chr	pos1	pos2	chr2	pos3	pos4	length	width	Mean	maxpixel	pvalue	Stripiness
chr16	34575001	34595000	chr16	34575001	36340000	1765000	20000	71.70579268292683	95.0%	0.001	1793.2188178630677
chr16	34575001	34600000	chr16	33515001	34600000	1085000	25000	109.83260869565217	95.0%	0.001	131.1247732841605
chr20	31055001	31075000	chr20	29505001	31075000	1570000	20000	30.604464285714286	98.0%	0.002	60.741310249704725
chr2	90380001	90400000	chr2	89190001	90400000	1210000	20000	87.11052631578947	95.0%	0.001	50.988033488300175
chr20	31055001	31080000	chr20	31055001	31385000	330000	25000	126.08771929824562	99.0%	0.001	47.14674770601933
chr3	93450001	93485000	chr3	93450001	94490000	1040000	35000	35.36439790575916	95.0%	0.001	38.985342178108354
chr21	9245001	9260000	chr21	9245001	9370000	125000	15000	201.28	98.0%	0.001	38.3096769764692
chr1	219800001	219820000	chr1	218505001	219820000	1315000	20000	7.359315589353612	95.0%	0.003	22.591817441999023
chr10	42065001	42085000	chr10	42065001	42780000	715000	20000	27.795454545454547	95.0%	0.001	19.644331286343576
chr16	77225001	77245000	chr16	77225001	77670000	445000	20000	12.969101123595506	95.0%	0.035	17.441797317344783
chr13	108880001	108900000	chr13	108310001	108900000	590000	20000	10.11228813559322	96.0%	0.006500000000000001	17.395778477726445
chr8	64245001	64265000	chr8	63335001	64265000	930000	20000	8.55510752688172	95.0%	0.011	14.827099576159545
chr14	54325001	54345000	chr14	53855001	54345000	490000	20000	10.823979591836734	95.0%	0.006500000000000001	14.476977170949137
chr14	35395001	35425000	chr14	35125001	35425000	300000	30000	16.95	96.0%	0.0055	14.349748342221547
chr1	192475001	192495000	chr1	192475001	193040000	565000	20000	10.754424778761061	95.0%	0.012	12.811604522292887
chr9	21775001	21795000	chr9	21185001	21795000	610000	20000	10.12295081967213	97.0%	0.010499999999999999	12.610192868736842
chr12	65295001	65325000	chr12	65295001	66115000	820000	30000	7.409552845528456	95.0%	0.01	11.833890705282656
chr5	74635001	74655000	chr5	73890001	74655000	765000	20000	7.854575163398692	98.0%	0.009	11.53946834551831
chr17	65970001	65990000	chr17	65440001	65990000	550000	20000	9.745454545454546	95.0%	0.01	11.102930534560373
chr1	162050001	162075000	chr1	162050001	162395000	345000	25000	15.42608695652174	99.0%	0.005	10.803772850512496
chr22	36460001	36480000	chr22	36270001	36480000	210000	20000	18.50595238095238	96.0%	0.0225	10.674345407597473
chr6	83040001	83060000	chr6	82235001	83060000	825000	20000	7.933333333333334	95.0%	0.006	10.527962344144605
chr11	108635001	108655000	chr11	107910001	108655000	745000	20000	9.25503355704698	95.0%	0.005	10.27940990784331
chr2	44980001	45000000	chr2	44980001	45610000	630000	20000	13.876984126984127	98.0%	0.0185	10.06425136717174
chr11	4185001	4205000	chr11	4185001	4605000	420000	20000	17.610119047619047	98.0%	0.0185	9.825151601645377
chr9	115875001	115895000	chr9	115875001	116285000	410000	20000	12.670731707317072	95.0%	0.0295	9.650676671092281
chr5	17180001	17200000	chr5	16445001	17200000	755000	20000	8.213576158940397	96.0%	0.008	9.504914048522702
chr13	73690001	73715000	chr13	72785001	73715000	930000	25000	6.586021505376344	95.0%	0.0225	9.217798167952244
chr16	21550001	21575000	chr16	21060001	21575000	515000	25000	14.246464646464648	96.0%	0.01	9.214019464239257
chr9	22230001	22250000	chr9	21815001	22250000	435000	20000	12.028735632183908	96.0%	0.011	9.098837561253813
chr12	76025001	76045000	chr12	75480001	76045000	565000	20000	9.294247787610619	95.0%	0.006	9.07897403791225
chr3	4270001	4290000	chr3	3185001	4290000	1105000	20000	5.569004524886878	97.0%	0.008	9.013801768663342
chr1	172390001	172410000	chr1	171995001	172410000	415000	20000	14.993975903614459	97.0%	0.009	9.013039711336061
chr2	225670001	225690000	chr2	225670001	227115000	1445000	20000	5.267301038062284	96.0%	0.01	8.987145459269385
chr9	72580001	72600000	chr9	72275001	72600000	325000	20000	15.492307692307692	95.0%	0.012	8.953780652310378
chr1	218325001	218345000	chr1	218325001	219325000	1000000	20000	5.745	95.0%	0.02	8.765195696235942
chr2	69700001	69720000	chr2	69365001	69720000	355000	20000	23.309859154929576	96.0%	0.006	8.761784395815276
chr22	29025001	29045000	chr22	28845001	29045000	200000	20000	20.53125	98.0%	0.017	8.757388290071844
chr22	30095001	30120000	chr22	30095001	30395000	300000	25000	15.826666666666668	95.0%	0.0195	8.606014724328272
chr1	172710001	172730000	chr1	172415001	172730000	315000	20000	17.015873015873016	95.0%	0.006	8.535258043142555
chr9	83925001	83945000	chr9	83925001	84320000	395000	20000	12.33860759493671	95.0%	0.014	8.355619700662663
chr2	69715001	69735000	chr2	69715001	69905000	190000	20000	38.76315789473684	98.0%	0.002	8.30734241053226
chr15	97900001	97920000	chr15	97900001	98300000	400000	20000	14.484375	95.0%	0.0265	8.258410765555396
chr4	173010001	173030000	chr4	173010001	173425000	415000	20000	15.108433734939759	95.0%	0.014	8.216678786905744
chr9	87305001	87330000	chr9	86410001	87330000	920000	25000	6.360869565217391	95.0%	0.045	8.214490410708121
chr2	42085001	42110000	chr2	42085001	42365000	280000	25000	28.3	97.0%	0.0055	8.211624459443438
chr18	59985001	60010000	chr18	59985001	60630000	645000	25000	8.362790697674418	95.0%	0.019	8.195284804736369
chr8	100510001	100540000	chr8	100150001	100540000	390000	30000	15.967948717948717	96.0%	0.005	8.190986530882379
chrX	13475001	13495000	chrX	12910001	13495000	585000	20000	5.053418803418803	95.0%	0.026	8.093336636742722
chr16	13920001	13940000	chr16	13920001	14285000	365000	20000	13.76027397260274	95.0%	0.02	8.046546967233022
chr11	130430001	130450000	chr11	130430001	130900000	470000	20000	12.0	95.0%	0.033	7.969064399496491
chr8	17900001	17920000	chr8	17505001	17920000	415000	20000	15.036144578313253	95.0%	0.03	7.882947530274513
chr1	204485001	204505000	chr1	204360001	204505000	145000	20000	33.172413793103445	98.0%	0.003	7.880540027162339
chr1	200490001	200515000	chr1	199970001	200515000	545000	25000	10.695412844036698	97.0%	0.009	7.800136755288597
chrX	23885001	23905000	chrX	23695001	23905000	210000	20000	10.410714285714286	98.0%	0.0325	7.728890113099292
chr14	67935001	67955000	chr14	67935001	68840000	905000	20000	7.383977900552487	97.0%	0.037	7.706245517204494
chr1	68115001	68130000	chr1	68115001	68450000	335000	15000	17.766169154228855	96.0%	0.028	7.683481981520168
chr5	122185001	122205000	chr5	122185001	122505000	320000	20000	16.59375	97.0%	0.0095	7.671467992687209
chr10	55905001	55925000	chr10	55905001	56400000	495000	20000	13.44949494949495	96.0%	0.009	7.637524580179883
chr8	100810001	100840000	chr8	100545001	100840000	295000	30000	19.17514124293785	95.0%	0.007	7.587037232930988
chr1	64230001	64245000	chr1	63575001	64245000	670000	15000	9.106965174129353	98.0%	0.0305	7.580946435116297
chr5	34175001	34195000	chr5	34175001	34470000	295000	20000	30.29237288135593	99.0%	0.004	7.514574654260148
chr4	174350001	174370000	chr4	174350001	174725000	375000	20000	15.743333333333334	98.0%	0.015	7.473935728845856
chr21	38345001	38365000	chr21	38155001	38365000	210000	20000	22.208333333333332	97.0%	0.0315	7.442879550201282
chr21	17380001	17400000	chr21	17380001	17620000	240000	20000	17.557291666666668	96.0%	0.02	7.406532470634674
chr1	152000001	152035000	chr1	151850001	152035000	185000	35000	29.741312741312743	95.0%	0.001	7.283395633773701
chr2	38705001	38740000	chr2	38520001	38740000	220000	35000	35.43181818181818	97.0%	0.002	7.24201658277722
chr16	10955001	10975000	chr16	10955001	11740000	785000	20000	6.987261146496815	96.0%	0.023	7.187911747071215
chr2	37405001	37430000	chr2	37405001	37880000	475000	25000	20.01263157894737	98.0%	0.08	7.184504857070445
chr12	89535001	89560000	chr12	89535001	90945000	1410000	25000	5.330496453900709	95.0%	0.018	7.182493077607279
chr10	6390001	6410000	chr10	6020001	6410000	390000	20000	13.103896103896103	98.0%	0.007	7.02812406115883
chr4	20675001	20695000	chr4	20380001	20695000	315000	20000	16.333333333333332	96.0%	0.011	7.026193307544775
chr2	32760001	32780000	chr2	32760001	33440000	680000	20000	12.794117647058824	96.0%	0.017	7.026087345741451
chr2	54510001	54530000	chr2	54510001	54710000	200000	20000	35.90625	99.0%	0.006999999999999999	6.981717066329403
chr21	39120001	39140000	chr21	38725001	39140000	415000	20000	11.963855421686747	95.0%	0.02	6.973087675275061
chr11	27680001	27705000	chr11	27680001	29340000	1660000	25000	4.2373493975903616	95.0%	0.08	6.972278431218908
chr1	208230001	208255000	chr1	207980001	208255000	275000	25000	18.207272727272727	95.0%	0.012	6.956826156307886
chr9	74765001	74785000	chr9	74765001	75080000	315000	20000	16.11904761904762	97.0%	0.027	6.837142845422017
chr18	22545001	22565000	chr18	22150001	22565000	415000	20000	11.852409638554217	96.0%	0.011	6.788911643899546
chrX	57560001	57580000	chrX	57185001	57580000	395000	20000	7.310126582278481	95.0%	0.053	6.775891776802539
chr1	181135001	181170000	chr1	180875001	181170000	295000	35000	18.297820823244553	95.0%	0.006	6.760930824592238
chr10	110305001	110330000	chr10	110305001	110750000	445000	25000	13.606741573033707	96.0%	0.035	6.751364108216945
chr17	61415001	61435000	chr17	61415001	61590000	175000	20000	26.214285714285715	96.0%	0.006	6.7421015698489075
chr2	55160001	55180000	chr2	54700001	55180000	480000	20000	18.559895833333332	95.0%	0.007	6.710180598446625
chr5	55675001	55695000	chr5	55330001	55695000	365000	20000	14.722602739726028	98.0%	0.016	6.706149292538959
chr16	86560001	86580000	chr16	86560001	87080000	520000	20000	8.478365384615385	96.0%	0.034	6.6920869500801565
chr9	112055001	112075000	chr9	111770001	112075000	305000	20000	17.397540983606557	97.0%	0.018	6.641782841909712
chr20	13085001	13110000	chr20	12930001	13110000	180000	25000	26.26111111111111	97.0%	0.004	6.640914653645252
chr9	70580001	70615000	chr9	70250001	70615000	365000	35000	15.119373776908024	96.0%	0.019	6.623532574312009
chr21	36135001	36155000	chr21	36135001	36445000	310000	20000	14.012096774193548	95.0%	0.0135	6.617661644502373
chr2	149550001	149570000	chr2	149000001	149570000	570000	20000	9.666666666666666	97.0%	0.0135	6.597332899103603
chr17	66150001	66170000	chr17	65220001	66170000	950000	20000	5.753947368421053	96.0%	0.0415	6.573588675335635
chr7	16550001	16570000	chr7	16070001	16570000	500000	20000	11.91	98.0%	0.025	6.571392588226671
chr10	120930001	120955000	chr10	120930001	121745000	815000	25000	6.758282208588957	95.0%	0.035	6.52063364647585
chr21	42805001	42825000	chr21	42580001	42825000	245000	20000	19.010204081632654	96.0%	0.012	6.440074551616522
chr10	59620001	59640000	chr10	59620001	60095000	475000	20000	12.15	95.0%	0.028	6.43650410418712
chr15	100615001	100640000	chr15	100615001	101015000	400000	25000	13.4575	97.0%	0.0505	6.423689266910503
chr2	64025001	64055000	chr2	64025001	64560000	535000	30000	15.730529595015575	97.0%	0.008	6.393774896125193
chr16	32805001	32840000	chr16	32315001	32840000	525000	35000	10.542857142857143	95.0%	0.017	6.3873879529020625
chr20	22330001	22350000	chr20	22330001	22690000	360000	20000	13.847222222222221	95.0%	0.028	6.3584127032552065
chr2	39905001	39925000	chr2	39905001	40820000	915000	20000	10.41120218579235	96.0%	0.046	6.30775846661328
chr17	72095001	72115000	chr17	71070001	72115000	1045000	20000	6.116028708133971	95.0%	0.051	6.2764158630176645
chr9	120745001	120765000	chr9	120745001	121070000	325000	20000	16.523076923076925	97.0%	0.018	6.275110658422828
chr6	85345001	85365000	chr6	85345001	85550000	205000	20000	23.603658536585368	99.0%	0.005	6.267609248062332
chrX	103525001	103545000	chrX	103525001	103825000	300000	20000	9.645833333333334	96.0%	0.046	6.247675575717923
chr17	970001	995000	chr17	670001	995000	325000	25000	13.440000000000001	95.0%	0.016	6.24176617231971
chr2	147900001	147920000	chr2	147035001	147920000	885000	20000	6.888418079096045	98.0%	0.018	6.218519617211206
chr21	36910001	36935000	chr21	36620001	36935000	315000	25000	14.196825396825398	95.0%	0.02	6.213694118211004
chr3	189260001	189280000	chr3	189260001	189730000	470000	20000	12.361702127659575	98.0%	0.009	6.20180043920165
chr7	95905001	95925000	chr7	95905001	97100000	1195000	20000	5.407949790794979	96.0%	0.059	6.163683388355622
chr12	12365001	12395000	chr12	12365001	12710000	345000	30000	16.553140096618357	95.0%	0.014	6.1405096151515774
chr16	55685001	55705000	chr16	55445001	55705000	260000	20000	18.91826923076923	95.0%	0.0115	6.135145081636548
chr12	99375001	99395000	chr12	99375001	99775000	400000	20000	14.64375	96.0%	0.03	6.096956833982278
chr16	86510001	86530000	chr16	86005001	86530000	525000	20000	8.5	95.0%	0.021	6.081139274414297
chr5	141030001	141055000	chr5	140805001	141055000	250000	25000	20.747999999999998	99.0%	0.0125	6.074081312408604
chrX	38160001	38185000	chrX	37500001	38185000	685000	25000	4.759124087591241	95.0%	0.08	6.0730602799014095
chr8	101305001	101340000	chr8	101305001	102275000	970000	35000	6.394698085419734	95.0%	0.019	6.071474919378124
chr3	153015001	153040000	chr3	153015001	154025000	1010000	25000	6.1198019801980195	97.0%	0.017	6.03942579091396
chr3	194305001	194325000	chr3	193660001	194325000	665000	20000	8.723684210526315	96.0%	0.012	6.033921812627644
chr14	70800001	70820000	chr14	70605001	70820000	215000	20000	21.186046511627907	98.0%	0.011	6.013938678600038
chr1	235070001	235090000	chr1	234495001	235090000	595000	20000	8.926470588235293	95.0%	0.013	6.010226933968395
chr9	109560001	109585000	chr9	109560001	109905000	345000	25000	15.953623188405796	96.0%	0.02	6.008868904977064
chr11	9495001	9515000	chr11	8895001	9515000	620000	20000	12.471774193548388	95.0%	0.028499999999999998	6.006737624916089
chr1	240725001	240750000	chr1	240725001	240955000	230000	25000	21.434782608695652	99.0%	0.006	5.975099078223848
chr5	126335001	126355000	chr5	126335001	126650000	315000	20000	17.273809523809526	97.0%	0.007	5.95972048722782
chr1	147875001	147905000	chr1	147445001	147905000	460000	30000	11.442028985507248	96.0%	0.012	5.921094412970959
chr1	182385001	182405000	chr1	182070001	182405000	335000	20000	14.585820895522389	96.0%	0.046	5.9192704882003975
chr15	50870001	50890000	chr15	50510001	50890000	380000	20000	13.161184210526315	97.0%	0.025	5.908740016275948
chr12	105410001	105430000	chr12	105410001	106230000	820000	20000	7.4435975609756095	95.0%	0.0445	5.905576265205095
chr17	55520001	55540000	chr17	55520001	55830000	310000	20000	15.806451612903226	97.0%	0.020999999999999998	5.901925620906189
chr4	74120001	74140000	chr4	73655001	74140000	485000	20000	12.768041237113403	97.0%	0.01	5.898528342158885
chr3	12465001	12485000	chr3	12125001	12485000	360000	20000	15.229166666666666	97.0%	0.0125	5.894350869857675
chr4	159425001	159450000	chr4	159185001	159450000	265000	25000	19.928301886792454	99.0%	0.008	5.864823303306446
chr2	64860001	64880000	chr2	64495001	64880000	385000	20000	20.964285714285715	96.0%	0.031	5.858331896614694
chr3	159240001	159260000	chr3	158795001	159260000	465000	20000	14.814516129032258	97.0%	0.007	5.798308841690692
chr7	106170001	106195000	chr7	106170001	106790000	620000	25000	9.974193548387095	97.0%	0.0165	5.779281231360218
chr10	54685001	54705000	chr10	53965001	54705000	740000	20000	11.743243243243244	96.0%	0.012	5.76894211843963
chr1	94780001	94800000	chr1	94545001	94800000	255000	20000	21.44607843137255	97.0%	0.033	5.752811580386761
chr1	227430001	227455000	chr1	226835001	227455000	620000	25000	8.691935483870967	96.0%	0.011	5.732214982573662
chr16	81715001	81740000	chr16	81195001	81740000	545000	25000	9.16697247706422	96.0%	0.054	5.731972721226813
chr13	102570001	102590000	chr13	102570001	102915000	345000	20000	15.155797101449275	97.0%	0.026	5.727316109255483
chr1	115125001	115145000	chr1	115125001	115600000	475000	20000	11.226315789473684	96.0%	0.03	5.709980490808214
chr1	78130001	78150000	chr1	78130001	78675000	545000	20000	9.51834862385321	96.0%	0.043	5.698525812498658
chr14	60615001	60635000	chr14	60615001	61265000	650000	20000	8.584615384615384	95.0%	0.07050000000000001	5.688488980528509
chr10	84520001	84540000	chr10	84360001	84540000	180000	20000	27.625	97.0%	0.002	5.676093229605865
chr18	54680001	54700000	chr18	54680001	54990000	310000	20000	16.737903225806452	98.0%	0.0275	5.6685432611781446
chr8	95235001	95260000	chr8	94815001	95260000	445000	25000	13.287640449438204	95.0%	0.011	5.666216001750255
chr1	185660001	185695000	chr1	185000001	185695000	695000	35000	8.87153134635149	95.0%	0.033	5.654012619510078
chr6	138115001	138135000	chr6	138115001	138600000	485000	20000	12.70360824742268	97.0%	0.016	5.64536698819654
chr16	23420001	23440000	chr16	23080001	23440000	360000	20000	11.98611111111111	96.0%	0.0235	5.634438521244777
chr15	44575001	44600000	chr15	44575001	44795000	220000	25000	22.48181818181818	97.0%	0.018000000000000002	5.63147860152811
chr1	85300001	85320000	chr1	85300001	85895000	595000	20000	10.258403361344538	97.0%	0.018	5.605204226069723
chr15	38660001	38690000	chr15	38410001	38690000	280000	30000	18.44047619047619	96.0%	0.0375	5.604415555556192
chr10	54685001	54705000	chr10	54685001	55130000	445000	20000	19.441011235955056	96.0%	0.019	5.5994766545241355
chr2	54100001	54120000	chr2	54100001	55225000	1125000	20000	7.826666666666667	95.0%	0.017	5.589413436061397
chr14	61825001	61845000	chr14	61435001	61845000	410000	20000	11.975609756097562	95.0%	0.03	5.588143030052989
chr3	160925001	160945000	chr3	160565001	160945000	380000	20000	15.4375	96.0%	0.010499999999999999	5.579960047506059
chr6	45700001	45720000	chr6	45410001	45720000	310000	20000	16.875	98.0%	0.008	5.571569056516299
chr14	53525001	53550000	chr14	53525001	54205000	680000	25000	8.051470588235293	97.0%	0.057999999999999996	5.567503847255581
chr12	63830001	63850000	chr12	63830001	64270000	440000	20000	11.994318181818182	96.0%	0.0325	5.5635095731807365
chr12	12015001	12040000	chr12	11505001	12040000	535000	25000	10.753271028037384	95.0%	0.034	5.560228250082522
chr11	128155001	128175000	chr11	128155001	128845000	690000	20000	8.73731884057971	98.0%	0.024	5.524939182979765
chr9	114640001	114660000	chr9	114395001	114660000	265000	20000	18.69811320754717	97.0%	0.011	5.518554341440893
chr16	77670001	77690000	chr16	77670001	78095000	425000	20000	12.55	95.0%	0.047	5.5056939771095745
chr1	92845001	92875000	chr1	92845001	93065000	220000	30000	23.212121212121215	97.0%	0.0095	5.499289283198851
chr12	88975001	89000000	chr12	88110001	89000000	890000	25000	7.307865168539325	98.0%	0.014	5.485446595265057
chr15	71715001	71740000	chr15	71445001	71740000	295000	25000	17.142372881355932	95.0%	0.013	5.467708050322755
chr1	107730001	107760000	chr1	107265001	107760000	495000	30000	10.867003367003369	96.0%	0.019	5.447085920130065
chr11	34915001	34935000	chr11	34915001	35415000	500000	20000	11.0625	97.0%	0.024	5.435720034766141
chr11	4055001	4075000	chr11	3445001	4075000	630000	20000	14.396825396825397	97.0%	0.012	5.433835024803121
chr20	5530001	5565000	chr20	5530001	6085000	555000	35000	10.283140283140284	96.0%	0.028	5.39380448061589
chr1	109770001	109790000	chr1	109770001	110025000	255000	20000	18.21078431372549	96.0%	0.027	5.377612730236013
chr20	50980001	51000000	chr20	50980001	51630000	650000	20000	7.8403846153846155	96.0%	0.028	5.368681816320255
chr9	21805001	21830000	chr9	21805001	22245000	440000	25000	12.127272727272727	96.0%	0.0125	5.291011162668325
chr12	91370001	91390000	chr12	91370001	92450000	1080000	20000	5.980324074074074	96.0%	0.0215	5.266839818926923
chr12	90965001	90985000	chr12	90965001	91365000	400000	20000	13.66875	97.0%	0.0315	5.263643782597173
chr6	83505001	83525000	chr6	83065001	83525000	460000	20000	13.741847826086957	96.0%	0.0085	5.258326218897159
chr12	22435001	22455000	chr12	22045001	22455000	410000	20000	12.15548780487805	98.0%	0.014499999999999999	5.250657918965531
chr3	183375001	183395000	chr3	183110001	183395000	285000	20000	18.93859649122807	98.0%	0.032	5.238881080054412
chr6	115965001	115990000	chr6	115965001	116275000	310000	25000	23.351612903225806	98.0%	0.012	5.228722704315643
chr16	74300001	74320000	chr16	74300001	74710000	410000	20000	11.75609756097561	96.0%	0.033	5.2189761418568645
chr16	48680001	48700000	chr16	48680001	49405000	725000	20000	7.651724137931034	96.0%	0.067	5.210467038966105
chr21	28730001	28755000	chr21	27665001	28755000	1090000	25000	5.302752293577981	95.0%	0.07300000000000001	5.197547577434187
chr13	97335001	97360000	chr13	97000001	97360000	360000	25000	15.194444444444446	95.0%	0.014499999999999999	5.189448854934007
chr7	108170001	108190000	chr7	108170001	108500000	330000	20000	15.886363636363637	98.0%	0.034	5.167606639475203
chr3	66800001	66825000	chr3	66245001	66825000	580000	25000	9.739655172413794	97.0%	0.026000000000000002	5.161357730881937
chr1	183890001	183925000	chr1	183630001	183925000	295000	35000	19.0363196125908	95.0%	0.021	5.14617202234392
chr3	155310001	155335000	chr3	154705001	155335000	630000	25000	9.473015873015873	96.0%	0.0125	5.1251340650536985
chr7	82030001	82050000	chr7	82030001	82615000	585000	20000	8.7008547008547	95.0%	0.033	5.104646417026982
chr21	29080001	29100000	chr21	29080001	29500000	420000	20000	12.24702380952381	95.0%	0.092	5.075383641183593
chr15	62775001	62795000	chr15	62775001	63100000	325000	20000	15.257692307692308	98.0%	0.025	5.067945166677113
chr20	37525001	37545000	chr20	37185001	37545000	360000	20000	12.336805555555555	95.0%	0.0125	5.041455281709469
chr1	160000001	160020000	chr1	159780001	160020000	240000	20000	22.036458333333332	96.0%	0.0125	5.027747886513236
chr15	80955001	80980000	chr15	80550001	80980000	430000	25000	11.046511627906977	95.0%	0.033	5.024972512097783
chr7	22540001	22560000	chr7	22540001	23075000	535000	20000	10.934579439252337	95.0%	0.019	5.01643264428701
chr4	169795001	169815000	chr4	169795001	170090000	295000	20000	19.139830508474578	99.0%	0.033	5.008383175803582
chr3	189930001	189950000	chr3	189145001	189950000	805000	20000	7.608695652173913	95.0%	0.032	5.006956757749611
chr9	32370001	32390000	chr9	32370001	32585000	215000	20000	21.517441860465116	99.0%	0.054	5.0018731064806925
chr11	10995001	11025000	chr11	10765001	11025000	260000	30000	20.865384615384617	96.0%	0.010499999999999999	4.977414428767766
chr15	32650001	32675000	chr15	32650001	32995000	345000	25000	14.652173913043478	95.0%	0.037	4.961489361504871
chr1	84105001	84125000	chr1	83895001	84125000	230000	20000	21.244565217391305	96.0%	0.0315	4.958855004434719
chr4	74665001	74685000	chr4	74170001	74685000	515000	20000	11.024271844660195	97.0%	0.015	4.94673221218253
chr14	67160001	67180000	chr14	67160001	67350000	190000	20000	23.95394736842105	98.0%	0.0095	4.9284377570091165
chr6	131920001	131945000	chr6	131920001	132295000	375000	25000	14.677333333333333	99.0%	0.038	4.9228854868057885
chr14	59420001	59445000	chr14	59020001	59445000	425000	25000	13.03294117647059	98.0%	0.032	4.901732450914838
chr15	69050001	69070000	chr15	69050001	69465000	415000	20000	12.183734939759036	96.0%	0.044	4.9000108554071735
chr5	34175001	34195000	chr5	33395001	34195000	800000	20000	11.6953125	95.0%	0.008	4.880705183224151
chr9	121205001	121230000	chr9	121205001	121410000	205000	25000	24.526829268292683	97.0%	0.022	4.874477952575425
chr8	18905001	18925000	chr8	18905001	19415000	510000	20000	10.473039215686274	96.0%	0.015	4.868068228151516
chr10	95585001	95605000	chr10	95360001	95605000	245000	20000	20.316326530612244	98.0%	0.015	4.865072586956773
chr20	18260001	18280000	chr20	17995001	18280000	285000	20000	16.214912280701753	98.0%	0.015	4.862978678112324
chr7	85000001	85020000	chr7	83915001	85020000	1105000	20000	5.900452488687783	96.0%	0.017	4.862913332937654
chr4	157990001	158005000	chr4	157990001	158260000	270000	15000	18.987654320987655	98.0%	0.018500000000000003	4.862452943102748
chr20	50175001	50195000	chr20	50175001	50590000	415000	20000	10.783132530120483	95.0%	0.029	4.85295190788535
chr5	151635001	151655000	chr5	151435001	151655000	220000	20000	22.863636363636363	98.0%	0.007	4.852458837224507
chr1	8300001	8320000	chr1	7970001	8320000	350000	20000	15.367857142857142	98.0%	0.019000000000000003	4.829600159915823
chr2	199975001	199995000	chr2	199975001	200585000	610000	20000	10.450819672131148	95.0%	0.058499999999999996	4.81671128657538
chr8	125110001	125130000	chr8	125110001	125705000	595000	20000	9.027310924369749	95.0%	0.042	4.810917279699753
chr10	117160001	117180000	chr10	116620001	117180000	560000	20000	9.372767857142858	96.0%	0.028	4.805157886502271
chr5	57285001	57305000	chr5	57285001	57885000	600000	20000	8.31875	95.0%	0.0175	4.798475814158874
chr7	143720001	143740000	chr7	143720001	144175000	455000	20000	5.912087912087912	95.0%	0.01	4.79181674693687
chr5	58490001	58515000	chr5	58490001	58855000	365000	25000	14.049315068493149	98.0%	0.014	4.785190776034553
chrX	154590001	154610000	chrX	154590001	154860000	270000	20000	7.384615384615385	95.0%	0.064	4.77657789270023
chr11	34575001	34595000	chr11	34575001	34905000	330000	20000	16.602272727272727	98.0%	0.027	4.762155020315185
chr12	62775001	62795000	chr12	62440001	62795000	355000	20000	15.742957746478874	97.0%	0.012	4.7570080098697565
chr5	95650001	95670000	chr5	95650001	95790000	140000	20000	35.830357142857146	99.0%	0.0025	4.756741512325627
chr11	10710001	10740000	chr11	10320001	10740000	420000	30000	13.678571428571429	96.0%	0.0175	4.745786341185516
chr11	8545001	8575000	chr11	8180001	8575000	395000	30000	18.474683544303797	96.0%	0.027	4.74438618030095
chr9	113645001	113665000	chr9	113265001	113665000	400000	20000	13.00625	97.0%	0.019	4.741253517495966
chr15	64040001	64070000	chr15	63785001	64070000	285000	30000	15.93859649122807	97.0%	0.032	4.728152548884741
chr15	99055001	99085000	chr15	98425001	99085000	660000	30000	7.675505050505051	95.0%	0.059	4.722480633637642
chr8	23460001	23480000	chr8	23460001	23745000	285000	20000	18.105263157894736	98.0%	0.013	4.695342013190331
chr12	31650001	31685000	chr12	31650001	32700000	1050000	35000	5.6000000000000005	97.0%	0.0335	4.67440892128012
chr7	105750001	105770000	chr7	105750001	106050000	300000	20000	17.520833333333332	95.0%	0.0175	4.665829323568388
chr6	32465001	32485000	chr6	32465001	32590000	125000	20000	35.822916666666664	99.0%	0.001	4.637980993843222
chr1	26595001	26615000	chr1	26595001	26885000	290000	20000	17.112068965517242	95.0%	0.0235	4.590805196895957
chr6	72400001	72420000	chr6	72400001	73335000	935000	20000	6.847593582887701	95.0%	0.064	4.582652974032586
chr11	12315001	12335000	chr11	12315001	13205000	890000	20000	6.73314606741573	96.0%	0.025	4.580468462886452
chr2	65555001	65575000	chr2	64875001	65575000	700000	20000	11.978571428571428	96.0%	0.016	4.5587682669692695
chr11	100675001	100695000	chr11	100675001	100860000	185000	20000	25.277027027027028	98.0%	0.01	4.551269707270687
chr11	86445001	86465000	chr11	86445001	86925000	480000	20000	12.708333333333334	97.0%	0.009	4.547490648778582
chrX	118840001	118860000	chrX	118840001	119215000	375000	20000	7.26	95.0%	0.078	4.5456587508725494
chr3	154240001	154260000	chr3	153955001	154260000	305000	20000	18.85655737704918	96.0%	0.013	4.530795874941201
chr8	66595001	66615000	chr8	66445001	66615000	170000	20000	25.764705882352942	99.0%	0.004	4.519450562247482
chr9	109805001	109825000	chr9	109565001	109825000	260000	20000	19.889423076923077	96.0%	0.031	4.500158261847358
chr15	51370001	51395000	chr15	51145001	51395000	250000	25000	18.956	96.0%	0.0165	4.497858151380105
chr11	95830001	95850000	chr11	95830001	96435000	605000	20000	9.979338842975206	96.0%	0.024	4.486066185502146
chr21	42105001	42125000	chr21	41760001	42125000	365000	20000	11.376712328767123	95.0%	0.027	4.485133558908875
chr10	84250001	84270000	chr10	84250001	84555000	305000	20000	15.37704918032787	96.0%	0.01	4.484138988855903
chr2	46440001	46460000	chr2	45990001	46460000	470000	20000	18.295212765957448	98.0%	0.023	4.474564302245728
chr2	68455001	68485000	chr2	68455001	68930000	475000	30000	15.566666666666668	95.0%	0.02	4.453362256155859
chr17	19505001	19525000	chr17	19505001	19775000	270000	20000	16.22222222222222	97.0%	0.020499999999999997	4.445606025533864
chr1	110190001	110210000	chr1	110190001	110505000	315000	20000	15.055555555555555	98.0%	0.02	4.435520176951664
chr17	48335001	48355000	chr17	48335001	48605000	270000	20000	19.01851851851852	95.0%	0.015	4.434863348052066
chr10	24495001	24515000	chr10	24355001	24515000	160000	20000	28.296875	99.0%	0.006	4.425456037053616
chr9	112080001	112105000	chr9	112080001	112825000	745000	25000	7.565100671140939	98.0%	0.019	4.411410859196403
chr6	157305001	157325000	chr6	157305001	157795000	490000	20000	14.346938775510203	97.0%	0.01	4.4079182749449375
chr7	55235001	55260000	chr7	54760001	55260000	500000	25000	10.744	95.0%	0.018500000000000003	4.398073878186482
chr15	67290001	67310000	chr15	66895001	67310000	415000	20000	12.617469879518072	95.0%	0.044	4.396803660699724
chr5	135180001	135200000	chr5	134910001	135200000	290000	20000	18.004310344827587	97.0%	0.012	4.379936271130795
chr8	27850001	27870000	chr8	27850001	28075000	225000	20000	19.33888888888889	98.0%	0.027	4.379347163660487
chr14	100640001	100660000	chr14	100375001	100660000	285000	20000	14.93421052631579	98.0%	0.034	4.376915948141395
chr17	71465001	71495000	chr17	71465001	72035000	570000	30000	9.369883040935672	95.0%	0.06	4.370563034441009
chr8	74330001	74350000	chr8	74070001	74350000	280000	20000	18.3125	98.0%	0.031	4.347698055933728
chr20	46750001	46770000	chr20	46750001	47195000	445000	20000	11.32865168539326	97.0%	0.098	4.347437056634872
chr9	115505001	115525000	chr9	115010001	115525000	515000	20000	11.021844660194175	98.0%	0.044	4.344134748887531
chr12	115370001	115405000	chr12	114610001	115405000	795000	35000	7.244384546271339	97.0%	0.055	4.339185466574222
chr15	71420001	71440000	chr15	71100001	71440000	340000	20000	14.297794117647058	95.0%	0.028999999999999998	4.336345564515304
chr18	46270001	46290000	chr18	46270001	46555000	285000	20000	16.75	96.0%	0.014	4.332632968405539
chr9	97705001	97725000	chr9	97705001	97995000	290000	20000	17.40948275862069	98.0%	0.0295	4.329176816068332
chr21	38490001	38515000	chr21	38490001	39170000	680000	25000	7.517647058823529	95.0%	0.0895	4.297406997069347
chr10	114690001	114710000	chr10	114455001	114710000	255000	20000	18.857843137254903	95.0%	0.016	4.297145861485049
chr15	101630001	101650000	chr15	101275001	101650000	375000	20000	12.246666666666666	95.0%	0.026	4.296399079726441
chr22	22940001	22960000	chr22	22765001	22960000	195000	20000	19.96794871794872	95.0%	0.049	4.289513572847182
chr21	43185001	43205000	chr21	43185001	43705000	520000	20000	10.29109589041096	95.0%	0.0485	4.289178117322553
chr6	137630001	137650000	chr6	137060001	137650000	590000	20000	9.853813559322035	97.0%	0.020499999999999997	4.285825549352079
chr3	30770001	30795000	chr3	30770001	31720000	950000	25000	6.809473684210526	97.0%	0.025	4.283382961886675
chr7	121540001	121560000	chr7	121105001	121560000	455000	20000	11.928571428571429	95.0%	0.024	4.283033346076315
chr2	47305001	47325000	chr2	46880001	47325000	445000	20000	18.474719101123597	97.0%	0.038	4.269491263265169
chr15	92085001	92110000	chr15	92085001	92725000	640000	25000	8.0578125	95.0%	0.0375	4.258368511103701
chr15	81245001	81265000	chr15	81090001	81265000	175000	20000	24.571428571428573	98.0%	0.024	4.2456320810103145
chr16	58470001	58490000	chr16	58285001	58490000	205000	20000	22.628048780487806	97.0%	0.031	4.219795558421479
chr11	61170001	61190000	chr11	60760001	61190000	430000	20000	12.180232558139535	96.0%	0.011	4.208307586556636
chr20	8700001	8725000	chr20	7920001	8725000	805000	25000	6.883229813664596	97.0%	0.059	4.20540934883982
chr11	94610001	94630000	chr11	94610001	95015000	405000	20000	13.484567901234568	95.0%	0.032	4.199917780009357
chr3	46355001	46385000	chr3	45860001	46385000	525000	30000	11.728571428571428	95.0%	0.017	4.198673793937201
chr8	80970001	81000000	chr8	80585001	81000000	415000	30000	13.353413654618473	95.0%	0.017	4.1961983935892295
chr1	18585001	18605000	chr1	18585001	18880000	295000	20000	15.423728813559322	97.0%	0.013	4.19453957135273
chr7	103040001	103065000	chr7	102750001	103065000	315000	25000	16.933333333333334	95.0%	0.022	4.184984708320297
chr1	67745001	67770000	chr1	67520001	67770000	250000	25000	20.348	95.0%	0.0215	4.182108547897631
chr18	8970001	8990000	chr18	8640001	8990000	350000	20000	15.278571428571428	97.0%	0.015	4.156764632930441
chr7	97825001	97845000	chr7	97095001	97845000	750000	20000	7.303333333333334	98.0%	0.031	4.154691040040288
chr7	81445001	81465000	chr7	80685001	81465000	780000	20000	7.589743589743589	95.0%	0.0395	4.14628304322072
chr11	4620001	4645000	chr11	4620001	5205000	585000	25000	13.42051282051282	96.0%	0.046	4.141329123764264
chr7	95670001	95695000	chr7	95180001	95695000	515000	25000	11.09126213592233	95.0%	0.037	4.139729324369646
chr19	37885001	37910000	chr19	37885001	38240000	355000	25000	12.084507042253522	95.0%	0.028	4.135693507085081
chr7	92605001	92625000	chr7	92605001	93065000	460000	20000	12.048913043478262	95.0%	0.0225	4.133451701112765
chr6	143570001	143595000	chr6	143570001	144025000	455000	25000	12.795604395604396	97.0%	0.035	4.12642475113935
chr19	46270001	46290000	chr19	46270001	46525000	255000	20000	15.941176470588236	95.0%	0.025	4.119433208020323
chr4	119280001	119300000	chr4	118970001	119300000	330000	20000	15.867424242424242	97.0%	0.011	4.102536322695586
chr18	6535001	6560000	chr18	6535001	6890000	355000	25000	13.929577464788732	98.0%	0.041	4.081072855550863
chr15	41165001	41195000	chr15	40905001	41195000	290000	30000	16.17528735632184	96.0%	0.0455	4.080804742947301
chr6	52405001	52425000	chr6	52405001	52675000	270000	20000	18.03240740740741	96.0%	0.018500000000000003	4.077349592141307
chr10	112425001	112445000	chr10	112115001	112445000	330000	20000	16.041666666666668	97.0%	0.016	4.072385443274904
chr9	3730001	3750000	chr9	3730001	4370000	640000	20000	9.330078125	96.0%	0.0315	4.071505744143357
chr6	111705001	111725000	chr6	111705001	112045000	340000	20000	17.047794117647058	98.0%	0.035	4.065011111063703
chr6	47080001	47110000	chr6	47080001	47355000	275000	30000	19.793939393939393	97.0%	0.028	4.063657284634399
chr9	105405001	105420000	chr9	104785001	105420000	635000	15000	8.910761154855644	97.0%	0.031	4.058448532977428
chr1	13225001	13245000	chr1	12690001	13245000	555000	20000	9.774193548387096	96.0%	0.028	4.054879197946981
chr6	137705001	137725000	chr6	137705001	137980000	275000	20000	21.75	99.0%	0.011	4.0487510895487295
chr14	96260001	96285000	chr14	95990001	96285000	295000	25000	16.335593220338986	95.0%	0.026	4.048360130524421
chr3	159610001	159630000	chr3	159610001	159815000	205000	20000	24.091463414634145	97.0%	0.012	4.048253044352464
chr2	98825001	98845000	chr2	98610001	98845000	235000	20000	21.22872340425532	98.0%	0.022	4.045679678550583
chr1	21180001	21200000	chr1	20640001	21200000	560000	20000	9.345982142857142	95.0%	0.029	4.035655390754442
chr1	224510001	224530000	chr1	224510001	224925000	415000	20000	13.536144578313253	95.0%	0.032	4.0291316210376555
chr9	12705001	12725000	chr9	12705001	13105000	400000	20000	13.359375	95.0%	0.026000000000000002	4.022564341122952
chr1	203860001	203880000	chr1	203860001	204150000	290000	20000	17.073275862068964	97.0%	0.048	4.01454722600706
chr2	70330001	70350000	chr2	70330001	70645000	315000	20000	24.285714285714285	98.0%	0.031	4.013127152841872
chr6	124860001	124880000	chr6	124860001	125350000	490000	20000	11.16326530612245	96.0%	0.026500000000000003	4.013011353792981
chr3	64020001	64040000	chr3	64020001	64490000	470000	20000	11.47340425531915	95.0%	0.0275	4.012391513176947
chr4	186930001	186950000	chr4	186650001	186950000	300000	20000	15.354166666666666	96.0%	0.006	4.00983244372609
chr9	114290001	114310000	chr9	113670001	114310000	640000	20000	8.005859375	95.0%	0.0265	4.008766844585432
chr15	60910001	60935000	chr15	60330001	60935000	605000	25000	9.09090909090909	95.0%	0.047	3.978278385549842
chr11	94495001	94515000	chr11	93870001	94515000	645000	20000	8.753875968992247	95.0%	0.032	3.9755051734987403
chr11	86795001	86815000	chr11	86495001	86815000	320000	20000	16.23046875	98.0%	0.0095	3.971555934024499
chr16	21065001	21095000	chr16	20785001	21095000	310000	30000	15.446236559139784	98.0%	0.038	3.965820187057804
chr7	28910001	28930000	chr7	28910001	29420000	510000	20000	10.22549019607843	97.0%	0.0275	3.961091625015786
chr4	88195001	88220000	chr4	87875001	88220000	345000	25000	14.92463768115942	96.0%	0.031	3.9607627472600853
chr19	42785001	42810000	chr19	42785001	42930000	145000	25000	21.89655172413793	98.0%	0.029	3.9537716163951524
chr13	100500001	100520000	chr13	99920001	100520000	600000	20000	9.277083333333334	95.0%	0.017	3.950772117332725
chr22	31940001	31965000	chr22	31620001	31965000	345000	25000	12.852173913043478	95.0%	0.059	3.9494050736877067
chr14	90895001	90915000	chr14	90895001	91295000	400000	20000	13.165625	95.0%	0.028999999999999998	3.94613597757455
chr3	36685001	36705000	chr3	36005001	36705000	700000	20000	8.760714285714286	95.0%	0.014	3.939942202795466
chr1	161365001	161385000	chr1	161175001	161385000	210000	20000	22.928571428571427	99.0%	0.025500000000000002	3.936672997531923
chr14	50755001	50785000	chr14	50535001	50785000	250000	30000	20.09	95.0%	0.08349999999999999	3.9316931408098994
chr3	63345001	63365000	chr3	63345001	64030000	685000	20000	8.66058394160584	95.0%	0.05	3.9293740175412957
chr1	47700001	47720000	chr1	47385001	47720000	335000	20000	15.507462686567164	97.0%	0.014	3.9221491411730187
chr8	94070001	94090000	chr8	94070001	94365000	295000	20000	18.79237288135593	98.0%	0.014	3.917355201763263
chr10	34650001	34670000	chr10	34650001	35115000	465000	20000	10.798387096774194	97.0%	0.018	3.9095738796290442
chr1	94320001	94335000	chr1	94015001	94335000	320000	15000	16.75	98.0%	0.026500000000000003	3.9026217549424986
chr11	11770001	11790000	chr11	10760001	11790000	1030000	20000	6.435679611650485	95.0%	0.066	3.895036297145533
chr9	20350001	20370000	chr9	20350001	20950000	600000	20000	9.59375	97.0%	0.034	3.8919388509448747
chr5	91390001	91425000	chr5	90795001	91425000	630000	35000	9.806122448979592	96.0%	0.01	3.8848605025790715
chr2	64315001	64345000	chr2	64315001	64650000	335000	30000	23.81592039800995	96.0%	0.009	3.8843989988960677
chr7	86885001	86910000	chr7	86470001	86910000	440000	25000	12.172727272727274	97.0%	0.0195	3.872954569098477
chr7	86925001	86945000	chr7	86925001	87270000	345000	20000	14.702898550724637	95.0%	0.027	3.871890227614977
chr3	69680001	69710000	chr3	69680001	69950000	270000	30000	20.367283950617285	97.0%	0.0115	3.867654460005571
chr9	69040001	69060000	chr9	69040001	69360000	320000	20000	15.640625	96.0%	0.0175	3.855774305374378
chr17	49015001	49035000	chr17	48875001	49035000	160000	20000	26.3515625	98.0%	0.0135	3.8554449185750617
chr1	46715001	46740000	chr1	46425001	46740000	315000	25000	15.098412698412698	96.0%	0.014	3.8490600055039934
chr5	58450001	58470000	chr5	57295001	58470000	1175000	20000	5.139957264957265	96.0%	0.082	3.841572745486429
chr4	77580001	77615000	chr4	77360001	77615000	255000	35000	21.714285714285715	97.0%	0.011	3.840466646782122
chr4	76510001	76535000	chr4	76510001	76745000	235000	25000	23.174468085106383	98.0%	0.016	3.8352039633048376
chr15	57845001	57865000	chr15	57615001	57865000	250000	20000	19.78	95.0%	0.027	3.815980227254763
chr13	74275001	74295000	chr13	73720001	74295000	575000	20000	9.956521739130435	95.0%	0.044	3.8124289045739492
chr14	68250001	68265000	chr14	68250001	68825000	575000	15000	10.446376811594202	97.0%	0.027	3.809420442211001
chr5	134275001	134295000	chr5	134030001	134295000	265000	20000	20.02358490566038	95.0%	0.015	3.806159040331067
chr9	90910001	90930000	chr9	90910001	91660000	750000	20000	7.416666666666667	95.0%	0.041	3.80338619363482
chr16	75750001	75770000	chr16	75390001	75770000	380000	20000	11.776315789473685	95.0%	0.025500000000000002	3.7992880854983135
chr8	93950001	93970000	chr8	93675001	93970000	295000	20000	18.088983050847457	97.0%	0.008	3.792598982428862
chr8	6415001	6435000	chr8	6415001	6795000	380000	20000	13.654605263157896	96.0%	0.0315	3.789742278941061
chr14	68225001	68245000	chr14	67935001	68245000	310000	20000	16.907258064516128	96.0%	0.0315	3.780109954313257
chr5	159975001	159995000	chr5	159270001	159995000	725000	20000	8.277586206896551	95.0%	0.055	3.774939360651213
chr21	41605001	41625000	chr21	41605001	41820000	215000	20000	20.401162790697676	96.0%	0.018	3.773862084066371
chr9	114990001	115025000	chr9	114400001	115025000	625000	35000	9.689142857142857	95.0%	0.049	3.772573444448458
chr18	74325001	74345000	chr18	74030001	74345000	315000	20000	16.07936507936508	95.0%	0.025	3.7591382030432894
chr2	41845001	41875000	chr2	41845001	42490000	645000	30000	14.036175710594314	95.0%	0.028	3.7580921729334307
chr5	46420001	46435000	chr5	46420001	46555000	135000	15000	43.7962962962963	97.0%	0.003	3.753574915354545
chr3	32170001	32190000	chr3	32170001	32510000	340000	20000	15.408088235294118	96.0%	0.0115	3.749397139408343
chr12	79400001	79425000	chr12	79400001	80280000	880000	25000	6.963636363636364	97.0%	0.037	3.727392635163703
chr3	149465001	149490000	chr3	149305001	149490000	185000	25000	28.54054054054054	98.0%	0.003	3.7244931961495866
chr6	113975001	114000000	chr6	113975001	114315000	340000	25000	15.22058823529412	98.0%	0.0175	3.6981850418709077
chr13	94345001	94365000	chr13	93060001	94365000	1305000	20000	4.7940613026819925	95.0%	0.044	3.6899419850074655
chr7	51350001	51370000	chr7	51155001	51370000	215000	20000	23.377906976744185	96.0%	0.026	3.680988825852527
chr10	93905001	93925000	chr10	93905001	94465000	560000	20000	10.337053571428571	95.0%	0.061	3.674048997434124
chr6	56345001	56370000	chr6	56345001	56720000	375000	25000	15.509333333333334	98.0%	0.046	3.665479583582368
chr11	13945001	13975000	chr11	13945001	14255000	310000	30000	17.274193548387096	95.0%	0.0155	3.6584193868903756
chr2	85275001	85300000	chr2	84925001	85300000	375000	25000	14.634666666666666	97.0%	0.023	3.6564803206734124
chr8	38700001	38725000	chr8	38185001	38725000	540000	25000	10.466666666666667	97.0%	0.018000000000000002	3.635935662540839
chr3	69290001	69310000	chr3	69110001	69310000	200000	20000	25.575	98.0%	0.019	3.6232228373889415
chr12	69895001	69915000	chr12	69895001	70445000	550000	20000	10.413636363636364	95.0%	0.0295	3.6227400765313917
chr14	22365001	22385000	chr14	22095001	22385000	290000	20000	16.99137931034483	97.0%	0.020499999999999997	3.6166700652939894
chr4	169465001	169495000	chr4	168575001	169495000	920000	30000	7.004528985507246	96.0%	0.0335	3.616174844342927
chr11	129315001	129335000	chr11	128945001	129335000	390000	20000	14.724358974358974	96.0%	0.037	3.614186344228739
chr19	54015001	54035000	chr19	53750001	54035000	285000	20000	13.969298245614034	97.0%	0.017	3.6127740635528154
chr3	196500001	196525000	chr3	196000001	196525000	525000	25000	10.588571428571429	95.0%	0.035	3.611780049626583
chr16	4945001	4965000	chr16	4675001	4965000	290000	20000	14.051724137931034	98.0%	0.031	3.6106696363406696
chr17	55505001	55525000	chr17	55215001	55525000	310000	20000	12.431451612903226	96.0%	0.018000000000000002	3.60720687637267
chr12	58335001	58355000	chr12	58335001	59160000	825000	20000	7.039393939393939	95.0%	0.035	3.598246676185101
chr18	35390001	35425000	chr18	35390001	35705000	315000	35000	15.34467120181406	98.0%	0.029	3.5853524003266326
chr1	212465001	212485000	chr1	212465001	212790000	325000	20000	14.065384615384616	95.0%	0.017	3.582219049157102
chr16	75375001	75395000	chr16	75200001	75395000	195000	20000	24.993589743589745	98.0%	0.005	3.5721302705720763
chr12	8205001	8235000	chr12	8000001	8235000	235000	30000	26.418439716312054	97.0%	0.019	3.5682226492251736
chr5	142870001	142890000	chr5	142600001	142890000	290000	20000	20.482758620689655	95.0%	0.028499999999999998	3.566445350935714
chr2	68425001	68445000	chr2	68085001	68445000	360000	20000	20.583333333333332	96.0%	0.025	3.5639553475992467
chr17	18020001	18040000	chr17	17855001	18040000	185000	20000	23.324324324324323	96.0%	0.005	3.560113593349589
chr19	46075001	46100000	chr19	46075001	46270000	195000	25000	23.953846153846154	95.0%	0.014	3.5469920977175424
chrX	31035001	31055000	chrX	31035001	31660000	625000	20000	4.808	97.0%	0.079	3.5349541365613115
chr8	29300001	29320000	chr8	29125001	29320000	195000	20000	23.185897435897434	98.0%	0.027	3.520711279412863
chr1	89970001	89990000	chr1	89775001	89990000	215000	20000	21.91860465116279	97.0%	0.03	3.5196905696691383
chr2	57485001	57505000	chr2	56885001	57505000	620000	20000	14.048387096774194	96.0%	0.0165	3.5171313146995917
chr8	102810001	102830000	chr8	102170001	102830000	660000	20000	7.609848484848484	95.0%	0.016	3.514548996815122
chr12	127100001	127120000	chr12	127100001	127390000	290000	20000	16.5	95.0%	0.0275	3.5143623058147835
chr2	207750001	207770000	chr2	207750001	208125000	375000	20000	14.726666666666667	95.0%	0.015	3.4996966745722102
chr4	42560001	42585000	chr4	42560001	42880000	320000	25000	15.903125	96.0%	0.016	3.487299815867263
chr2	46875001	46900000	chr2	45970001	46900000	930000	25000	9.395698924731182	96.0%	0.0205	3.4861119909691247
chr2	158735001	158765000	chr2	157735001	158765000	1030000	30000	6.4870550161812295	95.0%	0.035500000000000004	3.4854052998071965
chr8	61005001	61030000	chr8	60615001	61030000	415000	25000	13.975903614457831	96.0%	0.017	3.4795442265175116
chr7	92810001	92835000	chr7	92610001	92835000	225000	25000	23.946666666666665	97.0%	0.015	3.4757434488290846
chr8	23845001	23865000	chr8	23845001	24230000	385000	20000	14.50974025974026	96.0%	0.032	3.4728290838811158
chr4	74515001	74540000	chr4	74310001	74540000	230000	25000	22.734782608695653	96.0%	0.013999999999999999	3.4716542164792807
chr11	130105001	130140000	chr11	129775001	130140000	365000	35000	16.512720156555773	95.0%	0.057	3.471570125478864
chr2	58435001	58460000	chr2	57750001	58460000	710000	25000	12.6056338028169	95.0%	0.038	3.4696686745913707
chr14	69075001	69110000	chr14	68845001	69110000	265000	35000	19.28032345013477	96.0%	0.021	3.469665036161613
chr15	44210001	44225000	chr15	43875001	44225000	350000	15000	13.45238095238095	97.0%	0.028	3.468974782531083
chr5	127750001	127770000	chr5	127750001	128205000	455000	20000	12.57967032967033	95.0%	0.025	3.4624575148877974
chr11	82900001	82920000	chr11	82900001	83295000	395000	20000	13.037974683544304	95.0%	0.03	3.4604663501356474
chr12	103530001	103550000	chr12	102870001	103550000	680000	20000	9.272058823529411	95.0%	0.028	3.438372031884065
chr12	47015001	47040000	chr12	47015001	47700000	685000	25000	10.908029197080293	95.0%	0.037	3.4352146932490775
chr13	97100001	97135000	chr13	97100001	97355000	255000	35000	20.481792717086837	97.0%	0.018	3.4337582096914567
chr6	42025001	42045000	chr6	41775001	42045000	270000	20000	17.625	97.0%	0.0165	3.4322496647877867
chr17	36620001	36640000	chr17	36620001	37245000	625000	20000	8.338	95.0%	0.039	3.430476159379711
chr6	35785001	35800000	chr6	35785001	36015000	230000	15000	33.427536231884055	97.0%	0.024	3.4266933569769003
chr2	28950001	28970000	chr2	28950001	29320000	370000	20000	14.179054054054054	97.0%	0.0265	3.4211682926474274
chr3	39275001	39300000	chr3	39005001	39300000	295000	25000	17.427118644067797	95.0%	0.014	3.41736711126059
chr6	106335001	106355000	chr6	106335001	106700000	365000	20000	14.157534246575343	95.0%	0.018	3.416683816379546
chr18	70195001	70215000	chr18	70195001	70450000	255000	20000	18.57843137254902	98.0%	0.015	3.4137644069742024
chr5	36405001	36425000	chr5	36405001	36705000	300000	20000	16.833333333333332	97.0%	0.0295	3.410992474016453
chr1	233780001	233800000	chr1	233355001	233800000	445000	20000	11.780898876404494	96.0%	0.035	3.4017797452722434
chr14	22550001	22570000	chr14	22550001	22905000	355000	20000	13.183098591549296	96.0%	0.017	3.4013621233758196
chr9	126765001	126785000	chr9	126490001	126785000	295000	20000	16.097457627118644	96.0%	0.022	3.3962951846165135
chr2	176130001	176150000	chr2	176130001	176650000	520000	20000	10.850961538461538	95.0%	0.0695	3.3950577579832624
chr6	12290001	12310000	chr6	12290001	12595000	305000	20000	17.41393442622951	97.0%	0.027	3.3870338251429613
chr8	109340001	109360000	chr8	109340001	110045000	705000	20000	8.47872340425532	97.0%	0.039	3.3777653882021763
chr7	26640001	26675000	chr7	26060001	26675000	615000	35000	9.567915690866512	95.0%	0.025	3.371601436114882
chr17	45635001	45655000	chr17	45635001	45870000	235000	20000	20.393617021276597	96.0%	0.033	3.370918353759724
chr11	59790001	59810000	chr11	59520001	59810000	290000	20000	18.69396551724138	97.0%	0.0185	3.3675100132944595
chr1	241515001	241545000	chr1	241515001	242025000	510000	30000	11.093137254901961	95.0%	0.0215	3.360850968714112
chr22	40655001	40690000	chr22	40655001	40905000	250000	35000	17.845714285714287	95.0%	0.056	3.3600467321826026
chr8	8745001	8775000	chr8	8745001	9060000	315000	30000	15.687830687830688	98.0%	0.088	3.356280316670984
chr2	63680001	63700000	chr2	63680001	63905000	225000	20000	29.655555555555555	98.0%	0.054	3.350403192994085
chr11	83795001	83825000	chr11	82705001	83825000	1120000	30000	5.576636904761905	96.0%	0.091	3.330124695347745
chr15	77110001	77130000	chr15	77110001	77540000	430000	20000	12.212209302325581	97.0%	0.051000000000000004	3.3145315245000586
chr20	50445001	50465000	chr20	50185001	50465000	280000	20000	16.517857142857142	96.0%	0.023	3.3092934427433613
chr20	24985001	25005000	chr20	24985001	25310000	325000	20000	12.853846153846154	96.0%	0.028	3.303992230339116
chr20	57320001	57340000	chr20	57075001	57340000	265000	20000	16.42924528301887	97.0%	0.014	3.3011039292779354
chr5	14995001	15020000	chr5	14680001	15020000	340000	25000	14.691176470588236	97.0%	0.036500000000000005	3.300718049699685
chr7	47805001	47825000	chr7	47420001	47825000	405000	20000	13.049382716049383	95.0%	0.022	3.299858707239878
chr21	38730001	38750000	chr21	38730001	39145000	415000	20000	11.734939759036145	95.0%	0.037	3.2994231287981304
chr2	217770001	217795000	chr2	217770001	218070000	300000	25000	16.436666666666667	96.0%	0.01	3.29511109629894
chr10	60020001	60045000	chr10	59800001	60045000	245000	25000	20.66530612244898	99.0%	0.015	3.292503048165431
chr1	93800001	93820000	chr1	93600001	93820000	220000	20000	22.71590909090909	97.0%	0.0175	3.2919558330355714
chr17	45370001	45390000	chr17	45215001	45390000	175000	20000	25.307142857142857	95.0%	0.005	3.281917397537594
chr5	34880001	34905000	chr5	34470001	34905000	435000	25000	12.648275862068965	98.0%	0.049	3.28161226654564
chr13	44040001	44055000	chr13	44040001	44455000	415000	15000	11.751004016064257	98.0%	0.035	3.276808502308931
chr1	167060001	167080000	chr1	167060001	167445000	385000	20000	13.775974025974026	95.0%	0.026	3.2745709251129416
chr2	19360001	19385000	chr2	19360001	19870000	510000	25000	10.93921568627451	98.0%	0.035	3.272094372515865
chr15	91050001	91070000	chr15	91050001	91280000	230000	20000	20.195652173913043	97.0%	0.092	3.269477301662784
chr9	70630001	70665000	chr9	70630001	71035000	405000	35000	12.653333333333334	95.0%	0.046	3.266755267324154
chr17	43305001	43330000	chr17	42945001	43330000	385000	25000	8.673239436619719	97.0%	0.025	3.2609871266775214
chr5	13970001	13995000	chr5	13970001	14410000	440000	25000	10.906818181818181	96.0%	0.04	3.2547784500447
chr5	141690001	141710000	chr5	141690001	141955000	265000	20000	20.150943396226417	98.0%	0.025	3.2544669425292225
chr14	60545001	60565000	chr14	60180001	60565000	385000	20000	13.155844155844155	95.0%	0.043	3.252968277378974
chr7	83395001	83420000	chr7	83395001	83930000	535000	25000	9.994392523364485	96.0%	0.025	3.251628585364903
chr14	61460001	61480000	chr14	61460001	61750000	290000	20000	16.83189655172414	98.0%	0.054	3.25134639478636
chr11	113305001	113320000	chr11	113305001	113800000	495000	15000	10.545454545454545	97.0%	0.026	3.2471909004185053
chr4	123645001	123670000	chr4	123345001	123670000	325000	25000	16.10153846153846	97.0%	0.029	3.2396236050403315
chr3	156140001	156165000	chr3	156140001	157240000	1100000	25000	6.286363636363637	95.0%	0.0245	3.238021941569647
chr19	51645001	51665000	chr19	51390001	51665000	275000	20000	14.627272727272727	95.0%	0.052	3.237623449320909
chr5	92305001	92330000	chr5	92305001	93130000	825000	25000	7.004848484848485	96.0%	0.027	3.234550430559373
chr3	168020001	168045000	chr3	167880001	168045000	165000	25000	30.206060606060607	96.0%	0.019	3.2208549391345707
chr7	111750001	111770000	chr7	111750001	112455000	705000	20000	8.205673758865249	95.0%	0.046	3.2193128163768976
chr16	56690001	56710000	chr16	56505001	56710000	205000	20000	22.091463414634145	97.0%	0.029	3.2163442642249085
chr4	41205001	41225000	chr4	40890001	41225000	335000	20000	14.436567164179104	95.0%	0.031	3.2057625066562303
chr15	38805001	38825000	chr15	38805001	39200000	395000	20000	12.066455696202532	95.0%	0.058	3.195752531788708
chr5	38180001	38200000	chr5	37395001	38200000	805000	20000	6.919254658385094	95.0%	0.019	3.192827107263532
chr8	80235001	80255000	chr8	80235001	80690000	455000	20000	10.785714285714286	95.0%	0.044	3.1920862763855475
chr13	42105001	42125000	chr13	41355001	42125000	770000	20000	7.0519480519480515	96.0%	0.033	3.1865722721549345
chr11	124655001	124675000	chr11	124655001	124865000	210000	20000	23.535714285714285	99.0%	0.0075	3.1844374268951605
chrX	154295001	154325000	chrX	153975001	154325000	350000	30000	8.00314465408805	95.0%	0.0955	3.1827121023719007
chr4	68485001	68505000	chr4	68485001	69345000	860000	20000	6.638081395348837	97.0%	0.0565	3.1715244301437724
chr11	74430001	74450000	chr11	74240001	74450000	210000	20000	23.732142857142858	95.0%	0.020999999999999998	3.169947067587834
chr2	172700001	172725000	chr2	172465001	172725000	260000	25000	19.173076923076923	96.0%	0.012	3.168123577136759
chr3	134445001	134480000	chr3	134275001	134480000	205000	35000	26.885017421602786	96.0%	0.007	3.165771089048867
chr10	110130001	110150000	chr10	110130001	110285000	155000	20000	29.887096774193548	98.0%	0.025	3.158203636916279
chr13	95180001	95215000	chr13	95180001	95405000	225000	35000	21.685714285714287	97.0%	0.016	3.1561682202683468
chr13	98640001	98675000	chr13	98440001	98675000	235000	35000	19.629179331306993	99.0%	0.017	3.1475060273155453
chr7	93040001	93060000	chr7	92425001	93060000	635000	20000	8.216535433070867	97.0%	0.032	3.1444882292709355
chr4	102995001	103015000	chr4	102430001	103015000	585000	20000	10.39102564102564	97.0%	0.025	3.1339030278014017
chr2	68910001	68935000	chr2	68575001	68935000	360000	25000	22.427777777777777	96.0%	0.0325	3.132901458943812
chr10	71300001	71320000	chr10	71300001	71715000	415000	20000	10.951807228915662	96.0%	0.023	3.1315468792536274
chr12	13205001	13230000	chr12	12990001	13230000	240000	25000	20.695833333333333	98.0%	0.0155	3.131158642172193
chr11	6365001	6390000	chr11	6365001	6710000	345000	25000	20.71014492753623	98.0%	0.027	3.129186738217006
chr1	234485001	234510000	chr1	234485001	235100000	615000	25000	9.388617886178862	95.0%	0.032	3.125863105092277
chr11	34860001	34895000	chr11	34505001	34895000	390000	35000	15.32967032967033	96.0%	0.02	3.1241133997053065
chr1	232625001	232650000	chr1	232625001	233250000	625000	25000	8.0176	97.0%	0.029	3.1208555129841473
chr12	71400001	71420000	chr12	71400001	71755000	355000	20000	14.482394366197184	95.0%	0.028	3.1134759191782844
chr2	38500001	38525000	chr2	37990001	38525000	535000	25000	16.551401869158877	95.0%	0.032	3.1116895340033857
chr20	34305001	34325000	chr20	34305001	34525000	220000	20000	21.573863636363637	96.0%	0.0245	3.0930542403435024
chr7	26045001	26065000	chr7	25880001	26065000	185000	20000	25.43243243243243	98.0%	0.014	3.085628718230617
chr2	29175001	29200000	chr2	28960001	29200000	240000	25000	22.579166666666666	98.0%	0.006500000000000001	3.0852458329646932
chr2	175020001	175040000	chr2	175020001	175335000	315000	20000	17.103174603174605	98.0%	0.015	3.081706472016457
chr3	69660001	69680000	chr3	68980001	69680000	700000	20000	7.648214285714285	95.0%	0.0335	3.0769543546912956
chr2	236170001	236190000	chr2	235760001	236190000	430000	20000	11.122093023255815	95.0%	0.037000000000000005	3.0768004018748267
chr15	31120001	31145000	chr15	30800001	31145000	345000	25000	12.982608695652175	95.0%	0.039	3.0699062028334336
chr1	66750001	66770000	chr1	66750001	67225000	475000	20000	10.823684210526316	95.0%	0.06	3.0649160872106407
chr5	149550001	149570000	chr5	149315001	149570000	255000	20000	18.392156862745097	98.0%	0.011	3.0633799490478197
chr1	210135001	210160000	chr1	210135001	210410000	275000	25000	17.94909090909091	98.0%	0.036	3.0627922185031418
chr3	118875001	118895000	chr3	118875001	119105000	230000	20000	20.755434782608695	98.0%	0.035500000000000004	3.0584373209698206
chr3	70345001	70365000	chr3	70050001	70365000	315000	20000	16.214285714285715	98.0%	0.029	3.056988114022743
chr2	100975001	100995000	chr2	100580001	100995000	415000	20000	12.816265060240964	95.0%	0.016	3.0550220509543267
chr22	45260001	45280000	chr22	45260001	45490000	230000	20000	16.320652173913043	96.0%	0.0395	3.0522833720718463
chr1	40070001	40090000	chr1	40070001	40380000	310000	20000	16.782258064516128	96.0%	0.027	3.050284071979683
chr3	43535001	43560000	chr3	43535001	44260000	725000	25000	7.6	98.0%	0.031	3.047881829889914
chr3	34670001	34690000	chr3	33880001	34690000	810000	20000	7.044753086419753	95.0%	0.0975	3.047680694203338
chr15	61605001	61625000	chr15	61160001	61625000	465000	20000	11.561827956989248	95.0%	0.054	3.042757604300566
chr11	65810001	65840000	chr11	65675001	65840000	165000	30000	28.86868686868687	96.0%	0.018	3.035877775343883
chr5	163545001	163575000	chr5	163545001	164510000	965000	30000	6.246113989637306	95.0%	0.06	3.034784084182433
chr7	129455001	129475000	chr7	129225001	129475000	250000	20000	21.26	95.0%	0.025500000000000002	3.0295942277788774
chr7	130010001	130035000	chr7	129300001	130035000	735000	25000	7.174149659863946	97.0%	0.024	3.0084638983075953
chr6	122820001	122840000	chr6	122585001	122840000	255000	20000	21.38235294117647	95.0%	0.028	3.0079146235438383
chr11	95150001	95175000	chr11	95150001	95770000	620000	25000	9.708064516129031	98.0%	0.0885	3.0075616806077017
chr17	61625001	61645000	chr17	61625001	62235000	610000	20000	8.368852459016393	96.0%	0.089	3.0041007942571945
chr10	101995001	102020000	chr10	101750001	102020000	270000	25000	20.174074074074074	96.0%	0.0295	2.999648490469098
chr19	12965001	12985000	chr19	12965001	13100000	135000	20000	28.333333333333332	98.0%	0.019	2.9987578012529714
chr17	79380001	79400000	chr17	79015001	79400000	385000	20000	11.558441558441558	96.0%	0.071	2.9980784627676447
chr16	87770001	87790000	chr16	87770001	87920000	150000	20000	25.8	97.0%	0.006	2.9880988809583604
chr4	81060001	81085000	chr4	81060001	81365000	305000	25000	16.472131147540985	98.0%	0.034	2.9851776841853295
chr7	13240001	13265000	chr7	12620001	13265000	645000	25000	8.897674418604652	95.0%	0.049	2.9833522428475887
chr19	5015001	5035000	chr19	4800001	5035000	235000	20000	16.75	95.0%	0.03	2.982478847169178
chr8	94350001	94370000	chr8	93670001	94370000	700000	20000	8.873214285714285	96.0%	0.0325	2.980195872452517
chr11	36285001	36310000	chr11	36285001	36505000	220000	25000	22.15909090909091	97.0%	0.025500000000000002	2.9784200640542227
chr9	72865001	72885000	chr9	72865001	73080000	215000	20000	23.098837209302324	98.0%	0.03	2.977298947246508
chr2	171400001	171425000	chr2	170955001	171425000	470000	25000	12.7	96.0%	0.0245	2.9771461261113177
chr11	19555001	19575000	chr11	19555001	19870000	315000	20000	15.432539682539682	96.0%	0.025	2.9765426702777864
chr2	39505001	39525000	chr2	39505001	39730000	225000	20000	32.855555555555554	99.0%	0.029	2.9747790008978456
chr7	23050001	23075000	chr7	22505001	23075000	570000	25000	9.482456140350877	98.0%	0.031	2.974429753536176
chr2	62395001	62415000	chr2	61930001	62415000	485000	20000	16.4819587628866	98.0%	0.017	2.9741541751825484
chr17	60035001	60070000	chr17	59690001	60070000	380000	35000	12.06015037593985	97.0%	0.025500000000000002	2.963099909737588
chr17	18600001	18620000	chr17	18600001	19020000	420000	20000	6.050595238095238	95.0%	0.0345	2.957623366993911
chr6	29840001	29860000	chr6	29840001	30165000	325000	20000	15.63076923076923	95.0%	0.028	2.956333515049911
chr1	198675001	198695000	chr1	198335001	198695000	360000	20000	13.288194444444445	98.0%	0.032	2.955369169119097
chr7	47255001	47275000	chr7	47255001	47975000	720000	20000	7.701388888888889	96.0%	0.0285	2.9547808214101647
chr9	85250001	85270000	chr9	84650001	85270000	620000	20000	8.159274193548388	97.0%	0.0305	2.9517124459307706
chr6	44065001	44085000	chr6	43660001	44085000	425000	20000	11.514705882352942	97.0%	0.012	2.95018004503976
chr1	93620001	93645000	chr1	93620001	93850000	230000	25000	22.47826086956522	98.0%	0.037000000000000005	2.9434524249037803
chr22	18060001	18085000	chr22	17730001	18085000	355000	25000	12.332394366197182	96.0%	0.062	2.9405943194825266
chr3	193025001	193045000	chr3	192820001	193045000	225000	20000	20.177777777777777	98.0%	0.006	2.938771130848712
chr3	195505001	195525000	chr3	195270001	195525000	255000	20000	18.235294117647058	97.0%	0.013	2.9370970043339506
chr20	36125001	36145000	chr20	35970001	36145000	175000	20000	25.77857142857143	97.0%	0.026	2.935285598262041
chr5	148730001	148750000	chr5	148730001	149045000	315000	20000	16.436507936507937	99.0%	0.033	2.930854370447773
chr2	69550001	69575000	chr2	69550001	69850000	300000	25000	25.746666666666663	97.0%	0.0135	2.9291141078741187
chr9	129770001	129795000	chr9	129630001	129795000	165000	25000	27.727272727272727	95.0%	0.019	2.9247877396467885
chr9	96200001	96225000	chr9	95650001	96225000	575000	25000	8.965217391304348	96.0%	0.026	2.9230215694050115
chr8	100930001	100950000	chr8	100930001	101245000	315000	20000	15.777777777777779	97.0%	0.015	2.917462847175867
chr3	136060001	136090000	chr3	136060001	137125000	1065000	30000	5.257433489827856	96.0%	0.064	2.9171716025578682
chr10	23980001	24005000	chr10	23980001	24565000	585000	25000	9.468376068376068	97.0%	0.038	2.9130299482578628
chr2	57890001	57915000	chr2	57890001	58790000	900000	25000	10.774444444444445	95.0%	0.017	2.911162508125261
chr1	115755001	115775000	chr1	115445001	115775000	330000	20000	15.526515151515152	95.0%	0.034	2.9088316674684256
chr9	120925001	120950000	chr9	120755001	120950000	195000	25000	24.769230769230766	98.0%	0.016	2.908793655255537
chr1	230625001	230645000	chr1	230625001	230795000	170000	20000	26.38235294117647	97.0%	0.017	2.905188871436895
chr13	59665001	59685000	chr13	59350001	59685000	335000	20000	14.462686567164178	96.0%	0.064	2.9027968396977224
chr1	175290001	175320000	chr1	175150001	175320000	170000	30000	29.303921568627448	97.0%	0.0315	2.897249539357107
chr19	42435001	42460000	chr19	42435001	42610000	175000	25000	24.14857142857143	95.0%	0.026	2.895630721607557
chr10	69375001	69400000	chr10	69085001	69400000	315000	25000	16.45079365079365	96.0%	0.021	2.8916673863387707
chr18	23390001	23415000	chr18	22795001	23415000	620000	25000	8.95483870967742	95.0%	0.0345	2.884945519224335
chr1	219565001	219585000	chr1	219565001	219820000	255000	20000	17.38235294117647	97.0%	0.029	2.88474064782593
chr1	199670001	199690000	chr1	199670001	200310000	640000	20000	8.2578125	97.0%	0.044	2.882852778772637
chr19	48575001	48595000	chr19	48315001	48595000	280000	20000	14.620535714285714	95.0%	0.033	2.881449087996657
chr2	231400001	231420000	chr2	231060001	231420000	360000	20000	14.20486111111111	96.0%	0.0195	2.878518682631305
chr4	39460001	39480000	chr4	39460001	39850000	390000	20000	12.461538461538462	97.0%	0.026000000000000002	2.8764656545603047
chr2	182060001	182080000	chr2	181720001	182080000	360000	20000	15.76388888888889	97.0%	0.0205	2.873303986885229
chr15	66845001	66865000	chr15	66590001	66865000	275000	20000	15.522727272727273	95.0%	0.035	2.866775997784375
chr3	45195001	45215000	chr3	45030001	45215000	185000	20000	24.83783783783784	97.0%	0.026	2.862983326788141
chr3	37440001	37460000	chr3	37440001	37815000	375000	20000	14.603333333333333	97.0%	0.028	2.861698679144128
chr2	168950001	168970000	chr2	168950001	169145000	195000	20000	25.23076923076923	99.0%	0.03	2.859647956432933
chr1	93430001	93450000	chr1	93430001	93875000	445000	20000	10.353932584269662	95.0%	0.062	2.858008457618155
chr7	12060001	12080000	chr7	12060001	12495000	435000	20000	13.385057471264368	95.0%	0.032	2.8548513162784133
chr20	22690001	22710000	chr20	22690001	23250000	560000	20000	9.361607142857142	97.0%	0.053500000000000006	2.8444857222027973
chr1	240020001	240040000	chr1	240020001	240185000	165000	20000	25.515151515151516	97.0%	0.03	2.843567828385973
chr11	40110001	40130000	chr11	39350001	40130000	780000	20000	7.076923076923077	95.0%	0.026	2.8335661356507527
chr8	100830001	100850000	chr8	100830001	101310000	480000	20000	10.713541666666666	95.0%	0.026000000000000002	2.8292453047590502
chr2	158885001	158910000	chr2	158885001	159300000	415000	25000	12.718072289156627	98.0%	0.025	2.826041631941446
chr1	62735001	62755000	chr1	62375001	62755000	380000	20000	12.470394736842104	95.0%	0.045	2.8230196681094406
chr12	10125001	10145000	chr12	9730001	10145000	415000	20000	12.13855421686747	95.0%	0.03	2.8199728542762648
chr16	84470001	84495000	chr16	84070001	84495000	425000	25000	10.957647058823529	95.0%	0.037	2.8180509943352234
chr20	40935001	40960000	chr20	40710001	40960000	250000	25000	18.176	98.0%	0.0245	2.814336064395852
chr12	27415001	27450000	chr12	27415001	27715000	300000	35000	18.257142857142856	96.0%	0.048	2.8135214181225865
chr16	55835001	55855000	chr16	55395001	55855000	460000	20000	9.758241758241759	95.0%	0.042499999999999996	2.8126803694548563
chr14	58630001	58650000	chr14	58630001	59060000	430000	20000	11.44767441860465	96.0%	0.062	2.8117679212215623
chr11	78635001	78655000	chr11	78635001	79105000	470000	20000	10.11968085106383	95.0%	0.036	2.8109730652290925
chr3	122665001	122685000	chr3	122385001	122685000	300000	20000	15.5625	97.0%	0.014499999999999999	2.8092412453601994
chr1	98450001	98470000	chr1	97810001	98470000	660000	20000	9.026515151515152	96.0%	0.0435	2.804806503049809
chr8	48910001	48935000	chr8	48120001	48935000	815000	25000	6.6355828220858895	95.0%	0.034	2.7975581001704817
chr9	20620001	20640000	chr9	20620001	21080000	460000	20000	10.459239130434783	96.0%	0.0645	2.7963354761576866
chr4	86910001	86930000	chr4	86910001	87155000	245000	20000	19.341836734693878	97.0%	0.012	2.795168815344709
chr2	234125001	234145000	chr2	234125001	234540000	415000	20000	12.852409638554217	96.0%	0.023	2.787055343368597
chr3	127955001	127975000	chr3	127555001	127975000	420000	20000	13.139880952380953	95.0%	0.0195	2.7853128315309843
chr13	21460001	21485000	chr13	21115001	21485000	370000	25000	12.248648648648649	97.0%	0.026000000000000002	2.7844655887479215
chr16	68210001	68230000	chr16	67920001	68230000	310000	20000	16.786290322580644	95.0%	0.03	2.7779593193259466
chr3	158765001	158800000	chr3	158530001	158800000	270000	35000	19.195767195767196	95.0%	0.0295	2.776779156129833
chr5	168260001	168280000	chr5	168260001	168495000	235000	20000	19.19148936170213	98.0%	0.029	2.773469281453194
chr9	114890001	114910000	chr9	114720001	114910000	190000	20000	26.06578947368421	98.0%	0.013000000000000001	2.765108782365879
chr8	42125001	42150000	chr8	41935001	42150000	215000	25000	21.074418604651164	97.0%	0.011	2.7646448379777437
chr11	63465001	63485000	chr11	63465001	63740000	275000	20000	17.427272727272726	96.0%	0.017	2.7503431343753846
chr1	160940001	160975000	chr1	160615001	160975000	360000	35000	14.011904761904761	95.0%	0.0245	2.7496460381467585
chr4	107890001	107915000	chr4	107740001	107915000	175000	25000	29.880000000000003	98.0%	0.002	2.7488443911862923
chr9	136480001	136500000	chr9	136480001	136725000	245000	20000	15.214285714285714	95.0%	0.03	2.7480712602120776
chr4	147845001	147875000	chr4	147580001	147875000	295000	30000	18.161016949152543	96.0%	0.057	2.745164375526494
chr3	42245001	42260000	chr3	42245001	42555000	310000	15000	17.49462365591398	98.0%	0.028999999999999998	2.7447197898335216
chr7	80685001	80705000	chr7	80685001	81450000	765000	20000	7.3431372549019605	95.0%	0.042	2.7436424310430914
chr3	152430001	152455000	chr3	152030001	152455000	425000	25000	12.616470588235295	98.0%	0.025	2.7425083883569137
chr4	9095001	9130000	chr4	8930001	9130000	200000	35000	18.735714285714288	97.0%	0.0095	2.7423587334068253
chr15	30655001	30675000	chr15	30655001	31575000	920000	20000	4.320652173913044	95.0%	0.033	2.7416294199335676
chr13	75685001	75705000	chr13	75685001	75870000	185000	20000	23.054054054054053	99.0%	0.023	2.7387501159235597
chr2	200445001	200480000	chr2	200000001	200480000	480000	35000	12.897321428571429	95.0%	0.026000000000000002	2.735173551975735
chr7	44580001	44600000	chr7	44580001	44955000	375000	20000	12.713333333333333	96.0%	0.036	2.73176709421575
chr7	6310001	6330000	chr7	6105001	6330000	225000	20000	20.283333333333335	98.0%	0.016	2.729460970409216
chr10	70345001	70370000	chr10	70105001	70370000	265000	25000	18.89433962264151	96.0%	0.027	2.728835141108921
chr7	134935001	134955000	chr7	134620001	134955000	335000	20000	15.574626865671641	97.0%	0.056	2.723798619853882
chr3	13890001	13910000	chr3	13890001	14260000	370000	20000	13.800675675675675	96.0%	0.037	2.7174886407563386
chr9	14755001	14775000	chr9	14435001	14775000	340000	20000	14.169117647058824	96.0%	0.07450000000000001	2.7164262838589575
chr13	27370001	27400000	chr13	27370001	27830000	460000	30000	10.617753623188406	96.0%	0.0365	2.7080237881584086
chr3	52730001	52750000	chr3	52730001	53080000	350000	20000	14.6	97.0%	0.023	2.7062536863622197
chr5	150550001	150570000	chr5	150550001	150850000	300000	20000	17.425	98.0%	0.016	2.7028447570807734
chr15	65255001	65290000	chr15	65020001	65290000	270000	35000	17.653439153439155	95.0%	0.0335	2.6993967006470982
chr21	35385001	35405000	chr21	34690001	35405000	715000	20000	7.555944055944056	95.0%	0.037	2.694550497110094
chr1	20520001	20540000	chr1	20520001	20690000	170000	20000	27.970588235294116	97.0%	0.0285	2.6929276152001282
chr14	67415001	67440000	chr14	67415001	67710000	295000	25000	16.0135593220339	98.0%	0.033	2.691783260779434
chr14	24800001	24825000	chr14	24800001	25050000	250000	25000	19.148	98.0%	0.0455	2.688335636436558
chr1	211640001	211670000	chr1	211275001	211670000	395000	30000	12.829113924050633	96.0%	0.019	2.6846503083250406
chr12	54935001	54970000	chr12	54695001	54970000	275000	35000	19.342857142857145	95.0%	0.022	2.6820761635749455
chr1	24815001	24830000	chr1	24495001	24830000	335000	15000	15.91542288557214	96.0%	0.024	2.6818465417348434
chr3	99825001	99845000	chr3	99825001	100645000	820000	20000	7.2942073170731705	95.0%	0.032	2.6800396820712544
chr8	118730001	118750000	chr8	118730001	119420000	690000	20000	8.603260869565217	95.0%	0.039	2.6790838261567207
chr3	65775001	65800000	chr3	65775001	66230000	455000	25000	11.448351648351649	97.0%	0.026	2.6779697225634793
chr3	111945001	111975000	chr3	111660001	111975000	315000	30000	18.29100529100529	96.0%	0.016	2.675273081081415
chr12	6270001	6290000	chr12	6045001	6290000	245000	20000	16.78061224489796	96.0%	0.018	2.674257968555034
chr7	16105001	16125000	chr7	16105001	16810000	705000	20000	8.792553191489361	96.0%	0.043	2.6735527542995032
chr19	10705001	10725000	chr19	10705001	10865000	160000	20000	24.796875	95.0%	0.025	2.66904031543949
chr17	67675001	67695000	chr17	67480001	67695000	215000	20000	20.41860465116279	95.0%	0.026	2.6680506783860034
chr1	60835001	60860000	chr1	60835001	61635000	800000	25000	8.735	95.0%	0.067	2.6677116131791876
chr9	131320001	131340000	chr9	131020001	131340000	320000	20000	13.29296875	97.0%	0.0245	2.666700499596434
chr1	175370001	175390000	chr1	175370001	175910000	540000	20000	10.287037037037036	97.0%	0.057999999999999996	2.665997899583754
chr8	8645001	8670000	chr8	8285001	8670000	385000	25000	14.872727272727271	95.0%	0.024	2.665062864510144
chr7	51135001	51165000	chr7	50090001	51165000	1075000	30000	5.6682170542635655	97.0%	0.087	2.6639577697031824
chr11	76720001	76740000	chr11	76720001	77130000	410000	20000	12.667682926829269	97.0%	0.0235	2.6639546957879108
chr11	125910001	125935000	chr11	125910001	126265000	355000	25000	14.109859154929577	95.0%	0.032	2.663211480480626
chr3	122095001	122115000	chr3	122095001	122405000	310000	20000	16.201612903225808	96.0%	0.025500000000000002	2.654602457295655
chr8	93810001	93830000	chr8	93810001	93980000	170000	20000	26.96323529411765	99.0%	0.019	2.65292566090963
chr11	129765001	129790000	chr11	129765001	130285000	520000	25000	10.921153846153846	95.0%	0.0335	2.649151487823434
chr13	20490001	20515000	chr13	20490001	20880000	390000	25000	11.65128205128205	95.0%	0.073	2.6453869485024275
chr19	33775001	33800000	chr19	33775001	34155000	380000	25000	10.876315789473683	97.0%	0.0755	2.645316070020604
chr1	67845001	67865000	chr1	67845001	68120000	275000	20000	18.036363636363635	96.0%	0.036	2.6445948934466195
chr3	42085001	42105000	chr3	41885001	42105000	220000	20000	21.295454545454547	97.0%	0.012	2.640648039755003
chr9	92120001	92145000	chr9	92120001	92710000	590000	25000	7.928813559322033	95.0%	0.0925	2.637398425168016
chr2	181730001	181760000	chr2	181730001	182030000	300000	30000	18.505555555555556	97.0%	0.0445	2.6343204735794283
chr12	89445001	89465000	chr12	89010001	89465000	455000	20000	12.244505494505495	98.0%	0.022	2.6334606994785434
chr7	139980001	140005000	chr7	139565001	140005000	440000	25000	12.468181818181819	96.0%	0.082	2.6290012901282367
chr1	50360001	50380000	chr1	50360001	50740000	380000	20000	12.740131578947368	96.0%	0.0465	2.6233953190859287
chr4	76165001	76190000	chr4	76165001	76420000	255000	25000	20.607843137254903	97.0%	0.027	2.619524851039801
chr2	177110001	177145000	chr2	176805001	177145000	340000	35000	14.466386554621849	98.0%	0.014499999999999999	2.618697897792206
chr1	43750001	43770000	chr1	43750001	44060000	310000	20000	15.971774193548388	95.0%	0.0325	2.6145741195523025
chr14	75070001	75095000	chr14	74855001	75095000	240000	25000	19.858333333333334	95.0%	0.023	2.613895073663396
chr1	232615001	232635000	chr1	231860001	232635000	775000	20000	6.496774193548387	95.0%	0.033	2.613214462983014
chr6	141975001	141995000	chr6	141975001	142125000	150000	20000	29.733333333333334	98.0%	0.0295	2.6115694694622507
chr11	121570001	121595000	chr11	121280001	121595000	315000	25000	17.476190476190474	96.0%	0.051	2.610642300177566
chr2	65620001	65645000	chr2	65620001	66335000	715000	25000	10.974825174825174	96.0%	0.024	2.608397703568623
chr14	70610001	70630000	chr14	70610001	70980000	370000	20000	13.91891891891892	96.0%	0.0335	2.6036659740801547
chr8	111235001	111260000	chr8	110805001	111260000	455000	25000	12.571428571428571	95.0%	0.039	2.6004662467529407
chr11	58500001	58520000	chr11	57510001	58520000	1010000	20000	5.63490099009901	95.0%	0.032	2.5998157115642275
chr5	71770001	71790000	chr5	71770001	72320000	550000	20000	9.645454545454545	98.0%	0.0285	2.599445425664561
chr6	144470001	144490000	chr6	144210001	144490000	280000	20000	17.584821428571427	98.0%	0.034	2.5976082952420487
chr7	20580001	20600000	chr7	19705001	20600000	895000	20000	7.220670391061453	97.0%	0.059	2.5936489602512536
chr1	231350001	231370000	chr1	231350001	231610000	260000	20000	19.46153846153846	97.0%	0.07550000000000001	2.589741760647582
chr5	112540001	112560000	chr5	112540001	112965000	425000	20000	12.408823529411764	95.0%	0.028	2.5863000385264607
chr11	5790001	5815000	chr11	5160001	5815000	655000	25000	12.158778625954199	97.0%	0.021	2.5790834278933596
chr17	31815001	31845000	chr17	31380001	31845000	465000	30000	10.92652329749104	96.0%	0.031	2.5763298720907506
chr12	7210001	7230000	chr12	7210001	7655000	445000	20000	11.205056179775282	95.0%	0.089	2.5723180355449964
chr6	148450001	148470000	chr6	148170001	148470000	300000	20000	16.779166666666665	95.0%	0.027	2.572012027808249
chr10	93490001	93515000	chr10	92885001	93515000	630000	25000	8.55079365079365	95.0%	0.0295	2.5711748378661343
chr15	52720001	52735000	chr15	52170001	52735000	565000	15000	9.274336283185841	96.0%	0.09	2.570376924221132
chr8	98020001	98040000	chr8	97555001	98040000	485000	20000	11.6159793814433	95.0%	0.025	2.5692403572922293
chr4	37590001	37615000	chr4	37590001	37805000	215000	25000	21.725581395348836	97.0%	0.026	2.56856930735953
chr1	200610001	200630000	chr1	200610001	200895000	285000	20000	18.36842105263158	97.0%	0.032	2.5681052092457235
chr6	42060001	42085000	chr6	42060001	42225000	165000	25000	27.4	98.0%	0.01	2.5597431583012513
chr3	101800001	101820000	chr3	101800001	102550000	750000	20000	7.865	95.0%	0.053	2.553496944737463
chr1	169795001	169815000	chr1	169550001	169815000	265000	20000	17.77358490566038	96.0%	0.026	2.5510894732982874
chr17	29625001	29650000	chr17	29625001	30100000	475000	25000	11.393684210526315	95.0%	0.042	2.547391538956291
chr17	57235001	57255000	chr17	57235001	57455000	220000	20000	20.119318181818183	96.0%	0.041	2.5473820515371215
chr6	111985001	112005000	chr6	111705001	112005000	300000	20000	18.808333333333334	96.0%	0.014499999999999999	2.5453248733948053
chr5	160010001	160030000	chr5	160010001	160405000	395000	20000	14.091772151898734	97.0%	0.031	2.5433200790590855
chr3	183880001	183905000	chr3	183880001	184290000	410000	25000	12.063414634146342	97.0%	0.022	2.533625100223386
chr6	137305001	137325000	chr6	137075001	137325000	250000	20000	20.655	98.0%	0.0305	2.5325449951029904
chr3	24250001	24270000	chr3	24250001	24690000	440000	20000	12.005681818181818	96.0%	0.093	2.5298265833057636
chr10	9280001	9305000	chr10	7685001	9305000	1620000	25000	3.848148148148148	96.0%	0.054	2.525900741028474
chr9	6295001	6320000	chr9	6040001	6320000	280000	25000	16.535714285714285	97.0%	0.0445	2.5244518545385297
chr6	47290001	47315000	chr6	47095001	47315000	220000	25000	22.304545454545455	95.0%	0.011	2.5243832381292526
chr11	3440001	3475000	chr11	3440001	3850000	410000	35000	14.386759581881533	95.0%	0.0245	2.523664313570705
chr17	420001	440000	chr17	420001	700000	280000	20000	16.770408163265305	96.0%	0.0265	2.5198858378910143
chr4	119030001	119050000	chr4	119030001	119300000	270000	20000	20.78240740740741	97.0%	0.0115	2.5185846751730234
chr12	19735001	19760000	chr12	19735001	20615000	880000	25000	6.17840909090909	96.0%	0.0325	2.518536355496991
chr1	52115001	52145000	chr1	52115001	52405000	290000	30000	16.71264367816092	98.0%	0.062	2.5114743336962913
chr1	206970001	206990000	chr1	206600001	206990000	390000	20000	13.522435897435898	96.0%	0.0505	2.504930090934022
chr8	101285001	101305000	chr8	100825001	101305000	480000	20000	11.791666666666666	97.0%	0.018000000000000002	2.502948517625883
chr8	119075001	119100000	chr8	119075001	119440000	365000	25000	14.898630136986302	95.0%	0.029	2.4978751817658207
chr19	33225001	33245000	chr19	33225001	33415000	190000	20000	20.05921052631579	97.0%	0.023	2.495409189164081
chr10	4745001	4775000	chr10	3705001	4775000	1070000	30000	5.257009345794392	96.0%	0.0335	2.493572274226458
chr12	95105001	95125000	chr12	95105001	95545000	440000	20000	12.821022727272727	95.0%	0.035	2.4931263772187298
chr9	27020001	27045000	chr9	27020001	27285000	265000	25000	17.162264150943397	96.0%	0.061	2.492115342121324
chr17	21815001	21835000	chr17	21440001	21835000	395000	20000	13.24025974025974	95.0%	0.04	2.490569688824834
chr1	40935001	40965000	chr1	40760001	40965000	205000	30000	23.40650406504065	95.0%	0.022	2.4878739232225424
chr16	31430001	31450000	chr16	30965001	31450000	485000	20000	9.27319587628866	95.0%	0.034	2.4857779985749673
chr18	58310001	58335000	chr18	58115001	58335000	220000	25000	19.672727272727272	95.0%	0.025	2.4827742985958
chr6	131105001	131125000	chr6	130885001	131125000	240000	20000	20.973958333333332	98.0%	0.034	2.482232676128331
chr7	22720001	22735000	chr7	22550001	22735000	185000	15000	25.873873873873876	98.0%	0.052	2.481503529509817
chr21	40110001	40130000	chr21	39860001	40130000	270000	20000	14.476851851851851	95.0%	0.055	2.472298684479633
chr4	144160001	144180000	chr4	144160001	145265000	1105000	20000	5.764705882352941	95.0%	0.071	2.4694045066826766
chr11	12965001	12985000	chr11	12965001	13190000	225000	20000	24.13888888888889	98.0%	0.029	2.465925016133307
chr12	104370001	104390000	chr12	104370001	105005000	635000	20000	8.114173228346457	95.0%	0.048	2.463898507717172
chr12	14835001	14855000	chr12	14835001	15275000	440000	20000	12.616477272727273	96.0%	0.0395	2.4598543489536855
chr3	171820001	171840000	chr3	171565001	171840000	275000	20000	17.931818181818183	96.0%	0.019	2.456972110135082
chr4	7975001	7995000	chr4	7760001	7995000	235000	20000	17.51063829787234	97.0%	0.027	2.4558335674629634
chr1	120130001	120150000	chr1	119820001	120150000	330000	20000	7.515151515151516	95.0%	0.0925	2.453370067036544
chr5	72125001	72155000	chr5	72125001	72310000	185000	30000	26.986486486486484	98.0%	0.011	2.4456497435453812
chr1	248605001	248625000	chr1	248605001	248930000	325000	20000	13.607692307692307	95.0%	0.025	2.440539574441242
chr11	12015001	12040000	chr11	11785001	12040000	255000	25000	20.768627450980393	95.0%	0.019	2.4397857279922546
chr15	85280001	85305000	chr15	85280001	85735000	455000	25000	11.173626373626373	95.0%	0.041	2.437854381675856
chr16	57995001	58015000	chr16	57560001	58015000	455000	20000	9.574175824175825	95.0%	0.035	2.437079505679554
chr2	177145001	177170000	chr2	177145001	177775000	630000	25000	7.911111111111111	97.0%	0.0215	2.4355064521643857
chr9	19010001	19035000	chr9	17815001	19035000	1220000	25000	5.033606557377049	95.0%	0.062	2.430494839607695
chr5	149095001	149125000	chr5	148725001	149125000	400000	30000	13.825000000000001	95.0%	0.033	2.428550267206652
chr7	39730001	39755000	chr7	39565001	39755000	190000	25000	24.510526315789473	98.0%	0.0385	2.428134182251726
chr4	55720001	55740000	chr4	55320001	55740000	420000	20000	11.401785714285714	95.0%	0.028	2.423183595871651
chr14	65395001	65415000	chr14	65150001	65415000	265000	20000	17.089622641509433	96.0%	0.038	2.418849730301392
chr5	149975001	149995000	chr5	149665001	149995000	330000	20000	16.678030303030305	97.0%	0.035	2.413941486079345
chr18	41360001	41390000	chr18	40485001	41390000	905000	30000	6.5902394106813995	96.0%	0.033	2.4130776742655082
chr1	227465001	227485000	chr1	227465001	227965000	500000	20000	9.22	96.0%	0.044	2.4123981617635937
chr10	21270001	21290000	chr10	21270001	21615000	345000	20000	13.347826086956522	97.0%	0.027	2.406168584971045
chr9	27255001	27290000	chr9	26875001	27290000	415000	35000	12.196213425129088	95.0%	0.05	2.4045628895754527
chr11	13760001	13780000	chr11	13760001	14150000	390000	20000	12.887820512820513	95.0%	0.040499999999999994	2.4021380267400976
chr6	30220001	30240000	chr6	30220001	30460000	240000	20000	20.875	96.0%	0.0275	2.3992595417557614
chr3	56695001	56715000	chr3	56695001	57090000	395000	20000	12.613924050632912	95.0%	0.038	2.3977270148331784
chr3	41850001	41885000	chr3	40635001	41885000	1250000	35000	4.646857142857143	97.0%	0.0305	2.3975592452072303
chr12	105040001	105060000	chr12	104600001	105060000	460000	20000	10.983695652173912	95.0%	0.027000000000000003	2.3949349877220114
chr20	46120001	46140000	chr20	46120001	46485000	365000	20000	13.030821917808218	97.0%	0.075	2.3917475904678693
chr12	95520001	95540000	chr12	95055001	95540000	485000	20000	11.015463917525773	95.0%	0.045	2.382976062822862
chr2	118875001	118890000	chr2	118875001	119320000	445000	15000	10.0187265917603	97.0%	0.021	2.3826777573471927
chr21	8990001	9025000	chr21	8990001	9195000	205000	35000	61.58885017421603	95.0%	0.052	2.381323425755635
chr1	37670001	37690000	chr1	37445001	37690000	245000	20000	18.168367346938776	95.0%	0.027	2.379527620769062
chr18	36255001	36290000	chr18	36005001	36290000	285000	35000	17.140350877192983	95.0%	0.031	2.3654253896825037
chr3	72810001	72835000	chr3	71870001	72835000	965000	25000	5.95440414507772	95.0%	0.054	2.364049403716296
chr12	47000001	47025000	chr12	45995001	47025000	1030000	25000	8.55242718446602	95.0%	0.033	2.361074950665667
chr2	69010001	69035000	chr2	69010001	69580000	570000	25000	14.850877192982455	96.0%	0.0595	2.3555117620376733
chr9	97595001	97615000	chr9	97385001	97615000	230000	20000	20.21195652173913	97.0%	0.0195	2.3529625030408856
chr1	13225001	13250000	chr1	13225001	13445000	220000	25000	18.6	98.0%	0.0305	2.3519514997764897
chr14	90290001	90315000	chr14	90290001	90770000	480000	25000	10.7625	97.0%	0.06	2.3505923206096493
chr7	11825001	11850000	chr7	11825001	12530000	705000	25000	7.753191489361702	97.0%	0.089	2.3505856036788244
chr1	160095001	160115000	chr1	160095001	160300000	205000	20000	22.701219512195124	97.0%	0.01	2.34999012095252
chr14	58055001	58075000	chr14	57450001	58075000	625000	20000	8.266	96.0%	0.035	2.3484257218715445
chr11	17050001	17070000	chr11	16775001	17070000	295000	20000	16.51271186440678	95.0%	0.03	2.3481660787987857
chr4	56785001	56805000	chr4	56575001	56805000	230000	20000	19.619565217391305	97.0%	0.014	2.3449235988503836
chr7	17300001	17320000	chr7	17300001	17670000	370000	20000	13.06081081081081	95.0%	0.040499999999999994	2.3431554741741083
chr1	109385001	109410000	chr1	109185001	109410000	225000	25000	21.52888888888889	95.0%	0.044	2.340563982922931
chr5	96745001	96765000	chr5	96745001	97175000	430000	20000	12.354651162790697	95.0%	0.032	2.3402764457361886
chr12	9030001	9050000	chr12	8660001	9050000	390000	20000	12.496794871794872	96.0%	0.019	2.340246957729632
chr2	210190001	210210000	chr2	209870001	210210000	340000	20000	14.852941176470589	97.0%	0.0325	2.3376822896526326
chr1	207080001	207100000	chr1	207080001	207505000	425000	20000	12.291176470588235	98.0%	0.06	2.3334551907164935
chr12	12690001	12710000	chr12	12025001	12710000	685000	20000	8.498175182481752	98.0%	0.042	2.333372361391424
chr10	77165001	77185000	chr10	77165001	77710000	545000	20000	10.454128440366972	98.0%	0.037	2.3233174010284077
chr2	48085001	48105000	chr2	47735001	48105000	370000	20000	19.93243243243243	97.0%	0.0505	2.3210751438719295
chr7	143200001	143215000	chr7	142830001	143215000	385000	15000	14.987012987012987	96.0%	0.033	2.3082107366212536
chr6	26330001	26350000	chr6	26330001	26595000	265000	20000	19.07547169811321	98.0%	0.031	2.306461909554566
chr12	76445001	76470000	chr12	75470001	76470000	1000000	25000	5.589	98.0%	0.0895	2.3056067501426525
chr7	116245001	116265000	chr7	116245001	116665000	420000	20000	13.607142857142858	96.0%	0.0805	2.297727046572344
chr5	56270001	56290000	chr5	56270001	56900000	630000	20000	9.716269841269842	97.0%	0.0345	2.294266213991966
chr2	149590001	149620000	chr2	149590001	150515000	925000	30000	6.39009009009009	95.0%	0.04	2.28626013740849
chr18	3660001	3680000	chr18	3265001	3680000	415000	20000	11.319277108433734	97.0%	0.058	2.2831314413406663
chr3	48135001	48155000	chr3	47795001	48155000	360000	20000	13.850694444444445	96.0%	0.053000000000000005	2.2778611589589413
chr3	32130001	32150000	chr3	31650001	32150000	500000	20000	10.9425	97.0%	0.0225	2.2761752217027293
chr1	39090001	39110000	chr1	39090001	39410000	320000	20000	13.67578125	96.0%	0.03	2.2756313702424316
chr1	62390001	62410000	chr1	62160001	62410000	250000	20000	20.295	97.0%	0.048	2.2748160904121564
chr3	86765001	86785000	chr3	86765001	87295000	530000	20000	9.379716981132075	95.0%	0.065	2.2720339046137363
chr7	129630001	129650000	chr7	129340001	129650000	310000	20000	15.193548387096774	97.0%	0.0305	2.2701585345141937
chr8	18200001	18220000	chr8	18200001	18875000	675000	20000	9.322222222222223	96.0%	0.04	2.268745668007141
chr1	223670001	223690000	chr1	223085001	223690000	605000	20000	9.607142857142858	97.0%	0.026	2.2664774769326153
chr14	91650001	91670000	chr14	91650001	91920000	270000	20000	17.89351851851852	97.0%	0.0435	2.2649399332522013
chr3	62865001	62885000	chr3	62865001	63135000	270000	20000	16.75925925925926	97.0%	0.03	2.2634985769452456
chr20	805001	825000	chr20	805001	975000	170000	20000	22.301470588235293	95.0%	0.045	2.2632544323078823
chr21	38110001	38130000	chr21	37695001	38130000	435000	20000	11.672413793103448	96.0%	0.066	2.25994045148769
chr8	18670001	18690000	chr8	18270001	18690000	420000	20000	12.008928571428571	97.0%	0.026	2.257679590283652
chr8	38945001	38970000	chr8	38810001	38970000	160000	25000	29.7875	97.0%	0.0165	2.2565103612211477
chr20	45270001	45295000	chr20	45040001	45295000	255000	25000	19.015686274509804	96.0%	0.029	2.251739946931702
chr4	140835001	140855000	chr4	140505001	140855000	350000	20000	14.7	98.0%	0.0165	2.2454443237354473
chr4	16010001	16040000	chr4	16010001	16280000	270000	30000	18.62345679012346	95.0%	0.048	2.2453040209958646
chr2	57750001	57770000	chr2	57750001	58765000	1015000	20000	9.39655172413793	96.0%	0.037	2.2443121296212367
chr6	49835001	49860000	chr6	49405001	49860000	455000	25000	11.797802197802197	95.0%	0.04	2.2400029056494564
chr7	43690001	43715000	chr7	43435001	43715000	280000	25000	17.67142857142857	97.0%	0.020499999999999997	2.235892369300649
chr9	98255001	98275000	chr9	97925001	98275000	350000	20000	13.164285714285715	96.0%	0.036000000000000004	2.23485485535094
chr11	27455001	27490000	chr11	27255001	27490000	235000	35000	19.595744680851062	97.0%	0.016	2.2329816163086216
chr17	65285001	65305000	chr17	65285001	65455000	170000	20000	24.86764705882353	98.0%	0.022	2.232364754343233
chr9	100700001	100720000	chr9	100700001	101320000	620000	20000	8.997983870967742	95.0%	0.0455	2.2319767021844448
chr8	110820001	110840000	chr8	110820001	111335000	515000	20000	10.150485436893204	96.0%	0.034	2.2306425657513804
chr9	104165001	104190000	chr9	104165001	104730000	565000	25000	9.775221238938054	95.0%	0.073	2.230279912878615
chr12	66075001	66095000	chr12	65545001	66095000	550000	20000	10.131818181818181	97.0%	0.025	2.226821304161551
chr4	38175001	38195000	chr4	38175001	38745000	570000	20000	9.75438596491228	99.0%	0.0385	2.2257994667785903
chr3	97785001	97820000	chr3	97785001	98030000	245000	35000	19.68221574344023	98.0%	0.085	2.22432679205942
chr6	144580001	144600000	chr6	144580001	145175000	595000	20000	10.298319327731093	96.0%	0.053	2.2237333103306307
chr6	109055001	109080000	chr6	108725001	109080000	355000	25000	13.783098591549296	96.0%	0.022	2.2205276221429817
chr4	108010001	108035000	chr4	108010001	108575000	565000	25000	10.292035398230087	97.0%	0.049	2.220402553161641
chr5	159145001	159170000	chr5	159145001	159440000	295000	25000	16.454237288135594	97.0%	0.035	2.216741844456346
chr6	61380001	61415000	chr6	61155001	61415000	260000	35000	19.04968944099379	98.0%	0.0175	2.2146873716189335
chr6	24680001	24705000	chr6	24415001	24705000	290000	25000	17.90344827586207	95.0%	0.0225	2.2117715833197003
chr2	224765001	224795000	chr2	224320001	224795000	475000	30000	11.429824561403509	95.0%	0.021	2.2109797175027284
chr10	11970001	11990000	chr10	11775001	11990000	215000	20000	21.709302325581394	97.0%	0.03	2.2074764869556076
chr12	52980001	53005000	chr12	52105001	53005000	900000	25000	5.67	95.0%	0.028	2.2066933511788487
chr2	133875001	133895000	chr2	133875001	134540000	665000	20000	7.68984962406015	96.0%	0.028	2.206395549053908
chr4	6705001	6725000	chr4	6705001	7090000	385000	20000	12.285714285714286	95.0%	0.024	2.2063388034744156
chr4	155345001	155370000	chr4	154800001	155370000	570000	25000	9.159649122807018	95.0%	0.0395	2.204494896961475
chr11	44885001	44905000	chr11	44625001	44905000	280000	20000	16.700892857142858	95.0%	0.02	2.201021550371374
chr10	24625001	24650000	chr10	24625001	25095000	470000	25000	10.240425531914893	97.0%	0.055	2.200244973290981
chr6	82255001	82280000	chr6	82255001	82800000	545000	25000	9.491743119266054	97.0%	0.029	2.200156442406116
chr11	34345001	34365000	chr11	33795001	34365000	570000	20000	9.12719298245614	95.0%	0.031	2.199021707997783
chr16	68895001	68915000	chr16	68895001	69130000	235000	20000	19.319148936170212	96.0%	0.077	2.1965385884321718
chr8	73295001	73320000	chr8	73295001	73665000	370000	25000	14.043243243243243	95.0%	0.032	2.194010735874526
chr18	49850001	49875000	chr18	49495001	49875000	380000	25000	12.284210526315789	95.0%	0.033	2.19029907335386
chr6	21575001	21595000	chr6	20885001	21595000	710000	20000	6.742957746478873	97.0%	0.031	2.1866886954305325
chr2	166520001	166550000	chr2	166520001	167350000	830000	30000	6.734939759036145	95.0%	0.0655	2.18417417569775
chr18	24720001	24740000	chr18	24475001	24740000	265000	20000	16.245283018867923	95.0%	0.032	2.182015881824031
chr7	70675001	70705000	chr7	70050001	70705000	655000	30000	7.805343511450381	95.0%	0.045	2.1754019773175646
chr6	145610001	145645000	chr6	144960001	145645000	685000	35000	9.092805005213764	95.0%	0.046	2.1723369124781824
chr12	77910001	77930000	chr12	77585001	77930000	345000	20000	15.880434782608695	96.0%	0.045	2.1711031998923587
chr19	2465001	2485000	chr19	2465001	2630000	165000	20000	21.96212121212121	97.0%	0.015	2.170635475531795
chr2	225625001	225660000	chr2	225005001	225660000	655000	35000	9.654307524536533	95.0%	0.071	2.168778917793227
chr6	7225001	7245000	chr6	6675001	7245000	570000	20000	9.471491228070175	95.0%	0.0265	2.1682358829371857
chr8	8265001	8285000	chr8	8265001	8465000	200000	20000	21.6125	98.0%	0.0245	2.165352021802428
chr6	14450001	14470000	chr6	14450001	14685000	235000	20000	28.904255319148938	97.0%	0.032	2.164580894364323
chr7	85040001	85060000	chr7	85040001	85860000	820000	20000	7.400914634146342	96.0%	0.0695	2.164242271288794
chr4	176325001	176350000	chr4	175860001	176350000	490000	25000	10.520408163265305	97.0%	0.0315	2.163440825579599
chr12	26005001	26030000	chr12	25390001	26030000	640000	25000	8.975	96.0%	0.0385	2.151159257960448
chr10	58770001	58790000	chr10	58770001	59630000	860000	20000	7.132267441860465	96.0%	0.04	2.1484507554247583
chr13	100220001	100240000	chr13	99910001	100240000	330000	20000	14.75	95.0%	0.0345	2.1484070185790762
chr13	34055001	34090000	chr13	33810001	34090000	280000	35000	17.428571428571427	95.0%	0.035	2.147208110527408
chr5	122515001	122535000	chr5	122515001	123420000	905000	20000	6.697513812154696	95.0%	0.052	2.1426476944233857
chr14	55430001	55455000	chr14	55430001	56480000	1050000	25000	5.001904761904762	95.0%	0.048	2.1424960053166835
chr11	14285001	14310000	chr11	14285001	14490000	205000	25000	23.20487804878049	97.0%	0.02	2.1405100390950347
chr5	147945001	147960000	chr5	147945001	148175000	230000	15000	17.55072463768116	97.0%	0.0655	2.1404201547071424
chr20	4560001	4595000	chr20	4095001	4595000	500000	35000	11.304285714285713	96.0%	0.058499999999999996	2.1384222670986817
chr7	98160001	98190000	chr7	97895001	98190000	295000	30000	17.559322033898304	95.0%	0.041	2.137366753468394
chr12	50490001	50515000	chr12	50490001	50760000	270000	25000	17.462962962962962	95.0%	0.0315	2.1330269215491064
chr16	78110001	78135000	chr16	78110001	78520000	410000	25000	11.73170731707317	95.0%	0.038000000000000006	2.130054185094423
chr2	47750001	47780000	chr2	46915001	47780000	865000	30000	9.448940269749519	95.0%	0.096	2.1278909500293155
chr20	25390001	25410000	chr20	25155001	25410000	255000	20000	15.799019607843137	97.0%	0.027	2.1263414622727677
chr3	185980001	186000000	chr3	185980001	186550000	570000	20000	10.300438596491228	95.0%	0.051500000000000004	2.1257968557233617
chr2	45625001	45650000	chr2	45625001	46000000	375000	25000	20.010666666666665	97.0%	0.035	2.1236300600463953
chr3	32915001	32940000	chr3	32695001	32940000	245000	25000	19.1265306122449	96.0%	0.027	2.1208542483305504
chr2	109705001	109735000	chr2	109515001	109735000	220000	30000	21.738636363636363	95.0%	0.0035	2.1187236412816137
chr12	27925001	27950000	chr12	27720001	27950000	230000	25000	21.03913043478261	95.0%	0.021	2.113261675485929
chr1	61840001	61860000	chr1	61430001	61860000	430000	20000	12.375	96.0%	0.038000000000000006	2.1125563158681895
chr9	19440001	19460000	chr9	19020001	19460000	440000	20000	11.360795454545455	96.0%	0.046	2.111107510119222
chr15	68145001	68165000	chr15	67865001	68165000	300000	20000	16.004166666666666	95.0%	0.0505	2.110905840944704
chr10	5435001	5455000	chr10	5435001	5765000	330000	20000	14.401515151515152	97.0%	0.0335	2.108888614394226
chr13	23860001	23885000	chr13	23465001	23885000	420000	25000	10.742857142857144	97.0%	0.0195	2.106248434926034
chr7	113155001	113190000	chr7	113155001	113695000	540000	35000	14.626984126984127	95.0%	0.049	2.1060856488202333
chr12	31625001	31650000	chr12	31235001	31650000	415000	25000	11.375903614457831	95.0%	0.031	2.0988547474131014
chr12	115740001	115765000	chr12	114610001	115765000	1155000	25000	5.195670995670996	96.0%	0.06	2.090849697440539
chr7	120785001	120815000	chr7	120785001	121115000	330000	30000	16.141414141414142	95.0%	0.071	2.0900868639643955
chr11	45105001	45125000	chr11	45105001	45335000	230000	20000	18.01086956521739	97.0%	0.02	2.0883374069961245
chr4	110955001	110975000	chr4	110510001	110975000	465000	20000	11.397849462365592	97.0%	0.031	2.086323427013669
chr12	63055001	63075000	chr12	62510001	63075000	565000	20000	9.440265486725664	95.0%	0.046	2.0861980459679685
chr4	49500001	49520000	chr4	49500001	49655000	155000	20000	67.5	98.0%	0.006	2.0860463174362773
chr12	32295001	32315000	chr12	31935001	32315000	380000	20000	11.963815789473685	96.0%	0.0265	2.0805050917082695
chr16	10710001	10735000	chr16	10505001	10735000	230000	25000	18.786956521739132	98.0%	0.0365	2.0760732136420645
chr3	113040001	113060000	chr3	113040001	113635000	595000	20000	8.573529411764707	96.0%	0.037	2.075120827521054
chr20	5085001	5105000	chr20	4930001	5105000	175000	20000	23.485714285714284	96.0%	0.03	2.072621584257687
chr16	69385001	69405000	chr16	69385001	69760000	375000	20000	11.49	95.0%	0.043	2.071644833385147
chr10	77625001	77660000	chr10	77165001	77660000	495000	35000	11.331890331890332	96.0%	0.066	2.070687828558479
chr7	148945001	148975000	chr7	148505001	148975000	470000	30000	10.304964539007093	95.0%	0.064	2.0646644966152867
chr5	173615001	173635000	chr5	173615001	173985000	370000	20000	13.02027027027027	96.0%	0.0965	2.060612648740756
chr4	123390001	123410000	chr4	123390001	123645000	255000	20000	17.504901960784313	97.0%	0.037	2.0590399636502337
chr6	139360001	139380000	chr6	139360001	140135000	775000	20000	6.135483870967742	95.0%	0.034	2.057916913726107
chr4	114055001	114080000	chr4	113775001	114080000	305000	25000	16.439344262295084	98.0%	0.028	2.057481844811378
chr15	29915001	29940000	chr15	29645001	29940000	295000	25000	14.745762711864407	98.0%	0.035	2.0562801968113784
chr9	94675001	94695000	chr9	94675001	95175000	500000	20000	10.96	97.0%	0.086	2.0561348894018807
chr22	29990001	30010000	chr22	29680001	30010000	330000	20000	14.609848484848484	95.0%	0.081	2.0505796758441677
chr7	48865001	48885000	chr7	48290001	48885000	595000	20000	7.936974789915967	96.0%	0.083	2.0493949586408866
chr14	51760001	51780000	chr14	51145001	51780000	635000	20000	8.226377952755906	95.0%	0.094	2.047383555175422
chr18	48015001	48035000	chr18	48015001	48465000	450000	20000	10.011111111111111	97.0%	0.07100000000000001	2.0447979983713305
chr3	4710001	4740000	chr3	4710001	5050000	340000	30000	15.823529411764705	97.0%	0.08549999999999999	2.042239810043797
chr2	173200001	173220000	chr2	172930001	173220000	290000	20000	18.254310344827587	96.0%	0.028	2.0409421977614874
chr6	33225001	33250000	chr6	32995001	33250000	255000	25000	19.501960784313727	95.0%	0.022	2.0395597088561592
chr6	161355001	161375000	chr6	160720001	161375000	655000	20000	7.711832061068702	95.0%	0.08	2.039294224788636
chr2	230790001	230810000	chr2	230600001	230810000	210000	20000	22.357142857142858	97.0%	0.006500000000000001	2.038363747306935
chr5	146035001	146055000	chr5	145805001	146055000	250000	20000	19.43	98.0%	0.0135	2.0339084524415214
chr16	82255001	82275000	chr16	82255001	82645000	390000	20000	12.057692307692308	96.0%	0.08049999999999999	2.0335695214009455
chr14	59955001	59975000	chr14	59955001	60210000	255000	20000	17.068627450980394	95.0%	0.046	2.031767021284844
chr15	40880001	40900000	chr15	40620001	40900000	280000	20000	15.375	95.0%	0.031	2.0317501193633003
chr3	134295001	134315000	chr3	134295001	134485000	190000	20000	24.32894736842105	98.0%	0.035500000000000004	2.0315557787607377
chr11	2865001	2890000	chr11	2425001	2890000	465000	25000	13.746236559139785	95.0%	0.031	2.031192993828561
chr8	27070001	27095000	chr8	26665001	27095000	430000	25000	12.216279069767442	96.0%	0.0645	2.0310503117180763
chr6	99455001	99475000	chr6	99455001	99845000	390000	20000	12.451923076923077	95.0%	0.041999999999999996	2.029175662838877
chr6	150410001	150430000	chr6	150410001	150765000	355000	20000	13.133802816901408	95.0%	0.051	2.023082284651914
chr1	178265001	178295000	chr1	177940001	178295000	355000	30000	14.687793427230048	95.0%	0.05	2.0229074329770653
chr6	60225001	60245000	chr6	60225001	61420000	1195000	20000	4.789699570815451	95.0%	0.026	2.0228500403956304
chr12	46650001	46670000	chr12	46245001	46670000	425000	20000	12.50294117647059	95.0%	0.038	2.022573405633792
chr2	54495001	54515000	chr2	54115001	54515000	400000	20000	18.51875	96.0%	0.0315	2.0193184820085293
chr5	17215001	17240000	chr5	17215001	18325000	1110000	25000	5.2679245283018865	95.0%	0.0905	2.017410841762272
chr5	141205001	141225000	chr5	141205001	141580000	375000	20000	11.373333333333333	95.0%	0.037	2.013778260760368
chr3	122385001	122405000	chr3	122385001	123040000	655000	20000	8.76908396946565	96.0%	0.03	2.011860337831506
chr17	50280001	50305000	chr17	50085001	50305000	220000	25000	21.222727272727273	95.0%	0.0305	2.0099136809598375
chr3	142575001	142600000	chr3	142575001	142950000	375000	25000	12.653333333333332	96.0%	0.029	2.0094641187157385
chr1	151145001	151165000	chr1	151005001	151165000	160000	20000	26.4609375	95.0%	0.0265	2.00586061452781
chr7	54765001	54785000	chr7	54765001	55425000	660000	20000	8.570075757575758	95.0%	0.03	2.0058230387289053
chr7	21235001	21255000	chr7	20760001	21255000	495000	20000	10.805555555555555	95.0%	0.046	1.99750219300481
chr14	102685001	102705000	chr14	102685001	103110000	425000	20000	11.532352941176471	96.0%	0.078	1.9952439540284164
chr13	92175001	92200000	chr13	92175001	92535000	360000	25000	12.155555555555555	97.0%	0.035	1.9948673594000297
chr5	80080001	80100000	chr5	80080001	80320000	240000	20000	18.229166666666668	98.0%	0.0365	1.9921508801387429
chr5	175430001	175445000	chr5	175000001	175445000	445000	15000	11.43071161048689	98.0%	0.026	1.9917677759064887
chr4	71700001	71720000	chr4	70605001	71720000	1115000	20000	5.48542600896861	95.0%	0.035	1.9905940416859023
chr1	207775001	207805000	chr1	207580001	207805000	225000	30000	21.214814814814815	96.0%	0.032	1.9903962030001965
chr2	164725001	164745000	chr2	164725001	164995000	270000	20000	18.90740740740741	98.0%	0.036	1.987876036570303
chr20	17885001	17905000	chr20	17565001	17905000	340000	20000	13.547794117647058	95.0%	0.064	1.9848191132542066
chr14	101690001	101710000	chr14	101690001	101960000	270000	20000	15.36574074074074	97.0%	0.0325	1.98439234433166
chr6	13325001	13345000	chr6	13325001	13645000	320000	20000	14.20703125	95.0%	0.0325	1.983030349514148
chr2	33360001	33385000	chr2	32540001	33385000	845000	25000	10.654437869822484	95.0%	0.035	1.9809238166299528
chr1	36410001	36430000	chr1	36090001	36430000	340000	20000	14.345588235294118	95.0%	0.046	1.9808273020619336
chr11	117090001	117105000	chr11	116730001	117105000	375000	15000	14.444444444444445	95.0%	0.032	1.978029974904376
chr15	35285001	35310000	chr15	35285001	35655000	370000	25000	12.381081081081081	95.0%	0.0805	1.9699676227511886
chr3	33760001	33790000	chr3	32945001	33790000	845000	30000	7.169625246548324	95.0%	0.033	1.9638398926478304
chr5	88720001	88740000	chr5	88720001	89555000	835000	20000	6.276946107784431	96.0%	0.028	1.960339277175424
chr4	90270001	90290000	chr4	89990001	90290000	300000	20000	16.308333333333334	95.0%	0.0325	1.9576736481355521
chr16	72820001	72840000	chr16	72820001	73210000	390000	20000	12.583333333333334	95.0%	0.0645	1.956856953641837
chr7	37900001	37920000	chr7	37900001	38355000	455000	20000	12.398351648351648	96.0%	0.019	1.9559057908451838
chr18	6865001	6885000	chr18	6570001	6885000	315000	20000	14.805555555555555	95.0%	0.033	1.955511810702356
chr6	170510001	170530000	chr6	169705001	170530000	825000	20000	6.5212121212121215	97.0%	0.032	1.9525448855661502
chr9	75060001	75080000	chr9	74770001	75080000	310000	20000	15.451612903225806	95.0%	0.041999999999999996	1.952320485508155
chr10	18210001	18230000	chr10	17745001	18230000	485000	20000	10.873711340206185	96.0%	0.031	1.9475654043147135
chr3	189950001	189980000	chr3	189950001	190440000	490000	30000	11.892857142857144	95.0%	0.055999999999999994	1.9454448407489842
chr3	111710001	111730000	chr3	111710001	112045000	335000	20000	16.708955223880597	98.0%	0.012	1.9447965604651156
chr12	47825001	47845000	chr12	47705001	47845000	140000	20000	30.928571428571427	96.0%	0.0055	1.9369200943080684
chr12	4745001	4765000	chr12	4520001	4765000	245000	20000	18.698979591836736	97.0%	0.021	1.9333889173447116
chr6	127290001	127310000	chr6	127290001	127550000	260000	20000	18.79326923076923	95.0%	0.027999999999999997	1.9292605709354846
chr9	69955001	69980000	chr9	69955001	70265000	310000	25000	16.170967741935485	97.0%	0.047	1.9255901148183383
chr6	135520001	135545000	chr6	135520001	136230000	710000	25000	8.588732394366197	96.0%	0.0455	1.9217507526552884
chr8	26120001	26140000	chr8	26120001	26370000	250000	20000	19.015	98.0%	0.03	1.91517118069321
chr2	73810001	73830000	chr2	73810001	74380000	570000	20000	9.278508771929825	95.0%	0.028	1.91168361664898
chr4	94585001	94605000	chr4	94300001	94605000	305000	20000	18.352459016393443	96.0%	0.032	1.9113877971685433
chr16	70755001	70775000	chr16	70485001	70775000	290000	20000	13.935344827586206	95.0%	0.045	1.9094976730517108
chr9	89590001	89610000	chr9	89590001	90060000	470000	20000	9.034574468085106	97.0%	0.067	1.9065275535623125
chr2	165000001	165025000	chr2	165000001	165305000	305000	25000	16.311475409836067	96.0%	0.036	1.9065073835487976
chr5	142145001	142165000	chr5	142145001	142545000	400000	20000	12.228125	95.0%	0.047	1.8999592395163156
chr11	14225001	14255000	chr11	13760001	14255000	495000	30000	11.146464646464645	95.0%	0.035	1.8991151844457983
chr11	125865001	125885000	chr11	125330001	125885000	555000	20000	8.493243243243244	95.0%	0.036	1.8965707373374996
chr22	17545001	17570000	chr22	17545001	17830000	285000	25000	14.014035087719298	95.0%	0.074	1.8960268548341046
chr3	108660001	108680000	chr3	108660001	108960000	300000	20000	16.191666666666666	97.0%	0.08449999999999999	1.89602673296495
chr3	8095001	8115000	chr3	7365001	8115000	750000	20000	7.815	97.0%	0.0565	1.8914906514460756
chr4	10525001	10550000	chr4	10125001	10550000	425000	25000	11.91604938271605	95.0%	0.032	1.8907421275322278
chrX	106865001	106890000	chrX	106865001	108055000	1190000	25000	2.610924369747899	95.0%	0.061	1.8896777917307355
chr9	83325001	83350000	chr9	83325001	83660000	335000	25000	15.585074626865671	97.0%	0.099	1.886723807171101
chr2	160095001	160115000	chr2	160095001	161110000	1015000	20000	6.822660098522167	95.0%	0.017	1.8829552417228292
chr14	73495001	73520000	chr14	73495001	73640000	145000	25000	28.742857142857144	99.0%	0.007	1.8820683127026732
chr16	8650001	8670000	chr16	8650001	9105000	455000	20000	10.442307692307692	95.0%	0.065	1.8815815741767343
chr20	47605001	47625000	chr20	47215001	47625000	410000	20000	12.039634146341463	95.0%	0.0345	1.8787754576008873
chr12	117860001	117880000	chr12	117860001	118190000	330000	20000	14.106060606060606	96.0%	0.017	1.8752213133875493
chr20	19985001	20010000	chr20	19780001	20010000	230000	25000	19.98695652173913	96.0%	0.0295	1.8746871548342205
chr12	20915001	20950000	chr12	20685001	20950000	265000	35000	26.8544474393531	98.0%	0.039	1.8688986558089624
chr19	8340001	8360000	chr19	8340001	8515000	175000	20000	20.571428571428573	96.0%	0.03	1.8686133595669328
chr17	47305001	47325000	chr17	47055001	47325000	270000	20000	16.63425925925926	95.0%	0.0345	1.8642359174634169
chr2	29290001	29310000	chr2	29290001	30070000	780000	20000	7.9375	97.0%	0.041	1.8619840869208084
chr1	44590001	44610000	chr1	44075001	44610000	535000	20000	10.38551401869159	96.0%	0.035	1.8607844431514102
chr4	27040001	27065000	chr4	27040001	27700000	660000	25000	8.119696969696971	97.0%	0.051500000000000004	1.859739258309739
chr4	72695001	72715000	chr4	72695001	73035000	340000	20000	14.6875	95.0%	0.034	1.8570271375588476
chr1	179355001	179380000	chr1	178990001	179380000	390000	25000	11.664102564102564	95.0%	0.0285	1.8535513889613162
chr2	201155001	201175000	chr2	200900001	201175000	275000	20000	18.777272727272727	98.0%	0.028	1.8469767801855423
chr6	12595001	12615000	chr6	11655001	12615000	960000	20000	6.765625	95.0%	0.025500000000000002	1.844607091518048
chr20	38635001	38655000	chr20	38635001	39090000	455000	20000	10.865384615384615	96.0%	0.041	1.8415153553917063
chr5	134295001	134320000	chr5	134295001	134765000	470000	25000	11.13191489361702	96.0%	0.0325	1.8404414615955302
chr5	14635001	14655000	chr5	14330001	14655000	325000	20000	14.0	95.0%	0.087	1.838858618669815
chr20	41320001	41340000	chr20	40975001	41340000	365000	20000	12.726027397260275	95.0%	0.031	1.8380693652581797
chr1	89435001	89465000	chr1	88930001	89465000	535000	30000	9.5	96.0%	0.089	1.8349822141366199
chr2	40540001	40560000	chr2	40060001	40560000	500000	20000	15.8	96.0%	0.0385	1.8331711607613592
chr1	247370001	247395000	chr1	247370001	247580000	210000	25000	22.133333333333333	96.0%	0.0175	1.830867633631845
chr11	19055001	19080000	chr11	19055001	19790000	735000	25000	7.412244897959184	96.0%	0.053	1.8271509086981421
chr4	53185001	53210000	chr4	53185001	53945000	760000	25000	6.364473684210526	98.0%	0.046	1.8263745858538598
chr3	120390001	120415000	chr3	120215001	120415000	200000	25000	24.605	95.0%	0.0185	1.8263231956499564
chr9	6570001	6590000	chr9	6570001	6750000	180000	20000	24.131944444444443	96.0%	0.027	1.8261378278404674
chr5	172705001	172725000	chr5	172705001	173290000	585000	20000	8.643162393162394	97.0%	0.055	1.824205993355165
chr18	22970001	22990000	chr18	22800001	22990000	190000	20000	23.019736842105264	98.0%	0.053	1.8238849909406565
chr1	202975001	203005000	chr1	202430001	203005000	575000	30000	9.256521739130434	96.0%	0.048	1.8221963298183708
chr4	84960001	84980000	chr4	84495001	84980000	485000	20000	10.04896907216495	97.0%	0.034	1.8210285979863605
chr8	23675001	23695000	chr8	23465001	23695000	230000	20000	21.402173913043477	98.0%	0.0095	1.8204672027075044
chr11	7090001	7110000	chr11	7090001	7785000	695000	20000	11.08453237410072	95.0%	0.077	1.8185004087938392
chr6	105725001	105760000	chr6	105725001	106240000	515000	35000	10.951456310679612	95.0%	0.044	1.8161682643909536
chr3	182705001	182725000	chr3	182705001	183180000	475000	20000	10.723684210526315	95.0%	0.027	1.8161075098574462
chr11	14780001	14800000	chr11	14780001	15095000	315000	20000	14.436507936507937	96.0%	0.042	1.815718751382845
chr5	39575001	39600000	chr5	39575001	40740000	1165000	25000	4.963948497854077	98.0%	0.042	1.814963151506292
chr1	113970001	113990000	chr1	113970001	114360000	390000	20000	12.551282051282051	95.0%	0.061	1.8136741350223209
chr16	30015001	30035000	chr16	29690001	30035000	345000	20000	11.192028985507246	97.0%	0.045	1.8081931501511193
chr6	31355001	31380000	chr6	31125001	31380000	255000	25000	18.262745098039215	95.0%	0.035	1.8033982286059478
chr15	98060001	98085000	chr15	97905001	98085000	180000	25000	27.56666666666667	98.0%	0.0245	1.801849128146877
chr1	212980001	213005000	chr1	212620001	213005000	385000	25000	12.911688311688312	95.0%	0.051	1.8000334596466885
chr12	15585001	15610000	chr12	15585001	15870000	285000	25000	20.042105263157897	97.0%	0.038	1.7986664310938612
chr13	99435001	99460000	chr13	99435001	99660000	225000	25000	20.453333333333333	96.0%	0.029	1.7965995897835438
chr4	27300001	27330000	chr4	27045001	27330000	285000	30000	18.2046783625731	96.0%	0.053	1.7951414056864996
chr15	43625001	43650000	chr15	43330001	43650000	320000	25000	9.74375	95.0%	0.055	1.7927740834872943
chr14	73455001	73475000	chr14	72895001	73475000	580000	20000	8.564655172413794	95.0%	0.04	1.792059216671388
chr12	104195001	104215000	chr12	104195001	104380000	185000	20000	24.385135135135137	98.0%	0.011	1.7915557094035386
chr2	134105001	134125000	chr2	134105001	134465000	360000	20000	12.256944444444445	98.0%	0.028999999999999998	1.7879021321310413
chr17	81470001	81490000	chr17	81245001	81490000	245000	20000	15.224489795918368	95.0%	0.038	1.7873248069262686
chr4	76055001	76085000	chr4	75885001	76085000	200000	30000	25.929166666666664	97.0%	0.012	1.78651638021714
chr4	168170001	168195000	chr4	168170001	169000000	830000	25000	6.524096385542168	95.0%	0.081	1.7847050458265576
chr8	26645001	26670000	chr8	26505001	26670000	165000	25000	27.484848484848488	96.0%	0.042	1.7839838554742047
chr16	21805001	21825000	chr16	21805001	22190000	385000	20000	6.607142857142857	95.0%	0.078	1.7834762147656542
chr16	32255001	32275000	chr16	32255001	32645000	390000	20000	9.333333333333334	95.0%	0.076	1.780336542981735
chr6	75525001	75550000	chr6	75215001	75550000	335000	25000	15.155223880597015	98.0%	0.026	1.7783594160486944
chr20	49320001	49335000	chr20	49320001	49605000	285000	15000	16.526315789473685	97.0%	0.049	1.7780624650374046
chr5	75665001	75685000	chr5	75285001	75685000	400000	20000	11.9125	95.0%	0.042499999999999996	1.7761093294930463
chr1	163160001	163180000	chr1	162830001	163180000	350000	20000	14.992857142857142	96.0%	0.0735	1.7758087605254855
chr8	37675001	37700000	chr8	37535001	37700000	165000	25000	27.024242424242424	96.0%	0.026	1.7715819352942237
chr15	75300001	75320000	chr15	74760001	75320000	560000	20000	7.303571428571429	95.0%	0.0825	1.7707546416074094
chr11	65500001	65520000	chr11	65320001	65520000	200000	20000	21.08125	98.0%	0.013999999999999999	1.7706853839585068
chr15	50295001	50315000	chr15	50135001	50315000	180000	20000	23.75	97.0%	0.035500000000000004	1.770631353915358
chr5	136755001	136780000	chr5	136280001	136780000	500000	25000	10.174	95.0%	0.0515	1.77044282222616
chr2	191540001	191570000	chr2	191540001	191820000	280000	30000	18.955357142857142	99.0%	0.006	1.7680284772060395
chr10	60735001	60770000	chr10	60435001	60770000	335000	35000	15.968017057569297	95.0%	0.022	1.7667045835233701
chr6	168330001	168355000	chr6	168140001	168355000	215000	25000	20.706976744186047	96.0%	0.014	1.7664024912509584
chr7	121980001	122005000	chr7	121085001	122005000	920000	25000	6.1706521739130435	97.0%	0.0685	1.765127458832906
chr7	100945001	100965000	chr7	100945001	101075000	130000	20000	66.00961538461539	99.0%	0.0075	1.7610925774450938
chr3	186835001	186855000	chr3	186835001	187325000	490000	20000	10.71173469387755	96.0%	0.041999999999999996	1.7607531944247612
chr20	58225001	58250000	chr20	58225001	58695000	470000	25000	9.623404255319148	95.0%	0.0395	1.7595815219861444
chr5	96320001	96335000	chr5	95855001	96335000	480000	15000	11.864583333333334	98.0%	0.0275	1.759167755367001
chr16	14510001	14530000	chr16	14265001	14530000	265000	20000	17.97641509433962	97.0%	0.065	1.7569955435991014
chr10	72360001	72380000	chr10	72360001	73060000	700000	20000	8.153571428571428	95.0%	0.08	1.756972192702101
chr7	131635001	131665000	chr7	131485001	131665000	180000	30000	23.305555555555557	96.0%	0.024	1.756208857620118
chr7	82715001	82735000	chr7	82130001	82735000	605000	20000	9.440082644628099	97.0%	0.037	1.751563431077035
chr3	40165001	40190000	chr3	39630001	40190000	560000	25000	9.50357142857143	95.0%	0.031	1.750665631645385
chr16	70630001	70655000	chr16	70305001	70655000	350000	25000	13.180000000000001	96.0%	0.0995	1.74731264095762
chr5	90770001	90795000	chr5	90245001	90795000	550000	25000	10.318181818181818	95.0%	0.0295	1.74049791230654
chr6	111195001	111215000	chr6	111020001	111215000	195000	20000	24.724358974358974	99.0%	0.031	1.738849449196194
chr4	128445001	128465000	chr4	128445001	128880000	435000	20000	12.92816091954023	97.0%	0.041	1.7387257144678538
chr20	340001	360000	chr20	340001	495000	155000	20000	25.193548387096776	97.0%	0.018	1.738084578551252
chr7	122520001	122540000	chr7	122115001	122540000	425000	20000	12.294117647058824	95.0%	0.078	1.736010769579541
chr18	50350001	50370000	chr18	49980001	50370000	390000	20000	11.28525641025641	95.0%	0.038000000000000006	1.730916323012486
chr3	159105001	159125000	chr3	158840001	159125000	285000	20000	18.285087719298247	96.0%	0.035	1.7306774613802425
chr2	222315001	222335000	chr2	222315001	222690000	375000	20000	13.79	95.0%	0.036	1.728954164023314
chr9	123330001	123350000	chr9	122965001	123350000	385000	20000	13.37012987012987	95.0%	0.041	1.7273742627323092
chr8	52105001	52125000	chr8	52105001	52510000	405000	20000	12.030864197530864	96.0%	0.043	1.7264308227014848
chr4	48945001	48970000	chr4	48430001	48970000	540000	25000	9.748148148148148	96.0%	0.025	1.725945464506214
chr5	154635001	154660000	chr5	154635001	155040000	405000	25000	11.375308641975309	96.0%	0.037	1.7226663195366478
chr9	116560001	116580000	chr9	115695001	116580000	885000	20000	6.584745762711864	96.0%	0.071	1.7218400850318292
chr9	130860001	130880000	chr9	130860001	131045000	185000	20000	22.2972972972973	96.0%	0.025	1.7207539945304038
chr2	205660001	205680000	chr2	204850001	205680000	830000	20000	7.195783132530121	95.0%	0.0345	1.7206839682388482
chr2	108345001	108365000	chr2	108345001	108640000	295000	20000	16.491525423728813	98.0%	0.016	1.720341275147439
chr3	10745001	10770000	chr3	10745001	10990000	245000	25000	19.0	96.0%	0.029	1.7201989714381907
chr11	128620001	128640000	chr11	128205001	128640000	435000	20000	12.10919540229885	95.0%	0.071	1.7181080103182114
chr18	810001	835000	chr18	620001	835000	215000	25000	20.065116279069766	95.0%	0.017	1.7134809266043953
chr1	111210001	111230000	chr1	111210001	111425000	215000	20000	20.50581395348837	96.0%	0.041	1.7059230196628232
chr12	27285001	27310000	chr12	26840001	27310000	470000	25000	11.291489361702128	96.0%	0.07050000000000001	1.7020486490312023
chr6	35435001	35460000	chr6	35290001	35460000	170000	25000	25.576470588235292	99.0%	0.025	1.7018080471242882
chr4	86490001	86515000	chr4	86490001	87270000	780000	25000	7.319230769230769	95.0%	0.0545	1.7005769652502072
chr5	68270001	68295000	chr5	68270001	68925000	655000	25000	8.210687022900764	96.0%	0.035	1.6996332878645108
chr10	73625001	73660000	chr10	73255001	73660000	405000	35000	12.691358024691358	95.0%	0.061	1.6993599574383815
chr10	63615001	63635000	chr10	63170001	63635000	465000	20000	10.669354838709678	95.0%	0.036	1.6989286507231935
chr17	35530001	35550000	chr17	35150001	35550000	400000	20000	10.83125	95.0%	0.0615	1.6944885172619062
chr4	95095001	95120000	chr4	94400001	95120000	720000	25000	7.333333333333333	95.0%	0.0605	1.6943990838435923
chr19	13875001	13895000	chr19	13875001	14080000	205000	20000	17.524390243902438	95.0%	0.025	1.6911350651580361
chr2	9115001	9140000	chr2	8830001	9140000	310000	25000	16.63548387096774	97.0%	0.033	1.6910828035278942
chr14	90220001	90240000	chr14	89935001	90240000	305000	20000	14.62295081967213	97.0%	0.07	1.6898494251122524
chr10	99840001	99865000	chr10	99840001	100195000	355000	25000	14.408450704225354	95.0%	0.044	1.68950707717477
chr2	85540001	85560000	chr2	85300001	85560000	260000	20000	20.697115384615383	97.0%	0.0235	1.6875750134511576
chr20	58855001	58875000	chr20	58855001	59490000	635000	20000	7.582677165354331	95.0%	0.077	1.6846688496943465
chr10	26325001	26345000	chr10	26325001	26730000	405000	20000	12.645061728395062	97.0%	0.087	1.6790291761789928
chr6	138795001	138820000	chr6	138795001	139365000	570000	25000	9.510526315789473	95.0%	0.048	1.67795742713144
chr6	142145001	142160000	chr6	142145001	142570000	425000	15000	12.180392156862744	95.0%	0.04	1.675953318199109
chr1	88850001	88885000	chr1	88725001	88885000	160000	35000	29.276785714285715	97.0%	0.044	1.6752553268175132
chr10	89415001	89440000	chr10	89415001	89695000	280000	25000	17.72142857142857	96.0%	0.0435	1.67199931285067
chr16	2130001	2155000	chr16	1950001	2155000	205000	25000	15.21951219512195	95.0%	0.033	1.6702793254586261
chr7	7095001	7115000	chr7	7095001	7555000	460000	20000	11.548913043478262	95.0%	0.026	1.6681378751106044
chr8	103500001	103520000	chr8	103060001	103520000	460000	20000	9.910326086956522	95.0%	0.07450000000000001	1.662842943272926
chr2	96505001	96525000	chr2	96165001	96525000	360000	20000	13.21875	95.0%	0.02	1.6627705799572428
chr3	45500001	45525000	chr3	45500001	45935000	435000	25000	11.896551724137932	95.0%	0.031	1.661088737281827
chr1	16070001	16100000	chr1	16070001	16250000	180000	30000	24.421296296296294	97.0%	0.02	1.658772925550032
chr7	134420001	134440000	chr7	134420001	134710000	290000	20000	16.754310344827587	95.0%	0.0215	1.6553496369079796
chr12	96500001	96525000	chr12	95915001	96525000	610000	25000	8.580327868852459	95.0%	0.08199999999999999	1.6531017206235374
chr4	113385001	113405000	chr4	113385001	114220000	835000	20000	7.169161676646707	96.0%	0.053	1.652422702237955
chr1	173420001	173435000	chr1	173420001	174125000	705000	15000	7.91016548463357	95.0%	0.052	1.6519182791369003
chr7	20290001	20320000	chr7	20095001	20320000	225000	30000	21.140740740740743	96.0%	0.039	1.6498981588720696
chr6	127450001	127470000	chr6	127450001	127695000	245000	20000	20.821428571428573	95.0%	0.027	1.6467503618644375
chr20	20560001	20580000	chr20	20360001	20580000	220000	20000	18.289772727272727	97.0%	0.033	1.6439324023430548
chr2	42650001	42670000	chr2	42390001	42670000	280000	20000	27.013392857142858	98.0%	0.033	1.643901421320073
chr7	24800001	24820000	chr7	24800001	25110000	310000	20000	16.088709677419356	96.0%	0.075	1.6433916705251008
chr17	49525001	49560000	chr17	49395001	49560000	165000	35000	25.212121212121215	97.0%	0.017	1.643043173324323
chr2	58560001	58580000	chr2	58560001	59180000	620000	20000	12.32258064516129	95.0%	0.0285	1.64249575945475
chr5	62215001	62235000	chr5	62215001	62415000	200000	20000	17.94375	97.0%	0.021	1.6395630934442096
chr2	190775001	190805000	chr2	190775001	191020000	245000	30000	20.857142857142858	96.0%	0.023	1.6384482136289589
chr4	78855001	78875000	chr4	78505001	78875000	370000	20000	12.594594594594595	95.0%	0.036000000000000004	1.635999364340798
chr3	45645001	45670000	chr3	45505001	45670000	165000	25000	24.96969696969697	96.0%	0.022	1.6356125315912213
chr8	120915001	120940000	chr8	120335001	120940000	605000	25000	9.533884297520661	95.0%	0.021	1.6349583453102727
chr2	200890001	200910000	chr2	200890001	201235000	345000	20000	15.83695652173913	97.0%	0.077	1.6290818514786716
chr5	133105001	133130000	chr5	133105001	133470000	365000	25000	13.43835616438356	98.0%	0.034	1.628663562651214
chr7	12310001	12330000	chr7	11825001	12330000	505000	20000	10.992574257425742	95.0%	0.033	1.6270555533120008
chr15	57550001	57570000	chr15	57550001	57865000	315000	20000	14.166666666666666	95.0%	0.037	1.6261868963894315
chr1	167205001	167225000	chr1	167065001	167225000	160000	20000	27.0859375	97.0%	0.0385	1.6217893563000692
chr4	87830001	87850000	chr4	87330001	87850000	520000	20000	10.442307692307692	95.0%	0.0315	1.6213639153182913
chr15	83235001	83265000	chr15	83235001	83510000	275000	30000	16.71212121212121	95.0%	0.061	1.6194988075086658
chr7	100695001	100725000	chr7	100695001	100890000	195000	30000	21.51282051282051	96.0%	0.012	1.6188377301570707
chr1	24385001	24405000	chr1	24060001	24405000	345000	20000	13.304347826086957	95.0%	0.026	1.6188056323366091
chr4	87455001	87475000	chr4	87255001	87475000	220000	20000	20.943181818181817	96.0%	0.028	1.6147171148032402
chr16	27355001	27375000	chr16	27145001	27375000	230000	20000	18.222826086956523	95.0%	0.0635	1.6132764354184592
chr8	124575001	124600000	chr8	124575001	125080000	505000	25000	10.435643564356436	95.0%	0.062	1.6106660291646497
chr7	123855001	123875000	chr7	123560001	123875000	315000	20000	16.17063492063492	95.0%	0.023	1.6106304193634833
chr4	15795001	15815000	chr4	15795001	16010000	215000	20000	20.267441860465116	99.0%	0.03	1.6086689960898808
chr7	117745001	117770000	chr7	117745001	118165000	420000	25000	13.507142857142858	97.0%	0.07050000000000001	1.607298800913104
chr1	117740001	117765000	chr1	117505001	117765000	260000	25000	17.042307692307695	96.0%	0.079	1.6060927030505328
chr5	43375001	43395000	chr5	42985001	43395000	410000	20000	11.746951219512194	95.0%	0.025500000000000002	1.6055054347488984
chr7	108130001	108150000	chr7	107715001	108150000	435000	20000	12.67816091954023	97.0%	0.078	1.6040178813059243
chr2	26735001	26755000	chr2	26315001	26755000	440000	20000	12.238636363636363	95.0%	0.031	1.603891852879494
chr5	59780001	59805000	chr5	59370001	59805000	435000	25000	12.255172413793103	95.0%	0.032	1.6034055800673932
chr1	180875001	180895000	chr1	180875001	181105000	230000	20000	19.005434782608695	95.0%	0.028999999999999998	1.601853120133948
chr11	72405001	72425000	chr11	72190001	72425000	235000	20000	20.611702127659573	96.0%	0.031	1.6012952626576382
chr11	66820001	66840000	chr11	66385001	66840000	455000	20000	11.343406593406593	97.0%	0.031	1.6008853051648824
chr6	36610001	36630000	chr6	36610001	36765000	155000	20000	26.677419354838708	98.0%	0.015	1.6005805467016008
chr12	94535001	94555000	chr12	94535001	95145000	610000	20000	7.932377049180328	95.0%	0.0465	1.6002226435109448
chr13	33220001	33240000	chr13	33220001	33545000	325000	20000	14.361538461538462	96.0%	0.053	1.5979451146421733
chr11	10790001	10810000	chr11	10790001	10935000	145000	20000	32.60344827586207	98.0%	0.027	1.597739082944778
chr9	90620001	90645000	chr9	90270001	90645000	375000	25000	13.826666666666668	95.0%	0.078	1.597139954347091
chr8	10030001	10050000	chr8	10030001	10370000	340000	20000	14.227941176470589	96.0%	0.058499999999999996	1.5970683086006288
chr2	138355001	138380000	chr2	137900001	138380000	480000	25000	11.48125	97.0%	0.035500000000000004	1.5938892617797662
chr1	38820001	38840000	chr1	37870001	38840000	970000	20000	5.841494845360825	96.0%	0.091	1.5918164254087583
chr10	89250001	89270000	chr10	89250001	89420000	170000	20000	26.330882352941178	99.0%	0.0305	1.5900641233642334
chr11	19885001	19910000	chr11	19290001	19910000	620000	25000	8.341935483870968	95.0%	0.0485	1.5892232835414548
chr4	185585001	185605000	chr4	185095001	185605000	510000	20000	10.044117647058824	95.0%	0.0335	1.58785385432629
chr8	86340001	86360000	chr8	85970001	86360000	390000	20000	12.721153846153847	96.0%	0.0305	1.5862450701231758
chr12	14720001	14745000	chr12	14720001	15270000	550000	25000	9.001818181818182	95.0%	0.0465	1.5800175846885764
chr7	90405001	90430000	chr7	90180001	90430000	250000	25000	18.696	95.0%	0.026	1.5791175639337471
chr6	55045001	55075000	chr6	54700001	55075000	375000	30000	13.624444444444444	95.0%	0.055	1.5781022433329739
chr15	48355001	48375000	chr15	48355001	48855000	500000	20000	9.74	95.0%	0.08199999999999999	1.5742353194640641
chr4	26395001	26425000	chr4	25945001	26425000	480000	30000	10.947916666666666	96.0%	0.036500000000000005	1.5725439062270006
chr11	33660001	33685000	chr11	33350001	33685000	335000	25000	16.61492537313433	95.0%	0.018	1.5696751898157983
chr12	30840001	30860000	chr12	30840001	31275000	435000	20000	10.235632183908047	95.0%	0.03	1.5665124553384298
chr6	144925001	144945000	chr6	144585001	144945000	360000	20000	14.73263888888889	98.0%	0.0345	1.5662829838763321
chr6	53160001	53180000	chr6	53160001	53730000	570000	20000	9.776315789473685	95.0%	0.056999999999999995	1.5661135875180239
chr22	39325001	39345000	chr22	39325001	39515000	190000	20000	20.914473684210527	95.0%	0.044	1.5636497195950354
chr12	25375001	25395000	chr12	25145001	25395000	250000	20000	18.585	95.0%	0.031	1.5616029382794256
chr6	119140001	119170000	chr6	119140001	119740000	600000	30000	9.491666666666667	95.0%	0.052	1.560459901880341
chr1	19860001	19880000	chr1	19705001	19880000	175000	20000	24.635714285714286	96.0%	0.026	1.5596765147299938
chr12	56190001	56210000	chr12	56190001	56505000	315000	20000	15.563492063492063	95.0%	0.039	1.557516754817199
chr2	187470001	187505000	chr2	187470001	187850000	380000	35000	13.201127819548873	96.0%	0.029	1.5544900062822957
chr6	144095001	144115000	chr6	144095001	144535000	440000	20000	12.036931818181818	96.0%	0.0405	1.5523112977044629
chr1	36270001	36290000	chr1	36105001	36290000	185000	20000	25.2027027027027	97.0%	0.033	1.550907424196616
chr3	170945001	170970000	chr3	170945001	171690000	745000	25000	7.5731543624161075	95.0%	0.04	1.5466395960194
chr7	114850001	114870000	chr7	114850001	115220000	370000	20000	13.719594594594595	97.0%	0.0505	1.5461601558019762
chr16	87620001	87645000	chr16	87305001	87645000	340000	25000	12.2	96.0%	0.045	1.5458553120981098
chr15	60315001	60335000	chr15	59685001	60335000	650000	20000	8.115384615384615	96.0%	0.0965	1.5456744308570982
chr10	29720001	29740000	chr10	29450001	29740000	290000	20000	15.629310344827585	95.0%	0.0325	1.5450335553846821
chr1	157960001	157975000	chr1	157960001	158130000	170000	15000	26.392156862745097	98.0%	0.0315	1.5410260066316566
chr1	84140001	84155000	chr1	84140001	84620000	480000	15000	10.788194444444445	96.0%	0.07250000000000001	1.5407075595713022
chr1	109635001	109660000	chr1	109635001	110005000	370000	25000	11.437837837837836	95.0%	0.04	1.5402572094936897
chr10	70870001	70890000	chr10	70420001	70890000	470000	20000	11.726063829787234	96.0%	0.0195	1.5342640634027407
chr10	33330001	33355000	chr10	33330001	34120000	790000	25000	6.711392405063291	96.0%	0.0555	1.5333152964196157
chr4	158855001	158875000	chr4	158855001	159175000	320000	20000	15.3984375	96.0%	0.043	1.5331265352902286
chr2	137815001	137845000	chr2	136870001	137845000	975000	30000	6.415384615384615	95.0%	0.022	1.53165231952263
chr1	153970001	153990000	chr1	153555001	153990000	435000	20000	10.074712643678161	95.0%	0.049	1.5263704642600189
chr1	31530001	31550000	chr1	31385001	31550000	165000	20000	28.893939393939394	98.0%	0.037	1.5245796224542667
chr8	89605001	89630000	chr8	89035001	89630000	595000	25000	8.398319327731091	95.0%	0.078	1.5223884188557621
chr7	117110001	117130000	chr7	116920001	117130000	210000	20000	22.148809523809526	98.0%	0.032	1.5208801498680293
chr2	197765001	197785000	chr2	197005001	197785000	780000	20000	6.152243589743589	95.0%	0.0465	1.519908910541327
chr10	49500001	49525000	chr10	48950001	49525000	575000	25000	9.264347826086958	95.0%	0.039	1.5197262953867863
chr12	107590001	107610000	chr12	107075001	107610000	535000	20000	10.38551401869159	95.0%	0.051	1.5172740855966003
chrX	45315001	45335000	chrX	45315001	45550000	235000	20000	8.888297872340425	98.0%	0.08	1.5164411478303736
chr19	17055001	17075000	chr19	17055001	17295000	240000	20000	16.59375	95.0%	0.0485	1.5159037054199132
chr4	8390001	8410000	chr4	8235001	8410000	175000	20000	24.335714285714285	96.0%	0.033	1.5154358044340632
chr18	5860001	5885000	chr18	5860001	6285000	425000	25000	10.08235294117647	96.0%	0.055	1.5123522622439534
chr11	6010001	6035000	chr11	6010001	6365000	355000	25000	20.47887323943662	97.0%	0.068	1.511411635042937
chr2	85795001	85820000	chr2	85620001	85820000	200000	25000	24.009999999999998	96.0%	0.032	1.5092746602891454
chr3	190185001	190205000	chr3	189975001	190205000	230000	20000	20.945652173913043	97.0%	0.028999999999999998	1.5061685570074266
chr3	190200001	190235000	chr3	190200001	190460000	260000	35000	18.912087912087912	95.0%	0.0305	1.5057464580221034
chr15	68545001	68565000	chr15	68545001	68935000	390000	20000	11.509615384615385	96.0%	0.056499999999999995	1.505189811411927
chr3	16035001	16055000	chr3	16035001	16255000	220000	20000	22.875	98.0%	0.023	1.5007828212512413
chr6	89935001	89970000	chr6	89935001	90490000	555000	35000	10.217503217503218	95.0%	0.095	1.4974586223646484
chr1	203695001	203715000	chr1	203330001	203715000	385000	20000	13.477272727272727	96.0%	0.028	1.4966138510006533
chr1	22965001	22985000	chr1	22965001	23285000	320000	20000	14.47265625	96.0%	0.031	1.496201038294539
chr1	152045001	152070000	chr1	152045001	152190000	145000	25000	29.779310344827586	97.0%	0.024	1.491244511691838
chr3	129635001	129660000	chr3	129635001	129935000	300000	25000	16.933333333333334	96.0%	0.040499999999999994	1.4905330655015248
chr17	30990001	31020000	chr17	30990001	31320000	330000	30000	13.787878787878789	95.0%	0.0745	1.4878233290518046
chr18	10540001	10565000	chr18	10540001	10830000	290000	25000	14.420689655172414	97.0%	0.031	1.483131508410429
chr7	5485001	5505000	chr7	5485001	5715000	230000	20000	15.83695652173913	95.0%	0.0325	1.4818892809269715
chrX	19890001	19910000	chrX	19890001	20095000	205000	20000	10.402439024390244	96.0%	0.097	1.4798849890062915
chr17	58100001	58120000	chr17	57840001	58120000	280000	20000	16.584821428571427	95.0%	0.0295	1.479711439630281
chr19	54770001	54790000	chr19	54535001	54790000	255000	20000	25.16176470588235	95.0%	0.031	1.4763881334416613
chr1	226815001	226835000	chr1	226610001	226835000	225000	20000	19.822222222222223	96.0%	0.033	1.4743565857104692
chr7	26370001	26395000	chr7	26370001	26615000	245000	25000	19.330612244897956	96.0%	0.039	1.4689920743040286
chr6	7985001	8005000	chr6	7705001	8005000	300000	20000	18.016666666666666	97.0%	0.028499999999999998	1.4687602289623904
chr3	168780001	168805000	chr3	168630001	168805000	175000	25000	38.10285714285714	98.0%	0.034	1.465480304455555
chr20	59770001	59795000	chr20	59770001	59965000	195000	25000	23.251282051282054	96.0%	0.071	1.463977809443646
chr20	49605001	49625000	chr20	49605001	49890000	285000	20000	15.767543859649123	97.0%	0.046	1.4598932557900641
chr19	32550001	32575000	chr19	32280001	32575000	295000	25000	14.172881355932201	96.0%	0.068	1.4596964323200825
chr8	25170001	25190000	chr8	25170001	25490000	320000	20000	12.82421875	96.0%	0.0405	1.4573589322688592
chr7	151745001	151765000	chr7	151310001	151765000	455000	20000	10.483516483516484	95.0%	0.021	1.4571377541361987
chr1	25190001	25220000	chr1	24880001	25220000	340000	30000	13.995098039215685	95.0%	0.035	1.4571160518818975
chr2	48400001	48425000	chr2	47995001	48425000	430000	25000	17.97906976744186	96.0%	0.0555	1.4543275940252638
chr3	194120001	194140000	chr3	193785001	194140000	355000	20000	13.130281690140846	97.0%	0.046	1.4481162637716616
chr3	63180001	63200000	chr3	62705001	63200000	495000	20000	10.681818181818182	96.0%	0.028	1.4474930416066294
chr10	63710001	63730000	chr10	63155001	63730000	575000	20000	8.7	98.0%	0.035	1.4471874109170153
chr4	103770001	103790000	chr4	103095001	103790000	695000	20000	8.595323741007194	97.0%	0.032	1.446834816944441
chr3	168040001	168060000	chr3	168040001	168195000	155000	20000	29.45967741935484	97.0%	0.031	1.443384249492336
chr7	107695001	107730000	chr7	107215001	107730000	515000	35000	10.96116504854369	96.0%	0.039	1.4414216935069726
chr6	110670001	110690000	chr6	110670001	111050000	380000	20000	12.973684210526315	97.0%	0.083	1.4406723177054905
chr1	220280001	220300000	chr1	220280001	220785000	505000	20000	10.57920792079208	97.0%	0.081	1.440654025513366
chr11	2140001	2160000	chr11	1635001	2160000	525000	20000	12.08095238095238	95.0%	0.034	1.4321710916503432
chr4	73635001	73660000	chr4	73320001	73660000	340000	25000	15.68235294117647	95.0%	0.036500000000000005	1.4289217188248462
chr12	118360001	118380000	chr12	118070001	118380000	310000	20000	14.028225806451612	95.0%	0.045	1.4274347773002607
chr1	161765001	161800000	chr1	161765001	162590000	825000	35000	7.016450216450217	95.0%	0.087	1.4272611806048772
chr10	52200001	52220000	chr10	51370001	52220000	850000	20000	5.952941176470588	96.0%	0.0525	1.425949593624841
chr1	22405001	22420000	chr1	22095001	22420000	325000	15000	13.384615384615385	95.0%	0.062	1.4251917808845884
chr3	51995001	52020000	chr3	51995001	52390000	395000	25000	12.311392405063291	95.0%	0.03	1.4244165889943983
chr20	59085001	59105000	chr20	59085001	59455000	370000	20000	12.85135135135135	96.0%	0.0435	1.4243773659768844
chr10	17590001	17610000	chr10	17590001	17890000	300000	20000	14.579166666666667	98.0%	0.027	1.4239917513974807
chr5	174725001	174750000	chr5	174420001	174750000	330000	25000	14.378787878787879	97.0%	0.023	1.4229467485399303
chr3	42530001	42565000	chr3	42105001	42565000	460000	35000	11.251552795031056	95.0%	0.056	1.4192120910187087
chr11	29325001	29350000	chr11	29155001	29350000	195000	25000	22.06153846153846	98.0%	0.02	1.4184405346705187
chr4	82190001	82210000	chr4	81400001	82210000	810000	20000	7.734567901234568	96.0%	0.038	1.4174636255288873
chr1	95040001	95060000	chr1	94810001	95060000	250000	20000	18.195	98.0%	0.098	1.4159678052101545
chr22	46530001	46550000	chr22	46345001	46550000	205000	20000	16.01219512195122	96.0%	0.087	1.411166444121248
chr5	74665001	74685000	chr5	74665001	75060000	395000	20000	11.721518987341772	96.0%	0.064	1.4046212663214201
chr8	80225001	80245000	chr8	80030001	80245000	215000	20000	19.3546511627907	97.0%	0.092	1.4044410433811672
chr11	128870001	128900000	chr11	128870001	129325000	455000	30000	11.038461538461538	95.0%	0.028	1.4018482093667428
chr4	152625001	152655000	chr4	152320001	152655000	335000	30000	15.987562189054726	96.0%	0.031	1.4014039117719688
chr8	69650001	69675000	chr8	69650001	70150000	500000	25000	9.388	95.0%	0.08149999999999999	1.39937141282653
chr17	17340001	17360000	chr17	17340001	17655000	315000	20000	13.238095238095237	95.0%	0.072	1.3990219191725901
chr11	7880001	7900000	chr11	7880001	8130000	250000	20000	26.025	98.0%	0.035	1.3973508270502166
chr5	178270001	178290000	chr5	178270001	178790000	520000	20000	8.560096153846153	96.0%	0.0475	1.3972951876638926
chr16	68520001	68540000	chr16	68520001	68910000	390000	20000	10.798076923076923	95.0%	0.04	1.3932299618310366
chr12	94075001	94100000	chr12	93540001	94100000	560000	25000	10.130357142857143	95.0%	0.0665	1.3913738113783733
chr5	139405001	139430000	chr5	139405001	139780000	375000	25000	14.616	95.0%	0.033	1.390669956147137
chr4	111465001	111485000	chr4	111115001	111485000	370000	20000	13.016891891891891	98.0%	0.0265	1.389013691821967
chr9	112315001	112335000	chr9	112125001	112335000	210000	20000	23.125	98.0%	0.0905	1.388200515097672
chr11	78550001	78575000	chr11	77995001	78575000	580000	25000	9.110344827586207	95.0%	0.0415	1.386889827538782
chr8	20110001	20135000	chr8	19775001	20135000	360000	25000	13.8	95.0%	0.044	1.383882011222971
chr2	118030001	118055000	chr2	118030001	118370000	340000	25000	15.164705882352942	97.0%	0.028499999999999998	1.3831567977980286
chr9	22105001	22125000	chr9	21860001	22125000	265000	20000	18.44811320754717	97.0%	0.043	1.3818717432747591
chr12	48155001	48175000	chr12	47900001	48175000	275000	20000	16.286363636363635	96.0%	0.028	1.3812772785033165
chrX	103460001	103480000	chrX	103205001	103480000	275000	20000	9.536363636363637	95.0%	0.07	1.380957013333046
chr10	43450001	43470000	chr10	43065001	43470000	405000	20000	9.657407407407407	97.0%	0.034	1.3784010315970918
chr4	48565001	48585000	chr4	48565001	48970000	405000	20000	12.42283950617284	96.0%	0.042	1.3775641199791804
chr14	92660001	92685000	chr14	92340001	92685000	345000	25000	12.614492753623189	95.0%	0.059	1.3761571765084804
chr1	152440001	152460000	chr1	152075001	152460000	385000	20000	13.256493506493506	97.0%	0.038	1.3756726526747947
chr11	59415001	59440000	chr11	59160001	59440000	280000	25000	16.246428571428574	98.0%	0.04	1.3689230997234973
chr13	110210001	110230000	chr13	110210001	110645000	435000	20000	11.99712643678161	95.0%	0.052	1.3687115183138754
chr14	31920001	31940000	chr14	31920001	32255000	335000	20000	12.85820895522388	97.0%	0.045	1.3665072511767444
chr4	122910001	122930000	chr4	122585001	122930000	345000	20000	14.48913043478261	95.0%	0.031	1.3654548255113426
chr12	56750001	56770000	chr12	56750001	57065000	315000	20000	15.476190476190476	95.0%	0.079	1.3644905896518733
chr11	12880001	12900000	chr11	12570001	12900000	330000	20000	15.102272727272727	95.0%	0.0325	1.362848487825535
chr3	139415001	139435000	chr3	139415001	139730000	315000	20000	15.630952380952381	95.0%	0.033	1.3625880708527156
chr9	108540001	108570000	chr9	108385001	108570000	185000	30000	25.436936936936934	95.0%	0.021	1.3613880922462
chr12	76620001	76645000	chr12	76620001	76930000	310000	25000	16.732258064516127	95.0%	0.0335	1.3579066015892236
chr9	94195001	94220000	chr9	94015001	94220000	205000	25000	22.86341463414634	99.0%	0.07	1.3524769297954062
chr2	69915001	69935000	chr2	69915001	70285000	370000	20000	22.780405405405407	97.0%	0.0315	1.3517271341506591
chr2	230975001	230995000	chr2	230810001	230995000	185000	20000	25.33108108108108	97.0%	0.028	1.3476502003595014
chr8	144115001	144135000	chr8	144115001	144455000	340000	20000	14.319852941176471	97.0%	0.0315	1.3462837681893096
chr13	28780001	28800000	chr13	28465001	28800000	335000	20000	12.977611940298507	95.0%	0.056	1.3417442100074346
chr2	39220001	39235000	chr2	38820001	39235000	415000	15000	17.947791164658636	95.0%	0.055	1.341083939876374
chr21	41270001	41290000	chr21	41270001	41615000	345000	20000	12.764492753623188	96.0%	0.045	1.3405098315407433
chr4	73860001	73885000	chr4	73860001	74140000	280000	25000	18.425	96.0%	0.036000000000000004	1.3391555800989168
chr8	128650001	128670000	chr8	127725001	128670000	945000	20000	5.855820105820106	96.0%	0.056	1.3391117268301742
chr11	16925001	16955000	chr11	16925001	17225000	300000	30000	16.916666666666668	95.0%	0.0375	1.3381098870586752
chr12	105365001	105385000	chr12	105065001	105385000	320000	20000	15.45703125	96.0%	0.031	1.3355885017849305
chr6	142380001	142400000	chr6	142155001	142400000	245000	20000	20.117346938775512	98.0%	0.024	1.334784178552187
chr14	34660001	34680000	chr14	34660001	35150000	490000	20000	10.125	95.0%	0.0635	1.33474123528544
chr1	205230001	205255000	chr1	204970001	205255000	285000	25000	16.67719298245614	96.0%	0.052	1.3346380595540712
chr2	177330001	177355000	chr2	177330001	177765000	435000	25000	12.475862068965517	98.0%	0.086	1.3325283136014012
chr6	71325001	71355000	chr6	71010001	71355000	345000	30000	15.46135265700483	95.0%	0.045	1.330115639062553
chr16	74695001	74715000	chr16	74695001	74885000	190000	20000	20.861842105263158	95.0%	0.036	1.326264611769992
chr8	59905001	59935000	chr8	58705001	59935000	1230000	30000	5.432926829268292	95.0%	0.0405	1.3259834121813636
chr17	49995001	50015000	chr17	49845001	50015000	170000	20000	24.044117647058822	97.0%	0.07450000000000001	1.32540173214649
chr16	19075001	19095000	chr16	19075001	19290000	215000	20000	18.627906976744185	95.0%	0.031	1.3249835418875369
chr12	106380001	106400000	chr12	106380001	106925000	545000	20000	9.763761467889909	97.0%	0.06	1.3236936618982755
chr20	8375001	8395000	chr20	7930001	8395000	465000	20000	11.376344086021506	96.0%	0.052	1.3219882213759746
chr10	122095001	122115000	chr10	121960001	122115000	155000	20000	26.774193548387096	97.0%	0.048	1.321793300025338
chr13	39250001	39270000	chr13	38835001	39270000	435000	20000	11.186781609195402	95.0%	0.046	1.3210170080768808
chr18	48465001	48490000	chr18	48465001	48670000	205000	25000	21.6	96.0%	0.035	1.3202691240168396
chr15	73545001	73570000	chr15	73545001	73795000	250000	25000	18.424	95.0%	0.0625	1.319737375834696
chr6	113835001	113855000	chr6	113605001	113855000	250000	20000	19.47	95.0%	0.044	1.3190168283302262
chr7	43820001	43840000	chr7	43585001	43840000	255000	20000	18.583333333333332	96.0%	0.031	1.318000237194024
chr8	33320001	33345000	chr8	33010001	33345000	335000	25000	13.659701492537314	98.0%	0.036	1.317690187522916
chr12	101410001	101430000	chr12	101410001	101800000	390000	20000	12.198717948717949	95.0%	0.043	1.3153569882064589
chr6	136780001	136800000	chr6	136565001	136800000	235000	20000	20.29255319148936	98.0%	0.02	1.3147315153073602
chr18	11725001	11745000	chr18	11725001	12050000	325000	20000	14.8	96.0%	0.032	1.3140215173026517
chr6	117815001	117835000	chr6	117305001	117835000	530000	20000	9.122641509433961	95.0%	0.0735	1.3134975356029792
chr6	20510001	20535000	chr6	20095001	20535000	440000	25000	10.85	95.0%	0.041999999999999996	1.3126875037936123
chr17	49280001	49300000	chr17	49075001	49300000	225000	20000	18.255555555555556	96.0%	0.079	1.3117247255281799
chr15	100855001	100875000	chr15	100640001	100875000	235000	20000	19.51595744680851	96.0%	0.097	1.3098106904402902
chr15	90070001	90090000	chr15	89730001	90090000	360000	20000	12.354166666666666	95.0%	0.049	1.3082332557128453
chr9	4750001	4770000	chr9	4750001	5240000	490000	20000	10.326530612244898	95.0%	0.057499999999999996	1.306129060479474
chr5	96600001	96620000	chr5	96600001	97165000	565000	20000	9.72787610619469	95.0%	0.054	1.3051528911045196
chr4	121720001	121745000	chr4	121235001	121745000	510000	25000	10.986274509803922	97.0%	0.0325	1.3034399194601367
chr4	110045001	110065000	chr4	110045001	110250000	205000	20000	24.21951219512195	99.0%	0.03	1.3007278345412119
chr7	88225001	88250000	chr7	88225001	88570000	345000	25000	14.542028985507248	97.0%	0.061	1.300031740875626
chr5	915001	935000	chr5	915001	1175000	260000	20000	16.634615384615383	96.0%	0.031	1.2999513894934136
chr1	15310001	15335000	chr1	15310001	15510000	200000	25000	22.825	97.0%	0.022	1.2975518185845072
chr7	7420001	7450000	chr7	7420001	7545000	125000	30000	36.026666666666664	98.0%	0.037	1.296500987494782
chr2	146725001	146745000	chr2	146725001	147365000	640000	20000	7.796875	96.0%	0.0465	1.294313372300514
chr11	12040001	12060000	chr11	12040001	12290000	250000	20000	18.36	98.0%	0.0745	1.2942168115545298
chr6	132525001	132545000	chr6	132525001	132880000	355000	20000	14.130281690140846	95.0%	0.044	1.2909996013733207
chr4	109965001	109990000	chr4	109405001	109990000	585000	25000	8.95897435897436	95.0%	0.087	1.2905245851984979
chr7	12680001	12705000	chr7	12680001	13115000	435000	25000	11.505747126436782	98.0%	0.088	1.2852017920191636
chr12	95800001	95825000	chr12	95560001	95825000	265000	25000	17.10188679245283	96.0%	0.043	1.283844273474833
chr4	68155001	68175000	chr4	67830001	68175000	345000	20000	15.68840579710145	95.0%	0.028	1.2823740250822904
chr18	35225001	35245000	chr18	35225001	35390000	165000	20000	22.78030303030303	98.0%	0.028	1.2764046941411138
chr3	138910001	138935000	chr3	138415001	138935000	520000	25000	9.715384615384616	95.0%	0.037	1.2735729069626123
chr4	48300001	48320000	chr4	48300001	48560000	260000	20000	16.03846153846154	95.0%	0.0335	1.2730724697693505
chr4	22665001	22695000	chr4	22430001	22695000	265000	30000	16.9874213836478	97.0%	0.034	1.271666834939907
chr8	73155001	73175000	chr8	73005001	73175000	170000	20000	28.36764705882353	98.0%	0.0235	1.2705070779733636
chr4	110490001	110510000	chr4	110305001	110510000	205000	20000	23.54268292682927	98.0%	0.031	1.2692993008975237
chr9	109390001	109410000	chr9	109170001	109410000	240000	20000	20.270833333333332	97.0%	0.048	1.2690037650469665
chr6	148930001	148955000	chr6	148585001	148955000	370000	25000	14.9	97.0%	0.028	1.2687105512774075
chr2	43220001	43250000	chr2	42830001	43250000	420000	30000	16.04563492063492	95.0%	0.0205	1.2662729284108152
chr9	92620001	92640000	chr9	92260001	92640000	380000	20000	12.414473684210526	96.0%	0.032	1.2655706476614803
chr1	8545001	8565000	chr1	8545001	8855000	310000	20000	16.806451612903224	95.0%	0.063	1.2605830452801583
chr2	74875001	74905000	chr2	74570001	74905000	335000	30000	15.412935323383083	95.0%	0.029	1.2572506739567202
chr10	73875001	73895000	chr10	73875001	74155000	280000	20000	16.607142857142858	97.0%	0.036000000000000004	1.2569485422455935
chr1	207390001	207410000	chr1	206965001	207410000	445000	20000	12.457865168539326	95.0%	0.025	1.2458970085640322
chr9	99995001	100015000	chr9	99235001	100015000	780000	20000	6.727564102564102	96.0%	0.08549999999999999	1.2418081591138055
chr4	105455001	105475000	chr4	104815001	105475000	660000	20000	8.047348484848484	95.0%	0.041999999999999996	1.2395856434646502
chr9	68990001	69010000	chr9	68615001	69010000	395000	20000	11.965189873417721	97.0%	0.073	1.2392398673354008
chr14	75120001	75140000	chr14	75120001	75565000	445000	20000	10.601123595505618	96.0%	0.082	1.2364152727141502
chr5	174400001	174425000	chr5	174400001	174940000	540000	25000	10.342592592592592	96.0%	0.0495	1.235234306579913
chr8	101645001	101665000	chr8	101645001	102205000	560000	20000	9.395089285714286	95.0%	0.049	1.232340754505739
chr2	235125001	235145000	chr2	235125001	235710000	585000	20000	9.061965811965813	95.0%	0.042	1.2308605785785205
chr5	147615001	147635000	chr5	147615001	147935000	320000	20000	15.33984375	95.0%	0.07050000000000001	1.2300523695905972
chr9	92775001	92800000	chr9	92400001	92800000	400000	25000	11.752500000000001	96.0%	0.066	1.2296612074916489
chr5	10680001	10700000	chr5	10680001	11285000	605000	20000	8.072314049586776	96.0%	0.026	1.2249587079480038
chr18	595001	620000	chr18	265001	620000	355000	25000	13.059154929577465	95.0%	0.083	1.224408762517502
chr2	102580001	102615000	chr2	102425001	102615000	190000	35000	23.845864661654137	96.0%	0.016	1.2230257876291704
chr13	98405001	98430000	chr13	98140001	98430000	290000	25000	16.772413793103446	97.0%	0.037500000000000006	1.2218941867460018
chr8	59210001	59235000	chr8	59210001	60025000	815000	25000	7.54601226993865	96.0%	0.065	1.2213251382145145
chr18	23690001	23710000	chr18	23505001	23710000	205000	20000	20.640243902439025	97.0%	0.028	1.219946238525773
chr9	42235001	42270000	chr9	42235001	42460000	225000	35000	19.25079365079365	95.0%	0.046	1.2195591224707374
chr10	103835001	103860000	chr10	103720001	103860000	140000	25000	31.55	97.0%	0.0315	1.2178647148333785
chr11	112280001	112300000	chr11	112280001	112585000	305000	20000	14.934426229508198	96.0%	0.042	1.2163123865056273
chr9	88980001	89005000	chr9	88595001	89005000	410000	25000	11.273170731707317	96.0%	0.05	1.2162077266506701
chr9	6340001	6360000	chr9	6340001	6740000	400000	20000	11.865625	95.0%	0.0745	1.212927585164697
chr3	120225001	120250000	chr3	120225001	120565000	340000	25000	14.958823529411765	98.0%	0.0505	1.210112262290701
chr6	37670001	37695000	chr6	37290001	37695000	405000	25000	12.219753086419754	95.0%	0.031	1.2087554114135535
chr20	19770001	19795000	chr20	19770001	20080000	310000	25000	15.619354838709677	95.0%	0.042499999999999996	1.208493376244869
chr3	87275001	87300000	chr3	87275001	87920000	645000	25000	7.4945736434108525	96.0%	0.071	1.2075716111926926
chr6	57305001	57325000	chr6	56840001	57325000	485000	20000	8.86340206185567	96.0%	0.035	1.2072102219223777
chr8	31450001	31475000	chr8	31195001	31475000	280000	25000	16.464285714285715	95.0%	0.09	1.205317612761934
chr1	21360001	21380000	chr1	21210001	21380000	170000	20000	22.654411764705884	97.0%	0.032	1.2037852456369365
chr4	48535001	48555000	chr4	48115001	48555000	440000	20000	12.048295454545455	95.0%	0.0835	1.2017006530720196
chr3	98570001	98595000	chr3	98330001	98595000	265000	25000	17.554716981132074	97.0%	0.034	1.2015051816805498
chr2	119015001	119035000	chr2	119015001	119310000	295000	20000	16.29237288135593	96.0%	0.039	1.200850580820203
chr15	66945001	66965000	chr15	66945001	67435000	490000	20000	11.716836734693878	96.0%	0.031	1.1977156937951923
chr1	93290001	93315000	chr1	93290001	93865000	575000	25000	9.311304347826086	97.0%	0.076	1.1960394885748642
chr20	23600001	23620000	chr20	23400001	23620000	220000	20000	17.869318181818183	95.0%	0.0645	1.1928033641820244
chr12	124030001	124050000	chr12	124030001	124475000	445000	20000	10.82865168539326	95.0%	0.073	1.1911177164288478
chr4	40705001	40725000	chr4	40435001	40725000	290000	20000	15.512931034482758	95.0%	0.028999999999999998	1.1908073738966385
chr12	123220001	123245000	chr12	122780001	123245000	465000	25000	10.43225806451613	96.0%	0.04	1.1896908247912048
chr3	124880001	124900000	chr3	124765001	124900000	135000	20000	32.52777777777778	98.0%	0.028	1.1892212852802733
chr9	90855001	90880000	chr9	90600001	90880000	280000	25000	15.5	96.0%	0.038	1.1879217381375022
chr2	238350001	238375000	chr2	238350001	238570000	220000	25000	20.145454545454548	95.0%	0.0235	1.1841925597776752
chr5	65735001	65755000	chr5	65735001	66230000	495000	20000	11.262626262626263	97.0%	0.034	1.1829045622288235
chr6	121045001	121065000	chr6	121045001	121325000	280000	20000	16.160714285714285	96.0%	0.0695	1.1816893438518006
chr7	27910001	27930000	chr7	27185001	27930000	745000	20000	7.934563758389261	96.0%	0.031	1.181661088162696
chr1	206480001	206500000	chr1	206480001	206685000	205000	20000	20.71951219512195	95.0%	0.031	1.1810866229499322
chr12	14225001	14245000	chr12	14225001	14740000	515000	20000	9.810679611650485	95.0%	0.078	1.1780298544625032
chr7	93800001	93830000	chr7	93800001	94370000	570000	30000	13.494152046783626	96.0%	0.0415	1.1756253574197706
chr7	77060001	77085000	chr7	77060001	77295000	235000	25000	11.429787234042553	98.0%	0.026	1.1714339124302744
chr14	105650001	105685000	chr14	105650001	106065000	415000	35000	13.590361445783133	95.0%	0.036	1.171266131011315
chr6	157740001	157760000	chr6	157740001	158140000	400000	20000	13.125	97.0%	0.037	1.1707138692760062
chr8	104755001	104775000	chr8	104465001	104775000	310000	20000	15.403225806451612	95.0%	0.07400000000000001	1.1664370816302938
chr13	110920001	110945000	chr13	110920001	111225000	305000	25000	16.78360655737705	97.0%	0.052	1.164642228919213
chr11	123000001	123030000	chr11	122570001	123030000	460000	30000	11.619565217391305	95.0%	0.078	1.163000180641604
chr3	187315001	187335000	chr3	187315001	187690000	375000	20000	14.793333333333333	97.0%	0.071	1.1614132662960928
chr7	83965001	83990000	chr7	83965001	84485000	520000	25000	8.725	98.0%	0.062	1.161245817472716
chr5	99020001	99040000	chr5	98850001	99040000	190000	20000	24.894736842105264	98.0%	0.0295	1.1610726236944446
chr4	26065001	26085000	chr4	26065001	26335000	270000	20000	17.89814814814815	97.0%	0.0335	1.158647576463129
chr18	50185001	50205000	chr18	49955001	50205000	250000	20000	17.075	96.0%	0.028	1.1570825039387607
chr16	20845001	20865000	chr16	20845001	21095000	250000	20000	18.385	97.0%	0.040999999999999995	1.1568163895573293
chr2	25110001	25130000	chr2	24960001	25130000	170000	20000	27.279411764705884	97.0%	0.028	1.1552806745666484
chr6	16500001	16520000	chr6	16500001	16810000	310000	20000	14.955645161290322	98.0%	0.055	1.1548411397171319
chr7	140320001	140340000	chr7	140020001	140340000	320000	20000	15.375	98.0%	0.032	1.1535972940644774
chr2	71795001	71815000	chr2	71795001	72160000	365000	20000	20.133561643835616	96.0%	0.035	1.153252367903943
chr9	4970001	4990000	chr9	4750001	4990000	240000	20000	17.958333333333332	96.0%	0.043	1.1524853441659857
chr11	36475001	36500000	chr11	36170001	36500000	330000	25000	14.127272727272729	95.0%	0.052500000000000005	1.1514094959700962
chr11	128280001	128300000	chr11	128280001	128830000	550000	20000	10.354545454545455	96.0%	0.07050000000000001	1.1496816107528576
chr8	40245001	40265000	chr8	40245001	41005000	760000	20000	7.404605263157895	95.0%	0.039	1.1453806194270777
chr13	24200001	24220000	chr13	24020001	24220000	200000	20000	23.75	97.0%	0.0325	1.1415311038313019
chr17	78485001	78510000	chr17	78485001	78760000	275000	25000	14.847272727272728	98.0%	0.054	1.1411291965145178
chr2	188490001	188510000	chr2	187835001	188510000	675000	20000	8.892592592592592	95.0%	0.048	1.1404289436686377
chr11	1990001	2010000	chr11	1610001	2010000	400000	20000	14.5	95.0%	0.0345	1.1401906656860592
chr15	33950001	33975000	chr15	33725001	33975000	250000	25000	16.875999999999998	96.0%	0.077	1.1386311249457932
chr1	202120001	202145000	chr1	201800001	202145000	345000	25000	13.3768115942029	97.0%	0.029	1.138396062357211
chr6	138745001	138765000	chr6	138460001	138765000	305000	20000	16.815573770491802	95.0%	0.041	1.1381497714743223
chr2	25980001	26000000	chr2	25980001	26150000	170000	20000	25.897058823529413	99.0%	0.0285	1.137027283239489
chr7	65720001	65740000	chr7	65720001	66075000	355000	20000	10.45774647887324	95.0%	0.038	1.1347761737854052
chr12	7610001	7640000	chr12	7315001	7640000	325000	30000	13.625641025641025	95.0%	0.066	1.1344732471565833
chr7	2330001	2350000	chr7	2135001	2350000	215000	20000	18.656976744186046	96.0%	0.026	1.1329736274665105
chr11	122195001	122215000	chr11	122010001	122215000	205000	20000	21.70731707317073	96.0%	0.031	1.1319902421814048
chr11	32775001	32800000	chr11	32310001	32800000	490000	25000	10.118367346938776	96.0%	0.03949999999999999	1.130949949467482
chr17	42305001	42325000	chr17	42305001	42530000	225000	20000	19.27777777777778	95.0%	0.031	1.1305798842899992
chr3	161090001	161115000	chr3	161090001	161440000	350000	25000	14.331428571428571	97.0%	0.051500000000000004	1.1294755404730084
chr8	130195001	130220000	chr8	130195001	130685000	490000	25000	11.60204081632653	97.0%	0.089	1.1294369637649517
chr9	136630001	136650000	chr9	136310001	136650000	340000	20000	11.841911764705882	95.0%	0.0565	1.1281773849071572
chr10	74995001	75025000	chr10	74605001	75025000	420000	30000	12.875	96.0%	0.0895	1.126735103397896
chr8	126860001	126885000	chr8	126860001	127605000	745000	25000	7.331543624161074	95.0%	0.053	1.1266864924994902
chr2	43605001	43625000	chr2	43605001	43890000	285000	20000	23.74122807017544	98.0%	0.036	1.126505200626593
chr4	152720001	152740000	chr4	152395001	152740000	345000	20000	14.728260869565217	96.0%	0.078	1.1265049712904915
chr9	71755001	71775000	chr9	71595001	71775000	180000	20000	23.381944444444443	97.0%	0.0335	1.1264639666753662
chr17	77075001	77105000	chr17	77075001	77245000	170000	30000	24.495098039215687	95.0%	0.038	1.125624559701382
chr8	29700001	29730000	chr8	29360001	29730000	370000	30000	14.231981981981981	97.0%	0.042499999999999996	1.1227210125348608
chr4	163025001	163050000	chr4	162515001	163050000	535000	25000	10.059813084112148	97.0%	0.079	1.1205226770572685
chr2	121705001	121725000	chr2	121360001	121725000	365000	20000	13.184931506849315	95.0%	0.041	1.1199370257715844
chr4	149880001	149900000	chr4	149305001	149900000	595000	20000	9.657563025210084	95.0%	0.047	1.1198674211615913
chr8	61080001	61105000	chr8	60425001	61105000	680000	25000	8.720588235294118	96.0%	0.054	1.1183896669272546
chr2	162110001	162135000	chr2	161580001	162135000	555000	25000	10.655855855855856	96.0%	0.047	1.1156092757787774
chr14	104610001	104635000	chr14	104280001	104635000	355000	25000	12.985915492957748	96.0%	0.05	1.115573030308798
chr8	52725001	52750000	chr8	52725001	52960000	235000	25000	17.78723404255319	99.0%	0.084	1.1152340797074
chr6	142685001	142705000	chr6	142685001	143285000	600000	20000	9.89375	96.0%	0.039999999999999994	1.1150530728921149
chr10	110735001	110755000	chr10	110735001	111370000	635000	20000	8.87007874015748	95.0%	0.056	1.1143049435194254
chr4	151340001	151375000	chr4	151115001	151375000	260000	35000	19.39835164835165	96.0%	0.0505	1.113149197728143
chr3	187665001	187685000	chr3	187205001	187685000	480000	20000	12.7265625	95.0%	0.077	1.1127034661595516
chr2	186755001	186785000	chr2	186540001	186785000	245000	30000	20.568027210884356	97.0%	0.037	1.1100719559394174
chr20	19680001	19700000	chr20	19680001	20050000	370000	20000	12.307432432432432	95.0%	0.0375	1.1098401744596058
chr4	169600001	169620000	chr4	169600001	170100000	500000	20000	9.7525	96.0%	0.038	1.1091967682761728
chr5	150415001	150440000	chr5	149920001	150440000	520000	25000	9.915384615384616	95.0%	0.038	1.1073102344574453
chr3	37845001	37865000	chr3	37845001	38125000	280000	20000	16.241071428571427	96.0%	0.039	1.1060344686290342
chr2	11105001	11125000	chr2	10700001	11125000	425000	20000	12.547058823529412	95.0%	0.059	1.1044480696706234
chr4	3970001	3995000	chr4	3970001	4195000	225000	25000	14.893333333333334	95.0%	0.023	1.100360642429219
chr1	108310001	108345000	chr1	108310001	108600000	290000	35000	14.342857142857143	96.0%	0.042	1.0990571555150355
chr10	72210001	72230000	chr10	71885001	72230000	345000	20000	12.978260869565217	95.0%	0.042	1.0987647074633426
chr20	40965001	40980000	chr20	40965001	41230000	265000	15000	15.786163522012579	96.0%	0.029	1.0982624338711675
chr20	50735001	50755000	chr20	50465001	50755000	290000	20000	14.35344827586207	95.0%	0.0395	1.0961111411541054
chr14	106250001	106270000	chr14	105930001	106270000	340000	20000	19.306818181818183	95.0%	0.0405	1.0957983467661085
chr12	17775001	17800000	chr12	17775001	18015000	240000	25000	17.791666666666664	95.0%	0.0175	1.0945040255855076
chr1	207060001	207080000	chr1	206685001	207080000	395000	20000	12.83860759493671	95.0%	0.031	1.0940572461335278
chr2	232595001	232620000	chr2	232595001	233110000	515000	25000	9.446601941747574	95.0%	0.037	1.0908943559377777
chr9	91755001	91790000	chr9	91755001	92000000	245000	35000	18.816326530612248	96.0%	0.044	1.0900733527968145
chr5	168195001	168225000	chr5	167985001	168225000	240000	30000	19.538194444444446	96.0%	0.035500000000000004	1.0897707736272935
chr9	135080001	135100000	chr9	135080001	135415000	335000	20000	12.264925373134329	96.0%	0.052	1.0883044192109999
chr4	189220001	189240000	chr4	189220001	189895000	675000	20000	9.325925925925926	95.0%	0.033	1.087703352741415
chr2	172450001	172470000	chr2	172165001	172470000	305000	20000	15.864754098360656	98.0%	0.09	1.0872977964575348
chr12	55055001	55075000	chr12	54680001	55075000	395000	20000	13.471518987341772	95.0%	0.041	1.085513314395218
chr3	38640001	38670000	chr3	38490001	38670000	180000	30000	23.328703703703706	97.0%	0.0695	1.083689547481646
chr1	51755001	51780000	chr1	51270001	51780000	510000	25000	10.690196078431374	95.0%	0.08549999999999999	1.0830506888541627
chr4	26705001	26725000	chr4	26390001	26725000	335000	20000	14.003731343283581	95.0%	0.049	1.0809715382212586
chr14	34085001	34105000	chr14	33850001	34105000	255000	20000	18.392156862745097	97.0%	0.034	1.0806453035122354
chr3	56965001	56990000	chr3	56485001	56990000	505000	25000	10.57029702970297	95.0%	0.059	1.0796082262823583
chr1	185805001	185825000	chr1	185805001	186230000	425000	20000	12.41470588235294	96.0%	0.059	1.0783972232608214
chr21	36495001	36515000	chr21	36495001	36770000	275000	20000	15.218181818181819	96.0%	0.077	1.078105291413609
chr12	110585001	110610000	chr12	110330001	110610000	280000	25000	16.285714285714285	95.0%	0.038	1.077454041160971
chr7	23545001	23580000	chr7	23545001	23935000	390000	35000	12.293040293040294	95.0%	0.07600000000000001	1.0770902280425239
chr1	203025001	203045000	chr1	203025001	203275000	250000	20000	17.55	97.0%	0.0475	1.0764483901705162
chr16	30595001	30625000	chr16	30435001	30625000	190000	30000	24.153508771929825	95.0%	0.054	1.076049075343605
chr5	171325001	171350000	chr5	170630001	171350000	720000	25000	7.281944444444444	95.0%	0.0765	1.0752594224748928
chr2	235090001	235110000	chr2	234870001	235110000	240000	20000	18.651041666666668	98.0%	0.026	1.0733281968743678
chr16	50650001	50670000	chr16	50215001	50670000	455000	20000	10.76923076923077	95.0%	0.039	1.073056062823908
chr10	92075001	92095000	chr10	92075001	92455000	380000	20000	13.115131578947368	96.0%	0.059	1.0710532298097708
chr2	173395001	173420000	chr2	173395001	174085000	690000	25000	8.086956521739129	95.0%	0.05	1.0702887065073998
chr4	54945001	54965000	chr4	54470001	54965000	495000	20000	10.744949494949495	96.0%	0.035	1.0696515370731174
chr6	152110001	152130000	chr6	151755001	152130000	375000	20000	14.15	97.0%	0.068	1.0674371614134996
chr8	28305001	28325000	chr8	28085001	28325000	240000	20000	19.916666666666668	97.0%	0.0645	1.0655257608027577
chr11	115330001	115350000	chr11	115330001	115740000	410000	20000	11.829268292682928	95.0%	0.046	1.0649042993701598
chr2	190075001	190095000	chr2	190075001	190380000	305000	20000	16.168032786885245	96.0%	0.058	1.064048739005746
chr4	88020001	88050000	chr4	88020001	88520000	500000	30000	11.39	97.0%	0.0595	1.0637027242886625
chr2	620001	655000	chr2	85001	655000	570000	35000	9.010025062656641	95.0%	0.039	1.0629600082148802
chr9	130670001	130695000	chr9	130440001	130695000	255000	25000	15.458823529411765	95.0%	0.072	1.0624748301140634
chr7	35610001	35630000	chr7	35415001	35630000	215000	20000	20.11046511627907	95.0%	0.031	1.0620121325919727
chr7	28615001	28640000	chr7	28305001	28640000	335000	25000	14.802985074626866	96.0%	0.06	1.0609308784219607
chr4	2755001	2780000	chr4	2755001	3040000	285000	25000	15.761403508771929	98.0%	0.034	1.0598918236820605
chr13	33715001	33735000	chr13	33240001	33735000	495000	20000	9.537878787878787	95.0%	0.041	1.0579364392548436
chr5	44530001	44555000	chr5	44530001	44940000	410000	25000	12.519512195121951	95.0%	0.05	1.057492879841106
chr15	78305001	78320000	chr15	78305001	78510000	205000	15000	20.528455284552845	96.0%	0.053	1.056617350398822
chr17	75395001	75415000	chr17	75205001	75415000	210000	20000	19.892857142857142	95.0%	0.031	1.0556805100836542
chr2	226970001	226995000	chr2	226555001	226995000	440000	25000	10.584090909090909	96.0%	0.03	1.0542516477442998
chr14	75955001	75985000	chr14	75720001	75985000	265000	30000	18.60691823899371	96.0%	0.063	1.0517605216092207
chr3	17825001	17845000	chr3	17450001	17845000	395000	20000	12.74367088607595	95.0%	0.031	1.0468429956484817
chr9	6540001	6570000	chr9	6290001	6570000	280000	30000	18.011904761904763	95.0%	0.0655	1.045024563184767
chr1	3610001	3635000	chr1	3435001	3635000	200000	25000	18.775	95.0%	0.020999999999999998	1.0447841682545347
chr15	61860001	61880000	chr15	61860001	62310000	450000	20000	9.25	95.0%	0.088	1.0443668433722588
chr2	227750001	227775000	chr2	227465001	227775000	310000	25000	15.729032258064516	96.0%	0.0315	1.0416652084137936
chr10	62035001	62055000	chr10	62035001	62250000	215000	20000	19.8546511627907	97.0%	0.033	1.0398908608565238
chr10	114290001	114310000	chr10	114290001	114830000	540000	20000	8.93287037037037	95.0%	0.07	1.039178971435194
chr2	75050001	75070000	chr2	75050001	75415000	365000	20000	14.202054794520548	96.0%	0.086	1.0388274833786888
chr17	7730001	7750000	chr17	7730001	8000000	270000	20000	15.75	96.0%	0.0445	1.03771015346334
chr2	28740001	28760000	chr2	28560001	28760000	200000	20000	24.7125	96.0%	0.0265	1.0373939883306156
chr8	24875001	24905000	chr8	24875001	25075000	200000	30000	22.916666666666668	97.0%	0.028	1.0368239021849652
chr2	222045001	222065000	chr2	222045001	222645000	600000	20000	9.195833333333333	95.0%	0.059500000000000004	1.035120224003231
chr14	39100001	39120000	chr14	39100001	39435000	335000	20000	13.559701492537313	97.0%	0.047	1.0346098997455069
chr4	38015001	38040000	chr4	37425001	38040000	615000	25000	9.091056910569105	96.0%	0.055	1.0333407449901673
chr3	168145001	168175000	chr3	167835001	168175000	340000	30000	15.811274509803923	95.0%	0.0335	1.0308749730888673
chr4	145230001	145250000	chr4	145230001	145610000	380000	20000	13.865131578947368	97.0%	0.0635	1.0284895008605177
chr1	59930001	59950000	chr1	59760001	59950000	190000	20000	27.467105263157894	95.0%	0.0805	1.025260738455993
chr11	1110001	1135000	chr11	1110001	1530000	420000	25000	14.566666666666666	97.0%	0.0325	1.0234733184927414
chr22	22455001	22475000	chr22	22455001	22960000	505000	20000	9.23019801980198	95.0%	0.097	1.0222328632626534
chr6	910001	930000	chr6	910001	1345000	435000	20000	6.155172413793103	97.0%	0.053	1.0205383088183424
chr5	114440001	114465000	chr5	113845001	114465000	620000	25000	8.993548387096775	95.0%	0.040999999999999995	1.019197835351523
chr6	46410001	46435000	chr6	46410001	46895000	485000	25000	10.538144329896907	96.0%	0.058	1.0190054719618968
chr10	113370001	113395000	chr10	112855001	113395000	540000	25000	9.796296296296296	95.0%	0.044	1.017295801372617
chr13	28625001	28645000	chr13	28090001	28645000	555000	20000	9.20045045045045	95.0%	0.039	1.0167410623880633
chr8	2345001	2375000	chr8	2050001	2375000	325000	30000	11.483333333333334	96.0%	0.056	1.0151887259064734
chr2	170220001	170245000	chr2	170220001	170400000	180000	25000	25.633333333333333	98.0%	0.028	1.0151201465420174
chr2	42500001	42520000	chr2	42500001	42680000	180000	20000	36.97222222222222	98.0%	0.031	1.0109163848942362
chr9	89535001	89555000	chr9	89315001	89555000	240000	20000	18.458333333333332	96.0%	0.048	1.0083827701812735
chr17	38975001	38995000	chr17	38975001	39305000	330000	20000	13.049242424242424	95.0%	0.068	1.0078431313911933
chr1	154870001	154890000	chr1	154520001	154890000	370000	20000	13.530405405405405	95.0%	0.047	1.0050884023524198
chr2	95995001	96015000	chr2	95995001	96580000	585000	20000	6.25	95.0%	0.04	1.0044257348631853
chr13	50510001	50535000	chr13	50075001	50535000	460000	25000	10.247826086956522	98.0%	0.087	1.0043238128012884
chr2	170395001	170415000	chr2	170395001	170815000	420000	20000	13.836309523809524	97.0%	0.0235	1.003152782274998
chr1	67555001	67575000	chr1	67555001	67770000	215000	20000	22.738372093023255	97.0%	0.03	1.000581498432132
chr9	21095001	21115000	chr9	20875001	21115000	240000	20000	17.916666666666668	96.0%	0.051000000000000004	1.0001411881332518
chr17	10210001	10230000	chr17	9945001	10230000	285000	20000	15.614035087719298	95.0%	0.029	0.9979244199998804
chr5	174320001	174335000	chr5	174320001	174945000	625000	15000	8.317333333333334	95.0%	0.031	0.9978052445601528
chr5	46215001	46240000	chr5	45860001	46240000	380000	25000	14.660526315789474	98.0%	0.056999999999999995	0.997048667920288
chr8	66040001	66070000	chr8	66040001	66430000	390000	30000	12.662393162393164	97.0%	0.044	0.9946528737452589
chr14	37865001	37890000	chr14	37390001	37890000	500000	25000	9.586	95.0%	0.089	0.9931630520579728
chr7	21990001	22010000	chr7	21495001	22010000	515000	20000	9.684466019417476	96.0%	0.061	0.9929781592592842
chr7	25880001	25905000	chr7	25880001	26365000	485000	25000	11.15625	95.0%	0.096	0.9894974649687469
chr8	122065001	122090000	chr8	122065001	122635000	570000	25000	9.47719298245614	96.0%	0.063	0.9883709072478738
chr3	142265001	142290000	chr3	141865001	142290000	425000	25000	12.223529411764705	96.0%	0.053	0.986410938351973
chr10	25060001	25085000	chr10	24615001	25085000	470000	25000	11.236170212765957	95.0%	0.03	0.9844070288934259
chr11	72465001	72490000	chr11	72465001	72690000	225000	25000	20.52	97.0%	0.034	0.9838223508278305
chr3	14455001	14480000	chr3	14190001	14480000	290000	25000	15.051724137931036	95.0%	0.0305	0.9827127762811315
chr18	59815001	59835000	chr18	59440001	59835000	395000	20000	12.117088607594937	95.0%	0.099	0.9825735952543192
chr14	60165001	60190000	chr14	59580001	60190000	610000	25000	9.155737704918034	95.0%	0.039	0.9821049845186409
chr14	99870001	99890000	chr14	99680001	99890000	210000	20000	21.732142857142858	97.0%	0.0395	0.9785431078672748
chr11	118290001	118310000	chr11	118290001	118610000	320000	20000	16.578125	96.0%	0.047	0.9760446298855386
chr19	10235001	10250000	chr19	10070001	10250000	180000	15000	22.787037037037038	95.0%	0.052	0.9736470548587105
chr5	178820001	178850000	chr5	178240001	178850000	610000	30000	7.782786885245901	95.0%	0.0595	0.9732603264606656
chr1	176370001	176390000	chr1	176370001	176890000	520000	20000	9.774038461538462	97.0%	0.0745	0.9719864578085057
chr9	133170001	133190000	chr9	133170001	133335000	165000	20000	24.848484848484848	98.0%	0.026	0.969257271620356
chr7	135270001	135290000	chr7	135270001	135675000	405000	20000	12.012345679012345	97.0%	0.05	0.9683975201473902
chr6	129355001	129375000	chr6	128720001	129375000	655000	20000	8.916030534351146	95.0%	0.067	0.9682481670788312
chr1	228110001	228130000	chr1	228110001	228525000	415000	20000	12.274096385542169	95.0%	0.066	0.9678026074595287
chr20	2985001	3005000	chr20	2670001	3005000	335000	20000	14.343283582089553	95.0%	0.077	0.9667593976472764
chr10	110890001	110910000	chr10	110600001	110910000	310000	20000	15.67741935483871	95.0%	0.057499999999999996	0.9634890391941006
chr3	58310001	58340000	chr3	58310001	58600000	290000	30000	16.839080459770113	97.0%	0.037	0.9622203180486136
chr8	56905001	56935000	chr8	56415001	56935000	520000	30000	9.94551282051282	95.0%	0.07050000000000001	0.9593727603687658
chr13	20935001	20955000	chr13	20935001	21195000	260000	20000	14.490384615384615	95.0%	0.0315	0.9560488505001656
chr3	141545001	141565000	chr3	141270001	141565000	295000	20000	17.559322033898304	96.0%	0.065	0.9554440994911887
chr6	10785001	10810000	chr6	10470001	10810000	340000	25000	13.655882352941177	99.0%	0.0345	0.9535471701807261
chr1	182945001	182965000	chr1	182945001	183320000	375000	20000	12.856666666666667	95.0%	0.046	0.9519033996181481
chr3	15100001	15120000	chr3	15100001	15415000	315000	20000	15.063492063492063	98.0%	0.042	0.9497158357812256
chr6	88970001	88990000	chr6	88970001	89375000	405000	20000	11.969135802469136	95.0%	0.061	0.9497003202203975
chr8	19740001	19770000	chr8	19360001	19770000	410000	30000	12.922764227642276	95.0%	0.0595	0.9495060070710148
chr8	2340001	2375000	chr8	2340001	2665000	325000	35000	11.793103448275861	98.0%	0.039	0.947886978309598
chr12	26825001	26845000	chr12	26620001	26845000	225000	20000	19.816666666666666	96.0%	0.051	0.9471824120235124
chr5	103020001	103040000	chr5	102515001	103040000	525000	20000	10.947619047619048	95.0%	0.041	0.944691909149452
chr7	74375001	74395000	chr7	74190001	74395000	205000	20000	19.567073170731707	96.0%	0.032	0.9441297442581127
chr3	184770001	184805000	chr3	184365001	184805000	440000	35000	12.224025974025974	95.0%	0.07400000000000001	0.9430544937702035
chr22	42160001	42185000	chr22	42160001	42480000	320000	25000	15.35	96.0%	0.033	0.942848979403165
chr14	23100001	23125000	chr14	23100001	23295000	195000	25000	23.676923076923078	96.0%	0.027	0.9420901390231298
chr10	57705001	57725000	chr10	57705001	58080000	375000	20000	13.69	95.0%	0.06	0.9377192033180527
chr6	151010001	151030000	chr6	151010001	151330000	320000	20000	15.7265625	97.0%	0.0525	0.9375146552028851
chr17	1045001	1065000	chr17	1045001	1195000	150000	20000	24.758333333333333	98.0%	0.022	0.9362131421567212
chr9	36990001	37010000	chr9	36990001	37450000	460000	20000	10.19836956521739	95.0%	0.07250000000000001	0.9353472979235158
chr13	49285001	49310000	chr13	49285001	49620000	335000	25000	14.743283582089552	97.0%	0.043	0.935158497545769
chr20	34830001	34855000	chr20	34830001	35465000	635000	25000	8.521259842519685	95.0%	0.075	0.9338047297779857
chr14	74020001	74045000	chr14	73625001	74045000	420000	25000	10.41904761904762	96.0%	0.0755	0.9331636542318504
chr11	102600001	102620000	chr11	102300001	102620000	320000	20000	15.734375	98.0%	0.0125	0.9315482939030132
chr1	21945001	21965000	chr1	21655001	21965000	310000	20000	14.262096774193548	96.0%	0.0685	0.9312353957928499
chr17	78695001	78720000	chr17	78495001	78720000	225000	25000	19.90222222222222	95.0%	0.033	0.9277182666103739
chr6	122710001	122735000	chr6	122505001	122735000	230000	25000	21.595652173913045	96.0%	0.0235	0.9255555302687796
chr1	88725001	88745000	chr1	88725001	88970000	245000	20000	19.352040816326532	95.0%	0.067	0.9255384246604208
chr4	98455001	98485000	chr4	98455001	98980000	525000	30000	10.063492063492063	96.0%	0.066	0.9246620180544488
chr20	53525001	53550000	chr20	53145001	53550000	405000	25000	10.649382716049383	95.0%	0.049	0.924276767013608
chr20	9965001	9985000	chr20	9965001	10450000	485000	20000	9.216494845360824	95.0%	0.089	0.924187249077102
chr4	106360001	106380000	chr4	106360001	106915000	555000	20000	9.36936936936937	95.0%	0.081	0.9212279119921695
chr2	235730001	235755000	chr2	235130001	235755000	625000	25000	8.6448	95.0%	0.054	0.9208035646675888
chr1	24190001	24210000	chr1	24190001	24415000	225000	20000	16.627777777777776	96.0%	0.032	0.9200032994795639
chr17	45570001	45590000	chr17	45430001	45590000	160000	20000	24.75	97.0%	0.087	0.9169992508320913
chr3	167910001	167930000	chr3	167910001	168175000	265000	20000	19.40566037735849	97.0%	0.03	0.9167290202694947
chr15	92785001	92805000	chr15	92785001	93035000	250000	20000	15.785	97.0%	0.0375	0.9166505423088669
chr3	58170001	58205000	chr3	58170001	58630000	460000	35000	10.995341614906833	95.0%	0.0505	0.9149950044703654
chr6	34980001	35000000	chr6	34980001	35245000	265000	20000	18.40566037735849	96.0%	0.044	0.9128452596810727
chr3	112120001	112145000	chr3	112120001	112490000	370000	25000	13.832432432432432	96.0%	0.069	0.9121979395105299
chr3	129230001	129250000	chr3	128970001	129250000	280000	20000	16.861607142857142	95.0%	0.026500000000000003	0.9107969711011167
chr2	106090001	106110000	chr2	106090001	106590000	500000	20000	9.5675	95.0%	0.0615	0.9104511292454375
chr2	113360001	113385000	chr2	113175001	113385000	210000	25000	21.785714285714285	95.0%	0.03	0.9037712512089202
chr1	204155001	204175000	chr1	204155001	204500000	345000	20000	13.778985507246377	95.0%	0.087	0.9022874311976966
chr12	70690001	70725000	chr12	70220001	70725000	505000	35000	10.356435643564357	95.0%	0.063	0.899976141988976
chr3	185345001	185365000	chr3	185345001	185580000	235000	20000	20.24468085106383	97.0%	0.032	0.8985585709201259
chr3	17215001	17240000	chr3	16605001	17240000	635000	25000	8.615748031496064	95.0%	0.065	0.8979349162505526
chr12	108790001	108805000	chr12	108575001	108805000	230000	15000	20.28985507246377	95.0%	0.068	0.8970023966163903
chr11	32035001	32060000	chr11	32035001	32310000	275000	25000	18.516363636363636	95.0%	0.061	0.8930870294241481
chr2	38100001	38125000	chr2	37955001	38125000	170000	25000	42.805882352941175	98.0%	0.0635	0.8902628549227798
chr2	36335001	36355000	chr2	36335001	36790000	455000	20000	17.01098901098901	96.0%	0.067	0.8899414854893729
chr17	77325001	77345000	chr17	77325001	77510000	185000	20000	20.5472972972973	96.0%	0.035	0.8896754984725697
chr17	2830001	2850000	chr17	2830001	3020000	190000	20000	19.94736842105263	95.0%	0.027	0.8882042707834692
chr6	39295001	39315000	chr6	38975001	39315000	340000	20000	14.404411764705882	97.0%	0.0465	0.8876981533587913
chr13	96950001	96970000	chr13	96705001	96970000	265000	20000	16.59433962264151	95.0%	0.093	0.887667316817307
chr1	64280001	64305000	chr1	64280001	64690000	410000	25000	12.548780487804878	96.0%	0.091	0.887584876740972
chr3	5295001	5320000	chr3	5295001	5755000	460000	25000	11.395652173913044	97.0%	0.06	0.8871952302302855
chr4	54830001	54850000	chr4	54375001	54850000	475000	20000	11.126315789473685	95.0%	0.042	0.8870885190931845
chr1	10510001	10530000	chr1	10510001	10965000	455000	20000	11.107142857142858	95.0%	0.075	0.886058452904437
chr12	100545001	100565000	chr12	100130001	100565000	435000	20000	10.448275862068966	96.0%	0.063	0.8859068304904943
chr19	55410001	55430000	chr19	55125001	55430000	305000	20000	13.96311475409836	96.0%	0.087	0.8843734757736231
chr3	14910001	14935000	chr3	14625001	14935000	310000	25000	15.509677419354839	96.0%	0.0335	0.8842912090934189
chr7	87780001	87805000	chr7	87780001	88170000	390000	25000	12.753846153846153	95.0%	0.038	0.884076748175196
chr8	38820001	38855000	chr8	38820001	39420000	600000	35000	9.736904761904762	95.0%	0.0905	0.8820027122069193
chr12	103870001	103890000	chr12	103870001	104115000	245000	20000	19.709183673469386	97.0%	0.042	0.881307343945408
chr12	48590001	48620000	chr12	48195001	48620000	425000	30000	12.245098039215685	95.0%	0.058	0.8782974060405035
chr1	58505001	58530000	chr1	58505001	58765000	260000	25000	17.66923076923077	97.0%	0.064	0.8780429561912977
chr1	241820001	241840000	chr1	241505001	241840000	335000	20000	16.51865671641791	95.0%	0.09	0.8770701476078266
chr8	31240001	31265000	chr8	31240001	31490000	250000	25000	17.616	96.0%	0.051500000000000004	0.8748391887024324
chr2	222685001	222710000	chr2	222685001	222940000	255000	25000	19.63921568627451	98.0%	0.087	0.8748275556615795
chr5	59355001	59375000	chr5	58930001	59375000	445000	20000	11.910112359550562	97.0%	0.037	0.8734183216460871
chr2	69800001	69830000	chr2	69525001	69830000	305000	30000	26.17486338797814	95.0%	0.054	0.8696426998429307
chr10	34805001	34825000	chr10	34660001	34825000	165000	20000	24.242424242424242	98.0%	0.037	0.8686755838998832
chr1	108880001	108910000	chr1	108690001	108910000	220000	30000	22.37878787878788	96.0%	0.0345	0.8682633740313014
chr1	223075001	223095000	chr1	222635001	223095000	460000	20000	10.633152173913043	95.0%	0.0675	0.8681723432538709
chr1	17495001	17515000	chr1	17495001	17720000	225000	20000	18.783333333333335	97.0%	0.036	0.8672906748936661
chr5	128180001	128200000	chr5	127760001	128200000	440000	20000	13.744318181818182	96.0%	0.0295	0.8658475025761964
chr17	64275001	64295000	chr17	63870001	64295000	425000	20000	11.579411764705883	95.0%	0.074	0.8644857377224864
chr9	126295001	126315000	chr9	126295001	126495000	200000	20000	23.60625	97.0%	0.031	0.8642139217611512
chr2	16465001	16485000	chr2	16240001	16485000	245000	20000	20.448979591836736	96.0%	0.041	0.8588598199796638
chr10	32795001	32810000	chr10	32795001	33055000	260000	15000	17.987179487179485	97.0%	0.056	0.8584837325869147
chr12	52145001	52165000	chr12	52145001	52385000	240000	20000	16.604166666666668	98.0%	0.048	0.8576131557413214
chr11	10400001	10435000	chr11	10400001	10660000	260000	35000	18.76098901098901	96.0%	0.0785	0.8562960337335687
chr7	75855001	75880000	chr7	75855001	76050000	195000	25000	21.297435897435896	96.0%	0.032	0.8544604282843077
chr18	36085001	36110000	chr18	36085001	36760000	675000	25000	8.134814814814815	96.0%	0.064	0.8533328244897241
chr12	45155001	45175000	chr12	45155001	45725000	570000	20000	9.418859649122806	95.0%	0.034	0.8528657735997774
chr20	8040001	8060000	chr20	8040001	8325000	285000	20000	16.140350877192983	95.0%	0.044	0.8508863972169701
chr3	130090001	130115000	chr3	129935001	130115000	180000	25000	17.511111111111113	98.0%	0.0225	0.8498274499127947
chr22	50230001	50250000	chr22	50230001	50510000	280000	20000	11.486607142857142	95.0%	0.058499999999999996	0.8492983348970975
chr6	149395001	149420000	chr6	149160001	149420000	260000	25000	19.292307692307695	95.0%	0.0715	0.8487977578137169
chr11	94170001	94195000	chr11	94170001	94510000	340000	25000	14.364705882352942	96.0%	0.093	0.8482199638753157
chr16	71945001	71965000	chr16	71635001	71965000	330000	20000	13.787878787878787	95.0%	0.0735	0.8476430174561926
chr8	30355001	30385000	chr8	30175001	30385000	210000	30000	21.02777777777778	96.0%	0.0455	0.847456049870245
chr6	30005001	30020000	chr6	29735001	30020000	285000	15000	18.71345029239766	96.0%	0.04	0.8450032191407442
chr11	121185001	121205000	chr11	120885001	121205000	320000	20000	13.41015625	95.0%	0.095	0.8447174694126929
chr4	52010001	52035000	chr4	51820001	52035000	215000	25000	19.079069767441858	97.0%	0.035	0.8447068194513898
chr17	51755001	51780000	chr17	51755001	52000000	245000	25000	18.489795918367346	96.0%	0.034	0.8443149889014296
chr10	112465001	112490000	chr10	112465001	113490000	1025000	25000	5.251707317073171	95.0%	0.075	0.8436788600143387
chr8	127395001	127415000	chr8	127395001	127735000	340000	20000	14.161764705882353	97.0%	0.0455	0.8434840122296379
chr4	156660001	156680000	chr4	155985001	156680000	695000	20000	7.93705035971223	96.0%	0.048	0.8422374336585758
chr2	191810001	191840000	chr2	191810001	192115000	305000	30000	17.639344262295083	96.0%	0.065	0.8389758096213622
chr7	45115001	45145000	chr7	44830001	45145000	315000	30000	13.78042328042328	98.0%	0.042	0.8347103375241939
chr17	77530001	77555000	chr17	77530001	77955000	425000	25000	10.409411764705883	95.0%	0.092	0.8346413809256107
chr10	88815001	88840000	chr10	88815001	89080000	265000	25000	19.5622641509434	97.0%	0.037	0.8343183162304041
chr9	36860001	36880000	chr9	36860001	37370000	510000	20000	9.955882352941176	95.0%	0.08099999999999999	0.8335136823781327
chr12	69555001	69575000	chr12	69345001	69575000	230000	20000	20.95108695652174	97.0%	0.041999999999999996	0.8334482488904332
chr6	41660001	41685000	chr6	41355001	41685000	330000	25000	14.515151515151516	97.0%	0.042499999999999996	0.8332553691277996
chr12	26990001	27010000	chr12	26845001	27010000	165000	20000	26.704545454545453	97.0%	0.04	0.8320355421025449
chr3	142980001	143000000	chr3	142315001	143000000	685000	20000	8.333941605839415	95.0%	0.057	0.8298898259788579
chr3	112960001	112980000	chr3	112585001	112980000	395000	20000	13.778481012658228	96.0%	0.029	0.8284882253849176
chr4	15475001	15495000	chr4	15475001	15995000	520000	20000	10.447115384615385	96.0%	0.0445	0.8273897840996174
chr19	48640001	48675000	chr19	48640001	48865000	225000	35000	18.507936507936506	96.0%	0.032	0.8270206485571839
chr7	17180001	17205000	chr7	16995001	17205000	210000	25000	23.88095238095238	95.0%	0.08149999999999999	0.8263976901052347
chr8	141155001	141180000	chr8	140700001	141180000	480000	25000	9.658333333333333	95.0%	0.055999999999999994	0.8246581128810456
chr2	120335001	120350000	chr2	120335001	120685000	350000	15000	12.376190476190475	96.0%	0.0335	0.8244611843348717
chr3	44520001	44545000	chr3	44520001	45040000	520000	25000	10.086538461538462	95.0%	0.0745	0.8232234508911238
chr15	29130001	29150000	chr15	29130001	29345000	215000	20000	19.302325581395348	96.0%	0.04	0.8229196487778677
chr5	132520001	132550000	chr5	132520001	132895000	375000	30000	14.555555555555555	96.0%	0.062	0.8226416452348774
chr7	154920001	154940000	chr7	154920001	155775000	855000	20000	6.548245614035087	96.0%	0.052	0.8224517528422441
chr13	41635001	41660000	chr13	41350001	41660000	310000	25000	14.561290322580646	96.0%	0.0715	0.8213842388751782
chr16	19910001	19930000	chr16	19910001	20345000	435000	20000	10.35344827586207	97.0%	0.089	0.8206410778647852
chr4	75280001	75300000	chr4	74870001	75300000	430000	20000	11.732558139534884	96.0%	0.043	0.8205177159350879
chr6	13890001	13915000	chr6	13890001	14155000	265000	25000	17.324528301886794	95.0%	0.074	0.8200655576166316
chr3	121985001	122020000	chr3	121700001	122020000	320000	35000	16.462053571428573	97.0%	0.064	0.8190341339313557
chr4	159940001	159960000	chr4	159940001	160490000	550000	20000	9.604545454545455	95.0%	0.049	0.8177225761400599
chr19	50340001	50365000	chr19	50340001	50600000	260000	25000	16.253846153846155	96.0%	0.054	0.8159224326622004
chr3	107410001	107430000	chr3	107215001	107430000	215000	20000	20.33139534883721	98.0%	0.037	0.8099729555124282
chr18	3285001	3300000	chr18	3285001	3875000	590000	15000	9.338983050847459	95.0%	0.031	0.8081636188503282
chr6	105390001	105415000	chr6	105075001	105415000	340000	25000	14.952941176470588	96.0%	0.038000000000000006	0.8046906762948183
chr12	27625001	27660000	chr12	27455001	27660000	205000	35000	21.062717770034844	98.0%	0.058	0.8034131890503929
chr8	120970001	120990000	chr8	120970001	121650000	680000	20000	8.277573529411764	98.0%	0.07550000000000001	0.8007546775105979
chr15	84575001	84600000	chr15	84575001	85045000	470000	25000	9.576595744680851	95.0%	0.0775	0.8000439176566859
chr17	26590001	26620000	chr17	26590001	27215000	625000	30000	17.344827586206897	95.0%	0.051	0.7972791527122883
chr9	109505001	109530000	chr9	109180001	109530000	350000	25000	14.225714285714286	95.0%	0.0795	0.7970332429955149
chr10	118555001	118575000	chr10	118555001	119030000	475000	20000	10.507894736842106	95.0%	0.068	0.7924028490887823
chr4	112315001	112340000	chr4	112315001	112775000	460000	25000	11.291304347826088	95.0%	0.0955	0.7910905140129475
chr14	96095001	96115000	chr14	96095001	96435000	340000	20000	13.952205882352942	95.0%	0.058499999999999996	0.7878949374937908
chr5	34440001	34470000	chr5	33865001	34470000	605000	30000	7.6170798898071626	95.0%	0.099	0.7843200685063373
chr13	47750001	47780000	chr13	46905001	47780000	875000	30000	5.6171428571428565	96.0%	0.062	0.7839052587640956
chr8	17685001	17705000	chr8	17495001	17705000	210000	20000	22.214285714285715	96.0%	0.038500000000000006	0.7821565062652018
chr14	51965001	51985000	chr14	51775001	51985000	210000	20000	21.553571428571427	95.0%	0.031	0.7799133955260698
chr1	18900001	18920000	chr1	18900001	19245000	345000	20000	12.923913043478262	96.0%	0.068	0.7734024763255256
chr4	83265001	83285000	chr4	82600001	83285000	685000	20000	8.56021897810219	95.0%	0.051	0.7733551257246721
chr8	140825001	140845000	chr8	140825001	141180000	355000	20000	14.57394366197183	97.0%	0.087	0.7700633962420064
chr6	35730001	35750000	chr6	35505001	35750000	245000	20000	18.214285714285715	97.0%	0.058	0.7686343996751911
chr19	8235001	8255000	chr19	7945001	8255000	310000	20000	12.32258064516129	96.0%	0.057999999999999996	0.7679555660731626
chr16	50015001	50035000	chr16	50015001	50385000	370000	20000	11.246621621621621	95.0%	0.049	0.7603954514036932
chr20	725001	750000	chr20	435001	750000	315000	25000	13.879365079365078	95.0%	0.064	0.7597865367079435
chr18	2925001	2960000	chr18	2925001	3185000	260000	35000	18.403846153846153	96.0%	0.086	0.7591841747301622
chr7	78015001	78035000	chr7	78015001	78250000	235000	20000	18.77659574468085	96.0%	0.044	0.7564166663926614
chr11	14900001	14925000	chr11	14900001	15210000	310000	25000	14.203225806451613	96.0%	0.053	0.7560812202294397
chr4	173235001	173260000	chr4	173070001	173260000	190000	25000	25.573684210526316	95.0%	0.061	0.7536790393896942
chr8	17320001	17340000	chr8	17320001	17625000	305000	20000	16.618852459016395	96.0%	0.086	0.7521876128589464
chr5	151730001	151750000	chr5	151265001	151750000	485000	20000	10.672680412371134	95.0%	0.062	0.7516999677344863
chr17	7855001	7875000	chr17	7855001	8055000	200000	20000	22.85625	96.0%	0.045	0.7499362791497485
chr13	106515001	106535000	chr13	105520001	106535000	1015000	20000	5.479064039408867	95.0%	0.062	0.7486674590452325
chr10	79180001	79210000	chr10	78655001	79210000	555000	30000	8.034534534534535	96.0%	0.043	0.7479963348979187
chr1	103560001	103585000	chr1	103330001	103585000	255000	25000	19.988235294117647	96.0%	0.047	0.7473381180399525
chr8	121250001	121270000	chr8	121250001	121760000	510000	20000	10.237745098039216	95.0%	0.0965	0.7455935391701242
chr9	128840001	128860000	chr9	128840001	129030000	190000	20000	22.335526315789473	97.0%	0.0565	0.7445324886535889
chr5	136055001	136070000	chr5	135910001	136070000	160000	15000	27.447916666666668	98.0%	0.0325	0.7423834857156094
chr20	17500001	17530000	chr20	17500001	17955000	455000	30000	10.732600732600732	95.0%	0.075	0.73992481197977
chr9	33730001	33750000	chr9	33730001	33940000	210000	20000	20.607142857142858	96.0%	0.054	0.7382897664704603
chr2	30195001	30215000	chr2	30195001	30660000	465000	20000	10.46236559139785	96.0%	0.039	0.7379606682843111
chr12	14505001	14525000	chr12	14505001	14715000	210000	20000	21.488095238095237	97.0%	0.040499999999999994	0.7371835694566468
chr8	101610001	101635000	chr8	101365001	101635000	270000	25000	17.88888888888889	95.0%	0.0685	0.7363054085837493
chr12	1630001	1650000	chr12	1630001	1960000	330000	20000	14.181818181818182	95.0%	0.051500000000000004	0.7326223362620573
chr4	153130001	153150000	chr4	153130001	153660000	530000	20000	10.091981132075471	96.0%	0.055	0.7307378512313668
chr6	109700001	109720000	chr6	109700001	110025000	325000	20000	13.811538461538461	95.0%	0.035	0.7293449512152017
chr15	39555001	39580000	chr15	39045001	39580000	535000	25000	10.480373831775701	95.0%	0.038	0.7283031541062283
chr2	127190001	127210000	chr2	127190001	127495000	305000	20000	14.790983606557377	97.0%	0.047	0.7271555319961084
chr3	54410001	54435000	chr3	54410001	54905000	495000	25000	9.258585858585858	96.0%	0.06	0.7264218984064258
chr13	113375001	113395000	chr13	112935001	113395000	460000	20000	9.793478260869565	95.0%	0.055	0.7246941445738502
chr2	27275001	27305000	chr2	26965001	27305000	340000	30000	15.169117647058824	96.0%	0.0555	0.7221267602309482
chr12	13265001	13285000	chr12	13265001	14010000	745000	20000	8.518456375838927	95.0%	0.061	0.7219039728529516
chr12	70720001	70750000	chr12	70720001	71465000	745000	30000	7.307606263982103	95.0%	0.058	0.7215497847520105
chr13	95370001	95390000	chr13	95230001	95390000	160000	20000	26.015625	96.0%	0.038	0.7209396746936503
chr16	66850001	66875000	chr16	66590001	66875000	285000	25000	15.287719298245614	96.0%	0.096	0.7204866406823183
chr1	204110001	204135000	chr1	203885001	204135000	250000	25000	17.584	95.0%	0.0585	0.7196804866889959
chr2	227370001	227390000	chr2	227125001	227390000	265000	20000	22.38679245283019	95.0%	0.07	0.7194008821972465
chr12	85465001	85485000	chr12	85465001	85900000	435000	20000	12.07183908045977	96.0%	0.051	0.7187410043428405
chr1	168065001	168085000	chr1	167705001	168085000	380000	20000	13.532894736842104	95.0%	0.0665	0.716211924277876
chr1	12100001	12125000	chr1	12100001	12310000	210000	25000	19.704761904761902	95.0%	0.0245	0.7132003699946085
chr8	123820001	123840000	chr8	123820001	124040000	220000	20000	22.738636363636363	97.0%	0.032	0.7127826560730463
chr10	118235001	118255000	chr10	117520001	118255000	735000	20000	7.285714285714286	95.0%	0.062	0.7113691073664252
chr12	49500001	49525000	chr12	49275001	49525000	250000	25000	19.332	95.0%	0.086	0.7111453881054941
chr7	65590001	65615000	chr7	65235001	65615000	380000	25000	8.073684210526316	95.0%	0.096	0.7091554630957837
chr15	63390001	63410000	chr15	62745001	63410000	665000	20000	7.7330827067669174	95.0%	0.06	0.7083827166991705
chr14	36360001	36385000	chr14	36080001	36385000	305000	25000	15.026229508196721	95.0%	0.067	0.707783942564022
chr11	67845001	67865000	chr11	67845001	67995000	150000	20000	21.0	98.0%	0.031	0.7071664681189017
chr11	129375001	129395000	chr11	129375001	129700000	325000	20000	15.642307692307693	96.0%	0.05	0.7047198158253208
chr4	155930001	155955000	chr4	155400001	155955000	555000	25000	9.36936936936937	95.0%	0.074	0.7017267066154864
chr3	45825001	45845000	chr3	45670001	45845000	175000	20000	26.392857142857142	97.0%	0.033	0.6996240096214243
chr6	110515001	110535000	chr6	110515001	111055000	540000	20000	9.82175925925926	95.0%	0.0695	0.696993132340901
chr4	111635001	111660000	chr4	111635001	112055000	420000	25000	12.257831325301204	95.0%	0.07200000000000001	0.696223757788801
chr3	38505001	38530000	chr3	38505001	39035000	530000	25000	9.80188679245283	95.0%	0.07250000000000001	0.6954341794628001
chr5	139750001	139775000	chr5	139425001	139775000	350000	25000	12.751428571428573	96.0%	0.078	0.6945584684161022
chr1	100910001	100935000	chr1	100910001	101305000	395000	25000	11.80253164556962	95.0%	0.095	0.6942963983318476
chr6	16950001	16975000	chr6	16280001	16975000	695000	25000	7.739568345323741	96.0%	0.098	0.6931064543464465
chr17	16985001	17005000	chr17	16985001	17340000	355000	20000	11.348591549295774	95.0%	0.038	0.6912648106177725
chr2	75395001	75415000	chr2	75050001	75415000	365000	20000	12.986301369863014	96.0%	0.089	0.6901939154951324
chr2	17650001	17675000	chr2	17150001	17675000	525000	25000	10.493333333333334	95.0%	0.064	0.6884932671636528
chr12	47290001	47320000	chr12	47045001	47320000	275000	30000	18.06969696969697	95.0%	0.051	0.6866735541693352
chr11	107885001	107905000	chr11	107730001	107905000	175000	20000	23.485714285714284	98.0%	0.044	0.684669412767759
chr9	111755001	111775000	chr9	111755001	112010000	255000	20000	16.21078431372549	97.0%	0.044	0.6818251416705279
chr4	128855001	128875000	chr4	128375001	128875000	500000	20000	10.9225	95.0%	0.0625	0.6806782832247519
chr2	84615001	84635000	chr2	84315001	84635000	320000	20000	16.10546875	95.0%	0.07250000000000001	0.6802905615129373
chr6	136530001	136550000	chr6	136245001	136550000	305000	20000	16.692622950819672	95.0%	0.037	0.6796086845059426
chr6	47405001	47430000	chr6	47405001	47780000	375000	25000	12.8	98.0%	0.076	0.6794808110185945
chr10	49580001	49600000	chr10	49580001	50280000	700000	20000	6.616071428571429	95.0%	0.07300000000000001	0.6738353302424085
chr7	73710001	73730000	chr7	73555001	73730000	175000	20000	21.3	96.0%	0.03	0.6733253112927001
chr1	15115001	15150000	chr1	15115001	15515000	400000	35000	12.285714285714286	95.0%	0.061	0.6704477604626226
chr19	6035001	6060000	chr19	6035001	6355000	320000	25000	13.85	97.0%	0.066	0.6696656956592139
chr17	19750001	19770000	chr17	19350001	19770000	420000	20000	11.232142857142858	95.0%	0.0305	0.6686651343138469
chr11	44110001	44135000	chr11	44110001	44545000	435000	25000	11.928735632183908	96.0%	0.07	0.6684333162501803
chr11	2535001	2560000	chr11	2535001	3060000	525000	25000	13.952380952380953	95.0%	0.076	0.6665110874873569
chr2	99045001	99075000	chr2	98560001	99075000	515000	30000	8.938511326860842	95.0%	0.092	0.6621147325409852
chr3	49435001	49455000	chr3	48975001	49455000	480000	20000	9.546875	95.0%	0.061	0.6610378450053364
chr12	93960001	93980000	chr12	93745001	93980000	235000	20000	21.04787234042553	96.0%	0.033	0.6552418858286921
chr6	149715001	149735000	chr6	149715001	149930000	215000	20000	20.372093023255815	97.0%	0.03	0.6540696989443057
chr2	10650001	10670000	chr2	10065001	10670000	605000	20000	8.62396694214876	95.0%	0.096	0.6537642070862163
chr1	172430001	172465000	chr1	172430001	172710000	280000	35000	17.224489795918366	95.0%	0.089	0.6510198884464442
chr8	53995001	54015000	chr8	53810001	54015000	205000	20000	20.865853658536587	96.0%	0.058	0.6498541577438508
chr11	27175001	27200000	chr11	27175001	27430000	255000	25000	17.894117647058824	97.0%	0.042	0.6495868724347825
chr1	5735001	5755000	chr1	5485001	5755000	270000	20000	15.449074074074074	95.0%	0.048	0.6495523551932245
chr7	23265001	23280000	chr7	23265001	23495000	230000	15000	17.746376811594203	98.0%	0.072	0.6469208558602515
chr16	66395001	66415000	chr16	66395001	66605000	210000	20000	18.970238095238095	97.0%	0.032	0.6468208773827516
chr17	76495001	76515000	chr17	76295001	76515000	220000	20000	18.329545454545453	95.0%	0.0665	0.6467716429416644
chr4	112090001	112110000	chr4	112090001	112325000	235000	20000	19.48936170212766	98.0%	0.055	0.6445598993531796
chr15	59165001	59180000	chr15	59165001	59505000	340000	15000	14.132352941176471	97.0%	0.0555	0.6386575518379162
chr3	146050001	146075000	chr3	146050001	146635000	585000	25000	8.871794871794872	96.0%	0.08	0.6375154739089586
chr3	47975001	47995000	chr3	47820001	47995000	175000	20000	25.12857142857143	98.0%	0.05	0.6365587629967884
chr2	60530001	60550000	chr2	60195001	60550000	355000	20000	20.989436619718308	98.0%	0.063	0.6362636197353931
chr6	130310001	130330000	chr6	130310001	130705000	395000	20000	13.316455696202532	98.0%	0.068	0.6358665109149422
chr6	29560001	29590000	chr6	29025001	29590000	565000	30000	9.424778761061946	95.0%	0.057	0.6352029978830072
chr2	233975001	234000000	chr2	233975001	234545000	570000	25000	10.10701754385965	97.0%	0.066	0.633939118263657
chr14	31340001	31360000	chr14	30845001	31360000	515000	20000	9.648058252427184	97.0%	0.047	0.629695536636849
chr6	154145001	154170000	chr6	154145001	154675000	530000	25000	9.8811320754717	96.0%	0.0885	0.6282409172503556
chr5	119390001	119415000	chr5	118995001	119415000	420000	25000	13.080952380952379	96.0%	0.0385	0.6264369409966711
chr5	142535001	142550000	chr5	141970001	142550000	580000	15000	10.089080459770114	95.0%	0.0505	0.6258396923894045
chr3	32645001	32675000	chr3	32350001	32675000	325000	30000	14.799999999999999	96.0%	0.065	0.623672627775175
chr15	51965001	51985000	chr15	51965001	52225000	260000	20000	15.58173076923077	95.0%	0.0685	0.621985274394181
chr6	8975001	9000000	chr6	8975001	9730000	755000	25000	6.993377483443709	96.0%	0.062	0.6215771093926945
chr1	243310001	243330000	chr1	242835001	243330000	495000	20000	9.219696969696969	96.0%	0.066	0.6212726030532857
chr2	157985001	158005000	chr2	157515001	158005000	490000	20000	11.517857142857142	95.0%	0.035	0.6208894995899884
chr9	85810001	85835000	chr9	85810001	86295000	485000	25000	7.684536082474227	97.0%	0.094	0.6186074822466225
chr3	129805001	129830000	chr3	129535001	129830000	295000	25000	17.29491525423729	95.0%	0.081	0.6185144193214186
chr12	115990001	116015000	chr12	115990001	116245000	255000	25000	19.054901960784314	97.0%	0.08	0.6168011745384023
chr14	24080001	24105000	chr14	23970001	24105000	135000	25000	29.851851851851855	95.0%	0.038	0.6137980222670357
chr9	108265001	108285000	chr9	107410001	108285000	875000	20000	6.4714285714285715	95.0%	0.083	0.612642353588502
chr7	116800001	116820000	chr7	116175001	116820000	645000	20000	8.720930232558139	97.0%	0.029	0.6118414127639324
chr15	68720001	68740000	chr15	68720001	68930000	210000	20000	21.422619047619047	95.0%	0.0375	0.6107593415483897
chr4	39955001	39975000	chr4	39510001	39975000	465000	20000	10.647849462365592	95.0%	0.084	0.607579773363634
chr5	7245001	7265000	chr5	7245001	7825000	580000	20000	6.685344827586207	97.0%	0.0985	0.6070194837439725
chr2	105220001	105245000	chr2	105075001	105245000	170000	25000	25.58235294117647	96.0%	0.034	0.6034611451890356
chr8	143225001	143245000	chr8	143035001	143245000	210000	20000	18.821428571428573	97.0%	0.062	0.6024627691478595
chr1	17120001	17140000	chr1	17120001	17280000	160000	20000	26.765625	97.0%	0.028	0.5970204191323395
chr1	153495001	153515000	chr1	153495001	153815000	320000	20000	13.75390625	97.0%	0.03	0.5968787825460858
chr4	153770001	153790000	chr4	153770001	154420000	650000	20000	8.632692307692308	95.0%	0.0905	0.5951376320435313
chr20	34565001	34600000	chr20	34565001	34780000	215000	35000	21.827242524916944	95.0%	0.068	0.5948380429778454
chr12	53760001	53780000	chr12	53760001	54075000	315000	20000	15.567460317460318	95.0%	0.068	0.5923269617591214
chr18	41745001	41765000	chr18	41745001	41915000	170000	20000	24.948529411764707	96.0%	0.0385	0.5906617603341003
chr2	196440001	196465000	chr2	196070001	196465000	395000	25000	12.630379746835443	95.0%	0.054	0.5882573613618359
chr8	129815001	129835000	chr8	129815001	130115000	300000	20000	15.941666666666666	95.0%	0.053000000000000005	0.5878123185329277
chr3	19875001	19895000	chr3	19875001	20275000	400000	20000	11.378125	96.0%	0.0315	0.586284313966211
chr1	117030001	117045000	chr1	116755001	117045000	290000	15000	16.46551724137931	97.0%	0.053	0.5845141913922811
chr2	237555001	237580000	chr2	237315001	237580000	265000	25000	16.958490566037735	96.0%	0.049	0.583689115964796
chr8	12855001	12880000	chr8	12855001	13035000	180000	25000	25.205555555555556	97.0%	0.035	0.5816995888265672
chr12	80410001	80440000	chr12	80410001	80765000	355000	30000	13.45774647887324	95.0%	0.095	0.5816944980457542
chr12	130035001	130070000	chr12	130035001	130315000	280000	35000	15.729591836734695	95.0%	0.088	0.5801859518251353
chr7	71700001	71725000	chr7	71505001	71725000	220000	25000	17.740909090909092	95.0%	0.08249999999999999	0.5783307902010258
chr4	83490001	83515000	chr4	83490001	83775000	285000	25000	16.347368421052632	95.0%	0.052	0.5780460242987939
chr3	69395001	69425000	chr3	68945001	69425000	480000	30000	11.328125	95.0%	0.041999999999999996	0.575355042277324
chr1	64810001	64830000	chr1	64665001	64830000	165000	20000	24.242424242424242	95.0%	0.036	0.5752896465365932
chr6	150075001	150105000	chr6	150075001	150340000	265000	30000	18.644654088050313	95.0%	0.074	0.573845385193225
chr1	11620001	11640000	chr1	11230001	11640000	410000	20000	11.509146341463415	95.0%	0.054	0.5735200400725545
chr2	216645001	216670000	chr2	216030001	216670000	640000	25000	8.6859375	95.0%	0.07450000000000001	0.572507671766875
chr7	129805001	129825000	chr7	129645001	129825000	180000	20000	23.270833333333332	95.0%	0.062	0.5716302916680458
chr12	96975001	96995000	chr12	96975001	98010000	1035000	20000	5.98792270531401	95.0%	0.075	0.5713846712489182
chr15	84000001	84030000	chr15	83685001	84030000	345000	30000	14.178743961352657	96.0%	0.086	0.5647846268943992
chr14	69820001	69835000	chr14	69820001	70325000	505000	15000	10.135313531353136	96.0%	0.056	0.5646755179671862
chr12	7980001	8000000	chr12	7850001	8000000	150000	20000	24.416666666666668	95.0%	0.081	0.5641113875169739
chr4	175885001	175905000	chr4	175575001	175905000	330000	20000	14.193181818181818	95.0%	0.07350000000000001	0.5627103182314454
chr2	162285001	162305000	chr2	161850001	162305000	455000	20000	11.535714285714286	95.0%	0.049	0.5623138487935088
chr8	122455001	122475000	chr8	122455001	122645000	190000	20000	22.532894736842106	96.0%	0.05	0.5623001369381668
chr14	55410001	55430000	chr14	55120001	55430000	310000	20000	14.97983870967742	97.0%	0.055	0.561918300982782
chr1	151435001	151460000	chr1	151435001	151745000	310000	25000	14.558064516129033	97.0%	0.043	0.56148572065408
chr17	64725001	64740000	chr17	64495001	64740000	245000	15000	17.523809523809522	95.0%	0.088	0.5601600554847173
chr17	58435001	58455000	chr17	58175001	58455000	280000	20000	17.71875	97.0%	0.0325	0.5589962253776766
chr1	5620001	5645000	chr1	5620001	5925000	305000	25000	14.459016393442624	95.0%	0.091	0.5589676323681468
chr11	113275001	113295000	chr11	112780001	113295000	515000	20000	9.067961165048544	95.0%	0.047	0.557588634595297
chr7	50450001	50480000	chr7	50450001	50685000	235000	30000	18.44326241134752	98.0%	0.066	0.5562550463830385
chr7	76170001	76190000	chr7	76170001	76345000	175000	20000	23.87142857142857	97.0%	0.016	0.550171102597155
chr5	32055001	32080000	chr5	31580001	32080000	500000	25000	10.448	95.0%	0.0385	0.549396184908319
chr8	29345001	29360000	chr8	29345001	29825000	480000	15000	10.458333333333334	95.0%	0.053	0.5455692235644406
chr17	79965001	79995000	chr17	79720001	79995000	275000	30000	15.590909090909092	95.0%	0.09	0.5442449208689093
chr2	62435001	62460000	chr2	62435001	63285000	850000	25000	9.883529411764705	96.0%	0.07250000000000001	0.5418043148139338
chr6	70675001	70695000	chr6	70205001	70695000	490000	20000	10.073979591836734	96.0%	0.035	0.5396461132536615
chr4	109405001	109430000	chr4	109405001	109980000	575000	25000	9.26608695652174	97.0%	0.096	0.5373654307945167
chr2	237390001	237415000	chr2	237195001	237415000	220000	25000	21.772727272727273	95.0%	0.08199999999999999	0.5359946242516521
chr3	87985001	88010000	chr3	87235001	88010000	775000	25000	7.03225806451613	95.0%	0.07	0.5357357568009591
chr10	123945001	123965000	chr10	123600001	123965000	365000	20000	12.811643835616438	96.0%	0.082	0.5340544201553682
chr1	222445001	222475000	chr1	222445001	222800000	355000	30000	9.539906103286386	97.0%	0.088	0.5336602776251131
chr3	149105001	149125000	chr3	149105001	149505000	400000	20000	12.1375	95.0%	0.096	0.5298068085784738
chr2	21290001	21325000	chr2	21035001	21325000	290000	35000	16.458128078817733	95.0%	0.082	0.5293267640403516
chr7	126960001	126980000	chr7	126960001	127220000	260000	20000	25.004807692307693	96.0%	0.052	0.529292406745142
chr7	21495001	21515000	chr7	20920001	21515000	595000	20000	9.262605042016807	95.0%	0.061	0.5284947639633121
chr1	54480001	54500000	chr1	54065001	54500000	435000	20000	10.485632183908047	98.0%	0.038	0.526507960129796
chr4	53480001	53500000	chr4	53480001	53840000	360000	20000	13.79861111111111	95.0%	0.059	0.5254292440651575
chr1	221420001	221440000	chr1	220865001	221440000	575000	20000	8.721739130434782	95.0%	0.078	0.523837062152599
chr20	48600001	48620000	chr20	48295001	48620000	325000	20000	12.576923076923077	95.0%	0.073	0.5229081474489077
chr7	36975001	37000000	chr7	36975001	37190000	215000	25000	22.609302325581396	97.0%	0.035	0.5226306053387927
chr16	53040001	53065000	chr16	53040001	53290000	250000	25000	16.232	96.0%	0.046	0.522153257373893
chr9	68345001	68360000	chr9	68345001	68575000	230000	15000	9.108695652173912	98.0%	0.068	0.5215503767765519
chr2	106630001	106650000	chr2	106630001	107675000	1045000	20000	5.393540669856459	97.0%	0.068	0.5213058905093018
chr5	77005001	77025000	chr5	76615001	77025000	410000	20000	11.704268292682928	95.0%	0.0495	0.5212869088284953
chr1	223130001	223155000	chr1	223130001	223355000	225000	25000	19.564444444444444	96.0%	0.056	0.5192507747722299
chr5	180865001	180885000	chr5	180865001	181165000	300000	20000	15.054166666666667	96.0%	0.055	0.5179519571736637
chr14	75280001	75305000	chr14	74870001	75305000	435000	25000	11.427586206896553	95.0%	0.053	0.5174086485718374
chr14	49860001	49880000	chr14	49860001	50115000	255000	20000	17.058823529411764	97.0%	0.082	0.5149069140937363
chr2	168105001	168125000	chr2	167220001	168125000	905000	20000	6.273480662983426	95.0%	0.058	0.5138035358120677
chr5	111155001	111175000	chr5	111155001	111550000	395000	20000	12.689873417721518	96.0%	0.074	0.5133975109478444
chr4	153345001	153360000	chr4	153345001	153650000	305000	15000	17.120218579234972	97.0%	0.03	0.5129398182494372
chr5	172970001	172995000	chr5	172970001	173240000	270000	25000	16.585185185185185	95.0%	0.064	0.5117943013045682
chr7	116160001	116180000	chr7	116160001	116665000	505000	20000	11.311881188118813	96.0%	0.094	0.5115428159844885
chr9	77730001	77750000	chr9	77420001	77750000	330000	20000	15.424242424242424	95.0%	0.055	0.5099431886281928
chr7	112400001	112420000	chr7	111760001	112420000	660000	20000	8.854166666666666	97.0%	0.088	0.5097341559195927
chr2	102010001	102030000	chr2	102010001	102250000	240000	20000	19.234375	97.0%	0.0905	0.5086554542706622
chr19	760001	780000	chr19	760001	925000	165000	20000	20.62878787878788	95.0%	0.054	0.5063427180048883
chr1	223685001	223705000	chr1	223685001	224170000	485000	20000	8.68041237113402	95.0%	0.074	0.506075905689136
chr6	166765001	166785000	chr6	166765001	167155000	390000	20000	11.967948717948717	97.0%	0.0885	0.5058072145653454
chr2	48570001	48595000	chr2	48415001	48595000	180000	25000	34.65	97.0%	0.036000000000000004	0.5053259209069808
chr13	29685001	29715000	chr13	29480001	29715000	235000	30000	18.93617021276596	96.0%	0.036	0.5035823679059983
chr12	108935001	108960000	chr12	108615001	108960000	345000	25000	13.504347826086956	97.0%	0.061	0.5019068204567066
chr10	70540001	70560000	chr10	70540001	70825000	285000	20000	14.666666666666666	95.0%	0.054	0.4976373929777222
chr1	153490001	153505000	chr1	153335001	153505000	170000	15000	25.598039215686274	97.0%	0.054000000000000006	0.4975408060981181
chr2	62795001	62810000	chr2	62795001	63435000	640000	15000	11.799479166666666	96.0%	0.0335	0.4948424776619123
chr1	41255001	41275000	chr1	41255001	41580000	325000	20000	15.11923076923077	95.0%	0.036	0.4941000791796866
chr9	755001	775000	chr9	340001	775000	435000	20000	11.994252873563218	96.0%	0.034	0.49403201255758594
chr11	118930001	118965000	chr11	118580001	118965000	385000	35000	12.63821892393321	97.0%	0.067	0.49376923917451787
chr7	25085001	25105000	chr7	24655001	25105000	450000	20000	10.741666666666667	95.0%	0.0475	0.49236580510648126
chr1	87940001	87960000	chr1	87265001	87960000	695000	20000	8.910071942446043	96.0%	0.06	0.4915573983079782
chr11	59810001	59840000	chr11	59810001	60255000	445000	30000	11.786516853932584	95.0%	0.067	0.4914200279907668
chr6	89230001	89255000	chr6	88970001	89255000	285000	25000	15.259649122807016	96.0%	0.075	0.48876090670707606
chr8	41600001	41625000	chr8	41380001	41625000	245000	25000	18.293877551020408	96.0%	0.095	0.4885201707373558
chr12	122725001	122755000	chr12	122325001	122755000	430000	30000	11.207364341085272	95.0%	0.0535	0.4879394880313466
chr17	32770001	32790000	chr17	32770001	32940000	170000	20000	24.235294117647058	98.0%	0.026000000000000002	0.4847951620740043
chr9	112810001	112830000	chr9	112430001	112830000	400000	20000	11.4375	95.0%	0.094	0.48443119402690465
chr6	27175001	27195000	chr6	27175001	27800000	625000	20000	8.672	97.0%	0.053	0.4844157933519231
chrX	155530001	155550000	chrX	155530001	155695000	165000	20000	12.636363636363637	95.0%	0.095	0.48267970712793307
chr2	232420001	232445000	chr2	232320001	232445000	125000	25000	28.127999999999997	98.0%	0.032	0.4762640328533714
chr5	126660001	126685000	chr5	126660001	126820000	160000	25000	25.2625	99.0%	0.027000000000000003	0.47544563427420666
chr18	50805001	50825000	chr18	50805001	51055000	250000	20000	17.245	97.0%	0.035500000000000004	0.47194669859874705
chr1	2640001	2660000	chr1	2640001	2915000	275000	20000	23.659574468085108	97.0%	0.067	0.4710974741784793
chr2	98400001	98425000	chr2	98400001	98615000	215000	25000	20.6	96.0%	0.055	0.46949138730615547
chr8	48310001	48330000	chr8	48310001	48935000	625000	20000	8.038	95.0%	0.078	0.4690717754866237
chr3	50525001	50545000	chr3	50340001	50545000	205000	20000	19.75	96.0%	0.075	0.468224566787973
chr11	57795001	57820000	chr11	57580001	57820000	240000	25000	19.0	95.0%	0.0595	0.4682157245875958
chr8	36845001	36870000	chr8	36845001	37485000	640000	25000	7.7328125	96.0%	0.087	0.4677315903905456
chr4	184740001	184770000	chr4	184740001	185005000	265000	30000	18.364779874213834	96.0%	0.071	0.4668292579386353
chr6	32570001	32590000	chr6	32570001	32795000	225000	20000	15.838888888888889	96.0%	0.027	0.4665242350992576
chr4	142825001	142855000	chr4	142165001	142855000	690000	30000	7.760869565217392	96.0%	0.095	0.46620645436392244
chr7	21265001	21290000	chr7	21265001	21460000	195000	25000	23.702564102564104	96.0%	0.049	0.46197898326199427
chr4	128180001	128200000	chr4	128180001	128870000	690000	20000	7.144927536231884	95.0%	0.095	0.4619523406943816
chr19	2945001	2965000	chr19	2945001	3170000	225000	20000	14.988888888888889	95.0%	0.057	0.46150927958821386
chr11	61615001	61640000	chr11	61445001	61640000	195000	25000	21.466666666666665	95.0%	0.043	0.4599476430820254
chr3	14085001	14115000	chr3	13915001	14115000	200000	30000	23.920833333333334	96.0%	0.0905	0.45912879673506224
chr12	116695001	116710000	chr12	115935001	116710000	775000	15000	6.412903225806452	95.0%	0.08	0.4585860631404105
chr2	48590001	48610000	chr2	48590001	48965000	375000	20000	17.483333333333334	96.0%	0.067	0.4576477870754583
chr3	119270001	119290000	chr3	119270001	119685000	415000	20000	11.94277108433735	96.0%	0.059	0.45712462413316984
chr4	47690001	47710000	chr4	47690001	47940000	250000	20000	19.26	96.0%	0.049	0.4566156541769976
chr2	99480001	99500000	chr2	99075001	99500000	425000	20000	10.994117647058824	95.0%	0.068	0.4560692863149688
chr11	100915001	100935000	chr11	100560001	100935000	375000	20000	13.393333333333333	95.0%	0.046	0.45515951958291767
chr2	152180001	152200000	chr2	152180001	152580000	400000	20000	12.096875	96.0%	0.057999999999999996	0.45475525598545813
chr8	37700001	37735000	chr8	36990001	37735000	745000	35000	7.906040268456375	95.0%	0.03	0.45393222857809856
chr16	57080001	57100000	chr16	57080001	57305000	225000	20000	19.02777777777778	95.0%	0.03	0.45360459385056534
chr7	5985001	6005000	chr7	5985001	6355000	370000	20000	10.986486486486486	97.0%	0.0385	0.4521116681208339
chr3	126380001	126400000	chr3	125920001	126400000	480000	20000	9.307291666666666	95.0%	0.055	0.45146030649735136
chr7	75415001	75440000	chr7	75415001	75760000	345000	25000	6.0144927536231885	95.0%	0.058	0.4498930692326103
chr10	94430001	94450000	chr10	94245001	94450000	205000	20000	20.5	95.0%	0.055	0.4479856384857051
chr2	112585001	112620000	chr2	112585001	112965000	380000	35000	13.731203007518797	95.0%	0.08499999999999999	0.4475853707598479
chr1	87070001	87090000	chr1	86380001	87090000	710000	20000	8.105633802816902	95.0%	0.0575	0.44744708712884756
chr8	119495001	119515000	chr8	119495001	119825000	330000	20000	15.344696969696969	96.0%	0.0385	0.4458309046059935
chr1	44205001	44230000	chr1	44205001	44655000	450000	25000	11.126666666666667	95.0%	0.0385	0.44385587107031255
chr7	139635001	139655000	chr7	139635001	140010000	375000	20000	14.266666666666667	96.0%	0.047	0.4437665377609702
chr2	237150001	237170000	chr2	237150001	237530000	380000	20000	14.328947368421053	96.0%	0.0445	0.4429688051565369
chr6	119340001	119365000	chr6	119340001	119990000	650000	25000	8.195384615384615	97.0%	0.093	0.4413898523984294
chr1	67475001	67495000	chr1	67250001	67495000	245000	20000	19.81122448979592	96.0%	0.07	0.44007856174371307
chr2	107920001	107945000	chr2	107920001	108595000	675000	25000	7.084444444444445	95.0%	0.088	0.43820590972088935
chr11	113715001	113735000	chr11	113470001	113735000	265000	20000	17.42452830188679	98.0%	0.057	0.4381627304238034
chr4	169010001	169030000	chr4	169010001	169490000	480000	20000	11.96875	97.0%	0.038	0.43546325206560405
chr4	40970001	40995000	chr4	40970001	41210000	240000	25000	19.3	97.0%	0.061	0.432788217431768
chr17	74365001	74400000	chr17	74365001	74650000	285000	35000	16.859649122807017	96.0%	0.05	0.4321786577007838
chr11	33840001	33865000	chr11	33840001	34180000	340000	25000	14.585294117647058	95.0%	0.0905	0.4303526966539825
chr2	227090001	227120000	chr2	226795001	227120000	325000	30000	13.933333333333332	95.0%	0.076	0.42958056001306155
chr4	119300001	119325000	chr4	119300001	119860000	560000	25000	8.50357142857143	96.0%	0.06	0.4293070196658726
chr11	1040001	1065000	chr11	840001	1065000	225000	25000	23.657777777777778	97.0%	0.083	0.42877309795708574
chr16	24485001	24510000	chr16	24220001	24510000	290000	25000	13.910344827586206	95.0%	0.0765	0.42723507896144497
chr3	56235001	56255000	chr3	55700001	56255000	555000	20000	9.385135135135135	97.0%	0.069	0.42512091714642936
chr7	90140001	90160000	chr7	90140001	90385000	245000	20000	13.346938775510203	96.0%	0.055	0.4224073503373047
chr7	24650001	24675000	chr7	24265001	24675000	410000	25000	10.992682926829268	95.0%	0.092	0.42235769750171165
chr18	58520001	58540000	chr18	58520001	58755000	235000	20000	18.420212765957448	95.0%	0.036	0.4219763224674072
chr11	66665001	66690000	chr11	66385001	66690000	305000	25000	14.488524590163934	96.0%	0.095	0.42135401943611767
chr15	79020001	79040000	chr15	79020001	79220000	200000	20000	20.71875	96.0%	0.0895	0.42089972474765946
chr3	151135001	151155000	chr3	150730001	151155000	425000	20000	11.723529411764705	97.0%	0.079	0.4200435601352607
chr21	29150001	29170000	chr21	29150001	29375000	225000	20000	18.794444444444444	97.0%	0.054	0.419772183683209
chr6	30720001	30745000	chr6	30460001	30745000	285000	25000	14.32280701754386	96.0%	0.034	0.41956322165028526
chr11	76670001	76695000	chr11	76315001	76695000	380000	25000	12.3	97.0%	0.053	0.4190696490707678
chr7	28005001	28025000	chr7	27580001	28025000	445000	20000	11.595505617977528	96.0%	0.037	0.41888767659246384
chr8	133425001	133450000	chr8	133210001	133450000	240000	25000	20.045833333333334	97.0%	0.036	0.4188067834059021
chr11	44275001	44295000	chr11	44275001	44550000	275000	20000	15.481818181818182	95.0%	0.082	0.41847172610136796
chr5	31570001	31590000	chr5	31570001	32005000	435000	20000	10.422413793103448	95.0%	0.091	0.4148458780809291
chr1	43225001	43250000	chr1	43225001	43415000	190000	25000	22.5	97.0%	0.07100000000000001	0.4138889091278915
chr12	112370001	112390000	chr12	112015001	112390000	375000	20000	12.653333333333334	96.0%	0.07	0.4127216981922638
chr6	52220001	52240000	chr6	52050001	52240000	190000	20000	25.125	98.0%	0.025500000000000002	0.4119962052781553
chr13	48565001	48585000	chr13	48140001	48585000	445000	20000	11.053370786516854	95.0%	0.089	0.4106921163121108
chr3	63655001	63675000	chr3	63655001	63825000	170000	20000	26.875	98.0%	0.0375	0.41015962764289415
chr20	13525001	13555000	chr20	13135001	13555000	420000	30000	10.85515873015873	96.0%	0.0815	0.4052480379565395
chr1	229255001	229280000	chr1	229255001	229515000	260000	25000	17.803846153846155	98.0%	0.087	0.40487474141588
chr20	62995001	63020000	chr20	62855001	63020000	165000	25000	21.503030303030304	95.0%	0.088	0.4015078436913821
chr5	77485001	77505000	chr5	77140001	77505000	365000	20000	11.743150684931507	96.0%	0.065	0.40109611747373364
chr6	161405001	161430000	chr6	161405001	161700000	295000	25000	15.067796610169491	96.0%	0.073	0.39762573823199804
chr12	103860001	103880000	chr12	103640001	103880000	240000	20000	19.145833333333332	95.0%	0.067	0.397564160695253
chr3	45925001	45945000	chr3	45925001	46305000	380000	20000	12.825657894736842	95.0%	0.074	0.3971750717965487
chr3	139315001	139340000	chr3	139150001	139340000	190000	25000	21.673684210526314	97.0%	0.0775	0.39346685979536333
chr6	166370001	166405000	chr6	166145001	166405000	260000	35000	17.813186813186814	96.0%	0.0455	0.3934169991169041
chr8	24185001	24210000	chr8	23705001	24210000	505000	25000	11.407920792079207	96.0%	0.087	0.3924014619926623
chr15	53800001	53820000	chr15	53800001	54350000	550000	20000	9.047727272727272	96.0%	0.0345	0.3916829281665747
chr4	7070001	7090000	chr4	6635001	7090000	455000	20000	9.521978021978022	97.0%	0.042	0.39123767298429724
chr4	87670001	87690000	chr4	87670001	88025000	355000	20000	13.922535211267606	96.0%	0.078	0.3897819963525113
chr10	21075001	21095000	chr10	21075001	21270000	195000	20000	22.192307692307693	97.0%	0.03	0.38645271490203836
chr11	94320001	94340000	chr11	94320001	94505000	185000	20000	24.12837837837838	97.0%	0.029	0.38377695999684736
chr10	87525001	87545000	chr10	87525001	87790000	265000	20000	17.028301886792452	96.0%	0.055	0.38358099574234544
chr6	28665001	28685000	chr6	28385001	28685000	300000	20000	14.1875	97.0%	0.073	0.37913785235076114
chr6	42850001	42875000	chr6	42660001	42875000	215000	25000	21.158139534883723	97.0%	0.08	0.3785343089248196
chr8	30650001	30670000	chr8	30650001	30925000	275000	20000	16.12272727272727	96.0%	0.045	0.37746506264790985
chr9	126955001	126975000	chr9	126955001	127200000	245000	20000	19.275510204081634	97.0%	0.036	0.3762854257918359
chr12	32905001	32925000	chr12	32755001	32925000	170000	20000	24.794117647058822	97.0%	0.037000000000000005	0.37551434283976814
chr4	17785001	17805000	chr4	17515001	17805000	290000	20000	14.616379310344827	96.0%	0.0655	0.37438281156322417
chr13	77555001	77575000	chr13	77040001	77575000	535000	20000	10.483644859813085	95.0%	0.063	0.37369176512548297
chr2	105565001	105585000	chr2	105565001	106095000	530000	20000	9.858490566037736	95.0%	0.08299999999999999	0.3728171293775627
chr9	131730001	131750000	chr9	131495001	131750000	255000	20000	14.97549019607843	95.0%	0.031	0.3725620856566681
chr8	54145001	54165000	chr8	53740001	54165000	425000	20000	10.797058823529412	97.0%	0.075	0.3724735281582157
chr8	46150001	46175000	chr8	46150001	46575000	425000	25000	10.703529411764706	95.0%	0.082	0.371995495391484
chr1	162385001	162405000	chr1	162165001	162405000	240000	20000	16.942708333333332	97.0%	0.068	0.37095619471064134
chr8	80055001	80080000	chr8	80055001	80610000	555000	25000	9.32072072072072	95.0%	0.095	0.37048799046502395
chr1	112170001	112190000	chr1	111965001	112190000	225000	20000	20.016666666666666	95.0%	0.098	0.36795376799575574
chr1	207485001	207510000	chr1	207090001	207510000	420000	25000	12.435714285714287	95.0%	0.0515	0.3673544863128012
chr5	179465001	179495000	chr5	178840001	179495000	655000	30000	7.236641221374046	95.0%	0.097	0.3663944572184384
chr6	106210001	106230000	chr6	105740001	106230000	490000	20000	10.278061224489797	95.0%	0.0465	0.3655825425157163
chr2	18360001	18380000	chr2	17890001	18380000	490000	20000	10.938775510204081	95.0%	0.044	0.36323433942504696
chr5	10410001	10430000	chr5	10225001	10430000	205000	20000	22.3109756097561	95.0%	0.067	0.3624085136991848
chr4	39110001	39130000	chr4	38935001	39130000	195000	20000	22.76923076923077	98.0%	0.034	0.3565542900241208
chr1	235955001	235980000	chr1	235535001	235980000	445000	25000	12.10561797752809	96.0%	0.043	0.3519558963158917
chr3	41175001	41210000	chr3	41005001	41210000	205000	35000	22.139372822299652	97.0%	0.086	0.3517996613578427
chr6	160650001	160675000	chr6	160475001	160675000	200000	25000	18.065	98.0%	0.096	0.3509333219342487
chr21	44775001	44795000	chr21	44445001	44795000	350000	20000	12.82857142857143	95.0%	0.0925	0.34884751358212
chr3	40315001	40335000	chr3	40315001	40720000	405000	20000	11.95679012345679	95.0%	0.064	0.34753592572976716
chr10	109870001	109890000	chr10	109870001	110290000	420000	20000	12.476190476190476	95.0%	0.0575	0.34477434733884915
chr13	104550001	104575000	chr13	104550001	105220000	670000	25000	7.63731343283582	97.0%	0.099	0.34263322448741557
chr3	30100001	30120000	chr3	30100001	30755000	655000	20000	9.498091603053435	95.0%	0.06	0.34068989871226346
chr3	133435001	133455000	chr3	133435001	133825000	390000	20000	12.852564102564102	96.0%	0.063	0.3404234464410717
chr10	63205001	63230000	chr10	63205001	63530000	325000	25000	14.212307692307693	98.0%	0.085	0.3397435860281216
chr2	148970001	148995000	chr2	148200001	148995000	795000	25000	7.2	96.0%	0.078	0.33974291079115176
chr7	16975001	16995000	chr7	16975001	17485000	510000	20000	9.389705882352942	96.0%	0.0815	0.3327152561365095
chr5	54830001	54860000	chr5	54395001	54860000	465000	30000	11.172043010752688	95.0%	0.083	0.3291952493275694
chr22	28850001	28875000	chr22	28850001	29250000	400000	25000	12.0275	95.0%	0.0885	0.3271808255435193
chr7	82565001	82585000	chr7	82415001	82585000	170000	20000	24.014705882352942	97.0%	0.091	0.3257847415878125
chr14	106370001	106395000	chr14	105940001	106395000	455000	25000	10.418823529411764	98.0%	0.05	0.32285785178152204
chr6	138500001	138530000	chr6	138285001	138530000	245000	30000	20.05442176870748	96.0%	0.068	0.3181084500373159
chr10	60445001	60465000	chr10	60445001	60650000	205000	20000	23.884146341463413	97.0%	0.097	0.3174321859903098
chr8	71825001	71840000	chr8	71825001	72295000	470000	15000	10.01418439716312	95.0%	0.046	0.3164209595306671
chr10	88935001	88955000	chr10	88935001	89120000	185000	20000	25.945945945945947	96.0%	0.079	0.3154343119121405
chr20	43825001	43850000	chr20	43825001	44100000	275000	25000	15.887272727272727	95.0%	0.042	0.3136552824890214
chr2	219155001	219175000	chr2	219155001	219390000	235000	20000	19.069148936170212	96.0%	0.037	0.3121061705666589
chr8	144555001	144575000	chr8	144555001	145000000	445000	20000	10.918539325842696	95.0%	0.062	0.3096580745550262
chr4	73000001	73030000	chr4	72290001	73030000	740000	30000	7.712837837837838	97.0%	0.0995	0.30951812896257125
chr11	57335001	57355000	chr11	57335001	57650000	315000	20000	13.166666666666666	95.0%	0.07	0.30861423696866963
chr4	1255001	1280000	chr4	1065001	1280000	215000	25000	19.70232558139535	95.0%	0.031	0.3081965257864134
chr10	131880001	131905000	chr10	131880001	132150000	270000	25000	15.04814814814815	95.0%	0.052500000000000005	0.3043138402079957
chr2	70605001	70640000	chr2	70305001	70640000	335000	35000	24.02132196162047	98.0%	0.025	0.3040140944778247
chr2	19940001	19970000	chr2	19940001	20340000	400000	30000	13.622916666666667	97.0%	0.074	0.3029921474783873
chr9	28765001	28785000	chr9	28765001	29240000	475000	20000	9.936842105263159	97.0%	0.076	0.2970971680423311
chr6	165840001	165870000	chr6	165555001	165870000	315000	30000	13.867724867724867	95.0%	0.081	0.29573772695062567
chr1	43515001	43535000	chr1	43515001	43770000	255000	20000	15.196078431372548	96.0%	0.048	0.2947909423322911
chr8	245001	275000	chr8	245001	720000	475000	30000	9.040350877192983	95.0%	0.095	0.29415795527713867
chr15	74135001	74160000	chr15	74135001	74300000	165000	25000	24.606060606060606	97.0%	0.056	0.29262865398329635
chr2	97090001	97110000	chr2	96835001	97110000	275000	20000	11.14090909090909	95.0%	0.086	0.2926233811189829
chr2	240845001	240865000	chr2	240845001	241265000	420000	20000	11.0625	96.0%	0.052	0.2896997940886992
chr3	136995001	137015000	chr3	136315001	137015000	700000	20000	7.4714285714285715	95.0%	0.051000000000000004	0.28851723899541837
chr2	164905001	164930000	chr2	164560001	164930000	370000	25000	15.051351351351352	95.0%	0.086	0.28762627537127244
chr12	50295001	50325000	chr12	50075001	50325000	250000	30000	18.14	95.0%	0.038	0.28708929359437535
chr3	141460001	141490000	chr3	141460001	141960000	500000	30000	10.635	96.0%	0.0815	0.2868208072177541
chr4	54640001	54665000	chr4	54410001	54665000	255000	25000	17.686274509803923	96.0%	0.077	0.28651705847450065
chr1	184975001	184995000	chr1	184790001	184995000	205000	20000	22.182926829268293	97.0%	0.055	0.28632100668670507
chr3	107925001	107945000	chr3	107925001	108275000	350000	20000	14.032142857142857	96.0%	0.041999999999999996	0.2861538809061531
chr15	45785001	45810000	chr15	45785001	46310000	525000	25000	9.763809523809524	98.0%	0.058	0.28516891609655265
chr18	76990001	77010000	chr18	76990001	77715000	725000	20000	6.729310344827586	97.0%	0.075	0.2850011450722404
chr13	31430001	31450000	chr13	31430001	31810000	380000	20000	12.9375	97.0%	0.09	0.28434026038649163
chr1	165595001	165620000	chr1	165595001	165920000	325000	25000	14.230769230769232	95.0%	0.096	0.282780158931298
chr2	113740001	113760000	chr2	113740001	113950000	210000	20000	20.232142857142858	97.0%	0.0305	0.2824846594545133
chr6	42890001	42915000	chr6	42890001	43515000	625000	25000	7.4624	96.0%	0.056	0.2818420580130441
chr5	113495001	113515000	chr5	113025001	113515000	490000	20000	10.875	96.0%	0.0675	0.2813189231822579
chr3	159795001	159815000	chr3	159260001	159815000	555000	20000	10.5990990990991	96.0%	0.069	0.28093464679555713
chr12	30795001	30815000	chr12	29510001	30815000	1305000	20000	4.293103448275862	95.0%	0.034	0.2808068458353764
chr7	77745001	77765000	chr7	77430001	77765000	335000	20000	15.022388059701493	95.0%	0.085	0.27974145177756354
chr12	10225001	10250000	chr12	10225001	10565000	340000	25000	13.811764705882354	97.0%	0.0645	0.2796742334375535
chr2	58125001	58150000	chr2	58125001	58525000	400000	25000	18.2775	96.0%	0.0865	0.2792474785384844
chr6	31665001	31690000	chr6	31665001	31925000	260000	25000	18.353846153846156	97.0%	0.0535	0.277933279342746
chr6	53050001	53075000	chr6	52590001	53075000	485000	25000	10.02680412371134	97.0%	0.054	0.27792974126074
chr2	229780001	229805000	chr2	229780001	230000000	220000	25000	22.654545454545453	97.0%	0.08249999999999999	0.27686811641613895
chr2	1540001	1575000	chr2	1540001	1865000	325000	35000	13.749450549450549	95.0%	0.048	0.2747161603874385
chr1	151720001	151745000	chr1	151290001	151745000	455000	25000	11.626373626373626	95.0%	0.07	0.2746155782658243
chr4	113535001	113555000	chr4	113535001	113760000	225000	20000	18.56111111111111	97.0%	0.083	0.2727220819598168
chr10	30395001	30415000	chr10	30395001	30655000	260000	20000	17.798076923076923	96.0%	0.0215	0.2726434015748922
chr3	187735001	187755000	chr3	187735001	188320000	585000	20000	6.901709401709402	96.0%	0.073	0.271572521603134
chr19	47955001	47975000	chr19	47955001	48290000	335000	20000	11.369402985074627	96.0%	0.046	0.26998516016097424
chr1	6240001	6260000	chr1	6240001	6490000	250000	20000	13.885	95.0%	0.044	0.2699768310358138
chr10	60090001	60115000	chr10	60090001	60440000	350000	25000	13.942857142857141	96.0%	0.048	0.2688308038937217
chr19	47975001	47990000	chr19	47975001	48290000	315000	15000	14.53968253968254	95.0%	0.06	0.26827790458844625
chr3	98000001	98020000	chr3	97615001	98020000	405000	20000	13.299382716049383	95.0%	0.085	0.266205894103749
chr8	105990001	106010000	chr8	105990001	106205000	215000	20000	19.976744186046513	97.0%	0.037	0.26527168429789943
chr11	77515001	77550000	chr11	77210001	77550000	340000	35000	15.390756302521009	96.0%	0.099	0.26413591874330844
chr4	121890001	121910000	chr4	121890001	122600000	710000	20000	7.802816901408451	96.0%	0.098	0.2618699673580205
chr11	13135001	13155000	chr11	12985001	13155000	170000	20000	27.066176470588236	97.0%	0.035500000000000004	0.2617501163523688
chr2	109530001	109555000	chr2	109530001	109715000	185000	25000	24.90810810810811	96.0%	0.024	0.2613338117999976
chr7	16685001	16705000	chr7	16685001	16930000	245000	20000	19.93877551020408	97.0%	0.044	0.2609903516995688
chr2	189400001	189420000	chr2	188730001	189420000	690000	20000	8.157608695652174	95.0%	0.087	0.2573287773323003
chr14	99970001	99990000	chr14	99970001	100200000	230000	20000	17.858695652173914	95.0%	0.07250000000000001	0.25603194931612216
chr1	119460001	119480000	chr1	119460001	119675000	215000	20000	22.1046511627907	96.0%	0.025	0.255987910527713
chr14	68765001	68785000	chr14	68550001	68785000	235000	20000	18.154255319148938	97.0%	0.072	0.25400123106898126
chr2	205685001	205720000	chr2	205685001	205895000	210000	35000	23.360544217687075	97.0%	0.0635	0.2539600065555389
chr12	42475001	42495000	chr12	42475001	43340000	865000	20000	6.401734104046243	95.0%	0.053	0.25289103114545713
chr12	53325001	53355000	chr12	53325001	53520000	195000	30000	22.636752136752136	96.0%	0.043	0.2516816743245833
chr1	167525001	167555000	chr1	167055001	167555000	500000	30000	9.805	95.0%	0.0915	0.25082747106780146
chr2	101140001	101165000	chr2	101005001	101165000	160000	25000	28.975	98.0%	0.0315	0.2507845573080962
chr13	110440001	110460000	chr13	110440001	110665000	225000	20000	17.516666666666666	96.0%	0.073	0.25053663076133675
chr12	109410001	109435000	chr12	109410001	109670000	260000	25000	16.223076923076924	96.0%	0.06	0.2473114080341209
chr8	41700001	41720000	chr8	41700001	41980000	280000	20000	16.517857142857142	97.0%	0.0455	0.246542925691022
chr18	74535001	74560000	chr18	74360001	74560000	200000	25000	21.685	96.0%	0.05	0.24646204399651334
chr5	78955001	78975000	chr5	78445001	78975000	530000	20000	9.580188679245284	95.0%	0.0975	0.24520377810360094
chr4	68260001	68280000	chr4	68260001	68490000	230000	20000	19.505434782608695	96.0%	0.0485	0.24459807316785065
chr11	63935001	63950000	chr11	63745001	63950000	205000	15000	19.073170731707318	97.0%	0.058	0.24396848265057364
chr8	102155001	102185000	chr8	101880001	102185000	305000	30000	16.10928961748634	98.0%	0.09	0.24340047250743066
chr12	113415001	113445000	chr12	113045001	113445000	400000	30000	10.727083333333333	95.0%	0.0615	0.24104870224705707
chr2	97795001	97815000	chr2	97795001	98315000	520000	20000	10.420673076923077	95.0%	0.0445	0.24073219176271302
chr12	98645001	98665000	chr12	98415001	98665000	250000	20000	16.23	95.0%	0.067	0.23800190740806304
chr11	60955001	60980000	chr11	60955001	61190000	235000	25000	20.038297872340426	95.0%	0.073	0.23791070064460337
chr2	111880001	111905000	chr2	111880001	112130000	250000	25000	17.78	96.0%	0.051500000000000004	0.23700686100844318
chr21	25875001	25900000	chr21	25875001	26135000	260000	25000	14.842307692307694	96.0%	0.0885	0.23397497515582935
chr10	17900001	17920000	chr10	17900001	18230000	330000	20000	15.738636363636363	95.0%	0.0675	0.2314354226375507
chr11	57630001	57655000	chr11	57365001	57655000	290000	25000	14.25862068965517	98.0%	0.08549999999999999	0.2292923028240574
chr15	88900001	88915000	chr15	88900001	89180000	280000	15000	15.79761904761905	96.0%	0.059	0.22746985155750502
chr1	19085001	19105000	chr1	18895001	19105000	210000	20000	22.553571428571427	97.0%	0.0365	0.22663601880868053
chr12	42120001	42140000	chr12	42120001	42375000	255000	20000	16.975490196078432	97.0%	0.075	0.22362919844950005
chr2	177395001	177420000	chr2	177205001	177420000	215000	25000	22.302325581395348	97.0%	0.096	0.22358000450496102
chr6	49395001	49420000	chr6	48755001	49420000	665000	25000	7.560902255639098	95.0%	0.082	0.22343203378686535
chr5	90930001	90950000	chr5	90930001	91430000	500000	20000	10.69	97.0%	0.055999999999999994	0.22247434274612904
chr17	66555001	66575000	chr17	66200001	66575000	375000	20000	13.54	95.0%	0.041	0.2173874533105392
chr5	35955001	35985000	chr5	35955001	36395000	440000	30000	10.892045454545455	95.0%	0.058499999999999996	0.2165042218792087
chr5	133860001	133880000	chr5	133485001	133880000	395000	20000	12.708860759493671	96.0%	0.047	0.21612897182724258
chr6	116285001	116305000	chr6	116285001	116570000	285000	20000	17.20614035087719	98.0%	0.082	0.2155647294070231
chr5	52675001	52700000	chr5	52675001	52920000	245000	25000	18.044897959183675	98.0%	0.092	0.21410422930056092
chr6	38000001	38020000	chr6	37695001	38020000	325000	20000	14.73076923076923	96.0%	0.065	0.2126473374681786
chr4	26995001	27020000	chr4	26425001	27020000	595000	25000	8.092436974789916	96.0%	0.065	0.21196462492677987
chr6	94995001	95020000	chr6	94395001	95020000	625000	25000	8.5792	95.0%	0.087	0.21063523715792873
chr12	131840001	131855000	chr12	131840001	132010000	170000	15000	20.69607843137255	96.0%	0.026500000000000003	0.2094353763425226
chr21	36740001	36760000	chr21	36740001	36925000	185000	20000	22.966216216216218	95.0%	0.066	0.20441360747496268
chr1	78095001	78115000	chr1	77900001	78115000	215000	20000	19.598837209302324	95.0%	0.072	0.19689118179348092
chr17	4195001	4220000	chr17	4195001	4415000	220000	25000	19.977272727272727	95.0%	0.08499999999999999	0.19519062393193748
chr2	97545001	97575000	chr2	97545001	98340000	795000	30000	3.5366876310272537	95.0%	0.095	0.19496199596127592
chr17	59730001	59750000	chr17	59730001	59970000	240000	20000	17.583333333333332	96.0%	0.040499999999999994	0.19248378213591766
chr10	58160001	58180000	chr10	58160001	58390000	230000	20000	20.005434782608695	98.0%	0.049	0.19067704391115262
chr10	35105001	35125000	chr10	35105001	35620000	515000	20000	8.866504854368932	95.0%	0.099	0.1896010730062958
chr8	27590001	27605000	chr8	27410001	27605000	195000	15000	20.299145299145298	97.0%	0.054	0.18683987151810266
chr5	147180001	147200000	chr5	146970001	147200000	230000	20000	19.03804347826087	98.0%	0.034	0.1763939298568323
chr6	2775001	2800000	chr6	2775001	2940000	165000	25000	14.575757575757574	95.0%	0.071	0.1739469296630034
chr3	52455001	52475000	chr3	52455001	52775000	320000	20000	14.06640625	95.0%	0.067	0.17368609922206715
chr8	140655001	140675000	chr8	140655001	141370000	715000	20000	7.765734265734266	95.0%	0.077	0.16919674987528696
chr3	133575001	133590000	chr3	133440001	133590000	150000	15000	26.41111111111111	98.0%	0.0505	0.1691728305754782
chr1	63675001	63695000	chr1	63675001	64245000	570000	20000	10.826754385964913	95.0%	0.0295	0.16826485777843905
chr1	209680001	209700000	chr1	209565001	209700000	135000	20000	36.43518518518518	99.0%	0.004	0.16745541315471626
chr3	124330001	124365000	chr3	124330001	124515000	185000	35000	25.18918918918919	95.0%	0.08	0.16715760476563118
chr3	160025001	160045000	chr3	160025001	160420000	395000	20000	11.825949367088608	95.0%	0.065	0.16298513300716774
chr17	72710001	72730000	chr17	72550001	72730000	180000	20000	21.458333333333332	97.0%	0.0795	0.16076392404900783
chr4	15220001	15245000	chr4	15220001	15455000	235000	25000	16.378723404255318	98.0%	0.077	0.15970039435483016
chr2	85125001	85145000	chr2	85125001	85295000	170000	20000	31.580882352941178	98.0%	0.0275	0.15897951556103448
chr16	16110001	16130000	chr16	15810001	16130000	320000	20000	14.49609375	95.0%	0.07500000000000001	0.15800045510678504
chr3	161410001	161435000	chr3	160665001	161435000	770000	25000	7.815584415584415	95.0%	0.074	0.15626563553207523
chr7	43570001	43595000	chr7	43570001	43845000	275000	25000	15.912727272727272	98.0%	0.051	0.1559200121060193
chr7	35025001	35050000	chr7	34660001	35050000	390000	25000	10.882051282051282	95.0%	0.0955	0.1535261676344656
chr10	5265001	5290000	chr10	4805001	5290000	485000	25000	11.002061855670103	95.0%	0.048	0.1500664442150604
chr5	146410001	146430000	chr5	146055001	146430000	375000	20000	12.02	95.0%	0.082	0.14648571453353115
chr11	76800001	76820000	chr11	76800001	77050000	250000	20000	18.19	96.0%	0.08299999999999999	0.1435291483079795
chr9	78025001	78050000	chr9	77745001	78050000	305000	25000	14.249180327868853	97.0%	0.047	0.14331538467194352
chr12	108555001	108580000	chr12	108555001	109100000	545000	25000	8.370642201834862	95.0%	0.087	0.14200148839856178
chr10	109835001	109860000	chr10	109395001	109860000	465000	25000	10.079569892473119	95.0%	0.088	0.13958255617109488
chr10	122550001	122570000	chr10	122270001	122570000	300000	20000	14.745833333333334	95.0%	0.08249999999999999	0.13877803960216803
chr8	56955001	56975000	chr8	56955001	57360000	405000	20000	12.234567901234568	95.0%	0.056	0.1375941820488547
chr16	67665001	67685000	chr16	67665001	67930000	265000	20000	15.523584905660377	95.0%	0.031	0.13712901053193588
chr2	86670001	86695000	chr2	86250001	86695000	445000	25000	10.746067415730337	96.0%	0.084	0.1370488671613214
chr4	81465001	81485000	chr4	81465001	81730000	265000	20000	15.976415094339623	98.0%	0.078	0.13701926705587825
chr2	108565001	108590000	chr2	108215001	108590000	375000	25000	14.186666666666667	95.0%	0.039	0.13328784560859838
chr3	169855001	169875000	chr3	169855001	170070000	215000	20000	20.447674418604652	97.0%	0.082	0.13313002530384813
chr18	34855001	34885000	chr18	34855001	35360000	505000	30000	10.381188118811881	95.0%	0.086	0.13096278794388505
chr1	28400001	28420000	chr1	28400001	28610000	210000	20000	20.583333333333332	95.0%	0.0655	0.1307128889509178
chr19	970001	990000	chr19	845001	990000	145000	20000	24.603448275862068	95.0%	0.091	0.12918421668280464
chr4	140005001	140025000	chr4	140005001	140365000	360000	20000	13.375	96.0%	0.097	0.12756594249632003
chr7	99900001	99920000	chr7	99900001	100085000	185000	20000	23.054054054054053	98.0%	0.037	0.12643230109279174
chr8	30540001	30560000	chr8	30170001	30560000	390000	20000	13.935064935064934	97.0%	0.0495	0.12482702043547637
chr20	9345001	9365000	chr20	8800001	9365000	565000	20000	9.639380530973451	96.0%	0.043	0.12446980026824174
chr9	6895001	6920000	chr9	6895001	7215000	320000	25000	14.396875	95.0%	0.075	0.12413787613796481
chr1	25790001	25805000	chr1	25500001	25805000	305000	15000	13.021857923497267	96.0%	0.056	0.12363367631260598
chr11	109935001	109955000	chr11	109935001	110440000	505000	20000	8.96039603960396	95.0%	0.087	0.12284501090462249
chr20	4090001	4115000	chr20	4090001	4600000	510000	25000	8.892156862745098	95.0%	0.0865	0.1224035173012198
chr10	104200001	104220000	chr10	103965001	104220000	255000	20000	18.651960784313726	95.0%	0.057	0.12199935123205093
chr5	59655001	59675000	chr5	59385001	59675000	290000	20000	17.629310344827587	97.0%	0.0315	0.11877621457481262
chr3	125570001	125590000	chr3	124925001	125590000	665000	20000	7.603383458646617	95.0%	0.066	0.1148253256768389
chr2	105870001	105890000	chr2	105565001	105890000	325000	20000	15.103846153846154	97.0%	0.056	0.11482363846212866
chr9	4375001	4395000	chr9	4375001	4670000	295000	20000	14.779661016949152	96.0%	0.097	0.11351414238764684
chr3	46075001	46105000	chr3	46075001	46490000	415000	30000	12.335341365461849	95.0%	0.061	0.11264971242523637
chr13	30790001	30815000	chr13	30375001	30815000	440000	25000	10.89090909090909	96.0%	0.07050000000000001	0.11231960282493705
chr14	23245001	23275000	chr14	23245001	23560000	315000	30000	14.817460317460316	95.0%	0.084	0.11074345927014748
chr1	152640001	152660000	chr1	152640001	153225000	585000	20000	8.310344827586206	95.0%	0.076	0.1090955381409034
chr10	26865001	26885000	chr10	26550001	26885000	335000	20000	13.104477611940299	97.0%	0.075	0.10520535274386371
chr2	233220001	233255000	chr2	232755001	233255000	500000	35000	10.299999999999999	95.0%	0.096	0.10436390817759304
chr17	50840001	50865000	chr17	50840001	51165000	325000	25000	14.135384615384615	96.0%	0.045	0.10352404412344267
chr11	101860001	101880000	chr11	101860001	102670000	810000	20000	7.199074074074074	95.0%	0.082	0.10181541205498733
chr11	6655001	6685000	chr11	6425001	6685000	260000	30000	26.961538461538463	96.0%	0.05	0.09925989369781683
chr19	48955001	48980000	chr19	48775001	48980000	205000	25000	18.385365853658534	96.0%	0.043	0.09914355717865923
chr1	113025001	113050000	chr1	112720001	113050000	330000	25000	14.53939393939394	96.0%	0.0335	0.09675767645536075
chr14	22460001	22480000	chr14	22190001	22480000	290000	20000	18.482758620689655	95.0%	0.0555	0.09565975448291199
chr2	112435001	112470000	chr2	112095001	112470000	375000	35000	10.483809523809525	96.0%	0.099	0.09480544195334098
chr5	135445001	135470000	chr5	135445001	135835000	390000	25000	12.166233766233766	97.0%	0.07250000000000001	0.0927776486638974
chr1	66210001	66235000	chr1	65945001	66235000	290000	25000	18.47241379310345	96.0%	0.037	0.09252848276014321
chr3	167020001	167040000	chr3	166580001	167040000	460000	20000	10.421195652173912	95.0%	0.0485	0.09156175903860178
chr2	138910001	138930000	chr2	138910001	139630000	720000	20000	7.701388888888889	95.0%	0.062	0.08919814229848673
chr11	33970001	33985000	chr11	33835001	33985000	150000	15000	28.01111111111111	98.0%	0.078	0.08774253002644328
chr7	19750001	19770000	chr7	19750001	20490000	740000	20000	7.913851351351352	95.0%	0.039999999999999994	0.0874601302700897
chr19	16760001	16785000	chr19	16760001	17055000	295000	25000	14.528813559322035	95.0%	0.068	0.08719675005855092
chr7	133975001	134000000	chr7	133750001	134000000	250000	25000	18.18	96.0%	0.0655	0.08664066718312213
chr3	192785001	192805000	chr3	192460001	192805000	345000	20000	14.202898550724637	97.0%	0.087	0.08597711778263885
chr14	25130001	25145000	chr14	24720001	25145000	425000	15000	11.270588235294118	96.0%	0.05	0.08477391174450791
chr1	112380001	112400000	chr1	112380001	112715000	335000	20000	13.138059701492537	97.0%	0.09	0.08065349599535974
chr2	121970001	121995000	chr2	121970001	122220000	250000	25000	17.168	98.0%	0.0525	0.08045365122333682
chr6	106955001	106975000	chr6	106615001	106975000	360000	20000	13.850694444444445	96.0%	0.0965	0.07824002595694156
chr11	94960001	94980000	chr11	94960001	95165000	205000	20000	20.49390243902439	95.0%	0.047	0.07819566222501297
chr12	3765001	3790000	chr12	3465001	3790000	325000	25000	13.28923076923077	95.0%	0.058	0.0777819323902289
chr6	94635001	94650000	chr6	94635001	95140000	505000	15000	11.108695652173914	98.0%	0.084	0.07671562651442958
chr7	121125001	121145000	chr7	121125001	121400000	275000	20000	16.513636363636362	97.0%	0.054	0.07315424575393414
chr5	57750001	57775000	chr5	57495001	57775000	280000	25000	16.610714285714288	96.0%	0.0885	0.07275880314953413
chr1	41420001	41440000	chr1	41255001	41440000	185000	20000	21.243243243243242	97.0%	0.058	0.07203719142635887
chr13	73060001	73095000	chr13	73060001	73290000	230000	35000	18.09006211180124	97.0%	0.08099999999999999	0.07178037236768697
chr5	146930001	146960000	chr5	146585001	146960000	375000	30000	14.453333333333333	97.0%	0.085	0.07118355233890805
chr14	94405001	94440000	chr14	94405001	94685000	280000	35000	16.4234693877551	95.0%	0.058499999999999996	0.06884813007463517
chr2	173020001	173045000	chr2	173020001	173450000	430000	25000	13.806976744186048	95.0%	0.08499999999999999	0.06794108812495608
chr7	62295001	62320000	chr7	62295001	62450000	155000	25000	26.313333333333333	97.0%	0.026	0.06578455462019571
chr2	64640001	64660000	chr2	64640001	64875000	235000	20000	26.909574468085108	98.0%	0.018	0.06349811026385122
chr3	11635001	11660000	chr3	11060001	11660000	600000	25000	8.241666666666667	95.0%	0.0795	0.06316763382975528
chr3	195250001	195270000	chr3	194925001	195270000	345000	20000	12.26086956521739	98.0%	0.064	0.06299429131211379
chr12	132410001	132435000	chr12	132410001	132650000	240000	25000	14.258333333333335	98.0%	0.08299999999999999	0.06187435479129854
chr4	74680001	74700000	chr4	74680001	74905000	225000	20000	20.66111111111111	96.0%	0.043	0.06124780068128621
chr2	8675001	8695000	chr2	8255001	8695000	440000	20000	9.292613636363637	97.0%	0.0675	0.06051117931795166
chr20	38045001	38065000	chr20	38045001	38355000	310000	20000	14.89516129032258	95.0%	0.052	0.0589900627708345
chr13	24315001	24340000	chr13	24315001	24645000	330000	25000	11.751515151515152	96.0%	0.07150000000000001	0.04918120492856722
chr1	209850001	209885000	chr1	209850001	209990000	140000	35000	31.68253968253968	98.0%	0.047	0.04500606775430031
chr18	23595001	23625000	chr18	23595001	23925000	330000	30000	14.34848484848485	96.0%	0.0655	0.04107545101757089
chr5	35080001	35105000	chr5	35080001	35530000	450000	25000	11.684444444444445	95.0%	0.0985	0.03945260165196464
chr16	15860001	15880000	chr16	15860001	16175000	315000	20000	14.662698412698413	95.0%	0.053	0.038067671445060715
chr15	41970001	42000000	chr15	41970001	42145000	175000	30000	23.890476190476193	95.0%	0.054	0.038031347173599926
chr1	37160001	37185000	chr1	36970001	37185000	215000	25000	19.772093023255813	95.0%	0.086	0.03425503002352948
chr12	3870001	3890000	chr12	3870001	4290000	420000	20000	10.636904761904763	96.0%	0.094	0.03425127578368121
chr7	102220001	102240000	chr7	101820001	102240000	420000	20000	10.639880952380953	96.0%	0.0465	0.03341028236311132
chr3	102515001	102540000	chr3	101885001	102540000	655000	25000	8.441221374045801	95.0%	0.072	0.032405436064523535
chr20	36270001	36295000	chr20	36270001	36440000	170000	25000	23.476470588235294	96.0%	0.079	0.03207914954131319
chr20	35875001	35890000	chr20	35705001	35890000	185000	15000	20.756756756756758	97.0%	0.068	0.03173539710620152
chr15	41450001	41480000	chr15	41450001	41605000	155000	30000	24.510752688172044	96.0%	0.076	0.030267622932004478
chr2	181710001	181725000	chr2	181565001	181725000	160000	15000	25.53125	98.0%	0.0615	0.030171062576461155
chr7	34820001	34845000	chr7	34820001	35065000	245000	25000	19.281632653061227	95.0%	0.068	0.02951302891279804
chr17	81010001	81025000	chr17	81010001	81210000	200000	15000	18.791666666666668	95.0%	0.0795	0.028155835363333565
chr7	17640001	17660000	chr7	16885001	17660000	775000	20000	8.511290322580646	98.0%	0.048	0.026341541929667107
chr7	138005001	138025000	chr7	137605001	138025000	420000	20000	11.889880952380953	96.0%	0.0605	0.026319503761625045
chr17	36115001	36145000	chr17	35820001	36145000	325000	30000	20.77948717948718	95.0%	0.067	0.022355048078903546
chr18	58020001	58055000	chr18	58020001	58355000	335000	35000	14.40724946695096	95.0%	0.068	0.02178311905356849
chr12	24770001	24795000	chr12	24265001	24795000	530000	25000	9.498113207547169	96.0%	0.086	0.021068165150381617
chr11	102005001	102025000	chr11	102005001	102270000	265000	20000	16.504716981132077	97.0%	0.079	0.020135075569815312
chr4	106185001	106205000	chr4	105455001	106205000	750000	20000	7.248333333333333	95.0%	0.08149999999999999	0.018183444705060732
chr15	39590001	39615000	chr15	39590001	39775000	185000	25000	23.686486486486487	96.0%	0.059	0.0158785610317659
chr1	180155001	180175000	chr1	179815001	180175000	360000	20000	14.020833333333334	95.0%	0.08049999999999999	0.015151491329171795
chr16	77155001	77175000	chr16	76805001	77175000	370000	20000	11.983108108108109	95.0%	0.0875	0.012041725290389535
chr9	86480001	86505000	chr9	86480001	86660000	180000	25000	23.094444444444445	97.0%	0.039999999999999994	0.010803644046642028
chr15	52240001	52265000	chr15	52240001	52740000	500000	25000	9.690000000000001	95.0%	0.0905	0.004061607049804206
chr4	87540001	87560000	chr4	87540001	87685000	145000	20000	28.905172413793103	97.0%	0.083	-0.001252364681552797
chr12	32750001	32765000	chr12	32750001	33000000	250000	15000	15.933333333333332	96.0%	0.051500000000000004	-0.002405108037637212
chr11	7675001	7695000	chr11	7385001	7695000	310000	20000	23.306451612903224	98.0%	0.043	-0.0032949853894813394
chr11	34465001	34485000	chr11	33810001	34485000	675000	20000	8.077777777777778	95.0%	0.049	-0.004827619411381284
chr11	12225001	12250000	chr11	12055001	12250000	195000	25000	24.44102564102564	99.0%	0.027	-0.005962276236731215
chr1	27400001	27420000	chr1	27400001	27670000	270000	20000	17.87962962962963	95.0%	0.051000000000000004	-0.006829715847192173
chr8	57330001	57345000	chr8	57130001	57345000	215000	15000	20.976744186046513	97.0%	0.028	-0.01042260696664022
chr11	86195001	86225000	chr11	85920001	86225000	305000	30000	17.811475409836067	95.0%	0.05	-0.012332437257259632
chr7	156140001	156160000	chr7	155800001	156160000	360000	20000	12.159722222222221	95.0%	0.0925	-0.012727827093458727
chr3	10880001	10895000	chr3	10750001	10895000	145000	15000	29.06896551724138	98.0%	0.095	-0.014974158618884474
chr2	74695001	74715000	chr2	74695001	75065000	370000	20000	14.43581081081081	98.0%	0.077	-0.015515390815590058
chr7	101800001	101825000	chr7	101530001	101825000	295000	25000	13.525423728813559	95.0%	0.075	-0.020075374657461575
chr11	74550001	74570000	chr11	74250001	74570000	320000	20000	17.24609375	95.0%	0.047	-0.021208302458836006
chr13	46545001	46565000	chr13	46545001	46730000	185000	20000	22.824324324324323	98.0%	0.063	-0.022741869115004223
chr5	180460001	180485000	chr5	180095001	180485000	390000	25000	11.505128205128205	95.0%	0.07350000000000001	-0.022974794894401348
chr8	23075001	23100000	chr8	23075001	23285000	210000	25000	21.871428571428574	97.0%	0.087	-0.023013307123417415
chr12	87835001	87855000	chr12	87145001	87855000	710000	20000	7.883802816901408	95.0%	0.09	-0.02391353240162126
chr6	158790001	158815000	chr6	158790001	158980000	190000	25000	25.5	97.0%	0.020999999999999998	-0.02522595323885209
chr11	62380001	62400000	chr11	62380001	62700000	320000	20000	12.79296875	96.0%	0.045	-0.026098129724544915
chr15	51775001	51795000	chr15	51775001	52145000	370000	20000	11.162162162162161	95.0%	0.0635	-0.027137876670899515
chr3	140850001	140875000	chr3	139725001	140875000	1150000	25000	5.073913043478261	95.0%	0.0915	-0.029019214801985115
chr3	151460001	151480000	chr3	151460001	151765000	305000	20000	15.561475409836065	95.0%	0.077	-0.031164799115252797
chr6	136825001	136850000	chr6	136825001	137130000	305000	25000	15.121311475409836	95.0%	0.088	-0.031486446333449984
chr20	16510001	16525000	chr20	16510001	16745000	235000	15000	17.156028368794328	95.0%	0.046	-0.034459673389333555
chr2	20440001	20460000	chr2	20440001	20640000	200000	20000	22.61875	97.0%	0.055	-0.03784130785603649
chr14	73720001	73740000	chr14	73720001	73955000	235000	20000	18.579787234042552	95.0%	0.092	-0.04053795067735512
chr1	245155001	245170000	chr1	245155001	245460000	305000	15000	14.85792349726776	96.0%	0.054	-0.04167283551673934
chr9	5785001	5810000	chr9	5785001	6055000	270000	25000	18.374074074074073	96.0%	0.077	-0.04564016243071443
chr15	70800001	70820000	chr15	70685001	70820000	135000	20000	31.12037037037037	98.0%	0.087	-0.045819544195108856
chr7	61725001	61750000	chr7	61725001	61960000	235000	25000	13.204255319148936	95.0%	0.099	-0.04941671336980369
chr7	31360001	31380000	chr7	31360001	31645000	285000	20000	16.166666666666668	97.0%	0.071	-0.05272941718797491
chr18	62950001	62970000	chr18	62575001	62970000	395000	20000	13.268987341772151	95.0%	0.053	-0.0542412645197567
chr17	79690001	79720000	chr17	79395001	79720000	325000	30000	11.302564102564103	95.0%	0.097	-0.05961193106157427
chr3	4945001	4965000	chr3	4765001	4965000	200000	20000	22.6875	98.0%	0.091	-0.061914126489510994
chr2	222960001	222985000	chr2	222960001	223800000	840000	25000	6.96547619047619	95.0%	0.07100000000000001	-0.062363276574901066
chr11	3580001	3615000	chr11	3435001	3615000	180000	35000	31.46825396825397	98.0%	0.0805	-0.06832821715616294
chr17	75045001	75065000	chr17	75045001	75205000	160000	20000	25.6640625	96.0%	0.0485	-0.07073012609594033
chr1	201560001	201580000	chr1	201560001	201790000	230000	20000	21.527173913043477	96.0%	0.039999999999999994	-0.0719524215774465
chr2	230590001	230610000	chr2	229745001	230610000	865000	20000	6.643063583815029	95.0%	0.075	-0.07258978901862655
chr5	176405001	176425000	chr5	176405001	176580000	175000	20000	22.785714285714285	97.0%	0.039	-0.07658109252988907
chr8	142845001	142870000	chr8	142845001	143070000	225000	25000	18.75111111111111	95.0%	0.05	-0.08065441538742052
chr9	33475001	33510000	chr9	33245001	33510000	265000	35000	16.506738544474395	96.0%	0.068	-0.08185793785328452
chr5	168970001	168990000	chr5	168970001	169590000	620000	20000	8.762096774193548	95.0%	0.0775	-0.08341242827634507
chr7	45001	65000	chr7	45001	315000	270000	20000	13.787037037037036	95.0%	0.0335	-0.08500388159999211
chr18	11505001	11530000	chr18	11200001	11530000	330000	25000	13.624242424242425	97.0%	0.0615	-0.08507948740651744
chr7	54295001	54310000	chr7	53955001	54310000	355000	15000	11.176190476190477	95.0%	0.088	-0.0905772551212811
chr1	8010001	8035000	chr1	8010001	8345000	335000	25000	23.050746268656717	95.0%	0.015	-0.0935025110696718
chr16	105001	125000	chr16	105001	360000	255000	20000	17.426470588235293	97.0%	0.075	-0.09370672101561188
chr12	14960001	14995000	chr12	14815001	14995000	180000	35000	28.234126984126984	97.0%	0.05	-0.0944018499858631
chr6	28115001	28140000	chr6	28115001	28390000	275000	25000	17.16	97.0%	0.09	-0.09825125996140939
chr2	224985001	225005000	chr2	224575001	225005000	430000	20000	12.232558139534884	95.0%	0.067	-0.0991321190208138
chr20	45305001	45330000	chr20	45305001	45590000	285000	25000	14.361403508771929	95.0%	0.089	-0.10238124744286485
chr3	141725001	141745000	chr3	141725001	141950000	225000	20000	18.52777777777778	98.0%	0.091	-0.10654407825631065
chr2	218290001	218315000	chr2	218290001	218695000	405000	25000	12.407407407407408	95.0%	0.078	-0.10739752366461053
chr9	77635001	77660000	chr9	77435001	77660000	225000	25000	20.315555555555555	95.0%	0.081	-0.10757009716821496
chr6	128515001	128535000	chr6	128515001	128725000	210000	20000	22.113095238095237	97.0%	0.089	-0.10761284708325113
chr11	5725001	5750000	chr11	5725001	6065000	340000	25000	18.423529411764708	95.0%	0.08449999999999999	-0.10788359878759338
chr17	44520001	44545000	chr17	44520001	44680000	160000	25000	24.40625	95.0%	0.024	-0.1117265072843249
chr7	143220001	143240000	chr7	143220001	143490000	270000	20000	17.699074074074073	95.0%	0.033	-0.11209680921021326
chr7	29625001	29645000	chr7	29625001	29800000	175000	20000	22.021428571428572	96.0%	0.078	-0.11414920814750117
chr6	117335001	117360000	chr6	117335001	117715000	380000	25000	12.552631578947368	96.0%	0.0685	-0.11706718917518111
chr2	181040001	181060000	chr2	180175001	181060000	885000	20000	6.88135593220339	95.0%	0.068	-0.11780160248085028
chr11	63375001	63400000	chr11	63135001	63400000	265000	25000	17.381132075471697	95.0%	0.087	-0.12499983021908374
chr6	145870001	145895000	chr6	145725001	145895000	170000	25000	24.6	95.0%	0.096	-0.12504219402176783
chr11	120150001	120180000	chr11	120150001	120295000	145000	30000	28.11494252873563	96.0%	0.028	-0.12507629875682183
chr3	107665001	107685000	chr3	107665001	107970000	305000	20000	14.418032786885245	96.0%	0.076	-0.1266552110612858
chr1	235405001	235425000	chr1	235095001	235425000	330000	20000	13.818181818181818	95.0%	0.0475	-0.12683343147253118
chr11	2175001	2195000	chr11	2175001	2425000	250000	20000	22.7	96.0%	0.0185	-0.12750120578698687
chr1	212070001	212090000	chr1	212070001	212365000	295000	20000	17.79237288135593	95.0%	0.073	-0.13111221335864068
chr9	127585001	127615000	chr9	127585001	127920000	335000	30000	13.54726368159204	96.0%	0.088	-0.13196354112546085
chr2	45920001	45945000	chr2	45525001	45945000	420000	25000	17.63095238095238	97.0%	0.08299999999999999	-0.13679707264513885
chr2	200700001	200725000	chr2	200700001	200905000	205000	25000	22.71219512195122	97.0%	0.098	-0.13683367836030602
chr4	142350001	142370000	chr4	142350001	142765000	415000	20000	12.686746987951807	97.0%	0.094	-0.13748351523338292
chr18	41890001	41910000	chr18	41350001	41910000	560000	20000	9.96875	95.0%	0.082	-0.1392725803781955
chr5	38785001	38805000	chr5	38510001	38805000	295000	20000	16.093220338983052	95.0%	0.095	-0.14025378215298862
chr2	223940001	223960000	chr2	223670001	223960000	290000	20000	14.758620689655173	95.0%	0.08499999999999999	-0.14030239008268647
chr6	137980001	138000000	chr6	137980001	138460000	480000	20000	9.791666666666666	95.0%	0.0815	-0.14365177945077653
chr5	148105001	148125000	chr5	147850001	148125000	275000	20000	18.695454545454545	98.0%	0.042	-0.1504841810356974
chr5	16475001	16495000	chr5	16475001	16820000	345000	20000	13.543478260869565	95.0%	0.09	-0.1505198708866089
chr3	66125001	66145000	chr3	65785001	66145000	360000	20000	13.166666666666666	95.0%	0.0865	-0.15314415139097573
chr3	61550001	61570000	chr3	61550001	61920000	370000	20000	11.47635135135135	95.0%	0.0955	-0.1531818068468182
chr14	55715001	55735000	chr14	55715001	56480000	765000	20000	7.3088235294117645	96.0%	0.052	-0.15348052860171688
chr12	107385001	107415000	chr12	107135001	107415000	280000	30000	17.053571428571427	95.0%	0.056999999999999995	-0.15542836406086105
chr1	169705001	169725000	chr1	169565001	169725000	160000	20000	26.8125	97.0%	0.0335	-0.15714900315860794
chr1	223050001	223075000	chr1	222810001	223075000	265000	25000	18.154716981132076	96.0%	0.095	-0.15775764046099855
chr13	52115001	52135000	chr13	51850001	52135000	285000	20000	15.013157894736842	97.0%	0.051	-0.15795304205180838
chr14	22645001	22665000	chr14	22645001	22860000	215000	20000	20.41860465116279	95.0%	0.092	-0.16260847035644763
chr10	125855001	125880000	chr10	125855001	126115000	260000	25000	16.015384615384615	95.0%	0.048	-0.16386047708179666
chr3	193765001	193785000	chr3	193765001	194265000	500000	20000	10.4925	97.0%	0.0505	-0.17288576709764977
chr7	5460001	5475000	chr7	5155001	5475000	320000	15000	12.583333333333334	95.0%	0.093	-0.1737981375140277
chr12	55730001	55750000	chr12	55730001	56135000	405000	20000	10.74074074074074	96.0%	0.079	-0.1800462599694197
chr1	40750001	40775000	chr1	40590001	40775000	185000	25000	24.27027027027027	96.0%	0.089	-0.18581613464438226
chr1	181190001	181210000	chr1	181190001	181540000	350000	20000	13.132142857142858	95.0%	0.0975	-0.1864643459580423
chr10	99535001	99555000	chr10	99430001	99555000	125000	20000	31.82	98.0%	0.033	-0.194670703005538
chr15	78105001	78130000	chr15	78105001	78250000	145000	25000	26.772413793103446	97.0%	0.035	-0.19555706708655834
chr12	123035001	123065000	chr12	123035001	123245000	210000	30000	22.607142857142858	96.0%	0.07300000000000001	-0.19730364452904042
chr5	127555001	127575000	chr5	127555001	127920000	365000	20000	13.126712328767123	97.0%	0.095	-0.1997432849418665
chr11	94875001	94900000	chr11	94510001	94900000	390000	25000	14.030769230769232	97.0%	0.063	-0.20179525324409892
chr2	31395001	31415000	chr2	31395001	31735000	340000	20000	14.268382352941176	95.0%	0.0805	-0.20619458509979674
chr19	38225001	38240000	chr19	38225001	38415000	190000	15000	18.614035087719298	97.0%	0.028	-0.2066280362629864
chr2	47320001	47340000	chr2	47320001	47565000	245000	20000	24.448979591836736	95.0%	0.051	-0.21450403882336494
chr5	157700001	157720000	chr5	157335001	157720000	385000	20000	13.178571428571429	95.0%	0.07	-0.2163370347847995
chr8	60585001	60610000	chr8	60410001	60610000	200000	25000	21.555	95.0%	0.08349999999999999	-0.2228338447973716
chr8	37390001	37410000	chr8	37390001	37740000	350000	20000	14.35	97.0%	0.07050000000000001	-0.22519064539624037
chr9	95115001	95135000	chr9	94540001	95135000	595000	20000	9.205882352941176	95.0%	0.079	-0.2291466579147413
chr2	20675001	20695000	chr2	20675001	21025000	350000	20000	15.507142857142858	96.0%	0.0755	-0.23106541303753994
chr6	160440001	160455000	chr6	160085001	160455000	370000	15000	14.121621621621621	97.0%	0.03	-0.23167971586173816
chr1	156065001	156095000	chr1	156065001	156285000	220000	30000	19.738636363636363	96.0%	0.036500000000000005	-0.23592116902788926
chr5	121960001	121985000	chr5	121960001	122160000	200000	25000	21.18	96.0%	0.08349999999999999	-0.24392488577135127
chr8	132050001	132070000	chr8	132050001	132270000	220000	20000	18.53409090909091	97.0%	0.0995	-0.24449579864989826
chr6	12145001	12170000	chr6	12145001	12290000	145000	25000	26.910344827586208	97.0%	0.096	-0.2452939041027892
chr11	123220001	123245000	chr11	123120001	123245000	125000	25000	36.648	97.0%	0.036	-0.2518887420966506
chr11	117835001	117855000	chr11	117835001	118055000	220000	20000	21.630681818181817	98.0%	0.0285	-0.2520537809824805
chr12	88145001	88170000	chr12	88145001	88590000	445000	25000	11.548314606741574	96.0%	0.091	-0.2529311194763045
chr1	201030001	201050000	chr1	200550001	201050000	500000	20000	10.2825	95.0%	0.099	-0.25545375344687815
chr1	46730001	46750000	chr1	46730001	47095000	365000	20000	12.86986301369863	95.0%	0.056	-0.2576470634610275
chr6	136955001	136980000	chr6	136955001	137100000	145000	25000	30.917241379310344	96.0%	0.039	-0.26196012179563627
chr13	95815001	95835000	chr13	95500001	95835000	335000	20000	13.873134328358208	95.0%	0.065	-0.27392482011593505
chr4	41280001	41300000	chr4	41280001	41895000	615000	20000	9.71951219512195	96.0%	0.064	-0.27413437366025295
chr13	106075001	106095000	chr13	106075001	106535000	460000	20000	10.315217391304348	96.0%	0.061	-0.2759088061648644
chr8	11760001	11780000	chr8	11760001	12000000	240000	20000	19.703125	98.0%	0.0395	-0.28041557069627615
chr11	118175001	118205000	chr11	118175001	118510000	335000	30000	15.654228855721392	95.0%	0.085	-0.2813511161403629
chr20	22585001	22605000	chr20	22365001	22605000	240000	20000	17.885416666666668	96.0%	0.052500000000000005	-0.28545846176859124
chr1	153180001	153200000	chr1	152855001	153200000	345000	20000	14.021739130434783	96.0%	0.091	-0.28724375067286045
chr2	41760001	41790000	chr2	40540001	41790000	1250000	30000	7.692666666666667	95.0%	0.0955	-0.2895330570237739
chr12	122035001	122060000	chr12	122035001	122200000	165000	25000	24.472727272727273	95.0%	0.029	-0.2901146666122854
chr4	87210001	87235000	chr4	87020001	87235000	215000	25000	19.906976744186046	96.0%	0.092	-0.2904313407898966
chr3	132230001	132255000	chr3	132230001	132580000	350000	25000	14.38	95.0%	0.051	-0.2937682601375645
chr17	27345001	27375000	chr17	27345001	27570000	225000	30000	17.859259259259257	95.0%	0.069	-0.2939291485789514
chr10	100325001	100345000	chr10	100325001	100530000	205000	20000	22.152439024390244	96.0%	0.035	-0.2951084592344142
chr1	85700001	85725000	chr1	85700001	85905000	205000	25000	21.15609756097561	98.0%	0.042	-0.29636145869198743
chr12	6165001	6190000	chr12	6055001	6190000	135000	25000	30.074074074074076	97.0%	0.066	-0.30801859260713443
chr11	118470001	118495000	chr11	118125001	118495000	370000	25000	15.32972972972973	95.0%	0.06	-0.30986439181676817
chr4	184265001	184295000	chr4	184265001	184695000	430000	30000	12.792635658914728	95.0%	0.0925	-0.31484907846578747
chr15	64200001	64220000	chr15	64200001	64735000	535000	20000	10.14018691588785	95.0%	0.065	-0.3156011634243731
chr10	114765001	114790000	chr10	114580001	114790000	210000	25000	18.938095238095237	95.0%	0.063	-0.31631670044794974
chr5	16925001	16945000	chr5	16925001	17190000	265000	20000	15.74056603773585	97.0%	0.073	-0.31773569915429606
chr5	11170001	11190000	chr5	10635001	11190000	555000	20000	8.754504504504505	96.0%	0.094	-0.3216019321951933
chr2	62755001	62775000	chr2	62505001	62775000	270000	20000	24.930555555555557	96.0%	0.0745	-0.3246071384051875
chr12	725001	750000	chr12	575001	750000	175000	25000	25.98857142857143	95.0%	0.059	-0.3263551601784338
chr11	32800001	32820000	chr11	32800001	33070000	270000	20000	16.194444444444443	96.0%	0.088	-0.3301402281176649
chr11	96320001	96345000	chr11	96090001	96345000	255000	25000	20.635294117647057	95.0%	0.067	-0.33319722413240027
chr2	226800001	226820000	chr2	225695001	226820000	1125000	20000	5.36	96.0%	0.052	-0.34055110861226906
chr16	83200001	83225000	chr16	82610001	83225000	615000	25000	8.25691056910569	95.0%	0.079	-0.34134563713651267
chr12	79750001	79770000	chr12	79750001	80235000	485000	20000	11.927835051546392	96.0%	0.092	-0.3423797073722837
chr5	141875001	141900000	chr5	141690001	141900000	210000	25000	19.61904761904762	97.0%	0.048	-0.3434378674701206
chr12	6400001	6430000	chr12	6400001	6590000	190000	30000	23.850877192982455	97.0%	0.0765	-0.34409366369082756
chr1	9285001	9305000	chr1	9285001	9490000	205000	20000	18.054878048780488	96.0%	0.06	-0.3465956644319699
chr6	56700001	56720000	chr6	56700001	56955000	255000	20000	17.41176470588235	96.0%	0.061	-0.34671335984644547
chr4	99390001	99410000	chr4	98145001	99410000	1265000	20000	4.567193675889328	96.0%	0.068	-0.3498386878269822
chr1	3905001	3930000	chr1	3905001	4095000	190000	25000	17.931578947368422	96.0%	0.08149999999999999	-0.35554900194180195
chr11	33155001	33170000	chr11	33155001	33365000	210000	15000	18.412698412698415	95.0%	0.045	-0.3569575865048687
chr6	34400001	34420000	chr6	34155001	34420000	265000	20000	16.537735849056602	95.0%	0.069	-0.3613260771609045
chr5	1630001	1650000	chr5	1160001	1650000	490000	20000	7.7270408163265305	95.0%	0.0695	-0.36986158981166695
chr4	1120001	1145000	chr4	1120001	1530000	410000	25000	11.74390243902439	96.0%	0.0715	-0.3800778807789759
chr4	73840001	73865000	chr4	73665001	73865000	200000	25000	23.25	97.0%	0.0905	-0.39102022463099995
chr17	57840001	57860000	chr17	57840001	58120000	280000	20000	14.834821428571429	96.0%	0.07150000000000001	-0.39327254283337076
chr12	120970001	120990000	chr12	120610001	120990000	380000	20000	12.108552631578947	96.0%	0.0865	-0.39889818213640166
chr5	20001	40000	chr5	20001	345000	325000	20000	13.35	95.0%	0.001	-0.40001593461649554
chr4	68375001	68400000	chr4	68190001	68400000	210000	25000	21.633333333333333	95.0%	0.0455	-0.4009804115788457
chr6	137850001	137875000	chr6	137720001	137875000	155000	25000	30.470967741935482	97.0%	0.033	-0.40195381540147396
chr9	69520001	69555000	chr9	69410001	69555000	145000	35000	30.7192118226601	96.0%	0.046	-0.40247553358612576
chr12	22085001	22120000	chr12	22085001	22460000	375000	35000	14.10095238095238	96.0%	0.084	-0.4054276268454336
chrX	107755001	107780000	chrX	107630001	107780000	150000	25000	16.013333333333332	96.0%	0.0935	-0.4077682845841873
chr11	121315001	121330000	chr11	121315001	121545000	230000	15000	19.28985507246377	97.0%	0.089	-0.40968963979147277
chr4	186705001	186740000	chr4	186705001	186940000	235000	35000	19.30699088145897	96.0%	0.031	-0.4114507923259972
chr5	59810001	59830000	chr5	59810001	60665000	855000	20000	6.631578947368421	96.0%	0.081	-0.4140200669570847
chr20	13105001	13125000	chr20	13105001	13320000	215000	20000	19.6453488372093	97.0%	0.051	-0.41836770437567833
chr1	115440001	115465000	chr1	115135001	115465000	330000	25000	15.94848484848485	96.0%	0.0695	-0.42129226754241483
chr19	10925001	10945000	chr19	10925001	11135000	210000	20000	16.666666666666668	95.0%	0.047	-0.42334898714871766
chr3	112625001	112645000	chr3	112625001	113070000	445000	20000	11.654494382022472	95.0%	0.097	-0.4271775735154843
chr14	89035001	89055000	chr14	89035001	89245000	210000	20000	17.339285714285715	95.0%	0.07100000000000001	-0.4364856394442302
chr14	55075001	55095000	chr14	55075001	55270000	195000	20000	23.28205128205128	96.0%	0.041	-0.4367128824703783
chr3	51355001	51380000	chr3	50500001	51380000	880000	25000	6.407954545454546	96.0%	0.095	-0.43957542402349753
chr12	7805001	7825000	chr12	7645001	7825000	180000	20000	18.291666666666668	97.0%	0.0805	-0.4472163528872345
chr18	70420001	70440000	chr18	70095001	70440000	345000	20000	14.405797101449275	96.0%	0.046	-0.4475041923575834
chr3	150520001	150540000	chr3	150520001	150795000	275000	20000	16.286363636363635	95.0%	0.09	-0.4575977067230653
chr1	46855001	46875000	chr1	46855001	47180000	325000	20000	13.142307692307693	95.0%	0.079	-0.46602110360983867
chr6	51845001	51865000	chr6	51845001	52025000	180000	20000	24.88888888888889	98.0%	0.0335	-0.47398097225723385
chr9	94055001	94075000	chr9	94055001	94220000	165000	20000	26.492424242424242	97.0%	0.031	-0.4803179792844366
chr10	38580001	38595000	chr10	38580001	39555000	975000	15000	4.32991452991453	95.0%	0.078	-0.48572794590611856
chr2	141535001	141560000	chr2	140895001	141560000	665000	25000	7.983458646616542	95.0%	0.043	-0.4902955829176529
chr3	128415001	128435000	chr3	128415001	128590000	175000	20000	20.85	96.0%	0.061	-0.4928403030069374
chr7	106445001	106465000	chr7	106205001	106465000	260000	20000	18.197115384615383	95.0%	0.0735	-0.49651417464206443
chr15	59240001	59255000	chr15	59240001	59495000	255000	15000	18.026143790849673	98.0%	0.036	-0.4965210867168147
chr2	237650001	237670000	chr2	237650001	237855000	205000	20000	21.3109756097561	96.0%	0.059	-0.49796434075504503
chr10	62230001	62245000	chr10	61920001	62245000	325000	15000	14.0	97.0%	0.089	-0.49904670020291986
chr4	81825001	81845000	chr4	81420001	81845000	425000	20000	12.741176470588234	95.0%	0.079	-0.5081519543746266
chr16	85600001	85620000	chr16	85300001	85620000	320000	20000	11.8203125	95.0%	0.08	-0.5245535863935022
chr9	97895001	97915000	chr9	97615001	97915000	300000	20000	16.720833333333335	95.0%	0.0755	-0.5341605385929762
chr2	37975001	38000000	chr2	37975001	38560000	585000	25000	14.35897435897436	95.0%	0.07	-0.5368555838476828
chr2	49260001	49280000	chr2	49260001	49450000	190000	20000	35.19078947368421	97.0%	0.0825	-0.5384293283192588
chr15	74775001	74790000	chr15	74775001	74990000	215000	15000	17.65891472868217	96.0%	0.045	-0.5416919428258934
chr12	89935001	89950000	chr12	89700001	89950000	250000	15000	19.599999999999998	95.0%	0.042499999999999996	-0.5418993807139333
chr7	116660001	116675000	chr7	116660001	116925000	265000	15000	18.41509433962264	96.0%	0.075	-0.5489573280435196
chr20	50785001	50800000	chr20	50785001	50975000	190000	15000	16.86842105263158	96.0%	0.0995	-0.5547116080223536
chr12	43875001	43895000	chr12	43495001	43895000	400000	20000	11.39375	96.0%	0.0915	-0.5587918621599194
chr2	189275001	189300000	chr2	189075001	189300000	225000	25000	20.737777777777776	97.0%	0.086	-0.5627989412128702
chr2	46050001	46075000	chr2	46050001	46370000	320000	25000	24.5625	97.0%	0.053	-0.5654416917752026
chr19	45635001	45660000	chr19	45480001	45660000	180000	25000	19.622222222222224	95.0%	0.0915	-0.566949967565471
chr3	87080001	87095000	chr3	86875001	87095000	220000	15000	18.484848484848484	96.0%	0.07050000000000001	-0.5718267812060605
chr3	90525001	90545000	chr3	90525001	90715000	190000	20000	26.45394736842105	96.0%	0.03	-0.5727126744597738
chr12	21700001	21720000	chr12	21700001	22070000	370000	20000	14.621621621621621	96.0%	0.051500000000000004	-0.5736214910326283
chr17	7040001	7055000	chr17	7040001	7175000	135000	15000	24.1358024691358	97.0%	0.028	-0.5786003734695021
chr9	19480001	19500000	chr9	19480001	19865000	385000	20000	12.217532467532468	96.0%	0.083	-0.5801427653522392
chr8	57990001	58005000	chr8	57990001	58365000	375000	15000	11.982222222222221	96.0%	0.086	-0.5825298576528236
chr3	43150001	43170000	chr3	43150001	43515000	365000	20000	13.178082191780822	97.0%	0.081	-0.5827901896762734
chr7	151350001	151370000	chr7	151350001	151560000	210000	20000	20.392857142857142	96.0%	0.0445	-0.5838335315908951
chr6	158060001	158085000	chr6	157865001	158085000	220000	25000	18.804545454545455	98.0%	0.095	-0.5845183477226515
chr9	94775001	94800000	chr9	94775001	95135000	360000	25000	14.0	97.0%	0.056	-0.5856951262422133
chr2	156575001	156600000	chr2	155685001	156600000	915000	25000	6.594535519125683	95.0%	0.047	-0.5900024131679379
chr11	72015001	72035000	chr11	72015001	72235000	220000	20000	21.619318181818183	98.0%	0.043	-0.590664349344919
chr10	11715001	11730000	chr10	11410001	11730000	320000	15000	17.130208333333332	95.0%	0.0215	-0.596624134407986
chr6	133490001	133515000	chr6	132945001	133515000	570000	25000	10.421052631578949	96.0%	0.0775	-0.5993442419587801
chr8	17100001	17120000	chr8	16775001	17120000	345000	20000	15.181159420289855	97.0%	0.039	-0.6151881528618679
chr7	92035001	92055000	chr7	91815001	92055000	240000	20000	19.098958333333332	95.0%	0.0595	-0.6186756209649206
chr13	49660001	49680000	chr13	49660001	49990000	330000	20000	14.193181818181818	95.0%	0.08399999999999999	-0.6227019317665154
chr12	54830001	54855000	chr12	54830001	55075000	245000	25000	16.808163265306124	96.0%	0.093	-0.6322140253023231
chr9	108750001	108770000	chr9	108300001	108770000	470000	20000	10.231382978723405	96.0%	0.063	-0.6342890526069594
chr6	99730001	99750000	chr6	99435001	99750000	315000	20000	14.619047619047619	95.0%	0.079	-0.6417567152557998
chr10	102915001	102935000	chr10	102915001	103390000	475000	20000	10.978947368421053	96.0%	0.076	-0.643523539237511
chr2	26945001	26970000	chr2	26945001	27090000	145000	25000	28.917241379310344	96.0%	0.027	-0.6478941648264577
chr1	24835001	24860000	chr1	24835001	25105000	270000	25000	14.84814814814815	95.0%	0.098	-0.6543873286910982
chr2	152165001	152190000	chr2	152025001	152190000	165000	25000	23.612121212121213	96.0%	0.093	-0.6592478640482087
chr17	48480001	48500000	chr17	48480001	48615000	135000	20000	26.583333333333332	95.0%	0.033	-0.6636353830738627
chr17	40905001	40930000	chr17	40905001	41345000	440000	25000	11.575	96.0%	0.0775	-0.6659465704532647
chr9	37900001	37925000	chr9	37900001	38440000	540000	25000	8.353703703703705	97.0%	0.062	-0.6680156516320475
chr9	69180001	69200000	chr9	69055001	69200000	145000	20000	27.767241379310345	97.0%	0.052	-0.6805177223702674
chr8	130670001	130690000	chr8	130285001	130690000	405000	20000	12.0	98.0%	0.099	-0.6819042539116735
chr2	105515001	105530000	chr2	105395001	105530000	135000	15000	27.48148148148148	98.0%	0.064	-0.696210740032104
chr1	32690001	32715000	chr1	32690001	32880000	190000	25000	21.50526315789474	96.0%	0.052500000000000005	-0.7031567370233043
chr2	66400001	66425000	chr2	65875001	66425000	550000	25000	12.338181818181818	96.0%	0.091	-0.706500536453554
chr13	26985001	27000000	chr13	26985001	27350000	365000	15000	13.360730593607306	97.0%	0.076	-0.7318311655729309
chr14	77845001	77870000	chr14	77845001	78035000	190000	25000	20.757894736842104	96.0%	0.0975	-0.7338193340890017
chr18	35570001	35595000	chr18	35405001	35595000	190000	25000	23.03684210526316	97.0%	0.0925	-0.7385202300569234
chr8	118110001	118130000	chr8	117660001	118130000	470000	20000	10.88563829787234	98.0%	0.091	-0.7395246839744168
chr10	102220001	102240000	chr10	102220001	102485000	265000	20000	16.933962264150942	97.0%	0.072	-0.7398363896158305
chr10	131780001	131800000	chr10	131230001	131800000	570000	20000	8.285087719298245	96.0%	0.086	-0.7503394412762405
chr11	13340001	13360000	chr11	13210001	13360000	150000	20000	28.8	98.0%	0.0345	-0.7504553761063963
chr11	95670001	95700000	chr11	95340001	95700000	360000	30000	14.942129629629628	96.0%	0.0905	-0.756173831401275
chr10	103245001	103265000	chr10	102815001	103265000	450000	20000	10.783333333333333	96.0%	0.0465	-0.7665705988044227
chr13	90860001	90880000	chr13	89880001	90880000	1000000	20000	5.89	96.0%	0.0285	-0.7824081519497547
chr1	224840001	224860000	chr1	224635001	224860000	225000	20000	19.93888888888889	95.0%	0.075	-0.7870007403446354
chr5	77560001	77580000	chr5	77560001	78215000	655000	20000	8.314885496183207	95.0%	0.077	-0.791831758584385
chr3	73065001	73090000	chr3	72845001	73090000	245000	25000	18.791836734693877	98.0%	0.097	-0.7927993869318729
chr5	141405001	141425000	chr5	141405001	141565000	160000	20000	25.6015625	99.0%	0.026	-0.7988531515981738
chr1	31645001	31660000	chr1	31645001	31790000	145000	15000	29.229885057471265	98.0%	0.053	-0.8131858876568941
chr15	98840001	98860000	chr15	98525001	98860000	335000	20000	13.932835820895523	95.0%	0.074	-0.8148443871120761
chr3	101560001	101580000	chr3	101560001	101710000	150000	20000	24.633333333333333	95.0%	0.07650000000000001	-0.8221694169422272
chr1	91610001	91630000	chr1	91610001	91935000	325000	20000	14.76923076923077	97.0%	0.084	-0.8260871985413752
chr14	20320001	20340000	chr14	20320001	20595000	275000	20000	14.195454545454545	95.0%	0.079	-0.8264808937795409
chr14	33840001	33860000	chr14	33840001	34325000	485000	20000	11.167525773195877	95.0%	0.075	-0.8308927320169237
chr1	61815001	61840000	chr1	61615001	61840000	225000	25000	22.066666666666666	98.0%	0.093	-0.8310477512670665
chr3	186610001	186635000	chr3	186610001	186830000	220000	25000	19.90909090909091	98.0%	0.098	-0.8379006758487583
chr7	133855001	133875000	chr7	133855001	134000000	145000	20000	28.439655172413794	97.0%	0.088	-0.8395393152138936
chr14	22300001	22325000	chr14	22300001	22490000	190000	25000	24.71578947368421	95.0%	0.0375	-0.8689600728172392
chr8	127200001	127220000	chr8	127200001	127675000	475000	20000	8.597368421052632	96.0%	0.093	-0.8762149480389791
chr4	69155001	69175000	chr4	68330001	69175000	845000	20000	6.718934911242603	95.0%	0.075	-0.8777998117961872
chr14	54560001	54575000	chr14	54560001	54815000	255000	15000	16.43137254901961	99.0%	0.03	-0.889898054640524
chr7	54865001	54885000	chr7	54865001	55125000	260000	20000	16.5625	95.0%	0.078	-0.8926315168127748
chr3	14250001	14270000	chr3	14250001	14635000	385000	20000	11.876623376623376	95.0%	0.094	-0.8976121184518411
chr11	110350001	110375000	chr11	110190001	110375000	185000	25000	25.0	97.0%	0.03	-0.9014077566065105
chr8	125710001	125725000	chr8	125710001	125925000	215000	15000	21.41860465116279	98.0%	0.063	-0.9048278849762411
chr4	89865001	89885000	chr4	89575001	89885000	310000	20000	14.866935483870968	97.0%	0.0755	-0.9079149321307727
chr14	50520001	50540000	chr14	50325001	50540000	215000	20000	19.848837209302324	98.0%	0.07	-0.9118820133860733
chr15	65005001	65035000	chr15	65005001	65250000	245000	30000	17.46938775510204	96.0%	0.056	-0.9126920100674556
chr13	110810001	110830000	chr13	110585001	110830000	245000	20000	15.98469387755102	97.0%	0.094	-0.9241471869800248
chr3	39095001	39125000	chr3	39095001	39300000	205000	30000	22.878048780487806	96.0%	0.095	-0.9276633641333756
chr7	17755001	17775000	chr7	17755001	18355000	600000	20000	9.347916666666666	95.0%	0.0805	-0.9412655634808382
chr15	74350001	74370000	chr15	74350001	74620000	270000	20000	14.731481481481481	97.0%	0.087	-0.9430394594541611
chr5	38425001	38445000	chr5	38425001	38930000	505000	20000	10.891089108910892	95.0%	0.087	-0.9696781290401596
chr1	161540001	161565000	chr1	161540001	161780000	240000	25000	14.154166666666665	95.0%	0.049	-0.9714123510109482
chr16	67650001	67675000	chr16	67485001	67675000	190000	25000	18.231578947368423	98.0%	0.065	-0.9728219122159996
chr12	75615001	75635000	chr12	75615001	76125000	510000	20000	10.090686274509803	95.0%	0.0625	-0.9744287178475037
chr18	45715001	45740000	chr18	45715001	45890000	175000	25000	27.142857142857146	99.0%	0.038	-0.9793950544581403
chr11	86660001	86685000	chr11	86660001	86815000	155000	25000	30.32903225806452	97.0%	0.053	-0.986863798367818
chr2	191490001	191505000	chr2	191175001	191505000	330000	15000	16.747474747474747	97.0%	0.040499999999999994	-0.9961263305098896
chr6	25265001	25290000	chr6	25265001	25560000	295000	25000	17.65084745762712	95.0%	0.085	-1.0100931049566777
chr7	142775001	142810000	chr7	142515001	142810000	295000	35000	17.038740920096853	95.0%	0.045	-1.0280416351632018
chr3	192805001	192825000	chr3	192805001	193510000	705000	20000	8.840425531914894	98.0%	0.039	-1.0280955826686595
chr13	50785001	50805000	chr13	50105001	50805000	700000	20000	7.208928571428571	97.0%	0.075	-1.0347208591198633
chr1	234130001	234155000	chr1	234130001	234370000	240000	25000	20.2	96.0%	0.096	-1.0358491762436879
chr6	54710001	54725000	chr6	54710001	55260000	550000	15000	9.700000000000001	98.0%	0.0395	-1.0383835400288925
chr8	33800001	33820000	chr8	33800001	34895000	1095000	20000	5.485159817351598	95.0%	0.088	-1.0543533276051382
chr15	82540001	82565000	chr15	82540001	83005000	465000	25000	10.576344086021505	96.0%	0.099	-1.0596640202660286
chr9	72355001	72380000	chr9	72355001	72590000	235000	25000	18.506382978723405	95.0%	0.083	-1.0629574330052582
chr10	77245001	77265000	chr10	77245001	77680000	435000	20000	13.077586206896552	96.0%	0.051	-1.0672734655156078
chr19	42675001	42700000	chr19	42675001	42915000	240000	25000	17.933333333333334	95.0%	0.097	-1.0691964933372324
chr3	141450001	141470000	chr3	141295001	141470000	175000	20000	24.77857142857143	98.0%	0.086	-1.0699025381719742
chr12	93370001	93390000	chr12	92975001	93390000	415000	20000	12.960843373493976	96.0%	0.03	-1.0702736769357728
chr9	94990001	95010000	chr9	94760001	95010000	250000	20000	18.325	95.0%	0.0965	-1.0710132269263941
chr15	99685001	99705000	chr15	99305001	99705000	400000	20000	12.165625	95.0%	0.07	-1.0744007201911856
chr7	27555001	27575000	chr7	27200001	27575000	375000	20000	14.363333333333333	96.0%	0.088	-1.0889747371346603
chr5	132495001	132515000	chr5	132370001	132515000	145000	20000	26.28448275862069	98.0%	0.037	-1.0973470805723013
chr1	224305001	224330000	chr1	224125001	224330000	205000	25000	24.682926829268293	96.0%	0.099	-1.112574998857028
chr1	16605001	16635000	chr1	16375001	16635000	260000	30000	49.04807692307693	97.0%	0.033	-1.1145249896679763
chr7	31430001	31450000	chr7	31430001	31740000	310000	20000	16.407258064516128	95.0%	0.096	-1.131870862696159
chr2	11395001	11415000	chr2	11205001	11415000	210000	20000	24.75	96.0%	0.038	-1.132892746323542
chr12	64680001	64705000	chr12	64440001	64705000	265000	25000	19.449056603773585	95.0%	0.089	-1.1382922964088533
chr6	49495001	49530000	chr6	49495001	50025000	530000	35000	9.929919137466308	95.0%	0.0675	-1.138302174531494
chr10	68150001	68175000	chr10	67870001	68175000	305000	25000	15.731147540983608	97.0%	0.047	-1.1700493954181999
chr1	184805001	184830000	chr1	184805001	185145000	340000	25000	16.108823529411765	97.0%	0.083	-1.1724424297893548
chr6	151765001	151785000	chr6	151765001	152360000	595000	20000	10.073529411764707	97.0%	0.09	-1.1900987820979705
chr13	73390001	73415000	chr13	72785001	73415000	630000	25000	8.958730158730159	97.0%	0.08549999999999999	-1.195481939108481
chr3	184405001	184425000	chr3	184405001	184550000	145000	20000	31.29310344827586	99.0%	0.038	-1.1955376078054383
chr15	64340001	64365000	chr15	64165001	64365000	200000	25000	20.605	95.0%	0.0775	-1.21606513238472
chr21	35040001	35060000	chr21	35040001	35400000	360000	20000	12.479166666666666	95.0%	0.0965	-1.2179270602978651
chr14	23900001	23920000	chr14	23605001	23920000	315000	20000	16.55952380952381	96.0%	0.097	-1.2494410551820223
chr6	127065001	127085000	chr6	126735001	127085000	350000	20000	15.507142857142858	96.0%	0.0625	-1.253145967792932
chr1	59685001	59710000	chr1	58735001	59710000	975000	25000	6.4	95.0%	0.047	-1.2654037365287343
chr5	119250001	119275000	chr5	119250001	119465000	215000	25000	19.837209302325583	97.0%	0.083	-1.2710723578595509
chr1	233290001	233305000	chr1	233290001	233430000	140000	15000	25.36904761904762	98.0%	0.097	-1.272294651047036
chr1	234610001	234625000	chr1	234610001	235005000	395000	15000	12.877637130801688	95.0%	0.097	-1.2746700157927044
chr2	36660001	36685000	chr2	35675001	36685000	1010000	25000	9.704950495049506	95.0%	0.0265	-1.2922623437230496
chr14	77045001	77065000	chr14	76875001	77065000	190000	20000	25.0	95.0%	0.0605	-1.2962451219936069
chr6	129725001	129745000	chr6	129495001	129745000	250000	20000	20.45	95.0%	0.067	-1.3300822824196268
chr7	31625001	31645000	chr7	31125001	31645000	520000	20000	9.59375	96.0%	0.0955	-1.3411334955123695
chr22	40615001	40640000	chr22	40440001	40640000	200000	25000	21.855	95.0%	0.092	-1.3559794120290456
chr3	27650001	27670000	chr3	27125001	27670000	545000	20000	10.880733944954128	95.0%	0.094	-1.357420775094205
chr17	40525001	40545000	chr17	40365001	40545000	180000	20000	24.993055555555557	98.0%	0.035	-1.3641701370081996
chr17	15250001	15270000	chr17	15250001	15470000	220000	20000	18.0	96.0%	0.093	-1.3766178825089814
chr8	8525001	8550000	chr8	8390001	8550000	160000	25000	27.39375	97.0%	0.092	-1.389256344523178
chr4	153550001	153585000	chr4	153155001	153585000	430000	35000	13.395348837209301	96.0%	0.07949999999999999	-1.3918073998237315
chr4	78055001	78075000	chr4	78055001	78570000	515000	20000	9.91504854368932	95.0%	0.077	-1.3966309607903284
chr5	80255001	80280000	chr5	80090001	80280000	190000	25000	22.42105263157895	97.0%	0.037	-1.4405567007808155
chr3	45740001	45765000	chr3	45740001	45925000	185000	25000	25.216216216216218	96.0%	0.082	-1.538733511039554
chr5	148985001	149005000	chr5	148745001	149005000	260000	20000	18.942307692307693	95.0%	0.08149999999999999	-1.5625207835552486
chr9	375001	395000	chr9	375001	810000	435000	20000	11.35632183908046	95.0%	0.075	-1.6021924820605447
chr13	45265001	45285000	chr13	45040001	45285000	245000	20000	19.627551020408163	96.0%	0.034	-1.6049375101590884
chr1	179095001	179125000	chr1	179095001	179380000	285000	30000	18.116959064327485	98.0%	0.097	-1.6058135934716997
chr1	232650001	232670000	chr1	232650001	233250000	600000	20000	9.102083333333333	95.0%	0.08	-1.6345012713262825
chr1	153805001	153825000	chr1	153805001	153990000	185000	20000	24.094594594594593	97.0%	0.067	-1.6406064312411464
chr5	34505001	34530000	chr5	34505001	35010000	505000	25000	10.831683168316832	96.0%	0.099	-1.6471469824688856
chr2	37660001	37675000	chr2	37660001	37820000	160000	15000	38.354166666666664	99.0%	0.073	-1.6660973306308282
chr13	109140001	109160000	chr13	109140001	109800000	660000	20000	8.219696969696969	97.0%	0.0805	-1.680299083572412
chr11	114025001	114045000	chr11	114025001	114265000	240000	20000	19.213541666666668	96.0%	0.0935	-1.7049859766722661
chr5	49645001	49665000	chr5	49645001	50620000	975000	20000	79.22916666666667	95.0%	0.053	-1.7241865869195176
chr2	34515001	34540000	chr2	34005001	34540000	535000	25000	13.624299065420562	97.0%	0.064	-1.7318846407441904
chr6	129235001	129255000	chr6	128705001	129255000	550000	20000	11.059090909090909	95.0%	0.065	-1.7572255612051904
chr21	38810001	38830000	chr21	38810001	39040000	230000	20000	15.684782608695652	95.0%	0.0745	-1.7735973470779087
chr21	33935001	33950000	chr21	33935001	34245000	310000	15000	13.870967741935482	95.0%	0.07949999999999999	-1.7952422985165353
chr4	159160001	159180000	chr4	158735001	159180000	445000	20000	12.915730337078651	97.0%	0.08	-1.8167758993744905
chr9	83060001	83075000	chr9	83060001	83175000	115000	15000	31.26086956521739	98.0%	0.098	-1.8335873045604973
chr2	37810001	37835000	chr2	37395001	37835000	440000	25000	21.104545454545452	98.0%	0.02	-1.8725509942725438
chr7	116510001	116530000	chr7	116255001	116530000	275000	20000	18.318181818181817	98.0%	0.046	-1.891283943792549
chr13	44430001	44450000	chr13	43890001	44450000	560000	20000	10.078125	95.0%	0.0195	-1.9185204680626662
chr20	20855001	20875000	chr20	20855001	21625000	770000	20000	7.663961038961039	95.0%	0.045	-1.9594183119262107
chr10	91225001	91250000	chr10	90860001	91250000	390000	25000	13.871794871794872	95.0%	0.0695	-1.9727770881023996
chr4	110835001	110860000	chr4	110835001	110960000	125000	25000	31.119999999999997	97.0%	0.044	-2.0175573302781964
chr6	55880001	55900000	chr6	55400001	55900000	500000	20000	11.3	96.0%	0.098	-2.020444993076889
chr15	89885001	89900000	chr15	89885001	90085000	200000	15000	17.900000000000002	98.0%	0.067	-2.0219724115018765
chr3	108460001	108480000	chr3	107745001	108480000	735000	20000	7.392857142857143	95.0%	0.098	-2.062232680658574
chr1	236115001	236135000	chr1	236115001	236810000	695000	20000	8.56294964028777	95.0%	0.091	-2.0677201304326225
chr18	45375001	45395000	chr18	44080001	45395000	1315000	20000	4.680608365019012	95.0%	0.061	-2.1022858143854033
chr3	15375001	15395000	chr3	15160001	15395000	235000	20000	19.585106382978722	97.0%	0.092	-2.1037331429730357
chr3	102190001	102210000	chr3	101795001	102210000	415000	20000	13.936746987951807	95.0%	0.066	-2.1095641343663987
chr1	164775001	164795000	chr1	164140001	164795000	655000	20000	8.530534351145038	95.0%	0.055	-2.129413576239058
chr2	234480001	234505000	chr2	233985001	234505000	520000	25000	11.126923076923077	96.0%	0.049	-2.289716655153127
chr2	44075001	44095000	chr2	44075001	44490000	415000	20000	18.295180722891565	95.0%	0.075	-2.2907984041604506
chr20	55405001	55425000	chr20	55405001	56180000	775000	20000	6.7064516129032254	97.0%	0.071	-2.317450283223397
chr4	144745001	144765000	chr4	144180001	144765000	585000	20000	9.747863247863247	98.0%	0.075	-2.403601424940385
chr7	45920001	45940000	chr7	45920001	47125000	1205000	20000	4.911825726141079	95.0%	0.065	-2.445934736267788
chr14	54770001	54790000	chr14	54425001	54790000	365000	20000	13.376712328767123	95.0%	0.088	-2.4724924629448815
chr6	105475001	105495000	chr6	105475001	106305000	830000	20000	8.164156626506024	95.0%	0.05	-2.9226719841898476
chr12	89045001	89065000	chr12	89045001	89530000	485000	20000	13.889175257731958	95.0%	0.092	-3.1602481093806776
chr7	39445001	39470000	chr7	38785001	39470000	685000	25000	8.61167883211679	95.0%	0.061	-3.2845788525198785
chr2	55750001	55770000	chr2	55750001	56135000	385000	20000	20.574675324675326	96.0%	0.039	-3.2863677576792565
chr2	43480001	43500000	chr2	42850001	43500000	650000	20000	13.601923076923077	96.0%	0.038	-3.3233567694433392
chr8	17850001	17870000	chr8	17710001	17870000	160000	20000	29.890625	99.0%	0.054	-4.139836345221278
chr3	150285001	150305000	chr3	150285001	150505000	220000	20000	24.857954545454547	98.0%	0.0965	-4.362418864979791
chr3	30685001	30705000	chr3	30020001	30705000	685000	20000	9.297445255474452	97.0%	0.035	-4.396052379790093
chr1	16715001	16740000	chr1	16515001	16740000	225000	25000	26.045454545454543	98.0%	0.045	-4.659992797978287
chr11	62050001	62070000	chr11	61795001	62070000	275000	20000	17.822727272727274	95.0%	0.062	-4.7327682481436515
chr14	49885001	49900000	chr14	49885001	50110000	225000	15000	19.82962962962963	98.0%	0.042	-4.95533116775352
chr1	197850001	197870000	chr1	197515001	197870000	355000	20000	16.411971830985916	97.0%	0.037	-5.076247265531746
chr9	83530001	83545000	chr9	83200001	83545000	345000	15000	15.057971014492752	95.0%	0.096	-5.165028281869941
chr10	41875001	41900000	chr10	41730001	41900000	170000	25000	105.55294117647058	95.0%	0.011	-5.557531620111053
chr2	36355001	36375000	chr2	36355001	36785000	430000	20000	20.09593023255814	95.0%	0.0635	-6.039168763929603
chr1	94515001	94550000	chr1	94515001	94745000	230000	35000	34.86024844720497	98.0%	0.064	-7.465435654983219
chr14	61480001	61500000	chr14	61480001	61840000	360000	20000	15.916666666666666	95.0%	0.098	-8.203058736663733
