chr	pos1	pos2	chr2	pos3	pos4	length	width	Mean	maxpixel	pvalue	Stripiness	pvalue_added	Stripiness_added	O_Mean_added	O_Sum_added	O/E_Mean_added	O/E_Total_added
chr16	34575001	34595000	chr16	34575001	36340000	1765000	20000	71.70579268292683	95.0%	0.001	1793.2188178630677	0.001	1793.2188178630677	66.62747875354107	94078	26.21073193440228	148038.21396550408
chr16	34575001	34600000	chr16	33515001	34600000	1085000	25000	109.83260869565216	95.0%	0.001	131.1247732841605	0.001	131.1247732841605	93.12995391705068	101046	9.005276518598208	48853.625113395276
chr20	31055001	31075000	chr20	29505001	31075000	1570000	20000	30.60446428571429	98.0%	0.002	60.741310249704725	0.0025	60.741310249704725	27.2906050955414	34277	7.921656314172929	39798.401322404796
chr2	90380001	90400000	chr2	89190001	90400000	1210000	20000	87.11052631578947	95.0%	0.001	50.988033488300175	0.001	50.988033488300175	68.39256198347107	66204	6.087803153648594	23571.973810927357
chr20	31055001	31080000	chr20	31055001	31385000	330000	25000	126.08771929824562	99.0%	0.001	47.14674770601933	0.001	47.14674770601933	108.89393939393939	35935	6.045476920040982	9975.03691806762
chr3	93450001	93485000	chr3	93450001	94490000	1040000	35000	35.36439790575916	95.0%	0.001	38.985342178108354	0.001	38.985342178108354	23.19574175824176	33773	3.2817270449122704	33447.36204174586
chr21	9245001	9260000	chr21	9245001	9370000	125000	15000	201.28	98.0%	0.001	38.3096769764692	0.001	38.3096769764692	201.28	15096	4.546578825876676	1022.9802358222521
chr1	219800001	219820000	chr1	218505001	219820000	1315000	20000	7.359315589353612	95.0%	0.003	22.591817441999023	0.004	22.591817441999023	7.359315589353612	7742	5.478003343712112	23051.43807034057
chr10	42065001	42085000	chr10	42065001	42780000	715000	20000	27.795454545454547	95.0%	0.001	19.644331286343576	0.001	19.644331286343576	27.795454545454547	15899	3.0480768097023856	6973.999740599058
chr16	77225001	77245000	chr16	77225001	77670000	445000	20000	12.969101123595506	95.0%	0.035	17.441797317344783	0.036	17.441797317344783	12.969101123595506	4617	5.543506921911334	7893.953856801739
chr13	108880001	108900000	chr13	108310001	108900000	590000	20000	10.11228813559322	96.0%	0.0065	17.395778477726445	0.007	17.395778477726445	10.11228813559322	4773	4.277748951498293	8076.390020428778
chr8	64245001	64265000	chr8	63335001	64265000	930000	20000	8.55510752688172	95.0%	0.011	14.827099576159544	0.011	14.827099576159545	8.55510752688172	6365	4.7507104962261835	14138.114436769123
chr14	54325001	54345000	chr14	53855001	54345000	490000	20000	10.823979591836734	95.0%	0.0065	14.476977170949135	0.007	14.476977170949137	10.823979591836734	4243	3.592547657156465	5633.114726421337
chr14	35395001	35425000	chr14	35125001	35425000	300000	30000	16.95	96.0%	0.0055	14.349748342221549	0.0055	14.349748342221547	16.95	6102	3.8085492471922104	8226.466373935174
chr1	192475001	192495000	chr1	192475001	193040000	565000	20000	10.75442477876106	95.0%	0.012	12.811604522292887	0.013	12.811604522292887	10.754424778761061	4861	4.065657577557369	7350.708900223723
chr9	21775001	21795000	chr9	21185001	21795000	610000	20000	10.12295081967213	97.0%	0.0104999999999999	12.610192868736842	0.0115	12.610192868736842	10.12295081967213	4940	4.569540311964699	8919.742688955093
chr12	65295001	65325000	chr12	65295001	66115000	820000	30000	7.409552845528456	95.0%	0.01	11.833890705282656	0.011	11.833890705282656	7.409552845528455	7291	4.234400955300463	24999.903240093932
chr5	74635001	74655000	chr5	73890001	74655000	765000	20000	7.854575163398692	98.0%	0.009	11.53946834551831	0.01	11.53946834551831	7.854575163398692	4807	4.848544891240156	11869.2378937559
chr17	65970001	65990000	chr17	65440001	65990000	550000	20000	9.745454545454546	95.0%	0.01	11.102930534560372	0.011	11.102930534560373	9.745454545454546	4288	3.6462757724317045	6417.4453594798
chr1	162050001	162075000	chr1	162050001	162395000	345000	25000	15.42608695652174	99.0%	0.005	10.803772850512496	0.006	10.803772850512496	15.42608695652174	5322	3.4346908129882396	5924.841652404713
chr22	36460001	36480000	chr22	36270001	36480000	210000	20000	18.50595238095238	96.0%	0.0225	10.674345407597473	0.024	10.674345407597473	18.50595238095238	3109	3.468782524455448	2331.021856434061
chr6	83040001	83060000	chr6	82235001	83060000	825000	20000	7.933333333333334	95.0%	0.006	10.527962344144605	0.007	10.527962344144605	7.933333333333334	5236	4.263308258913967	11255.133803532874
chr11	108635001	108655000	chr11	107910001	108655000	745000	20000	9.25503355704698	95.0%	0.005	10.27940990784331	0.005	10.27940990784331	9.25503355704698	5516	3.7326998404119847	8898.756419542171
chr2	44980001	45000000	chr2	44980001	45610000	630000	20000	13.876984126984128	98.0%	0.0185	10.06425136717174	0.0195	10.06425136717174	13.876984126984127	6994	4.5375552236207355	9147.711330819402
chr11	4185001	4205000	chr11	4185001	4605000	420000	20000	17.610119047619047	98.0%	0.0185	9.825151601645375	0.019	9.825151601645377	17.610119047619047	5917	4.076317423076036	5478.570616614193
chr9	115875001	115895000	chr9	115875001	116285000	410000	20000	12.670731707317072	95.0%	0.0295	9.65067667109228	0.032	9.650676671092281	12.670731707317072	4156	3.642630341042234	4779.131007447411
chr5	17180001	17200000	chr5	16445001	17200000	755000	20000	8.213576158940397	96.0%	0.008	9.504914048522702	0.009	9.504914048522702	8.213576158940397	4961	3.7333673704874877	9019.81556709777
chr13	73690001	73715000	chr13	72785001	73715000	930000	25000	6.586021505376344	95.0%	0.0225	9.217798167952244	0.024	9.217798167952244	6.586021505376344	6125	4.408755140785484	20500.7114046525
chr16	21550001	21575000	chr16	21060001	21575000	515000	25000	14.246464646464648	96.0%	0.01	9.214019464239255	0.011	9.214019464239257	13.693203883495146	7052	2.5697697723586126	6617.157163823427
chr9	22230001	22250000	chr9	21815001	22250000	435000	20000	12.028735632183908	96.0%	0.011	9.098837561253813	0.013	9.098837561253813	12.028735632183908	4186	3.646205044688038	5075.5174222057485
chr12	76025001	76045000	chr12	75480001	76045000	565000	20000	9.29424778761062	95.0%	0.006	9.07897403791225	0.007	9.07897403791225	9.294247787610619	4201	3.7133464442278257	6713.730371163909
chr3	4270001	4290000	chr3	3185001	4290000	1105000	20000	5.569004524886878	97.0%	0.008	9.013801768663342	0.008	9.013801768663342	5.569004524886878	4923	4.282272033049246	15142.113908862135
chr1	172390001	172410000	chr1	171995001	172410000	415000	20000	14.99397590361446	97.0%	0.009	9.01303971133606	0.01	9.013039711336061	14.993975903614459	4978	4.5364485853398016	6024.403721331257
chr2	225670001	225690000	chr2	225670001	227115000	1445000	20000	5.267301038062284	96.0%	0.01	8.987145459269385	0.011	8.987145459269385	5.267301038062284	6089	5.754651416260436	26609.508148788256
chr9	72580001	72600000	chr9	72275001	72600000	325000	20000	15.492307692307692	95.0%	0.012	8.953780652310378	0.012	8.953780652310378	15.492307692307692	4028	3.835733838646547	3989.163192192409
chr1	218325001	218345000	chr1	218325001	219325000	1000000	20000	5.745	95.0%	0.02	8.765195696235942	0.0215	8.765195696235942	5.745	4596	4.6165979403952795	14773.113409264895
chr2	69700001	69720000	chr2	69365001	69720000	355000	20000	23.309859154929576	96.0%	0.006	8.761784395815276	0.007	8.761784395815276	23.309859154929576	6620	3.1544754312639136	3583.4840899158057
chr22	29025001	29045000	chr22	28845001	29045000	200000	20000	20.53125	98.0%	0.017	8.757388290071844	0.017	8.757388290071844	20.53125	3285	4.471799455317059	2861.9516514029174
chr22	30095001	30120000	chr22	30095001	30395000	300000	25000	15.826666666666668	95.0%	0.0195	8.606014724328272	0.019000000000000003	8.606014724328272	15.826666666666666	4748	3.680764727662389	5521.1470914935835
chr1	172710001	172730000	chr1	172415001	172730000	315000	20000	17.015873015873016	95.0%	0.006	8.535258043142555	0.007	8.535258043142555	17.015873015873016	4288	3.2691575222296554	3295.3107824074928
chr9	83925001	83945000	chr9	83925001	84320000	395000	20000	12.33860759493671	95.0%	0.014	8.355619700662663	0.015	8.355619700662663	12.33860759493671	3899	3.732999028834233	4718.510772446471
chr2	69715001	69735000	chr2	69715001	69905000	190000	20000	38.76315789473684	98.0%	0.002	8.30734241053226	0.002	8.30734241053226	38.76315789473684	5892	3.1464638897706045	1913.0500449805277
chr15	97900001	97920000	chr15	97900001	98300000	400000	20000	14.484375	95.0%	0.0265	8.258410765555396	0.0305	8.258410765555396	14.484375	4635	4.694364022454421	6008.785948741658
chr4	173010001	173030000	chr4	173010001	173425000	415000	20000	15.10843373493976	95.0%	0.014	8.216678786905744	0.015	8.216678786905744	15.108433734939759	5016	3.8498096596398454	5112.547228001715
chr9	87305001	87330000	chr9	86410001	87330000	920000	25000	6.360869565217391	95.0%	0.045	8.214490410708121	0.0475	8.214490410708121	6.360869565217391	5852	4.5274130996022945	20826.100258170554
chr2	42085001	42110000	chr2	42085001	42365000	280000	25000	28.3	97.0%	0.0055	8.211624459443438	0.006	8.211624459443438	28.3	7924	3.3361578931848994	4670.621050458859
chr18	59985001	60010000	chr18	59985001	60630000	645000	25000	8.362790697674418	95.0%	0.019	8.195284804736369	0.02	8.195284804736369	8.362790697674418	5394	3.37525086930221	10885.184053499628
chr8	100510001	100540000	chr8	100150001	100540000	390000	30000	15.967948717948715	96.0%	0.005	8.190986530882379	0.005	8.190986530882379	15.967948717948717	7473	3.5590201863734467	9993.728683336638
chrX	13475001	13495000	chrX	12910001	13495000	585000	20000	5.053418803418803	95.0%	0.026	8.093336636742722	0.027	8.093336636742722	5.053418803418803	2365	3.9763107846680033	7443.653788898502
chr16	13920001	13940000	chr16	13920001	14285000	365000	20000	13.76027397260274	95.0%	0.02	8.046546967233022	0.023	8.046546967233022	13.76027397260274	4018	3.7727603749947742	4406.584117993896
chr11	130430001	130450000	chr11	130430001	130900000	470000	20000	12.0	95.0%	0.033	7.969064399496491	0.0345	7.969064399496491	12.0	4512	4.055172886692334	6098.98002158527
chr8	17900001	17920000	chr8	17505001	17920000	415000	20000	15.036144578313252	95.0%	0.03	7.882947530274513	0.033	7.882947530274513	15.036144578313253	4992	3.585027134781203	4760.916034989437
chr1	204485001	204505000	chr1	204360001	204505000	145000	20000	33.172413793103445	98.0%	0.003	7.880540027162339	0.004	7.880540027162339	33.172413793103445	3848	2.578808205842852	1196.5670075110834
chr1	200490001	200515000	chr1	199970001	200515000	545000	25000	10.695412844036698	97.0%	0.009	7.800136755288597	0.011	7.800136755288597	10.695412844036698	5829	3.409322169054466	9290.40291067342
chrX	23885001	23905000	chrX	23695001	23905000	210000	20000	10.410714285714286	98.0%	0.0325	7.728890113099292	0.0335	7.728890113099292	10.410714285714286	1749	3.1637726403499404	2126.05521431516
chr14	67935001	67955000	chr14	67935001	68840000	905000	20000	7.383977900552487	97.0%	0.037	7.706245517204494	0.037	7.706245517204494	7.383977900552487	5346	5.395530841961171	15625.45731831955
chr1	68115001	68130000	chr1	68115001	68450000	335000	15000	17.766169154228855	96.0%	0.028	7.683481981520168	0.032	7.683481981520168	17.766169154228855	3571	4.073966486316029	2456.6017912485654
chr5	122185001	122205000	chr5	122185001	122505000	320000	20000	16.59375	97.0%	0.0095	7.671467992687209	0.01	7.671467992687209	16.59375	4248	3.1439130630593097	3219.366976572733
chr10	55905001	55925000	chr10	55905001	56400000	495000	20000	13.44949494949495	96.0%	0.009	7.637524580179883	0.009	7.637524580179883	13.44949494949495	5326	2.591002659842858	4104.148213191087
chr8	100810001	100840000	chr8	100545001	100840000	295000	30000	19.17514124293785	95.0%	0.007	7.587037232930988	0.007	7.587037232930988	19.175141242937855	6788	2.761718476068379	5865.890043169237
chr1	64230001	64245000	chr1	63575001	64245000	670000	15000	9.106965174129352	98.0%	0.0305	7.580946435116297	0.0325	7.580946435116297	9.106965174129353	3661	5.285633554931006	6374.474067246793
chr5	34175001	34195000	chr5	34175001	34470000	295000	20000	30.29237288135593	99.0%	0.004	7.514574654260148	0.005	7.514574654260148	30.29237288135593	7149	2.2205055984280584	2096.157284916087
chr4	174350001	174370000	chr4	174350001	174725000	375000	20000	15.743333333333334	98.0%	0.015	7.473935728845856	0.015	7.473935728845856	15.743333333333334	4723	3.914997415503399	4697.9968986040785
chr21	38345001	38365000	chr21	38155001	38365000	210000	20000	22.20833333333333	97.0%	0.0315	7.442879550201282	0.0335	7.442879550201282	22.208333333333332	3731	4.019742570013086	2701.267007048794
chr21	17380001	17400000	chr21	17380001	17620000	240000	20000	17.557291666666668	96.0%	0.02	7.406532470634674	0.0235	7.406532470634674	17.557291666666668	3371	3.7058640588910756	2846.103597228346
chr1	152000001	152035000	chr1	151850001	152035000	185000	35000	29.741312741312743	95.0%	0.001	7.283395633773701	0.002	7.283395633773701	29.74131274131274	7703	2.591979318991463	4699.258505331522
chr2	38705001	38740000	chr2	38520001	38740000	220000	35000	35.43181818181818	97.0%	0.002	7.24201658277722	0.002	7.24201658277722	35.43181818181818	10913	3.144825969386243	6780.244789996739
chr16	10955001	10975000	chr16	10955001	11740000	785000	20000	6.987261146496815	96.0%	0.023	7.187911747071215	0.024	7.187911747071215	6.987261146496815	4388	3.5240218987010214	8852.343009536966
chr2	37405001	37430000	chr2	37405001	37880000	475000	25000	20.01263157894737	98.0%	0.08	7.184504857070445	0.083	7.184504857070445	20.012631578947367	9506	5.297707276213472	12582.054781006995
chr12	89535001	89560000	chr12	89535001	90945000	1410000	25000	5.330496453900709	95.0%	0.018	7.182493077607279	0.0195	7.182493077607279	5.330496453900709	7516	4.695810630527082	33105.46494521593
chr10	6390001	6410000	chr10	6020001	6410000	390000	20000	13.103896103896105	98.0%	0.007	7.02812406115883	0.007	7.02812406115883	12.935897435897436	4036	2.7349917883993764	3413.2697519224216
chr4	20675001	20695000	chr4	20380001	20695000	315000	20000	16.333333333333332	96.0%	0.011	7.026193307544775	0.013	7.026193307544775	16.333333333333332	4116	2.7943146010372595	2816.6691178455576
chr2	32760001	32780000	chr2	32760001	33440000	680000	20000	12.794117647058824	96.0%	0.017	7.026087345741451	0.018000000000000002	7.026087345741451	12.794117647058824	6960	3.923883442867009	8538.370371678611
chr2	54510001	54530000	chr2	54510001	54710000	200000	20000	35.90625	99.0%	0.0069999999999999	6.981717066329403	0.0075	6.981717066329403	35.90625	5745	3.3463116053593565	2141.6394274299882
chr21	39120001	39140000	chr21	38725001	39140000	415000	20000	11.963855421686748	95.0%	0.02	6.973087675275061	0.021	6.973087675275061	11.963855421686747	3972	4.202242030048445	5580.577415904335
chr11	27680001	27705000	chr11	27680001	29340000	1660000	25000	4.2373493975903616	95.0%	0.08	6.972278431218908	0.0825	6.972278431218908	4.2373493975903616	7034	7.110605239668337	59018.0234892472
chr1	208230001	208255000	chr1	207980001	208255000	275000	25000	18.207272727272727	95.0%	0.012	6.956826156307886	0.013	6.956826156307886	18.207272727272727	5007	3.081360625452124	4236.87085999667
chr9	74765001	74785000	chr9	74765001	75080000	315000	20000	16.11904761904762	97.0%	0.027	6.837142845422017	0.031	6.837142845422017	16.11904761904762	4062	3.779425008098334	3809.6604081631203
chr18	22545001	22565000	chr18	22150001	22565000	415000	20000	11.852409638554215	96.0%	0.011	6.788911643899546	0.012	6.788911643899546	11.852409638554217	3935	2.6974612177934483	3582.2284972296993
chrX	57560001	57580000	chrX	57185001	57580000	395000	20000	7.310126582278481	95.0%	0.053	6.775891776802539	0.058	6.775891776802539	7.310126582278481	2310	2.8872907766856213	3649.5355417306255
chr1	181135001	181170000	chr1	180875001	181170000	295000	35000	18.297820823244557	95.0%	0.006	6.760930824592238	0.006	6.760930824592238	18.297820823244553	7557	2.7430733566721313	7930.225074139132
chr10	110305001	110330000	chr10	110305001	110750000	445000	25000	13.606741573033707	96.0%	0.035	6.751364108216945	0.036	6.751364108216945	13.606741573033707	6055	3.4252109954297936	7621.094464831291
chr17	61415001	61435000	chr17	61415001	61590000	175000	20000	26.214285714285715	96.0%	0.006	6.742101569848908	0.006	6.7421015698489075	26.214285714285715	3670	3.0507755752811194	1708.4343221574268
chr2	55160001	55180000	chr2	54700001	55180000	480000	20000	18.55989583333333	95.0%	0.007	6.710180598446625	0.007	6.710180598446625	18.559895833333332	7127	3.7449663499458077	5752.268313516761
chr5	55675001	55695000	chr5	55330001	55695000	365000	20000	14.722602739726028	98.0%	0.016	6.706149292538959	0.017	6.706149292538959	14.722602739726028	4299	3.3605856764307425	3925.1640700711073
chr16	86560001	86580000	chr16	86560001	87080000	520000	20000	8.478365384615385	96.0%	0.034	6.6920869500801565	0.035500000000000004	6.6920869500801565	8.478365384615385	3527	3.762094231448868	6260.124801130916
chr9	112055001	112075000	chr9	111770001	112075000	305000	20000	17.397540983606557	97.0%	0.018	6.641782841909712	0.02	6.641782841909712	17.397540983606557	4245	3.1497525353570914	3074.158474508521
chr20	13085001	13110000	chr20	12930001	13110000	180000	25000	26.26111111111111	97.0%	0.004	6.640914653645252	0.0045000000000000005	6.640914653645252	26.261111111111113	4727	2.9053762076957557	2614.83858692618
chr9	70580001	70615000	chr9	70250001	70615000	365000	35000	15.119373776908024	96.0%	0.019	6.623532574312009	0.02	6.623532574312009	15.119373776908024	7726	2.9729824103170506	10634.35808170409
chr21	36135001	36155000	chr21	36135001	36445000	310000	20000	14.012096774193548	95.0%	0.0135	6.617661644502373	0.014	6.617661644502373	14.012096774193548	3475	2.942765067564066	2919.2229470235534
chr2	149550001	149570000	chr2	149000001	149570000	570000	20000	9.666666666666666	97.0%	0.0135	6.597332899103603	0.013	6.597332899103603	9.666666666666666	4408	3.1603357242912296	5764.452361107203
chr17	66150001	66170000	chr17	65220001	66170000	950000	20000	5.753947368421053	96.0%	0.0415	6.573588675335635	0.043	6.573588675335635	5.753947368421053	4373	4.72855399815373	14374.80415438734
chr7	16550001	16570000	chr7	16070001	16570000	500000	20000	11.91	98.0%	0.025	6.571392588226671	0.027	6.571392588226671	11.91	4764	3.7721878739408505	6035.500598305361
chr10	120930001	120955000	chr10	120930001	121745000	815000	25000	6.758282208588957	95.0%	0.035	6.52063364647585	0.037	6.52063364647585	6.758282208588957	5508	3.5602426440456743	14507.988774486123
chr21	42805001	42825000	chr21	42580001	42825000	245000	20000	19.01020408163265	96.0%	0.012	6.440074551616522	0.014	6.440074551616522	19.010204081632654	3726	3.2162710634561407	2521.556513749614
chr10	59620001	59640000	chr10	59620001	60095000	475000	20000	12.15	95.0%	0.028	6.43650410418712	0.03	6.43650410418712	12.15	4617	3.2474570130762745	4936.134659875937
chr15	100615001	100640000	chr15	100615001	101015000	400000	25000	13.4575	97.0%	0.0505	6.423689266910503	0.0525	6.423689266910503	13.4575	5383	3.939847517785838	7879.695035571676
chr2	64025001	64055000	chr2	64025001	64560000	535000	30000	15.730529595015575	97.0%	0.008	6.393774896125193	0.009	6.393774896125193	15.730529595015577	10099	3.013531705455502	11608.124129414593
chr16	32805001	32840000	chr16	32315001	32840000	525000	35000	10.542857142857144	95.0%	0.017	6.387387952902063	0.018	6.3873879529020625	10.040816326530612	7380	1.823183000871592	9380.27653948434
chr20	22330001	22350000	chr20	22330001	22690000	360000	20000	13.84722222222222	95.0%	0.028	6.358412703255207	0.03	6.3584127032552065	13.847222222222221	3988	3.7898316001486227	4365.8860033712135
chr2	39905001	39925000	chr2	39905001	40820000	915000	20000	10.41120218579235	96.0%	0.046	6.30775846661328	0.046	6.30775846661328	10.41120218579235	7621	4.860926892686389	14232.793941785747
chr17	72095001	72115000	chr17	71070001	72115000	1045000	20000	6.116028708133971	95.0%	0.051	6.2764158630176645	0.052	6.2764158630176645	6.116028708133971	5113	5.412130585291401	18098.164677214445
chr9	120745001	120765000	chr9	120745001	121070000	325000	20000	16.523076923076925	97.0%	0.018	6.275110658422828	0.02	6.275110658422828	16.523076923076925	4296	3.7184117006601234	3867.148168686528
chr6	85345001	85365000	chr6	85345001	85550000	205000	20000	23.603658536585368	99.0%	0.005	6.267609248062332	0.006	6.267609248062332	23.603658536585368	3871	2.9253967224886654	1919.0602499525644
chrX	103525001	103545000	chrX	103525001	103825000	300000	20000	9.645833333333334	96.0%	0.046	6.247675575717923	0.048	6.247675575717923	9.645833333333334	2315	3.9436740472245355	3785.9270853355542
chr17	970001	995000	chr17	670001	995000	325000	25000	13.44	95.0%	0.016	6.24176617231971	0.017	6.24176617231971	13.44	4368	2.4845956831628273	4037.4679851395945
chr2	147900001	147920000	chr2	147035001	147920000	885000	20000	6.888418079096045	98.0%	0.018	6.218519617211206	0.019	6.218519617211206	6.888418079096045	4877	3.6084831552792402	10219.224295750808
chr21	36910001	36935000	chr21	36620001	36935000	315000	25000	14.196825396825398	95.0%	0.02	6.213694118211004	0.023	6.213694118211004	14.196825396825396	4472	3.1153547419175642	4906.683718520164
chr3	189260001	189280000	chr3	189260001	189730000	470000	20000	12.361702127659576	98.0%	0.009	6.20180043920165	0.01	6.20180043920165	12.361702127659575	4648	2.7512766658961554	4137.920105507817
chr7	95905001	95925000	chr7	95905001	97100000	1195000	20000	5.407949790794979	96.0%	0.059	6.163683388355622	0.06	6.163683388355622	5.407949790794979	5170	5.015871741941928	19180.693541185934
chr12	12365001	12395000	chr12	12365001	12710000	345000	30000	16.553140096618357	95.0%	0.014	6.1405096151515774	0.015	6.1405096151515774	16.553140096618357	6853	3.063529958546433	7609.808417029339
chr16	55685001	55705000	chr16	55445001	55705000	260000	20000	18.91826923076923	95.0%	0.0115	6.135145081636548	0.013	6.135145081636548	18.91826923076923	3935	3.597374683393816	2993.015736583655
chr12	99375001	99395000	chr12	99375001	99775000	400000	20000	14.64375	96.0%	0.03	6.096956833982278	0.0325	6.096956833982278	14.64375	4686	3.690191170588373	4723.444698353118
chr16	86510001	86530000	chr16	86005001	86530000	525000	20000	8.5	95.0%	0.021	6.081139274414297	0.024	6.081139274414297	8.5	3570	3.3827111993739933	5682.954814948309
chr5	141030001	141055000	chr5	140805001	141055000	250000	25000	20.748	99.0%	0.0125	6.074081312408604	0.013000000000000001	6.074081312408604	20.748	5187	3.0948912955496444	3868.6141194370557
chrX	38160001	38185000	chrX	37500001	38185000	685000	25000	4.759124087591241	95.0%	0.08	6.0730602799014095	0.081	6.0730602799014095	4.759124087591241	3260	3.71810399933738	12734.506197730527
chr8	101305001	101340000	chr8	101305001	102275000	970000	35000	6.394698085419734	95.0%	0.019	6.071474919378124	0.0185	6.071474919378124	6.394698085419735	8684	3.37769607994842	32108.378935989684
chr3	153015001	153040000	chr3	153015001	154025000	1010000	25000	6.11980198019802	97.0%	0.017	6.03942579091396	0.0175	6.03942579091396	6.1198019801980195	6181	3.8269223124224427	19325.957677733335
chr3	194305001	194325000	chr3	193660001	194325000	665000	20000	8.723684210526315	96.0%	0.012	6.033921812627644	0.012	6.033921812627644	8.723684210526315	4641	3.184093816291232	6775.751641067741
chr14	70800001	70820000	chr14	70605001	70820000	215000	20000	21.186046511627907	98.0%	0.011	6.013938678600038	0.011	6.013938678600038	21.186046511627907	3644	3.0335843112217558	2087.106006120568
chr1	235070001	235090000	chr1	234495001	235090000	595000	20000	8.926470588235293	95.0%	0.013	6.010226933968395	0.014	6.010226933968395	8.926470588235293	4249	3.7593219544658014	7157.7490013028855
chr9	109560001	109585000	chr9	109560001	109905000	345000	25000	15.953623188405796	96.0%	0.02	6.008868904977064	0.022	6.008868904977064	15.953623188405798	5504	3.506551189949624	6048.800802663101
chr11	9495001	9515000	chr11	8895001	9515000	620000	20000	12.471774193548388	95.0%	0.0284999999999999	6.006737624916089	0.032	6.006737624916089	12.471774193548388	6186	3.6174298681048898	7176.980858320101
chr1	240725001	240750000	chr1	240725001	240955000	230000	25000	21.43478260869565	99.0%	0.006	5.975099078223848	0.007	5.975099078223848	21.434782608695652	4930	2.845479905975142	3272.3018918714133
chr5	126335001	126355000	chr5	126335001	126650000	315000	20000	17.273809523809526	97.0%	0.007	5.95972048722782	0.008	5.95972048722782	17.273809523809526	4353	3.44802805398172	3475.6122784135737
chr1	147875001	147905000	chr1	147445001	147905000	460000	30000	11.442028985507248	96.0%	0.012	5.921094412970959	0.0135	5.921094412970959	11.442028985507246	6316	2.766734130556392	9163.42344040277
chr1	182385001	182405000	chr1	182070001	182405000	335000	20000	14.585820895522389	96.0%	0.046	5.9192704882003975	0.046	5.9192704882003975	14.585820895522389	3909	3.3759113361455637	3618.9769523480445
chr15	50870001	50890000	chr15	50510001	50890000	380000	20000	13.161184210526317	97.0%	0.025	5.908740016275948	0.027	5.908740016275948	13.161184210526315	4001	3.416065240133545	4153.935332002391
chr12	105410001	105430000	chr12	105410001	106230000	820000	20000	7.4435975609756095	95.0%	0.0445	5.905576265205095	0.0485	5.905576265205095	7.4435975609756095	4883	3.7165039144829652	9752.106271603301
chr17	55520001	55540000	chr17	55520001	55830000	310000	20000	15.806451612903226	97.0%	0.0209999999999999	5.901925620906189	0.023	5.901925620906189	15.806451612903226	3920	3.2594256055579662	3233.3502007135025
chr4	74120001	74140000	chr4	73655001	74140000	485000	20000	12.768041237113405	97.0%	0.01	5.898528342158885	0.011	5.898528342158885	12.768041237113403	4954	3.2803141580767345	5091.047573335092
chr3	12465001	12485000	chr3	12125001	12485000	360000	20000	15.229166666666666	97.0%	0.0125	5.894350869857675	0.014	5.894350869857675	15.229166666666666	4386	3.032701497337437	3493.6721249327275
chr4	159425001	159450000	chr4	159185001	159450000	265000	25000	19.92830188679245	99.0%	0.008	5.864823303306446	0.008	5.864823303306446	19.928301886792454	5281	2.3085313723721765	3058.804068393134
chr2	64860001	64880000	chr2	64495001	64880000	385000	20000	20.964285714285715	96.0%	0.031	5.858331896614694	0.033	5.858331896614694	20.964285714285715	6457	4.3558656119655925	5366.42643394161
chr3	159240001	159260000	chr3	158795001	159260000	465000	20000	14.814516129032258	97.0%	0.007	5.798308841690692	0.007	5.798308841690692	14.814516129032258	5511	3.9464454135208733	5872.31077531906
chr7	106170001	106195000	chr7	106170001	106790000	620000	25000	9.974193548387095	97.0%	0.0165	5.779281231360218	0.0165	5.779281231360218	9.974193548387097	6184	2.9970090289471827	9290.727989736266
chr10	54685001	54705000	chr10	53965001	54705000	740000	20000	11.743243243243244	96.0%	0.012	5.76894211843963	0.012	5.76894211843963	11.743243243243244	6952	2.518342080886342	5963.434047538858
chr1	94780001	94800000	chr1	94545001	94800000	255000	20000	21.44607843137255	97.0%	0.033	5.752811580386761	0.035	5.752811580386761	21.44607843137255	4375	3.1316393951312964	2555.417746427138
chr1	227430001	227455000	chr1	226835001	227455000	620000	25000	8.691935483870967	96.0%	0.011	5.732214982573662	0.013000000000000001	5.732214982573662	8.691935483870967	5389	2.7255710742855883	8449.270330285324
chr16	81715001	81740000	chr16	81195001	81740000	545000	25000	9.16697247706422	96.0%	0.054	5.731972721226813	0.06	5.731972721226813	9.16697247706422	4996	3.6473567376292535	9939.047110039715
chr13	102570001	102590000	chr13	102570001	102915000	345000	20000	15.155797101449275	97.0%	0.026	5.727316109255483	0.029	5.727316109255483	15.155797101449275	4183	3.3210218912396945	3666.408167928623
chr1	115125001	115145000	chr1	115125001	115600000	475000	20000	11.226315789473684	96.0%	0.03	5.709980490808214	0.031	5.709980490808214	11.226315789473684	4266	3.5463018639501787	5390.378833204271
chr1	78130001	78150000	chr1	78130001	78675000	545000	20000	9.51834862385321	96.0%	0.043	5.698525812498658	0.045	5.698525812498658	9.51834862385321	4150	3.5263793930322436	6150.005661448233
chr14	60615001	60635000	chr14	60615001	61265000	650000	20000	8.584615384615384	95.0%	0.0705	5.688488980528509	0.07250000000000001	5.688488980528509	8.584615384615384	4464	4.783898400452626	9950.508672941463
chr10	84520001	84540000	chr10	84360001	84540000	180000	20000	27.625	97.0%	0.002	5.676093229605865	0.003	5.676093229605865	27.625	3978	3.065927192913157	1765.9740631179784
chr18	54680001	54700000	chr18	54680001	54990000	310000	20000	16.737903225806452	98.0%	0.0275	5.6685432611781446	0.031	5.6685432611781446	16.737903225806452	4151	3.1946781368116173	3169.1207117171243
chr8	95235001	95260000	chr8	94815001	95260000	445000	25000	13.287640449438204	95.0%	0.011	5.666216001750255	0.011	5.666216001750255	13.287640449438202	5913	2.739651352305735	6095.72425888026
chr1	185660001	185695000	chr1	185000001	185695000	695000	35000	8.87153134635149	95.0%	0.033	5.654012619510078	0.036	5.654012619510078	8.87153134635149	8632	3.315246054856044	22580.140879624516
chr6	138115001	138135000	chr6	138115001	138600000	485000	20000	12.70360824742268	97.0%	0.016	5.64536698819654	0.015	5.64536698819654	12.70360824742268	4929	2.8984775740240774	4498.437194885368
chr16	23420001	23440000	chr16	23080001	23440000	360000	20000	11.98611111111111	96.0%	0.0235	5.634438521244777	0.024	5.634438521244777	11.98611111111111	3452	3.2423322182953758	3735.1667154762727
chr15	44575001	44600000	chr15	44575001	44795000	220000	25000	22.48181818181818	97.0%	0.018	5.63147860152811	0.019000000000000003	5.63147860152811	22.48181818181818	4946	3.4394704950368897	3783.4175445405785
chr1	85300001	85320000	chr1	85300001	85895000	595000	20000	10.258403361344538	97.0%	0.018	5.605204226069723	0.02	5.605204226069723	10.258403361344538	4883	3.1805043773638086	6055.680334500692
chr15	38660001	38690000	chr15	38410001	38690000	280000	30000	18.44047619047619	96.0%	0.0375	5.604415555556192	0.04	5.604415555556192	18.44047619047619	6196	3.0985081646309665	6246.592459896028
chr10	54685001	54705000	chr10	54685001	55130000	445000	20000	19.441011235955056	96.0%	0.019	5.599476654524136	0.02	5.5994766545241355	19.441011235955056	6921	2.2769357617073585	3242.3565246712787
chr2	54100001	54120000	chr2	54100001	55225000	1125000	20000	7.826666666666667	95.0%	0.017	5.589413436061397	0.02	5.589413436061397	7.826666666666667	7044	4.0232235769684355	14483.604877086369
chr14	61825001	61845000	chr14	61435001	61845000	410000	20000	11.975609756097562	95.0%	0.03	5.588143030052989	0.0315	5.588143030052989	11.975609756097562	3928	3.5296279462508475	4630.871865481112
chr3	160925001	160945000	chr3	160565001	160945000	380000	20000	15.4375	96.0%	0.0104999999999999	5.579960047506059	0.010499999999999999	5.579960047506059	15.4375	4693	3.0030319268804884	3651.686823086674
chr6	45700001	45720000	chr6	45410001	45720000	310000	20000	16.875	98.0%	0.008	5.571569056516299	0.008	5.571569056516299	16.875	4185	2.343460409541711	2324.7127262653776
chr14	53525001	53550000	chr14	53525001	54205000	680000	25000	8.051470588235293	97.0%	0.0579999999999999	5.567503847255581	0.0625	5.567503847255581	8.051470588235293	5475	3.079651655958446	10470.815630258716
chr12	63830001	63850000	chr12	63830001	64270000	440000	20000	11.994318181818182	96.0%	0.0325	5.5635095731807365	0.036500000000000005	5.5635095731807365	11.994318181818182	4222	3.9279379791851956	5530.536674692756
chr12	12015001	12040000	chr12	11505001	12040000	535000	25000	10.753271028037384	95.0%	0.034	5.560228250082522	0.035	5.560228250082522	10.753271028037384	5753	3.5349585707546547	9456.014176768702
chr11	128155001	128175000	chr11	128155001	128845000	690000	20000	8.73731884057971	98.0%	0.024	5.524939182979765	0.024	5.524939182979765	8.73731884057971	4823	3.840904295340146	8480.716684111043
chr9	114640001	114660000	chr9	114395001	114660000	265000	20000	18.69811320754717	97.0%	0.011	5.518554341440893	0.011	5.518554341440893	18.69811320754717	3964	3.371311009098947	2858.871735715907
chr16	77670001	77690000	chr16	77670001	78095000	425000	20000	12.55	95.0%	0.047	5.505693977109575	0.048	5.5056939771095745	12.55	4267	4.538541636331595	6172.41662541097
chr1	92845001	92875000	chr1	92845001	93065000	220000	30000	23.21212121212121	97.0%	0.0095	5.499289283198851	0.010499999999999999	5.499289283198851	23.21212121212121	6128	2.6516287215661984	4200.179894960858
chr12	88975001	89000000	chr12	88110001	89000000	890000	25000	7.307865168539325	98.0%	0.014	5.485446595265057	0.015	5.485446595265057	7.307865168539326	6504	3.81434716925385	16973.844903179634
chr15	71715001	71740000	chr15	71445001	71740000	295000	25000	17.142372881355932	95.0%	0.013	5.467708050322755	0.014	5.467708050322755	17.142372881355932	5057	3.098073442300374	4569.658327393052
chr1	107730001	107760000	chr1	107265001	107760000	495000	30000	10.867003367003369	96.0%	0.019	5.447085920130065	0.019	5.447085920130065	10.867003367003367	6455	3.4328670620542585	12234.738209161378
chr11	34915001	34935000	chr11	34915001	35415000	500000	20000	11.0625	97.0%	0.024	5.435720034766141	0.0265	5.435720034766141	11.0625	4425	3.5088441664079846	5614.150666252775
chr11	4055001	4075000	chr11	3445001	4075000	630000	20000	14.396825396825395	97.0%	0.012	5.433835024803121	0.012	5.433835024803121	14.396825396825397	7256	3.3919475467583373	6838.166254264808
chr20	5530001	5565000	chr20	5530001	6085000	555000	35000	10.283140283140284	96.0%	0.028	5.39380448061589	0.031	5.39380448061589	10.283140283140282	7990	3.3024542028882613	17962.048409509254
chr1	109770001	109790000	chr1	109770001	110025000	255000	20000	18.21078431372549	96.0%	0.027	5.377612730236013	0.027	5.377612730236013	18.21078431372549	3715	3.0004989763003107	2448.4071646610537
chr20	50980001	51000000	chr20	50980001	51630000	650000	20000	7.840384615384615	96.0%	0.028	5.368681816320255	0.028499999999999998	5.368681816320255	7.8403846153846155	4077	3.2541689956002546	6768.67151084853
chr9	21805001	21830000	chr9	21805001	22245000	440000	25000	12.127272727272729	96.0%	0.0125	5.291011162668325	0.013999999999999999	5.291011162668325	12.127272727272727	5336	3.597589836299486	7914.697639858869
chr12	91370001	91390000	chr12	91370001	92450000	1080000	20000	5.980324074074074	96.0%	0.0215	5.266839818926923	0.0225	5.266839818926923	5.980324074074074	5167	3.9730741135376566	13730.94413638614
chr12	90965001	90985000	chr12	90965001	91365000	400000	20000	13.66875	97.0%	0.0315	5.263643782597173	0.032	5.263643782597173	13.66875	4374	3.2007726578617386	4096.9890020630255
chr6	83505001	83525000	chr6	83065001	83525000	460000	20000	13.741847826086955	96.0%	0.0085	5.258326218897159	0.0085	5.258326218897159	13.741847826086957	5057	3.3595847057644335	4945.308686885246
chr12	22435001	22455000	chr12	22045001	22455000	410000	20000	12.15548780487805	98.0%	0.0144999999999999	5.250657918965531	0.0155	5.250657918965531	12.15548780487805	3987	3.244453564069398	4256.72307605905
chr3	183375001	183395000	chr3	183110001	183395000	285000	20000	18.93859649122807	98.0%	0.032	5.238881080054412	0.033	5.238881080054412	18.93859649122807	4318	3.504814091382681	3196.3904513410052
chr6	115965001	115990000	chr6	115965001	116275000	310000	25000	23.351612903225806	98.0%	0.012	5.228722704315643	0.013	5.228722704315643	23.351612903225806	7239	2.470510237807293	3829.2908686013043
chr16	74300001	74320000	chr16	74300001	74710000	410000	20000	11.75609756097561	96.0%	0.033	5.2189761418568645	0.034	5.2189761418568645	11.75609756097561	3856	3.018234458959125	3959.923610154372
chr16	48680001	48700000	chr16	48680001	49405000	725000	20000	7.651724137931034	96.0%	0.067	5.210467038966105	0.069	5.210467038966105	7.651724137931034	4438	5.189637066573816	12039.957994451253
chr21	28730001	28755000	chr21	27665001	28755000	1090000	25000	5.302752293577981	95.0%	0.073	5.197547577434187	0.074	5.197547577434187	5.302752293577981	5780	4.699179349561366	25610.52745510944
chr13	97335001	97360000	chr13	97000001	97360000	360000	25000	15.194444444444446	95.0%	0.0144999999999999	5.189448854934007	0.0165	5.189448854934007	15.194444444444445	5470	3.543033295156971	6377.4599312825485
chr7	108170001	108190000	chr7	108170001	108500000	330000	20000	15.886363636363637	98.0%	0.034	5.167606639475203	0.038	5.167606639475203	15.886363636363637	4194	3.443568823797874	3636.408677930555
chr3	66800001	66825000	chr3	66245001	66825000	580000	25000	9.739655172413794	97.0%	0.026	5.161357730881937	0.0265	5.161357730881937	9.739655172413793	5649	3.245922665679661	9413.175730471017
chr1	183890001	183925000	chr1	183630001	183925000	295000	35000	19.0363196125908	95.0%	0.021	5.14617202234392	0.021	5.14617202234392	19.0363196125908	7862	2.911811134405785	8418.045989567125
chr3	155310001	155335000	chr3	154705001	155335000	630000	25000	9.473015873015871	96.0%	0.0125	5.1251340650536985	0.013000000000000001	5.1251340650536985	9.473015873015873	5968	3.2664108074546596	10289.194043482177
chr7	82030001	82050000	chr7	82030001	82615000	585000	20000	8.7008547008547	95.0%	0.033	5.104646417026982	0.036	5.104646417026982	8.7008547008547	4072	3.1294107759401975	5858.25697256005
chr21	29080001	29100000	chr21	29080001	29500000	420000	20000	12.24702380952381	95.0%	0.092	5.075383641183593	0.094	5.075383641183593	12.24702380952381	4115	4.2111544066012145	5659.791522472032
chr15	62775001	62795000	chr15	62775001	63100000	325000	20000	15.257692307692308	98.0%	0.025	5.067945166677113	0.029	5.067945166677113	15.257692307692308	3967	3.3814343765682295	3516.6917516309586
chr20	37525001	37545000	chr20	37185001	37545000	360000	20000	12.336805555555555	95.0%	0.0125	5.041455281709469	0.014	5.041455281709469	12.336805555555555	3553	2.8548146391339895	3288.746464282356
chr1	160000001	160020000	chr1	159780001	160020000	240000	20000	22.03645833333333	96.0%	0.0125	5.027747886513236	0.014	5.027747886513236	22.036458333333332	4231	2.6634216154992707	2045.50780070344
chr15	80955001	80980000	chr15	80550001	80980000	430000	25000	11.046511627906977	95.0%	0.033	5.024972512097783	0.034	5.024972512097783	11.046511627906977	4750	2.877027567744047	6185.609270649701
chr7	22540001	22560000	chr7	22540001	23075000	535000	20000	10.934579439252335	95.0%	0.019	5.01643264428701	0.019	5.01643264428701	10.934579439252337	4680	3.198008256383313	5474.990134928232
chr4	169795001	169815000	chr4	169795001	170090000	295000	20000	19.139830508474574	99.0%	0.033	5.008383175803582	0.036	5.008383175803582	19.139830508474578	4517	3.1689308749525034	2991.4707459551632
chr3	189930001	189950000	chr3	189145001	189950000	805000	20000	7.608695652173913	95.0%	0.032	5.006956757749611	0.034	5.006956757749611	7.608695652173913	4900	3.5558625879044237	9159.902026441796
chr9	32370001	32390000	chr9	32370001	32585000	215000	20000	21.51744186046512	99.0%	0.054	5.0018731064806925	0.057	5.0018731064806925	21.517441860465116	3701	3.4923283309178283	2402.721891671466
chr11	10995001	11025000	chr11	10765001	11025000	260000	30000	20.865384615384617	96.0%	0.0104999999999999	4.977414428767766	0.011	4.977414428767766	20.865384615384617	6510	2.6222308717723823	4908.8161919579
chr15	32650001	32675000	chr15	32650001	32995000	345000	25000	14.652173913043478	95.0%	0.037	4.961489361504871	0.041	4.961489361504871	14.652173913043478	5055	3.585738981463148	6185.399743023931
chr1	84105001	84125000	chr1	83895001	84125000	230000	20000	21.244565217391305	96.0%	0.0315	4.958855004434719	0.034	4.958855004434719	21.244565217391305	3909	2.996539053576623	2205.4527434323945
chr4	74665001	74685000	chr4	74170001	74685000	515000	20000	11.024271844660197	97.0%	0.015	4.94673221218253	0.016	4.94673221218253	11.024271844660195	4542	3.425247749956046	5644.808291927564
chr14	67160001	67180000	chr14	67160001	67350000	190000	20000	23.95394736842105	98.0%	0.0095	4.9284377570091165	0.01	4.9284377570091165	23.95394736842105	3641	2.878564411392386	1750.1671621265707
chr6	131920001	131945000	chr6	131920001	132295000	375000	25000	14.677333333333332	99.0%	0.038	4.9228854868057885	0.041	4.9228854868057885	14.677333333333333	5504	3.253330311663954	6099.994334369913
chr14	59420001	59445000	chr14	59020001	59445000	425000	25000	13.03294117647059	98.0%	0.032	4.901732450914838	0.035	4.901732450914838	13.032941176470588	5539	3.82592769643391	8130.096354922059
chr15	69050001	69070000	chr15	69050001	69465000	415000	20000	12.183734939759036	96.0%	0.044	4.9000108554071735	0.047	4.9000108554071735	12.183734939759036	4045	3.5573089615988973	4724.106301003336
chr5	34175001	34195000	chr5	33395001	34195000	800000	20000	11.6953125	95.0%	0.008	4.880705183224151	0.008	4.880705183224151	11.6953125	7485	1.702282767279319	4357.843884235057
chr9	121205001	121230000	chr9	121205001	121410000	205000	25000	24.526829268292683	97.0%	0.022	4.874477952575425	0.022	4.874477952575425	24.526829268292683	5028	2.9777572049180043	3052.2011350409543
chr8	18905001	18925000	chr8	18905001	19415000	510000	20000	10.473039215686274	96.0%	0.015	4.868068228151516	0.0155	4.868068228151516	10.473039215686274	4273	3.1690382449198817	5171.870415709247
chr10	95585001	95605000	chr10	95360001	95605000	245000	20000	20.316326530612244	98.0%	0.015	4.865072586956773	0.015	4.865072586956773	20.316326530612244	3982	3.015088786948173	2363.8296089673677
chr20	18260001	18280000	chr20	17995001	18280000	285000	20000	16.214912280701753	98.0%	0.015	4.862978678112324	0.016	4.862978678112324	16.214912280701753	3697	2.556226999372402	2331.2790234276304
chr7	85000001	85020000	chr7	83915001	85020000	1105000	20000	5.900452488687783	96.0%	0.017	4.862913332937654	0.018	4.862913332937654	5.900452488687783	5216	5.119761313758279	18103.476005449276
chr4	157990001	158005000	chr4	157990001	158260000	270000	15000	18.98765432098765	98.0%	0.0185	4.862452943102748	0.018500000000000003	4.862452943102748	18.987654320987655	3076	3.367923786090241	1636.8109600398573
chr20	50175001	50195000	chr20	50175001	50590000	415000	20000	10.783132530120485	95.0%	0.029	4.85295190788535	0.033	4.85295190788535	10.783132530120483	3580	3.154242387439726	4188.833890519956
chr5	151635001	151655000	chr5	151435001	151655000	220000	20000	22.863636363636363	98.0%	0.007	4.852458837224507	0.0075	4.852458837224507	22.863636363636363	4024	2.3640865901381853	1664.3169594572823
chr1	8300001	8320000	chr1	7970001	8320000	350000	20000	15.367857142857142	98.0%	0.019	4.829600159915823	0.0215	4.829600159915823	15.367857142857142	4303	3.8389784902622677	4299.65590909374
chr2	199975001	199995000	chr2	199975001	200585000	610000	20000	10.450819672131148	95.0%	0.0584999999999999	4.81671128657538	0.06	4.81671128657538	10.450819672131148	5100	3.534103640083296	6898.570305442594
chr8	125110001	125130000	chr8	125110001	125705000	595000	20000	9.027310924369749	95.0%	0.042	4.810917279699753	0.044	4.810917279699753	9.027310924369749	4297	3.47432504365426	6615.1148831177115
chr10	117160001	117180000	chr10	116620001	117180000	560000	20000	9.372767857142858	96.0%	0.028	4.805157886502271	0.028999999999999998	4.805157886502271	9.372767857142858	4199	3.2075197130006967	5747.875325697249
chr5	57285001	57305000	chr5	57285001	57885000	600000	20000	8.31875	95.0%	0.0175	4.798475814158874	0.0175	4.798475814158874	8.31875	3993	2.669084537326052	5124.64231166602
chr7	143720001	143740000	chr7	143720001	144175000	455000	20000	5.912087912087912	95.0%	0.01	4.79181674693687	0.011	4.79181674693687	5.912087912087912	2152	1.6599514492148384	2416.889310056805
chr5	58490001	58515000	chr5	58490001	58855000	365000	25000	14.049315068493147	98.0%	0.014	4.785190776034553	0.015	4.785190776034553	14.04931506849315	5128	2.7179261883261465	4960.215293695217
chrX	154590001	154610000	chrX	154590001	154860000	270000	20000	7.384615384615385	95.0%	0.064	4.77657789270023	0.068	4.77657789270023	7.111111111111111	1536	1.8154894374496484	1568.5828739564963
chr11	34575001	34595000	chr11	34575001	34905000	330000	20000	16.602272727272727	98.0%	0.027	4.762155020315185	0.0305	4.762155020315185	16.602272727272727	4383	3.6719922986348266	3877.6238673583766
chr12	62775001	62795000	chr12	62440001	62795000	355000	20000	15.742957746478874	97.0%	0.012	4.7570080098697565	0.013	4.7570080098697565	15.742957746478874	4471	2.5951044481562375	2948.038653105486
chr5	95650001	95670000	chr5	95650001	95790000	140000	20000	35.830357142857146	99.0%	0.0025	4.756741512325627	0.0025	4.756741512325627	35.830357142857146	4013	2.5361275217777832	1136.185129756447
chr11	10710001	10740000	chr11	10320001	10740000	420000	30000	13.678571428571429	96.0%	0.0175	4.745786341185516	0.02	4.745786341185516	13.678571428571429	6894	2.5785769835879817	7797.616798370056
chr11	8545001	8575000	chr11	8180001	8575000	395000	30000	18.4746835443038	96.0%	0.027	4.74438618030095	0.03	4.74438618030095	18.474683544303797	8757	3.397625925200703	9662.848131270799
chr9	113645001	113665000	chr9	113265001	113665000	400000	20000	13.00625	97.0%	0.019	4.741253517495966	0.021	4.741253517495966	13.00625	4162	3.1120613059084468	3983.438471562812
chr15	64040001	64070000	chr15	63785001	64070000	285000	30000	15.93859649122807	97.0%	0.032	4.728152548884741	0.034	4.728152548884741	15.93859649122807	5451	2.425977938713116	4978.106730239314
chr15	99055001	99085000	chr15	98425001	99085000	660000	30000	7.675505050505051	95.0%	0.059	4.722480633637642	0.058499999999999996	4.722480633637642	7.67550505050505	6079	3.147386791019992	14956.382030927003
chr8	23460001	23480000	chr8	23460001	23745000	285000	20000	18.105263157894736	98.0%	0.013	4.695342013190331	0.014	4.695342013190331	18.105263157894736	4128	2.921015537673542	2663.96617035827
chr12	31650001	31685000	chr12	31650001	32700000	1050000	35000	5.6000000000000005	97.0%	0.0335	4.67440892128012	0.035500000000000004	4.67440892128012	5.6	8232	3.1896195394218743	32821.185060651085
chr7	105750001	105770000	chr7	105750001	106050000	300000	20000	17.520833333333332	95.0%	0.0175	4.665829323568388	0.0185	4.665829323568388	17.520833333333332	4205	3.017284116230427	2896.59275158121
chr6	32465001	32485000	chr6	32465001	32590000	125000	20000	35.822916666666664	99.0%	0.001	4.637980993843222	0.001	4.637980993843222	34.39	3439	2.4987433132598738	999.4973253039495
chr1	26595001	26615000	chr1	26595001	26885000	290000	20000	17.112068965517242	95.0%	0.0235	4.590805196895957	0.026500000000000003	4.590805196895957	17.112068965517242	3970	2.846085280819033	2641.1671406000623
chr6	72400001	72420000	chr6	72400001	73335000	935000	20000	6.847593582887701	95.0%	0.064	4.582652974032586	0.066	4.582652974032586	6.847593582887701	5122	4.198282158488755	12561.260218198357
chr11	12315001	12335000	chr11	12315001	13205000	890000	20000	6.73314606741573	96.0%	0.025	4.580468462886452	0.0265	4.580468462886452	6.73314606741573	4794	3.434550030598878	9781.598487145604
chr2	65555001	65575000	chr2	64875001	65575000	700000	20000	11.978571428571428	96.0%	0.016	4.5587682669692695	0.0175	4.5587682669692695	11.978571428571428	6708	3.565508429821441	7986.738882800028
chr11	100675001	100695000	chr11	100675001	100860000	185000	20000	25.277027027027028	98.0%	0.01	4.551269707270687	0.011	4.551269707270687	25.277027027027028	3741	2.7938570753156	1653.9633885868352
chr11	86445001	86465000	chr11	86445001	86925000	480000	20000	12.708333333333334	97.0%	0.009	4.547490648778582	0.01	4.547490648778582	12.708333333333334	4880	3.335059605245494	5122.651553657079
chrX	118840001	118860000	chrX	118840001	119215000	375000	20000	7.26	95.0%	0.078	4.545658750872549	0.081	4.5456587508725494	7.26	2178	3.123395055069722	3748.0740660836664
chr3	154240001	154260000	chr3	153955001	154260000	305000	20000	18.85655737704918	96.0%	0.013	4.530795874941201	0.013	4.530795874941201	18.85655737704918	4601	2.526483675249126	2465.8480670431472
chr8	66595001	66615000	chr8	66445001	66615000	170000	20000	25.764705882352946	99.0%	0.004	4.519450562247482	0.005	4.519450562247482	25.764705882352942	3504	2.333031674817678	1269.1692311008167
chr9	109805001	109825000	chr9	109565001	109825000	260000	20000	19.88942307692308	96.0%	0.031	4.500158261847358	0.033	4.500158261847358	19.889423076923077	4137	3.2412560644269095	2696.725045603189
chr15	51370001	51395000	chr15	51145001	51395000	250000	25000	18.956	96.0%	0.0165	4.497858151380105	0.0175	4.497858151380105	18.956	4739	2.8089293066463386	3511.1616333079232
chr11	95830001	95850000	chr11	95830001	96435000	605000	20000	9.979338842975206	96.0%	0.024	4.486066185502146	0.025	4.486066185502146	9.979338842975206	4830	3.705880067077674	7174.583809862377
chr21	42105001	42125000	chr21	41760001	42125000	365000	20000	11.376712328767123	95.0%	0.027	4.485133558908875	0.029	4.485133558908875	11.376712328767123	3322	2.4201594338839447	2826.7462187764477
chr10	84250001	84270000	chr10	84250001	84555000	305000	20000	15.37704918032787	96.0%	0.01	4.484138988855903	0.01	4.484138988855903	15.37704918032787	3752	2.2398850404038253	2186.1277994341335
chr2	46440001	46460000	chr2	45990001	46460000	470000	20000	18.295212765957448	98.0%	0.023	4.474564302245728	0.025500000000000002	4.474564302245728	18.295212765957448	6879	3.4233910118045823	5148.780081754092
chr2	68455001	68485000	chr2	68455001	68930000	475000	30000	15.566666666666668	95.0%	0.02	4.453362256155859	0.021	4.453362256155859	15.566666666666666	8873	2.9722067935635517	10164.947233987346
chr17	19505001	19525000	chr17	19505001	19775000	270000	20000	16.22222222222222	97.0%	0.0204999999999999	4.445606025533864	0.022	4.445606025533864	16.22222222222222	3504	3.1405769299045194	2713.4584674375046
chr1	110190001	110210000	chr1	110190001	110505000	315000	20000	15.055555555555555	98.0%	0.02	4.435520176951664	0.022	4.435520176951664	15.055555555555555	3794	2.9466344674280935	2970.2075431675185
chr17	48335001	48355000	chr17	48335001	48605000	270000	20000	19.01851851851852	95.0%	0.015	4.434863348052066	0.016	4.434863348052066	19.01851851851852	4108	3.499349479619229	3023.4379503910136
chr10	24495001	24515000	chr10	24355001	24515000	160000	20000	28.296875	99.0%	0.006	4.425456037053616	0.006500000000000001	4.425456037053616	28.296875	3622	2.250678104270475	1152.3471893864833
chr9	112080001	112105000	chr9	112080001	112825000	745000	25000	7.565100671140939	98.0%	0.019	4.411410859196403	0.02	4.411410859196403	7.565100671140939	5636	3.3502952166006703	12479.849681837497
chr6	157305001	157325000	chr6	157305001	157795000	490000	20000	14.346938775510203	97.0%	0.01	4.4079182749449375	0.010499999999999999	4.4079182749449375	14.346938775510203	5624	2.436811324429448	3820.920156705374
chr7	55235001	55260000	chr7	54760001	55260000	500000	25000	10.744	95.0%	0.0185	4.398073878186482	0.02	4.398073878186482	10.744	5372	3.044327513087548	7610.81878271887
chr15	67290001	67310000	chr15	66895001	67310000	415000	20000	12.617469879518072	95.0%	0.044	4.396803660699724	0.047	4.396803660699724	12.617469879518072	4189	4.1606159878902345	5525.298031918232
chr5	135180001	135200000	chr5	134910001	135200000	290000	20000	18.004310344827587	97.0%	0.012	4.379936271130795	0.013499999999999998	4.379936271130795	18.004310344827587	4177	2.3932967091571964	2220.979346097878
chr8	27850001	27870000	chr8	27850001	28075000	225000	20000	19.33888888888889	98.0%	0.027	4.379347163660487	0.031	4.379347163660487	19.33888888888889	3481	2.344147077945412	1687.7858961206966
chr14	100640001	100660000	chr14	100375001	100660000	285000	20000	14.93421052631579	98.0%	0.034	4.376915948141395	0.037	4.376915948141395	14.93421052631579	3405	2.8134491764630267	2565.86564893428
chr17	71465001	71495000	chr17	71465001	72035000	570000	30000	9.369883040935672	95.0%	0.06	4.370563034441009	0.063	4.370563034441009	9.369883040935672	6409	3.0738139326648546	12614.932379656564
chr8	74330001	74350000	chr8	74070001	74350000	280000	20000	18.3125	98.0%	0.031	4.347698055933728	0.0335	4.347698055933728	18.3125	4102	2.8863786497350197	2586.195270162578
chr20	46750001	46770000	chr20	46750001	47195000	445000	20000	11.32865168539326	97.0%	0.098	4.347437056634872	0.104	4.347437056634872	11.32865168539326	4033	3.0703040217934796	4372.112927033915
chr9	115505001	115525000	chr9	115010001	115525000	515000	20000	11.021844660194176	98.0%	0.044	4.344134748887531	0.046	4.344134748887531	11.021844660194175	4541	3.7050812845017407	6105.973956858868
chr12	115370001	115405000	chr12	114610001	115405000	795000	35000	7.244384546271339	97.0%	0.055	4.339185466574222	0.059	4.339185466574222	7.2443845462713385	8063	3.1117207849758106	24243.41663574654
chr15	71420001	71440000	chr15	71100001	71440000	340000	20000	14.297794117647058	95.0%	0.0289999999999999	4.336345564515304	0.032	4.336345564515304	14.297794117647058	3889	3.2546512012857844	3541.0605069989333
chr18	46270001	46290000	chr18	46270001	46555000	285000	20000	16.75	96.0%	0.014	4.332632968405539	0.015	4.332632968405539	16.75	3819	2.2788938308761146	2078.3511737590165
chr9	97705001	97725000	chr9	97705001	97995000	290000	20000	17.40948275862069	98.0%	0.0295	4.329176816068332	0.033	4.329176816068332	17.40948275862069	4039	3.013186409879075	2796.2369883677816
chr21	38490001	38515000	chr21	38490001	39170000	680000	25000	7.517647058823529	95.0%	0.0895	4.297406997069347	0.096	4.297406997069347	7.517647058823529	5112	3.349827263894412	11389.412697241001
chr10	114690001	114710000	chr10	114455001	114710000	255000	20000	18.857843137254903	95.0%	0.016	4.297145861485049	0.017	4.297145861485049	18.857843137254903	3847	2.7881893124883668	2275.162478990507
chr15	101630001	101650000	chr15	101275001	101650000	375000	20000	12.246666666666666	95.0%	0.026	4.296399079726441	0.027	4.296399079726441	12.246666666666666	3674	3.770995248050753	4525.194297660903
chr22	22940001	22960000	chr22	22765001	22960000	195000	20000	19.96794871794872	95.0%	0.049	4.289513572847182	0.054	4.289513572847182	19.96794871794872	3115	2.6313940877851794	1641.989910777952
chr21	43185001	43205000	chr21	43185001	43705000	520000	20000	10.29109589041096	95.0%	0.0485	4.289178117322553	0.0495	4.289178117322553	7.2235576923076925	3005	1.8352960292307243	3053.932592639925
chr6	137630001	137650000	chr6	137060001	137650000	590000	20000	9.853813559322036	97.0%	0.0204999999999999	4.285825549352079	0.0215	4.285825549352079	9.853813559322035	4651	3.2101472027912545	6060.757918869888
chr3	30770001	30795000	chr3	30770001	31720000	950000	25000	6.809473684210526	97.0%	0.025	4.283382961886675	0.025	4.283382961886675	6.809473684210526	6469	3.2217684969184	15303.4003603624
chr7	121540001	121560000	chr7	121105001	121560000	455000	20000	11.928571428571429	95.0%	0.024	4.283033346076315	0.026	4.283033346076315	11.928571428571429	4342	3.1473692295418068	4582.569598212871
chr2	47305001	47325000	chr2	46880001	47325000	445000	20000	18.4747191011236	97.0%	0.038	4.269491263265169	0.042	4.269491263265169	18.474719101123597	6577	3.628932493230449	5167.59987036016
chr15	92085001	92110000	chr15	92085001	92725000	640000	25000	8.0578125	95.0%	0.0375	4.258368511103701	0.041	4.258368511103701	8.0578125	5157	2.8472825944256055	9111.304302161938
chr15	81245001	81265000	chr15	81090001	81265000	175000	20000	24.571428571428573	98.0%	0.024	4.2456320810103145	0.024	4.2456320810103145	24.571428571428573	3440	2.5793706543498174	1444.4475664358977
chr16	58470001	58490000	chr16	58285001	58490000	205000	20000	22.62804878048781	97.0%	0.031	4.219795558421479	0.033	4.219795558421479	22.628048780487806	3711	2.8373399153682723	1861.2949844815867
chr11	61170001	61190000	chr11	60760001	61190000	430000	20000	12.180232558139537	96.0%	0.011	4.208307586556636	0.012	4.208307586556636	12.180232558139535	4190	2.296269384158603	3159.666672602237
chr20	8700001	8725000	chr20	7920001	8725000	805000	25000	6.883229813664596	97.0%	0.059	4.20540934883982	0.063	4.20540934883982	6.883229813664596	5541	3.6270327302739274	14598.806739352558
chr11	94610001	94630000	chr11	94610001	95015000	405000	20000	13.484567901234568	95.0%	0.032	4.199917780009357	0.036	4.199917780009357	13.484567901234568	4369	2.7872195565506397	3612.236545289629
chr3	46355001	46385000	chr3	45860001	46385000	525000	30000	11.728571428571428	95.0%	0.017	4.198673793937201	0.016	4.198673793937201	11.728571428571428	7389	2.5477733354848033	9630.583208132557
chr8	80970001	81000000	chr8	80585001	81000000	415000	30000	13.353413654618471	95.0%	0.017	4.1961983935892295	0.018	4.1961983935892295	13.353413654618475	6650	2.893042807486398	8644.411908769358
chr1	18585001	18605000	chr1	18585001	18880000	295000	20000	15.423728813559322	97.0%	0.013	4.19453957135273	0.014	4.19453957135273	15.423728813559322	3640	2.41508531391441	2279.840536335203
chr7	103040001	103065000	chr7	102750001	103065000	315000	25000	16.933333333333334	95.0%	0.022	4.184984708320297	0.023	4.184984708320297	16.933333333333334	5334	2.7392169252549308	4314.266657276516
chr1	67745001	67770000	chr1	67520001	67770000	250000	25000	20.348	95.0%	0.0215	4.182108547897631	0.024	4.182108547897631	20.348	5087	3.2787147192052375	4098.393399006547
chr18	8970001	8990000	chr18	8640001	8990000	350000	20000	15.278571428571428	97.0%	0.015	4.156764632930441	0.0165	4.156764632930441	15.278571428571428	4278	3.0088767367513256	3369.9419451614845
chr7	97825001	97845000	chr7	97095001	97845000	750000	20000	7.303333333333334	98.0%	0.031	4.154691040040288	0.033	4.154691040040288	7.303333333333334	4382	3.3614154070328337	8067.396976878801
chr7	81445001	81465000	chr7	80685001	81465000	780000	20000	7.589743589743589	95.0%	0.0395	4.14628304322072	0.0405	4.14628304322072	7.589743589743589	4736	3.8333501119897333	9568.041879526374
chr11	4620001	4645000	chr11	4620001	5205000	585000	25000	13.42051282051282	96.0%	0.046	4.141329123764264	0.048	4.141329123764264	13.42051282051282	7851	4.076766450386693	11924.541867381078
chr7	95670001	95695000	chr7	95180001	95695000	515000	25000	11.09126213592233	95.0%	0.037	4.139729324369646	0.04	4.139729324369646	11.09126213592233	5712	2.4960590234559907	6427.351985399176
chr19	37885001	37910000	chr19	37885001	38240000	355000	25000	12.084507042253522	95.0%	0.028	4.135693507085081	0.03	4.135693507085081	12.084507042253522	4290	2.7339489718645487	4852.759425059574
chr7	92605001	92625000	chr7	92605001	93065000	460000	20000	12.048913043478262	95.0%	0.0225	4.133451701112765	0.0235	4.133451701112765	12.048913043478262	4434	3.0159562750305495	4439.487636844969
chr6	143570001	143595000	chr6	143570001	144025000	455000	25000	12.795604395604396	97.0%	0.035	4.12642475113935	0.037	4.12642475113935	12.795604395604396	5822	3.1649404987431105	7200.239634640576
chr19	46270001	46290000	chr19	46270001	46525000	255000	20000	15.941176470588236	95.0%	0.025	4.119433208020323	0.026	4.119433208020323	15.941176470588236	3252	2.6460539544512214	2159.1800268321967
chr4	119280001	119300000	chr4	118970001	119300000	330000	20000	15.867424242424242	97.0%	0.011	4.102536322695586	0.0125	4.102536322695586	15.867424242424242	4189	3.154686683213547	3331.3491374735054
chr18	6535001	6560000	chr18	6535001	6890000	355000	25000	13.929577464788732	98.0%	0.041	4.081072855550863	0.045	4.081072855550863	13.929577464788732	4945	2.9566390928508555	5248.034389810268
chr15	41165001	41195000	chr15	40905001	41195000	290000	30000	16.17528735632184	96.0%	0.0455	4.080804742947301	0.046	4.080804742947301	16.17528735632184	5629	2.933696490958337	6125.558273121008
chr6	52405001	52425000	chr6	52405001	52675000	270000	20000	18.03240740740741	96.0%	0.0185	4.077349592141307	0.0195	4.077349592141307	18.03240740740741	3895	3.0700488340827206	2652.5221926474705
chr10	112425001	112445000	chr10	112115001	112445000	330000	20000	16.041666666666668	97.0%	0.016	4.072385443274904	0.017	4.072385443274904	16.041666666666668	4235	2.500140955724315	2640.1488492448766
chr9	3730001	3750000	chr9	3730001	4370000	640000	20000	9.330078125	96.0%	0.0315	4.071505744143357	0.0335	4.071505744143357	9.330078125	4777	4.213156475911056	8628.544462665843
chr6	111705001	111725000	chr6	111705001	112045000	340000	20000	17.047794117647058	98.0%	0.035	4.065011111063703	0.036000000000000004	4.065011111063703	17.047794117647058	4637	3.6059909776694177	3923.3181837043267
chr6	47080001	47110000	chr6	47080001	47355000	275000	30000	19.793939393939397	97.0%	0.028	4.063657284634399	0.029	4.063657284634399	19.793939393939393	6532	2.644307753844062	5235.729352611243
chr9	105405001	105420000	chr9	104785001	105420000	635000	15000	8.910761154855644	97.0%	0.031	4.058448532977428	0.033	4.058448532977428	8.910761154855644	3395	4.094825907260567	4680.3860119988285
chr1	13225001	13245000	chr1	12690001	13245000	555000	20000	9.774193548387096	96.0%	0.028	4.054879197946981	0.03	4.054879197946981	8.18918918918919	3636	1.66917578852847	2964.4562004265626
chr6	137705001	137725000	chr6	137705001	137980000	275000	20000	21.75	99.0%	0.011	4.0487510895487295	0.012	4.0487510895487295	21.75	4785	3.4233378927373956	3012.5373456089083
chr14	96260001	96285000	chr14	95990001	96285000	295000	25000	16.335593220338986	95.0%	0.026	4.048360130524421	0.028	4.048360130524421	16.335593220338982	4819	2.9002052820231263	4277.802790984111
chr3	159610001	159630000	chr3	159610001	159815000	205000	20000	24.091463414634145	97.0%	0.012	4.048253044352464	0.013	4.048253044352464	24.091463414634145	3951	2.927158104454038	1920.2157165218487
chr2	98825001	98845000	chr2	98610001	98845000	235000	20000	21.22872340425532	98.0%	0.022	4.045679678550583	0.024	4.045679678550583	21.22872340425532	3991	2.6401832334881203	1985.4177915830664
chr1	21180001	21200000	chr1	20640001	21200000	560000	20000	9.345982142857142	95.0%	0.029	4.035655390754442	0.0325	4.035655390754442	9.345982142857142	4187	3.080367349431041	5520.0182901804255
chr1	224510001	224530000	chr1	224510001	224925000	415000	20000	13.536144578313252	95.0%	0.032	4.029131621037656	0.035	4.0291316210376555	13.536144578313253	4494	3.0359036130385553	4031.6799981152017
chr9	12705001	12725000	chr9	12705001	13105000	400000	20000	13.359375	95.0%	0.026	4.022564341122952	0.028999999999999998	4.022564341122952	13.359375	4275	4.253299067449314	5444.222806335121
chr1	203860001	203880000	chr1	203860001	204150000	290000	20000	17.073275862068964	97.0%	0.048	4.01454722600706	0.0525	4.01454722600706	17.073275862068964	3961	3.0981528584250797	2875.085852618474
chr2	70330001	70350000	chr2	70330001	70645000	315000	20000	24.285714285714285	98.0%	0.031	4.013127152841872	0.031	4.013127152841872	24.285714285714285	6120	3.804698476289063	3835.1360640993753
chr6	124860001	124880000	chr6	124860001	125350000	490000	20000	11.16326530612245	96.0%	0.0265	4.013011353792981	0.0275	4.013011353792981	11.16326530612245	4376	2.5788948074522353	4043.707058085105
chr3	64020001	64040000	chr3	64020001	64490000	470000	20000	11.47340425531915	95.0%	0.0275	4.012391513176947	0.0295	4.012391513176947	11.47340425531915	4314	2.8169180434967855	4236.644737419166
chr4	186930001	186950000	chr4	186650001	186950000	300000	20000	15.354166666666666	96.0%	0.006	4.00983244372609	0.006500000000000001	4.00983244372609	15.354166666666666	3685	2.3491221308275314	2255.15724559443
chr9	114290001	114310000	chr9	113670001	114310000	640000	20000	8.005859375	95.0%	0.0265	4.008766844585432	0.0275	4.008766844585432	8.005859375	4099	2.6748002183375807	5477.990847155365
chr15	60910001	60935000	chr15	60330001	60935000	605000	25000	9.09090909090909	95.0%	0.047	3.978278385549842	0.046	3.978278385549842	9.090909090909092	5500	3.7309338995673964	11286.075046191374
chr11	94495001	94515000	chr11	93870001	94515000	645000	20000	8.753875968992247	95.0%	0.032	3.97550517349874	0.035	3.9755051734987403	8.753875968992247	4517	3.4370766013963303	7094.1261052820255
chr11	86795001	86815000	chr11	86495001	86815000	320000	20000	16.23046875	98.0%	0.0095	3.971555934024499	0.0085	3.971555934024499	16.23046875	4155	2.722006789380708	2787.334952325845
chr16	21065001	21095000	chr16	20785001	21095000	310000	30000	15.446236559139784	98.0%	0.038	3.965820187057804	0.041999999999999996	3.965820187057804	15.446236559139784	5746	3.3677573703967703	7516.8344507255915
chr7	28910001	28930000	chr7	28910001	29420000	510000	20000	10.22549019607843	97.0%	0.0275	3.961091625015786	0.028	3.961091625015786	10.22549019607843	4172	3.117403925407467	5087.6032062649865
chr4	88195001	88220000	chr4	87875001	88220000	345000	25000	14.92463768115942	96.0%	0.031	3.960762747260085	0.034	3.9607627472600853	14.924637681159421	5149	2.2899273614238482	3950.1246984561385
chr19	42785001	42810000	chr19	42785001	42930000	145000	25000	21.89655172413793	98.0%	0.029	3.953771616395152	0.032	3.9537716163951524	21.896551724137932	3175	2.2572332686511962	1636.4941197721173
chr13	100500001	100520000	chr13	99920001	100520000	600000	20000	9.277083333333334	95.0%	0.017	3.950772117332725	0.019	3.950772117332725	9.277083333333334	4453	3.0468230194347625	5849.900197314744
chr22	31940001	31965000	chr22	31620001	31965000	345000	25000	12.852173913043478	95.0%	0.059	3.949405073687706	0.065	3.9494050736877067	12.852173913043478	4434	3.6727681468791777	6335.525053366581
chr14	90895001	90915000	chr14	90895001	91295000	400000	20000	13.165625	95.0%	0.0289999999999999	3.94613597757455	0.0315	3.94613597757455	13.165625	4213	3.237511835577309	4144.0151495389555
chr3	36685001	36705000	chr3	36005001	36705000	700000	20000	8.760714285714286	95.0%	0.014	3.939942202795466	0.0135	3.939942202795466	8.760714285714286	4906	2.7992853471218972	6270.39917755305
chr1	161365001	161385000	chr1	161175001	161385000	210000	20000	22.928571428571427	99.0%	0.0255	3.936672997531923	0.0275	3.936672997531923	22.928571428571427	3852	2.4637552568435077	1655.643532598837
chr14	50755001	50785000	chr14	50535001	50785000	250000	30000	20.09	95.0%	0.0834999999999999	3.9316931408098994	0.087	3.9316931408098994	20.09	6027	3.2288621946019695	5811.951950283546
chr3	63345001	63365000	chr3	63345001	64030000	685000	20000	8.66058394160584	95.0%	0.05	3.929374017541296	0.053	3.9293740175412957	8.66058394160584	4746	3.0264385770855693	6633.953360971568
chr1	47700001	47720000	chr1	47385001	47720000	335000	20000	15.507462686567164	97.0%	0.014	3.9221491411730183	0.017	3.9221491411730187	15.507462686567164	4156	3.010344964526255	3227.089801972146
chr8	94070001	94090000	chr8	94070001	94365000	295000	20000	18.79237288135593	98.0%	0.014	3.917355201763263	0.015	3.917355201763263	18.79237288135593	4435	3.3759353865747768	3186.8830049265894
chr10	34650001	34670000	chr10	34650001	35115000	465000	20000	10.798387096774194	97.0%	0.018	3.909573879629044	0.019	3.9095738796290442	10.798387096774194	4017	2.500543467429517	3720.808679535121
chr1	94320001	94335000	chr1	94015001	94335000	320000	15000	16.75	98.0%	0.0265	3.902621754942498	0.028499999999999998	3.9026217549424986	16.75	3216	3.8656542042852373	2226.616821668297
chr11	11770001	11790000	chr11	10760001	11790000	1030000	20000	6.435679611650485	95.0%	0.066	3.895036297145533	0.069	3.895036297145533	6.435679611650485	5303	4.219291975008868	13906.78634962923
chr9	20350001	20370000	chr9	20350001	20950000	600000	20000	9.59375	97.0%	0.034	3.8919388509448742	0.0365	3.8919388509448747	9.59375	4605	3.57689785937415	6867.643889998368
chr5	91390001	91425000	chr5	90795001	91425000	630000	35000	9.806122448979592	96.0%	0.01	3.884860502579072	0.01	3.8848605025790715	9.806122448979592	8649	3.2797966281880173	20249.46438243282
chr2	64315001	64345000	chr2	64315001	64650000	335000	30000	23.81592039800995	96.0%	0.009	3.884398998896068	0.01	3.8843989988960677	23.81592039800995	9574	2.8581453163368384	6893.8465030044545
chr7	86885001	86910000	chr7	86470001	86910000	440000	25000	12.172727272727274	97.0%	0.0195	3.872954569098477	0.020999999999999998	3.872954569098477	12.172727272727272	5356	2.329532285624913	5124.971028374808
chr7	86925001	86945000	chr7	86925001	87270000	345000	20000	14.702898550724637	95.0%	0.027	3.871890227614977	0.027	3.871890227614977	14.702898550724637	4058	2.7080990025517098	2989.7412988170877
chr3	69680001	69710000	chr3	69680001	69950000	270000	30000	20.367283950617285	97.0%	0.0115	3.867654460005571	0.0125	3.867654460005571	20.367283950617285	6599	2.45915832168882	4780.603777363066
chr9	69040001	69060000	chr9	69040001	69360000	320000	20000	15.640625	96.0%	0.0175	3.855774305374378	0.018500000000000003	3.855774305374378	15.640625	4004	2.7716144952536497	2838.1332431397373
chr17	49015001	49035000	chr17	48875001	49035000	160000	20000	26.3515625	98.0%	0.0135	3.8554449185750617	0.014	3.8554449185750617	26.3515625	3373	2.219994180463278	1136.6370203971983
chr1	46715001	46740000	chr1	46425001	46740000	315000	25000	15.098412698412698	96.0%	0.014	3.8490600055039934	0.015	3.8490600055039934	15.098412698412698	4756	2.1547012437937116	3393.654458975096
chr5	58450001	58470000	chr5	57295001	58470000	1175000	20000	5.139957264957265	96.0%	0.082	3.841572745486429	0.084	3.841572745486429	5.118085106382979	4811	4.525724491442428	17016.72408782353
chr4	77580001	77615000	chr4	77360001	77615000	255000	35000	21.714285714285715	97.0%	0.011	3.840466646782122	0.013	3.840466646782122	21.714285714285715	7752	2.6081668736846857	6517.80901733803
chr4	76510001	76535000	chr4	76510001	76745000	235000	25000	23.174468085106383	98.0%	0.016	3.8352039633048376	0.017	3.8352039633048376	23.174468085106383	5446	2.623093606497329	3082.134987634362
chr15	57845001	57865000	chr15	57615001	57865000	250000	20000	19.78	95.0%	0.027	3.815980227254763	0.0295	3.815980227254763	19.78	3956	2.4772343822083913	1981.787505766713
chr13	74275001	74295000	chr13	73720001	74295000	575000	20000	9.956521739130435	95.0%	0.044	3.812428904573949	0.046	3.8124289045739492	9.956521739130435	4580	3.460198453270647	6366.76515401799
chr14	68250001	68265000	chr14	68250001	68825000	575000	15000	10.446376811594202	97.0%	0.027	3.809420442211001	0.03	3.809420442211001	10.446376811594202	3604	4.010360404966632	4150.723019140464
chr5	134275001	134295000	chr5	134030001	134295000	265000	20000	20.02358490566038	95.0%	0.015	3.806159040331067	0.017	3.806159040331067	20.02358490566038	4245	2.189024509099678	1856.2927837165269
chr9	90910001	90930000	chr9	90910001	91660000	750000	20000	7.416666666666667	95.0%	0.041	3.80338619363482	0.042499999999999996	3.80338619363482	7.416666666666667	4450	3.225938981253878	7742.253555009307
chr16	75750001	75770000	chr16	75390001	75770000	380000	20000	11.776315789473683	95.0%	0.0255	3.7992880854983135	0.027	3.7992880854983135	11.776315789473685	3580	2.2739186593052407	2765.0850897151727
chr8	93950001	93970000	chr8	93675001	93970000	295000	20000	18.088983050847457	97.0%	0.008	3.792598982428862	0.008	3.792598982428862	18.088983050847457	4269	3.2659470247976756	3083.053991409006
chr8	6415001	6435000	chr8	6415001	6795000	380000	20000	13.654605263157896	96.0%	0.0315	3.789742278941061	0.035	3.789742278941061	13.654605263157896	4151	2.6554297738917367	3229.002605052352
chr14	68225001	68245000	chr14	67935001	68245000	310000	20000	16.907258064516128	96.0%	0.0315	3.780109954313257	0.034	3.780109954313257	16.907258064516128	4193	3.2362843832416304	3210.3941081756975
chr5	159975001	159995000	chr5	159270001	159995000	725000	20000	8.277586206896551	95.0%	0.055	3.774939360651213	0.059	3.774939360651213	8.277586206896551	4801	3.5230857893305405	8173.559031246854
chr21	41605001	41625000	chr21	41605001	41820000	215000	20000	20.40116279069768	96.0%	0.018	3.773862084066371	0.02	3.773862084066371	20.401162790697676	3509	3.1285474054717595	2152.4406149645706
chr9	114990001	115025000	chr9	114400001	115025000	625000	35000	9.689142857142857	95.0%	0.049	3.772573444448458	0.052	3.772573444448458	9.689142857142857	8478	3.0171781505536277	18480.21617214097
chr18	74325001	74345000	chr18	74030001	74345000	315000	20000	16.07936507936508	95.0%	0.025	3.7591382030432894	0.026	3.7591382030432894	16.07936507936508	4052	2.3798761104654798	2398.9151193492035
chr2	41845001	41875000	chr2	41845001	42490000	645000	30000	14.036175710594314	95.0%	0.028	3.758092172933431	0.029	3.7580921729334307	14.036175710594316	10864	3.353547347815555	15573.873883255437
chr5	46420001	46435000	chr5	46420001	46555000	135000	15000	43.7962962962963	97.0%	0.003	3.753574915354545	0.004	3.753574915354545	29.19753086419753	2365	1.4113809708196177	342.9655759091671
chr3	32170001	32190000	chr3	32170001	32510000	340000	20000	15.408088235294118	96.0%	0.0115	3.749397139408343	0.012	3.749397139408343	15.408088235294118	4191	2.213566136757671	2408.359956792346
chr12	79400001	79425000	chr12	79400001	80280000	880000	25000	6.963636363636364	97.0%	0.037	3.727392635163703	0.0395	3.727392635163703	6.963636363636364	6128	3.5039846439327573	15417.532433304132
chr3	149465001	149490000	chr3	149305001	149490000	185000	25000	28.54054054054054	98.0%	0.003	3.724493196149586	0.004	3.7244931961495866	28.54054054054054	5280	2.418943062270036	2237.522332599783
chr6	113975001	114000000	chr6	113975001	114315000	340000	25000	15.22058823529412	98.0%	0.0175	3.698185041870908	0.0185	3.6981850418709077	15.220588235294118	5175	2.3173810339666234	3939.54775774326
chr13	94345001	94365000	chr13	93060001	94365000	1305000	20000	4.7940613026819925	95.0%	0.044	3.6899419850074655	0.046	3.6899419850074655	4.7940613026819925	5005	4.0722252538433255	17005.612660049726
chr7	51350001	51370000	chr7	51155001	51370000	215000	20000	23.377906976744185	96.0%	0.026	3.680988825852527	0.028	3.680988825852527	23.377906976744185	4021	2.3842440290086846	1640.359891957975
chr10	93905001	93925000	chr10	93905001	94465000	560000	20000	10.337053571428571	95.0%	0.061	3.674048997434124	0.064	3.674048997434124	10.337053571428571	4631	3.2157064628658225	5762.545981455554
chr6	56345001	56370000	chr6	56345001	56720000	375000	25000	15.509333333333334	98.0%	0.046	3.665479583582368	0.049	3.665479583582368	15.509333333333334	5816	3.11568429809066	5841.9080589199875
chr11	13945001	13975000	chr11	13945001	14255000	310000	30000	17.274193548387096	95.0%	0.0155	3.658419386890376	0.016	3.6584193868903756	17.274193548387096	6426	2.5813716247731127	5761.621466493588
chr2	85275001	85300000	chr2	84925001	85300000	375000	25000	14.634666666666666	97.0%	0.023	3.656480320673413	0.024	3.6564803206734124	14.634666666666666	5488	2.455449830393611	4603.968431988021
chr8	38700001	38725000	chr8	38185001	38725000	540000	25000	10.466666666666669	97.0%	0.018	3.635935662540839	0.0195	3.635935662540839	10.466666666666667	5652	2.9233017867348057	7892.914824183975
chr3	69290001	69310000	chr3	69110001	69310000	200000	20000	25.575	98.0%	0.019	3.6232228373889415	0.020999999999999998	3.6232228373889415	25.575	4092	2.6742791129127594	1711.5386322641662
chr12	69895001	69915000	chr12	69895001	70445000	550000	20000	10.413636363636364	95.0%	0.0295	3.622740076531392	0.03	3.6227400765313917	10.413636363636364	4582	2.6871450623866218	4729.3753098004545
chr14	22365001	22385000	chr14	22095001	22385000	290000	20000	16.99137931034483	97.0%	0.0204999999999999	3.616670065293989	0.023	3.6166700652939894	16.99137931034483	3942	2.677286214388621	2484.5216069526405
chr4	169465001	169495000	chr4	168575001	169495000	920000	30000	7.004528985507246	96.0%	0.0335	3.616174844342927	0.035500000000000004	3.616174844342927	7.004528985507246	7733	3.200225449290943	21198.293376103207
chr11	129315001	129335000	chr11	128945001	129335000	390000	20000	14.724358974358974	96.0%	0.037	3.614186344228739	0.04	3.614186344228739	14.724358974358974	4594	2.7826941280937993	3472.802271861062
chr19	54015001	54035000	chr19	53750001	54035000	285000	20000	13.969298245614034	97.0%	0.017	3.612774063552816	0.018	3.6127740635528154	13.969298245614034	3185	2.85886902247454	2607.2885484967805
chr3	196500001	196525000	chr3	196000001	196525000	525000	25000	10.588571428571427	95.0%	0.035	3.611780049626583	0.037	3.611780049626583	10.588571428571429	5559	2.753999354158559	7229.248304666216
chr16	4945001	4965000	chr16	4675001	4965000	290000	20000	14.051724137931034	98.0%	0.031	3.6106696363406696	0.0335	3.6106696363406696	14.051724137931034	3260	2.4188474175613113	2244.690403496897
chr17	55505001	55525000	chr17	55215001	55525000	310000	20000	12.431451612903226	96.0%	0.018	3.60720687637267	0.0195	3.60720687637267	12.431451612903226	3083	2.2998551588910945	2281.456317619966
chr12	58335001	58355000	chr12	58335001	59160000	825000	20000	7.039393939393939	95.0%	0.035	3.598246676185101	0.037	3.598246676185101	7.039393939393939	4646	3.0409279425497897	8028.049768331444
chr18	35390001	35425000	chr18	35390001	35705000	315000	35000	15.34467120181406	98.0%	0.029	3.5853524003266326	0.031	3.5853524003266326	15.344671201814059	6767	2.2798450733810425	7037.881741527279
chr1	212465001	212485000	chr1	212465001	212790000	325000	20000	14.065384615384616	95.0%	0.017	3.582219049157102	0.018	3.582219049157102	14.065384615384616	3657	2.3310207847751414	2424.261616166147
chr16	75375001	75395000	chr16	75200001	75395000	195000	20000	24.993589743589745	98.0%	0.005	3.5721302705720763	0.005	3.5721302705720763	24.993589743589745	3899	3.4060593431911426	2125.381030151273
chr12	8205001	8235000	chr12	8000001	8235000	235000	30000	26.41843971631205	97.0%	0.019	3.5682226492251736	0.022	3.5682226492251736	26.418439716312058	7450	1.676853791182624	2837.236614681
chr5	142870001	142890000	chr5	142600001	142890000	290000	20000	20.48275862068965	95.0%	0.0284999999999999	3.566445350935714	0.0305	3.566445350935714	20.482758620689655	4752	3.144228849891016	2917.8443726988626
chr2	68425001	68445000	chr2	68085001	68445000	360000	20000	20.58333333333333	96.0%	0.025	3.5639553475992467	0.0275	3.5639553475992467	20.583333333333332	5928	2.440707857759943	2811.695452139454
chr17	18020001	18040000	chr17	17855001	18040000	185000	20000	23.324324324324323	96.0%	0.005	3.560113593349589	0.006	3.560113593349589	23.324324324324323	3452	2.4615229664305227	1457.2215961268694
chr19	46075001	46100000	chr19	46075001	46270000	195000	25000	23.953846153846158	95.0%	0.014	3.5469920977175424	0.016	3.5469920977175424	23.953846153846154	4671	3.4848132278914226	3397.692897194137
chrX	31035001	31055000	chrX	31035001	31660000	625000	20000	4.808	97.0%	0.079	3.5349541365613115	0.082	3.5349541365613115	4.808	2404	3.6099154259106747	7219.83085182135
chr8	29300001	29320000	chr8	29125001	29320000	195000	20000	23.185897435897434	98.0%	0.027	3.520711279412863	0.029	3.520711279412863	23.185897435897434	3617	2.1743578293704275	1356.7992855271468
chr1	89970001	89990000	chr1	89775001	89990000	215000	20000	21.91860465116279	97.0%	0.03	3.5196905696691383	0.031	3.5196905696691383	21.91860465116279	3770	2.847364031420421	1958.9864536172497
chr2	57485001	57505000	chr2	56885001	57505000	620000	20000	14.048387096774194	96.0%	0.0165	3.517131314699592	0.018	3.5171313146995917	14.048387096774194	6968	3.449060075465808	6842.935189724163
chr8	102810001	102830000	chr8	102170001	102830000	660000	20000	7.609848484848484	95.0%	0.016	3.514548996815122	0.016	3.514548996815122	7.609848484848484	4018	2.4387800964928426	5150.703563792884
chr12	127100001	127120000	chr12	127100001	127390000	290000	20000	16.5	95.0%	0.0275	3.5143623058147835	0.0275	3.5143623058147835	16.5	3828	2.3731577129330788	2202.290357601897
chr2	207750001	207770000	chr2	207750001	208125000	375000	20000	14.726666666666668	95.0%	0.015	3.4996966745722102	0.016	3.4996966745722102	14.726666666666667	4418	2.8603511363670275	3432.421363640433
chr4	42560001	42585000	chr4	42560001	42880000	320000	25000	15.903125	96.0%	0.016	3.487299815867263	0.0165	3.487299815867263	15.903125	5089	2.598359798904875	4157.3756782478
chr2	46875001	46900000	chr2	45970001	46900000	930000	25000	9.395698924731182	96.0%	0.0205	3.4861119909691247	0.022	3.4861119909691247	9.395698924731184	8738	2.8224930196080384	13124.592541177379
chr2	158735001	158765000	chr2	157735001	158765000	1030000	30000	6.4870550161812295	95.0%	0.0355	3.4854052998071965	0.035500000000000004	3.4854052998071965	6.4870550161812295	8018	3.1156282031591114	23105.49875462797
chr8	61005001	61030000	chr8	60615001	61030000	415000	25000	13.975903614457833	96.0%	0.017	3.479544226517512	0.02	3.4795442265175116	13.975903614457831	5800	2.8824065007548234	5980.993489066259
chr7	92810001	92835000	chr7	92610001	92835000	225000	25000	23.946666666666665	97.0%	0.015	3.4757434488290846	0.016	3.4757434488290846	23.946666666666665	5388	2.736145627525313	3078.1638309659775
chr8	23845001	23865000	chr8	23845001	24230000	385000	20000	14.50974025974026	96.0%	0.032	3.472829083881116	0.036	3.4728290838811158	14.50974025974026	4469	2.921757889780855	3599.6057202100137
chr4	74515001	74540000	chr4	74310001	74540000	230000	25000	22.734782608695653	96.0%	0.0139999999999999	3.4716542164792807	0.015	3.4716542164792807	22.734782608695653	5229	2.441991406424004	2808.290117387605
chr11	130105001	130140000	chr11	129775001	130140000	365000	35000	16.512720156555773	95.0%	0.057	3.471570125478864	0.059	3.471570125478864	16.512720156555773	8438	2.553728251576341	9134.685955888572
chr2	58435001	58460000	chr2	57750001	58460000	710000	25000	12.6056338028169	95.0%	0.038	3.4696686745913707	0.039	3.4696686745913707	12.605633802816902	8950	4.393463472394177	15596.795326999327
chr14	69075001	69110000	chr14	68845001	69110000	265000	35000	19.28032345013477	96.0%	0.021	3.469665036161613	0.024	3.469665036161613	19.28032345013477	7153	2.9106206841478848	7558.881916732056
chr15	44210001	44225000	chr15	43875001	44225000	350000	15000	13.45238095238095	97.0%	0.028	3.468974782531083	0.0315	3.468974782531083	13.452380952380953	2825	3.6456050579676678	2296.7311865196307
chr5	127750001	127770000	chr5	127750001	128205000	455000	20000	12.57967032967033	95.0%	0.025	3.4624575148877974	0.028	3.4624575148877974	12.57967032967033	4579	2.791959011878916	4065.0923212957014
chr11	82900001	82920000	chr11	82900001	83295000	395000	20000	13.037974683544304	95.0%	0.03	3.4604663501356474	0.034	3.4604663501356474	13.037974683544304	4120	2.591181718259012	3275.253691879391
chr12	103530001	103550000	chr12	102870001	103550000	680000	20000	9.272058823529411	95.0%	0.028	3.438372031884065	0.029	3.438372031884065	9.272058823529411	5044	3.4141623896550084	7429.217359889299
chr12	47015001	47040000	chr12	47015001	47700000	685000	25000	10.908029197080293	95.0%	0.037	3.435214693249077	0.039	3.4352146932490775	10.908029197080293	7472	3.4822694482160848	11926.77286014009
chr13	97100001	97135000	chr13	97100001	97355000	255000	35000	20.48179271708684	97.0%	0.018	3.4337582096914567	0.02	3.4337582096914567	20.481792717086833	7312	2.7549999046898526	6884.744761819941
chr6	42025001	42045000	chr6	41775001	42045000	270000	20000	17.625	97.0%	0.0165	3.4322496647877867	0.018000000000000002	3.4322496647877867	17.625	3807	2.15440965043677	1861.4099379773693
chr17	36620001	36640000	chr17	36620001	37245000	625000	20000	8.338	95.0%	0.039	3.430476159379711	0.042	3.430476159379711	8.338	4169	3.3984908057539354	6796.981611507871
chr6	35785001	35800000	chr6	35785001	36015000	230000	15000	33.427536231884055	97.0%	0.024	3.4266933569769003	0.026	3.4266933569769003	33.427536231884055	4613	1.9551809160900229	809.4448992612695
chr2	28950001	28970000	chr2	28950001	29320000	370000	20000	14.179054054054054	97.0%	0.0265	3.4211682926474274	0.0305	3.4211682926474274	14.179054054054054	4197	2.5618991016014547	3033.2885362961224
chr3	39275001	39300000	chr3	39005001	39300000	295000	25000	17.427118644067797	95.0%	0.014	3.41736711126059	0.015	3.41736711126059	17.427118644067797	5141	2.249835709805074	3318.507671962484
chr6	106335001	106355000	chr6	106335001	106700000	365000	20000	14.157534246575343	95.0%	0.018	3.416683816379546	0.02	3.416683816379546	14.157534246575343	4134	2.2446660857147234	2621.769988114797
chr18	70195001	70215000	chr18	70195001	70450000	255000	20000	18.57843137254902	98.0%	0.015	3.4137644069742024	0.016	3.4137644069742024	18.57843137254902	3790	2.852685826594596	2327.7916345011904
chr5	36405001	36425000	chr5	36405001	36705000	300000	20000	16.833333333333332	97.0%	0.0295	3.410992474016453	0.0335	3.410992474016453	16.833333333333332	4040	2.663231507320396	2556.70224702758
chr1	233780001	233800000	chr1	233355001	233800000	445000	20000	11.780898876404494	96.0%	0.035	3.401779745272244	0.039	3.4017797452722434	11.780898876404494	4194	3.163891088680039	4505.380910280375
chr14	22550001	22570000	chr14	22550001	22905000	355000	20000	13.183098591549296	96.0%	0.017	3.40136212337582	0.019	3.4013621233758196	13.183098591549296	3744	2.9076293748924136	3303.066969877782
chr9	126765001	126785000	chr9	126490001	126785000	295000	20000	16.097457627118644	96.0%	0.022	3.396295184616513	0.024	3.3962951846165135	16.097457627118644	3799	2.0942268506067814	1976.9501469728018
chr2	176130001	176150000	chr2	176130001	176650000	520000	20000	10.850961538461538	95.0%	0.0695	3.3950577579832624	0.07100000000000001	3.3950577579832624	10.850961538461538	4514	3.220671975185347	5359.198166708417
chr6	12290001	12310000	chr6	12290001	12595000	305000	20000	17.41393442622951	97.0%	0.027	3.3870338251429613	0.031	3.3870338251429613	17.41393442622951	4249	2.4014552284562076	2343.8203029732585
chr8	109340001	109360000	chr8	109340001	110045000	705000	20000	8.47872340425532	97.0%	0.039	3.3777653882021763	0.042	3.3777653882021763	8.47872340425532	4782	2.840164947430203	6407.412121402538
chr7	26640001	26675000	chr7	26060001	26675000	615000	35000	9.567915690866512	95.0%	0.025	3.371601436114882	0.025	3.371601436114882	9.490127758420442	8171	2.5479362320118057	15356.411670335154
chr17	45635001	45655000	chr17	45635001	45870000	235000	20000	20.3936170212766	96.0%	0.033	3.370918353759724	0.036	3.370918353759724	20.393617021276597	3834	2.813379627187803	2115.6614796452277
chr11	59790001	59810000	chr11	59520001	59810000	290000	20000	18.69396551724138	97.0%	0.0185	3.3675100132944595	0.0205	3.3675100132944595	18.69396551724138	4337	2.0848442109339214	1934.7354277466789
chr1	241515001	241545000	chr1	241515001	242025000	510000	30000	11.09313725490196	95.0%	0.0215	3.360850968714112	0.0235	3.360850968714112	11.093137254901961	6789	2.7574324557755028	10125.291977607647
chr22	40655001	40690000	chr22	40655001	40905000	250000	35000	17.845714285714287	95.0%	0.056	3.360046732182602	0.0605	3.3600467321826026	17.845714285714287	6246	3.1948015462060777	7827.26378820489
chr8	8745001	8775000	chr8	8745001	9060000	315000	30000	15.687830687830688	98.0%	0.088	3.356280316670984	0.096	3.356280316670984	15.687830687830688	5930	2.333103056990244	5291.477733253873
chr2	63680001	63700000	chr2	63680001	63905000	225000	20000	29.655555555555555	98.0%	0.054	3.350403192994085	0.06	3.350403192994085	29.655555555555555	5338	3.2480421914575928	2338.5903778494667
chr11	83795001	83825000	chr11	82705001	83825000	1120000	30000	5.576636904761905	96.0%	0.091	3.330124695347745	0.096	3.330124695347745	5.576636904761905	7495	3.736161219129208	30128.404071057936
chr15	77110001	77130000	chr15	77110001	77540000	430000	20000	12.21220930232558	97.0%	0.051	3.3145315245000586	0.056	3.3145315245000586	12.212209302325581	4201	3.8287178577082868	5268.315772206603
chr20	50445001	50465000	chr20	50185001	50465000	280000	20000	16.517857142857142	96.0%	0.023	3.3092934427433613	0.024	3.3092934427433613	16.517857142857142	3700	2.611805504956325	2340.177732440867
chr20	24985001	25005000	chr20	24985001	25310000	325000	20000	12.853846153846154	96.0%	0.028	3.303992230339116	0.03	3.303992230339116	12.853846153846154	3342	2.1457358976784953	2231.565333585635
chr20	57320001	57340000	chr20	57075001	57340000	265000	20000	16.42924528301887	97.0%	0.014	3.3011039292779354	0.016	3.3011039292779354	16.42924528301887	3483	2.941029318917512	2493.99286244205
chr5	14995001	15020000	chr5	14680001	15020000	340000	25000	14.691176470588236	97.0%	0.0365	3.300718049699685	0.039999999999999994	3.300718049699685	14.691176470588236	4995	2.730174373214732	4641.2964344650445
chr7	47805001	47825000	chr7	47420001	47825000	405000	20000	13.049382716049385	95.0%	0.022	3.299858707239878	0.024	3.299858707239878	13.049382716049383	4228	2.5446505394099965	3297.8670990753553
chr21	38730001	38750000	chr21	38730001	39145000	415000	20000	11.734939759036145	95.0%	0.037	3.2994231287981304	0.041	3.2994231287981304	11.734939759036145	3896	3.7509257180068905	4981.22935351315
chr2	217770001	217795000	chr2	217770001	218070000	300000	25000	16.436666666666667	96.0%	0.01	3.29511109629894	0.011	3.29511109629894	16.436666666666667	4931	2.0339670100766876	3050.9505151150315
chr10	60020001	60045000	chr10	59800001	60045000	245000	25000	20.66530612244898	99.0%	0.015	3.292503048165431	0.017	3.292503048165431	20.66530612244898	5063	2.4800783036640617	3038.0959219884753
chr1	93800001	93820000	chr1	93600001	93820000	220000	20000	22.71590909090909	97.0%	0.0175	3.291955833035572	0.019	3.2919558330355714	22.71590909090909	3998	3.1514083550326486	2218.5914819429845
chr17	45370001	45390000	chr17	45215001	45390000	175000	20000	25.307142857142857	95.0%	0.005	3.281917397537594	0.006	3.281917397537594	25.307142857142857	3543	2.638311746155113	1477.4545778468632
chr5	34880001	34905000	chr5	34470001	34905000	435000	25000	12.648275862068964	98.0%	0.049	3.28161226654564	0.054	3.28161226654564	12.648275862068965	5502	3.1188100104576284	6783.411772745341
chr13	44040001	44055000	chr13	44040001	44455000	415000	15000	11.751004016064256	98.0%	0.035	3.276808502308931	0.037	3.276808502308931	11.751004016064257	2926	3.484036038113752	2602.5749204709728
chr1	167060001	167080000	chr1	167060001	167445000	385000	20000	13.775974025974026	95.0%	0.026	3.2745709251129416	0.028	3.2745709251129416	13.775974025974026	4243	2.52951280861878	3116.3597802183367
chr2	19360001	19385000	chr2	19360001	19870000	510000	25000	10.93921568627451	98.0%	0.035	3.272094372515865	0.036500000000000005	3.272094372515865	10.93921568627451	5579	2.6319614950365358	6711.501812343166
chr15	91050001	91070000	chr15	91050001	91280000	230000	20000	20.195652173913043	97.0%	0.092	3.269477301662784	0.098	3.269477301662784	20.195652173913043	3716	3.4275287518259447	2522.6611613438954
chr9	70630001	70665000	chr9	70630001	71035000	405000	35000	12.653333333333334	95.0%	0.046	3.266755267324154	0.048	3.266755267324154	11.716049382716049	6643	2.17499176927005	8632.542332232828
chr17	43305001	43330000	chr17	42945001	43330000	385000	25000	8.673239436619719	97.0%	0.025	3.260987126677521	0.026	3.2609871266775214	7.997402597402598	3079	1.3021311446902495	2506.60245352873
chr5	13970001	13995000	chr5	13970001	14410000	440000	25000	10.90681818181818	96.0%	0.04	3.2547784500447	0.0415	3.2547784500447	10.906818181818181	4799	2.473022198194695	5440.648836028329
chr5	141690001	141710000	chr5	141690001	141955000	265000	20000	20.150943396226417	98.0%	0.025	3.2544669425292225	0.027	3.2544669425292225	20.150943396226417	4272	2.532390937526603	2147.4675150225594
chr14	60545001	60565000	chr14	60180001	60565000	385000	20000	13.155844155844155	95.0%	0.043	3.252968277378974	0.045	3.252968277378974	13.155844155844155	4052	2.8534843480277354	3515.4927167701703
chr7	83395001	83420000	chr7	83395001	83930000	535000	25000	9.994392523364484	96.0%	0.025	3.251628585364903	0.027	3.251628585364903	9.994392523364485	5347	2.9166658753563737	7802.081216578299
chr14	61460001	61480000	chr14	61460001	61750000	290000	20000	16.83189655172414	98.0%	0.054	3.25134639478636	0.057999999999999996	3.25134639478636	16.83189655172414	3905	3.3815398365534617	3138.0689683216124
chr11	113305001	113320000	chr11	113305001	113800000	495000	15000	10.545454545454543	97.0%	0.026	3.2471909004185053	0.027	3.2471909004185053	10.545454545454545	3132	2.740913274335653	2442.1537274330667
chr4	123645001	123670000	chr4	123345001	123670000	325000	25000	16.10153846153846	97.0%	0.029	3.2396236050403315	0.03	3.2396236050403315	16.10153846153846	5233	2.557132960911926	4155.34106148188
chr3	156140001	156165000	chr3	156140001	157240000	1100000	25000	6.286363636363637	95.0%	0.0245	3.238021941569647	0.025	3.238021941569647	6.286363636363636	6915	3.6244513762375385	19934.482569306463
chr19	51645001	51665000	chr19	51390001	51665000	275000	20000	14.627272727272729	95.0%	0.052	3.237623449320909	0.056	3.237623449320909	14.627272727272727	3218	2.9792112651227662	2621.7059133080343
chr5	92305001	92330000	chr5	92305001	93130000	825000	25000	7.004848484848485	96.0%	0.027	3.234550430559373	0.029	3.234550430559373	7.004848484848485	5779	2.6622983014736654	10981.98049357887
chr3	168020001	168045000	chr3	167880001	168045000	165000	25000	30.206060606060607	96.0%	0.019	3.2208549391345707	0.022	3.2208549391345707	30.206060606060607	4984	2.4365549537748037	2010.1578368642129
chr7	111750001	111770000	chr7	111750001	112455000	705000	20000	8.205673758865249	95.0%	0.046	3.2193128163768976	0.047	3.2193128163768976	8.205673758865249	4628	3.4896303259014	7872.6060152335585
chr16	56690001	56710000	chr16	56505001	56710000	205000	20000	22.091463414634145	97.0%	0.029	3.2163442642249085	0.031	3.2163442642249085	22.091463414634145	3623	2.858532202758221	1875.197125009393
chr4	41205001	41225000	chr4	40890001	41225000	335000	20000	14.436567164179104	95.0%	0.031	3.2057625066562303	0.033	3.2057625066562303	14.436567164179104	3869	2.8631372350815067	3069.283116007375
chr15	38805001	38825000	chr15	38805001	39200000	395000	20000	12.066455696202532	95.0%	0.058	3.195752531788708	0.06	3.195752531788708	12.066455696202532	3813	3.1822630170515707	4022.3804535531854
chr5	38180001	38200000	chr5	37395001	38200000	805000	20000	6.919254658385094	95.0%	0.019	3.192827107263532	0.021	3.192827107263532	6.919254658385094	4456	2.7449198508637784	7070.913535825093
chr8	80235001	80255000	chr8	80235001	80690000	455000	20000	10.785714285714286	95.0%	0.044	3.1920862763855475	0.046	3.1920862763855475	10.785714285714286	3926	2.4577085308524667	3578.4236209211917
chr13	42105001	42125000	chr13	41355001	42125000	770000	20000	7.051948051948052	96.0%	0.033	3.1865722721549345	0.0345	3.1865722721549345	7.0519480519480515	4344	3.2822015033285887	8087.344504201643
chr11	124655001	124675000	chr11	124655001	124865000	210000	20000	23.535714285714285	99.0%	0.0075	3.1844374268951605	0.008	3.1844374268951605	23.535714285714285	3954	2.7426542490295795	1843.0636553478776
chrX	154295001	154325000	chrX	153975001	154325000	350000	30000	8.00314465408805	95.0%	0.0955	3.1827121023719007	0.0985	3.1827121023719007	6.059523809523809	2545	1.239516999379736	3123.5828384369343
chr4	68485001	68505000	chr4	68485001	69345000	860000	20000	6.638081395348837	97.0%	0.0565	3.1715244301437724	0.0575	3.1715244301437724	6.638081395348837	4567	3.523422888735404	9696.459789799832
chr11	74430001	74450000	chr11	74240001	74450000	210000	20000	23.732142857142858	95.0%	0.0209999999999999	3.169947067587834	0.023	3.169947067587834	23.732142857142858	3987	2.0346996566532547	1367.3181692709873
chr2	172700001	172725000	chr2	172465001	172725000	260000	25000	19.173076923076923	96.0%	0.012	3.168123577136759	0.0135	3.168123577136759	19.173076923076923	4985	2.1689224583391513	2819.5991958408968
chr3	134445001	134480000	chr3	134275001	134480000	205000	35000	26.885017421602782	96.0%	0.007	3.165771089048867	0.007	3.165771089048867	26.885017421602786	7716	2.425502531400768	4872.8345855841435
chr10	110130001	110150000	chr10	110130001	110285000	155000	20000	29.887096774193548	98.0%	0.025	3.158203636916279	0.025	3.158203636916279	29.887096774193548	3706	2.6723744356762427	1325.4977200954163
chr13	95180001	95215000	chr13	95180001	95405000	225000	35000	21.685714285714287	97.0%	0.016	3.1561682202683468	0.018	3.1561682202683468	21.685714285714287	6831	2.8118699452291125	6200.173229230193
chr13	98640001	98675000	chr13	98440001	98675000	235000	35000	19.629179331306997	99.0%	0.017	3.1475060273155453	0.018	3.1475060273155453	19.62917933130699	6458	2.3658321787656607	5448.511507697316
chr7	93040001	93060000	chr7	92425001	93060000	635000	20000	8.216535433070867	97.0%	0.032	3.1444882292709355	0.032	3.1444882292709355	8.216535433070867	4174	2.907025840027998	5907.076506936892
chr4	102995001	103015000	chr4	102430001	103015000	585000	20000	10.39102564102564	97.0%	0.025	3.1339030278014017	0.026	3.1339030278014017	10.39102564102564	4863	3.3723456231033184	6313.031006449412
chr2	68910001	68935000	chr2	68575001	68935000	360000	25000	22.427777777777777	96.0%	0.0325	3.132901458943812	0.035500000000000004	3.132901458943812	22.427777777777777	8074	3.1612664526075553	5690.2796146936
chr10	71300001	71320000	chr10	71300001	71715000	415000	20000	10.951807228915662	96.0%	0.023	3.1315468792536274	0.025	3.1315468792536274	10.951807228915662	3636	2.2056906881961567	2929.157233924496
chr12	13205001	13230000	chr12	12990001	13230000	240000	25000	20.695833333333333	98.0%	0.0155	3.131158642172193	0.017	3.131158642172193	20.695833333333333	4967	2.3287071414915115	2794.4485697898135
chr11	6365001	6390000	chr11	6365001	6710000	345000	25000	20.71014492753623	98.0%	0.027	3.129186738217006	0.031	3.129186738217006	20.71014492753623	7145	2.596734506179472	4479.36702315959
chr1	234485001	234510000	chr1	234485001	235100000	615000	25000	9.388617886178862	95.0%	0.032	3.125863105092277	0.036	3.125863105092277	9.388617886178862	5774	3.0254165665407204	9303.155942112715
chr11	34860001	34895000	chr11	34505001	34895000	390000	35000	15.32967032967033	96.0%	0.02	3.1241133997053065	0.022	3.1241133997053065	15.32967032967033	8370	3.4288622564658753	13105.111544212576
chr1	232625001	232650000	chr1	232625001	233250000	625000	25000	8.0176	97.0%	0.029	3.1208555129841478	0.031	3.1208555129841473	8.0176	5011	2.702749589043322	8446.092465760381
chr12	71400001	71420000	chr12	71400001	71755000	355000	20000	14.482394366197184	95.0%	0.028	3.1134759191782844	0.032	3.1134759191782844	14.482394366197184	4113	2.493306933345266	2832.396676280222
chr2	38500001	38525000	chr2	37990001	38525000	535000	25000	16.551401869158877	95.0%	0.032	3.1116895340033857	0.034	3.1116895340033857	16.55140186915888	8855	2.8738684164072805	7687.598013889476
chr20	34305001	34325000	chr20	34305001	34525000	220000	20000	21.57386363636364	96.0%	0.0245	3.0930542403435024	0.0285	3.0930542403435024	21.573863636363637	3797	2.6756981068457395	1883.6914672194007
chr7	26045001	26065000	chr7	25880001	26065000	185000	20000	25.43243243243243	98.0%	0.014	3.085628718230617	0.016	3.085628718230617	25.43243243243243	3764	2.3023514427505227	1362.9920541083095
chr2	29175001	29200000	chr2	28960001	29200000	240000	25000	22.579166666666666	98.0%	0.0065	3.085245832964693	0.007	3.0852458329646932	22.579166666666666	5419	2.381218709695511	2857.462451634613
chr2	175020001	175040000	chr2	175020001	175335000	315000	20000	17.103174603174605	98.0%	0.015	3.081706472016457	0.016	3.081706472016457	17.103174603174605	4310	2.2747101881131595	2292.907869618065
chr3	69660001	69680000	chr3	68980001	69680000	700000	20000	7.648214285714285	95.0%	0.0335	3.076954354691296	0.035500000000000004	3.0769543546912956	7.648214285714285	4283	2.48899879802196	5575.35730756919
chr2	236170001	236190000	chr2	235760001	236190000	430000	20000	11.122093023255816	95.0%	0.037	3.0768004018748267	0.039	3.0768004018748267	11.122093023255815	3826	2.466194265232828	3393.4833089603712
chr15	31120001	31145000	chr15	30800001	31145000	345000	25000	12.982608695652177	95.0%	0.039	3.0699062028334336	0.04	3.0699062028334336	12.982608695652173	4479	2.700305783480685	4658.027476504181
chr1	66750001	66770000	chr1	66750001	67225000	475000	20000	10.823684210526316	95.0%	0.06	3.0649160872106407	0.06	3.0649160872106407	10.823684210526316	4113	2.932621410241826	4457.584543567576
chr5	149550001	149570000	chr5	149315001	149570000	255000	20000	18.392156862745097	98.0%	0.011	3.06337994904782	0.013	3.0633799490478197	18.392156862745097	3752	2.758338893210493	2250.8045368597623
chr1	210135001	210160000	chr1	210135001	210410000	275000	25000	17.94909090909091	98.0%	0.036	3.0627922185031418	0.037	3.0627922185031418	17.94909090909091	4936	2.900630587337652	3988.367057589271
chr3	118875001	118895000	chr3	118875001	119105000	230000	20000	20.755434782608692	98.0%	0.0355	3.058437320969821	0.038	3.0584373209698206	20.755434782608695	3819	2.729327279348989	2008.784877600856
chr3	70345001	70365000	chr3	70050001	70365000	315000	20000	16.214285714285715	98.0%	0.029	3.056988114022743	0.033	3.056988114022743	16.214285714285715	4086	2.907043347934136	2930.299694717609
chr2	100975001	100995000	chr2	100580001	100995000	415000	20000	12.816265060240964	95.0%	0.016	3.0550220509543267	0.018	3.0550220509543267	12.816265060240964	4255	2.5107198675910873	3334.235984160964
chr22	45260001	45280000	chr22	45260001	45490000	230000	20000	16.320652173913043	96.0%	0.0395	3.0522833720718463	0.043	3.0522833720718463	16.320652173913043	3003	2.8240981524767874	2078.5362402229157
chr1	40070001	40090000	chr1	40070001	40380000	310000	20000	16.782258064516128	96.0%	0.027	3.050284071979683	0.0295	3.050284071979683	16.782258064516128	4162	2.656986861332598	2635.730966441937
chr3	43535001	43560000	chr3	43535001	44260000	725000	25000	7.6	98.0%	0.031	3.047881829889914	0.035	3.047881829889914	7.6	5510	2.5376313707456855	9198.91371895311
chr3	34670001	34690000	chr3	33880001	34690000	810000	20000	7.044753086419753	95.0%	0.0975	3.047680694203338	0.1	3.047680694203338	7.044753086419753	4565	3.201621738724857	8298.60354677483
chr15	61605001	61625000	chr15	61160001	61625000	465000	20000	11.561827956989248	95.0%	0.054	3.042757604300566	0.057	3.042757604300566	11.561827956989248	4301	3.7520035044652067	5582.981214644227
chr11	65810001	65840000	chr11	65675001	65840000	165000	30000	28.86868686868687	96.0%	0.018	3.035877775343883	0.021	3.035877775343883	28.86868686868687	5716	1.9880280917830184	2361.777373038226
chr5	163545001	163575000	chr5	163545001	164510000	965000	30000	6.246113989637306	95.0%	0.06	3.034784084182433	0.061	3.034784084182433	6.246113989637306	7233	3.0108297739251624	20919.24526923203
chr7	129455001	129475000	chr7	129225001	129475000	250000	20000	21.26	95.0%	0.0255	3.029594227778877	0.0275	3.0295942277788774	21.26	4252	2.111973866882219	1689.5790935057753
chr7	130010001	130035000	chr7	129300001	130035000	735000	25000	7.174149659863946	97.0%	0.024	3.0084638983075958	0.026	3.0084638983075953	7.174149659863946	5273	2.256615655319249	8293.06253329824
chr6	122820001	122840000	chr6	122585001	122840000	255000	20000	21.38235294117647	95.0%	0.028	3.0079146235438383	0.03	3.0079146235438383	21.38235294117647	4362	2.1597520494819773	1762.3576723772935
chr11	95150001	95175000	chr11	95150001	95770000	620000	25000	9.708064516129031	98.0%	0.0885	3.0075616806077017	0.0925	3.0075616806077017	9.708064516129033	6019	3.7816176204362124	11723.01462335226
chr17	61625001	61645000	chr17	61625001	62235000	610000	20000	8.368852459016393	96.0%	0.089	3.0041007942571945	0.094	3.0041007942571945	8.368852459016393	4084	3.1896886195108882	6226.272185285254
chr10	101995001	102020000	chr10	101750001	102020000	270000	25000	20.174074074074078	96.0%	0.0295	2.999648490469098	0.0305	2.999648490469098	20.174074074074074	5447	2.5725293951299646	3472.9146834254525
chr19	12965001	12985000	chr19	12965001	13100000	135000	20000	28.33333333333333	98.0%	0.019	2.9987578012529714	0.022	2.9987578012529714	28.333333333333332	3060	2.5539366014782905	1103.3006118386215
chr17	79380001	79400000	chr17	79015001	79400000	385000	20000	11.558441558441558	96.0%	0.071	2.9980784627676447	0.074	2.9980784627676447	11.558441558441558	3560	2.3839459576482116	2937.0214198225967
chr16	87770001	87790000	chr16	87770001	87920000	150000	20000	25.8	97.0%	0.006	2.9880988809583604	0.006500000000000001	2.9880988809583604	25.8	3096	2.338072598336872	1122.2748472016985
chr4	81060001	81085000	chr4	81060001	81365000	305000	25000	16.472131147540985	98.0%	0.034	2.985177684185329	0.035	2.9851776841853295	16.472131147540985	5024	2.67560123255763	4080.2918796503855
chr7	13240001	13265000	chr7	12620001	13265000	645000	25000	8.897674418604652	95.0%	0.049	2.9833522428475887	0.054	2.9833522428475887	8.897674418604652	5739	3.445815841300968	11112.756088195621
chr19	5015001	5035000	chr19	4800001	5035000	235000	20000	16.75	95.0%	0.03	2.982478847169178	0.033	2.982478847169178	16.75	3149	2.2037170541559945	1657.195224725308
chr8	94350001	94370000	chr8	93670001	94370000	700000	20000	8.873214285714285	96.0%	0.0325	2.980195872452517	0.035	2.980195872452517	8.873214285714285	4969	3.2238252574888393	7221.368576775
chr11	36285001	36310000	chr11	36285001	36505000	220000	25000	22.15909090909091	97.0%	0.0255	2.9784200640542227	0.0285	2.9784200640542227	22.15909090909091	4875	2.4973131257821937	2747.044438360413
chr9	72865001	72885000	chr9	72865001	73080000	215000	20000	23.098837209302324	98.0%	0.03	2.977298947246508	0.034	2.977298947246508	23.098837209302324	3973	3.131665857049098	2154.5861096497792
chr2	171400001	171425000	chr2	170955001	171425000	470000	25000	12.7	96.0%	0.0245	2.9771461261113177	0.025	2.9771461261113177	12.7	5969	2.5178240720324276	5916.886569276205
chr11	19555001	19575000	chr11	19555001	19870000	315000	20000	15.432539682539682	96.0%	0.025	2.9765426702777864	0.027	2.9765426702777864	15.432539682539682	3889	2.382672410462741	2401.733789746443
chr2	39505001	39525000	chr2	39505001	39730000	225000	20000	32.855555555555554	99.0%	0.029	2.9747790008978456	0.033	2.9747790008978456	32.855555555555554	5914	2.864706191820122	2062.588458110488
chr7	23050001	23075000	chr7	22505001	23075000	570000	25000	9.482456140350877	98.0%	0.031	2.974429753536176	0.034	2.974429753536176	9.482456140350877	5405	2.524583212446963	7195.0621554738445
chr2	62395001	62415000	chr2	61930001	62415000	485000	20000	16.4819587628866	98.0%	0.017	2.9741541751825484	0.017	2.9741541751825484	16.4819587628866	6395	3.657994989837925	5677.20822422846
chr17	60035001	60070000	chr17	59690001	60070000	380000	35000	12.06015037593985	97.0%	0.0255	2.963099909737588	0.027	2.963099909737588	12.06015037593985	6416	1.5495060096228628	5770.360379835541
chr17	18600001	18620000	chr17	18600001	19020000	420000	20000	6.050595238095238	95.0%	0.0345	2.957623366993911	0.035500000000000004	2.957623366993911	6.050595238095238	2033	1.7315910259106853	2327.258338823961
chr6	29840001	29860000	chr6	29840001	30165000	325000	20000	15.63076923076923	95.0%	0.028	2.956333515049911	0.029	2.956333515049911	15.63076923076923	4064	2.4226023188718413	2519.506411626715
chr1	198675001	198695000	chr1	198335001	198695000	360000	20000	13.288194444444445	98.0%	0.032	2.955369169119097	0.034	2.955369169119097	13.288194444444445	3827	2.5414719466768725	2927.775682571757
chr7	47255001	47275000	chr7	47255001	47975000	720000	20000	7.701388888888889	96.0%	0.0285	2.9547808214101647	0.031	2.9547808214101647	7.701388888888889	4436	2.52064035163753	5807.555370172869
chr9	85250001	85270000	chr9	84650001	85270000	620000	20000	8.159274193548388	97.0%	0.0305	2.95171244593077	0.0325	2.9517124459307706	8.159274193548388	4047	3.4583203215555707	6861.307517966252
chr6	44065001	44085000	chr6	43660001	44085000	425000	20000	11.514705882352942	97.0%	0.012	2.95018004503976	0.014	2.95018004503976	11.514705882352942	3915	2.739540356412864	3725.774884721495
chr1	93620001	93645000	chr1	93620001	93850000	230000	25000	22.47826086956522	98.0%	0.037	2.9434524249037803	0.040499999999999994	2.9434524249037803	22.47826086956522	5170	3.1157470041164945	3583.1090547339686
chr22	18060001	18085000	chr22	17730001	18085000	355000	25000	12.332394366197182	96.0%	0.062	2.9405943194825266	0.065	2.9405943194825266	12.332394366197184	4378	3.479434012493056	6175.995372175174
chr3	193025001	193045000	chr3	192820001	193045000	225000	20000	20.177777777777777	98.0%	0.006	2.938771130848712	0.006	2.938771130848712	20.177777777777777	3632	2.274537656910838	1637.6671129758035
chr3	195505001	195525000	chr3	195270001	195525000	255000	20000	18.235294117647054	97.0%	0.013	2.9370970043339506	0.015	2.9370970043339506	18.235294117647058	3720	2.4515108260364817	2000.4328340457691
chr20	36125001	36145000	chr20	35970001	36145000	175000	20000	25.77857142857143	97.0%	0.026	2.935285598262041	0.028	2.935285598262041	25.77857142857143	3609	2.7949907287961744	1565.1948081258577
chr5	148730001	148750000	chr5	148730001	149045000	315000	20000	16.436507936507937	99.0%	0.033	2.930854370447773	0.035	2.930854370447773	16.436507936507937	4142	2.9951715706455	3019.132943210664
chr2	69550001	69575000	chr2	69550001	69850000	300000	25000	25.746666666666663	97.0%	0.0135	2.9291141078741187	0.014499999999999999	2.9291141078741187	25.746666666666666	7724	2.87853415561381	4317.801233420715
chr9	129770001	129795000	chr9	129630001	129795000	165000	25000	27.727272727272727	95.0%	0.019	2.9247877396467885	0.021	2.9247877396467885	27.727272727272727	4575	2.366912098563655	1952.7024813150156
chr9	96200001	96225000	chr9	95650001	96225000	575000	25000	8.965217391304348	96.0%	0.026	2.9230215694050115	0.027	2.9230215694050115	8.965217391304348	5155	2.4761281385057634	7118.868398204069
chr8	100930001	100950000	chr8	100930001	101245000	315000	20000	15.77777777777778	97.0%	0.015	2.917462847175867	0.016	2.917462847175867	15.777777777777779	3976	2.4251229172342152	2444.523900572089
chr3	136060001	136090000	chr3	136060001	137125000	1065000	30000	5.257433489827856	96.0%	0.064	2.917171602557868	0.068	2.9171716025578682	5.257433489827856	6719	3.1229234905344128	23946.57732541788
chr10	23980001	24005000	chr10	23980001	24565000	585000	25000	9.468376068376068	97.0%	0.038	2.9130299482578628	0.041	2.9130299482578628	9.468376068376068	5539	2.713124516680151	7935.889211289443
chr2	57890001	57915000	chr2	57890001	58790000	900000	25000	10.774444444444445	95.0%	0.017	2.911162508125261	0.018	2.911162508125261	10.774444444444445	9697	4.306883681596139	19380.976567182624
chr1	115755001	115775000	chr1	115445001	115775000	330000	20000	15.526515151515152	95.0%	0.034	2.9088316674684256	0.038	2.9088316674684256	15.526515151515152	4099	2.5072200072008237	2647.62432760407
chr9	120925001	120950000	chr9	120755001	120950000	195000	25000	24.769230769230766	98.0%	0.016	2.908793655255537	0.018	2.908793655255537	24.76923076923077	4830	2.8900684580732783	2817.8167466214463
chr1	230625001	230645000	chr1	230625001	230795000	170000	20000	26.38235294117647	97.0%	0.017	2.905188871436895	0.019	2.905188871436895	26.38235294117647	3588	2.6064885826064996	1417.9297889379359
chr13	59665001	59685000	chr13	59350001	59685000	335000	20000	14.462686567164178	96.0%	0.064	2.9027968396977224	0.066	2.9027968396977224	14.462686567164178	3876	2.7523351231368376	2950.50325200269
chr1	175290001	175320000	chr1	175150001	175320000	170000	30000	29.303921568627448	97.0%	0.0315	2.897249539357107	0.0325	2.897249539357107	29.30392156862745	5978	2.6824938558690916	3283.372479583768
chr19	42435001	42460000	chr19	42435001	42610000	175000	25000	24.14857142857143	95.0%	0.026	2.895630721607557	0.029	2.895630721607557	24.14857142857143	4226	2.4442841566499776	2138.74863706873
chr10	69375001	69400000	chr10	69085001	69400000	315000	25000	16.45079365079365	96.0%	0.021	2.8916673863387707	0.023	2.8916673863387707	16.45079365079365	5182	2.0260012585668785	3190.9519822428338
chr18	23390001	23415000	chr18	22795001	23415000	620000	25000	8.95483870967742	95.0%	0.0345	2.884945519224335	0.036	2.884945519224335	8.95483870967742	5552	2.764397311863219	8569.631666775978
chr1	219565001	219585000	chr1	219565001	219820000	255000	20000	17.38235294117647	97.0%	0.029	2.88474064782593	0.031	2.88474064782593	17.38235294117647	3546	2.6219953241228566	2139.548184484251
chr1	199670001	199690000	chr1	199670001	200310000	640000	20000	8.2578125	97.0%	0.044	2.882852778772637	0.045	2.882852778772637	8.2578125	4228	3.2153733223173973	6585.08456410603
chr19	48575001	48595000	chr19	48315001	48595000	280000	20000	14.620535714285714	95.0%	0.033	2.881449087996657	0.035	2.881449087996657	14.620535714285714	3275	1.9561740456483085	1752.7319449008844
chr2	231400001	231420000	chr2	231060001	231420000	360000	20000	14.20486111111111	96.0%	0.0195	2.878518682631305	0.0215	2.878518682631305	14.20486111111111	4091	2.1071060348562165	2427.3861521543613
chr4	39460001	39480000	chr4	39460001	39850000	390000	20000	12.461538461538462	97.0%	0.026	2.8764656545603047	0.028	2.8764656545603047	12.461538461538462	3888	2.0460612756359398	2553.4844719936527
chr2	182060001	182080000	chr2	181720001	182080000	360000	20000	15.76388888888889	97.0%	0.0205	2.873303986885229	0.023	2.873303986885229	15.76388888888889	4540	2.3344085661595244	2689.238668215772
chr15	66845001	66865000	chr15	66590001	66865000	275000	20000	15.522727272727272	95.0%	0.035	2.866775997784375	0.037	2.866775997784375	15.522727272727273	3415	2.6139703016129556	2300.293865419401
chr3	45195001	45215000	chr3	45030001	45215000	185000	20000	24.83783783783784	97.0%	0.026	2.862983326788141	0.028	2.862983326788141	24.83783783783784	3676	2.258110503603997	1336.8014181335661
chr3	37440001	37460000	chr3	37440001	37815000	375000	20000	14.603333333333332	97.0%	0.028	2.861698679144128	0.029	2.861698679144128	14.603333333333333	4381	2.698193639467422	3237.832367360906
chr2	168950001	168970000	chr2	168950001	169145000	195000	20000	25.23076923076923	99.0%	0.03	2.859647956432933	0.034	2.859647956432933	25.23076923076923	3936	2.4874507212908656	1552.1692500855002
chr1	93430001	93450000	chr1	93430001	93875000	445000	20000	10.353932584269662	95.0%	0.062	2.858008457618155	0.065	2.858008457618155	10.353932584269662	3686	3.0125916032218867	4289.930442987967
chr7	12060001	12080000	chr7	12060001	12495000	435000	20000	13.385057471264368	95.0%	0.032	2.8548513162784133	0.035	2.8548513162784133	13.385057471264368	4658	3.0903364640331046	4301.7483579340815
chr20	22690001	22710000	chr20	22690001	23250000	560000	20000	9.361607142857142	97.0%	0.0535	2.8444857222027973	0.055999999999999994	2.8444857222027973	9.361607142857142	4194	2.933981207005825	5257.694322954439
chr1	240020001	240040000	chr1	240020001	240185000	165000	20000	25.51515151515152	97.0%	0.03	2.843567828385973	0.034	2.843567828385973	25.515151515151516	3368	2.390351285645599	1262.1054788208762
chr11	40110001	40130000	chr11	39350001	40130000	780000	20000	7.076923076923077	95.0%	0.026	2.8335661356507527	0.028499999999999998	2.8335661356507527	7.076923076923077	4416	2.9561839723077603	7378.635194880169
chr8	100830001	100850000	chr8	100830001	101310000	480000	20000	10.713541666666666	95.0%	0.026	2.8292453047590502	0.028	2.8292453047590502	10.713541666666666	4114	2.4643052353649124	3785.1728415205052
chr2	158885001	158910000	chr2	158885001	159300000	415000	25000	12.718072289156629	98.0%	0.025	2.826041631941446	0.026	2.826041631941446	12.718072289156627	5278	2.0593530495264782	4273.1575777674425
chr1	62735001	62755000	chr1	62375001	62755000	380000	20000	12.470394736842104	95.0%	0.045	2.8230196681094406	0.05	2.8230196681094406	12.470394736842104	3791	2.51878259306288	3062.839633164462
chr12	10125001	10145000	chr12	9730001	10145000	415000	20000	12.13855421686747	95.0%	0.03	2.8199728542762648	0.033	2.8199728542762648	12.13855421686747	4030	2.268278803594852	3012.2742511739634
chr16	84470001	84495000	chr16	84070001	84495000	425000	25000	10.957647058823529	95.0%	0.037	2.8180509943352234	0.039	2.8180509943352234	10.957647058823529	4657	2.4052228940669798	5111.098649892332
chr20	40935001	40960000	chr20	40710001	40960000	250000	25000	18.176	98.0%	0.0245	2.814336064395852	0.025500000000000002	2.814336064395852	18.176	4544	2.3284256708061126	2910.5320885076408
chr12	27415001	27450000	chr12	27415001	27715000	300000	35000	18.257142857142856	96.0%	0.048	2.8135214181225865	0.0505	2.8135214181225865	18.257142857142856	7668	2.8425928736806045	8357.223048620977
chr16	55835001	55855000	chr16	55395001	55855000	460000	20000	9.75824175824176	95.0%	0.0424999999999999	2.8126803694548563	0.0445	2.8126803694548563	9.652173913043478	3552	2.531362829550227	3726.166085097934
chr14	58630001	58650000	chr14	58630001	59060000	430000	20000	11.44767441860465	96.0%	0.062	2.8117679212215623	0.067	2.8117679212215623	11.44767441860465	3938	3.322125920665978	4571.245266836386
chr11	78635001	78655000	chr11	78635001	79105000	470000	20000	10.11968085106383	95.0%	0.036	2.8109730652290925	0.038	2.8109730652290925	10.11968085106383	3805	2.0990151919614224	3156.918848709979
chr3	122665001	122685000	chr3	122385001	122685000	300000	20000	15.5625	97.0%	0.0144999999999999	2.8092412453602	0.015	2.8092412453601994	15.5625	3735	2.3262681591359384	2233.217432770501
chr1	98450001	98470000	chr1	97810001	98470000	660000	20000	9.026515151515152	96.0%	0.0435	2.804806503049809	0.047	2.804806503049809	9.026515151515152	4766	3.9897780665759313	8426.411276608367
chr8	48910001	48935000	chr8	48120001	48935000	815000	25000	6.6355828220858895	95.0%	0.034	2.7975581001704817	0.036	2.7975581001704817	6.6355828220858895	5408	3.2966996056438482	13434.05089299868
chr9	20620001	20640000	chr9	20620001	21080000	460000	20000	10.459239130434783	96.0%	0.0645	2.796335476157686	0.069	2.7963354761576866	10.459239130434783	3849	2.7628877615799876	4066.9707850457416
chr4	86910001	86930000	chr4	86910001	87155000	245000	20000	19.34183673469388	97.0%	0.012	2.795168815344709	0.013	2.795168815344709	19.341836734693878	3791	2.2477625833623516	1762.2458653560836
chr2	234125001	234145000	chr2	234125001	234540000	415000	20000	12.852409638554215	96.0%	0.023	2.787055343368597	0.026	2.787055343368597	12.852409638554217	4267	2.551126508255002	3387.896002962643
chr3	127955001	127975000	chr3	127555001	127975000	420000	20000	13.139880952380953	95.0%	0.0195	2.7853128315309843	0.02	2.7853128315309843	13.139880952380953	4415	2.419056020355202	3251.2112913573915
chr13	21460001	21485000	chr13	21115001	21485000	370000	25000	12.248648648648649	97.0%	0.026	2.784465588747921	0.0275	2.7844655887479215	12.248648648648649	4532	2.364603954244724	4374.517315352739
chr16	68210001	68230000	chr16	67920001	68230000	310000	20000	16.786290322580644	95.0%	0.03	2.777959319325946	0.032	2.7779593193259466	16.786290322580644	4163	2.398329518059565	2379.1428819150883
chr3	158765001	158800000	chr3	158530001	158800000	270000	35000	19.1957671957672	95.0%	0.0295	2.776779156129833	0.0315	2.776779156129833	19.195767195767196	7256	2.1132410628173757	5591.635852214777
chr5	168260001	168280000	chr5	168260001	168495000	235000	20000	19.19148936170213	98.0%	0.029	2.773469281453194	0.033	2.773469281453194	19.19148936170213	3608	2.16327736341983	1626.7845772917124
chr9	114890001	114910000	chr9	114720001	114910000	190000	20000	26.06578947368421	98.0%	0.013	2.765108782365879	0.014	2.765108782365879	26.06578947368421	3962	3.5101771763632383	2134.187723228849
chr8	42125001	42150000	chr8	41935001	42150000	215000	25000	21.074418604651164	97.0%	0.011	2.764644837977744	0.013	2.7646448379777437	21.074418604651164	4531	2.076123507799842	2231.83277088483
chr11	63465001	63485000	chr11	63465001	63740000	275000	20000	17.427272727272726	96.0%	0.017	2.7503431343753846	0.019	2.7503431343753846	17.427272727272726	3834	2.333093465811288	2053.1222499139335
chr1	160940001	160975000	chr1	160615001	160975000	360000	35000	14.01190476190476	95.0%	0.0245	2.7496460381467585	0.0275	2.7496460381467585	14.011904761904763	7062	2.4034853414544166	8479.496284651183
chr4	107890001	107915000	chr4	107740001	107915000	175000	25000	29.880000000000003	98.0%	0.002	2.7488443911862923	0.002	2.7488443911862923	29.88	5229	2.746987394478176	2403.613970168404
chr9	136480001	136500000	chr9	136480001	136725000	245000	20000	15.214285714285714	95.0%	0.03	2.7480712602120776	0.034	2.7480712602120776	15.214285714285714	2982	1.9338971210637457	1516.1753429139767
chr4	147845001	147875000	chr4	147580001	147875000	295000	30000	18.161016949152543	96.0%	0.057	2.745164375526494	0.062	2.745164375526494	18.161016949152543	6429	2.2590230956234825	4798.165055104277
chr3	42245001	42260000	chr3	42245001	42555000	310000	15000	17.49462365591398	98.0%	0.0289999999999999	2.7447197898335216	0.033	2.7447197898335216	17.49462365591398	3254	3.158633268463332	1762.5173638025392
chr7	80685001	80705000	chr7	80685001	81450000	765000	20000	7.34313725490196	95.0%	0.042	2.743642431043092	0.044	2.7436424310430914	7.3431372549019605	4494	3.194927798046309	7821.183249617364
chr3	152430001	152455000	chr3	152030001	152455000	425000	25000	12.616470588235297	98.0%	0.025	2.7425083883569137	0.028	2.7425083883569137	12.616470588235295	5362	2.4725442093864105	5254.156444946122
chr4	9095001	9130000	chr4	8930001	9130000	200000	35000	18.735714285714288	97.0%	0.0095	2.7423587334068253	0.009999999999999998	2.7423587334068253	18.735714285714284	5246	1.4869798454998304	2914.4804971796675
chr15	30655001	30675000	chr15	30655001	31575000	920000	20000	4.320652173913044	95.0%	0.033	2.741629419933568	0.035	2.7416294199335676	4.320652173913044	3180	2.2165147846430866	6525.419525989247
chr13	75685001	75705000	chr13	75685001	75870000	185000	20000	23.054054054054053	99.0%	0.023	2.73875011592356	0.026	2.7387501159235597	23.054054054054053	3412	2.441202663550741	1445.1919768220387
chr2	200445001	200480000	chr2	200000001	200480000	480000	35000	12.897321428571429	95.0%	0.026	2.735173551975735	0.0275	2.735173551975735	12.897321428571429	8667	2.392638102470794	11254.969634022615
chr7	44580001	44600000	chr7	44580001	44955000	375000	20000	12.713333333333331	96.0%	0.036	2.73176709421575	0.039	2.73176709421575	12.713333333333333	3814	2.3840071072215765	2860.808528665892
chr7	6310001	6330000	chr7	6105001	6330000	225000	20000	20.28333333333333	98.0%	0.016	2.729460970409216	0.017	2.729460970409216	20.283333333333335	3651	2.1916555107521787	1577.9919677415687
chr10	70345001	70370000	chr10	70105001	70370000	265000	25000	18.89433962264151	96.0%	0.027	2.728835141108921	0.028	2.728835141108921	18.89433962264151	5007	2.3234992758520865	3078.6365405040146
chr7	134935001	134955000	chr7	134620001	134955000	335000	20000	15.57462686567164	97.0%	0.056	2.723798619853882	0.059	2.723798619853882	15.574626865671641	4174	2.810666795045396	3013.0348042886644
chr3	13890001	13910000	chr3	13890001	14260000	370000	20000	13.800675675675675	96.0%	0.037	2.7174886407563386	0.0405	2.7174886407563386	13.800675675675675	4085	2.321437672339813	2748.582204050339
chr9	14755001	14775000	chr9	14435001	14775000	340000	20000	14.169117647058824	96.0%	0.0745	2.716426283858957	0.076	2.7164262838589575	14.169117647058824	3854	2.7348821666550545	2975.5517973206993
chr13	27370001	27400000	chr13	27370001	27830000	460000	30000	10.617753623188406	96.0%	0.0365	2.7080237881584086	0.0395	2.7080237881584086	10.617753623188406	5861	2.3514058114282195	7787.856047450263
chr3	52730001	52750000	chr3	52730001	53080000	350000	20000	14.6	97.0%	0.023	2.70625368636222	0.0265	2.7062536863622197	14.6	4088	1.953919741074312	2188.3901100032294
chr5	150550001	150570000	chr5	150550001	150850000	300000	20000	17.425	98.0%	0.016	2.702844757080773	0.017	2.7028447570807734	17.425	4182	2.273357370442319	2182.423075624626
chr15	65255001	65290000	chr15	65020001	65290000	270000	35000	17.653439153439155	95.0%	0.0335	2.6993967006470982	0.036000000000000004	2.6993967006470982	17.65343915343915	6673	2.0863856516614594	5520.576434296221
chr21	35385001	35405000	chr21	34690001	35405000	715000	20000	7.555944055944056	95.0%	0.037	2.694550497110094	0.04	2.694550497110094	7.555944055944056	4322	4.721986851582319	10803.905916420345
chr1	20520001	20540000	chr1	20520001	20690000	170000	20000	27.97058823529412	97.0%	0.0285	2.692927615200128	0.032	2.6929276152001282	27.970588235294116	3804	2.270196553858885	1234.9869252992335
chr14	67415001	67440000	chr14	67415001	67710000	295000	25000	16.0135593220339	98.0%	0.033	2.691783260779434	0.035	2.691783260779434	16.0135593220339	4724	2.3449748634501675	3458.837923588997
chr14	24800001	24825000	chr14	24800001	25050000	250000	25000	19.148	98.0%	0.0455	2.688335636436558	0.05	2.688335636436558	19.148	4787	2.989639555193425	3737.049443991781
chr1	211640001	211670000	chr1	211275001	211670000	395000	30000	12.829113924050631	96.0%	0.019	2.6846503083250406	0.02	2.6846503083250406	12.829113924050633	6081	2.0017368107318707	5692.939489721441
chr12	54935001	54970000	chr12	54695001	54970000	275000	35000	19.342857142857145	95.0%	0.022	2.682076163574945	0.025	2.6820761635749455	19.34285714285714	7447	2.6381349506277125	7109.773691941686
chr1	24815001	24830000	chr1	24495001	24830000	335000	15000	15.91542288557214	96.0%	0.024	2.6818465417348434	0.026	2.6818465417348434	15.91542288557214	3199	2.435452467095455	1468.5778376585592
chr3	99825001	99845000	chr3	99825001	100645000	820000	20000	7.29420731707317	95.0%	0.032	2.6800396820712544	0.0335	2.6800396820712544	7.2942073170731705	4785	2.846358423437328	7468.844503099548
chr8	118730001	118750000	chr8	118730001	119420000	690000	20000	8.603260869565217	95.0%	0.039	2.6790838261567207	0.042499999999999996	2.6790838261567207	8.603260869565217	4749	2.889352942794872	6379.691297691077
chr3	65775001	65800000	chr3	65775001	66230000	455000	25000	11.448351648351649	97.0%	0.026	2.6779697225634798	0.027	2.6779697225634793	11.448351648351649	5209	2.6078545421740547	5932.869083445974
chr3	111945001	111975000	chr3	111660001	111975000	315000	30000	18.29100529100529	96.0%	0.016	2.675273081081415	0.017	2.675273081081415	18.29100529100529	6914	2.7328030017583314	6197.997207987895
chr12	6270001	6290000	chr12	6045001	6290000	245000	20000	16.78061224489796	96.0%	0.018	2.674257968555034	0.021	2.674257968555034	16.78061224489796	3289	2.1245377479615346	1665.6375944018432
chr7	16105001	16125000	chr7	16105001	16810000	705000	20000	8.792553191489361	96.0%	0.043	2.6735527542995032	0.048	2.6735527542995032	8.792553191489361	4959	3.6313965902288237	8192.430707556226
chr19	10705001	10725000	chr19	10705001	10865000	160000	20000	24.796875	95.0%	0.025	2.66904031543949	0.028	2.66904031543949	24.796875	3174	2.135764357329138	1093.5113509525186
chr17	67675001	67695000	chr17	67480001	67695000	215000	20000	20.41860465116279	95.0%	0.026	2.6680506783860034	0.029	2.6680506783860034	20.41860465116279	3512	2.1152391264722104	1455.2845190128808
chr1	60835001	60860000	chr1	60835001	61635000	800000	25000	8.735	95.0%	0.067	2.667711613179188	0.07150000000000001	2.6677116131791876	8.735	6988	3.217703632305451	12870.814529221803
chr9	131320001	131340000	chr9	131020001	131340000	320000	20000	13.29296875	97.0%	0.0245	2.666700499596434	0.027	2.666700499596434	13.29296875	3403	2.1897381050112283	2242.291819531498
chr1	175370001	175390000	chr1	175370001	175910000	540000	20000	10.287037037037036	97.0%	0.0579999999999999	2.665997899583754	0.0615	2.665997899583754	10.287037037037036	4444	2.7969978014086045	4833.212200834068
chr8	8645001	8670000	chr8	8285001	8670000	385000	25000	14.872727272727271	95.0%	0.024	2.665062864510144	0.027	2.665062864510144	14.872727272727273	5726	2.5073981729882715	4826.741483002423
chr7	51135001	51165000	chr7	50090001	51165000	1075000	30000	5.6682170542635655	97.0%	0.087	2.6639577697031824	0.089	2.6639577697031824	5.6682170542635655	7312	3.4435890945665464	26653.379591945068
chr11	76720001	76740000	chr11	76720001	77130000	410000	20000	12.667682926829269	97.0%	0.0235	2.6639546957879108	0.025500000000000002	2.6639546957879108	12.667682926829269	4155	2.042500919795097	2679.761206771167
chr11	125910001	125935000	chr11	125910001	126265000	355000	25000	14.109859154929577	95.0%	0.032	2.663211480480626	0.035	2.663211480480626	14.109859154929577	5009	2.245691045135068	3986.101605114746
chr3	122095001	122115000	chr3	122095001	122405000	310000	20000	16.201612903225808	96.0%	0.0255	2.654602457295655	0.026500000000000003	2.654602457295655	16.201612903225808	4018	2.1243391418919986	2107.3444287568627
chr8	93810001	93830000	chr8	93810001	93980000	170000	20000	26.96323529411765	99.0%	0.019	2.65292566090963	0.021	2.65292566090963	26.96323529411765	3667	2.81817333762229	1533.0862956665258
chr11	129765001	129790000	chr11	129765001	130285000	520000	25000	10.921153846153846	95.0%	0.0335	2.649151487823434	0.035	2.649151487823434	10.921153846153846	5679	2.082154874199747	5413.602672919342
chr13	20490001	20515000	chr13	20490001	20880000	390000	25000	11.65128205128205	95.0%	0.073	2.6453869485024275	0.076	2.6453869485024275	11.65128205128205	4544	2.5241961991705444	4922.182588382561
chr19	33775001	33800000	chr19	33775001	34155000	380000	25000	10.876315789473685	97.0%	0.0755	2.645316070020604	0.08	2.645316070020604	10.876315789473685	4133	2.5691790599161934	4881.440213840768
chr1	67845001	67865000	chr1	67845001	68120000	275000	20000	18.036363636363635	96.0%	0.036	2.6445948934466195	0.04	2.6445948934466195	18.036363636363635	3968	2.4232501612247335	2132.4601418777656
chr3	42085001	42105000	chr3	41885001	42105000	220000	20000	21.295454545454547	97.0%	0.012	2.640648039755003	0.013	2.640648039755003	21.295454545454547	3748	2.1510844137155107	1514.3634272557197
chr9	92120001	92145000	chr9	92120001	92710000	590000	25000	7.928813559322033	95.0%	0.0925	2.637398425168016	0.0995	2.637398425168016	7.928813559322034	4678	2.8463150260129266	8396.629326738133
chr2	181730001	181760000	chr2	181730001	182030000	300000	30000	18.50555555555556	97.0%	0.0445	2.6343204735794283	0.049	2.6343204735794283	18.505555555555556	6662	2.3434033929723377	5061.751328820249
chr12	89445001	89465000	chr12	89010001	89465000	455000	20000	12.244505494505496	98.0%	0.022	2.6334606994785434	0.023	2.6334606994785434	12.244505494505495	4457	3.7999648917208813	5532.748882345603
chr7	139980001	140005000	chr7	139565001	140005000	440000	25000	12.46818181818182	96.0%	0.082	2.6290012901282367	0.08549999999999999	2.6290012901282367	12.468181818181819	5486	2.879237654526457	6334.322839958205
chr1	50360001	50380000	chr1	50360001	50740000	380000	20000	12.740131578947368	96.0%	0.0465	2.6233953190859287	0.048	2.6233953190859287	12.740131578947368	3873	2.438002277478549	2964.6107694139155
chr4	76165001	76190000	chr4	76165001	76420000	255000	25000	20.607843137254903	97.0%	0.027	2.619524851039801	0.03	2.619524851039801	20.607843137254903	5255	2.3282990013153784	2968.581226677107
chr2	177110001	177145000	chr2	176805001	177145000	340000	35000	14.466386554621849	98.0%	0.0144999999999999	2.618697897792206	0.016	2.618697897792206	14.466386554621849	6886	1.5376137279513113	5123.3289415337695
chr1	43750001	43770000	chr1	43750001	44060000	310000	20000	15.971774193548388	95.0%	0.0325	2.6145741195523025	0.035500000000000004	2.6145741195523025	15.971774193548388	3961	2.5705275064389252	2549.963286387414
chr14	75070001	75095000	chr14	74855001	75095000	240000	25000	19.85833333333333	95.0%	0.023	2.613895073663396	0.025	2.613895073663396	19.858333333333334	4766	2.427948153788171	2913.537784545805
chr1	232615001	232635000	chr1	231860001	232635000	775000	20000	6.496774193548387	95.0%	0.033	2.613214462983014	0.034	2.613214462983014	6.496774193548387	4028	2.837703321878342	7037.504238258289
chr6	141975001	141995000	chr6	141975001	142125000	150000	20000	29.73333333333333	98.0%	0.0295	2.6115694694622507	0.0335	2.6115694694622507	29.733333333333334	3568	2.3892105568236	1146.821067275328
chr11	121570001	121595000	chr11	121280001	121595000	315000	25000	17.476190476190474	96.0%	0.051	2.610642300177566	0.053	2.610642300177566	17.476190476190474	5505	2.5853228717063237	4071.88352293746
chr2	65620001	65645000	chr2	65620001	66335000	715000	25000	10.974825174825174	96.0%	0.024	2.608397703568623	0.025	2.608397703568623	10.974825174825174	7847	2.3543124929452457	8416.667162279253
chr14	70610001	70630000	chr14	70610001	70980000	370000	20000	13.91891891891892	96.0%	0.0335	2.6036659740801547	0.036500000000000005	2.6036659740801547	13.91891891891892	4120	2.998561225181306	3550.2964906146663
chr8	111235001	111260000	chr8	110805001	111260000	455000	25000	12.571428571428571	95.0%	0.039	2.6004662467529407	0.04	2.6004662467529407	12.571428571428571	5720	2.8577999624912556	6501.494914667606
chr11	58500001	58520000	chr11	57510001	58520000	1010000	20000	5.63490099009901	95.0%	0.032	2.5998157115642275	0.035	2.5998157115642275	5.63490099009901	4553	3.1438880012431363	10161.046020017817
chr5	71770001	71790000	chr5	71770001	72320000	550000	20000	9.645454545454545	98.0%	0.0285	2.599445425664561	0.031	2.599445425664561	9.645454545454545	4244	2.503941824960403	4406.937611930309
chr6	144470001	144490000	chr6	144210001	144490000	280000	20000	17.584821428571427	98.0%	0.034	2.5976082952420487	0.035500000000000004	2.5976082952420487	17.584821428571427	3939	2.346559342179677	2102.5171705929906
chr7	20580001	20600000	chr7	19705001	20600000	895000	20000	7.220670391061453	97.0%	0.059	2.5936489602512536	0.061	2.5936489602512536	7.220670391061453	5170	4.219444149150789	12084.48804316786
chr1	231350001	231370000	chr1	231350001	231610000	260000	20000	19.46153846153846	97.0%	0.0755	2.589741760647582	0.08049999999999999	2.589741760647582	19.46153846153846	4048	3.1026486749617423	2581.4036975681697
chr5	112540001	112560000	chr5	112540001	112965000	425000	20000	12.408823529411764	95.0%	0.028	2.5863000385264607	0.03	2.5863000385264607	12.408823529411764	4219	2.375427243769646	3230.5810515267185
chr11	5790001	5815000	chr11	5160001	5815000	655000	25000	12.1587786259542	97.0%	0.021	2.57908342789336	0.023	2.5790834278933596	12.158778625954199	7964	3.8306414824123816	12545.35085490055
chr17	31815001	31845000	chr17	31380001	31845000	465000	30000	10.92652329749104	96.0%	0.031	2.5763298720907506	0.032	2.5763298720907506	10.92652329749104	6097	2.7758612751734733	9293.58354928079
chr12	7210001	7230000	chr12	7210001	7655000	445000	20000	11.205056179775282	95.0%	0.089	2.5723180355449964	0.094	2.5723180355449964	11.205056179775282	3989	3.072184218233456	4374.7903267644415
chr6	148450001	148470000	chr6	148170001	148470000	300000	20000	16.779166666666665	95.0%	0.027	2.572012027808249	0.028999999999999998	2.572012027808249	16.779166666666665	4027	2.3119470139732794	2219.469133414348
chr10	93490001	93515000	chr10	92885001	93515000	630000	25000	8.55079365079365	95.0%	0.0295	2.5711748378661343	0.028999999999999998	2.5711748378661343	8.55079365079365	5387	2.355447720864268	7419.660320722445
chr15	52720001	52735000	chr15	52170001	52735000	565000	15000	9.27433628318584	96.0%	0.09	2.570376924221132	0.092	2.570376924221132	9.274336283185841	3144	3.935806381166028	4002.7150896458506
chr8	98020001	98040000	chr8	97555001	98040000	485000	20000	11.6159793814433	95.0%	0.025	2.5692403572922293	0.024	2.5692403572922293	11.6159793814433	4507	2.5799890908509346	4004.1430690006505
chr4	37590001	37615000	chr4	37590001	37805000	215000	25000	21.72558139534884	97.0%	0.026	2.56856930735953	0.028	2.56856930735953	21.725581395348836	4671	2.068841130015505	2224.0042147666677
chr1	200610001	200630000	chr1	200610001	200895000	285000	20000	18.36842105263158	97.0%	0.032	2.5681052092457235	0.036	2.5681052092457235	18.36842105263158	4188	3.0899756389030375	2818.05778267957
chr6	42060001	42085000	chr6	42060001	42225000	165000	25000	27.4	98.0%	0.01	2.5597431583012518	0.011	2.5597431583012513	27.4	4521	1.9540048923997222	1612.0540362297709
chr3	101800001	101820000	chr3	101800001	102550000	750000	20000	7.865	95.0%	0.053	2.553496944737463	0.057499999999999996	2.553496944737463	7.865	4719	3.30117167257661	7922.812014183864
chr1	169795001	169815000	chr1	169550001	169815000	265000	20000	17.77358490566038	96.0%	0.026	2.5510894732982874	0.028	2.5510894732982874	17.77358490566038	3768	2.7730097509662546	2351.5122688193837
chr17	29625001	29650000	chr17	29625001	30100000	475000	25000	11.393684210526317	95.0%	0.042	2.547391538956291	0.043	2.547391538956291	11.393684210526315	5412	2.6508023972428902	6295.655693451864
chr17	57235001	57255000	chr17	57235001	57455000	220000	20000	20.119318181818183	96.0%	0.041	2.547382051537121	0.0455	2.5473820515371215	20.119318181818183	3541	2.3250730066365253	1636.8513966721139
chr6	111985001	112005000	chr6	111705001	112005000	300000	20000	18.808333333333334	96.0%	0.0144999999999999	2.5453248733948053	0.0165	2.5453248733948053	18.808333333333334	4514	3.310802642268123	3178.370536577398
chr5	160010001	160030000	chr5	160010001	160405000	395000	20000	14.091772151898734	97.0%	0.031	2.543320079059085	0.035	2.5433200790590855	14.091772151898734	4453	2.693293655650102	3404.3231807417287
chr3	183880001	183905000	chr3	183880001	184290000	410000	25000	12.063414634146342	97.0%	0.022	2.533625100223386	0.0235	2.533625100223386	12.06341463414634	4946	2.2733835569229717	4660.436291692092
chr6	137305001	137325000	chr6	137075001	137325000	250000	20000	20.655	98.0%	0.0305	2.5325449951029904	0.0335	2.5325449951029904	20.655	4131	2.466356404808702	1973.0851238469616
chr3	24250001	24270000	chr3	24250001	24690000	440000	20000	12.005681818181818	96.0%	0.093	2.529826583305764	0.1	2.5298265833057636	12.005681818181818	4226	2.8215363729113774	3972.7232130592192
chr10	9280001	9305000	chr10	7685001	9305000	1620000	25000	3.848148148148148	96.0%	0.054	2.525900741028474	0.056	2.525900741028474	3.848148148148148	6234	4.65360333620542	37694.187023263905
chr9	6295001	6320000	chr9	6040001	6320000	280000	25000	16.535714285714285	97.0%	0.0445	2.5244518545385297	0.0495	2.5244518545385297	16.535714285714285	4630	2.969743118407143	4157.64036577
chr6	47290001	47315000	chr6	47095001	47315000	220000	25000	22.30454545454545	95.0%	0.011	2.5243832381292526	0.0115	2.5243832381292526	22.304545454545455	4907	2.4160871045808037	2657.695815038884
chr11	3440001	3475000	chr11	3440001	3850000	410000	35000	14.386759581881533	95.0%	0.0245	2.523664313570705	0.025	2.523664313570705	14.386759581881533	8258	2.25541242734737	9062.247133081733
chr17	420001	440000	chr17	420001	700000	280000	20000	16.770408163265305	96.0%	0.0265	2.5198858378910143	0.028	2.5198858378910143	14.674107142857142	3287	1.8695982649152583	1675.1600453640715
chr4	119030001	119050000	chr4	119030001	119300000	270000	20000	20.78240740740741	97.0%	0.0115	2.5185846751730234	0.012	2.5185846751730234	20.78240740740741	4489	3.038295452771003	2625.0872711941465
chr12	19735001	19760000	chr12	19735001	20615000	880000	25000	6.17840909090909	96.0%	0.0325	2.518536355496991	0.0335	2.518536355496991	6.178409090909091	5437	2.833608667976419	12467.878139096243
chr1	52115001	52145000	chr1	52115001	52405000	290000	30000	16.71264367816092	98.0%	0.062	2.5114743336962917	0.064	2.5114743336962913	16.71264367816092	5816	2.5146790883898897	5250.649936558089
chr1	206970001	206990000	chr1	206600001	206990000	390000	20000	13.522435897435898	96.0%	0.0505	2.504930090934022	0.055	2.504930090934022	13.522435897435898	4219	2.481360864337715	3096.7383586934684
chr8	101285001	101305000	chr8	100825001	101305000	480000	20000	11.791666666666666	97.0%	0.018	2.502948517625883	0.0195	2.502948517625883	11.791666666666666	4528	2.5185666344909756	3868.518350578139
chr8	119075001	119100000	chr8	119075001	119440000	365000	25000	14.898630136986302	95.0%	0.029	2.4978751817658207	0.031	2.4978751817658207	14.898630136986302	5438	2.7275990941765587	4977.868346872219
chr19	33225001	33245000	chr19	33225001	33415000	190000	20000	20.05921052631579	97.0%	0.023	2.495409189164081	0.025500000000000002	2.495409189164081	20.05921052631579	3049	2.4883121868160987	1512.893809584188
chr10	4745001	4775000	chr10	3705001	4775000	1070000	30000	5.257009345794392	96.0%	0.0335	2.493572274226458	0.034	2.493572274226458	5.257009345794392	6750	2.4686391726509544	19018.396186102953
chr12	95105001	95125000	chr12	95105001	95545000	440000	20000	12.821022727272728	95.0%	0.035	2.4931263772187298	0.037	2.4931263772187298	12.821022727272727	4513	2.6346880892943028	3709.6408297263783
chr9	27020001	27045000	chr9	27020001	27285000	265000	25000	17.162264150943397	96.0%	0.061	2.492115342121324	0.065	2.492115342121324	17.162264150943397	4548	2.8649085440074478	3796.0038208098686
chr17	21815001	21835000	chr17	21440001	21835000	395000	20000	13.24025974025974	95.0%	0.04	2.490569688824834	0.044	2.490569688824834	12.905063291139241	4078	1.577505526158606	1993.966985064478
chr1	40935001	40965000	chr1	40760001	40965000	205000	30000	23.40650406504065	95.0%	0.022	2.4878739232225424	0.025	2.4878739232225424	23.40650406504065	5758	2.283191864107149	3369.991191422152
chr16	31430001	31450000	chr16	30965001	31450000	485000	20000	9.27319587628866	95.0%	0.034	2.4857779985749677	0.035	2.4857779985749673	9.27319587628866	3598	2.520202191753977	3911.353801602172
chr18	58310001	58335000	chr18	58115001	58335000	220000	25000	19.672727272727272	95.0%	0.025	2.4827742985958	0.027	2.4827742985958	19.672727272727272	4328	1.9505504609485476	2145.605507043402
chr6	131105001	131125000	chr6	130885001	131125000	240000	20000	20.97395833333333	98.0%	0.034	2.482232676128331	0.0365	2.482232676128331	20.973958333333332	4027	2.9815626565896665	2289.840120260864
chr7	22720001	22735000	chr7	22550001	22735000	185000	15000	25.87387387387388	98.0%	0.052	2.481503529509817	0.058	2.481503529509817	25.873873873873872	2872	3.2892658879933054	1095.3255407017707
chr21	40110001	40130000	chr21	39860001	40130000	270000	20000	14.476851851851851	95.0%	0.055	2.472298684479633	0.061	2.472298684479633	14.476851851851851	3127	2.725209234358979	2354.5807784861577
chr4	144160001	144180000	chr4	144160001	145265000	1105000	20000	5.764705882352941	95.0%	0.071	2.4694045066826766	0.076	2.4694045066826766	5.764705882352941	5096	3.8836560140656307	13732.60766573607
chr11	12965001	12985000	chr11	12965001	13190000	225000	20000	24.13888888888889	98.0%	0.029	2.465925016133307	0.031	2.465925016133307	24.13888888888889	4345	2.7555793664692896	1984.0171438578886
chr12	104370001	104390000	chr12	104370001	105005000	635000	20000	8.114173228346457	95.0%	0.048	2.463898507717172	0.051	2.463898507717172	8.114173228346457	4122	2.602862497044979	5289.016593995398
chr12	14835001	14855000	chr12	14835001	15275000	440000	20000	12.616477272727272	96.0%	0.0395	2.459854348953685	0.043	2.4598543489536855	12.616477272727273	4441	2.3292177094055635	3279.5385348430336
chr3	171820001	171840000	chr3	171565001	171840000	275000	20000	17.931818181818183	96.0%	0.019	2.456972110135082	0.02	2.456972110135082	17.931818181818183	3945	1.9433726763522423	1710.1679551899733
chr4	7975001	7995000	chr4	7760001	7995000	235000	20000	17.51063829787234	97.0%	0.027	2.4558335674629634	0.028	2.4558335674629634	17.51063829787234	3292	2.067380785646575	1554.6703508062242
chr1	120130001	120150000	chr1	119820001	120150000	330000	20000	7.515151515151516	95.0%	0.0925	2.453370067036544	0.0965	2.453370067036544	7.515151515151516	1984	1.6023630008973608	1692.095328947613
chr5	72125001	72155000	chr5	72125001	72310000	185000	30000	26.986486486486484	98.0%	0.011	2.445649743545381	0.012	2.4456497435453812	26.986486486486488	5991	2.202873406697134	2934.2273777205824
chr1	248605001	248625000	chr1	248605001	248930000	325000	20000	13.607692307692307	95.0%	0.025	2.440539574441242	0.028	2.440539574441242	13.607692307692307	3538	1.7283212033591353	1797.4540514935006
chr11	12015001	12040000	chr11	11785001	12040000	255000	25000	20.768627450980397	95.0%	0.019	2.4397857279922546	0.022	2.4397857279922546	20.768627450980393	5296	1.9420748038031697	2476.145374849041
chr15	85280001	85305000	chr15	85280001	85735000	455000	25000	11.173626373626371	95.0%	0.041	2.437854381675856	0.045	2.437854381675856	11.173626373626373	5084	2.868404112358223	6525.619355614957
chr16	57995001	58015000	chr16	57560001	58015000	455000	20000	9.574175824175825	95.0%	0.035	2.437079505679554	0.038	2.437079505679554	9.574175824175825	3485	2.394657803309531	3486.621761618677
chr2	177145001	177170000	chr2	177145001	177775000	630000	25000	7.911111111111111	97.0%	0.0215	2.4355064521643857	0.023	2.4355064521643857	7.911111111111111	4984	2.0102864117574493	6332.4021970359645
chr9	19010001	19035000	chr9	17815001	19035000	1220000	25000	5.033606557377049	95.0%	0.062	2.430494839607695	0.062	2.430494839607695	5.033606557377049	6141	3.9146847180217996	23879.576779932977
chr5	149095001	149125000	chr5	148725001	149125000	400000	30000	13.825	95.0%	0.033	2.428550267206652	0.035	2.428550267206652	13.825	6636	2.3791560043029145	6851.969292392394
chr7	39730001	39755000	chr7	39565001	39755000	190000	25000	24.510526315789477	98.0%	0.0385	2.428134182251726	0.0415	2.428134182251726	24.510526315789473	4657	2.5553984002736296	2427.628480259948
chr4	55720001	55740000	chr4	55320001	55740000	420000	20000	11.401785714285714	95.0%	0.028	2.423183595871651	0.028999999999999998	2.423183595871651	11.401785714285714	3831	2.0636014000143676	2773.48028161931
chr14	65395001	65415000	chr14	65150001	65415000	265000	20000	17.089622641509433	96.0%	0.038	2.418849730301392	0.04	2.418849730301392	17.089622641509433	3623	2.5337515701064475	2148.6213314502675
chr5	149975001	149995000	chr5	149665001	149995000	330000	20000	16.678030303030305	97.0%	0.035	2.413941486079345	0.0365	2.413941486079345	16.678030303030305	4403	2.1701813339834928	2291.7114886865684
chr18	41360001	41390000	chr18	40485001	41390000	905000	30000	6.5902394106814	96.0%	0.033	2.413077674265508	0.036	2.4130776742655082	6.5902394106813995	7157	2.779426948464165	18110.745996192498
chr1	227465001	227485000	chr1	227465001	227965000	500000	20000	9.22	96.0%	0.044	2.4123981617635937	0.048	2.4123981617635937	9.22	3688	2.1901902005268954	3504.3043208430327
chr10	21270001	21290000	chr10	21270001	21615000	345000	20000	13.347826086956522	97.0%	0.027	2.406168584971045	0.027	2.406168584971045	13.347826086956522	3684	1.9060108549602437	2104.235983876109
chr9	27255001	27290000	chr9	26875001	27290000	415000	35000	12.196213425129088	95.0%	0.05	2.4045628895754527	0.052	2.4045628895754527	12.196213425129088	7086	2.5526603017024216	10381.669447023749
chr11	13760001	13780000	chr11	13760001	14150000	390000	20000	12.887820512820513	95.0%	0.0404999999999999	2.4021380267400976	0.041999999999999996	2.4021380267400976	12.887820512820513	4021	2.3798625467248997	2970.068458312675
chr6	30220001	30240000	chr6	30220001	30460000	240000	20000	20.875	96.0%	0.0275	2.3992595417557614	0.0285	2.3992595417557614	20.875	4008	2.094851098266894	1608.8456434689745
chr3	56695001	56715000	chr3	56695001	57090000	395000	20000	12.613924050632912	95.0%	0.038	2.3977270148331784	0.041	2.3977270148331784	12.613924050632912	3986	2.402707111039859	3037.021788354382
chr3	41850001	41885000	chr3	40635001	41885000	1250000	35000	4.646857142857143	97.0%	0.0305	2.3975592452072303	0.033	2.3975592452072303	4.646857142857143	8132	2.802858483211881	34335.01641934554
chr12	105040001	105060000	chr12	104600001	105060000	460000	20000	10.983695652173912	95.0%	0.027	2.3949349877220114	0.028	2.3949349877220114	10.983695652173912	4042	1.961433904347867	2887.2307072000604
chr20	46120001	46140000	chr20	46120001	46485000	365000	20000	13.030821917808218	97.0%	0.075	2.3917475904678693	0.075	2.3917475904678693	13.030821917808218	3805	2.769905747868088	3235.249913509927
chr12	95520001	95540000	chr12	95055001	95540000	485000	20000	11.015463917525771	95.0%	0.045	2.382976062822862	0.046	2.382976062822862	11.015463917525773	4274	2.74132300440408	4254.533302835132
chr2	118875001	118890000	chr2	118875001	119320000	445000	15000	10.0187265917603	97.0%	0.021	2.3826777573471927	0.022	2.3826777573471927	10.0187265917603	2675	1.7730545117895329	1420.2166639434158
chr21	8990001	9025000	chr21	8990001	9195000	205000	35000	61.58885017421603	95.0%	0.052	2.381323425755635	0.058	2.381323425755635	61.58885017421603	17676	2.698786347586646	5421.861772301571
chr1	37670001	37690000	chr1	37445001	37690000	245000	20000	18.168367346938776	95.0%	0.027	2.379527620769062	0.031	2.379527620769062	18.168367346938776	3561	1.9446194154028111	1524.581621675804
chr18	36255001	36290000	chr18	36005001	36290000	285000	35000	17.140350877192983	95.0%	0.031	2.365425389682504	0.031	2.3654253896825037	17.140350877192983	6839	2.2176434311974798	6193.878103334561
chr3	72810001	72835000	chr3	71870001	72835000	965000	25000	5.95440414507772	95.0%	0.054	2.364049403716296	0.055	2.364049403716296	5.95440414507772	5746	3.1452835808592328	15175.993277645799
chr12	47000001	47025000	chr12	45995001	47025000	1030000	25000	8.55242718446602	95.0%	0.033	2.361074950665667	0.033	2.361074950665667	8.55242718446602	8809	3.9059447679000323	20115.615554685166
chr2	69010001	69035000	chr2	69010001	69580000	570000	25000	14.850877192982455	96.0%	0.0595	2.3555117620376733	0.0605	2.3555117620376733	14.850877192982455	8465	3.2313923562531297	9209.46821532142
chr9	97595001	97615000	chr9	97385001	97615000	230000	20000	20.21195652173913	97.0%	0.0195	2.3529625030408856	0.02	2.3529625030408856	20.21195652173913	3719	2.442111734841602	1797.394236843419
chr1	13225001	13250000	chr1	13225001	13445000	220000	25000	18.6	98.0%	0.0305	2.3519514997764897	0.0345	2.3519514997764897	18.6	4092	1.1738347116389993	1291.2181828028993
chr14	90290001	90315000	chr14	90290001	90770000	480000	25000	10.7625	97.0%	0.06	2.3505923206096493	0.063	2.3505923206096493	10.7625	5166	2.5226698578495843	6054.407658839003
chr7	11825001	11850000	chr7	11825001	12530000	705000	25000	7.753191489361702	97.0%	0.089	2.3505856036788244	0.087	2.3505856036788244	7.753191489361702	5466	2.782156081681205	9807.100187926248
chr1	160095001	160115000	chr1	160095001	160300000	205000	20000	22.701219512195124	97.0%	0.01	2.34999012095252	0.01	2.34999012095252	22.701219512195124	3723	2.441316349645483	1601.5035253674366
chr14	58055001	58075000	chr14	57450001	58075000	625000	20000	8.266	96.0%	0.035	2.3484257218715445	0.037	2.3484257218715445	8.266	4133	3.0456397273632136	6091.2794547264275
chr11	17050001	17070000	chr11	16775001	17070000	295000	20000	16.51271186440678	95.0%	0.03	2.3481660787987857	0.032	2.3481660787987857	16.51271186440678	3897	2.2807885967783808	2153.0644353587913
chr4	56785001	56805000	chr4	56575001	56805000	230000	20000	19.619565217391305	97.0%	0.014	2.344923598850384	0.0155	2.3449235988503836	19.619565217391305	3610	2.1252545845861857	1564.1873742554326
chr7	17300001	17320000	chr7	17300001	17670000	370000	20000	13.06081081081081	95.0%	0.0404999999999999	2.3431554741741083	0.0445	2.3431554741741083	13.06081081081081	3866	2.5735118693044945	3047.0380532565214
chr1	109385001	109410000	chr1	109185001	109410000	225000	25000	21.52888888888889	95.0%	0.044	2.340563982922931	0.049	2.340563982922931	21.52888888888889	4844	2.1895270096180335	2463.217885820288
chr5	96745001	96765000	chr5	96745001	97175000	430000	20000	12.354651162790695	95.0%	0.032	2.3402764457361886	0.035500000000000004	2.3402764457361886	12.354651162790697	4250	2.344355045216515	3225.8325422179246
chr12	9030001	9050000	chr12	8660001	9050000	390000	20000	12.496794871794872	96.0%	0.019	2.340246957729632	0.02	2.340246957729632	12.496794871794872	3899	2.1704178684479505	2708.681499823042
chr2	210190001	210210000	chr2	209870001	210210000	340000	20000	14.852941176470589	97.0%	0.0325	2.3376822896526326	0.034	2.3376822896526326	14.852941176470589	4040	2.3678440246318155	2576.2142987994152
chr1	207080001	207100000	chr1	207080001	207505000	425000	20000	12.291176470588235	98.0%	0.06	2.333455190716493	0.067	2.3334551907164935	12.291176470588235	4179	3.5669473691620355	4851.0484220603685
chr12	12690001	12710000	chr12	12025001	12710000	685000	20000	8.498175182481752	98.0%	0.042	2.333372361391424	0.043	2.333372361391424	8.498175182481752	4657	3.023378563120803	6627.2458103608005
chr10	77165001	77185000	chr10	77165001	77710000	545000	20000	10.454128440366972	98.0%	0.037	2.323317401028408	0.038	2.3233174010284077	10.454128440366972	4558	3.5027902941106563	6108.8662729289845
chr2	48085001	48105000	chr2	47735001	48105000	370000	20000	19.93243243243243	97.0%	0.0505	2.321075143871929	0.055	2.3210751438719295	19.93243243243243	5900	2.29521102736977	2717.529856405808
chr7	143200001	143215000	chr7	142830001	143215000	385000	15000	14.987012987012989	96.0%	0.033	2.3082107366212536	0.036	2.3082107366212536	14.987012987012987	3462	2.829759340845344	1961.0232232058236
chr6	26330001	26350000	chr6	26330001	26595000	265000	20000	19.07547169811321	98.0%	0.031	2.306461909554566	0.035	2.306461909554566	19.07547169811321	4044	2.5114115917228066	2129.67702978094
chr12	76445001	76470000	chr12	75470001	76470000	1000000	25000	5.589	98.0%	0.0895	2.3056067501426525	0.09	2.3056067501426525	5.589	5589	2.9707850828115623	14853.92541405781
chr7	116245001	116265000	chr7	116245001	116665000	420000	20000	13.607142857142858	96.0%	0.0805	2.297727046572344	0.0825	2.297727046572344	13.607142857142858	4572	3.8008720291274805	5108.3720071473335
chr5	56270001	56290000	chr5	56270001	56900000	630000	20000	9.716269841269842	97.0%	0.0345	2.294266213991966	0.0375	2.294266213991966	9.716269841269842	4897	3.5618395270251804	7180.668486482764
chr2	149590001	149620000	chr2	149590001	150515000	925000	30000	6.39009009009009	95.0%	0.04	2.28626013740849	0.043	2.28626013740849	6.39009009009009	7093	2.4692851876245228	16445.439349579323
chr18	3660001	3680000	chr18	3265001	3680000	415000	20000	11.319277108433734	97.0%	0.058	2.2831314413406663	0.063	2.2831314413406663	11.319277108433734	3758	2.5923704901424593	3442.668010909186
chr3	48135001	48155000	chr3	47795001	48155000	360000	20000	13.850694444444445	96.0%	0.053	2.2778611589589413	0.056499999999999995	2.2778611589589413	13.850694444444445	3989	2.0178298014091616	2324.539931223354
chr3	32130001	32150000	chr3	31650001	32150000	500000	20000	10.9425	97.0%	0.0225	2.2761752217027293	0.0235	2.2761752217027293	10.9425	4377	1.9179845981135657	3068.775356981705
chr1	39090001	39110000	chr1	39090001	39410000	320000	20000	13.67578125	96.0%	0.03	2.275631370242432	0.034	2.2756313702424316	13.67578125	3501	2.482067680655008	2541.6373049907284
chr1	62390001	62410000	chr1	62160001	62410000	250000	20000	20.295	97.0%	0.048	2.2748160904121564	0.052500000000000005	2.2748160904121564	20.295	4059	3.055338429217516	2444.270743374013
chr3	86765001	86785000	chr3	86765001	87295000	530000	20000	9.379716981132075	95.0%	0.065	2.2720339046137363	0.068	2.2720339046137363	9.379716981132075	3977	2.3802092411338736	4036.8348729630493
chr7	129630001	129650000	chr7	129340001	129650000	310000	20000	15.193548387096774	97.0%	0.0305	2.2701585345141937	0.0335	2.2701585345141937	15.193548387096774	3768	2.180114380486118	2162.673465442229
chr8	18200001	18220000	chr8	18200001	18875000	675000	20000	9.322222222222225	96.0%	0.04	2.268745668007141	0.044	2.268745668007141	9.322222222222223	5034	3.9010706617808166	8426.312629446564
chr1	223670001	223690000	chr1	223085001	223690000	605000	20000	9.607142857142858	97.0%	0.026	2.2664774769326157	0.028	2.2664774769326153	8.892561983471074	4304	2.5204842066350315	4879.657424045421
chr14	91650001	91670000	chr14	91650001	91920000	270000	20000	17.89351851851852	97.0%	0.0435	2.2649399332522013	0.047	2.2649399332522013	17.89351851851852	3865	2.805705847540622	2424.129852275097
chr3	62865001	62885000	chr3	62865001	63135000	270000	20000	16.75925925925926	97.0%	0.03	2.2634985769452456	0.0335	2.2634985769452456	16.75925925925926	3620	2.169705705566998	1874.6257296098865
chr20	805001	825000	chr20	805001	975000	170000	20000	22.301470588235293	95.0%	0.045	2.2632544323078823	0.047	2.2632544323078823	22.301470588235293	3033	2.394355708996171	1302.5295056939171
chr21	38110001	38130000	chr21	37695001	38130000	435000	20000	11.672413793103448	96.0%	0.066	2.25994045148769	0.068	2.25994045148769	11.672413793103448	4062	4.731817456905244	6586.689900012099
chr8	18670001	18690000	chr8	18270001	18690000	420000	20000	12.008928571428571	97.0%	0.026	2.257679590283652	0.0275	2.257679590283652	12.008928571428571	4035	2.3302829588978575	3131.9002967587203
chr8	38945001	38970000	chr8	38810001	38970000	160000	25000	29.7875	97.0%	0.0165	2.256510361221148	0.0185	2.2565103612211477	29.7875	4766	2.4018176095204398	1921.4540876163517
chr20	45270001	45295000	chr20	45040001	45295000	255000	25000	19.015686274509804	96.0%	0.029	2.251739946931702	0.029	2.251739946931702	19.015686274509804	4849	2.229546066437981	2842.671234708426
chr4	140835001	140855000	chr4	140505001	140855000	350000	20000	14.7	98.0%	0.0165	2.245444323735448	0.0175	2.2454443237354473	14.7	4116	2.443540856679596	2736.7657594811476
chr4	16010001	16040000	chr4	16010001	16280000	270000	30000	18.62345679012346	95.0%	0.048	2.245304020995865	0.051000000000000004	2.2453040209958646	18.623456790123456	6034	2.4835644981300677	4828.049384364852
chr2	57750001	57770000	chr2	57750001	58765000	1015000	20000	9.39655172413793	96.0%	0.037	2.2443121296212367	0.04	2.2443121296212367	9.39655172413793	7630	4.888864728033814	15879.032636653828
chr6	49835001	49860000	chr6	49405001	49860000	455000	25000	11.797802197802197	95.0%	0.04	2.2400029056494564	0.045	2.2400029056494564	11.797802197802199	5368	2.4288865492193064	5525.716899473922
chr7	43690001	43715000	chr7	43435001	43715000	280000	25000	17.67142857142857	97.0%	0.0204999999999999	2.235892369300649	0.0215	2.235892369300649	17.67142857142857	4948	1.9683035490366114	2755.624968651256
chr9	98255001	98275000	chr9	97925001	98275000	350000	20000	13.164285714285716	96.0%	0.036	2.23485485535094	0.039	2.23485485535094	13.164285714285715	3686	2.3374151167479553	2617.90493075771
chr11	27455001	27490000	chr11	27255001	27490000	235000	35000	19.595744680851062	97.0%	0.016	2.2329816163086216	0.018	2.2329816163086216	19.595744680851062	6447	1.8967635468168222	4368.246448319142
chr17	65285001	65305000	chr17	65285001	65455000	170000	20000	24.86764705882353	98.0%	0.022	2.232364754343233	0.024	2.232364754343233	24.86764705882353	3382	2.5265011423545682	1374.4166214408851
chr9	100700001	100720000	chr9	100700001	101320000	620000	20000	8.997983870967742	95.0%	0.0455	2.2319767021844448	0.0475	2.2319767021844448	8.997983870967742	4463	4.1154543880209244	8165.061505833513
chr8	110820001	110840000	chr8	110820001	111335000	515000	20000	10.150485436893204	96.0%	0.034	2.2306425657513804	0.038	2.2306425657513804	10.150485436893204	4182	2.6549570362965347	4375.369195816689
chr9	104165001	104190000	chr9	104165001	104730000	565000	25000	9.775221238938054	95.0%	0.073	2.230279912878615	0.075	2.230279912878615	9.775221238938054	5523	2.888620249799559	8160.352205683754
chr12	66075001	66095000	chr12	65545001	66095000	550000	20000	10.13181818181818	97.0%	0.025	2.226821304161551	0.028	2.226821304161551	10.131818181818181	4458	2.520890001009545	4436.766401776799
chr4	38175001	38195000	chr4	38175001	38745000	570000	20000	9.75438596491228	99.0%	0.0385	2.2257994667785903	0.039999999999999994	2.2257994667785903	9.75438596491228	4448	3.0603241926216933	5582.031327341969
chr3	97785001	97820000	chr3	97785001	98030000	245000	35000	19.68221574344023	98.0%	0.085	2.22432679205942	0.085	2.22432679205942	19.682215743440235	6751	2.5490337074097047	6120.229931490701
chr6	144580001	144600000	chr6	144580001	145175000	595000	20000	10.298319327731091	96.0%	0.053	2.2237333103306307	0.056	2.2237333103306307	10.298319327731093	4902	3.4792206625547566	6624.436141504257
chr6	109055001	109080000	chr6	108725001	109080000	355000	25000	13.783098591549296	96.0%	0.022	2.2205276221429817	0.023	2.2205276221429817	13.783098591549296	4893	1.8602628099059275	3301.9664875830213
chr4	108010001	108035000	chr4	108010001	108575000	565000	25000	10.292035398230087	97.0%	0.049	2.220402553161641	0.052	2.220402553161641	10.29203539823009	5815	3.0987284860290862	8753.907973032168
chr5	159145001	159170000	chr5	159145001	159440000	295000	25000	16.454237288135594	97.0%	0.035	2.216741844456346	0.036	2.216741844456346	16.454237288135594	4854	1.9810157012328609	2921.99815931847
chr6	61380001	61415000	chr6	61155001	61415000	260000	35000	19.04968944099379	98.0%	0.0175	2.214687371618933	0.0195	2.2146873716189335	16.85164835164835	6134	0.9932608937408949	2530.8287572518
chr6	24680001	24705000	chr6	24415001	24705000	290000	25000	17.90344827586207	95.0%	0.0225	2.2117715833197003	0.023	2.2117715833197003	17.90344827586207	5192	2.1120541131222312	3062.478464027235
chr2	224765001	224795000	chr2	224320001	224795000	475000	30000	11.429824561403509	95.0%	0.021	2.2109797175027284	0.021	2.2109797175027284	11.429824561403509	6515	2.175842735841286	7441.382156577199
chr10	11970001	11990000	chr10	11775001	11990000	215000	20000	21.709302325581397	97.0%	0.03	2.207476486955608	0.033	2.2074764869556076	21.709302325581394	3734	2.3547062393875158	1620.037892698611
chr12	52980001	53005000	chr12	52105001	53005000	900000	25000	5.67	95.0%	0.028	2.2066933511788487	0.0305	2.2066933511788487	5.67	5103	2.0926984657923215	9417.143096065447
chr2	133875001	133895000	chr2	133875001	134540000	665000	20000	7.68984962406015	96.0%	0.028	2.206395549053908	0.03	2.206395549053908	7.68984962406015	4091	1.7801085602965392	3788.0710163110352
chr4	6705001	6725000	chr4	6705001	7090000	385000	20000	12.285714285714286	95.0%	0.024	2.206338803474416	0.026	2.2063388034744156	12.285714285714286	3784	1.9785772181609125	2437.6071327742443
chr4	155345001	155370000	chr4	154800001	155370000	570000	25000	9.159649122807018	95.0%	0.0395	2.204494896961475	0.043	2.204494896961475	9.159649122807018	5221	2.8671873057033466	8171.483821254538
chr11	44885001	44905000	chr11	44625001	44905000	280000	20000	16.700892857142858	95.0%	0.02	2.201021550371374	0.0215	2.201021550371374	16.700892857142858	3741	1.991591816534972	1784.4662676153348
chr10	24625001	24650000	chr10	24625001	25095000	470000	25000	10.240425531914893	97.0%	0.055	2.200244973290981	0.0565	2.200244973290981	10.240425531914894	4813	2.706449064972487	6360.155302685344
chr6	82255001	82280000	chr6	82255001	82800000	545000	25000	9.491743119266054	97.0%	0.029	2.200156442406116	0.031	2.200156442406116	9.491743119266054	5173	2.3517374279170267	6408.4844910738975
chr11	34345001	34365000	chr11	33795001	34365000	570000	20000	9.12719298245614	95.0%	0.031	2.199021707997783	0.0335	2.199021707997783	9.12719298245614	4162	2.4372489875090486	4445.542153216505
chr16	68895001	68915000	chr16	68895001	69130000	235000	20000	19.31914893617021	96.0%	0.077	2.196538588432172	0.083	2.1965385884321718	19.319148936170212	3632	3.2260502477766355	2425.98978632803
chr8	73295001	73320000	chr8	73295001	73665000	370000	25000	14.043243243243245	95.0%	0.032	2.194010735874526	0.0345	2.194010735874526	14.043243243243243	5196	2.056257823640766	3804.0769737354167
chr18	49850001	49875000	chr18	49495001	49875000	380000	25000	12.284210526315787	95.0%	0.033	2.19029907335386	0.036500000000000005	2.19029907335386	12.284210526315789	4668	2.3303748874713617	4427.712286195587
chr6	21575001	21595000	chr6	20885001	21595000	710000	20000	6.742957746478873	97.0%	0.031	2.1866886954305325	0.0325	2.1866886954305325	6.742957746478873	3830	2.3391676698595694	5314.588945920941
chr2	166520001	166550000	chr2	166520001	167350000	830000	30000	6.734939759036145	95.0%	0.0655	2.18417417569775	0.067	2.18417417569775	6.734939759036145	6708	2.6476461463876784	15822.333370812767
chr18	24720001	24740000	chr18	24475001	24740000	265000	20000	16.245283018867923	95.0%	0.032	2.182015881824031	0.035	2.182015881824031	16.245283018867923	3444	2.1856972097246055	1853.4712338464653
chr7	70675001	70705000	chr7	70050001	70705000	655000	30000	7.805343511450381	95.0%	0.045	2.175401977317565	0.047	2.1754019773175646	7.805343511450381	6135	2.4596603670115442	11599.758290826443
chr6	145610001	145645000	chr6	144960001	145645000	685000	35000	9.092805005213764	95.0%	0.046	2.1723369124781824	0.051	2.1723369124781824	9.092805005213764	8720	2.6520047000692313	17802.90755156475
chr12	77910001	77930000	chr12	77585001	77930000	345000	20000	15.880434782608695	96.0%	0.045	2.1711031998923587	0.046	2.1711031998923587	15.880434782608695	4383	2.766070490665813	3053.7418216950573
chr19	2465001	2485000	chr19	2465001	2630000	165000	20000	21.96212121212121	97.0%	0.015	2.170635475531795	0.016	2.170635475531795	21.96212121212121	2899	2.384312492078024	1258.9169958171967
chr2	225625001	225660000	chr2	225005001	225660000	655000	35000	9.654307524536533	95.0%	0.071	2.168778917793227	0.076	2.168778917793227	9.654307524536533	8853	2.715618955292279	17431.55807402114
chr6	7225001	7245000	chr6	6675001	7245000	570000	20000	9.471491228070176	95.0%	0.0265	2.1682358829371857	0.028	2.1682358829371857	9.471491228070175	4319	2.84109116062809	5182.150276985636
chr8	8265001	8285000	chr8	8265001	8465000	200000	20000	21.6125	98.0%	0.0245	2.165352021802428	0.028	2.165352021802428	21.6125	3458	1.87458906771217	1199.7370033357888
chr6	14450001	14470000	chr6	14450001	14685000	235000	20000	28.904255319148938	97.0%	0.032	2.164580894364323	0.036	2.164580894364323	28.904255319148938	5434	2.7141710856321635	2041.0566563953869
chr7	85040001	85060000	chr7	85040001	85860000	820000	20000	7.400914634146342	96.0%	0.0695	2.164242271288794	0.0745	2.164242271288794	7.400914634146342	4855	3.8618894914421946	10133.59802554432
chr4	176325001	176350000	chr4	175860001	176350000	490000	25000	10.520408163265303	97.0%	0.0315	2.163440825579599	0.0325	2.163440825579599	10.520408163265307	5155	2.016049230373304	4939.320614414595
chr12	26005001	26030000	chr12	25390001	26030000	640000	25000	8.975	96.0%	0.0385	2.151159257960448	0.041499999999999995	2.151159257960448	8.975	5744	3.0772616267625312	9847.2372056401
chr10	58770001	58790000	chr10	58770001	59630000	860000	20000	7.132267441860465	96.0%	0.04	2.1484507554247583	0.040999999999999995	2.1484507554247583	7.132267441860465	4907	3.5663282441710313	9814.535327958678
chr13	100220001	100240000	chr13	99910001	100240000	330000	20000	14.75	95.0%	0.0345	2.148407018579076	0.038	2.1484070185790762	14.75	3894	2.8345661980827126	2993.3019051753445
chr13	34055001	34090000	chr13	33810001	34090000	280000	35000	17.428571428571427	95.0%	0.035	2.147208110527408	0.036500000000000005	2.147208110527408	17.428571428571427	6832	2.283507652819614	6265.944999337021
chr5	122515001	122535000	chr5	122515001	123420000	905000	20000	6.697513812154696	95.0%	0.052	2.1426476944233857	0.054	2.1426476944233857	6.697513812154696	4849	3.2106352181681963	9297.999591815096
chr14	55430001	55455000	chr14	55430001	56480000	1050000	25000	5.001904761904762	95.0%	0.048	2.1424960053166835	0.049	2.1424960053166835	5.001904761904762	5252	3.593040019739407	18863.460103631885
chr11	14285001	14310000	chr11	14285001	14490000	205000	25000	23.20487804878049	97.0%	0.02	2.1405100390950347	0.021	2.1405100390950347	23.204878048780486	4757	1.8999036503799787	1947.401241639478
chr5	147945001	147960000	chr5	147945001	148175000	230000	15000	17.55072463768116	97.0%	0.0655	2.1404201547071424	0.07100000000000001	2.1404201547071424	17.55072463768116	2422	2.5615341474731954	1060.475137053903
chr20	4560001	4595000	chr20	4095001	4595000	500000	35000	11.304285714285712	96.0%	0.0584999999999999	2.1384222670986817	0.061	2.1384222670986817	11.304285714285715	7913	2.7946498879253876	13693.784450834399
chr7	98160001	98190000	chr7	97895001	98190000	295000	30000	17.559322033898304	95.0%	0.041	2.137366753468394	0.045	2.137366753468394	17.559322033898304	6216	2.052649379708517	4359.82728250089
chr12	50490001	50515000	chr12	50490001	50760000	270000	25000	17.462962962962962	95.0%	0.0315	2.1330269215491064	0.032	2.1330269215491064	17.462962962962962	4715	2.2751033333902186	3071.3895000767952
chr16	78110001	78135000	chr16	78110001	78520000	410000	25000	11.73170731707317	95.0%	0.038	2.130054185094423	0.039999999999999994	2.130054185094423	11.731707317073171	4810	2.458952820810309	5040.853282661134
chr2	47750001	47780000	chr2	46915001	47780000	865000	30000	9.44894026974952	95.0%	0.096	2.1278909500293155	0.098	2.1278909500293155	9.448940269749519	9808	2.3508678473309157	14641.204953176943
chr20	25390001	25410000	chr20	25155001	25410000	255000	20000	15.799019607843135	97.0%	0.027	2.126341462272768	0.03	2.1263414622727677	15.799019607843137	3223	1.8073105859610914	1474.7654381442505
chr3	185980001	186000000	chr3	185980001	186550000	570000	20000	10.300438596491228	95.0%	0.0515	2.1257968557233617	0.053000000000000005	2.1257968557233617	10.300438596491228	4697	2.8835449964531525	5259.5860735305505
chr2	45625001	45650000	chr2	45625001	46000000	375000	25000	20.010666666666665	97.0%	0.035	2.1236300600463958	0.036	2.1236300600463953	20.010666666666665	7504	2.783432158363586	5218.935296931724
chr3	32915001	32940000	chr3	32695001	32940000	245000	25000	19.1265306122449	96.0%	0.027	2.1208542483305504	0.028	2.1208542483305504	19.1265306122449	4686	2.012183062608652	2464.9242516955983
chr2	109705001	109735000	chr2	109515001	109735000	220000	30000	21.738636363636363	95.0%	0.0035	2.1187236412816137	0.0045000000000000005	2.1187236412816137	21.738636363636363	5739	1.8977712301461442	3006.0696285514923
chr12	27925001	27950000	chr12	27720001	27950000	230000	25000	21.03913043478261	95.0%	0.021	2.113261675485929	0.0225	2.113261675485929	21.03913043478261	4839	2.214167211048573	2546.292292705859
chr1	61840001	61860000	chr1	61430001	61860000	430000	20000	12.375	96.0%	0.038	2.112556315868189	0.042499999999999996	2.1125563158681895	12.375	4257	2.419864777628248	3329.733934016469
chr9	19440001	19460000	chr9	19020001	19460000	440000	20000	11.360795454545457	96.0%	0.046	2.111107510119222	0.048	2.111107510119222	11.360795454545455	3999	2.4612764372856746	3465.47722369823
chr15	68145001	68165000	chr15	67865001	68165000	300000	20000	16.004166666666666	95.0%	0.0505	2.110905840944704	0.054	2.110905840944704	16.004166666666666	3841	3.041351035523116	2919.6969941021916
chr10	5435001	5455000	chr10	5435001	5765000	330000	20000	14.401515151515152	97.0%	0.0335	2.108888614394226	0.036000000000000004	2.108888614394226	14.401515151515152	3802	2.339570722376021	2470.586682829078
chr13	23860001	23885000	chr13	23465001	23885000	420000	25000	10.742857142857144	97.0%	0.0195	2.106248434926034	0.022	2.106248434926034	10.742857142857142	4512	2.792165365313438	5863.54726715822
chr7	113155001	113190000	chr7	113155001	113695000	540000	35000	14.626984126984128	95.0%	0.049	2.1060856488202333	0.052	2.1060856488202333	14.626984126984127	11058	2.100063981546245	11113.538590342729
chr12	31625001	31650000	chr12	31235001	31650000	415000	25000	11.375903614457831	95.0%	0.031	2.0988547474131014	0.034	2.0988547474131014	11.375903614457831	4721	2.226197447471384	4619.359703503122
chr12	115740001	115765000	chr12	114610001	115765000	1155000	25000	5.195670995670996	96.0%	0.06	2.090849697440539	0.063	2.090849697440539	5.195670995670996	6001	3.427017061386646	19791.023529507882
chr7	120785001	120815000	chr7	120785001	121115000	330000	30000	16.141414141414142	95.0%	0.071	2.0900868639643955	0.0735	2.0900868639643955	16.141414141414142	6392	2.4663189446398994	5859.973812464401
chr11	45105001	45125000	chr11	45105001	45335000	230000	20000	18.01086956521739	97.0%	0.02	2.0883374069961245	0.0215	2.0883374069961245	18.01086956521739	3314	2.3454469934380167	1726.2489871703801
chr4	110955001	110975000	chr4	110510001	110975000	465000	20000	11.397849462365592	97.0%	0.031	2.086323427013669	0.033	2.086323427013669	11.397849462365592	4240	2.9962456201349568	4458.413482760816
chr12	63055001	63075000	chr12	62510001	63075000	565000	20000	9.440265486725664	95.0%	0.046	2.0861980459679685	0.047	2.0861980459679685	9.440265486725664	4267	2.2997354969509023	4157.921778487232
chr4	49500001	49520000	chr4	49500001	49655000	155000	20000	67.5	98.0%	0.006	2.0860463174362773	0.007	2.0860463174362773	67.5	8370	1.6242450226992613	805.6255312588336
chr12	32295001	32315000	chr12	31935001	32315000	380000	20000	11.963815789473683	96.0%	0.0265	2.080505091708269	0.028	2.0805050917082695	11.963815789473685	3637	2.1798831564955266	2650.7379182985605
chr16	10710001	10735000	chr16	10505001	10735000	230000	25000	18.78695652173913	98.0%	0.0365	2.0760732136420645	0.0385	2.0760732136420645	18.786956521739132	4321	2.469716326320488	2840.1737752685613
chr3	113040001	113060000	chr3	113040001	113635000	595000	20000	8.573529411764707	96.0%	0.037	2.075120827521054	0.038	2.075120827521054	8.573529411764707	4081	2.5358988617656153	4828.351432801732
chr20	5085001	5105000	chr20	4930001	5105000	175000	20000	23.485714285714284	96.0%	0.03	2.072621584257687	0.033	2.072621584257687	23.485714285714284	3288	1.647992264957888	922.8756683764173
chr16	69385001	69405000	chr16	69385001	69760000	375000	20000	11.49	95.0%	0.043	2.071644833385147	0.045	2.071644833385147	11.49	3447	2.93803908001181	3525.646896014172
chr10	77625001	77660000	chr10	77165001	77660000	495000	35000	11.331890331890332	96.0%	0.066	2.070687828558479	0.067	2.070687828558479	11.331890331890332	7853	3.266058500998094	15843.649788341752
chr7	148945001	148975000	chr7	148505001	148975000	470000	30000	10.304964539007091	95.0%	0.064	2.0646644966152867	0.067	2.0646644966152867	10.304964539007091	5812	2.265545463988577	7666.6058501373445
chr5	173615001	173635000	chr5	173615001	173985000	370000	20000	13.02027027027027	96.0%	0.0965	2.060612648740756	0.10250000000000001	2.060612648740756	13.02027027027027	3854	2.8572280279267197	3382.9579850652362
chr4	123390001	123410000	chr4	123390001	123645000	255000	20000	17.504901960784313	97.0%	0.037	2.0590399636502337	0.038	2.0590399636502337	17.504901960784313	3571	2.349491018829038	1917.184671364495
chr6	139360001	139380000	chr6	139360001	140135000	775000	20000	6.135483870967742	95.0%	0.034	2.057916913726107	0.036	2.057916913726107	6.135483870967742	3804	2.8526334374956583	7074.5309249892325
chr4	114055001	114080000	chr4	113775001	114080000	305000	25000	16.439344262295084	98.0%	0.028	2.057481844811378	0.029	2.057481844811378	16.439344262295084	5014	2.226668795252822	3395.6699127605534
chr15	29915001	29940000	chr15	29645001	29940000	295000	25000	14.745762711864408	98.0%	0.035	2.0562801968113784	0.036	2.0562801968113784	14.745762711864407	4350	2.7617227408521265	4073.541042756887
chr9	94675001	94695000	chr9	94675001	95175000	500000	20000	10.96	97.0%	0.086	2.0561348894018807	0.0885	2.0561348894018807	10.96	4384	3.3038098144889285	5286.095703182285
chr22	29990001	30010000	chr22	29680001	30010000	330000	20000	14.609848484848484	95.0%	0.081	2.050579675844168	0.0875	2.0505796758441677	14.609848484848484	3857	4.347963374214537	4591.449323170551
chr7	48865001	48885000	chr7	48290001	48885000	595000	20000	7.936974789915967	96.0%	0.083	2.0493949586408866	0.085	2.0493949586408866	7.936974789915967	3778	3.0754745463693536	5855.703536287249
chr14	51760001	51780000	chr14	51145001	51780000	635000	20000	8.226377952755906	95.0%	0.094	2.047383555175422	0.096	2.047383555175422	8.226377952755906	4179	3.771783890576442	7664.26486565133
chr18	48015001	48035000	chr18	48015001	48465000	450000	20000	10.011111111111113	97.0%	0.071	2.0447979983713305	0.075	2.0447979983713305	10.011111111111111	3604	2.6535414456248136	3821.0996816997317
chr3	4710001	4740000	chr3	4710001	5050000	340000	30000	15.823529411764705	97.0%	0.0854999999999999	2.042239810043797	0.088	2.042239810043797	15.823529411764707	6456	2.4233918125718317	5932.463157175844
chr2	173200001	173220000	chr2	172930001	173220000	290000	20000	18.254310344827587	96.0%	0.028	2.0409421977614874	0.0305	2.0409421977614874	18.254310344827587	4235	2.5519392288897516	2368.1996044096895
chr6	33225001	33250000	chr6	32995001	33250000	255000	25000	19.501960784313727	95.0%	0.022	2.0395597088561592	0.025	2.0395597088561592	19.501960784313727	4973	1.5758239484808194	2009.1755343130446
chr6	161355001	161375000	chr6	160720001	161375000	655000	20000	7.711832061068702	95.0%	0.08	2.039294224788636	0.083	2.039294224788636	7.711832061068702	4041	2.574912908325896	5397.017455851078
chr2	230790001	230810000	chr2	230600001	230810000	210000	20000	22.357142857142858	97.0%	0.0065	2.038363747306935	0.006999999999999999	2.038363747306935	22.357142857142858	3756	1.846749372893749	1241.0155785845993
chr5	146035001	146055000	chr5	145805001	146055000	250000	20000	19.43	98.0%	0.0135	2.0339084524415214	0.014499999999999999	2.0339084524415214	19.43	3886	2.399078847498269	1919.2630779986152
chr16	82255001	82275000	chr16	82255001	82645000	390000	20000	12.057692307692308	96.0%	0.0804999999999999	2.033569521400945	0.08499999999999999	2.0335695214009455	12.057692307692308	3762	2.4357467051365265	3039.811888010385
chr14	59955001	59975000	chr14	59955001	60210000	255000	20000	17.068627450980394	95.0%	0.046	2.031767021284844	0.047	2.031767021284844	17.068627450980394	3482	2.565697003395922	2093.608754771072
chr15	40880001	40900000	chr15	40620001	40900000	280000	20000	15.375	95.0%	0.031	2.0317501193633003	0.033	2.0317501193633003	15.375	3444	2.1601336647736424	1935.4797636371836
chr3	134295001	134315000	chr3	134295001	134485000	190000	20000	24.32894736842105	98.0%	0.0355	2.0315557787607377	0.04	2.0315557787607377	24.32894736842105	3698	2.6643594759212896	1619.930561360144
chr11	2865001	2890000	chr11	2425001	2890000	465000	25000	13.746236559139785	95.0%	0.031	2.031192993828561	0.032	2.031192993828561	13.746236559139785	6392	2.763741426421715	6425.698816430487
chr8	27070001	27095000	chr8	26665001	27095000	430000	25000	12.216279069767442	96.0%	0.0645	2.0310503117180763	0.07	2.0310503117180763	12.216279069767442	5253	2.479462133309628	5330.843586615701
chr6	99455001	99475000	chr6	99455001	99845000	390000	20000	12.451923076923077	95.0%	0.0419999999999999	2.029175662838877	0.0455	2.029175662838877	12.451923076923077	3885	2.2211690827574393	2772.0190152812843
chr6	150410001	150430000	chr6	150410001	150765000	355000	20000	13.133802816901408	95.0%	0.051	2.023082284651914	0.053	2.023082284651914	13.133802816901408	3730	2.1392492858598837	2430.187188736828
chr1	178265001	178295000	chr1	177940001	178295000	355000	30000	14.687793427230048	95.0%	0.05	2.0229074329770653	0.054	2.0229074329770653	14.687793427230046	6257	2.335708235776618	5970.070250645036
chr6	60225001	60245000	chr6	60225001	61420000	1195000	20000	4.789699570815451	95.0%	0.026	2.0228500403956304	0.027	2.0228500403956304	4.669456066945607	4464	1.8616309039551975	7118.876576724675
chr12	46650001	46670000	chr12	46245001	46670000	425000	20000	12.50294117647059	95.0%	0.038	2.022573405633792	0.04	2.022573405633792	12.50294117647059	4251	2.568493656381184	3493.1513726784106
chr2	54495001	54515000	chr2	54115001	54515000	400000	20000	18.51875	96.0%	0.0315	2.0193184820085293	0.034	2.0193184820085293	18.51875	5926	2.2429625428193574	2870.9920548087775
chr5	17215001	17240000	chr5	17215001	18325000	1110000	25000	5.267924528301887	95.0%	0.0905	2.017410841762272	0.097	2.017410841762272	5.030630630630631	5584	2.869876422734345	15927.814146175615
chr5	141205001	141225000	chr5	141205001	141580000	375000	20000	11.373333333333331	95.0%	0.037	2.013778260760368	0.037	2.013778260760368	11.373333333333333	3412	1.974140285813401	2368.968342976081
chr3	122385001	122405000	chr3	122385001	123040000	655000	20000	8.76908396946565	96.0%	0.03	2.011860337831506	0.033	2.011860337831506	8.76908396946565	4595	2.2059110272516436	4623.589513119445
chr17	50280001	50305000	chr17	50085001	50305000	220000	25000	21.222727272727276	95.0%	0.0305	2.009913680959837	0.0325	2.0099136809598375	21.222727272727273	4669	2.1747593900500224	2392.2353290550245
chr3	142575001	142600000	chr3	142575001	142950000	375000	25000	12.653333333333332	96.0%	0.029	2.0094641187157385	0.029	2.0094641187157385	12.653333333333334	4745	1.9234654782018368	3606.497771628444
chr1	151145001	151165000	chr1	151005001	151165000	160000	20000	26.4609375	95.0%	0.0265	2.00586061452781	0.028999999999999998	2.00586061452781	26.4609375	3387	1.7071012808717736	874.0358558063481
chr7	54765001	54785000	chr7	54765001	55425000	660000	20000	8.570075757575758	95.0%	0.03	2.0058230387289053	0.0315	2.0058230387289053	8.570075757575758	4525	3.006010313383259	6348.693781865443
chr7	21235001	21255000	chr7	20760001	21255000	495000	20000	10.805555555555555	95.0%	0.046	1.99750219300481	0.052	1.99750219300481	10.805555555555555	4279	3.0647210904405666	4854.518207257857
chr14	102685001	102705000	chr14	102685001	103110000	425000	20000	11.532352941176471	96.0%	0.078	1.9952439540284164	0.083	1.9952439540284164	11.532352941176471	3921	2.249000084507135	3058.640114929704
chr13	92175001	92200000	chr13	92175001	92535000	360000	25000	12.155555555555557	97.0%	0.035	1.9948673594000297	0.038	1.9948673594000297	12.155555555555555	4376	2.266991648545412	4080.584967381742
chr5	80080001	80100000	chr5	80080001	80320000	240000	20000	18.229166666666668	98.0%	0.0365	1.9921508801387429	0.0405	1.9921508801387429	18.229166666666668	3500	2.5330326475788563	1945.3690733405615
chr5	175430001	175445000	chr5	175000001	175445000	445000	15000	11.43071161048689	98.0%	0.026	1.991767775906489	0.028	1.9917677759064887	11.430711610486892	3052	2.3783721161181597	1905.0760650106458
chr4	71700001	71720000	chr4	70605001	71720000	1115000	20000	5.48542600896861	95.0%	0.035	1.9905940416859025	0.037	1.9905940416859023	5.48542600896861	4893	2.874643246949493	10256.727105115791
chr1	207775001	207805000	chr1	207580001	207805000	225000	30000	21.21481481481481	96.0%	0.032	1.9903962030001965	0.033	1.9903962030001965	21.214814814814815	5728	1.7460960683770947	2828.6756307708933
chr2	164725001	164745000	chr2	164725001	164995000	270000	20000	18.90740740740741	98.0%	0.036	1.987876036570303	0.038	1.987876036570303	18.90740740740741	4084	2.569490135872824	2220.0394773941202
chr20	17885001	17905000	chr20	17565001	17905000	340000	20000	13.547794117647058	95.0%	0.064	1.9848191132542063	0.0665	1.9848191132542066	13.547794117647058	3685	2.174722758395574	2366.0983611343845
chr14	101690001	101710000	chr14	101690001	101960000	270000	20000	15.36574074074074	97.0%	0.0325	1.98439234433166	0.036500000000000005	1.98439234433166	15.36574074074074	3319	2.018724783616045	1744.178213044263
chr6	13325001	13345000	chr6	13325001	13645000	320000	20000	14.20703125	95.0%	0.0325	1.983030349514148	0.033	1.983030349514148	14.20703125	3637	2.045813172549628	2094.912688690819
chr2	33360001	33385000	chr2	32540001	33385000	845000	25000	10.654437869822484	95.0%	0.035	1.9809238166299528	0.037	1.9809238166299528	10.654437869822486	9003	3.784360466298734	15988.92297011215
chr1	36410001	36430000	chr1	36090001	36430000	340000	20000	14.345588235294118	95.0%	0.046	1.9808273020619336	0.048	1.9808273020619336	14.345588235294118	3902	1.8623339792517353	2026.2193694258879
chr11	117090001	117105000	chr11	116730001	117105000	375000	15000	14.444444444444445	95.0%	0.032	1.978029974904376	0.035	1.978029974904376	14.444444444444445	3250	2.9003470711560118	1957.734273030308
chr15	35285001	35310000	chr15	35285001	35655000	370000	25000	12.38108108108108	95.0%	0.0805	1.9699676227511889	0.08299999999999999	1.9699676227511886	12.381081081081081	4581	2.541434980493935	4701.65471391378
chr3	33760001	33790000	chr3	32945001	33790000	845000	30000	7.169625246548324	95.0%	0.033	1.9638398926478304	0.037	1.9638398926478304	7.169625246548324	7270	2.6338465596645113	16024.322468998886
chr5	88720001	88740000	chr5	88720001	89555000	835000	20000	6.276946107784431	96.0%	0.028	1.960339277175424	0.029	1.960339277175424	6.276946107784431	4193	2.618153506686608	6995.706169866617
chr4	90270001	90290000	chr4	89990001	90290000	300000	20000	16.308333333333334	95.0%	0.0325	1.957673648135552	0.0345	1.9576736481355521	16.308333333333334	3914	2.2240003904204104	2135.040374803594
chr16	72820001	72840000	chr16	72820001	73210000	390000	20000	12.583333333333334	95.0%	0.0645	1.956856953641837	0.068	1.956856953641837	12.583333333333334	3926	2.7253910127266754	3401.287983882891
chr7	37900001	37920000	chr7	37900001	38355000	455000	20000	12.398351648351648	96.0%	0.019	1.955905790845184	0.021	1.9559057908451838	12.398351648351648	4513	3.3326142588914136	4852.286360945898
chr18	6865001	6885000	chr18	6570001	6885000	315000	20000	14.805555555555555	95.0%	0.033	1.955511810702356	0.035	1.955511810702356	14.805555555555555	3731	2.2219564504146625	2239.7321020179797
chr6	170510001	170530000	chr6	169705001	170530000	825000	20000	6.5212121212121215	97.0%	0.032	1.9525448855661505	0.033	1.9525448855661502	6.5212121212121215	4304	2.5173649872349206	6645.84356630019
chr9	75060001	75080000	chr9	74770001	75080000	310000	20000	15.451612903225806	95.0%	0.0419999999999999	1.952320485508155	0.045	1.952320485508155	15.451612903225806	3832	2.6318250384412356	2610.7704381337057
chr10	18210001	18230000	chr10	17745001	18230000	485000	20000	10.873711340206183	96.0%	0.031	1.9475654043147133	0.033	1.9475654043147135	10.873711340206185	4219	3.1440915592898637	4879.630100017868
chr3	189950001	189980000	chr3	189950001	190440000	490000	30000	11.892857142857144	95.0%	0.0559999999999999	1.945444840748984	0.06	1.9454448407489842	11.892857142857142	6993	2.7256750569924377	9616.18160106932
chr3	111710001	111730000	chr3	111710001	112045000	335000	20000	16.708955223880597	98.0%	0.012	1.944796560465116	0.013	1.9447965604651156	16.708955223880597	4478	3.0291858246913	3247.2872040690736
chr12	47825001	47845000	chr12	47705001	47845000	140000	20000	30.928571428571427	96.0%	0.0055	1.9369200943080684	0.006	1.9369200943080684	30.928571428571427	3464	1.8709350926979762	838.1789215286933
chr12	4745001	4765000	chr12	4520001	4765000	245000	20000	18.698979591836736	97.0%	0.021	1.933388917344712	0.022	1.9333889173447116	18.698979591836736	3665	1.80297091807555	1413.529199771231
chr6	127290001	127310000	chr6	127290001	127550000	260000	20000	18.79326923076923	95.0%	0.0279999999999999	1.9292605709354849	0.0315	1.9292605709354846	18.79326923076923	3909	1.9689505949589108	1638.1668950058138
chr9	69955001	69980000	chr9	69955001	70265000	310000	25000	16.170967741935485	97.0%	0.047	1.9255901148183383	0.051	1.9255901148183383	16.170967741935485	5013	2.681594159246012	4156.4709468313185
chr6	135520001	135545000	chr6	135520001	136230000	710000	25000	8.588732394366197	96.0%	0.0455	1.9217507526552884	0.0495	1.9217507526552884	8.588732394366197	6098	2.8474167928405576	10108.32961458398
chr8	26120001	26140000	chr8	26120001	26370000	250000	20000	19.015	98.0%	0.03	1.91517118069321	0.033	1.91517118069321	19.015	3803	2.479275151561	1983.4201212488001
chr2	73810001	73830000	chr2	73810001	74380000	570000	20000	9.278508771929824	95.0%	0.028	1.91168361664898	0.028499999999999998	1.91168361664898	9.278508771929825	4231	2.359832527532465	4304.3345302192165
chr4	94585001	94605000	chr4	94300001	94605000	305000	20000	18.352459016393443	96.0%	0.032	1.9113877971685436	0.034	1.9113877971685433	18.352459016393443	4478	2.9443802609086007	2873.7151346467945
chr16	70755001	70775000	chr16	70485001	70775000	290000	20000	13.935344827586206	95.0%	0.045	1.9094976730517108	0.047	1.9094976730517108	13.935344827586206	3233	1.5662093064198357	1453.4422363576075
chr9	89590001	89610000	chr9	89590001	90060000	470000	20000	9.034574468085106	97.0%	0.067	1.9065275535623123	0.07200000000000001	1.9065275535623125	9.034574468085106	3397	2.7407674916822407	4122.11430749009
chr2	165000001	165025000	chr2	165000001	165305000	305000	25000	16.311475409836067	96.0%	0.036	1.9065073835487976	0.036	1.9065073835487976	16.311475409836067	4975	2.1255288868056663	3241.431552378641
chr5	142145001	142165000	chr5	142145001	142545000	400000	20000	12.228125	95.0%	0.047	1.899959239516316	0.048	1.8999592395163156	12.228125	3913	2.2447053216492834	2873.2228117110826
chr11	14225001	14255000	chr11	13760001	14255000	495000	30000	11.146464646464644	95.0%	0.035	1.8991151844457983	0.039	1.8991151844457983	11.146464646464647	6621	2.5746843788393767	9176.175126183538
chr11	125865001	125885000	chr11	125330001	125885000	555000	20000	8.493243243243244	95.0%	0.036	1.8965707373375	0.037	1.8965707373374996	8.493243243243244	3771	2.096098528591536	3722.670986778568
chr22	17545001	17570000	chr22	17545001	17830000	285000	25000	14.014035087719298	95.0%	0.074	1.8960268548341048	0.081	1.8960268548341046	14.014035087719298	3994	2.4787234675326992	3532.1809412340963
chr3	108660001	108680000	chr3	108660001	108960000	300000	20000	16.191666666666666	97.0%	0.0844999999999999	1.89602673296495	0.088	1.89602673296495	16.191666666666666	3886	2.1908560164040987	2103.2217757479348
chr3	8095001	8115000	chr3	7365001	8115000	750000	20000	7.815	97.0%	0.0565	1.891490651446076	0.06	1.8914906514460756	7.815	4689	3.0511644743616917	7322.79473846806
chr4	10525001	10550000	chr4	10125001	10550000	425000	25000	11.91604938271605	95.0%	0.032	1.890742127532228	0.035	1.8907421275322278	11.355294117647059	4826	2.208399345250783	4692.848608657914
chrX	106865001	106890000	chrX	106865001	108055000	1190000	25000	2.610924369747899	95.0%	0.061	1.8896777917307357	0.062	1.8896777917307355	2.610924369747899	3107	3.6646892170210275	21804.900841275114
chr9	83325001	83350000	chr9	83325001	83660000	335000	25000	15.585074626865673	97.0%	0.099	1.886723807171101	0.104	1.886723807171101	15.585074626865671	5221	3.0357686666401618	5084.912516622271
chr2	160095001	160115000	chr2	160095001	161110000	1015000	20000	6.822660098522167	95.0%	0.017	1.8829552417228288	0.019	1.8829552417228292	6.822660098522167	5540	3.6615637018397043	11892.758903575359
chr14	73495001	73520000	chr14	73495001	73640000	145000	25000	28.742857142857144	99.0%	0.007	1.8820683127026727	0.008	1.8820683127026732	27.751724137931035	4024	1.87000927284946	1355.7567228158584
chr16	8650001	8670000	chr16	8650001	9105000	455000	20000	10.442307692307692	95.0%	0.065	1.8815815741767343	0.067	1.8815815741767343	10.442307692307692	3801	2.3133856178616536	3368.289459606568
chr20	47605001	47625000	chr20	47215001	47625000	410000	20000	12.039634146341465	95.0%	0.0345	1.8787754576008877	0.035500000000000004	1.8787754576008873	12.039634146341463	3949	2.39573151424618	3143.199746690988
chr12	117860001	117880000	chr12	117860001	118190000	330000	20000	14.106060606060606	96.0%	0.017	1.8752213133875493	0.0175	1.8752213133875493	14.106060606060606	3724	1.8940414256636189	2000.1077455007814
chr20	19985001	20010000	chr20	19780001	20010000	230000	25000	19.98695652173913	96.0%	0.0295	1.8746871548342203	0.0315	1.8746871548342205	19.98695652173913	4597	2.1839902569048038	2511.5887954405243
chr12	20915001	20950000	chr12	20685001	20950000	265000	35000	26.8544474393531	98.0%	0.039	1.8688986558089624	0.043	1.8688986558089624	26.8544474393531	9963	1.9462925609219464	5054.521780714294
chr19	8340001	8360000	chr19	8340001	8515000	175000	20000	20.571428571428573	96.0%	0.03	1.8686133595669328	0.034	1.8686133595669328	20.571428571428573	2880	1.8435454551247619	1032.3854548698666
chr17	47305001	47325000	chr17	47055001	47325000	270000	20000	16.63425925925926	95.0%	0.0345	1.8642359174634169	0.0385	1.8642359174634169	16.63425925925926	3593	2.017195336392843	1742.8567706434164
chr2	29290001	29310000	chr2	29290001	30070000	780000	20000	7.9375	97.0%	0.041	1.8619840869208084	0.0415	1.8619840869208084	7.9375	4953	2.9503027522628757	7363.955669648138
chr1	44590001	44610000	chr1	44075001	44610000	535000	20000	10.38551401869159	96.0%	0.035	1.8607844431514104	0.038	1.8607844431514102	10.38551401869159	4445	2.8572513563397006	4891.614322053568
chr4	27040001	27065000	chr4	27040001	27700000	660000	25000	8.119696969696971	97.0%	0.0515	1.859739258309739	0.0555	1.859739258309739	8.11969696969697	5359	1.9401770850928546	6402.58438080642
chr4	72695001	72715000	chr4	72695001	73035000	340000	20000	14.6875	95.0%	0.034	1.857027137558848	0.037	1.8570271375588476	14.6875	3995	2.3919235117362168	2602.412780769004
chr1	179355001	179380000	chr1	178990001	179380000	390000	25000	11.664102564102564	95.0%	0.0285	1.853551388961316	0.03	1.8535513889613162	11.664102564102564	4549	2.2237586970907675	4336.329459326997
chr2	201155001	201175000	chr2	200900001	201175000	275000	20000	18.777272727272727	98.0%	0.028	1.8469767801855423	0.03	1.8469767801855423	18.777272727272727	4131	2.3055055753746427	2028.8449063296857
chr6	12595001	12615000	chr6	11655001	12615000	960000	20000	6.765625	95.0%	0.0255	1.844607091518048	0.026500000000000003	1.844607091518048	6.765625	5196	3.203099848118684	9839.922733420597
chr20	38635001	38655000	chr20	38635001	39090000	455000	20000	10.865384615384617	96.0%	0.041	1.8415153553917063	0.043	1.8415153553917063	10.865384615384615	3955	2.351952409850562	3424.4427087424183
chr5	134295001	134320000	chr5	134295001	134765000	470000	25000	11.13191489361702	96.0%	0.0325	1.8404414615955305	0.035500000000000004	1.8404414615955302	11.13191489361702	5232	2.055344818387101	4830.060323209687
chr5	14635001	14655000	chr5	14330001	14655000	325000	20000	14.0	95.0%	0.087	1.838858618669815	0.091	1.838858618669815	14.0	3640	2.268091995746435	2358.8156755762925
chr20	41320001	41340000	chr20	40975001	41340000	365000	20000	12.726027397260276	95.0%	0.031	1.83806936525818	0.033	1.8380693652581797	12.726027397260275	3716	2.0167648246700227	2355.5813152145865
chr1	89435001	89465000	chr1	88930001	89465000	535000	30000	9.5	96.0%	0.089	1.83498221413662	0.097	1.8349822141366199	9.5	6099	2.580206041855253	9938.953673226435
chr2	40540001	40560000	chr2	40060001	40560000	500000	20000	15.8	96.0%	0.0385	1.8331711607613592	0.0405	1.8331711607613592	15.8	6320	3.074714775977765	4919.5436415644235
chr1	247370001	247395000	chr1	247370001	247580000	210000	25000	22.133333333333333	96.0%	0.0175	1.830867633631845	0.0185	1.830867633631845	22.133333333333333	4648	2.138655751507425	2245.5885390827966
chr11	19055001	19080000	chr11	19055001	19790000	735000	25000	7.412244897959184	96.0%	0.053	1.827150908698142	0.053	1.8271509086981421	7.412244897959184	5448	2.500694100325691	9190.050818696915
chr4	53185001	53210000	chr4	53185001	53945000	760000	25000	6.364473684210526	98.0%	0.046	1.82637458585386	0.0475	1.8263745858538598	6.364473684210527	4837	2.3114079118927915	8783.350065192608
chr3	120390001	120415000	chr3	120215001	120415000	200000	25000	24.605	95.0%	0.0185	1.8263231956499564	0.0195	1.8263231956499564	24.605	4921	2.0466695478315553	2046.6695478315555
chr9	6570001	6590000	chr9	6570001	6750000	180000	20000	24.131944444444443	96.0%	0.027	1.8261378278404676	0.031	1.8261378278404674	24.131944444444443	3475	2.272656758417386	1309.0502928484143
chr5	172705001	172725000	chr5	172705001	173290000	585000	20000	8.643162393162394	97.0%	0.055	1.824205993355165	0.058	1.824205993355165	8.643162393162394	4045	2.1161773146992853	3961.483933117062
chr18	22970001	22990000	chr18	22800001	22990000	190000	20000	23.019736842105264	98.0%	0.053	1.8238849909406565	0.057	1.8238849909406565	23.019736842105264	3499	2.1559488307353867	1310.8168890871152
chr1	202975001	203005000	chr1	202430001	203005000	575000	30000	9.256521739130434	96.0%	0.048	1.8221963298183708	0.048	1.8221963298183708	9.256521739130434	6387	1.753045134427298	7257.606856529013
chr4	84960001	84980000	chr4	84495001	84980000	485000	20000	10.04896907216495	97.0%	0.034	1.8210285979863603	0.036	1.8210285979863605	10.04896907216495	3899	2.627031832892195	4077.153404648687
chr8	23675001	23695000	chr8	23465001	23695000	230000	20000	21.40217391304348	98.0%	0.0095	1.8204672027075044	0.011	1.8204672027075044	21.402173913043477	3938	2.5983258467993426	1912.3678232443162
chr11	7090001	7110000	chr11	7090001	7785000	695000	20000	11.08453237410072	95.0%	0.077	1.8185004087938392	0.08	1.8185004087938392	11.08453237410072	6163	3.800870527082155	8453.136052230713
chr6	105725001	105760000	chr6	105725001	106240000	515000	35000	10.951456310679612	95.0%	0.044	1.8161682643909536	0.044	1.8161682643909536	10.951456310679612	7896	2.291668828984574	11566.052579885145
chr3	182705001	182725000	chr3	182705001	183180000	475000	20000	10.723684210526317	95.0%	0.027	1.8161075098574464	0.031	1.8161075098574462	10.723684210526315	4075	1.9693774935806465	2993.4537902425827
chr11	14780001	14800000	chr11	14780001	15095000	315000	20000	14.436507936507937	96.0%	0.042	1.815718751382845	0.047	1.815718751382845	14.436507936507937	3638	1.9653755016397232	1981.098505652841
chr5	39575001	39600000	chr5	39575001	40740000	1165000	25000	4.963948497854077	98.0%	0.042	1.814963151506292	0.043	1.814963151506292	4.963948497854077	5783	2.9158257979479867	16984.685273047024
chr1	113970001	113990000	chr1	113970001	114360000	390000	20000	12.551282051282053	95.0%	0.061	1.8136741350223209	0.0635	1.8136741350223209	12.551282051282051	3916	2.5038768712998936	3124.8383353822674
chr16	30015001	30035000	chr16	29690001	30035000	345000	20000	11.192028985507246	97.0%	0.045	1.8081931501511197	0.048	1.8081931501511193	11.192028985507246	3089	2.285522290024855	2523.21660818744
chr6	31355001	31380000	chr6	31125001	31380000	255000	25000	18.26274509803921	95.0%	0.035	1.803398228605948	0.039	1.8033982286059478	18.262745098039215	4657	2.2051904593529437	2811.6178356750033
chr15	98060001	98085000	chr15	97905001	98085000	180000	25000	27.56666666666667	98.0%	0.0245	1.801849128146877	0.026	1.801849128146877	27.566666666666666	4962	2.9217845011877364	2629.6060510689626
chr1	212980001	213005000	chr1	212620001	213005000	385000	25000	12.911688311688312	95.0%	0.051	1.8000334596466885	0.055	1.8000334596466885	12.911688311688312	4971	2.1477451658653446	4134.409444290788
chr12	15585001	15610000	chr12	15585001	15870000	285000	25000	20.042105263157897	97.0%	0.038	1.7986664310938612	0.042	1.7986664310938612	20.042105263157893	5712	3.3070672471731775	4712.570827221778
chr13	99435001	99460000	chr13	99435001	99660000	225000	25000	20.453333333333333	96.0%	0.029	1.7965995897835438	0.032	1.7965995897835438	20.453333333333333	4602	1.8254328465773413	2053.611952399509
chr4	27300001	27330000	chr4	27045001	27330000	285000	30000	18.2046783625731	96.0%	0.053	1.7951414056864996	0.055	1.7951414056864996	18.204678362573098	6226	2.3677501445793543	4858.623296676835
chr15	43625001	43650000	chr15	43330001	43650000	320000	25000	9.74375	95.0%	0.055	1.7927740834872945	0.057499999999999996	1.7927740834872943	9.74375	3118	1.1146597994428458	1783.4556791085533
chr14	73455001	73475000	chr14	72895001	73475000	580000	20000	8.564655172413794	95.0%	0.04	1.792059216671388	0.041499999999999995	1.792059216671388	8.564655172413794	3974	2.511551228273054	4661.439079674788
chr12	104195001	104215000	chr12	104195001	104380000	185000	20000	24.385135135135137	98.0%	0.011	1.7915557094035386	0.011	1.7915557094035386	24.385135135135137	3609	2.262342414296628	1339.3067092636038
chr2	134105001	134125000	chr2	134105001	134465000	360000	20000	12.256944444444445	98.0%	0.0289999999999999	1.787902132131041	0.0325	1.7879021321310413	12.256944444444445	3530	1.9744527801051035	2274.5696026810792
chr17	81470001	81490000	chr17	81245001	81490000	245000	20000	15.224489795918368	95.0%	0.038	1.7873248069262686	0.044	1.7873248069262686	15.224489795918368	2984	1.7726464020826191	1389.7547792327734
chr4	76055001	76085000	chr4	75885001	76085000	200000	30000	25.929166666666664	97.0%	0.012	1.78651638021714	0.0135	1.78651638021714	25.929166666666667	6223	2.220961299440922	3198.1842711949275
chr4	168170001	168195000	chr4	168170001	169000000	830000	25000	6.524096385542168	95.0%	0.081	1.7847050458265576	0.0835	1.7847050458265576	6.524096385542169	5415	2.374771308217109	9855.300929101002
chr8	26645001	26670000	chr8	26505001	26670000	165000	25000	27.484848484848488	96.0%	0.042	1.783983855474205	0.047	1.7839838554742047	27.484848484848484	4535	1.7939749461433283	1480.0293305682458
chr16	21805001	21825000	chr16	21805001	22190000	385000	20000	6.607142857142857	95.0%	0.078	1.7834762147656542	0.079	1.7834762147656542	6.607142857142857	2035	1.2244259308785945	1508.4927468424285
chr16	32255001	32275000	chr16	32255001	32645000	390000	20000	9.333333333333334	95.0%	0.076	1.780336542981735	0.078	1.780336542981735	9.333333333333334	2912	1.737868568166978	2168.8599730723886
chr6	75525001	75550000	chr6	75215001	75550000	335000	25000	15.155223880597015	98.0%	0.026	1.7783594160486944	0.027	1.7783594160486944	15.155223880597015	5077	2.726162755661535	4566.322615733071
chr20	49320001	49335000	chr20	49320001	49605000	285000	15000	16.526315789473685	97.0%	0.049	1.7780624650374046	0.053	1.7780624650374046	16.526315789473685	2826	2.6988599833087297	1384.5151714373783
chr5	75665001	75685000	chr5	75285001	75685000	400000	20000	11.9125	95.0%	0.0424999999999999	1.7761093294930463	0.0455	1.7761093294930463	11.9125	3812	1.9619280253664215	2511.2678724690195
chr1	163160001	163180000	chr1	162830001	163180000	350000	20000	14.992857142857142	96.0%	0.0735	1.7758087605254855	0.0765	1.7758087605254855	14.992857142857142	4198	3.2479712614005165	3637.7278127685786
chr8	37675001	37700000	chr8	37535001	37700000	165000	25000	27.024242424242424	96.0%	0.026	1.7715819352942237	0.028	1.7715819352942237	27.024242424242424	4459	1.8558133642728287	1531.0460255250837
chr15	75300001	75320000	chr15	74760001	75320000	560000	20000	7.303571428571429	95.0%	0.0825	1.7707546416074094	0.0875	1.7707546416074094	7.303571428571429	3272	1.8230063807808767	3266.827434359331
chr11	65500001	65520000	chr11	65320001	65520000	200000	20000	21.08125	98.0%	0.0139999999999999	1.7706853839585068	0.015	1.7706853839585068	21.08125	3373	1.8003467545707046	1152.221922925251
chr15	50295001	50315000	chr15	50135001	50315000	180000	20000	23.75	97.0%	0.0355	1.770631353915358	0.038	1.770631353915358	23.75	3420	2.8701054360400695	1653.18073115908
chr5	136755001	136780000	chr5	136280001	136780000	500000	25000	10.174	95.0%	0.0515	1.77044282222616	0.0545	1.77044282222616	10.174	5087	2.2383202248840015	5595.800562210004
chr2	191540001	191570000	chr2	191540001	191820000	280000	30000	18.955357142857142	99.0%	0.006	1.7680284772060395	0.007	1.7680284772060395	18.955357142857142	6369	2.2676983513270814	4571.679876275396
chr10	60735001	60770000	chr10	60435001	60770000	335000	35000	15.968017057569297	95.0%	0.022	1.76670458352337	0.024	1.7667045835233701	15.968017057569297	7489	1.9595585052437459	6433.230572715218
chr6	168330001	168355000	chr6	168140001	168355000	215000	25000	20.706976744186047	96.0%	0.014	1.7664024912509584	0.014	1.7664024912509584	20.706976744186047	4452	1.791836291741689	1926.2240136223156
chr7	121980001	122005000	chr7	121085001	122005000	920000	25000	6.170652173913044	97.0%	0.0685	1.765127458832906	0.069	1.765127458832906	6.1706521739130435	5677	2.5444603721969288	11704.517712105873
chr7	100945001	100965000	chr7	100945001	101075000	130000	20000	66.00961538461539	99.0%	0.0075	1.7610925774450938	0.008	1.7610925774450938	66.00961538461539	6865	2.7832659561995734	1157.8386377790225
chr3	186835001	186855000	chr3	186835001	187325000	490000	20000	10.71173469387755	96.0%	0.0419999999999999	1.7607531944247612	0.041999999999999996	1.7607531944247612	10.71173469387755	4199	2.0311328185484947	3184.8162594840396
chr20	58225001	58250000	chr20	58225001	58695000	470000	25000	9.623404255319148	95.0%	0.0395	1.7595815219861444	0.042499999999999996	1.7595815219861444	9.62340425531915	4523	1.9814180206113978	4656.332348436785
chr5	96320001	96335000	chr5	95855001	96335000	480000	15000	11.864583333333334	98.0%	0.0275	1.759167755367001	0.031	1.759167755367001	11.864583333333334	3417	3.2309015795014266	2791.4989646892327
chr16	14510001	14530000	chr16	14265001	14530000	265000	20000	17.97641509433962	97.0%	0.065	1.7569955435991014	0.072	1.7569955435991014	17.97641509433962	3811	2.752180621664376	2333.849167171391
chr10	72360001	72380000	chr10	72360001	73060000	700000	20000	8.153571428571428	95.0%	0.08	1.756972192702101	0.083	1.756972192702101	8.153571428571428	4566	3.2661331073337725	7316.13816042765
chr7	131635001	131665000	chr7	131485001	131665000	180000	30000	23.30555555555556	96.0%	0.024	1.756208857620118	0.025	1.756208857620118	23.305555555555557	5034	1.7534125479891542	2272.422662193944
chr7	82715001	82735000	chr7	82130001	82735000	605000	20000	9.4400826446281	97.0%	0.037	1.751563431077035	0.038	1.751563431077035	9.440082644628099	4569	2.770244256260914	5363.19288012113
chr3	40165001	40190000	chr3	39630001	40190000	560000	25000	9.50357142857143	95.0%	0.031	1.750665631645385	0.033	1.750665631645385	9.503571428571428	5322	2.1886820167333485	6128.309646853376
chr16	70630001	70655000	chr16	70305001	70655000	350000	25000	13.18	96.0%	0.0995	1.74731264095762	0.10250000000000001	1.74731264095762	13.18	4613	2.1932618260910033	3838.208195659256
chr5	90770001	90795000	chr5	90245001	90795000	550000	25000	10.318181818181818	95.0%	0.0295	1.74049791230654	0.032	1.74049791230654	10.318181818181818	5675	2.051309429039448	5641.100929858481
chr6	111195001	111215000	chr6	111020001	111215000	195000	20000	24.72435897435897	99.0%	0.031	1.738849449196194	0.033	1.738849449196194	24.724358974358974	3857	1.9729331391600375	1231.1102788358635
chr4	128445001	128465000	chr4	128445001	128880000	435000	20000	12.92816091954023	97.0%	0.041	1.7387257144678538	0.045	1.7387257144678538	12.92816091954023	4499	2.1434986906765348	2983.750177421736
chr20	340001	360000	chr20	340001	495000	155000	20000	25.193548387096776	97.0%	0.018	1.738084578551252	0.02	1.738084578551252	25.193548387096776	3124	2.023767287103858	1003.7885744035136
chr7	122520001	122540000	chr7	122115001	122540000	425000	20000	12.294117647058824	95.0%	0.078	1.736010769579541	0.079	1.736010769579541	12.294117647058824	4180	2.8979811375181215	3941.254347024645
chr18	50350001	50370000	chr18	49980001	50370000	390000	20000	11.28525641025641	95.0%	0.038	1.730916323012486	0.04	1.730916323012486	11.28525641025641	3521	1.9866141119277176	2479.2944116857916
chr3	159105001	159125000	chr3	158840001	159125000	285000	20000	18.285087719298247	96.0%	0.035	1.7306774613802425	0.038	1.7306774613802425	18.285087719298247	4169	2.0540266801754004	1873.2723323199652
chr2	222315001	222335000	chr2	222315001	222690000	375000	20000	13.79	95.0%	0.036	1.728954164023314	0.04	1.728954164023314	13.79	4137	2.332122180742991	2798.546616891589
chr9	123330001	123350000	chr9	122965001	123350000	385000	20000	13.37012987012987	95.0%	0.041	1.7273742627323092	0.043	1.7273742627323092	13.37012987012987	4118	2.4738268010244857	3047.7546188621664
chr8	52105001	52125000	chr8	52105001	52510000	405000	20000	12.030864197530864	96.0%	0.043	1.7264308227014848	0.046	1.7264308227014848	12.030864197530864	3898	2.4426197597508272	3165.635208637072
chr4	48945001	48970000	chr4	48430001	48970000	540000	25000	9.748148148148148	96.0%	0.025	1.725945464506214	0.0275	1.725945464506214	9.748148148148148	5264	2.3008919032970567	6212.408138902053
chr5	154635001	154660000	chr5	154635001	155040000	405000	25000	11.375308641975309	96.0%	0.037	1.7226663195366478	0.037	1.7226663195366478	11.375308641975309	4607	2.0388558939265398	4128.683185201243
chr9	116560001	116580000	chr9	115695001	116580000	885000	20000	6.584745762711864	96.0%	0.071	1.7218400850318292	0.074	1.7218400850318292	6.584745762711864	4662	4.0662626193249025	11515.655737928124
chr9	130860001	130880000	chr9	130860001	131045000	185000	20000	22.2972972972973	96.0%	0.025	1.7207539945304038	0.026	1.7207539945304038	22.2972972972973	3300	2.0069692781721127	1188.1258126778907
chr2	205660001	205680000	chr2	204850001	205680000	830000	20000	7.195783132530121	95.0%	0.0345	1.7206839682388482	0.038	1.7206839682388482	7.195783132530121	4778	2.576882533011807	6844.200007679359
chr2	108345001	108365000	chr2	108345001	108640000	295000	20000	16.491525423728813	98.0%	0.016	1.720341275147439	0.017	1.720341275147439	16.491525423728813	3892	2.260253008630848	2133.6788401475205
chr3	10745001	10770000	chr3	10745001	10990000	245000	25000	19.0	96.0%	0.029	1.720198971438191	0.031	1.7201989714381907	19.0	4655	1.9350853202746545	2370.479517336452
chr11	128620001	128640000	chr11	128205001	128640000	435000	20000	12.10919540229885	95.0%	0.071	1.7181080103182114	0.074	1.7181080103182114	12.10919540229885	4214	2.5318415215051133	3524.3233979351176
chr18	810001	835000	chr18	620001	835000	215000	25000	20.06511627906977	95.0%	0.017	1.713480926604395	0.018	1.7134809266043953	20.065116279069766	4314	2.1191606480344447	2278.097696637028
chr1	111210001	111230000	chr1	111210001	111425000	215000	20000	20.50581395348837	96.0%	0.041	1.7059230196628232	0.045	1.7059230196628232	20.50581395348837	3527	2.1365182900136026	1469.9245835293586
chr12	27285001	27310000	chr12	26840001	27310000	470000	25000	11.291489361702128	96.0%	0.0705	1.7020486490312023	0.0725	1.7020486490312023	11.291489361702128	5307	2.2498281673070255	5287.09619317151
chr6	35435001	35460000	chr6	35290001	35460000	170000	25000	25.57647058823529	99.0%	0.025	1.7018080471242882	0.0265	1.7018080471242882	25.576470588235296	4348	1.9166278861087795	1629.1337031924627
chr4	86490001	86515000	chr4	86490001	87270000	780000	25000	7.319230769230769	95.0%	0.0545	1.7005769652502072	0.056999999999999995	1.7005769652502072	7.319230769230769	5709	2.501035369003276	9754.037939112775
chr5	68270001	68295000	chr5	68270001	68925000	655000	25000	8.210687022900764	96.0%	0.035	1.6996332878645108	0.037	1.6996332878645108	8.210687022900764	5378	2.485507378164688	8140.0366634893535
chr10	73625001	73660000	chr10	73255001	73660000	405000	35000	12.691358024691358	95.0%	0.061	1.6993599574383815	0.065	1.6993599574383815	12.691358024691358	7196	1.836611909715522	7289.512669660907
chr10	63615001	63635000	chr10	63170001	63635000	465000	20000	10.669354838709678	95.0%	0.036	1.6989286507231935	0.036	1.6989286507231935	10.669354838709678	3969	2.646057048618859	3937.3328883448626
chr17	35530001	35550000	chr17	35150001	35550000	400000	20000	10.83125	95.0%	0.0615	1.6944885172619062	0.0645	1.6944885172619062	10.83125	3466	2.851027072373039	3649.31465263749
chr4	95095001	95120000	chr4	94400001	95120000	720000	25000	7.333333333333333	95.0%	0.0605	1.6943990838435925	0.063	1.6943990838435923	7.333333333333333	5280	2.595674093532021	9344.426736715275
chr19	13875001	13895000	chr19	13875001	14080000	205000	20000	17.524390243902438	95.0%	0.025	1.691135065158036	0.028	1.6911350651580361	17.524390243902438	2874	2.0568008777017575	1349.261375772353
chr2	9115001	9140000	chr2	8830001	9140000	310000	25000	16.63548387096774	97.0%	0.033	1.6910828035278942	0.035500000000000004	1.6910828035278942	16.635483870967743	5157	2.0063797794020033	3109.888658073105
chr14	90220001	90240000	chr14	89935001	90240000	305000	20000	14.62295081967213	97.0%	0.07	1.6898494251122524	0.071	1.6898494251122524	14.62295081967213	3568	2.334198174852813	2278.1774186563453
chr10	99840001	99865000	chr10	99840001	100195000	355000	25000	14.408450704225354	95.0%	0.044	1.68950707717477	0.048	1.68950707717477	14.408450704225352	5115	2.417236563266432	4290.594899797917
chr2	85540001	85560000	chr2	85300001	85560000	260000	20000	20.697115384615383	97.0%	0.0235	1.6875750134511576	0.0245	1.6875750134511576	20.697115384615383	4305	2.21310046100701	1841.2995835578326
chr20	58855001	58875000	chr20	58855001	59490000	635000	20000	7.582677165354331	95.0%	0.077	1.6846688496943465	0.081	1.6846688496943465	7.582677165354331	3852	2.73164739432075	5550.707505259764
chr10	26325001	26345000	chr10	26325001	26730000	405000	20000	12.645061728395062	97.0%	0.087	1.6790291761789928	0.088	1.6790291761789928	12.645061728395062	4097	2.5725321855923773	3334.001712527721
chr6	138795001	138820000	chr6	138795001	139365000	570000	25000	9.510526315789471	95.0%	0.048	1.67795742713144	0.049	1.67795742713144	9.510526315789473	5421	2.2578575595114523	6434.894044607639
chr6	142145001	142160000	chr6	142145001	142570000	425000	15000	12.180392156862744	95.0%	0.04	1.675953318199109	0.045	1.675953318199109	12.180392156862744	3106	2.491555026703211	1906.0395954279566
chr1	88850001	88885000	chr1	88725001	88885000	160000	35000	29.276785714285715	97.0%	0.044	1.6752553268175132	0.0465	1.6752553268175132	29.276785714285715	6558	2.2160723286459136	3474.801411316793
chr10	89415001	89440000	chr10	89415001	89695000	280000	25000	17.72142857142857	96.0%	0.0435	1.67199931285067	0.048	1.67199931285067	17.72142857142857	4962	2.2245546458905885	3114.376504246824
chr16	2130001	2155000	chr16	1950001	2155000	205000	25000	15.21951219512195	95.0%	0.033	1.670279325458626	0.034	1.6702793254586261	15.21951219512195	3120	1.4049904067902301	1440.1151669599858
chr7	7095001	7115000	chr7	7095001	7555000	460000	20000	11.548913043478262	95.0%	0.026	1.6681378751106044	0.028	1.6681378751106044	11.548913043478262	4250	2.6833034417217716	3949.822666214448
chr8	103500001	103520000	chr8	103060001	103520000	460000	20000	9.910326086956522	95.0%	0.0745	1.662842943272926	0.0775	1.662842943272926	9.910326086956522	3647	2.437767007815866	3588.393035504955
chr2	96505001	96525000	chr2	96165001	96525000	360000	20000	13.21875	95.0%	0.02	1.6627705799572428	0.020999999999999998	1.6627705799572428	13.21875	3807	1.8970071287827939	2185.3522123577786
chr3	45500001	45525000	chr3	45500001	45935000	435000	25000	11.896551724137932	95.0%	0.031	1.661088737281827	0.035	1.661088737281827	11.89655172413793	5175	1.8998787290083485	4132.236235593158
chr1	16070001	16100000	chr1	16070001	16250000	180000	30000	24.42129629629629	97.0%	0.02	1.658772925550032	0.022	1.658772925550032	24.421296296296298	5275	2.0406186718642334	2644.6417987360464
chr7	134420001	134440000	chr7	134420001	134710000	290000	20000	16.754310344827587	95.0%	0.0215	1.6553496369079796	0.023	1.6553496369079796	16.754310344827587	3887	2.1938926926845936	2035.932418811303
chr12	96500001	96525000	chr12	95915001	96525000	610000	25000	8.580327868852459	95.0%	0.0819999999999999	1.6531017206235374	0.0865	1.6531017206235374	8.580327868852459	5234	2.3250439139486128	7091.383937543269
chr4	113385001	113405000	chr4	113385001	114220000	835000	20000	7.169161676646707	96.0%	0.053	1.652422702237955	0.055	1.652422702237955	7.169161676646707	4789	3.163525578210784	8452.940344979215
chr1	173420001	173435000	chr1	173420001	174125000	705000	15000	7.91016548463357	95.0%	0.052	1.6519182791369005	0.054	1.6519182791369003	7.91016548463357	3346	2.9742851961820604	3774.367913955035
chr7	20290001	20320000	chr7	20095001	20320000	225000	30000	21.140740740740743	96.0%	0.039	1.6498981588720696	0.043	1.6498981588720696	21.14074074074074	5708	1.887725434439933	3058.1152037926913
chr6	127450001	127470000	chr6	127450001	127695000	245000	20000	20.821428571428573	95.0%	0.027	1.6467503618644377	0.03	1.6467503618644375	20.821428571428573	4081	2.031671029736945	1592.830087313765
chr20	20560001	20580000	chr20	20360001	20580000	220000	20000	18.289772727272727	97.0%	0.033	1.6439324023430548	0.037	1.6439324023430548	18.289772727272727	3219	2.1682665740026312	1526.4596680978525
chr2	42650001	42670000	chr2	42390001	42670000	280000	20000	27.013392857142858	98.0%	0.033	1.643901421320073	0.036000000000000004	1.643901421320073	27.013392857142858	6051	2.8472742772367874	2551.1577524041613
chr7	24800001	24820000	chr7	24800001	25110000	310000	20000	16.088709677419356	96.0%	0.075	1.6433916705251008	0.08	1.6433916705251008	16.088709677419356	3990	3.00247079017196	2978.4510238505845
chr17	49525001	49560000	chr17	49395001	49560000	165000	35000	25.21212121212121	97.0%	0.017	1.643043173324323	0.018	1.643043173324323	25.21212121212121	5824	1.711214618698465	2767.0340384354176
chr2	58560001	58580000	chr2	58560001	59180000	620000	20000	12.32258064516129	95.0%	0.0285	1.64249575945475	0.0315	1.64249575945475	12.32258064516129	6112	2.5287203665855538	5016.981207305738
chr5	62215001	62235000	chr5	62215001	62415000	200000	20000	17.94375	97.0%	0.021	1.6395630934442096	0.022	1.6395630934442096	17.94375	2871	1.767151017703656	1130.9766513303398
chr2	190775001	190805000	chr2	190775001	191020000	245000	30000	20.857142857142858	96.0%	0.023	1.6384482136289589	0.022	1.6384482136289589	20.857142857142858	6132	1.9332012805634335	3410.1670589138967
chr4	78855001	78875000	chr4	78505001	78875000	370000	20000	12.594594594594597	95.0%	0.036	1.635999364340798	0.039999999999999994	1.635999364340798	12.594594594594595	3728	2.0666957231658154	2446.9677362283255
chr3	45645001	45670000	chr3	45505001	45670000	165000	25000	24.96969696969697	96.0%	0.022	1.635612531591221	0.024	1.6356125315912213	24.96969696969697	4120	1.8055714369588505	1489.5964354910516
chr8	120915001	120940000	chr8	120335001	120940000	605000	25000	9.53388429752066	95.0%	0.021	1.6349583453102727	0.025	1.6349583453102727	9.533884297520661	5768	2.664140356182019	8059.0245774506075
chr2	200890001	200910000	chr2	200890001	201235000	345000	20000	15.83695652173913	97.0%	0.077	1.6290818514786716	0.083	1.6290818514786716	15.83695652173913	4371	2.6642241699787808	2941.303483656574
chr5	133105001	133130000	chr5	133105001	133470000	365000	25000	13.43835616438356	98.0%	0.034	1.628663562651214	0.037	1.628663562651214	13.438356164383562	4905	2.1732812206267194	3966.2382276437625
chr7	12310001	12330000	chr7	11825001	12330000	505000	20000	10.992574257425742	95.0%	0.033	1.6270555533120008	0.034	1.6270555533120008	10.992574257425742	4441	2.9507278113129214	4768.376143081681
chr15	57550001	57570000	chr15	57550001	57865000	315000	20000	14.166666666666666	95.0%	0.037	1.6261868963894317	0.039	1.6261868963894315	14.166666666666666	3570	2.121932421218564	2138.9078805883128
chr1	167205001	167225000	chr1	167065001	167225000	160000	20000	27.0859375	97.0%	0.0385	1.6217893563000692	0.042499999999999996	1.6217893563000692	27.0859375	3467	2.162186736996567	1107.0396093422423
chr4	87830001	87850000	chr4	87330001	87850000	520000	20000	10.442307692307692	95.0%	0.0315	1.6213639153182913	0.033	1.6213639153182913	10.442307692307692	4344	2.33635722599774	3887.6984240602396
chr15	83235001	83265000	chr15	83235001	83510000	275000	30000	16.71212121212121	95.0%	0.061	1.6194988075086658	0.068	1.6194988075086658	16.71212121212121	5515	2.3889377329762698	4730.096711293014
chr7	100695001	100725000	chr7	100695001	100890000	195000	30000	21.51282051282051	96.0%	0.012	1.6188377301570709	0.013	1.6188377301570707	21.512820512820515	5034	1.615292744616327	2267.871013441323
chr1	24385001	24405000	chr1	24060001	24405000	345000	20000	13.304347826086955	95.0%	0.026	1.6188056323366091	0.028	1.6188056323366091	13.304347826086957	3672	2.4772463776973037	2734.8800009778233
chr4	87455001	87475000	chr4	87255001	87475000	220000	20000	20.943181818181817	96.0%	0.028	1.6147171148032402	0.031	1.6147171148032402	20.943181818181817	3686	2.0465634660589487	1440.7806801054999
chr16	27355001	27375000	chr16	27145001	27375000	230000	20000	18.222826086956523	95.0%	0.0635	1.6132764354184592	0.067	1.6132764354184592	18.222826086956523	3353	2.417962504121074	1779.6204030331105
chr8	124575001	124600000	chr8	124575001	125080000	505000	25000	10.435643564356436	95.0%	0.062	1.6106660291646495	0.065	1.6106660291646497	10.435643564356436	5270	2.01462178854161	5086.920016067565
chr7	123855001	123875000	chr7	123560001	123875000	315000	20000	16.17063492063492	95.0%	0.023	1.6106304193634833	0.026	1.6106304193634833	16.17063492063492	4075	2.2036595134165533	2221.288789523886
chr4	15795001	15815000	chr4	15795001	16010000	215000	20000	20.26744186046512	99.0%	0.03	1.6086689960898808	0.033	1.6086689960898808	20.267441860465116	3486	2.1646415353554844	1489.2733763245733
chr7	117745001	117770000	chr7	117745001	118165000	420000	25000	13.507142857142858	97.0%	0.0705	1.607298800913104	0.07400000000000001	1.607298800913104	13.507142857142858	5673	2.7081028117214734	5687.015904615094
chr1	117740001	117765000	chr1	117505001	117765000	260000	25000	17.042307692307695	96.0%	0.079	1.6060927030505328	0.08299999999999999	1.6060927030505328	17.04230769230769	4431	2.1492431486377668	2794.016093229097
chr5	43375001	43395000	chr5	42985001	43395000	410000	20000	11.746951219512194	95.0%	0.0255	1.6055054347488984	0.0275	1.6055054347488984	11.746951219512194	3853	1.8807429401983653	2467.5347375402553
chr7	108130001	108150000	chr7	107715001	108150000	435000	20000	12.67816091954023	97.0%	0.078	1.6040178813059245	0.08	1.6040178813059243	12.67816091954023	4412	2.4175513807508286	3365.2315220051532
chr2	26735001	26755000	chr2	26315001	26755000	440000	20000	12.238636363636363	95.0%	0.031	1.603891852879494	0.033	1.603891852879494	12.238636363636363	4308	1.5893417172891446	2237.7931379431157
chr5	59780001	59805000	chr5	59370001	59805000	435000	25000	12.255172413793105	95.0%	0.032	1.6034055800673932	0.034	1.6034055800673932	12.255172413793103	5331	2.2550759357373957	4904.790160228836
chr1	180875001	180895000	chr1	180875001	181105000	230000	20000	19.005434782608692	95.0%	0.0289999999999999	1.601853120133948	0.032	1.601853120133948	19.005434782608695	3497	1.6282916459957324	1198.422651452859
chr11	72405001	72425000	chr11	72190001	72425000	235000	20000	20.611702127659573	96.0%	0.031	1.6012952626576382	0.033	1.6012952626576382	20.611702127659573	3875	1.8440743149862013	1386.7438848696233
chr11	66820001	66840000	chr11	66385001	66840000	455000	20000	11.343406593406591	97.0%	0.031	1.6008853051648824	0.033	1.6008853051648824	11.343406593406593	4129	1.9861108691624618	2891.7774255005443
chr6	36610001	36630000	chr6	36610001	36765000	155000	20000	26.677419354838708	98.0%	0.015	1.6005805467016008	0.016	1.6005805467016008	26.677419354838708	3308	1.8658467449492613	925.4599854948336
chr12	94535001	94555000	chr12	94535001	95145000	610000	20000	7.932377049180328	95.0%	0.0465	1.6002226435109448	0.05	1.6002226435109448	7.932377049180328	3871	2.0824323374828215	4064.907922766468
chr13	33220001	33240000	chr13	33220001	33545000	325000	20000	14.361538461538462	96.0%	0.053	1.5979451146421733	0.056	1.5979451146421733	14.361538461538462	3734	2.0605394134348587	2142.960989972253
chr11	10790001	10810000	chr11	10790001	10935000	145000	20000	32.60344827586207	98.0%	0.027	1.597739082944778	0.031	1.597739082944778	32.60344827586207	3782	2.072881439309555	961.8169878396336
chr9	90620001	90645000	chr9	90270001	90645000	375000	25000	13.826666666666668	95.0%	0.078	1.597139954347091	0.085	1.597139954347091	13.826666666666666	5185	2.6269123916529895	4925.460734349355
chr8	10030001	10050000	chr8	10030001	10370000	340000	20000	14.227941176470589	96.0%	0.0584999999999999	1.5970683086006288	0.062	1.5970683086006288	14.227941176470589	3870	2.3003173822793417	2502.7453119199236
chr2	138355001	138380000	chr2	137900001	138380000	480000	25000	11.48125	97.0%	0.0355	1.5938892617797662	0.038	1.5938892617797662	11.48125	5511	2.2358485627844615	5366.0365506827075
chr1	38820001	38840000	chr1	37870001	38840000	970000	20000	5.841494845360825	96.0%	0.091	1.5918164254087583	0.0935	1.5918164254087583	5.841494845360825	4533	3.0466692754310296	9456.861430937915
chr10	89250001	89270000	chr10	89250001	89420000	170000	20000	26.330882352941178	99.0%	0.0305	1.5900641233642334	0.0345	1.5900641233642334	26.330882352941178	3581	2.3207323233589032	1262.4783839072434
chr11	19885001	19910000	chr11	19290001	19910000	620000	25000	8.341935483870968	95.0%	0.0485	1.5892232835414548	0.0495	1.5892232835414548	8.341935483870968	5172	2.0375428570236203	6316.3828567732235
chr4	185585001	185605000	chr4	185095001	185605000	510000	20000	10.044117647058824	95.0%	0.0335	1.58785385432629	0.036	1.58785385432629	10.044117647058824	4098	1.5968395923735434	2606.042214753623
chr8	86340001	86360000	chr8	85970001	86360000	390000	20000	12.721153846153848	96.0%	0.0305	1.5862450701231758	0.032	1.5862450701231758	12.721153846153847	3969	2.876753644224397	3590.1885479920475
chr12	14720001	14745000	chr12	14720001	15270000	550000	25000	9.001818181818182	95.0%	0.0465	1.5800175846885764	0.0495	1.5800175846885764	9.001818181818182	4951	1.917707167076525	5273.694709460444
chr7	90405001	90430000	chr7	90180001	90430000	250000	25000	18.696	95.0%	0.026	1.5791175639337471	0.028	1.5791175639337471	18.696	4674	1.8499238125925752	2312.404765740719
chr6	55045001	55075000	chr6	54700001	55075000	375000	30000	13.624444444444444	95.0%	0.055	1.578102243332974	0.058	1.5781022433329739	13.624444444444444	6131	2.3727939393699544	6406.543636298877
chr15	48355001	48375000	chr15	48355001	48855000	500000	20000	9.74	95.0%	0.0819999999999999	1.574235319464064	0.0865	1.5742353194640641	9.74	3896	2.880052716356324	4608.084346170119
chr4	26395001	26425000	chr4	25945001	26425000	480000	30000	10.947916666666666	96.0%	0.0365	1.5725439062270006	0.039	1.5725439062270006	10.947916666666666	6306	2.2819547362110852	7886.435568345511
chr11	33660001	33685000	chr11	33350001	33685000	335000	25000	16.61492537313433	95.0%	0.018	1.5696751898157983	0.021	1.5696751898157983	16.61492537313433	5566	2.289803657559844	3835.421126412739
chr12	30840001	30860000	chr12	30840001	31275000	435000	20000	10.235632183908049	95.0%	0.03	1.5665124553384298	0.034	1.5665124553384298	10.235632183908047	3562	2.047905801782911	2850.684876081812
chr6	144925001	144945000	chr6	144585001	144945000	360000	20000	14.73263888888889	98.0%	0.0345	1.566282983876332	0.0375	1.5662829838763321	14.73263888888889	4243	2.656227638493788	3059.974239544844
chr6	53160001	53180000	chr6	53160001	53730000	570000	20000	9.776315789473683	95.0%	0.0569999999999999	1.566113587518024	0.059	1.5661135875180239	9.776315789473685	4458	2.6478998387045993	4829.769305797189
chr22	39325001	39345000	chr22	39325001	39515000	190000	20000	20.914473684210527	95.0%	0.044	1.5636497195950354	0.05	1.5636497195950354	20.914473684210527	3179	2.160663918916248	1313.683662701079
chr12	25375001	25395000	chr12	25145001	25395000	250000	20000	18.585	95.0%	0.031	1.5616029382794256	0.033	1.5616029382794256	18.585	3717	2.3721986107922852	1897.758888633828
chr6	119140001	119170000	chr6	119140001	119740000	600000	30000	9.491666666666667	95.0%	0.052	1.560459901880341	0.0545	1.560459901880341	9.491666666666667	6834	2.015590062350675	8707.349069354916
chr1	19860001	19880000	chr1	19705001	19880000	175000	20000	24.63571428571429	96.0%	0.026	1.5596765147299938	0.028	1.5596765147299938	24.635714285714286	3449	1.9586138946831149	1096.8237810225444
chr12	56190001	56210000	chr12	56190001	56505000	315000	20000	15.563492063492063	95.0%	0.039	1.557516754817199	0.042	1.557516754817199	15.563492063492063	3922	1.712045855378544	1725.7422222215723
chr2	187470001	187505000	chr2	187470001	187850000	380000	35000	13.201127819548873	96.0%	0.029	1.5544900062822955	0.03	1.5544900062822957	13.201127819548873	7023	1.849585372762358	6887.8559281670205
chr6	144095001	144115000	chr6	144095001	144535000	440000	20000	12.036931818181818	96.0%	0.0405	1.5523112977044629	0.041999999999999996	1.5523112977044629	12.036931818181818	4237	2.1470893120472727	3023.10175136256
chr1	36270001	36290000	chr1	36105001	36290000	185000	20000	25.2027027027027	97.0%	0.033	1.550907424196616	0.037	1.550907424196616	25.2027027027027	3730	1.9790794492077164	1171.6150339309681
chr3	170945001	170970000	chr3	170945001	171690000	745000	25000	7.5731543624161075	95.0%	0.04	1.5466395960194	0.043	1.5466395960194	7.5731543624161075	5642	2.3847086249527183	8883.039627948876
chr7	114850001	114870000	chr7	114850001	115220000	370000	20000	13.719594594594597	97.0%	0.0505	1.5461601558019762	0.0545	1.5461601558019762	13.719594594594595	4061	2.1181465770909202	2507.8855472756495
chr16	87620001	87645000	chr16	87305001	87645000	340000	25000	12.2	96.0%	0.045	1.5458553120981098	0.048	1.5458553120981098	12.2	4148	1.9092724800639114	3245.7632161086494
chr15	60315001	60335000	chr15	59685001	60335000	650000	20000	8.115384615384615	96.0%	0.0965	1.5456744308570982	0.10350000000000001	1.5456744308570982	8.115384615384615	4220	4.118975189310986	8567.46839376685
chr10	29720001	29740000	chr10	29450001	29740000	290000	20000	15.629310344827584	95.0%	0.0325	1.545033555384682	0.0335	1.5450335553846821	15.629310344827585	3626	1.6791503928629945	1558.251564576859
chr1	157960001	157975000	chr1	157960001	158130000	170000	15000	26.392156862745097	98.0%	0.0315	1.5410260066316566	0.035500000000000004	1.5410260066316566	26.392156862745097	2692	2.9101314619476972	890.5002273559953
chr1	84140001	84155000	chr1	84140001	84620000	480000	15000	10.788194444444445	96.0%	0.0725	1.5407075595713022	0.077	1.5407075595713022	10.788194444444445	3107	3.2972227334557864	2848.8004417057996
chr1	109635001	109660000	chr1	109635001	110005000	370000	25000	11.437837837837836	95.0%	0.04	1.5402572094936895	0.041999999999999996	1.5402572094936897	11.437837837837838	4232	1.8541461243915276	3430.170330124326
chr10	70870001	70890000	chr10	70420001	70890000	470000	20000	11.726063829787234	96.0%	0.0195	1.534264063402741	0.022	1.5342640634027407	11.726063829787234	4409	2.018339426038458	3035.582496761841
chr10	33330001	33355000	chr10	33330001	34120000	790000	25000	6.711392405063291	96.0%	0.0555	1.5333152964196155	0.0575	1.5333152964196157	6.711392405063291	5302	2.6665295727073044	10532.791812193853
chr4	158855001	158875000	chr4	158855001	159175000	320000	20000	15.3984375	96.0%	0.043	1.5331265352902286	0.045	1.5331265352902286	15.3984375	3942	2.4189001471176717	2476.9537506484958
chr2	137815001	137845000	chr2	136870001	137845000	975000	30000	6.415384615384615	95.0%	0.022	1.53165231952263	0.023	1.53165231952263	6.415384615384616	7506	2.485845603047466	17450.63613339321
chr1	153970001	153990000	chr1	153555001	153990000	435000	20000	10.07471264367816	95.0%	0.049	1.5263704642600189	0.052	1.5263704642600189	10.074712643678161	3506	1.7100784941635232	2380.429263875624
chr1	31530001	31550000	chr1	31385001	31550000	165000	20000	28.893939393939394	98.0%	0.037	1.5245796224542667	0.04	1.5245796224542667	28.893939393939394	3814	2.0602320519217368	1087.802523414677
chr8	89605001	89630000	chr8	89035001	89630000	595000	25000	8.398319327731091	95.0%	0.078	1.522388418855762	0.079	1.5223884188557621	8.398319327731093	4997	2.376657562019741	7070.55624700873
chr7	117110001	117130000	chr7	116920001	117130000	210000	20000	22.14880952380953	98.0%	0.032	1.520880149868029	0.035	1.5208801498680293	22.148809523809526	3721	2.274840122545275	1528.6925623504249
chr2	197765001	197785000	chr2	197005001	197785000	780000	20000	6.152243589743589	95.0%	0.0465	1.519908910541327	0.0485	1.519908910541327	6.152243589743589	3839	2.2229675563676015	5548.527020693533
chr10	49500001	49525000	chr10	48950001	49525000	575000	25000	9.264347826086958	95.0%	0.039	1.5197262953867865	0.043	1.5197262953867863	9.264347826086956	5327	1.9121557445914361	5497.447765700379
chr12	107590001	107610000	chr12	107075001	107610000	535000	20000	10.38551401869159	95.0%	0.051	1.5172740855966005	0.053	1.5172740855966003	10.38551401869159	4445	2.916554189359611	4993.140772183654
chrX	45315001	45335000	chrX	45315001	45550000	235000	20000	8.888297872340425	98.0%	0.08	1.5164411478303736	0.082	1.5164411478303736	8.888297872340425	1671	2.356848339605942	1772.3499513836684
chr19	17055001	17075000	chr19	17055001	17295000	240000	20000	16.59375	95.0%	0.0485	1.5159037054199132	0.0515	1.5159037054199132	16.59375	3186	1.9793077059496909	1520.1083181693625
chr4	8390001	8410000	chr4	8235001	8410000	175000	20000	24.335714285714285	96.0%	0.033	1.5154358044340632	0.036	1.5154358044340632	24.335714285714285	3407	1.839511653542831	1030.1265259839854
chr18	5860001	5885000	chr18	5860001	6285000	425000	25000	10.08235294117647	96.0%	0.055	1.5123522622439534	0.059	1.5123522622439534	10.08235294117647	4285	1.9764651698513753	4199.988485934173
chr11	6010001	6035000	chr11	6010001	6365000	355000	25000	20.47887323943662	97.0%	0.068	1.511411635042937	0.073	1.511411635042937	20.47887323943662	7270	3.0010502908470937	5326.864266253591
chr2	85795001	85820000	chr2	85620001	85820000	200000	25000	24.01	96.0%	0.032	1.5092746602891454	0.036	1.5092746602891454	24.01	4802	1.6800694951648074	1680.0694951648074
chr3	190185001	190205000	chr3	189975001	190205000	230000	20000	20.945652173913043	97.0%	0.0289999999999999	1.5061685570074266	0.0315	1.5061685570074266	20.945652173913043	3854	2.1349768896791597	1571.3429908038615
chr3	190200001	190235000	chr3	190200001	190460000	260000	35000	18.912087912087912	95.0%	0.0305	1.5057464580221034	0.032	1.5057464580221034	18.912087912087912	6884	1.9568350226575713	4986.015637731492
chr15	68545001	68565000	chr15	68545001	68935000	390000	20000	11.509615384615383	96.0%	0.0564999999999999	1.505189811411927	0.058499999999999996	1.505189811411927	11.509615384615385	3591	2.9123538562698	3634.61761262471
chr3	16035001	16055000	chr3	16035001	16255000	220000	20000	22.875	98.0%	0.023	1.5007828212512413	0.025500000000000002	1.5007828212512413	22.875	4026	2.543810581572416	1790.842649426981
chr6	89935001	89970000	chr6	89935001	90490000	555000	35000	10.217503217503218	95.0%	0.095	1.4974586223646484	0.1	1.4974586223646484	10.217503217503218	7939	2.6941919661046034	14653.710103642938
chr1	203695001	203715000	chr1	203330001	203715000	385000	20000	13.477272727272728	96.0%	0.028	1.4966138510006533	0.031	1.4966138510006533	13.477272727272727	4151	2.398816599824309	2955.3420509835487
chr1	22965001	22985000	chr1	22965001	23285000	320000	20000	14.47265625	96.0%	0.031	1.496201038294539	0.035	1.496201038294539	14.47265625	3705	2.360298156369111	2416.9453121219694
chr1	152045001	152070000	chr1	152045001	152190000	145000	25000	29.779310344827586	97.0%	0.024	1.491244511691838	0.027	1.491244511691838	29.779310344827586	4318	2.107002254840524	1527.5766347593799
chr3	129635001	129660000	chr3	129635001	129935000	300000	25000	16.933333333333334	96.0%	0.0404999999999999	1.4905330655015248	0.0445	1.4905330655015248	16.933333333333334	5080	2.3181733640523148	3477.2600460784724
chr17	30990001	31020000	chr17	30990001	31320000	330000	30000	13.787878787878787	95.0%	0.0745	1.4878233290518046	0.08	1.4878233290518046	13.787878787878787	5460	2.2795863839080748	5416.297248165585
chr18	10540001	10565000	chr18	10540001	10830000	290000	25000	14.420689655172414	97.0%	0.031	1.483131508410429	0.032	1.483131508410429	14.420689655172414	4182	1.3459227683768735	1951.5880141464665
chr7	5485001	5505000	chr7	5485001	5715000	230000	20000	15.83695652173913	95.0%	0.0325	1.4818892809269717	0.035	1.4818892809269715	15.83695652173913	2914	1.55630771153782	1145.4424756918356
chrX	19890001	19910000	chrX	19890001	20095000	205000	20000	10.402439024390244	96.0%	0.097	1.4798849890062915	0.104	1.4798849890062915	10.402439024390244	1706	2.35035408484605	1541.832279659009
chr17	58100001	58120000	chr17	57840001	58120000	280000	20000	16.584821428571427	95.0%	0.0295	1.479711439630281	0.033	1.479711439630281	16.584821428571427	3715	2.165211613964216	1940.0296061119375
chr19	54770001	54790000	chr19	54535001	54790000	255000	20000	25.16176470588235	95.0%	0.031	1.4763881334416613	0.034	1.4763881334416613	25.16176470588235	5133	2.514447069120365	2051.788808402218
chr1	226815001	226835000	chr1	226610001	226835000	225000	20000	19.822222222222223	96.0%	0.033	1.4743565857104692	0.037	1.4743565857104692	19.822222222222223	3568	2.33422125120184	1680.639300865325
chr7	26370001	26395000	chr7	26370001	26615000	245000	25000	19.33061224489796	96.0%	0.039	1.4689920743040286	0.041	1.4689920743040286	19.33061224489796	4736	1.994268214902892	2442.978563256043
chr6	7985001	8005000	chr6	7705001	8005000	300000	20000	18.016666666666666	97.0%	0.0284999999999999	1.4687602289623904	0.0315	1.4687602289623904	18.016666666666666	4324	2.6358042689767247	2530.3720982176555
chr3	168780001	168805000	chr3	168630001	168805000	175000	25000	38.10285714285714	98.0%	0.034	1.465480304455555	0.035	1.465480304455555	38.10285714285714	6668	1.9520989559113218	1708.0865864224065
chr20	59770001	59795000	chr20	59770001	59965000	195000	25000	23.25128205128205	96.0%	0.071	1.463977809443646	0.076	1.463977809443646	23.25128205128205	4534	1.8190284784809527	1773.5527665189288
chr20	49605001	49625000	chr20	49605001	49890000	285000	20000	15.767543859649123	97.0%	0.046	1.459893255790064	0.052	1.4598932557900641	15.767543859649123	3595	2.682008408635109	2445.9916686752194
chr19	32550001	32575000	chr19	32280001	32575000	295000	25000	14.1728813559322	96.0%	0.068	1.4596964323200825	0.069	1.4596964323200825	14.172881355932203	4181	2.37544071866074	3503.7750600245918
chr8	25170001	25190000	chr8	25170001	25490000	320000	20000	12.82421875	96.0%	0.0405	1.4573589322688592	0.043	1.4573589322688592	12.82421875	3283	1.972005360626543	2019.3334892815801
chr7	151745001	151765000	chr7	151310001	151765000	455000	20000	10.483516483516484	95.0%	0.021	1.4571377541361987	0.022	1.4571377541361987	10.483516483516484	3816	1.9886510590224258	2895.475941936652
chr1	25190001	25220000	chr1	24880001	25220000	340000	30000	13.995098039215684	95.0%	0.035	1.4571160518818975	0.0375	1.4571160518818975	13.995098039215685	5710	1.705663325796871	4175.46382155074
chr2	48400001	48425000	chr2	47995001	48425000	430000	25000	17.97906976744186	96.0%	0.0555	1.4543275940252638	0.0605	1.4543275940252638	17.97906976744186	7731	2.696178045073123	5796.782796907215
chr3	194120001	194140000	chr3	193785001	194140000	355000	20000	13.130281690140846	97.0%	0.046	1.4481162637716616	0.048	1.4481162637716616	13.130281690140846	3729	2.055190048266559	2334.6958948308106
chr3	63180001	63200000	chr3	62705001	63200000	495000	20000	10.681818181818182	96.0%	0.028	1.4474930416066294	0.03	1.4474930416066294	10.681818181818182	4230	2.5546274430838944	4046.5298698448887
chr10	63710001	63730000	chr10	63155001	63730000	575000	20000	8.7	98.0%	0.035	1.4471874109170153	0.037	1.4471874109170153	8.7	4002	2.9720819575999933	5468.630801983988
chr4	103770001	103790000	chr4	103095001	103790000	695000	20000	8.595323741007194	97.0%	0.032	1.446834816944441	0.036	1.446834816944441	8.595323741007194	4779	2.8417818319300743	6320.122794212485
chr3	168040001	168060000	chr3	168040001	168195000	155000	20000	29.45967741935484	97.0%	0.031	1.443384249492336	0.033	1.443384249492336	29.45967741935484	3653	2.2376523152343384	1109.8755483562318
chr7	107695001	107730000	chr7	107215001	107730000	515000	35000	10.96116504854369	96.0%	0.039	1.4414216935069726	0.043	1.4414216935069726	10.96116504854369	7903	2.1744069440696867	10974.23184671971
chr6	110670001	110690000	chr6	110670001	111050000	380000	20000	12.973684210526317	97.0%	0.083	1.4406723177054903	0.08349999999999999	1.4406723177054905	12.973684210526315	3944	2.1347256292108154	2595.8263651203515
chr1	220280001	220300000	chr1	220280001	220785000	505000	20000	10.57920792079208	97.0%	0.081	1.440654025513366	0.082	1.440654025513366	10.57920792079208	4274	2.8771286554678968	4649.439907236121
chr11	2140001	2160000	chr11	1635001	2160000	525000	20000	12.08095238095238	95.0%	0.034	1.4321710916503432	0.037	1.4321710916503432	12.08095238095238	5074	2.1894770804770824	3678.3214952014982
chr4	73635001	73660000	chr4	73320001	73660000	340000	25000	15.68235294117647	95.0%	0.0365	1.4289217188248462	0.0395	1.4289217188248462	15.68235294117647	5332	1.7613168371236085	2994.2386231101345
chr12	118360001	118380000	chr12	118070001	118380000	310000	20000	14.028225806451612	95.0%	0.045	1.4274347773002607	0.049	1.4274347773002607	14.028225806451612	3479	2.0874288900772013	2070.7294589565836
chr1	161765001	161800000	chr1	161765001	162590000	825000	35000	7.016450216450217	95.0%	0.087	1.4272611806048772	0.09	1.4272611806048772	7.016450216450217	8104	2.2550227228749056	18231.858714443613
chr10	52200001	52220000	chr10	51370001	52220000	850000	20000	5.952941176470588	96.0%	0.0525	1.425949593624841	0.0545	1.425949593624841	5.952941176470588	4048	2.1104176527370297	5740.336015444721
chr1	22405001	22420000	chr1	22095001	22420000	325000	15000	13.384615384615383	95.0%	0.062	1.4251917808845884	0.063	1.4251917808845884	13.384615384615385	2610	2.4226882132948324	1417.272604777477
chr3	51995001	52020000	chr3	51995001	52390000	395000	25000	12.311392405063293	95.0%	0.03	1.4244165889943985	0.032	1.4244165889943983	12.311392405063291	4863	1.6455416665042848	3249.9447913459626
chr20	59085001	59105000	chr20	59085001	59455000	370000	20000	12.85135135135135	96.0%	0.0435	1.4243773659768844	0.0465	1.4243773659768844	12.85135135135135	3804	2.524385711091491	2988.8726819323256
chr10	17590001	17610000	chr10	17590001	17890000	300000	20000	14.579166666666667	98.0%	0.027	1.423991751397481	0.0275	1.4239917513974807	14.579166666666667	3499	2.0921843707917867	2008.4969959601153
chr5	174725001	174750000	chr5	174420001	174750000	330000	25000	14.37878787878788	97.0%	0.023	1.4229467485399303	0.0245	1.4229467485399303	14.378787878787879	4745	2.526687994621573	4169.035191125596
chr3	42530001	42565000	chr3	42105001	42565000	460000	35000	11.251552795031056	95.0%	0.056	1.4192120910187087	0.058499999999999996	1.4192120910187087	11.251552795031056	7246	1.8077756273362666	8149.45252803189
chr11	29325001	29350000	chr11	29155001	29350000	195000	25000	22.06153846153846	98.0%	0.02	1.418440534670519	0.023	1.4184405346705187	22.06153846153846	4302	1.8263329094487821	1780.6745867125626
chr4	82190001	82210000	chr4	81400001	82210000	810000	20000	7.734567901234568	96.0%	0.038	1.4174636255288873	0.039	1.4174636255288873	7.734567901234568	5012	3.659992068990008	9486.6994428221
chr1	95040001	95060000	chr1	94810001	95060000	250000	20000	18.195	98.0%	0.098	1.4159678052101543	0.1055	1.4159678052101545	18.195	3639	2.9389223831633977	2351.1379065307183
chr22	46530001	46550000	chr22	46345001	46550000	205000	20000	16.01219512195122	96.0%	0.087	1.411166444121248	0.094	1.411166444121248	16.01219512195122	2626	2.5319008542776205	1660.926960406119
chr5	74665001	74685000	chr5	74665001	75060000	395000	20000	11.721518987341772	96.0%	0.064	1.40462126632142	0.069	1.4046212663214201	11.721518987341772	3704	1.8321213364140556	2315.801369227366
chr8	80225001	80245000	chr8	80030001	80245000	215000	20000	19.3546511627907	97.0%	0.092	1.4044410433811672	0.101	1.4044410433811672	19.3546511627907	3329	2.3795342914305833	1637.1195925042412
chr11	128870001	128900000	chr11	128870001	129325000	455000	30000	11.038461538461538	95.0%	0.028	1.4018482093667428	0.03	1.4018482093667428	11.038461538461538	6027	1.447308923933324	4741.38403480557
chr4	152625001	152655000	chr4	152320001	152655000	335000	30000	15.987562189054726	96.0%	0.031	1.4014039117719688	0.035	1.4014039117719688	15.987562189054726	6427	1.9730208479396736	4758.926285230493
chr8	69650001	69675000	chr8	69650001	70150000	500000	25000	9.388	95.0%	0.0814999999999999	1.39937141282653	0.087	1.39937141282653	9.388	4694	2.0143613834983745	5035.903458745936
chr17	17340001	17360000	chr17	17340001	17655000	315000	20000	13.238095238095235	95.0%	0.072	1.39902191917259	0.079	1.3990219191725901	13.238095238095237	3336	2.6959643620614426	2717.5320769579344
chr11	7880001	7900000	chr11	7880001	8130000	250000	20000	26.025	98.0%	0.035	1.3973508270502166	0.039	1.3973508270502166	26.025	5205	2.2544893253598253	1803.5914602878602
chr5	178270001	178290000	chr5	178270001	178790000	520000	20000	8.560096153846153	96.0%	0.0475	1.3972951876638926	0.0505	1.3972951876638926	8.560096153846153	3561	1.9029892978884249	3166.574191686339
chr16	68520001	68540000	chr16	68520001	68910000	390000	20000	10.798076923076923	95.0%	0.04	1.3932299618310366	0.042	1.3932299618310366	10.798076923076923	3369	2.2953956431775024	2864.653762685523
chr12	94075001	94100000	chr12	93540001	94100000	560000	25000	10.130357142857145	95.0%	0.0665	1.3913738113783731	0.0695	1.3913738113783733	10.130357142857143	5673	2.4360853712235286	6821.03903942588
chr5	139405001	139430000	chr5	139405001	139780000	375000	25000	14.616	95.0%	0.033	1.390669956147137	0.035	1.390669956147137	14.616	5481	1.6234631156982118	3043.993341934147
chr4	111465001	111485000	chr4	111115001	111485000	370000	20000	13.016891891891891	98.0%	0.0265	1.389013691821967	0.0295	1.389013691821967	13.016891891891891	3853	2.352333126433006	2785.1624216966793
chr9	112315001	112335000	chr9	112125001	112335000	210000	20000	23.125	98.0%	0.0905	1.388200515097672	0.0975	1.388200515097672	23.125	3885	2.6891807360774207	1807.1294546440267
chr11	78550001	78575000	chr11	77995001	78575000	580000	25000	9.110344827586207	95.0%	0.0415	1.386889827538782	0.045	1.386889827538782	9.110344827586207	5284	1.9711199430967745	5716.247834980646
chr8	20110001	20135000	chr8	19775001	20135000	360000	25000	13.8	95.0%	0.044	1.383882011222971	0.045	1.383882011222971	13.8	4968	2.3411050056134277	4213.98901010417
chr2	118030001	118055000	chr2	118030001	118370000	340000	25000	15.164705882352942	97.0%	0.0284999999999999	1.3831567977980286	0.0295	1.3831567977980286	15.16470588235294	5156	1.7966510494762251	3054.3067841095826
chr9	22105001	22125000	chr9	21860001	22125000	265000	20000	18.44811320754717	97.0%	0.043	1.3818717432747591	0.047	1.3818717432747591	18.44811320754717	3911	2.390760445967198	2027.3648581801838
chr12	48155001	48175000	chr12	47900001	48175000	275000	20000	16.286363636363635	96.0%	0.028	1.3812772785033165	0.029	1.3812772785033165	16.286363636363635	3583	2.0470414727058714	1801.396495981167
chrX	103460001	103480000	chrX	103205001	103480000	275000	20000	9.536363636363635	95.0%	0.07	1.380957013333046	0.071	1.380957013333046	9.536363636363637	2098	2.7310505493041286	2403.3244833876333
chr10	43450001	43470000	chr10	43065001	43470000	405000	20000	9.657407407407408	97.0%	0.034	1.3784010315970918	0.036	1.3784010315970918	9.657407407407407	3129	1.5354842625464742	1989.9876042602305
chr4	48565001	48585000	chr4	48565001	48970000	405000	20000	12.42283950617284	96.0%	0.042	1.3775641199791804	0.044	1.3775641199791804	12.42283950617284	4025	2.5458746049526164	3299.453488018591
chr14	92660001	92685000	chr14	92340001	92685000	345000	25000	12.614492753623187	95.0%	0.059	1.3761571765084804	0.063	1.3761571765084804	12.614492753623189	4352	1.6510807323662875	2848.114263331846
chr1	152440001	152460000	chr1	152075001	152460000	385000	20000	13.256493506493506	97.0%	0.038	1.3756726526747949	0.039	1.3756726526747947	13.256493506493506	4083	2.4585436602382096	3028.9257894134744
chr11	59415001	59440000	chr11	59160001	59440000	280000	25000	16.246428571428574	98.0%	0.04	1.3689230997234971	0.043	1.3689230997234973	16.24642857142857	4549	1.8986042098520837	2658.045893792917
chr13	110210001	110230000	chr13	110210001	110645000	435000	20000	11.99712643678161	95.0%	0.052	1.3687115183138754	0.054	1.3687115183138754	11.99712643678161	4175	2.6894188426749612	3743.6710290035458
chr14	31920001	31940000	chr14	31920001	32255000	335000	20000	12.85820895522388	97.0%	0.045	1.3665072511767444	0.051	1.3665072511767444	12.85820895522388	3446	2.861100761450359	3067.100016274785
chr4	122910001	122930000	chr4	122585001	122930000	345000	20000	14.48913043478261	95.0%	0.031	1.3654548255113426	0.033	1.3654548255113426	14.48913043478261	3999	1.9812290901362946	2187.2769155104693
chr12	56750001	56770000	chr12	56750001	57065000	315000	20000	15.476190476190476	95.0%	0.079	1.3644905896518733	0.084	1.3644905896518733	15.476190476190476	3900	2.3428327363389667	2361.5753982296783
chr11	12880001	12900000	chr11	12570001	12900000	330000	20000	15.102272727272728	95.0%	0.0325	1.362848487825535	0.037	1.362848487825535	15.102272727272727	3987	2.3209976429180155	2450.9735109214243
chr3	139415001	139435000	chr3	139415001	139730000	315000	20000	15.63095238095238	95.0%	0.033	1.3625880708527156	0.035	1.3625880708527156	15.630952380952381	3939	2.0168508238343303	2032.9856304250052
chr9	108540001	108570000	chr9	108385001	108570000	185000	30000	25.43693693693693	95.0%	0.021	1.3613880922462	0.024	1.3613880922462	25.436936936936938	5647	1.9961170663503756	2658.8279323787
chr12	76620001	76645000	chr12	76620001	76930000	310000	25000	16.732258064516127	95.0%	0.0335	1.3579066015892236	0.035500000000000004	1.3579066015892236	16.732258064516127	5187	2.541738201667534	3939.694212584677
chr9	94195001	94220000	chr9	94015001	94220000	205000	25000	22.86341463414634	99.0%	0.07	1.3524769297954062	0.071	1.3524769297954062	22.86341463414634	4687	2.705110446143965	2772.738207297564
chr2	69915001	69935000	chr2	69915001	70285000	370000	20000	22.780405405405407	97.0%	0.0315	1.3517271341506591	0.035500000000000004	1.3517271341506591	22.780405405405407	6743	2.900524425397572	3434.2209196707254
chr2	230975001	230995000	chr2	230810001	230995000	185000	20000	25.33108108108108	97.0%	0.028	1.3476502003595014	0.03	1.3476502003595014	25.33108108108108	3749	1.7955548403463901	1062.968465485063
chr8	144115001	144135000	chr8	144115001	144455000	340000	20000	14.319852941176473	97.0%	0.0315	1.3462837681893096	0.0335	1.3462837681893096	14.319852941176471	3895	1.4102395508636727	1534.3406313396758
chr13	28780001	28800000	chr13	28465001	28800000	335000	20000	12.977611940298509	95.0%	0.056	1.3417442100074346	0.059	1.3417442100074346	12.977611940298507	3478	1.6643169304305003	1784.1477494214964
chr2	39220001	39235000	chr2	38820001	39235000	415000	15000	17.947791164658636	95.0%	0.055	1.341083939876374	0.059	1.341083939876374	17.947791164658636	4469	2.8583031091485114	2135.152422533938
chr21	41270001	41290000	chr21	41270001	41615000	345000	20000	12.764492753623188	96.0%	0.045	1.340509831540743	0.045	1.3405098315407433	12.764492753623188	3523	2.695437603074902	2975.763113794692
chr4	73860001	73885000	chr4	73860001	74140000	280000	25000	18.425	96.0%	0.036	1.3391555800989168	0.0385	1.3391555800989168	18.425	5159	2.184197067132328	3057.8758939852587
chr8	128650001	128670000	chr8	127725001	128670000	945000	20000	5.855820105820106	96.0%	0.056	1.3391117268301742	0.057	1.3391117268301742	5.855820105820106	4427	2.838246889404066	8582.858593557896
chr11	16925001	16955000	chr11	16925001	17225000	300000	30000	16.916666666666668	95.0%	0.0375	1.3381098870586752	0.0405	1.3381098870586752	16.916666666666668	6090	1.7228331756868442	3721.3196594835836
chr12	105365001	105385000	chr12	105065001	105385000	320000	20000	15.45703125	96.0%	0.031	1.3355885017849305	0.0335	1.3355885017849305	15.45703125	3957	1.99475089161496	2042.6249130137192
chr6	142380001	142400000	chr6	142155001	142400000	245000	20000	20.117346938775512	98.0%	0.024	1.334784178552187	0.026	1.334784178552187	20.117346938775512	3943	2.5449842668229423	1995.2676651891868
chr14	34660001	34680000	chr14	34660001	35150000	490000	20000	10.125	95.0%	0.0635	1.33474123528544	0.069	1.33474123528544	10.125	3969	2.5664502239758185	4024.193951194083
chr1	205230001	205255000	chr1	204970001	205255000	285000	25000	16.67719298245614	96.0%	0.052	1.3346380595540712	0.056	1.3346380595540712	16.67719298245614	4753	1.8317950044922466	2610.3078814014516
chr2	177330001	177355000	chr2	177330001	177765000	435000	25000	12.475862068965515	98.0%	0.086	1.3325283136014012	0.087	1.3325283136014012	12.475862068965517	5427	2.1006679418512637	4568.952773526498
chr6	71325001	71355000	chr6	71010001	71355000	345000	30000	15.46135265700483	95.0%	0.045	1.330115639062553	0.046	1.330115639062553	15.46135265700483	6401	1.8257117725387708	4535.068042986307
chr16	74695001	74715000	chr16	74695001	74885000	190000	20000	20.86184210526316	95.0%	0.036	1.326264611769992	0.0395	1.326264611769992	20.861842105263158	3171	2.164988318021491	1316.3128973570665
chr8	59905001	59935000	chr8	58705001	59935000	1230000	30000	5.432926829268292	95.0%	0.0405	1.3259834121813636	0.041999999999999996	1.3259834121813636	5.432926829268292	8019	4.275365680541286	37862.63846687363
chr17	49995001	50015000	chr17	49845001	50015000	170000	20000	24.044117647058822	97.0%	0.0745	1.32540173214649	0.08049999999999999	1.32540173214649	24.044117647058822	3270	2.544933579009587	1384.4438669812153
chr16	19075001	19095000	chr16	19075001	19290000	215000	20000	18.627906976744185	95.0%	0.031	1.3249835418875369	0.034	1.3249835418875369	18.627906976744185	3204	1.949469902339789	1341.2352928097748
chr12	106380001	106400000	chr12	106380001	106925000	545000	20000	9.763761467889909	97.0%	0.06	1.3236936618982755	0.064	1.3236936618982755	9.763761467889909	4257	3.212712743515266	5602.971024690624
chr20	8375001	8395000	chr20	7930001	8395000	465000	20000	11.376344086021506	96.0%	0.052	1.3219882213759746	0.056	1.3219882213759746	11.376344086021506	4232	3.497236775127263	5203.888321389367
chr10	122095001	122115000	chr10	121960001	122115000	155000	20000	26.774193548387096	97.0%	0.048	1.321793300025338	0.051	1.321793300025338	26.774193548387096	3320	1.5724781034058277	779.9491392892905
chr13	39250001	39270000	chr13	38835001	39270000	435000	20000	11.186781609195402	95.0%	0.046	1.3210170080768808	0.05	1.3210170080768808	11.186781609195402	3893	1.9728416662872974	2746.195599471918
chr18	48465001	48490000	chr18	48465001	48670000	205000	25000	21.6	96.0%	0.035	1.3202691240168396	0.039	1.3202691240168396	21.6	4428	2.2028455681301997	2257.9167073334547
chr15	73545001	73570000	chr15	73545001	73795000	250000	25000	18.424	95.0%	0.0625	1.319737375834696	0.0655	1.319737375834696	18.424	4606	2.320628494806851	2900.785618508564
chr6	113835001	113855000	chr6	113605001	113855000	250000	20000	19.47	95.0%	0.044	1.3190168283302262	0.0475	1.3190168283302262	19.47	3894	1.8066699318077237	1445.335945446179
chr7	43820001	43840000	chr7	43585001	43840000	255000	20000	18.58333333333333	96.0%	0.031	1.318000237194024	0.034	1.318000237194024	18.583333333333332	3791	1.8546142158365935	1513.3652001226603
chr8	33320001	33345000	chr8	33010001	33345000	335000	25000	13.659701492537314	98.0%	0.036	1.317690187522916	0.04	1.317690187522916	13.659701492537314	4576	1.749512825862846	2930.433983320267
chr12	101410001	101430000	chr12	101410001	101800000	390000	20000	12.198717948717947	95.0%	0.043	1.3153569882064589	0.047	1.3153569882064589	12.198717948717949	3806	2.1734206683064263	2712.42899404642
chr6	136780001	136800000	chr6	136565001	136800000	235000	20000	20.29255319148936	98.0%	0.02	1.3147315153073602	0.021	1.3147315153073602	20.29255319148936	3815	2.3112391272334403	1738.0518236795472
chr18	11725001	11745000	chr18	11725001	12050000	325000	20000	14.8	96.0%	0.032	1.3140215173026517	0.035	1.3140215173026517	14.8	3848	2.2194707173028054	2308.2495459949178
chr6	117815001	117835000	chr6	117305001	117835000	530000	20000	9.12264150943396	95.0%	0.0735	1.3134975356029792	0.0765	1.3134975356029792	9.122641509433961	3868	2.2067356009591137	3742.623579226657
chr6	20510001	20535000	chr6	20095001	20535000	440000	25000	10.85	95.0%	0.0419999999999999	1.3126875037936123	0.0435	1.3126875037936123	10.85	4774	1.7867635521491851	3930.8798147282073
chr17	49280001	49300000	chr17	49075001	49300000	225000	20000	18.25555555555556	96.0%	0.079	1.31172472552818	0.08	1.3117247255281799	18.255555555555556	3286	1.5567383053764041	1120.851579871011
chr15	100855001	100875000	chr15	100640001	100875000	235000	20000	19.51595744680851	96.0%	0.097	1.3098106904402902	0.106	1.3098106904402902	19.51595744680851	3669	2.7562968910002064	2072.7352620321553
chr15	90070001	90090000	chr15	89730001	90090000	360000	20000	12.354166666666666	95.0%	0.049	1.308233255712845	0.051500000000000004	1.3082332557128453	12.354166666666666	3558	2.417429413479159	2784.8786843279913
chr9	4750001	4770000	chr9	4750001	5240000	490000	20000	10.326530612244898	95.0%	0.0574999999999999	1.306129060479474	0.061	1.306129060479474	10.326530612244898	4048	2.521767691648134	3954.131740504274
chr5	96600001	96620000	chr5	96600001	97165000	565000	20000	9.72787610619469	95.0%	0.054	1.3051528911045196	0.055	1.3051528911045196	9.72787610619469	4397	2.172682254335965	3928.2095158394254
chr4	121720001	121745000	chr4	121235001	121745000	510000	25000	10.986274509803922	97.0%	0.0325	1.3034399194601367	0.033	1.3034399194601367	10.986274509803922	5603	2.2582969205856718	5758.657147493463
chr4	110045001	110065000	chr4	110045001	110250000	205000	20000	24.21951219512195	99.0%	0.03	1.300727834541212	0.034	1.3007278345412119	24.21951219512195	3972	2.4007136311791495	1574.8681420535222
chr7	88225001	88250000	chr7	88225001	88570000	345000	25000	14.542028985507248	97.0%	0.061	1.300031740875626	0.065	1.300031740875626	14.542028985507246	5017	2.096742511513869	3616.880832361424
chr5	915001	935000	chr5	915001	1175000	260000	20000	16.634615384615383	96.0%	0.031	1.2999513894934136	0.035	1.2999513894934136	16.634615384615383	3460	1.675108275461695	1393.6900851841303
chr1	15310001	15335000	chr1	15310001	15510000	200000	25000	22.825	97.0%	0.022	1.2975518185845072	0.024	1.2975518185845072	22.825	4565	2.0150448821798266	2015.0448821798266
chr7	7420001	7450000	chr7	7420001	7545000	125000	30000	36.026666666666664	98.0%	0.037	1.296500987494782	0.041	1.296500987494782	36.026666666666664	5404	2.267595622330513	2040.8360600974615
chr2	146725001	146745000	chr2	146725001	147365000	640000	20000	7.796875	96.0%	0.0465	1.294313372300514	0.048	1.294313372300514	7.796875	3992	2.0167532491349616	4130.310654228401
chr11	12040001	12060000	chr11	12040001	12290000	250000	20000	18.36	98.0%	0.0745	1.2942168115545298	0.0775	1.2942168115545298	18.36	3672	2.5969570135249755	2077.5656108199805
chr6	132525001	132545000	chr6	132525001	132880000	355000	20000	14.130281690140846	95.0%	0.044	1.2909996013733207	0.048	1.2909996013733207	14.130281690140846	4013	2.019575872141185	2294.2381907523863
chr4	109965001	109990000	chr4	109405001	109990000	585000	25000	8.95897435897436	95.0%	0.087	1.290524585198498	0.087	1.2905245851984979	8.95897435897436	5241	2.272357353293235	6646.645258382713
chr7	12680001	12705000	chr7	12680001	13115000	435000	25000	11.505747126436782	98.0%	0.088	1.2852017920191636	0.096	1.2852017920191636	11.505747126436782	5005	2.506733689794315	5452.145775302635
chr12	95800001	95825000	chr12	95560001	95825000	265000	25000	17.10188679245283	96.0%	0.043	1.283844273474833	0.046	1.283844273474833	17.10188679245283	4532	2.6144903422277923	3464.199703451825
chr4	68155001	68175000	chr4	67830001	68175000	345000	20000	15.68840579710145	95.0%	0.028	1.2823740250822904	0.031	1.2823740250822904	15.68840579710145	4330	2.24821728768021	2482.0318855989517
chr18	35225001	35245000	chr18	35225001	35390000	165000	20000	22.78030303030303	98.0%	0.028	1.2764046941411138	0.032	1.2764046941411138	22.78030303030303	3007	1.9863726714889418	1048.8047705461613
chr3	138910001	138935000	chr3	138415001	138935000	520000	25000	9.715384615384616	95.0%	0.037	1.2735729069626125	0.0405	1.2735729069626123	9.715384615384615	5052	2.479520945135177	6446.754457351461
chr4	48300001	48320000	chr4	48300001	48560000	260000	20000	16.03846153846154	95.0%	0.0335	1.2730724697693503	0.036	1.2730724697693505	16.03846153846154	3336	1.8290854421501868	1521.7990878689554
chr4	22665001	22695000	chr4	22430001	22695000	265000	30000	16.9874213836478	97.0%	0.034	1.271666834939907	0.038	1.271666834939907	16.9874213836478	5402	1.640145274940764	3129.3971845869773
chr8	73155001	73175000	chr8	73005001	73175000	170000	20000	28.36764705882353	98.0%	0.0235	1.2705070779733636	0.026000000000000002	1.2705070779733636	28.36764705882353	3858	2.0181707016597294	1097.8848617028927
chr4	110490001	110510000	chr4	110305001	110510000	205000	20000	23.54268292682927	98.0%	0.031	1.2692993008975235	0.033	1.2692993008975237	23.54268292682927	3861	2.3456511847382986	1538.7471771883238
chr9	109390001	109410000	chr9	109170001	109410000	240000	20000	20.27083333333333	97.0%	0.048	1.2690037650469663	0.0515	1.2690037650469665	20.270833333333332	3892	2.316928992587759	1779.401466307399
chr6	148930001	148955000	chr6	148585001	148955000	370000	25000	14.9	97.0%	0.028	1.2687105512774075	0.0305	1.2687105512774075	14.9	5513	2.4109546248692357	4460.266056008086
chr2	43220001	43250000	chr2	42830001	43250000	420000	30000	16.04563492063492	95.0%	0.0205	1.2662729284108152	0.023	1.2662729284108152	16.04563492063492	8087	2.442776153622493	7386.955088554419
chr9	92620001	92640000	chr9	92260001	92640000	380000	20000	12.414473684210526	96.0%	0.032	1.2655706476614803	0.0345	1.2655706476614803	12.414473684210526	3774	2.235926174233979	2718.8862278685183
chr1	8545001	8565000	chr1	8545001	8855000	310000	20000	16.806451612903224	95.0%	0.063	1.2605830452801583	0.0685	1.2605830452801583	16.806451612903224	4168	2.670711551605235	2649.345859192393
chr2	74875001	74905000	chr2	74570001	74905000	335000	30000	15.412935323383085	95.0%	0.029	1.2572506739567202	0.031	1.2572506739567202	15.412935323383085	6196	1.8857943421717533	4548.535953318269
chr10	73875001	73895000	chr10	73875001	74155000	280000	20000	16.607142857142858	97.0%	0.036	1.2569485422455935	0.038500000000000006	1.2569485422455935	16.607142857142858	3720	2.0202556851873905	1810.1490939279017
chr1	207390001	207410000	chr1	206965001	207410000	445000	20000	12.457865168539326	95.0%	0.025	1.2458970085640322	0.027	1.2458970085640322	12.457865168539326	4435	3.0740482935536453	4377.444770020391
chr9	99995001	100015000	chr9	99235001	100015000	780000	20000	6.727564102564102	96.0%	0.0854999999999999	1.2418081591138057	0.089	1.2418081591138055	6.727564102564102	4198	3.402405342367799	8492.403734550026
chr4	105455001	105475000	chr4	104815001	105475000	660000	20000	8.047348484848484	95.0%	0.0419999999999999	1.2395856434646502	0.045	1.2395856434646502	8.047348484848484	4249	2.1249518055965555	4487.898213419925
chr9	68990001	69010000	chr9	68615001	69010000	395000	20000	11.96518987341772	97.0%	0.073	1.2392398673354008	0.078	1.2392398673354008	11.965189873417721	3781	2.7905783625262446	3527.2910502331733
chr14	75120001	75140000	chr14	75120001	75565000	445000	20000	10.601123595505618	96.0%	0.082	1.2364152727141502	0.087	1.2364152727141502	10.601123595505618	3774	2.6339547036862765	3750.751498049258
chr5	174400001	174425000	chr5	174400001	174940000	540000	25000	10.342592592592592	96.0%	0.0495	1.235234306579913	0.051000000000000004	1.235234306579913	10.342592592592593	5585	2.6591728228103486	7179.766621587942
chr8	101645001	101665000	chr8	101645001	102205000	560000	20000	9.395089285714286	95.0%	0.049	1.232340754505739	0.053	1.232340754505739	9.395089285714286	4209	2.373390958279787	4253.116597237378
chr2	235125001	235145000	chr2	235125001	235710000	585000	20000	9.061965811965813	95.0%	0.042	1.2308605785785205	0.044	1.2308605785785205	9.061965811965813	4241	2.137876670786613	4002.105127712539
chr5	147615001	147635000	chr5	147615001	147935000	320000	20000	15.33984375	95.0%	0.0705	1.2300523695905972	0.0745	1.2300523695905972	15.33984375	3927	2.3489635638301243	2405.3386893620473
chr9	92775001	92800000	chr9	92400001	92800000	400000	25000	11.7525	96.0%	0.066	1.2296612074916489	0.069	1.2296612074916489	11.7525	4701	1.7352037475398148	3470.4074950796294
chr5	10680001	10700000	chr5	10680001	11285000	605000	20000	8.072314049586776	96.0%	0.026	1.2249587079480038	0.03	1.2249587079480038	8.072314049586776	3907	1.7856819415527878	3457.080238846197
chr18	595001	620000	chr18	265001	620000	355000	25000	13.059154929577463	95.0%	0.083	1.224408762517502	0.087	1.224408762517502	13.059154929577465	4636	2.2312372935714238	3960.446196089277
chr2	102580001	102615000	chr2	102425001	102615000	190000	35000	23.845864661654137	96.0%	0.016	1.2230257876291704	0.017	1.2230257876291704	23.845864661654137	6343	1.81343885063089	3376.6231398747173
chr13	98405001	98430000	chr13	98140001	98430000	290000	25000	16.772413793103446	97.0%	0.0375	1.2218941867460018	0.041499999999999995	1.2218941867460018	16.77241379310345	4864	2.106085311784089	3053.823702086929
chr8	59210001	59235000	chr8	59210001	60025000	815000	25000	7.54601226993865	96.0%	0.065	1.2213251382145145	0.068	1.2213251382145145	7.54601226993865	6150	3.0007487279880296	12228.051066551221
chr18	23690001	23710000	chr18	23505001	23710000	205000	20000	20.640243902439025	97.0%	0.028	1.219946238525773	0.03	1.219946238525773	20.640243902439025	3385	2.0468389633512447	1342.7263599584167
chr9	42235001	42270000	chr9	42235001	42460000	225000	35000	19.25079365079365	95.0%	0.046	1.2195591224707374	0.049	1.2195591224707374	19.25079365079365	6064	0.956238117924619	2108.505050023785
chr10	103835001	103860000	chr10	103720001	103860000	140000	25000	31.55	97.0%	0.0315	1.2178647148333783	0.0325	1.2178647148333785	31.55	4417	1.906504127288682	1334.5528891020774
chr11	112280001	112300000	chr11	112280001	112585000	305000	20000	14.934426229508198	96.0%	0.042	1.2163123865056271	0.044	1.2163123865056273	14.934426229508198	3644	1.9423229765503118	1895.7072251131044
chr9	88980001	89005000	chr9	88595001	89005000	410000	25000	11.273170731707316	96.0%	0.05	1.21620772665067	0.055	1.2162077266506701	11.273170731707317	4622	2.5635413552680237	5255.259778299449
chr9	6340001	6360000	chr9	6340001	6740000	400000	20000	11.865625	95.0%	0.0745	1.212927585164697	0.0815	1.212927585164697	11.865625	3797	2.554739393132608	3270.0664232097383
chr3	120225001	120250000	chr3	120225001	120565000	340000	25000	14.958823529411765	98.0%	0.0505	1.210112262290701	0.052000000000000005	1.210112262290701	14.958823529411765	5086	2.2638878196457544	3848.6092933977825
chr6	37670001	37695000	chr6	37290001	37695000	405000	25000	12.219753086419754	95.0%	0.031	1.2087554114135537	0.033	1.2087554114135535	12.219753086419754	4949	1.6378250372031335	3316.5957003363455
chr20	19770001	19795000	chr20	19770001	20080000	310000	25000	15.619354838709675	95.0%	0.0424999999999999	1.208493376244869	0.0455	1.208493376244869	15.619354838709677	4842	2.1167404235051652	3280.947656433006
chr3	87275001	87300000	chr3	87275001	87920000	645000	25000	7.494573643410852	96.0%	0.071	1.2075716111926926	0.072	1.2075716111926926	7.4945736434108525	4834	1.959797378603949	6320.346545997736
chr6	57305001	57325000	chr6	56840001	57325000	485000	20000	8.86340206185567	96.0%	0.035	1.2072102219223777	0.035	1.2072102219223777	8.86340206185567	3439	2.0035254741380166	3109.471535862202
chr8	31450001	31475000	chr8	31195001	31475000	280000	25000	16.464285714285715	95.0%	0.09	1.205317612761934	0.0955	1.205317612761934	16.464285714285715	4610	2.1318663606672374	2984.6129049341325
chr1	21360001	21380000	chr1	21210001	21380000	170000	20000	22.654411764705884	97.0%	0.032	1.2037852456369365	0.035	1.2037852456369365	22.654411764705884	3081	2.2439839335026215	1220.727259825426
chr4	48535001	48555000	chr4	48115001	48555000	440000	20000	12.048295454545457	95.0%	0.0835	1.2017006530720196	0.088	1.2017006530720196	12.048295454545455	4241	2.152443594368848	3030.640580871338
chr3	98570001	98595000	chr3	98330001	98595000	265000	25000	17.554716981132074	97.0%	0.034	1.2015051816805498	0.037	1.2015051816805498	17.554716981132074	4652	1.6542898031731588	2191.9339892044354
chr2	119015001	119035000	chr2	119015001	119310000	295000	20000	16.29237288135593	96.0%	0.039	1.200850580820203	0.04	1.200850580820203	16.29237288135593	3845	1.885747163209263	1780.1453220695444
chr15	66945001	66965000	chr15	66945001	67435000	490000	20000	11.716836734693878	96.0%	0.031	1.1977156937951925	0.033	1.1977156937951923	11.716836734693878	4593	4.230823861873039	6633.931815416925
chr1	93290001	93315000	chr1	93290001	93865000	575000	25000	9.311304347826086	97.0%	0.076	1.1960394885748642	0.08	1.1960394885748642	9.311304347826088	5354	2.370074736923543	6813.964868655186
chr20	23600001	23620000	chr20	23400001	23620000	220000	20000	17.869318181818183	95.0%	0.0645	1.1928033641820244	0.069	1.1928033641820244	17.869318181818183	3145	1.9244255455189374	1354.795584045332
chr12	124030001	124050000	chr12	124030001	124475000	445000	20000	10.82865168539326	95.0%	0.073	1.1911177164288478	0.078	1.1911177164288478	10.82865168539326	3855	1.8752871136403877	2670.408849823912
chr4	40705001	40725000	chr4	40435001	40725000	290000	20000	15.512931034482758	95.0%	0.0289999999999999	1.1908073738966385	0.031	1.1908073738966385	15.512931034482758	3599	1.5275013199691556	1417.5212249313763
chr12	123220001	123245000	chr12	122780001	123245000	465000	25000	10.43225806451613	96.0%	0.04	1.1896908247912048	0.044	1.1896908247912048	10.432258064516128	4851	1.732680560659725	4028.482303533861
chr3	124880001	124900000	chr3	124765001	124900000	135000	20000	32.52777777777778	98.0%	0.028	1.1892212852802733	0.03	1.1892212852802733	32.52777777777778	3513	2.060125577100791	889.9742493075416
chr9	90855001	90880000	chr9	90600001	90880000	280000	25000	15.5	96.0%	0.038	1.1879217381375022	0.0405	1.1879217381375022	15.5	4340	1.6254435098058102	2275.6209137281344
chr2	238350001	238375000	chr2	238350001	238570000	220000	25000	20.145454545454548	95.0%	0.0235	1.1841925597776752	0.025	1.1841925597776752	20.145454545454545	4432	1.4885090811996537	1637.3599893196192
chr5	65735001	65755000	chr5	65735001	66230000	495000	20000	11.262626262626265	97.0%	0.034	1.1829045622288237	0.037	1.1829045622288235	11.262626262626263	4460	2.500581885636525	3960.921706848256
chr6	121045001	121065000	chr6	121045001	121325000	280000	20000	16.160714285714285	96.0%	0.0695	1.1816893438518006	0.07400000000000001	1.1816893438518006	16.160714285714285	3620	2.366576471981793	2120.4525188956864
chr7	27910001	27930000	chr7	27185001	27930000	745000	20000	7.934563758389261	96.0%	0.031	1.181661088162696	0.033	1.181661088162696	7.934563758389261	4729	2.9275397008280577	6979.254646774089
chr1	206480001	206500000	chr1	206480001	206685000	205000	20000	20.71951219512195	95.0%	0.031	1.1810866229499322	0.033	1.1810866229499322	20.71951219512195	3398	1.8090345993130748	1186.726697149377
chr12	14225001	14245000	chr12	14225001	14740000	515000	20000	9.810679611650484	95.0%	0.078	1.1780298544625032	0.081	1.1780298544625032	9.810679611650485	4042	2.5536182530508387	4208.362881027782
chr7	93800001	93830000	chr7	93800001	94370000	570000	30000	13.494152046783626	96.0%	0.0415	1.1756253574197706	0.043	1.1756253574197706	13.494152046783626	9230	2.5530431846700257	10477.689229885786
chr7	77060001	77085000	chr7	77060001	77295000	235000	25000	11.429787234042552	98.0%	0.026	1.1714339124302744	0.026	1.1714339124302744	11.429787234042553	2686	0.909090801153937	1068.181691355876
chr14	105650001	105685000	chr14	105650001	106065000	415000	35000	13.590361445783133	95.0%	0.036	1.171266131011315	0.039	1.171266131011315	13.590361445783133	7896	2.6333966580314896	10710.024208214068
chr6	157740001	157760000	chr6	157740001	158140000	400000	20000	13.125	97.0%	0.037	1.1707138692760062	0.0395	1.1707138692760062	13.125	4200	2.029929964006217	2598.310353927958
chr8	104755001	104775000	chr8	104465001	104775000	310000	20000	15.403225806451612	95.0%	0.074	1.1664370816302938	0.08049999999999999	1.1664370816302938	15.403225806451612	3820	2.0913800656227437	2074.6490250977618
chr13	110920001	110945000	chr13	110920001	111225000	305000	25000	16.78360655737705	97.0%	0.052	1.164642228919213	0.056	1.164642228919213	16.78360655737705	5119	1.9592684681432593	2987.8844139184703
chr11	123000001	123030000	chr11	122570001	123030000	460000	30000	11.619565217391305	95.0%	0.078	1.163000180641604	0.081	1.163000180641604	11.619565217391305	6414	2.070138585072371	6856.298993759692
chr3	187315001	187335000	chr3	187315001	187690000	375000	20000	14.793333333333331	97.0%	0.071	1.1614132662960928	0.074	1.1614132662960928	14.793333333333333	4438	2.8079173239270463	3369.5007887124557
chr7	83965001	83990000	chr7	83965001	84485000	520000	25000	8.725	98.0%	0.062	1.161245817472716	0.0655	1.161245817472716	8.725	4537	2.394258576496438	6225.072298890738
chr5	99020001	99040000	chr5	98850001	99040000	190000	20000	24.894736842105264	98.0%	0.0295	1.1610726236944446	0.0305	1.1610726236944446	24.894736842105264	3784	2.577625580452099	1567.1963529148763
chr4	26065001	26085000	chr4	26065001	26335000	270000	20000	17.89814814814815	97.0%	0.0335	1.158647576463129	0.035	1.158647576463129	17.89814814814815	3866	2.10105356819483	1815.310282920333
chr18	50185001	50205000	chr18	49955001	50205000	250000	20000	17.075	96.0%	0.028	1.1570825039387609	0.0295	1.1570825039387607	17.075	3415	1.9890508323864906	1591.2406659091926
chr16	20845001	20865000	chr16	20845001	21095000	250000	20000	18.385	97.0%	0.0409999999999999	1.1568163895573291	0.045	1.1568163895573293	18.385	3677	3.491775494690527	2793.4203957524214
chr2	25110001	25130000	chr2	24960001	25130000	170000	20000	27.279411764705884	97.0%	0.028	1.1552806745666484	0.031	1.1552806745666484	27.279411764705884	3710	1.9654938892238596	1069.2286757377797
chr6	16500001	16520000	chr6	16500001	16810000	310000	20000	14.955645161290322	98.0%	0.055	1.154841139717132	0.0605	1.1548411397171319	14.955645161290322	3709	1.947645544382493	1932.064380027433
chr7	140320001	140340000	chr7	140020001	140340000	320000	20000	15.375	98.0%	0.032	1.1535972940644774	0.035	1.1535972940644774	15.375	3936	2.143232090573279	2194.6696607470376
chr2	71795001	71815000	chr2	71795001	72160000	365000	20000	20.133561643835616	96.0%	0.035	1.153252367903943	0.038	1.153252367903943	20.133561643835616	5879	2.306992233204166	2694.566928382466
chr9	4970001	4990000	chr9	4750001	4990000	240000	20000	17.958333333333332	96.0%	0.043	1.1524853441659857	0.0445	1.1524853441659857	17.958333333333332	3448	2.421102313307855	1859.4065766204326
chr11	36475001	36500000	chr11	36170001	36500000	330000	25000	14.127272727272729	95.0%	0.0525	1.1514094959700962	0.0545	1.1514094959700962	14.127272727272727	4662	2.063129614243186	3404.163863501257
chr11	128280001	128300000	chr11	128280001	128830000	550000	20000	10.354545454545455	96.0%	0.0705	1.1496816107528576	0.07400000000000001	1.1496816107528576	10.354545454545455	4556	2.631451314324945	4631.354313211903
chr8	40245001	40265000	chr8	40245001	41005000	760000	20000	7.404605263157895	95.0%	0.039	1.1453806194270777	0.042499999999999996	1.1453806194270777	7.404605263157895	4502	3.3640177478371784	8181.291162740018
chr13	24200001	24220000	chr13	24020001	24220000	200000	20000	23.75	97.0%	0.0325	1.141531103831302	0.035500000000000004	1.1415311038313019	23.75	3800	2.9348871591964127	1878.327781885704
chr17	78485001	78510000	chr17	78485001	78760000	275000	25000	14.847272727272728	98.0%	0.054	1.1411291965145178	0.059	1.1411291965145178	14.847272727272728	4083	2.2820802563331077	3137.860352458023
chr2	188490001	188510000	chr2	187835001	188510000	675000	20000	8.892592592592592	95.0%	0.048	1.1404289436686377	0.049	1.1404289436686377	8.892592592592592	4802	2.411233600859041	5208.264577855529
chr11	1990001	2010000	chr11	1610001	2010000	400000	20000	14.5	95.0%	0.0345	1.1401906656860592	0.039	1.1401906656860592	14.5	4640	2.502760453588054	3203.5333805927094
chr15	33950001	33975000	chr15	33725001	33975000	250000	25000	16.875999999999998	96.0%	0.077	1.1386311249457932	0.0815	1.1386311249457932	16.876	4219	2.590541575756424	3238.17696969553
chr1	202120001	202145000	chr1	201800001	202145000	345000	25000	13.3768115942029	97.0%	0.029	1.138396062357211	0.032	1.138396062357211	13.376811594202898	4615	2.1686951405937847	3740.9991175242785
chr6	138745001	138765000	chr6	138460001	138765000	305000	20000	16.815573770491802	95.0%	0.041	1.1381497714743225	0.043	1.1381497714743223	16.815573770491802	4103	1.9321147090789064	1885.7439560610126
chr2	25980001	26000000	chr2	25980001	26150000	170000	20000	25.897058823529413	99.0%	0.0285	1.137027283239489	0.0325	1.137027283239489	25.897058823529413	3522	2.0579198595937593	1119.508403619005
chr7	65720001	65740000	chr7	65720001	66075000	355000	20000	10.45774647887324	95.0%	0.038	1.1347761737854052	0.039	1.1347761737854052	10.45774647887324	2970	1.4705280880725589	1670.519908050427
chr12	7610001	7640000	chr12	7315001	7640000	325000	30000	13.625641025641023	95.0%	0.066	1.1344732471565833	0.068	1.1344732471565833	13.625641025641025	5314	1.6277368698828902	3808.9042755259634
chr7	2330001	2350000	chr7	2135001	2350000	215000	20000	18.656976744186046	96.0%	0.026	1.1329736274665103	0.028	1.1329736274665105	18.656976744186046	3209	1.3253401818912258	911.8340451411634
chr11	122195001	122215000	chr11	122010001	122215000	205000	20000	21.70731707317073	96.0%	0.031	1.1319902421814048	0.033	1.1319902421814048	21.70731707317073	3560	2.0622639393464017	1352.8451442112396
chr11	32775001	32800000	chr11	32310001	32800000	490000	25000	10.118367346938776	96.0%	0.0394999999999999	1.130949949467482	0.042499999999999996	1.130949949467482	10.118367346938776	4958	1.9093851029061402	4677.993502120044
chr17	42305001	42325000	chr17	42305001	42530000	225000	20000	19.27777777777778	95.0%	0.031	1.1305798842899992	0.034	1.1305798842899992	19.27777777777778	3470	2.1546604036348196	1551.3554906170702
chr3	161090001	161115000	chr3	161090001	161440000	350000	25000	14.331428571428573	97.0%	0.0515	1.1294755404730084	0.054	1.1294755404730084	14.331428571428571	5016	1.95590625937512	3422.83595390646
chr8	130195001	130220000	chr8	130195001	130685000	490000	25000	11.60204081632653	97.0%	0.089	1.1294369637649515	0.094	1.1294369637649517	11.60204081632653	5685	2.271651902021746	5565.5471599532775
chr9	136630001	136650000	chr9	136310001	136650000	340000	20000	11.841911764705882	95.0%	0.0565	1.1281773849071572	0.057999999999999996	1.1281773849071572	11.841911764705882	3221	1.7417241077448613	1894.9958292264091
chr10	74995001	75025000	chr10	74605001	75025000	420000	30000	12.875	96.0%	0.0895	1.126735103397896	0.0955	1.126735103397896	12.875	6489	1.9915037089586851	6022.307215891064
chr8	126860001	126885000	chr8	126860001	127605000	745000	25000	7.331543624161074	95.0%	0.053	1.1266864924994902	0.053	1.1266864924994902	7.331543624161074	5462	2.2492281204954394	8378.374748845512
chr2	43605001	43625000	chr2	43605001	43890000	285000	20000	23.74122807017544	98.0%	0.036	1.126505200626593	0.04	1.126505200626593	23.74122807017544	5413	2.0368936635147894	1857.6470211254878
chr4	152720001	152740000	chr4	152395001	152740000	345000	20000	14.728260869565217	96.0%	0.078	1.1265049712904915	0.083	1.1265049712904915	14.728260869565217	4065	1.8471430697862827	2039.245949044056
chr9	71755001	71775000	chr9	71595001	71775000	180000	20000	23.381944444444443	97.0%	0.0335	1.1264639666753662	0.037	1.1264639666753662	23.381944444444443	3367	2.8233509850784535	1626.2501674051891
chr17	77075001	77105000	chr17	77075001	77245000	170000	30000	24.495098039215687	95.0%	0.038	1.125624559701382	0.0405	1.125624559701382	24.495098039215687	4997	2.0056821271516982	2454.954923633679
chr8	29700001	29730000	chr8	29360001	29730000	370000	30000	14.23198198198198	97.0%	0.0424999999999999	1.1227210125348608	0.0465	1.1227210125348608	14.231981981981981	6319	1.8565332551604263	4945.8045917473755
chr4	163025001	163050000	chr4	162515001	163050000	535000	25000	10.059813084112148	97.0%	0.079	1.1205226770572685	0.083	1.1205226770572685	10.05981308411215	5382	2.6240580631138752	7019.355318829616
chr2	121705001	121725000	chr2	121360001	121725000	365000	20000	13.184931506849315	95.0%	0.041	1.1199370257715844	0.045	1.1199370257715844	13.184931506849315	3850	1.7155828230036472	2003.8007372682598
chr4	149880001	149900000	chr4	149305001	149900000	595000	20000	9.657563025210084	95.0%	0.047	1.119867421161591	0.049	1.1198674211615913	9.657563025210084	4597	2.1797434812433574	4150.231588287353
chr8	61080001	61105000	chr8	60425001	61105000	680000	25000	8.720588235294118	96.0%	0.054	1.1183896669272546	0.0545	1.1183896669272546	8.720588235294118	5930	2.7548585484935675	9366.51906487813
chr2	162110001	162135000	chr2	161580001	162135000	555000	25000	10.655855855855856	96.0%	0.047	1.1156092757787774	0.05	1.1156092757787774	10.655855855855856	5914	2.3321219262294486	6471.63834528672
chr14	104610001	104635000	chr14	104280001	104635000	355000	25000	12.985915492957748	96.0%	0.05	1.115573030308798	0.052	1.115573030308798	12.985915492957746	4610	1.6419270170660938	2914.4204552923165
chr8	52725001	52750000	chr8	52725001	52960000	235000	25000	17.78723404255319	99.0%	0.084	1.1152340797074	0.09	1.1152340797074	17.78723404255319	4180	1.867453453528131	2194.257807895554
chr6	142685001	142705000	chr6	142685001	143285000	600000	20000	9.89375	96.0%	0.0399999999999999	1.1150530728921149	0.041499999999999995	1.1150530728921149	9.89375	4749	2.850317615878336	5472.6098224864045
chr10	110735001	110755000	chr10	110735001	111370000	635000	20000	8.87007874015748	95.0%	0.056	1.1143049435194254	0.063	1.1143049435194254	8.87007874015748	4506	2.1683017420257604	4405.989139796346
chr4	151340001	151375000	chr4	151115001	151375000	260000	35000	19.39835164835165	96.0%	0.0505	1.113149197728143	0.054	1.113149197728143	19.39835164835165	7061	1.7630755752698626	4492.31656578761
chr3	187665001	187685000	chr3	187205001	187685000	480000	20000	12.7265625	95.0%	0.077	1.1127034661595516	0.0795	1.1127034661595516	12.7265625	4887	3.0796150368782755	4730.288696645031
chr2	186755001	186785000	chr2	186540001	186785000	245000	30000	20.56802721088436	97.0%	0.037	1.1100719559394174	0.039	1.1100719559394174	20.568027210884352	6047	1.7655351768797598	3114.4040520158965
chr20	19680001	19700000	chr20	19680001	20050000	370000	20000	12.307432432432432	95.0%	0.0375	1.1098401744596058	0.041	1.1098401744596058	12.307432432432432	3643	2.0515807999938853	2429.0716671927603
chr4	169600001	169620000	chr4	169600001	170100000	500000	20000	9.7525	96.0%	0.038	1.1091967682761728	0.041499999999999995	1.1091967682761728	9.7525	3901	1.8776415722149642	3004.2265155439427
chr5	150415001	150440000	chr5	149920001	150440000	520000	25000	9.915384615384616	95.0%	0.038	1.1073102344574453	0.0415	1.1073102344574453	9.915384615384616	5156	1.5859255631093625	4123.406464084343
chr3	37845001	37865000	chr3	37845001	38125000	280000	20000	16.241071428571427	96.0%	0.039	1.1060344686290342	0.04	1.1060344686290342	16.241071428571427	3638	1.7755154509091007	1590.8618440145542
chr2	11105001	11125000	chr2	10700001	11125000	425000	20000	12.547058823529412	95.0%	0.059	1.1044480696706234	0.064	1.1044480696706234	12.547058823529412	4266	2.0708599269479553	2816.369500649219
chr4	3970001	3995000	chr4	3970001	4195000	225000	25000	14.893333333333334	95.0%	0.023	1.100360642429219	0.024	1.100360642429219	14.893333333333333	3351	1.4685555481122092	1652.1249916262354
chr1	108310001	108345000	chr1	108310001	108600000	290000	35000	14.342857142857143	96.0%	0.042	1.0990571555150357	0.0435	1.0990571555150355	13.600985221674877	5522	0.9312291701192518	2646.5533014789135
chr10	72210001	72230000	chr10	71885001	72230000	345000	20000	12.978260869565217	95.0%	0.042	1.0987647074633426	0.046	1.0987647074633426	12.978260869565217	3582	1.863100172668233	2056.8625906257294
chr20	40965001	40980000	chr20	40965001	41230000	265000	15000	15.78616352201258	96.0%	0.029	1.0982624338711675	0.033	1.0982624338711675	15.786163522012579	2510	2.3503230856138426	1121.104111837803
chr20	50735001	50755000	chr20	50465001	50755000	290000	20000	14.35344827586207	95.0%	0.0395	1.0961111411541054	0.044	1.0961111411541054	14.35344827586207	3330	1.710343729071535	1587.1989805783846
chr14	106250001	106270000	chr14	105930001	106270000	340000	20000	19.306818181818183	95.0%	0.0405	1.0957983467661083	0.0435	1.0957983467661085	18.738970588235293	5097	2.301444534351351	2503.9716533742703
chr12	17775001	17800000	chr12	17775001	18015000	240000	25000	17.791666666666664	95.0%	0.0175	1.0945040255855076	0.0185	1.0945040255855076	17.791666666666668	4270	1.6140790594247099	1936.8948713096518
chr1	207060001	207080000	chr1	206685001	207080000	395000	20000	12.83860759493671	95.0%	0.031	1.0940572461335278	0.033	1.0940572461335278	12.83860759493671	4057	1.5410534056455987	1947.8915047360367
chr2	232595001	232620000	chr2	232595001	233110000	515000	25000	9.446601941747574	95.0%	0.037	1.0908943559377775	0.04	1.0908943559377777	9.446601941747574	4865	1.5466354922050614	3982.586392428033
chr9	91755001	91790000	chr9	91755001	92000000	245000	35000	18.816326530612248	96.0%	0.044	1.0900733527968145	0.046	1.0900733527968145	18.816326530612244	6454	1.924003891418325	4619.5333432953985
chr5	168195001	168225000	chr5	167985001	168225000	240000	30000	19.538194444444446	96.0%	0.0355	1.0897707736272937	0.0385	1.0897707736272935	19.538194444444443	5627	1.4759766850338787	2550.487711738542
chr9	135080001	135100000	chr9	135080001	135415000	335000	20000	12.264925373134329	96.0%	0.052	1.088304419211	0.053	1.0883044192109999	12.264925373134329	3287	2.3068410157816137	2472.9335689178897
chr4	189220001	189240000	chr4	189220001	189895000	675000	20000	9.325925925925926	95.0%	0.033	1.087703352741415	0.036	1.087703352741415	9.325925925925926	5036	1.9003043263887263	4104.657344999649
chr2	172450001	172470000	chr2	172165001	172470000	305000	20000	15.864754098360656	98.0%	0.09	1.0872977964575348	0.097	1.0872977964575348	15.864754098360656	3871	2.356382733736107	2299.8295481264404
chr12	55055001	55075000	chr12	54680001	55075000	395000	20000	13.471518987341772	95.0%	0.041	1.085513314395218	0.045	1.085513314395218	13.471518987341772	4257	2.08472554452546	2635.0930882801813
chr3	38640001	38670000	chr3	38490001	38670000	180000	30000	23.328703703703702	97.0%	0.0695	1.083689547481646	0.07500000000000001	1.083689547481646	23.328703703703702	5039	1.7321614572735036	2244.8812486264605
chr1	51755001	51780000	chr1	51270001	51780000	510000	25000	10.690196078431374	95.0%	0.0854999999999999	1.083050688854163	0.09	1.0830506888541627	10.690196078431372	5452	2.212328655515862	5641.438071565448
chr4	26705001	26725000	chr4	26390001	26725000	335000	20000	14.00373134328358	95.0%	0.049	1.0809715382212586	0.05	1.0809715382212586	14.003731343283581	3753	1.924528057250142	2063.0940773721522
chr14	34085001	34105000	chr14	33850001	34105000	255000	20000	18.392156862745097	97.0%	0.034	1.0806453035122354	0.037	1.0806453035122354	18.392156862745097	3752	2.7777394508061364	2266.6353918578075
chr3	56965001	56990000	chr3	56485001	56990000	505000	25000	10.57029702970297	95.0%	0.059	1.0796082262823583	0.063	1.0796082262823583	10.57029702970297	5338	2.0098829562564156	5074.954464547449
chr1	185805001	185825000	chr1	185805001	186230000	425000	20000	12.41470588235294	96.0%	0.059	1.0783972232608214	0.063	1.0783972232608214	12.41470588235294	4221	3.2991233930611488	4486.8078145631625
chr21	36495001	36515000	chr21	36495001	36770000	275000	20000	15.21818181818182	96.0%	0.077	1.078105291413609	0.08	1.078105291413609	15.218181818181819	3348	2.198894857637409	1935.02747472092
chr12	110585001	110610000	chr12	110330001	110610000	280000	25000	16.285714285714285	95.0%	0.038	1.077454041160971	0.04	1.077454041160971	16.285714285714285	4560	1.596491108645759	2235.0875521040625
chr7	23545001	23580000	chr7	23545001	23935000	390000	35000	12.293040293040294	95.0%	0.076	1.077090228042524	0.0785	1.0770902280425239	12.293040293040294	6712	1.6629693462624473	6355.868841415074
chr1	203025001	203045000	chr1	203025001	203275000	250000	20000	17.55	97.0%	0.0475	1.0764483901705162	0.049	1.0764483901705162	17.55	3510	2.05208905844662	1641.671246757296
chr16	30595001	30625000	chr16	30435001	30625000	190000	30000	24.153508771929825	95.0%	0.054	1.076049075343605	0.0575	1.076049075343605	24.153508771929825	5507	1.9144565426189983	2618.9765503027897
chr5	171325001	171350000	chr5	170630001	171350000	720000	25000	7.281944444444444	95.0%	0.0765	1.0752594224748928	0.0815	1.0752594224748928	7.281944444444444	5243	1.983381789316611	7140.1744415398
chr2	235090001	235110000	chr2	234870001	235110000	240000	20000	18.651041666666668	98.0%	0.026	1.0733281968743678	0.028	1.0733281968743678	18.651041666666668	3581	1.4447383885561633	1109.5590824111334
chr16	50650001	50670000	chr16	50215001	50670000	455000	20000	10.76923076923077	95.0%	0.039	1.073056062823908	0.044	1.073056062823908	10.76923076923077	3920	2.8870695617539885	4203.5732819138075
chr10	92075001	92095000	chr10	92075001	92455000	380000	20000	13.115131578947368	96.0%	0.059	1.0710532298097708	0.0605	1.0710532298097708	13.115131578947368	3987	2.547196565877524	3097.391024107069
chr2	173395001	173420000	chr2	173395001	174085000	690000	25000	8.086956521739129	95.0%	0.05	1.0702887065073998	0.052	1.0702887065073998	8.08695652173913	5580	2.0947006579187546	7226.717269819704
chr4	54945001	54965000	chr4	54470001	54965000	495000	20000	10.744949494949497	96.0%	0.035	1.0696515370731174	0.038	1.0696515370731174	10.744949494949495	4255	1.788688495083331	2833.2825762119965
chr6	152110001	152130000	chr6	151755001	152130000	375000	20000	14.15	97.0%	0.068	1.0674371614134996	0.07	1.0674371614134996	14.15	4245	2.47151206251586	2965.814475019032
chr8	28305001	28325000	chr8	28085001	28325000	240000	20000	19.916666666666668	97.0%	0.0645	1.0655257608027575	0.067	1.0655257608027577	19.916666666666668	3824	2.0354181516858385	1563.201140494724
chr11	115330001	115350000	chr11	115330001	115740000	410000	20000	11.829268292682928	95.0%	0.046	1.0649042993701598	0.0485	1.0649042993701598	11.829268292682928	3880	2.152339273404519	2823.869126706729
chr2	190075001	190095000	chr2	190075001	190380000	305000	20000	16.168032786885245	96.0%	0.058	1.064048739005746	0.064	1.064048739005746	16.168032786885245	3945	2.0889127598153934	2038.778853579824
chr4	88020001	88050000	chr4	88020001	88520000	500000	30000	11.39	97.0%	0.0595	1.0637027242886623	0.0615	1.0637027242886625	11.39	6834	2.2103654837481392	7957.315741493301
chr2	620001	655000	chr2	85001	655000	570000	35000	9.01002506265664	95.0%	0.039	1.0629600082148802	0.041999999999999996	1.0629600082148802	9.010025062656641	7190	1.585800910097591	8858.283883805143
chr9	130670001	130695000	chr9	130440001	130695000	255000	25000	15.458823529411765	95.0%	0.072	1.0624748301140634	0.078	1.0624748301140634	15.458823529411765	3942	1.9849493019218611	2530.810359950373
chr7	35610001	35630000	chr7	35415001	35630000	215000	20000	20.11046511627907	95.0%	0.031	1.0620121325919727	0.034	1.0620121325919727	20.11046511627907	3459	1.6606272555719617	1142.5115518335097
chr7	28615001	28640000	chr7	28305001	28640000	335000	25000	14.802985074626866	96.0%	0.06	1.0609308784219609	0.062	1.0609308784219607	14.802985074626866	4959	2.2371548640149945	3747.234397225116
chr4	2755001	2780000	chr4	2755001	3040000	285000	25000	15.761403508771927	98.0%	0.034	1.0598918236820605	0.034	1.0598918236820605	15.761403508771929	4492	1.3679667134957145	1949.3525667313932
chr13	33715001	33735000	chr13	33240001	33735000	495000	20000	9.537878787878787	95.0%	0.041	1.0579364392548436	0.043	1.0579364392548436	9.537878787878787	3777	1.997594297316133	3164.1893669487545
chr5	44530001	44555000	chr5	44530001	44940000	410000	25000	12.519512195121951	95.0%	0.05	1.057492879841106	0.053	1.057492879841106	12.519512195121951	5133	1.9505797549234407	3998.6884975930534
chr15	78305001	78320000	chr15	78305001	78510000	205000	15000	20.528455284552845	96.0%	0.053	1.056617350398822	0.057	1.056617350398822	20.528455284552845	2525	2.4112443413273272	889.7491619497838
chr17	75395001	75415000	chr17	75205001	75415000	210000	20000	19.892857142857142	95.0%	0.031	1.0556805100836542	0.0335	1.0556805100836542	19.892857142857142	3342	1.9991561620033278	1343.4329408662363
chr2	226970001	226995000	chr2	226555001	226995000	440000	25000	10.584090909090907	96.0%	0.03	1.0542516477442998	0.0315	1.0542516477442998	10.584090909090909	4657	1.4230063114374212	3130.6138851623264
chr14	75955001	75985000	chr14	75720001	75985000	265000	30000	18.60691823899371	96.0%	0.063	1.0517605216092207	0.067	1.0517605216092207	18.60691823899371	5917	2.463926752658554	4701.172244072521
chr3	17825001	17845000	chr3	17450001	17845000	395000	20000	12.74367088607595	95.0%	0.031	1.0468429956484815	0.033	1.0468429956484817	12.74367088607595	4027	2.054508649989554	2596.8989335867964
chr9	6540001	6570000	chr9	6290001	6570000	280000	30000	18.011904761904763	95.0%	0.0655	1.045024563184767	0.07250000000000001	1.045024563184767	18.011904761904763	6052	2.421120800502208	4880.979533812451
chr1	3610001	3635000	chr1	3435001	3635000	200000	25000	18.775	95.0%	0.0209999999999999	1.044784168254535	0.0225	1.0447841682545347	18.775	3755	1.6466157973075082	1646.6157973075083
chr15	61860001	61880000	chr15	61860001	62310000	450000	20000	9.25	95.0%	0.088	1.0443668433722588	0.0895	1.0443668433722588	9.25	3330	2.496865206357512	3595.4858971548174
chr2	227750001	227775000	chr2	227465001	227775000	310000	25000	15.729032258064516	96.0%	0.0315	1.0416652084137936	0.034	1.0416652084137936	15.729032258064516	4876	1.7572244690859564	2723.6979270832326
chr10	62035001	62055000	chr10	62035001	62250000	215000	20000	19.8546511627907	97.0%	0.033	1.0398908608565238	0.036	1.0398908608565238	19.8546511627907	3415	2.425083608294525	1668.457522506633
chr10	114290001	114310000	chr10	114290001	114830000	540000	20000	8.93287037037037	95.0%	0.07	1.039178971435194	0.07250000000000001	1.039178971435194	8.93287037037037	3859	1.9353279876490388	3344.246762657539
chr2	75050001	75070000	chr2	75050001	75415000	365000	20000	14.202054794520548	96.0%	0.086	1.0388274833786888	0.089	1.0388274833786888	14.202054794520548	4147	2.0906111265379472	2441.833795796322
chr17	7730001	7750000	chr17	7730001	8000000	270000	20000	15.75	96.0%	0.0445	1.03771015346334	0.048	1.03771015346334	15.75	3402	1.8994099600127567	1641.0902054510218
chr2	28740001	28760000	chr2	28560001	28760000	200000	20000	24.7125	96.0%	0.0265	1.0373939883306156	0.0285	1.0373939883306156	24.7125	3954	2.228292502555574	1426.1072016355674
chr8	24875001	24905000	chr8	24875001	25075000	200000	30000	22.916666666666668	97.0%	0.028	1.0368239021849652	0.0315	1.0368239021849652	22.916666666666668	5500	1.8223951460227379	2624.2490102727425
chr2	222045001	222065000	chr2	222045001	222645000	600000	20000	9.195833333333333	95.0%	0.0595	1.035120224003231	0.0605	1.035120224003231	9.195833333333333	4414	2.4375251657399817	4680.0483182207645
chr14	39100001	39120000	chr14	39100001	39435000	335000	20000	13.559701492537313	97.0%	0.047	1.0346098997455069	0.052	1.0346098997455069	13.559701492537313	3634	2.7105315887584878	2905.689863149099
chr4	38015001	38040000	chr4	37425001	38040000	615000	25000	9.091056910569105	96.0%	0.055	1.0333407449901673	0.057	1.0333407449901673	9.091056910569106	5591	1.876545423108859	5770.377176059741
chr3	168145001	168175000	chr3	167835001	168175000	340000	30000	15.811274509803924	95.0%	0.0335	1.030874973088867	0.035	1.0308749730888673	15.811274509803921	6451	2.016594726677879	4936.623890907448
chr4	145230001	145250000	chr4	145230001	145610000	380000	20000	13.865131578947368	97.0%	0.0635	1.0284895008605175	0.0675	1.0284895008605177	13.865131578947368	4215	2.976295000148253	3619.1747201802755
chr1	59930001	59950000	chr1	59760001	59950000	190000	20000	27.46710526315789	95.0%	0.0805	1.025260738455993	0.0825	1.025260738455993	27.467105263157894	4175	2.3640769871272482	1437.358808173367
chr11	1110001	1135000	chr11	1110001	1530000	420000	25000	14.566666666666666	97.0%	0.0325	1.0234733184927414	0.0345	1.0234733184927414	14.566666666666666	6118	1.6793244598656263	3526.581365717815
chr22	22455001	22475000	chr22	22455001	22960000	505000	20000	9.23019801980198	95.0%	0.097	1.0222328632626534	0.104	1.0222328632626534	9.23019801980198	3729	3.6489786531322133	5896.749503461657
chr6	910001	930000	chr6	910001	1345000	435000	20000	6.155172413793103	97.0%	0.053	1.0205383088183424	0.054	1.0205383088183424	6.155172413793103	2142	1.402507792256003	1952.2908468203561
chr5	114440001	114465000	chr5	113845001	114465000	620000	25000	8.993548387096775	95.0%	0.0409999999999999	1.019197835351523	0.0435	1.019197835351523	8.993548387096775	5576	2.4613917563815173	7630.3144447827035
chr6	46410001	46435000	chr6	46410001	46895000	485000	25000	10.538144329896909	96.0%	0.058	1.0190054719618968	0.059	1.0190054719618968	10.538144329896907	5111	1.9611858542985778	4755.875696674051
chr10	113370001	113395000	chr10	112855001	113395000	540000	25000	9.796296296296296	95.0%	0.044	1.017295801372617	0.0455	1.017295801372617	9.796296296296296	5290	1.8856229533988769	5091.181974176968
chr13	28625001	28645000	chr13	28090001	28645000	555000	20000	9.20045045045045	95.0%	0.039	1.0167410623880633	0.041	1.0167410623880633	9.20045045045045	4085	2.726135889581852	4841.617339897369
chr8	2345001	2375000	chr8	2050001	2375000	325000	30000	11.483333333333334	96.0%	0.056	1.0151887259064734	0.059	1.0151887259064734	10.6	4134	0.6563647337373351	1535.893476945364
chr2	170220001	170245000	chr2	170220001	170400000	180000	25000	25.633333333333333	98.0%	0.028	1.0151201465420174	0.029	1.0151201465420174	25.633333333333333	4614	1.7364137816319982	1562.7724034687983
chr2	42500001	42520000	chr2	42500001	42680000	180000	20000	36.97222222222222	98.0%	0.031	1.0109163848942362	0.035	1.0109163848942362	36.97222222222222	5324	2.7320466592489243	1573.6588757273803
chr9	89535001	89555000	chr9	89315001	89555000	240000	20000	18.45833333333333	96.0%	0.048	1.0083827701812735	0.0525	1.0083827701812735	18.458333333333332	3544	2.1554930846921305	1655.4186890435562
chr17	38975001	38995000	chr17	38975001	39305000	330000	20000	13.049242424242424	95.0%	0.068	1.0078431313911933	0.07250000000000001	1.0078431313911933	13.049242424242424	3445	2.139234188421339	2259.031302972934
chr1	154870001	154890000	chr1	154520001	154890000	370000	20000	13.530405405405403	95.0%	0.047	1.0050884023524198	0.051500000000000004	1.0050884023524198	13.530405405405405	4005	2.6362961008137464	3121.3745833634757
chr2	95995001	96015000	chr2	95995001	96580000	585000	20000	6.25	95.0%	0.04	1.004425734863185	0.042	1.0044257348631853	6.1431623931623935	2875	1.0428561974811419	1952.2268016846976
chr13	50510001	50535000	chr13	50075001	50535000	460000	25000	10.247826086956522	98.0%	0.087	1.0043238128012884	0.088	1.0043238128012884	10.247826086956522	4714	2.3415217703456452	5385.500071794984
chr2	170395001	170415000	chr2	170395001	170815000	420000	20000	13.836309523809524	97.0%	0.0235	1.003152782274998	0.027	1.003152782274998	13.836309523809524	4649	3.134046468730457	4212.158453973734
chr1	67555001	67575000	chr1	67555001	67770000	215000	20000	22.73837209302325	97.0%	0.03	1.000581498432132	0.034	1.000581498432132	22.738372093023255	3911	2.8735882936935293	1977.028746061148
chr9	21095001	21115000	chr9	20875001	21115000	240000	20000	17.916666666666668	96.0%	0.051	1.0001411881332518	0.055	1.0001411881332518	17.916666666666668	3440	1.9561485502646843	1502.3220866032775
chr17	10210001	10230000	chr17	9945001	10230000	285000	20000	15.614035087719298	95.0%	0.029	0.9979244199998804	0.029	0.9979244199998804	15.614035087719298	3560	2.502859789979863	2282.608128461635
chr5	174320001	174335000	chr5	174320001	174945000	625000	15000	8.317333333333334	95.0%	0.031	0.9978052445601528	0.034	0.9978052445601528	8.317333333333334	3119	2.4878216995422386	2798.7994119850187
chr5	46215001	46240000	chr5	45860001	46240000	380000	25000	14.660526315789474	98.0%	0.0569999999999999	0.997048667920288	0.059	0.997048667920288	14.660526315789474	5571	1.9056131814810422	3620.6650448139803
chr8	66040001	66070000	chr8	66040001	66430000	390000	30000	12.662393162393164	97.0%	0.044	0.9946528737452588	0.046	0.9946528737452589	12.662393162393162	5926	2.0526163196505602	5763.746625578773
chr14	37865001	37890000	chr14	37390001	37890000	500000	25000	9.586	95.0%	0.089	0.9931630520579728	0.091	0.9931630520579728	9.586	4793	2.1275936961650115	5318.984240412528
chr7	21990001	22010000	chr7	21495001	22010000	515000	20000	9.684466019417476	96.0%	0.061	0.9929781592592842	0.064	0.9929781592592842	9.684466019417476	3990	2.0846285667293025	3435.4678779698907
chr7	25880001	25905000	chr7	25880001	26365000	485000	25000	11.15625	95.0%	0.096	0.9894974649687468	0.101	0.9894974649687469	11.041237113402062	5355	2.432285504880526	5898.2923493352755
chr8	122065001	122090000	chr8	122065001	122635000	570000	25000	9.47719298245614	96.0%	0.063	0.9883709072478738	0.07	0.9883709072478738	9.47719298245614	5402	2.2239241500488838	6338.183827639319
chr3	142265001	142290000	chr3	141865001	142290000	425000	25000	12.223529411764703	96.0%	0.053	0.986410938351973	0.055	0.986410938351973	12.223529411764705	5195	1.6908798476029585	3593.119676156287
chr10	25060001	25085000	chr10	24615001	25085000	470000	25000	11.236170212765956	95.0%	0.03	0.984407028893426	0.032	0.9844070288934259	11.236170212765957	5281	2.4774273958485566	5821.954380244108
chr11	72465001	72490000	chr11	72465001	72690000	225000	25000	20.52	97.0%	0.034	0.9838223508278304	0.036	0.9838223508278305	20.52	4617	1.5421629000829278	1734.9332625932936
chr3	14455001	14480000	chr3	14190001	14480000	290000	25000	15.051724137931036	95.0%	0.0305	0.9827127762811316	0.0335	0.9827127762811315	15.051724137931034	4365	1.7265432422843947	2503.4877013123723
chr18	59815001	59835000	chr18	59440001	59835000	395000	20000	12.117088607594935	95.0%	0.099	0.9825735952543192	0.101	0.9825735952543192	12.117088607594937	3829	2.5641042217965446	3241.027736350832
chr14	60165001	60190000	chr14	59580001	60190000	610000	25000	9.155737704918034	95.0%	0.039	0.9821049845186408	0.0405	0.9821049845186409	9.155737704918034	5585	3.138474243279056	9572.34644200112
chr14	99870001	99890000	chr14	99680001	99890000	210000	20000	21.732142857142858	97.0%	0.0395	0.9785431078672748	0.042499999999999996	0.9785431078672748	21.732142857142858	3651	2.4814761392181306	1667.5519655545838
chr11	118290001	118310000	chr11	118290001	118610000	320000	20000	16.578125	96.0%	0.047	0.9760446298855386	0.052	0.9760446298855386	16.578125	4244	2.186543902384292	2239.020956041515
chr19	10235001	10250000	chr19	10070001	10250000	180000	15000	22.78703703703704	95.0%	0.052	0.9736470548587104	0.057	0.9736470548587105	22.787037037037038	2461	2.042434264152777	661.7487015854997
chr5	178820001	178850000	chr5	178240001	178850000	610000	30000	7.782786885245901	95.0%	0.0595	0.9732603264606656	0.0615	0.9732603264606656	7.782786885245901	5697	2.0082933688892117	8820.424476161417
chr1	176370001	176390000	chr1	176370001	176890000	520000	20000	9.774038461538462	97.0%	0.0745	0.9719864578085056	0.079	0.9719864578085057	9.774038461538462	4066	2.703191712052716	4498.111008855719
chr9	133170001	133190000	chr9	133170001	133335000	165000	20000	24.848484848484848	98.0%	0.026	0.969257271620356	0.03	0.969257271620356	24.848484848484848	3280	2.2153055856852446	1169.6813492418091
chr7	135270001	135290000	chr7	135270001	135675000	405000	20000	12.012345679012345	97.0%	0.05	0.9683975201473902	0.052	0.9683975201473902	12.012345679012345	3892	1.969063485522262	2551.9062772368516
chr6	129355001	129375000	chr6	128720001	129375000	655000	20000	8.916030534351146	95.0%	0.067	0.9682481670788312	0.07	0.9682481670788312	8.916030534351146	4672	2.997831601664541	6283.455037088878
chr1	228110001	228130000	chr1	228110001	228525000	415000	20000	12.274096385542167	95.0%	0.066	0.9678026074595288	0.071	0.9678026074595287	12.274096385542169	4075	1.4364374394220853	1907.5889195525292
chr20	2985001	3005000	chr20	2670001	3005000	335000	20000	14.343283582089551	95.0%	0.077	0.9667593976472764	0.08	0.9667593976472764	14.343283582089553	3844	1.8697164359073584	2004.3360192926882
chr10	110890001	110910000	chr10	110600001	110910000	310000	20000	15.67741935483871	95.0%	0.0574999999999999	0.9634890391941006	0.0595	0.9634890391941006	15.67741935483871	3888	2.1452016680580894	2128.0400547136246
chr3	58310001	58340000	chr3	58310001	58600000	290000	30000	16.839080459770113	97.0%	0.037	0.9622203180486136	0.0375	0.9622203180486136	16.839080459770116	5860	1.610292867082153	3362.2915064675353
chr8	56905001	56935000	chr8	56415001	56935000	520000	30000	9.94551282051282	95.0%	0.0705	0.9593727603687658	0.0755	0.9593727603687658	9.945512820512821	6206	1.7428621742556794	6525.275980413264
chr13	20935001	20955000	chr13	20935001	21195000	260000	20000	14.490384615384617	95.0%	0.0315	0.9560488505001656	0.0335	0.9560488505001656	14.490384615384615	3014	1.820722851454535	1514.8414124101732
chr3	141545001	141565000	chr3	141270001	141565000	295000	20000	17.559322033898304	96.0%	0.065	0.9554440994911888	0.069	0.9554440994911887	17.559322033898304	4144	1.8994361214936228	1793.06769868998
chr6	10785001	10810000	chr6	10470001	10810000	340000	25000	13.655882352941177	99.0%	0.0345	0.953547170180726	0.038	0.9535471701807261	13.655882352941177	4643	2.0501446293208723	3485.2458698454825
chr1	182945001	182965000	chr1	182945001	183320000	375000	20000	12.856666666666667	95.0%	0.046	0.951903399618148	0.047	0.9519033996181481	12.856666666666667	3857	2.65016175241888	3180.1941029026557
chr3	15100001	15120000	chr3	15100001	15415000	315000	20000	15.063492063492063	98.0%	0.042	0.9497158357812256	0.045	0.9497158357812256	15.063492063492063	3796	1.6383664117244927	1651.4733430182887
chr6	88970001	88990000	chr6	88970001	89375000	405000	20000	11.969135802469136	95.0%	0.061	0.9497003202203976	0.063	0.9497003202203975	11.969135802469136	3878	2.007950610013498	2602.3039905774936
chr8	19740001	19770000	chr8	19360001	19770000	410000	30000	12.922764227642276	95.0%	0.0595	0.9495060070710148	0.062	0.9495060070710148	12.922764227642276	6358	2.6309632657578006	7766.603560517027
chr8	2340001	2375000	chr8	2340001	2665000	325000	35000	11.79310344827586	98.0%	0.039	0.947886978309598	0.043	0.947886978309598	10.523076923076923	4788	0.6593241590019603	2099.9474464212435
chr12	26825001	26845000	chr12	26620001	26845000	225000	20000	19.816666666666663	96.0%	0.051	0.9471824120235124	0.057	0.9471824120235124	19.816666666666666	3567	1.6574280210909889	1193.348175185512
chr5	103020001	103040000	chr5	102515001	103040000	525000	20000	10.947619047619048	95.0%	0.041	0.944691909149452	0.044	0.944691909149452	10.947619047619048	4598	2.547332179643859	4279.518061801683
chr7	74375001	74395000	chr7	74190001	74395000	205000	20000	19.567073170731707	96.0%	0.032	0.9441297442581128	0.035	0.9441297442581127	19.567073170731707	3209	1.543675871095608	1012.6513714387188
chr3	184770001	184805000	chr3	184365001	184805000	440000	35000	12.224025974025974	95.0%	0.074	0.9430544937702036	0.07650000000000001	0.9430544937702035	12.224025974025974	7530	1.8718355909851445	8071.355068327943
chr22	42160001	42185000	chr22	42160001	42480000	320000	25000	15.35	96.0%	0.033	0.942848979403165	0.037	0.942848979403165	15.35	4912	3.7593215443874923	6014.914471019988
chr14	23100001	23125000	chr14	23100001	23295000	195000	25000	23.67692307692308	96.0%	0.027	0.9420901390231298	0.031	0.9420901390231298	23.676923076923078	4617	2.0567010218933355	2005.2834963460023
chr10	57705001	57725000	chr10	57705001	58080000	375000	20000	13.69	95.0%	0.06	0.9377192033180528	0.067	0.9377192033180527	13.69	4107	2.573285110422946	3087.9421325075355
chr6	151010001	151030000	chr6	151010001	151330000	320000	20000	15.7265625	97.0%	0.0525	0.9375146552028852	0.057	0.9375146552028851	15.7265625	4026	2.3377244176210255	2393.82980364393
chr17	1045001	1065000	chr17	1045001	1195000	150000	20000	24.758333333333333	98.0%	0.022	0.9362131421567212	0.025	0.9362131421567212	24.758333333333333	2971	1.5314202741630214	735.0817315982503
chr9	36990001	37010000	chr9	36990001	37450000	460000	20000	10.19836956521739	95.0%	0.0725	0.9353472979235158	0.078	0.9353472979235158	10.19836956521739	3753	2.3206430144839456	3415.986517320368
chr13	49285001	49310000	chr13	49285001	49620000	335000	25000	14.743283582089552	97.0%	0.043	0.935158497545769	0.044	0.935158497545769	14.743283582089552	4939	2.872975294036803	4812.233617511645
chr20	34830001	34855000	chr20	34830001	35465000	635000	25000	8.521259842519685	95.0%	0.075	0.9338047297779856	0.075	0.9338047297779857	8.521259842519685	5411	2.261283298318438	7179.574472161041
chr14	74020001	74045000	chr14	73625001	74045000	420000	25000	10.41904761904762	96.0%	0.0755	0.9331636542318504	0.0825	0.9331636542318504	10.41904761904762	4376	1.8865196473960724	3961.691259531752
chr11	102600001	102620000	chr11	102300001	102620000	320000	20000	15.734375	98.0%	0.0125	0.9315482939030132	0.014	0.9315482939030132	15.734375	4028	2.928414395432907	2998.6963409232967
chr1	21945001	21965000	chr1	21655001	21965000	310000	20000	14.262096774193548	96.0%	0.0685	0.93123539579285	0.0725	0.9312353957928499	14.262096774193548	3537	1.9639889626692035	1948.2770509678498
chr17	78695001	78720000	chr17	78495001	78720000	225000	25000	19.90222222222222	95.0%	0.033	0.927718266610374	0.034	0.9277182666103739	19.90222222222222	4478	2.2188713241940308	2496.230239718285
chr6	122710001	122735000	chr6	122505001	122735000	230000	25000	21.595652173913045	96.0%	0.0235	0.9255555302687796	0.026000000000000002	0.9255555302687796	21.595652173913045	4967	1.9237407194928742	2212.3018274168053
chr1	88725001	88745000	chr1	88725001	88970000	245000	20000	19.35204081632653	95.0%	0.067	0.9255384246604208	0.072	0.9255384246604208	19.352040816326532	3793	2.2790880885528453	1786.8050614254307
chr4	98455001	98485000	chr4	98455001	98980000	525000	30000	10.063492063492063	96.0%	0.066	0.9246620180544488	0.07	0.9246620180544488	10.063492063492063	6340	2.023419236357158	7648.524713430057
chr20	53525001	53550000	chr20	53145001	53550000	405000	25000	10.649382716049384	95.0%	0.049	0.924276767013608	0.054	0.924276767013608	10.649382716049383	4313	1.5495798401399385	3137.8991762833757
chr20	9965001	9985000	chr20	9965001	10450000	485000	20000	9.216494845360824	95.0%	0.089	0.924187249077102	0.095	0.924187249077102	9.216494845360824	3576	2.546594384036443	3952.3144840245595
chr4	106360001	106380000	chr4	106360001	106915000	555000	20000	9.36936936936937	95.0%	0.081	0.9212279119921696	0.089	0.9212279119921695	9.36936936936937	4160	2.0094908107226996	3568.8556798435143
chr2	235730001	235755000	chr2	235130001	235755000	625000	25000	8.6448	95.0%	0.054	0.9208035646675888	0.054	0.9208035646675888	8.6448	5403	1.6731634569445095	5228.635802951592
chr1	24190001	24210000	chr1	24190001	24415000	225000	20000	16.627777777777776	96.0%	0.032	0.920003299479564	0.033	0.9200032994795639	16.627777777777776	2993	2.7115135084363753	1952.2897260741902
chr17	45570001	45590000	chr17	45430001	45590000	160000	20000	24.75	97.0%	0.087	0.9169992508320912	0.0915	0.9169992508320913	24.75	3168	1.214730888575466	621.9422149506386
chr3	167910001	167930000	chr3	167910001	168175000	265000	20000	19.40566037735849	97.0%	0.03	0.9167290202694948	0.034	0.9167290202694947	19.40566037735849	4114	2.3017537417442737	1951.8871729991442
chr15	92785001	92805000	chr15	92785001	93035000	250000	20000	15.785	97.0%	0.0375	0.9166505423088668	0.040499999999999994	0.9166505423088669	15.785	3157	2.2975340774298716	1838.0272619438974
chr3	58170001	58205000	chr3	58170001	58630000	460000	35000	10.995341614906833	95.0%	0.0505	0.9149950044703654	0.05499999999999999	0.9149950044703654	10.995341614906833	7081	1.4667291906597693	6612.01519149424
chr6	34980001	35000000	chr6	34980001	35245000	265000	20000	18.40566037735849	96.0%	0.044	0.9128452596810728	0.048	0.9128452596810727	18.40566037735849	3902	1.8666188600624127	1582.892793332926
chr3	112120001	112145000	chr3	112120001	112490000	370000	25000	13.832432432432432	96.0%	0.069	0.91219793951053	0.07200000000000001	0.9121979395105299	13.832432432432432	5118	1.6344804041102765	3023.7887476040114
chr3	129230001	129250000	chr3	128970001	129250000	280000	20000	16.861607142857142	95.0%	0.0265	0.9107969711011168	0.028999999999999998	0.9107969711011167	16.861607142857142	3777	2.0072163073252014	1798.4658113633805
chr2	106090001	106110000	chr2	106090001	106590000	500000	20000	9.5675	95.0%	0.0615	0.9104511292454376	0.065	0.9104511292454375	9.5675	3827	1.5659902935695522	2505.5844697112834
chr2	113360001	113385000	chr2	113175001	113385000	210000	25000	21.785714285714285	95.0%	0.03	0.9037712512089202	0.032	0.9037712512089202	21.785714285714285	4575	1.7574139866202774	1845.2846859512913
chr1	204155001	204175000	chr1	204155001	204500000	345000	20000	13.778985507246375	95.0%	0.087	0.9022874311976966	0.09	0.9022874311976966	13.778985507246377	3803	1.8386361294905194	2029.8542869575333
chr12	70690001	70725000	chr12	70220001	70725000	505000	35000	10.356435643564357	95.0%	0.063	0.899976141988976	0.064	0.899976141988976	10.356435643564357	7322	1.559571568975509	7718.319694859794
chr3	185345001	185365000	chr3	185345001	185580000	235000	20000	20.24468085106383	97.0%	0.032	0.8985585709201259	0.036	0.8985585709201259	20.24468085106383	3806	1.7505669335960603	1316.4263340642374
chr3	17215001	17240000	chr3	16605001	17240000	635000	25000	8.615748031496064	95.0%	0.065	0.8979349162505526	0.069	0.8979349162505526	8.615748031496063	5471	2.3981901988441616	7614.253881330213
chr12	108790001	108805000	chr12	108575001	108805000	230000	15000	20.28985507246377	95.0%	0.068	0.8970023966163903	0.07200000000000001	0.8970023966163903	20.28985507246377	2800	2.0089027477883317	831.6857375843692
chr11	32035001	32060000	chr11	32035001	32310000	275000	25000	18.51636363636364	95.0%	0.061	0.8930870294241481	0.065	0.8930870294241481	18.516363636363636	5092	2.030138389917382	2791.4402861364
chr2	38100001	38125000	chr2	37955001	38125000	170000	25000	42.805882352941175	98.0%	0.0635	0.8902628549227798	0.0705	0.8902628549227798	42.805882352941175	7277	2.597235724495337	2207.6503658210363
chr2	36335001	36355000	chr2	36335001	36790000	455000	20000	17.01098901098901	96.0%	0.067	0.8899414854893729	0.072	0.8899414854893729	17.01098901098901	6192	3.7084774555710482	5399.543175311446
chr17	77325001	77345000	chr17	77325001	77510000	185000	20000	20.5472972972973	96.0%	0.035	0.8896754984725697	0.037	0.8896754984725697	20.5472972972973	3041	1.5804772690663045	935.6425432872522
chr17	2830001	2850000	chr17	2830001	3020000	190000	20000	19.94736842105263	95.0%	0.027	0.8882042707834692	0.031	0.8882042707834692	19.94736842105263	3032	2.149824002769396	1307.0929936837929
chr6	39295001	39315000	chr6	38975001	39315000	340000	20000	14.404411764705882	97.0%	0.0465	0.8876981533587913	0.0485	0.8876981533587913	14.404411764705882	3918	2.1434212863674236	2332.0423595677566
chr13	96950001	96970000	chr13	96705001	96970000	265000	20000	16.59433962264151	95.0%	0.093	0.887667316817307	0.098	0.887667316817307	16.59433962264151	3518	2.1706352753967537	1840.698713536447
chr1	64280001	64305000	chr1	64280001	64690000	410000	25000	12.548780487804878	96.0%	0.091	0.887584876740972	0.0955	0.887584876740972	12.548780487804878	5145	2.1553407534402407	4418.448544552493
chr3	5295001	5320000	chr3	5295001	5755000	460000	25000	11.395652173913044	97.0%	0.06	0.8871952302302855	0.063	0.8871952302302855	11.395652173913044	5242	1.947489746844041	4479.226417741294
chr4	54830001	54850000	chr4	54375001	54850000	475000	20000	11.126315789473685	95.0%	0.042	0.8870885190931845	0.047	0.8870885190931845	11.126315789473685	4228	2.2506799682916068	3421.0335518032425
chr1	10510001	10530000	chr1	10510001	10965000	455000	20000	11.107142857142858	95.0%	0.075	0.886058452904437	0.081	0.886058452904437	11.107142857142858	4043	2.3646943427603246	3442.9949630590327
chr12	100545001	100565000	chr12	100130001	100565000	435000	20000	10.448275862068966	96.0%	0.063	0.8859068304904943	0.067	0.8859068304904943	10.448275862068966	3636	1.9122633037334995	2661.8705187970313
chr19	55410001	55430000	chr19	55125001	55430000	305000	20000	13.96311475409836	96.0%	0.087	0.8843734757736231	0.09	0.8843734757736231	13.96311475409836	3407	2.462041637695044	2402.952638390363
chr3	14910001	14935000	chr3	14625001	14935000	310000	25000	15.50967741935484	96.0%	0.0335	0.8842912090934189	0.0365	0.8842912090934189	15.509677419354839	4808	1.7906580156128715	2775.5199241999508
chr7	87780001	87805000	chr7	87780001	88170000	390000	25000	12.753846153846151	95.0%	0.038	0.884076748175196	0.041999999999999996	0.884076748175196	12.753846153846155	4974	2.138402203724964	4169.88429726368
chr8	38820001	38855000	chr8	38820001	39420000	600000	35000	9.736904761904762	95.0%	0.0905	0.8820027122069193	0.0945	0.8820027122069193	9.736904761904762	8179	1.7227880192701186	10129.993553308297
chr12	103870001	103890000	chr12	103870001	104115000	245000	20000	19.709183673469383	97.0%	0.042	0.881307343945408	0.044	0.881307343945408	19.709183673469386	3863	1.8411214814501224	1443.439241456896
chr12	48590001	48620000	chr12	48195001	48620000	425000	30000	12.245098039215684	95.0%	0.058	0.8782974060405035	0.059	0.8782974060405035	12.245098039215685	6245	1.8830182723989977	5762.035913540933
chr1	58505001	58530000	chr1	58505001	58765000	260000	25000	17.66923076923077	97.0%	0.064	0.8780429561912977	0.0685	0.8780429561912977	17.66923076923077	4594	2.4002857439172174	3120.3714670923823
chr1	241820001	241840000	chr1	241505001	241840000	335000	20000	16.51865671641791	95.0%	0.09	0.8770701476078266	0.094	0.8770701476078266	16.51865671641791	4427	3.29397671649727	3531.1430400850736
chr8	31240001	31265000	chr8	31240001	31490000	250000	25000	17.616	96.0%	0.0515	0.8748391887024324	0.056499999999999995	0.8748391887024324	17.616	4404	2.034640310609746	2543.3003882621824
chr2	222685001	222710000	chr2	222685001	222940000	255000	25000	19.63921568627451	98.0%	0.087	0.8748275556615795	0.092	0.8748275556615795	19.63921568627451	5008	2.150752491244445	2742.209426336667
chr5	59355001	59375000	chr5	58930001	59375000	445000	20000	11.910112359550562	97.0%	0.037	0.8734183216460871	0.04	0.8734183216460871	11.910112359550562	4240	2.0730454644162797	2952.0167413287822
chr2	69800001	69830000	chr2	69525001	69830000	305000	30000	26.17486338797814	95.0%	0.054	0.8696426998429307	0.058	0.8696426998429307	26.174863387978142	9580	2.3072383651081863	5066.695449777577
chr10	34805001	34825000	chr10	34660001	34825000	165000	20000	24.24242424242424	98.0%	0.037	0.8686755838998832	0.039	0.8686755838998832	24.242424242424242	3200	1.7149386359942136	905.4875998049448
chr1	108880001	108910000	chr1	108690001	108910000	220000	30000	22.37878787878788	96.0%	0.0345	0.8682633740313014	0.036000000000000004	0.8682633740313014	22.37878787878788	5908	2.149297682402642	3404.487528925785
chr1	223075001	223095000	chr1	222635001	223095000	460000	20000	10.633152173913045	95.0%	0.0675	0.8681723432538709	0.07150000000000001	0.8681723432538709	10.633152173913043	3913	2.60780915053299	3838.6950695845617
chr1	17495001	17515000	chr1	17495001	17720000	225000	20000	18.78333333333333	97.0%	0.036	0.8672906748936661	0.04	0.8672906748936661	18.783333333333335	3381	1.8799670095623677	1353.5762468849048
chr5	128180001	128200000	chr5	127760001	128200000	440000	20000	13.744318181818182	96.0%	0.0295	0.8658475025761964	0.032	0.8658475025761964	13.744318181818182	4838	2.3850115792934523	3358.096303645181
chr17	64275001	64295000	chr17	63870001	64295000	425000	20000	11.579411764705885	95.0%	0.074	0.8644857377224864	0.08	0.8644857377224864	11.579411764705883	3937	2.1786058493501783	2962.9039551162423
chr9	126295001	126315000	chr9	126295001	126495000	200000	20000	23.60625	97.0%	0.031	0.8642139217611512	0.034	0.8642139217611512	23.60625	3777	2.501210206076153	1600.774531888738
chr2	16465001	16485000	chr2	16240001	16485000	245000	20000	20.448979591836736	96.0%	0.041	0.8588598199796638	0.044	0.8588598199796638	20.448979591836736	4008	1.7712157402227455	1388.6331403346326
chr10	32795001	32810000	chr10	32795001	33055000	260000	15000	17.987179487179485	97.0%	0.056	0.8584837325869147	0.06	0.8584837325869147	17.987179487179485	2806	2.2055623835470954	1032.2031955000407
chr12	52145001	52165000	chr12	52145001	52385000	240000	20000	16.604166666666668	98.0%	0.048	0.8576131557413214	0.051000000000000004	0.8576131557413214	16.604166666666668	3188	2.108120047539467	1619.0361965103107
chr11	10400001	10435000	chr11	10400001	10660000	260000	35000	18.76098901098901	96.0%	0.0785	0.8562960337335687	0.084	0.8562960337335687	18.76098901098901	6829	1.846203671775438	4704.126955683816
chr7	75855001	75880000	chr7	75855001	76050000	195000	25000	21.297435897435896	96.0%	0.032	0.8544604282843077	0.035	0.8544604282843077	21.297435897435896	4153	1.788413125929341	1743.7027977811074
chr18	36085001	36110000	chr18	36085001	36760000	675000	25000	8.134814814814815	96.0%	0.064	0.8533328244897241	0.066	0.8533328244897241	8.134814814814815	5491	2.3136751365416526	7808.653585828077
chr12	45155001	45175000	chr12	45155001	45725000	570000	20000	9.418859649122806	95.0%	0.034	0.8528657735997774	0.036000000000000004	0.8528657735997774	9.418859649122806	4295	2.525567671180859	4606.635432233887
chr20	8040001	8060000	chr20	8040001	8325000	285000	20000	16.140350877192983	95.0%	0.044	0.8508863972169701	0.048	0.8508863972169701	16.140350877192983	3680	2.5397767803647167	2316.2764236926214
chr3	130090001	130115000	chr3	129935001	130115000	180000	25000	17.511111111111113	98.0%	0.0225	0.8498274499127947	0.024	0.8498274499127947	17.511111111111113	3152	1.0598348392452517	953.8513553207265
chr22	50230001	50250000	chr22	50230001	50510000	280000	20000	11.486607142857142	95.0%	0.0584999999999999	0.8492983348970975	0.0605	0.8492983348970975	11.486607142857142	2573	2.0269826065596837	1816.1764154774767
chr6	149395001	149420000	chr6	149160001	149420000	260000	25000	19.29230769230769	95.0%	0.0715	0.8487977578137169	0.077	0.8487977578137169	19.29230769230769	5016	1.8008277991238943	2341.0761388610626
chr11	94170001	94195000	chr11	94170001	94510000	340000	25000	14.364705882352942	96.0%	0.093	0.8482199638753157	0.099	0.8482199638753157	14.364705882352942	4884	2.294511312424876	3900.669231122289
chr16	71945001	71965000	chr16	71635001	71965000	330000	20000	13.787878787878787	95.0%	0.0735	0.8476430174561926	0.076	0.8476430174561926	13.787878787878787	3640	2.1898016559307982	2312.430548662923
chr8	30355001	30385000	chr8	30175001	30385000	210000	30000	21.02777777777778	96.0%	0.0455	0.847456049870245	0.047	0.847456049870245	21.02777777777778	5299	1.9029352131784034	2877.238042325746
chr6	30005001	30020000	chr6	29735001	30020000	285000	15000	18.71345029239766	96.0%	0.04	0.8450032191407442	0.043	0.8450032191407442	18.71345029239766	3200	2.814569531903012	1443.8741698662452
chr11	121185001	121205000	chr11	120885001	121205000	320000	20000	13.41015625	95.0%	0.095	0.8447174694126929	0.1005	0.8447174694126929	13.41015625	3433	1.5524886746628799	1589.748402854789
chr4	52010001	52035000	chr4	51820001	52035000	215000	25000	19.079069767441855	97.0%	0.035	0.8447068194513898	0.036	0.8447068194513898	19.07906976744186	4102	1.8563924210895792	1995.6218526712978
chr17	51755001	51780000	chr17	51755001	52000000	245000	25000	18.489795918367346	96.0%	0.034	0.8443149889014296	0.038	0.8443149889014296	18.489795918367346	4530	2.117165215411902	2593.52738887958
chr10	112465001	112490000	chr10	112465001	113490000	1025000	25000	5.251707317073171	95.0%	0.075	0.8436788600143387	0.075	0.8436788600143387	5.251707317073171	5383	2.5418684190920504	13027.07564784676
chr8	127395001	127415000	chr8	127395001	127735000	340000	20000	14.161764705882351	97.0%	0.0455	0.8434840122296379	0.0485	0.8434840122296379	14.161764705882353	3852	2.0707279285754487	2252.9519862900884
chr4	156660001	156680000	chr4	155985001	156680000	695000	20000	7.93705035971223	96.0%	0.048	0.8422374336585758	0.047	0.8422374336585758	7.93705035971223	4413	2.455302236194595	5460.592173296779
chr2	191810001	191840000	chr2	191810001	192115000	305000	30000	17.639344262295083	96.0%	0.065	0.8389758096213622	0.067	0.8389758096213622	17.639344262295083	6456	1.818723138207214	3993.916011503042
chr7	45115001	45145000	chr7	44830001	45145000	315000	30000	13.78042328042328	98.0%	0.042	0.8347103375241939	0.046	0.8347103375241939	13.78042328042328	5209	1.3236656926776207	3002.073790992844
chr17	77530001	77555000	chr17	77530001	77955000	425000	25000	10.409411764705885	95.0%	0.092	0.8346413809256107	0.099	0.8346413809256107	10.409411764705883	4424	1.8531497159720054	3937.9431464405116
chr10	88815001	88840000	chr10	88815001	89080000	265000	25000	19.5622641509434	97.0%	0.037	0.8343183162304041	0.039	0.8343183162304041	19.562264150943395	5184	1.924185974254756	2549.5464158875516
chr9	36860001	36880000	chr9	36860001	37370000	510000	20000	9.955882352941176	95.0%	0.0809999999999999	0.8335136823781327	0.0865	0.8335136823781327	9.955882352941176	4062	2.272429326538044	3708.6046609100877
chr12	69555001	69575000	chr12	69345001	69575000	230000	20000	20.95108695652174	97.0%	0.0419999999999999	0.8334482488904332	0.043	0.8334482488904332	20.95108695652174	3855	2.135758293891467	1571.9181043041199
chr6	41660001	41685000	chr6	41355001	41685000	330000	25000	14.515151515151516	97.0%	0.0424999999999999	0.8332553691277996	0.0455	0.8332553691277996	14.515151515151516	4790	1.8287812873569205	3017.4891241389187
chr12	26990001	27010000	chr12	26845001	27010000	165000	20000	26.704545454545453	97.0%	0.04	0.8320355421025449	0.042	0.8320355421025449	26.704545454545453	3525	1.6740386005543362	883.8923810926894
chr3	142980001	143000000	chr3	142315001	143000000	685000	20000	8.333941605839415	95.0%	0.057	0.8298898259788579	0.06	0.8298898259788579	8.333941605839415	4567	2.2094125178921074	4843.032239219499
chr3	112960001	112980000	chr3	112585001	112980000	395000	20000	13.778481012658228	96.0%	0.029	0.8284882253849176	0.031	0.8284882253849176	13.778481012658228	4354	2.433720077831963	3076.2221783796017
chr4	15475001	15495000	chr4	15475001	15995000	520000	20000	10.447115384615383	96.0%	0.0445	0.8273897840996174	0.0455	0.8273897840996174	10.447115384615385	4346	1.9582370618038771	3258.5064708416517
chr19	48640001	48675000	chr19	48640001	48865000	225000	35000	18.507936507936503	96.0%	0.032	0.8270206485571839	0.035	0.8270206485571839	18.50793650793651	5830	1.5944378373926205	3515.7354314507284
chr7	17180001	17205000	chr7	16995001	17205000	210000	25000	23.88095238095238	95.0%	0.0814999999999999	0.8263976901052347	0.0875	0.8263976901052347	23.88095238095238	5015	1.8175745527385443	1908.4532803754714
chr8	141155001	141180000	chr8	140700001	141180000	480000	25000	9.658333333333331	95.0%	0.0559999999999999	0.8246581128810456	0.059	0.8246581128810456	9.658333333333333	4636	1.6474724198602209	3953.93380766453
chr2	120335001	120350000	chr2	120335001	120685000	350000	15000	12.376190476190477	96.0%	0.0335	0.8244611843348717	0.035	0.8244611843348717	12.376190476190477	2599	1.9626409354213596	1236.4637893154566
chr3	44520001	44545000	chr3	44520001	45040000	520000	25000	10.086538461538462	95.0%	0.0745	0.8232234508911238	0.0785	0.8232234508911238	10.086538461538462	5245	1.9682495550371757	5117.448843096657
chr15	29130001	29150000	chr15	29130001	29345000	215000	20000	19.302325581395348	96.0%	0.04	0.8229196487778677	0.043	0.8229196487778677	19.302325581395348	3320	2.0986288207676806	1443.8566286881642
chr5	132520001	132550000	chr5	132520001	132895000	375000	30000	14.555555555555555	96.0%	0.062	0.8226416452348774	0.068	0.8226416452348774	14.555555555555555	6550	1.9515884783179165	5269.288891458375
chr7	154920001	154940000	chr7	154920001	155775000	855000	20000	6.548245614035087	96.0%	0.052	0.8224517528422441	0.058	0.8224517528422441	6.548245614035087	4479	2.4294754367062406	6647.0447948282745
chr13	41635001	41660000	chr13	41350001	41660000	310000	25000	14.561290322580646	96.0%	0.0715	0.8213842388751782	0.075	0.8213842388751782	14.561290322580644	4514	2.0268513217529365	3141.6195487170517
chr16	19910001	19930000	chr16	19910001	20345000	435000	20000	10.35344827586207	97.0%	0.089	0.8206410778647852	0.095	0.8206410778647852	10.35344827586207	3603	2.6098462474868196	3632.9059765016527
chr4	75280001	75300000	chr4	74870001	75300000	430000	20000	11.732558139534884	96.0%	0.043	0.8205177159350879	0.046	0.8205177159350879	11.732558139534884	4036	2.667402064362382	3670.3452405626376
chr6	13890001	13915000	chr6	13890001	14155000	265000	25000	17.324528301886794	95.0%	0.074	0.8200655576166316	0.077	0.8200655576166316	17.324528301886794	4591	1.9829410038373736	2627.39683008452
chr3	121985001	122020000	chr3	121700001	122020000	320000	35000	16.462053571428573	97.0%	0.064	0.8190341339313557	0.067	0.8190341339313557	16.462053571428573	7375	1.6405742587616154	5144.840875476426
chr4	159940001	159960000	chr4	159940001	160490000	550000	20000	9.604545454545455	95.0%	0.049	0.8177225761400599	0.052	0.8177225761400599	9.604545454545455	4226	2.503096858224839	4405.450470475716
chr19	50340001	50365000	chr19	50340001	50600000	260000	25000	16.253846153846155	96.0%	0.054	0.8159224326622004	0.0575	0.8159224326622004	16.253846153846155	4226	1.5676636457497808	2037.962739474715
chr3	107410001	107430000	chr3	107215001	107430000	215000	20000	20.33139534883721	98.0%	0.037	0.8099729555124282	0.039	0.8099729555124282	20.33139534883721	3497	1.9627049845965296	1350.3410294024125
chr18	3285001	3300000	chr18	3285001	3875000	590000	15000	9.33898305084746	95.0%	0.031	0.8081636188503282	0.0345	0.8081636188503282	9.338983050847459	3306	2.9292590507613703	3110.873111908575
chr6	105390001	105415000	chr6	105075001	105415000	340000	25000	14.952941176470588	96.0%	0.038	0.8046906762948183	0.0405	0.8046906762948183	14.952941176470588	5084	2.16378307169935	3678.4312218888954
chr12	27625001	27660000	chr12	27455001	27660000	205000	35000	21.062717770034844	98.0%	0.058	0.8034131890503929	0.062	0.8034131890503929	21.062717770034844	6045	1.82694689015964	3670.3363023307165
chr8	120970001	120990000	chr8	120970001	121650000	680000	20000	8.277573529411764	98.0%	0.0755	0.8007546775105979	0.077	0.8007546775105979	8.277573529411764	4503	2.593613773925994	5643.703572062963
chr15	84575001	84600000	chr15	84575001	85045000	470000	25000	9.576595744680851	95.0%	0.0775	0.8000439176566859	0.08449999999999999	0.8000439176566859	9.576595744680851	4501	2.3941622822120694	5626.281363198363
chr17	26590001	26620000	chr17	26590001	27215000	625000	30000	17.344827586206897	95.0%	0.051	0.7972791527122883	0.054	0.7972791527122883	16.096	12072	3.786697896108678	17040.14053248905
chr9	109505001	109530000	chr9	109180001	109530000	350000	25000	14.225714285714286	95.0%	0.0795	0.7970332429955149	0.08	0.7970332429955149	14.225714285714286	4979	1.8452031883351365	3229.105579586489
chr10	118555001	118575000	chr10	118555001	119030000	475000	20000	10.507894736842106	95.0%	0.068	0.7924028490887823	0.071	0.7924028490887823	10.507894736842106	3993	1.9449604831971672	2956.339934459694
chr4	112315001	112340000	chr4	112315001	112775000	460000	25000	11.291304347826088	95.0%	0.0955	0.7910905140129475	0.1025	0.7910905140129475	11.291304347826086	5194	1.9206607016702093	4417.519613841481
chr14	96095001	96115000	chr14	96095001	96435000	340000	20000	13.952205882352942	95.0%	0.0584999999999999	0.7878949374937908	0.0635	0.7878949374937908	13.952205882352942	3795	2.7064017473429476	2944.5651011091268
chr5	34440001	34470000	chr5	33865001	34470000	605000	30000	7.617079889807162	95.0%	0.099	0.7843200685063373	0.103	0.7843200685063373	7.6170798898071626	5530	1.727969855427432	7527.036690241895
chr13	47750001	47780000	chr13	46905001	47780000	875000	30000	5.6171428571428565	96.0%	0.062	0.7839052587640956	0.062	0.7839052587640956	5.617142857142857	5898	1.7944424973470183	11304.987733286216
chr8	17685001	17705000	chr8	17495001	17705000	210000	20000	22.214285714285715	96.0%	0.0385	0.7821565062652018	0.040999999999999995	0.7821565062652018	22.214285714285715	3732	1.7208116475781796	1156.3854271725368
chr14	51965001	51985000	chr14	51775001	51985000	210000	20000	21.553571428571427	95.0%	0.031	0.7799133955260698	0.0335	0.7799133955260698	21.553571428571427	3621	2.2241613573404204	1494.6364321327626
chr1	18900001	18920000	chr1	18900001	19245000	345000	20000	12.923913043478262	96.0%	0.068	0.7734024763255256	0.075	0.7734024763255256	12.923913043478262	3567	2.3089501509737294	2549.0809666749974
chr4	83265001	83285000	chr4	82600001	83285000	685000	20000	8.56021897810219	95.0%	0.051	0.7733551257246721	0.053	0.7733551257246721	8.56021897810219	4691	2.3144370708034563	5073.246059201176
chr8	140825001	140845000	chr8	140825001	141180000	355000	20000	14.57394366197183	97.0%	0.087	0.7700633962420064	0.087	0.7700633962420064	14.57394366197183	4139	2.2663790767374237	2574.606631173713
chr6	35730001	35750000	chr6	35505001	35750000	245000	20000	18.214285714285715	97.0%	0.058	0.7686343996751911	0.062	0.7686343996751911	18.214285714285715	3570	2.260228398570666	1772.0190644794022
chr19	8235001	8255000	chr19	7945001	8255000	310000	20000	12.32258064516129	96.0%	0.0579999999999999	0.7679555660731626	0.0595	0.7679555660731626	12.32258064516129	3056	1.9047669990507872	1889.528863058381
chr16	50015001	50035000	chr16	50015001	50385000	370000	20000	11.24662162162162	95.0%	0.049	0.7603954514036932	0.0505	0.7603954514036932	11.246621621621621	3329	2.4024510524951843	2844.502046154298
chr20	725001	750000	chr20	435001	750000	315000	25000	13.879365079365078	95.0%	0.064	0.7597865367079435	0.068	0.7597865367079435	13.87936507936508	4372	1.8854872928864066	2969.6424862960903
chr18	2925001	2960000	chr18	2925001	3185000	260000	35000	18.403846153846157	96.0%	0.086	0.7591841747301622	0.093	0.7591841747301622	18.403846153846153	6699	2.0788272526156546	5296.851839664688
chr7	78015001	78035000	chr7	78015001	78250000	235000	20000	18.77659574468085	96.0%	0.044	0.7564166663926614	0.046	0.7564166663926614	18.77659574468085	3530	2.0349290782698684	1530.2666668589409
chr11	14900001	14925000	chr11	14900001	15210000	310000	25000	14.203225806451613	96.0%	0.053	0.7560812202294397	0.058	0.7560812202294397	14.203225806451613	4403	1.8310092849097475	2838.0643916101085
chr4	173235001	173260000	chr4	173070001	173260000	190000	25000	25.57368421052632	95.0%	0.061	0.7536790393896942	0.0625	0.7536790393896942	25.573684210526316	4859	1.8355808565340364	1743.8018137073345
chr8	17320001	17340000	chr8	17320001	17625000	305000	20000	16.618852459016395	96.0%	0.086	0.7521876128589464	0.09	0.7521876128589464	16.618852459016395	4055	1.9583246653627857	1911.3248733940788
chr5	151730001	151750000	chr5	151265001	151750000	485000	20000	10.672680412371134	95.0%	0.062	0.7516999677344863	0.063	0.7516999677344863	10.672680412371134	4141	1.8060025451793698	2802.9159501183817
chr17	7855001	7875000	chr17	7855001	8055000	200000	20000	22.85625	96.0%	0.045	0.7499362791497485	0.049	0.7499362791497485	22.85625	3657	2.2924158371245347	1467.1461357597022
chr13	106515001	106535000	chr13	105520001	106535000	1015000	20000	5.479064039408867	95.0%	0.062	0.7486674590452325	0.064	0.7486674590452325	5.479064039408867	4449	3.388971639680178	11007.379885681217
chr10	79180001	79210000	chr10	78655001	79210000	555000	30000	8.034534534534535	96.0%	0.043	0.7479963348979187	0.044	0.7479963348979187	8.034534534534535	5351	1.6210309555363605	6477.639698323296
chr1	103560001	103585000	chr1	103330001	103585000	255000	25000	19.988235294117647	96.0%	0.047	0.7473381180399525	0.049	0.7473381180399525	19.988235294117647	5097	1.1995313523042854	1529.402474187964
chr8	121250001	121270000	chr8	121250001	121760000	510000	20000	10.237745098039216	95.0%	0.0965	0.7455935391701242	0.101	0.7455935391701242	10.237745098039216	4177	2.158973444312739	3523.4446611183903
chr9	128840001	128860000	chr9	128840001	129030000	190000	20000	22.335526315789476	97.0%	0.0565	0.7445324886535889	0.0605	0.7445324886535889	22.335526315789473	3395	1.6980130504825641	1032.391934693399
chr5	136055001	136070000	chr5	135910001	136070000	160000	15000	27.447916666666668	98.0%	0.0325	0.7423834857156094	0.035	0.7423834857156094	27.447916666666668	2635	2.410218609720038	694.1429595993709
chr20	17500001	17530000	chr20	17500001	17955000	455000	30000	10.732600732600732	95.0%	0.075	0.73992481197977	0.08	0.73992481197977	10.732600732600732	5860	2.149793719319417	7042.72422449041
chr9	33730001	33750000	chr9	33730001	33940000	210000	20000	20.607142857142858	96.0%	0.054	0.7382897664704603	0.057999999999999996	0.7382897664704603	20.607142857142858	3462	1.8550820974529991	1246.6151694884154
chr2	30195001	30215000	chr2	30195001	30660000	465000	20000	10.46236559139785	96.0%	0.039	0.7379606682843111	0.043	0.7379606682843111	10.46236559139785	3892	1.8956826858856275	2820.775836597814
chr12	14505001	14525000	chr12	14505001	14715000	210000	20000	21.48809523809524	97.0%	0.0404999999999999	0.7371835694566468	0.045	0.7371835694566468	21.488095238095237	3610	1.7486143243529975	1175.0688259652143
chr8	101610001	101635000	chr8	101365001	101635000	270000	25000	17.88888888888889	95.0%	0.0685	0.7363054085837493	0.071	0.7363054085837493	17.88888888888889	4830	1.6285342528077578	2198.521241290473
chr12	1630001	1650000	chr12	1630001	1960000	330000	20000	14.181818181818182	95.0%	0.0515	0.7326223362620573	0.0545	0.7326223362620573	14.181818181818182	3744	1.977006336041507	2087.7186908598314
chr4	153130001	153150000	chr4	153130001	153660000	530000	20000	10.091981132075473	96.0%	0.055	0.7307378512313668	0.057	0.7307378512313668	10.091981132075471	4279	2.207596440097752	3744.0835624057877
chr6	109700001	109720000	chr6	109700001	110025000	325000	20000	13.81153846153846	95.0%	0.035	0.7293449512152017	0.039	0.7293449512152017	13.811538461538461	3591	1.9351763075118955	2012.5833598123713
chr15	39555001	39580000	chr15	39045001	39580000	535000	25000	10.4803738317757	95.0%	0.038	0.7283031541062283	0.041	0.7283031541062283	10.480373831775701	5607	3.3247394249452986	8893.677961728674
chr2	127190001	127210000	chr2	127190001	127495000	305000	20000	14.790983606557376	97.0%	0.047	0.7271555319961084	0.049	0.7271555319961084	14.790983606557377	3609	1.7299453544550591	1688.4266659481377
chr3	54410001	54435000	chr3	54410001	54905000	495000	25000	9.258585858585858	96.0%	0.06	0.7264218984064258	0.064	0.7264218984064258	9.258585858585858	4583	1.5093650959637352	3735.678612510245
chr13	113375001	113395000	chr13	112935001	113395000	460000	20000	9.793478260869565	95.0%	0.055	0.7246941445738502	0.056499999999999995	0.7246941445738502	9.793478260869565	3604	1.7072811675658135	2513.1178786568776
chr2	27275001	27305000	chr2	26965001	27305000	340000	30000	15.169117647058824	96.0%	0.0555	0.7221267602309482	0.058	0.7221267602309482	15.169117647058824	6189	1.5005533393695913	3673.35457477676
chr12	13265001	13285000	chr12	13265001	14010000	745000	20000	8.518456375838927	95.0%	0.061	0.7219039728529516	0.063	0.7219039728529516	8.518456375838927	5077	3.701360166721625	8824.042637464354
chr12	70720001	70750000	chr12	70720001	71465000	745000	30000	7.307606263982103	95.0%	0.058	0.7215497847520105	0.059	0.7215497847520105	7.307606263982103	6533	2.0134819502772388	10800.317181287108
chr13	95370001	95390000	chr13	95230001	95390000	160000	20000	26.015625	96.0%	0.038	0.7209396746936503	0.040999999999999995	0.7209396746936503	26.015625	3330	1.8219160239939889	932.8210042849223
chr16	66850001	66875000	chr16	66590001	66875000	285000	25000	15.287719298245614	96.0%	0.096	0.7204866406823183	0.102	0.7204866406823183	15.287719298245614	4357	2.045279832832054	2914.523761785677
chr1	204110001	204135000	chr1	203885001	204135000	250000	25000	17.584	95.0%	0.0585	0.7196804866889959	0.062	0.7196804866889959	17.584	4396	1.8121595586542032	2265.199448317754
chr2	227370001	227390000	chr2	227125001	227390000	265000	20000	22.38679245283019	95.0%	0.07	0.7194008821972465	0.074	0.7194008821972465	22.38679245283019	4746	1.3004383253666152	1102.7716999108898
chr12	85465001	85485000	chr12	85465001	85900000	435000	20000	12.07183908045977	96.0%	0.051	0.7187410043428405	0.054	0.7187410043428405	12.07183908045977	4201	2.741722078067567	3816.477132670053
chr1	168065001	168085000	chr1	167705001	168085000	380000	20000	13.532894736842104	95.0%	0.0665	0.716211924277876	0.0695	0.716211924277876	13.532894736842104	4114	1.8986098088348158	2308.709527543136
chr1	12100001	12125000	chr1	12100001	12310000	210000	25000	19.704761904761902	95.0%	0.0245	0.7132003699946085	0.025500000000000002	0.7132003699946085	19.704761904761906	4138	1.7422760052057047	1829.3898054659899
chr8	123820001	123840000	chr8	123820001	124040000	220000	20000	22.738636363636363	97.0%	0.032	0.7127826560730463	0.036000000000000004	0.7127826560730463	22.738636363636363	4002	2.233415289570255	1572.3243638574595
chr10	118235001	118255000	chr10	117520001	118255000	735000	20000	7.285714285714286	95.0%	0.062	0.7113691073664252	0.064	0.7113691073664252	7.285714285714286	4284	2.6103985398863734	6139.65736581275
chr12	49500001	49525000	chr12	49275001	49525000	250000	25000	19.332	95.0%	0.086	0.7111453881054941	0.088	0.7111453881054941	19.332	4833	2.1764454313966057	2720.556789245757
chr7	65590001	65615000	chr7	65235001	65615000	380000	25000	8.073684210526316	95.0%	0.096	0.7091554630957837	0.1	0.7091554630957837	8.073684210526316	3068	0.701097839139853	1332.0858943657208
chr15	63390001	63410000	chr15	62745001	63410000	665000	20000	7.733082706766917	95.0%	0.06	0.7083827166991705	0.062	0.7083827166991705	7.7330827067669174	4114	2.316090276135565	4928.640107616482
chr14	36360001	36385000	chr14	36080001	36385000	305000	25000	15.02622950819672	95.0%	0.067	0.707783942564022	0.073	0.707783942564022	15.026229508196721	4583	2.2719881063376985	3464.7818621649903
chr11	67845001	67865000	chr11	67845001	67995000	150000	20000	21.0	98.0%	0.031	0.7071664681189017	0.034	0.7071664681189017	21.0	2520	1.3324978114543973	639.5989494981106
chr11	129375001	129395000	chr11	129375001	129700000	325000	20000	15.642307692307693	96.0%	0.05	0.7047198158253208	0.054	0.7047198158253208	15.642307692307693	4067	2.302479969256948	2394.579168027226
chr4	155930001	155955000	chr4	155400001	155955000	555000	25000	9.36936936936937	95.0%	0.074	0.7017267066154864	0.078	0.7017267066154864	9.36936936936937	5200	1.8742700379362167	5201.0993552730015
chr3	45825001	45845000	chr3	45670001	45845000	175000	20000	26.392857142857142	97.0%	0.033	0.6996240096214243	0.037	0.6996240096214243	26.392857142857142	3695	1.9486133384038555	1091.223469506159
chr6	110515001	110535000	chr6	110515001	111055000	540000	20000	9.82175925925926	95.0%	0.0695	0.696993132340901	0.0735	0.696993132340901	9.82175925925926	4243	2.3247275119958375	4017.129140728807
chr4	111635001	111660000	chr4	111635001	112055000	420000	25000	12.257831325301204	95.0%	0.072	0.696223757788801	0.078	0.696223757788801	12.111904761904762	5087	2.2483582865752236	4721.5524018079695
chr3	38505001	38530000	chr3	38505001	39035000	530000	25000	9.80188679245283	95.0%	0.0725	0.6954341794628001	0.076	0.6954341794628001	9.80188679245283	5195	1.6405122968113492	4347.357586550075
chr5	139750001	139775000	chr5	139425001	139775000	350000	25000	12.751428571428573	96.0%	0.078	0.6945584684161022	0.0815	0.6945584684161022	12.751428571428571	4463	1.3286291110659767	2325.1009443654593
chr1	100910001	100935000	chr1	100910001	101305000	395000	25000	11.80253164556962	95.0%	0.095	0.6942963983318476	0.101	0.6942963983318476	11.802531645569621	4662	2.345015209690267	4631.405039138277
chr6	16950001	16975000	chr6	16280001	16975000	695000	25000	7.739568345323741	96.0%	0.098	0.6931064543464465	0.101	0.6931064543464465	7.739568345323741	5379	2.0376533157995107	7080.8452724033
chr17	16985001	17005000	chr17	16985001	17340000	355000	20000	11.348591549295774	95.0%	0.038	0.6912648106177725	0.04	0.6912648106177725	11.348591549295774	3223	1.9785016629530792	2247.577889114698
chr2	75395001	75415000	chr2	75050001	75415000	365000	20000	12.986301369863014	96.0%	0.089	0.6901939154951324	0.09	0.6901939154951324	12.986301369863014	3792	1.99236913162635	2327.087145739577
chr2	17650001	17675000	chr2	17150001	17675000	525000	25000	10.493333333333334	95.0%	0.064	0.6884932671636528	0.064	0.6884932671636528	10.493333333333334	5509	1.8608512879554893	4884.734630883159
chr12	47290001	47320000	chr12	47045001	47320000	275000	30000	18.06969696969697	95.0%	0.051	0.6866735541693352	0.055	0.6866735541693352	18.06969696969697	5963	2.215685324735019	4387.056942975338
chr11	107885001	107905000	chr11	107730001	107905000	175000	20000	23.485714285714284	98.0%	0.044	0.684669412767759	0.046	0.684669412767759	23.485714285714284	3288	1.6022687061041128	897.2704754183031
chr9	111755001	111775000	chr9	111755001	112010000	255000	20000	16.21078431372549	97.0%	0.044	0.6818251416705279	0.05	0.6818251416705279	16.21078431372549	3307	2.233030845808072	1822.1531701793865
chr4	128855001	128875000	chr4	128375001	128875000	500000	20000	10.9225	95.0%	0.0625	0.6806782832247519	0.0655	0.6806782832247519	10.9225	4369	2.2366299288822025	3578.607886211524
chr2	84615001	84635000	chr2	84315001	84635000	320000	20000	16.10546875	95.0%	0.0725	0.6802905615129373	0.0755	0.6802905615129373	16.10546875	4123	1.7242170022398797	1765.5982102936368
chr6	136530001	136550000	chr6	136245001	136550000	305000	20000	16.692622950819672	95.0%	0.037	0.6796086845059426	0.041	0.6796086845059426	16.692622950819672	4073	1.6945005649075873	1653.8325513498053
chr6	47405001	47430000	chr6	47405001	47780000	375000	25000	12.8	98.0%	0.076	0.6794808110185945	0.081	0.6794808110185945	12.8	4800	1.887652678243387	3539.3487717063504
chr10	49580001	49600000	chr10	49580001	50280000	700000	20000	6.616071428571429	95.0%	0.073	0.6738353302424085	0.077	0.6738353302424085	6.616071428571429	3705	2.199635284573964	4927.1830374456795
chr7	73710001	73730000	chr7	73555001	73730000	175000	20000	21.3	96.0%	0.03	0.6733253112927001	0.033	0.6733253112927001	21.3	2982	1.50059809735538	840.3349345190129
chr1	15115001	15150000	chr1	15115001	15515000	400000	35000	12.285714285714286	95.0%	0.061	0.6704477604626226	0.064	0.6704477604626226	12.285714285714286	6880	1.9023664979078883	7457.276671798922
chr19	6035001	6060000	chr19	6035001	6355000	320000	25000	13.85	97.0%	0.066	0.6696656956592139	0.07150000000000001	0.6696656956592139	13.85	4432	2.2965278603535517	3674.444576565683
chr17	19750001	19770000	chr17	19350001	19770000	420000	20000	11.232142857142858	95.0%	0.0305	0.6686651343138469	0.0325	0.6686651343138469	11.232142857142858	3774	3.053546377377364	4103.966331195177
chr11	44110001	44135000	chr11	44110001	44545000	435000	25000	11.928735632183908	96.0%	0.07	0.6684333162501803	0.073	0.6684333162501803	11.928735632183908	5189	1.9571002905245463	4256.693131890888
chr11	2535001	2560000	chr11	2535001	3060000	525000	25000	13.952380952380953	95.0%	0.076	0.6665110874873569	0.08	0.6665110874873569	13.952380952380953	7325	2.4554272436665023	6445.496514624569
chr2	99045001	99075000	chr2	98560001	99075000	515000	30000	8.938511326860842	95.0%	0.092	0.6621147325409852	0.094	0.6621147325409852	8.93851132686084	5524	1.5342503153532085	5689.000169329697
chr3	49435001	49455000	chr3	48975001	49455000	480000	20000	9.546875	95.0%	0.061	0.6610378450053364	0.0635	0.6610378450053364	9.546875	3666	1.6043868663199603	2464.338226667459
chr12	93960001	93980000	chr12	93745001	93980000	235000	20000	21.04787234042553	96.0%	0.033	0.6552418858286921	0.036	0.6552418858286921	21.04787234042553	3957	2.1081220535241703	1585.3077842501762
chr6	149715001	149735000	chr6	149715001	149930000	215000	20000	20.37209302325581	97.0%	0.03	0.6540696989443057	0.034	0.6540696989443057	20.372093023255815	3504	1.6600035805679236	1142.0824634307314
chr2	10650001	10670000	chr2	10065001	10670000	605000	20000	8.62396694214876	95.0%	0.096	0.6537642070862163	0.104	0.6537642070862163	8.62396694214876	4174	1.7242292631560097	3338.1078534700346
chr1	172430001	172465000	chr1	172430001	172710000	280000	35000	17.224489795918366	95.0%	0.089	0.6510198884464442	0.0915	0.6510198884464442	17.224489795918366	6752	2.0069168670822486	5506.979883273691
chr8	53995001	54015000	chr8	53810001	54015000	205000	20000	20.865853658536587	96.0%	0.058	0.6498541577438508	0.064	0.6498541577438508	20.865853658536587	3422	1.5613511611120094	1024.2463616894781
chr11	27175001	27200000	chr11	27175001	27430000	255000	25000	17.894117647058824	97.0%	0.042	0.6495868724347825	0.044	0.6495868724347825	17.894117647058824	4563	1.6980817606835876	2165.054244871574
chr1	5735001	5755000	chr1	5485001	5755000	270000	20000	15.449074074074074	95.0%	0.048	0.6495523551932245	0.051500000000000004	0.6495523551932245	15.449074074074074	3337	1.7806775851839407	1538.5054335989248
chr7	23265001	23280000	chr7	23265001	23495000	230000	15000	17.746376811594203	98.0%	0.072	0.6469208558602515	0.079	0.6469208558602515	17.746376811594203	2449	1.7018708990711793	704.5745522154682
chr16	66395001	66415000	chr16	66395001	66605000	210000	20000	18.97023809523809	97.0%	0.032	0.6468208773827516	0.035	0.6468208773827516	18.970238095238095	3187	2.2204868311187056	1492.1671505117702
chr17	76495001	76515000	chr17	76295001	76515000	220000	20000	18.329545454545453	95.0%	0.0665	0.6467716429416644	0.07050000000000001	0.6467716429416644	18.329545454545453	3226	1.5484043999657466	1090.0766975758856
chr4	112090001	112110000	chr4	112090001	112325000	235000	20000	19.48936170212766	98.0%	0.055	0.6445598993531796	0.058	0.6445598993531796	19.48936170212766	3664	2.187346779771192	1644.8847783879364
chr15	59165001	59180000	chr15	59165001	59505000	340000	15000	14.132352941176473	97.0%	0.0555	0.6386575518379162	0.0615	0.6386575518379162	14.132352941176471	2883	3.686748859696197	2256.2903021340726
chr3	146050001	146075000	chr3	146050001	146635000	585000	25000	8.871794871794872	96.0%	0.08	0.6375154739089586	0.086	0.6375154739089586	8.871794871794872	5190	1.8111239095418894	5297.537435410027
chr3	47975001	47995000	chr3	47820001	47995000	175000	20000	25.12857142857143	98.0%	0.05	0.6365587629967884	0.052	0.6365587629967884	25.12857142857143	3518	1.6699664148249167	935.1811923019534
chr2	60530001	60550000	chr2	60195001	60550000	355000	20000	20.989436619718308	98.0%	0.063	0.6362636197353931	0.062	0.6362636197353931	20.989436619718308	5961	2.2146771182849063	2515.8732063716534
chr6	130310001	130330000	chr6	130310001	130705000	395000	20000	13.316455696202532	98.0%	0.068	0.6358665109149422	0.075	0.6358665109149422	13.316455696202532	4208	2.6301700026693755	3324.534883374091
chr6	29560001	29590000	chr6	29025001	29590000	565000	30000	9.424778761061946	95.0%	0.057	0.6352029978830072	0.06	0.6352029978830072	9.424778761061948	6390	1.909566952551215	7768.118362978342
chr2	233975001	234000000	chr2	233975001	234545000	570000	25000	10.10701754385965	97.0%	0.066	0.633939118263657	0.0675	0.633939118263657	10.10701754385965	5761	1.9147221359618822	5456.9580874913645
chr14	31340001	31360000	chr14	30845001	31360000	515000	20000	9.648058252427184	97.0%	0.047	0.629695536636849	0.049	0.629695536636849	9.648058252427184	3975	2.8813711360788288	4748.49963225791
chr6	154145001	154170000	chr6	154145001	154675000	530000	25000	9.8811320754717	96.0%	0.0885	0.6282409172503556	0.0945	0.6282409172503556	9.881132075471697	5237	1.752213109576731	4643.364740378337
chr5	119390001	119415000	chr5	118995001	119415000	420000	25000	13.08095238095238	96.0%	0.0385	0.6264369409966711	0.0435	0.6264369409966711	13.08095238095238	5494	2.5054728001001125	5261.492880210236
chr5	142535001	142550000	chr5	141970001	142550000	580000	15000	10.089080459770114	95.0%	0.0505	0.6258396923894045	0.051500000000000004	0.6258396923894045	10.089080459770114	3511	3.073139782258369	3208.357932677737
chr3	32645001	32675000	chr3	32350001	32675000	325000	30000	14.8	96.0%	0.065	0.623672627775175	0.071	0.623672627775175	14.8	5772	1.649316648625957	3859.400957784739
chr15	51965001	51985000	chr15	51965001	52225000	260000	20000	15.58173076923077	95.0%	0.0685	0.621985274394181	0.0735	0.621985274394181	15.58173076923077	3241	2.2996415494568185	1913.301769148073
chr6	8975001	9000000	chr6	8975001	9730000	755000	25000	6.993377483443709	96.0%	0.062	0.6215771093926945	0.063	0.6215771093926945	6.993377483443709	5280	2.1550917155214315	8135.471226093404
chr1	243310001	243330000	chr1	242835001	243330000	495000	20000	9.219696969696969	96.0%	0.066	0.6212726030532857	0.07	0.6212726030532857	9.219696969696969	3651	1.7249448803022194	2732.3126903987154
chr2	157985001	158005000	chr2	157515001	158005000	490000	20000	11.517857142857142	95.0%	0.035	0.6208894995899884	0.038	0.6208894995899884	11.517857142857142	4515	2.015079753253339	3159.6450531012356
chr9	85810001	85835000	chr9	85810001	86295000	485000	25000	7.684536082474227	97.0%	0.094	0.6186074822466225	0.101	0.6186074822466225	7.684536082474227	3727	1.9891219487075196	4823.620725615735
chr3	129805001	129830000	chr3	129535001	129830000	295000	25000	17.29491525423729	95.0%	0.081	0.6185144193214186	0.088	0.6185144193214186	17.29491525423729	5102	2.0526157180103506	3027.608184065267
chr12	115990001	116015000	chr12	115990001	116245000	255000	25000	19.054901960784317	97.0%	0.08	0.6168011745384023	0.083	0.6168011745384023	19.054901960784314	4859	1.760568335744129	2244.7246280737645
chr14	24080001	24105000	chr14	23970001	24105000	135000	25000	29.85185185185185	95.0%	0.038	0.6137980222670357	0.044	0.6137980222670357	29.85185185185185	4030	1.7532016550863436	1183.411117183282
chr9	108265001	108285000	chr9	107410001	108285000	875000	20000	6.471428571428572	95.0%	0.083	0.612642353588502	0.09	0.612642353588502	6.4714285714285715	4530	3.9104136554357787	10949.15823522018
chr7	116800001	116820000	chr7	116175001	116820000	645000	20000	8.720930232558139	97.0%	0.029	0.6118414127639324	0.032	0.6118414127639324	8.720930232558139	4500	2.8732442097376105	5930.376048898428
chr15	68720001	68740000	chr15	68720001	68930000	210000	20000	21.422619047619047	95.0%	0.0375	0.6107593415483897	0.0405	0.6107593415483897	21.422619047619047	3599	2.8772532137323172	1933.514159628117
chr4	39955001	39975000	chr4	39510001	39975000	465000	20000	10.647849462365592	95.0%	0.084	0.607579773363634	0.085	0.607579773363634	10.647849462365592	3961	1.8220121095007042	2711.154018937048
chr5	7245001	7265000	chr5	7245001	7825000	580000	20000	6.685344827586207	97.0%	0.0985	0.6070194837439725	0.10300000000000001	0.6070194837439725	6.685344827586207	3102	1.7981187575169906	3337.3084139515345
chr2	105220001	105245000	chr2	105075001	105245000	170000	25000	25.58235294117647	96.0%	0.034	0.6034611451890356	0.038	0.6034611451890356	25.58235294117647	4349	1.57165006813426	1335.902557914121
chr8	143225001	143245000	chr8	143035001	143245000	210000	20000	18.821428571428573	97.0%	0.062	0.6024627691478595	0.066	0.6024627691478595	18.821428571428573	3162	1.1748721587958368	789.5140907108023
chr1	17120001	17140000	chr1	17120001	17280000	160000	20000	26.765625	97.0%	0.028	0.5970204191323395	0.032	0.5970204191323395	26.765625	3426	2.283022821253062	1168.9076844815677
chr1	153495001	153515000	chr1	153495001	153815000	320000	20000	13.75390625	97.0%	0.03	0.5968787825460858	0.0315	0.5968787825460858	13.75390625	3521	1.6113975040165327	1650.0710441129295
chr4	153770001	153790000	chr4	153770001	154420000	650000	20000	8.632692307692308	95.0%	0.0905	0.5951376320435313	0.0985	0.5951376320435313	8.632692307692308	4489	2.628900192014012	5468.112399389145
chr20	34565001	34600000	chr20	34565001	34780000	215000	35000	21.827242524916944	95.0%	0.068	0.5948380429778454	0.069	0.5948380429778454	21.827242524916944	6570	2.0419388706203074	4302.365200396987
chr12	53760001	53780000	chr12	53760001	54075000	315000	20000	15.567460317460318	95.0%	0.068	0.5923269617591214	0.069	0.5923269617591214	15.567460317460318	3923	2.169653519563614	2187.010747720123
chr18	41745001	41765000	chr18	41745001	41915000	170000	20000	24.948529411764707	96.0%	0.0385	0.5906617603341003	0.042	0.5906617603341003	24.948529411764707	3393	2.124868476118765	1155.9284510086081
chr2	196440001	196465000	chr2	196070001	196465000	395000	25000	12.630379746835445	95.0%	0.054	0.5882573613618359	0.056	0.5882573613618359	12.630379746835443	4989	1.7075729861574687	3372.4566476610007
chr8	129815001	129835000	chr8	129815001	130115000	300000	20000	15.941666666666666	95.0%	0.053	0.5878123185329277	0.056999999999999995	0.5878123185329277	15.941666666666666	3826	1.778025509838779	1706.9044894452277
chr3	19875001	19895000	chr3	19875001	20275000	400000	20000	11.378125	96.0%	0.0315	0.586284313966211	0.0345	0.586284313966211	11.378125	3641	1.6570603185670216	2121.0372077657876
chr1	117030001	117045000	chr1	116755001	117045000	290000	15000	16.46551724137931	97.0%	0.053	0.5845141913922811	0.056999999999999995	0.5845141913922811	16.46551724137931	2865	1.9747103600807463	1030.7988079621496
chr2	237555001	237580000	chr2	237315001	237580000	265000	25000	16.958490566037735	96.0%	0.049	0.583689115964796	0.052	0.583689115964796	16.958490566037735	4494	1.2789333876390432	1694.5867386217324
chr8	12855001	12880000	chr8	12855001	13035000	180000	25000	25.20555555555556	97.0%	0.035	0.5816995888265672	0.038	0.5816995888265672	25.205555555555556	4537	1.8938732618734795	1704.4859356861316
chr12	80410001	80440000	chr12	80410001	80765000	355000	30000	13.45774647887324	95.0%	0.095	0.5816944980457542	0.103	0.5816944980457542	13.45774647887324	5733	1.7135870294666151	4379.928447316668
chr12	130035001	130070000	chr12	130035001	130315000	280000	35000	15.729591836734697	95.0%	0.088	0.5801859518251353	0.092	0.5801859518251353	15.729591836734693	6166	1.5534558480942624	4262.682847170656
chr7	71700001	71725000	chr7	71505001	71725000	220000	25000	17.740909090909092	95.0%	0.0824999999999999	0.5783307902010258	0.0875	0.5783307902010258	17.740909090909092	3903	1.2533881694360327	1378.726986379636
chr4	83490001	83515000	chr4	83490001	83775000	285000	25000	16.347368421052632	95.0%	0.052	0.5780460242987939	0.056	0.5780460242987939	16.347368421052632	4659	1.5798440301886625	2251.277743018844
chr3	69395001	69425000	chr3	68945001	69425000	480000	30000	11.328125	95.0%	0.0419999999999999	0.575355042277324	0.044	0.575355042277324	11.328125	6525	1.8032792629552026	6232.1331327731805
chr1	64810001	64830000	chr1	64665001	64830000	165000	20000	24.24242424242424	95.0%	0.036	0.5752896465365932	0.037	0.5752896465365932	24.242424242424242	3200	1.6264950824275954	858.7894035217704
chr6	150075001	150105000	chr6	150075001	150340000	265000	30000	18.644654088050316	95.0%	0.074	0.573845385193225	0.078	0.573845385193225	18.644654088050313	5929	1.8555503483086984	3540.3900645729964
chr1	11620001	11640000	chr1	11230001	11640000	410000	20000	11.509146341463415	95.0%	0.054	0.5735200400725545	0.0555	0.5735200400725545	11.509146341463415	3775	1.9979143044846464	2621.263567483856
chr2	216645001	216670000	chr2	216030001	216670000	640000	25000	8.6859375	95.0%	0.0745	0.572507671766875	0.0765	0.572507671766875	8.6859375	5559	1.399607948029676	4478.745433694963
chr7	129805001	129825000	chr7	129645001	129825000	180000	20000	23.27083333333333	95.0%	0.062	0.5716302916680458	0.0665	0.5716302916680458	23.270833333333332	3351	1.4429405403020763	831.133751213996
chr12	96975001	96995000	chr12	96975001	98010000	1035000	20000	5.98792270531401	95.0%	0.075	0.5713846712489182	0.08	0.5713846712489182	5.98792270531401	4958	3.59854639351662	11918.385655327045
chr15	84000001	84030000	chr15	83685001	84030000	345000	30000	14.178743961352655	96.0%	0.086	0.5647846268943992	0.093	0.5647846268943992	14.178743961352657	5870	2.277790199043153	5658.030854423192
chr14	69820001	69835000	chr14	69820001	70325000	505000	15000	10.135313531353136	96.0%	0.056	0.5646755179671862	0.056	0.5646755179671862	10.135313531353136	3071	2.7546572045935642	2503.98339897555
chr12	7980001	8000000	chr12	7850001	8000000	150000	20000	24.416666666666668	95.0%	0.081	0.5641113875169739	0.0865	0.5641113875169739	24.416666666666668	2930	1.533546742128209	736.1024362215403
chr4	175885001	175905000	chr4	175575001	175905000	330000	20000	14.193181818181818	95.0%	0.0735	0.5627103182314454	0.077	0.5627103182314454	14.193181818181818	3747	1.757408397287092	1855.8232675351692
chr2	162285001	162305000	chr2	161850001	162305000	455000	20000	11.535714285714286	95.0%	0.049	0.5623138487935088	0.052	0.5623138487935088	11.535714285714286	4199	1.7309636597524656	2520.28308859959
chr8	122455001	122475000	chr8	122455001	122645000	190000	20000	22.532894736842103	96.0%	0.05	0.5623001369381668	0.055	0.5623001369381668	22.532894736842106	3425	1.8924868460969502	1150.6320024269457
chr14	55410001	55430000	chr14	55120001	55430000	310000	20000	14.97983870967742	97.0%	0.055	0.561918300982782	0.058499999999999996	0.561918300982782	14.97983870967742	3715	2.190771216821427	2173.2450470868553
chr1	151435001	151460000	chr1	151435001	151745000	310000	25000	14.558064516129033	97.0%	0.043	0.56148572065408	0.0445	0.56148572065408	14.558064516129033	4513	2.2807768008848694	3535.2040413715476
chr17	64725001	64740000	chr17	64495001	64740000	245000	15000	17.523809523809522	95.0%	0.088	0.5601600554847173	0.092	0.5601600554847173	17.523809523809526	2576	1.8008616185739121	794.1799737910952
chr17	58435001	58455000	chr17	58175001	58455000	280000	20000	17.71875	97.0%	0.0325	0.5589962253776766	0.035500000000000004	0.5589962253776766	17.71875	3969	2.79975777584028	2508.582967152891
chr1	5620001	5645000	chr1	5620001	5925000	305000	25000	14.459016393442624	95.0%	0.091	0.5589676323681468	0.092	0.5589676323681468	14.459016393442623	4410	1.4642677153331873	2233.0082658831107
chr11	113275001	113295000	chr11	112780001	113295000	515000	20000	9.067961165048544	95.0%	0.047	0.557588634595297	0.046	0.557588634595297	9.067961165048544	3736	1.7281778544715862	2848.037104169174
chr7	50450001	50480000	chr7	50450001	50685000	235000	30000	18.44326241134752	98.0%	0.066	0.5562550463830385	0.074	0.5562550463830385	18.44326241134752	5201	1.8851861655326316	3189.7349920812126
chr7	76170001	76190000	chr7	76170001	76345000	175000	20000	23.87142857142857	97.0%	0.016	0.550171102597155	0.017	0.550171102597155	23.87142857142857	3342	1.7015276332389646	952.8554746138202
chr5	32055001	32080000	chr5	31580001	32080000	500000	25000	10.448	95.0%	0.0385	0.549396184908319	0.04	0.549396184908319	10.448	5224	2.1802661702451704	5450.665425612926
chr8	29345001	29360000	chr8	29345001	29825000	480000	15000	10.458333333333334	95.0%	0.053	0.5455692235644406	0.0565	0.5455692235644406	10.458333333333334	3012	2.344689839999425	2025.8120217595033
chr17	79965001	79995000	chr17	79720001	79995000	275000	30000	15.590909090909092	95.0%	0.09	0.5442449208689093	0.093	0.5442449208689093	15.590909090909092	5145	1.6927224861758148	3351.5905226281134
chr2	62435001	62460000	chr2	62435001	63285000	850000	25000	9.883529411764703	96.0%	0.0725	0.5418043148139338	0.0745	0.5418043148139338	9.883529411764705	8401	2.7034260811279	11489.560844793574
chr6	70675001	70695000	chr6	70205001	70695000	490000	20000	10.073979591836734	96.0%	0.035	0.5396461132536615	0.0375	0.5396461132536615	10.073979591836734	3949	2.0078967858033274	3148.382160139617
chr4	109405001	109430000	chr4	109405001	109980000	575000	25000	9.26608695652174	97.0%	0.096	0.5373654307945167	0.1	0.5373654307945167	9.26608695652174	5328	2.6385834963352393	7585.927551963813
chr2	237390001	237415000	chr2	237195001	237415000	220000	25000	21.772727272727277	95.0%	0.0819999999999999	0.5359946242516521	0.088	0.5359946242516521	21.772727272727273	4790	1.3118981014175741	1443.0879115593316
chr3	87985001	88010000	chr3	87235001	88010000	775000	25000	7.03225806451613	95.0%	0.07	0.5357357568009591	0.071	0.5357357568009591	7.032258064516129	5450	2.9286501309529327	11348.519257442615
chr10	123945001	123965000	chr10	123600001	123965000	365000	20000	12.811643835616438	96.0%	0.082	0.5340544201553682	0.087	0.5340544201553682	12.811643835616438	3741	1.946148020877162	2273.100888384525
chr1	222445001	222475000	chr1	222445001	222800000	355000	30000	9.539906103286386	97.0%	0.088	0.5336602776251131	0.095	0.5336602776251131	9.539906103286384	4064	1.069936810456812	2734.7584875276116
chr3	149105001	149125000	chr3	149105001	149505000	400000	20000	12.1375	95.0%	0.096	0.5298068085784738	0.0955	0.5298068085784738	12.1375	3884	1.9922111997970593	2550.030335740236
chr2	21290001	21325000	chr2	21035001	21325000	290000	35000	16.458128078817733	95.0%	0.082	0.5293267640403516	0.086	0.5293267640403516	16.458128078817733	6682	1.4815808010853326	4210.6526366845155
chr7	126960001	126980000	chr7	126960001	127220000	260000	20000	25.004807692307693	96.0%	0.052	0.529292406745142	0.0555	0.529292406745142	25.004807692307693	5201	1.8715418918671078	1557.1228540334337
chr7	21495001	21515000	chr7	20920001	21515000	595000	20000	9.262605042016808	95.0%	0.061	0.5284947639633121	0.062	0.5284947639633121	9.262605042016807	4409	2.528197158698654	4813.687390162237
chr1	54480001	54500000	chr1	54065001	54500000	435000	20000	10.485632183908049	98.0%	0.038	0.526507960129796	0.039	0.526507960129796	10.485632183908047	3649	2.196303135662607	3057.253964842349
chr4	53480001	53500000	chr4	53480001	53840000	360000	20000	13.79861111111111	95.0%	0.059	0.5254292440651575	0.0655	0.5254292440651575	13.79861111111111	3974	1.5709471952503478	1809.7311689284006
chr1	221420001	221440000	chr1	220865001	221440000	575000	20000	8.721739130434782	95.0%	0.078	0.523837062152599	0.082	0.523837062152599	8.721739130434782	4012	2.4076392973190863	4430.056307067119
chr20	48600001	48620000	chr20	48295001	48620000	325000	20000	12.576923076923077	95.0%	0.073	0.5229081474489077	0.075	0.5229081474489077	12.576923076923077	3270	1.5230144431023716	1583.9350208264664
chr7	36975001	37000000	chr7	36975001	37190000	215000	25000	22.6093023255814	97.0%	0.035	0.5226306053387927	0.037	0.5226306053387927	22.609302325581396	4861	2.3065346617547555	2479.524761386362
chr16	53040001	53065000	chr16	53040001	53290000	250000	25000	16.232	96.0%	0.046	0.522153257373893	0.0495	0.522153257373893	16.232	4058	1.9863288853801655	2482.911106725207
chr9	68345001	68360000	chr9	68345001	68575000	230000	15000	9.108695652173912	98.0%	0.068	0.5215503767765519	0.07300000000000001	0.5215503767765519	9.108695652173912	1257	1.79306853797372	742.33037472112
chr2	106630001	106650000	chr2	106630001	107675000	1045000	20000	5.393540669856459	97.0%	0.068	0.5213058905093018	0.07	0.5213058905093018	5.393540669856459	4509	2.392508452374103	8000.548264739001
chr5	77005001	77025000	chr5	76615001	77025000	410000	20000	11.704268292682928	95.0%	0.0495	0.5212869088284953	0.052	0.5212869088284953	11.704268292682928	3839	1.6826763461427388	2207.6713661392732
chr1	223130001	223155000	chr1	223130001	223355000	225000	25000	19.564444444444444	96.0%	0.056	0.5192507747722299	0.06	0.5192507747722299	19.564444444444444	4402	1.6743429743276603	1883.6358461186178
chr5	180865001	180885000	chr5	180865001	181165000	300000	20000	15.054166666666667	96.0%	0.055	0.5179519571736637	0.057499999999999996	0.5179519571736637	15.054166666666667	3613	1.6839367468305109	1616.5792769572904
chr14	75280001	75305000	chr14	74870001	75305000	435000	25000	11.427586206896551	95.0%	0.053	0.5174086485718374	0.055	0.5174086485718374	11.427586206896551	4971	2.1684741886332963	4716.431360277419
chr14	49860001	49880000	chr14	49860001	50115000	255000	20000	17.058823529411764	97.0%	0.082	0.5149069140937363	0.089	0.5149069140937363	17.058823529411764	3480	3.2296513696187827	2635.3955176089266
chr2	168105001	168125000	chr2	167220001	168125000	905000	20000	6.273480662983426	95.0%	0.058	0.5138035358120677	0.06	0.5138035358120677	6.273480662983426	4542	2.337613586035493	6769.7289451587885
chr5	111155001	111175000	chr5	111155001	111550000	395000	20000	12.689873417721518	96.0%	0.074	0.5133975109478444	0.08	0.5133975109478444	12.689873417721518	4010	1.7896983783091296	2262.17875018274
chr4	153345001	153360000	chr4	153345001	153650000	305000	15000	17.120218579234972	97.0%	0.03	0.5129398182494372	0.034	0.5129398182494372	17.120218579234972	3133	2.4248596990306606	1331.2479747678326
chr5	172970001	172995000	chr5	172970001	173240000	270000	25000	16.585185185185185	95.0%	0.064	0.5117943013045682	0.069	0.5117943013045682	16.585185185185185	4478	1.5470912578855966	2088.5731981455556
chr7	116160001	116180000	chr7	116160001	116665000	505000	20000	11.311881188118813	96.0%	0.094	0.5115428159844885	0.1	0.5115428159844885	11.311881188118813	4570	2.773086978492041	4481.308557243138
chr9	77730001	77750000	chr9	77420001	77750000	330000	20000	15.424242424242424	95.0%	0.055	0.5099431886281928	0.057999999999999996	0.5099431886281928	15.424242424242424	4072	2.618677329208616	2765.3232596442986
chr7	112400001	112420000	chr7	111760001	112420000	660000	20000	8.854166666666666	97.0%	0.088	0.5097341559195927	0.093	0.5097341559195927	8.854166666666666	4675	3.1649583500284244	6684.392035260033
chr2	102010001	102030000	chr2	102010001	102250000	240000	20000	19.234375	97.0%	0.0905	0.5086554542706622	0.0945	0.5086554542706622	19.234375	3693	1.7770656759615377	1364.786439138461
chr19	760001	780000	chr19	760001	925000	165000	20000	20.62878787878788	95.0%	0.054	0.5063427180048883	0.059	0.5063427180048883	20.62878787878788	2723	1.340239667690593	707.646544540633
chr1	223685001	223705000	chr1	223685001	224170000	485000	20000	8.68041237113402	95.0%	0.074	0.506075905689136	0.081	0.506075905689136	8.68041237113402	3368	1.7569390347186329	2726.769381883318
chr6	166765001	166785000	chr6	166765001	167155000	390000	20000	11.967948717948715	97.0%	0.0885	0.5058072145653454	0.092	0.5058072145653454	11.967948717948717	3734	2.2295632331318487	2782.4949149485474
chr2	48570001	48595000	chr2	48415001	48595000	180000	25000	34.65	97.0%	0.036	0.5053259209069808	0.0405	0.5053259209069808	34.65	6237	1.574859086843774	1417.3731781593965
chr13	29685001	29715000	chr13	29480001	29715000	235000	30000	18.93617021276596	96.0%	0.036	0.5035823679059983	0.038	0.5035823679059983	18.93617021276596	5340	1.9267236533178689	3260.016421413834
chr12	108935001	108960000	chr12	108615001	108960000	345000	25000	13.504347826086956	97.0%	0.061	0.5019068204567066	0.064	0.5019068204567066	13.504347826086956	4659	1.3468004166955918	2323.230718799896
chr10	70540001	70560000	chr10	70540001	70825000	285000	20000	14.666666666666666	95.0%	0.054	0.4976373929777222	0.057	0.4976373929777222	14.666666666666666	3344	1.8335721963766538	1672.2178430955082
chr1	153490001	153505000	chr1	153335001	153505000	170000	15000	25.598039215686278	97.0%	0.054	0.4975408060981181	0.059	0.4975408060981181	25.598039215686274	2611	2.3455943807798993	717.7518805186492
chr2	62795001	62810000	chr2	62795001	63435000	640000	15000	11.799479166666666	96.0%	0.0335	0.4948424776619123	0.036500000000000005	0.4948424776619123	11.799479166666666	4531	2.4773196096411128	2853.872190306562
chr1	41255001	41275000	chr1	41255001	41580000	325000	20000	15.11923076923077	95.0%	0.036	0.4941000791796866	0.037	0.4941000791796866	15.11923076923077	3931	1.950585059583379	2028.608461966714
chr9	755001	775000	chr9	340001	775000	435000	20000	11.994252873563218	96.0%	0.034	0.4940320125575859	0.036	0.49403201255758594	11.994252873563218	4174	3.4959260307218885	4866.329034764869
chr11	118930001	118965000	chr11	118580001	118965000	385000	35000	12.63821892393321	97.0%	0.067	0.4937692391745178	0.069	0.49376923917451787	12.63821892393321	6812	1.9431395070260087	7331.465360009131
chr7	25085001	25105000	chr7	24655001	25105000	450000	20000	10.741666666666667	95.0%	0.0475	0.4923658051064812	0.0495	0.49236580510648126	10.741666666666667	3867	2.4495124603603755	3527.297942918941
chr1	87940001	87960000	chr1	87265001	87960000	695000	20000	8.910071942446043	96.0%	0.06	0.4915573983079782	0.066	0.4915573983079782	8.910071942446043	4954	3.681389810076314	8187.410937609722
chr11	59810001	59840000	chr11	59810001	60255000	445000	30000	11.786516853932584	95.0%	0.067	0.4914200279907668	0.074	0.4914200279907668	11.786516853932584	6294	2.024864065993354	6487.664467442706
chr6	89230001	89255000	chr6	88970001	89255000	285000	25000	15.259649122807016	96.0%	0.075	0.488760906707076	0.078	0.48876090670707606	15.259649122807017	4349	1.7008515866481544	2423.71351097362
chr8	41600001	41625000	chr8	41380001	41625000	245000	25000	18.293877551020408	96.0%	0.095	0.4885201707373558	0.1	0.4885201707373558	18.293877551020408	4482	1.2387125134756063	1517.4228290076178
chr12	122725001	122755000	chr12	122325001	122755000	430000	30000	11.207364341085272	95.0%	0.0535	0.4879394880313466	0.057999999999999996	0.4879394880313466	11.207364341085272	5783	1.4956929922972388	4630.665504152252
chr17	32770001	32790000	chr17	32770001	32940000	170000	20000	24.235294117647054	98.0%	0.026	0.4847951620740043	0.03	0.4847951620740043	24.235294117647058	3296	2.5336935972089965	1378.329316881694
chr9	112810001	112830000	chr9	112430001	112830000	400000	20000	11.4375	95.0%	0.094	0.4844311940269046	0.0985	0.48443119402690465	11.4375	3660	1.976037847075832	2529.328444257065
chr6	27175001	27195000	chr6	27175001	27800000	625000	20000	8.672	97.0%	0.053	0.4844157933519231	0.056	0.4844157933519231	8.672	4336	2.6396243780134827	5279.248756026966
chrX	155530001	155550000	chrX	155530001	155695000	165000	20000	12.636363636363637	95.0%	0.095	0.482679707127933	0.097	0.48267970712793307	12.636363636363637	1668	1.5397110772738531	812.9674488005944
chr2	232420001	232445000	chr2	232320001	232445000	125000	25000	28.128	98.0%	0.032	0.4762640328533714	0.036	0.4762640328533714	28.128	3516	1.1496305890977887	718.5191181861179
chr5	126660001	126685000	chr5	126660001	126820000	160000	25000	25.2625	99.0%	0.027	0.4754456342742066	0.028999999999999998	0.47544563427420666	25.2625	4042	1.6376892314561429	1310.1513851649142
chr18	50805001	50825000	chr18	50805001	51055000	250000	20000	17.245	97.0%	0.0355	0.471946698598747	0.0385	0.47194669859874705	17.245	3449	2.0176815203242495	1614.1452162593996
chr1	2640001	2660000	chr1	2640001	2915000	275000	20000	23.659574468085108	97.0%	0.067	0.4710974741784793	0.07	0.4710974741784793	20.21818181818182	4448	1.2963937175001123	1140.8264714000989
chr2	98400001	98425000	chr2	98400001	98615000	215000	25000	20.6	96.0%	0.055	0.4694913873061554	0.058	0.46949138730615547	20.6	4429	1.407297200345318	1512.8444903712168
chr8	48310001	48330000	chr8	48310001	48935000	625000	20000	8.038	95.0%	0.078	0.4690717754866237	0.083	0.4690717754866237	8.038	4019	2.657768639343346	5315.537278686692
chr3	50525001	50545000	chr3	50340001	50545000	205000	20000	19.75	96.0%	0.075	0.468224566787973	0.081	0.468224566787973	19.75	3239	1.2473177442349674	818.2404402181387
chr11	57795001	57820000	chr11	57580001	57820000	240000	25000	19.0	95.0%	0.0595	0.4682157245875958	0.0645	0.4682157245875958	19.0	4560	1.4110103114103345	1693.2123736924013
chr8	36845001	36870000	chr8	36845001	37485000	640000	25000	7.7328125	96.0%	0.087	0.4677315903905456	0.0905	0.4677315903905456	7.7328125	4949	1.774566394924535	5678.612463758512
chr4	184740001	184770000	chr4	184740001	185005000	265000	30000	18.364779874213838	96.0%	0.071	0.4668292579386353	0.076	0.4668292579386353	18.364779874213838	5840	1.602737107797777	3058.0224016781585
chr6	32570001	32590000	chr6	32570001	32795000	225000	20000	15.838888888888889	96.0%	0.027	0.4665242350992576	0.031	0.4665242350992576	15.838888888888889	2851	1.4328500948821954	1031.6520683151807
chr4	142825001	142855000	chr4	142165001	142855000	690000	30000	7.760869565217392	96.0%	0.095	0.4662064543639224	0.099	0.46620645436392244	7.760869565217392	6426	2.30720528934034	11462.195877442808
chr7	21265001	21290000	chr7	21265001	21460000	195000	25000	23.702564102564104	96.0%	0.049	0.4619789832619942	0.054	0.46197898326199427	23.702564102564104	4622	1.7684798084874955	1724.267813275308
chr4	128180001	128200000	chr4	128180001	128870000	690000	20000	7.144927536231884	95.0%	0.095	0.4619523406943816	0.1015	0.4619523406943816	7.144927536231884	3944	1.7818619599174703	3934.3512074977743
chr19	2945001	2965000	chr19	2945001	3170000	225000	20000	14.988888888888887	95.0%	0.057	0.4615092795882138	0.06	0.46150927958821386	14.988888888888889	2698	1.8751679393161484	1350.1209163076269
chr11	61615001	61640000	chr11	61445001	61640000	195000	25000	21.466666666666665	95.0%	0.043	0.4599476430820254	0.047	0.4599476430820254	21.466666666666665	4186	1.7315232802635936	1688.2351982570037
chr3	14085001	14115000	chr3	13915001	14115000	200000	30000	23.92083333333333	96.0%	0.0905	0.4591287967350622	0.095	0.45912879673506224	23.920833333333334	5741	1.7518236713084006	2522.6260866840967
chr12	116695001	116710000	chr12	115935001	116710000	775000	15000	6.412903225806452	95.0%	0.08	0.4585860631404105	0.086	0.4585860631404105	6.412903225806452	2982	2.704706380255285	3773.0654004561225
chr2	48590001	48610000	chr2	48590001	48965000	375000	20000	17.483333333333334	96.0%	0.067	0.4576477870754583	0.07	0.4576477870754583	17.483333333333334	5245	2.115162822801442	2538.1953873617304
chr3	119270001	119290000	chr3	119270001	119685000	415000	20000	11.94277108433735	96.0%	0.059	0.4571246241331698	0.063	0.45712462413316984	11.94277108433735	3965	1.7732544299067798	2354.8818829162037
chr4	47690001	47710000	chr4	47690001	47940000	250000	20000	19.26	96.0%	0.049	0.4566156541769976	0.053500000000000006	0.4566156541769976	19.26	3852	2.2971576451156106	1837.7261160924884
chr2	99480001	99500000	chr2	99075001	99500000	425000	20000	10.994117647058824	95.0%	0.068	0.4560692863149688	0.07	0.4560692863149688	10.994117647058824	3738	1.602723630819133	2179.704137914021
chr11	100915001	100935000	chr11	100560001	100935000	375000	20000	13.393333333333333	95.0%	0.046	0.4551595195829176	0.047	0.45515951958291767	13.393333333333333	4018	2.8263491627998794	3391.618995359855
chr2	152180001	152200000	chr2	152180001	152580000	400000	20000	12.096875	96.0%	0.0579999999999999	0.4547552559854581	0.0605	0.45475525598545813	12.096875	3871	1.7900332425828869	2291.242550506095
chr8	37700001	37735000	chr8	36990001	37735000	745000	35000	7.906040268456375	95.0%	0.03	0.4539322285780985	0.031	0.45393222857809856	7.906040268456376	8246	2.7493110355972976	20072.71987089587
chr16	57080001	57100000	chr16	57080001	57305000	225000	20000	19.02777777777778	95.0%	0.03	0.4536045938505653	0.033	0.45360459385056534	19.02777777777778	3425	1.8111410705326483	1304.0215707835068
chr7	5985001	6005000	chr7	5985001	6355000	370000	20000	10.986486486486486	97.0%	0.0385	0.4521116681208339	0.04	0.4521116681208339	10.986486486486486	3252	1.7876751496509355	2116.6073771867077
chr3	126380001	126400000	chr3	125920001	126400000	480000	20000	9.307291666666666	95.0%	0.055	0.4514603064973513	0.0575	0.45146030649735136	9.307291666666666	3574	1.5900762027801036	2442.357047470239
chr7	75415001	75440000	chr7	75415001	75760000	345000	25000	6.0144927536231885	95.0%	0.058	0.4498930692326103	0.061	0.4498930692326103	6.0144927536231885	2075	0.790723159119355	1363.9974494808873
chr10	94430001	94450000	chr10	94245001	94450000	205000	20000	20.5	95.0%	0.055	0.4479856384857051	0.059	0.4479856384857051	20.5	3362	1.7855780029339345	1171.339169924661
chr2	112585001	112620000	chr2	112585001	112965000	380000	35000	13.731203007518795	95.0%	0.0849999999999999	0.4475853707598479	0.088	0.4475853707598479	13.731203007518797	7305	1.5467741821705632	5760.187054403177
chr1	87070001	87090000	chr1	86380001	87090000	710000	20000	8.105633802816902	95.0%	0.0575	0.4474470871288475	0.058499999999999996	0.44744708712884756	8.105633802816902	4604	3.1238184921095002	7097.315614072784
chr8	119495001	119515000	chr8	119495001	119825000	330000	20000	15.344696969696969	96.0%	0.0385	0.4458309046059935	0.039	0.4458309046059935	15.344696969696969	4051	2.242626225067987	2368.2132936717944
chr1	44205001	44230000	chr1	44205001	44655000	450000	25000	11.126666666666669	95.0%	0.0385	0.4438558710703125	0.041	0.44385587107031255	11.126666666666667	5007	2.342718700832254	5271.1170768725715
chr7	139635001	139655000	chr7	139635001	140010000	375000	20000	14.266666666666667	96.0%	0.047	0.4437665377609702	0.047	0.4437665377609702	14.266666666666667	4280	2.7399149839751558	3287.897980770187
chr2	237150001	237170000	chr2	237150001	237530000	380000	20000	14.328947368421051	96.0%	0.0445	0.4429688051565369	0.0475	0.4429688051565369	14.328947368421053	4356	2.597205916199422	3158.202394098497
chr6	119340001	119365000	chr6	119340001	119990000	650000	25000	8.195384615384615	97.0%	0.093	0.4413898523984294	0.098	0.4413898523984294	8.195384615384615	5327	2.351122900799491	7641.149427598346
chr1	67475001	67495000	chr1	67250001	67495000	245000	20000	19.81122448979592	96.0%	0.07	0.440078561743713	0.075	0.44007856174371307	19.81122448979592	3883	2.113250347328796	1656.7882723057758
chr2	107920001	107945000	chr2	107920001	108595000	675000	25000	7.084444444444445	95.0%	0.088	0.4382059097208893	0.093	0.43820590972088935	7.084444444444444	4782	1.2505817291709773	4220.7133359520485
chr11	113715001	113735000	chr11	113470001	113735000	265000	20000	17.42452830188679	98.0%	0.057	0.4381627304238034	0.06	0.4381627304238034	17.42452830188679	3694	1.7318694972486917	1468.6253336668906
chr4	169010001	169030000	chr4	169010001	169490000	480000	20000	11.96875	97.0%	0.038	0.435463252065604	0.039	0.43546325206560405	11.96875	4596	2.832097093976863	4350.101136348461
chr4	40970001	40995000	chr4	40970001	41210000	240000	25000	19.3	97.0%	0.061	0.432788217431768	0.065	0.432788217431768	19.3	4632	2.0437816123080834	2452.5379347697
chr17	74365001	74400000	chr17	74365001	74650000	285000	35000	16.859649122807017	96.0%	0.05	0.4321786577007838	0.054	0.4321786577007838	16.859649122807017	6727	1.9953228542828976	5572.936732012133
chr11	33840001	33865000	chr11	33840001	34180000	340000	25000	14.585294117647058	95.0%	0.0905	0.4303526966539825	0.0965	0.4303526966539825	14.58529411764706	4959	1.715813559247833	2916.883050721316
chr2	227090001	227120000	chr2	226795001	227120000	325000	30000	13.933333333333332	95.0%	0.076	0.4295805600130615	0.077	0.42958056001306155	13.933333333333334	5434	1.261243573813142	2951.3099627227525
chr4	119300001	119325000	chr4	119300001	119860000	560000	25000	8.50357142857143	96.0%	0.06	0.4293070196658726	0.0605	0.4293070196658726	8.503571428571428	4762	1.3008290172524033	3642.321248306729
chr11	1040001	1065000	chr11	840001	1065000	225000	25000	23.657777777777778	97.0%	0.083	0.4287730979570857	0.09	0.42877309795708574	23.657777777777778	5323	1.72241687065332	1937.718979484985
chr16	24485001	24510000	chr16	24220001	24510000	290000	25000	13.910344827586206	95.0%	0.0765	0.4272350789614449	0.07999999999999999	0.42723507896144497	13.910344827586206	4034	1.7468592000967993	2532.945840140359
chr3	56235001	56255000	chr3	55700001	56255000	555000	20000	9.385135135135137	97.0%	0.069	0.4251209171464293	0.072	0.42512091714642936	9.385135135135135	4167	2.20626136737378	3918.320188455833
chr7	90140001	90160000	chr7	90140001	90385000	245000	20000	13.346938775510203	96.0%	0.055	0.4224073503373047	0.057	0.4224073503373047	13.346938775510203	2616	1.6543510496964633	1297.0112229620272
chr7	24650001	24675000	chr7	24265001	24675000	410000	25000	10.992682926829268	95.0%	0.092	0.4223576975017116	0.0985	0.42235769750171165	10.992682926829268	4507	1.7734590322753456	3635.5910161644583
chr18	58520001	58540000	chr18	58520001	58755000	235000	20000	18.420212765957448	95.0%	0.036	0.4219763224674072	0.037	0.4219763224674072	18.420212765957448	3463	2.1206745020719064	1594.7472255580738
chr11	66665001	66690000	chr11	66385001	66690000	305000	25000	14.488524590163934	96.0%	0.095	0.4213540194361176	0.096	0.42135401943611767	14.488524590163934	4419	1.4297379534777268	2180.3503790535333
chr15	79020001	79040000	chr15	79020001	79220000	200000	20000	20.71875	96.0%	0.0895	0.4208997247476594	0.0925	0.42089972474765946	20.71875	3315	2.4658676800737185	1578.1553152471797
chr3	151135001	151155000	chr3	150730001	151155000	425000	20000	11.723529411764703	97.0%	0.079	0.4200435601352607	0.085	0.4200435601352607	11.723529411764705	3986	1.936879347773754	2634.1559129723055
chr21	29150001	29170000	chr21	29150001	29375000	225000	20000	18.794444444444444	97.0%	0.054	0.419772183683209	0.057	0.419772183683209	18.794444444444444	3383	3.682916426446696	2651.699827041621
chr6	30720001	30745000	chr6	30460001	30745000	285000	25000	14.32280701754386	96.0%	0.034	0.4195632216502852	0.037	0.41956322165028526	14.322807017543859	4082	1.2192089839417815	1737.3728021170386
chr11	76670001	76695000	chr11	76315001	76695000	380000	25000	12.3	97.0%	0.053	0.4190696490707678	0.0565	0.4190696490707678	12.3	4674	1.4437108444054616	2743.050604370377
chr7	28005001	28025000	chr7	27580001	28025000	445000	20000	11.595505617977528	96.0%	0.037	0.4188876765924638	0.04	0.41888767659246384	11.595505617977528	4128	1.9866224915232111	2828.9504279290527
chr8	133425001	133450000	chr8	133210001	133450000	240000	25000	20.04583333333333	97.0%	0.036	0.4188067834059021	0.038	0.4188067834059021	20.045833333333334	4811	2.095708283614635	2514.849940337562
chr11	44275001	44295000	chr11	44275001	44550000	275000	20000	15.481818181818182	95.0%	0.082	0.4184717261013679	0.085	0.41847172610136796	15.481818181818182	3406	1.8122138553432414	1594.7481927020524
chr5	31570001	31590000	chr5	31570001	32005000	435000	20000	10.422413793103448	95.0%	0.091	0.4148458780809291	0.091	0.4148458780809291	10.422413793103448	3627	1.697964129384731	2363.5660681035456
chr1	43225001	43250000	chr1	43225001	43415000	190000	25000	22.5	97.0%	0.071	0.4138889091278915	0.076	0.4138889091278915	22.5	4275	1.9863370947314662	1887.020239994893
chr12	112370001	112390000	chr12	112015001	112390000	375000	20000	12.653333333333334	96.0%	0.07	0.4127216981922638	0.073	0.4127216981922638	12.653333333333334	3796	1.9324952952804861	2318.9943543365835
chr6	52220001	52240000	chr6	52050001	52240000	190000	20000	25.125	98.0%	0.0255	0.4119962052781553	0.027999999999999997	0.4119962052781553	25.125	3819	2.032291013753421	1235.6329363620798
chr13	48565001	48585000	chr13	48140001	48585000	445000	20000	11.053370786516854	95.0%	0.089	0.4106921163121108	0.097	0.4106921163121108	11.053370786516854	3935	2.3643288728772744	3366.804314977239
chr3	63655001	63675000	chr3	63655001	63825000	170000	20000	26.875	98.0%	0.0375	0.4101596276428941	0.042499999999999996	0.41015962764289415	26.875	3655	1.7972847217138948	977.7228886123587
chr20	13525001	13555000	chr20	13135001	13555000	420000	30000	10.85515873015873	96.0%	0.0815	0.4052480379565395	0.084	0.4052480379565395	10.85515873015873	5471	2.0182987023900063	6103.335276027379
chr1	229255001	229280000	chr1	229255001	229515000	260000	25000	17.803846153846155	98.0%	0.087	0.40487474141588	0.094	0.40487474141588	17.803846153846155	4629	2.169919668853513	2820.8955695095674
chr20	62995001	63020000	chr20	62855001	63020000	165000	25000	21.503030303030304	95.0%	0.088	0.4015078436913821	0.095	0.4015078436913821	21.503030303030304	3548	1.136357270920875	937.4947485097218
chr5	77485001	77505000	chr5	77140001	77505000	365000	20000	11.743150684931509	96.0%	0.065	0.4010961174737336	0.068	0.40109611747373364	11.743150684931507	3429	1.8173842486194076	2122.704802387468
chr6	161405001	161430000	chr6	161405001	161700000	295000	25000	15.067796610169491	96.0%	0.073	0.397625738231998	0.078	0.39762573823199804	15.067796610169491	4445	1.5706922902150418	2316.7711280671865
chr12	103860001	103880000	chr12	103640001	103880000	240000	20000	19.14583333333333	95.0%	0.067	0.397564160695253	0.07050000000000001	0.397564160695253	19.145833333333332	3676	1.6219326363884266	1245.6442647463116
chr3	45925001	45945000	chr3	45925001	46305000	380000	20000	12.825657894736842	95.0%	0.074	0.3971750717965487	0.079	0.3971750717965487	12.825657894736842	3899	1.6547862765485035	2012.2201122829804
chr3	139315001	139340000	chr3	139150001	139340000	190000	25000	21.673684210526314	97.0%	0.0775	0.3934668597953633	0.078	0.39346685979536333	21.673684210526314	4118	1.3559103834254425	1288.1148642541702
chr6	166370001	166405000	chr6	166145001	166405000	260000	35000	17.813186813186814	96.0%	0.0455	0.3934169991169041	0.0475	0.3934169991169041	17.813186813186814	6484	1.6405477671360882	4180.1157106627525
chr8	24185001	24210000	chr8	23705001	24210000	505000	25000	11.407920792079208	96.0%	0.087	0.3924014619926623	0.095	0.3924014619926623	11.407920792079208	5761	3.144314296152326	7939.393597784623
chr15	53800001	53820000	chr15	53800001	54350000	550000	20000	9.047727272727272	96.0%	0.0345	0.3916829281665747	0.0385	0.3916829281665747	9.047727272727272	3981	3.2332844481106835	5690.580628674803
chr4	7070001	7090000	chr4	6635001	7090000	455000	20000	9.521978021978022	97.0%	0.042	0.3912376729842972	0.043	0.39123767298429724	9.521978021978022	3466	1.5167119684682193	2208.3326260897275
chr4	87670001	87690000	chr4	87670001	88025000	355000	20000	13.922535211267606	96.0%	0.078	0.3897819963525113	0.085	0.3897819963525113	13.922535211267606	3954	1.6610278551756734	1886.927643479565
chr10	21075001	21095000	chr10	21075001	21270000	195000	20000	22.192307692307693	97.0%	0.03	0.3864527149020383	0.034	0.38645271490203836	22.192307692307693	3462	2.1828820752061935	1362.1184149286646
chr11	94320001	94340000	chr11	94320001	94505000	185000	20000	24.12837837837838	97.0%	0.029	0.3837769599968473	0.032	0.38377695999684736	24.12837837837838	3571	2.2906289760458787	1356.05235381916
chr10	87525001	87545000	chr10	87525001	87790000	265000	20000	17.028301886792452	96.0%	0.055	0.3835809957423454	0.06	0.38358099574234544	17.028301886792452	3610	1.8865595015520134	1599.8024573161074
chr6	28665001	28685000	chr6	28385001	28685000	300000	20000	14.1875	97.0%	0.073	0.3791378523507611	0.075	0.37913785235076114	14.1875	3405	1.3708542093346936	1316.0200409613058
chr6	42850001	42875000	chr6	42660001	42875000	215000	25000	21.158139534883723	97.0%	0.08	0.3785343089248196	0.082	0.3785343089248196	21.15813953488372	4549	1.6820537680825136	1808.207800688702
chr8	30650001	30670000	chr8	30650001	30925000	275000	20000	16.12272727272727	96.0%	0.045	0.3774650626479098	0.051	0.37746506264790985	16.12272727272727	3547	1.803519211819025	1587.096906400742
chr9	126955001	126975000	chr9	126955001	127200000	245000	20000	19.275510204081638	97.0%	0.036	0.3762854257918359	0.038	0.3762854257918359	19.275510204081634	3778	2.9091607447373726	2280.7820238741
chr12	32905001	32925000	chr12	32755001	32925000	170000	20000	24.794117647058822	97.0%	0.037	0.3755143428397681	0.040999999999999995	0.37551434283976814	24.794117647058822	3372	1.8965590230983025	1031.7281085654765
chr4	17785001	17805000	chr4	17515001	17805000	290000	20000	14.616379310344827	96.0%	0.0655	0.3743828115632241	0.07050000000000001	0.37438281156322417	14.616379310344827	3391	1.429434298253988	1326.515028779701
chr13	77555001	77575000	chr13	77040001	77575000	535000	20000	10.483644859813085	95.0%	0.063	0.3736917651254829	0.065	0.37369176512548297	10.483644859813085	4487	2.2834280378969845	3909.2288008796377
chr2	105565001	105585000	chr2	105565001	106095000	530000	20000	9.858490566037736	95.0%	0.0829999999999999	0.3728171293775627	0.0875	0.3728171293775627	9.858490566037736	4180	1.8471780194898164	3132.813921054729
chr9	131730001	131750000	chr9	131495001	131750000	255000	20000	14.97549019607843	95.0%	0.031	0.3725620856566681	0.033	0.3725620856566681	14.97549019607843	3055	2.008543207876603	1638.9712576273082
chr8	54145001	54165000	chr8	53740001	54165000	425000	20000	10.797058823529412	97.0%	0.075	0.3724735281582157	0.08	0.3724735281582157	10.797058823529412	3671	1.5363685133125968	2089.4611781051317
chr8	46150001	46175000	chr8	46150001	46575000	425000	25000	10.703529411764706	95.0%	0.082	0.371995495391484	0.085	0.371995495391484	10.703529411764706	4549	1.1796337834275596	2506.7217897835644
chr1	162385001	162405000	chr1	162165001	162405000	240000	20000	16.942708333333332	97.0%	0.068	0.3709561947106413	0.071	0.37095619471064134	16.942708333333332	3253	1.6165028760353486	1241.4742087951477
chr8	80055001	80080000	chr8	80055001	80610000	555000	25000	9.32072072072072	95.0%	0.095	0.3704879904650239	0.097	0.37048799046502395	9.32072072072072	5173	2.0093182444623245	5575.858128382951
chr1	112170001	112190000	chr1	111965001	112190000	225000	20000	20.016666666666666	95.0%	0.098	0.3679537679957557	0.103	0.36795376799575574	20.016666666666666	3603	1.4800902390708188	1065.6649721309896
chr1	207485001	207510000	chr1	207090001	207510000	420000	25000	12.435714285714289	95.0%	0.0515	0.3673544863128012	0.055	0.3673544863128012	12.435714285714285	5223	2.1758527530466125	4569.290781397886
chr5	179465001	179495000	chr5	178840001	179495000	655000	30000	7.236641221374046	95.0%	0.097	0.3663944572184384	0.101	0.3663944572184384	7.236641221374046	5688	1.5174668476414843	7156.37365347724
chr6	106210001	106230000	chr6	105740001	106230000	490000	20000	10.278061224489797	95.0%	0.0465	0.3655825425157163	0.0475	0.3655825425157163	10.278061224489797	4029	2.057073876095226	3225.4918377173144
chr2	18360001	18380000	chr2	17890001	18380000	490000	20000	10.93877551020408	95.0%	0.044	0.3632343394250469	0.045	0.36323433942504696	10.938775510204081	4288	1.8314304056085127	2871.6828759941477
chr5	10410001	10430000	chr5	10225001	10430000	205000	20000	22.3109756097561	95.0%	0.067	0.3624085136991848	0.068	0.3624085136991848	22.3109756097561	3659	1.5645699662467074	1026.35789785784
chr4	39110001	39130000	chr4	38935001	39130000	195000	20000	22.76923076923077	98.0%	0.034	0.3565542900241208	0.038	0.3565542900241208	22.76923076923077	3552	1.6572009863948698	1034.0934155103987
chr1	235955001	235980000	chr1	235535001	235980000	445000	25000	12.10561797752809	96.0%	0.043	0.3519558963158917	0.044	0.3519558963158917	12.10561797752809	5387	2.280363923473928	5073.80972972949
chr3	41175001	41210000	chr3	41005001	41210000	205000	35000	22.13937282229965	97.0%	0.086	0.3517996613578427	0.089	0.3517996613578427	22.139372822299652	6354	1.406452469909933	2825.5630120490555
chr6	160650001	160675000	chr6	160475001	160675000	200000	25000	18.065	98.0%	0.096	0.3509333219342487	0.099	0.3509333219342487	18.065	3613	0.9751339481622457	975.1339481622457
chr21	44775001	44795000	chr21	44445001	44795000	350000	20000	12.82857142857143	95.0%	0.0925	0.34884751358212	0.0965	0.34884751358212	12.82857142857143	3592	2.450074177149628	2744.0830784075833
chr3	40315001	40335000	chr3	40315001	40720000	405000	20000	11.95679012345679	95.0%	0.064	0.3475359257297671	0.069	0.34753592572976716	11.95679012345679	3874	1.5623236317620262	2024.7714267635859
chr10	109870001	109890000	chr10	109870001	110290000	420000	20000	12.476190476190476	95.0%	0.0575	0.3447743473388491	0.061	0.34477434733884915	12.476190476190476	4192	1.8707842567521291	2514.3340410748615
chr13	104550001	104575000	chr13	104550001	105220000	670000	25000	7.63731343283582	97.0%	0.099	0.3426332244874155	0.10250000000000001	0.34263322448741557	7.637313432835821	5117	2.416282016079074	8094.544753864897
chr3	30100001	30120000	chr3	30100001	30755000	655000	20000	9.498091603053435	95.0%	0.06	0.3406898987122634	0.061	0.34068989871226346	9.498091603053435	4977	3.270714300753485	6855.417174379305
chr3	133435001	133455000	chr3	133435001	133825000	390000	20000	12.852564102564102	96.0%	0.063	0.3404234464410717	0.066	0.3404234464410717	12.852564102564102	4010	1.5418608800006677	1924.2423782408332
chr10	63205001	63230000	chr10	63205001	63530000	325000	25000	14.212307692307691	98.0%	0.085	0.3397435860281216	0.091	0.3397435860281216	14.212307692307693	4619	1.9074258278525322	3099.566970260365
chr2	148970001	148995000	chr2	148200001	148995000	795000	25000	7.2	96.0%	0.078	0.3397429107911517	0.079	0.33974291079115176	7.2	5724	1.857396696982353	7383.151870504853
chr7	16975001	16995000	chr7	16975001	17485000	510000	20000	9.389705882352942	96.0%	0.0815	0.3327152561365095	0.08449999999999999	0.3327152561365095	9.389705882352942	3831	2.404734739925567	3924.527095558525
chr5	54830001	54860000	chr5	54395001	54860000	465000	30000	11.172043010752688	95.0%	0.083	0.3291952493275694	0.086	0.3291952493275694	11.172043010752688	6234	2.1983349431968553	7360.025389823071
chr22	28850001	28875000	chr22	28850001	29250000	400000	25000	12.0275	95.0%	0.0885	0.3271808255435193	0.093	0.3271808255435193	12.0275	4811	4.169039353818475	8338.078707636949
chr7	82565001	82585000	chr7	82415001	82585000	170000	20000	24.014705882352946	97.0%	0.091	0.3257847415878125	0.097	0.3257847415878125	24.014705882352942	3266	1.4541237721348594	791.0433320413636
chr14	106370001	106395000	chr14	105940001	106395000	455000	25000	10.418823529411764	98.0%	0.05	0.322857851781522	0.05	0.32285785178152204	9.731868131868131	4428	1.751771961197801	3985.2812117249973
chr6	138500001	138530000	chr6	138285001	138530000	245000	30000	20.05442176870748	96.0%	0.068	0.3181084500373159	0.069	0.3181084500373159	20.05442176870748	5896	1.7110278685940736	3018.253160199946
chr10	60445001	60465000	chr10	60445001	60650000	205000	20000	23.884146341463413	97.0%	0.097	0.3174321859903098	0.102	0.3174321859903098	23.884146341463413	3917	1.91227285549971	1254.4509932078097
chr8	71825001	71840000	chr8	71825001	72295000	470000	15000	10.01418439716312	95.0%	0.046	0.3164209595306671	0.049	0.3164209595306671	10.01418439716312	2824	2.3000445835038557	1945.837717644262
chr10	88935001	88955000	chr10	88935001	89120000	185000	20000	25.945945945945947	96.0%	0.079	0.3154343119121405	0.082	0.3154343119121405	25.945945945945947	3840	1.4204960986090218	840.9336903765409
chr20	43825001	43850000	chr20	43825001	44100000	275000	25000	15.887272727272729	95.0%	0.042	0.3136552824890214	0.044	0.3136552824890214	15.887272727272727	4369	2.1168053041457413	2910.6072932003945
chr2	219155001	219175000	chr2	219155001	219390000	235000	20000	19.06914893617021	96.0%	0.037	0.3121061705666589	0.041	0.3121061705666589	19.069148936170212	3585	1.3844772516050254	1041.126893206979
chr8	144555001	144575000	chr8	144555001	145000000	445000	20000	10.918539325842696	95.0%	0.062	0.3096580745550262	0.064	0.3096580745550262	10.918539325842696	3887	1.6164491077465761	2301.8235294311244
chr4	73000001	73030000	chr4	72290001	73030000	740000	30000	7.712837837837838	97.0%	0.0995	0.3095181289625712	0.103	0.30951812896257125	7.712837837837838	6849	2.408294945035636	12831.395467149869
chr11	57335001	57355000	chr11	57335001	57650000	315000	20000	13.166666666666666	95.0%	0.07	0.3086142369686696	0.072	0.30861423696866963	13.166666666666666	3318	1.4760713253505326	1487.879895953337
chr4	1255001	1280000	chr4	1065001	1280000	215000	25000	19.70232558139535	95.0%	0.031	0.3081965257864134	0.033	0.3081965257864134	19.70232558139535	4236	1.1792071449845651	1267.6476808584075
chr10	131880001	131905000	chr10	131880001	132150000	270000	25000	15.04814814814815	95.0%	0.0525	0.3043138402079957	0.05499999999999999	0.3043138402079957	15.048148148148147	4063	1.4142207273895038	1909.19798197583
chr2	70605001	70640000	chr2	70305001	70640000	335000	35000	24.02132196162047	98.0%	0.025	0.3040140944778247	0.027	0.3040140944778247	24.02132196162047	11266	3.4660529415225096	11379.051807018399
chr2	19940001	19970000	chr2	19940001	20340000	400000	30000	13.622916666666669	97.0%	0.074	0.3029921474783873	0.077	0.3029921474783873	13.622916666666667	6539	1.8133860321224067	5222.551772512531
chr9	28765001	28785000	chr9	28765001	29240000	475000	20000	9.93684210526316	97.0%	0.076	0.2970971680423311	0.079	0.2970971680423311	9.936842105263159	3776	2.6827068444455016	4077.7144035571623
chr6	165840001	165870000	chr6	165555001	165870000	315000	30000	13.867724867724869	95.0%	0.081	0.2957377269506256	0.083	0.29573772695062567	13.867724867724867	5242	1.3913174329813747	3155.507938001758
chr1	43515001	43535000	chr1	43515001	43770000	255000	20000	15.196078431372548	96.0%	0.048	0.2947909423322911	0.05	0.2947909423322911	15.196078431372548	3100	1.5439327955944302	1259.849161205055
chr8	245001	275000	chr8	245001	720000	475000	30000	9.040350877192983	95.0%	0.095	0.2941579552771386	0.102	0.29415795527713867	9.040350877192983	5153	1.256718564154603	4297.977489408742
chr15	74135001	74160000	chr15	74135001	74300000	165000	25000	24.60606060606061	97.0%	0.056	0.2926286539832963	0.061	0.29262865398329635	24.606060606060606	4060	1.9311290816117894	1593.1814923297263
chr2	97090001	97110000	chr2	96835001	97110000	275000	20000	11.14090909090909	95.0%	0.086	0.2926233811189829	0.09	0.2926233811189829	11.14090909090909	2451	0.8091422386814731	712.0451700396962
chr2	240845001	240865000	chr2	240845001	241265000	420000	20000	11.0625	96.0%	0.052	0.2896997940886992	0.056	0.2896997940886992	11.0625	3717	1.3143453282256186	1766.4801211352312
chr3	136995001	137015000	chr3	136315001	137015000	700000	20000	7.4714285714285715	95.0%	0.051	0.2885172389954183	0.053	0.28851723899541837	7.4714285714285715	4184	1.9706631142837063	4414.285375995502
chr2	164905001	164930000	chr2	164560001	164930000	370000	25000	15.051351351351352	95.0%	0.086	0.2876262753712724	0.09	0.28762627537127244	15.051351351351352	5569	2.0739044929119212	3836.7233118870545
chr12	50295001	50325000	chr12	50075001	50325000	250000	30000	18.14	95.0%	0.038	0.2870892935943753	0.041	0.28708929359437535	18.14	5442	1.7106830830887236	3079.2295495597027
chr3	141460001	141490000	chr3	141460001	141960000	500000	30000	10.635	96.0%	0.0815	0.2868208072177541	0.085	0.2868208072177541	10.635	6381	1.552955658323928	5590.6403699661405
chr4	54640001	54665000	chr4	54410001	54665000	255000	25000	17.686274509803923	96.0%	0.077	0.2865170584745006	0.079	0.28651705847450065	17.686274509803923	4510	1.6125647690608242	2056.020080552551
chr1	184975001	184995000	chr1	184790001	184995000	205000	20000	22.182926829268293	97.0%	0.055	0.286321006686705	0.06	0.28632100668670507	22.182926829268293	3638	2.716980653881796	1782.3393089464585
chr3	107925001	107945000	chr3	107925001	108275000	350000	20000	14.032142857142857	96.0%	0.0419999999999999	0.2861538809061531	0.043	0.2861538809061531	14.032142857142857	3929	1.7219135961706695	1928.54322771115
chr15	45785001	45810000	chr15	45785001	46310000	525000	25000	9.763809523809524	98.0%	0.058	0.2851689160965526	0.06	0.28516891609655265	9.763809523809524	5126	3.6060789159746798	9465.957154433534
chr18	76990001	77010000	chr18	76990001	77715000	725000	20000	6.729310344827586	97.0%	0.075	0.2850011450722404	0.079	0.2850011450722404	6.729310344827586	3903	1.8919036457705998	4389.216458187791
chr13	31430001	31450000	chr13	31430001	31810000	380000	20000	12.9375	97.0%	0.09	0.2843402603864916	0.0955	0.28434026038649163	12.9375	3933	2.6216543724253576	3187.931716869235
chr1	165595001	165620000	chr1	165595001	165920000	325000	25000	14.230769230769232	95.0%	0.096	0.282780158931298	0.101	0.282780158931298	14.23076923076923	4625	1.9500267951561643	3168.793542128767
chr2	113740001	113760000	chr2	113740001	113950000	210000	20000	20.232142857142858	97.0%	0.0305	0.2824846594545133	0.034	0.2824846594545133	20.232142857142858	3399	1.674763749225259	1125.441239479374
chr6	42890001	42915000	chr6	42890001	43515000	625000	25000	7.4624	96.0%	0.056	0.2818420580130441	0.059	0.2818420580130441	7.4624	4664	1.4605109502430023	4564.096719509382
chr5	113495001	113515000	chr5	113025001	113515000	490000	20000	10.875	96.0%	0.0675	0.2813189231822579	0.07050000000000001	0.2813189231822579	10.875	4263	1.9204104800704054	3011.2036327503956
chr3	159795001	159815000	chr3	159260001	159815000	555000	20000	10.5990990990991	96.0%	0.069	0.2809346467955571	0.073	0.28093464679555713	10.5990990990991	4706	2.1821387814058646	3875.4784757768152
chr12	30795001	30815000	chr12	29510001	30815000	1305000	20000	4.293103448275862	95.0%	0.034	0.2808068458353764	0.036	0.2808068458353764	4.293103448275862	4482	3.6454220268695807	15223.282384207369
chr7	77745001	77765000	chr7	77430001	77765000	335000	20000	15.022388059701491	95.0%	0.085	0.2797414517775635	0.09	0.27974145177756354	15.022388059701493	4026	1.7440594489278567	1869.6317292506624
chr12	10225001	10250000	chr12	10225001	10565000	340000	25000	13.811764705882354	97.0%	0.0645	0.2796742334375535	0.07	0.2796742334375535	13.811764705882354	4696	2.23668199672095	3802.3593944256154
chr2	58125001	58150000	chr2	58125001	58525000	400000	25000	18.2775	96.0%	0.0865	0.2792474785384844	0.09	0.2792474785384844	18.2775	7311	2.1867820973813243	4373.564194762649
chr6	31665001	31690000	chr6	31665001	31925000	260000	25000	18.35384615384616	97.0%	0.0535	0.277933279342746	0.0555	0.277933279342746	18.353846153846153	4772	1.449784179838463	1884.7194337900019
chr6	53050001	53075000	chr6	52590001	53075000	485000	25000	10.02680412371134	97.0%	0.054	0.27792974126074	0.055	0.27792974126074	10.02680412371134	4863	1.9365310749675986	4696.087856796426
chr2	229780001	229805000	chr2	229780001	230000000	220000	25000	22.654545454545453	97.0%	0.0824999999999999	0.2768681164161389	0.0895	0.27686811641613895	22.654545454545456	4984	1.4550303788170358	1600.5334166987393
chr2	1540001	1575000	chr2	1540001	1865000	325000	35000	13.749450549450549	95.0%	0.048	0.2747161603874385	0.051	0.2747161603874385	13.749450549450549	6256	1.3379919450726616	4261.504345056427
chr1	151720001	151745000	chr1	151290001	151745000	455000	25000	11.626373626373626	95.0%	0.07	0.2746155782658243	0.073	0.2746155782658243	11.626373626373626	5290	2.5065341252215734	5702.365134879079
chr4	113535001	113555000	chr4	113535001	113760000	225000	20000	18.56111111111111	97.0%	0.083	0.2727220819598168	0.091	0.2727220819598168	18.56111111111111	3341	1.9270575433714328	1387.4814312274316
chr10	30395001	30415000	chr10	30395001	30655000	260000	20000	17.798076923076923	96.0%	0.0215	0.2726434015748922	0.024	0.2726434015748922	17.798076923076923	3702	2.3027680586101065	1915.9030247636085
chr3	187735001	187755000	chr3	187735001	188320000	585000	20000	6.901709401709402	96.0%	0.073	0.271572521603134	0.079	0.271572521603134	6.901709401709402	3230	1.9289406177534256	3610.9768364344127
chr19	47955001	47975000	chr19	47955001	48290000	335000	20000	11.369402985074627	96.0%	0.046	0.2699851601609742	0.048	0.26998516016097424	11.369402985074627	3047	2.749840530471112	2947.829048665032
chr1	6240001	6260000	chr1	6240001	6490000	250000	20000	13.885	95.0%	0.044	0.2699768310358138	0.046	0.2699768310358138	13.885	2777	1.417585306084581	1134.0682448676648
chr10	60090001	60115000	chr10	60090001	60440000	350000	25000	13.94285714285714	96.0%	0.048	0.2688308038937217	0.052000000000000005	0.2688308038937217	13.942857142857143	4880	2.275694444349588	3982.465277611779
chr19	47975001	47990000	chr19	47975001	48290000	315000	15000	14.53968253968254	95.0%	0.06	0.2682779045884462	0.061	0.26827790458844625	14.53968253968254	2748	2.545543567040702	1443.3232025120778
chr3	98000001	98020000	chr3	97615001	98020000	405000	20000	13.299382716049385	95.0%	0.085	0.266205894103749	0.093	0.266205894103749	13.299382716049383	4309	2.0244658102059505	2623.707690026912
chr8	105990001	106010000	chr8	105990001	106205000	215000	20000	19.976744186046517	97.0%	0.037	0.2652716842978994	0.04	0.26527168429789943	19.976744186046513	3436	2.019352638299888	1389.3146151503229
chr11	77515001	77550000	chr11	77210001	77550000	340000	35000	15.390756302521009	96.0%	0.099	0.2641359187433084	0.102	0.26413591874330844	15.390756302521009	7326	1.9403850434260732	6465.362964695676
chr4	121890001	121910000	chr4	121890001	122600000	710000	20000	7.802816901408451	96.0%	0.098	0.2618699673580205	0.10350000000000001	0.2618699673580205	7.802816901408451	4432	2.434120332743725	5530.321395993744
chr11	13135001	13155000	chr11	12985001	13155000	170000	20000	27.06617647058824	97.0%	0.0355	0.2617501163523688	0.039	0.2617501163523688	27.066176470588236	3681	1.9348276000537818	1052.5462144292574
chr2	109530001	109555000	chr2	109530001	109715000	185000	25000	24.90810810810811	96.0%	0.024	0.2613338117999976	0.026	0.2613338117999976	24.90810810810811	4608	1.4627071900713615	1353.0041508160093
chr7	16685001	16705000	chr7	16685001	16930000	245000	20000	19.93877551020408	97.0%	0.044	0.2609903516995688	0.048	0.2609903516995688	19.93877551020408	3908	1.6627431714386025	1303.5906464078644
chr2	189400001	189420000	chr2	188730001	189420000	690000	20000	8.157608695652174	95.0%	0.087	0.2573287773323003	0.0895	0.2573287773323003	8.157608695652174	4503	2.1507911236995705	4748.946801128652
chr14	99970001	99990000	chr14	99970001	100200000	230000	20000	17.858695652173914	95.0%	0.0725	0.2560319493161221	0.0775	0.25603194931612216	17.858695652173914	3286	2.059609988158594	1515.8729512847253
chr1	119460001	119480000	chr1	119460001	119675000	215000	20000	22.1046511627907	96.0%	0.025	0.255987910527713	0.028	0.255987910527713	22.1046511627907	3802	2.036519108407019	1401.1251465840292
chr14	68765001	68785000	chr14	68550001	68785000	235000	20000	18.154255319148938	97.0%	0.072	0.2540012310689812	0.078	0.25400123106898126	18.154255319148938	3413	1.7843088774440468	1341.8002758379232
chr2	205685001	205720000	chr2	205685001	205895000	210000	35000	23.360544217687075	97.0%	0.0635	0.2539600065555389	0.07100000000000001	0.2539600065555389	23.360544217687075	6868	1.484255200297807	3054.597202212887
chr12	42475001	42495000	chr12	42475001	43340000	865000	20000	6.401734104046243	95.0%	0.053	0.2528910311454571	0.056	0.25289103114545713	6.401734104046243	4430	3.1785493925150186	8798.224718481571
chr12	53325001	53355000	chr12	53325001	53520000	195000	30000	22.636752136752136	96.0%	0.043	0.2516816743245833	0.047	0.2516816743245833	22.636752136752136	5297	1.4385591333400258	2019.7370232093963
chr1	167525001	167555000	chr1	167055001	167555000	500000	30000	9.805	95.0%	0.0915	0.2508274710678014	0.096	0.25082747106780146	9.805	5883	1.709854105406187	6155.474779462274
chr2	101140001	101165000	chr2	101005001	101165000	160000	25000	28.975	98.0%	0.0315	0.2507845573080962	0.033	0.2507845573080962	28.975	4636	2.047968061464866	1638.3744491718928
chr13	110440001	110460000	chr13	110440001	110665000	225000	20000	17.516666666666666	96.0%	0.073	0.2505366307613367	0.079	0.25053663076133675	17.516666666666666	3153	1.5579509200009145	1121.7246624006584
chr12	109410001	109435000	chr12	109410001	109670000	260000	25000	16.223076923076924	96.0%	0.06	0.2473114080341209	0.0645	0.2473114080341209	16.223076923076924	4218	1.2912349301245751	1678.6054091619476
chr8	41700001	41720000	chr8	41700001	41980000	280000	20000	16.517857142857142	97.0%	0.0455	0.246542925691022	0.047	0.246542925691022	16.517857142857142	3700	1.8877600691722145	1691.4330219783042
chr18	74535001	74560000	chr18	74360001	74560000	200000	25000	21.685	96.0%	0.05	0.2464620439965133	0.054	0.24646204399651334	21.685	4337	1.7303859615249861	1730.3859615249862
chr5	78955001	78975000	chr5	78445001	78975000	530000	20000	9.580188679245284	95.0%	0.0975	0.2452037781036009	0.10250000000000001	0.24520377810360094	9.580188679245284	4062	1.662877087010805	2820.239539570325
chr4	68260001	68280000	chr4	68260001	68490000	230000	20000	19.505434782608692	96.0%	0.0485	0.2445980731678506	0.052000000000000005	0.24459807316785065	19.505434782608695	3589	1.8473955783026386	1359.683145630742
chr11	63935001	63950000	chr11	63745001	63950000	205000	15000	19.07317073170732	97.0%	0.058	0.2439684826505736	0.061	0.24396848265057364	19.073170731707318	2346	1.603163667812799	591.5673934229228
chr8	102155001	102185000	chr8	101880001	102185000	305000	30000	16.10928961748634	98.0%	0.09	0.2434004725074306	0.098	0.24340047250743066	16.10928961748634	5896	1.5697669579370273	3447.208239629712
chr12	113415001	113445000	chr12	113045001	113445000	400000	30000	10.727083333333333	95.0%	0.0615	0.241048702247057	0.065	0.24104870224705707	10.727083333333333	5149	1.1855156722558478	3414.2851360968416
chr2	97795001	97815000	chr2	97795001	98315000	520000	20000	10.420673076923077	95.0%	0.0445	0.240732191762713	0.0465	0.24073219176271302	10.420673076923077	4335	2.2501433168770673	3744.23847928344
chr12	98645001	98665000	chr12	98415001	98665000	250000	20000	16.23	95.0%	0.067	0.238001907408063	0.07100000000000001	0.23800190740806304	16.23	3246	1.505475331130574	1204.3802649044592
chr11	60955001	60980000	chr11	60955001	61190000	235000	25000	20.038297872340426	95.0%	0.073	0.2379107006446033	0.077	0.23791070064460337	20.038297872340426	4709	1.6768502489274903	1970.2990424898012
chr2	111880001	111905000	chr2	111880001	112130000	250000	25000	17.78	96.0%	0.0515	0.2370068610084431	0.055	0.23700686100844318	17.78	4445	1.875909159530823	2344.8864494135287
chr21	25875001	25900000	chr21	25875001	26135000	260000	25000	14.842307692307694	96.0%	0.0885	0.2339749751558293	0.0955	0.23397497515582935	14.842307692307692	3859	1.8535255988630832	2409.583278522008
chr10	17900001	17920000	chr10	17900001	18230000	330000	20000	15.738636363636363	95.0%	0.0675	0.2314354226375507	0.07100000000000001	0.2314354226375507	15.738636363636363	4155	2.9304066439069874	3094.5094159657788
chr11	57630001	57655000	chr11	57365001	57655000	290000	25000	14.25862068965517	98.0%	0.0854999999999999	0.2292923028240574	0.093	0.2292923028240574	14.258620689655173	4135	1.3631031319569284	1976.4995413375461
chr15	88900001	88915000	chr15	88900001	89180000	280000	15000	15.79761904761905	96.0%	0.059	0.227469851557505	0.064	0.22746985155750502	15.797619047619047	2654	2.7294755394523715	1375.6556718839952
chr1	19085001	19105000	chr1	18895001	19105000	210000	20000	22.553571428571427	97.0%	0.0365	0.2266360188086805	0.04	0.22663601880868053	22.553571428571427	3789	2.042990061642481	1372.8893214237473
chr12	42120001	42140000	chr12	42120001	42375000	255000	20000	16.975490196078432	97.0%	0.075	0.2236291984495	0.079	0.22362919844950005	16.975490196078432	3463	2.1254194092888747	1734.3422379797216
chr2	177395001	177420000	chr2	177205001	177420000	215000	25000	22.302325581395348	97.0%	0.096	0.223580004504961	0.097	0.22358000450496102	22.302325581395348	4795	1.4342140669637053	1541.7801219859832
chr6	49395001	49420000	chr6	48755001	49420000	665000	25000	7.560902255639098	95.0%	0.082	0.2234320337868653	0.085	0.22343203378686535	7.560902255639098	5028	1.879696736309172	6249.991648227997
chr5	90930001	90950000	chr5	90930001	91430000	500000	20000	10.69	97.0%	0.0559999999999999	0.222474342746129	0.059	0.22247434274612904	10.69	4276	2.449642591676252	3919.428146682003
chr17	66555001	66575000	chr17	66200001	66575000	375000	20000	13.54	95.0%	0.041	0.2173874533105392	0.042	0.2173874533105392	13.54	4062	3.2879945841017313	3945.5935009220775
chr5	35955001	35985000	chr5	35955001	36395000	440000	30000	10.892045454545457	95.0%	0.0584999999999999	0.2165042218792087	0.062	0.2165042218792087	10.892045454545455	5751	1.4890655439140525	4717.359643119718
chr5	133860001	133880000	chr5	133485001	133880000	395000	20000	12.708860759493673	96.0%	0.047	0.2161289718272425	0.049	0.21612897182724258	12.708860759493671	4016	2.317921729472178	2929.853066052833
chr6	116285001	116305000	chr6	116285001	116570000	285000	20000	17.20614035087719	98.0%	0.082	0.2155647294070231	0.089	0.2155647294070231	17.20614035087719	3923	2.1672418978226964	1976.5246108142992
chr5	52675001	52700000	chr5	52675001	52920000	245000	25000	18.044897959183675	98.0%	0.092	0.2141042293005609	0.099	0.21410422930056092	18.044897959183672	4421	1.512339038055728	1852.6153216182668
chr6	38000001	38020000	chr6	37695001	38020000	325000	20000	14.73076923076923	96.0%	0.065	0.2126473374681786	0.068	0.2126473374681786	14.73076923076923	3830	1.807154989587607	1879.441189171111
chr4	26995001	27020000	chr4	26425001	27020000	595000	25000	8.092436974789916	96.0%	0.065	0.2119646249267798	0.068	0.21196462492677987	8.092436974789916	4815	1.9135572305175403	5692.832760789683
chr6	94995001	95020000	chr6	94395001	95020000	625000	25000	8.5792	95.0%	0.087	0.2106352371579287	0.088	0.21063523715792873	8.5792	5362	1.9661571356273786	6144.241048835558
chr12	131840001	131855000	chr12	131840001	132010000	170000	15000	20.69607843137255	96.0%	0.0265	0.2094353763425226	0.03	0.2094353763425226	20.69607843137255	2111	1.5690482979801985	480.12877918194073
chr21	36740001	36760000	chr21	36740001	36925000	185000	20000	22.966216216216218	95.0%	0.066	0.2044136074749626	0.073	0.20441360747496268	22.966216216216218	3399	2.4535028515393664	1452.473688111305
chr1	78095001	78115000	chr1	77900001	78115000	215000	20000	19.598837209302324	95.0%	0.072	0.1968911817934809	0.078	0.19689118179348092	19.598837209302324	3371	1.34837557114653	927.6823929488127
chr17	4195001	4220000	chr17	4195001	4415000	220000	25000	19.977272727272727	95.0%	0.0849999999999999	0.1951906239319374	0.0905	0.19519062393193748	19.977272727272727	4395	2.316728721842557	2548.4015940268127
chr2	97545001	97575000	chr2	97545001	98340000	795000	30000	3.5366876310272537	95.0%	0.095	0.1949619959612759	0.102	0.19496199596127592	3.5366876310272537	3374	0.7546926166979063	4319.860537978816
chr17	59730001	59750000	chr17	59730001	59970000	240000	20000	17.583333333333332	96.0%	0.0404999999999999	0.1924837821359176	0.0435	0.19248378213591766	17.583333333333332	3376	2.050028367375333	1574.4217861442557
chr10	58160001	58180000	chr10	58160001	58390000	230000	20000	20.005434782608692	98.0%	0.049	0.1906770439111526	0.051000000000000004	0.19067704391115262	20.005434782608695	3681	1.965374667750467	1446.5157554643438
chr10	35105001	35125000	chr10	35105001	35620000	515000	20000	8.866504854368932	95.0%	0.099	0.1896010730062958	0.102	0.1896010730062958	8.866504854368932	3653	1.4155182932341253	2332.7741472498383
chr8	27590001	27605000	chr8	27410001	27605000	195000	15000	20.299145299145295	97.0%	0.054	0.1868398715181026	0.058	0.18683987151810266	20.299145299145298	2375	1.7806510715363195	625.0085261092481
chr5	147180001	147200000	chr5	146970001	147200000	230000	20000	19.03804347826087	98.0%	0.034	0.1763939298568323	0.037	0.1763939298568323	19.03804347826087	3503	2.0416284329925865	1502.6385266825437
chr6	2775001	2800000	chr6	2775001	2940000	165000	25000	14.575757575757574	95.0%	0.071	0.1739469296630034	0.077	0.1739469296630034	14.575757575757576	2405	1.0020852488978405	826.7203303407184
chr3	52455001	52475000	chr3	52455001	52775000	320000	20000	14.06640625	95.0%	0.067	0.1736860992220671	0.07	0.17368609922206715	14.06640625	3601	1.4037049433139537	1437.3938619534886
chr8	140655001	140675000	chr8	140655001	141370000	715000	20000	7.765734265734266	95.0%	0.077	0.1691967498752869	0.078	0.16919674987528696	7.765734265734266	4442	1.7743344821458849	4059.6772951497846
chr3	133575001	133590000	chr3	133440001	133590000	150000	15000	26.41111111111111	98.0%	0.0505	0.1691728305754782	0.0555	0.1691728305754782	26.41111111111111	2377	1.589921014380028	429.27867388260756
chr1	63675001	63695000	chr1	63675001	64245000	570000	20000	10.826754385964913	95.0%	0.0295	0.168264857778439	0.0335	0.16826485777843905	10.826754385964913	4937	4.164118404312989	7595.351969466891
chr1	209680001	209700000	chr1	209565001	209700000	135000	20000	36.43518518518518	99.0%	0.004	0.1674554131547162	0.005	0.16745541315471626	36.43518518518518	3935	3.418622024492188	1476.8447145806251
chr3	124330001	124365000	chr3	124330001	124515000	185000	35000	25.18918918918919	95.0%	0.08	0.1671576047656311	0.087	0.16715760476563118	25.18918918918919	6524	1.6271972057278128	2950.1085339845245
chr3	160025001	160045000	chr3	160025001	160420000	395000	20000	11.825949367088608	95.0%	0.065	0.1629851330071677	0.068	0.16298513300716774	11.825949367088608	3737	1.6630292612300912	2102.0689861948354
chr17	72710001	72730000	chr17	72550001	72730000	180000	20000	21.45833333333333	97.0%	0.0795	0.1607639240490078	0.0825	0.16076392404900783	21.458333333333332	3090	1.989302788629527	1145.8384062506075
chr4	15220001	15245000	chr4	15220001	15455000	235000	25000	16.378723404255318	98.0%	0.077	0.1597003943548301	0.083	0.15970039435483016	16.378723404255318	3849	1.6236599647566974	1907.8004585891194
chr2	85125001	85145000	chr2	85125001	85295000	170000	20000	31.580882352941178	98.0%	0.0275	0.1589795155610344	0.031	0.15897951556103448	31.580882352941178	4295	2.22003802513858	1207.7006856753874
chr16	16110001	16130000	chr16	15810001	16130000	320000	20000	14.49609375	95.0%	0.075	0.158000455106785	0.079	0.15800045510678504	14.49609375	3711	2.6791271303310165	2743.426181458961
chr3	161410001	161435000	chr3	160665001	161435000	770000	25000	7.815584415584415	95.0%	0.074	0.1562656355320752	0.0795	0.15626563553207523	7.815584415584415	6018	2.7743451526546017	10681.228837720217
chr7	43570001	43595000	chr7	43570001	43845000	275000	25000	15.912727272727272	98.0%	0.051	0.1559200121060193	0.055	0.1559200121060193	15.912727272727272	4376	2.030560177671192	2792.020244297889
chr7	35025001	35050000	chr7	34660001	35050000	390000	25000	10.882051282051282	95.0%	0.0955	0.1535261676344656	0.103	0.1535261676344656	10.882051282051282	4244	1.628298523117449	3175.1821200790255
chr10	5265001	5290000	chr10	4805001	5290000	485000	25000	11.002061855670105	95.0%	0.048	0.1500664442150604	0.05	0.1500664442150604	11.002061855670103	5336	2.5972170390825036	6298.251319775071
chr5	146410001	146430000	chr5	146055001	146430000	375000	20000	12.02	95.0%	0.082	0.1464857145335311	0.085	0.14648571453353115	12.02	3606	1.673199155910584	2007.8389870927008
chr11	76800001	76820000	chr11	76800001	77050000	250000	20000	18.19	96.0%	0.0829999999999999	0.1435291483079795	0.087	0.1435291483079795	18.19	3638	1.5638642875629352	1251.0914300503482
chr9	78025001	78050000	chr9	77745001	78050000	305000	25000	14.249180327868851	97.0%	0.047	0.1433153846719435	0.049	0.14331538467194352	14.249180327868853	4346	2.2298111634220117	3400.462024218568
chr12	108555001	108580000	chr12	108555001	109100000	545000	25000	8.370642201834862	95.0%	0.087	0.1420014883985617	0.09	0.14200148839856178	8.370642201834862	4562	1.6940483147285899	4616.281657635407
chr10	109835001	109860000	chr10	109395001	109860000	465000	25000	10.07956989247312	95.0%	0.088	0.1395825561710948	0.095	0.13958255617109488	10.079569892473119	4687	1.38822905870453	3227.6325614880325
chr10	122550001	122570000	chr10	122270001	122570000	300000	20000	14.745833333333334	95.0%	0.0824999999999999	0.138778039602168	0.0875	0.13877803960216803	14.745833333333334	3539	1.4476585442957908	1389.752202523959
chr8	56955001	56975000	chr8	56955001	57360000	405000	20000	12.234567901234568	95.0%	0.056	0.1375941820488547	0.06	0.1375941820488547	12.234567901234568	3964	1.9700328951173554	2553.1626320720925
chr16	67665001	67685000	chr16	67665001	67930000	265000	20000	15.523584905660377	95.0%	0.031	0.1371290105319358	0.032	0.13712901053193588	15.523584905660377	3291	2.1089375403145576	1788.3790341867448
chr2	86670001	86695000	chr2	86250001	86695000	445000	25000	10.746067415730336	96.0%	0.084	0.1370488671613214	0.088	0.1370488671613214	10.746067415730337	4782	1.2432189024967688	2766.162058055311
chr4	81465001	81485000	chr4	81465001	81730000	265000	20000	15.976415094339623	98.0%	0.078	0.1370192670558782	0.083	0.13701926705587825	15.976415094339623	3387	1.8863567562204762	1599.6305292749637
chr2	108565001	108590000	chr2	108215001	108590000	375000	25000	14.186666666666667	95.0%	0.039	0.1332878456085983	0.04	0.13328784560859838	14.186666666666667	5320	2.0080160795445625	3765.030149146055
chr3	169855001	169875000	chr3	169855001	170070000	215000	20000	20.44767441860465	97.0%	0.082	0.1331300253038481	0.087	0.13313002530384813	20.447674418604652	3517	1.4795742876645983	1017.9471099132437
chr18	34855001	34885000	chr18	34855001	35360000	505000	30000	10.38118811881188	95.0%	0.086	0.130962787943885	0.091	0.13096278794388505	10.381188118811881	6291	1.9654509560974576	7146.379676370356
chr1	28400001	28420000	chr1	28400001	28610000	210000	20000	20.58333333333333	95.0%	0.0655	0.1307128889509178	0.069	0.1307128889509178	20.583333333333332	3458	1.7269019499634861	1160.4781103754626
chr19	970001	990000	chr19	845001	990000	145000	20000	24.603448275862068	95.0%	0.091	0.1291842166828046	0.099	0.12918421668280464	24.603448275862068	2854	1.5045635131231008	698.1174700891188
chr4	140005001	140025000	chr4	140005001	140365000	360000	20000	13.375	96.0%	0.097	0.12756594249632	0.101	0.12756594249632003	13.375	3852	2.218147556302658	2555.3059848606617
chr7	99900001	99920000	chr7	99900001	100085000	185000	20000	23.054054054054053	98.0%	0.037	0.1264323010927917	0.039	0.12643230109279174	23.054054054054053	3412	1.744045522800089	1032.4749494976527
chr8	30540001	30560000	chr8	30170001	30560000	390000	20000	13.935064935064934	97.0%	0.0495	0.1248270204354763	0.053	0.12482702043547637	13.756410256410257	4292	2.603189049924935	3248.779934306319
chr20	9345001	9365000	chr20	8800001	9365000	565000	20000	9.639380530973453	96.0%	0.043	0.1244698002682417	0.045	0.12446980026824174	9.639380530973451	4357	3.818997625005756	6904.747706010407
chr9	6895001	6920000	chr9	6895001	7215000	320000	25000	14.396875	95.0%	0.075	0.1241378761379648	0.08	0.12413787613796481	14.396875	4607	1.9134787116131513	3061.5659385810422
chr1	25790001	25805000	chr1	25500001	25805000	305000	15000	13.021857923497269	96.0%	0.056	0.1236336763126059	0.058	0.12363367631260598	13.021857923497267	2383	1.9641997163806928	1078.3456442930003
chr11	109935001	109955000	chr11	109935001	110440000	505000	20000	8.96039603960396	95.0%	0.087	0.1228450109046224	0.087	0.12284501090462249	8.96039603960396	3620	2.039312831500307	3295.529535704496
chr20	4090001	4115000	chr20	4090001	4600000	510000	25000	8.892156862745098	95.0%	0.0865	0.1224035173012198	0.09	0.1224035173012198	8.892156862745098	4535	1.6220891150236825	4136.32724331039
chr10	104200001	104220000	chr10	103965001	104220000	255000	20000	18.65196078431373	95.0%	0.057	0.1219993512320509	0.063	0.12199935123205093	18.651960784313726	3805	2.0812470796868725	1698.2976170244879
chr5	59655001	59675000	chr5	59385001	59675000	290000	20000	17.629310344827587	97.0%	0.0315	0.1187762145748126	0.0335	0.11877621457481262	17.629310344827587	4090	2.7925447126251774	2591.4814933161647
chr3	125570001	125590000	chr3	124925001	125590000	665000	20000	7.603383458646617	95.0%	0.066	0.1148253256768389	0.068	0.1148253256768389	7.603383458646617	4045	2.1581493843871398	4592.541889975833
chr2	105870001	105890000	chr2	105565001	105890000	325000	20000	15.103846153846154	97.0%	0.056	0.1148236384621286	0.059	0.11482363846212866	15.103846153846154	3927	1.7245786542690809	1793.561800439844
chr9	4375001	4395000	chr9	4375001	4670000	295000	20000	14.779661016949152	96.0%	0.097	0.1135141423876468	0.102	0.11351414238764684	14.779661016949152	3488	2.483988632741029	2344.8852693075314
chr3	46075001	46105000	chr3	46075001	46490000	415000	30000	12.335341365461847	95.0%	0.061	0.1126497124252363	0.069	0.11264971242523637	12.335341365461847	6143	1.8943077938486734	5660.191688019836
chr13	30790001	30815000	chr13	30375001	30815000	440000	25000	10.89090909090909	96.0%	0.0705	0.112319602824937	0.077	0.11231960282493705	10.89090909090909	4792	2.000977950446272	4402.151490981799
chr14	23245001	23275000	chr14	23245001	23560000	315000	30000	14.817460317460316	95.0%	0.084	0.1107434592701474	0.089	0.11074345927014748	14.817460317460318	5601	1.6071954237785273	3645.1192211297
chr1	152640001	152660000	chr1	152640001	153225000	585000	20000	8.310344827586206	95.0%	0.076	0.1090955381409034	0.08	0.1090955381409034	8.239316239316238	3856	1.938564722036421	3628.99315965218
chr10	26865001	26885000	chr10	26550001	26885000	335000	20000	13.1044776119403	97.0%	0.075	0.1052053527438637	0.08	0.10520535274386371	13.104477611940299	3512	1.7972735974546734	1926.6772964714098
chr2	233220001	233255000	chr2	232755001	233255000	500000	35000	10.3	95.0%	0.096	0.104363908177593	0.1005	0.10436390817759304	10.3	7210	1.5091474173129253	7394.822344833334
chr17	50840001	50865000	chr17	50840001	51165000	325000	25000	14.135384615384616	96.0%	0.045	0.1035240441234426	0.049	0.10352404412344267	14.135384615384615	4594	2.0053290979214844	3258.6597841224125
chr11	101860001	101880000	chr11	101860001	102670000	810000	20000	7.199074074074074	95.0%	0.082	0.1018154120549873	0.086	0.10181541205498733	7.199074074074074	4665	2.0017954821072204	5188.653889621915
chr11	6655001	6685000	chr11	6425001	6685000	260000	30000	26.961538461538463	96.0%	0.05	0.0992598936978168	0.052000000000000005	0.09925989369781683	26.96153846153846	8412	2.222626769624246	4160.757312736589
chr19	48955001	48980000	chr19	48775001	48980000	205000	25000	18.38536585365853	96.0%	0.043	0.0991435571786592	0.046	0.09914355717865923	18.385365853658538	3769	1.5632990076255069	1602.3814828161446
chr1	113025001	113050000	chr1	112720001	113050000	330000	25000	14.53939393939394	96.0%	0.0335	0.0967576764553607	0.035500000000000004	0.09675767645536075	14.539393939393939	4798	2.247705912100267	3708.714754965441
chr14	22460001	22480000	chr14	22190001	22480000	290000	20000	18.48275862068965	95.0%	0.0555	0.0956597544829119	0.058499999999999996	0.09565975448291199	18.482758620689655	4288	2.6702869790655486	2478.0263165728293
chr2	112435001	112470000	chr2	112095001	112470000	375000	35000	10.483809523809525	96.0%	0.099	0.0948054419533409	0.103	0.09480544195334098	10.483809523809525	5504	1.091045862532571	4009.5935448071987
chr5	135445001	135470000	chr5	135445001	135835000	390000	25000	12.166233766233766	97.0%	0.0725	0.0927776486638974	0.07550000000000001	0.0927776486638974	12.01025641025641	4684	1.5811671423041622	3083.2759274931163
chr1	66210001	66235000	chr1	65945001	66235000	290000	25000	18.47241379310345	96.0%	0.037	0.0925284827601432	0.039999999999999994	0.09252848276014321	18.47241379310345	5357	2.626861057608956	3808.9485335329864
chr3	167020001	167040000	chr3	166580001	167040000	460000	20000	10.421195652173912	95.0%	0.0485	0.0915617590386017	0.0505	0.09156175903860178	10.421195652173912	3835	1.8968566970224097	2792.173058016987
chr2	138910001	138930000	chr2	138910001	139630000	720000	20000	7.701388888888889	95.0%	0.062	0.0891981422984867	0.066	0.08919814229848673	7.701388888888889	4436	1.8618517183138097	4289.706358995018
chr11	33970001	33985000	chr11	33835001	33985000	150000	15000	28.01111111111111	98.0%	0.078	0.0877425300264432	0.0835	0.08774253002644328	28.011111111111113	2521	1.830604465727455	494.26320574641284
chr7	19750001	19770000	chr7	19750001	20490000	740000	20000	7.913851351351352	95.0%	0.0399999999999999	0.0874601302700897	0.041999999999999996	0.0874601302700897	7.913851351351352	4685	3.6126142393067475	8554.670518678378
chr19	16760001	16785000	chr19	16760001	17055000	295000	25000	14.528813559322035	95.0%	0.068	0.0871967500585509	0.074	0.08719675005855092	14.528813559322034	4286	2.4971491249174087	3683.2949592531777
chr7	133975001	134000000	chr7	133750001	134000000	250000	25000	18.18	96.0%	0.0655	0.0866406671831221	0.0675	0.08664066718312213	18.18	4545	1.6291288469158745	2036.411058644843
chr3	192785001	192805000	chr3	192460001	192805000	345000	20000	14.202898550724637	97.0%	0.087	0.0859771177826388	0.09	0.08597711778263885	14.202898550724637	3920	2.359715560011766	2605.1259782529896
chr14	25130001	25145000	chr14	24720001	25145000	425000	15000	11.270588235294118	96.0%	0.05	0.0847739117445079	0.053	0.08477391174450791	11.270588235294118	2874	3.4811575266063635	2663.085507853868
chr1	112380001	112400000	chr1	112380001	112715000	335000	20000	13.138059701492535	97.0%	0.09	0.0806534959953597	0.098	0.08065349599535974	13.138059701492537	3521	2.0744161945039736	2223.7741605082597
chr2	121970001	121995000	chr2	121970001	122220000	250000	25000	17.168	98.0%	0.0525	0.0804536512233368	0.056	0.08045365122333682	17.168	4292	1.2632489037496846	1579.0611296871057
chr6	106955001	106975000	chr6	106615001	106975000	360000	20000	13.850694444444445	96.0%	0.0965	0.0782400259569415	0.098	0.07824002595694156	13.850694444444445	3989	2.0371688232242207	2346.818484354302
chr11	94960001	94980000	chr11	94960001	95165000	205000	20000	20.49390243902439	95.0%	0.047	0.0781956622250129	0.051	0.07819566222501297	20.49390243902439	3361	1.327446246156453	870.8047374786331
chr12	3765001	3790000	chr12	3465001	3790000	325000	25000	13.28923076923077	95.0%	0.058	0.0777819323902289	0.064	0.0777819323902289	13.28923076923077	4319	1.5788448054836055	2565.622808910859
chr6	94635001	94650000	chr6	94635001	95140000	505000	15000	11.108695652173914	98.0%	0.084	0.0767156265144295	0.087	0.07671562651442958	10.118811881188119	3066	2.6099528627607502	2372.447152249522
chr7	121125001	121145000	chr7	121125001	121400000	275000	20000	16.513636363636362	97.0%	0.054	0.0731542457539341	0.057	0.07315424575393414	16.513636363636362	3633	2.209000072440415	1943.920063747565
chr5	57750001	57775000	chr5	57495001	57775000	280000	25000	16.610714285714288	96.0%	0.0885	0.0727588031495341	0.0955	0.07275880314953413	16.610714285714284	4651	1.7230702494028358	2412.29834916397
chr1	41420001	41440000	chr1	41255001	41440000	185000	20000	21.24324324324324	97.0%	0.058	0.0720371914263588	0.062	0.07203719142635887	21.243243243243242	3144	1.9469716142852398	1152.607195656862
chr13	73060001	73095000	chr13	73060001	73290000	230000	35000	18.09006211180124	97.0%	0.0809999999999999	0.0717803723676869	0.08499999999999999	0.07178037236768697	18.09006211180124	5825	1.8669357650994547	4208.073214534171
chr5	146930001	146960000	chr5	146585001	146960000	375000	30000	14.453333333333331	97.0%	0.085	0.071183552338908	0.093	0.07118355233890805	14.453333333333333	6504	2.3292512578713853	6288.97839625274
chr14	94405001	94440000	chr14	94405001	94685000	280000	35000	16.4234693877551	95.0%	0.0584999999999999	0.0688481300746351	0.061	0.06884813007463517	16.4234693877551	6438	1.6711943178638893	4585.7572082185125
chr2	173020001	173045000	chr2	173020001	173450000	430000	25000	13.806976744186048	95.0%	0.0849999999999999	0.067941088124956	0.0905	0.06794108812495608	13.806976744186047	5937	2.2080749775309747	4747.361201691596
chr7	62295001	62320000	chr7	62295001	62450000	155000	25000	26.313333333333333	97.0%	0.026	0.0657845546201957	0.03	0.06578455462019571	25.46451612903226	3947	1.31798795766003	1021.4406671865232
chr2	64640001	64660000	chr2	64640001	64875000	235000	20000	26.909574468085108	98.0%	0.018	0.0634981102638512	0.02	0.06349811026385122	26.909574468085108	5059	3.0715312892707782	2309.791529531625
chr3	11635001	11660000	chr3	11060001	11660000	600000	25000	8.241666666666667	95.0%	0.0795	0.0631676338297552	0.0795	0.06316763382975528	8.241666666666667	4945	1.6139222068470676	4841.766620541202
chr3	195250001	195270000	chr3	194925001	195270000	345000	20000	12.26086956521739	98.0%	0.064	0.0629942913121137	0.068	0.06299429131211379	12.26086956521739	3384	1.3186193385121072	1455.7557497173664
chr12	132410001	132435000	chr12	132410001	132650000	240000	25000	14.258333333333336	98.0%	0.0829999999999999	0.0618743547912985	0.088	0.06187435479129854	14.258333333333333	3422	1.1570208985162436	1388.4250782194922
chr4	74680001	74700000	chr4	74680001	74905000	225000	20000	20.66111111111111	96.0%	0.043	0.0612478006812862	0.048	0.06124780068128621	20.66111111111111	3719	1.3997618475007914	1007.8285302005697
chr2	8675001	8695000	chr2	8255001	8695000	440000	20000	9.292613636363637	97.0%	0.0675	0.0605111793179516	0.069	0.06051117931795166	9.292613636363637	3271	1.4279245032958947	2010.5177006406198
chr20	38045001	38065000	chr20	38045001	38355000	310000	20000	14.89516129032258	95.0%	0.052	0.0589900627708345	0.054	0.0589900627708345	14.89516129032258	3694	2.1859674058840266	2168.4796666369543
chr13	24315001	24340000	chr13	24315001	24645000	330000	25000	11.751515151515152	96.0%	0.0715	0.0491812049285672	0.0765	0.04918120492856722	11.751515151515152	3878	1.8997738762921819	3134.6268958821
chr1	209850001	209885000	chr1	209850001	209990000	140000	35000	31.68253968253968	98.0%	0.047	0.0450060677543003	0.052000000000000005	0.04500606775430031	30.551020408163264	5988	1.6799011237718224	2304.8243418149405
chr18	23595001	23625000	chr18	23595001	23925000	330000	30000	14.34848484848485	96.0%	0.0655	0.0410754510175708	0.068	0.04107545101757089	14.348484848484848	5682	1.7840772832843388	4238.967625083589
chr5	35080001	35105000	chr5	35080001	35530000	450000	25000	11.684444444444445	95.0%	0.0985	0.0394526016519646	0.0985	0.03945260165196464	11.684444444444445	5258	1.6933703497651593	3810.0832869716082
chr16	15860001	15880000	chr16	15860001	16175000	315000	20000	14.662698412698411	95.0%	0.053	0.0380676714450607	0.059	0.038067671445060715	14.662698412698413	3695	2.970365004249545	2994.1279242835412
chr15	41970001	42000000	chr15	41970001	42145000	175000	30000	23.890476190476196	95.0%	0.054	0.0380313471735999	0.058	0.038031347173599926	23.89047619047619	5017	1.7878895756636075	2252.7408653361454
chr1	37160001	37185000	chr1	36970001	37185000	215000	25000	19.772093023255813	95.0%	0.086	0.0342550300235294	0.094	0.03425503002352948	19.772093023255813	4251	1.5582677533946165	1675.1378348992127
chr12	3870001	3890000	chr12	3870001	4290000	420000	20000	10.636904761904765	96.0%	0.094	0.0342512757836812	0.0975	0.03425127578368121	10.636904761904763	3574	1.809153831436284	2431.5027494503656
chr7	102220001	102240000	chr7	101820001	102240000	420000	20000	10.639880952380953	96.0%	0.0465	0.0334102823631113	0.0505	0.03341028236311132	10.639880952380953	3575	1.775560561662899	2386.3533948749364
chr3	102515001	102540000	chr3	101885001	102540000	655000	25000	8.441221374045801	95.0%	0.072	0.0324054360645235	0.075	0.032405436064523535	8.441221374045801	5529	2.0645529717285114	6761.410982410875
chr20	36270001	36295000	chr20	36270001	36440000	170000	25000	23.47647058823529	96.0%	0.079	0.0320791495413131	0.0865	0.03207914954131319	23.476470588235294	3991	1.7081597030228686	1451.9357475694383
chr20	35875001	35890000	chr20	35705001	35890000	185000	15000	20.75675675675676	97.0%	0.068	0.0317353971062015	0.074	0.03173539710620152	20.756756756756758	2304	1.6353932509057598	544.585952551618
chr15	41450001	41480000	chr15	41450001	41605000	155000	30000	24.510752688172044	96.0%	0.076	0.0302676229320044	0.081	0.030267622932004478	24.510752688172044	4559	1.4747364107816059	1645.8058344322721
chr2	181710001	181725000	chr2	181565001	181725000	160000	15000	25.53125	98.0%	0.0615	0.0301710625764611	0.0675	0.030171062576461155	25.53125	2451	1.545124001799262	444.9957125181875
chr7	34820001	34845000	chr7	34820001	35065000	245000	25000	19.281632653061227	95.0%	0.068	0.029513028912798	0.074	0.02951302891279804	19.281632653061223	4724	1.6011881529296355	1961.4554873388036
chr17	81010001	81025000	chr17	81010001	81210000	200000	15000	18.791666666666668	95.0%	0.0795	0.0281558353633335	0.08549999999999999	0.028155835363333565	18.791666666666668	2255	1.2681189042240086	456.52280552064315
chr7	17640001	17660000	chr7	16885001	17660000	775000	20000	8.511290322580646	98.0%	0.048	0.0263415419296671	0.051	0.026341541929667107	8.511290322580646	5277	3.5665459428709374	8845.033938319924
chr7	138005001	138025000	chr7	137605001	138025000	420000	20000	11.889880952380953	96.0%	0.0605	0.026319503761625	0.063	0.026319503761625045	11.889880952380953	3995	2.0202669758247707	2715.238815508492
chr17	36115001	36145000	chr17	35820001	36145000	325000	30000	20.77948717948718	95.0%	0.067	0.0223550480789035	0.072	0.022355048078903546	20.77948717948718	8104	2.2128529418283662	5178.075883878377
chr18	58020001	58055000	chr18	58020001	58355000	335000	35000	14.40724946695096	95.0%	0.068	0.0217831190535684	0.072	0.02178311905356849	14.40724946695096	6757	1.598974910812721	5249.434632198163
chr12	24770001	24795000	chr12	24265001	24795000	530000	25000	9.498113207547169	96.0%	0.086	0.0210681651503816	0.0905	0.021068165150381617	9.49811320754717	5034	1.7531447206176793	4645.83350963685
chr11	102005001	102025000	chr11	102005001	102270000	265000	20000	16.504716981132077	97.0%	0.079	0.0201350755698153	0.084	0.020135075569815312	16.504716981132077	3499	1.5934735746896727	1351.2655913368424
chr4	106185001	106205000	chr4	105455001	106205000	750000	20000	7.248333333333333	95.0%	0.0814999999999999	0.0181834447050607	0.08499999999999999	0.018183444705060732	7.248333333333333	4349	2.2100879376542597	5304.211050370223
chr15	39590001	39615000	chr15	39590001	39775000	185000	25000	23.686486486486487	96.0%	0.059	0.0158785610317659	0.063	0.0158785610317659	23.686486486486487	4382	1.9894145060785922	1840.2084181226978
chr1	180155001	180175000	chr1	179815001	180175000	360000	20000	14.020833333333334	95.0%	0.0804999999999999	0.0151514913291717	0.08549999999999999	0.015151491329171795	14.020833333333334	4038	2.55454089782158	2942.8311142904604
chr16	77155001	77175000	chr16	76805001	77175000	370000	20000	11.983108108108109	95.0%	0.0875	0.0120417252903895	0.09	0.012041725290389535	11.983108108108109	3547	2.1289813771075905	2520.713950495387
chr9	86480001	86505000	chr9	86480001	86660000	180000	25000	23.094444444444445	97.0%	0.0399999999999999	0.010803644046642	0.045	0.010803644046642028	23.094444444444445	4157	2.0210638948715363	1818.9575053843828
chr15	52240001	52265000	chr15	52240001	52740000	500000	25000	9.69	95.0%	0.0905	0.0040616070498042	0.093	0.004061607049804206	9.69	4845	3.121057694472517	7802.6442361812915
chr4	87540001	87560000	chr4	87540001	87685000	145000	20000	28.905172413793103	97.0%	0.083	-0.0012523646815527	0.091	-0.001252364681552797	28.905172413793103	3353	1.6143411289435836	749.0542838298228
chr12	32750001	32765000	chr12	32750001	33000000	250000	15000	15.933333333333332	96.0%	0.0515	-0.0024051080376372	0.053500000000000006	-0.002405108037637212	15.933333333333334	2390	1.828122804008731	822.655261803929
chr11	7675001	7695000	chr11	7385001	7695000	310000	20000	23.306451612903224	98.0%	0.043	-0.0032949853894813	0.0465	-0.0032949853894813394	23.306451612903224	5780	2.9758530814320903	2952.0462567806335
chr11	34465001	34485000	chr11	33810001	34485000	675000	20000	8.077777777777778	95.0%	0.049	-0.0048276194113812	0.052	-0.004827619411381284	8.077777777777778	4362	2.424997676616461	5237.994981491555
chr11	12225001	12250000	chr11	12055001	12250000	195000	25000	24.44102564102564	99.0%	0.027	-0.0059622762367312	0.029	-0.005962276236731215	24.44102564102564	4766	2.093399806604638	2041.0648114395221
chr1	27400001	27420000	chr1	27400001	27670000	270000	20000	17.87962962962963	95.0%	0.051	-0.0068297158471921	0.0545	-0.006829715847192173	17.87962962962963	3862	1.926850422636154	1664.798765157637
chr8	57330001	57345000	chr8	57130001	57345000	215000	15000	20.976744186046517	97.0%	0.028	-0.0104226069666402	0.03	-0.01042260696664022	20.976744186046513	2706	1.9773922515105886	765.2508013345978
chr11	86195001	86225000	chr11	85920001	86225000	305000	30000	17.811475409836067	95.0%	0.05	-0.0123324372572596	0.056	-0.012332437257259632	17.811475409836067	6519	2.501971281087492	5494.3289332681325
chr7	156140001	156160000	chr7	155800001	156160000	360000	20000	12.15972222222222	95.0%	0.0925	-0.0127278270934587	0.0975	-0.012727827093458727	12.159722222222221	3502	1.8160498172904558	2092.089389518605
chr3	10880001	10895000	chr3	10750001	10895000	145000	15000	29.06896551724138	98.0%	0.095	-0.0149741586188844	0.103	-0.014974158618884474	29.06896551724138	2529	1.9815703181466442	517.1898530362741
chr2	74695001	74715000	chr2	74695001	75065000	370000	20000	14.43581081081081	98.0%	0.077	-0.01551539081559	0.0795	-0.015515390815590058	14.43581081081081	4273	2.0704310872437137	2451.390407296557
chr7	101800001	101825000	chr7	101530001	101825000	295000	25000	13.52542372881356	95.0%	0.075	-0.0200753746574615	0.078	-0.020075374657461575	13.525423728813559	3990	1.5003230382153085	2212.97648136758
chr11	74550001	74570000	chr11	74250001	74570000	320000	20000	17.24609375	95.0%	0.047	-0.021208302458836	0.0505	-0.021208302458836006	17.24609375	4415	1.8877887558269917	1933.0956859668395
chr13	46545001	46565000	chr13	46545001	46730000	185000	20000	22.824324324324323	98.0%	0.063	-0.0227418691150042	0.069	-0.022741869115004223	22.824324324324323	3378	2.6701448519667355	1580.7257523643075
chr5	180460001	180485000	chr5	180095001	180485000	390000	25000	11.505128205128203	95.0%	0.0735	-0.0229747948944013	0.0775	-0.022974794894401348	11.505128205128205	4487	1.4172712922850674	2763.6790199558814
chr8	23075001	23100000	chr8	23075001	23285000	210000	25000	21.871428571428574	97.0%	0.087	-0.0230133071234174	0.091	-0.023013307123417415	21.87142857142857	4593	1.406602374430717	1476.9324931522528
chr12	87835001	87855000	chr12	87145001	87855000	710000	20000	7.883802816901408	95.0%	0.09	-0.0239135324016212	0.0965	-0.02391353240162126	7.883802816901408	4478	2.807309049568875	6378.206160620483
chr6	158790001	158815000	chr6	158790001	158980000	190000	25000	25.5	97.0%	0.0209999999999999	-0.025225953238852	0.023	-0.02522595323885209	25.5	4845	2.096414785874553	1991.5940465808255
chr11	62380001	62400000	chr11	62380001	62700000	320000	20000	12.79296875	96.0%	0.045	-0.0260981297245449	0.047	-0.026098129724544915	12.79296875	3275	1.6599066229709092	1699.744381922211
chr15	51775001	51795000	chr15	51775001	52145000	370000	20000	11.16216216216216	95.0%	0.0635	-0.0271378766708995	0.0685	-0.027137876670899515	11.162162162162161	3304	2.257630451481619	2673.034454554237
chr3	140850001	140875000	chr3	139725001	140875000	1150000	25000	5.073913043478261	95.0%	0.0915	-0.0290192148019851	0.0935	-0.029019214801985115	5.073913043478261	5835	2.685976710242554	15444.366083894683
chr3	151460001	151480000	chr3	151460001	151765000	305000	20000	15.561475409836063	95.0%	0.077	-0.0311647991152527	0.081	-0.031164799115252797	15.561475409836065	3797	1.725778209867862	1684.3595328310332
chr6	136825001	136850000	chr6	136825001	137130000	305000	25000	15.121311475409836	95.0%	0.088	-0.0314864463334499	0.096	-0.031486446333449984	15.121311475409836	4612	1.4244144957641185	2172.2321060402805
chr20	16510001	16525000	chr20	16510001	16745000	235000	15000	17.156028368794328	95.0%	0.046	-0.0344596733893335	0.05	-0.034459673389333555	17.156028368794328	2419	1.9334021616176271	817.8291143642563
chr2	20440001	20460000	chr2	20440001	20640000	200000	20000	22.61875	97.0%	0.055	-0.0378413078560364	0.0575	-0.03784130785603649	22.61875	3619	2.075386444964812	1328.2473247774797
chr14	73720001	73740000	chr14	73720001	73955000	235000	20000	18.579787234042552	95.0%	0.092	-0.0405379506773551	0.095	-0.04053795067735512	18.579787234042552	3493	2.0313597931574354	1527.5825644543913
chr1	245155001	245170000	chr1	245155001	245460000	305000	15000	14.85792349726776	96.0%	0.054	-0.0416728355167393	0.054	-0.04167283551673934	14.857923497267759	2719	1.9632765024980467	1077.8387998714277
chr9	5785001	5810000	chr9	5785001	6055000	270000	25000	18.374074074074077	96.0%	0.077	-0.0456401624307144	0.08199999999999999	-0.04564016243071443	18.374074074074073	4961	1.8952261901168976	2558.555356657812
chr15	70800001	70820000	chr15	70685001	70820000	135000	20000	31.12037037037037	98.0%	0.087	-0.0458195441951088	0.092	-0.045819544195108856	31.12037037037037	3361	2.262753577966067	977.509545681341
chr7	61725001	61750000	chr7	61725001	61960000	235000	25000	13.204255319148936	95.0%	0.099	-0.0494167133698036	0.106	-0.04941671336980369	13.204255319148936	3103	0.7639485845371261	897.6395868311232
chr7	31360001	31380000	chr7	31360001	31645000	285000	20000	16.166666666666668	97.0%	0.071	-0.0527294171879749	0.073	-0.05272941718797491	16.166666666666668	3686	1.973637526313551	1799.9574239979586
chr18	62950001	62970000	chr18	62575001	62970000	395000	20000	13.268987341772153	95.0%	0.053	-0.0542412645197567	0.054	-0.0542412645197567	13.268987341772151	4193	2.8527928396627247	3605.930149333684
chr17	79690001	79720000	chr17	79395001	79720000	325000	30000	11.302564102564103	95.0%	0.097	-0.0596119310615742	0.105	-0.05961193106157427	11.302564102564103	4408	1.4750861614943787	3451.701617896846
chr3	4945001	4965000	chr3	4765001	4965000	200000	20000	22.6875	98.0%	0.091	-0.0619141264895109	0.0995	-0.061914126489510994	22.6875	3630	1.4674449088633204	939.164741672525
chr2	222960001	222985000	chr2	222960001	223800000	840000	25000	6.96547619047619	95.0%	0.071	-0.062363276574901	0.075	-0.062363276574901066	6.96547619047619	5851	2.0913448155038843	8783.648225116314
chr11	3580001	3615000	chr11	3435001	3615000	180000	35000	31.46825396825397	98.0%	0.0805	-0.0683282171561629	0.086	-0.06832821715616294	31.46825396825397	7930	2.0243283906271143	3570.9152810662295
chr17	75045001	75065000	chr17	75045001	75205000	160000	20000	25.6640625	96.0%	0.0485	-0.0707301260959403	0.053000000000000005	-0.07073012609594033	25.6640625	3285	1.775920656421105	909.2713760876057
chr1	201560001	201580000	chr1	201560001	201790000	230000	20000	21.52717391304348	96.0%	0.0399999999999999	-0.0719524215774465	0.044	-0.0719524215774465	21.527173913043477	3961	2.429226689193546	1787.91084324645
chr2	230590001	230610000	chr2	229745001	230610000	865000	20000	6.643063583815029	95.0%	0.075	-0.0725897890186265	0.078	-0.07258978901862655	6.643063583815029	4597	2.3769704771547207	6579.4542807642665
chr5	176405001	176425000	chr5	176405001	176580000	175000	20000	22.785714285714285	97.0%	0.039	-0.076581092529889	0.043	-0.07658109252988907	22.785714285714285	3190	1.5322246700599453	858.0458152335693
chr8	142845001	142870000	chr8	142845001	143070000	225000	25000	18.75111111111111	95.0%	0.05	-0.0806544153874205	0.056	-0.08065441538742052	18.75111111111111	4219	1.485256916517043	1670.9140310816736
chr9	33475001	33510000	chr9	33245001	33510000	265000	35000	16.506738544474395	96.0%	0.068	-0.0818579378532845	0.07	-0.08185793785328452	16.506738544474395	6124	1.7605591340030662	4572.172071005963
chr5	168970001	168990000	chr5	168970001	169590000	620000	20000	8.762096774193548	95.0%	0.0775	-0.083412428276345	0.08	-0.08341242827634507	8.762096774193548	4346	2.558503793372301	5076.071526050646
chr7	45001	65000	chr7	45001	315000	270000	20000	13.787037037037036	95.0%	0.0335	-0.0850038815999921	0.036	-0.08500388159999211	13.787037037037036	2978	0.9995880332490509	863.64406072718
chr18	11505001	11530000	chr18	11200001	11530000	330000	25000	13.624242424242423	97.0%	0.0615	-0.0850794874065174	0.0625	-0.08507948740651744	13.624242424242425	4496	2.063938511028788	3405.4985431975
chr7	54295001	54310000	chr7	53955001	54310000	355000	15000	11.176190476190476	95.0%	0.088	-0.0905772551212811	0.09	-0.0905772551212811	11.018779342723004	2347	1.4509419134129347	927.1518826708652
chr1	8010001	8035000	chr1	8010001	8345000	335000	25000	23.05074626865672	95.0%	0.015	-0.0935025110696718	0.016	-0.0935025110696718	23.050746268656717	7722	4.038664180724919	6764.76250271424
chr16	105001	125000	chr16	105001	360000	255000	20000	17.426470588235293	97.0%	0.075	-0.0937067210156118	0.08	-0.09370672101561188	17.426470588235293	3555	2.0116398390113446	1641.4981086332573
chr12	14960001	14995000	chr12	14815001	14995000	180000	35000	28.234126984126984	97.0%	0.05	-0.0944018499858631	0.055	-0.0944018499858631	28.234126984126984	7115	2.3125278488366927	4079.299125347926
chr6	28115001	28140000	chr6	28115001	28390000	275000	25000	17.16	97.0%	0.09	-0.0982512599614093	0.097	-0.09825125996140939	17.16	4719	1.7409971481378737	2393.8710786895763
chr2	224985001	225005000	chr2	224575001	225005000	430000	20000	12.232558139534884	95.0%	0.067	-0.0991321190208138	0.07	-0.0991321190208138	12.232558139534884	4208	1.5493756261380467	2131.940861565952
chr20	45305001	45330000	chr20	45305001	45590000	285000	25000	14.361403508771929	95.0%	0.089	-0.1023812474428648	0.096	-0.10238124744286485	14.36140350877193	4093	1.722787455201307	2454.9721236618625
chr3	141725001	141745000	chr3	141725001	141950000	225000	20000	18.52777777777778	98.0%	0.091	-0.1065440782563106	0.098	-0.10654407825631065	18.52777777777778	3335	1.3525499034434256	973.8359304792664
chr2	218290001	218315000	chr2	218290001	218695000	405000	25000	12.407407407407408	95.0%	0.078	-0.1073975236646105	0.079	-0.10739752366461053	12.407407407407407	5025	1.3499021015187886	2733.551755575547
chr9	77635001	77660000	chr9	77435001	77660000	225000	25000	20.315555555555555	95.0%	0.081	-0.1075700971682149	0.088	-0.10757009716821496	20.315555555555555	4571	2.282252442098674	2567.533997361008
chr6	128515001	128535000	chr6	128515001	128725000	210000	20000	22.11309523809524	97.0%	0.089	-0.1076128470832511	0.097	-0.10761284708325113	22.113095238095237	3715	1.893041516407962	1272.1238990261504
chr11	5725001	5750000	chr11	5725001	6065000	340000	25000	18.423529411764708	95.0%	0.0844999999999999	-0.1078835987875933	0.09	-0.10788359878759338	18.423529411764704	6264	1.4500388442080796	2465.0660351537354
chr17	44520001	44545000	chr17	44520001	44680000	160000	25000	24.40625	95.0%	0.024	-0.1117265072843249	0.028	-0.1117265072843249	24.40625	3905	1.9617593138023943	1569.4074510419155
chr7	143220001	143240000	chr7	143220001	143490000	270000	20000	17.699074074074073	95.0%	0.033	-0.1120968092102132	0.036000000000000004	-0.11209680921021326	17.699074074074073	3823	1.654295398817658	1429.3112245784566
chr7	29625001	29645000	chr7	29625001	29800000	175000	20000	22.02142857142857	96.0%	0.078	-0.1141492081475011	0.083	-0.11414920814750117	22.021428571428572	3083	1.2006874032621677	672.3849458268139
chr6	117335001	117360000	chr6	117335001	117715000	380000	25000	12.552631578947368	96.0%	0.0685	-0.1170671891751811	0.07150000000000001	-0.11706718917518111	12.552631578947368	4770	1.9319074201818311	3670.624098345479
chr2	181040001	181060000	chr2	180175001	181060000	885000	20000	6.88135593220339	95.0%	0.068	-0.1178016024808502	0.073	-0.11780160248085028	6.88135593220339	4872	2.7487109766141553	7784.349485771288
chr11	63375001	63400000	chr11	63135001	63400000	265000	25000	17.381132075471697	95.0%	0.087	-0.1249998302190837	0.09	-0.12499983021908374	17.381132075471697	4606	1.5412250487683232	2042.1231896180284
chr6	145870001	145895000	chr6	145725001	145895000	170000	25000	24.6	95.0%	0.096	-0.1250421940217678	0.10450000000000001	-0.12504219402176783	24.6	4182	1.3672039269089966	1162.1233378726472
chr11	120150001	120180000	chr11	120150001	120295000	145000	30000	28.11494252873563	96.0%	0.028	-0.1250762987568218	0.032	-0.12507629875682183	28.114942528735632	4892	1.413445959177882	1475.637581381709
chr3	107665001	107685000	chr3	107665001	107970000	305000	20000	14.418032786885243	96.0%	0.076	-0.1266552110612858	0.083	-0.1266552110612858	14.418032786885245	3518	1.364554522928263	1331.8052143779846
chr1	235405001	235425000	chr1	235095001	235425000	330000	20000	13.818181818181818	95.0%	0.0475	-0.1268334314725311	0.0495	-0.12683343147253118	13.818181818181818	3648	2.5243828134688817	2665.748251023139
chr11	2175001	2195000	chr11	2175001	2425000	250000	20000	22.7	96.0%	0.0185	-0.1275012057869868	0.019	-0.12750120578698687	22.7	4540	2.131293755272621	1705.0350042180971
chr1	212070001	212090000	chr1	212070001	212365000	295000	20000	17.79237288135593	95.0%	0.073	-0.1311122133586406	0.076	-0.13111221335864068	17.79237288135593	4199	2.748816357186457	2594.8826411840155
chr9	127585001	127615000	chr9	127585001	127920000	335000	30000	13.54726368159204	96.0%	0.088	-0.1319635411254608	0.094	-0.13196354112546085	13.54726368159204	5446	1.8881147249386623	4554.132716552053
chr2	45920001	45945000	chr2	45525001	45945000	420000	25000	17.63095238095238	97.0%	0.0829999999999999	-0.1367970726451388	0.0875	-0.13679707264513885	17.63095238095238	7405	2.4599358759003795	5165.865339390797
chr2	200700001	200725000	chr2	200700001	200905000	205000	25000	22.71219512195122	97.0%	0.098	-0.136833678360306	0.106	-0.13683367836030602	22.71219512195122	4656	1.4846606420537287	1521.777158105072
chr4	142350001	142370000	chr4	142350001	142765000	415000	20000	12.686746987951809	97.0%	0.094	-0.1374835152333829	0.098	-0.13748351523338292	12.686746987951807	4212	2.132128297991931	2831.466379733284
chr18	41890001	41910000	chr18	41350001	41910000	560000	20000	9.96875	95.0%	0.082	-0.1392725803781955	0.08499999999999999	-0.1392725803781955	9.96875	4466	2.275193344641456	4077.1464735974896
chr5	38785001	38805000	chr5	38510001	38805000	295000	20000	16.093220338983052	95.0%	0.095	-0.1402537821529886	0.104	-0.14025378215298862	16.093220338983052	3798	1.7386311526946845	1641.267808143782
chr2	223940001	223960000	chr2	223670001	223960000	290000	20000	14.758620689655173	95.0%	0.0849999999999999	-0.1403023900826864	0.0885	-0.14030239008268647	14.758620689655173	3424	1.3708626714219234	1272.160559079545
chr6	137980001	138000000	chr6	137980001	138460000	480000	20000	9.791666666666666	95.0%	0.0815	-0.1436517794507765	0.088	-0.14365177945077653	9.791666666666666	3760	1.4323210923291974	2200.045197817647
chr5	148105001	148125000	chr5	147850001	148125000	275000	20000	18.695454545454545	98.0%	0.042	-0.1504841810356974	0.044	-0.1504841810356974	18.695454545454545	4113	2.3716998539826926	2087.0958715047695
chr5	16475001	16495000	chr5	16475001	16820000	345000	20000	13.543478260869565	95.0%	0.09	-0.1505198708866089	0.094	-0.1505198708866089	13.543478260869565	3738	1.5687510379405907	1731.901145886412
chr3	66125001	66145000	chr3	65785001	66145000	360000	20000	13.166666666666666	95.0%	0.0865	-0.1531441513909757	0.0925	-0.15314415139097573	13.166666666666666	3792	1.821748252517428	2098.653986900077
chr3	61550001	61570000	chr3	61550001	61920000	370000	20000	11.47635135135135	95.0%	0.0955	-0.1531818068468182	0.1005	-0.1531818068468182	11.47635135135135	3397	1.5361952804572432	1818.855212061376
chr14	55715001	55735000	chr14	55715001	56480000	765000	20000	7.308823529411764	96.0%	0.052	-0.1534805286017168	0.056	-0.15348052860171688	7.3088235294117645	4473	3.948897139304034	9666.900197016275
chr12	107385001	107415000	chr12	107135001	107415000	280000	30000	17.053571428571427	95.0%	0.0569999999999999	-0.155428364060861	0.059	-0.15542836406086105	17.053571428571427	5730	1.7502748331928655	3528.554063716817
chr1	169705001	169725000	chr1	169565001	169725000	160000	20000	26.8125	97.0%	0.0335	-0.1571490031586079	0.0375	-0.15714900315860794	26.8125	3432	1.9324514331151907	989.4151337549777
chr1	223050001	223075000	chr1	222810001	223075000	265000	25000	18.15471698113208	96.0%	0.095	-0.1577576404609985	0.095	-0.15775764046099855	18.154716981132076	4811	1.7817319090393546	2360.794779477145
chr13	52115001	52135000	chr13	51850001	52135000	285000	20000	15.013157894736842	97.0%	0.051	-0.1579530420518083	0.052	-0.15795304205180838	15.013157894736842	3423	2.2975300914419	2095.3474433950128
chr14	22645001	22665000	chr14	22645001	22860000	215000	20000	20.41860465116279	95.0%	0.092	-0.1626084703564476	0.099	-0.16260847035644763	20.41860465116279	3512	1.9334902222012593	1330.2412728744664
chr10	125855001	125880000	chr10	125855001	126115000	260000	25000	16.015384615384615	95.0%	0.048	-0.1638604770817966	0.049	-0.16386047708179666	16.015384615384615	4164	1.176711712484778	1529.7252262302113
chr3	193765001	193785000	chr3	193765001	194265000	500000	20000	10.4925	97.0%	0.0505	-0.1728857670976497	0.0555	-0.17288576709764977	10.4925	4197	2.469505230630215	3951.2083690083446
chr7	5460001	5475000	chr7	5155001	5475000	320000	15000	12.583333333333334	95.0%	0.093	-0.1737981375140277	0.0995	-0.1737981375140277	12.583333333333334	2416	1.392402561422499	802.0238753793594
chr12	55730001	55750000	chr12	55730001	56135000	405000	20000	10.74074074074074	96.0%	0.079	-0.1800462599694197	0.085	-0.1800462599694197	10.74074074074074	3480	1.4809386084438858	1919.296436543276
chr1	40750001	40775000	chr1	40590001	40775000	185000	25000	24.27027027027027	96.0%	0.089	-0.1858161346443822	0.097	-0.18581613464438226	24.27027027027027	4490	1.5088289854733892	1395.666811562885
chr1	181190001	181210000	chr1	181190001	181540000	350000	20000	13.132142857142858	95.0%	0.0975	-0.1864643459580423	0.10250000000000001	-0.1864643459580423	13.132142857142858	3677	2.0085798721445824	2249.6094568019325
chr10	99535001	99555000	chr10	99430001	99555000	125000	20000	31.82	98.0%	0.033	-0.194670703005538	0.037	-0.194670703005538	31.82	3182	1.8271978672151283	730.8791468860513
chr15	78105001	78130000	chr15	78105001	78250000	145000	25000	26.772413793103446	97.0%	0.035	-0.1955570670865583	0.037	-0.19555706708655834	26.77241379310345	3882	2.2349675412271184	1620.3514673896607
chr12	123035001	123065000	chr12	123035001	123245000	210000	30000	22.607142857142858	96.0%	0.073	-0.1973036445290404	0.078	-0.19730364452904042	22.607142857142858	5697	1.6850816509621558	2547.8434562547795
chr5	127555001	127575000	chr5	127555001	127920000	365000	20000	13.126712328767123	97.0%	0.095	-0.1997432849418665	0.098	-0.1997432849418665	13.126712328767123	3833	1.5647119149772513	1827.5835166934294
chr11	94875001	94900000	chr11	94510001	94900000	390000	25000	14.030769230769232	97.0%	0.063	-0.2017952532440989	0.0655	-0.20179525324409892	14.03076923076923	5472	2.340086665556254	4563.168997834695
chr2	31395001	31415000	chr2	31395001	31735000	340000	20000	14.268382352941176	95.0%	0.0805	-0.2061945850997967	0.086	-0.20619458509979674	14.268382352941176	3881	1.3145504458970534	1430.2308851359942
chr19	38225001	38240000	chr19	38225001	38415000	190000	15000	18.614035087719294	97.0%	0.028	-0.2066280362629864	0.0315	-0.2066280362629864	18.614035087719298	2122	1.9459495133737352	665.5147335738175
chr2	47320001	47340000	chr2	47320001	47565000	245000	20000	24.448979591836736	95.0%	0.051	-0.2145040388233649	0.053	-0.21450403882336494	24.448979591836736	4792	1.4096230490644075	1105.1444704664955
chr5	157700001	157720000	chr5	157335001	157720000	385000	20000	13.178571428571429	95.0%	0.07	-0.2163370347847995	0.077	-0.2163370347847995	13.178571428571429	4059	1.9423207204669934	2392.939127615336
chr8	60585001	60610000	chr8	60410001	60610000	200000	25000	21.555	95.0%	0.0834999999999999	-0.2228338447973716	0.091	-0.2228338447973716	21.555	4311	1.490080877493029	1490.080877493029
chr8	37390001	37410000	chr8	37390001	37740000	350000	20000	14.35	97.0%	0.0705	-0.2251906453962403	0.075	-0.22519064539624037	14.35	4018	2.2326855209693144	2500.607783485632
chr9	95115001	95135000	chr9	94540001	95135000	595000	20000	9.205882352941176	95.0%	0.079	-0.2291466579147413	0.082	-0.2291466579147413	9.205882352941176	4382	3.76300657285924	7164.764514723993
chr2	20675001	20695000	chr2	20675001	21025000	350000	20000	15.507142857142858	96.0%	0.0755	-0.2310654130375399	0.0805	-0.23106541303753994	15.507142857142858	4342	1.8862255639914152	2112.572631670385
chr6	160440001	160455000	chr6	160085001	160455000	370000	15000	14.12162162162162	97.0%	0.03	-0.2316797158617381	0.033	-0.23167971586173816	14.121621621621621	3135	2.4736863843939	1647.4751320063374
chr1	156065001	156095000	chr1	156065001	156285000	220000	30000	19.738636363636363	96.0%	0.0365	-0.2359211690278892	0.038	-0.23592116902788926	19.738636363636363	5211	1.6974109292554342	2688.698911940608
chr5	121960001	121985000	chr5	121960001	122160000	200000	25000	21.18	96.0%	0.0834999999999999	-0.2439248857713512	0.089	-0.24392488577135127	21.18	4236	1.3786670805911643	1378.6670805911642
chr8	132050001	132070000	chr8	132050001	132270000	220000	20000	18.53409090909091	97.0%	0.0995	-0.2444957986498982	0.10500000000000001	-0.24449579864989826	18.53409090909091	3262	1.2414097817684406	873.9524863649822
chr6	12145001	12170000	chr6	12145001	12290000	145000	25000	26.910344827586208	97.0%	0.096	-0.2452939041027892	0.102	-0.2452939041027892	26.910344827586208	3902	1.2535902582362533	908.8529372212836
chr11	123220001	123245000	chr11	123120001	123245000	125000	25000	36.648	97.0%	0.036	-0.2518887420966506	0.039	-0.2518887420966506	36.648	4581	1.634456426751666	1021.5352667197913
chr11	117835001	117855000	chr11	117835001	118055000	220000	20000	21.630681818181817	98.0%	0.0285	-0.2520537809824805	0.0325	-0.2520537809824805	21.630681818181817	3807	2.300914516148716	1619.8438193686961
chr12	88145001	88170000	chr12	88145001	88590000	445000	25000	11.548314606741574	96.0%	0.091	-0.2529311194763045	0.099	-0.2529311194763045	11.548314606741574	5139	2.5156376656897654	5597.293806159728
chr1	201030001	201050000	chr1	200550001	201050000	500000	20000	10.2825	95.0%	0.099	-0.2554537534468781	0.1045	-0.25545375344687815	10.2825	4113	1.902552689064127	3044.084302502603
chr1	46730001	46750000	chr1	46730001	47095000	365000	20000	12.86986301369863	95.0%	0.056	-0.2576470634610275	0.059	-0.2576470634610275	12.86986301369863	3758	1.7716171805193808	2069.2488668466367
chr6	136955001	136980000	chr6	136955001	137100000	145000	25000	30.917241379310344	96.0%	0.039	-0.2619601217956362	0.041	-0.26196012179563627	30.917241379310344	4483	1.5474563853815009	1121.9058794015882
chr13	95815001	95835000	chr13	95500001	95835000	335000	20000	13.873134328358208	95.0%	0.065	-0.273924820115935	0.068	-0.27392482011593505	13.873134328358208	3718	2.1129898591673486	2265.1251290273976
chr4	41280001	41300000	chr4	41280001	41895000	615000	20000	9.71951219512195	96.0%	0.064	-0.2741343736602529	0.07	-0.27413437366025295	9.71951219512195	4782	2.8754981387821066	5658.980337123186
chr13	106075001	106095000	chr13	106075001	106535000	460000	20000	10.315217391304348	96.0%	0.061	-0.2759088061648644	0.066	-0.2759088061648644	10.315217391304348	3796	2.693836607151469	3965.3274857269625
chr8	11760001	11780000	chr8	11760001	12000000	240000	20000	19.703125	98.0%	0.0395	-0.2804155706962761	0.042499999999999996	-0.28041557069627615	19.703125	3783	2.234447749473921	1716.0558715959714
chr11	118175001	118205000	chr11	118175001	118510000	335000	30000	15.654228855721392	95.0%	0.085	-0.2813511161403629	0.091	-0.2813511161403629	15.654228855721392	6293	1.8793351852951456	4532.956466931892
chr20	22585001	22605000	chr20	22365001	22605000	240000	20000	17.885416666666668	96.0%	0.0525	-0.2854584617685912	0.05499999999999999	-0.28545846176859124	17.885416666666668	3434	2.0486708112133836	1573.3791830118785
chr1	153180001	153200000	chr1	152855001	153200000	345000	20000	14.021739130434783	96.0%	0.091	-0.2872437506728604	0.093	-0.28724375067286045	14.021739130434783	3870	2.8615789032939727	3159.183109236546
chr2	41760001	41790000	chr2	40540001	41790000	1250000	30000	7.692666666666667	95.0%	0.0955	-0.2895330570237739	0.1015	-0.2895330570237739	7.692666666666667	11539	3.009943830893321	27089.49447803989
chr12	122035001	122060000	chr12	122035001	122200000	165000	25000	24.472727272727276	95.0%	0.029	-0.2901146666122854	0.031	-0.2901146666122854	24.472727272727273	4038	1.5458129303953865	1275.2956675761939
chr4	87210001	87235000	chr4	87020001	87235000	215000	25000	19.906976744186046	96.0%	0.092	-0.2904313407898966	0.094	-0.2904313407898966	19.906976744186046	4280	1.2712733926272275	1366.6188970742696
chr3	132230001	132255000	chr3	132230001	132580000	350000	25000	14.38	95.0%	0.051	-0.2937682601375645	0.0525	-0.2937682601375645	14.38	5033	1.7250820772754887	3018.893635232105
chr17	27345001	27375000	chr17	27345001	27570000	225000	30000	17.859259259259257	95.0%	0.069	-0.2939291485789514	0.073	-0.2939291485789514	17.85925925925926	4822	1.5099471421668342	2446.1143703102716
chr10	100325001	100345000	chr10	100325001	100530000	205000	20000	22.152439024390244	96.0%	0.035	-0.2951084592344142	0.039	-0.2951084592344142	22.152439024390244	3633	2.1538312468329317	1412.9132979224032
chr1	85700001	85725000	chr1	85700001	85905000	205000	25000	21.15609756097561	98.0%	0.042	-0.2963614586919874	0.044	-0.29636145869198743	21.15609756097561	4337	1.7297739229542812	1773.0182710281383
chr12	6165001	6190000	chr12	6055001	6190000	135000	25000	30.07407407407408	97.0%	0.066	-0.3080185926071344	0.072	-0.30801859260713443	30.074074074074073	4060	1.5688649072786902	1058.9838124131159
chr11	118470001	118495000	chr11	118125001	118495000	370000	25000	15.32972972972973	95.0%	0.06	-0.3098643918167681	0.065	-0.30986439181676817	15.32972972972973	5672	2.1656263962214117	4006.408833009612
chr4	184265001	184295000	chr4	184265001	184695000	430000	30000	12.792635658914728	95.0%	0.0925	-0.3148490784657874	0.0975	-0.31484907846578747	12.792635658914728	6601	2.028280135751455	6279.5553002865045
chr15	64200001	64220000	chr15	64200001	64735000	535000	20000	10.14018691588785	95.0%	0.065	-0.3156011634243731	0.071	-0.3156011634243731	10.14018691588785	4340	3.0955173892170627	5299.525770339611
chr10	114765001	114790000	chr10	114580001	114790000	210000	25000	18.93809523809524	95.0%	0.063	-0.3163167004479497	0.065	-0.31631670044794974	18.938095238095237	3977	1.5656225751171384	1643.9037038729953
chr5	16925001	16945000	chr5	16925001	17190000	265000	20000	15.74056603773585	97.0%	0.073	-0.317735699154296	0.076	-0.31773569915429606	15.74056603773585	3337	1.799161189119738	1525.6886883735378
chr5	11170001	11190000	chr5	10635001	11190000	555000	20000	8.754504504504505	96.0%	0.094	-0.3216019321951933	0.097	-0.3216019321951933	8.754504504504505	3887	1.669148541588149	2964.407809860553
chr2	62755001	62775000	chr2	62505001	62775000	270000	20000	24.93055555555556	96.0%	0.0745	-0.3246071384051875	0.077	-0.3246071384051875	24.930555555555557	5385	2.1382878639804197	1847.4807144790827
chr12	725001	750000	chr12	575001	750000	175000	25000	25.98857142857143	95.0%	0.059	-0.3263551601784338	0.065	-0.3263551601784338	25.98857142857143	4548	1.5763245223552487	1379.2839570608426
chr11	32800001	32820000	chr11	32800001	33070000	270000	20000	16.194444444444443	96.0%	0.088	-0.3301402281176649	0.0945	-0.3301402281176649	16.194444444444443	3498	1.4728485053629607	1272.541108633598
chr11	96320001	96345000	chr11	96090001	96345000	255000	25000	20.635294117647057	95.0%	0.067	-0.3331972241324002	0.072	-0.33319722413240027	20.63529411764706	5262	2.0113323483350554	2564.4487441271954
chr2	226800001	226820000	chr2	225695001	226820000	1125000	20000	5.36	96.0%	0.052	-0.340551108612269	0.054	-0.34055110861226906	5.36	4824	3.551324412611668	12784.767885402005
chr16	83200001	83225000	chr16	82610001	83225000	615000	25000	8.25691056910569	95.0%	0.079	-0.3413456371365126	0.079	-0.34134563713651267	8.256910569105692	5078	3.23034136256699	9933.299689893494
chr12	79750001	79770000	chr12	79750001	80235000	485000	20000	11.927835051546392	96.0%	0.092	-0.3423797073722837	0.1	-0.3423797073722837	11.927835051546392	4628	1.6418195234077932	2548.103900328895
chr5	141875001	141900000	chr5	141690001	141900000	210000	25000	19.61904761904762	97.0%	0.048	-0.3434378674701206	0.051500000000000004	-0.3434378674701206	19.61904761904762	4120	1.9331397213199875	2029.7967073859868
chr12	6400001	6430000	chr12	6400001	6590000	190000	30000	23.850877192982452	97.0%	0.0765	-0.3440936636908275	0.08	-0.34409366369082756	23.850877192982455	5438	1.2972892317935019	1774.6916690935104
chr1	9285001	9305000	chr1	9285001	9490000	205000	20000	18.054878048780488	96.0%	0.06	-0.3465956644319699	0.065	-0.3465956644319699	18.054878048780488	2961	2.098985803097641	1376.9346868320526
chr6	56700001	56720000	chr6	56700001	56955000	255000	20000	17.41176470588235	96.0%	0.061	-0.3467133598464454	0.068	-0.34671335984644547	17.41176470588235	3552	1.6709861462043616	1363.524695302759
chr4	99390001	99410000	chr4	98145001	99410000	1265000	20000	4.567193675889328	96.0%	0.068	-0.3498386878269822	0.065	-0.3498386878269822	4.567193675889328	4622	2.3260179926680586	9415.720834320302
chr1	3905001	3930000	chr1	3905001	4095000	190000	25000	17.931578947368422	96.0%	0.0814999999999999	-0.3555490019418019	0.086	-0.35554900194180195	17.931578947368422	3407	0.9764859868405216	927.6616874984954
chr11	33155001	33170000	chr11	33155001	33365000	210000	15000	18.41269841269841	95.0%	0.045	-0.3569575865048687	0.0495	-0.3569575865048687	18.41269841269841	2320	1.6661290298703544	629.796773290994
chr6	34400001	34420000	chr6	34155001	34420000	265000	20000	16.537735849056602	95.0%	0.069	-0.3613260771609045	0.071	-0.3613260771609045	16.537735849056602	3506	1.5948609162475729	1352.4420569779418
chr5	1630001	1650000	chr5	1160001	1650000	490000	20000	7.72704081632653	95.0%	0.0695	-0.3698615898116669	0.071	-0.36986158981166695	7.7270408163265305	3029	1.6104503592163146	2525.1861632511814
chr4	1120001	1145000	chr4	1120001	1530000	410000	25000	11.74390243902439	96.0%	0.0715	-0.3800778807789759	0.0745	-0.3800778807789759	11.74390243902439	4815	1.334771378519314	2736.2813259645936
chr4	73840001	73865000	chr4	73665001	73865000	200000	25000	23.25	97.0%	0.0905	-0.3910202246309999	0.0975	-0.39102022463099995	23.25	4650	1.7289716083461804	1728.9716083461803
chr17	57840001	57860000	chr17	57840001	58120000	280000	20000	14.834821428571429	96.0%	0.0715	-0.3932725428333707	0.0775	-0.39327254283337076	14.834821428571429	3323	2.4095389762244435	2158.9469226971014
chr12	120970001	120990000	chr12	120610001	120990000	380000	20000	12.108552631578949	96.0%	0.0865	-0.3988981821364016	0.09	-0.39889818213640166	12.108552631578947	3681	1.8602449154839278	2262.0578172284563
chr5	20001	40000	chr5	20001	345000	325000	20000	13.35	95.0%	0.001	-0.4000159346164955	0.001	-0.40001593461649554	13.35	3471	1.1583051756543157	1204.6373826804884
chr4	68375001	68400000	chr4	68190001	68400000	210000	25000	21.633333333333333	95.0%	0.0455	-0.4009804115788457	0.05	-0.4009804115788457	21.633333333333333	4543	1.5887012570998236	1668.1363199548148
chr6	137850001	137875000	chr6	137720001	137875000	155000	25000	30.47096774193548	97.0%	0.033	-0.4019538154014739	0.035	-0.40195381540147396	30.470967741935485	4723	1.878980627349616	1456.2099861959523
chr9	69520001	69555000	chr9	69410001	69555000	145000	35000	30.7192118226601	96.0%	0.046	-0.4024755335861257	0.05	-0.40247553358612576	30.7192118226601	6236	2.1642937233438264	3075.461380871577
chr12	22085001	22120000	chr12	22085001	22460000	375000	35000	14.10095238095238	96.0%	0.084	-0.4054276268454336	0.092	-0.4054276268454336	14.10095238095238	7403	2.347238899698906	8626.102956393479
chrX	107755001	107780000	chrX	107630001	107780000	150000	25000	16.013333333333332	96.0%	0.0935	-0.4077682845841873	0.101	-0.4077682845841873	16.013333333333332	2402	2.2113565162415214	1658.517387181141
chr11	121315001	121330000	chr11	121315001	121545000	230000	15000	19.28985507246377	97.0%	0.089	-0.4096896397914727	0.095	-0.40968963979147277	19.28985507246377	2662	1.8149774544181831	751.4006661291278
chr4	186705001	186740000	chr4	186705001	186940000	235000	35000	19.30699088145897	96.0%	0.031	-0.4114507923259972	0.032	-0.4114507923259972	19.306990881458965	6352	1.784687987297199	4110.136434745449
chr5	59810001	59830000	chr5	59810001	60665000	855000	20000	6.631578947368421	96.0%	0.081	-0.4140200669570847	0.086	-0.4140200669570847	6.631578947368421	4536	2.3516724091588967	6434.175711458742
chr20	13105001	13125000	chr20	13105001	13320000	215000	20000	19.6453488372093	97.0%	0.051	-0.4183677043756783	0.053	-0.41836770437567833	19.6453488372093	3379	1.8636318472810889	1282.1787109293891
chr1	115440001	115465000	chr1	115135001	115465000	330000	25000	15.94848484848485	96.0%	0.0695	-0.4212922675424148	0.07450000000000001	-0.42129226754241483	15.94848484848485	5263	2.399867515973835	3959.7814013568277
chr19	10925001	10945000	chr19	10925001	11135000	210000	20000	16.666666666666668	95.0%	0.047	-0.4233489871487176	0.051000000000000004	-0.42334898714871766	16.666666666666668	2800	1.7600531049271917	1182.7556865110728
chr3	112625001	112645000	chr3	112625001	113070000	445000	20000	11.654494382022472	95.0%	0.097	-0.4271775735154843	0.099	-0.4271775735154843	11.654494382022472	4149	2.1733783880007524	3094.8908245130715
chr14	89035001	89055000	chr14	89035001	89245000	210000	20000	17.339285714285715	95.0%	0.071	-0.4364856394442302	0.077	-0.4364856394442302	17.339285714285715	2913	1.6177130669629356	1087.1031809990927
chr14	55075001	55095000	chr14	55075001	55270000	195000	20000	23.28205128205128	96.0%	0.041	-0.4367128824703783	0.045	-0.4367128824703783	23.28205128205128	3632	2.202750809489687	1374.5165051215645
chr3	51355001	51380000	chr3	50500001	51380000	880000	25000	6.407954545454546	96.0%	0.095	-0.4395754240234975	0.096	-0.43957542402349753	6.407954545454546	5639	2.215751773561548	9749.307803670812
chr12	7805001	7825000	chr12	7645001	7825000	180000	20000	18.291666666666668	97.0%	0.0805	-0.4472163528872345	0.087	-0.4472163528872345	18.291666666666668	2634	1.210190608379052	697.0697904263338
chr18	70420001	70440000	chr18	70095001	70440000	345000	20000	14.405797101449275	96.0%	0.046	-0.4475041923575834	0.049	-0.4475041923575834	14.405797101449275	3976	2.828373635558432	3122.524493656509
chr3	150520001	150540000	chr3	150520001	150795000	275000	20000	16.286363636363635	95.0%	0.09	-0.4575977067230653	0.096	-0.4575977067230653	16.286363636363635	3583	1.2697168313787843	1117.3508116133303
chr1	46855001	46875000	chr1	46855001	47180000	325000	20000	13.142307692307693	95.0%	0.079	-0.4660211036098386	0.084	-0.46602110360983867	13.142307692307693	3417	2.300985861125656	2393.0252955706824
chr6	51845001	51865000	chr6	51845001	52025000	180000	20000	24.88888888888889	98.0%	0.0335	-0.4739809722572338	0.036500000000000005	-0.47398097225723385	24.88888888888889	3584	1.9567406082295702	1127.0825903402324
chr9	94055001	94075000	chr9	94055001	94220000	165000	20000	26.49242424242424	97.0%	0.031	-0.4803179792844366	0.034	-0.4803179792844366	26.492424242424242	3497	2.7790455724205603	1467.3360622380558
chr10	38580001	38595000	chr10	38580001	39555000	975000	15000	4.32991452991453	95.0%	0.078	-0.4857279459061185	0.081	-0.48572794590611856	4.32991452991453	2533	1.4105462600136098	2475.5086863238853
chr2	141535001	141560000	chr2	140895001	141560000	665000	25000	7.983458646616542	95.0%	0.043	-0.4902955829176529	0.046	-0.4902955829176529	7.983458646616541	5309	2.0992307777308743	6979.9423359551565
chr3	128415001	128435000	chr3	128415001	128590000	175000	20000	20.85	96.0%	0.061	-0.4928403030069374	0.066	-0.4928403030069374	20.85	2919	1.2458086488902638	697.6528433785477
chr7	106445001	106465000	chr7	106205001	106465000	260000	20000	18.197115384615383	95.0%	0.0735	-0.4965141746420644	0.0785	-0.49651417464206443	18.197115384615383	3785	2.166104304662827	1802.1987814794722
chr15	59240001	59255000	chr15	59240001	59495000	255000	15000	18.026143790849677	98.0%	0.036	-0.4965210867168147	0.038	-0.4965210867168147	18.026143790849673	2758	3.1264604306171333	1435.0453376532641
chr2	237650001	237670000	chr2	237650001	237855000	205000	20000	21.3109756097561	96.0%	0.059	-0.497964340755045	0.065	-0.49796434075504503	21.3109756097561	3495	1.2743562359304512	835.9776907703761
chr10	62230001	62245000	chr10	61920001	62245000	325000	15000	14.0	97.0%	0.089	-0.4990467002029198	0.096	-0.49904670020291986	14.0	2730	2.394289506407371	1400.6593612483118
chr4	81825001	81845000	chr4	81420001	81845000	425000	20000	12.741176470588234	95.0%	0.079	-0.5081519543746266	0.082	-0.5081519543746266	12.741176470588234	4332	2.312982372231527	3145.6560262348767
chr16	85600001	85620000	chr16	85300001	85620000	320000	20000	11.8203125	95.0%	0.08	-0.5245535863935022	0.08199999999999999	-0.5245535863935022	11.8203125	3026	1.8697962047844787	1914.6713136993062
chr9	97895001	97915000	chr9	97615001	97915000	300000	20000	16.720833333333335	95.0%	0.0755	-0.5341605385929762	0.078	-0.5341605385929762	16.720833333333335	4013	2.5334165934451724	2432.0799297073654
chr2	37975001	38000000	chr2	37975001	38560000	585000	25000	14.35897435897436	95.0%	0.07	-0.5368555838476828	0.078	-0.5368555838476828	14.35897435897436	8400	2.9173040839225766	8533.114445473537
chr2	49260001	49280000	chr2	49260001	49450000	190000	20000	35.19078947368421	97.0%	0.0825	-0.5384293283192588	0.0865	-0.5384293283192588	35.19078947368421	5349	1.8157834264356658	1103.9963232728849
chr15	74775001	74790000	chr15	74775001	74990000	215000	15000	17.65891472868217	96.0%	0.045	-0.5416919428258934	0.048	-0.5416919428258934	17.65891472868217	2278	1.846567348611673	714.6215639127174
chr12	89935001	89950000	chr12	89700001	89950000	250000	15000	19.6	95.0%	0.0424999999999999	-0.5418993807139333	0.046	-0.5418993807139333	19.6	2940	2.0387780012940646	917.450100582329
chr7	116660001	116675000	chr7	116660001	116925000	265000	15000	18.41509433962264	96.0%	0.075	-0.5489573280435196	0.08	-0.5489573280435196	18.41509433962264	2928	2.4109759892624814	1150.0355468782036
chr20	50785001	50800000	chr20	50785001	50975000	190000	15000	16.86842105263158	96.0%	0.0995	-0.5547116080223536	0.10600000000000001	-0.5547116080223536	16.86842105263158	1923	1.4534735863554393	497.08796653356023
chr12	43875001	43895000	chr12	43495001	43895000	400000	20000	11.39375	96.0%	0.0915	-0.5587918621599194	0.096	-0.5587918621599194	11.39375	3646	1.5462113003028446	1979.150464387641
chr2	189275001	189300000	chr2	189075001	189300000	225000	25000	20.737777777777776	97.0%	0.086	-0.5627989412128702	0.093	-0.5627989412128702	20.73777777777778	4666	1.9405601966563062	2183.1302212383443
chr2	46050001	46075000	chr2	46050001	46370000	320000	25000	24.5625	97.0%	0.053	-0.5654416917752026	0.0545	-0.5654416917752026	24.5625	7860	3.2194712095478333	5151.153935276533
chr19	45635001	45660000	chr19	45480001	45660000	180000	25000	19.622222222222224	95.0%	0.0915	-0.566949967565471	0.098	-0.566949967565471	19.622222222222224	3532	1.5314088038936875	1378.2679235043188
chr3	87080001	87095000	chr3	86875001	87095000	220000	15000	18.484848484848484	96.0%	0.0705	-0.5718267812060605	0.07450000000000001	-0.5718267812060605	18.484848484848484	2440	1.7318640843080455	685.818177385986
chr3	90525001	90545000	chr3	90525001	90715000	190000	20000	26.45394736842105	96.0%	0.03	-0.5727126744597738	0.034	-0.5727126744597738	26.45394736842105	4021	2.3459868808288826	1426.3600235439606
chr12	21700001	21720000	chr12	21700001	22070000	370000	20000	14.62162162162162	96.0%	0.0515	-0.5736214910326283	0.0545	-0.5736214910326283	14.621621621621621	4328	2.7898373187110646	3303.1673853539005
chr17	7040001	7055000	chr17	7040001	7175000	135000	15000	24.1358024691358	97.0%	0.028	-0.5786003734695021	0.032	-0.5786003734695021	24.135802469135804	1955	1.9756478649185245	480.08243117520146
chr9	19480001	19500000	chr9	19480001	19865000	385000	20000	12.217532467532468	96.0%	0.083	-0.5801427653522392	0.091	-0.5801427653522392	12.217532467532468	3763	1.920017755814217	2365.4618751631156
chr8	57990001	58005000	chr8	57990001	58365000	375000	15000	11.98222222222222	96.0%	0.086	-0.5825298576528236	0.087	-0.5825298576528236	11.982222222222223	2696	2.081684071027983	1405.1367479438886
chr3	43150001	43170000	chr3	43150001	43515000	365000	20000	13.178082191780822	97.0%	0.081	-0.5827901896762734	0.083	-0.5827901896762734	13.178082191780822	3848	1.8775593469199638	2192.9893172025177
chr7	151350001	151370000	chr7	151350001	151560000	210000	20000	20.392857142857142	96.0%	0.0445	-0.5838335315908951	0.048	-0.5838335315908951	20.392857142857142	3426	1.556482895687049	1045.9565059016968
chr6	158060001	158085000	chr6	157865001	158085000	220000	25000	18.80454545454545	98.0%	0.095	-0.5845183477226515	0.10200000000000001	-0.5845183477226515	18.804545454545455	4137	1.4447677896670457	1589.2445686337503
chr9	94775001	94800000	chr9	94775001	95135000	360000	25000	14.0	97.0%	0.056	-0.5856951262422133	0.061	-0.5856951262422133	14.0	5040	3.1796162418082385	5723.309235254829
chr2	156575001	156600000	chr2	155685001	156600000	915000	25000	6.594535519125683	95.0%	0.047	-0.5900024131679379	0.049	-0.5900024131679379	6.594535519125683	6034	2.26978171355255	10384.251339502916
chr11	72015001	72035000	chr11	72015001	72235000	220000	20000	21.619318181818183	98.0%	0.043	-0.590664349344919	0.048	-0.590664349344919	21.619318181818183	3805	1.75003093329383	1232.0217770388563
chr10	11715001	11730000	chr10	11410001	11730000	320000	15000	17.130208333333332	95.0%	0.0215	-0.596624134407986	0.0235	-0.596624134407986	17.130208333333332	3289	3.17185211355757	1826.9868174091603
chr6	133490001	133515000	chr6	132945001	133515000	570000	25000	10.421052631578949	96.0%	0.0775	-0.5993442419587801	0.081	-0.5993442419587801	10.421052631578947	5940	2.699380876782621	7693.23549883047
chr8	17100001	17120000	chr8	16775001	17120000	345000	20000	15.181159420289855	97.0%	0.039	-0.6151881528618679	0.043	-0.6151881528618679	15.181159420289855	4190	3.157565894236934	3485.952747237575
chr7	92035001	92055000	chr7	91815001	92055000	240000	20000	19.09895833333333	95.0%	0.0595	-0.6186756209649206	0.0635	-0.6186756209649206	19.098958333333332	3667	1.8585862531659274	1427.3942424314323
chr13	49660001	49680000	chr13	49660001	49990000	330000	20000	14.193181818181818	95.0%	0.0839999999999999	-0.6227019317665154	0.0885	-0.6227019317665154	14.193181818181818	3747	2.2577472194964083	2384.181063788207
chr12	54830001	54855000	chr12	54830001	55075000	245000	25000	16.808163265306124	96.0%	0.093	-0.6322140253023231	0.1	-0.6322140253023231	16.808163265306124	4118	1.6129683952248952	1975.8862841504967
chr9	108750001	108770000	chr9	108300001	108770000	470000	20000	10.231382978723405	96.0%	0.063	-0.6342890526069594	0.0655	-0.6342890526069594	10.231382978723405	3847	2.489580130702188	3744.328516576091
chr6	99730001	99750000	chr6	99435001	99750000	315000	20000	14.61904761904762	95.0%	0.079	-0.6417567152557998	0.08	-0.6417567152557998	14.619047619047619	3684	1.9876557763578524	2003.5570225687152
chr10	102915001	102935000	chr10	102915001	103390000	475000	20000	10.978947368421052	96.0%	0.076	-0.643523539237511	0.079	-0.643523539237511	10.978947368421053	4172	2.4553542250227443	3732.1384220345712
chr2	26945001	26970000	chr2	26945001	27090000	145000	25000	28.917241379310344	96.0%	0.027	-0.6478941648264577	0.031	-0.6478941648264577	28.917241379310344	4193	1.3838309335633348	1003.2774268334176
chr1	24835001	24860000	chr1	24835001	25105000	270000	25000	14.84814814814815	95.0%	0.098	-0.6543873286910982	0.10300000000000001	-0.6543873286910982	14.848148148148148	4009	1.4218277961370225	1919.4675247849805
chr2	152165001	152190000	chr2	152025001	152190000	165000	25000	23.612121212121213	96.0%	0.093	-0.6592478640482087	0.101	-0.6592478640482087	23.612121212121213	3896	1.190796268297875	982.4069213457469
chr17	48480001	48500000	chr17	48480001	48615000	135000	20000	26.58333333333333	95.0%	0.033	-0.6636353830738627	0.036	-0.6636353830738627	26.583333333333332	2871	1.6484393962260337	712.1258191696465
chr17	40905001	40930000	chr17	40905001	41345000	440000	25000	11.575	96.0%	0.0775	-0.6659465704532647	0.08349999999999999	-0.6659465704532647	11.575	5093	2.9881815160891154	6573.9993353960535
chr9	37900001	37925000	chr9	37900001	38440000	540000	25000	8.353703703703705	97.0%	0.062	-0.6680156516320475	0.0665	-0.6680156516320475	8.353703703703705	4511	2.5409083259490015	6860.452480062304
chr9	69180001	69200000	chr9	69055001	69200000	145000	20000	27.767241379310345	97.0%	0.052	-0.6805177223702674	0.055	-0.6805177223702674	27.767241379310345	3221	2.339441431804362	1085.500824357224
chr8	130670001	130690000	chr8	130285001	130690000	405000	20000	12.0	98.0%	0.099	-0.6819042539116735	0.101	-0.6819042539116735	12.0	3888	1.9535322376283712	2531.777779966369
chr2	105515001	105530000	chr2	105395001	105530000	135000	15000	27.48148148148148	98.0%	0.064	-0.696210740032104	0.071	-0.696210740032104	27.48148148148148	2226	1.3313729319733525	323.52362246952464
chr1	32690001	32715000	chr1	32690001	32880000	190000	25000	21.50526315789474	96.0%	0.0525	-0.7031567370233043	0.058499999999999996	-0.7031567370233043	21.50526315789474	4086	1.587226571111449	1507.8652425558766
chr2	66400001	66425000	chr2	65875001	66425000	550000	25000	12.338181818181818	96.0%	0.091	-0.706500536453554	0.0955	-0.706500536453554	12.338181818181818	6786	2.0515002280658616	5641.62562718112
chr13	26985001	27000000	chr13	26985001	27350000	365000	15000	13.360730593607306	97.0%	0.076	-0.7318311655729309	0.081	-0.7318311655729309	13.360730593607306	2926	2.7749248986015096	1823.125658381192
chr14	77845001	77870000	chr14	77845001	78035000	190000	25000	20.757894736842104	96.0%	0.0975	-0.7338193340890017	0.10250000000000001	-0.7338193340890017	20.757894736842104	3944	1.4002637837365506	1330.250594549723
chr18	35570001	35595000	chr18	35405001	35595000	190000	25000	23.03684210526316	97.0%	0.0925	-0.7385202300569234	0.098	-0.7385202300569234	23.03684210526316	4377	1.8243975213848136	1733.1776453155728
chr8	118110001	118130000	chr8	117660001	118130000	470000	20000	10.88563829787234	98.0%	0.091	-0.7395246839744168	0.0955	-0.7395246839744168	10.88563829787234	4093	2.3918398895950337	3597.3271939509305
chr10	102220001	102240000	chr10	102220001	102485000	265000	20000	16.933962264150942	97.0%	0.072	-0.7398363896158305	0.08	-0.7398363896158305	16.933962264150942	3590	1.9751082620127594	1674.8918061868198
chr10	131780001	131800000	chr10	131230001	131800000	570000	20000	8.285087719298245	96.0%	0.086	-0.7503394412762405	0.091	-0.7503394412762405	8.285087719298245	3778	1.945191704269413	3548.029668587409
chr11	13340001	13360000	chr11	13210001	13360000	150000	20000	28.8	98.0%	0.0345	-0.7504553761063963	0.037000000000000005	-0.7504553761063963	28.8	3456	1.87467858872433	899.8457225876784
chr11	95670001	95700000	chr11	95340001	95700000	360000	30000	14.942129629629628	96.0%	0.0905	-0.756173831401275	0.0955	-0.756173831401275	14.94212962962963	6455	1.7092851932481974	4430.467220899328
chr10	103245001	103265000	chr10	102815001	103265000	450000	20000	10.783333333333331	96.0%	0.0465	-0.7665705988044227	0.0475	-0.7665705988044227	10.783333333333333	3882	2.416476082559097	3479.7255588851
chr13	90860001	90880000	chr13	89880001	90880000	1000000	20000	5.89	96.0%	0.0285	-0.7824081519497547	0.0305	-0.7824081519497547	5.89	4712	3.63769538501318	11640.625232042175
chr1	224840001	224860000	chr1	224635001	224860000	225000	20000	19.93888888888889	95.0%	0.075	-0.7870007403446354	0.082	-0.7870007403446354	19.93888888888889	3589	2.1393895082554293	1540.360445943909
chr5	77560001	77580000	chr5	77560001	78215000	655000	20000	8.314885496183207	95.0%	0.077	-0.791831758584385	0.08	-0.791831758584385	8.314885496183207	4357	2.3745786211131534	4977.116789853169
chr3	73065001	73090000	chr3	72845001	73090000	245000	25000	18.79183673469388	98.0%	0.097	-0.7927993869318729	0.106	-0.7927993869318729	18.791836734693877	4604	1.8973018055313722	2324.194711775931
chr5	141405001	141425000	chr5	141405001	141565000	160000	20000	25.6015625	99.0%	0.026	-0.7988531515981738	0.0295	-0.7988531515981738	25.6015625	3277	2.0533662600569085	1051.3235251491371
chr1	31645001	31660000	chr1	31645001	31790000	145000	15000	29.229885057471265	98.0%	0.053	-0.8131858876568941	0.057	-0.8131858876568941	29.229885057471265	2543	1.5071127500389967	393.3564277601781
chr15	98840001	98860000	chr15	98525001	98860000	335000	20000	13.932835820895525	95.0%	0.074	-0.8148443871120761	0.078	-0.8148443871120761	13.932835820895523	3734	2.76312048886138	2962.0651640593996
chr3	101560001	101580000	chr3	101560001	101710000	150000	20000	24.633333333333333	95.0%	0.0765	-0.8221694169422272	0.08199999999999999	-0.8221694169422272	24.633333333333333	2956	1.119151238583027	537.192594519853
chr1	91610001	91630000	chr1	91610001	91935000	325000	20000	14.76923076923077	97.0%	0.084	-0.8260871985413752	0.092	-0.8260871985413752	14.76923076923077	3840	2.5048423606174426	2605.03605504214
chr14	20320001	20340000	chr14	20320001	20595000	275000	20000	14.195454545454544	95.0%	0.079	-0.8264808937795409	0.082	-0.8264808937795409	14.195454545454545	3123	2.000399510228096	1760.3515690007243
chr14	33840001	33860000	chr14	33840001	34325000	485000	20000	11.167525773195877	95.0%	0.075	-0.8308927320169237	0.083	-0.8308927320169237	11.167525773195877	4333	3.8984326042062847	6050.367401728154
chr1	61815001	61840000	chr1	61615001	61840000	225000	25000	22.066666666666663	98.0%	0.093	-0.8310477512670665	0.101	-0.8310477512670665	22.066666666666666	4965	1.980970109826529	2228.591373554845
chr3	186610001	186635000	chr3	186610001	186830000	220000	25000	19.90909090909091	98.0%	0.098	-0.8379006758487583	0.10500000000000001	-0.8379006758487583	19.90909090909091	4380	1.4746200919684807	1622.0821011653288
chr7	133855001	133875000	chr7	133855001	134000000	145000	20000	28.439655172413797	97.0%	0.088	-0.8395393152138936	0.094	-0.8395393152138936	28.439655172413794	3299	1.5159031796856266	703.3790753741307
chr14	22300001	22325000	chr14	22300001	22490000	190000	25000	24.71578947368421	95.0%	0.0375	-0.8689600728172392	0.040499999999999994	-0.8689600728172392	24.71578947368421	4696	2.397459405994742	2277.5864356950046
chr8	127200001	127220000	chr8	127200001	127675000	475000	20000	8.597368421052632	96.0%	0.093	-0.8762149480389791	0.099	-0.8762149480389791	8.597368421052632	3267	1.9034386241461125	2893.226708702091
chr4	69155001	69175000	chr4	68330001	69175000	845000	20000	6.718934911242603	95.0%	0.075	-0.8777998117961872	0.081	-0.8777998117961872	6.718934911242603	4542	3.1863133737947855	8615.7913627411
chr14	54560001	54575000	chr14	54560001	54815000	255000	15000	16.43137254901961	99.0%	0.03	-0.889898054640524	0.033	-0.889898054640524	16.431372549019606	2514	3.3679266645367614	1545.8783390223734
chr7	54865001	54885000	chr7	54865001	55125000	260000	20000	16.5625	95.0%	0.078	-0.8926315168127748	0.081	-0.8926315168127748	16.5625	3445	1.9375661813939224	1612.0550629197435
chr3	14250001	14270000	chr3	14250001	14635000	385000	20000	11.876623376623376	95.0%	0.094	-0.8976121184518411	0.093	-0.8976121184518411	11.876623376623376	3658	1.6578907494770876	2042.521403355772
chr11	110350001	110375000	chr11	110190001	110375000	185000	25000	25.0	97.0%	0.03	-0.9014077566065104	0.032	-0.9014077566065105	25.0	4625	2.414559970284518	2233.467972513179
chr8	125710001	125725000	chr8	125710001	125925000	215000	15000	21.41860465116279	98.0%	0.063	-0.9048278849762412	0.068	-0.9048278849762411	21.41860465116279	2763	1.8612771127571477	720.3142426370162
chr4	89865001	89885000	chr4	89575001	89885000	310000	20000	14.866935483870968	97.0%	0.0755	-0.9079149321307728	0.08149999999999999	-0.9079149321307727	14.866935483870968	3687	2.2067537224699953	2189.0996926902353
chr14	50520001	50540000	chr14	50325001	50540000	215000	20000	19.848837209302324	98.0%	0.07	-0.9118820133860732	0.071	-0.9118820133860733	19.848837209302324	3414	2.263914152593847	1557.5729369845667
chr15	65005001	65035000	chr15	65005001	65250000	245000	30000	17.46938775510204	96.0%	0.056	-0.9126920100674556	0.058	-0.9126920100674556	17.46938775510204	5136	1.8093382489826988	3191.6726712054806
chr13	110810001	110830000	chr13	110585001	110830000	245000	20000	15.98469387755102	97.0%	0.094	-0.9241471869800248	0.102	-0.9241471869800248	15.98469387755102	3133	1.7823311301423157	1397.3476060315754
chr3	39095001	39125000	chr3	39095001	39300000	205000	30000	22.87804878048781	96.0%	0.095	-0.9276633641333756	0.103	-0.9276633641333756	22.878048780487806	5628	1.6646388491971291	2457.0069414149625
chr7	17755001	17775000	chr7	17755001	18355000	600000	20000	9.347916666666666	95.0%	0.0805	-0.9412655634808382	0.08399999999999999	-0.9412655634808382	9.347916666666666	4487	3.3575219750399006	6446.442192076609
chr15	74350001	74370000	chr15	74350001	74620000	270000	20000	14.73148148148148	97.0%	0.087	-0.9430394594541612	0.0925	-0.9430394594541611	14.731481481481481	3182	1.6307378401040213	1408.9574938498745
chr5	38425001	38445000	chr5	38425001	38930000	505000	20000	10.891089108910892	95.0%	0.087	-0.9696781290401596	0.091	-0.9696781290401596	10.891089108910892	4400	2.8106564955923523	4542.020896877241
chr1	161540001	161565000	chr1	161540001	161780000	240000	25000	14.154166666666663	95.0%	0.049	-0.9714123510109482	0.0525	-0.9714123510109482	14.154166666666667	3397	1.7858211635535255	2142.9853962642305
chr16	67650001	67675000	chr16	67485001	67675000	190000	25000	18.231578947368423	98.0%	0.065	-0.9728219122159996	0.07200000000000001	-0.9728219122159996	18.231578947368423	3464	1.725697469261139	1639.412595798082
chr12	75615001	75635000	chr12	75615001	76125000	510000	20000	10.090686274509803	95.0%	0.0625	-0.9744287178475036	0.0645	-0.9744287178475037	10.090686274509803	4117	2.354317061529924	3842.2454444168357
chr18	45715001	45740000	chr18	45715001	45890000	175000	25000	27.142857142857142	99.0%	0.038	-0.9793950544581403	0.043	-0.9793950544581403	27.142857142857142	4750	2.436059945059206	2131.5524519268056
chr11	86660001	86685000	chr11	86660001	86815000	155000	25000	30.32903225806452	97.0%	0.053	-0.986863798367818	0.061	-0.986863798367818	30.329032258064515	4701	2.107305299669502	1633.161607243864
chr2	191490001	191505000	chr2	191175001	191505000	330000	15000	16.747474747474747	97.0%	0.0404999999999999	-0.9961263305098896	0.041999999999999996	-0.9961263305098896	16.747474747474747	3316	2.446186369384375	1453.0347034143188
chr6	25265001	25290000	chr6	25265001	25560000	295000	25000	17.65084745762712	95.0%	0.085	-1.0100931049566777	0.089	-1.0100931049566777	17.65084745762712	5207	2.579223957254699	3804.355336950681
chr7	142775001	142810000	chr7	142515001	142810000	295000	35000	17.038740920096853	95.0%	0.045	-1.0280416351632018	0.048	-1.0280416351632018	17.038740920096853	7037	1.9438104132803158	5619.555904793393
chr3	192805001	192825000	chr3	192805001	193510000	705000	20000	8.840425531914894	98.0%	0.039	-1.0280955826686595	0.042	-1.0280955826686595	8.840425531914894	4986	2.809486133622611	6338.20071745261
chr13	50785001	50805000	chr13	50105001	50805000	700000	20000	7.208928571428571	97.0%	0.075	-1.0347208591198631	0.079	-1.0347208591198633	7.208928571428571	4037	2.475036543640118	5544.081857753865
chr1	234130001	234155000	chr1	234130001	234370000	240000	25000	20.2	96.0%	0.096	-1.035849176243688	0.10250000000000001	-1.0358491762436879	20.2	4848	2.3847426134005345	2861.6911360806416
chr6	54710001	54725000	chr6	54710001	55260000	550000	15000	9.7	98.0%	0.0395	-1.0383835400288923	0.041	-1.0383835400288925	9.7	3201	2.718048133241705	2690.867651909288
chr8	33800001	33820000	chr8	33800001	34895000	1095000	20000	5.485159817351598	95.0%	0.088	-1.0543533276051382	0.09	-1.0543533276051382	5.485159817351598	4805	2.7566311552149663	9659.235567873242
chr15	82540001	82565000	chr15	82540001	83005000	465000	25000	10.576344086021503	96.0%	0.099	-1.0596640202660286	0.104	-1.0596640202660286	10.576344086021505	4918	1.9973926318324506	4643.937869010448
chr9	72355001	72380000	chr9	72355001	72590000	235000	25000	18.506382978723405	95.0%	0.083	-1.0629574330052582	0.084	-1.0629574330052582	18.506382978723405	4349	2.4052201757257023	2826.1337064777003
chr10	77245001	77265000	chr10	77245001	77680000	435000	20000	13.077586206896552	96.0%	0.051	-1.0672734655156078	0.054	-1.0672734655156078	13.077586206896552	4551	2.796746682414048	3893.0713819203547
chr19	42675001	42700000	chr19	42675001	42915000	240000	25000	17.933333333333334	95.0%	0.097	-1.0691964933372324	0.104	-1.0691964933372324	17.933333333333334	4304	1.9999201121185433	2399.904134542252
chr3	141450001	141470000	chr3	141295001	141470000	175000	20000	24.77857142857143	98.0%	0.086	-1.0699025381719742	0.093	-1.0699025381719742	24.77857142857143	3469	2.0454669635937828	1145.4614996125183
chr12	93370001	93390000	chr12	92975001	93390000	415000	20000	12.960843373493976	96.0%	0.03	-1.0702736769357728	0.031	-1.0702736769357728	12.960843373493976	4303	3.0026877506588185	3987.5693328749107
chr9	94990001	95010000	chr9	94760001	95010000	250000	20000	18.325	95.0%	0.0965	-1.071013226926394	0.1015	-1.0710132269263941	18.325	3665	2.4187897982296476	1935.031838583718
chr15	99685001	99705000	chr15	99305001	99705000	400000	20000	12.165625	95.0%	0.07	-1.0744007201911856	0.073	-1.0744007201911856	12.165625	3893	2.8795910174576056	3685.876502345735
chr7	27555001	27575000	chr7	27200001	27575000	375000	20000	14.363333333333332	96.0%	0.088	-1.0889747371346603	0.09	-1.0889747371346603	14.363333333333333	4309	2.6710652951323883	3205.278354158866
chr5	132495001	132515000	chr5	132370001	132515000	145000	20000	26.28448275862069	98.0%	0.037	-1.0973470805723011	0.041	-1.0973470805723013	26.28448275862069	3049	1.525136149330402	707.6631732893065
chr1	224305001	224330000	chr1	224125001	224330000	205000	25000	24.682926829268293	96.0%	0.099	-1.112574998857028	0.106	-1.112574998857028	24.682926829268293	5060	2.327157860380186	2385.3368068896907
chr1	16605001	16635000	chr1	16375001	16635000	260000	30000	49.04807692307693	97.0%	0.033	-1.1145249896679763	0.036000000000000004	-1.1145249896679763	49.04807692307692	15303	2.31142765038594	4326.992561522479
chr7	31430001	31450000	chr7	31430001	31740000	310000	20000	16.407258064516128	95.0%	0.096	-1.131870862696159	0.10300000000000001	-1.131870862696159	16.407258064516128	4069	1.928019819253004	1912.59566069898
chr2	11395001	11415000	chr2	11205001	11415000	210000	20000	24.75	96.0%	0.038	-1.132892746323542	0.0415	-1.132892746323542	24.75	4158	1.9897840336643497	1337.134870622443
chr12	64680001	64705000	chr12	64440001	64705000	265000	25000	19.449056603773585	95.0%	0.089	-1.138292296408853	0.097	-1.1382922964088533	19.449056603773585	5154	2.2515921661527423	2983.3596201523833
chr6	49495001	49530000	chr6	49495001	50025000	530000	35000	9.929919137466308	95.0%	0.0675	-1.138302174531494	0.07300000000000001	-1.138302174531494	9.929919137466307	7368	1.7395141101981082	9035.036288368974
chr10	68150001	68175000	chr10	67870001	68175000	305000	25000	15.731147540983608	97.0%	0.047	-1.1700493954182	0.051	-1.1700493954181999	15.731147540983606	4798	2.0746331636466735	3163.815574561177
chr1	184805001	184830000	chr1	184805001	185145000	340000	25000	16.108823529411765	97.0%	0.083	-1.1724424297893548	0.087	-1.1724424297893548	16.108823529411765	5477	2.47720274734519	4211.2446704868225
chr6	151765001	151785000	chr6	151765001	152360000	595000	20000	10.073529411764708	97.0%	0.09	-1.1900987820979705	0.094	-1.1900987820979705	10.073529411764707	4795	3.126401831082105	5952.669086380328
chr13	73390001	73415000	chr13	72785001	73415000	630000	25000	8.958730158730159	97.0%	0.0854999999999999	-1.195481939108481	0.0895	-1.195481939108481	8.958730158730159	5644	2.823783048059386	8894.916601387065
chr3	184405001	184425000	chr3	184405001	184550000	145000	20000	31.29310344827586	99.0%	0.038	-1.1955376078054385	0.042	-1.1955376078054383	31.29310344827586	3630	2.1291433584479145	987.9225183198323
chr15	64340001	64365000	chr15	64165001	64365000	200000	25000	20.605	95.0%	0.0775	-1.21606513238472	0.07949999999999999	-1.21606513238472	20.605	4121	2.1552054063837223	2155.205406383722
chr21	35040001	35060000	chr21	35040001	35400000	360000	20000	12.479166666666666	95.0%	0.0965	-1.2179270602978651	0.101	-1.2179270602978651	12.479166666666666	3594	2.9613535707821033	3411.4793135409827
chr14	23900001	23920000	chr14	23605001	23920000	315000	20000	16.55952380952381	96.0%	0.097	-1.2494410551820223	0.104	-1.2494410551820223	16.55952380952381	4173	3.549171503623662	3577.5648756526516
chr6	127065001	127085000	chr6	126735001	127085000	350000	20000	15.507142857142858	96.0%	0.0625	-1.253145967792932	0.0645	-1.253145967792932	15.507142857142858	4342	2.833633167795528	3173.6691479309916
chr1	59685001	59710000	chr1	58735001	59710000	975000	25000	6.4	95.0%	0.047	-1.2654037365287345	0.051	-1.2654037365287343	6.4	6240	4.463828051871892	21761.161752875472
chr5	119250001	119275000	chr5	119250001	119465000	215000	25000	19.837209302325583	97.0%	0.083	-1.2710723578595509	0.09	-1.2710723578595509	19.837209302325583	4265	1.4243439016291763	1531.1696942513645
chr1	233290001	233305000	chr1	233290001	233430000	140000	15000	25.36904761904762	98.0%	0.097	-1.272294651047036	0.105	-1.272294651047036	25.36904761904762	2131	1.302350903362814	328.19242764742916
chr1	234610001	234625000	chr1	234610001	235005000	395000	15000	12.877637130801688	95.0%	0.097	-1.2746700157927044	0.103	-1.2746700157927044	12.877637130801688	3052	2.331870143288832	1657.9596718783594
chr2	36660001	36685000	chr2	35675001	36685000	1010000	25000	9.704950495049506	95.0%	0.0265	-1.2922623437230496	0.0265	-1.2922623437230496	9.704950495049506	9802	4.267090972624245	21548.809411752434
chr14	77045001	77065000	chr14	76875001	77065000	190000	20000	25.0	95.0%	0.0605	-1.2962451219936069	0.0665	-1.2962451219936069	25.0	3800	3.209141121601798	1951.1578019338933
chr6	129725001	129745000	chr6	129495001	129745000	250000	20000	20.45	95.0%	0.067	-1.3300822824196268	0.07300000000000001	-1.3300822824196268	20.45	4090	2.7574971378449544	2205.9977102759635
chr7	31625001	31645000	chr7	31125001	31645000	520000	20000	9.59375	96.0%	0.0955	-1.3411334955123695	0.1015	-1.3411334955123695	9.59375	3991	2.77193943396402	4612.5072181161295
chr22	40615001	40640000	chr22	40440001	40640000	200000	25000	21.855	95.0%	0.092	-1.3559794120290456	0.0955	-1.3559794120290456	21.855	4371	3.294760465073851	3294.7604650738513
chr3	27650001	27670000	chr3	27125001	27670000	545000	20000	10.880733944954128	95.0%	0.094	-1.357420775094205	0.096	-1.357420775094205	10.880733944954128	4744	2.33530289668432	4072.7682518174543
chr17	40525001	40545000	chr17	40365001	40545000	180000	20000	24.99305555555556	98.0%	0.035	-1.3641701370081996	0.039	-1.3641701370081996	24.993055555555557	3599	2.563444176445943	1476.543845632863
chr17	15250001	15270000	chr17	15250001	15470000	220000	20000	18.0	96.0%	0.093	-1.3766178825089814	0.0995	-1.3766178825089814	18.0	3168	1.742933311839971	1227.0250515353396
chr8	8525001	8550000	chr8	8390001	8550000	160000	25000	27.39375	97.0%	0.092	-1.389256344523178	0.0975	-1.389256344523178	27.39375	4383	1.4860515015214413	1188.841201217153
chr4	153550001	153585000	chr4	153155001	153585000	430000	35000	13.3953488372093	96.0%	0.0794999999999999	-1.3918073998237317	0.07999999999999999	-1.3918073998237315	13.395348837209303	8064	2.0809213160019304	8769.002425632134
chr4	78055001	78075000	chr4	78055001	78570000	515000	20000	9.91504854368932	95.0%	0.077	-1.3966309607903284	0.078	-1.3966309607903284	9.91504854368932	4085	2.264820196978832	3732.423684621115
chr5	80255001	80280000	chr5	80090001	80280000	190000	25000	22.42105263157895	97.0%	0.037	-1.4405567007808155	0.039	-1.4405567007808155	22.42105263157895	4260	1.9823475474972	1883.23017012234
chr3	45740001	45765000	chr3	45740001	45925000	185000	25000	25.216216216216218	96.0%	0.082	-1.538733511039554	0.089	-1.538733511039554	25.216216216216218	4665	1.68538128422805	1558.9776879109463
chr5	148985001	149005000	chr5	148745001	149005000	260000	20000	18.942307692307693	95.0%	0.0814999999999999	-1.5625207835552486	0.087	-1.5625207835552486	18.942307692307693	3940	2.240520011215185	1864.1126493310337
chr9	375001	395000	chr9	375001	810000	435000	20000	11.35632183908046	95.0%	0.075	-1.6021924820605449	0.079	-1.6021924820605447	11.35632183908046	3952	3.1160595670530045	4337.554917337782
chr13	45265001	45285000	chr13	45040001	45285000	245000	20000	19.627551020408163	96.0%	0.034	-1.6049375101590884	0.037	-1.6049375101590884	19.627551020408163	3847	3.167777015308759	2483.537180002067
chr1	179095001	179125000	chr1	179095001	179380000	285000	30000	18.116959064327485	98.0%	0.097	-1.6058135934716995	0.104	-1.6058135934716997	18.116959064327485	6196	2.1048218153187	4319.094365033972
chr1	232650001	232670000	chr1	232650001	233250000	600000	20000	9.102083333333333	95.0%	0.08	-1.6345012713262823	0.08399999999999999	-1.6345012713262825	9.102083333333333	4369	2.2457898910173224	4311.916590753259
chr1	153805001	153825000	chr1	153805001	153990000	185000	20000	24.094594594594597	97.0%	0.067	-1.6406064312411464	0.071	-1.6406064312411464	24.094594594594593	3566	1.89892425668452	1124.1631599572358
chr5	34505001	34530000	chr5	34505001	35010000	505000	25000	10.831683168316832	96.0%	0.099	-1.6471469824688856	0.105	-1.6471469824688856	10.831683168316832	5470	2.7320893421006134	6898.525588804048
chr2	37660001	37675000	chr2	37660001	37820000	160000	15000	38.35416666666666	99.0%	0.073	-1.6660973306308282	0.077	-1.6660973306308282	38.354166666666664	3682	2.3394883403270317	673.7726420141851
chr13	109140001	109160000	chr13	109140001	109800000	660000	20000	8.219696969696969	97.0%	0.0805	-1.680299083572412	0.083	-1.680299083572412	8.219696969696969	4340	2.9147149062620428	6155.877882025435
chr11	114025001	114045000	chr11	114025001	114265000	240000	20000	19.213541666666668	96.0%	0.0935	-1.704985976672266	0.1	-1.7049859766722661	19.213541666666668	3689	2.2180479573277156	1703.4608312276855
chr5	49645001	49665000	chr5	49645001	50620000	975000	20000	79.22916666666667	95.0%	0.053	-1.7241865869195176	0.054	-1.7241865869195176	43.88076923076923	34227	2.512388486890536	7838.652079098472
chr2	34515001	34540000	chr2	34005001	34540000	535000	25000	13.624299065420562	97.0%	0.064	-1.7318846407441904	0.067	-1.7318846407441904	13.62429906542056	7289	2.1032101373928356	5626.087117525835
chr6	129235001	129255000	chr6	128705001	129255000	550000	20000	11.059090909090909	95.0%	0.065	-1.7572255612051904	0.07050000000000001	-1.7572255612051904	11.059090909090909	4866	2.7077706772591243	4765.676391976059
chr21	38810001	38830000	chr21	38810001	39040000	230000	20000	15.684782608695652	95.0%	0.0745	-1.7735973470779087	0.0805	-1.7735973470779087	15.684782608695652	2886	2.391474406072801	1760.1251628695813
chr21	33935001	33950000	chr21	33935001	34245000	310000	15000	13.870967741935482	95.0%	0.0794999999999999	-1.7952422985165353	0.08349999999999999	-1.7952422985165353	13.870967741935484	2580	2.642368372075614	1474.4415516181928
chr4	159160001	159180000	chr4	158735001	159180000	445000	20000	12.915730337078651	97.0%	0.08	-1.8167758993744905	0.087	-1.8167758993744905	12.915730337078651	4598	2.839999013031225	4044.158594556465
chr9	83060001	83075000	chr9	83060001	83175000	115000	15000	31.26086956521739	98.0%	0.098	-1.8335873045604971	0.102	-1.8335873045604973	31.26086956521739	2157	1.5495067915322631	320.74790584717846
chr2	37810001	37835000	chr2	37395001	37835000	440000	25000	21.10454545454545	98.0%	0.02	-1.872550994272544	0.021	-1.8725509942725438	21.104545454545455	9286	4.744095749748578	10437.010649446871
chr7	116510001	116530000	chr7	116255001	116530000	275000	20000	18.318181818181817	98.0%	0.046	-1.891283943792549	0.047	-1.891283943792549	18.318181818181817	4030	2.803012082252321	2466.650632382042
chr13	44430001	44450000	chr13	43890001	44450000	560000	20000	10.078125	95.0%	0.0195	-1.9185204680626664	0.020999999999999998	-1.9185204680626662	10.078125	4515	4.832400288134394	8659.661316336835
chr20	20855001	20875000	chr20	20855001	21625000	770000	20000	7.663961038961039	95.0%	0.045	-1.9594183119262107	0.046	-1.9594183119262107	7.663961038961039	4721	4.160854133429371	10252.34458476997
chr10	91225001	91250000	chr10	90860001	91250000	390000	25000	13.871794871794872	95.0%	0.0695	-1.9727770881024	0.07200000000000001	-1.9727770881023996	13.871794871794872	5410	2.8453228525903285	5548.37956255114
chr4	110835001	110860000	chr4	110835001	110960000	125000	25000	31.12	97.0%	0.044	-2.0175573302781964	0.047	-2.0175573302781964	31.12	3890	1.6641982698684952	1040.1239186678094
chr6	55880001	55900000	chr6	55400001	55900000	500000	20000	11.3	96.0%	0.098	-2.020444993076889	0.10350000000000001	-2.020444993076889	11.3	4520	3.279322775355541	5246.916440568866
chr15	89885001	89900000	chr15	89885001	90085000	200000	15000	17.900000000000002	98.0%	0.067	-2.0219724115018765	0.07200000000000001	-2.0219724115018765	17.9	2148	2.1308595280536133	767.1094300993009
chr3	108460001	108480000	chr3	107745001	108480000	735000	20000	7.392857142857143	95.0%	0.098	-2.062232680658574	0.1	-2.062232680658574	7.392857142857143	4347	2.430182090986516	5715.788278000286
chr1	236115001	236135000	chr1	236115001	236810000	695000	20000	8.56294964028777	95.0%	0.091	-2.0677201304326225	0.096	-2.0677201304326225	8.56294964028777	4761	2.982152245369271	6632.306593701258
chr18	45375001	45395000	chr18	44080001	45395000	1315000	20000	4.680608365019012	95.0%	0.061	-2.1022858143854037	0.064	-2.1022858143854033	4.680608365019012	4924	3.389031231103529	14261.04342048365
chr3	15375001	15395000	chr3	15160001	15395000	235000	20000	19.58510638297872	97.0%	0.092	-2.103733142973036	0.101	-2.1037331429730357	19.585106382978722	3682	2.0406947484545936	1534.6024508378546
chr3	102190001	102210000	chr3	101795001	102210000	415000	20000	13.936746987951809	95.0%	0.066	-2.1095641343663987	0.069	-2.1095641343663987	13.936746987951807	4627	2.634270608130595	3498.31136759743
chr1	164775001	164795000	chr1	164140001	164795000	655000	20000	8.530534351145038	95.0%	0.055	-2.129413576239058	0.057	-2.129413576239058	8.530534351145038	4470	3.080823234286453	6457.405499064405
chr2	234480001	234505000	chr2	233985001	234505000	520000	25000	11.126923076923076	96.0%	0.049	-2.289716655153127	0.051000000000000004	-2.289716655153127	11.126923076923077	5786	2.485090423490827	6461.23510107615
chr2	44075001	44095000	chr2	44075001	44490000	415000	20000	18.295180722891565	95.0%	0.075	-2.2907984041604506	0.08	-2.2907984041604506	18.295180722891565	6074	2.4125318957736908	3203.8423575874613
chr20	55405001	55425000	chr20	55405001	56180000	775000	20000	6.7064516129032254	97.0%	0.071	-2.317450283223397	0.075	-2.317450283223397	6.7064516129032254	4158	3.316205203305171	8224.188904196824
chr4	144745001	144765000	chr4	144180001	144765000	585000	20000	9.747863247863249	98.0%	0.075	-2.403601424940385	0.078	-2.403601424940385	9.747863247863247	4562	2.5280478373586104	4732.505551535319
chr7	45920001	45940000	chr7	45920001	47125000	1205000	20000	4.911825726141079	95.0%	0.065	-2.445934736267788	0.067	-2.445934736267788	4.911825726141079	4735	3.6670780936769867	14140.253129218461
chr14	54770001	54790000	chr14	54425001	54790000	365000	20000	13.376712328767123	95.0%	0.088	-2.472492462944881	0.092	-2.4724924629448815	13.376712328767123	3906	2.74914634529615	3211.002931305903
chr6	105475001	105495000	chr6	105475001	106305000	830000	20000	8.164156626506024	95.0%	0.05	-2.922671984189848	0.054	-2.9226719841898476	8.164156626506024	5421	4.135745337510523	10984.539616427948
chr12	89045001	89065000	chr12	89045001	89530000	485000	20000	13.889175257731958	95.0%	0.092	-3.1602481093806776	0.097	-3.1602481093806776	13.889175257731958	5389	4.341934175456585	6738.681840308621
chr7	39445001	39470000	chr7	38785001	39470000	685000	25000	8.61167883211679	95.0%	0.061	-3.2845788525198785	0.063	-3.2845788525198785	8.61167883211679	5899	3.260220068263067	11166.253733801004
chr2	55750001	55770000	chr2	55750001	56135000	385000	20000	20.57467532467533	96.0%	0.039	-3.2863677576792565	0.043	-3.2863677576792565	20.574675324675326	6337	3.5038819699220887	4316.782586944013
chr2	43480001	43500000	chr2	42850001	43500000	650000	20000	13.601923076923075	96.0%	0.038	-3.3233567694433392	0.041	-3.3233567694433392	13.601923076923077	7073	4.282799928971179	8908.223852260053
chr8	17850001	17870000	chr8	17710001	17870000	160000	20000	29.890625	99.0%	0.054	-4.139836345221278	0.056999999999999995	-4.139836345221278	29.890625	3826	2.6839717685676567	1374.1935455066402
chr3	150285001	150305000	chr3	150285001	150505000	220000	20000	24.857954545454547	98.0%	0.0965	-4.362418864979791	0.103	-4.362418864979791	24.857954545454547	4375	2.536832770555423	1785.9302704710178
chr3	30685001	30705000	chr3	30020001	30705000	685000	20000	9.297445255474452	97.0%	0.035	-4.396052379790093	0.036	-4.396052379790093	9.297445255474452	5095	3.7795540679256643	8284.782516893056
chr1	16715001	16740000	chr1	16515001	16740000	225000	25000	26.045454545454543	98.0%	0.045	-4.659992797978287	0.047	-4.659992797978287	25.466666666666665	5730	2.236289133553491	2515.8252752476774
chr11	62050001	62070000	chr11	61795001	62070000	275000	20000	17.822727272727274	95.0%	0.062	-4.732768248143652	0.069	-4.7327682481436515	17.822727272727274	3921	2.4074285023450157	2118.537082063614
chr14	49885001	49900000	chr14	49885001	50110000	225000	15000	19.82962962962963	98.0%	0.042	-4.95533116775352	0.046	-4.95533116775352	19.82962962962963	2677	2.9764943758016167	1205.4802221996547
chr1	197850001	197870000	chr1	197515001	197870000	355000	20000	16.411971830985916	97.0%	0.037	-5.076247265531746	0.041	-5.076247265531746	16.411971830985916	4661	3.3697738766336762	3828.0631238558562
chr9	83530001	83545000	chr9	83200001	83545000	345000	15000	15.057971014492752	95.0%	0.096	-5.165028281869941	0.102	-5.165028281869941	15.057971014492754	3117	3.088040096561796	1917.6728999648751
chr10	41875001	41900000	chr10	41730001	41900000	170000	25000	105.55294117647058	95.0%	0.011	-5.557531620111053	0.013000000000000001	-5.557531620111053	105.55294117647058	17944	3.6767257390501857	3125.216878192658
chr2	36355001	36375000	chr2	36355001	36785000	430000	20000	20.09593023255814	95.0%	0.0635	-6.039168763929603	0.066	-6.039168763929603	20.09593023255814	6913	3.28399979626955	4518.783719666901
chr1	94515001	94550000	chr1	94515001	94745000	230000	35000	34.86024844720497	98.0%	0.064	-7.465435654983219	0.07050000000000001	-7.465435654983219	34.86024844720497	11225	3.5516176499068846	8005.346182890118
chr14	61480001	61500000	chr14	61480001	61840000	360000	20000	15.916666666666666	95.0%	0.098	-8.203058736663733	0.10650000000000001	-8.203058736663733	15.916666666666666	4584	3.367307634886033	3879.13839538871
