chr16	34575001	34595000	chr16	34575001	36340000	1765000	20000	71.70579268292683	95.0%	0.001	1793.2188178630677	0.001	1793.2188178630677	66.62747875354107	94078	26.21073193440228	148038.21396550408
chr16	34575001	34600000	chr16	33515001	34600000	1085000	25000	109.83260869565216	95.0%	0.001	131.1247732841605	0.001	131.1247732841605	93.12995391705068	101046	9.005276518598208	48853.625113395276
chr20	31055001	31075000	chr20	29505001	31075000	1570000	20000	30.60446428571429	98.0%	0.002	60.741310249704725	0.0025	60.741310249704725	27.2906050955414	34277	7.921656314172929	39798.401322404796
chr2	90380001	90400000	chr2	89190001	90400000	1210000	20000	87.11052631578947	95.0%	0.001	50.988033488300175	0.001	50.988033488300175	68.39256198347107	66204	6.087803153648594	23571.973810927357
chr20	31055001	31080000	chr20	31055001	31385000	330000	25000	126.08771929824562	99.0%	0.001	47.14674770601933	0.001	47.14674770601933	108.89393939393939	35935	6.045476920040982	9975.03691806762
chr3	93450001	93485000	chr3	93450001	94490000	1040000	35000	35.36439790575916	95.0%	0.001	38.985342178108354	0.001	38.985342178108354	23.19574175824176	33773	3.2817270449122704	33447.36204174586
chr21	9245001	9260000	chr21	9245001	9370000	125000	15000	201.28	98.0%	0.001	38.3096769764692	0.001	38.3096769764692	201.28	15096	4.546578825876676	1022.9802358222521
chr1	219800001	219820000	chr1	218505001	219820000	1315000	20000	7.359315589353612	95.0%	0.003	22.591817441999023	0.004	22.591817441999023	7.359315589353612	7742	5.478003343712112	23051.43807034057
chr10	42065001	42085000	chr10	42065001	42780000	715000	20000	27.795454545454547	95.0%	0.001	19.644331286343576	0.001	19.644331286343576	27.795454545454547	15899	3.0480768097023856	6973.999740599058
chr16	77225001	77245000	chr16	77225001	77670000	445000	20000	12.969101123595506	95.0%	0.035	17.441797317344783	0.036	17.441797317344783	12.969101123595506	4617	5.543506921911334	7893.953856801739
chr13	108880001	108900000	chr13	108310001	108900000	590000	20000	10.11228813559322	96.0%	0.0065	17.395778477726445	0.007	17.395778477726445	10.11228813559322	4773	4.277748951498293	8076.390020428778
chr8	64245001	64265000	chr8	63335001	64265000	930000	20000	8.55510752688172	95.0%	0.011	14.827099576159544	0.011	14.827099576159545	8.55510752688172	6365	4.7507104962261835	14138.114436769123
chr14	54325001	54345000	chr14	53855001	54345000	490000	20000	10.823979591836734	95.0%	0.0065	14.476977170949135	0.007	14.476977170949137	10.823979591836734	4243	3.592547657156465	5633.114726421337
chr14	35395001	35425000	chr14	35125001	35425000	300000	30000	16.95	96.0%	0.0055	14.349748342221549	0.0055	14.349748342221547	16.95	6102	3.8085492471922104	8226.466373935174
chr1	192475001	192495000	chr1	192475001	193040000	565000	20000	10.75442477876106	95.0%	0.012	12.811604522292887	0.013	12.811604522292887	10.754424778761061	4861	4.065657577557369	7350.708900223723
chr9	21775001	21795000	chr9	21185001	21795000	610000	20000	10.12295081967213	97.0%	0.0104999999999999	12.610192868736842	0.0115	12.610192868736842	10.12295081967213	4940	4.569540311964699	8919.742688955093
chr12	65295001	65325000	chr12	65295001	66115000	820000	30000	7.409552845528456	95.0%	0.01	11.833890705282656	0.011	11.833890705282656	7.409552845528455	7291	4.234400955300463	24999.903240093932
chr5	74635001	74655000	chr5	73890001	74655000	765000	20000	7.854575163398692	98.0%	0.009	11.53946834551831	0.01	11.53946834551831	7.854575163398692	4807	4.848544891240156	11869.2378937559
chr17	65970001	65990000	chr17	65440001	65990000	550000	20000	9.745454545454546	95.0%	0.01	11.102930534560372	0.011	11.102930534560373	9.745454545454546	4288	3.6462757724317045	6417.4453594798
chr1	162050001	162075000	chr1	162050001	162395000	345000	25000	15.42608695652174	99.0%	0.005	10.803772850512496	0.006	10.803772850512496	15.42608695652174	5322	3.4346908129882396	5924.841652404713
chr22	36460001	36480000	chr22	36270001	36480000	210000	20000	18.50595238095238	96.0%	0.0225	10.674345407597473	0.024	10.674345407597473	18.50595238095238	3109	3.468782524455448	2331.021856434061
chr6	83040001	83060000	chr6	82235001	83060000	825000	20000	7.933333333333334	95.0%	0.006	10.527962344144605	0.007	10.527962344144605	7.933333333333334	5236	4.263308258913967	11255.133803532874
chr11	108635001	108655000	chr11	107910001	108655000	745000	20000	9.25503355704698	95.0%	0.005	10.27940990784331	0.005	10.27940990784331	9.25503355704698	5516	3.7326998404119847	8898.756419542171
chr2	44980001	45000000	chr2	44980001	45610000	630000	20000	13.876984126984128	98.0%	0.0185	10.06425136717174	0.0195	10.06425136717174	13.876984126984127	6994	4.5375552236207355	9147.711330819402
chr11	4185001	4205000	chr11	4185001	4605000	420000	20000	17.610119047619047	98.0%	0.0185	9.825151601645375	0.019	9.825151601645377	17.610119047619047	5917	4.076317423076036	5478.570616614193
chr9	115875001	115895000	chr9	115875001	116285000	410000	20000	12.670731707317072	95.0%	0.0295	9.65067667109228	0.032	9.650676671092281	12.670731707317072	4156	3.642630341042234	4779.131007447411
chr5	17180001	17200000	chr5	16445001	17200000	755000	20000	8.213576158940397	96.0%	0.008	9.504914048522702	0.009	9.504914048522702	8.213576158940397	4961	3.7333673704874877	9019.81556709777
chr13	73690001	73715000	chr13	72785001	73715000	930000	25000	6.586021505376344	95.0%	0.0225	9.217798167952244	0.024	9.217798167952244	6.586021505376344	6125	4.408755140785484	20500.7114046525
chr16	21550001	21575000	chr16	21060001	21575000	515000	25000	14.246464646464648	96.0%	0.01	9.214019464239255	0.011	9.214019464239257	13.693203883495146	7052	2.5697697723586126	6617.157163823427
chr9	22230001	22250000	chr9	21815001	22250000	435000	20000	12.028735632183908	96.0%	0.011	9.098837561253813	0.013	9.098837561253813	12.028735632183908	4186	3.646205044688038	5075.5174222057485
chr12	76025001	76045000	chr12	75480001	76045000	565000	20000	9.29424778761062	95.0%	0.006	9.07897403791225	0.007	9.07897403791225	9.294247787610619	4201	3.7133464442278257	6713.730371163909
chr3	4270001	4290000	chr3	3185001	4290000	1105000	20000	5.569004524886878	97.0%	0.008	9.013801768663342	0.008	9.013801768663342	5.569004524886878	4923	4.282272033049246	15142.113908862135
chr1	172390001	172410000	chr1	171995001	172410000	415000	20000	14.99397590361446	97.0%	0.009	9.01303971133606	0.01	9.013039711336061	14.993975903614459	4978	4.5364485853398016	6024.403721331257
chr2	225670001	225690000	chr2	225670001	227115000	1445000	20000	5.267301038062284	96.0%	0.01	8.987145459269385	0.011	8.987145459269385	5.267301038062284	6089	5.754651416260436	26609.508148788256
chr9	72580001	72600000	chr9	72275001	72600000	325000	20000	15.492307692307692	95.0%	0.012	8.953780652310378	0.012	8.953780652310378	15.492307692307692	4028	3.835733838646547	3989.163192192409
chr1	218325001	218345000	chr1	218325001	219325000	1000000	20000	5.745	95.0%	0.02	8.765195696235942	0.0215	8.765195696235942	5.745	4596	4.6165979403952795	14773.113409264895
chr2	69700001	69720000	chr2	69365001	69720000	355000	20000	23.309859154929576	96.0%	0.006	8.761784395815276	0.007	8.761784395815276	23.309859154929576	6620	3.1544754312639136	3583.4840899158057
chr22	29025001	29045000	chr22	28845001	29045000	200000	20000	20.53125	98.0%	0.017	8.757388290071844	0.017	8.757388290071844	20.53125	3285	4.471799455317059	2861.9516514029174
chr22	30095001	30120000	chr22	30095001	30395000	300000	25000	15.826666666666668	95.0%	0.0195	8.606014724328272	0.019000000000000003	8.606014724328272	15.826666666666666	4748	3.680764727662389	5521.1470914935835
chr1	172710001	172730000	chr1	172415001	172730000	315000	20000	17.015873015873016	95.0%	0.006	8.535258043142555	0.007	8.535258043142555	17.015873015873016	4288	3.2691575222296554	3295.3107824074928
chr9	83925001	83945000	chr9	83925001	84320000	395000	20000	12.33860759493671	95.0%	0.014	8.355619700662663	0.015	8.355619700662663	12.33860759493671	3899	3.732999028834233	4718.510772446471
chr2	69715001	69735000	chr2	69715001	69905000	190000	20000	38.76315789473684	98.0%	0.002	8.30734241053226	0.002	8.30734241053226	38.76315789473684	5892	3.1464638897706045	1913.0500449805277
chr15	97900001	97920000	chr15	97900001	98300000	400000	20000	14.484375	95.0%	0.0265	8.258410765555396	0.0305	8.258410765555396	14.484375	4635	4.694364022454421	6008.785948741658
chr4	173010001	173030000	chr4	173010001	173425000	415000	20000	15.10843373493976	95.0%	0.014	8.216678786905744	0.015	8.216678786905744	15.108433734939759	5016	3.8498096596398454	5112.547228001715
chr9	87305001	87330000	chr9	86410001	87330000	920000	25000	6.360869565217391	95.0%	0.045	8.214490410708121	0.0475	8.214490410708121	6.360869565217391	5852	4.5274130996022945	20826.100258170554
chr2	42085001	42110000	chr2	42085001	42365000	280000	25000	28.3	97.0%	0.0055	8.211624459443438	0.006	8.211624459443438	28.3	7924	3.3361578931848994	4670.621050458859
chr18	59985001	60010000	chr18	59985001	60630000	645000	25000	8.362790697674418	95.0%	0.019	8.195284804736369	0.02	8.195284804736369	8.362790697674418	5394	3.37525086930221	10885.184053499628
chr8	100510001	100540000	chr8	100150001	100540000	390000	30000	15.967948717948715	96.0%	0.005	8.190986530882379	0.005	8.190986530882379	15.967948717948717	7473	3.5590201863734467	9993.728683336638
chrX	13475001	13495000	chrX	12910001	13495000	585000	20000	5.053418803418803	95.0%	0.026	8.093336636742722	0.027	8.093336636742722	5.053418803418803	2365	3.9763107846680033	7443.653788898502
chr16	13920001	13940000	chr16	13920001	14285000	365000	20000	13.76027397260274	95.0%	0.02	8.046546967233022	0.023	8.046546967233022	13.76027397260274	4018	3.7727603749947742	4406.584117993896
chr11	130430001	130450000	chr11	130430001	130900000	470000	20000	12.0	95.0%	0.033	7.969064399496491	0.0345	7.969064399496491	12.0	4512	4.055172886692334	6098.98002158527
chr8	17900001	17920000	chr8	17505001	17920000	415000	20000	15.036144578313252	95.0%	0.03	7.882947530274513	0.033	7.882947530274513	15.036144578313253	4992	3.585027134781203	4760.916034989437
chr1	204485001	204505000	chr1	204360001	204505000	145000	20000	33.172413793103445	98.0%	0.003	7.880540027162339	0.004	7.880540027162339	33.172413793103445	3848	2.578808205842852	1196.5670075110834
chr1	200490001	200515000	chr1	199970001	200515000	545000	25000	10.695412844036698	97.0%	0.009	7.800136755288597	0.011	7.800136755288597	10.695412844036698	5829	3.409322169054466	9290.40291067342
chrX	23885001	23905000	chrX	23695001	23905000	210000	20000	10.410714285714286	98.0%	0.0325	7.728890113099292	0.0335	7.728890113099292	10.410714285714286	1749	3.1637726403499404	2126.05521431516
chr14	67935001	67955000	chr14	67935001	68840000	905000	20000	7.383977900552487	97.0%	0.037	7.706245517204494	0.037	7.706245517204494	7.383977900552487	5346	5.395530841961171	15625.45731831955
chr1	68115001	68130000	chr1	68115001	68450000	335000	15000	17.766169154228855	96.0%	0.028	7.683481981520168	0.032	7.683481981520168	17.766169154228855	3571	4.073966486316029	2456.6017912485654
chr5	122185001	122205000	chr5	122185001	122505000	320000	20000	16.59375	97.0%	0.0095	7.671467992687209	0.01	7.671467992687209	16.59375	4248	3.1439130630593097	3219.366976572733
chr10	55905001	55925000	chr10	55905001	56400000	495000	20000	13.44949494949495	96.0%	0.009	7.637524580179883	0.009	7.637524580179883	13.44949494949495	5326	2.591002659842858	4104.148213191087
chr8	100810001	100840000	chr8	100545001	100840000	295000	30000	19.17514124293785	95.0%	0.007	7.587037232930988	0.007	7.587037232930988	19.175141242937855	6788	2.761718476068379	5865.890043169237
chr1	64230001	64245000	chr1	63575001	64245000	670000	15000	9.106965174129352	98.0%	0.0305	7.580946435116297	0.0325	7.580946435116297	9.106965174129353	3661	5.285633554931006	6374.474067246793
chr5	34175001	34195000	chr5	34175001	34470000	295000	20000	30.29237288135593	99.0%	0.004	7.514574654260148	0.005	7.514574654260148	30.29237288135593	7149	2.2205055984280584	2096.157284916087
chr4	174350001	174370000	chr4	174350001	174725000	375000	20000	15.743333333333334	98.0%	0.015	7.473935728845856	0.015	7.473935728845856	15.743333333333334	4723	3.914997415503399	4697.9968986040785
chr21	38345001	38365000	chr21	38155001	38365000	210000	20000	22.20833333333333	97.0%	0.0315	7.442879550201282	0.0335	7.442879550201282	22.208333333333332	3731	4.019742570013086	2701.267007048794
chr21	17380001	17400000	chr21	17380001	17620000	240000	20000	17.557291666666668	96.0%	0.02	7.406532470634674	0.0235	7.406532470634674	17.557291666666668	3371	3.7058640588910756	2846.103597228346
chr1	152000001	152035000	chr1	151850001	152035000	185000	35000	29.741312741312743	95.0%	0.001	7.283395633773701	0.002	7.283395633773701	29.74131274131274	7703	2.591979318991463	4699.258505331522
chr2	38705001	38740000	chr2	38520001	38740000	220000	35000	35.43181818181818	97.0%	0.002	7.24201658277722	0.002	7.24201658277722	35.43181818181818	10913	3.144825969386243	6780.244789996739
chr16	10955001	10975000	chr16	10955001	11740000	785000	20000	6.987261146496815	96.0%	0.023	7.187911747071215	0.024	7.187911747071215	6.987261146496815	4388	3.5240218987010214	8852.343009536966
chr12	89535001	89560000	chr12	89535001	90945000	1410000	25000	5.330496453900709	95.0%	0.018	7.182493077607279	0.0195	7.182493077607279	5.330496453900709	7516	4.695810630527082	33105.46494521593
chr10	6390001	6410000	chr10	6020001	6410000	390000	20000	13.103896103896105	98.0%	0.007	7.02812406115883	0.007	7.02812406115883	12.935897435897436	4036	2.7349917883993764	3413.2697519224216
chr4	20675001	20695000	chr4	20380001	20695000	315000	20000	16.333333333333332	96.0%	0.011	7.026193307544775	0.013	7.026193307544775	16.333333333333332	4116	2.7943146010372595	2816.6691178455576
chr2	32760001	32780000	chr2	32760001	33440000	680000	20000	12.794117647058824	96.0%	0.017	7.026087345741451	0.018000000000000002	7.026087345741451	12.794117647058824	6960	3.923883442867009	8538.370371678611
chr2	54510001	54530000	chr2	54510001	54710000	200000	20000	35.90625	99.0%	0.0069999999999999	6.981717066329403	0.0075	6.981717066329403	35.90625	5745	3.3463116053593565	2141.6394274299882
chr21	39120001	39140000	chr21	38725001	39140000	415000	20000	11.963855421686748	95.0%	0.02	6.973087675275061	0.021	6.973087675275061	11.963855421686747	3972	4.202242030048445	5580.577415904335
chr1	208230001	208255000	chr1	207980001	208255000	275000	25000	18.207272727272727	95.0%	0.012	6.956826156307886	0.013	6.956826156307886	18.207272727272727	5007	3.081360625452124	4236.87085999667
chr9	74765001	74785000	chr9	74765001	75080000	315000	20000	16.11904761904762	97.0%	0.027	6.837142845422017	0.031	6.837142845422017	16.11904761904762	4062	3.779425008098334	3809.6604081631203
chr18	22545001	22565000	chr18	22150001	22565000	415000	20000	11.852409638554215	96.0%	0.011	6.788911643899546	0.012	6.788911643899546	11.852409638554217	3935	2.6974612177934483	3582.2284972296993
chr1	181135001	181170000	chr1	180875001	181170000	295000	35000	18.297820823244557	95.0%	0.006	6.760930824592238	0.006	6.760930824592238	18.297820823244553	7557	2.7430733566721313	7930.225074139132
chr10	110305001	110330000	chr10	110305001	110750000	445000	25000	13.606741573033707	96.0%	0.035	6.751364108216945	0.036	6.751364108216945	13.606741573033707	6055	3.4252109954297936	7621.094464831291
chr17	61415001	61435000	chr17	61415001	61590000	175000	20000	26.214285714285715	96.0%	0.006	6.742101569848908	0.006	6.7421015698489075	26.214285714285715	3670	3.0507755752811194	1708.4343221574268
chr2	55160001	55180000	chr2	54700001	55180000	480000	20000	18.55989583333333	95.0%	0.007	6.710180598446625	0.007	6.710180598446625	18.559895833333332	7127	3.7449663499458077	5752.268313516761
chr5	55675001	55695000	chr5	55330001	55695000	365000	20000	14.722602739726028	98.0%	0.016	6.706149292538959	0.017	6.706149292538959	14.722602739726028	4299	3.3605856764307425	3925.1640700711073
chr16	86560001	86580000	chr16	86560001	87080000	520000	20000	8.478365384615385	96.0%	0.034	6.6920869500801565	0.035500000000000004	6.6920869500801565	8.478365384615385	3527	3.762094231448868	6260.124801130916
chr9	112055001	112075000	chr9	111770001	112075000	305000	20000	17.397540983606557	97.0%	0.018	6.641782841909712	0.02	6.641782841909712	17.397540983606557	4245	3.1497525353570914	3074.158474508521
chr20	13085001	13110000	chr20	12930001	13110000	180000	25000	26.26111111111111	97.0%	0.004	6.640914653645252	0.0045000000000000005	6.640914653645252	26.261111111111113	4727	2.9053762076957557	2614.83858692618
chr9	70580001	70615000	chr9	70250001	70615000	365000	35000	15.119373776908024	96.0%	0.019	6.623532574312009	0.02	6.623532574312009	15.119373776908024	7726	2.9729824103170506	10634.35808170409
chr21	36135001	36155000	chr21	36135001	36445000	310000	20000	14.012096774193548	95.0%	0.0135	6.617661644502373	0.014	6.617661644502373	14.012096774193548	3475	2.942765067564066	2919.2229470235534
chr2	149550001	149570000	chr2	149000001	149570000	570000	20000	9.666666666666666	97.0%	0.0135	6.597332899103603	0.013	6.597332899103603	9.666666666666666	4408	3.1603357242912296	5764.452361107203
chr17	66150001	66170000	chr17	65220001	66170000	950000	20000	5.753947368421053	96.0%	0.0415	6.573588675335635	0.043	6.573588675335635	5.753947368421053	4373	4.72855399815373	14374.80415438734
chr7	16550001	16570000	chr7	16070001	16570000	500000	20000	11.91	98.0%	0.025	6.571392588226671	0.027	6.571392588226671	11.91	4764	3.7721878739408505	6035.500598305361
chr10	120930001	120955000	chr10	120930001	121745000	815000	25000	6.758282208588957	95.0%	0.035	6.52063364647585	0.037	6.52063364647585	6.758282208588957	5508	3.5602426440456743	14507.988774486123
chr21	42805001	42825000	chr21	42580001	42825000	245000	20000	19.01020408163265	96.0%	0.012	6.440074551616522	0.014	6.440074551616522	19.010204081632654	3726	3.2162710634561407	2521.556513749614
chr10	59620001	59640000	chr10	59620001	60095000	475000	20000	12.15	95.0%	0.028	6.43650410418712	0.03	6.43650410418712	12.15	4617	3.2474570130762745	4936.134659875937
chr2	64025001	64055000	chr2	64025001	64560000	535000	30000	15.730529595015575	97.0%	0.008	6.393774896125193	0.009	6.393774896125193	15.730529595015577	10099	3.013531705455502	11608.124129414593
chr16	32805001	32840000	chr16	32315001	32840000	525000	35000	10.542857142857144	95.0%	0.017	6.387387952902063	0.018	6.3873879529020625	10.040816326530612	7380	1.823183000871592	9380.27653948434
chr20	22330001	22350000	chr20	22330001	22690000	360000	20000	13.84722222222222	95.0%	0.028	6.358412703255207	0.03	6.3584127032552065	13.847222222222221	3988	3.7898316001486227	4365.8860033712135
chr2	39905001	39925000	chr2	39905001	40820000	915000	20000	10.41120218579235	96.0%	0.046	6.30775846661328	0.046	6.30775846661328	10.41120218579235	7621	4.860926892686389	14232.793941785747
chr9	120745001	120765000	chr9	120745001	121070000	325000	20000	16.523076923076925	97.0%	0.018	6.275110658422828	0.02	6.275110658422828	16.523076923076925	4296	3.7184117006601234	3867.148168686528
chr6	85345001	85365000	chr6	85345001	85550000	205000	20000	23.603658536585368	99.0%	0.005	6.267609248062332	0.006	6.267609248062332	23.603658536585368	3871	2.9253967224886654	1919.0602499525644
chrX	103525001	103545000	chrX	103525001	103825000	300000	20000	9.645833333333334	96.0%	0.046	6.247675575717923	0.048	6.247675575717923	9.645833333333334	2315	3.9436740472245355	3785.9270853355542
chr17	970001	995000	chr17	670001	995000	325000	25000	13.44	95.0%	0.016	6.24176617231971	0.017	6.24176617231971	13.44	4368	2.4845956831628273	4037.4679851395945
chr2	147900001	147920000	chr2	147035001	147920000	885000	20000	6.888418079096045	98.0%	0.018	6.218519617211206	0.019	6.218519617211206	6.888418079096045	4877	3.6084831552792402	10219.224295750808
chr21	36910001	36935000	chr21	36620001	36935000	315000	25000	14.196825396825398	95.0%	0.02	6.213694118211004	0.023	6.213694118211004	14.196825396825396	4472	3.1153547419175642	4906.683718520164
chr3	189260001	189280000	chr3	189260001	189730000	470000	20000	12.361702127659576	98.0%	0.009	6.20180043920165	0.01	6.20180043920165	12.361702127659575	4648	2.7512766658961554	4137.920105507817
chr12	12365001	12395000	chr12	12365001	12710000	345000	30000	16.553140096618357	95.0%	0.014	6.1405096151515774	0.015	6.1405096151515774	16.553140096618357	6853	3.063529958546433	7609.808417029339
chr16	55685001	55705000	chr16	55445001	55705000	260000	20000	18.91826923076923	95.0%	0.0115	6.135145081636548	0.013	6.135145081636548	18.91826923076923	3935	3.597374683393816	2993.015736583655
chr12	99375001	99395000	chr12	99375001	99775000	400000	20000	14.64375	96.0%	0.03	6.096956833982278	0.0325	6.096956833982278	14.64375	4686	3.690191170588373	4723.444698353118
chr16	86510001	86530000	chr16	86005001	86530000	525000	20000	8.5	95.0%	0.021	6.081139274414297	0.024	6.081139274414297	8.5	3570	3.3827111993739933	5682.954814948309
chr5	141030001	141055000	chr5	140805001	141055000	250000	25000	20.748	99.0%	0.0125	6.074081312408604	0.013000000000000001	6.074081312408604	20.748	5187	3.0948912955496444	3868.6141194370557
chr8	101305001	101340000	chr8	101305001	102275000	970000	35000	6.394698085419734	95.0%	0.019	6.071474919378124	0.0185	6.071474919378124	6.394698085419735	8684	3.37769607994842	32108.378935989684
chr3	153015001	153040000	chr3	153015001	154025000	1010000	25000	6.11980198019802	97.0%	0.017	6.03942579091396	0.0175	6.03942579091396	6.1198019801980195	6181	3.8269223124224427	19325.957677733335
chr3	194305001	194325000	chr3	193660001	194325000	665000	20000	8.723684210526315	96.0%	0.012	6.033921812627644	0.012	6.033921812627644	8.723684210526315	4641	3.184093816291232	6775.751641067741
chr14	70800001	70820000	chr14	70605001	70820000	215000	20000	21.186046511627907	98.0%	0.011	6.013938678600038	0.011	6.013938678600038	21.186046511627907	3644	3.0335843112217558	2087.106006120568
chr1	235070001	235090000	chr1	234495001	235090000	595000	20000	8.926470588235293	95.0%	0.013	6.010226933968395	0.014	6.010226933968395	8.926470588235293	4249	3.7593219544658014	7157.7490013028855
chr9	109560001	109585000	chr9	109560001	109905000	345000	25000	15.953623188405796	96.0%	0.02	6.008868904977064	0.022	6.008868904977064	15.953623188405798	5504	3.506551189949624	6048.800802663101
chr11	9495001	9515000	chr11	8895001	9515000	620000	20000	12.471774193548388	95.0%	0.0284999999999999	6.006737624916089	0.032	6.006737624916089	12.471774193548388	6186	3.6174298681048898	7176.980858320101
chr1	240725001	240750000	chr1	240725001	240955000	230000	25000	21.43478260869565	99.0%	0.006	5.975099078223848	0.007	5.975099078223848	21.434782608695652	4930	2.845479905975142	3272.3018918714133
chr5	126335001	126355000	chr5	126335001	126650000	315000	20000	17.273809523809526	97.0%	0.007	5.95972048722782	0.008	5.95972048722782	17.273809523809526	4353	3.44802805398172	3475.6122784135737
chr1	147875001	147905000	chr1	147445001	147905000	460000	30000	11.442028985507248	96.0%	0.012	5.921094412970959	0.0135	5.921094412970959	11.442028985507246	6316	2.766734130556392	9163.42344040277
chr1	182385001	182405000	chr1	182070001	182405000	335000	20000	14.585820895522389	96.0%	0.046	5.9192704882003975	0.046	5.9192704882003975	14.585820895522389	3909	3.3759113361455637	3618.9769523480445
chr15	50870001	50890000	chr15	50510001	50890000	380000	20000	13.161184210526317	97.0%	0.025	5.908740016275948	0.027	5.908740016275948	13.161184210526315	4001	3.416065240133545	4153.935332002391
chr12	105410001	105430000	chr12	105410001	106230000	820000	20000	7.4435975609756095	95.0%	0.0445	5.905576265205095	0.0485	5.905576265205095	7.4435975609756095	4883	3.7165039144829652	9752.106271603301
chr17	55520001	55540000	chr17	55520001	55830000	310000	20000	15.806451612903226	97.0%	0.0209999999999999	5.901925620906189	0.023	5.901925620906189	15.806451612903226	3920	3.2594256055579662	3233.3502007135025
chr4	74120001	74140000	chr4	73655001	74140000	485000	20000	12.768041237113405	97.0%	0.01	5.898528342158885	0.011	5.898528342158885	12.768041237113403	4954	3.2803141580767345	5091.047573335092
chr3	12465001	12485000	chr3	12125001	12485000	360000	20000	15.229166666666666	97.0%	0.0125	5.894350869857675	0.014	5.894350869857675	15.229166666666666	4386	3.032701497337437	3493.6721249327275
chr4	159425001	159450000	chr4	159185001	159450000	265000	25000	19.92830188679245	99.0%	0.008	5.864823303306446	0.008	5.864823303306446	19.928301886792454	5281	2.3085313723721765	3058.804068393134
chr2	64860001	64880000	chr2	64495001	64880000	385000	20000	20.964285714285715	96.0%	0.031	5.858331896614694	0.033	5.858331896614694	20.964285714285715	6457	4.3558656119655925	5366.42643394161
chr3	159240001	159260000	chr3	158795001	159260000	465000	20000	14.814516129032258	97.0%	0.007	5.798308841690692	0.007	5.798308841690692	14.814516129032258	5511	3.9464454135208733	5872.31077531906
chr7	106170001	106195000	chr7	106170001	106790000	620000	25000	9.974193548387095	97.0%	0.0165	5.779281231360218	0.0165	5.779281231360218	9.974193548387097	6184	2.9970090289471827	9290.727989736266
chr10	54685001	54705000	chr10	53965001	54705000	740000	20000	11.743243243243244	96.0%	0.012	5.76894211843963	0.012	5.76894211843963	11.743243243243244	6952	2.518342080886342	5963.434047538858
chr1	94780001	94800000	chr1	94545001	94800000	255000	20000	21.44607843137255	97.0%	0.033	5.752811580386761	0.035	5.752811580386761	21.44607843137255	4375	3.1316393951312964	2555.417746427138
chr1	227430001	227455000	chr1	226835001	227455000	620000	25000	8.691935483870967	96.0%	0.011	5.732214982573662	0.013000000000000001	5.732214982573662	8.691935483870967	5389	2.7255710742855883	8449.270330285324
chr13	102570001	102590000	chr13	102570001	102915000	345000	20000	15.155797101449275	97.0%	0.026	5.727316109255483	0.029	5.727316109255483	15.155797101449275	4183	3.3210218912396945	3666.408167928623
chr1	115125001	115145000	chr1	115125001	115600000	475000	20000	11.226315789473684	96.0%	0.03	5.709980490808214	0.031	5.709980490808214	11.226315789473684	4266	3.5463018639501787	5390.378833204271
chr1	78130001	78150000	chr1	78130001	78675000	545000	20000	9.51834862385321	96.0%	0.043	5.698525812498658	0.045	5.698525812498658	9.51834862385321	4150	3.5263793930322436	6150.005661448233
chr10	84520001	84540000	chr10	84360001	84540000	180000	20000	27.625	97.0%	0.002	5.676093229605865	0.003	5.676093229605865	27.625	3978	3.065927192913157	1765.9740631179784
chr18	54680001	54700000	chr18	54680001	54990000	310000	20000	16.737903225806452	98.0%	0.0275	5.6685432611781446	0.031	5.6685432611781446	16.737903225806452	4151	3.1946781368116173	3169.1207117171243
chr8	95235001	95260000	chr8	94815001	95260000	445000	25000	13.287640449438204	95.0%	0.011	5.666216001750255	0.011	5.666216001750255	13.287640449438202	5913	2.739651352305735	6095.72425888026
chr1	185660001	185695000	chr1	185000001	185695000	695000	35000	8.87153134635149	95.0%	0.033	5.654012619510078	0.036	5.654012619510078	8.87153134635149	8632	3.315246054856044	22580.140879624516
chr6	138115001	138135000	chr6	138115001	138600000	485000	20000	12.70360824742268	97.0%	0.016	5.64536698819654	0.015	5.64536698819654	12.70360824742268	4929	2.8984775740240774	4498.437194885368
chr16	23420001	23440000	chr16	23080001	23440000	360000	20000	11.98611111111111	96.0%	0.0235	5.634438521244777	0.024	5.634438521244777	11.98611111111111	3452	3.2423322182953758	3735.1667154762727
chr15	44575001	44600000	chr15	44575001	44795000	220000	25000	22.48181818181818	97.0%	0.018	5.63147860152811	0.019000000000000003	5.63147860152811	22.48181818181818	4946	3.4394704950368897	3783.4175445405785
chr1	85300001	85320000	chr1	85300001	85895000	595000	20000	10.258403361344538	97.0%	0.018	5.605204226069723	0.02	5.605204226069723	10.258403361344538	4883	3.1805043773638086	6055.680334500692
chr15	38660001	38690000	chr15	38410001	38690000	280000	30000	18.44047619047619	96.0%	0.0375	5.604415555556192	0.04	5.604415555556192	18.44047619047619	6196	3.0985081646309665	6246.592459896028
chr10	54685001	54705000	chr10	54685001	55130000	445000	20000	19.441011235955056	96.0%	0.019	5.599476654524136	0.02	5.5994766545241355	19.441011235955056	6921	2.2769357617073585	3242.3565246712787
chr2	54100001	54120000	chr2	54100001	55225000	1125000	20000	7.826666666666667	95.0%	0.017	5.589413436061397	0.02	5.589413436061397	7.826666666666667	7044	4.0232235769684355	14483.604877086369
chr14	61825001	61845000	chr14	61435001	61845000	410000	20000	11.975609756097562	95.0%	0.03	5.588143030052989	0.0315	5.588143030052989	11.975609756097562	3928	3.5296279462508475	4630.871865481112
chr3	160925001	160945000	chr3	160565001	160945000	380000	20000	15.4375	96.0%	0.0104999999999999	5.579960047506059	0.010499999999999999	5.579960047506059	15.4375	4693	3.0030319268804884	3651.686823086674
chr6	45700001	45720000	chr6	45410001	45720000	310000	20000	16.875	98.0%	0.008	5.571569056516299	0.008	5.571569056516299	16.875	4185	2.343460409541711	2324.7127262653776
chr12	63830001	63850000	chr12	63830001	64270000	440000	20000	11.994318181818182	96.0%	0.0325	5.5635095731807365	0.036500000000000005	5.5635095731807365	11.994318181818182	4222	3.9279379791851956	5530.536674692756
chr12	12015001	12040000	chr12	11505001	12040000	535000	25000	10.753271028037384	95.0%	0.034	5.560228250082522	0.035	5.560228250082522	10.753271028037384	5753	3.5349585707546547	9456.014176768702
chr11	128155001	128175000	chr11	128155001	128845000	690000	20000	8.73731884057971	98.0%	0.024	5.524939182979765	0.024	5.524939182979765	8.73731884057971	4823	3.840904295340146	8480.716684111043
chr9	114640001	114660000	chr9	114395001	114660000	265000	20000	18.69811320754717	97.0%	0.011	5.518554341440893	0.011	5.518554341440893	18.69811320754717	3964	3.371311009098947	2858.871735715907
chr16	77670001	77690000	chr16	77670001	78095000	425000	20000	12.55	95.0%	0.047	5.505693977109575	0.048	5.5056939771095745	12.55	4267	4.538541636331595	6172.41662541097
chr1	92845001	92875000	chr1	92845001	93065000	220000	30000	23.21212121212121	97.0%	0.0095	5.499289283198851	0.010499999999999999	5.499289283198851	23.21212121212121	6128	2.6516287215661984	4200.179894960858
chr12	88975001	89000000	chr12	88110001	89000000	890000	25000	7.307865168539325	98.0%	0.014	5.485446595265057	0.015	5.485446595265057	7.307865168539326	6504	3.81434716925385	16973.844903179634
chr15	71715001	71740000	chr15	71445001	71740000	295000	25000	17.142372881355932	95.0%	0.013	5.467708050322755	0.014	5.467708050322755	17.142372881355932	5057	3.098073442300374	4569.658327393052
chr1	107730001	107760000	chr1	107265001	107760000	495000	30000	10.867003367003369	96.0%	0.019	5.447085920130065	0.019	5.447085920130065	10.867003367003367	6455	3.4328670620542585	12234.738209161378
chr11	34915001	34935000	chr11	34915001	35415000	500000	20000	11.0625	97.0%	0.024	5.435720034766141	0.0265	5.435720034766141	11.0625	4425	3.5088441664079846	5614.150666252775
chr11	4055001	4075000	chr11	3445001	4075000	630000	20000	14.396825396825395	97.0%	0.012	5.433835024803121	0.012	5.433835024803121	14.396825396825397	7256	3.3919475467583373	6838.166254264808
chr20	5530001	5565000	chr20	5530001	6085000	555000	35000	10.283140283140284	96.0%	0.028	5.39380448061589	0.031	5.39380448061589	10.283140283140282	7990	3.3024542028882613	17962.048409509254
chr1	109770001	109790000	chr1	109770001	110025000	255000	20000	18.21078431372549	96.0%	0.027	5.377612730236013	0.027	5.377612730236013	18.21078431372549	3715	3.0004989763003107	2448.4071646610537
chr20	50980001	51000000	chr20	50980001	51630000	650000	20000	7.840384615384615	96.0%	0.028	5.368681816320255	0.028499999999999998	5.368681816320255	7.8403846153846155	4077	3.2541689956002546	6768.67151084853
chr9	21805001	21830000	chr9	21805001	22245000	440000	25000	12.127272727272729	96.0%	0.0125	5.291011162668325	0.013999999999999999	5.291011162668325	12.127272727272727	5336	3.597589836299486	7914.697639858869
chr12	91370001	91390000	chr12	91370001	92450000	1080000	20000	5.980324074074074	96.0%	0.0215	5.266839818926923	0.0225	5.266839818926923	5.980324074074074	5167	3.9730741135376566	13730.94413638614
chr12	90965001	90985000	chr12	90965001	91365000	400000	20000	13.66875	97.0%	0.0315	5.263643782597173	0.032	5.263643782597173	13.66875	4374	3.2007726578617386	4096.9890020630255
chr6	83505001	83525000	chr6	83065001	83525000	460000	20000	13.741847826086955	96.0%	0.0085	5.258326218897159	0.0085	5.258326218897159	13.741847826086957	5057	3.3595847057644335	4945.308686885246
chr12	22435001	22455000	chr12	22045001	22455000	410000	20000	12.15548780487805	98.0%	0.0144999999999999	5.250657918965531	0.0155	5.250657918965531	12.15548780487805	3987	3.244453564069398	4256.72307605905
chr3	183375001	183395000	chr3	183110001	183395000	285000	20000	18.93859649122807	98.0%	0.032	5.238881080054412	0.033	5.238881080054412	18.93859649122807	4318	3.504814091382681	3196.3904513410052
chr6	115965001	115990000	chr6	115965001	116275000	310000	25000	23.351612903225806	98.0%	0.012	5.228722704315643	0.013	5.228722704315643	23.351612903225806	7239	2.470510237807293	3829.2908686013043
chr16	74300001	74320000	chr16	74300001	74710000	410000	20000	11.75609756097561	96.0%	0.033	5.2189761418568645	0.034	5.2189761418568645	11.75609756097561	3856	3.018234458959125	3959.923610154372
chr13	97335001	97360000	chr13	97000001	97360000	360000	25000	15.194444444444446	95.0%	0.0144999999999999	5.189448854934007	0.0165	5.189448854934007	15.194444444444445	5470	3.543033295156971	6377.4599312825485
chr7	108170001	108190000	chr7	108170001	108500000	330000	20000	15.886363636363637	98.0%	0.034	5.167606639475203	0.038	5.167606639475203	15.886363636363637	4194	3.443568823797874	3636.408677930555
chr3	66800001	66825000	chr3	66245001	66825000	580000	25000	9.739655172413794	97.0%	0.026	5.161357730881937	0.0265	5.161357730881937	9.739655172413793	5649	3.245922665679661	9413.175730471017
chr1	183890001	183925000	chr1	183630001	183925000	295000	35000	19.0363196125908	95.0%	0.021	5.14617202234392	0.021	5.14617202234392	19.0363196125908	7862	2.911811134405785	8418.045989567125
chr3	155310001	155335000	chr3	154705001	155335000	630000	25000	9.473015873015871	96.0%	0.0125	5.1251340650536985	0.013000000000000001	5.1251340650536985	9.473015873015873	5968	3.2664108074546596	10289.194043482177
chr7	82030001	82050000	chr7	82030001	82615000	585000	20000	8.7008547008547	95.0%	0.033	5.104646417026982	0.036	5.104646417026982	8.7008547008547	4072	3.1294107759401975	5858.25697256005
chr15	62775001	62795000	chr15	62775001	63100000	325000	20000	15.257692307692308	98.0%	0.025	5.067945166677113	0.029	5.067945166677113	15.257692307692308	3967	3.3814343765682295	3516.6917516309586
chr20	37525001	37545000	chr20	37185001	37545000	360000	20000	12.336805555555555	95.0%	0.0125	5.041455281709469	0.014	5.041455281709469	12.336805555555555	3553	2.8548146391339895	3288.746464282356
chr1	160000001	160020000	chr1	159780001	160020000	240000	20000	22.03645833333333	96.0%	0.0125	5.027747886513236	0.014	5.027747886513236	22.036458333333332	4231	2.6634216154992707	2045.50780070344
chr15	80955001	80980000	chr15	80550001	80980000	430000	25000	11.046511627906977	95.0%	0.033	5.024972512097783	0.034	5.024972512097783	11.046511627906977	4750	2.877027567744047	6185.609270649701
chr7	22540001	22560000	chr7	22540001	23075000	535000	20000	10.934579439252335	95.0%	0.019	5.01643264428701	0.019	5.01643264428701	10.934579439252337	4680	3.198008256383313	5474.990134928232
chr4	169795001	169815000	chr4	169795001	170090000	295000	20000	19.139830508474574	99.0%	0.033	5.008383175803582	0.036	5.008383175803582	19.139830508474578	4517	3.1689308749525034	2991.4707459551632
chr3	189930001	189950000	chr3	189145001	189950000	805000	20000	7.608695652173913	95.0%	0.032	5.006956757749611	0.034	5.006956757749611	7.608695652173913	4900	3.5558625879044237	9159.902026441796
chr11	10995001	11025000	chr11	10765001	11025000	260000	30000	20.865384615384617	96.0%	0.0104999999999999	4.977414428767766	0.011	4.977414428767766	20.865384615384617	6510	2.6222308717723823	4908.8161919579
chr15	32650001	32675000	chr15	32650001	32995000	345000	25000	14.652173913043478	95.0%	0.037	4.961489361504871	0.041	4.961489361504871	14.652173913043478	5055	3.585738981463148	6185.399743023931
chr1	84105001	84125000	chr1	83895001	84125000	230000	20000	21.244565217391305	96.0%	0.0315	4.958855004434719	0.034	4.958855004434719	21.244565217391305	3909	2.996539053576623	2205.4527434323945
chr4	74665001	74685000	chr4	74170001	74685000	515000	20000	11.024271844660197	97.0%	0.015	4.94673221218253	0.016	4.94673221218253	11.024271844660195	4542	3.425247749956046	5644.808291927564
chr14	67160001	67180000	chr14	67160001	67350000	190000	20000	23.95394736842105	98.0%	0.0095	4.9284377570091165	0.01	4.9284377570091165	23.95394736842105	3641	2.878564411392386	1750.1671621265707
chr6	131920001	131945000	chr6	131920001	132295000	375000	25000	14.677333333333332	99.0%	0.038	4.9228854868057885	0.041	4.9228854868057885	14.677333333333333	5504	3.253330311663954	6099.994334369913
chr14	59420001	59445000	chr14	59020001	59445000	425000	25000	13.03294117647059	98.0%	0.032	4.901732450914838	0.035	4.901732450914838	13.032941176470588	5539	3.82592769643391	8130.096354922059
chr15	69050001	69070000	chr15	69050001	69465000	415000	20000	12.183734939759036	96.0%	0.044	4.9000108554071735	0.047	4.9000108554071735	12.183734939759036	4045	3.5573089615988973	4724.106301003336
chr5	34175001	34195000	chr5	33395001	34195000	800000	20000	11.6953125	95.0%	0.008	4.880705183224151	0.008	4.880705183224151	11.6953125	7485	1.702282767279319	4357.843884235057
chr9	121205001	121230000	chr9	121205001	121410000	205000	25000	24.526829268292683	97.0%	0.022	4.874477952575425	0.022	4.874477952575425	24.526829268292683	5028	2.9777572049180043	3052.2011350409543
chr8	18905001	18925000	chr8	18905001	19415000	510000	20000	10.473039215686274	96.0%	0.015	4.868068228151516	0.0155	4.868068228151516	10.473039215686274	4273	3.1690382449198817	5171.870415709247
chr10	95585001	95605000	chr10	95360001	95605000	245000	20000	20.316326530612244	98.0%	0.015	4.865072586956773	0.015	4.865072586956773	20.316326530612244	3982	3.015088786948173	2363.8296089673677
chr20	18260001	18280000	chr20	17995001	18280000	285000	20000	16.214912280701753	98.0%	0.015	4.862978678112324	0.016	4.862978678112324	16.214912280701753	3697	2.556226999372402	2331.2790234276304
chr7	85000001	85020000	chr7	83915001	85020000	1105000	20000	5.900452488687783	96.0%	0.017	4.862913332937654	0.018	4.862913332937654	5.900452488687783	5216	5.119761313758279	18103.476005449276
chr4	157990001	158005000	chr4	157990001	158260000	270000	15000	18.98765432098765	98.0%	0.0185	4.862452943102748	0.018500000000000003	4.862452943102748	18.987654320987655	3076	3.367923786090241	1636.8109600398573
chr20	50175001	50195000	chr20	50175001	50590000	415000	20000	10.783132530120485	95.0%	0.029	4.85295190788535	0.033	4.85295190788535	10.783132530120483	3580	3.154242387439726	4188.833890519956
chr5	151635001	151655000	chr5	151435001	151655000	220000	20000	22.863636363636363	98.0%	0.007	4.852458837224507	0.0075	4.852458837224507	22.863636363636363	4024	2.3640865901381853	1664.3169594572823
chr1	8300001	8320000	chr1	7970001	8320000	350000	20000	15.367857142857142	98.0%	0.019	4.829600159915823	0.0215	4.829600159915823	15.367857142857142	4303	3.8389784902622677	4299.65590909374
chr8	125110001	125130000	chr8	125110001	125705000	595000	20000	9.027310924369749	95.0%	0.042	4.810917279699753	0.044	4.810917279699753	9.027310924369749	4297	3.47432504365426	6615.1148831177115
chr10	117160001	117180000	chr10	116620001	117180000	560000	20000	9.372767857142858	96.0%	0.028	4.805157886502271	0.028999999999999998	4.805157886502271	9.372767857142858	4199	3.2075197130006967	5747.875325697249
chr5	57285001	57305000	chr5	57285001	57885000	600000	20000	8.31875	95.0%	0.0175	4.798475814158874	0.0175	4.798475814158874	8.31875	3993	2.669084537326052	5124.64231166602
chr7	143720001	143740000	chr7	143720001	144175000	455000	20000	5.912087912087912	95.0%	0.01	4.79181674693687	0.011	4.79181674693687	5.912087912087912	2152	1.6599514492148384	2416.889310056805
chr5	58490001	58515000	chr5	58490001	58855000	365000	25000	14.049315068493147	98.0%	0.014	4.785190776034553	0.015	4.785190776034553	14.04931506849315	5128	2.7179261883261465	4960.215293695217
chr11	34575001	34595000	chr11	34575001	34905000	330000	20000	16.602272727272727	98.0%	0.027	4.762155020315185	0.0305	4.762155020315185	16.602272727272727	4383	3.6719922986348266	3877.6238673583766
chr12	62775001	62795000	chr12	62440001	62795000	355000	20000	15.742957746478874	97.0%	0.012	4.7570080098697565	0.013	4.7570080098697565	15.742957746478874	4471	2.5951044481562375	2948.038653105486
chr5	95650001	95670000	chr5	95650001	95790000	140000	20000	35.830357142857146	99.0%	0.0025	4.756741512325627	0.0025	4.756741512325627	35.830357142857146	4013	2.5361275217777832	1136.185129756447
chr11	10710001	10740000	chr11	10320001	10740000	420000	30000	13.678571428571429	96.0%	0.0175	4.745786341185516	0.02	4.745786341185516	13.678571428571429	6894	2.5785769835879817	7797.616798370056
chr11	8545001	8575000	chr11	8180001	8575000	395000	30000	18.4746835443038	96.0%	0.027	4.74438618030095	0.03	4.74438618030095	18.474683544303797	8757	3.397625925200703	9662.848131270799
chr9	113645001	113665000	chr9	113265001	113665000	400000	20000	13.00625	97.0%	0.019	4.741253517495966	0.021	4.741253517495966	13.00625	4162	3.1120613059084468	3983.438471562812
chr15	64040001	64070000	chr15	63785001	64070000	285000	30000	15.93859649122807	97.0%	0.032	4.728152548884741	0.034	4.728152548884741	15.93859649122807	5451	2.425977938713116	4978.106730239314
chr8	23460001	23480000	chr8	23460001	23745000	285000	20000	18.105263157894736	98.0%	0.013	4.695342013190331	0.014	4.695342013190331	18.105263157894736	4128	2.921015537673542	2663.96617035827
chr12	31650001	31685000	chr12	31650001	32700000	1050000	35000	5.6000000000000005	97.0%	0.0335	4.67440892128012	0.035500000000000004	4.67440892128012	5.6	8232	3.1896195394218743	32821.185060651085
chr7	105750001	105770000	chr7	105750001	106050000	300000	20000	17.520833333333332	95.0%	0.0175	4.665829323568388	0.0185	4.665829323568388	17.520833333333332	4205	3.017284116230427	2896.59275158121
chr6	32465001	32485000	chr6	32465001	32590000	125000	20000	35.822916666666664	99.0%	0.001	4.637980993843222	0.001	4.637980993843222	34.39	3439	2.4987433132598738	999.4973253039495
chr1	26595001	26615000	chr1	26595001	26885000	290000	20000	17.112068965517242	95.0%	0.0235	4.590805196895957	0.026500000000000003	4.590805196895957	17.112068965517242	3970	2.846085280819033	2641.1671406000623
chr11	12315001	12335000	chr11	12315001	13205000	890000	20000	6.73314606741573	96.0%	0.025	4.580468462886452	0.0265	4.580468462886452	6.73314606741573	4794	3.434550030598878	9781.598487145604
chr2	65555001	65575000	chr2	64875001	65575000	700000	20000	11.978571428571428	96.0%	0.016	4.5587682669692695	0.0175	4.5587682669692695	11.978571428571428	6708	3.565508429821441	7986.738882800028
chr11	100675001	100695000	chr11	100675001	100860000	185000	20000	25.277027027027028	98.0%	0.01	4.551269707270687	0.011	4.551269707270687	25.277027027027028	3741	2.7938570753156	1653.9633885868352
chr11	86445001	86465000	chr11	86445001	86925000	480000	20000	12.708333333333334	97.0%	0.009	4.547490648778582	0.01	4.547490648778582	12.708333333333334	4880	3.335059605245494	5122.651553657079
chr3	154240001	154260000	chr3	153955001	154260000	305000	20000	18.85655737704918	96.0%	0.013	4.530795874941201	0.013	4.530795874941201	18.85655737704918	4601	2.526483675249126	2465.8480670431472
chr8	66595001	66615000	chr8	66445001	66615000	170000	20000	25.764705882352946	99.0%	0.004	4.519450562247482	0.005	4.519450562247482	25.764705882352942	3504	2.333031674817678	1269.1692311008167
chr9	109805001	109825000	chr9	109565001	109825000	260000	20000	19.88942307692308	96.0%	0.031	4.500158261847358	0.033	4.500158261847358	19.889423076923077	4137	3.2412560644269095	2696.725045603189
chr15	51370001	51395000	chr15	51145001	51395000	250000	25000	18.956	96.0%	0.0165	4.497858151380105	0.0175	4.497858151380105	18.956	4739	2.8089293066463386	3511.1616333079232
chr11	95830001	95850000	chr11	95830001	96435000	605000	20000	9.979338842975206	96.0%	0.024	4.486066185502146	0.025	4.486066185502146	9.979338842975206	4830	3.705880067077674	7174.583809862377
chr21	42105001	42125000	chr21	41760001	42125000	365000	20000	11.376712328767123	95.0%	0.027	4.485133558908875	0.029	4.485133558908875	11.376712328767123	3322	2.4201594338839447	2826.7462187764477
chr10	84250001	84270000	chr10	84250001	84555000	305000	20000	15.37704918032787	96.0%	0.01	4.484138988855903	0.01	4.484138988855903	15.37704918032787	3752	2.2398850404038253	2186.1277994341335
chr2	46440001	46460000	chr2	45990001	46460000	470000	20000	18.295212765957448	98.0%	0.023	4.474564302245728	0.025500000000000002	4.474564302245728	18.295212765957448	6879	3.4233910118045823	5148.780081754092
chr2	68455001	68485000	chr2	68455001	68930000	475000	30000	15.566666666666668	95.0%	0.02	4.453362256155859	0.021	4.453362256155859	15.566666666666666	8873	2.9722067935635517	10164.947233987346
chr17	19505001	19525000	chr17	19505001	19775000	270000	20000	16.22222222222222	97.0%	0.0204999999999999	4.445606025533864	0.022	4.445606025533864	16.22222222222222	3504	3.1405769299045194	2713.4584674375046
chr1	110190001	110210000	chr1	110190001	110505000	315000	20000	15.055555555555555	98.0%	0.02	4.435520176951664	0.022	4.435520176951664	15.055555555555555	3794	2.9466344674280935	2970.2075431675185
chr17	48335001	48355000	chr17	48335001	48605000	270000	20000	19.01851851851852	95.0%	0.015	4.434863348052066	0.016	4.434863348052066	19.01851851851852	4108	3.499349479619229	3023.4379503910136
chr10	24495001	24515000	chr10	24355001	24515000	160000	20000	28.296875	99.0%	0.006	4.425456037053616	0.006500000000000001	4.425456037053616	28.296875	3622	2.250678104270475	1152.3471893864833
chr9	112080001	112105000	chr9	112080001	112825000	745000	25000	7.565100671140939	98.0%	0.019	4.411410859196403	0.02	4.411410859196403	7.565100671140939	5636	3.3502952166006703	12479.849681837497
chr6	157305001	157325000	chr6	157305001	157795000	490000	20000	14.346938775510203	97.0%	0.01	4.4079182749449375	0.010499999999999999	4.4079182749449375	14.346938775510203	5624	2.436811324429448	3820.920156705374
chr7	55235001	55260000	chr7	54760001	55260000	500000	25000	10.744	95.0%	0.0185	4.398073878186482	0.02	4.398073878186482	10.744	5372	3.044327513087548	7610.81878271887
chr15	67290001	67310000	chr15	66895001	67310000	415000	20000	12.617469879518072	95.0%	0.044	4.396803660699724	0.047	4.396803660699724	12.617469879518072	4189	4.1606159878902345	5525.298031918232
chr5	135180001	135200000	chr5	134910001	135200000	290000	20000	18.004310344827587	97.0%	0.012	4.379936271130795	0.013499999999999998	4.379936271130795	18.004310344827587	4177	2.3932967091571964	2220.979346097878
chr8	27850001	27870000	chr8	27850001	28075000	225000	20000	19.33888888888889	98.0%	0.027	4.379347163660487	0.031	4.379347163660487	19.33888888888889	3481	2.344147077945412	1687.7858961206966
chr14	100640001	100660000	chr14	100375001	100660000	285000	20000	14.93421052631579	98.0%	0.034	4.376915948141395	0.037	4.376915948141395	14.93421052631579	3405	2.8134491764630267	2565.86564893428
chr8	74330001	74350000	chr8	74070001	74350000	280000	20000	18.3125	98.0%	0.031	4.347698055933728	0.0335	4.347698055933728	18.3125	4102	2.8863786497350197	2586.195270162578
chr9	115505001	115525000	chr9	115010001	115525000	515000	20000	11.021844660194176	98.0%	0.044	4.344134748887531	0.046	4.344134748887531	11.021844660194175	4541	3.7050812845017407	6105.973956858868
chr15	71420001	71440000	chr15	71100001	71440000	340000	20000	14.297794117647058	95.0%	0.0289999999999999	4.336345564515304	0.032	4.336345564515304	14.297794117647058	3889	3.2546512012857844	3541.0605069989333
chr18	46270001	46290000	chr18	46270001	46555000	285000	20000	16.75	96.0%	0.014	4.332632968405539	0.015	4.332632968405539	16.75	3819	2.2788938308761146	2078.3511737590165
chr9	97705001	97725000	chr9	97705001	97995000	290000	20000	17.40948275862069	98.0%	0.0295	4.329176816068332	0.033	4.329176816068332	17.40948275862069	4039	3.013186409879075	2796.2369883677816
chr10	114690001	114710000	chr10	114455001	114710000	255000	20000	18.857843137254903	95.0%	0.016	4.297145861485049	0.017	4.297145861485049	18.857843137254903	3847	2.7881893124883668	2275.162478990507
chr15	101630001	101650000	chr15	101275001	101650000	375000	20000	12.246666666666666	95.0%	0.026	4.296399079726441	0.027	4.296399079726441	12.246666666666666	3674	3.770995248050753	4525.194297660903
chr22	22940001	22960000	chr22	22765001	22960000	195000	20000	19.96794871794872	95.0%	0.049	4.289513572847182	0.054	4.289513572847182	19.96794871794872	3115	2.6313940877851794	1641.989910777952
chr21	43185001	43205000	chr21	43185001	43705000	520000	20000	10.29109589041096	95.0%	0.0485	4.289178117322553	0.0495	4.289178117322553	7.2235576923076925	3005	1.8352960292307243	3053.932592639925
chr6	137630001	137650000	chr6	137060001	137650000	590000	20000	9.853813559322036	97.0%	0.0204999999999999	4.285825549352079	0.0215	4.285825549352079	9.853813559322035	4651	3.2101472027912545	6060.757918869888
chr3	30770001	30795000	chr3	30770001	31720000	950000	25000	6.809473684210526	97.0%	0.025	4.283382961886675	0.025	4.283382961886675	6.809473684210526	6469	3.2217684969184	15303.4003603624
chr7	121540001	121560000	chr7	121105001	121560000	455000	20000	11.928571428571429	95.0%	0.024	4.283033346076315	0.026	4.283033346076315	11.928571428571429	4342	3.1473692295418068	4582.569598212871
chr2	47305001	47325000	chr2	46880001	47325000	445000	20000	18.4747191011236	97.0%	0.038	4.269491263265169	0.042	4.269491263265169	18.474719101123597	6577	3.628932493230449	5167.59987036016
chr15	92085001	92110000	chr15	92085001	92725000	640000	25000	8.0578125	95.0%	0.0375	4.258368511103701	0.041	4.258368511103701	8.0578125	5157	2.8472825944256055	9111.304302161938
chr15	81245001	81265000	chr15	81090001	81265000	175000	20000	24.571428571428573	98.0%	0.024	4.2456320810103145	0.024	4.2456320810103145	24.571428571428573	3440	2.5793706543498174	1444.4475664358977
chr16	58470001	58490000	chr16	58285001	58490000	205000	20000	22.62804878048781	97.0%	0.031	4.219795558421479	0.033	4.219795558421479	22.628048780487806	3711	2.8373399153682723	1861.2949844815867
chr11	61170001	61190000	chr11	60760001	61190000	430000	20000	12.180232558139537	96.0%	0.011	4.208307586556636	0.012	4.208307586556636	12.180232558139535	4190	2.296269384158603	3159.666672602237
chr11	94610001	94630000	chr11	94610001	95015000	405000	20000	13.484567901234568	95.0%	0.032	4.199917780009357	0.036	4.199917780009357	13.484567901234568	4369	2.7872195565506397	3612.236545289629
chr3	46355001	46385000	chr3	45860001	46385000	525000	30000	11.728571428571428	95.0%	0.017	4.198673793937201	0.016	4.198673793937201	11.728571428571428	7389	2.5477733354848033	9630.583208132557
chr8	80970001	81000000	chr8	80585001	81000000	415000	30000	13.353413654618471	95.0%	0.017	4.1961983935892295	0.018	4.1961983935892295	13.353413654618475	6650	2.893042807486398	8644.411908769358
chr1	18585001	18605000	chr1	18585001	18880000	295000	20000	15.423728813559322	97.0%	0.013	4.19453957135273	0.014	4.19453957135273	15.423728813559322	3640	2.41508531391441	2279.840536335203
chr7	103040001	103065000	chr7	102750001	103065000	315000	25000	16.933333333333334	95.0%	0.022	4.184984708320297	0.023	4.184984708320297	16.933333333333334	5334	2.7392169252549308	4314.266657276516
chr1	67745001	67770000	chr1	67520001	67770000	250000	25000	20.348	95.0%	0.0215	4.182108547897631	0.024	4.182108547897631	20.348	5087	3.2787147192052375	4098.393399006547
chr18	8970001	8990000	chr18	8640001	8990000	350000	20000	15.278571428571428	97.0%	0.015	4.156764632930441	0.0165	4.156764632930441	15.278571428571428	4278	3.0088767367513256	3369.9419451614845
chr7	97825001	97845000	chr7	97095001	97845000	750000	20000	7.303333333333334	98.0%	0.031	4.154691040040288	0.033	4.154691040040288	7.303333333333334	4382	3.3614154070328337	8067.396976878801
chr7	81445001	81465000	chr7	80685001	81465000	780000	20000	7.589743589743589	95.0%	0.0395	4.14628304322072	0.0405	4.14628304322072	7.589743589743589	4736	3.8333501119897333	9568.041879526374
chr11	4620001	4645000	chr11	4620001	5205000	585000	25000	13.42051282051282	96.0%	0.046	4.141329123764264	0.048	4.141329123764264	13.42051282051282	7851	4.076766450386693	11924.541867381078
chr7	95670001	95695000	chr7	95180001	95695000	515000	25000	11.09126213592233	95.0%	0.037	4.139729324369646	0.04	4.139729324369646	11.09126213592233	5712	2.4960590234559907	6427.351985399176
chr19	37885001	37910000	chr19	37885001	38240000	355000	25000	12.084507042253522	95.0%	0.028	4.135693507085081	0.03	4.135693507085081	12.084507042253522	4290	2.7339489718645487	4852.759425059574
chr7	92605001	92625000	chr7	92605001	93065000	460000	20000	12.048913043478262	95.0%	0.0225	4.133451701112765	0.0235	4.133451701112765	12.048913043478262	4434	3.0159562750305495	4439.487636844969
chr6	143570001	143595000	chr6	143570001	144025000	455000	25000	12.795604395604396	97.0%	0.035	4.12642475113935	0.037	4.12642475113935	12.795604395604396	5822	3.1649404987431105	7200.239634640576
chr19	46270001	46290000	chr19	46270001	46525000	255000	20000	15.941176470588236	95.0%	0.025	4.119433208020323	0.026	4.119433208020323	15.941176470588236	3252	2.6460539544512214	2159.1800268321967
chr4	119280001	119300000	chr4	118970001	119300000	330000	20000	15.867424242424242	97.0%	0.011	4.102536322695586	0.0125	4.102536322695586	15.867424242424242	4189	3.154686683213547	3331.3491374735054
chr18	6535001	6560000	chr18	6535001	6890000	355000	25000	13.929577464788732	98.0%	0.041	4.081072855550863	0.045	4.081072855550863	13.929577464788732	4945	2.9566390928508555	5248.034389810268
chr15	41165001	41195000	chr15	40905001	41195000	290000	30000	16.17528735632184	96.0%	0.0455	4.080804742947301	0.046	4.080804742947301	16.17528735632184	5629	2.933696490958337	6125.558273121008
chr6	52405001	52425000	chr6	52405001	52675000	270000	20000	18.03240740740741	96.0%	0.0185	4.077349592141307	0.0195	4.077349592141307	18.03240740740741	3895	3.0700488340827206	2652.5221926474705
chr10	112425001	112445000	chr10	112115001	112445000	330000	20000	16.041666666666668	97.0%	0.016	4.072385443274904	0.017	4.072385443274904	16.041666666666668	4235	2.500140955724315	2640.1488492448766
chr9	3730001	3750000	chr9	3730001	4370000	640000	20000	9.330078125	96.0%	0.0315	4.071505744143357	0.0335	4.071505744143357	9.330078125	4777	4.213156475911056	8628.544462665843
chr6	111705001	111725000	chr6	111705001	112045000	340000	20000	17.047794117647058	98.0%	0.035	4.065011111063703	0.036000000000000004	4.065011111063703	17.047794117647058	4637	3.6059909776694177	3923.3181837043267
chr6	47080001	47110000	chr6	47080001	47355000	275000	30000	19.793939393939397	97.0%	0.028	4.063657284634399	0.029	4.063657284634399	19.793939393939393	6532	2.644307753844062	5235.729352611243
chr9	105405001	105420000	chr9	104785001	105420000	635000	15000	8.910761154855644	97.0%	0.031	4.058448532977428	0.033	4.058448532977428	8.910761154855644	3395	4.094825907260567	4680.3860119988285
chr1	13225001	13245000	chr1	12690001	13245000	555000	20000	9.774193548387096	96.0%	0.028	4.054879197946981	0.03	4.054879197946981	8.18918918918919	3636	1.66917578852847	2964.4562004265626
chr6	137705001	137725000	chr6	137705001	137980000	275000	20000	21.75	99.0%	0.011	4.0487510895487295	0.012	4.0487510895487295	21.75	4785	3.4233378927373956	3012.5373456089083
chr14	96260001	96285000	chr14	95990001	96285000	295000	25000	16.335593220338986	95.0%	0.026	4.048360130524421	0.028	4.048360130524421	16.335593220338982	4819	2.9002052820231263	4277.802790984111
chr3	159610001	159630000	chr3	159610001	159815000	205000	20000	24.091463414634145	97.0%	0.012	4.048253044352464	0.013	4.048253044352464	24.091463414634145	3951	2.927158104454038	1920.2157165218487
chr2	98825001	98845000	chr2	98610001	98845000	235000	20000	21.22872340425532	98.0%	0.022	4.045679678550583	0.024	4.045679678550583	21.22872340425532	3991	2.6401832334881203	1985.4177915830664
chr1	21180001	21200000	chr1	20640001	21200000	560000	20000	9.345982142857142	95.0%	0.029	4.035655390754442	0.0325	4.035655390754442	9.345982142857142	4187	3.080367349431041	5520.0182901804255
chr1	224510001	224530000	chr1	224510001	224925000	415000	20000	13.536144578313252	95.0%	0.032	4.029131621037656	0.035	4.0291316210376555	13.536144578313253	4494	3.0359036130385553	4031.6799981152017
chr9	12705001	12725000	chr9	12705001	13105000	400000	20000	13.359375	95.0%	0.026	4.022564341122952	0.028999999999999998	4.022564341122952	13.359375	4275	4.253299067449314	5444.222806335121
chr1	203860001	203880000	chr1	203860001	204150000	290000	20000	17.073275862068964	97.0%	0.048	4.01454722600706	0.0525	4.01454722600706	17.073275862068964	3961	3.0981528584250797	2875.085852618474
chr2	70330001	70350000	chr2	70330001	70645000	315000	20000	24.285714285714285	98.0%	0.031	4.013127152841872	0.031	4.013127152841872	24.285714285714285	6120	3.804698476289063	3835.1360640993753
chr6	124860001	124880000	chr6	124860001	125350000	490000	20000	11.16326530612245	96.0%	0.0265	4.013011353792981	0.0275	4.013011353792981	11.16326530612245	4376	2.5788948074522353	4043.707058085105
chr3	64020001	64040000	chr3	64020001	64490000	470000	20000	11.47340425531915	95.0%	0.0275	4.012391513176947	0.0295	4.012391513176947	11.47340425531915	4314	2.8169180434967855	4236.644737419166
chr4	186930001	186950000	chr4	186650001	186950000	300000	20000	15.354166666666666	96.0%	0.006	4.00983244372609	0.006500000000000001	4.00983244372609	15.354166666666666	3685	2.3491221308275314	2255.15724559443
chr9	114290001	114310000	chr9	113670001	114310000	640000	20000	8.005859375	95.0%	0.0265	4.008766844585432	0.0275	4.008766844585432	8.005859375	4099	2.6748002183375807	5477.990847155365
chr15	60910001	60935000	chr15	60330001	60935000	605000	25000	9.09090909090909	95.0%	0.047	3.978278385549842	0.046	3.978278385549842	9.090909090909092	5500	3.7309338995673964	11286.075046191374
chr11	94495001	94515000	chr11	93870001	94515000	645000	20000	8.753875968992247	95.0%	0.032	3.97550517349874	0.035	3.9755051734987403	8.753875968992247	4517	3.4370766013963303	7094.1261052820255
chr11	86795001	86815000	chr11	86495001	86815000	320000	20000	16.23046875	98.0%	0.0095	3.971555934024499	0.0085	3.971555934024499	16.23046875	4155	2.722006789380708	2787.334952325845
chr16	21065001	21095000	chr16	20785001	21095000	310000	30000	15.446236559139784	98.0%	0.038	3.965820187057804	0.041999999999999996	3.965820187057804	15.446236559139784	5746	3.3677573703967703	7516.8344507255915
chr7	28910001	28930000	chr7	28910001	29420000	510000	20000	10.22549019607843	97.0%	0.0275	3.961091625015786	0.028	3.961091625015786	10.22549019607843	4172	3.117403925407467	5087.6032062649865
chr4	88195001	88220000	chr4	87875001	88220000	345000	25000	14.92463768115942	96.0%	0.031	3.960762747260085	0.034	3.9607627472600853	14.924637681159421	5149	2.2899273614238482	3950.1246984561385
chr19	42785001	42810000	chr19	42785001	42930000	145000	25000	21.89655172413793	98.0%	0.029	3.953771616395152	0.032	3.9537716163951524	21.896551724137932	3175	2.2572332686511962	1636.4941197721173
chr13	100500001	100520000	chr13	99920001	100520000	600000	20000	9.277083333333334	95.0%	0.017	3.950772117332725	0.019	3.950772117332725	9.277083333333334	4453	3.0468230194347625	5849.900197314744
chr14	90895001	90915000	chr14	90895001	91295000	400000	20000	13.165625	95.0%	0.0289999999999999	3.94613597757455	0.0315	3.94613597757455	13.165625	4213	3.237511835577309	4144.0151495389555
chr3	36685001	36705000	chr3	36005001	36705000	700000	20000	8.760714285714286	95.0%	0.014	3.939942202795466	0.0135	3.939942202795466	8.760714285714286	4906	2.7992853471218972	6270.39917755305
chr1	161365001	161385000	chr1	161175001	161385000	210000	20000	22.928571428571427	99.0%	0.0255	3.936672997531923	0.0275	3.936672997531923	22.928571428571427	3852	2.4637552568435077	1655.643532598837
chr3	63345001	63365000	chr3	63345001	64030000	685000	20000	8.66058394160584	95.0%	0.05	3.929374017541296	0.053	3.9293740175412957	8.66058394160584	4746	3.0264385770855693	6633.953360971568
chr1	47700001	47720000	chr1	47385001	47720000	335000	20000	15.507462686567164	97.0%	0.014	3.9221491411730183	0.017	3.9221491411730187	15.507462686567164	4156	3.010344964526255	3227.089801972146
chr8	94070001	94090000	chr8	94070001	94365000	295000	20000	18.79237288135593	98.0%	0.014	3.917355201763263	0.015	3.917355201763263	18.79237288135593	4435	3.3759353865747768	3186.8830049265894
chr10	34650001	34670000	chr10	34650001	35115000	465000	20000	10.798387096774194	97.0%	0.018	3.909573879629044	0.019	3.9095738796290442	10.798387096774194	4017	2.500543467429517	3720.808679535121
chr1	94320001	94335000	chr1	94015001	94335000	320000	15000	16.75	98.0%	0.0265	3.902621754942498	0.028499999999999998	3.9026217549424986	16.75	3216	3.8656542042852373	2226.616821668297
chr9	20350001	20370000	chr9	20350001	20950000	600000	20000	9.59375	97.0%	0.034	3.8919388509448742	0.0365	3.8919388509448747	9.59375	4605	3.57689785937415	6867.643889998368
chr5	91390001	91425000	chr5	90795001	91425000	630000	35000	9.806122448979592	96.0%	0.01	3.884860502579072	0.01	3.8848605025790715	9.806122448979592	8649	3.2797966281880173	20249.46438243282
chr2	64315001	64345000	chr2	64315001	64650000	335000	30000	23.81592039800995	96.0%	0.009	3.884398998896068	0.01	3.8843989988960677	23.81592039800995	9574	2.8581453163368384	6893.8465030044545
chr7	86885001	86910000	chr7	86470001	86910000	440000	25000	12.172727272727274	97.0%	0.0195	3.872954569098477	0.020999999999999998	3.872954569098477	12.172727272727272	5356	2.329532285624913	5124.971028374808
chr7	86925001	86945000	chr7	86925001	87270000	345000	20000	14.702898550724637	95.0%	0.027	3.871890227614977	0.027	3.871890227614977	14.702898550724637	4058	2.7080990025517098	2989.7412988170877
chr3	69680001	69710000	chr3	69680001	69950000	270000	30000	20.367283950617285	97.0%	0.0115	3.867654460005571	0.0125	3.867654460005571	20.367283950617285	6599	2.45915832168882	4780.603777363066
chr9	69040001	69060000	chr9	69040001	69360000	320000	20000	15.640625	96.0%	0.0175	3.855774305374378	0.018500000000000003	3.855774305374378	15.640625	4004	2.7716144952536497	2838.1332431397373
chr17	49015001	49035000	chr17	48875001	49035000	160000	20000	26.3515625	98.0%	0.0135	3.8554449185750617	0.014	3.8554449185750617	26.3515625	3373	2.219994180463278	1136.6370203971983
chr1	46715001	46740000	chr1	46425001	46740000	315000	25000	15.098412698412698	96.0%	0.014	3.8490600055039934	0.015	3.8490600055039934	15.098412698412698	4756	2.1547012437937116	3393.654458975096
chr4	77580001	77615000	chr4	77360001	77615000	255000	35000	21.714285714285715	97.0%	0.011	3.840466646782122	0.013	3.840466646782122	21.714285714285715	7752	2.6081668736846857	6517.80901733803
chr4	76510001	76535000	chr4	76510001	76745000	235000	25000	23.174468085106383	98.0%	0.016	3.8352039633048376	0.017	3.8352039633048376	23.174468085106383	5446	2.623093606497329	3082.134987634362
chr15	57845001	57865000	chr15	57615001	57865000	250000	20000	19.78	95.0%	0.027	3.815980227254763	0.0295	3.815980227254763	19.78	3956	2.4772343822083913	1981.787505766713
chr13	74275001	74295000	chr13	73720001	74295000	575000	20000	9.956521739130435	95.0%	0.044	3.812428904573949	0.046	3.8124289045739492	9.956521739130435	4580	3.460198453270647	6366.76515401799
chr14	68250001	68265000	chr14	68250001	68825000	575000	15000	10.446376811594202	97.0%	0.027	3.809420442211001	0.03	3.809420442211001	10.446376811594202	3604	4.010360404966632	4150.723019140464
chr5	134275001	134295000	chr5	134030001	134295000	265000	20000	20.02358490566038	95.0%	0.015	3.806159040331067	0.017	3.806159040331067	20.02358490566038	4245	2.189024509099678	1856.2927837165269
chr9	90910001	90930000	chr9	90910001	91660000	750000	20000	7.416666666666667	95.0%	0.041	3.80338619363482	0.042499999999999996	3.80338619363482	7.416666666666667	4450	3.225938981253878	7742.253555009307
chr16	75750001	75770000	chr16	75390001	75770000	380000	20000	11.776315789473683	95.0%	0.0255	3.7992880854983135	0.027	3.7992880854983135	11.776315789473685	3580	2.2739186593052407	2765.0850897151727
chr8	93950001	93970000	chr8	93675001	93970000	295000	20000	18.088983050847457	97.0%	0.008	3.792598982428862	0.008	3.792598982428862	18.088983050847457	4269	3.2659470247976756	3083.053991409006
chr8	6415001	6435000	chr8	6415001	6795000	380000	20000	13.654605263157896	96.0%	0.0315	3.789742278941061	0.035	3.789742278941061	13.654605263157896	4151	2.6554297738917367	3229.002605052352
chr14	68225001	68245000	chr14	67935001	68245000	310000	20000	16.907258064516128	96.0%	0.0315	3.780109954313257	0.034	3.780109954313257	16.907258064516128	4193	3.2362843832416304	3210.3941081756975
chr21	41605001	41625000	chr21	41605001	41820000	215000	20000	20.40116279069768	96.0%	0.018	3.773862084066371	0.02	3.773862084066371	20.401162790697676	3509	3.1285474054717595	2152.4406149645706
chr9	114990001	115025000	chr9	114400001	115025000	625000	35000	9.689142857142857	95.0%	0.049	3.772573444448458	0.052	3.772573444448458	9.689142857142857	8478	3.0171781505536277	18480.21617214097
chr18	74325001	74345000	chr18	74030001	74345000	315000	20000	16.07936507936508	95.0%	0.025	3.7591382030432894	0.026	3.7591382030432894	16.07936507936508	4052	2.3798761104654798	2398.9151193492035
chr2	41845001	41875000	chr2	41845001	42490000	645000	30000	14.036175710594314	95.0%	0.028	3.758092172933431	0.029	3.7580921729334307	14.036175710594316	10864	3.353547347815555	15573.873883255437
chr5	46420001	46435000	chr5	46420001	46555000	135000	15000	43.7962962962963	97.0%	0.003	3.753574915354545	0.004	3.753574915354545	29.19753086419753	2365	1.4113809708196177	342.9655759091671
chr3	32170001	32190000	chr3	32170001	32510000	340000	20000	15.408088235294118	96.0%	0.0115	3.749397139408343	0.012	3.749397139408343	15.408088235294118	4191	2.213566136757671	2408.359956792346
chr12	79400001	79425000	chr12	79400001	80280000	880000	25000	6.963636363636364	97.0%	0.037	3.727392635163703	0.0395	3.727392635163703	6.963636363636364	6128	3.5039846439327573	15417.532433304132
chr3	149465001	149490000	chr3	149305001	149490000	185000	25000	28.54054054054054	98.0%	0.003	3.724493196149586	0.004	3.7244931961495866	28.54054054054054	5280	2.418943062270036	2237.522332599783
chr6	113975001	114000000	chr6	113975001	114315000	340000	25000	15.22058823529412	98.0%	0.0175	3.698185041870908	0.0185	3.6981850418709077	15.220588235294118	5175	2.3173810339666234	3939.54775774326
chr13	94345001	94365000	chr13	93060001	94365000	1305000	20000	4.7940613026819925	95.0%	0.044	3.6899419850074655	0.046	3.6899419850074655	4.7940613026819925	5005	4.0722252538433255	17005.612660049726
chr7	51350001	51370000	chr7	51155001	51370000	215000	20000	23.377906976744185	96.0%	0.026	3.680988825852527	0.028	3.680988825852527	23.377906976744185	4021	2.3842440290086846	1640.359891957975
chr6	56345001	56370000	chr6	56345001	56720000	375000	25000	15.509333333333334	98.0%	0.046	3.665479583582368	0.049	3.665479583582368	15.509333333333334	5816	3.11568429809066	5841.9080589199875
chr11	13945001	13975000	chr11	13945001	14255000	310000	30000	17.274193548387096	95.0%	0.0155	3.658419386890376	0.016	3.6584193868903756	17.274193548387096	6426	2.5813716247731127	5761.621466493588
chr2	85275001	85300000	chr2	84925001	85300000	375000	25000	14.634666666666666	97.0%	0.023	3.656480320673413	0.024	3.6564803206734124	14.634666666666666	5488	2.455449830393611	4603.968431988021
chr8	38700001	38725000	chr8	38185001	38725000	540000	25000	10.466666666666669	97.0%	0.018	3.635935662540839	0.0195	3.635935662540839	10.466666666666667	5652	2.9233017867348057	7892.914824183975
chr3	69290001	69310000	chr3	69110001	69310000	200000	20000	25.575	98.0%	0.019	3.6232228373889415	0.020999999999999998	3.6232228373889415	25.575	4092	2.6742791129127594	1711.5386322641662
chr12	69895001	69915000	chr12	69895001	70445000	550000	20000	10.413636363636364	95.0%	0.0295	3.622740076531392	0.03	3.6227400765313917	10.413636363636364	4582	2.6871450623866218	4729.3753098004545
chr14	22365001	22385000	chr14	22095001	22385000	290000	20000	16.99137931034483	97.0%	0.0204999999999999	3.616670065293989	0.023	3.6166700652939894	16.99137931034483	3942	2.677286214388621	2484.5216069526405
chr4	169465001	169495000	chr4	168575001	169495000	920000	30000	7.004528985507246	96.0%	0.0335	3.616174844342927	0.035500000000000004	3.616174844342927	7.004528985507246	7733	3.200225449290943	21198.293376103207
chr11	129315001	129335000	chr11	128945001	129335000	390000	20000	14.724358974358974	96.0%	0.037	3.614186344228739	0.04	3.614186344228739	14.724358974358974	4594	2.7826941280937993	3472.802271861062
chr19	54015001	54035000	chr19	53750001	54035000	285000	20000	13.969298245614034	97.0%	0.017	3.612774063552816	0.018	3.6127740635528154	13.969298245614034	3185	2.85886902247454	2607.2885484967805
chr3	196500001	196525000	chr3	196000001	196525000	525000	25000	10.588571428571427	95.0%	0.035	3.611780049626583	0.037	3.611780049626583	10.588571428571429	5559	2.753999354158559	7229.248304666216
chr16	4945001	4965000	chr16	4675001	4965000	290000	20000	14.051724137931034	98.0%	0.031	3.6106696363406696	0.0335	3.6106696363406696	14.051724137931034	3260	2.4188474175613113	2244.690403496897
chr17	55505001	55525000	chr17	55215001	55525000	310000	20000	12.431451612903226	96.0%	0.018	3.60720687637267	0.0195	3.60720687637267	12.431451612903226	3083	2.2998551588910945	2281.456317619966
chr12	58335001	58355000	chr12	58335001	59160000	825000	20000	7.039393939393939	95.0%	0.035	3.598246676185101	0.037	3.598246676185101	7.039393939393939	4646	3.0409279425497897	8028.049768331444
chr18	35390001	35425000	chr18	35390001	35705000	315000	35000	15.34467120181406	98.0%	0.029	3.5853524003266326	0.031	3.5853524003266326	15.344671201814059	6767	2.2798450733810425	7037.881741527279
chr1	212465001	212485000	chr1	212465001	212790000	325000	20000	14.065384615384616	95.0%	0.017	3.582219049157102	0.018	3.582219049157102	14.065384615384616	3657	2.3310207847751414	2424.261616166147
chr16	75375001	75395000	chr16	75200001	75395000	195000	20000	24.993589743589745	98.0%	0.005	3.5721302705720763	0.005	3.5721302705720763	24.993589743589745	3899	3.4060593431911426	2125.381030151273
chr12	8205001	8235000	chr12	8000001	8235000	235000	30000	26.41843971631205	97.0%	0.019	3.5682226492251736	0.022	3.5682226492251736	26.418439716312058	7450	1.676853791182624	2837.236614681
chr5	142870001	142890000	chr5	142600001	142890000	290000	20000	20.48275862068965	95.0%	0.0284999999999999	3.566445350935714	0.0305	3.566445350935714	20.482758620689655	4752	3.144228849891016	2917.8443726988626
chr2	68425001	68445000	chr2	68085001	68445000	360000	20000	20.58333333333333	96.0%	0.025	3.5639553475992467	0.0275	3.5639553475992467	20.583333333333332	5928	2.440707857759943	2811.695452139454
chr17	18020001	18040000	chr17	17855001	18040000	185000	20000	23.324324324324323	96.0%	0.005	3.560113593349589	0.006	3.560113593349589	23.324324324324323	3452	2.4615229664305227	1457.2215961268694
chr19	46075001	46100000	chr19	46075001	46270000	195000	25000	23.953846153846158	95.0%	0.014	3.5469920977175424	0.016	3.5469920977175424	23.953846153846154	4671	3.4848132278914226	3397.692897194137
chr8	29300001	29320000	chr8	29125001	29320000	195000	20000	23.185897435897434	98.0%	0.027	3.520711279412863	0.029	3.520711279412863	23.185897435897434	3617	2.1743578293704275	1356.7992855271468
chr1	89970001	89990000	chr1	89775001	89990000	215000	20000	21.91860465116279	97.0%	0.03	3.5196905696691383	0.031	3.5196905696691383	21.91860465116279	3770	2.847364031420421	1958.9864536172497
chr2	57485001	57505000	chr2	56885001	57505000	620000	20000	14.048387096774194	96.0%	0.0165	3.517131314699592	0.018	3.5171313146995917	14.048387096774194	6968	3.449060075465808	6842.935189724163
chr8	102810001	102830000	chr8	102170001	102830000	660000	20000	7.609848484848484	95.0%	0.016	3.514548996815122	0.016	3.514548996815122	7.609848484848484	4018	2.4387800964928426	5150.703563792884
chr12	127100001	127120000	chr12	127100001	127390000	290000	20000	16.5	95.0%	0.0275	3.5143623058147835	0.0275	3.5143623058147835	16.5	3828	2.3731577129330788	2202.290357601897
chr2	207750001	207770000	chr2	207750001	208125000	375000	20000	14.726666666666668	95.0%	0.015	3.4996966745722102	0.016	3.4996966745722102	14.726666666666667	4418	2.8603511363670275	3432.421363640433
chr4	42560001	42585000	chr4	42560001	42880000	320000	25000	15.903125	96.0%	0.016	3.487299815867263	0.0165	3.487299815867263	15.903125	5089	2.598359798904875	4157.3756782478
chr2	46875001	46900000	chr2	45970001	46900000	930000	25000	9.395698924731182	96.0%	0.0205	3.4861119909691247	0.022	3.4861119909691247	9.395698924731184	8738	2.8224930196080384	13124.592541177379
chr2	158735001	158765000	chr2	157735001	158765000	1030000	30000	6.4870550161812295	95.0%	0.0355	3.4854052998071965	0.035500000000000004	3.4854052998071965	6.4870550161812295	8018	3.1156282031591114	23105.49875462797
chr8	61005001	61030000	chr8	60615001	61030000	415000	25000	13.975903614457833	96.0%	0.017	3.479544226517512	0.02	3.4795442265175116	13.975903614457831	5800	2.8824065007548234	5980.993489066259
chr7	92810001	92835000	chr7	92610001	92835000	225000	25000	23.946666666666665	97.0%	0.015	3.4757434488290846	0.016	3.4757434488290846	23.946666666666665	5388	2.736145627525313	3078.1638309659775
chr8	23845001	23865000	chr8	23845001	24230000	385000	20000	14.50974025974026	96.0%	0.032	3.472829083881116	0.036	3.4728290838811158	14.50974025974026	4469	2.921757889780855	3599.6057202100137
chr4	74515001	74540000	chr4	74310001	74540000	230000	25000	22.734782608695653	96.0%	0.0139999999999999	3.4716542164792807	0.015	3.4716542164792807	22.734782608695653	5229	2.441991406424004	2808.290117387605
chr2	58435001	58460000	chr2	57750001	58460000	710000	25000	12.6056338028169	95.0%	0.038	3.4696686745913707	0.039	3.4696686745913707	12.605633802816902	8950	4.393463472394177	15596.795326999327
chr14	69075001	69110000	chr14	68845001	69110000	265000	35000	19.28032345013477	96.0%	0.021	3.469665036161613	0.024	3.469665036161613	19.28032345013477	7153	2.9106206841478848	7558.881916732056
chr15	44210001	44225000	chr15	43875001	44225000	350000	15000	13.45238095238095	97.0%	0.028	3.468974782531083	0.0315	3.468974782531083	13.452380952380953	2825	3.6456050579676678	2296.7311865196307
chr5	127750001	127770000	chr5	127750001	128205000	455000	20000	12.57967032967033	95.0%	0.025	3.4624575148877974	0.028	3.4624575148877974	12.57967032967033	4579	2.791959011878916	4065.0923212957014
chr11	82900001	82920000	chr11	82900001	83295000	395000	20000	13.037974683544304	95.0%	0.03	3.4604663501356474	0.034	3.4604663501356474	13.037974683544304	4120	2.591181718259012	3275.253691879391
chr12	103530001	103550000	chr12	102870001	103550000	680000	20000	9.272058823529411	95.0%	0.028	3.438372031884065	0.029	3.438372031884065	9.272058823529411	5044	3.4141623896550084	7429.217359889299
chr12	47015001	47040000	chr12	47015001	47700000	685000	25000	10.908029197080293	95.0%	0.037	3.435214693249077	0.039	3.4352146932490775	10.908029197080293	7472	3.4822694482160848	11926.77286014009
chr13	97100001	97135000	chr13	97100001	97355000	255000	35000	20.48179271708684	97.0%	0.018	3.4337582096914567	0.02	3.4337582096914567	20.481792717086833	7312	2.7549999046898526	6884.744761819941
chr6	42025001	42045000	chr6	41775001	42045000	270000	20000	17.625	97.0%	0.0165	3.4322496647877867	0.018000000000000002	3.4322496647877867	17.625	3807	2.15440965043677	1861.4099379773693
chr17	36620001	36640000	chr17	36620001	37245000	625000	20000	8.338	95.0%	0.039	3.430476159379711	0.042	3.430476159379711	8.338	4169	3.3984908057539354	6796.981611507871
chr6	35785001	35800000	chr6	35785001	36015000	230000	15000	33.427536231884055	97.0%	0.024	3.4266933569769003	0.026	3.4266933569769003	33.427536231884055	4613	1.9551809160900229	809.4448992612695
chr2	28950001	28970000	chr2	28950001	29320000	370000	20000	14.179054054054054	97.0%	0.0265	3.4211682926474274	0.0305	3.4211682926474274	14.179054054054054	4197	2.5618991016014547	3033.2885362961224
chr3	39275001	39300000	chr3	39005001	39300000	295000	25000	17.427118644067797	95.0%	0.014	3.41736711126059	0.015	3.41736711126059	17.427118644067797	5141	2.249835709805074	3318.507671962484
chr6	106335001	106355000	chr6	106335001	106700000	365000	20000	14.157534246575343	95.0%	0.018	3.416683816379546	0.02	3.416683816379546	14.157534246575343	4134	2.2446660857147234	2621.769988114797
chr18	70195001	70215000	chr18	70195001	70450000	255000	20000	18.57843137254902	98.0%	0.015	3.4137644069742024	0.016	3.4137644069742024	18.57843137254902	3790	2.852685826594596	2327.7916345011904
chr5	36405001	36425000	chr5	36405001	36705000	300000	20000	16.833333333333332	97.0%	0.0295	3.410992474016453	0.0335	3.410992474016453	16.833333333333332	4040	2.663231507320396	2556.70224702758
chr1	233780001	233800000	chr1	233355001	233800000	445000	20000	11.780898876404494	96.0%	0.035	3.401779745272244	0.039	3.4017797452722434	11.780898876404494	4194	3.163891088680039	4505.380910280375
chr14	22550001	22570000	chr14	22550001	22905000	355000	20000	13.183098591549296	96.0%	0.017	3.40136212337582	0.019	3.4013621233758196	13.183098591549296	3744	2.9076293748924136	3303.066969877782
chr9	126765001	126785000	chr9	126490001	126785000	295000	20000	16.097457627118644	96.0%	0.022	3.396295184616513	0.024	3.3962951846165135	16.097457627118644	3799	2.0942268506067814	1976.9501469728018
chr6	12290001	12310000	chr6	12290001	12595000	305000	20000	17.41393442622951	97.0%	0.027	3.3870338251429613	0.031	3.3870338251429613	17.41393442622951	4249	2.4014552284562076	2343.8203029732585
chr8	109340001	109360000	chr8	109340001	110045000	705000	20000	8.47872340425532	97.0%	0.039	3.3777653882021763	0.042	3.3777653882021763	8.47872340425532	4782	2.840164947430203	6407.412121402538
chr7	26640001	26675000	chr7	26060001	26675000	615000	35000	9.567915690866512	95.0%	0.025	3.371601436114882	0.025	3.371601436114882	9.490127758420442	8171	2.5479362320118057	15356.411670335154
chr17	45635001	45655000	chr17	45635001	45870000	235000	20000	20.3936170212766	96.0%	0.033	3.370918353759724	0.036	3.370918353759724	20.393617021276597	3834	2.813379627187803	2115.6614796452277
chr11	59790001	59810000	chr11	59520001	59810000	290000	20000	18.69396551724138	97.0%	0.0185	3.3675100132944595	0.0205	3.3675100132944595	18.69396551724138	4337	2.0848442109339214	1934.7354277466789
chr1	241515001	241545000	chr1	241515001	242025000	510000	30000	11.09313725490196	95.0%	0.0215	3.360850968714112	0.0235	3.360850968714112	11.093137254901961	6789	2.7574324557755028	10125.291977607647
chr20	50445001	50465000	chr20	50185001	50465000	280000	20000	16.517857142857142	96.0%	0.023	3.3092934427433613	0.024	3.3092934427433613	16.517857142857142	3700	2.611805504956325	2340.177732440867
chr20	24985001	25005000	chr20	24985001	25310000	325000	20000	12.853846153846154	96.0%	0.028	3.303992230339116	0.03	3.303992230339116	12.853846153846154	3342	2.1457358976784953	2231.565333585635
chr20	57320001	57340000	chr20	57075001	57340000	265000	20000	16.42924528301887	97.0%	0.014	3.3011039292779354	0.016	3.3011039292779354	16.42924528301887	3483	2.941029318917512	2493.99286244205
chr5	14995001	15020000	chr5	14680001	15020000	340000	25000	14.691176470588236	97.0%	0.0365	3.300718049699685	0.039999999999999994	3.300718049699685	14.691176470588236	4995	2.730174373214732	4641.2964344650445
chr7	47805001	47825000	chr7	47420001	47825000	405000	20000	13.049382716049385	95.0%	0.022	3.299858707239878	0.024	3.299858707239878	13.049382716049383	4228	2.5446505394099965	3297.8670990753553
chr21	38730001	38750000	chr21	38730001	39145000	415000	20000	11.734939759036145	95.0%	0.037	3.2994231287981304	0.041	3.2994231287981304	11.734939759036145	3896	3.7509257180068905	4981.22935351315
chr2	217770001	217795000	chr2	217770001	218070000	300000	25000	16.436666666666667	96.0%	0.01	3.29511109629894	0.011	3.29511109629894	16.436666666666667	4931	2.0339670100766876	3050.9505151150315
chr10	60020001	60045000	chr10	59800001	60045000	245000	25000	20.66530612244898	99.0%	0.015	3.292503048165431	0.017	3.292503048165431	20.66530612244898	5063	2.4800783036640617	3038.0959219884753
chr1	93800001	93820000	chr1	93600001	93820000	220000	20000	22.71590909090909	97.0%	0.0175	3.291955833035572	0.019	3.2919558330355714	22.71590909090909	3998	3.1514083550326486	2218.5914819429845
chr17	45370001	45390000	chr17	45215001	45390000	175000	20000	25.307142857142857	95.0%	0.005	3.281917397537594	0.006	3.281917397537594	25.307142857142857	3543	2.638311746155113	1477.4545778468632
chr5	34880001	34905000	chr5	34470001	34905000	435000	25000	12.648275862068964	98.0%	0.049	3.28161226654564	0.054	3.28161226654564	12.648275862068965	5502	3.1188100104576284	6783.411772745341
chr13	44040001	44055000	chr13	44040001	44455000	415000	15000	11.751004016064256	98.0%	0.035	3.276808502308931	0.037	3.276808502308931	11.751004016064257	2926	3.484036038113752	2602.5749204709728
chr1	167060001	167080000	chr1	167060001	167445000	385000	20000	13.775974025974026	95.0%	0.026	3.2745709251129416	0.028	3.2745709251129416	13.775974025974026	4243	2.52951280861878	3116.3597802183367
chr2	19360001	19385000	chr2	19360001	19870000	510000	25000	10.93921568627451	98.0%	0.035	3.272094372515865	0.036500000000000005	3.272094372515865	10.93921568627451	5579	2.6319614950365358	6711.501812343166
chr9	70630001	70665000	chr9	70630001	71035000	405000	35000	12.653333333333334	95.0%	0.046	3.266755267324154	0.048	3.266755267324154	11.716049382716049	6643	2.17499176927005	8632.542332232828
chr17	43305001	43330000	chr17	42945001	43330000	385000	25000	8.673239436619719	97.0%	0.025	3.260987126677521	0.026	3.2609871266775214	7.997402597402598	3079	1.3021311446902495	2506.60245352873
chr5	13970001	13995000	chr5	13970001	14410000	440000	25000	10.90681818181818	96.0%	0.04	3.2547784500447	0.0415	3.2547784500447	10.906818181818181	4799	2.473022198194695	5440.648836028329
chr5	141690001	141710000	chr5	141690001	141955000	265000	20000	20.150943396226417	98.0%	0.025	3.2544669425292225	0.027	3.2544669425292225	20.150943396226417	4272	2.532390937526603	2147.4675150225594
chr14	60545001	60565000	chr14	60180001	60565000	385000	20000	13.155844155844155	95.0%	0.043	3.252968277378974	0.045	3.252968277378974	13.155844155844155	4052	2.8534843480277354	3515.4927167701703
chr7	83395001	83420000	chr7	83395001	83930000	535000	25000	9.994392523364484	96.0%	0.025	3.251628585364903	0.027	3.251628585364903	9.994392523364485	5347	2.9166658753563737	7802.081216578299
chr11	113305001	113320000	chr11	113305001	113800000	495000	15000	10.545454545454543	97.0%	0.026	3.2471909004185053	0.027	3.2471909004185053	10.545454545454545	3132	2.740913274335653	2442.1537274330667
chr4	123645001	123670000	chr4	123345001	123670000	325000	25000	16.10153846153846	97.0%	0.029	3.2396236050403315	0.03	3.2396236050403315	16.10153846153846	5233	2.557132960911926	4155.34106148188
chr3	156140001	156165000	chr3	156140001	157240000	1100000	25000	6.286363636363637	95.0%	0.0245	3.238021941569647	0.025	3.238021941569647	6.286363636363636	6915	3.6244513762375385	19934.482569306463
chr5	92305001	92330000	chr5	92305001	93130000	825000	25000	7.004848484848485	96.0%	0.027	3.234550430559373	0.029	3.234550430559373	7.004848484848485	5779	2.6622983014736654	10981.98049357887
chr3	168020001	168045000	chr3	167880001	168045000	165000	25000	30.206060606060607	96.0%	0.019	3.2208549391345707	0.022	3.2208549391345707	30.206060606060607	4984	2.4365549537748037	2010.1578368642129
chr7	111750001	111770000	chr7	111750001	112455000	705000	20000	8.205673758865249	95.0%	0.046	3.2193128163768976	0.047	3.2193128163768976	8.205673758865249	4628	3.4896303259014	7872.6060152335585
chr16	56690001	56710000	chr16	56505001	56710000	205000	20000	22.091463414634145	97.0%	0.029	3.2163442642249085	0.031	3.2163442642249085	22.091463414634145	3623	2.858532202758221	1875.197125009393
chr4	41205001	41225000	chr4	40890001	41225000	335000	20000	14.436567164179104	95.0%	0.031	3.2057625066562303	0.033	3.2057625066562303	14.436567164179104	3869	2.8631372350815067	3069.283116007375
chr5	38180001	38200000	chr5	37395001	38200000	805000	20000	6.919254658385094	95.0%	0.019	3.192827107263532	0.021	3.192827107263532	6.919254658385094	4456	2.7449198508637784	7070.913535825093
chr8	80235001	80255000	chr8	80235001	80690000	455000	20000	10.785714285714286	95.0%	0.044	3.1920862763855475	0.046	3.1920862763855475	10.785714285714286	3926	2.4577085308524667	3578.4236209211917
chr13	42105001	42125000	chr13	41355001	42125000	770000	20000	7.051948051948052	96.0%	0.033	3.1865722721549345	0.0345	3.1865722721549345	7.0519480519480515	4344	3.2822015033285887	8087.344504201643
chr11	124655001	124675000	chr11	124655001	124865000	210000	20000	23.535714285714285	99.0%	0.0075	3.1844374268951605	0.008	3.1844374268951605	23.535714285714285	3954	2.7426542490295795	1843.0636553478776
chr11	74430001	74450000	chr11	74240001	74450000	210000	20000	23.732142857142858	95.0%	0.0209999999999999	3.169947067587834	0.023	3.169947067587834	23.732142857142858	3987	2.0346996566532547	1367.3181692709873
chr2	172700001	172725000	chr2	172465001	172725000	260000	25000	19.173076923076923	96.0%	0.012	3.168123577136759	0.0135	3.168123577136759	19.173076923076923	4985	2.1689224583391513	2819.5991958408968
chr3	134445001	134480000	chr3	134275001	134480000	205000	35000	26.885017421602782	96.0%	0.007	3.165771089048867	0.007	3.165771089048867	26.885017421602786	7716	2.425502531400768	4872.8345855841435
chr10	110130001	110150000	chr10	110130001	110285000	155000	20000	29.887096774193548	98.0%	0.025	3.158203636916279	0.025	3.158203636916279	29.887096774193548	3706	2.6723744356762427	1325.4977200954163
chr13	95180001	95215000	chr13	95180001	95405000	225000	35000	21.685714285714287	97.0%	0.016	3.1561682202683468	0.018	3.1561682202683468	21.685714285714287	6831	2.8118699452291125	6200.173229230193
chr13	98640001	98675000	chr13	98440001	98675000	235000	35000	19.629179331306997	99.0%	0.017	3.1475060273155453	0.018	3.1475060273155453	19.62917933130699	6458	2.3658321787656607	5448.511507697316
chr7	93040001	93060000	chr7	92425001	93060000	635000	20000	8.216535433070867	97.0%	0.032	3.1444882292709355	0.032	3.1444882292709355	8.216535433070867	4174	2.907025840027998	5907.076506936892
chr4	102995001	103015000	chr4	102430001	103015000	585000	20000	10.39102564102564	97.0%	0.025	3.1339030278014017	0.026	3.1339030278014017	10.39102564102564	4863	3.3723456231033184	6313.031006449412
chr2	68910001	68935000	chr2	68575001	68935000	360000	25000	22.427777777777777	96.0%	0.0325	3.132901458943812	0.035500000000000004	3.132901458943812	22.427777777777777	8074	3.1612664526075553	5690.2796146936
chr10	71300001	71320000	chr10	71300001	71715000	415000	20000	10.951807228915662	96.0%	0.023	3.1315468792536274	0.025	3.1315468792536274	10.951807228915662	3636	2.2056906881961567	2929.157233924496
chr12	13205001	13230000	chr12	12990001	13230000	240000	25000	20.695833333333333	98.0%	0.0155	3.131158642172193	0.017	3.131158642172193	20.695833333333333	4967	2.3287071414915115	2794.4485697898135
chr11	6365001	6390000	chr11	6365001	6710000	345000	25000	20.71014492753623	98.0%	0.027	3.129186738217006	0.031	3.129186738217006	20.71014492753623	7145	2.596734506179472	4479.36702315959
chr1	234485001	234510000	chr1	234485001	235100000	615000	25000	9.388617886178862	95.0%	0.032	3.125863105092277	0.036	3.125863105092277	9.388617886178862	5774	3.0254165665407204	9303.155942112715
chr11	34860001	34895000	chr11	34505001	34895000	390000	35000	15.32967032967033	96.0%	0.02	3.1241133997053065	0.022	3.1241133997053065	15.32967032967033	8370	3.4288622564658753	13105.111544212576
chr1	232625001	232650000	chr1	232625001	233250000	625000	25000	8.0176	97.0%	0.029	3.1208555129841478	0.031	3.1208555129841473	8.0176	5011	2.702749589043322	8446.092465760381
chr12	71400001	71420000	chr12	71400001	71755000	355000	20000	14.482394366197184	95.0%	0.028	3.1134759191782844	0.032	3.1134759191782844	14.482394366197184	4113	2.493306933345266	2832.396676280222
chr2	38500001	38525000	chr2	37990001	38525000	535000	25000	16.551401869158877	95.0%	0.032	3.1116895340033857	0.034	3.1116895340033857	16.55140186915888	8855	2.8738684164072805	7687.598013889476
chr20	34305001	34325000	chr20	34305001	34525000	220000	20000	21.57386363636364	96.0%	0.0245	3.0930542403435024	0.0285	3.0930542403435024	21.573863636363637	3797	2.6756981068457395	1883.6914672194007
chr7	26045001	26065000	chr7	25880001	26065000	185000	20000	25.43243243243243	98.0%	0.014	3.085628718230617	0.016	3.085628718230617	25.43243243243243	3764	2.3023514427505227	1362.9920541083095
chr2	29175001	29200000	chr2	28960001	29200000	240000	25000	22.579166666666666	98.0%	0.0065	3.085245832964693	0.007	3.0852458329646932	22.579166666666666	5419	2.381218709695511	2857.462451634613
chr2	175020001	175040000	chr2	175020001	175335000	315000	20000	17.103174603174605	98.0%	0.015	3.081706472016457	0.016	3.081706472016457	17.103174603174605	4310	2.2747101881131595	2292.907869618065
chr3	69660001	69680000	chr3	68980001	69680000	700000	20000	7.648214285714285	95.0%	0.0335	3.076954354691296	0.035500000000000004	3.0769543546912956	7.648214285714285	4283	2.48899879802196	5575.35730756919
chr2	236170001	236190000	chr2	235760001	236190000	430000	20000	11.122093023255816	95.0%	0.037	3.0768004018748267	0.039	3.0768004018748267	11.122093023255815	3826	2.466194265232828	3393.4833089603712
chr15	31120001	31145000	chr15	30800001	31145000	345000	25000	12.982608695652177	95.0%	0.039	3.0699062028334336	0.04	3.0699062028334336	12.982608695652173	4479	2.700305783480685	4658.027476504181
chr5	149550001	149570000	chr5	149315001	149570000	255000	20000	18.392156862745097	98.0%	0.011	3.06337994904782	0.013	3.0633799490478197	18.392156862745097	3752	2.758338893210493	2250.8045368597623
chr1	210135001	210160000	chr1	210135001	210410000	275000	25000	17.94909090909091	98.0%	0.036	3.0627922185031418	0.037	3.0627922185031418	17.94909090909091	4936	2.900630587337652	3988.367057589271
chr3	118875001	118895000	chr3	118875001	119105000	230000	20000	20.755434782608692	98.0%	0.0355	3.058437320969821	0.038	3.0584373209698206	20.755434782608695	3819	2.729327279348989	2008.784877600856
chr3	70345001	70365000	chr3	70050001	70365000	315000	20000	16.214285714285715	98.0%	0.029	3.056988114022743	0.033	3.056988114022743	16.214285714285715	4086	2.907043347934136	2930.299694717609
chr2	100975001	100995000	chr2	100580001	100995000	415000	20000	12.816265060240964	95.0%	0.016	3.0550220509543267	0.018	3.0550220509543267	12.816265060240964	4255	2.5107198675910873	3334.235984160964
chr22	45260001	45280000	chr22	45260001	45490000	230000	20000	16.320652173913043	96.0%	0.0395	3.0522833720718463	0.043	3.0522833720718463	16.320652173913043	3003	2.8240981524767874	2078.5362402229157
chr1	40070001	40090000	chr1	40070001	40380000	310000	20000	16.782258064516128	96.0%	0.027	3.050284071979683	0.0295	3.050284071979683	16.782258064516128	4162	2.656986861332598	2635.730966441937
chr3	43535001	43560000	chr3	43535001	44260000	725000	25000	7.6	98.0%	0.031	3.047881829889914	0.035	3.047881829889914	7.6	5510	2.5376313707456855	9198.91371895311
chr11	65810001	65840000	chr11	65675001	65840000	165000	30000	28.86868686868687	96.0%	0.018	3.035877775343883	0.021	3.035877775343883	28.86868686868687	5716	1.9880280917830184	2361.777373038226
chr7	129455001	129475000	chr7	129225001	129475000	250000	20000	21.26	95.0%	0.0255	3.029594227778877	0.0275	3.0295942277788774	21.26	4252	2.111973866882219	1689.5790935057753
chr7	130010001	130035000	chr7	129300001	130035000	735000	25000	7.174149659863946	97.0%	0.024	3.0084638983075958	0.026	3.0084638983075953	7.174149659863946	5273	2.256615655319249	8293.06253329824
chr6	122820001	122840000	chr6	122585001	122840000	255000	20000	21.38235294117647	95.0%	0.028	3.0079146235438383	0.03	3.0079146235438383	21.38235294117647	4362	2.1597520494819773	1762.3576723772935
chr10	101995001	102020000	chr10	101750001	102020000	270000	25000	20.174074074074078	96.0%	0.0295	2.999648490469098	0.0305	2.999648490469098	20.174074074074074	5447	2.5725293951299646	3472.9146834254525
chr19	12965001	12985000	chr19	12965001	13100000	135000	20000	28.33333333333333	98.0%	0.019	2.9987578012529714	0.022	2.9987578012529714	28.333333333333332	3060	2.5539366014782905	1103.3006118386215
chr16	87770001	87790000	chr16	87770001	87920000	150000	20000	25.8	97.0%	0.006	2.9880988809583604	0.006500000000000001	2.9880988809583604	25.8	3096	2.338072598336872	1122.2748472016985
chr4	81060001	81085000	chr4	81060001	81365000	305000	25000	16.472131147540985	98.0%	0.034	2.985177684185329	0.035	2.9851776841853295	16.472131147540985	5024	2.67560123255763	4080.2918796503855
chr7	13240001	13265000	chr7	12620001	13265000	645000	25000	8.897674418604652	95.0%	0.049	2.9833522428475887	0.054	2.9833522428475887	8.897674418604652	5739	3.445815841300968	11112.756088195621
chr19	5015001	5035000	chr19	4800001	5035000	235000	20000	16.75	95.0%	0.03	2.982478847169178	0.033	2.982478847169178	16.75	3149	2.2037170541559945	1657.195224725308
chr8	94350001	94370000	chr8	93670001	94370000	700000	20000	8.873214285714285	96.0%	0.0325	2.980195872452517	0.035	2.980195872452517	8.873214285714285	4969	3.2238252574888393	7221.368576775
chr11	36285001	36310000	chr11	36285001	36505000	220000	25000	22.15909090909091	97.0%	0.0255	2.9784200640542227	0.0285	2.9784200640542227	22.15909090909091	4875	2.4973131257821937	2747.044438360413
chr9	72865001	72885000	chr9	72865001	73080000	215000	20000	23.098837209302324	98.0%	0.03	2.977298947246508	0.034	2.977298947246508	23.098837209302324	3973	3.131665857049098	2154.5861096497792
chr2	171400001	171425000	chr2	170955001	171425000	470000	25000	12.7	96.0%	0.0245	2.9771461261113177	0.025	2.9771461261113177	12.7	5969	2.5178240720324276	5916.886569276205
chr11	19555001	19575000	chr11	19555001	19870000	315000	20000	15.432539682539682	96.0%	0.025	2.9765426702777864	0.027	2.9765426702777864	15.432539682539682	3889	2.382672410462741	2401.733789746443
chr2	39505001	39525000	chr2	39505001	39730000	225000	20000	32.855555555555554	99.0%	0.029	2.9747790008978456	0.033	2.9747790008978456	32.855555555555554	5914	2.864706191820122	2062.588458110488
chr7	23050001	23075000	chr7	22505001	23075000	570000	25000	9.482456140350877	98.0%	0.031	2.974429753536176	0.034	2.974429753536176	9.482456140350877	5405	2.524583212446963	7195.0621554738445
chr2	62395001	62415000	chr2	61930001	62415000	485000	20000	16.4819587628866	98.0%	0.017	2.9741541751825484	0.017	2.9741541751825484	16.4819587628866	6395	3.657994989837925	5677.20822422846
chr17	60035001	60070000	chr17	59690001	60070000	380000	35000	12.06015037593985	97.0%	0.0255	2.963099909737588	0.027	2.963099909737588	12.06015037593985	6416	1.5495060096228628	5770.360379835541
chr17	18600001	18620000	chr17	18600001	19020000	420000	20000	6.050595238095238	95.0%	0.0345	2.957623366993911	0.035500000000000004	2.957623366993911	6.050595238095238	2033	1.7315910259106853	2327.258338823961
chr6	29840001	29860000	chr6	29840001	30165000	325000	20000	15.63076923076923	95.0%	0.028	2.956333515049911	0.029	2.956333515049911	15.63076923076923	4064	2.4226023188718413	2519.506411626715
chr1	198675001	198695000	chr1	198335001	198695000	360000	20000	13.288194444444445	98.0%	0.032	2.955369169119097	0.034	2.955369169119097	13.288194444444445	3827	2.5414719466768725	2927.775682571757
chr7	47255001	47275000	chr7	47255001	47975000	720000	20000	7.701388888888889	96.0%	0.0285	2.9547808214101647	0.031	2.9547808214101647	7.701388888888889	4436	2.52064035163753	5807.555370172869
chr9	85250001	85270000	chr9	84650001	85270000	620000	20000	8.159274193548388	97.0%	0.0305	2.95171244593077	0.0325	2.9517124459307706	8.159274193548388	4047	3.4583203215555707	6861.307517966252
chr6	44065001	44085000	chr6	43660001	44085000	425000	20000	11.514705882352942	97.0%	0.012	2.95018004503976	0.014	2.95018004503976	11.514705882352942	3915	2.739540356412864	3725.774884721495
chr1	93620001	93645000	chr1	93620001	93850000	230000	25000	22.47826086956522	98.0%	0.037	2.9434524249037803	0.040499999999999994	2.9434524249037803	22.47826086956522	5170	3.1157470041164945	3583.1090547339686
chr3	193025001	193045000	chr3	192820001	193045000	225000	20000	20.177777777777777	98.0%	0.006	2.938771130848712	0.006	2.938771130848712	20.177777777777777	3632	2.274537656910838	1637.6671129758035
chr3	195505001	195525000	chr3	195270001	195525000	255000	20000	18.235294117647054	97.0%	0.013	2.9370970043339506	0.015	2.9370970043339506	18.235294117647058	3720	2.4515108260364817	2000.4328340457691
chr20	36125001	36145000	chr20	35970001	36145000	175000	20000	25.77857142857143	97.0%	0.026	2.935285598262041	0.028	2.935285598262041	25.77857142857143	3609	2.7949907287961744	1565.1948081258577
chr5	148730001	148750000	chr5	148730001	149045000	315000	20000	16.436507936507937	99.0%	0.033	2.930854370447773	0.035	2.930854370447773	16.436507936507937	4142	2.9951715706455	3019.132943210664
chr2	69550001	69575000	chr2	69550001	69850000	300000	25000	25.746666666666663	97.0%	0.0135	2.9291141078741187	0.014499999999999999	2.9291141078741187	25.746666666666666	7724	2.87853415561381	4317.801233420715
chr9	129770001	129795000	chr9	129630001	129795000	165000	25000	27.727272727272727	95.0%	0.019	2.9247877396467885	0.021	2.9247877396467885	27.727272727272727	4575	2.366912098563655	1952.7024813150156
chr9	96200001	96225000	chr9	95650001	96225000	575000	25000	8.965217391304348	96.0%	0.026	2.9230215694050115	0.027	2.9230215694050115	8.965217391304348	5155	2.4761281385057634	7118.868398204069
chr8	100930001	100950000	chr8	100930001	101245000	315000	20000	15.77777777777778	97.0%	0.015	2.917462847175867	0.016	2.917462847175867	15.777777777777779	3976	2.4251229172342152	2444.523900572089
chr10	23980001	24005000	chr10	23980001	24565000	585000	25000	9.468376068376068	97.0%	0.038	2.9130299482578628	0.041	2.9130299482578628	9.468376068376068	5539	2.713124516680151	7935.889211289443
chr2	57890001	57915000	chr2	57890001	58790000	900000	25000	10.774444444444445	95.0%	0.017	2.911162508125261	0.018	2.911162508125261	10.774444444444445	9697	4.306883681596139	19380.976567182624
chr1	115755001	115775000	chr1	115445001	115775000	330000	20000	15.526515151515152	95.0%	0.034	2.9088316674684256	0.038	2.9088316674684256	15.526515151515152	4099	2.5072200072008237	2647.62432760407
chr9	120925001	120950000	chr9	120755001	120950000	195000	25000	24.769230769230766	98.0%	0.016	2.908793655255537	0.018	2.908793655255537	24.76923076923077	4830	2.8900684580732783	2817.8167466214463
chr1	230625001	230645000	chr1	230625001	230795000	170000	20000	26.38235294117647	97.0%	0.017	2.905188871436895	0.019	2.905188871436895	26.38235294117647	3588	2.6064885826064996	1417.9297889379359
chr1	175290001	175320000	chr1	175150001	175320000	170000	30000	29.303921568627448	97.0%	0.0315	2.897249539357107	0.0325	2.897249539357107	29.30392156862745	5978	2.6824938558690916	3283.372479583768
chr19	42435001	42460000	chr19	42435001	42610000	175000	25000	24.14857142857143	95.0%	0.026	2.895630721607557	0.029	2.895630721607557	24.14857142857143	4226	2.4442841566499776	2138.74863706873
chr10	69375001	69400000	chr10	69085001	69400000	315000	25000	16.45079365079365	96.0%	0.021	2.8916673863387707	0.023	2.8916673863387707	16.45079365079365	5182	2.0260012585668785	3190.9519822428338
chr18	23390001	23415000	chr18	22795001	23415000	620000	25000	8.95483870967742	95.0%	0.0345	2.884945519224335	0.036	2.884945519224335	8.95483870967742	5552	2.764397311863219	8569.631666775978
chr1	219565001	219585000	chr1	219565001	219820000	255000	20000	17.38235294117647	97.0%	0.029	2.88474064782593	0.031	2.88474064782593	17.38235294117647	3546	2.6219953241228566	2139.548184484251
chr1	199670001	199690000	chr1	199670001	200310000	640000	20000	8.2578125	97.0%	0.044	2.882852778772637	0.045	2.882852778772637	8.2578125	4228	3.2153733223173973	6585.08456410603
chr19	48575001	48595000	chr19	48315001	48595000	280000	20000	14.620535714285714	95.0%	0.033	2.881449087996657	0.035	2.881449087996657	14.620535714285714	3275	1.9561740456483085	1752.7319449008844
chr2	231400001	231420000	chr2	231060001	231420000	360000	20000	14.20486111111111	96.0%	0.0195	2.878518682631305	0.0215	2.878518682631305	14.20486111111111	4091	2.1071060348562165	2427.3861521543613
chr4	39460001	39480000	chr4	39460001	39850000	390000	20000	12.461538461538462	97.0%	0.026	2.8764656545603047	0.028	2.8764656545603047	12.461538461538462	3888	2.0460612756359398	2553.4844719936527
chr2	182060001	182080000	chr2	181720001	182080000	360000	20000	15.76388888888889	97.0%	0.0205	2.873303986885229	0.023	2.873303986885229	15.76388888888889	4540	2.3344085661595244	2689.238668215772
chr15	66845001	66865000	chr15	66590001	66865000	275000	20000	15.522727272727272	95.0%	0.035	2.866775997784375	0.037	2.866775997784375	15.522727272727273	3415	2.6139703016129556	2300.293865419401
chr3	45195001	45215000	chr3	45030001	45215000	185000	20000	24.83783783783784	97.0%	0.026	2.862983326788141	0.028	2.862983326788141	24.83783783783784	3676	2.258110503603997	1336.8014181335661
chr3	37440001	37460000	chr3	37440001	37815000	375000	20000	14.603333333333332	97.0%	0.028	2.861698679144128	0.029	2.861698679144128	14.603333333333333	4381	2.698193639467422	3237.832367360906
chr2	168950001	168970000	chr2	168950001	169145000	195000	20000	25.23076923076923	99.0%	0.03	2.859647956432933	0.034	2.859647956432933	25.23076923076923	3936	2.4874507212908656	1552.1692500855002
chr7	12060001	12080000	chr7	12060001	12495000	435000	20000	13.385057471264368	95.0%	0.032	2.8548513162784133	0.035	2.8548513162784133	13.385057471264368	4658	3.0903364640331046	4301.7483579340815
chr1	240020001	240040000	chr1	240020001	240185000	165000	20000	25.51515151515152	97.0%	0.03	2.843567828385973	0.034	2.843567828385973	25.515151515151516	3368	2.390351285645599	1262.1054788208762
chr11	40110001	40130000	chr11	39350001	40130000	780000	20000	7.076923076923077	95.0%	0.026	2.8335661356507527	0.028499999999999998	2.8335661356507527	7.076923076923077	4416	2.9561839723077603	7378.635194880169
chr8	100830001	100850000	chr8	100830001	101310000	480000	20000	10.713541666666666	95.0%	0.026	2.8292453047590502	0.028	2.8292453047590502	10.713541666666666	4114	2.4643052353649124	3785.1728415205052
chr2	158885001	158910000	chr2	158885001	159300000	415000	25000	12.718072289156629	98.0%	0.025	2.826041631941446	0.026	2.826041631941446	12.718072289156627	5278	2.0593530495264782	4273.1575777674425
chr1	62735001	62755000	chr1	62375001	62755000	380000	20000	12.470394736842104	95.0%	0.045	2.8230196681094406	0.05	2.8230196681094406	12.470394736842104	3791	2.51878259306288	3062.839633164462
chr12	10125001	10145000	chr12	9730001	10145000	415000	20000	12.13855421686747	95.0%	0.03	2.8199728542762648	0.033	2.8199728542762648	12.13855421686747	4030	2.268278803594852	3012.2742511739634
chr16	84470001	84495000	chr16	84070001	84495000	425000	25000	10.957647058823529	95.0%	0.037	2.8180509943352234	0.039	2.8180509943352234	10.957647058823529	4657	2.4052228940669798	5111.098649892332
chr20	40935001	40960000	chr20	40710001	40960000	250000	25000	18.176	98.0%	0.0245	2.814336064395852	0.025500000000000002	2.814336064395852	18.176	4544	2.3284256708061126	2910.5320885076408
chr12	27415001	27450000	chr12	27415001	27715000	300000	35000	18.257142857142856	96.0%	0.048	2.8135214181225865	0.0505	2.8135214181225865	18.257142857142856	7668	2.8425928736806045	8357.223048620977
chr16	55835001	55855000	chr16	55395001	55855000	460000	20000	9.75824175824176	95.0%	0.0424999999999999	2.8126803694548563	0.0445	2.8126803694548563	9.652173913043478	3552	2.531362829550227	3726.166085097934
chr11	78635001	78655000	chr11	78635001	79105000	470000	20000	10.11968085106383	95.0%	0.036	2.8109730652290925	0.038	2.8109730652290925	10.11968085106383	3805	2.0990151919614224	3156.918848709979
chr3	122665001	122685000	chr3	122385001	122685000	300000	20000	15.5625	97.0%	0.0144999999999999	2.8092412453602	0.015	2.8092412453601994	15.5625	3735	2.3262681591359384	2233.217432770501
chr1	98450001	98470000	chr1	97810001	98470000	660000	20000	9.026515151515152	96.0%	0.0435	2.804806503049809	0.047	2.804806503049809	9.026515151515152	4766	3.9897780665759313	8426.411276608367
chr8	48910001	48935000	chr8	48120001	48935000	815000	25000	6.6355828220858895	95.0%	0.034	2.7975581001704817	0.036	2.7975581001704817	6.6355828220858895	5408	3.2966996056438482	13434.05089299868
chr4	86910001	86930000	chr4	86910001	87155000	245000	20000	19.34183673469388	97.0%	0.012	2.795168815344709	0.013	2.795168815344709	19.341836734693878	3791	2.2477625833623516	1762.2458653560836
chr2	234125001	234145000	chr2	234125001	234540000	415000	20000	12.852409638554215	96.0%	0.023	2.787055343368597	0.026	2.787055343368597	12.852409638554217	4267	2.551126508255002	3387.896002962643
chr3	127955001	127975000	chr3	127555001	127975000	420000	20000	13.139880952380953	95.0%	0.0195	2.7853128315309843	0.02	2.7853128315309843	13.139880952380953	4415	2.419056020355202	3251.2112913573915
chr13	21460001	21485000	chr13	21115001	21485000	370000	25000	12.248648648648649	97.0%	0.026	2.784465588747921	0.0275	2.7844655887479215	12.248648648648649	4532	2.364603954244724	4374.517315352739
chr16	68210001	68230000	chr16	67920001	68230000	310000	20000	16.786290322580644	95.0%	0.03	2.777959319325946	0.032	2.7779593193259466	16.786290322580644	4163	2.398329518059565	2379.1428819150883
chr3	158765001	158800000	chr3	158530001	158800000	270000	35000	19.1957671957672	95.0%	0.0295	2.776779156129833	0.0315	2.776779156129833	19.195767195767196	7256	2.1132410628173757	5591.635852214777
chr5	168260001	168280000	chr5	168260001	168495000	235000	20000	19.19148936170213	98.0%	0.029	2.773469281453194	0.033	2.773469281453194	19.19148936170213	3608	2.16327736341983	1626.7845772917124
chr9	114890001	114910000	chr9	114720001	114910000	190000	20000	26.06578947368421	98.0%	0.013	2.765108782365879	0.014	2.765108782365879	26.06578947368421	3962	3.5101771763632383	2134.187723228849
chr8	42125001	42150000	chr8	41935001	42150000	215000	25000	21.074418604651164	97.0%	0.011	2.764644837977744	0.013	2.7646448379777437	21.074418604651164	4531	2.076123507799842	2231.83277088483
chr11	63465001	63485000	chr11	63465001	63740000	275000	20000	17.427272727272726	96.0%	0.017	2.7503431343753846	0.019	2.7503431343753846	17.427272727272726	3834	2.333093465811288	2053.1222499139335
chr1	160940001	160975000	chr1	160615001	160975000	360000	35000	14.01190476190476	95.0%	0.0245	2.7496460381467585	0.0275	2.7496460381467585	14.011904761904763	7062	2.4034853414544166	8479.496284651183
chr4	107890001	107915000	chr4	107740001	107915000	175000	25000	29.880000000000003	98.0%	0.002	2.7488443911862923	0.002	2.7488443911862923	29.88	5229	2.746987394478176	2403.613970168404
chr9	136480001	136500000	chr9	136480001	136725000	245000	20000	15.214285714285714	95.0%	0.03	2.7480712602120776	0.034	2.7480712602120776	15.214285714285714	2982	1.9338971210637457	1516.1753429139767
chr3	42245001	42260000	chr3	42245001	42555000	310000	15000	17.49462365591398	98.0%	0.0289999999999999	2.7447197898335216	0.033	2.7447197898335216	17.49462365591398	3254	3.158633268463332	1762.5173638025392
chr7	80685001	80705000	chr7	80685001	81450000	765000	20000	7.34313725490196	95.0%	0.042	2.743642431043092	0.044	2.7436424310430914	7.3431372549019605	4494	3.194927798046309	7821.183249617364
chr3	152430001	152455000	chr3	152030001	152455000	425000	25000	12.616470588235297	98.0%	0.025	2.7425083883569137	0.028	2.7425083883569137	12.616470588235295	5362	2.4725442093864105	5254.156444946122
chr4	9095001	9130000	chr4	8930001	9130000	200000	35000	18.735714285714288	97.0%	0.0095	2.7423587334068253	0.009999999999999998	2.7423587334068253	18.735714285714284	5246	1.4869798454998304	2914.4804971796675
chr15	30655001	30675000	chr15	30655001	31575000	920000	20000	4.320652173913044	95.0%	0.033	2.741629419933568	0.035	2.7416294199335676	4.320652173913044	3180	2.2165147846430866	6525.419525989247
chr13	75685001	75705000	chr13	75685001	75870000	185000	20000	23.054054054054053	99.0%	0.023	2.73875011592356	0.026	2.7387501159235597	23.054054054054053	3412	2.441202663550741	1445.1919768220387
chr2	200445001	200480000	chr2	200000001	200480000	480000	35000	12.897321428571429	95.0%	0.026	2.735173551975735	0.0275	2.735173551975735	12.897321428571429	8667	2.392638102470794	11254.969634022615
chr7	44580001	44600000	chr7	44580001	44955000	375000	20000	12.713333333333331	96.0%	0.036	2.73176709421575	0.039	2.73176709421575	12.713333333333333	3814	2.3840071072215765	2860.808528665892
chr7	6310001	6330000	chr7	6105001	6330000	225000	20000	20.28333333333333	98.0%	0.016	2.729460970409216	0.017	2.729460970409216	20.283333333333335	3651	2.1916555107521787	1577.9919677415687
chr10	70345001	70370000	chr10	70105001	70370000	265000	25000	18.89433962264151	96.0%	0.027	2.728835141108921	0.028	2.728835141108921	18.89433962264151	5007	2.3234992758520865	3078.6365405040146
chr3	13890001	13910000	chr3	13890001	14260000	370000	20000	13.800675675675675	96.0%	0.037	2.7174886407563386	0.0405	2.7174886407563386	13.800675675675675	4085	2.321437672339813	2748.582204050339
chr13	27370001	27400000	chr13	27370001	27830000	460000	30000	10.617753623188406	96.0%	0.0365	2.7080237881584086	0.0395	2.7080237881584086	10.617753623188406	5861	2.3514058114282195	7787.856047450263
chr3	52730001	52750000	chr3	52730001	53080000	350000	20000	14.6	97.0%	0.023	2.70625368636222	0.0265	2.7062536863622197	14.6	4088	1.953919741074312	2188.3901100032294
chr5	150550001	150570000	chr5	150550001	150850000	300000	20000	17.425	98.0%	0.016	2.702844757080773	0.017	2.7028447570807734	17.425	4182	2.273357370442319	2182.423075624626
chr15	65255001	65290000	chr15	65020001	65290000	270000	35000	17.653439153439155	95.0%	0.0335	2.6993967006470982	0.036000000000000004	2.6993967006470982	17.65343915343915	6673	2.0863856516614594	5520.576434296221
chr21	35385001	35405000	chr21	34690001	35405000	715000	20000	7.555944055944056	95.0%	0.037	2.694550497110094	0.04	2.694550497110094	7.555944055944056	4322	4.721986851582319	10803.905916420345
chr1	20520001	20540000	chr1	20520001	20690000	170000	20000	27.97058823529412	97.0%	0.0285	2.692927615200128	0.032	2.6929276152001282	27.970588235294116	3804	2.270196553858885	1234.9869252992335
chr14	67415001	67440000	chr14	67415001	67710000	295000	25000	16.0135593220339	98.0%	0.033	2.691783260779434	0.035	2.691783260779434	16.0135593220339	4724	2.3449748634501675	3458.837923588997
chr14	24800001	24825000	chr14	24800001	25050000	250000	25000	19.148	98.0%	0.0455	2.688335636436558	0.05	2.688335636436558	19.148	4787	2.989639555193425	3737.049443991781
chr1	211640001	211670000	chr1	211275001	211670000	395000	30000	12.829113924050631	96.0%	0.019	2.6846503083250406	0.02	2.6846503083250406	12.829113924050633	6081	2.0017368107318707	5692.939489721441
chr12	54935001	54970000	chr12	54695001	54970000	275000	35000	19.342857142857145	95.0%	0.022	2.682076163574945	0.025	2.6820761635749455	19.34285714285714	7447	2.6381349506277125	7109.773691941686
chr1	24815001	24830000	chr1	24495001	24830000	335000	15000	15.91542288557214	96.0%	0.024	2.6818465417348434	0.026	2.6818465417348434	15.91542288557214	3199	2.435452467095455	1468.5778376585592
chr3	99825001	99845000	chr3	99825001	100645000	820000	20000	7.29420731707317	95.0%	0.032	2.6800396820712544	0.0335	2.6800396820712544	7.2942073170731705	4785	2.846358423437328	7468.844503099548
chr8	118730001	118750000	chr8	118730001	119420000	690000	20000	8.603260869565217	95.0%	0.039	2.6790838261567207	0.042499999999999996	2.6790838261567207	8.603260869565217	4749	2.889352942794872	6379.691297691077
chr3	65775001	65800000	chr3	65775001	66230000	455000	25000	11.448351648351649	97.0%	0.026	2.6779697225634798	0.027	2.6779697225634793	11.448351648351649	5209	2.6078545421740547	5932.869083445974
chr3	111945001	111975000	chr3	111660001	111975000	315000	30000	18.29100529100529	96.0%	0.016	2.675273081081415	0.017	2.675273081081415	18.29100529100529	6914	2.7328030017583314	6197.997207987895
chr12	6270001	6290000	chr12	6045001	6290000	245000	20000	16.78061224489796	96.0%	0.018	2.674257968555034	0.021	2.674257968555034	16.78061224489796	3289	2.1245377479615346	1665.6375944018432
chr7	16105001	16125000	chr7	16105001	16810000	705000	20000	8.792553191489361	96.0%	0.043	2.6735527542995032	0.048	2.6735527542995032	8.792553191489361	4959	3.6313965902288237	8192.430707556226
chr19	10705001	10725000	chr19	10705001	10865000	160000	20000	24.796875	95.0%	0.025	2.66904031543949	0.028	2.66904031543949	24.796875	3174	2.135764357329138	1093.5113509525186
chr17	67675001	67695000	chr17	67480001	67695000	215000	20000	20.41860465116279	95.0%	0.026	2.6680506783860034	0.029	2.6680506783860034	20.41860465116279	3512	2.1152391264722104	1455.2845190128808
chr9	131320001	131340000	chr9	131020001	131340000	320000	20000	13.29296875	97.0%	0.0245	2.666700499596434	0.027	2.666700499596434	13.29296875	3403	2.1897381050112283	2242.291819531498
chr8	8645001	8670000	chr8	8285001	8670000	385000	25000	14.872727272727271	95.0%	0.024	2.665062864510144	0.027	2.665062864510144	14.872727272727273	5726	2.5073981729882715	4826.741483002423
chr11	76720001	76740000	chr11	76720001	77130000	410000	20000	12.667682926829269	97.0%	0.0235	2.6639546957879108	0.025500000000000002	2.6639546957879108	12.667682926829269	4155	2.042500919795097	2679.761206771167
chr11	125910001	125935000	chr11	125910001	126265000	355000	25000	14.109859154929577	95.0%	0.032	2.663211480480626	0.035	2.663211480480626	14.109859154929577	5009	2.245691045135068	3986.101605114746
chr3	122095001	122115000	chr3	122095001	122405000	310000	20000	16.201612903225808	96.0%	0.0255	2.654602457295655	0.026500000000000003	2.654602457295655	16.201612903225808	4018	2.1243391418919986	2107.3444287568627
chr8	93810001	93830000	chr8	93810001	93980000	170000	20000	26.96323529411765	99.0%	0.019	2.65292566090963	0.021	2.65292566090963	26.96323529411765	3667	2.81817333762229	1533.0862956665258
chr11	129765001	129790000	chr11	129765001	130285000	520000	25000	10.921153846153846	95.0%	0.0335	2.649151487823434	0.035	2.649151487823434	10.921153846153846	5679	2.082154874199747	5413.602672919342
chr1	67845001	67865000	chr1	67845001	68120000	275000	20000	18.036363636363635	96.0%	0.036	2.6445948934466195	0.04	2.6445948934466195	18.036363636363635	3968	2.4232501612247335	2132.4601418777656
chr3	42085001	42105000	chr3	41885001	42105000	220000	20000	21.295454545454547	97.0%	0.012	2.640648039755003	0.013	2.640648039755003	21.295454545454547	3748	2.1510844137155107	1514.3634272557197
chr2	181730001	181760000	chr2	181730001	182030000	300000	30000	18.50555555555556	97.0%	0.0445	2.6343204735794283	0.049	2.6343204735794283	18.505555555555556	6662	2.3434033929723377	5061.751328820249
chr12	89445001	89465000	chr12	89010001	89465000	455000	20000	12.244505494505496	98.0%	0.022	2.6334606994785434	0.023	2.6334606994785434	12.244505494505495	4457	3.7999648917208813	5532.748882345603
chr1	50360001	50380000	chr1	50360001	50740000	380000	20000	12.740131578947368	96.0%	0.0465	2.6233953190859287	0.048	2.6233953190859287	12.740131578947368	3873	2.438002277478549	2964.6107694139155
chr4	76165001	76190000	chr4	76165001	76420000	255000	25000	20.607843137254903	97.0%	0.027	2.619524851039801	0.03	2.619524851039801	20.607843137254903	5255	2.3282990013153784	2968.581226677107
chr2	177110001	177145000	chr2	176805001	177145000	340000	35000	14.466386554621849	98.0%	0.0144999999999999	2.618697897792206	0.016	2.618697897792206	14.466386554621849	6886	1.5376137279513113	5123.3289415337695
chr1	43750001	43770000	chr1	43750001	44060000	310000	20000	15.971774193548388	95.0%	0.0325	2.6145741195523025	0.035500000000000004	2.6145741195523025	15.971774193548388	3961	2.5705275064389252	2549.963286387414
chr14	75070001	75095000	chr14	74855001	75095000	240000	25000	19.85833333333333	95.0%	0.023	2.613895073663396	0.025	2.613895073663396	19.858333333333334	4766	2.427948153788171	2913.537784545805
chr1	232615001	232635000	chr1	231860001	232635000	775000	20000	6.496774193548387	95.0%	0.033	2.613214462983014	0.034	2.613214462983014	6.496774193548387	4028	2.837703321878342	7037.504238258289
chr6	141975001	141995000	chr6	141975001	142125000	150000	20000	29.73333333333333	98.0%	0.0295	2.6115694694622507	0.0335	2.6115694694622507	29.733333333333334	3568	2.3892105568236	1146.821067275328
chr2	65620001	65645000	chr2	65620001	66335000	715000	25000	10.974825174825174	96.0%	0.024	2.608397703568623	0.025	2.608397703568623	10.974825174825174	7847	2.3543124929452457	8416.667162279253
chr14	70610001	70630000	chr14	70610001	70980000	370000	20000	13.91891891891892	96.0%	0.0335	2.6036659740801547	0.036500000000000005	2.6036659740801547	13.91891891891892	4120	2.998561225181306	3550.2964906146663
chr8	111235001	111260000	chr8	110805001	111260000	455000	25000	12.571428571428571	95.0%	0.039	2.6004662467529407	0.04	2.6004662467529407	12.571428571428571	5720	2.8577999624912556	6501.494914667606
chr11	58500001	58520000	chr11	57510001	58520000	1010000	20000	5.63490099009901	95.0%	0.032	2.5998157115642275	0.035	2.5998157115642275	5.63490099009901	4553	3.1438880012431363	10161.046020017817
chr5	71770001	71790000	chr5	71770001	72320000	550000	20000	9.645454545454545	98.0%	0.0285	2.599445425664561	0.031	2.599445425664561	9.645454545454545	4244	2.503941824960403	4406.937611930309
chr6	144470001	144490000	chr6	144210001	144490000	280000	20000	17.584821428571427	98.0%	0.034	2.5976082952420487	0.035500000000000004	2.5976082952420487	17.584821428571427	3939	2.346559342179677	2102.5171705929906
chr5	112540001	112560000	chr5	112540001	112965000	425000	20000	12.408823529411764	95.0%	0.028	2.5863000385264607	0.03	2.5863000385264607	12.408823529411764	4219	2.375427243769646	3230.5810515267185
chr11	5790001	5815000	chr11	5160001	5815000	655000	25000	12.1587786259542	97.0%	0.021	2.57908342789336	0.023	2.5790834278933596	12.158778625954199	7964	3.8306414824123816	12545.35085490055
chr17	31815001	31845000	chr17	31380001	31845000	465000	30000	10.92652329749104	96.0%	0.031	2.5763298720907506	0.032	2.5763298720907506	10.92652329749104	6097	2.7758612751734733	9293.58354928079
chr6	148450001	148470000	chr6	148170001	148470000	300000	20000	16.779166666666665	95.0%	0.027	2.572012027808249	0.028999999999999998	2.572012027808249	16.779166666666665	4027	2.3119470139732794	2219.469133414348
chr10	93490001	93515000	chr10	92885001	93515000	630000	25000	8.55079365079365	95.0%	0.0295	2.5711748378661343	0.028999999999999998	2.5711748378661343	8.55079365079365	5387	2.355447720864268	7419.660320722445
chr8	98020001	98040000	chr8	97555001	98040000	485000	20000	11.6159793814433	95.0%	0.025	2.5692403572922293	0.024	2.5692403572922293	11.6159793814433	4507	2.5799890908509346	4004.1430690006505
chr4	37590001	37615000	chr4	37590001	37805000	215000	25000	21.72558139534884	97.0%	0.026	2.56856930735953	0.028	2.56856930735953	21.725581395348836	4671	2.068841130015505	2224.0042147666677
chr1	200610001	200630000	chr1	200610001	200895000	285000	20000	18.36842105263158	97.0%	0.032	2.5681052092457235	0.036	2.5681052092457235	18.36842105263158	4188	3.0899756389030375	2818.05778267957
chr6	42060001	42085000	chr6	42060001	42225000	165000	25000	27.4	98.0%	0.01	2.5597431583012518	0.011	2.5597431583012513	27.4	4521	1.9540048923997222	1612.0540362297709
chr1	169795001	169815000	chr1	169550001	169815000	265000	20000	17.77358490566038	96.0%	0.026	2.5510894732982874	0.028	2.5510894732982874	17.77358490566038	3768	2.7730097509662546	2351.5122688193837
chr17	29625001	29650000	chr17	29625001	30100000	475000	25000	11.393684210526317	95.0%	0.042	2.547391538956291	0.043	2.547391538956291	11.393684210526315	5412	2.6508023972428902	6295.655693451864
chr17	57235001	57255000	chr17	57235001	57455000	220000	20000	20.119318181818183	96.0%	0.041	2.547382051537121	0.0455	2.5473820515371215	20.119318181818183	3541	2.3250730066365253	1636.8513966721139
chr6	111985001	112005000	chr6	111705001	112005000	300000	20000	18.808333333333334	96.0%	0.0144999999999999	2.5453248733948053	0.0165	2.5453248733948053	18.808333333333334	4514	3.310802642268123	3178.370536577398
chr5	160010001	160030000	chr5	160010001	160405000	395000	20000	14.091772151898734	97.0%	0.031	2.543320079059085	0.035	2.5433200790590855	14.091772151898734	4453	2.693293655650102	3404.3231807417287
chr3	183880001	183905000	chr3	183880001	184290000	410000	25000	12.063414634146342	97.0%	0.022	2.533625100223386	0.0235	2.533625100223386	12.06341463414634	4946	2.2733835569229717	4660.436291692092
chr6	137305001	137325000	chr6	137075001	137325000	250000	20000	20.655	98.0%	0.0305	2.5325449951029904	0.0335	2.5325449951029904	20.655	4131	2.466356404808702	1973.0851238469616
chr9	6295001	6320000	chr9	6040001	6320000	280000	25000	16.535714285714285	97.0%	0.0445	2.5244518545385297	0.0495	2.5244518545385297	16.535714285714285	4630	2.969743118407143	4157.64036577
chr6	47290001	47315000	chr6	47095001	47315000	220000	25000	22.30454545454545	95.0%	0.011	2.5243832381292526	0.0115	2.5243832381292526	22.304545454545455	4907	2.4160871045808037	2657.695815038884
chr11	3440001	3475000	chr11	3440001	3850000	410000	35000	14.386759581881533	95.0%	0.0245	2.523664313570705	0.025	2.523664313570705	14.386759581881533	8258	2.25541242734737	9062.247133081733
chr17	420001	440000	chr17	420001	700000	280000	20000	16.770408163265305	96.0%	0.0265	2.5198858378910143	0.028	2.5198858378910143	14.674107142857142	3287	1.8695982649152583	1675.1600453640715
chr4	119030001	119050000	chr4	119030001	119300000	270000	20000	20.78240740740741	97.0%	0.0115	2.5185846751730234	0.012	2.5185846751730234	20.78240740740741	4489	3.038295452771003	2625.0872711941465
chr12	19735001	19760000	chr12	19735001	20615000	880000	25000	6.17840909090909	96.0%	0.0325	2.518536355496991	0.0335	2.518536355496991	6.178409090909091	5437	2.833608667976419	12467.878139096243
chr8	101285001	101305000	chr8	100825001	101305000	480000	20000	11.791666666666666	97.0%	0.018	2.502948517625883	0.0195	2.502948517625883	11.791666666666666	4528	2.5185666344909756	3868.518350578139
chr8	119075001	119100000	chr8	119075001	119440000	365000	25000	14.898630136986302	95.0%	0.029	2.4978751817658207	0.031	2.4978751817658207	14.898630136986302	5438	2.7275990941765587	4977.868346872219
chr19	33225001	33245000	chr19	33225001	33415000	190000	20000	20.05921052631579	97.0%	0.023	2.495409189164081	0.025500000000000002	2.495409189164081	20.05921052631579	3049	2.4883121868160987	1512.893809584188
chr10	4745001	4775000	chr10	3705001	4775000	1070000	30000	5.257009345794392	96.0%	0.0335	2.493572274226458	0.034	2.493572274226458	5.257009345794392	6750	2.4686391726509544	19018.396186102953
chr12	95105001	95125000	chr12	95105001	95545000	440000	20000	12.821022727272728	95.0%	0.035	2.4931263772187298	0.037	2.4931263772187298	12.821022727272727	4513	2.6346880892943028	3709.6408297263783
chr17	21815001	21835000	chr17	21440001	21835000	395000	20000	13.24025974025974	95.0%	0.04	2.490569688824834	0.044	2.490569688824834	12.905063291139241	4078	1.577505526158606	1993.966985064478
chr1	40935001	40965000	chr1	40760001	40965000	205000	30000	23.40650406504065	95.0%	0.022	2.4878739232225424	0.025	2.4878739232225424	23.40650406504065	5758	2.283191864107149	3369.991191422152
chr16	31430001	31450000	chr16	30965001	31450000	485000	20000	9.27319587628866	95.0%	0.034	2.4857779985749677	0.035	2.4857779985749673	9.27319587628866	3598	2.520202191753977	3911.353801602172
chr18	58310001	58335000	chr18	58115001	58335000	220000	25000	19.672727272727272	95.0%	0.025	2.4827742985958	0.027	2.4827742985958	19.672727272727272	4328	1.9505504609485476	2145.605507043402
chr6	131105001	131125000	chr6	130885001	131125000	240000	20000	20.97395833333333	98.0%	0.034	2.482232676128331	0.0365	2.482232676128331	20.973958333333332	4027	2.9815626565896665	2289.840120260864
chr11	12965001	12985000	chr11	12965001	13190000	225000	20000	24.13888888888889	98.0%	0.029	2.465925016133307	0.031	2.465925016133307	24.13888888888889	4345	2.7555793664692896	1984.0171438578886
chr12	104370001	104390000	chr12	104370001	105005000	635000	20000	8.114173228346457	95.0%	0.048	2.463898507717172	0.051	2.463898507717172	8.114173228346457	4122	2.602862497044979	5289.016593995398
chr12	14835001	14855000	chr12	14835001	15275000	440000	20000	12.616477272727272	96.0%	0.0395	2.459854348953685	0.043	2.4598543489536855	12.616477272727273	4441	2.3292177094055635	3279.5385348430336
chr3	171820001	171840000	chr3	171565001	171840000	275000	20000	17.931818181818183	96.0%	0.019	2.456972110135082	0.02	2.456972110135082	17.931818181818183	3945	1.9433726763522423	1710.1679551899733
chr4	7975001	7995000	chr4	7760001	7995000	235000	20000	17.51063829787234	97.0%	0.027	2.4558335674629634	0.028	2.4558335674629634	17.51063829787234	3292	2.067380785646575	1554.6703508062242
chr5	72125001	72155000	chr5	72125001	72310000	185000	30000	26.986486486486484	98.0%	0.011	2.445649743545381	0.012	2.4456497435453812	26.986486486486488	5991	2.202873406697134	2934.2273777205824
chr1	248605001	248625000	chr1	248605001	248930000	325000	20000	13.607692307692307	95.0%	0.025	2.440539574441242	0.028	2.440539574441242	13.607692307692307	3538	1.7283212033591353	1797.4540514935006
chr11	12015001	12040000	chr11	11785001	12040000	255000	25000	20.768627450980397	95.0%	0.019	2.4397857279922546	0.022	2.4397857279922546	20.768627450980393	5296	1.9420748038031697	2476.145374849041
chr15	85280001	85305000	chr15	85280001	85735000	455000	25000	11.173626373626371	95.0%	0.041	2.437854381675856	0.045	2.437854381675856	11.173626373626373	5084	2.868404112358223	6525.619355614957
chr16	57995001	58015000	chr16	57560001	58015000	455000	20000	9.574175824175825	95.0%	0.035	2.437079505679554	0.038	2.437079505679554	9.574175824175825	3485	2.394657803309531	3486.621761618677
chr2	177145001	177170000	chr2	177145001	177775000	630000	25000	7.911111111111111	97.0%	0.0215	2.4355064521643857	0.023	2.4355064521643857	7.911111111111111	4984	2.0102864117574493	6332.4021970359645
chr5	149095001	149125000	chr5	148725001	149125000	400000	30000	13.825	95.0%	0.033	2.428550267206652	0.035	2.428550267206652	13.825	6636	2.3791560043029145	6851.969292392394
chr7	39730001	39755000	chr7	39565001	39755000	190000	25000	24.510526315789477	98.0%	0.0385	2.428134182251726	0.0415	2.428134182251726	24.510526315789473	4657	2.5553984002736296	2427.628480259948
chr4	55720001	55740000	chr4	55320001	55740000	420000	20000	11.401785714285714	95.0%	0.028	2.423183595871651	0.028999999999999998	2.423183595871651	11.401785714285714	3831	2.0636014000143676	2773.48028161931
chr14	65395001	65415000	chr14	65150001	65415000	265000	20000	17.089622641509433	96.0%	0.038	2.418849730301392	0.04	2.418849730301392	17.089622641509433	3623	2.5337515701064475	2148.6213314502675
chr5	149975001	149995000	chr5	149665001	149995000	330000	20000	16.678030303030305	97.0%	0.035	2.413941486079345	0.0365	2.413941486079345	16.678030303030305	4403	2.1701813339834928	2291.7114886865684
chr18	41360001	41390000	chr18	40485001	41390000	905000	30000	6.5902394106814	96.0%	0.033	2.413077674265508	0.036	2.4130776742655082	6.5902394106813995	7157	2.779426948464165	18110.745996192498
chr1	227465001	227485000	chr1	227465001	227965000	500000	20000	9.22	96.0%	0.044	2.4123981617635937	0.048	2.4123981617635937	9.22	3688	2.1901902005268954	3504.3043208430327
chr10	21270001	21290000	chr10	21270001	21615000	345000	20000	13.347826086956522	97.0%	0.027	2.406168584971045	0.027	2.406168584971045	13.347826086956522	3684	1.9060108549602437	2104.235983876109
chr9	27255001	27290000	chr9	26875001	27290000	415000	35000	12.196213425129088	95.0%	0.05	2.4045628895754527	0.052	2.4045628895754527	12.196213425129088	7086	2.5526603017024216	10381.669447023749
chr11	13760001	13780000	chr11	13760001	14150000	390000	20000	12.887820512820513	95.0%	0.0404999999999999	2.4021380267400976	0.041999999999999996	2.4021380267400976	12.887820512820513	4021	2.3798625467248997	2970.068458312675
chr6	30220001	30240000	chr6	30220001	30460000	240000	20000	20.875	96.0%	0.0275	2.3992595417557614	0.0285	2.3992595417557614	20.875	4008	2.094851098266894	1608.8456434689745
chr3	56695001	56715000	chr3	56695001	57090000	395000	20000	12.613924050632912	95.0%	0.038	2.3977270148331784	0.041	2.3977270148331784	12.613924050632912	3986	2.402707111039859	3037.021788354382
chr3	41850001	41885000	chr3	40635001	41885000	1250000	35000	4.646857142857143	97.0%	0.0305	2.3975592452072303	0.033	2.3975592452072303	4.646857142857143	8132	2.802858483211881	34335.01641934554
chr12	105040001	105060000	chr12	104600001	105060000	460000	20000	10.983695652173912	95.0%	0.027	2.3949349877220114	0.028	2.3949349877220114	10.983695652173912	4042	1.961433904347867	2887.2307072000604
chr12	95520001	95540000	chr12	95055001	95540000	485000	20000	11.015463917525771	95.0%	0.045	2.382976062822862	0.046	2.382976062822862	11.015463917525773	4274	2.74132300440408	4254.533302835132
chr2	118875001	118890000	chr2	118875001	119320000	445000	15000	10.0187265917603	97.0%	0.021	2.3826777573471927	0.022	2.3826777573471927	10.0187265917603	2675	1.7730545117895329	1420.2166639434158
chr1	37670001	37690000	chr1	37445001	37690000	245000	20000	18.168367346938776	95.0%	0.027	2.379527620769062	0.031	2.379527620769062	18.168367346938776	3561	1.9446194154028111	1524.581621675804
chr18	36255001	36290000	chr18	36005001	36290000	285000	35000	17.140350877192983	95.0%	0.031	2.365425389682504	0.031	2.3654253896825037	17.140350877192983	6839	2.2176434311974798	6193.878103334561
chr12	47000001	47025000	chr12	45995001	47025000	1030000	25000	8.55242718446602	95.0%	0.033	2.361074950665667	0.033	2.361074950665667	8.55242718446602	8809	3.9059447679000323	20115.615554685166
chr9	97595001	97615000	chr9	97385001	97615000	230000	20000	20.21195652173913	97.0%	0.0195	2.3529625030408856	0.02	2.3529625030408856	20.21195652173913	3719	2.442111734841602	1797.394236843419
chr1	13225001	13250000	chr1	13225001	13445000	220000	25000	18.6	98.0%	0.0305	2.3519514997764897	0.0345	2.3519514997764897	18.6	4092	1.1738347116389993	1291.2181828028993
chr1	160095001	160115000	chr1	160095001	160300000	205000	20000	22.701219512195124	97.0%	0.01	2.34999012095252	0.01	2.34999012095252	22.701219512195124	3723	2.441316349645483	1601.5035253674366
chr14	58055001	58075000	chr14	57450001	58075000	625000	20000	8.266	96.0%	0.035	2.3484257218715445	0.037	2.3484257218715445	8.266	4133	3.0456397273632136	6091.2794547264275
chr11	17050001	17070000	chr11	16775001	17070000	295000	20000	16.51271186440678	95.0%	0.03	2.3481660787987857	0.032	2.3481660787987857	16.51271186440678	3897	2.2807885967783808	2153.0644353587913
chr4	56785001	56805000	chr4	56575001	56805000	230000	20000	19.619565217391305	97.0%	0.014	2.344923598850384	0.0155	2.3449235988503836	19.619565217391305	3610	2.1252545845861857	1564.1873742554326
chr7	17300001	17320000	chr7	17300001	17670000	370000	20000	13.06081081081081	95.0%	0.0404999999999999	2.3431554741741083	0.0445	2.3431554741741083	13.06081081081081	3866	2.5735118693044945	3047.0380532565214
chr1	109385001	109410000	chr1	109185001	109410000	225000	25000	21.52888888888889	95.0%	0.044	2.340563982922931	0.049	2.340563982922931	21.52888888888889	4844	2.1895270096180335	2463.217885820288
chr5	96745001	96765000	chr5	96745001	97175000	430000	20000	12.354651162790695	95.0%	0.032	2.3402764457361886	0.035500000000000004	2.3402764457361886	12.354651162790697	4250	2.344355045216515	3225.8325422179246
chr12	9030001	9050000	chr12	8660001	9050000	390000	20000	12.496794871794872	96.0%	0.019	2.340246957729632	0.02	2.340246957729632	12.496794871794872	3899	2.1704178684479505	2708.681499823042
chr2	210190001	210210000	chr2	209870001	210210000	340000	20000	14.852941176470589	97.0%	0.0325	2.3376822896526326	0.034	2.3376822896526326	14.852941176470589	4040	2.3678440246318155	2576.2142987994152
chr12	12690001	12710000	chr12	12025001	12710000	685000	20000	8.498175182481752	98.0%	0.042	2.333372361391424	0.043	2.333372361391424	8.498175182481752	4657	3.023378563120803	6627.2458103608005
chr10	77165001	77185000	chr10	77165001	77710000	545000	20000	10.454128440366972	98.0%	0.037	2.323317401028408	0.038	2.3233174010284077	10.454128440366972	4558	3.5027902941106563	6108.8662729289845
chr7	143200001	143215000	chr7	142830001	143215000	385000	15000	14.987012987012989	96.0%	0.033	2.3082107366212536	0.036	2.3082107366212536	14.987012987012987	3462	2.829759340845344	1961.0232232058236
chr6	26330001	26350000	chr6	26330001	26595000	265000	20000	19.07547169811321	98.0%	0.031	2.306461909554566	0.035	2.306461909554566	19.07547169811321	4044	2.5114115917228066	2129.67702978094
chr5	56270001	56290000	chr5	56270001	56900000	630000	20000	9.716269841269842	97.0%	0.0345	2.294266213991966	0.0375	2.294266213991966	9.716269841269842	4897	3.5618395270251804	7180.668486482764
chr2	149590001	149620000	chr2	149590001	150515000	925000	30000	6.39009009009009	95.0%	0.04	2.28626013740849	0.043	2.28626013740849	6.39009009009009	7093	2.4692851876245228	16445.439349579323
chr3	32130001	32150000	chr3	31650001	32150000	500000	20000	10.9425	97.0%	0.0225	2.2761752217027293	0.0235	2.2761752217027293	10.9425	4377	1.9179845981135657	3068.775356981705
chr1	39090001	39110000	chr1	39090001	39410000	320000	20000	13.67578125	96.0%	0.03	2.275631370242432	0.034	2.2756313702424316	13.67578125	3501	2.482067680655008	2541.6373049907284
chr1	62390001	62410000	chr1	62160001	62410000	250000	20000	20.295	97.0%	0.048	2.2748160904121564	0.052500000000000005	2.2748160904121564	20.295	4059	3.055338429217516	2444.270743374013
chr7	129630001	129650000	chr7	129340001	129650000	310000	20000	15.193548387096774	97.0%	0.0305	2.2701585345141937	0.0335	2.2701585345141937	15.193548387096774	3768	2.180114380486118	2162.673465442229
chr8	18200001	18220000	chr8	18200001	18875000	675000	20000	9.322222222222225	96.0%	0.04	2.268745668007141	0.044	2.268745668007141	9.322222222222223	5034	3.9010706617808166	8426.312629446564
chr1	223670001	223690000	chr1	223085001	223690000	605000	20000	9.607142857142858	97.0%	0.026	2.2664774769326157	0.028	2.2664774769326153	8.892561983471074	4304	2.5204842066350315	4879.657424045421
chr14	91650001	91670000	chr14	91650001	91920000	270000	20000	17.89351851851852	97.0%	0.0435	2.2649399332522013	0.047	2.2649399332522013	17.89351851851852	3865	2.805705847540622	2424.129852275097
chr3	62865001	62885000	chr3	62865001	63135000	270000	20000	16.75925925925926	97.0%	0.03	2.2634985769452456	0.0335	2.2634985769452456	16.75925925925926	3620	2.169705705566998	1874.6257296098865
chr20	805001	825000	chr20	805001	975000	170000	20000	22.301470588235293	95.0%	0.045	2.2632544323078823	0.047	2.2632544323078823	22.301470588235293	3033	2.394355708996171	1302.5295056939171
chr8	18670001	18690000	chr8	18270001	18690000	420000	20000	12.008928571428571	97.0%	0.026	2.257679590283652	0.0275	2.257679590283652	12.008928571428571	4035	2.3302829588978575	3131.9002967587203
chr8	38945001	38970000	chr8	38810001	38970000	160000	25000	29.7875	97.0%	0.0165	2.256510361221148	0.0185	2.2565103612211477	29.7875	4766	2.4018176095204398	1921.4540876163517
chr20	45270001	45295000	chr20	45040001	45295000	255000	25000	19.015686274509804	96.0%	0.029	2.251739946931702	0.029	2.251739946931702	19.015686274509804	4849	2.229546066437981	2842.671234708426
chr4	140835001	140855000	chr4	140505001	140855000	350000	20000	14.7	98.0%	0.0165	2.245444323735448	0.0175	2.2454443237354473	14.7	4116	2.443540856679596	2736.7657594811476
chr4	16010001	16040000	chr4	16010001	16280000	270000	30000	18.62345679012346	95.0%	0.048	2.245304020995865	0.051000000000000004	2.2453040209958646	18.623456790123456	6034	2.4835644981300677	4828.049384364852
chr2	57750001	57770000	chr2	57750001	58765000	1015000	20000	9.39655172413793	96.0%	0.037	2.2443121296212367	0.04	2.2443121296212367	9.39655172413793	7630	4.888864728033814	15879.032636653828
chr6	49835001	49860000	chr6	49405001	49860000	455000	25000	11.797802197802197	95.0%	0.04	2.2400029056494564	0.045	2.2400029056494564	11.797802197802199	5368	2.4288865492193064	5525.716899473922
chr7	43690001	43715000	chr7	43435001	43715000	280000	25000	17.67142857142857	97.0%	0.0204999999999999	2.235892369300649	0.0215	2.235892369300649	17.67142857142857	4948	1.9683035490366114	2755.624968651256
chr9	98255001	98275000	chr9	97925001	98275000	350000	20000	13.164285714285716	96.0%	0.036	2.23485485535094	0.039	2.23485485535094	13.164285714285715	3686	2.3374151167479553	2617.90493075771
chr11	27455001	27490000	chr11	27255001	27490000	235000	35000	19.595744680851062	97.0%	0.016	2.2329816163086216	0.018	2.2329816163086216	19.595744680851062	6447	1.8967635468168222	4368.246448319142
chr17	65285001	65305000	chr17	65285001	65455000	170000	20000	24.86764705882353	98.0%	0.022	2.232364754343233	0.024	2.232364754343233	24.86764705882353	3382	2.5265011423545682	1374.4166214408851
chr9	100700001	100720000	chr9	100700001	101320000	620000	20000	8.997983870967742	95.0%	0.0455	2.2319767021844448	0.0475	2.2319767021844448	8.997983870967742	4463	4.1154543880209244	8165.061505833513
chr8	110820001	110840000	chr8	110820001	111335000	515000	20000	10.150485436893204	96.0%	0.034	2.2306425657513804	0.038	2.2306425657513804	10.150485436893204	4182	2.6549570362965347	4375.369195816689
chr12	66075001	66095000	chr12	65545001	66095000	550000	20000	10.13181818181818	97.0%	0.025	2.226821304161551	0.028	2.226821304161551	10.131818181818181	4458	2.520890001009545	4436.766401776799
chr4	38175001	38195000	chr4	38175001	38745000	570000	20000	9.75438596491228	99.0%	0.0385	2.2257994667785903	0.039999999999999994	2.2257994667785903	9.75438596491228	4448	3.0603241926216933	5582.031327341969
chr6	109055001	109080000	chr6	108725001	109080000	355000	25000	13.783098591549296	96.0%	0.022	2.2205276221429817	0.023	2.2205276221429817	13.783098591549296	4893	1.8602628099059275	3301.9664875830213
chr4	108010001	108035000	chr4	108010001	108575000	565000	25000	10.292035398230087	97.0%	0.049	2.220402553161641	0.052	2.220402553161641	10.29203539823009	5815	3.0987284860290862	8753.907973032168
chr5	159145001	159170000	chr5	159145001	159440000	295000	25000	16.454237288135594	97.0%	0.035	2.216741844456346	0.036	2.216741844456346	16.454237288135594	4854	1.9810157012328609	2921.99815931847
chr6	61380001	61415000	chr6	61155001	61415000	260000	35000	19.04968944099379	98.0%	0.0175	2.214687371618933	0.0195	2.2146873716189335	16.85164835164835	6134	0.9932608937408949	2530.8287572518
chr6	24680001	24705000	chr6	24415001	24705000	290000	25000	17.90344827586207	95.0%	0.0225	2.2117715833197003	0.023	2.2117715833197003	17.90344827586207	5192	2.1120541131222312	3062.478464027235
chr2	224765001	224795000	chr2	224320001	224795000	475000	30000	11.429824561403509	95.0%	0.021	2.2109797175027284	0.021	2.2109797175027284	11.429824561403509	6515	2.175842735841286	7441.382156577199
chr10	11970001	11990000	chr10	11775001	11990000	215000	20000	21.709302325581397	97.0%	0.03	2.207476486955608	0.033	2.2074764869556076	21.709302325581394	3734	2.3547062393875158	1620.037892698611
chr12	52980001	53005000	chr12	52105001	53005000	900000	25000	5.67	95.0%	0.028	2.2066933511788487	0.0305	2.2066933511788487	5.67	5103	2.0926984657923215	9417.143096065447
chr2	133875001	133895000	chr2	133875001	134540000	665000	20000	7.68984962406015	96.0%	0.028	2.206395549053908	0.03	2.206395549053908	7.68984962406015	4091	1.7801085602965392	3788.0710163110352
chr4	6705001	6725000	chr4	6705001	7090000	385000	20000	12.285714285714286	95.0%	0.024	2.206338803474416	0.026	2.2063388034744156	12.285714285714286	3784	1.9785772181609125	2437.6071327742443
chr4	155345001	155370000	chr4	154800001	155370000	570000	25000	9.159649122807018	95.0%	0.0395	2.204494896961475	0.043	2.204494896961475	9.159649122807018	5221	2.8671873057033466	8171.483821254538
chr11	44885001	44905000	chr11	44625001	44905000	280000	20000	16.700892857142858	95.0%	0.02	2.201021550371374	0.0215	2.201021550371374	16.700892857142858	3741	1.991591816534972	1784.4662676153348
chr6	82255001	82280000	chr6	82255001	82800000	545000	25000	9.491743119266054	97.0%	0.029	2.200156442406116	0.031	2.200156442406116	9.491743119266054	5173	2.3517374279170267	6408.4844910738975
chr11	34345001	34365000	chr11	33795001	34365000	570000	20000	9.12719298245614	95.0%	0.031	2.199021707997783	0.0335	2.199021707997783	9.12719298245614	4162	2.4372489875090486	4445.542153216505
chr8	73295001	73320000	chr8	73295001	73665000	370000	25000	14.043243243243245	95.0%	0.032	2.194010735874526	0.0345	2.194010735874526	14.043243243243243	5196	2.056257823640766	3804.0769737354167
chr18	49850001	49875000	chr18	49495001	49875000	380000	25000	12.284210526315787	95.0%	0.033	2.19029907335386	0.036500000000000005	2.19029907335386	12.284210526315789	4668	2.3303748874713617	4427.712286195587
chr6	21575001	21595000	chr6	20885001	21595000	710000	20000	6.742957746478873	97.0%	0.031	2.1866886954305325	0.0325	2.1866886954305325	6.742957746478873	3830	2.3391676698595694	5314.588945920941
chr18	24720001	24740000	chr18	24475001	24740000	265000	20000	16.245283018867923	95.0%	0.032	2.182015881824031	0.035	2.182015881824031	16.245283018867923	3444	2.1856972097246055	1853.4712338464653
chr7	70675001	70705000	chr7	70050001	70705000	655000	30000	7.805343511450381	95.0%	0.045	2.175401977317565	0.047	2.1754019773175646	7.805343511450381	6135	2.4596603670115442	11599.758290826443
chr6	145610001	145645000	chr6	144960001	145645000	685000	35000	9.092805005213764	95.0%	0.046	2.1723369124781824	0.051	2.1723369124781824	9.092805005213764	8720	2.6520047000692313	17802.90755156475
chr12	77910001	77930000	chr12	77585001	77930000	345000	20000	15.880434782608695	96.0%	0.045	2.1711031998923587	0.046	2.1711031998923587	15.880434782608695	4383	2.766070490665813	3053.7418216950573
chr19	2465001	2485000	chr19	2465001	2630000	165000	20000	21.96212121212121	97.0%	0.015	2.170635475531795	0.016	2.170635475531795	21.96212121212121	2899	2.384312492078024	1258.9169958171967
chr6	7225001	7245000	chr6	6675001	7245000	570000	20000	9.471491228070176	95.0%	0.0265	2.1682358829371857	0.028	2.1682358829371857	9.471491228070175	4319	2.84109116062809	5182.150276985636
chr8	8265001	8285000	chr8	8265001	8465000	200000	20000	21.6125	98.0%	0.0245	2.165352021802428	0.028	2.165352021802428	21.6125	3458	1.87458906771217	1199.7370033357888
chr6	14450001	14470000	chr6	14450001	14685000	235000	20000	28.904255319148938	97.0%	0.032	2.164580894364323	0.036	2.164580894364323	28.904255319148938	5434	2.7141710856321635	2041.0566563953869
chr4	176325001	176350000	chr4	175860001	176350000	490000	25000	10.520408163265303	97.0%	0.0315	2.163440825579599	0.0325	2.163440825579599	10.520408163265307	5155	2.016049230373304	4939.320614414595
chr12	26005001	26030000	chr12	25390001	26030000	640000	25000	8.975	96.0%	0.0385	2.151159257960448	0.041499999999999995	2.151159257960448	8.975	5744	3.0772616267625312	9847.2372056401
chr10	58770001	58790000	chr10	58770001	59630000	860000	20000	7.132267441860465	96.0%	0.04	2.1484507554247583	0.040999999999999995	2.1484507554247583	7.132267441860465	4907	3.5663282441710313	9814.535327958678
chr13	100220001	100240000	chr13	99910001	100240000	330000	20000	14.75	95.0%	0.0345	2.148407018579076	0.038	2.1484070185790762	14.75	3894	2.8345661980827126	2993.3019051753445
chr13	34055001	34090000	chr13	33810001	34090000	280000	35000	17.428571428571427	95.0%	0.035	2.147208110527408	0.036500000000000005	2.147208110527408	17.428571428571427	6832	2.283507652819614	6265.944999337021
chr14	55430001	55455000	chr14	55430001	56480000	1050000	25000	5.001904761904762	95.0%	0.048	2.1424960053166835	0.049	2.1424960053166835	5.001904761904762	5252	3.593040019739407	18863.460103631885
chr11	14285001	14310000	chr11	14285001	14490000	205000	25000	23.20487804878049	97.0%	0.02	2.1405100390950347	0.021	2.1405100390950347	23.204878048780486	4757	1.8999036503799787	1947.401241639478
chr7	98160001	98190000	chr7	97895001	98190000	295000	30000	17.559322033898304	95.0%	0.041	2.137366753468394	0.045	2.137366753468394	17.559322033898304	6216	2.052649379708517	4359.82728250089
chr12	50490001	50515000	chr12	50490001	50760000	270000	25000	17.462962962962962	95.0%	0.0315	2.1330269215491064	0.032	2.1330269215491064	17.462962962962962	4715	2.2751033333902186	3071.3895000767952
chr16	78110001	78135000	chr16	78110001	78520000	410000	25000	11.73170731707317	95.0%	0.038	2.130054185094423	0.039999999999999994	2.130054185094423	11.731707317073171	4810	2.458952820810309	5040.853282661134
chr20	25390001	25410000	chr20	25155001	25410000	255000	20000	15.799019607843135	97.0%	0.027	2.126341462272768	0.03	2.1263414622727677	15.799019607843137	3223	1.8073105859610914	1474.7654381442505
chr2	45625001	45650000	chr2	45625001	46000000	375000	25000	20.010666666666665	97.0%	0.035	2.1236300600463958	0.036	2.1236300600463953	20.010666666666665	7504	2.783432158363586	5218.935296931724
chr3	32915001	32940000	chr3	32695001	32940000	245000	25000	19.1265306122449	96.0%	0.027	2.1208542483305504	0.028	2.1208542483305504	19.1265306122449	4686	2.012183062608652	2464.9242516955983
chr2	109705001	109735000	chr2	109515001	109735000	220000	30000	21.738636363636363	95.0%	0.0035	2.1187236412816137	0.0045000000000000005	2.1187236412816137	21.738636363636363	5739	1.8977712301461442	3006.0696285514923
chr12	27925001	27950000	chr12	27720001	27950000	230000	25000	21.03913043478261	95.0%	0.021	2.113261675485929	0.0225	2.113261675485929	21.03913043478261	4839	2.214167211048573	2546.292292705859
chr1	61840001	61860000	chr1	61430001	61860000	430000	20000	12.375	96.0%	0.038	2.112556315868189	0.042499999999999996	2.1125563158681895	12.375	4257	2.419864777628248	3329.733934016469
chr9	19440001	19460000	chr9	19020001	19460000	440000	20000	11.360795454545457	96.0%	0.046	2.111107510119222	0.048	2.111107510119222	11.360795454545455	3999	2.4612764372856746	3465.47722369823
chr10	5435001	5455000	chr10	5435001	5765000	330000	20000	14.401515151515152	97.0%	0.0335	2.108888614394226	0.036000000000000004	2.108888614394226	14.401515151515152	3802	2.339570722376021	2470.586682829078
chr13	23860001	23885000	chr13	23465001	23885000	420000	25000	10.742857142857144	97.0%	0.0195	2.106248434926034	0.022	2.106248434926034	10.742857142857142	4512	2.792165365313438	5863.54726715822
chr7	113155001	113190000	chr7	113155001	113695000	540000	35000	14.626984126984128	95.0%	0.049	2.1060856488202333	0.052	2.1060856488202333	14.626984126984127	11058	2.100063981546245	11113.538590342729
chr12	31625001	31650000	chr12	31235001	31650000	415000	25000	11.375903614457831	95.0%	0.031	2.0988547474131014	0.034	2.0988547474131014	11.375903614457831	4721	2.226197447471384	4619.359703503122
chr11	45105001	45125000	chr11	45105001	45335000	230000	20000	18.01086956521739	97.0%	0.02	2.0883374069961245	0.0215	2.0883374069961245	18.01086956521739	3314	2.3454469934380167	1726.2489871703801
chr4	110955001	110975000	chr4	110510001	110975000	465000	20000	11.397849462365592	97.0%	0.031	2.086323427013669	0.033	2.086323427013669	11.397849462365592	4240	2.9962456201349568	4458.413482760816
chr12	63055001	63075000	chr12	62510001	63075000	565000	20000	9.440265486725664	95.0%	0.046	2.0861980459679685	0.047	2.0861980459679685	9.440265486725664	4267	2.2997354969509023	4157.921778487232
chr4	49500001	49520000	chr4	49500001	49655000	155000	20000	67.5	98.0%	0.006	2.0860463174362773	0.007	2.0860463174362773	67.5	8370	1.6242450226992613	805.6255312588336
chr12	32295001	32315000	chr12	31935001	32315000	380000	20000	11.963815789473683	96.0%	0.0265	2.080505091708269	0.028	2.0805050917082695	11.963815789473685	3637	2.1798831564955266	2650.7379182985605
chr16	10710001	10735000	chr16	10505001	10735000	230000	25000	18.78695652173913	98.0%	0.0365	2.0760732136420645	0.0385	2.0760732136420645	18.786956521739132	4321	2.469716326320488	2840.1737752685613
chr3	113040001	113060000	chr3	113040001	113635000	595000	20000	8.573529411764707	96.0%	0.037	2.075120827521054	0.038	2.075120827521054	8.573529411764707	4081	2.5358988617656153	4828.351432801732
chr20	5085001	5105000	chr20	4930001	5105000	175000	20000	23.485714285714284	96.0%	0.03	2.072621584257687	0.033	2.072621584257687	23.485714285714284	3288	1.647992264957888	922.8756683764173
chr16	69385001	69405000	chr16	69385001	69760000	375000	20000	11.49	95.0%	0.043	2.071644833385147	0.045	2.071644833385147	11.49	3447	2.93803908001181	3525.646896014172
chr4	123390001	123410000	chr4	123390001	123645000	255000	20000	17.504901960784313	97.0%	0.037	2.0590399636502337	0.038	2.0590399636502337	17.504901960784313	3571	2.349491018829038	1917.184671364495
chr6	139360001	139380000	chr6	139360001	140135000	775000	20000	6.135483870967742	95.0%	0.034	2.057916913726107	0.036	2.057916913726107	6.135483870967742	3804	2.8526334374956583	7074.5309249892325
chr4	114055001	114080000	chr4	113775001	114080000	305000	25000	16.439344262295084	98.0%	0.028	2.057481844811378	0.029	2.057481844811378	16.439344262295084	5014	2.226668795252822	3395.6699127605534
chr15	29915001	29940000	chr15	29645001	29940000	295000	25000	14.745762711864408	98.0%	0.035	2.0562801968113784	0.036	2.0562801968113784	14.745762711864407	4350	2.7617227408521265	4073.541042756887
chr2	173200001	173220000	chr2	172930001	173220000	290000	20000	18.254310344827587	96.0%	0.028	2.0409421977614874	0.0305	2.0409421977614874	18.254310344827587	4235	2.5519392288897516	2368.1996044096895
chr6	33225001	33250000	chr6	32995001	33250000	255000	25000	19.501960784313727	95.0%	0.022	2.0395597088561592	0.025	2.0395597088561592	19.501960784313727	4973	1.5758239484808194	2009.1755343130446
chr2	230790001	230810000	chr2	230600001	230810000	210000	20000	22.357142857142858	97.0%	0.0065	2.038363747306935	0.006999999999999999	2.038363747306935	22.357142857142858	3756	1.846749372893749	1241.0155785845993
chr5	146035001	146055000	chr5	145805001	146055000	250000	20000	19.43	98.0%	0.0135	2.0339084524415214	0.014499999999999999	2.0339084524415214	19.43	3886	2.399078847498269	1919.2630779986152
chr14	59955001	59975000	chr14	59955001	60210000	255000	20000	17.068627450980394	95.0%	0.046	2.031767021284844	0.047	2.031767021284844	17.068627450980394	3482	2.565697003395922	2093.608754771072
chr15	40880001	40900000	chr15	40620001	40900000	280000	20000	15.375	95.0%	0.031	2.0317501193633003	0.033	2.0317501193633003	15.375	3444	2.1601336647736424	1935.4797636371836
chr3	134295001	134315000	chr3	134295001	134485000	190000	20000	24.32894736842105	98.0%	0.0355	2.0315557787607377	0.04	2.0315557787607377	24.32894736842105	3698	2.6643594759212896	1619.930561360144
chr11	2865001	2890000	chr11	2425001	2890000	465000	25000	13.746236559139785	95.0%	0.031	2.031192993828561	0.032	2.031192993828561	13.746236559139785	6392	2.763741426421715	6425.698816430487
chr6	99455001	99475000	chr6	99455001	99845000	390000	20000	12.451923076923077	95.0%	0.0419999999999999	2.029175662838877	0.0455	2.029175662838877	12.451923076923077	3885	2.2211690827574393	2772.0190152812843
chr1	178265001	178295000	chr1	177940001	178295000	355000	30000	14.687793427230048	95.0%	0.05	2.0229074329770653	0.054	2.0229074329770653	14.687793427230046	6257	2.335708235776618	5970.070250645036
chr6	60225001	60245000	chr6	60225001	61420000	1195000	20000	4.789699570815451	95.0%	0.026	2.0228500403956304	0.027	2.0228500403956304	4.669456066945607	4464	1.8616309039551975	7118.876576724675
chr12	46650001	46670000	chr12	46245001	46670000	425000	20000	12.50294117647059	95.0%	0.038	2.022573405633792	0.04	2.022573405633792	12.50294117647059	4251	2.568493656381184	3493.1513726784106
chr2	54495001	54515000	chr2	54115001	54515000	400000	20000	18.51875	96.0%	0.0315	2.0193184820085293	0.034	2.0193184820085293	18.51875	5926	2.2429625428193574	2870.9920548087775
chr5	141205001	141225000	chr5	141205001	141580000	375000	20000	11.373333333333331	95.0%	0.037	2.013778260760368	0.037	2.013778260760368	11.373333333333333	3412	1.974140285813401	2368.968342976081
chr3	122385001	122405000	chr3	122385001	123040000	655000	20000	8.76908396946565	96.0%	0.03	2.011860337831506	0.033	2.011860337831506	8.76908396946565	4595	2.2059110272516436	4623.589513119445
chr17	50280001	50305000	chr17	50085001	50305000	220000	25000	21.222727272727276	95.0%	0.0305	2.009913680959837	0.0325	2.0099136809598375	21.222727272727273	4669	2.1747593900500224	2392.2353290550245
chr3	142575001	142600000	chr3	142575001	142950000	375000	25000	12.653333333333332	96.0%	0.029	2.0094641187157385	0.029	2.0094641187157385	12.653333333333334	4745	1.9234654782018368	3606.497771628444
chr1	151145001	151165000	chr1	151005001	151165000	160000	20000	26.4609375	95.0%	0.0265	2.00586061452781	0.028999999999999998	2.00586061452781	26.4609375	3387	1.7071012808717736	874.0358558063481
chr7	54765001	54785000	chr7	54765001	55425000	660000	20000	8.570075757575758	95.0%	0.03	2.0058230387289053	0.0315	2.0058230387289053	8.570075757575758	4525	3.006010313383259	6348.693781865443
chr7	21235001	21255000	chr7	20760001	21255000	495000	20000	10.805555555555555	95.0%	0.046	1.99750219300481	0.052	1.99750219300481	10.805555555555555	4279	3.0647210904405666	4854.518207257857
chr13	92175001	92200000	chr13	92175001	92535000	360000	25000	12.155555555555557	97.0%	0.035	1.9948673594000297	0.038	1.9948673594000297	12.155555555555555	4376	2.266991648545412	4080.584967381742
chr5	80080001	80100000	chr5	80080001	80320000	240000	20000	18.229166666666668	98.0%	0.0365	1.9921508801387429	0.0405	1.9921508801387429	18.229166666666668	3500	2.5330326475788563	1945.3690733405615
chr5	175430001	175445000	chr5	175000001	175445000	445000	15000	11.43071161048689	98.0%	0.026	1.991767775906489	0.028	1.9917677759064887	11.430711610486892	3052	2.3783721161181597	1905.0760650106458
chr4	71700001	71720000	chr4	70605001	71720000	1115000	20000	5.48542600896861	95.0%	0.035	1.9905940416859025	0.037	1.9905940416859023	5.48542600896861	4893	2.874643246949493	10256.727105115791
chr1	207775001	207805000	chr1	207580001	207805000	225000	30000	21.21481481481481	96.0%	0.032	1.9903962030001965	0.033	1.9903962030001965	21.214814814814815	5728	1.7460960683770947	2828.6756307708933
chr2	164725001	164745000	chr2	164725001	164995000	270000	20000	18.90740740740741	98.0%	0.036	1.987876036570303	0.038	1.987876036570303	18.90740740740741	4084	2.569490135872824	2220.0394773941202
chr14	101690001	101710000	chr14	101690001	101960000	270000	20000	15.36574074074074	97.0%	0.0325	1.98439234433166	0.036500000000000005	1.98439234433166	15.36574074074074	3319	2.018724783616045	1744.178213044263
chr6	13325001	13345000	chr6	13325001	13645000	320000	20000	14.20703125	95.0%	0.0325	1.983030349514148	0.033	1.983030349514148	14.20703125	3637	2.045813172549628	2094.912688690819
chr2	33360001	33385000	chr2	32540001	33385000	845000	25000	10.654437869822484	95.0%	0.035	1.9809238166299528	0.037	1.9809238166299528	10.654437869822486	9003	3.784360466298734	15988.92297011215
chr1	36410001	36430000	chr1	36090001	36430000	340000	20000	14.345588235294118	95.0%	0.046	1.9808273020619336	0.048	1.9808273020619336	14.345588235294118	3902	1.8623339792517353	2026.2193694258879
chr11	117090001	117105000	chr11	116730001	117105000	375000	15000	14.444444444444445	95.0%	0.032	1.978029974904376	0.035	1.978029974904376	14.444444444444445	3250	2.9003470711560118	1957.734273030308
chr3	33760001	33790000	chr3	32945001	33790000	845000	30000	7.169625246548324	95.0%	0.033	1.9638398926478304	0.037	1.9638398926478304	7.169625246548324	7270	2.6338465596645113	16024.322468998886
chr5	88720001	88740000	chr5	88720001	89555000	835000	20000	6.276946107784431	96.0%	0.028	1.960339277175424	0.029	1.960339277175424	6.276946107784431	4193	2.618153506686608	6995.706169866617
chr4	90270001	90290000	chr4	89990001	90290000	300000	20000	16.308333333333334	95.0%	0.0325	1.957673648135552	0.0345	1.9576736481355521	16.308333333333334	3914	2.2240003904204104	2135.040374803594
chr7	37900001	37920000	chr7	37900001	38355000	455000	20000	12.398351648351648	96.0%	0.019	1.955905790845184	0.021	1.9559057908451838	12.398351648351648	4513	3.3326142588914136	4852.286360945898
chr18	6865001	6885000	chr18	6570001	6885000	315000	20000	14.805555555555555	95.0%	0.033	1.955511810702356	0.035	1.955511810702356	14.805555555555555	3731	2.2219564504146625	2239.7321020179797
chr6	170510001	170530000	chr6	169705001	170530000	825000	20000	6.5212121212121215	97.0%	0.032	1.9525448855661505	0.033	1.9525448855661502	6.5212121212121215	4304	2.5173649872349206	6645.84356630019
chr9	75060001	75080000	chr9	74770001	75080000	310000	20000	15.451612903225806	95.0%	0.0419999999999999	1.952320485508155	0.045	1.952320485508155	15.451612903225806	3832	2.6318250384412356	2610.7704381337057
chr10	18210001	18230000	chr10	17745001	18230000	485000	20000	10.873711340206183	96.0%	0.031	1.9475654043147133	0.033	1.9475654043147135	10.873711340206185	4219	3.1440915592898637	4879.630100017868
chr3	111710001	111730000	chr3	111710001	112045000	335000	20000	16.708955223880597	98.0%	0.012	1.944796560465116	0.013	1.9447965604651156	16.708955223880597	4478	3.0291858246913	3247.2872040690736
chr12	47825001	47845000	chr12	47705001	47845000	140000	20000	30.928571428571427	96.0%	0.0055	1.9369200943080684	0.006	1.9369200943080684	30.928571428571427	3464	1.8709350926979762	838.1789215286933
chr12	4745001	4765000	chr12	4520001	4765000	245000	20000	18.698979591836736	97.0%	0.021	1.933388917344712	0.022	1.9333889173447116	18.698979591836736	3665	1.80297091807555	1413.529199771231
chr6	127290001	127310000	chr6	127290001	127550000	260000	20000	18.79326923076923	95.0%	0.0279999999999999	1.9292605709354849	0.0315	1.9292605709354846	18.79326923076923	3909	1.9689505949589108	1638.1668950058138
chr9	69955001	69980000	chr9	69955001	70265000	310000	25000	16.170967741935485	97.0%	0.047	1.9255901148183383	0.051	1.9255901148183383	16.170967741935485	5013	2.681594159246012	4156.4709468313185
chr6	135520001	135545000	chr6	135520001	136230000	710000	25000	8.588732394366197	96.0%	0.0455	1.9217507526552884	0.0495	1.9217507526552884	8.588732394366197	6098	2.8474167928405576	10108.32961458398
chr8	26120001	26140000	chr8	26120001	26370000	250000	20000	19.015	98.0%	0.03	1.91517118069321	0.033	1.91517118069321	19.015	3803	2.479275151561	1983.4201212488001
chr2	73810001	73830000	chr2	73810001	74380000	570000	20000	9.278508771929824	95.0%	0.028	1.91168361664898	0.028499999999999998	1.91168361664898	9.278508771929825	4231	2.359832527532465	4304.3345302192165
chr4	94585001	94605000	chr4	94300001	94605000	305000	20000	18.352459016393443	96.0%	0.032	1.9113877971685436	0.034	1.9113877971685433	18.352459016393443	4478	2.9443802609086007	2873.7151346467945
chr16	70755001	70775000	chr16	70485001	70775000	290000	20000	13.935344827586206	95.0%	0.045	1.9094976730517108	0.047	1.9094976730517108	13.935344827586206	3233	1.5662093064198357	1453.4422363576075
chr2	165000001	165025000	chr2	165000001	165305000	305000	25000	16.311475409836067	96.0%	0.036	1.9065073835487976	0.036	1.9065073835487976	16.311475409836067	4975	2.1255288868056663	3241.431552378641
chr5	142145001	142165000	chr5	142145001	142545000	400000	20000	12.228125	95.0%	0.047	1.899959239516316	0.048	1.8999592395163156	12.228125	3913	2.2447053216492834	2873.2228117110826
chr11	14225001	14255000	chr11	13760001	14255000	495000	30000	11.146464646464644	95.0%	0.035	1.8991151844457983	0.039	1.8991151844457983	11.146464646464647	6621	2.5746843788393767	9176.175126183538
chr11	125865001	125885000	chr11	125330001	125885000	555000	20000	8.493243243243244	95.0%	0.036	1.8965707373375	0.037	1.8965707373374996	8.493243243243244	3771	2.096098528591536	3722.670986778568
chr4	10525001	10550000	chr4	10125001	10550000	425000	25000	11.91604938271605	95.0%	0.032	1.890742127532228	0.035	1.8907421275322278	11.355294117647059	4826	2.208399345250783	4692.848608657914
chr2	160095001	160115000	chr2	160095001	161110000	1015000	20000	6.822660098522167	95.0%	0.017	1.8829552417228288	0.019	1.8829552417228292	6.822660098522167	5540	3.6615637018397043	11892.758903575359
chr14	73495001	73520000	chr14	73495001	73640000	145000	25000	28.742857142857144	99.0%	0.007	1.8820683127026727	0.008	1.8820683127026732	27.751724137931035	4024	1.87000927284946	1355.7567228158584
chr20	47605001	47625000	chr20	47215001	47625000	410000	20000	12.039634146341465	95.0%	0.0345	1.8787754576008877	0.035500000000000004	1.8787754576008873	12.039634146341463	3949	2.39573151424618	3143.199746690988
chr12	117860001	117880000	chr12	117860001	118190000	330000	20000	14.106060606060606	96.0%	0.017	1.8752213133875493	0.0175	1.8752213133875493	14.106060606060606	3724	1.8940414256636189	2000.1077455007814
chr20	19985001	20010000	chr20	19780001	20010000	230000	25000	19.98695652173913	96.0%	0.0295	1.8746871548342203	0.0315	1.8746871548342205	19.98695652173913	4597	2.1839902569048038	2511.5887954405243
chr12	20915001	20950000	chr12	20685001	20950000	265000	35000	26.8544474393531	98.0%	0.039	1.8688986558089624	0.043	1.8688986558089624	26.8544474393531	9963	1.9462925609219464	5054.521780714294
chr19	8340001	8360000	chr19	8340001	8515000	175000	20000	20.571428571428573	96.0%	0.03	1.8686133595669328	0.034	1.8686133595669328	20.571428571428573	2880	1.8435454551247619	1032.3854548698666
chr17	47305001	47325000	chr17	47055001	47325000	270000	20000	16.63425925925926	95.0%	0.0345	1.8642359174634169	0.0385	1.8642359174634169	16.63425925925926	3593	2.017195336392843	1742.8567706434164
chr2	29290001	29310000	chr2	29290001	30070000	780000	20000	7.9375	97.0%	0.041	1.8619840869208084	0.0415	1.8619840869208084	7.9375	4953	2.9503027522628757	7363.955669648138
chr1	44590001	44610000	chr1	44075001	44610000	535000	20000	10.38551401869159	96.0%	0.035	1.8607844431514104	0.038	1.8607844431514102	10.38551401869159	4445	2.8572513563397006	4891.614322053568
chr4	72695001	72715000	chr4	72695001	73035000	340000	20000	14.6875	95.0%	0.034	1.857027137558848	0.037	1.8570271375588476	14.6875	3995	2.3919235117362168	2602.412780769004
chr1	179355001	179380000	chr1	178990001	179380000	390000	25000	11.664102564102564	95.0%	0.0285	1.853551388961316	0.03	1.8535513889613162	11.664102564102564	4549	2.2237586970907675	4336.329459326997
chr2	201155001	201175000	chr2	200900001	201175000	275000	20000	18.777272727272727	98.0%	0.028	1.8469767801855423	0.03	1.8469767801855423	18.777272727272727	4131	2.3055055753746427	2028.8449063296857
chr6	12595001	12615000	chr6	11655001	12615000	960000	20000	6.765625	95.0%	0.0255	1.844607091518048	0.026500000000000003	1.844607091518048	6.765625	5196	3.203099848118684	9839.922733420597
chr20	38635001	38655000	chr20	38635001	39090000	455000	20000	10.865384615384617	96.0%	0.041	1.8415153553917063	0.043	1.8415153553917063	10.865384615384615	3955	2.351952409850562	3424.4427087424183
chr5	134295001	134320000	chr5	134295001	134765000	470000	25000	11.13191489361702	96.0%	0.0325	1.8404414615955305	0.035500000000000004	1.8404414615955302	11.13191489361702	5232	2.055344818387101	4830.060323209687
chr20	41320001	41340000	chr20	40975001	41340000	365000	20000	12.726027397260276	95.0%	0.031	1.83806936525818	0.033	1.8380693652581797	12.726027397260275	3716	2.0167648246700227	2355.5813152145865
chr2	40540001	40560000	chr2	40060001	40560000	500000	20000	15.8	96.0%	0.0385	1.8331711607613592	0.0405	1.8331711607613592	15.8	6320	3.074714775977765	4919.5436415644235
chr1	247370001	247395000	chr1	247370001	247580000	210000	25000	22.133333333333333	96.0%	0.0175	1.830867633631845	0.0185	1.830867633631845	22.133333333333333	4648	2.138655751507425	2245.5885390827966
chr4	53185001	53210000	chr4	53185001	53945000	760000	25000	6.364473684210526	98.0%	0.046	1.82637458585386	0.0475	1.8263745858538598	6.364473684210527	4837	2.3114079118927915	8783.350065192608
chr3	120390001	120415000	chr3	120215001	120415000	200000	25000	24.605	95.0%	0.0185	1.8263231956499564	0.0195	1.8263231956499564	24.605	4921	2.0466695478315553	2046.6695478315555
chr9	6570001	6590000	chr9	6570001	6750000	180000	20000	24.131944444444443	96.0%	0.027	1.8261378278404676	0.031	1.8261378278404674	24.131944444444443	3475	2.272656758417386	1309.0502928484143
chr1	202975001	203005000	chr1	202430001	203005000	575000	30000	9.256521739130434	96.0%	0.048	1.8221963298183708	0.048	1.8221963298183708	9.256521739130434	6387	1.753045134427298	7257.606856529013
chr4	84960001	84980000	chr4	84495001	84980000	485000	20000	10.04896907216495	97.0%	0.034	1.8210285979863603	0.036	1.8210285979863605	10.04896907216495	3899	2.627031832892195	4077.153404648687
chr8	23675001	23695000	chr8	23465001	23695000	230000	20000	21.40217391304348	98.0%	0.0095	1.8204672027075044	0.011	1.8204672027075044	21.402173913043477	3938	2.5983258467993426	1912.3678232443162
chr6	105725001	105760000	chr6	105725001	106240000	515000	35000	10.951456310679612	95.0%	0.044	1.8161682643909536	0.044	1.8161682643909536	10.951456310679612	7896	2.291668828984574	11566.052579885145
chr3	182705001	182725000	chr3	182705001	183180000	475000	20000	10.723684210526317	95.0%	0.027	1.8161075098574464	0.031	1.8161075098574462	10.723684210526315	4075	1.9693774935806465	2993.4537902425827
chr11	14780001	14800000	chr11	14780001	15095000	315000	20000	14.436507936507937	96.0%	0.042	1.815718751382845	0.047	1.815718751382845	14.436507936507937	3638	1.9653755016397232	1981.098505652841
chr5	39575001	39600000	chr5	39575001	40740000	1165000	25000	4.963948497854077	98.0%	0.042	1.814963151506292	0.043	1.814963151506292	4.963948497854077	5783	2.9158257979479867	16984.685273047024
chr16	30015001	30035000	chr16	29690001	30035000	345000	20000	11.192028985507246	97.0%	0.045	1.8081931501511197	0.048	1.8081931501511193	11.192028985507246	3089	2.285522290024855	2523.21660818744
chr6	31355001	31380000	chr6	31125001	31380000	255000	25000	18.26274509803921	95.0%	0.035	1.803398228605948	0.039	1.8033982286059478	18.262745098039215	4657	2.2051904593529437	2811.6178356750033
chr15	98060001	98085000	chr15	97905001	98085000	180000	25000	27.56666666666667	98.0%	0.0245	1.801849128146877	0.026	1.801849128146877	27.566666666666666	4962	2.9217845011877364	2629.6060510689626
chr12	15585001	15610000	chr12	15585001	15870000	285000	25000	20.042105263157897	97.0%	0.038	1.7986664310938612	0.042	1.7986664310938612	20.042105263157893	5712	3.3070672471731775	4712.570827221778
chr13	99435001	99460000	chr13	99435001	99660000	225000	25000	20.453333333333333	96.0%	0.029	1.7965995897835438	0.032	1.7965995897835438	20.453333333333333	4602	1.8254328465773413	2053.611952399509
chr14	73455001	73475000	chr14	72895001	73475000	580000	20000	8.564655172413794	95.0%	0.04	1.792059216671388	0.041499999999999995	1.792059216671388	8.564655172413794	3974	2.511551228273054	4661.439079674788
chr12	104195001	104215000	chr12	104195001	104380000	185000	20000	24.385135135135137	98.0%	0.011	1.7915557094035386	0.011	1.7915557094035386	24.385135135135137	3609	2.262342414296628	1339.3067092636038
chr2	134105001	134125000	chr2	134105001	134465000	360000	20000	12.256944444444445	98.0%	0.0289999999999999	1.787902132131041	0.0325	1.7879021321310413	12.256944444444445	3530	1.9744527801051035	2274.5696026810792
chr17	81470001	81490000	chr17	81245001	81490000	245000	20000	15.224489795918368	95.0%	0.038	1.7873248069262686	0.044	1.7873248069262686	15.224489795918368	2984	1.7726464020826191	1389.7547792327734
chr4	76055001	76085000	chr4	75885001	76085000	200000	30000	25.929166666666664	97.0%	0.012	1.78651638021714	0.0135	1.78651638021714	25.929166666666667	6223	2.220961299440922	3198.1842711949275
chr8	26645001	26670000	chr8	26505001	26670000	165000	25000	27.484848484848488	96.0%	0.042	1.783983855474205	0.047	1.7839838554742047	27.484848484848484	4535	1.7939749461433283	1480.0293305682458
chr6	75525001	75550000	chr6	75215001	75550000	335000	25000	15.155223880597015	98.0%	0.026	1.7783594160486944	0.027	1.7783594160486944	15.155223880597015	5077	2.726162755661535	4566.322615733071
chr20	49320001	49335000	chr20	49320001	49605000	285000	15000	16.526315789473685	97.0%	0.049	1.7780624650374046	0.053	1.7780624650374046	16.526315789473685	2826	2.6988599833087297	1384.5151714373783
chr5	75665001	75685000	chr5	75285001	75685000	400000	20000	11.9125	95.0%	0.0424999999999999	1.7761093294930463	0.0455	1.7761093294930463	11.9125	3812	1.9619280253664215	2511.2678724690195
chr8	37675001	37700000	chr8	37535001	37700000	165000	25000	27.024242424242424	96.0%	0.026	1.7715819352942237	0.028	1.7715819352942237	27.024242424242424	4459	1.8558133642728287	1531.0460255250837
chr11	65500001	65520000	chr11	65320001	65520000	200000	20000	21.08125	98.0%	0.0139999999999999	1.7706853839585068	0.015	1.7706853839585068	21.08125	3373	1.8003467545707046	1152.221922925251
chr15	50295001	50315000	chr15	50135001	50315000	180000	20000	23.75	97.0%	0.0355	1.770631353915358	0.038	1.770631353915358	23.75	3420	2.8701054360400695	1653.18073115908
chr2	191540001	191570000	chr2	191540001	191820000	280000	30000	18.955357142857142	99.0%	0.006	1.7680284772060395	0.007	1.7680284772060395	18.955357142857142	6369	2.2676983513270814	4571.679876275396
chr10	60735001	60770000	chr10	60435001	60770000	335000	35000	15.968017057569297	95.0%	0.022	1.76670458352337	0.024	1.7667045835233701	15.968017057569297	7489	1.9595585052437459	6433.230572715218
chr6	168330001	168355000	chr6	168140001	168355000	215000	25000	20.706976744186047	96.0%	0.014	1.7664024912509584	0.014	1.7664024912509584	20.706976744186047	4452	1.791836291741689	1926.2240136223156
chr7	100945001	100965000	chr7	100945001	101075000	130000	20000	66.00961538461539	99.0%	0.0075	1.7610925774450938	0.008	1.7610925774450938	66.00961538461539	6865	2.7832659561995734	1157.8386377790225
chr3	186835001	186855000	chr3	186835001	187325000	490000	20000	10.71173469387755	96.0%	0.0419999999999999	1.7607531944247612	0.041999999999999996	1.7607531944247612	10.71173469387755	4199	2.0311328185484947	3184.8162594840396
chr20	58225001	58250000	chr20	58225001	58695000	470000	25000	9.623404255319148	95.0%	0.0395	1.7595815219861444	0.042499999999999996	1.7595815219861444	9.62340425531915	4523	1.9814180206113978	4656.332348436785
chr5	96320001	96335000	chr5	95855001	96335000	480000	15000	11.864583333333334	98.0%	0.0275	1.759167755367001	0.031	1.759167755367001	11.864583333333334	3417	3.2309015795014266	2791.4989646892327
chr7	131635001	131665000	chr7	131485001	131665000	180000	30000	23.30555555555556	96.0%	0.024	1.756208857620118	0.025	1.756208857620118	23.305555555555557	5034	1.7534125479891542	2272.422662193944
chr7	82715001	82735000	chr7	82130001	82735000	605000	20000	9.4400826446281	97.0%	0.037	1.751563431077035	0.038	1.751563431077035	9.440082644628099	4569	2.770244256260914	5363.19288012113
chr3	40165001	40190000	chr3	39630001	40190000	560000	25000	9.50357142857143	95.0%	0.031	1.750665631645385	0.033	1.750665631645385	9.503571428571428	5322	2.1886820167333485	6128.309646853376
chr5	90770001	90795000	chr5	90245001	90795000	550000	25000	10.318181818181818	95.0%	0.0295	1.74049791230654	0.032	1.74049791230654	10.318181818181818	5675	2.051309429039448	5641.100929858481
chr6	111195001	111215000	chr6	111020001	111215000	195000	20000	24.72435897435897	99.0%	0.031	1.738849449196194	0.033	1.738849449196194	24.724358974358974	3857	1.9729331391600375	1231.1102788358635
chr4	128445001	128465000	chr4	128445001	128880000	435000	20000	12.92816091954023	97.0%	0.041	1.7387257144678538	0.045	1.7387257144678538	12.92816091954023	4499	2.1434986906765348	2983.750177421736
chr20	340001	360000	chr20	340001	495000	155000	20000	25.193548387096776	97.0%	0.018	1.738084578551252	0.02	1.738084578551252	25.193548387096776	3124	2.023767287103858	1003.7885744035136
chr18	50350001	50370000	chr18	49980001	50370000	390000	20000	11.28525641025641	95.0%	0.038	1.730916323012486	0.04	1.730916323012486	11.28525641025641	3521	1.9866141119277176	2479.2944116857916
chr3	159105001	159125000	chr3	158840001	159125000	285000	20000	18.285087719298247	96.0%	0.035	1.7306774613802425	0.038	1.7306774613802425	18.285087719298247	4169	2.0540266801754004	1873.2723323199652
chr2	222315001	222335000	chr2	222315001	222690000	375000	20000	13.79	95.0%	0.036	1.728954164023314	0.04	1.728954164023314	13.79	4137	2.332122180742991	2798.546616891589
chr9	123330001	123350000	chr9	122965001	123350000	385000	20000	13.37012987012987	95.0%	0.041	1.7273742627323092	0.043	1.7273742627323092	13.37012987012987	4118	2.4738268010244857	3047.7546188621664
chr8	52105001	52125000	chr8	52105001	52510000	405000	20000	12.030864197530864	96.0%	0.043	1.7264308227014848	0.046	1.7264308227014848	12.030864197530864	3898	2.4426197597508272	3165.635208637072
chr4	48945001	48970000	chr4	48430001	48970000	540000	25000	9.748148148148148	96.0%	0.025	1.725945464506214	0.0275	1.725945464506214	9.748148148148148	5264	2.3008919032970567	6212.408138902053
chr5	154635001	154660000	chr5	154635001	155040000	405000	25000	11.375308641975309	96.0%	0.037	1.7226663195366478	0.037	1.7226663195366478	11.375308641975309	4607	2.0388558939265398	4128.683185201243
chr9	130860001	130880000	chr9	130860001	131045000	185000	20000	22.2972972972973	96.0%	0.025	1.7207539945304038	0.026	1.7207539945304038	22.2972972972973	3300	2.0069692781721127	1188.1258126778907
chr2	205660001	205680000	chr2	204850001	205680000	830000	20000	7.195783132530121	95.0%	0.0345	1.7206839682388482	0.038	1.7206839682388482	7.195783132530121	4778	2.576882533011807	6844.200007679359
chr2	108345001	108365000	chr2	108345001	108640000	295000	20000	16.491525423728813	98.0%	0.016	1.720341275147439	0.017	1.720341275147439	16.491525423728813	3892	2.260253008630848	2133.6788401475205
chr3	10745001	10770000	chr3	10745001	10990000	245000	25000	19.0	96.0%	0.029	1.720198971438191	0.031	1.7201989714381907	19.0	4655	1.9350853202746545	2370.479517336452
chr18	810001	835000	chr18	620001	835000	215000	25000	20.06511627906977	95.0%	0.017	1.713480926604395	0.018	1.7134809266043953	20.065116279069766	4314	2.1191606480344447	2278.097696637028
chr1	111210001	111230000	chr1	111210001	111425000	215000	20000	20.50581395348837	96.0%	0.041	1.7059230196628232	0.045	1.7059230196628232	20.50581395348837	3527	2.1365182900136026	1469.9245835293586
chr6	35435001	35460000	chr6	35290001	35460000	170000	25000	25.57647058823529	99.0%	0.025	1.7018080471242882	0.0265	1.7018080471242882	25.576470588235296	4348	1.9166278861087795	1629.1337031924627
chr5	68270001	68295000	chr5	68270001	68925000	655000	25000	8.210687022900764	96.0%	0.035	1.6996332878645108	0.037	1.6996332878645108	8.210687022900764	5378	2.485507378164688	8140.0366634893535
chr10	63615001	63635000	chr10	63170001	63635000	465000	20000	10.669354838709678	95.0%	0.036	1.6989286507231935	0.036	1.6989286507231935	10.669354838709678	3969	2.646057048618859	3937.3328883448626
chr19	13875001	13895000	chr19	13875001	14080000	205000	20000	17.524390243902438	95.0%	0.025	1.691135065158036	0.028	1.6911350651580361	17.524390243902438	2874	2.0568008777017575	1349.261375772353
chr2	9115001	9140000	chr2	8830001	9140000	310000	25000	16.63548387096774	97.0%	0.033	1.6910828035278942	0.035500000000000004	1.6910828035278942	16.635483870967743	5157	2.0063797794020033	3109.888658073105
chr10	99840001	99865000	chr10	99840001	100195000	355000	25000	14.408450704225354	95.0%	0.044	1.68950707717477	0.048	1.68950707717477	14.408450704225352	5115	2.417236563266432	4290.594899797917
chr2	85540001	85560000	chr2	85300001	85560000	260000	20000	20.697115384615383	97.0%	0.0235	1.6875750134511576	0.0245	1.6875750134511576	20.697115384615383	4305	2.21310046100701	1841.2995835578326
chr6	138795001	138820000	chr6	138795001	139365000	570000	25000	9.510526315789471	95.0%	0.048	1.67795742713144	0.049	1.67795742713144	9.510526315789473	5421	2.2578575595114523	6434.894044607639
chr6	142145001	142160000	chr6	142145001	142570000	425000	15000	12.180392156862744	95.0%	0.04	1.675953318199109	0.045	1.675953318199109	12.180392156862744	3106	2.491555026703211	1906.0395954279566
chr1	88850001	88885000	chr1	88725001	88885000	160000	35000	29.276785714285715	97.0%	0.044	1.6752553268175132	0.0465	1.6752553268175132	29.276785714285715	6558	2.2160723286459136	3474.801411316793
chr10	89415001	89440000	chr10	89415001	89695000	280000	25000	17.72142857142857	96.0%	0.0435	1.67199931285067	0.048	1.67199931285067	17.72142857142857	4962	2.2245546458905885	3114.376504246824
chr16	2130001	2155000	chr16	1950001	2155000	205000	25000	15.21951219512195	95.0%	0.033	1.670279325458626	0.034	1.6702793254586261	15.21951219512195	3120	1.4049904067902301	1440.1151669599858
chr7	7095001	7115000	chr7	7095001	7555000	460000	20000	11.548913043478262	95.0%	0.026	1.6681378751106044	0.028	1.6681378751106044	11.548913043478262	4250	2.6833034417217716	3949.822666214448
chr2	96505001	96525000	chr2	96165001	96525000	360000	20000	13.21875	95.0%	0.02	1.6627705799572428	0.020999999999999998	1.6627705799572428	13.21875	3807	1.8970071287827939	2185.3522123577786
chr3	45500001	45525000	chr3	45500001	45935000	435000	25000	11.896551724137932	95.0%	0.031	1.661088737281827	0.035	1.661088737281827	11.89655172413793	5175	1.8998787290083485	4132.236235593158
chr1	16070001	16100000	chr1	16070001	16250000	180000	30000	24.42129629629629	97.0%	0.02	1.658772925550032	0.022	1.658772925550032	24.421296296296298	5275	2.0406186718642334	2644.6417987360464
chr7	134420001	134440000	chr7	134420001	134710000	290000	20000	16.754310344827587	95.0%	0.0215	1.6553496369079796	0.023	1.6553496369079796	16.754310344827587	3887	2.1938926926845936	2035.932418811303
chr7	20290001	20320000	chr7	20095001	20320000	225000	30000	21.140740740740743	96.0%	0.039	1.6498981588720696	0.043	1.6498981588720696	21.14074074074074	5708	1.887725434439933	3058.1152037926913
chr6	127450001	127470000	chr6	127450001	127695000	245000	20000	20.821428571428573	95.0%	0.027	1.6467503618644377	0.03	1.6467503618644375	20.821428571428573	4081	2.031671029736945	1592.830087313765
chr20	20560001	20580000	chr20	20360001	20580000	220000	20000	18.289772727272727	97.0%	0.033	1.6439324023430548	0.037	1.6439324023430548	18.289772727272727	3219	2.1682665740026312	1526.4596680978525
chr2	42650001	42670000	chr2	42390001	42670000	280000	20000	27.013392857142858	98.0%	0.033	1.643901421320073	0.036000000000000004	1.643901421320073	27.013392857142858	6051	2.8472742772367874	2551.1577524041613
chr17	49525001	49560000	chr17	49395001	49560000	165000	35000	25.21212121212121	97.0%	0.017	1.643043173324323	0.018	1.643043173324323	25.21212121212121	5824	1.711214618698465	2767.0340384354176
chr2	58560001	58580000	chr2	58560001	59180000	620000	20000	12.32258064516129	95.0%	0.0285	1.64249575945475	0.0315	1.64249575945475	12.32258064516129	6112	2.5287203665855538	5016.981207305738
chr5	62215001	62235000	chr5	62215001	62415000	200000	20000	17.94375	97.0%	0.021	1.6395630934442096	0.022	1.6395630934442096	17.94375	2871	1.767151017703656	1130.9766513303398
chr2	190775001	190805000	chr2	190775001	191020000	245000	30000	20.857142857142858	96.0%	0.023	1.6384482136289589	0.022	1.6384482136289589	20.857142857142858	6132	1.9332012805634335	3410.1670589138967
chr4	78855001	78875000	chr4	78505001	78875000	370000	20000	12.594594594594597	95.0%	0.036	1.635999364340798	0.039999999999999994	1.635999364340798	12.594594594594595	3728	2.0666957231658154	2446.9677362283255
chr3	45645001	45670000	chr3	45505001	45670000	165000	25000	24.96969696969697	96.0%	0.022	1.635612531591221	0.024	1.6356125315912213	24.96969696969697	4120	1.8055714369588505	1489.5964354910516
chr8	120915001	120940000	chr8	120335001	120940000	605000	25000	9.53388429752066	95.0%	0.021	1.6349583453102727	0.025	1.6349583453102727	9.533884297520661	5768	2.664140356182019	8059.0245774506075
chr5	133105001	133130000	chr5	133105001	133470000	365000	25000	13.43835616438356	98.0%	0.034	1.628663562651214	0.037	1.628663562651214	13.438356164383562	4905	2.1732812206267194	3966.2382276437625
chr7	12310001	12330000	chr7	11825001	12330000	505000	20000	10.992574257425742	95.0%	0.033	1.6270555533120008	0.034	1.6270555533120008	10.992574257425742	4441	2.9507278113129214	4768.376143081681
chr15	57550001	57570000	chr15	57550001	57865000	315000	20000	14.166666666666666	95.0%	0.037	1.6261868963894317	0.039	1.6261868963894315	14.166666666666666	3570	2.121932421218564	2138.9078805883128
chr1	167205001	167225000	chr1	167065001	167225000	160000	20000	27.0859375	97.0%	0.0385	1.6217893563000692	0.042499999999999996	1.6217893563000692	27.0859375	3467	2.162186736996567	1107.0396093422423
chr4	87830001	87850000	chr4	87330001	87850000	520000	20000	10.442307692307692	95.0%	0.0315	1.6213639153182913	0.033	1.6213639153182913	10.442307692307692	4344	2.33635722599774	3887.6984240602396
chr7	100695001	100725000	chr7	100695001	100890000	195000	30000	21.51282051282051	96.0%	0.012	1.6188377301570709	0.013	1.6188377301570707	21.512820512820515	5034	1.615292744616327	2267.871013441323
chr1	24385001	24405000	chr1	24060001	24405000	345000	20000	13.304347826086955	95.0%	0.026	1.6188056323366091	0.028	1.6188056323366091	13.304347826086957	3672	2.4772463776973037	2734.8800009778233
chr4	87455001	87475000	chr4	87255001	87475000	220000	20000	20.943181818181817	96.0%	0.028	1.6147171148032402	0.031	1.6147171148032402	20.943181818181817	3686	2.0465634660589487	1440.7806801054999
chr7	123855001	123875000	chr7	123560001	123875000	315000	20000	16.17063492063492	95.0%	0.023	1.6106304193634833	0.026	1.6106304193634833	16.17063492063492	4075	2.2036595134165533	2221.288789523886
chr4	15795001	15815000	chr4	15795001	16010000	215000	20000	20.26744186046512	99.0%	0.03	1.6086689960898808	0.033	1.6086689960898808	20.267441860465116	3486	2.1646415353554844	1489.2733763245733
chr5	43375001	43395000	chr5	42985001	43395000	410000	20000	11.746951219512194	95.0%	0.0255	1.6055054347488984	0.0275	1.6055054347488984	11.746951219512194	3853	1.8807429401983653	2467.5347375402553
chr2	26735001	26755000	chr2	26315001	26755000	440000	20000	12.238636363636363	95.0%	0.031	1.603891852879494	0.033	1.603891852879494	12.238636363636363	4308	1.5893417172891446	2237.7931379431157
chr5	59780001	59805000	chr5	59370001	59805000	435000	25000	12.255172413793105	95.0%	0.032	1.6034055800673932	0.034	1.6034055800673932	12.255172413793103	5331	2.2550759357373957	4904.790160228836
chr1	180875001	180895000	chr1	180875001	181105000	230000	20000	19.005434782608692	95.0%	0.0289999999999999	1.601853120133948	0.032	1.601853120133948	19.005434782608695	3497	1.6282916459957324	1198.422651452859
chr11	72405001	72425000	chr11	72190001	72425000	235000	20000	20.611702127659573	96.0%	0.031	1.6012952626576382	0.033	1.6012952626576382	20.611702127659573	3875	1.8440743149862013	1386.7438848696233
chr11	66820001	66840000	chr11	66385001	66840000	455000	20000	11.343406593406591	97.0%	0.031	1.6008853051648824	0.033	1.6008853051648824	11.343406593406593	4129	1.9861108691624618	2891.7774255005443
chr6	36610001	36630000	chr6	36610001	36765000	155000	20000	26.677419354838708	98.0%	0.015	1.6005805467016008	0.016	1.6005805467016008	26.677419354838708	3308	1.8658467449492613	925.4599854948336
chr12	94535001	94555000	chr12	94535001	95145000	610000	20000	7.932377049180328	95.0%	0.0465	1.6002226435109448	0.05	1.6002226435109448	7.932377049180328	3871	2.0824323374828215	4064.907922766468
chr11	10790001	10810000	chr11	10790001	10935000	145000	20000	32.60344827586207	98.0%	0.027	1.597739082944778	0.031	1.597739082944778	32.60344827586207	3782	2.072881439309555	961.8169878396336
chr2	138355001	138380000	chr2	137900001	138380000	480000	25000	11.48125	97.0%	0.0355	1.5938892617797662	0.038	1.5938892617797662	11.48125	5511	2.2358485627844615	5366.0365506827075
chr10	89250001	89270000	chr10	89250001	89420000	170000	20000	26.330882352941178	99.0%	0.0305	1.5900641233642334	0.0345	1.5900641233642334	26.330882352941178	3581	2.3207323233589032	1262.4783839072434
chr11	19885001	19910000	chr11	19290001	19910000	620000	25000	8.341935483870968	95.0%	0.0485	1.5892232835414548	0.0495	1.5892232835414548	8.341935483870968	5172	2.0375428570236203	6316.3828567732235
chr4	185585001	185605000	chr4	185095001	185605000	510000	20000	10.044117647058824	95.0%	0.0335	1.58785385432629	0.036	1.58785385432629	10.044117647058824	4098	1.5968395923735434	2606.042214753623
chr8	86340001	86360000	chr8	85970001	86360000	390000	20000	12.721153846153848	96.0%	0.0305	1.5862450701231758	0.032	1.5862450701231758	12.721153846153847	3969	2.876753644224397	3590.1885479920475
chr12	14720001	14745000	chr12	14720001	15270000	550000	25000	9.001818181818182	95.0%	0.0465	1.5800175846885764	0.0495	1.5800175846885764	9.001818181818182	4951	1.917707167076525	5273.694709460444
chr7	90405001	90430000	chr7	90180001	90430000	250000	25000	18.696	95.0%	0.026	1.5791175639337471	0.028	1.5791175639337471	18.696	4674	1.8499238125925752	2312.404765740719
chr4	26395001	26425000	chr4	25945001	26425000	480000	30000	10.947916666666666	96.0%	0.0365	1.5725439062270006	0.039	1.5725439062270006	10.947916666666666	6306	2.2819547362110852	7886.435568345511
chr11	33660001	33685000	chr11	33350001	33685000	335000	25000	16.61492537313433	95.0%	0.018	1.5696751898157983	0.021	1.5696751898157983	16.61492537313433	5566	2.289803657559844	3835.421126412739
chr12	30840001	30860000	chr12	30840001	31275000	435000	20000	10.235632183908049	95.0%	0.03	1.5665124553384298	0.034	1.5665124553384298	10.235632183908047	3562	2.047905801782911	2850.684876081812
chr6	144925001	144945000	chr6	144585001	144945000	360000	20000	14.73263888888889	98.0%	0.0345	1.566282983876332	0.0375	1.5662829838763321	14.73263888888889	4243	2.656227638493788	3059.974239544844
chr22	39325001	39345000	chr22	39325001	39515000	190000	20000	20.914473684210527	95.0%	0.044	1.5636497195950354	0.05	1.5636497195950354	20.914473684210527	3179	2.160663918916248	1313.683662701079
chr12	25375001	25395000	chr12	25145001	25395000	250000	20000	18.585	95.0%	0.031	1.5616029382794256	0.033	1.5616029382794256	18.585	3717	2.3721986107922852	1897.758888633828
chr1	19860001	19880000	chr1	19705001	19880000	175000	20000	24.63571428571429	96.0%	0.026	1.5596765147299938	0.028	1.5596765147299938	24.635714285714286	3449	1.9586138946831149	1096.8237810225444
chr12	56190001	56210000	chr12	56190001	56505000	315000	20000	15.563492063492063	95.0%	0.039	1.557516754817199	0.042	1.557516754817199	15.563492063492063	3922	1.712045855378544	1725.7422222215723
chr2	187470001	187505000	chr2	187470001	187850000	380000	35000	13.201127819548873	96.0%	0.029	1.5544900062822955	0.03	1.5544900062822957	13.201127819548873	7023	1.849585372762358	6887.8559281670205
chr6	144095001	144115000	chr6	144095001	144535000	440000	20000	12.036931818181818	96.0%	0.0405	1.5523112977044629	0.041999999999999996	1.5523112977044629	12.036931818181818	4237	2.1470893120472727	3023.10175136256
chr1	36270001	36290000	chr1	36105001	36290000	185000	20000	25.2027027027027	97.0%	0.033	1.550907424196616	0.037	1.550907424196616	25.2027027027027	3730	1.9790794492077164	1171.6150339309681
chr3	170945001	170970000	chr3	170945001	171690000	745000	25000	7.5731543624161075	95.0%	0.04	1.5466395960194	0.043	1.5466395960194	7.5731543624161075	5642	2.3847086249527183	8883.039627948876
chr16	87620001	87645000	chr16	87305001	87645000	340000	25000	12.2	96.0%	0.045	1.5458553120981098	0.048	1.5458553120981098	12.2	4148	1.9092724800639114	3245.7632161086494
chr10	29720001	29740000	chr10	29450001	29740000	290000	20000	15.629310344827584	95.0%	0.0325	1.545033555384682	0.0335	1.5450335553846821	15.629310344827585	3626	1.6791503928629945	1558.251564576859
chr1	157960001	157975000	chr1	157960001	158130000	170000	15000	26.392156862745097	98.0%	0.0315	1.5410260066316566	0.035500000000000004	1.5410260066316566	26.392156862745097	2692	2.9101314619476972	890.5002273559953
chr1	109635001	109660000	chr1	109635001	110005000	370000	25000	11.437837837837836	95.0%	0.04	1.5402572094936895	0.041999999999999996	1.5402572094936897	11.437837837837838	4232	1.8541461243915276	3430.170330124326
chr10	70870001	70890000	chr10	70420001	70890000	470000	20000	11.726063829787234	96.0%	0.0195	1.534264063402741	0.022	1.5342640634027407	11.726063829787234	4409	2.018339426038458	3035.582496761841
chr4	158855001	158875000	chr4	158855001	159175000	320000	20000	15.3984375	96.0%	0.043	1.5331265352902286	0.045	1.5331265352902286	15.3984375	3942	2.4189001471176717	2476.9537506484958
chr2	137815001	137845000	chr2	136870001	137845000	975000	30000	6.415384615384615	95.0%	0.022	1.53165231952263	0.023	1.53165231952263	6.415384615384616	7506	2.485845603047466	17450.63613339321
chr1	153970001	153990000	chr1	153555001	153990000	435000	20000	10.07471264367816	95.0%	0.049	1.5263704642600189	0.052	1.5263704642600189	10.074712643678161	3506	1.7100784941635232	2380.429263875624
chr1	31530001	31550000	chr1	31385001	31550000	165000	20000	28.893939393939394	98.0%	0.037	1.5245796224542667	0.04	1.5245796224542667	28.893939393939394	3814	2.0602320519217368	1087.802523414677
chr7	117110001	117130000	chr7	116920001	117130000	210000	20000	22.14880952380953	98.0%	0.032	1.520880149868029	0.035	1.5208801498680293	22.148809523809526	3721	2.274840122545275	1528.6925623504249
chr2	197765001	197785000	chr2	197005001	197785000	780000	20000	6.152243589743589	95.0%	0.0465	1.519908910541327	0.0485	1.519908910541327	6.152243589743589	3839	2.2229675563676015	5548.527020693533
chr10	49500001	49525000	chr10	48950001	49525000	575000	25000	9.264347826086958	95.0%	0.039	1.5197262953867865	0.043	1.5197262953867863	9.264347826086956	5327	1.9121557445914361	5497.447765700379
chr19	17055001	17075000	chr19	17055001	17295000	240000	20000	16.59375	95.0%	0.0485	1.5159037054199132	0.0515	1.5159037054199132	16.59375	3186	1.9793077059496909	1520.1083181693625
chr4	8390001	8410000	chr4	8235001	8410000	175000	20000	24.335714285714285	96.0%	0.033	1.5154358044340632	0.036	1.5154358044340632	24.335714285714285	3407	1.839511653542831	1030.1265259839854
chr2	85795001	85820000	chr2	85620001	85820000	200000	25000	24.01	96.0%	0.032	1.5092746602891454	0.036	1.5092746602891454	24.01	4802	1.6800694951648074	1680.0694951648074
chr3	190185001	190205000	chr3	189975001	190205000	230000	20000	20.945652173913043	97.0%	0.0289999999999999	1.5061685570074266	0.0315	1.5061685570074266	20.945652173913043	3854	2.1349768896791597	1571.3429908038615
chr3	190200001	190235000	chr3	190200001	190460000	260000	35000	18.912087912087912	95.0%	0.0305	1.5057464580221034	0.032	1.5057464580221034	18.912087912087912	6884	1.9568350226575713	4986.015637731492
chr3	16035001	16055000	chr3	16035001	16255000	220000	20000	22.875	98.0%	0.023	1.5007828212512413	0.025500000000000002	1.5007828212512413	22.875	4026	2.543810581572416	1790.842649426981
chr1	203695001	203715000	chr1	203330001	203715000	385000	20000	13.477272727272728	96.0%	0.028	1.4966138510006533	0.031	1.4966138510006533	13.477272727272727	4151	2.398816599824309	2955.3420509835487
chr1	22965001	22985000	chr1	22965001	23285000	320000	20000	14.47265625	96.0%	0.031	1.496201038294539	0.035	1.496201038294539	14.47265625	3705	2.360298156369111	2416.9453121219694
chr1	152045001	152070000	chr1	152045001	152190000	145000	25000	29.779310344827586	97.0%	0.024	1.491244511691838	0.027	1.491244511691838	29.779310344827586	4318	2.107002254840524	1527.5766347593799
chr3	129635001	129660000	chr3	129635001	129935000	300000	25000	16.933333333333334	96.0%	0.0404999999999999	1.4905330655015248	0.0445	1.4905330655015248	16.933333333333334	5080	2.3181733640523148	3477.2600460784724
chr18	10540001	10565000	chr18	10540001	10830000	290000	25000	14.420689655172414	97.0%	0.031	1.483131508410429	0.032	1.483131508410429	14.420689655172414	4182	1.3459227683768735	1951.5880141464665
chr7	5485001	5505000	chr7	5485001	5715000	230000	20000	15.83695652173913	95.0%	0.0325	1.4818892809269717	0.035	1.4818892809269715	15.83695652173913	2914	1.55630771153782	1145.4424756918356
chr17	58100001	58120000	chr17	57840001	58120000	280000	20000	16.584821428571427	95.0%	0.0295	1.479711439630281	0.033	1.479711439630281	16.584821428571427	3715	2.165211613964216	1940.0296061119375
chr19	54770001	54790000	chr19	54535001	54790000	255000	20000	25.16176470588235	95.0%	0.031	1.4763881334416613	0.034	1.4763881334416613	25.16176470588235	5133	2.514447069120365	2051.788808402218
chr1	226815001	226835000	chr1	226610001	226835000	225000	20000	19.822222222222223	96.0%	0.033	1.4743565857104692	0.037	1.4743565857104692	19.822222222222223	3568	2.33422125120184	1680.639300865325
chr7	26370001	26395000	chr7	26370001	26615000	245000	25000	19.33061224489796	96.0%	0.039	1.4689920743040286	0.041	1.4689920743040286	19.33061224489796	4736	1.994268214902892	2442.978563256043
chr6	7985001	8005000	chr6	7705001	8005000	300000	20000	18.016666666666666	97.0%	0.0284999999999999	1.4687602289623904	0.0315	1.4687602289623904	18.016666666666666	4324	2.6358042689767247	2530.3720982176555
chr3	168780001	168805000	chr3	168630001	168805000	175000	25000	38.10285714285714	98.0%	0.034	1.465480304455555	0.035	1.465480304455555	38.10285714285714	6668	1.9520989559113218	1708.0865864224065
chr20	49605001	49625000	chr20	49605001	49890000	285000	20000	15.767543859649123	97.0%	0.046	1.459893255790064	0.052	1.4598932557900641	15.767543859649123	3595	2.682008408635109	2445.9916686752194
chr8	25170001	25190000	chr8	25170001	25490000	320000	20000	12.82421875	96.0%	0.0405	1.4573589322688592	0.043	1.4573589322688592	12.82421875	3283	1.972005360626543	2019.3334892815801
chr7	151745001	151765000	chr7	151310001	151765000	455000	20000	10.483516483516484	95.0%	0.021	1.4571377541361987	0.022	1.4571377541361987	10.483516483516484	3816	1.9886510590224258	2895.475941936652
chr1	25190001	25220000	chr1	24880001	25220000	340000	30000	13.995098039215684	95.0%	0.035	1.4571160518818975	0.0375	1.4571160518818975	13.995098039215685	5710	1.705663325796871	4175.46382155074
chr3	194120001	194140000	chr3	193785001	194140000	355000	20000	13.130281690140846	97.0%	0.046	1.4481162637716616	0.048	1.4481162637716616	13.130281690140846	3729	2.055190048266559	2334.6958948308106
chr3	63180001	63200000	chr3	62705001	63200000	495000	20000	10.681818181818182	96.0%	0.028	1.4474930416066294	0.03	1.4474930416066294	10.681818181818182	4230	2.5546274430838944	4046.5298698448887
chr10	63710001	63730000	chr10	63155001	63730000	575000	20000	8.7	98.0%	0.035	1.4471874109170153	0.037	1.4471874109170153	8.7	4002	2.9720819575999933	5468.630801983988
chr4	103770001	103790000	chr4	103095001	103790000	695000	20000	8.595323741007194	97.0%	0.032	1.446834816944441	0.036	1.446834816944441	8.595323741007194	4779	2.8417818319300743	6320.122794212485
chr3	168040001	168060000	chr3	168040001	168195000	155000	20000	29.45967741935484	97.0%	0.031	1.443384249492336	0.033	1.443384249492336	29.45967741935484	3653	2.2376523152343384	1109.8755483562318
chr7	107695001	107730000	chr7	107215001	107730000	515000	35000	10.96116504854369	96.0%	0.039	1.4414216935069726	0.043	1.4414216935069726	10.96116504854369	7903	2.1744069440696867	10974.23184671971
chr11	2140001	2160000	chr11	1635001	2160000	525000	20000	12.08095238095238	95.0%	0.034	1.4321710916503432	0.037	1.4321710916503432	12.08095238095238	5074	2.1894770804770824	3678.3214952014982
chr4	73635001	73660000	chr4	73320001	73660000	340000	25000	15.68235294117647	95.0%	0.0365	1.4289217188248462	0.0395	1.4289217188248462	15.68235294117647	5332	1.7613168371236085	2994.2386231101345
chr12	118360001	118380000	chr12	118070001	118380000	310000	20000	14.028225806451612	95.0%	0.045	1.4274347773002607	0.049	1.4274347773002607	14.028225806451612	3479	2.0874288900772013	2070.7294589565836
chr3	51995001	52020000	chr3	51995001	52390000	395000	25000	12.311392405063293	95.0%	0.03	1.4244165889943985	0.032	1.4244165889943983	12.311392405063291	4863	1.6455416665042848	3249.9447913459626
chr20	59085001	59105000	chr20	59085001	59455000	370000	20000	12.85135135135135	96.0%	0.0435	1.4243773659768844	0.0465	1.4243773659768844	12.85135135135135	3804	2.524385711091491	2988.8726819323256
chr10	17590001	17610000	chr10	17590001	17890000	300000	20000	14.579166666666667	98.0%	0.027	1.423991751397481	0.0275	1.4239917513974807	14.579166666666667	3499	2.0921843707917867	2008.4969959601153
chr5	174725001	174750000	chr5	174420001	174750000	330000	25000	14.37878787878788	97.0%	0.023	1.4229467485399303	0.0245	1.4229467485399303	14.378787878787879	4745	2.526687994621573	4169.035191125596
chr11	29325001	29350000	chr11	29155001	29350000	195000	25000	22.06153846153846	98.0%	0.02	1.418440534670519	0.023	1.4184405346705187	22.06153846153846	4302	1.8263329094487821	1780.6745867125626
chr4	82190001	82210000	chr4	81400001	82210000	810000	20000	7.734567901234568	96.0%	0.038	1.4174636255288873	0.039	1.4174636255288873	7.734567901234568	5012	3.659992068990008	9486.6994428221
chr11	128870001	128900000	chr11	128870001	129325000	455000	30000	11.038461538461538	95.0%	0.028	1.4018482093667428	0.03	1.4018482093667428	11.038461538461538	6027	1.447308923933324	4741.38403480557
chr4	152625001	152655000	chr4	152320001	152655000	335000	30000	15.987562189054726	96.0%	0.031	1.4014039117719688	0.035	1.4014039117719688	15.987562189054726	6427	1.9730208479396736	4758.926285230493
chr11	7880001	7900000	chr11	7880001	8130000	250000	20000	26.025	98.0%	0.035	1.3973508270502166	0.039	1.3973508270502166	26.025	5205	2.2544893253598253	1803.5914602878602
chr5	178270001	178290000	chr5	178270001	178790000	520000	20000	8.560096153846153	96.0%	0.0475	1.3972951876638926	0.0505	1.3972951876638926	8.560096153846153	3561	1.9029892978884249	3166.574191686339
chr16	68520001	68540000	chr16	68520001	68910000	390000	20000	10.798076923076923	95.0%	0.04	1.3932299618310366	0.042	1.3932299618310366	10.798076923076923	3369	2.2953956431775024	2864.653762685523
chr5	139405001	139430000	chr5	139405001	139780000	375000	25000	14.616	95.0%	0.033	1.390669956147137	0.035	1.390669956147137	14.616	5481	1.6234631156982118	3043.993341934147
chr4	111465001	111485000	chr4	111115001	111485000	370000	20000	13.016891891891891	98.0%	0.0265	1.389013691821967	0.0295	1.389013691821967	13.016891891891891	3853	2.352333126433006	2785.1624216966793
chr11	78550001	78575000	chr11	77995001	78575000	580000	25000	9.110344827586207	95.0%	0.0415	1.386889827538782	0.045	1.386889827538782	9.110344827586207	5284	1.9711199430967745	5716.247834980646
chr8	20110001	20135000	chr8	19775001	20135000	360000	25000	13.8	95.0%	0.044	1.383882011222971	0.045	1.383882011222971	13.8	4968	2.3411050056134277	4213.98901010417
chr2	118030001	118055000	chr2	118030001	118370000	340000	25000	15.164705882352942	97.0%	0.0284999999999999	1.3831567977980286	0.0295	1.3831567977980286	15.16470588235294	5156	1.7966510494762251	3054.3067841095826
chr9	22105001	22125000	chr9	21860001	22125000	265000	20000	18.44811320754717	97.0%	0.043	1.3818717432747591	0.047	1.3818717432747591	18.44811320754717	3911	2.390760445967198	2027.3648581801838
chr12	48155001	48175000	chr12	47900001	48175000	275000	20000	16.286363636363635	96.0%	0.028	1.3812772785033165	0.029	1.3812772785033165	16.286363636363635	3583	2.0470414727058714	1801.396495981167
chr10	43450001	43470000	chr10	43065001	43470000	405000	20000	9.657407407407408	97.0%	0.034	1.3784010315970918	0.036	1.3784010315970918	9.657407407407407	3129	1.5354842625464742	1989.9876042602305
chr4	48565001	48585000	chr4	48565001	48970000	405000	20000	12.42283950617284	96.0%	0.042	1.3775641199791804	0.044	1.3775641199791804	12.42283950617284	4025	2.5458746049526164	3299.453488018591
chr1	152440001	152460000	chr1	152075001	152460000	385000	20000	13.256493506493506	97.0%	0.038	1.3756726526747949	0.039	1.3756726526747947	13.256493506493506	4083	2.4585436602382096	3028.9257894134744
chr11	59415001	59440000	chr11	59160001	59440000	280000	25000	16.246428571428574	98.0%	0.04	1.3689230997234971	0.043	1.3689230997234973	16.24642857142857	4549	1.8986042098520837	2658.045893792917
chr14	31920001	31940000	chr14	31920001	32255000	335000	20000	12.85820895522388	97.0%	0.045	1.3665072511767444	0.051	1.3665072511767444	12.85820895522388	3446	2.861100761450359	3067.100016274785
chr4	122910001	122930000	chr4	122585001	122930000	345000	20000	14.48913043478261	95.0%	0.031	1.3654548255113426	0.033	1.3654548255113426	14.48913043478261	3999	1.9812290901362946	2187.2769155104693
chr11	12880001	12900000	chr11	12570001	12900000	330000	20000	15.102272727272728	95.0%	0.0325	1.362848487825535	0.037	1.362848487825535	15.102272727272727	3987	2.3209976429180155	2450.9735109214243
chr3	139415001	139435000	chr3	139415001	139730000	315000	20000	15.63095238095238	95.0%	0.033	1.3625880708527156	0.035	1.3625880708527156	15.630952380952381	3939	2.0168508238343303	2032.9856304250052
chr9	108540001	108570000	chr9	108385001	108570000	185000	30000	25.43693693693693	95.0%	0.021	1.3613880922462	0.024	1.3613880922462	25.436936936936938	5647	1.9961170663503756	2658.8279323787
chr12	76620001	76645000	chr12	76620001	76930000	310000	25000	16.732258064516127	95.0%	0.0335	1.3579066015892236	0.035500000000000004	1.3579066015892236	16.732258064516127	5187	2.541738201667534	3939.694212584677
chr2	69915001	69935000	chr2	69915001	70285000	370000	20000	22.780405405405407	97.0%	0.0315	1.3517271341506591	0.035500000000000004	1.3517271341506591	22.780405405405407	6743	2.900524425397572	3434.2209196707254
chr2	230975001	230995000	chr2	230810001	230995000	185000	20000	25.33108108108108	97.0%	0.028	1.3476502003595014	0.03	1.3476502003595014	25.33108108108108	3749	1.7955548403463901	1062.968465485063
chr8	144115001	144135000	chr8	144115001	144455000	340000	20000	14.319852941176473	97.0%	0.0315	1.3462837681893096	0.0335	1.3462837681893096	14.319852941176471	3895	1.4102395508636727	1534.3406313396758
chr21	41270001	41290000	chr21	41270001	41615000	345000	20000	12.764492753623188	96.0%	0.045	1.340509831540743	0.045	1.3405098315407433	12.764492753623188	3523	2.695437603074902	2975.763113794692
chr4	73860001	73885000	chr4	73860001	74140000	280000	25000	18.425	96.0%	0.036	1.3391555800989168	0.0385	1.3391555800989168	18.425	5159	2.184197067132328	3057.8758939852587
chr11	16925001	16955000	chr11	16925001	17225000	300000	30000	16.916666666666668	95.0%	0.0375	1.3381098870586752	0.0405	1.3381098870586752	16.916666666666668	6090	1.7228331756868442	3721.3196594835836
chr12	105365001	105385000	chr12	105065001	105385000	320000	20000	15.45703125	96.0%	0.031	1.3355885017849305	0.0335	1.3355885017849305	15.45703125	3957	1.99475089161496	2042.6249130137192
chr6	142380001	142400000	chr6	142155001	142400000	245000	20000	20.117346938775512	98.0%	0.024	1.334784178552187	0.026	1.334784178552187	20.117346938775512	3943	2.5449842668229423	1995.2676651891868
chr6	71325001	71355000	chr6	71010001	71355000	345000	30000	15.46135265700483	95.0%	0.045	1.330115639062553	0.046	1.330115639062553	15.46135265700483	6401	1.8257117725387708	4535.068042986307
chr16	74695001	74715000	chr16	74695001	74885000	190000	20000	20.86184210526316	95.0%	0.036	1.326264611769992	0.0395	1.326264611769992	20.861842105263158	3171	2.164988318021491	1316.3128973570665
chr8	59905001	59935000	chr8	58705001	59935000	1230000	30000	5.432926829268292	95.0%	0.0405	1.3259834121813636	0.041999999999999996	1.3259834121813636	5.432926829268292	8019	4.275365680541286	37862.63846687363
chr16	19075001	19095000	chr16	19075001	19290000	215000	20000	18.627906976744185	95.0%	0.031	1.3249835418875369	0.034	1.3249835418875369	18.627906976744185	3204	1.949469902339789	1341.2352928097748
chr10	122095001	122115000	chr10	121960001	122115000	155000	20000	26.774193548387096	97.0%	0.048	1.321793300025338	0.051	1.321793300025338	26.774193548387096	3320	1.5724781034058277	779.9491392892905
chr13	39250001	39270000	chr13	38835001	39270000	435000	20000	11.186781609195402	95.0%	0.046	1.3210170080768808	0.05	1.3210170080768808	11.186781609195402	3893	1.9728416662872974	2746.195599471918
chr18	48465001	48490000	chr18	48465001	48670000	205000	25000	21.6	96.0%	0.035	1.3202691240168396	0.039	1.3202691240168396	21.6	4428	2.2028455681301997	2257.9167073334547
chr6	113835001	113855000	chr6	113605001	113855000	250000	20000	19.47	95.0%	0.044	1.3190168283302262	0.0475	1.3190168283302262	19.47	3894	1.8066699318077237	1445.335945446179
chr7	43820001	43840000	chr7	43585001	43840000	255000	20000	18.58333333333333	96.0%	0.031	1.318000237194024	0.034	1.318000237194024	18.583333333333332	3791	1.8546142158365935	1513.3652001226603
chr8	33320001	33345000	chr8	33010001	33345000	335000	25000	13.659701492537314	98.0%	0.036	1.317690187522916	0.04	1.317690187522916	13.659701492537314	4576	1.749512825862846	2930.433983320267
chr12	101410001	101430000	chr12	101410001	101800000	390000	20000	12.198717948717947	95.0%	0.043	1.3153569882064589	0.047	1.3153569882064589	12.198717948717949	3806	2.1734206683064263	2712.42899404642
chr6	136780001	136800000	chr6	136565001	136800000	235000	20000	20.29255319148936	98.0%	0.02	1.3147315153073602	0.021	1.3147315153073602	20.29255319148936	3815	2.3112391272334403	1738.0518236795472
chr18	11725001	11745000	chr18	11725001	12050000	325000	20000	14.8	96.0%	0.032	1.3140215173026517	0.035	1.3140215173026517	14.8	3848	2.2194707173028054	2308.2495459949178
chr6	20510001	20535000	chr6	20095001	20535000	440000	25000	10.85	95.0%	0.0419999999999999	1.3126875037936123	0.0435	1.3126875037936123	10.85	4774	1.7867635521491851	3930.8798147282073
chr15	90070001	90090000	chr15	89730001	90090000	360000	20000	12.354166666666666	95.0%	0.049	1.308233255712845	0.051500000000000004	1.3082332557128453	12.354166666666666	3558	2.417429413479159	2784.8786843279913
chr4	121720001	121745000	chr4	121235001	121745000	510000	25000	10.986274509803922	97.0%	0.0325	1.3034399194601367	0.033	1.3034399194601367	10.986274509803922	5603	2.2582969205856718	5758.657147493463
chr4	110045001	110065000	chr4	110045001	110250000	205000	20000	24.21951219512195	99.0%	0.03	1.300727834541212	0.034	1.3007278345412119	24.21951219512195	3972	2.4007136311791495	1574.8681420535222
chr5	915001	935000	chr5	915001	1175000	260000	20000	16.634615384615383	96.0%	0.031	1.2999513894934136	0.035	1.2999513894934136	16.634615384615383	3460	1.675108275461695	1393.6900851841303
chr1	15310001	15335000	chr1	15310001	15510000	200000	25000	22.825	97.0%	0.022	1.2975518185845072	0.024	1.2975518185845072	22.825	4565	2.0150448821798266	2015.0448821798266
chr7	7420001	7450000	chr7	7420001	7545000	125000	30000	36.026666666666664	98.0%	0.037	1.296500987494782	0.041	1.296500987494782	36.026666666666664	5404	2.267595622330513	2040.8360600974615
chr2	146725001	146745000	chr2	146725001	147365000	640000	20000	7.796875	96.0%	0.0465	1.294313372300514	0.048	1.294313372300514	7.796875	3992	2.0167532491349616	4130.310654228401
chr6	132525001	132545000	chr6	132525001	132880000	355000	20000	14.130281690140846	95.0%	0.044	1.2909996013733207	0.048	1.2909996013733207	14.130281690140846	4013	2.019575872141185	2294.2381907523863
chr12	95800001	95825000	chr12	95560001	95825000	265000	25000	17.10188679245283	96.0%	0.043	1.283844273474833	0.046	1.283844273474833	17.10188679245283	4532	2.6144903422277923	3464.199703451825
chr4	68155001	68175000	chr4	67830001	68175000	345000	20000	15.68840579710145	95.0%	0.028	1.2823740250822904	0.031	1.2823740250822904	15.68840579710145	4330	2.24821728768021	2482.0318855989517
chr18	35225001	35245000	chr18	35225001	35390000	165000	20000	22.78030303030303	98.0%	0.028	1.2764046941411138	0.032	1.2764046941411138	22.78030303030303	3007	1.9863726714889418	1048.8047705461613
chr3	138910001	138935000	chr3	138415001	138935000	520000	25000	9.715384615384616	95.0%	0.037	1.2735729069626125	0.0405	1.2735729069626123	9.715384615384615	5052	2.479520945135177	6446.754457351461
chr4	48300001	48320000	chr4	48300001	48560000	260000	20000	16.03846153846154	95.0%	0.0335	1.2730724697693503	0.036	1.2730724697693505	16.03846153846154	3336	1.8290854421501868	1521.7990878689554
chr4	22665001	22695000	chr4	22430001	22695000	265000	30000	16.9874213836478	97.0%	0.034	1.271666834939907	0.038	1.271666834939907	16.9874213836478	5402	1.640145274940764	3129.3971845869773
chr8	73155001	73175000	chr8	73005001	73175000	170000	20000	28.36764705882353	98.0%	0.0235	1.2705070779733636	0.026000000000000002	1.2705070779733636	28.36764705882353	3858	2.0181707016597294	1097.8848617028927
chr4	110490001	110510000	chr4	110305001	110510000	205000	20000	23.54268292682927	98.0%	0.031	1.2692993008975235	0.033	1.2692993008975237	23.54268292682927	3861	2.3456511847382986	1538.7471771883238
chr9	109390001	109410000	chr9	109170001	109410000	240000	20000	20.27083333333333	97.0%	0.048	1.2690037650469663	0.0515	1.2690037650469665	20.270833333333332	3892	2.316928992587759	1779.401466307399
chr6	148930001	148955000	chr6	148585001	148955000	370000	25000	14.9	97.0%	0.028	1.2687105512774075	0.0305	1.2687105512774075	14.9	5513	2.4109546248692357	4460.266056008086
chr2	43220001	43250000	chr2	42830001	43250000	420000	30000	16.04563492063492	95.0%	0.0205	1.2662729284108152	0.023	1.2662729284108152	16.04563492063492	8087	2.442776153622493	7386.955088554419
chr9	92620001	92640000	chr9	92260001	92640000	380000	20000	12.414473684210526	96.0%	0.032	1.2655706476614803	0.0345	1.2655706476614803	12.414473684210526	3774	2.235926174233979	2718.8862278685183
chr2	74875001	74905000	chr2	74570001	74905000	335000	30000	15.412935323383085	95.0%	0.029	1.2572506739567202	0.031	1.2572506739567202	15.412935323383085	6196	1.8857943421717533	4548.535953318269
chr10	73875001	73895000	chr10	73875001	74155000	280000	20000	16.607142857142858	97.0%	0.036	1.2569485422455935	0.038500000000000006	1.2569485422455935	16.607142857142858	3720	2.0202556851873905	1810.1490939279017
chr1	207390001	207410000	chr1	206965001	207410000	445000	20000	12.457865168539326	95.0%	0.025	1.2458970085640322	0.027	1.2458970085640322	12.457865168539326	4435	3.0740482935536453	4377.444770020391
chr4	105455001	105475000	chr4	104815001	105475000	660000	20000	8.047348484848484	95.0%	0.0419999999999999	1.2395856434646502	0.045	1.2395856434646502	8.047348484848484	4249	2.1249518055965555	4487.898213419925
chr5	174400001	174425000	chr5	174400001	174940000	540000	25000	10.342592592592592	96.0%	0.0495	1.235234306579913	0.051000000000000004	1.235234306579913	10.342592592592593	5585	2.6591728228103486	7179.766621587942
chr8	101645001	101665000	chr8	101645001	102205000	560000	20000	9.395089285714286	95.0%	0.049	1.232340754505739	0.053	1.232340754505739	9.395089285714286	4209	2.373390958279787	4253.116597237378
chr2	235125001	235145000	chr2	235125001	235710000	585000	20000	9.061965811965813	95.0%	0.042	1.2308605785785205	0.044	1.2308605785785205	9.061965811965813	4241	2.137876670786613	4002.105127712539
chr5	10680001	10700000	chr5	10680001	11285000	605000	20000	8.072314049586776	96.0%	0.026	1.2249587079480038	0.03	1.2249587079480038	8.072314049586776	3907	1.7856819415527878	3457.080238846197
chr2	102580001	102615000	chr2	102425001	102615000	190000	35000	23.845864661654137	96.0%	0.016	1.2230257876291704	0.017	1.2230257876291704	23.845864661654137	6343	1.81343885063089	3376.6231398747173
chr13	98405001	98430000	chr13	98140001	98430000	290000	25000	16.772413793103446	97.0%	0.0375	1.2218941867460018	0.041499999999999995	1.2218941867460018	16.77241379310345	4864	2.106085311784089	3053.823702086929
chr18	23690001	23710000	chr18	23505001	23710000	205000	20000	20.640243902439025	97.0%	0.028	1.219946238525773	0.03	1.219946238525773	20.640243902439025	3385	2.0468389633512447	1342.7263599584167
chr9	42235001	42270000	chr9	42235001	42460000	225000	35000	19.25079365079365	95.0%	0.046	1.2195591224707374	0.049	1.2195591224707374	19.25079365079365	6064	0.956238117924619	2108.505050023785
chr10	103835001	103860000	chr10	103720001	103860000	140000	25000	31.55	97.0%	0.0315	1.2178647148333783	0.0325	1.2178647148333785	31.55	4417	1.906504127288682	1334.5528891020774
chr11	112280001	112300000	chr11	112280001	112585000	305000	20000	14.934426229508198	96.0%	0.042	1.2163123865056271	0.044	1.2163123865056273	14.934426229508198	3644	1.9423229765503118	1895.7072251131044
chr9	88980001	89005000	chr9	88595001	89005000	410000	25000	11.273170731707316	96.0%	0.05	1.21620772665067	0.055	1.2162077266506701	11.273170731707317	4622	2.5635413552680237	5255.259778299449
chr6	37670001	37695000	chr6	37290001	37695000	405000	25000	12.219753086419754	95.0%	0.031	1.2087554114135537	0.033	1.2087554114135535	12.219753086419754	4949	1.6378250372031335	3316.5957003363455
chr20	19770001	19795000	chr20	19770001	20080000	310000	25000	15.619354838709675	95.0%	0.0424999999999999	1.208493376244869	0.0455	1.208493376244869	15.619354838709677	4842	2.1167404235051652	3280.947656433006
chr6	57305001	57325000	chr6	56840001	57325000	485000	20000	8.86340206185567	96.0%	0.035	1.2072102219223777	0.035	1.2072102219223777	8.86340206185567	3439	2.0035254741380166	3109.471535862202
chr1	21360001	21380000	chr1	21210001	21380000	170000	20000	22.654411764705884	97.0%	0.032	1.2037852456369365	0.035	1.2037852456369365	22.654411764705884	3081	2.2439839335026215	1220.727259825426
chr3	98570001	98595000	chr3	98330001	98595000	265000	25000	17.554716981132074	97.0%	0.034	1.2015051816805498	0.037	1.2015051816805498	17.554716981132074	4652	1.6542898031731588	2191.9339892044354
chr2	119015001	119035000	chr2	119015001	119310000	295000	20000	16.29237288135593	96.0%	0.039	1.200850580820203	0.04	1.200850580820203	16.29237288135593	3845	1.885747163209263	1780.1453220695444
chr15	66945001	66965000	chr15	66945001	67435000	490000	20000	11.716836734693878	96.0%	0.031	1.1977156937951925	0.033	1.1977156937951923	11.716836734693878	4593	4.230823861873039	6633.931815416925
chr4	40705001	40725000	chr4	40435001	40725000	290000	20000	15.512931034482758	95.0%	0.0289999999999999	1.1908073738966385	0.031	1.1908073738966385	15.512931034482758	3599	1.5275013199691556	1417.5212249313763
chr12	123220001	123245000	chr12	122780001	123245000	465000	25000	10.43225806451613	96.0%	0.04	1.1896908247912048	0.044	1.1896908247912048	10.432258064516128	4851	1.732680560659725	4028.482303533861
chr3	124880001	124900000	chr3	124765001	124900000	135000	20000	32.52777777777778	98.0%	0.028	1.1892212852802733	0.03	1.1892212852802733	32.52777777777778	3513	2.060125577100791	889.9742493075416
chr9	90855001	90880000	chr9	90600001	90880000	280000	25000	15.5	96.0%	0.038	1.1879217381375022	0.0405	1.1879217381375022	15.5	4340	1.6254435098058102	2275.6209137281344
chr2	238350001	238375000	chr2	238350001	238570000	220000	25000	20.145454545454548	95.0%	0.0235	1.1841925597776752	0.025	1.1841925597776752	20.145454545454545	4432	1.4885090811996537	1637.3599893196192
chr5	65735001	65755000	chr5	65735001	66230000	495000	20000	11.262626262626265	97.0%	0.034	1.1829045622288237	0.037	1.1829045622288235	11.262626262626263	4460	2.500581885636525	3960.921706848256
chr7	27910001	27930000	chr7	27185001	27930000	745000	20000	7.934563758389261	96.0%	0.031	1.181661088162696	0.033	1.181661088162696	7.934563758389261	4729	2.9275397008280577	6979.254646774089
chr1	206480001	206500000	chr1	206480001	206685000	205000	20000	20.71951219512195	95.0%	0.031	1.1810866229499322	0.033	1.1810866229499322	20.71951219512195	3398	1.8090345993130748	1186.726697149377
chr7	93800001	93830000	chr7	93800001	94370000	570000	30000	13.494152046783626	96.0%	0.0415	1.1756253574197706	0.043	1.1756253574197706	13.494152046783626	9230	2.5530431846700257	10477.689229885786
chr7	77060001	77085000	chr7	77060001	77295000	235000	25000	11.429787234042552	98.0%	0.026	1.1714339124302744	0.026	1.1714339124302744	11.429787234042553	2686	0.909090801153937	1068.181691355876
chr14	105650001	105685000	chr14	105650001	106065000	415000	35000	13.590361445783133	95.0%	0.036	1.171266131011315	0.039	1.171266131011315	13.590361445783133	7896	2.6333966580314896	10710.024208214068
chr6	157740001	157760000	chr6	157740001	158140000	400000	20000	13.125	97.0%	0.037	1.1707138692760062	0.0395	1.1707138692760062	13.125	4200	2.029929964006217	2598.310353927958
chr5	99020001	99040000	chr5	98850001	99040000	190000	20000	24.894736842105264	98.0%	0.0295	1.1610726236944446	0.0305	1.1610726236944446	24.894736842105264	3784	2.577625580452099	1567.1963529148763
chr4	26065001	26085000	chr4	26065001	26335000	270000	20000	17.89814814814815	97.0%	0.0335	1.158647576463129	0.035	1.158647576463129	17.89814814814815	3866	2.10105356819483	1815.310282920333
chr18	50185001	50205000	chr18	49955001	50205000	250000	20000	17.075	96.0%	0.028	1.1570825039387609	0.0295	1.1570825039387607	17.075	3415	1.9890508323864906	1591.2406659091926
chr16	20845001	20865000	chr16	20845001	21095000	250000	20000	18.385	97.0%	0.0409999999999999	1.1568163895573291	0.045	1.1568163895573293	18.385	3677	3.491775494690527	2793.4203957524214
chr2	25110001	25130000	chr2	24960001	25130000	170000	20000	27.279411764705884	97.0%	0.028	1.1552806745666484	0.031	1.1552806745666484	27.279411764705884	3710	1.9654938892238596	1069.2286757377797
chr7	140320001	140340000	chr7	140020001	140340000	320000	20000	15.375	98.0%	0.032	1.1535972940644774	0.035	1.1535972940644774	15.375	3936	2.143232090573279	2194.6696607470376
chr2	71795001	71815000	chr2	71795001	72160000	365000	20000	20.133561643835616	96.0%	0.035	1.153252367903943	0.038	1.153252367903943	20.133561643835616	5879	2.306992233204166	2694.566928382466
chr9	4970001	4990000	chr9	4750001	4990000	240000	20000	17.958333333333332	96.0%	0.043	1.1524853441659857	0.0445	1.1524853441659857	17.958333333333332	3448	2.421102313307855	1859.4065766204326
chr8	40245001	40265000	chr8	40245001	41005000	760000	20000	7.404605263157895	95.0%	0.039	1.1453806194270777	0.042499999999999996	1.1453806194270777	7.404605263157895	4502	3.3640177478371784	8181.291162740018
chr13	24200001	24220000	chr13	24020001	24220000	200000	20000	23.75	97.0%	0.0325	1.141531103831302	0.035500000000000004	1.1415311038313019	23.75	3800	2.9348871591964127	1878.327781885704
chr2	188490001	188510000	chr2	187835001	188510000	675000	20000	8.892592592592592	95.0%	0.048	1.1404289436686377	0.049	1.1404289436686377	8.892592592592592	4802	2.411233600859041	5208.264577855529
chr11	1990001	2010000	chr11	1610001	2010000	400000	20000	14.5	95.0%	0.0345	1.1401906656860592	0.039	1.1401906656860592	14.5	4640	2.502760453588054	3203.5333805927094
chr1	202120001	202145000	chr1	201800001	202145000	345000	25000	13.3768115942029	97.0%	0.029	1.138396062357211	0.032	1.138396062357211	13.376811594202898	4615	2.1686951405937847	3740.9991175242785
chr6	138745001	138765000	chr6	138460001	138765000	305000	20000	16.815573770491802	95.0%	0.041	1.1381497714743225	0.043	1.1381497714743223	16.815573770491802	4103	1.9321147090789064	1885.7439560610126
chr2	25980001	26000000	chr2	25980001	26150000	170000	20000	25.897058823529413	99.0%	0.0285	1.137027283239489	0.0325	1.137027283239489	25.897058823529413	3522	2.0579198595937593	1119.508403619005
chr7	65720001	65740000	chr7	65720001	66075000	355000	20000	10.45774647887324	95.0%	0.038	1.1347761737854052	0.039	1.1347761737854052	10.45774647887324	2970	1.4705280880725589	1670.519908050427
chr7	2330001	2350000	chr7	2135001	2350000	215000	20000	18.656976744186046	96.0%	0.026	1.1329736274665103	0.028	1.1329736274665105	18.656976744186046	3209	1.3253401818912258	911.8340451411634
chr11	122195001	122215000	chr11	122010001	122215000	205000	20000	21.70731707317073	96.0%	0.031	1.1319902421814048	0.033	1.1319902421814048	21.70731707317073	3560	2.0622639393464017	1352.8451442112396
chr11	32775001	32800000	chr11	32310001	32800000	490000	25000	10.118367346938776	96.0%	0.0394999999999999	1.130949949467482	0.042499999999999996	1.130949949467482	10.118367346938776	4958	1.9093851029061402	4677.993502120044
chr17	42305001	42325000	chr17	42305001	42530000	225000	20000	19.27777777777778	95.0%	0.031	1.1305798842899992	0.034	1.1305798842899992	19.27777777777778	3470	2.1546604036348196	1551.3554906170702
chr2	43605001	43625000	chr2	43605001	43890000	285000	20000	23.74122807017544	98.0%	0.036	1.126505200626593	0.04	1.126505200626593	23.74122807017544	5413	2.0368936635147894	1857.6470211254878
chr9	71755001	71775000	chr9	71595001	71775000	180000	20000	23.381944444444443	97.0%	0.0335	1.1264639666753662	0.037	1.1264639666753662	23.381944444444443	3367	2.8233509850784535	1626.2501674051891
chr17	77075001	77105000	chr17	77075001	77245000	170000	30000	24.495098039215687	95.0%	0.038	1.125624559701382	0.0405	1.125624559701382	24.495098039215687	4997	2.0056821271516982	2454.954923633679
chr8	29700001	29730000	chr8	29360001	29730000	370000	30000	14.23198198198198	97.0%	0.0424999999999999	1.1227210125348608	0.0465	1.1227210125348608	14.231981981981981	6319	1.8565332551604263	4945.8045917473755
chr2	121705001	121725000	chr2	121360001	121725000	365000	20000	13.184931506849315	95.0%	0.041	1.1199370257715844	0.045	1.1199370257715844	13.184931506849315	3850	1.7155828230036472	2003.8007372682598
chr4	149880001	149900000	chr4	149305001	149900000	595000	20000	9.657563025210084	95.0%	0.047	1.119867421161591	0.049	1.1198674211615913	9.657563025210084	4597	2.1797434812433574	4150.231588287353
chr2	162110001	162135000	chr2	161580001	162135000	555000	25000	10.655855855855856	96.0%	0.047	1.1156092757787774	0.05	1.1156092757787774	10.655855855855856	5914	2.3321219262294486	6471.63834528672
chr14	104610001	104635000	chr14	104280001	104635000	355000	25000	12.985915492957748	96.0%	0.05	1.115573030308798	0.052	1.115573030308798	12.985915492957746	4610	1.6419270170660938	2914.4204552923165
chr6	142685001	142705000	chr6	142685001	143285000	600000	20000	9.89375	96.0%	0.0399999999999999	1.1150530728921149	0.041499999999999995	1.1150530728921149	9.89375	4749	2.850317615878336	5472.6098224864045
chr2	186755001	186785000	chr2	186540001	186785000	245000	30000	20.56802721088436	97.0%	0.037	1.1100719559394174	0.039	1.1100719559394174	20.568027210884352	6047	1.7655351768797598	3114.4040520158965
chr20	19680001	19700000	chr20	19680001	20050000	370000	20000	12.307432432432432	95.0%	0.0375	1.1098401744596058	0.041	1.1098401744596058	12.307432432432432	3643	2.0515807999938853	2429.0716671927603
chr4	169600001	169620000	chr4	169600001	170100000	500000	20000	9.7525	96.0%	0.038	1.1091967682761728	0.041499999999999995	1.1091967682761728	9.7525	3901	1.8776415722149642	3004.2265155439427
chr5	150415001	150440000	chr5	149920001	150440000	520000	25000	9.915384615384616	95.0%	0.038	1.1073102344574453	0.0415	1.1073102344574453	9.915384615384616	5156	1.5859255631093625	4123.406464084343
chr3	37845001	37865000	chr3	37845001	38125000	280000	20000	16.241071428571427	96.0%	0.039	1.1060344686290342	0.04	1.1060344686290342	16.241071428571427	3638	1.7755154509091007	1590.8618440145542
chr4	3970001	3995000	chr4	3970001	4195000	225000	25000	14.893333333333334	95.0%	0.023	1.100360642429219	0.024	1.100360642429219	14.893333333333333	3351	1.4685555481122092	1652.1249916262354
chr1	108310001	108345000	chr1	108310001	108600000	290000	35000	14.342857142857143	96.0%	0.042	1.0990571555150357	0.0435	1.0990571555150355	13.600985221674877	5522	0.9312291701192518	2646.5533014789135
chr10	72210001	72230000	chr10	71885001	72230000	345000	20000	12.978260869565217	95.0%	0.042	1.0987647074633426	0.046	1.0987647074633426	12.978260869565217	3582	1.863100172668233	2056.8625906257294
chr20	40965001	40980000	chr20	40965001	41230000	265000	15000	15.78616352201258	96.0%	0.029	1.0982624338711675	0.033	1.0982624338711675	15.786163522012579	2510	2.3503230856138426	1121.104111837803
chr20	50735001	50755000	chr20	50465001	50755000	290000	20000	14.35344827586207	95.0%	0.0395	1.0961111411541054	0.044	1.0961111411541054	14.35344827586207	3330	1.710343729071535	1587.1989805783846
chr14	106250001	106270000	chr14	105930001	106270000	340000	20000	19.306818181818183	95.0%	0.0405	1.0957983467661083	0.0435	1.0957983467661085	18.738970588235293	5097	2.301444534351351	2503.9716533742703
chr12	17775001	17800000	chr12	17775001	18015000	240000	25000	17.791666666666664	95.0%	0.0175	1.0945040255855076	0.0185	1.0945040255855076	17.791666666666668	4270	1.6140790594247099	1936.8948713096518
chr1	207060001	207080000	chr1	206685001	207080000	395000	20000	12.83860759493671	95.0%	0.031	1.0940572461335278	0.033	1.0940572461335278	12.83860759493671	4057	1.5410534056455987	1947.8915047360367
chr2	232595001	232620000	chr2	232595001	233110000	515000	25000	9.446601941747574	95.0%	0.037	1.0908943559377775	0.04	1.0908943559377777	9.446601941747574	4865	1.5466354922050614	3982.586392428033
chr9	91755001	91790000	chr9	91755001	92000000	245000	35000	18.816326530612248	96.0%	0.044	1.0900733527968145	0.046	1.0900733527968145	18.816326530612244	6454	1.924003891418325	4619.5333432953985
chr5	168195001	168225000	chr5	167985001	168225000	240000	30000	19.538194444444446	96.0%	0.0355	1.0897707736272937	0.0385	1.0897707736272935	19.538194444444443	5627	1.4759766850338787	2550.487711738542
chr4	189220001	189240000	chr4	189220001	189895000	675000	20000	9.325925925925926	95.0%	0.033	1.087703352741415	0.036	1.087703352741415	9.325925925925926	5036	1.9003043263887263	4104.657344999649
chr12	55055001	55075000	chr12	54680001	55075000	395000	20000	13.471518987341772	95.0%	0.041	1.085513314395218	0.045	1.085513314395218	13.471518987341772	4257	2.08472554452546	2635.0930882801813
chr4	26705001	26725000	chr4	26390001	26725000	335000	20000	14.00373134328358	95.0%	0.049	1.0809715382212586	0.05	1.0809715382212586	14.003731343283581	3753	1.924528057250142	2063.0940773721522
chr14	34085001	34105000	chr14	33850001	34105000	255000	20000	18.392156862745097	97.0%	0.034	1.0806453035122354	0.037	1.0806453035122354	18.392156862745097	3752	2.7777394508061364	2266.6353918578075
chr12	110585001	110610000	chr12	110330001	110610000	280000	25000	16.285714285714285	95.0%	0.038	1.077454041160971	0.04	1.077454041160971	16.285714285714285	4560	1.596491108645759	2235.0875521040625
chr1	203025001	203045000	chr1	203025001	203275000	250000	20000	17.55	97.0%	0.0475	1.0764483901705162	0.049	1.0764483901705162	17.55	3510	2.05208905844662	1641.671246757296
chr2	235090001	235110000	chr2	234870001	235110000	240000	20000	18.651041666666668	98.0%	0.026	1.0733281968743678	0.028	1.0733281968743678	18.651041666666668	3581	1.4447383885561633	1109.5590824111334
chr16	50650001	50670000	chr16	50215001	50670000	455000	20000	10.76923076923077	95.0%	0.039	1.073056062823908	0.044	1.073056062823908	10.76923076923077	3920	2.8870695617539885	4203.5732819138075
chr2	173395001	173420000	chr2	173395001	174085000	690000	25000	8.086956521739129	95.0%	0.05	1.0702887065073998	0.052	1.0702887065073998	8.08695652173913	5580	2.0947006579187546	7226.717269819704
chr4	54945001	54965000	chr4	54470001	54965000	495000	20000	10.744949494949497	96.0%	0.035	1.0696515370731174	0.038	1.0696515370731174	10.744949494949495	4255	1.788688495083331	2833.2825762119965
chr11	115330001	115350000	chr11	115330001	115740000	410000	20000	11.829268292682928	95.0%	0.046	1.0649042993701598	0.0485	1.0649042993701598	11.829268292682928	3880	2.152339273404519	2823.869126706729
chr2	620001	655000	chr2	85001	655000	570000	35000	9.01002506265664	95.0%	0.039	1.0629600082148802	0.041999999999999996	1.0629600082148802	9.010025062656641	7190	1.585800910097591	8858.283883805143
chr7	35610001	35630000	chr7	35415001	35630000	215000	20000	20.11046511627907	95.0%	0.031	1.0620121325919727	0.034	1.0620121325919727	20.11046511627907	3459	1.6606272555719617	1142.5115518335097
chr4	2755001	2780000	chr4	2755001	3040000	285000	25000	15.761403508771927	98.0%	0.034	1.0598918236820605	0.034	1.0598918236820605	15.761403508771929	4492	1.3679667134957145	1949.3525667313932
chr13	33715001	33735000	chr13	33240001	33735000	495000	20000	9.537878787878787	95.0%	0.041	1.0579364392548436	0.043	1.0579364392548436	9.537878787878787	3777	1.997594297316133	3164.1893669487545
chr5	44530001	44555000	chr5	44530001	44940000	410000	25000	12.519512195121951	95.0%	0.05	1.057492879841106	0.053	1.057492879841106	12.519512195121951	5133	1.9505797549234407	3998.6884975930534
chr17	75395001	75415000	chr17	75205001	75415000	210000	20000	19.892857142857142	95.0%	0.031	1.0556805100836542	0.0335	1.0556805100836542	19.892857142857142	3342	1.9991561620033278	1343.4329408662363
chr2	226970001	226995000	chr2	226555001	226995000	440000	25000	10.584090909090907	96.0%	0.03	1.0542516477442998	0.0315	1.0542516477442998	10.584090909090909	4657	1.4230063114374212	3130.6138851623264
chr3	17825001	17845000	chr3	17450001	17845000	395000	20000	12.74367088607595	95.0%	0.031	1.0468429956484815	0.033	1.0468429956484817	12.74367088607595	4027	2.054508649989554	2596.8989335867964
chr1	3610001	3635000	chr1	3435001	3635000	200000	25000	18.775	95.0%	0.0209999999999999	1.044784168254535	0.0225	1.0447841682545347	18.775	3755	1.6466157973075082	1646.6157973075083
chr2	227750001	227775000	chr2	227465001	227775000	310000	25000	15.729032258064516	96.0%	0.0315	1.0416652084137936	0.034	1.0416652084137936	15.729032258064516	4876	1.7572244690859564	2723.6979270832326
chr10	62035001	62055000	chr10	62035001	62250000	215000	20000	19.8546511627907	97.0%	0.033	1.0398908608565238	0.036	1.0398908608565238	19.8546511627907	3415	2.425083608294525	1668.457522506633
chr17	7730001	7750000	chr17	7730001	8000000	270000	20000	15.75	96.0%	0.0445	1.03771015346334	0.048	1.03771015346334	15.75	3402	1.8994099600127567	1641.0902054510218
chr2	28740001	28760000	chr2	28560001	28760000	200000	20000	24.7125	96.0%	0.0265	1.0373939883306156	0.0285	1.0373939883306156	24.7125	3954	2.228292502555574	1426.1072016355674
chr8	24875001	24905000	chr8	24875001	25075000	200000	30000	22.916666666666668	97.0%	0.028	1.0368239021849652	0.0315	1.0368239021849652	22.916666666666668	5500	1.8223951460227379	2624.2490102727425
chr14	39100001	39120000	chr14	39100001	39435000	335000	20000	13.559701492537313	97.0%	0.047	1.0346098997455069	0.052	1.0346098997455069	13.559701492537313	3634	2.7105315887584878	2905.689863149099
chr3	168145001	168175000	chr3	167835001	168175000	340000	30000	15.811274509803924	95.0%	0.0335	1.030874973088867	0.035	1.0308749730888673	15.811274509803921	6451	2.016594726677879	4936.623890907448
chr11	1110001	1135000	chr11	1110001	1530000	420000	25000	14.566666666666666	97.0%	0.0325	1.0234733184927414	0.0345	1.0234733184927414	14.566666666666666	6118	1.6793244598656263	3526.581365717815
chr5	114440001	114465000	chr5	113845001	114465000	620000	25000	8.993548387096775	95.0%	0.0409999999999999	1.019197835351523	0.0435	1.019197835351523	8.993548387096775	5576	2.4613917563815173	7630.3144447827035
chr10	113370001	113395000	chr10	112855001	113395000	540000	25000	9.796296296296296	95.0%	0.044	1.017295801372617	0.0455	1.017295801372617	9.796296296296296	5290	1.8856229533988769	5091.181974176968
chr13	28625001	28645000	chr13	28090001	28645000	555000	20000	9.20045045045045	95.0%	0.039	1.0167410623880633	0.041	1.0167410623880633	9.20045045045045	4085	2.726135889581852	4841.617339897369
chr2	170220001	170245000	chr2	170220001	170400000	180000	25000	25.633333333333333	98.0%	0.028	1.0151201465420174	0.029	1.0151201465420174	25.633333333333333	4614	1.7364137816319982	1562.7724034687983
chr2	42500001	42520000	chr2	42500001	42680000	180000	20000	36.97222222222222	98.0%	0.031	1.0109163848942362	0.035	1.0109163848942362	36.97222222222222	5324	2.7320466592489243	1573.6588757273803
chr9	89535001	89555000	chr9	89315001	89555000	240000	20000	18.45833333333333	96.0%	0.048	1.0083827701812735	0.0525	1.0083827701812735	18.458333333333332	3544	2.1554930846921305	1655.4186890435562
chr1	154870001	154890000	chr1	154520001	154890000	370000	20000	13.530405405405403	95.0%	0.047	1.0050884023524198	0.051500000000000004	1.0050884023524198	13.530405405405405	4005	2.6362961008137464	3121.3745833634757
chr2	95995001	96015000	chr2	95995001	96580000	585000	20000	6.25	95.0%	0.04	1.004425734863185	0.042	1.0044257348631853	6.1431623931623935	2875	1.0428561974811419	1952.2268016846976
chr2	170395001	170415000	chr2	170395001	170815000	420000	20000	13.836309523809524	97.0%	0.0235	1.003152782274998	0.027	1.003152782274998	13.836309523809524	4649	3.134046468730457	4212.158453973734
chr1	67555001	67575000	chr1	67555001	67770000	215000	20000	22.73837209302325	97.0%	0.03	1.000581498432132	0.034	1.000581498432132	22.738372093023255	3911	2.8735882936935293	1977.028746061148
chr17	10210001	10230000	chr17	9945001	10230000	285000	20000	15.614035087719298	95.0%	0.029	0.9979244199998804	0.029	0.9979244199998804	15.614035087719298	3560	2.502859789979863	2282.608128461635
chr5	174320001	174335000	chr5	174320001	174945000	625000	15000	8.317333333333334	95.0%	0.031	0.9978052445601528	0.034	0.9978052445601528	8.317333333333334	3119	2.4878216995422386	2798.7994119850187
chr8	66040001	66070000	chr8	66040001	66430000	390000	30000	12.662393162393164	97.0%	0.044	0.9946528737452588	0.046	0.9946528737452589	12.662393162393162	5926	2.0526163196505602	5763.746625578773
chr10	25060001	25085000	chr10	24615001	25085000	470000	25000	11.236170212765956	95.0%	0.03	0.984407028893426	0.032	0.9844070288934259	11.236170212765957	5281	2.4774273958485566	5821.954380244108
chr11	72465001	72490000	chr11	72465001	72690000	225000	25000	20.52	97.0%	0.034	0.9838223508278304	0.036	0.9838223508278305	20.52	4617	1.5421629000829278	1734.9332625932936
chr3	14455001	14480000	chr3	14190001	14480000	290000	25000	15.051724137931036	95.0%	0.0305	0.9827127762811316	0.0335	0.9827127762811315	15.051724137931034	4365	1.7265432422843947	2503.4877013123723
chr14	60165001	60190000	chr14	59580001	60190000	610000	25000	9.155737704918034	95.0%	0.039	0.9821049845186408	0.0405	0.9821049845186409	9.155737704918034	5585	3.138474243279056	9572.34644200112
chr14	99870001	99890000	chr14	99680001	99890000	210000	20000	21.732142857142858	97.0%	0.0395	0.9785431078672748	0.042499999999999996	0.9785431078672748	21.732142857142858	3651	2.4814761392181306	1667.5519655545838
chr11	118290001	118310000	chr11	118290001	118610000	320000	20000	16.578125	96.0%	0.047	0.9760446298855386	0.052	0.9760446298855386	16.578125	4244	2.186543902384292	2239.020956041515
chr9	133170001	133190000	chr9	133170001	133335000	165000	20000	24.848484848484848	98.0%	0.026	0.969257271620356	0.03	0.969257271620356	24.848484848484848	3280	2.2153055856852446	1169.6813492418091
chr7	135270001	135290000	chr7	135270001	135675000	405000	20000	12.012345679012345	97.0%	0.05	0.9683975201473902	0.052	0.9683975201473902	12.012345679012345	3892	1.969063485522262	2551.9062772368516
chr3	58310001	58340000	chr3	58310001	58600000	290000	30000	16.839080459770113	97.0%	0.037	0.9622203180486136	0.0375	0.9622203180486136	16.839080459770116	5860	1.610292867082153	3362.2915064675353
chr13	20935001	20955000	chr13	20935001	21195000	260000	20000	14.490384615384617	95.0%	0.0315	0.9560488505001656	0.0335	0.9560488505001656	14.490384615384615	3014	1.820722851454535	1514.8414124101732
chr6	10785001	10810000	chr6	10470001	10810000	340000	25000	13.655882352941177	99.0%	0.0345	0.953547170180726	0.038	0.9535471701807261	13.655882352941177	4643	2.0501446293208723	3485.2458698454825
chr1	182945001	182965000	chr1	182945001	183320000	375000	20000	12.856666666666667	95.0%	0.046	0.951903399618148	0.047	0.9519033996181481	12.856666666666667	3857	2.65016175241888	3180.1941029026557
chr3	15100001	15120000	chr3	15100001	15415000	315000	20000	15.063492063492063	98.0%	0.042	0.9497158357812256	0.045	0.9497158357812256	15.063492063492063	3796	1.6383664117244927	1651.4733430182887
chr8	2340001	2375000	chr8	2340001	2665000	325000	35000	11.79310344827586	98.0%	0.039	0.947886978309598	0.043	0.947886978309598	10.523076923076923	4788	0.6593241590019603	2099.9474464212435
chr5	103020001	103040000	chr5	102515001	103040000	525000	20000	10.947619047619048	95.0%	0.041	0.944691909149452	0.044	0.944691909149452	10.947619047619048	4598	2.547332179643859	4279.518061801683
chr7	74375001	74395000	chr7	74190001	74395000	205000	20000	19.567073170731707	96.0%	0.032	0.9441297442581128	0.035	0.9441297442581127	19.567073170731707	3209	1.543675871095608	1012.6513714387188
chr22	42160001	42185000	chr22	42160001	42480000	320000	25000	15.35	96.0%	0.033	0.942848979403165	0.037	0.942848979403165	15.35	4912	3.7593215443874923	6014.914471019988
chr14	23100001	23125000	chr14	23100001	23295000	195000	25000	23.67692307692308	96.0%	0.027	0.9420901390231298	0.031	0.9420901390231298	23.676923076923078	4617	2.0567010218933355	2005.2834963460023
chr17	1045001	1065000	chr17	1045001	1195000	150000	20000	24.758333333333333	98.0%	0.022	0.9362131421567212	0.025	0.9362131421567212	24.758333333333333	2971	1.5314202741630214	735.0817315982503
chr13	49285001	49310000	chr13	49285001	49620000	335000	25000	14.743283582089552	97.0%	0.043	0.935158497545769	0.044	0.935158497545769	14.743283582089552	4939	2.872975294036803	4812.233617511645
chr11	102600001	102620000	chr11	102300001	102620000	320000	20000	15.734375	98.0%	0.0125	0.9315482939030132	0.014	0.9315482939030132	15.734375	4028	2.928414395432907	2998.6963409232967
chr17	78695001	78720000	chr17	78495001	78720000	225000	25000	19.90222222222222	95.0%	0.033	0.927718266610374	0.034	0.9277182666103739	19.90222222222222	4478	2.2188713241940308	2496.230239718285
chr6	122710001	122735000	chr6	122505001	122735000	230000	25000	21.595652173913045	96.0%	0.0235	0.9255555302687796	0.026000000000000002	0.9255555302687796	21.595652173913045	4967	1.9237407194928742	2212.3018274168053
chr20	53525001	53550000	chr20	53145001	53550000	405000	25000	10.649382716049384	95.0%	0.049	0.924276767013608	0.054	0.924276767013608	10.649382716049383	4313	1.5495798401399385	3137.8991762833757
chr1	24190001	24210000	chr1	24190001	24415000	225000	20000	16.627777777777776	96.0%	0.032	0.920003299479564	0.033	0.9200032994795639	16.627777777777776	2993	2.7115135084363753	1952.2897260741902
chr3	167910001	167930000	chr3	167910001	168175000	265000	20000	19.40566037735849	97.0%	0.03	0.9167290202694948	0.034	0.9167290202694947	19.40566037735849	4114	2.3017537417442737	1951.8871729991442
chr15	92785001	92805000	chr15	92785001	93035000	250000	20000	15.785	97.0%	0.0375	0.9166505423088668	0.040499999999999994	0.9166505423088669	15.785	3157	2.2975340774298716	1838.0272619438974
chr6	34980001	35000000	chr6	34980001	35245000	265000	20000	18.40566037735849	96.0%	0.044	0.9128452596810728	0.048	0.9128452596810727	18.40566037735849	3902	1.8666188600624127	1582.892793332926
chr3	129230001	129250000	chr3	128970001	129250000	280000	20000	16.861607142857142	95.0%	0.0265	0.9107969711011168	0.028999999999999998	0.9107969711011167	16.861607142857142	3777	2.0072163073252014	1798.4658113633805
chr2	113360001	113385000	chr2	113175001	113385000	210000	25000	21.785714285714285	95.0%	0.03	0.9037712512089202	0.032	0.9037712512089202	21.785714285714285	4575	1.7574139866202774	1845.2846859512913
chr3	185345001	185365000	chr3	185345001	185580000	235000	20000	20.24468085106383	97.0%	0.032	0.8985585709201259	0.036	0.8985585709201259	20.24468085106383	3806	1.7505669335960603	1316.4263340642374
chr17	77325001	77345000	chr17	77325001	77510000	185000	20000	20.5472972972973	96.0%	0.035	0.8896754984725697	0.037	0.8896754984725697	20.5472972972973	3041	1.5804772690663045	935.6425432872522
chr17	2830001	2850000	chr17	2830001	3020000	190000	20000	19.94736842105263	95.0%	0.027	0.8882042707834692	0.031	0.8882042707834692	19.94736842105263	3032	2.149824002769396	1307.0929936837929
chr6	39295001	39315000	chr6	38975001	39315000	340000	20000	14.404411764705882	97.0%	0.0465	0.8876981533587913	0.0485	0.8876981533587913	14.404411764705882	3918	2.1434212863674236	2332.0423595677566
chr4	54830001	54850000	chr4	54375001	54850000	475000	20000	11.126315789473685	95.0%	0.042	0.8870885190931845	0.047	0.8870885190931845	11.126315789473685	4228	2.2506799682916068	3421.0335518032425
chr3	14910001	14935000	chr3	14625001	14935000	310000	25000	15.50967741935484	96.0%	0.0335	0.8842912090934189	0.0365	0.8842912090934189	15.509677419354839	4808	1.7906580156128715	2775.5199241999508
chr7	87780001	87805000	chr7	87780001	88170000	390000	25000	12.753846153846151	95.0%	0.038	0.884076748175196	0.041999999999999996	0.884076748175196	12.753846153846155	4974	2.138402203724964	4169.88429726368
chr12	103870001	103890000	chr12	103870001	104115000	245000	20000	19.709183673469383	97.0%	0.042	0.881307343945408	0.044	0.881307343945408	19.709183673469386	3863	1.8411214814501224	1443.439241456896
chr5	59355001	59375000	chr5	58930001	59375000	445000	20000	11.910112359550562	97.0%	0.037	0.8734183216460871	0.04	0.8734183216460871	11.910112359550562	4240	2.0730454644162797	2952.0167413287822
chr10	34805001	34825000	chr10	34660001	34825000	165000	20000	24.24242424242424	98.0%	0.037	0.8686755838998832	0.039	0.8686755838998832	24.242424242424242	3200	1.7149386359942136	905.4875998049448
chr1	108880001	108910000	chr1	108690001	108910000	220000	30000	22.37878787878788	96.0%	0.0345	0.8682633740313014	0.036000000000000004	0.8682633740313014	22.37878787878788	5908	2.149297682402642	3404.487528925785
chr1	17495001	17515000	chr1	17495001	17720000	225000	20000	18.78333333333333	97.0%	0.036	0.8672906748936661	0.04	0.8672906748936661	18.783333333333335	3381	1.8799670095623677	1353.5762468849048
chr5	128180001	128200000	chr5	127760001	128200000	440000	20000	13.744318181818182	96.0%	0.0295	0.8658475025761964	0.032	0.8658475025761964	13.744318181818182	4838	2.3850115792934523	3358.096303645181
chr9	126295001	126315000	chr9	126295001	126495000	200000	20000	23.60625	97.0%	0.031	0.8642139217611512	0.034	0.8642139217611512	23.60625	3777	2.501210206076153	1600.774531888738
chr2	16465001	16485000	chr2	16240001	16485000	245000	20000	20.448979591836736	96.0%	0.041	0.8588598199796638	0.044	0.8588598199796638	20.448979591836736	4008	1.7712157402227455	1388.6331403346326
chr12	52145001	52165000	chr12	52145001	52385000	240000	20000	16.604166666666668	98.0%	0.048	0.8576131557413214	0.051000000000000004	0.8576131557413214	16.604166666666668	3188	2.108120047539467	1619.0361965103107
chr7	75855001	75880000	chr7	75855001	76050000	195000	25000	21.297435897435896	96.0%	0.032	0.8544604282843077	0.035	0.8544604282843077	21.297435897435896	4153	1.788413125929341	1743.7027977811074
chr12	45155001	45175000	chr12	45155001	45725000	570000	20000	9.418859649122806	95.0%	0.034	0.8528657735997774	0.036000000000000004	0.8528657735997774	9.418859649122806	4295	2.525567671180859	4606.635432233887
chr20	8040001	8060000	chr20	8040001	8325000	285000	20000	16.140350877192983	95.0%	0.044	0.8508863972169701	0.048	0.8508863972169701	16.140350877192983	3680	2.5397767803647167	2316.2764236926214
chr3	130090001	130115000	chr3	129935001	130115000	180000	25000	17.511111111111113	98.0%	0.0225	0.8498274499127947	0.024	0.8498274499127947	17.511111111111113	3152	1.0598348392452517	953.8513553207265
chr8	30355001	30385000	chr8	30175001	30385000	210000	30000	21.02777777777778	96.0%	0.0455	0.847456049870245	0.047	0.847456049870245	21.02777777777778	5299	1.9029352131784034	2877.238042325746
chr6	30005001	30020000	chr6	29735001	30020000	285000	15000	18.71345029239766	96.0%	0.04	0.8450032191407442	0.043	0.8450032191407442	18.71345029239766	3200	2.814569531903012	1443.8741698662452
chr4	52010001	52035000	chr4	51820001	52035000	215000	25000	19.079069767441855	97.0%	0.035	0.8447068194513898	0.036	0.8447068194513898	19.07906976744186	4102	1.8563924210895792	1995.6218526712978
chr17	51755001	51780000	chr17	51755001	52000000	245000	25000	18.489795918367346	96.0%	0.034	0.8443149889014296	0.038	0.8443149889014296	18.489795918367346	4530	2.117165215411902	2593.52738887958
chr8	127395001	127415000	chr8	127395001	127735000	340000	20000	14.161764705882351	97.0%	0.0455	0.8434840122296379	0.0485	0.8434840122296379	14.161764705882353	3852	2.0707279285754487	2252.9519862900884
chr4	156660001	156680000	chr4	155985001	156680000	695000	20000	7.93705035971223	96.0%	0.048	0.8422374336585758	0.047	0.8422374336585758	7.93705035971223	4413	2.455302236194595	5460.592173296779
chr7	45115001	45145000	chr7	44830001	45145000	315000	30000	13.78042328042328	98.0%	0.042	0.8347103375241939	0.046	0.8347103375241939	13.78042328042328	5209	1.3236656926776207	3002.073790992844
chr10	88815001	88840000	chr10	88815001	89080000	265000	25000	19.5622641509434	97.0%	0.037	0.8343183162304041	0.039	0.8343183162304041	19.562264150943395	5184	1.924185974254756	2549.5464158875516
chr12	69555001	69575000	chr12	69345001	69575000	230000	20000	20.95108695652174	97.0%	0.0419999999999999	0.8334482488904332	0.043	0.8334482488904332	20.95108695652174	3855	2.135758293891467	1571.9181043041199
chr6	41660001	41685000	chr6	41355001	41685000	330000	25000	14.515151515151516	97.0%	0.0424999999999999	0.8332553691277996	0.0455	0.8332553691277996	14.515151515151516	4790	1.8287812873569205	3017.4891241389187
chr12	26990001	27010000	chr12	26845001	27010000	165000	20000	26.704545454545453	97.0%	0.04	0.8320355421025449	0.042	0.8320355421025449	26.704545454545453	3525	1.6740386005543362	883.8923810926894
chr3	112960001	112980000	chr3	112585001	112980000	395000	20000	13.778481012658228	96.0%	0.029	0.8284882253849176	0.031	0.8284882253849176	13.778481012658228	4354	2.433720077831963	3076.2221783796017
chr4	15475001	15495000	chr4	15475001	15995000	520000	20000	10.447115384615383	96.0%	0.0445	0.8273897840996174	0.0455	0.8273897840996174	10.447115384615385	4346	1.9582370618038771	3258.5064708416517
chr19	48640001	48675000	chr19	48640001	48865000	225000	35000	18.507936507936503	96.0%	0.032	0.8270206485571839	0.035	0.8270206485571839	18.50793650793651	5830	1.5944378373926205	3515.7354314507284
chr2	120335001	120350000	chr2	120335001	120685000	350000	15000	12.376190476190477	96.0%	0.0335	0.8244611843348717	0.035	0.8244611843348717	12.376190476190477	2599	1.9626409354213596	1236.4637893154566
chr15	29130001	29150000	chr15	29130001	29345000	215000	20000	19.302325581395348	96.0%	0.04	0.8229196487778677	0.043	0.8229196487778677	19.302325581395348	3320	2.0986288207676806	1443.8566286881642
chr4	75280001	75300000	chr4	74870001	75300000	430000	20000	11.732558139534884	96.0%	0.043	0.8205177159350879	0.046	0.8205177159350879	11.732558139534884	4036	2.667402064362382	3670.3452405626376
chr4	159940001	159960000	chr4	159940001	160490000	550000	20000	9.604545454545455	95.0%	0.049	0.8177225761400599	0.052	0.8177225761400599	9.604545454545455	4226	2.503096858224839	4405.450470475716
chr3	107410001	107430000	chr3	107215001	107430000	215000	20000	20.33139534883721	98.0%	0.037	0.8099729555124282	0.039	0.8099729555124282	20.33139534883721	3497	1.9627049845965296	1350.3410294024125
chr18	3285001	3300000	chr18	3285001	3875000	590000	15000	9.33898305084746	95.0%	0.031	0.8081636188503282	0.0345	0.8081636188503282	9.338983050847459	3306	2.9292590507613703	3110.873111908575
chr6	105390001	105415000	chr6	105075001	105415000	340000	25000	14.952941176470588	96.0%	0.038	0.8046906762948183	0.0405	0.8046906762948183	14.952941176470588	5084	2.16378307169935	3678.4312218888954
chr8	17685001	17705000	chr8	17495001	17705000	210000	20000	22.214285714285715	96.0%	0.0385	0.7821565062652018	0.040999999999999995	0.7821565062652018	22.214285714285715	3732	1.7208116475781796	1156.3854271725368
chr14	51965001	51985000	chr14	51775001	51985000	210000	20000	21.553571428571427	95.0%	0.031	0.7799133955260698	0.0335	0.7799133955260698	21.553571428571427	3621	2.2241613573404204	1494.6364321327626
chr16	50015001	50035000	chr16	50015001	50385000	370000	20000	11.24662162162162	95.0%	0.049	0.7603954514036932	0.0505	0.7603954514036932	11.246621621621621	3329	2.4024510524951843	2844.502046154298
chr7	78015001	78035000	chr7	78015001	78250000	235000	20000	18.77659574468085	96.0%	0.044	0.7564166663926614	0.046	0.7564166663926614	18.77659574468085	3530	2.0349290782698684	1530.2666668589409
chr17	7855001	7875000	chr17	7855001	8055000	200000	20000	22.85625	96.0%	0.045	0.7499362791497485	0.049	0.7499362791497485	22.85625	3657	2.2924158371245347	1467.1461357597022
chr10	79180001	79210000	chr10	78655001	79210000	555000	30000	8.034534534534535	96.0%	0.043	0.7479963348979187	0.044	0.7479963348979187	8.034534534534535	5351	1.6210309555363605	6477.639698323296
chr1	103560001	103585000	chr1	103330001	103585000	255000	25000	19.988235294117647	96.0%	0.047	0.7473381180399525	0.049	0.7473381180399525	19.988235294117647	5097	1.1995313523042854	1529.402474187964
chr5	136055001	136070000	chr5	135910001	136070000	160000	15000	27.447916666666668	98.0%	0.0325	0.7423834857156094	0.035	0.7423834857156094	27.447916666666668	2635	2.410218609720038	694.1429595993709
chr2	30195001	30215000	chr2	30195001	30660000	465000	20000	10.46236559139785	96.0%	0.039	0.7379606682843111	0.043	0.7379606682843111	10.46236559139785	3892	1.8956826858856275	2820.775836597814
chr12	14505001	14525000	chr12	14505001	14715000	210000	20000	21.48809523809524	97.0%	0.0404999999999999	0.7371835694566468	0.045	0.7371835694566468	21.488095238095237	3610	1.7486143243529975	1175.0688259652143
chr6	109700001	109720000	chr6	109700001	110025000	325000	20000	13.81153846153846	95.0%	0.035	0.7293449512152017	0.039	0.7293449512152017	13.811538461538461	3591	1.9351763075118955	2012.5833598123713
chr15	39555001	39580000	chr15	39045001	39580000	535000	25000	10.4803738317757	95.0%	0.038	0.7283031541062283	0.041	0.7283031541062283	10.480373831775701	5607	3.3247394249452986	8893.677961728674
chr2	127190001	127210000	chr2	127190001	127495000	305000	20000	14.790983606557376	97.0%	0.047	0.7271555319961084	0.049	0.7271555319961084	14.790983606557377	3609	1.7299453544550591	1688.4266659481377
chr13	95370001	95390000	chr13	95230001	95390000	160000	20000	26.015625	96.0%	0.038	0.7209396746936503	0.040999999999999995	0.7209396746936503	26.015625	3330	1.8219160239939889	932.8210042849223
chr1	12100001	12125000	chr1	12100001	12310000	210000	25000	19.704761904761902	95.0%	0.0245	0.7132003699946085	0.025500000000000002	0.7132003699946085	19.704761904761906	4138	1.7422760052057047	1829.3898054659899
chr8	123820001	123840000	chr8	123820001	124040000	220000	20000	22.738636363636363	97.0%	0.032	0.7127826560730463	0.036000000000000004	0.7127826560730463	22.738636363636363	4002	2.233415289570255	1572.3243638574595
chr11	67845001	67865000	chr11	67845001	67995000	150000	20000	21.0	98.0%	0.031	0.7071664681189017	0.034	0.7071664681189017	21.0	2520	1.3324978114543973	639.5989494981106
chr11	129375001	129395000	chr11	129375001	129700000	325000	20000	15.642307692307693	96.0%	0.05	0.7047198158253208	0.054	0.7047198158253208	15.642307692307693	4067	2.302479969256948	2394.579168027226
chr3	45825001	45845000	chr3	45670001	45845000	175000	20000	26.392857142857142	97.0%	0.033	0.6996240096214243	0.037	0.6996240096214243	26.392857142857142	3695	1.9486133384038555	1091.223469506159
chr17	16985001	17005000	chr17	16985001	17340000	355000	20000	11.348591549295774	95.0%	0.038	0.6912648106177725	0.04	0.6912648106177725	11.348591549295774	3223	1.9785016629530792	2247.577889114698
chr11	107885001	107905000	chr11	107730001	107905000	175000	20000	23.485714285714284	98.0%	0.044	0.684669412767759	0.046	0.684669412767759	23.485714285714284	3288	1.6022687061041128	897.2704754183031
chr9	111755001	111775000	chr9	111755001	112010000	255000	20000	16.21078431372549	97.0%	0.044	0.6818251416705279	0.05	0.6818251416705279	16.21078431372549	3307	2.233030845808072	1822.1531701793865
chr6	136530001	136550000	chr6	136245001	136550000	305000	20000	16.692622950819672	95.0%	0.037	0.6796086845059426	0.041	0.6796086845059426	16.692622950819672	4073	1.6945005649075873	1653.8325513498053
chr7	73710001	73730000	chr7	73555001	73730000	175000	20000	21.3	96.0%	0.03	0.6733253112927001	0.033	0.6733253112927001	21.3	2982	1.50059809735538	840.3349345190129
chr17	19750001	19770000	chr17	19350001	19770000	420000	20000	11.232142857142858	95.0%	0.0305	0.6686651343138469	0.0325	0.6686651343138469	11.232142857142858	3774	3.053546377377364	4103.966331195177
chr12	93960001	93980000	chr12	93745001	93980000	235000	20000	21.04787234042553	96.0%	0.033	0.6552418858286921	0.036	0.6552418858286921	21.04787234042553	3957	2.1081220535241703	1585.3077842501762
chr6	149715001	149735000	chr6	149715001	149930000	215000	20000	20.37209302325581	97.0%	0.03	0.6540696989443057	0.034	0.6540696989443057	20.372093023255815	3504	1.6600035805679236	1142.0824634307314
chr11	27175001	27200000	chr11	27175001	27430000	255000	25000	17.894117647058824	97.0%	0.042	0.6495868724347825	0.044	0.6495868724347825	17.894117647058824	4563	1.6980817606835876	2165.054244871574
chr1	5735001	5755000	chr1	5485001	5755000	270000	20000	15.449074074074074	95.0%	0.048	0.6495523551932245	0.051500000000000004	0.6495523551932245	15.449074074074074	3337	1.7806775851839407	1538.5054335989248
chr16	66395001	66415000	chr16	66395001	66605000	210000	20000	18.97023809523809	97.0%	0.032	0.6468208773827516	0.035	0.6468208773827516	18.970238095238095	3187	2.2204868311187056	1492.1671505117702
chr3	47975001	47995000	chr3	47820001	47995000	175000	20000	25.12857142857143	98.0%	0.05	0.6365587629967884	0.052	0.6365587629967884	25.12857142857143	3518	1.6699664148249167	935.1811923019534
chr14	31340001	31360000	chr14	30845001	31360000	515000	20000	9.648058252427184	97.0%	0.047	0.629695536636849	0.049	0.629695536636849	9.648058252427184	3975	2.8813711360788288	4748.49963225791
chr5	119390001	119415000	chr5	118995001	119415000	420000	25000	13.08095238095238	96.0%	0.0385	0.6264369409966711	0.0435	0.6264369409966711	13.08095238095238	5494	2.5054728001001125	5261.492880210236
chr2	157985001	158005000	chr2	157515001	158005000	490000	20000	11.517857142857142	95.0%	0.035	0.6208894995899884	0.038	0.6208894995899884	11.517857142857142	4515	2.015079753253339	3159.6450531012356
chr14	24080001	24105000	chr14	23970001	24105000	135000	25000	29.85185185185185	95.0%	0.038	0.6137980222670357	0.044	0.6137980222670357	29.85185185185185	4030	1.7532016550863436	1183.411117183282
chr7	116800001	116820000	chr7	116175001	116820000	645000	20000	8.720930232558139	97.0%	0.029	0.6118414127639324	0.032	0.6118414127639324	8.720930232558139	4500	2.8732442097376105	5930.376048898428
chr15	68720001	68740000	chr15	68720001	68930000	210000	20000	21.422619047619047	95.0%	0.0375	0.6107593415483897	0.0405	0.6107593415483897	21.422619047619047	3599	2.8772532137323172	1933.514159628117
chr2	105220001	105245000	chr2	105075001	105245000	170000	25000	25.58235294117647	96.0%	0.034	0.6034611451890356	0.038	0.6034611451890356	25.58235294117647	4349	1.57165006813426	1335.902557914121
chr1	17120001	17140000	chr1	17120001	17280000	160000	20000	26.765625	97.0%	0.028	0.5970204191323395	0.032	0.5970204191323395	26.765625	3426	2.283022821253062	1168.9076844815677
chr1	153495001	153515000	chr1	153495001	153815000	320000	20000	13.75390625	97.0%	0.03	0.5968787825460858	0.0315	0.5968787825460858	13.75390625	3521	1.6113975040165327	1650.0710441129295
chr18	41745001	41765000	chr18	41745001	41915000	170000	20000	24.948529411764707	96.0%	0.0385	0.5906617603341003	0.042	0.5906617603341003	24.948529411764707	3393	2.124868476118765	1155.9284510086081
chr3	19875001	19895000	chr3	19875001	20275000	400000	20000	11.378125	96.0%	0.0315	0.586284313966211	0.0345	0.586284313966211	11.378125	3641	1.6570603185670216	2121.0372077657876
chr2	237555001	237580000	chr2	237315001	237580000	265000	25000	16.958490566037735	96.0%	0.049	0.583689115964796	0.052	0.583689115964796	16.958490566037735	4494	1.2789333876390432	1694.5867386217324
chr8	12855001	12880000	chr8	12855001	13035000	180000	25000	25.20555555555556	97.0%	0.035	0.5816995888265672	0.038	0.5816995888265672	25.205555555555556	4537	1.8938732618734795	1704.4859356861316
chr3	69395001	69425000	chr3	68945001	69425000	480000	30000	11.328125	95.0%	0.0419999999999999	0.575355042277324	0.044	0.575355042277324	11.328125	6525	1.8032792629552026	6232.1331327731805
chr1	64810001	64830000	chr1	64665001	64830000	165000	20000	24.24242424242424	95.0%	0.036	0.5752896465365932	0.037	0.5752896465365932	24.242424242424242	3200	1.6264950824275954	858.7894035217704
chr2	162285001	162305000	chr2	161850001	162305000	455000	20000	11.535714285714286	95.0%	0.049	0.5623138487935088	0.052	0.5623138487935088	11.535714285714286	4199	1.7309636597524656	2520.28308859959
chr8	122455001	122475000	chr8	122455001	122645000	190000	20000	22.532894736842103	96.0%	0.05	0.5623001369381668	0.055	0.5623001369381668	22.532894736842106	3425	1.8924868460969502	1150.6320024269457
chr1	151435001	151460000	chr1	151435001	151745000	310000	25000	14.558064516129033	97.0%	0.043	0.56148572065408	0.0445	0.56148572065408	14.558064516129033	4513	2.2807768008848694	3535.2040413715476
chr17	58435001	58455000	chr17	58175001	58455000	280000	20000	17.71875	97.0%	0.0325	0.5589962253776766	0.035500000000000004	0.5589962253776766	17.71875	3969	2.79975777584028	2508.582967152891
chr11	113275001	113295000	chr11	112780001	113295000	515000	20000	9.067961165048544	95.0%	0.047	0.557588634595297	0.046	0.557588634595297	9.067961165048544	3736	1.7281778544715862	2848.037104169174
chr7	76170001	76190000	chr7	76170001	76345000	175000	20000	23.87142857142857	97.0%	0.016	0.550171102597155	0.017	0.550171102597155	23.87142857142857	3342	1.7015276332389646	952.8554746138202
chr5	32055001	32080000	chr5	31580001	32080000	500000	25000	10.448	95.0%	0.0385	0.549396184908319	0.04	0.549396184908319	10.448	5224	2.1802661702451704	5450.665425612926
chr6	70675001	70695000	chr6	70205001	70695000	490000	20000	10.073979591836734	96.0%	0.035	0.5396461132536615	0.0375	0.5396461132536615	10.073979591836734	3949	2.0078967858033274	3148.382160139617
chr1	54480001	54500000	chr1	54065001	54500000	435000	20000	10.485632183908049	98.0%	0.038	0.526507960129796	0.039	0.526507960129796	10.485632183908047	3649	2.196303135662607	3057.253964842349
chr7	36975001	37000000	chr7	36975001	37190000	215000	25000	22.6093023255814	97.0%	0.035	0.5226306053387927	0.037	0.5226306053387927	22.609302325581396	4861	2.3065346617547555	2479.524761386362
chr16	53040001	53065000	chr16	53040001	53290000	250000	25000	16.232	96.0%	0.046	0.522153257373893	0.0495	0.522153257373893	16.232	4058	1.9863288853801655	2482.911106725207
chr5	77005001	77025000	chr5	76615001	77025000	410000	20000	11.704268292682928	95.0%	0.0495	0.5212869088284953	0.052	0.5212869088284953	11.704268292682928	3839	1.6826763461427388	2207.6713661392732
chr4	153345001	153360000	chr4	153345001	153650000	305000	15000	17.120218579234972	97.0%	0.03	0.5129398182494372	0.034	0.5129398182494372	17.120218579234972	3133	2.4248596990306606	1331.2479747678326
chr2	48570001	48595000	chr2	48415001	48595000	180000	25000	34.65	97.0%	0.036	0.5053259209069808	0.0405	0.5053259209069808	34.65	6237	1.574859086843774	1417.3731781593965
chr13	29685001	29715000	chr13	29480001	29715000	235000	30000	18.93617021276596	96.0%	0.036	0.5035823679059983	0.038	0.5035823679059983	18.93617021276596	5340	1.9267236533178689	3260.016421413834
chr2	62795001	62810000	chr2	62795001	63435000	640000	15000	11.799479166666666	96.0%	0.0335	0.4948424776619123	0.036500000000000005	0.4948424776619123	11.799479166666666	4531	2.4773196096411128	2853.872190306562
chr1	41255001	41275000	chr1	41255001	41580000	325000	20000	15.11923076923077	95.0%	0.036	0.4941000791796866	0.037	0.4941000791796866	15.11923076923077	3931	1.950585059583379	2028.608461966714
chr9	755001	775000	chr9	340001	775000	435000	20000	11.994252873563218	96.0%	0.034	0.4940320125575859	0.036	0.49403201255758594	11.994252873563218	4174	3.4959260307218885	4866.329034764869
chr7	25085001	25105000	chr7	24655001	25105000	450000	20000	10.741666666666667	95.0%	0.0475	0.4923658051064812	0.0495	0.49236580510648126	10.741666666666667	3867	2.4495124603603755	3527.297942918941
chr17	32770001	32790000	chr17	32770001	32940000	170000	20000	24.235294117647054	98.0%	0.026	0.4847951620740043	0.03	0.4847951620740043	24.235294117647058	3296	2.5336935972089965	1378.329316881694
chr2	232420001	232445000	chr2	232320001	232445000	125000	25000	28.128	98.0%	0.032	0.4762640328533714	0.036	0.4762640328533714	28.128	3516	1.1496305890977887	718.5191181861179
chr5	126660001	126685000	chr5	126660001	126820000	160000	25000	25.2625	99.0%	0.027	0.4754456342742066	0.028999999999999998	0.47544563427420666	25.2625	4042	1.6376892314561429	1310.1513851649142
chr18	50805001	50825000	chr18	50805001	51055000	250000	20000	17.245	97.0%	0.0355	0.471946698598747	0.0385	0.47194669859874705	17.245	3449	2.0176815203242495	1614.1452162593996
chr6	32570001	32590000	chr6	32570001	32795000	225000	20000	15.838888888888889	96.0%	0.027	0.4665242350992576	0.031	0.4665242350992576	15.838888888888889	2851	1.4328500948821954	1031.6520683151807
chr7	21265001	21290000	chr7	21265001	21460000	195000	25000	23.702564102564104	96.0%	0.049	0.4619789832619942	0.054	0.46197898326199427	23.702564102564104	4622	1.7684798084874955	1724.267813275308
chr11	61615001	61640000	chr11	61445001	61640000	195000	25000	21.466666666666665	95.0%	0.043	0.4599476430820254	0.047	0.4599476430820254	21.466666666666665	4186	1.7315232802635936	1688.2351982570037
chr4	47690001	47710000	chr4	47690001	47940000	250000	20000	19.26	96.0%	0.049	0.4566156541769976	0.053500000000000006	0.4566156541769976	19.26	3852	2.2971576451156106	1837.7261160924884
chr11	100915001	100935000	chr11	100560001	100935000	375000	20000	13.393333333333333	95.0%	0.046	0.4551595195829176	0.047	0.45515951958291767	13.393333333333333	4018	2.8263491627998794	3391.618995359855
chr8	37700001	37735000	chr8	36990001	37735000	745000	35000	7.906040268456375	95.0%	0.03	0.4539322285780985	0.031	0.45393222857809856	7.906040268456376	8246	2.7493110355972976	20072.71987089587
chr16	57080001	57100000	chr16	57080001	57305000	225000	20000	19.02777777777778	95.0%	0.03	0.4536045938505653	0.033	0.45360459385056534	19.02777777777778	3425	1.8111410705326483	1304.0215707835068
chr7	5985001	6005000	chr7	5985001	6355000	370000	20000	10.986486486486486	97.0%	0.0385	0.4521116681208339	0.04	0.4521116681208339	10.986486486486486	3252	1.7876751496509355	2116.6073771867077
chr8	119495001	119515000	chr8	119495001	119825000	330000	20000	15.344696969696969	96.0%	0.0385	0.4458309046059935	0.039	0.4458309046059935	15.344696969696969	4051	2.242626225067987	2368.2132936717944
chr1	44205001	44230000	chr1	44205001	44655000	450000	25000	11.126666666666669	95.0%	0.0385	0.4438558710703125	0.041	0.44385587107031255	11.126666666666667	5007	2.342718700832254	5271.1170768725715
chr7	139635001	139655000	chr7	139635001	140010000	375000	20000	14.266666666666667	96.0%	0.047	0.4437665377609702	0.047	0.4437665377609702	14.266666666666667	4280	2.7399149839751558	3287.897980770187
chr2	237150001	237170000	chr2	237150001	237530000	380000	20000	14.328947368421051	96.0%	0.0445	0.4429688051565369	0.0475	0.4429688051565369	14.328947368421053	4356	2.597205916199422	3158.202394098497
chr4	169010001	169030000	chr4	169010001	169490000	480000	20000	11.96875	97.0%	0.038	0.435463252065604	0.039	0.43546325206560405	11.96875	4596	2.832097093976863	4350.101136348461
chr17	74365001	74400000	chr17	74365001	74650000	285000	35000	16.859649122807017	96.0%	0.05	0.4321786577007838	0.054	0.4321786577007838	16.859649122807017	6727	1.9953228542828976	5572.936732012133
chr18	58520001	58540000	chr18	58520001	58755000	235000	20000	18.420212765957448	95.0%	0.036	0.4219763224674072	0.037	0.4219763224674072	18.420212765957448	3463	2.1206745020719064	1594.7472255580738
chr6	30720001	30745000	chr6	30460001	30745000	285000	25000	14.32280701754386	96.0%	0.034	0.4195632216502852	0.037	0.41956322165028526	14.322807017543859	4082	1.2192089839417815	1737.3728021170386
chr7	28005001	28025000	chr7	27580001	28025000	445000	20000	11.595505617977528	96.0%	0.037	0.4188876765924638	0.04	0.41888767659246384	11.595505617977528	4128	1.9866224915232111	2828.9504279290527
chr8	133425001	133450000	chr8	133210001	133450000	240000	25000	20.04583333333333	97.0%	0.036	0.4188067834059021	0.038	0.4188067834059021	20.045833333333334	4811	2.095708283614635	2514.849940337562
chr6	52220001	52240000	chr6	52050001	52240000	190000	20000	25.125	98.0%	0.0255	0.4119962052781553	0.027999999999999997	0.4119962052781553	25.125	3819	2.032291013753421	1235.6329363620798
chr3	63655001	63675000	chr3	63655001	63825000	170000	20000	26.875	98.0%	0.0375	0.4101596276428941	0.042499999999999996	0.41015962764289415	26.875	3655	1.7972847217138948	977.7228886123587
chr6	166370001	166405000	chr6	166145001	166405000	260000	35000	17.813186813186814	96.0%	0.0455	0.3934169991169041	0.0475	0.3934169991169041	17.813186813186814	6484	1.6405477671360882	4180.1157106627525
chr15	53800001	53820000	chr15	53800001	54350000	550000	20000	9.047727272727272	96.0%	0.0345	0.3916829281665747	0.0385	0.3916829281665747	9.047727272727272	3981	3.2332844481106835	5690.580628674803
chr4	7070001	7090000	chr4	6635001	7090000	455000	20000	9.521978021978022	97.0%	0.042	0.3912376729842972	0.043	0.39123767298429724	9.521978021978022	3466	1.5167119684682193	2208.3326260897275
chr10	21075001	21095000	chr10	21075001	21270000	195000	20000	22.192307692307693	97.0%	0.03	0.3864527149020383	0.034	0.38645271490203836	22.192307692307693	3462	2.1828820752061935	1362.1184149286646
chr11	94320001	94340000	chr11	94320001	94505000	185000	20000	24.12837837837838	97.0%	0.029	0.3837769599968473	0.032	0.38377695999684736	24.12837837837838	3571	2.2906289760458787	1356.05235381916
chr8	30650001	30670000	chr8	30650001	30925000	275000	20000	16.12272727272727	96.0%	0.045	0.3774650626479098	0.051	0.37746506264790985	16.12272727272727	3547	1.803519211819025	1587.096906400742
chr9	126955001	126975000	chr9	126955001	127200000	245000	20000	19.275510204081638	97.0%	0.036	0.3762854257918359	0.038	0.3762854257918359	19.275510204081634	3778	2.9091607447373726	2280.7820238741
chr12	32905001	32925000	chr12	32755001	32925000	170000	20000	24.794117647058822	97.0%	0.037	0.3755143428397681	0.040999999999999995	0.37551434283976814	24.794117647058822	3372	1.8965590230983025	1031.7281085654765
chr9	131730001	131750000	chr9	131495001	131750000	255000	20000	14.97549019607843	95.0%	0.031	0.3725620856566681	0.033	0.3725620856566681	14.97549019607843	3055	2.008543207876603	1638.9712576273082
chr6	106210001	106230000	chr6	105740001	106230000	490000	20000	10.278061224489797	95.0%	0.0465	0.3655825425157163	0.0475	0.3655825425157163	10.278061224489797	4029	2.057073876095226	3225.4918377173144
chr2	18360001	18380000	chr2	17890001	18380000	490000	20000	10.93877551020408	95.0%	0.044	0.3632343394250469	0.045	0.36323433942504696	10.938775510204081	4288	1.8314304056085127	2871.6828759941477
chr4	39110001	39130000	chr4	38935001	39130000	195000	20000	22.76923076923077	98.0%	0.034	0.3565542900241208	0.038	0.3565542900241208	22.76923076923077	3552	1.6572009863948698	1034.0934155103987
chr1	235955001	235980000	chr1	235535001	235980000	445000	25000	12.10561797752809	96.0%	0.043	0.3519558963158917	0.044	0.3519558963158917	12.10561797752809	5387	2.280363923473928	5073.80972972949
chr14	106370001	106395000	chr14	105940001	106395000	455000	25000	10.418823529411764	98.0%	0.05	0.322857851781522	0.05	0.32285785178152204	9.731868131868131	4428	1.751771961197801	3985.2812117249973
chr8	71825001	71840000	chr8	71825001	72295000	470000	15000	10.01418439716312	95.0%	0.046	0.3164209595306671	0.049	0.3164209595306671	10.01418439716312	2824	2.3000445835038557	1945.837717644262
chr20	43825001	43850000	chr20	43825001	44100000	275000	25000	15.887272727272729	95.0%	0.042	0.3136552824890214	0.044	0.3136552824890214	15.887272727272727	4369	2.1168053041457413	2910.6072932003945
chr2	219155001	219175000	chr2	219155001	219390000	235000	20000	19.06914893617021	96.0%	0.037	0.3121061705666589	0.041	0.3121061705666589	19.069148936170212	3585	1.3844772516050254	1041.126893206979
chr4	1255001	1280000	chr4	1065001	1280000	215000	25000	19.70232558139535	95.0%	0.031	0.3081965257864134	0.033	0.3081965257864134	19.70232558139535	4236	1.1792071449845651	1267.6476808584075
chr2	70605001	70640000	chr2	70305001	70640000	335000	35000	24.02132196162047	98.0%	0.025	0.3040140944778247	0.027	0.3040140944778247	24.02132196162047	11266	3.4660529415225096	11379.051807018399
chr1	43515001	43535000	chr1	43515001	43770000	255000	20000	15.196078431372548	96.0%	0.048	0.2947909423322911	0.05	0.2947909423322911	15.196078431372548	3100	1.5439327955944302	1259.849161205055
chr12	50295001	50325000	chr12	50075001	50325000	250000	30000	18.14	95.0%	0.038	0.2870892935943753	0.041	0.28708929359437535	18.14	5442	1.7106830830887236	3079.2295495597027
chr3	107925001	107945000	chr3	107925001	108275000	350000	20000	14.032142857142857	96.0%	0.0419999999999999	0.2861538809061531	0.043	0.2861538809061531	14.032142857142857	3929	1.7219135961706695	1928.54322771115
chr2	113740001	113760000	chr2	113740001	113950000	210000	20000	20.232142857142858	97.0%	0.0305	0.2824846594545133	0.034	0.2824846594545133	20.232142857142858	3399	1.674763749225259	1125.441239479374
chr12	30795001	30815000	chr12	29510001	30815000	1305000	20000	4.293103448275862	95.0%	0.034	0.2808068458353764	0.036	0.2808068458353764	4.293103448275862	4482	3.6454220268695807	15223.282384207369
chr2	1540001	1575000	chr2	1540001	1865000	325000	35000	13.749450549450549	95.0%	0.048	0.2747161603874385	0.051	0.2747161603874385	13.749450549450549	6256	1.3379919450726616	4261.504345056427
chr10	30395001	30415000	chr10	30395001	30655000	260000	20000	17.798076923076923	96.0%	0.0215	0.2726434015748922	0.024	0.2726434015748922	17.798076923076923	3702	2.3027680586101065	1915.9030247636085
chr19	47955001	47975000	chr19	47955001	48290000	335000	20000	11.369402985074627	96.0%	0.046	0.2699851601609742	0.048	0.26998516016097424	11.369402985074627	3047	2.749840530471112	2947.829048665032
chr1	6240001	6260000	chr1	6240001	6490000	250000	20000	13.885	95.0%	0.044	0.2699768310358138	0.046	0.2699768310358138	13.885	2777	1.417585306084581	1134.0682448676648
chr10	60090001	60115000	chr10	60090001	60440000	350000	25000	13.94285714285714	96.0%	0.048	0.2688308038937217	0.052000000000000005	0.2688308038937217	13.942857142857143	4880	2.275694444349588	3982.465277611779
chr8	105990001	106010000	chr8	105990001	106205000	215000	20000	19.976744186046517	97.0%	0.037	0.2652716842978994	0.04	0.26527168429789943	19.976744186046513	3436	2.019352638299888	1389.3146151503229
chr11	13135001	13155000	chr11	12985001	13155000	170000	20000	27.06617647058824	97.0%	0.0355	0.2617501163523688	0.039	0.2617501163523688	27.066176470588236	3681	1.9348276000537818	1052.5462144292574
chr2	109530001	109555000	chr2	109530001	109715000	185000	25000	24.90810810810811	96.0%	0.024	0.2613338117999976	0.026	0.2613338117999976	24.90810810810811	4608	1.4627071900713615	1353.0041508160093
chr7	16685001	16705000	chr7	16685001	16930000	245000	20000	19.93877551020408	97.0%	0.044	0.2609903516995688	0.048	0.2609903516995688	19.93877551020408	3908	1.6627431714386025	1303.5906464078644
chr1	119460001	119480000	chr1	119460001	119675000	215000	20000	22.1046511627907	96.0%	0.025	0.255987910527713	0.028	0.255987910527713	22.1046511627907	3802	2.036519108407019	1401.1251465840292
chr12	53325001	53355000	chr12	53325001	53520000	195000	30000	22.636752136752136	96.0%	0.043	0.2516816743245833	0.047	0.2516816743245833	22.636752136752136	5297	1.4385591333400258	2019.7370232093963
chr2	101140001	101165000	chr2	101005001	101165000	160000	25000	28.975	98.0%	0.0315	0.2507845573080962	0.033	0.2507845573080962	28.975	4636	2.047968061464866	1638.3744491718928
chr8	41700001	41720000	chr8	41700001	41980000	280000	20000	16.517857142857142	97.0%	0.0455	0.246542925691022	0.047	0.246542925691022	16.517857142857142	3700	1.8877600691722145	1691.4330219783042
chr18	74535001	74560000	chr18	74360001	74560000	200000	25000	21.685	96.0%	0.05	0.2464620439965133	0.054	0.24646204399651334	21.685	4337	1.7303859615249861	1730.3859615249862
chr4	68260001	68280000	chr4	68260001	68490000	230000	20000	19.505434782608692	96.0%	0.0485	0.2445980731678506	0.052000000000000005	0.24459807316785065	19.505434782608695	3589	1.8473955783026386	1359.683145630742
chr2	97795001	97815000	chr2	97795001	98315000	520000	20000	10.420673076923077	95.0%	0.0445	0.240732191762713	0.0465	0.24073219176271302	10.420673076923077	4335	2.2501433168770673	3744.23847928344
chr1	19085001	19105000	chr1	18895001	19105000	210000	20000	22.553571428571427	97.0%	0.0365	0.2266360188086805	0.04	0.22663601880868053	22.553571428571427	3789	2.042990061642481	1372.8893214237473
chr17	66555001	66575000	chr17	66200001	66575000	375000	20000	13.54	95.0%	0.041	0.2173874533105392	0.042	0.2173874533105392	13.54	4062	3.2879945841017313	3945.5935009220775
chr5	133860001	133880000	chr5	133485001	133880000	395000	20000	12.708860759493673	96.0%	0.047	0.2161289718272425	0.049	0.21612897182724258	12.708860759493671	4016	2.317921729472178	2929.853066052833
chr12	131840001	131855000	chr12	131840001	132010000	170000	15000	20.69607843137255	96.0%	0.0265	0.2094353763425226	0.03	0.2094353763425226	20.69607843137255	2111	1.5690482979801985	480.12877918194073
chr17	59730001	59750000	chr17	59730001	59970000	240000	20000	17.583333333333332	96.0%	0.0404999999999999	0.1924837821359176	0.0435	0.19248378213591766	17.583333333333332	3376	2.050028367375333	1574.4217861442557
chr10	58160001	58180000	chr10	58160001	58390000	230000	20000	20.005434782608692	98.0%	0.049	0.1906770439111526	0.051000000000000004	0.19067704391115262	20.005434782608695	3681	1.965374667750467	1446.5157554643438
chr5	147180001	147200000	chr5	146970001	147200000	230000	20000	19.03804347826087	98.0%	0.034	0.1763939298568323	0.037	0.1763939298568323	19.03804347826087	3503	2.0416284329925865	1502.6385266825437
chr1	63675001	63695000	chr1	63675001	64245000	570000	20000	10.826754385964913	95.0%	0.0295	0.168264857778439	0.0335	0.16826485777843905	10.826754385964913	4937	4.164118404312989	7595.351969466891
chr1	209680001	209700000	chr1	209565001	209700000	135000	20000	36.43518518518518	99.0%	0.004	0.1674554131547162	0.005	0.16745541315471626	36.43518518518518	3935	3.418622024492188	1476.8447145806251
chr2	85125001	85145000	chr2	85125001	85295000	170000	20000	31.580882352941178	98.0%	0.0275	0.1589795155610344	0.031	0.15897951556103448	31.580882352941178	4295	2.22003802513858	1207.7006856753874
chr10	5265001	5290000	chr10	4805001	5290000	485000	25000	11.002061855670105	95.0%	0.048	0.1500664442150604	0.05	0.1500664442150604	11.002061855670103	5336	2.5972170390825036	6298.251319775071
chr9	78025001	78050000	chr9	77745001	78050000	305000	25000	14.249180327868851	97.0%	0.047	0.1433153846719435	0.049	0.14331538467194352	14.249180327868853	4346	2.2298111634220117	3400.462024218568
chr16	67665001	67685000	chr16	67665001	67930000	265000	20000	15.523584905660377	95.0%	0.031	0.1371290105319358	0.032	0.13712901053193588	15.523584905660377	3291	2.1089375403145576	1788.3790341867448
chr2	108565001	108590000	chr2	108215001	108590000	375000	25000	14.186666666666667	95.0%	0.039	0.1332878456085983	0.04	0.13328784560859838	14.186666666666667	5320	2.0080160795445625	3765.030149146055
chr7	99900001	99920000	chr7	99900001	100085000	185000	20000	23.054054054054053	98.0%	0.037	0.1264323010927917	0.039	0.12643230109279174	23.054054054054053	3412	1.744045522800089	1032.4749494976527
chr8	30540001	30560000	chr8	30170001	30560000	390000	20000	13.935064935064934	97.0%	0.0495	0.1248270204354763	0.053	0.12482702043547637	13.756410256410257	4292	2.603189049924935	3248.779934306319
chr20	9345001	9365000	chr20	8800001	9365000	565000	20000	9.639380530973453	96.0%	0.043	0.1244698002682417	0.045	0.12446980026824174	9.639380530973451	4357	3.818997625005756	6904.747706010407
chr5	59655001	59675000	chr5	59385001	59675000	290000	20000	17.629310344827587	97.0%	0.0315	0.1187762145748126	0.0335	0.11877621457481262	17.629310344827587	4090	2.7925447126251774	2591.4814933161647
chr17	50840001	50865000	chr17	50840001	51165000	325000	25000	14.135384615384616	96.0%	0.045	0.1035240441234426	0.049	0.10352404412344267	14.135384615384615	4594	2.0053290979214844	3258.6597841224125
chr11	6655001	6685000	chr11	6425001	6685000	260000	30000	26.961538461538463	96.0%	0.05	0.0992598936978168	0.052000000000000005	0.09925989369781683	26.96153846153846	8412	2.222626769624246	4160.757312736589
chr19	48955001	48980000	chr19	48775001	48980000	205000	25000	18.38536585365853	96.0%	0.043	0.0991435571786592	0.046	0.09914355717865923	18.385365853658538	3769	1.5632990076255069	1602.3814828161446
chr1	113025001	113050000	chr1	112720001	113050000	330000	25000	14.53939393939394	96.0%	0.0335	0.0967576764553607	0.035500000000000004	0.09675767645536075	14.539393939393939	4798	2.247705912100267	3708.714754965441
chr1	66210001	66235000	chr1	65945001	66235000	290000	25000	18.47241379310345	96.0%	0.037	0.0925284827601432	0.039999999999999994	0.09252848276014321	18.47241379310345	5357	2.626861057608956	3808.9485335329864
chr3	167020001	167040000	chr3	166580001	167040000	460000	20000	10.421195652173912	95.0%	0.0485	0.0915617590386017	0.0505	0.09156175903860178	10.421195652173912	3835	1.8968566970224097	2792.173058016987
chr7	19750001	19770000	chr7	19750001	20490000	740000	20000	7.913851351351352	95.0%	0.0399999999999999	0.0874601302700897	0.041999999999999996	0.0874601302700897	7.913851351351352	4685	3.6126142393067475	8554.670518678378
chr14	25130001	25145000	chr14	24720001	25145000	425000	15000	11.270588235294118	96.0%	0.05	0.0847739117445079	0.053	0.08477391174450791	11.270588235294118	2874	3.4811575266063635	2663.085507853868
chr11	94960001	94980000	chr11	94960001	95165000	205000	20000	20.49390243902439	95.0%	0.047	0.0781956622250129	0.051	0.07819566222501297	20.49390243902439	3361	1.327446246156453	870.8047374786331
chr7	62295001	62320000	chr7	62295001	62450000	155000	25000	26.313333333333333	97.0%	0.026	0.0657845546201957	0.03	0.06578455462019571	25.46451612903226	3947	1.31798795766003	1021.4406671865232
chr2	64640001	64660000	chr2	64640001	64875000	235000	20000	26.909574468085108	98.0%	0.018	0.0634981102638512	0.02	0.06349811026385122	26.909574468085108	5059	3.0715312892707782	2309.791529531625
chr4	74680001	74700000	chr4	74680001	74905000	225000	20000	20.66111111111111	96.0%	0.043	0.0612478006812862	0.048	0.06124780068128621	20.66111111111111	3719	1.3997618475007914	1007.8285302005697
chr1	209850001	209885000	chr1	209850001	209990000	140000	35000	31.68253968253968	98.0%	0.047	0.0450060677543003	0.052000000000000005	0.04500606775430031	30.551020408163264	5988	1.6799011237718224	2304.8243418149405
chr7	102220001	102240000	chr7	101820001	102240000	420000	20000	10.639880952380953	96.0%	0.0465	0.0334102823631113	0.0505	0.03341028236311132	10.639880952380953	3575	1.775560561662899	2386.3533948749364
chr7	17640001	17660000	chr7	16885001	17660000	775000	20000	8.511290322580646	98.0%	0.048	0.0263415419296671	0.051	0.026341541929667107	8.511290322580646	5277	3.5665459428709374	8845.033938319924
chr9	86480001	86505000	chr9	86480001	86660000	180000	25000	23.094444444444445	97.0%	0.0399999999999999	0.010803644046642	0.045	0.010803644046642028	23.094444444444445	4157	2.0210638948715363	1818.9575053843828
