chromosome1	x1	x2	chromosome2	y1	y2	color	APScoreAvg	ProbabilityofEnrichment	RegAPScoreAvg	Avg_diffMaxNeihgboor_1	Avg_diffMaxNeihgboor_2	avg	std	value
chr21	34795000	34800000	chr21	34885000	34890000	0,0,0	5.1913557	0.9980539	2.2747786	2.833439	4.0632377	3.7239728	1.6726489	6.242585
chr21	27755000	27760000	chr21	28045000	28050000	0,0,0	5.9748697	0.9998816	2.5868714	4.0729804	5.975412	5.42233	1.906947	9.042757
chr21	36140000	36145000	chr21	36330000	36335000	0,0,0	6.88714	0.9995205	3.9603004	2.7571263	3.6969085	5.1927943	1.501795	7.6435733
chr21	17385000	17390000	chr21	17585000	17590000	0,0,0	12.16309	0.99999994	4.176181	8.756944	13.046862	9.199513	3.2429698	16.983463
chr21	36745000	36750000	chr21	36925000	36930000	0,0,0	7.192226	0.99943286	3.3011196	3.7680643	4.4354815	4.126343	1.494165	7.4757333
chr21	14860000	14865000	chr21	15590000	15595000	0,0,0	5.603864	1.0	2.564598	2.09071	3.264046	3.2268817	0.9834861	5.0852904
chr21	36625000	36630000	chr21	36930000	36935000	0,0,0	6.832961	0.99892926	3.4077969	2.434302	4.140258	4.6762743	1.5698149	6.8400984
chr21	31095000	31100000	chr21	31180000	31185000	0,0,0	6.05468	1.0	2.4061115	2.6792037	3.768551	3.043646	1.136586	5.4251604
chr21	42590000	42595000	chr21	42815000	42820000	0,0,0	6.698172	0.99993193	3.4601245	3.5198617	5.4886975	6.467647	1.3203471	9.596414
chr21	41810000	41815000	chr21	42120000	42125000	0,0,0	6.7250953	1.0	3.1375282	2.6667848	2.7678652	2.5498683	1.2644418	4.920344
chr21	39785000	39790000	chr21	39910000	39915000	0,0,0	8.00924	0.9997861	2.8847213	4.652431	6.1223454	4.3153677	1.6034629	8.450862
chr21	37695000	37700000	chr21	38355000	38360000	0,0,0	5.7246847	0.9994529	3.1092014	3.0451598	3.839774	4.804836	1.4748515	7.511645
chr21	28520000	28525000	chr21	28740000	28745000	0,0,0	4.0767407	0.9961333	2.4519517	1.9016981	2.5090318	3.8655367	1.2507554	5.555935
chr21	41610000	41615000	chr21	41775000	41780000	0,0,0	9.696659	0.9999842	4.5322847	4.343696	7.0285335	7.194736	2.0592232	11.0557995
chr21	40140000	40145000	chr21	40385000	40390000	0,0,0	7.5414014	0.9996811	2.822951	4.4565887	5.642981	4.090104	1.7838547	8.051517
chr21	43810000	43815000	chr21	43970000	43975000	0,0,0	6.746064	0.99977547	2.5169086	4.2112083	6.124865	4.659066	1.9606081	8.402362
chr21	26850000	26855000	chr21	27700000	27705000	0,0,0	14.820623	1.0	5.9647756	9.729617	14.645921	12.248735	4.7518134	20.897284
chr21	38815000	38820000	chr21	38915000	38920000	0,0,0	5.5409985	0.9991045	2.6000416	3.152264	4.244751	4.216872	1.3527533	7.0188847
chr21	14860000	14865000	chr21	15480000	15485000	0,0,0	7.6775346	0.9998919	3.1728094	5.0164866	5.864799	4.6739693	2.018007	9.133069
chr21	38730000	38735000	chr21	39125000	39130000	0,0,0	8.673336	0.9999995	3.4909062	7.36184	9.937514	8.042939	3.0369105	14.586796
chr21	14400000	14405000	chr21	15585000	15590000	0,0,0	6.0859156	0.99851906	3.0298078	3.1720018	3.5264387	3.6962078	1.3625952	6.5157647
chr21	40465000	40470000	chr21	41065000	41070000	0,0,0	6.1792173	0.998955	2.510202	3.6818905	4.5276527	3.59169	1.5083406	6.864482
chr21	28345000	28350000	chr21	28735000	28740000	0,0,0	4.425381	0.9902999	2.437236	1.9368685	2.2859578	2.9144351	0.91637456	4.636096
chr21	38215000	38220000	chr21	38355000	38360000	0,0,0	10.318028	0.9999986	3.881469	7.131105	9.611191	7.179817	3.4316125	13.518577
chr21	34745000	34750000	chr21	34885000	34890000	0,0,0	8.375075	0.99990404	2.5829475	5.534962	7.2305884	4.332269	2.3318827	9.252235
chr21	39785000	39790000	chr21	40120000	40125000	0,0,0	13.854154	1.0	4.076748	11.3926	13.619682	7.389979	3.8563974	17.516733
chr21	31785000	31790000	chr21	32255000	32260000	0,0,0	6.915331	0.9999691	2.393834	5.625922	7.798255	5.3858385	2.3105812	10.386659
chr21	32830000	32835000	chr21	33445000	33450000	0,0,0	6.4194393	1.0	2.5931072	3.023645	3.9312382	3.1566846	1.4402745	5.844369
chr21	42010000	42015000	chr21	42110000	42115000	0,0,0	4.6451426	0.99382216	2.3787603	2.0738993	2.8413637	3.2438505	1.137336	5.0873165
chr21	39515000	39520000	chr21	39715000	39720000	0,0,0	15.735374	1.0	5.7261086	10.544163	15.604473	11.631975	4.97314	21.004564
chr21	33195000	33200000	chr21	33370000	33375000	0,0,0	5.560737	0.99953085	2.5956225	3.3263469	4.7233596	4.7086687	1.5970287	7.6654215
chr21	38670000	38675000	chr21	39135000	39140000	0,0,0	4.9900055	0.9997432	2.2321408	4.085928	5.097168	4.6363263	1.9650148	8.268262
chr21	32830000	32835000	chr21	33195000	33200000	0,0,0	7.4878006	0.9998456	2.9598067	3.5154705	6.5355797	5.652349	2.5389013	8.777211
chr21	45555000	45560000	chr21	45820000	45825000	0,0,0	8.406558	0.9999367	2.9901373	5.994526	6.7362022	4.339903	2.33566	9.66837
chr21	30830000	30835000	chr21	31080000	31085000	0,0,0	7.1542563	1.0	3.8972318	2.0302577	3.6746035	4.7881494	1.3848515	6.592823
chr21	34885000	34890000	chr21	35395000	35400000	0,0,0	6.292973	0.9998938	2.859517	3.8548589	5.87399	5.724658	2.3761826	9.151199
chr21	40045000	40050000	chr21	40120000	40125000	0,0,0	6.5097284	0.9988285	2.6584213	2.883109	4.7983527	4.1873775	1.4474128	6.750141
chr21	37710000	37715000	chr21	38125000	38130000	0,0,0	5.6101623	0.9999836	2.7474413	5.3859863	6.0936675	6.23293	1.7613806	11.0204735
chr21	31865000	31870000	chr21	32255000	32260000	0,0,0	8.7125	0.9999898	3.322714	5.8849397	8.168701	6.263998	2.415277	11.495056
chr21	35050000	35055000	chr21	35395000	35400000	0,0,0	4.9658623	0.9993869	2.4174833	2.826802	4.5184736	4.885088	1.7034304	7.397801
chr21	25880000	25885000	chr21	26170000	26175000	0,0,0	6.8833046	0.9996959	2.790908	3.9057682	5.5707808	4.627156	1.4475539	8.098949
chr21	42145000	42150000	chr21	42450000	42455000	0,0,0	8.602471	0.999934	3.831045	4.5461454	6.070249	5.5860476	2.4077723	9.627066
chr21	36500000	36505000	chr21	36925000	36930000	0,0,0	7.7517533	1.0	3.963757	2.9570186	4.1509175	4.744375	1.7125548	7.372836
chr21	44950000	44955000	chr21	45125000	45130000	0,0,0	6.188041	1.0	3.359001	2.4066985	3.0181875	3.7704015	1.2664176	5.909689
chr21	26850000	26855000	chr21	28050000	28055000	0,0,0	9.230264	0.99998033	4.070955	4.5471516	7.190686	6.794595	3.0044007	10.836507
chr21	14400000	14405000	chr21	15480000	15485000	0,0,0	5.9645514	0.9998108	2.621796	3.6513155	5.6821294	5.3280225	1.6424379	8.573636
chr21	44510000	44515000	chr21	44790000	44795000	0,0,0	8.228212	0.99988586	3.3189843	4.240669	6.3434243	5.309464	1.7143439	9.078947
chr21	33920000	33925000	chr21	34345000	34350000	0,0,0	34.906277	1.0	11.5706625	11.942469	16.98158	11.358021	5.1867957	21.973549
chr21	34205000	34210000	chr21	34340000	34345000	0,0,0	5.0071163	1.0	2.5373127	1.7145257	1.8948188	2.046785	0.7679858	3.570808
chr21	39180000	39185000	chr21	39385000	39390000	0,0,0	6.1170626	0.99829453	2.4677603	3.413653	4.2352433	3.340211	1.2750831	6.374569
chr21	5280000	5285000	chr21	7220000	7225000	0,0,0	16.144602	1.0	3.829332	72.070816	96.71025	47.31102	38.07649	111.37396
chr21	32650000	32655000	chr21	32825000	32830000	0,0,0	9.228263	0.9999767	3.2834892	5.9430785	7.7669578	5.3858795	3.0036604	10.668616
chr21	40145000	40150000	chr21	41065000	41070000	0,0,0	6.058828	1.0	3.281873	1.8244035	3.0348501	3.8898442	1.0276582	5.511536
chr21	25610000	25615000	chr21	26710000	26715000	0,0,0	5.6773787	0.9990256	2.6931548	3.048638	4.170894	4.2244606	1.528027	6.934361
chr21	27700000	27705000	chr21	28050000	28055000	0,0,0	7.300365	0.99994874	2.6784523	6.165523	6.690708	4.399413	2.1729207	9.879878
chr21	31195000	31200000	chr21	31580000	31585000	0,0,0	10.975358	0.99999994	4.8190427	7.3592167	11.47859	10.753668	4.2928376	17.295195
chr21	34365000	34370000	chr21	34625000	34630000	0,0,0	30.526226	1.0	12.011867	3.4518695	6.009567	5.0943546	1.8176901	8.162683
chr21	41280000	41285000	chr21	41605000	41610000	0,0,0	5.7613745	1.0	2.4458745	3.2034173	3.5064917	2.83352	1.3430842	5.6810017
chr21	5315000	5320000	chr21	7245000	7250000	0,0,0	15.39545	1.0	3.4370627	109.66048	131.74925	56.255783	52.78433	153.73177
chr21	38505000	38510000	chr21	39135000	39140000	0,0,0	9.068166	0.99996763	4.458137	4.5939445	5.9163575	6.256364	2.137363	10.33987
chr21	29160000	29165000	chr21	29370000	29375000	0,0,0	7.99476	0.99999654	3.0341065	6.9557657	8.7185755	6.3970866	2.732191	12.579989
chr21	41610000	41615000	chr21	41815000	41820000	0,0,0	6.9647746	0.9998714	2.5253806	5.388779	6.228981	4.1696496	1.9843541	8.959676
chr21	36980000	36985000	chr21	37075000	37080000	0,0,0	4.8431582	0.99408495	2.7074854	1.990647	2.539848	3.3613276	0.86643505	5.1307917
chr21	45290000	45295000	chr21	45435000	45440000	0,0,0	10.356042	0.9999683	4.941622	3.275484	6.82483	7.447611	1.6124438	10.359153
chr21	43200000	43205000	chr21	43325000	43330000	0,0,0	11.075815	1.0	4.7619777	2.065389	3.0685825	2.768587	1.0605388	4.6044884
chr21	28045000	28050000	chr21	28740000	28745000	0,0,0	6.143469	0.9990506	2.3523047	3.3956327	5.0135913	3.9420667	1.6272066	6.9604073
chr21	32400000	32405000	chr21	32600000	32605000	0,0,0	7.946717	0.99993527	4.415814	3.690133	4.8517118	6.3658934	1.5959048	9.646011
chr21	33200000	33205000	chr21	33445000	33450000	0,0,0	9.256203	1.0	4.7792063	2.7816012	5.2379036	6.2985783	2.2096372	8.771112
chr21	42160000	42165000	chr21	42255000	42260000	0,0,0	5.2114105	0.9947768	2.3447025	2.6754653	3.1791215	2.8769925	1.272394	5.2551837
chr21	43810000	43815000	chr21	43935000	43940000	0,0,0	3.826991	0.990856	2.2529826	1.8101792	2.112208	3.0860922	0.7611368	4.6951404
chr21	36150000	36155000	chr21	36205000	36210000	0,0,0	5.611985	0.99946755	2.2923691	3.739821	5.097883	4.2145443	1.6929395	7.53883
chr21	39865000	39870000	chr21	40120000	40125000	0,0,0	8.459415	0.99997556	3.0333362	6.3955894	7.4453945	4.9345784	2.3599052	10.619547
chr21	29085000	29090000	chr21	29370000	29375000	0,0,0	9.414361	0.99999976	4.1440206	6.2311654	10.155906	9.633497	3.2446842	15.172311
chr21	31095000	31100000	chr21	31600000	31605000	0,0,0	11.82682	0.9999941	4.523212	6.1481624	8.540257	6.5715995	2.6153953	12.036633
chr21	32410000	32415000	chr21	32570000	32575000	0,0,0	7.570581	0.9999168	3.6477773	4.5136476	5.3500576	5.383355	1.9296092	9.395487
chr21	38820000	38825000	chr21	39125000	39130000	0,0,0	4.570454	0.99838734	2.2603004	3.0698795	3.5437112	3.701749	1.5691918	6.430531
chr21	38505000	38510000	chr21	38705000	38710000	0,0,0	5.4830227	0.99864805	2.4249132	3.2203147	4.1475744	3.7444077	1.5229343	6.6069098
chr21	17675000	17680000	chr21	17900000	17905000	0,0,0	5.624086	0.9996328	3.09902	2.8532944	4.1226254	5.3740826	1.7031907	7.9103436
chr21	41280000	41285000	chr21	41455000	41460000	0,0,0	6.8483934	0.99965245	3.0233204	3.5121245	5.195487	4.8435645	1.8626062	7.965453
chr21	38165000	38170000	chr21	38350000	38355000	0,0,0	5.2005854	0.9993314	3.1135259	1.8718116	3.6485517	5.64731	0.9782937	7.3111424
chr10	18105000	18110000	chr10	18210000	18215000	0,0,0	4.6258554	1.0	2.261364	1.8083231	2.0809875	2.1302662	0.7269297	3.7376645
chr10	102835000	102840000	chr10	102900000	102905000	0,0,0	4.724403	0.9927402	1.9544297	2.4881403	3.2686234	2.7142372	0.9770003	4.9259176
chr10	17605000	17610000	chr10	18220000	18225000	0,0,0	6.271362	0.9984143	3.129508	2.6033645	3.745241	4.133268	1.0692904	6.4473696
chr10	12715000	12720000	chr10	12900000	12905000	0,0,0	5.254699	1.0	2.5364935	2.0937314	2.1308174	2.070386	1.1203179	3.9314804
chr10	3235000	3240000	chr10	4770000	4775000	0,0,0	7.5646996	0.9999981	3.4646065	6.5683713	7.8634763	7.3246536	3.951037	13.163206
chr10	36890000	36895000	chr10	37495000	37500000	0,0,0	5.96113	0.9995077	3.0626075	2.3476667	4.613365	5.530471	1.7553258	7.617286
chr10	60235000	60240000	chr10	60435000	60440000	0,0,0	4.2032385	0.98900396	2.0480428	1.9512514	2.6381857	2.7762415	1.1215322	4.510687
chr10	116670000	116675000	chr10	117175000	117180000	0,0,0	7.126931	0.9997491	3.0081475	4.90517	5.034496	3.9312155	2.2948186	8.291367
chr10	96015000	96020000	chr10	96290000	96295000	0,0,0	8.063963	0.9999626	2.8270552	6.019368	7.3363132	4.8453603	2.275865	10.1959095
chr10	7520000	7525000	chr10	9300000	9305000	0,0,0	10.9615965	1.0	5.3273807	4.3999305	6.475878	6.8916416	2.5378091	10.802691
chr10	73525000	73530000	chr10	73640000	73645000	0,0,0	11.83228	0.99999684	4.679855	6.1900673	8.8651495	7.1606116	2.5229287	12.662893
chr10	12260000	12265000	chr10	13070000	13075000	0,0,0	5.585714	0.99986565	2.8426402	3.7592335	4.961895	5.5745244	1.8649791	8.916065
chr10	53835000	53840000	chr10	54400000	54405000	0,0,0	5.9038763	0.9982335	2.667089	3.3052773	3.777945	3.401396	1.4565849	6.3394203
chr10	95690000	95695000	chr10	95840000	95845000	0,0,0	6.4324446	0.9992787	2.9345436	2.9991102	4.64801	4.569342	1.2590863	7.235218
chr10	63165000	63170000	chr10	63630000	63635000	0,0,0	3.7785323	0.99728155	2.5023265	1.5129294	2.3615618	4.5634694	0.7956293	5.908296
chr10	70220000	70225000	chr10	70360000	70365000	0,0,0	7.5780363	0.9998919	4.377459	1.8746938	5.089739	7.466654	1.6635455	9.133048
chr10	17605000	17610000	chr10	18100000	18105000	0,0,0	5.046124	1.0	2.4048758	2.3490117	2.4908888	2.393758	0.98491573	4.4817686
chr10	132940000	132945000	chr10	133120000	133125000	0,0,0	6.621497	0.99911463	2.8700666	3.001362	4.7227335	4.362328	1.5178964	7.0302052
chr10	60815000	60820000	chr10	60960000	60965000	0,0,0	4.6366596	1.0	2.047751	2.2943475	2.544557	2.1921203	0.7904456	4.23154
chr10	17845000	17850000	chr10	18215000	18220000	0,0,0	8.467911	0.9999968	3.4431887	6.188997	8.626152	7.140091	2.866324	12.641421
chr10	59240000	59245000	chr10	59620000	59625000	0,0,0	8.485528	0.99999124	2.8620944	6.4947205	8.815618	5.876537	2.9909358	11.649622
chr10	24720000	24725000	chr10	24950000	24955000	0,0,0	4.023179	0.9960598	1.9382654	2.96803	2.9995232	2.898849	1.541491	5.537098
chr10	128270000	128275000	chr10	128525000	128530000	0,0,0	4.4940095	1.0	2.3228943	1.5440053	2.142529	2.4885516	0.6887004	3.8610008
chr10	112560000	112565000	chr10	113385000	113390000	0,0,0	7.0463443	0.9999601	2.6587858	5.1913576	7.261011	5.5164537	2.2177927	10.130994
chr10	42750000	42755000	chr10	43100000	43105000	0,0,0	6.4888453	1.0	2.4087994	3.3428519	4.4831614	3.2930026	1.601028	6.2644267
chr10	14500000	14505000	chr10	14980000	14985000	0,0,0	4.6724057	1.0	2.2258053	2.164873	2.6625476	2.6529481	1.2583755	4.5772796
chr10	113125000	113130000	chr10	113380000	113385000	0,0,0	4.2491684	1.0	2.0763443	2.1205304	2.259896	2.2705383	0.7803867	4.155454
chr10	60200000	60205000	chr10	60430000	60435000	0,0,0	4.681147	0.9953343	2.0275018	2.9251537	3.292192	2.767941	1.2325335	5.3680773
chr10	92085000	92090000	chr10	92430000	92435000	0,0,0	7.1131954	0.99996746	3.2909725	3.6943154	6.828518	7.049295	2.2984722	10.333131
chr10	89255000	89260000	chr10	89420000	89425000	0,0,0	6.8525066	1.0	2.9887388	3.4550815	3.8633456	3.2748017	1.404769	6.3459854
chr10	67850000	67855000	chr10	68155000	68160000	0,0,0	6.3026657	0.9999234	2.551394	4.182788	6.723264	5.7602825	1.9681351	9.478315
chr10	52640000	52645000	chr10	52780000	52785000	0,0,0	4.9135184	1.0	2.6304076	1.7352632	2.1371949	2.5962524	1.1707717	4.1387086
chr10	93075000	93080000	chr10	93510000	93515000	0,0,0	7.5942035	1.0	3.8471835	1.872962	2.7886372	3.167026	0.99954355	4.831881
chr10	21275000	21280000	chr10	21730000	21735000	0,0,0	6.807452	1.0	3.3787425	2.7856095	3.1480303	3.2938204	1.2028182	5.7699175
chr10	84265000	84270000	chr10	84375000	84380000	0,0,0	5.249068	1.0	2.3520062	2.2713223	2.84861	2.6011674	1.2689989	4.6201205
chr10	112360000	112365000	chr10	112430000	112435000	0,0,0	4.467208	1.0	2.541201	1.5426395	1.7059846	2.3061388	0.7114063	3.677374
chr10	117725000	117730000	chr10	118250000	118255000	0,0,0	4.821182	0.99599606	2.1861827	3.087278	3.1712215	2.7768059	1.261985	5.521053
chr10	91040000	91045000	chr10	91250000	91255000	0,0,0	4.551497	0.9964711	2.4277859	2.483858	2.8753157	3.4394867	1.2038832	5.6473603
chr10	87860000	87865000	chr10	88385000	88390000	0,0,0	8.242953	0.9999344	3.0805516	5.8470707	6.5024276	4.435052	2.0844994	9.632448
chr10	110305000	110310000	chr10	110670000	110675000	0,0,0	5.1401663	1.0	2.6261456	2.1185417	2.5551398	2.846467	1.0797864	4.729615
chr10	34660000	34665000	chr10	34895000	34900000	0,0,0	3.8910568	0.9806213	1.8922434	1.4875748	2.4218435	2.6216989	0.8986888	3.9439876
chr10	16840000	16845000	chr10	17430000	17435000	0,0,0	6.1518216	0.99844694	2.8692696	3.1924338	3.7965393	3.6304724	1.6004572	6.4681916
chr10	62085000	62090000	chr10	62240000	62245000	0,0,0	3.588332	0.9874531	1.945201	1.9288898	2.1684673	2.6641676	0.9574799	4.378736
chr10	34700000	34705000	chr10	34810000	34815000	0,0,0	3.7157712	0.9854373	1.9621221	1.9005272	2.1688128	2.5403693	0.8323983	4.229727
chr10	42865000	42870000	chr10	43100000	43105000	0,0,0	7.5865364	0.9997967	3.286847	4.0836306	5.486876	4.87181	2.18747	8.501703
chr10	120940000	120945000	chr10	121900000	121905000	0,0,0	8.716291	0.9998446	3.5825572	4.262314	5.9400806	4.9816575	1.9364172	8.770381
chr10	119195000	119200000	chr10	119445000	119450000	0,0,0	4.084564	0.99766785	2.0324008	2.2588978	3.6290758	4.0536737	1.3644134	6.061583
chr10	49405000	49410000	chr10	49510000	49515000	0,0,0	11.636678	1.0	4.945132	4.6317472	6.740457	5.962292	1.8992715	10.079401
chr10	103070000	103075000	chr10	103240000	103245000	0,0,0	5.302055	0.9985243	2.1659012	3.1875248	4.4314733	3.6859431	1.6552554	6.519299
chr10	99430000	99435000	chr10	99610000	99615000	0,0,0	4.3957176	0.9905674	2.2701156	2.0500317	2.4989939	2.8418176	0.95716727	4.664068
chr10	22005000	22010000	chr10	22990000	22995000	0,0,0	6.992164	0.99998057	4.0254207	4.262094	5.061029	7.059875	2.4567907	10.848403
chr10	59625000	59630000	chr10	59800000	59805000	0,0,0	4.822814	0.99274987	2.6260893	1.850595	2.5814106	3.2822762	0.95890605	4.9272494
chr10	58175000	58180000	chr10	58290000	58295000	0,0,0	15.321382	1.0	4.151175	8.872875	10.95245	5.622021	2.939809	13.509022
chr10	101160000	101165000	chr10	101440000	101445000	0,0,0	4.641101	0.99660283	2.052501	2.9534962	3.4780378	3.0600693	1.4804838	5.685399
chr10	4845000	4850000	chr10	5430000	5435000	0,0,0	6.6752114	0.99969095	2.521788	4.8584275	5.429123	3.764339	1.8982509	8.082941
chr10	70925000	70930000	chr10	71205000	71210000	0,0,0	5.7811947	0.9978323	2.8420675	2.9321928	3.4071112	3.528318	1.5672952	6.1347113
chr10	115355000	115360000	chr10	116385000	116390000	0,0,0	4.7183003	0.99877554	1.8625818	3.8149488	4.434283	3.3148756	1.8397015	6.7059407
chr10	90750000	90755000	chr10	90860000	90865000	0,0,0	9.750698	1.0	3.6503003	3.8823738	4.7717085	3.4160063	1.6553062	6.8670053
chr10	52645000	52650000	chr10	52725000	52730000	0,0,0	6.3818336	0.9989473	3.020775	2.8936944	4.195912	4.2849345	1.2846166	6.857107
chr10	103885000	103890000	chr10	104210000	104215000	0,0,0	6.5399246	0.9994521	2.6033816	3.4101994	5.358342	4.4789567	1.79191	7.510245
chr10	60660000	60665000	chr10	60765000	60770000	0,0,0	3.7520282	1.0	2.0788581	1.5166272	1.5974884	2.0328832	0.53735447	3.3809962
chr10	98470000	98475000	chr10	99040000	99045000	0,0,0	4.316912	0.9900111	2.1119928	1.9202907	2.7163603	2.899836	1.074418	4.606761
chr10	23990000	23995000	chr10	24195000	24200000	0,0,0	8.820113	0.9999748	3.5814662	4.9198637	7.367931	6.2167416	2.6283596	10.589953
chr10	93915000	93920000	chr10	94320000	94325000	0,0,0	10.30031	0.99999946	3.3490534	8.804379	10.821997	6.6116843	3.6906214	14.437799
chr10	132390000	132395000	chr10	132450000	132455000	0,0,0	5.134518	1.0	2.6199844	1.8048725	2.9130597	3.3819082	1.0656185	4.9862394
chr10	64735000	64740000	chr10	66180000	66185000	0,0,0	4.2307253	0.9967131	2.2513728	1.8915477	3.234487	4.037031	1.3577696	5.718407
chr10	102915000	102920000	chr10	103245000	103250000	0,0,0	11.683763	0.99999994	3.0888987	10.487818	13.976902	7.3997717	4.7721305	16.722277
chr10	59905000	59910000	chr10	60030000	60035000	0,0,0	4.126077	0.98912597	2.1084516	2.0690494	2.4204035	2.6826918	0.78648514	4.521847
chr10	50185000	50190000	chr10	50755000	50760000	0,0,0	95.761604	1.0	23.091589	45.412903	55.33653	25.451775	20.171421	65.8188
chr10	116795000	116800000	chr10	117175000	117180000	0,0,0	17.353306	1.0	7.1079106	9.653382	13.90547	11.725076	5.1957307	20.305859
chr10	131885000	131890000	chr10	132020000	132025000	0,0,0	10.63633	1.0	3.6562858	4.849988	6.5621877	4.4536014	1.8885714	8.764702
chr10	114470000	114475000	chr10	114785000	114790000	0,0,0	5.2397213	0.99787074	2.5869296	2.5842133	3.575038	3.8555298	1.0662544	6.152608
chr10	112135000	112140000	chr10	112435000	112440000	0,0,0	9.54712	1.0	4.4295683	3.4196115	4.5890946	4.480985	2.152096	7.5206394
chr10	57335000	57340000	chr10	57655000	57660000	0,0,0	5.2549973	0.99482745	2.417925	2.8771834	3.0027168	2.7074385	1.0565662	5.264935
chr10	125940000	125945000	chr10	126505000	126510000	0,0,0	3.5894098	0.991693	1.8585626	2.0959263	2.5619433	2.92811	1.3726238	4.7911553
chr10	38810000	38815000	chr10	38885000	38890000	0,0,0	6.705416	1.0	2.4109778	4.083541	4.613216	3.0205667	1.8362359	6.650381
chr10	58785000	58790000	chr10	58945000	58950000	0,0,0	4.2251906	0.9853986	2.2779045	1.5744193	2.2567806	2.82759	0.7736679	4.2270737
chr10	13155000	13160000	chr10	13300000	13305000	0,0,0	4.8563056	0.9928314	2.1644778	2.0875359	3.2334478	3.0829678	1.1958805	4.9385552
chr10	28660000	28665000	chr10	29125000	29130000	0,0,0	7.1576552	0.9999946	3.5645857	4.7462225	7.1375694	7.9065533	2.783088	12.125419
chr10	116680000	116685000	chr10	116785000	116790000	0,0,0	7.746533	1.0	2.9243927	4.008044	5.0956078	3.7366278	1.537849	7.299333
chr10	24205000	24210000	chr10	24515000	24520000	0,0,0	6.0606146	1.0	2.7995543	2.7194405	2.948866	2.7074683	1.145112	5.1247487
chr10	58410000	58415000	chr10	58635000	58640000	0,0,0	6.256751	1.0	2.844736	2.3504832	3.0488155	2.8680103	1.1517789	4.9573283
chr10	26720000	26725000	chr10	26880000	26885000	0,0,0	4.865497	0.99568063	2.0708709	3.032738	3.370509	2.7494464	1.6389477	5.445214
chr10	62595000	62600000	chr10	63080000	63085000	0,0,0	4.4913197	0.99791485	2.221646	2.6569018	3.5462034	3.8118515	1.5835552	6.173542
chr10	77390000	77395000	chr10	77640000	77645000	0,0,0	5.176527	0.99818873	2.8656397	2.2574248	3.2757244	4.307771	1.522073	6.314371
chr10	105065000	105070000	chr10	105690000	105695000	0,0,0	4.0000606	0.9918114	1.8693029	2.47397	2.7627082	2.6064224	0.9542835	4.8055067
chr10	97460000	97465000	chr10	97550000	97555000	0,0,0	4.037312	0.9935092	2.032569	2.1853275	2.8160586	3.095373	1.2652156	5.0378866
chr10	14495000	14500000	chr10	14820000	14825000	0,0,0	4.1759753	0.99729395	1.8381027	2.9783344	3.6831079	3.2654667	1.0432718	5.912875
chr10	100340000	100345000	chr10	100430000	100435000	0,0,0	8.876749	0.99998647	3.4487808	5.0819416	8.171199	6.6944833	2.5230901	11.211765
chr10	27555000	27560000	chr10	28240000	28245000	0,0,0	4.121416	0.99729395	1.959952	2.6306818	3.5299559	3.574493	1.5149758	5.9128766
chr10	70550000	70555000	chr10	70755000	70760000	0,0,0	7.115253	0.999889	3.1238942	4.152924	5.9059663	5.415704	2.0379283	9.107192
chr10	11600000	11605000	chr10	11720000	11725000	0,0,0	3.715949	0.9880325	2.0511682	1.9623709	2.1170964	2.6816924	1.0089793	4.426022
chr10	88685000	88690000	chr10	88810000	88815000	0,0,0	9.709031	1.0	3.3271654	5.64726	6.955459	4.5017414	2.2992551	9.521528
chr10	87845000	87850000	chr10	88550000	88555000	0,0,0	10.178441	0.999987	3.4494822	6.7016335	8.272361	5.2952137	3.0254374	11.252221
chr10	104405000	104410000	chr10	104610000	104615000	0,0,0	6.703154	1.0	3.180703	3.3893661	3.4757795	3.284374	1.4620471	6.297144
chr10	50560000	50565000	chr10	50625000	50630000	0,0,0	5.221591	0.9965312	2.412228	2.5249045	3.499543	3.420172	1.0941526	5.664531
chr10	102225000	102230000	chr10	102475000	102480000	0,0,0	4.508536	0.9972723	1.8930724	3.1256168	3.7895622	3.12658	1.360487	5.9049067
chr10	11820000	11825000	chr10	11985000	11990000	0,0,0	4.12313	0.992038	2.2686982	1.648846	2.572398	3.3679383	0.86116296	4.833579
chr10	98465000	98470000	chr10	99245000	99250000	0,0,0	5.897218	0.99974835	2.7684534	2.4744854	5.6337214	6.0888805	1.587045	8.288424
chr10	63210000	63215000	chr10	63715000	63720000	0,0,0	4.912649	0.9994373	2.1186008	4.491825	6.524933	5.876951	2.0441453	9.869684
chr10	25755000	25760000	chr10	26270000	26275000	0,0,0	4.7865767	0.99896294	2.6433163	2.2529435	3.6814623	4.8694696	1.2568564	6.872086
chr10	60100000	60105000	chr10	60435000	60440000	0,0,0	8.175494	1.0	3.9734962	3.081892	4.9677515	5.365153	1.8976388	8.104612
chr10	58950000	58955000	chr10	59230000	59235000	0,0,0	3.585728	0.98151463	2.1156003	1.6110269	1.7513068	2.5591667	1.0187835	3.9911907
chr10	60440000	60445000	chr10	60765000	60770000	0,0,0	12.281221	1.0	4.615601	4.3707623	6.2138457	4.7270656	2.171517	8.612188
chr10	98790000	98795000	chr10	99035000	99040000	0,0,0	4.6183977	0.99823236	2.060679	3.257821	3.856213	3.4429274	1.4299836	6.3387685
chr10	6665000	6670000	chr10	7420000	7425000	0,0,0	4.922574	0.9936452	2.698858	1.8846666	2.628568	3.383812	1.120777	5.0590715
chr10	63630000	63635000	chr10	63700000	63705000	0,0,0	4.364	1.0	1.8745811	2.3283577	2.6125283	2.1675599	0.80465364	4.237211
chr10	930000	935000	chr10	1050000	1055000	0,0,0	4.4592576	1.0	2.1841767	1.775106	2.219245	2.3193824	1.0085033	3.8972545
chr10	11420000	11425000	chr10	11755000	11760000	0,0,0	10.89586	1.0	4.926706	4.347641	5.8663406	5.5281954	2.5399175	9.392765
chr10	69425000	69430000	chr10	69505000	69510000	0,0,0	7.438518	1.0	4.060528	1.9182844	3.2581325	4.238325	1.1110466	5.9434667
chr10	24390000	24395000	chr10	24500000	24505000	0,0,0	4.246483	0.98835856	2.4056597	1.6562617	2.1884735	2.981413	0.7943836	4.453645
chr10	28300000	28305000	chr10	28380000	28385000	0,0,0	5.270941	0.99617636	2.3682182	2.5778525	3.501446	3.2757113	1.334161	5.5671353
chr10	119750000	119755000	chr10	119855000	119860000	0,0,0	6.8744183	0.9989806	2.8496022	3.6214914	4.4916115	3.6701605	1.4036142	6.889264
chr10	110310000	110315000	chr10	110545000	110550000	0,0,0	10.034124	0.9999996	4.5185	6.143274	9.596409	9.288712	2.9304585	14.7494
chr10	67785000	67790000	chr10	68300000	68305000	0,0,0	5.796524	1.0	2.6985896	2.2765331	3.0750961	3.0219147	1.3676559	5.0455
chr10	104305000	104310000	chr10	104345000	104350000	0,0,0	4.53201	0.99487764	1.9342873	2.646212	3.400991	2.9225001	1.1673613	5.2746887
chr10	73885000	73890000	chr10	73935000	73940000	0,0,0	4.377673	0.9980964	2.0445025	2.4399726	3.9970124	4.0957966	1.248919	6.264661
chr10	6915000	6920000	chr10	7415000	7420000	0,0,0	6.7640905	0.9998691	2.1781416	5.572931	6.6862745	3.9883068	2.0016859	8.942023
chr10	6415000	6420000	chr10	6670000	6675000	0,0,0	9.915963	1.0	3.7945657	4.3535185	6.142451	4.7549534	1.8831788	8.624747
chr10	49605000	49610000	chr10	49765000	49770000	0,0,0	5.5961094	1.0	2.2518754	3.352945	3.5020697	2.5655687	1.4363188	5.5459642
chr10	91490000	91495000	chr10	91635000	91640000	0,0,0	8.54701	0.99998	2.9484425	6.2545934	7.945107	5.258664	2.2341533	10.818303
chr10	67855000	67860000	chr10	68210000	68215000	0,0,0	5.3529315	0.9998691	2.339593	4.384853	5.6729655	5.044548	2.2489936	8.942195
chr10	68080000	68085000	chr10	68155000	68160000	0,0,0	5.9880757	0.99870247	2.584778	2.972378	4.417494	4.0058756	1.2425408	6.6479893
chr10	21995000	22000000	chr10	22420000	22425000	0,0,0	6.5633125	1.0	3.1387296	2.8675988	3.2961924	3.25273	1.7267765	5.801707
chr10	117495000	117500000	chr10	118240000	118245000	0,0,0	13.509151	1.0	4.5261855	10.811989	15.392681	10.4074955	4.3548255	20.018152
chr10	90880000	90885000	chr10	91250000	91255000	0,0,0	9.33086	0.99995357	3.773512	5.1037765	6.734485	5.4421535	1.9996594	9.978844
chr10	124530000	124535000	chr10	124740000	124745000	0,0,0	6.5084443	0.9986085	3.0105152	2.679319	4.184313	4.1964397	1.4650842	6.578057
chr10	93545000	93550000	chr10	93675000	93680000	0,0,0	5.6859894	1.0	3.1235607	2.0680459	2.8635187	3.6968303	0.953952	5.5350933
chr10	23995000	24000000	chr10	24510000	24515000	0,0,0	5.592254	1.0	3.581922	1.406282	2.131052	3.795754	0.93144494	5.045782
chr10	94275000	94280000	chr10	94440000	94445000	0,0,0	6.2407117	1.0	2.8872614	1.9692149	3.2781773	3.3266852	0.9882488	5.0770984
chr10	5445000	5450000	chr10	5540000	5545000	0,0,0	4.55129	0.99099773	2.019517	2.363735	2.912642	2.6096692	0.99873006	4.710767
chr10	106790000	106795000	chr10	107815000	107820000	0,0,0	5.5005903	0.9993883	2.1023777	4.173333	5.0565624	3.690398	1.8162737	7.4000273
chr10	93490000	93495000	chr10	93680000	93685000	0,0,0	5.3935404	1.0	2.7247431	1.6546562	2.4925406	2.8231676	0.9175398	4.293973
chr10	99845000	99850000	chr10	100010000	100015000	0,0,0	3.6766253	0.99305695	2.2245805	1.3556745	2.3894434	3.7654865	0.94621557	4.9705305
chr10	103100000	103105000	chr10	103235000	103240000	0,0,0	4.03729	0.99205464	2.2302008	2.07812	2.342884	2.9884534	1.2069494	4.835671
chr10	99435000	99440000	chr10	99545000	99550000	0,0,0	3.840919	0.9946356	1.837515	1.8075929	3.357402	3.6217656	1.1306599	5.2285147
chr10	13370000	13375000	chr10	13440000	13445000	0,0,0	6.4338202	1.0	2.7968476	3.0876002	3.9004836	3.4192822	1.5238925	6.163816
chr10	72045000	72050000	chr10	72215000	72220000	0,0,0	4.23131	0.9906771	2.0328674	2.4210968	2.5853398	2.5236838	1.2454559	4.67577
chr10	87860000	87865000	chr10	88110000	88115000	0,0,0	5.911946	1.0	2.3852386	2.8686817	3.9534535	3.230383	1.4695787	5.780322
chr10	49590000	49595000	chr10	49915000	49920000	0,0,0	6.993725	1.0	3.670627	1.7987261	2.936761	3.5681276	1.0134504	5.166995
chr10	91490000	91495000	chr10	91910000	91915000	0,0,0	4.66919	1.0	2.4723144	1.5330652	2.2823224	2.784455	0.9251018	4.1471796
chr10	80140000	80145000	chr10	80220000	80225000	0,0,0	11.047005	0.9999913	3.7699118	6.8369417	8.572399	5.572489	2.436108	11.64977
chr10	80695000	80700000	chr10	80920000	80925000	0,0,0	6.1544204	0.9988423	2.1879778	4.294435	4.6621966	2.9447331	1.5002924	6.7620087
chr10	51065000	51070000	chr10	52215000	52220000	0,0,0	5.1518955	0.99859506	2.0897121	3.3537157	4.423395	3.5873806	2.0446658	6.5684614
chr10	73260000	73265000	chr10	73645000	73650000	0,0,0	6.371137	0.998876	2.254	4.2409964	4.7370253	3.021776	1.705565	6.7915506
chr10	60815000	60820000	chr10	61280000	61285000	0,0,0	7.7706337	1.0	3.5408676	3.267693	4.6179724	4.446046	1.563758	7.3506618
chr10	17605000	17610000	chr10	17740000	17745000	0,0,0	8.688021	0.9999112	3.745002	4.010454	6.2889304	5.7651334	1.8908066	9.329982
chr10	12710000	12715000	chr10	13075000	13080000	0,0,0	8.0310755	1.0	3.4791865	3.4564896	4.4464726	3.8999138	1.6079234	6.9723487
chr10	4845000	4850000	chr10	4980000	4985000	0,0,0	3.9625635	1.0	2.1114976	1.697241	1.9327033	2.3018758	1.0429777	3.8105345
chr10	123040000	123045000	chr10	123555000	123560000	0,0,0	17.471607	1.0	5.382659	13.323429	16.502668	9.583144	5.1119666	21.426193
chr10	95195000	95200000	chr10	95365000	95370000	0,0,0	5.2250533	0.9987233	2.43677	3.5451355	3.7840695	3.5129347	1.4245032	6.6641665
chr10	30390000	30395000	chr10	30530000	30535000	0,0,0	6.209335	0.99950564	2.7208762	3.4296107	4.9681463	4.564526	1.8451983	7.613069
chr10	5090000	5095000	chr10	5280000	5285000	0,0,0	5.8875146	0.99926406	2.4869328	3.532386	4.745345	4.0752006	1.2768037	7.2150993
chr10	21275000	21280000	chr10	21950000	21955000	0,0,0	10.780442	1.0	4.85451	3.4943647	5.1151752	4.883646	1.5825444	7.989748
chr10	103885000	103890000	chr10	104120000	104125000	0,0,0	3.8796737	0.9808953	1.9286437	1.7984102	2.2110047	2.3596427	0.86089915	3.9582295
chr10	101095000	101100000	chr10	101140000	101145000	0,0,0	4.376396	0.9962965	1.8391039	2.6789274	3.732651	3.2177918	1.0715548	5.5990605
chr10	23305000	23310000	chr10	23705000	23710000	0,0,0	3.9540417	0.9934264	2.2967126	2.074852	2.2536783	3.1808963	1.0921437	5.0252094
chr10	97460000	97465000	chr10	97605000	97610000	0,0,0	4.237231	0.99513257	1.9631478	2.5304585	3.2008283	3.0764456	0.92228496	5.3257422
chr10	115795000	115800000	chr10	116285000	116290000	0,0,0	3.7413957	0.9943387	1.9498794	1.9753468	2.8838952	3.4187722	1.0534506	5.174636
chr10	100435000	100440000	chr10	100515000	100520000	0,0,0	6.096739	1.0	2.7719765	2.697226	3.2377868	2.985025	1.1815931	5.3825593
chr10	21990000	21995000	chr10	23065000	23070000	0,0,0	6.3395357	0.99992603	3.0719528	3.3125782	6.0051312	6.568542	2.0553524	9.513056
chr10	69000000	69005000	chr10	69090000	69095000	0,0,0	3.8931563	1.0	2.3285306	1.0550578	1.7050257	2.6174474	0.46917108	3.5552766
chr10	23990000	23995000	chr10	24360000	24365000	0,0,0	5.51837	0.99825865	2.8319592	2.4815562	3.592169	4.147927	1.3226812	6.3537545
chr10	17605000	17610000	chr10	17865000	17870000	0,0,0	4.3450847	1.0	2.2732506	1.9122626	1.949197	2.1997976	0.82419795	3.8995867
chr10	120945000	120950000	chr10	121605000	121610000	0,0,0	7.3156414	0.99998516	2.528291	6.733419	8.003045	5.1343174	2.3838189	11.119578
chr10	6200000	6205000	chr10	6400000	6405000	0,0,0	13.25854	1.0	4.0069385	7.293727	9.499691	5.5745587	2.5935683	12.057872
chr10	11515000	11520000	chr10	11755000	11760000	0,0,0	8.967083	0.99997973	4.024923	5.6511025	6.4828134	5.785853	2.4802916	10.809055
chr10	15875000	15880000	chr10	16805000	16810000	0,0,0	8.313532	0.9999826	2.990293	6.081274	7.9251175	5.5548663	3.018215	10.960443
chr10	43670000	43675000	chr10	44385000	44390000	0,0,0	10.015845	0.9999958	3.2914631	8.173046	8.903401	5.1179543	2.8204536	12.382885
chr10	86705000	86710000	chr10	86900000	86905000	0,0,0	5.4873977	0.9981395	2.7546957	3.0007555	3.392097	3.6202295	1.2309039	6.2875676
chr10	124525000	124530000	chr10	124825000	124830000	0,0,0	4.4326215	0.98986286	2.2635334	1.4403391	2.790911	3.3117232	1.1648434	4.592025
chr10	48980000	48985000	chr10	49510000	49515000	0,0,0	6.5482326	1.0	3.100222	2.7833242	3.016646	2.8839922	1.3511354	5.3580585
chr10	30750000	30755000	chr10	31490000	31495000	0,0,0	4.499211	0.9994305	2.7112286	2.2415667	3.5185504	5.479013	1.4704037	7.4715166
chr10	92885000	92890000	chr10	93350000	93355000	0,0,0	4.9893675	1.0	2.5353963	2.347317	2.608671	2.8351984	0.9198056	4.9217024
chr10	46225000	46230000	chr10	46565000	46570000	0,0,0	15.782694	1.0	4.4225883	9.000528	9.99219	4.885607	3.4482088	12.886076
chr10	98170000	98175000	chr10	98305000	98310000	0,0,0	4.626451	1.0	2.4252732	1.46873	2.34204	2.8327084	0.86345917	4.138246
chr10	2930000	2935000	chr10	3040000	3045000	0,0,0	9.273286	1.0	4.2510395	2.7883272	5.150448	5.2554035	1.514227	7.7339168
chr10	97035000	97040000	chr10	97210000	97215000	0,0,0	5.490273	0.9962326	2.0650816	3.4815352	3.7004716	2.4872644	1.2507395	5.581962
chr10	4850000	4855000	chr10	5095000	5100000	0,0,0	8.093454	0.99970055	3.1957011	4.078782	5.6330643	4.4887214	1.9097428	8.1143055
chr10	123580000	123585000	chr10	123965000	123970000	0,0,0	25.941782	1.0	8.175756	14.79222	19.504652	11.990711	5.179966	25.139353
chr10	93375000	93380000	chr10	93480000	93485000	0,0,0	18.350609	1.0	5.64632	9.565209	13.040239	7.973794	3.6281078	16.476202
chr10	72360000	72365000	chr10	72835000	72840000	0,0,0	9.854154	0.9999948	4.279629	4.5869093	8.465631	8.094883	3.062451	12.172136
chr10	4815000	4820000	chr10	5435000	5440000	0,0,0	7.9471364	1.0	2.9072502	4.1637936	5.7048616	4.157114	1.8648368	7.858264
chr10	24635000	24640000	chr10	25085000	25090000	0,0,0	8.070103	0.9999594	3.9325085	4.33893	5.93169	6.255663	3.0539358	10.11249
chr10	114470000	114475000	chr10	114545000	114550000	0,0,0	6.5094905	1.0	2.8224366	2.326111	3.532428	3.237864	1.1482314	5.305518
chr10	62035000	62040000	chr10	62245000	62250000	0,0,0	11.04325	0.9999963	4.808689	5.3649406	8.357813	7.74675	2.8049552	12.515586
chr10	89425000	89430000	chr10	89560000	89565000	0,0,0	14.246516	1.0	5.1787086	7.2066727	9.843931	7.1154294	2.6685967	13.52136
chr10	59860000	59865000	chr10	60030000	60035000	0,0,0	4.316178	0.99081206	2.7251122	1.2238244	2.0896459	3.602509	0.8476587	4.690353
chr10	21495000	21500000	chr10	21950000	21955000	0,0,0	7.6245823	1.0	3.5418684	3.1498866	4.026452	3.8949885	1.8050104	6.694888
chr10	84375000	84380000	chr10	84535000	84540000	0,0,0	10.569687	0.99999267	4.011042	6.5539637	8.1856575	5.9968443	2.9233863	11.82259
chr10	6105000	6110000	chr10	6400000	6405000	0,0,0	21.020126	1.0	6.306347	10.065503	13.589841	8.079614	3.4752362	17.026728
chr10	116800000	116805000	chr10	117075000	117080000	0,0,0	5.1135607	0.998149	2.3285189	3.4883304	3.6108892	3.19194	1.5482943	6.2926784
chr10	127715000	127720000	chr10	127850000	127855000	0,0,0	4.9933724	1.0	2.023437	2.6104157	3.0043902	2.3169146	1.0477266	4.637284
chr10	109880000	109885000	chr10	110135000	110140000	0,0,0	5.5445023	1.0	2.7377152	1.75967	2.3107302	2.4695218	1.0202311	4.033673
chr10	19820000	19825000	chr10	20765000	20770000	0,0,0	10.072188	0.9999775	3.684643	6.7221785	7.2450447	4.7282577	2.8009214	10.703527
chr10	87530000	87535000	chr10	87770000	87775000	0,0,0	9.31353	1.0	3.3424022	4.985765	5.6190004	3.6658707	1.9223033	8.097662
chr10	33015000	33020000	chr10	33150000	33155000	0,0,0	4.212631	1.0	2.5721838	1.1898408	1.6125512	2.570355	0.8264789	3.6279912
chr10	24730000	24735000	chr10	25080000	25085000	0,0,0	4.327327	0.9940341	1.9998469	2.6712303	2.9691086	2.7478034	1.3910753	5.12223
chr10	16840000	16845000	chr10	17255000	17260000	0,0,0	13.444373	1.0	5.8421006	8.284824	11.946011	10.844899	3.009781	18.209187
chr10	4850000	4855000	chr10	5380000	5385000	0,0,0	5.5484877	0.9999356	2.1248362	5.3292985	6.6408377	4.9145536	2.1019733	9.651708
chr10	60110000	60115000	chr10	60205000	60210000	0,0,0	7.4625673	1.0	3.8860564	2.60091	3.8431087	4.5567517	1.2211564	6.868672
chr10	57340000	57345000	chr10	58060000	58065000	0,0,0	7.2405734	0.9996769	2.8587425	3.998567	5.6016626	4.4840326	2.253145	8.038314
chr10	14195000	14200000	chr10	14475000	14480000	0,0,0	4.4711766	1.0	2.4425547	1.6985006	2.0358896	2.55997	0.81256735	4.0697484
chr10	3205000	3210000	chr10	4665000	4670000	0,0,0	4.508239	0.99886996	2.0347319	3.822359	3.9065368	3.3885422	1.8555939	6.786195
chr10	98465000	98470000	chr10	99280000	99285000	0,0,0	6.1071415	0.999754	2.419075	4.319104	5.6825476	4.471765	2.206673	8.310968
chr10	93910000	93915000	chr10	94440000	94445000	0,0,0	6.411566	0.9995076	2.8085127	3.9930096	4.691739	4.067686	1.9972457	7.6170278
chr10	21170000	21175000	chr10	21265000	21270000	0,0,0	4.2729278	1.0	2.1968791	1.3269176	2.3184721	2.748464	0.91693795	3.9279463
chr10	98240000	98245000	chr10	98305000	98310000	0,0,0	4.341729	0.98859584	1.8806016	2.2907047	2.8175282	2.4380612	0.92796224	4.474243
chr10	93080000	93085000	chr10	93350000	93355000	0,0,0	6.2151937	0.999457	2.3435276	4.709003	4.9642315	3.3334372	1.7981442	7.519217
chr10	101215000	101220000	chr10	101565000	101570000	0,0,0	3.8524733	0.99718684	2.0832777	2.4098158	3.0100625	3.7320006	1.4799359	5.874059
chr10	5440000	5445000	chr10	5620000	5625000	0,0,0	15.356533	1.0	5.9411683	7.793193	10.682735	8.29128	3.1867316	15.218562
chr10	67855000	67860000	chr10	68300000	68305000	0,0,0	7.5829067	0.9997562	2.8428693	4.2968283	5.977878	4.500654	1.810954	8.320058
chr10	127905000	127910000	chr10	128010000	128015000	0,0,0	7.22508	0.9996535	2.3001935	4.900596	6.036542	3.6123385	2.0213675	7.968424
chr10	115170000	115175000	chr10	115415000	115420000	0,0,0	4.9776707	0.9931832	2.584102	1.9713708	2.762691	3.2365549	1.1587231	4.9888844
chr10	17605000	17610000	chr10	17830000	17835000	0,0,0	3.558969	0.979477	1.8941611	1.6498103	2.0158317	2.420113	0.91922295	3.886611
chr10	61900000	61905000	chr10	62245000	62250000	0,0,0	6.605013	1.0	3.1066554	2.6945276	4.0469975	4.12297	1.4607053	6.518106
chr10	34665000	34670000	chr10	34985000	34990000	0,0,0	7.815333	1.0	3.9990153	3.5594254	4.125755	4.576002	1.5598079	7.7399354
chr10	67695000	67700000	chr10	67775000	67780000	0,0,0	6.2082186	1.0	2.6658149	2.62832	3.4132545	2.966117	1.1104182	5.3024015
chr10	113795000	113800000	chr10	114100000	114105000	0,0,0	9.247764	0.99999964	3.6941724	5.971455	11.022554	9.620936	3.3333917	14.928896
chr10	86400000	86405000	chr10	86585000	86590000	0,0,0	8.753719	1.0	4.0376177	3.4125993	5.26946	5.2532663	2.2153287	8.286688
chr10	28660000	28665000	chr10	29305000	29310000	0,0,0	7.492188	0.9999929	3.2255955	6.117196	7.4909077	6.418531	2.9497476	11.856038
chr10	60440000	60445000	chr10	60645000	60650000	0,0,0	9.937426	1.0	3.7163036	4.6693187	6.8304257	5.219107	2.2085094	9.369613
chr10	87655000	87660000	chr10	87770000	87775000	0,0,0	5.2235684	0.99692494	2.26055	2.4651096	3.8947906	3.5938196	1.4167923	5.785028
chr10	16160000	16165000	chr10	16775000	16780000	0,0,0	4.4480224	1.0	2.249536	2.092427	2.0937908	2.205934	1.2545153	4.0658693
chr10	114545000	114550000	chr10	114785000	114790000	0,0,0	6.0957975	0.99948967	2.8536553	3.469949	4.5653706	4.496885	1.8174635	7.581284
chr10	117215000	117220000	chr10	117315000	117320000	0,0,0	5.0772495	1.0	2.504158	1.6951623	2.1412215	2.2676117	0.82676286	3.7744226
chr10	80060000	80065000	chr10	80250000	80255000	0,0,0	4.8479743	1.0	2.7858834	1.485091	2.1499014	3.0320096	1.1195769	4.3520904
chr10	84425000	84430000	chr10	84535000	84540000	0,0,0	8.081866	0.9999263	2.9408965	5.070886	6.923579	5.009387	2.2141154	9.516841
chr10	84265000	84270000	chr10	84535000	84540000	0,0,0	15.077888	1.0	4.7809596	7.6477666	9.36522	5.562259	2.8602214	12.360273
chr10	63215000	63220000	chr10	63625000	63630000	0,0,0	5.6790943	0.9999133	2.5747635	5.1612344	5.408568	4.766154	2.1700096	9.353918
chr10	132460000	132465000	chr10	132570000	132575000	0,0,0	4.5119085	0.99126893	2.0482779	2.3682475	2.8610587	2.6362493	1.1913038	4.7413583
chr10	52305000	52310000	chr10	52490000	52495000	0,0,0	5.5546565	0.99937695	2.5575707	3.6075494	4.41947	4.1749635	1.844224	7.381674
chr10	98470000	98475000	chr10	98660000	98665000	0,0,0	6.137802	1.0	2.4975488	3.356553	3.8117077	2.9406333	1.3148153	5.924236
chr10	113700000	113705000	chr10	114100000	114105000	0,0,0	5.787386	0.99952525	2.767152	3.4102373	4.535659	4.622185	1.6315225	7.653507
chr10	25875000	25880000	chr10	26265000	26270000	0,0,0	5.378813	0.9991255	3.171007	1.825933	3.6037574	5.4194846	1.5930591	7.042536
chr10	58810000	58815000	chr10	58915000	58920000	0,0,0	3.9143333	1.0	2.0615952	1.733534	2.0053964	2.3426661	0.84816366	3.8835852
chr10	48970000	48975000	chr10	49400000	49405000	0,0,0	4.245473	1.0	2.1677306	1.8826827	2.263034	2.5169253	0.9317617	4.190421
chr10	23990000	23995000	chr10	24555000	24560000	0,0,0	4.781984	0.9951018	2.0480142	2.7436914	3.3801005	2.8806043	1.155961	5.319441
chr10	77165000	77170000	chr10	77710000	77715000	0,0,0	4.0416327	0.99891216	2.018512	2.6333818	4.0208526	4.4834914	1.5001819	6.824275
chr10	3240000	3245000	chr10	4650000	4655000	0,0,0	4.756721	0.999882	2.2509341	4.2970014	5.2969675	5.2260036	2.1605427	9.045561
chr10	123130000	123135000	chr10	123555000	123560000	0,0,0	6.7599187	0.9997715	3.1722531	3.2949524	5.305548	5.4557705	1.6894083	8.384617
chr10	79375000	79380000	chr10	79470000	79475000	0,0,0	4.827452	1.0	2.9624593	1.0792888	1.9617615	3.1844914	0.5714716	4.1438594
chr10	114545000	114550000	chr10	114695000	114700000	0,0,0	8.360644	0.9999672	3.843222	4.6470222	6.39523	6.196519	2.5816503	10.327205
chr10	30000000	30005000	chr10	30245000	30250000	0,0,0	6.5683317	1.0	3.1637385	3.2686176	3.6628194	3.6350527	1.411317	6.54049
chr10	7870000	7875000	chr10	9300000	9305000	0,0,0	14.984161	1.0	4.908568	12.760192	14.928148	8.938612	4.341561	20.281004
chr10	132455000	132460000	chr10	132635000	132640000	0,0,0	18.535069	1.0	5.0231843	9.593954	13.273241	7.336367	3.9803493	15.8643265
chr10	104045000	104050000	chr10	104210000	104215000	0,0,0	6.4589725	0.9994506	2.7354572	3.5274968	4.998747	4.37198	2.0343907	7.507532
chr10	112530000	112535000	chr10	112950000	112955000	0,0,0	8.773375	0.9999898	3.6261952	5.19921	7.9377685	6.8734994	3.305189	11.49502
chr10	110135000	110140000	chr10	110275000	110280000	0,0,0	17.598831	1.0	5.9082484	8.175472	10.482336	6.7703996	3.1835861	14.037486
chr10	3195000	3200000	chr10	4770000	4775000	0,0,0	15.051794	1.0	6.0227814	8.840907	13.143239	10.880301	4.3244023	18.738886
chr10	96015000	96020000	chr10	96330000	96335000	0,0,0	6.1597095	1.0	3.2375302	2.5015259	3.0404782	3.5655909	1.2586251	5.7891693
chr10	88830000	88835000	chr10	88985000	88990000	0,0,0	4.7962317	1.0	2.4839272	1.3430567	2.2986832	2.7491329	0.8330011	3.942961
chr10	59230000	59235000	chr10	59815000	59820000	0,0,0	6.08071	1.0	2.9963605	1.8592346	2.0852356	2.1513147	0.7361075	3.8039677
chr10	17290000	17295000	chr10	17430000	17435000	0,0,0	7.809699	0.9998363	3.6918807	3.452826	5.4564033	5.6493235	1.6921576	8.718502
chr10	15900000	15905000	chr10	16775000	16780000	0,0,0	7.4551563	0.9999879	3.0015938	5.2568226	7.9426975	6.6525693	1.9304055	11.3253
chr10	26890000	26895000	chr10	27355000	27360000	0,0,0	20.178745	1.0	4.155533	18.889603	22.311417	8.804134	7.1724896	25.59489
chr10	35120000	35125000	chr10	35215000	35220000	0,0,0	9.830096	1.0	3.3859754	4.8087335	6.141314	4.068542	1.6574883	8.342972
chr10	33190000	33195000	chr10	34640000	34645000	0,0,0	9.338846	1.0	3.9544535	2.817289	5.5371704	5.205838	1.9480808	7.710095
chr10	128265000	128270000	chr10	128860000	128865000	0,0,0	4.572297	0.9917122	2.180155	2.274725	2.7811637	2.7714949	1.0719812	4.7934723
chr10	90910000	90915000	chr10	91250000	91255000	0,0,0	6.7262936	0.99992913	2.9959888	4.115207	6.22283	5.8977833	2.4692075	9.555745
chr10	57715000	57720000	chr10	58065000	58070000	0,0,0	6.0911007	0.99962986	3.4154096	2.7812357	4.03344	5.430285	1.897191	7.9024944
chr10	125940000	125945000	chr10	126745000	126750000	0,0,0	4.7188535	1.0	2.3563082	2.2516146	2.4870396	2.616905	1.2294878	4.61834
chr10	51010000	51015000	chr10	52210000	52215000	0,0,0	6.51606	0.9996658	2.8088083	4.2272835	5.0021367	4.2469363	2.0657747	8.004521
chr10	35630000	35635000	chr10	36725000	36730000	0,0,0	5.261618	0.9997729	2.2335622	4.318902	5.385947	4.5520496	1.6418499	8.391074
chr10	71310000	71315000	chr10	71695000	71700000	0,0,0	5.8128505	0.9984528	3.1691124	2.4102225	3.3941236	4.3295465	1.3053044	6.4719667
chr10	30390000	30395000	chr10	30590000	30595000	0,0,0	9.802765	0.99998957	3.5101008	6.491064	8.259067	5.7002206	2.7922983	11.470056
chr10	79560000	79565000	chr10	79925000	79930000	0,0,0	7.960661	0.99997616	2.513592	6.711968	8.025152	4.6789584	2.5260475	10.645152
chr10	124020000	124025000	chr10	124390000	124395000	0,0,0	5.791349	0.99922657	2.9003756	3.159679	4.0090847	4.356852	1.749338	7.165456
chr10	48210000	48215000	chr10	48290000	48295000	0,0,0	4.5099697	1.0	2.2734158	1.7906367	2.3627715	2.6130445	0.79350924	4.2047215
chr10	93080000	93085000	chr10	93285000	93290000	0,0,0	5.386327	0.99987066	2.7381558	3.534996	5.1107683	5.8115444	2.3317509	8.953763
chr10	99840000	99845000	chr10	100045000	100050000	0,0,0	9.654103	0.9999988	3.2584977	8.311574	9.990463	6.2782545	3.2719057	13.66632
chr10	103715000	103720000	chr10	103855000	103860000	0,0,0	9.743347	1.0	4.6446652	3.658227	6.03007	6.360109	2.0817604	9.611866
chr10	21995000	22000000	chr10	22585000	22590000	0,0,0	7.6291356	1.0	2.9163961	4.266332	5.0331507	3.6323874	1.5624475	7.4246826
chr10	119205000	119210000	chr10	119415000	119420000	0,0,0	5.07934	0.9986367	2.5938504	2.8453724	3.6224566	4.069334	1.2108283	6.5985537
chr10	97915000	97920000	chr10	98045000	98050000	0,0,0	8.3662615	0.9997901	3.4299626	4.335391	5.640468	4.61584	2.214839	8.4695215
chr10	95375000	95380000	chr10	95600000	95605000	0,0,0	7.7871513	0.9999244	3.3411322	3.9301918	6.502359	5.9981117	2.0406928	9.491615
chr10	77170000	77175000	chr10	77640000	77645000	0,0,0	15.893701	1.0	5.505812	12.417605	16.963982	11.653251	5.192437	22.691122
chr10	115705000	115710000	chr10	116285000	116290000	0,0,0	5.832787	0.9996544	2.456074	3.8889809	5.265846	4.5142145	1.8487885	7.971086
chr10	87530000	87535000	chr10	87650000	87655000	0,0,0	3.5310342	1.0	1.9565326	1.2413402	1.5162692	1.963708	0.62646186	3.0671215
chr10	59240000	59245000	chr10	59575000	59580000	0,0,0	6.648086	0.99980015	3.3532765	3.7773747	4.7081733	5.1612353	1.7377915	8.518902
chr10	102225000	102230000	chr10	102400000	102405000	0,0,0	4.6888046	0.9993959	1.9371691	3.869547	4.8622036	3.9729424	1.9613146	7.4125395
chr10	22570000	22575000	chr10	22985000	22990000	0,0,0	5.448765	0.99751	2.9356968	2.35104	3.1455839	3.9062815	0.9358123	5.9960947
chr10	15425000	15430000	chr10	15725000	15730000	0,0,0	8.412229	0.9998631	3.7926245	4.6179028	5.32524	4.792315	1.802231	8.897118
chr10	114470000	114475000	chr10	114700000	114705000	0,0,0	4.4343104	0.9925477	2.4598868	1.4454541	2.6861207	3.6148949	1.015625	4.899743
chr10	26335000	26340000	chr10	26555000	26560000	0,0,0	17.86267	1.0	5.52984	13.017735	16.75092	9.9897	4.7366714	21.56102
chr10	95130000	95135000	chr10	95360000	95365000	0,0,0	5.9279604	0.99832207	2.6395938	2.7569246	4.160829	3.9402597	1.5200493	6.390859
chr10	88395000	88400000	chr10	88550000	88555000	0,0,0	4.095642	0.9846795	2.3846738	1.4395176	2.0080395	2.8994281	0.7975491	4.1789994
chr10	35635000	35640000	chr10	36880000	36885000	0,0,0	10.246172	0.99997723	3.7464545	5.3600655	7.916826	5.9266443	2.6372118	10.691147
chr10	71310000	71315000	chr10	71570000	71575000	0,0,0	6.840767	0.99929893	2.877874	3.3410153	4.904266	4.2938285	1.870868	7.263621
chr10	114300000	114305000	chr10	114455000	114460000	0,0,0	4.0958953	0.98984385	2.407049	1.1343296	2.3900893	3.5818613	0.69520235	4.590154
chr10	102915000	102920000	chr10	103070000	103075000	0,0,0	5.8172064	0.99912345	2.5252738	3.2409868	4.6046066	4.1594014	1.6251047	7.0402784
chr10	127905000	127910000	chr10	128070000	128075000	0,0,0	5.385798	1.0	2.500358	1.8997786	2.997397	3.0266862	1.0798012	4.7153783
chr10	103600000	103605000	chr10	103685000	103690000	0,0,0	5.5571446	1.0	2.2793705	2.428184	3.058769	2.4779139	0.9905678	4.6362996
chr10	4850000	4855000	chr10	5280000	5285000	0,0,0	6.8611984	0.9999695	3.6439848	4.223289	5.506882	6.6444736	2.0449364	10.398508
chr10	110305000	110310000	chr10	110600000	110605000	0,0,0	9.259817	0.9999998	3.0673542	9.357684	11.703629	7.360338	3.8968828	15.678279
chr10	16115000	16120000	chr10	16775000	16780000	0,0,0	9.341065	0.99993604	2.754269	6.6129956	7.3352113	3.7803671	2.1949465	9.658586
chr10	71895000	71900000	chr10	72045000	72050000	0,0,0	6.0401587	1.0	2.4599273	2.813943	3.9108872	3.2405968	1.3118747	5.7418795
chr10	70925000	70930000	chr10	71275000	71280000	0,0,0	6.9507923	1.0	3.0274343	2.7924442	4.6167045	4.3355956	1.6980876	6.8177686
chr10	74265000	74270000	chr10	75020000	75025000	0,0,0	8.413964	0.9999714	4.1985226	4.0128026	6.18368	6.8953295	2.5228696	10.462265
chr10	131455000	131460000	chr10	131780000	131785000	0,0,0	4.111014	0.99515516	2.1050127	2.0908499	3.0186462	3.4718573	1.1063936	5.330391
chr10	78045000	78050000	chr10	79195000	79200000	0,0,0	14.349456	1.0	4.4374356	7.0362525	9.560665	5.863271	2.7600496	12.117718
chr10	27445000	27450000	chr10	27655000	27660000	0,0,0	7.5001087	0.99949366	2.8236084	3.9825082	5.402485	4.0490994	1.5586139	7.5891066
chr10	7520000	7525000	chr10	7685000	7690000	0,0,0	6.6133666	1.0	3.1091564	2.1802206	4.0009356	4.211238	1.2466642	6.149212
chr10	35635000	35640000	chr10	36780000	36785000	0,0,0	9.923248	0.99999714	4.1849284	6.7038164	8.190065	6.8151183	3.982303	12.774066
chr10	118570000	118575000	chr10	118795000	118800000	0,0,0	3.5343676	1.0	2.16565	1.3077408	1.3734857	2.1880503	0.64035714	3.3504863
chr10	48365000	48370000	chr10	48510000	48515000	0,0,0	4.1469245	1.0	2.0593915	1.7507288	1.996515	2.095025	0.7879119	3.6512284
chr10	112115000	112120000	chr10	112310000	112315000	0,0,0	5.27881	1.0	2.4498014	2.3438334	2.91296	2.794804	0.9526364	4.8782115
chr10	62260000	62265000	chr10	62430000	62435000	0,0,0	3.9121757	1.0	2.4515033	1.0106474	1.4277234	2.4151537	0.60336405	3.3135068
chr10	11515000	11520000	chr10	11725000	11730000	0,0,0	9.630054	0.9999956	4.638832	5.5889735	7.1944404	7.3664966	2.893793	12.334474
chr10	112320000	112325000	chr10	112430000	112435000	0,0,0	7.3353252	1.0	3.2792127	2.8982742	3.6179638	3.288497	1.3881336	5.864741
chr10	74420000	74425000	chr10	75095000	75100000	0,0,0	4.481615	0.9991297	1.8258429	3.7241857	4.6633205	3.7370594	1.5930417	7.0474463
chr10	117495000	117500000	chr10	118420000	118425000	0,0,0	4.876334	0.99827886	2.7764852	2.1576023	3.204147	4.447569	1.3636419	6.365438
chr10	28675000	28680000	chr10	28990000	28995000	0,0,0	8.0153	0.9999847	3.2566812	6.062566	7.2549987	5.6996655	2.0247326	11.0886135
chr10	102230000	102235000	chr10	102580000	102585000	0,0,0	4.019869	0.98991334	2.0546644	2.0555172	2.483736	2.7698913	1.3676006	4.597018
chr10	57575000	57580000	chr10	58155000	58160000	0,0,0	4.109377	0.9919151	1.9918245	2.3457735	2.7065487	2.7331288	1.1838776	4.8182607
chr10	26335000	26340000	chr10	26880000	26885000	0,0,0	7.707432	1.0	3.6101239	2.5613942	2.5752714	2.365413	1.3428894	4.6422076
chr10	95245000	95250000	chr10	95360000	95365000	0,0,0	9.388367	0.9999789	3.5432281	5.317057	7.814836	6.039901	1.9009829	10.766173
chr10	71890000	71895000	chr10	72220000	72225000	0,0,0	6.0790477	1.0	2.243245	3.351334	3.759074	2.5334032	1.3068707	5.512367
chr10	91755000	91760000	chr10	91910000	91915000	0,0,0	15.014865	0.9999997	4.499715	9.509247	11.689913	6.5755577	3.4163103	15.028221
chr10	21275000	21280000	chr10	21495000	21500000	0,0,0	6.0768094	1.0	2.5904682	3.0826719	3.7544527	3.1675177	1.3898916	5.9076705
chr10	100445000	100450000	chr10	100875000	100880000	0,0,0	6.135587	1.0	3.1090066	2.3850045	2.7532043	2.9992728	1.2238612	5.119277
chr10	112470000	112475000	chr10	113380000	113385000	0,0,0	7.2311726	1.0	3.6231103	3.0770054	3.4456356	3.6578848	1.3829327	6.3930006
chr10	23310000	23315000	chr10	23525000	23530000	0,0,0	6.418002	0.99964994	3.0003033	3.233394	5.0049706	5.0840464	1.2505002	7.9581738
chr10	70815000	70820000	chr10	70880000	70885000	0,0,0	6.9898663	0.9993396	3.2124772	3.2517352	4.557944	4.4329805	1.4858216	7.3234115
chr10	118565000	118570000	chr10	118720000	118725000	0,0,0	8.104197	0.9998009	3.5512218	3.9170444	5.5228806	5.0408926	1.6856645	8.52271
chr10	13655000	13660000	chr10	13775000	13780000	0,0,0	7.4570136	1.0	3.2697182	3.0580966	4.364802	3.9992342	1.7195481	6.7175426
chr10	63165000	63170000	chr10	63715000	63720000	0,0,0	6.522412	0.9999892	3.294885	3.5940142	7.047615	8.244574	2.634297	11.439253
chr10	102915000	102920000	chr10	103480000	103485000	0,0,0	7.0580597	0.99957156	2.6456275	4.456927	5.347864	3.7944336	1.7801539	7.756146
chr10	132220000	132225000	chr10	132350000	132355000	0,0,0	13.467429	1.0	4.3430133	5.265791	6.6855474	4.1217337	2.129386	8.802437
chr10	87655000	87660000	chr10	87735000	87740000	0,0,0	5.770326	0.99792886	2.9923928	2.326608	3.4856012	4.112199	1.4297285	6.1802945
chr10	120220000	120225000	chr10	120335000	120340000	0,0,0	6.3489523	0.99857897	1.9837407	4.0329394	5.027751	2.972233	1.4415988	6.5570683
chr10	52810000	52815000	chr10	53590000	53595000	0,0,0	3.9879577	1.0	2.1146765	1.7105868	1.9287876	2.2727108	0.8356241	3.7932324
chr10	125060000	125065000	chr10	125150000	125155000	0,0,0	5.010423	1.0	2.4546037	1.6601441	2.4072623	2.586053	1.0228949	4.0617366
chr10	33330000	33335000	chr10	34635000	34640000	0,0,0	16.39335	1.0	5.943914	8.010155	10.238881	7.1814923	3.7981725	14.30163
chr10	72240000	72245000	chr10	72325000	72330000	0,0,0	5.97284	1.0	2.8973646	2.0821843	2.5244503	2.5809093	1.1278832	4.43174
chr10	21495000	21500000	chr10	21730000	21735000	0,0,0	6.1092997	0.99899	2.3681207	3.7396407	4.7309213	3.574391	1.4462844	6.8985157
chr10	131450000	131455000	chr10	131835000	131840000	0,0,0	4.7840157	0.997896	1.9293537	3.274318	4.1104245	3.2540705	1.1310933	6.164575
chr10	80445000	80450000	chr10	80505000	80510000	0,0,0	4.2828655	0.9961891	2.2326787	2.3180373	3.007474	3.5099905	1.08645	5.570468
chr10	72370000	72375000	chr10	72875000	72880000	0,0,0	7.022602	0.99991465	3.5695524	4.2955236	5.0510955	5.5517383	2.3522131	9.369982
chr10	84610000	84615000	chr10	84740000	84745000	0,0,0	5.472688	0.9972016	2.3740902	2.8631594	3.7697291	3.3343024	1.1841737	5.8793335
chr10	98790000	98795000	chr10	99245000	99250000	0,0,0	4.1734247	0.99822164	1.9410082	3.3315694	3.627099	3.3713167	1.4254738	6.3327117
chr10	110740000	110745000	chr10	110890000	110895000	0,0,0	7.612644	0.99981385	3.8033533	3.2508223	5.090659	5.7002516	2.2568426	8.589871
chr10	89255000	89260000	chr10	89570000	89575000	0,0,0	6.344557	1.0	3.251758	2.7630732	3.0695062	3.3876817	1.5600643	5.8437467
chr10	12260000	12265000	chr10	12900000	12905000	0,0,0	6.438403	0.9999444	2.3847027	5.4937935	6.892544	4.9150996	2.0313783	9.798471
chr10	101055000	101060000	chr10	101140000	101145000	0,0,0	4.210503	1.0	2.2264311	1.4462522	1.9347693	2.3243358	0.7940572	3.6098933
chr10	93115000	93120000	chr10	93285000	93290000	0,0,0	3.825207	0.9974342	1.9165214	2.5411046	3.3809247	3.7073522	1.5456837	5.9661117
chr10	59625000	59630000	chr10	60030000	60035000	0,0,0	12.32219	0.9999992	4.4984174	7.977935	9.975405	6.9842997	3.2276466	14.075797
chr10	102835000	102840000	chr10	103250000	103255000	0,0,0	3.7079425	0.9921553	1.8221332	2.5074031	2.5991766	2.61962	0.92722535	4.8484225
chr10	17905000	17910000	chr10	18210000	18215000	0,0,0	6.094309	0.99983996	3.126385	3.2615094	5.020707	5.842034	1.6066537	8.741154
chr10	4815000	4820000	chr10	5295000	5300000	0,0,0	4.8486223	0.99816793	2.0945091	3.3049786	3.9415917	3.365212	1.6508412	6.3029704
chr10	47365000	47370000	chr10	47435000	47440000	0,0,0	4.1680555	1.0	2.5159652	1.0122147	1.1900045	1.8388898	0.55044353	2.7386363
chr10	122295000	122300000	chr10	122435000	122440000	0,0,0	9.492811	0.9999792	4.2496834	5.0109377	6.7982016	6.326328	2.906018	10.780495
chr10	58780000	58785000	chr10	59180000	59185000	0,0,0	11.151759	0.99999857	3.974734	6.850049	10.094012	7.3549466	3.5386887	13.443878
chr10	76035000	76040000	chr10	76300000	76305000	0,0,0	3.5724025	1.0	2.0577564	1.2882168	1.5462579	2.1612463	0.6945133	3.3063278
chr10	44390000	44395000	chr10	44855000	44860000	0,0,0	5.4551363	0.9984354	2.2829	3.8796425	3.9305344	3.0122015	1.6232773	6.4607725
chr10	28625000	28630000	chr10	29300000	29305000	0,0,0	6.7166834	0.9999774	3.0013456	4.7802863	6.8560667	6.448799	2.6426954	10.697944
chr10	51060000	51065000	chr10	51420000	51425000	0,0,0	4.7072783	0.9982862	1.8741971	3.336884	4.3215723	3.4035761	1.5964886	6.369695
chr10	88560000	88565000	chr10	88810000	88815000	0,0,0	9.177746	1.0	3.675852	3.9929886	5.5438733	4.5006847	1.6086822	8.050008
chr10	70460000	70465000	chr10	70540000	70545000	0,0,0	7.3900523	1.0	2.8994594	3.330245	4.5527916	3.588685	1.916208	6.5489025
chr10	125980000	125985000	chr10	126750000	126755000	0,0,0	6.6944427	0.9991284	3.0229323	3.0298543	4.522995	4.3527074	1.4027847	7.045911
chr10	114705000	114710000	chr10	114780000	114785000	0,0,0	4.272736	0.98806274	2.1556878	1.719806	2.5686119	2.899831	0.7036112	4.4285474
chr10	103415000	103420000	chr10	103480000	103485000	0,0,0	5.6528068	1.0	2.6407564	2.1378162	3.606958	3.7159364	0.93665045	5.6162176
chr10	89260000	89265000	chr10	89390000	89395000	0,0,0	5.472671	1.0	3.1458888	1.6961648	2.5159838	3.5562325	0.9214814	5.063935
chr10	57575000	57580000	chr10	58065000	58070000	0,0,0	5.3874316	0.999074	2.2860093	3.953915	4.3063264	3.4707494	1.4452511	6.9853406
chr10	73880000	73885000	chr10	74080000	74085000	0,0,0	7.6146173	0.99959284	3.2116995	3.2720397	5.417466	4.898648	1.818199	7.8071275
chr10	32790000	32795000	chr10	33005000	33010000	0,0,0	11.940022	0.999996	4.176178	6.7346187	9.264286	6.446401	3.378999	12.432729
chr10	33330000	33335000	chr10	34120000	34125000	0,0,0	4.353292	0.9909883	2.1443768	2.3954542	2.5362904	2.5804272	1.4659504	4.7097197
chr10	32055000	32060000	chr10	32185000	32190000	0,0,0	3.833968	0.98653585	1.9062096	2.010084	2.3796334	2.5214295	0.887031	4.308171
chr10	100300000	100305000	chr10	100505000	100510000	0,0,0	4.996627	1.0	2.2484736	2.223836	3.004521	2.8132803	1.0617313	4.7900233
chr10	120940000	120945000	chr10	121735000	121740000	0,0,0	8.730644	0.9999994	4.241649	4.4036407	9.351871	10.466945	2.301026	14.381292
chr10	116625000	116630000	chr10	116785000	116790000	0,0,0	7.441452	1.0	2.7180479	3.3342555	4.4107676	3.1644573	1.4593599	6.12824
chr10	120945000	120950000	chr10	121695000	121700000	0,0,0	4.0725393	0.9993975	2.4508746	2.4079862	3.4095924	5.274766	1.5749079	7.4151983
chr10	115705000	115710000	chr10	116390000	116395000	0,0,0	4.8048434	0.99898046	2.082982	3.7269883	4.234257	3.576229	1.6514939	6.889107
chr10	45465000	45470000	chr10	45670000	45675000	0,0,0	6.629071	0.99934727	2.3867614	3.7125845	5.4782743	4.0350037	1.6628566	7.3350787
chr10	28250000	28255000	chr10	28380000	28385000	0,0,0	11.359847	1.0	4.7615843	4.6658974	7.3336353	6.5036707	2.192904	10.6511345
chr10	77250000	77255000	chr10	77640000	77645000	0,0,0	6.965915	0.9999947	2.8248038	5.8661823	8.35136	6.9340897	2.460998	12.148474
chr10	79535000	79540000	chr10	80050000	80055000	0,0,0	4.3676577	0.994949	2.0083873	2.4911869	3.2181454	3.0743198	1.4196883	5.288708
chr10	21075000	21080000	chr10	21270000	21275000	0,0,0	17.51747	1.0	5.686411	8.457067	10.676012	6.606241	3.9415329	14.123634
chr10	132380000	132385000	chr10	132635000	132640000	0,0,0	6.6558886	1.0	2.7442467	3.1551113	3.6827757	2.923945	1.968591	5.7284884
chr10	71315000	71320000	chr10	71605000	71610000	0,0,0	5.4906445	0.99879205	2.2099218	3.421009	4.562904	3.6786096	1.4043775	6.7195063
chr10	88830000	88835000	chr10	88935000	88940000	0,0,0	7.812923	1.0	3.4081671	3.6657076	4.703462	4.161608	2.0379632	7.420015
chr10	14535000	14540000	chr10	14820000	14825000	0,0,0	4.8568745	0.9981562	2.4699857	2.0698442	3.800109	4.456707	1.1397274	6.2965684
chr10	70550000	70555000	chr10	70880000	70885000	0,0,0	10.75843	1.0	3.4226773	6.0363674	7.849501	4.834835	2.303962	10.200495
chr10	69515000	69520000	chr10	69635000	69640000	0,0,0	10.359579	1.0	3.9884763	5.1037464	6.519843	4.9038787	2.0807812	9.440542
chr10	101885000	101890000	chr10	102010000	102015000	0,0,0	5.7422385	0.9998921	2.4559455	4.3106017	6.0139713	5.30398	1.741366	9.135626
chr10	33195000	33200000	chr10	33325000	33330000	0,0,0	4.612207	1.0	2.61869	1.3042114	1.7936589	2.4621592	0.71220666	3.621458
chr10	4665000	4670000	chr10	4770000	4775000	0,0,0	5.3581676	1.0	2.4975305	2.01507	2.491423	2.4032493	0.955746	4.1944227
chr10	71385000	71390000	chr10	71695000	71700000	0,0,0	4.6914234	0.9975159	2.2286797	2.6640217	3.588109	3.6304579	1.2991995	5.9984775
chr10	29590000	29595000	chr10	29730000	29735000	0,0,0	4.232906	1.0	2.0141883	2.2010074	2.2987375	2.1940312	0.7686123	4.150482
chr10	7750000	7755000	chr10	9295000	9300000	0,0,0	5.379325	0.999315	2.2485688	3.9971805	4.627868	3.733804	1.794727	7.2868533
chr10	21530000	21535000	chr10	21725000	21730000	0,0,0	7.057253	0.99979794	2.54723	4.789017	6.1009674	4.2510395	1.7168871	8.507943
chr10	89030000	89035000	chr10	89210000	89215000	0,0,0	7.826737	0.9997288	3.24415	3.9697118	5.5292563	4.684857	1.5204837	8.21349
chr10	102830000	102835000	chr10	103070000	103075000	0,0,0	4.7789774	0.99201596	2.417906	1.9232899	2.7675455	3.121224	1.2957909	4.830815
chr10	9330000	9335000	chr10	11270000	11275000	0,0,0	7.5786457	1.0	3.0832076	4.097	4.785553	3.7317934	1.7666361	7.3735714
chr10	28995000	29000000	chr10	29125000	29130000	0,0,0	4.2519484	0.9929648	1.891321	2.7404149	2.930187	2.5214162	1.1923857	4.9573407
chr10	37520000	37525000	chr10	37755000	37760000	0,0,0	3.9870236	0.98392814	1.8976309	1.9594687	2.402925	2.3893628	0.7731145	4.1311126
chr10	97790000	97795000	chr10	97870000	97875000	0,0,0	7.5622926	1.0	3.1386175	3.5352952	4.16054	3.3434448	1.7710444	6.4859295
chr10	89795000	89800000	chr10	90590000	90595000	0,0,0	5.391625	0.9972943	2.7437606	2.980328	3.0472171	3.263837	1.4563428	5.9130177
chr10	88935000	88940000	chr10	89215000	89220000	0,0,0	8.22167	1.0	4.094448	2.3702374	3.1986885	3.482115	1.2840763	5.5889926
chr10	43285000	43290000	chr10	43465000	43470000	0,0,0	8.239124	1.0	3.9519486	3.1241362	3.39696	3.3223786	1.4529583	6.0993886
chr10	117495000	117500000	chr10	118105000	118110000	0,0,0	4.919452	0.99716026	1.880588	3.379622	3.970715	2.8605437	1.4708574	5.864652
chr10	102225000	102230000	chr10	102350000	102355000	0,0,0	4.2009535	0.99783665	1.8639431	2.97478	3.8468149	3.4924798	1.3725541	6.136729
chr10	101835000	101840000	chr10	102005000	102010000	0,0,0	5.569989	0.9996716	2.4947958	3.6760185	5.0821943	4.7543926	2.156182	8.021965
chr10	58780000	58785000	chr10	59620000	59625000	0,0,0	12.388566	0.999998	3.1404805	9.212477	10.694462	4.928917	3.2133975	13.1177845
chr10	9335000	9340000	chr10	11035000	11040000	0,0,0	11.61246	1.0	4.6653404	6.146252	7.2208524	5.5490847	2.2652512	11.01242
chr10	26730000	26735000	chr10	27355000	27360000	0,0,0	5.2314987	0.9952315	2.552753	2.6636646	2.9455404	2.9785779	1.1014044	5.3462796
chr10	49590000	49595000	chr10	50225000	50230000	0,0,0	10.221243	0.9999796	3.9894528	5.564781	7.507161	5.854611	2.4925933	10.801083
chr10	78665000	78670000	chr10	79195000	79200000	0,0,0	6.5448484	1.0	2.786865	3.490574	3.6319804	2.8908486	1.8026674	5.993581
chr10	123990000	123995000	chr10	124390000	124395000	0,0,0	13.042002	0.9999995	6.299752	5.2229257	9.148875	9.916656	2.4153645	14.559256
chr10	72125000	72130000	chr10	72220000	72225000	0,0,0	4.802079	0.99284714	2.4269176	1.72185	2.9574406	3.4102259	0.773552	4.940759
chr10	91005000	91010000	chr10	91250000	91255000	0,0,0	6.15818	0.99981517	2.4264536	4.588718	5.84573	4.5182357	1.5532306	8.5970955
chr10	47020000	47025000	chr10	47310000	47315000	0,0,0	10.61706	0.9999942	4.181792	6.765362	8.0402565	6.0476813	3.208496	12.061336
chr10	17910000	17915000	chr10	18105000	18110000	0,0,0	4.193366	0.99846524	2.2258806	2.4566836	3.5222414	4.296328	1.1736846	6.480047
chr10	74265000	74270000	chr10	75100000	75105000	0,0,0	9.133807	0.9999997	4.246694	5.9997864	9.527385	9.651145	3.1418154	14.984288
chr10	95430000	95435000	chr10	95595000	95600000	0,0,0	6.3685637	0.9999074	3.0719192	3.9963427	5.5140038	5.735543	2.038017	9.287847
chr10	53600000	53605000	chr10	54400000	54405000	0,0,0	10.692569	1.0	3.3229954	6.184545	7.64737	4.475252	2.1418476	9.972626
chr10	125980000	125985000	chr10	126500000	126505000	0,0,0	7.760431	0.99997103	2.9887044	5.09652	7.491518	5.919714	2.4333289	10.449954
chr10	72365000	72370000	chr10	73060000	73065000	0,0,0	7.735969	1.0	3.6501548	3.0866852	4.269225	4.299707	1.8579228	7.043427
chr10	36900000	36905000	chr10	37250000	37255000	0,0,0	4.163779	1.0	2.1767223	1.9456491	1.9735672	2.2219057	0.9532303	3.9513712
chr10	21075000	21080000	chr10	21170000	21175000	0,0,0	4.341579	0.9879606	1.9209945	2.4106898	2.6451604	2.277194	1.0315837	4.420029
chr10	58780000	58785000	chr10	59235000	59240000	0,0,0	6.537073	0.9997967	3.0111954	4.197798	5.0658526	4.7701554	2.2783294	8.501532
chr10	121085000	121090000	chr10	121605000	121610000	0,0,0	3.706886	0.9946625	1.8959545	1.7250143	3.1324158	3.7001944	0.97415215	5.2335405
chr10	7870000	7875000	chr10	9205000	9210000	0,0,0	7.1857214	0.9999975	3.3276181	5.861807	7.9000916	7.700056	3.283527	12.910551
chr10	11780000	11785000	chr10	11985000	11990000	0,0,0	11.272028	1.0	5.0243945	4.292998	6.8388553	6.559326	2.0574934	10.375324
chr10	69235000	69240000	chr10	69390000	69395000	0,0,0	17.727913	1.0	6.3929434	7.6276417	10.904859	7.9527	3.3118987	14.732825
chr10	79070000	79075000	chr10	79195000	79200000	0,0,0	5.9358854	1.0	2.7109282	2.0898929	2.9136999	2.805562	1.0553217	4.6632447
chr10	75390000	75395000	chr10	76305000	76310000	0,0,0	4.3550944	0.9902119	2.9989004	1.0488447	1.7269652	3.6947622	0.6999069	4.6270685
chr7	87310000	87315000	chr7	87415000	87420000	0,0,0	10.404879	1.0	3.8302884	5.3298073	7.376666	5.433071	2.3323703	10.170678
chr7	55640000	55645000	chr7	56075000	56080000	0,0,0	10.05852	1.0	4.0449615	4.375951	5.6218176	4.4705677	2.2844043	8.360302
chr7	6960000	6965000	chr7	7535000	7540000	0,0,0	7.089435	1.0	2.8600414	3.4738824	4.14769	3.2250602	1.4521793	6.312956
chr7	38395000	38400000	chr7	38660000	38665000	0,0,0	6.90678	1.0	2.6783147	3.747138	4.3419113	3.1667295	1.710955	6.4975185
chr7	70825000	70830000	chr7	71730000	71735000	0,0,0	13.866226	1.0	5.0643325	11.696064	15.038597	10.6621475	5.8464055	21.05865
chr7	119925000	119930000	chr7	120555000	120560000	0,0,0	6.0249214	0.9981882	2.958518	2.7161345	3.6631382	3.8997388	1.5680646	6.3140807
chr7	7675000	7680000	chr7	8295000	8300000	0,0,0	5.8007517	0.9997341	2.1237104	5.319278	5.495092	3.505081	2.2643297	8.233328
chr7	76635000	76640000	chr7	77330000	77335000	0,0,0	6.802034	0.9998802	2.6580648	4.976717	6.107917	4.6067686	2.0475662	9.030517
chr7	134680000	134685000	chr7	134945000	134950000	0,0,0	4.5920777	0.99849886	2.09631	3.0935364	3.9749622	3.7523885	1.5381986	6.5021987
chr7	76460000	76465000	chr7	76960000	76965000	0,0,0	11.515084	1.0	3.7978072	33.820877	51.019943	34.80746	22.472004	64.87047
chr7	102755000	102760000	chr7	103060000	103065000	0,0,0	19.837786	1.0	5.798831	18.255188	23.6791	13.442028	6.971865	29.668861
chr7	61025000	61030000	chr7	62300000	62305000	0,0,0	17.24798	1.0	2.815391	22.150784	22.513582	6.000805	7.11596	25.690392
chr7	135275000	135280000	chr7	135795000	135800000	0,0,0	5.29028	1.0	2.533372	2.524189	2.9931304	2.9821498	1.182142	5.2258735
chr7	129660000	129665000	chr7	130010000	130015000	0,0,0	10.164127	1.0	3.9053373	5.022132	6.649412	5.0567784	2.0297177	9.520896
chr7	12525000	12530000	chr7	13265000	13270000	0,0,0	6.18388	0.9996662	2.769145	4.089494	4.862833	4.37079	2.6979942	8.005896
chr7	130070000	130075000	chr7	130755000	130760000	0,0,0	4.6334014	0.9997836	2.3205786	3.4223576	4.870858	5.397038	1.7117176	8.439134
chr7	117750000	117755000	chr7	118105000	118110000	0,0,0	5.102707	0.99988496	2.1838312	4.323129	5.946049	5.2282796	2.074141	9.071061
chr7	44585000	44590000	chr7	44925000	44930000	0,0,0	7.757931	0.99986225	3.0825825	4.031906	6.3564167	5.3072815	2.5204268	8.891198
chr7	12520000	12525000	chr7	12620000	12625000	0,0,0	15.171716	1.0	5.533405	6.2842855	9.012209	6.658594	2.9946542	12.244626
chr7	94445000	94450000	chr7	95245000	95250000	0,0,0	6.1995163	0.9999579	2.440383	5.597931	6.748442	5.101161	2.879259	10.0771
chr7	116180000	116185000	chr7	116585000	116590000	0,0,0	6.18091	0.9999757	2.870963	5.3909783	6.194283	5.832361	2.8411088	10.624341
chr7	106175000	106180000	chr7	106460000	106465000	0,0,0	13.549887	1.0	5.0210586	9.566137	12.422101	8.990612	3.875544	17.493845
chr7	76635000	76640000	chr7	77110000	77115000	0,0,0	17.271318	1.0	4.5543485	12.937157	15.692908	7.7631626	5.8801827	19.262857
chr7	156650000	156655000	chr7	156760000	156765000	0,0,0	5.37468	0.99790704	2.7114882	2.05627	3.748721	4.34202	1.0368809	6.1698155
chr7	12065000	12070000	chr7	12320000	12325000	0,0,0	9.769816	0.99999845	3.2553086	7.8000336	10.055034	6.460818	2.835087	13.394181
chr7	55640000	55645000	chr7	55960000	55965000	0,0,0	5.125141	0.9941285	2.0612442	2.7638464	3.4175928	2.6814256	1.0711576	5.138178
chr7	77655000	77660000	chr7	77930000	77935000	0,0,0	6.8328667	1.0	2.9990237	2.4484274	3.00526	2.6479273	1.3589015	4.824307
chr7	101140000	101145000	chr7	101285000	101290000	0,0,0	6.449979	1.0	2.430803	3.0049257	3.99508	2.9753318	1.4111273	5.6463766
chr7	108180000	108185000	chr7	108455000	108460000	0,0,0	8.656639	0.99999905	3.2511024	7.23332	9.940381	7.4652796	3.1891265	13.894897
chr7	117460000	117465000	chr7	117715000	117720000	0,0,0	4.8693705	0.9991682	2.4709907	2.588449	4.1643167	4.791853	1.4133066	7.0926967
chr7	150130000	150135000	chr7	153965000	153970000	0,0,0	71.48745	1.0	16.71079	23.19333	30.21768	14.308956	13.914996	34.92525
chr7	29115000	29120000	chr7	29410000	29415000	0,0,0	5.2113066	0.99855983	2.650485	2.794593	3.6269796	4.059579	1.6134969	6.5436616
chr7	36965000	36970000	chr7	37185000	37190000	0,0,0	7.3075333	0.99981195	3.8472064	3.369536	4.663179	5.5844536	1.99	8.5795965
chr7	25255000	25260000	chr7	25385000	25390000	0,0,0	8.100232	0.9998354	2.9624345	3.8817143	6.694082	5.2624264	2.3656442	8.712839
chr7	143735000	143740000	chr7	144125000	144130000	0,0,0	36.434925	1.0	12.854552	4.927303	6.8499036	4.8302402	2.0829594	9.210065
chr7	21255000	21260000	chr7	21505000	21510000	0,0,0	12.384251	0.9999997	4.7941413	6.9679246	10.854682	8.779321	3.2375197	14.973031
chr7	129375000	129380000	chr7	130010000	130015000	0,0,0	7.756411	1.0	3.460507	2.7616043	3.3868523	3.054471	1.1033051	5.5092306
chr7	47945000	47950000	chr7	48110000	48115000	0,0,0	4.572803	0.9988592	2.369849	2.174693	4.0137773	4.8437133	1.3939557	6.7767735
chr7	45150000	45155000	chr7	45260000	45265000	0,0,0	9.914002	1.0	4.1098557	3.368887	4.2959166	3.5430295	1.7025186	6.5375957
chr7	50465000	50470000	chr7	50630000	50635000	0,0,0	7.4762115	0.9996173	3.284878	3.2254338	5.280395	5.00204	1.4391458	7.8690925
chr7	5855000	5860000	chr7	6515000	6520000	0,0,0	6.175149	0.99890333	2.402402	3.9778774	4.517928	3.2802985	1.543068	6.8161893
chr7	65730000	65735000	chr7	65870000	65875000	0,0,0	4.568119	1.0	2.1330929	1.8199905	2.1630104	2.071812	0.77058256	3.6895812
chr7	30800000	30805000	chr7	31125000	31130000	0,0,0	7.966829	1.0	3.2016509	3.4170625	4.4611354	3.5641928	1.5538006	6.601582
chr7	30160000	30165000	chr7	30565000	30570000	0,0,0	4.6589947	1.0	2.7672985	1.3731709	2.023994	3.0519118	0.8183608	4.272508
chr7	142880000	142885000	chr7	143000000	143005000	0,0,0	8.3562	1.0	3.4278104	3.3793263	4.524956	3.7398555	1.6911235	6.743701
chr7	41975000	41980000	chr7	42875000	42880000	0,0,0	4.6946	0.9998235	2.245593	4.226972	4.9315505	4.885834	1.7474769	8.643143
chr7	17310000	17315000	chr7	17645000	17650000	0,0,0	5.6636767	0.9975009	2.916596	2.8548315	3.1140528	3.454806	1.3088237	5.9924345
chr7	28385000	28390000	chr7	28620000	28625000	0,0,0	6.5228887	0.9996897	3.0496027	3.8919265	4.775606	4.61937	1.7467659	8.07886
chr7	129365000	129370000	chr7	129470000	129475000	0,0,0	5.4781036	0.99776775	2.3436713	3.311527	3.802593	3.1618075	1.5377922	6.105387
chr7	19980000	19985000	chr7	20310000	20315000	0,0,0	7.352434	0.9999329	3.3555067	3.8204648	6.2522907	6.213719	1.7680907	9.609688
chr7	47575000	47580000	chr7	47815000	47820000	0,0,0	5.4418917	0.99918276	2.216153	3.8753107	4.6478457	3.6656048	1.5724176	7.1103253
chr7	27195000	27200000	chr7	28020000	28025000	0,0,0	10.654228	1.0	4.765002	4.8184648	6.3889356	5.9036765	2.2290225	10.186756
chr7	88540000	88545000	chr7	90110000	90115000	0,0,0	8.2051735	0.99991846	3.137354	4.9197707	6.6268144	5.042573	2.2676198	9.415703
chr7	26690000	26695000	chr7	26850000	26855000	0,0,0	4.8369565	1.0	2.7878582	1.7691338	1.9890621	2.7687395	1.1301497	4.341303
chr7	155595000	155600000	chr7	155765000	155770000	0,0,0	6.8771133	1.0	3.556929	2.3351223	3.2811215	3.8216658	1.1231679	5.8973303
chr7	29875000	29880000	chr7	30070000	30075000	0,0,0	5.152095	0.99632984	2.3748555	2.9924567	3.227294	2.948149	1.0994724	5.6081104
chr7	1190000	1195000	chr7	1410000	1415000	0,0,0	9.594207	1.0	3.4282298	5.8120794	6.3163056	4.0176373	2.1699288	9.18393
chr7	16980000	16985000	chr7	17645000	17650000	0,0,0	5.951423	0.99990004	2.4909172	3.470424	6.634159	6.12718	1.8188671	9.212002
chr7	82600000	82605000	chr7	82725000	82730000	0,0,0	6.0971656	1.0	2.9847949	2.2319036	3.3505256	3.616006	1.1983062	5.59992
chr7	100465000	100470000	chr7	100690000	100695000	0,0,0	7.5490603	1.0	2.5340698	3.4106796	3.93312	2.4003286	1.4429497	5.4320436
chr7	37900000	37905000	chr7	38360000	38365000	0,0,0	6.4170775	0.99848336	3.6513486	2.0109124	3.3663993	4.704447	1.3272473	6.4919252
chr7	92690000	92695000	chr7	93050000	93055000	0,0,0	7.0232754	0.99929947	2.600104	4.1344566	5.0813074	3.5893812	1.813018	7.264454
chr7	27230000	27235000	chr7	27575000	27580000	0,0,0	6.999516	0.99998206	3.0473723	5.88524	6.7008777	5.699423	2.2136347	10.930747
chr7	43580000	43585000	chr7	43835000	43840000	0,0,0	7.9505954	1.0	3.6150331	2.9502532	4.6902194	4.6134396	1.4498268	7.235886
chr7	101360000	101365000	chr7	101505000	101510000	0,0,0	7.804653	0.99967366	2.76437	4.7718844	5.715227	3.7866766	2.1686537	8.028352
chr7	30160000	30165000	chr7	30410000	30415000	0,0,0	6.1817307	0.99951446	3.3762064	2.7620466	4.030318	5.175839	1.5738384	7.630991
chr7	37235000	37240000	chr7	37350000	37355000	0,0,0	5.202725	1.0	2.3668008	2.0246522	2.1053991	1.8609244	0.96061504	3.6606152
chr7	20990000	20995000	chr7	21250000	21255000	0,0,0	5.571349	0.99893373	2.4374008	3.1316588	4.449787	4.0605974	1.4531512	6.844294
chr7	5925000	5930000	chr7	6795000	6800000	0,0,0	16.100887	1.0	3.6533527	73.66123	90.48864	39.923325	35.135674	105.39997
chr7	129360000	129365000	chr7	129640000	129645000	0,0,0	4.6440644	0.9961946	2.9699798	1.5501928	2.3632665	4.193958	0.97611624	5.571907
chr7	28925000	28930000	chr7	29100000	29105000	0,0,0	10.293095	0.9999943	4.4804964	4.6096964	8.343093	7.9701023	2.9839725	12.06761
chr7	22555000	22560000	chr7	22725000	22730000	0,0,0	14.345583	1.0	5.8080273	8.400987	12.181391	10.149314	4.0130086	17.616858
chr7	86940000	86945000	chr7	87150000	87155000	0,0,0	6.651257	1.0	3.4323192	2.7684352	3.1262486	3.5039225	1.3915914	5.9647536
chr7	24400000	24405000	chr7	24665000	24670000	0,0,0	5.651311	1.0	2.4928107	2.1311104	3.566713	3.410149	1.300453	5.3044696
chr7	15325000	15330000	chr7	16070000	16075000	0,0,0	14.190829	1.0	5.15133	10.198474	14.723099	10.8505125	4.5008783	19.915823
chr7	129665000	129670000	chr7	129815000	129820000	0,0,0	5.9405036	1.0	2.8549833	2.6898901	3.1378253	3.132575	1.0724772	5.5235887
chr7	6000000	6005000	chr7	6320000	6325000	0,0,0	8.536144	1.0	4.11011	2.8126452	3.6425605	3.7317963	1.5487005	6.2319255
chr7	16980000	16985000	chr7	17300000	17305000	0,0,0	9.001289	0.9999946	3.1009047	6.0949354	9.373793	6.7097435	2.9009786	12.127464
chr7	108180000	108185000	chr7	108495000	108500000	0,0,0	12.367463	0.9999998	4.628764	7.746639	11.296605	8.629965	3.2664466	15.515866
chr7	99040000	99045000	chr7	99310000	99315000	0,0,0	6.6791964	0.99998397	2.8014133	5.740342	7.1468773	5.9397974	2.3047235	11.042324
chr7	150055000	150060000	chr7	150275000	150280000	0,0,0	7.0618463	1.0	2.5115626	3.0748706	4.4037557	3.167886	1.2150974	5.9011045
chr7	320000	325000	chr7	730000	735000	0,0,0	5.899736	0.9993533	2.6257029	2.5188174	5.108951	5.1054645	1.3590144	7.344413
chr7	106945000	106950000	chr7	107145000	107150000	0,0,0	6.607963	0.99943984	3.0590398	3.2747526	4.646371	4.577175	1.8469683	7.488066
chr7	111760000	111765000	chr7	112415000	112420000	0,0,0	10.4612875	0.99999756	5.6662755	4.835104	6.8391223	8.627127	2.610317	12.924997
chr7	67480000	67485000	chr7	69930000	69935000	0,0,0	5.929011	0.9992631	2.2365081	3.9959023	5.021799	3.66187	1.3546195	7.213783
chr7	25390000	25395000	chr7	25560000	25565000	0,0,0	5.2394476	0.99883986	2.4692917	3.0322301	4.0683312	4.0646024	1.7077895	6.7599177
chr7	17765000	17770000	chr7	18340000	18345000	0,0,0	6.0970197	0.9999643	2.8906457	4.479355	6.176325	6.260458	2.4739838	10.242106
chr7	44585000	44590000	chr7	44845000	44850000	0,0,0	9.111535	0.9999912	2.842954	7.487166	8.766902	4.98269	3.0323231	11.637948
chr7	107740000	107745000	chr7	108145000	108150000	0,0,0	5.8168125	1.0	2.8624196	1.9519997	3.4628334	3.858157	1.2418287	5.593268
chr7	19980000	19985000	chr7	20595000	20600000	0,0,0	5.984786	0.99904805	2.9263754	3.0138054	4.048757	4.2788053	1.1744238	6.9577436
chr7	45915000	45920000	chr7	47170000	47175000	0,0,0	5.5963917	0.99996173	2.6531105	4.7437453	5.987483	5.9558716	2.5414894	10.172534
chr7	21255000	21260000	chr7	21765000	21770000	0,0,0	7.8153763	1.0	3.986319	2.942267	4.434612	5.0992393	1.4305401	7.7145877
chr7	87795000	87800000	chr7	88110000	88115000	0,0,0	5.8551993	0.99905556	2.9362955	2.7594426	4.046019	4.5128	1.445568	6.965638
chr7	151365000	151370000	chr7	151445000	151450000	0,0,0	7.089141	0.9995963	2.978506	3.665696	5.2482343	4.557241	1.7066977	7.815637
chr7	116175000	116180000	chr7	116235000	116240000	0,0,0	5.789574	0.9984837	2.9557226	2.006811	3.9618216	4.7083187	1.2982037	6.4921503
chr7	60920000	60925000	chr7	62340000	62345000	0,0,0	16.623413	1.0	3.9883752	11.5711155	12.16017	4.8252673	4.8200936	15.110703
chr7	26855000	26860000	chr7	27135000	27140000	0,0,0	14.02553	1.0	7.4229116	3.733574	8.137112	10.281689	2.1071467	13.600421
chr7	88240000	88245000	chr7	88355000	88360000	0,0,0	12.968324	1.0	5.814458	4.1931686	7.9452057	7.9229608	2.3082986	11.650222
chr7	107200000	107205000	chr7	107875000	107880000	0,0,0	7.382226	1.0	3.1261036	2.6535296	4.3084073	3.896783	1.5307329	6.255476
chr7	103295000	103300000	chr7	103405000	103410000	0,0,0	7.3317723	1.0	3.0558767	3.5455122	4.057657	3.2466824	1.4447153	6.398249
chr7	25890000	25895000	chr7	26665000	26670000	0,0,0	7.951673	0.9998094	3.42219	4.117935	5.5653157	4.905825	2.1426048	8.566213
chr7	51430000	51435000	chr7	52050000	52055000	0,0,0	6.2901926	1.0	2.6791081	2.928464	3.0526476	2.4324458	1.1254816	5.035525
chr7	325000	330000	chr7	775000	780000	0,0,0	7.047814	0.9997864	3.034273	3.9645236	5.538409	4.9280534	1.7217025	8.452074
chr7	86935000	86940000	chr7	87235000	87240000	0,0,0	10.872286	1.0	4.312995	6.122354	7.175635	5.417379	2.0976145	10.859471
chr7	102280000	102285000	chr7	102390000	102395000	0,0,0	10.44437	1.0	4.4758945	2.587232	4.269414	3.9305556	1.390417	6.230317
chr7	12635000	12640000	chr7	13260000	13265000	0,0,0	12.650431	1.0	5.0877347	9.135443	13.090262	10.783436	3.741282	18.90383
chr7	78595000	78600000	chr7	79180000	79185000	0,0,0	4.664833	0.9966914	2.156432	2.8821933	3.357965	3.149882	1.2395041	5.7118316
chr7	100465000	100470000	chr7	100555000	100560000	0,0,0	5.6604295	1.0	3.163285	1.9538522	2.718949	3.6249483	1.1979618	5.361706
chr7	16075000	16080000	chr7	16565000	16570000	0,0,0	5.5993557	0.99987084	2.539466	3.8107436	5.741307	5.568074	2.2686605	8.955401
chr7	111085000	111090000	chr7	111490000	111495000	0,0,0	5.2691355	0.9985787	2.2048373	3.3423529	4.286925	3.5858846	1.4398506	6.5568647
chr7	3695000	3700000	chr7	3895000	3900000	0,0,0	5.0048428	0.99409765	2.189734	2.353752	3.3343084	3.0407126	1.1577697	5.1329365
chr7	27695000	27700000	chr7	27920000	27925000	0,0,0	6.778296	0.9992972	2.8106475	3.9211783	4.6805325	3.7757137	2.0341408	7.2612057
chr7	88785000	88790000	chr7	90115000	90120000	0,0,0	8.645333	1.0	3.3391747	4.1083055	5.2708535	3.9863462	1.9661547	7.6381736
chr7	130235000	130240000	chr7	130720000	130725000	0,0,0	5.7067347	0.9999803	2.3357291	5.226255	7.386479	6.188496	1.9630349	10.834056
chr7	39895000	39900000	chr7	40050000	40055000	0,0,0	6.558559	0.999067	2.1205888	4.4531198	5.151038	3.019479	1.5165386	6.977808
chr7	77655000	77660000	chr7	77755000	77760000	0,0,0	6.910028	0.9992465	3.2370522	3.1637545	4.3908873	4.3792334	1.2949482	7.1914597
chr7	30980000	30985000	chr7	31120000	31125000	0,0,0	9.165883	1.0	2.93599	5.6162534	6.6534986	3.91699	2.0608442	8.909215
chr7	37900000	37905000	chr7	38105000	38110000	0,0,0	7.917835	0.99989235	2.8809972	5.204815	6.479825	4.5108647	2.001013	9.137367
chr7	114865000	114870000	chr7	115215000	115220000	0,0,0	4.8302813	0.99541986	2.331911	2.2298212	3.238386	3.4045258	1.127792	5.386589
chr7	7100000	7105000	chr7	7420000	7425000	0,0,0	5.158931	0.9985457	2.4913251	2.8573637	3.85037	3.994043	1.4043086	6.5339217
chr7	19710000	19715000	chr7	20595000	20600000	0,0,0	8.459652	0.9999993	3.2678792	8.689377	12.027166	9.3493	3.5468392	17.07319
chr7	131555000	131560000	chr7	131650000	131655000	0,0,0	6.176315	1.0	2.4918196	3.184164	3.3358202	2.456439	1.1657912	5.286807
chr7	137655000	137660000	chr7	137900000	137905000	0,0,0	6.9698753	1.0	2.9567509	3.8060658	4.3455057	3.5622869	1.6735302	6.9454565
chr7	26680000	26685000	chr7	27160000	27165000	0,0,0	46.52454	1.0	13.791565	10.571338	13.382824	7.5851374	4.148077	16.981882
chr7	140175000	140180000	chr7	140320000	140325000	0,0,0	6.950427	0.999474	3.07929	3.9177673	4.6123967	4.068514	1.4616998	7.5509734
chr7	72825000	72830000	chr7	72915000	72920000	0,0,0	13.009158	1.0	5.0940413	2.8073616	3.6732314	2.844939	1.3062477	5.3403716
chr7	11835000	11840000	chr7	12485000	12490000	0,0,0	10.972174	0.99999493	3.978939	7.4101324	8.433153	5.601695	3.3427346	12.188479
chr7	31740000	31745000	chr7	32200000	32205000	0,0,0	6.1906886	0.9999601	2.912042	3.7823644	6.491721	6.7681146	2.1331782	10.130217
chr7	75440000	75445000	chr7	75760000	75765000	0,0,0	11.467587	1.0	4.717268	4.39334	5.129998	4.0606976	1.7287121	7.965889
chr7	120790000	120795000	chr7	120940000	120945000	0,0,0	6.469036	0.9985436	2.999376	2.9960775	3.976457	3.8692806	1.3344624	6.53246
chr7	45150000	45155000	chr7	45855000	45860000	0,0,0	14.673668	1.0	5.262374	6.576272	8.3072195	5.724959	2.953371	11.570535
chr7	33180000	33185000	chr7	33935000	33940000	0,0,0	6.011068	0.99809444	2.6242306	3.1953468	3.9166143	3.4233305	1.8374417	6.263639
chr7	60920000	60925000	chr7	62405000	62410000	0,0,0	12.917236	1.0	5.7757792	3.0256798	3.7799466	3.4374964	1.2706468	6.1269894
chr7	23420000	23425000	chr7	23540000	23545000	0,0,0	5.2344985	1.0	2.1666462	2.7427976	3.3734393	2.7432966	1.4416666	5.181339
chr7	142625000	142630000	chr7	143215000	143220000	0,0,0	6.4164677	1.0	3.0252051	2.3157463	2.7267241	2.6454864	1.2127769	4.7039275
chr7	120795000	120800000	chr7	121100000	121105000	0,0,0	5.338216	1.0	2.8933842	2.293482	2.536128	3.1078672	1.0366893	5.1465178
chr7	16105000	16110000	chr7	16645000	16650000	0,0,0	4.7438946	0.99270153	2.1918285	2.4201803	2.9260457	2.7693264	1.1333351	4.920598
chr7	92620000	92625000	chr7	92830000	92835000	0,0,0	6.7790074	0.9995863	3.1852896	3.660376	4.623364	4.5374703	1.6321127	7.791138
chr7	4830000	4835000	chr7	5085000	5090000	0,0,0	5.7008204	0.9989032	3.0628157	2.5647337	3.645903	4.536341	1.8264933	6.8161044
chr7	86920000	86925000	chr7	87410000	87415000	0,0,0	6.1795387	1.0	3.0706968	2.2946382	2.5103662	2.613436	1.2061089	4.6531143
chr7	15330000	15335000	chr7	15715000	15720000	0,0,0	6.023379	0.9979493	2.412138	3.7211733	3.9382575	2.8824964	1.5313655	6.190206
chr7	31370000	31375000	chr7	31630000	31635000	0,0,0	6.0220084	0.999313	3.0045276	2.7954748	4.305088	4.799082	1.815568	7.2839484
chr7	38105000	38110000	chr7	38220000	38225000	0,0,0	8.532475	0.99983186	3.3878553	4.5281863	5.9241915	4.666445	1.840754	8.691499
chr7	54845000	54850000	chr7	55255000	55260000	0,0,0	7.2534084	0.9999774	3.1081247	5.656197	6.726453	5.6721287	2.0277455	10.69986
chr7	20320000	20325000	chr7	20590000	20595000	0,0,0	4.8171487	1.0	2.6650186	1.4498651	2.0222554	2.64664	0.77112806	3.935409
chr7	35980000	35985000	chr7	36290000	36295000	0,0,0	9.525088	0.99999964	4.0911336	7.0960402	9.667855	8.518575	3.2778258	14.826167
chr7	5240000	5245000	chr7	5485000	5490000	0,0,0	8.234096	1.0	3.4837313	3.487632	4.3257093	3.633116	1.7564291	6.733233
chr7	103570000	103575000	chr7	104155000	104160000	0,0,0	8.921053	0.99998933	3.4668658	5.475219	8.198939	6.5815806	2.1327193	11.4484415
chr7	26500000	26505000	chr7	26665000	26670000	0,0,0	5.840379	0.9985318	2.2446332	3.4979265	4.527413	3.4151375	1.5323274	6.5244055
chr7	5135000	5140000	chr7	5445000	5450000	0,0,0	6.785574	1.0	3.1791232	2.6733608	3.1552114	3.0326653	1.4018916	5.408986
chr7	151310000	151315000	chr7	151450000	151455000	0,0,0	5.2827067	1.0	2.21822	2.3885992	3.1973195	2.7219074	1.5206395	4.8451066
chr7	11425000	11430000	chr7	12490000	12495000	0,0,0	8.392415	1.0	3.7635672	3.0398803	5.3330116	5.2497993	1.4743248	7.951915
chr7	19120000	19125000	chr7	19660000	19665000	0,0,0	6.6706405	0.9994987	2.6716254	3.5001695	5.3681326	4.4879017	1.7200122	7.599163
chr7	76440000	76445000	chr7	76605000	76610000	0,0,0	119.06939	1.0	20.3823	46.215107	54.0907	18.531021	16.87077	59.611115
chr7	28920000	28925000	chr7	29405000	29410000	0,0,0	19.36382	1.0	5.4910026	14.427683	17.301437	9.075347	4.8618193	21.899954
chr7	74415000	74420000	chr7	74545000	74550000	0,0,0	11.551985	1.0	4.383374	4.9111433	6.553303	4.9257464	1.9155183	9.291207
chr7	96070000	96075000	chr7	97025000	97030000	0,0,0	7.835517	0.99999475	3.2811	5.060259	8.50831	7.656084	2.4980407	12.154092
chr7	137900000	137905000	chr7	138005000	138010000	0,0,0	16.631659	1.0	5.781245	7.5893793	10.439546	7.21768	3.225225	13.963795
chr7	22525000	22530000	chr7	23055000	23060000	0,0,0	9.139605	1.0	3.8679173	3.3986983	5.9138107	5.4263263	1.9693408	8.4473915
chr7	142630000	142635000	chr7	143005000	143010000	0,0,0	7.218875	1.0	3.1478355	3.7092755	4.329477	3.7210023	1.7356416	7.018136
chr7	129215000	129220000	chr7	129470000	129475000	0,0,0	6.0076027	0.9984604	2.4019785	3.5049648	4.321401	3.3613756	1.5721574	6.4768996
chr7	116590000	116595000	chr7	116805000	116810000	0,0,0	13.243046	0.99999946	4.0040207	8.593359	11.427736	6.7864733	3.3250446	14.4250145
chr7	135800000	135805000	chr7	136005000	136010000	0,0,0	12.957035	0.99999976	4.8679857	7.5033226	11.110287	8.566131	3.127419	15.235751
chr7	92420000	92425000	chr7	93055000	93060000	0,0,0	6.405166	1.0	3.283345	1.9102546	3.176791	3.7276747	1.128123	5.4256787
chr7	73605000	73610000	chr7	73725000	73730000	0,0,0	11.616423	1.0	4.091675	6.0724273	7.8909454	5.3984056	2.3360088	10.796119
chr7	76640000	76645000	chr7	77245000	77250000	0,0,0	6.517421	0.99997354	3.2221057	4.0658646	6.294848	6.927049	3.0505054	10.541151
chr7	32490000	32495000	chr7	32670000	32675000	0,0,0	7.3975406	1.0	2.8475168	3.6550934	4.324181	3.1520717	1.5741317	6.401044
chr7	105755000	105760000	chr7	106010000	106015000	0,0,0	6.798271	0.99955684	3.8908713	2.3134277	4.003636	5.66603	1.291555	7.72241
chr7	40325000	40330000	chr7	41705000	41710000	0,0,0	4.641486	0.9997619	2.8959296	2.9029195	3.4513938	5.7631974	1.4214879	8.343571
chr7	98430000	98435000	chr7	98745000	98750000	0,0,0	9.353304	0.9999986	3.905661	7.0338173	8.768849	7.2478585	2.7764878	13.500141
chr7	38105000	38110000	chr7	38335000	38340000	0,0,0	4.6584673	1.0	2.800342	1.5604537	1.7643259	2.6957424	0.7686547	4.082812
chr7	24810000	24815000	chr7	25095000	25100000	0,0,0	8.0374	0.9999812	4.078077	4.0528383	6.350626	7.280898	2.5331185	10.883421
chr7	38795000	38800000	chr7	39465000	39470000	0,0,0	5.971858	0.9999826	2.498633	4.9393363	7.489117	6.5682755	2.6652842	10.9587965
chr7	91285000	91290000	chr7	91785000	91790000	0,0,0	6.239906	0.99879074	2.335549	4.1203165	4.5082564	3.0559466	1.7935578	6.71845
chr7	106055000	106060000	chr7	106150000	106155000	0,0,0	18.117239	1.0	6.0842023	7.4103646	10.191309	6.8036666	2.7177448	13.390657
chr7	50465000	50470000	chr7	51140000	51145000	0,0,0	5.6375456	0.99823403	2.7099361	2.945231	3.671527	3.721734	1.343007	6.3397174
chr7	4610000	4615000	chr7	4750000	4755000	0,0,0	8.46558	1.0	2.813378	3.5851939	4.327821	2.6799457	1.3160311	5.8667846
chr7	70040000	70045000	chr7	70695000	70700000	0,0,0	8.49352	0.9999045	3.7104628	3.9595382	6.1659074	5.737816	1.9026955	9.257405
chr7	38930000	38935000	chr7	39460000	39465000	0,0,0	8.25218	0.99999964	3.1663296	7.9444976	10.363473	7.825135	3.7671132	14.88691
chr7	107740000	107745000	chr7	107875000	107880000	0,0,0	6.2464175	1.0	3.2858493	1.7772834	3.315934	4.097705	1.0200114	5.677512
chr7	83930000	83935000	chr7	85830000	85835000	0,0,0	7.035794	1.0	4.1152835	1.3139203	2.2336614	3.288895	0.97002625	4.4568243
chr7	152335000	152340000	chr7	152705000	152710000	0,0,0	7.295983	0.99983346	2.1765409	5.918216	6.5806193	3.4405231	2.0329432	8.7011595
chr7	91825000	91830000	chr7	92450000	92455000	0,0,0	5.635457	1.0	2.607701	2.9447951	3.1341534	2.869773	1.2895603	5.4873686
chr7	81500000	81505000	chr7	81715000	81720000	0,0,0	5.91569	0.9978132	2.8896902	2.6453795	3.5734904	3.7745073	1.2782934	6.1259556
chr7	25890000	25895000	chr7	26060000	26065000	0,0,0	9.031792	1.0	4.3390265	3.3899245	4.824919	5.0176454	1.199326	8.030911
chr7	106175000	106180000	chr7	106735000	106740000	0,0,0	5.471343	0.9962909	2.3396044	3.0027094	3.504865	2.9284792	1.4566557	5.597554
chr7	100700000	100705000	chr7	100850000	100855000	0,0,0	6.4862413	1.0	3.3809552	2.3179393	3.263163	3.851186	1.0698535	5.9115763
chr7	90150000	90155000	chr7	90425000	90430000	0,0,0	14.264133	1.0	4.8506536	7.532382	10.858554	7.487397	3.5823743	14.182848
chr7	70190000	70195000	chr7	70695000	70700000	0,0,0	7.659948	0.999919	2.98854	5.0195622	6.4684362	4.9602757	2.0805278	9.422109
chr7	106790000	106795000	chr7	107150000	107155000	0,0,0	14.873403	1.0	5.3588104	8.615305	10.341277	6.9976315	3.1702435	14.655681
chr7	155805000	155810000	chr7	156155000	156160000	0,0,0	6.9896626	0.9992386	3.7975545	3.0665753	3.5910134	4.455292	1.4815829	7.181137
chr7	75865000	75870000	chr7	76015000	76020000	0,0,0	10.616136	0.9999909	3.7891462	6.3248177	8.498921	5.983478	2.9719908	11.605538
chr7	35910000	35915000	chr7	36320000	36325000	0,0,0	5.2490344	0.9972445	2.511993	2.3436046	3.6309216	3.811548	1.5777881	5.8947525
chr7	73740000	73745000	chr7	73850000	73855000	0,0,0	6.950043	1.0	3.1311023	2.7300208	3.5847814	3.3384764	1.5000641	5.7651615
chr7	122215000	122220000	chr7	122530000	122535000	0,0,0	8.203557	0.9999846	4.1268163	4.36381	6.425827	7.2066226	2.7658765	11.085565
chr7	80425000	80430000	chr7	81465000	81470000	0,0,0	10.636536	1.0	3.8396041	5.1699886	6.7860017	4.7898602	2.3109162	9.385406
chr7	36685000	36690000	chr7	37180000	37185000	0,0,0	5.8314047	1.0	2.3547664	3.2652133	3.5457041	2.6563976	1.3503549	5.5588093
chr7	50465000	50470000	chr7	50675000	50680000	0,0,0	8.634084	0.99988043	2.696858	5.6992326	6.8555183	3.9666455	2.1950243	9.03263
chr7	25390000	25395000	chr7	25845000	25850000	0,0,0	9.428026	1.0	3.5635211	4.254247	4.9754367	3.526208	1.5488478	7.3077607
chr7	73610000	73615000	chr7	73855000	73860000	0,0,0	8.214164	1.0	3.456522	2.0731716	2.7830637	2.3777895	0.76808256	4.2206087
chr7	140515000	140520000	chr7	140650000	140655000	0,0,0	14.486677	1.0	4.77094	7.871708	9.522224	5.8456173	2.5862854	12.842691
chr7	155795000	155800000	chr7	156475000	156480000	0,0,0	10.938312	0.9999856	5.827035	3.8999825	6.1886625	7.6802316	2.125229	11.146883
chr7	19120000	19125000	chr7	19440000	19445000	0,0,0	5.0713363	0.99911696	2.2336693	3.1974833	4.5500674	4.190653	1.5098939	7.0328603
chr7	32800000	32805000	chr7	33100000	33105000	0,0,0	5.379273	0.9995953	2.2039976	4.5086737	4.9518003	3.8054132	1.8291047	7.8131227
chr7	83975000	83980000	chr7	85020000	85025000	0,0,0	11.5920515	1.0	4.445178	10.410423	13.782473	10.456723	5.1880903	19.710432
chr7	25255000	25260000	chr7	25565000	25570000	0,0,0	8.766405	0.99996525	3.780018	4.4594383	6.896735	6.3048067	2.1314187	10.268751
chr7	97105000	97110000	chr7	97830000	97835000	0,0,0	11.703377	0.9999971	5.5564747	5.2299156	7.8361645	8.086151	3.2136354	12.734965
chr7	105760000	105765000	chr7	106040000	106045000	0,0,0	9.015122	0.9999862	3.1827078	7.158868	7.7311506	4.8254833	2.5635507	11.188922
chr7	20780000	20785000	chr7	21510000	21515000	0,0,0	9.199894	0.9999935	3.0438428	7.75442	8.615101	5.055408	3.3039863	11.948225
chr7	111740000	111745000	chr7	112895000	112900000	0,0,0	5.4576483	1.0	2.5754557	2.480129	3.2155669	3.1951683	1.0392451	5.3997273
chr7	13275000	13280000	chr7	14455000	14460000	0,0,0	13.164774	0.99999976	3.4018905	9.927346	12.588668	6.3235183	3.7950888	15.147826
chr7	65720000	65725000	chr7	66010000	66015000	0,0,0	8.318678	1.0	3.8388681	3.149899	3.6656523	3.4281936	1.30178	6.228104
chr7	107200000	107205000	chr7	107720000	107725000	0,0,0	7.0671415	0.99963593	3.0119903	4.2242737	4.987756	4.164056	2.0505645	7.918966
chr7	39580000	39585000	chr7	39740000	39745000	0,0,0	10.633799	0.9999852	4.6211276	4.8087826	7.424197	6.8503246	2.243617	11.124798
chr7	54770000	54775000	chr7	55255000	55260000	0,0,0	16.107445	1.0	6.533837	9.22103	12.325645	10.0402155	3.7072613	18.236687
chr7	150355000	150360000	chr7	150420000	150425000	0,0,0	5.8807673	0.9974087	2.2149978	3.4620416	4.070233	2.8788493	1.365048	5.9562197
chr7	131505000	131510000	chr7	131655000	131660000	0,0,0	15.050542	1.0	5.1206207	5.6330614	8.332829	5.8080754	2.7977982	10.815241
chr7	14715000	14720000	chr7	15010000	15015000	0,0,0	5.688968	0.9983861	2.2042258	3.2755046	4.516156	3.5181866	1.5526631	6.429746
chr7	131065000	131070000	chr7	131425000	131430000	0,0,0	5.047072	0.9991405	2.5722823	2.9834378	3.9172978	4.4079704	1.654873	7.059915
chr7	37895000	37900000	chr7	38315000	38320000	0,0,0	6.3083954	0.99923605	2.9783673	3.5151215	4.1626773	4.053228	1.5114672	7.17778
chr7	48300000	48305000	chr7	49165000	49170000	0,0,0	6.5300817	0.9996571	2.1528108	5.3016496	5.706023	3.2662241	2.2680283	7.9788017
chr7	16115000	16120000	chr7	16560000	16565000	0,0,0	10.03603	0.99999934	5.234479	4.5543485	8.350758	10.168729	3.4398634	14.217039
chr7	77125000	77130000	chr7	77330000	77335000	0,0,0	8.729999	1.0	3.1907692	5.0030756	5.7133427	3.838843	1.8091922	8.286021
chr7	35425000	35430000	chr7	35625000	35630000	0,0,0	5.6158285	1.0	2.7906072	1.9513702	2.573018	2.779962	1.045626	4.5145135
chr7	29185000	29190000	chr7	29405000	29410000	0,0,0	4.6340203	0.995506	2.3925743	2.206013	2.9823709	3.4446733	1.3108634	5.405574
chr7	143735000	143740000	chr7	144025000	144030000	0,0,0	45.222706	1.0	12.29895	12.155645	14.286621	7.096904	4.243121	17.901922
chr7	120985000	120990000	chr7	121110000	121115000	0,0,0	4.718378	1.0	2.241658	1.765116	2.521414	2.58133	1.1334797	4.150322
chr7	140810000	140815000	chr7	141010000	141015000	0,0,0	7.2696857	1.0	2.4455144	4.387673	5.0461464	3.0823383	1.7679031	6.982492
chr7	98430000	98435000	chr7	98840000	98845000	0,0,0	14.152648	1.0	6.4457293	8.383997	12.166213	11.772839	3.715719	19.22528
chr7	85890000	85895000	chr7	86470000	86475000	0,0,0	10.915298	0.99999917	3.713234	8.255773	10.335959	6.691042	3.0504978	14.029506
chr7	118915000	118920000	chr7	119175000	119180000	0,0,0	5.06345	0.9959835	2.1647851	2.441498	3.714922	3.34769	1.3108753	5.5179105
chr7	6960000	6965000	chr7	7420000	7425000	0,0,0	5.798136	1.0	3.1124315	2.487493	2.7466493	3.302379	1.2197195	5.513484
chr7	5490000	5495000	chr7	5665000	5670000	0,0,0	9.990344	1.0	4.8161697	2.9986384	4.415999	4.644209	1.47125	7.3096647
chr7	13275000	13280000	chr7	14690000	14695000	0,0,0	12.576095	0.999997	4.0939074	7.1816387	9.809069	6.3314004	3.0602224	12.715078
chr7	83410000	83415000	chr7	83655000	83660000	0,0,0	10.644654	0.99999934	3.8568826	7.3969517	10.500196	7.6754956	3.3813903	14.250564
chr7	116255000	116260000	chr7	116525000	116530000	0,0,0	6.0329556	0.99998194	2.3952014	5.9344573	7.32383	5.647799	2.2705922	10.922873
chr7	151570000	151575000	chr7	151755000	151760000	0,0,0	5.7194057	0.99897933	2.2056549	3.5328069	4.8455896	3.747714	1.6565835	6.887987
chr7	19750000	19755000	chr7	20595000	20600000	0,0,0	6.798056	0.9999933	3.5234435	4.9764137	8.551441	10.244153	3.0736728	14.667633
chr7	129220000	129225000	chr7	129295000	129300000	0,0,0	4.6080155	0.9950022	2.244334	2.1356866	3.1794734	3.4009256	1.4938465	5.2993135
chr7	128905000	128910000	chr7	129085000	129090000	0,0,0	7.0691276	0.99948233	3.1419046	3.0988321	5.0189986	4.812432	1.6634144	7.5669494
chr7	121365000	121370000	chr7	121545000	121550000	0,0,0	15.815082	1.0	4.8375673	11.78989	14.054461	7.9141464	4.5625987	18.394049
chr7	27195000	27200000	chr7	27575000	27580000	0,0,0	8.626847	0.9999589	4.1421003	4.047506	6.179745	6.501561	1.9597635	10.099344
chr7	785000	790000	chr7	870000	875000	0,0,0	9.908791	1.0	3.032637	5.1482344	5.958425	3.2930436	1.8143291	7.8692517
chr7	93245000	93250000	chr7	93550000	93555000	0,0,0	5.236728	1.0	2.6878603	1.6106896	3.1232321	3.7339602	0.8035184	5.165684
chr7	134515000	134520000	chr7	134605000	134610000	0,0,0	5.4657516	1.0	2.713421	1.7122223	3.3002887	3.7606103	0.95522624	5.282586
chr7	100130000	100135000	chr7	100410000	100415000	0,0,0	5.172571	1.0	2.6366398	2.0405335	2.4857469	2.7629993	0.8925478	4.5768065
chr7	26370000	26375000	chr7	26665000	26670000	0,0,0	15.177618	1.0	6.4623566	6.2671404	13.3065195	12.752662	3.2915769	18.323454
chr7	149665000	149670000	chr7	149740000	149745000	0,0,0	4.682638	1.0	2.3043191	1.5686316	2.1423385	2.2934992	0.7119185	3.6878383
chr7	6160000	6165000	chr7	6320000	6325000	0,0,0	5.453379	0.99811006	2.6233442	2.9115417	3.629826	3.683815	1.1382518	6.271852
chr7	97140000	97145000	chr7	97845000	97850000	0,0,0	6.1101027	0.99996114	2.298147	5.8253293	6.9878254	4.9782715	2.4645972	10.1563425
chr7	112550000	112555000	chr7	112870000	112875000	0,0,0	6.765823	0.99989414	2.828402	4.3178387	6.1650405	5.316086	1.7356104	9.154164
chr7	155600000	155605000	chr7	155735000	155740000	0,0,0	6.3580484	0.998817	3.316793	1.9270474	4.0742283	5.0275	1.655944	6.7404313
chr7	23270000	23275000	chr7	23545000	23550000	0,0,0	6.942122	0.9991871	3.2466342	3.5560799	4.1404777	3.9546716	1.4884107	7.115631
chr7	100895000	100900000	chr7	101055000	101060000	0,0,0	12.871124	1.0	5.5519414	4.330655	7.6913667	7.24394	2.0107775	11.093411
chr7	47435000	47440000	chr7	47820000	47825000	0,0,0	5.6996474	0.9994365	3.0652983	2.547824	4.1295414	5.2174106	1.5561198	7.482143
chr7	85040000	85045000	chr7	85555000	85560000	0,0,0	9.810772	0.9999701	3.9931571	5.2369113	7.033691	5.7624345	2.7560794	10.417466
chr7	121750000	121755000	chr7	121995000	122000000	0,0,0	5.5239663	0.9985853	2.5925608	2.7517939	4.0647187	4.1154613	1.3398584	6.5615
chr7	139775000	139780000	chr7	140005000	140010000	0,0,0	5.010259	0.99704754	2.2478435	3.0006616	3.5184584	3.158471	1.8705728	5.825726
chr7	17705000	17710000	chr7	18345000	18350000	0,0,0	10.045315	0.9999993	3.7328331	7.1614695	10.293321	7.764401	3.215846	14.130152
chr7	95915000	95920000	chr7	97025000	97030000	0,0,0	8.7404995	0.9999996	3.0090003	10.414393	12.856279	8.372639	3.616855	17.629877
chr7	148575000	148580000	chr7	148960000	148965000	0,0,0	8.373277	0.9999336	4.001076	4.190732	5.7538958	5.89555	2.3864937	9.620645
chr7	85040000	85045000	chr7	85850000	85855000	0,0,0	15.682795	0.9999999	6.1635127	8.422651	10.700295	8.23579	3.3134916	15.722591
chr7	42940000	42945000	chr7	43440000	43445000	0,0,0	5.0653605	0.99671936	2.6035073	1.7566757	3.4656773	4.15882	0.86974084	5.7203097
chr7	45920000	45925000	chr7	46350000	46355000	0,0,0	13.221827	0.99999964	5.3790817	6.901527	10.297569	8.699141	3.6591458	14.833832
chr7	116930000	116935000	chr7	117120000	117125000	0,0,0	4.771488	1.0	2.814678	1.5985202	2.2213604	3.2930033	1.0849677	4.71391
chr7	22110000	22115000	chr7	22485000	22490000	0,0,0	14.22601	1.0	7.986263	5.5562706	9.935567	13.612127	4.325875	18.551035
chr7	130065000	130070000	chr7	130830000	130835000	0,0,0	6.3726044	0.99904215	3.4292605	3.2065997	3.4135046	4.1012616	2.1577218	6.9515724
chr7	35190000	35195000	chr7	35620000	35625000	0,0,0	5.4060197	0.99823874	2.7016585	2.9222622	3.496335	3.74482	1.2547058	6.3423867
chr7	141970000	141975000	chr7	142190000	142195000	0,0,0	6.3171544	0.99966156	3.0051363	2.69715	5.1985254	5.5945735	2.0173357	7.9920406
chr7	35710000	35715000	chr7	35905000	35910000	0,0,0	9.093923	0.9998939	4.22965	3.6210825	5.838726	5.9336214	2.1069307	9.152362
chr7	124155000	124160000	chr7	124785000	124790000	0,0,0	5.217731	0.9999499	2.7484887	4.026527	5.309016	6.3233514	2.36222	9.902487
chr7	60000	65000	chr7	125000	130000	0,0,0	5.9901853	1.0	2.8074055	2.2077887	2.821145	2.7653046	0.9059275	4.7277837
chr7	6105000	6110000	chr7	6320000	6325000	0,0,0	6.3883214	0.99972016	2.1267083	5.48304	5.787064	3.3083787	2.1013951	8.182192
chr7	74205000	74210000	chr7	74400000	74405000	0,0,0	14.782739	1.0	4.0096564	9.710207	11.018214	5.3087006	3.673225	13.939996
chr7	85040000	85045000	chr7	85750000	85755000	0,0,0	6.327424	0.99943054	3.2877376	3.6520295	3.7823563	4.2253723	2.0935416	7.471621
chr7	99910000	99915000	chr7	100060000	100065000	0,0,0	5.2130055	1.0	2.775883	1.7563556	1.9499663	2.3104115	0.949327	3.8716164
chr7	138160000	138165000	chr7	138735000	138740000	0,0,0	8.509095	0.9999997	3.0814774	8.097353	11.006418	7.9079404	4.132497	15.105586
chr7	150285000	150290000	chr7	150420000	150425000	0,0,0	7.1055665	1.0	2.8280456	3.0813334	3.9064083	3.0519876	1.6265016	5.790951
chr7	83935000	83940000	chr7	85020000	85025000	0,0,0	21.81669	1.0	7.5835543	21.37143	29.115074	20.04768	8.314888	39.044506
chr7	155795000	155800000	chr7	156765000	156770000	0,0,0	9.041714	1.0	3.3543282	5.239862	5.9350634	4.046723	1.9318062	8.704378
chr7	19750000	19755000	chr7	20310000	20315000	0,0,0	9.67198	0.9999995	2.915421	9.2836275	11.280187	6.334934	3.0954137	14.587048
chr7	134630000	134635000	chr7	134950000	134955000	0,0,0	9.377359	0.9999778	4.3497515	4.916478	6.5197434	6.3469095	2.1121883	10.7171135
chr7	150780000	150785000	chr7	150870000	150875000	0,0,0	5.418657	1.0	2.3594549	2.6549108	3.1410432	2.7056108	0.9690298	5.0655317
chr7	122090000	122095000	chr7	122530000	122535000	0,0,0	6.8390737	0.9997656	2.7660234	3.7457457	5.9058247	5.0296407	2.0588398	8.359193
chr7	23265000	23270000	chr7	23710000	23715000	0,0,0	6.370021	1.0	3.744569	2.0127263	2.5035343	3.6610937	1.196025	5.450184
chr7	82040000	82045000	chr7	82725000	82730000	0,0,0	8.787305	0.99999076	3.506099	5.668566	8.055472	6.557608	2.5492897	11.5963335
chr7	121120000	121125000	chr7	121370000	121375000	0,0,0	4.6252832	0.99209505	2.4501562	2.2314124	2.4412649	2.8572874	1.1929995	4.8407655
chr7	152335000	152340000	chr7	152820000	152825000	0,0,0	7.6436224	1.0	2.7770374	4.223948	5.1572123	3.5524054	1.8412262	7.307026
chr7	137600000	137605000	chr7	137895000	137900000	0,0,0	8.358929	1.0	3.496814	3.1510365	5.4252796	4.9019547	1.7466722	7.702876
chr7	75770000	75775000	chr7	76020000	76025000	0,0,0	6.597807	1.0	2.943049	2.6005347	3.1583438	2.839758	1.5447704	5.151344
chr7	128425000	128430000	chr7	128460000	128465000	0,0,0	4.96215	0.99608606	2.2654195	2.3640945	3.5254927	3.442366	1.2946591	5.543783
chr7	12680000	12685000	chr7	13260000	13265000	0,0,0	8.324393	0.9999945	4.113083	4.9757576	7.0912185	7.695356	2.8751168	12.118251
chr7	5560000	5565000	chr7	5665000	5670000	0,0,0	6.4582005	0.9986437	3.1781535	2.7041156	3.888459	4.200015	1.575223	6.6036735
chr7	82230000	82235000	chr7	82720000	82725000	0,0,0	5.936453	0.99946743	2.7683039	3.8329754	4.3697267	4.13151	2.0905688	7.5385985
chr7	43580000	43585000	chr7	43695000	43700000	0,0,0	8.996757	1.0	3.3546417	4.7525	5.9255085	4.247716	2.215704	8.47216
chr7	29635000	29640000	chr7	29920000	29925000	0,0,0	4.5866117	1.0	2.2568233	1.755153	2.6880608	2.9324105	1.0657859	4.4925466
chr7	31440000	31445000	chr7	31630000	31635000	0,0,0	5.1827083	0.99846596	2.5680068	2.3914483	3.912785	4.3547735	1.6341143	6.480505
chr7	45915000	45920000	chr7	47085000	47090000	0,0,0	6.797932	0.9999874	3.4964876	5.3231893	5.901526	6.552843	2.3899012	11.284567
chr7	78020000	78025000	chr7	78225000	78230000	0,0,0	4.6194425	0.9948969	2.4998124	1.9120654	2.8283677	3.5788379	1.078624	5.2784514
chr7	132315000	132320000	chr7	132585000	132590000	0,0,0	5.0938826	1.0	2.8118236	2.0558753	2.1968431	2.7793865	1.1936914	4.606831
chr7	80920000	80925000	chr7	81440000	81445000	0,0,0	5.2642922	0.9980973	2.3435683	3.3891792	3.7366838	3.2525415	1.7330966	6.265145
chr7	36485000	36490000	chr7	36670000	36675000	0,0,0	7.443386	0.99977195	3.8547275	2.4856849	5.075062	6.17721	1.6482971	8.386707
chr7	80055000	80060000	chr7	80395000	80400000	0,0,0	6.093772	0.9993418	2.586025	3.5190272	4.8302684	4.1986847	1.9188994	7.326709
chr7	48300000	48305000	chr7	48875000	48880000	0,0,0	5.2801456	0.99958456	2.5590594	2.446666	5.0469284	5.6121674	1.4168065	7.786982
chr7	95725000	95730000	chr7	95870000	95875000	0,0,0	10.248174	1.0	5.048925	3.0321138	4.3898473	4.755061	2.043604	7.4502735
chr7	75075000	75080000	chr7	75760000	75765000	0,0,0	11.765728	1.0	4.4351983	4.986835	6.2322645	4.5304513	2.4692538	8.963194
chr7	143240000	143245000	chr7	143305000	143310000	0,0,0	7.6039863	0.99979675	2.888524	4.107683	6.1840525	4.8505726	1.716659	8.501846
chr7	117395000	117400000	chr7	117710000	117715000	0,0,0	5.2766385	0.99906665	2.813854	2.564085	3.8064137	4.6982675	1.5597489	6.9774537
chr7	116260000	116265000	chr7	116805000	116810000	0,0,0	6.3053308	0.9989917	2.9174497	3.4888473	4.048594	3.7990472	1.7474846	6.900245
chr7	42935000	42940000	chr7	43260000	43265000	0,0,0	8.470813	0.99986243	3.0074327	5.1835675	6.3693557	4.2845364	2.3796868	8.892152
chr7	95915000	95920000	chr7	97060000	97065000	0,0,0	7.4205914	0.9999984	3.507002	6.012962	7.991458	8.001251	3.2646453	13.346107
chr7	97500000	97505000	chr7	97830000	97835000	0,0,0	5.594122	0.9968634	2.9531162	2.5881944	2.9586923	3.4646106	1.0456376	5.7652283
chr7	46360000	46365000	chr7	47085000	47090000	0,0,0	6.434104	0.999994	2.712954	6.733614	7.4951277	6.0343876	2.4281769	12.019822
chr7	116670000	116675000	chr7	116800000	116805000	0,0,0	6.8707247	0.9995044	3.8142285	2.728062	3.925974	5.1855826	1.5847929	7.6105266
chr7	2240000	2245000	chr7	2345000	2350000	0,0,0	5.9909835	1.0	2.5138528	3.4486747	3.6918283	2.9069133	1.4150852	5.972402
chr7	129825000	129830000	chr7	130010000	130015000	0,0,0	8.760272	1.0	3.022727	4.570334	6.605795	4.6254873	1.7418463	8.688006
chr7	37900000	37905000	chr7	38220000	38225000	0,0,0	7.958114	0.9999429	4.23161	3.448193	5.425567	6.7067285	1.8544997	9.77179
chr7	90150000	90155000	chr7	90260000	90265000	0,0,0	8.485926	1.0	3.1808324	4.1946425	5.5510306	4.1012897	2.0067954	7.82986
chr7	25255000	25260000	chr7	25845000	25850000	0,0,0	9.333894	1.0	3.6875887	4.3627067	5.110981	3.8372014	2.038963	7.7151628
chr7	48425000	48430000	chr7	48875000	48880000	0,0,0	7.1679697	0.99999064	3.235436	5.3227663	7.2642517	6.84741	2.788397	11.578758
chr7	5995000	6000000	chr7	6105000	6110000	0,0,0	12.338431	1.0	5.2581396	3.8917732	5.0012636	4.28875	2.2072053	7.748104
chr7	25890000	25895000	chr7	26360000	26365000	0,0,0	16.383066	1.0	5.9648204	7.5556307	12.321724	9.486832	3.7514732	16.202948
chr7	88545000	88550000	chr7	88830000	88835000	0,0,0	5.2354345	1.0	2.3101988	2.8453526	3.058868	2.604132	1.0543622	5.133334
chr7	104920000	104925000	chr7	105585000	105590000	0,0,0	10.377024	0.9999875	3.3685424	7.2503753	8.286465	4.8428035	3.3388312	11.287581
chr7	134435000	134440000	chr7	134545000	134550000	0,0,0	4.5791135	0.9934021	2.3241568	2.0197275	2.8539193	3.2262151	1.0836029	5.0215282
chr7	18585000	18590000	chr7	19660000	19665000	0,0,0	6.486599	1.0	3.2835755	2.7647913	3.4920511	3.8601558	2.0422537	6.317748
chr7	31130000	31135000	chr7	31735000	31740000	0,0,0	9.605585	0.9999892	3.3760078	6.3380246	8.421981	5.8046155	2.7633955	11.438415
chr7	16800000	16805000	chr7	16915000	16920000	0,0,0	5.3809853	1.0	2.3166273	2.604925	3.4537985	3.0297604	1.1445825	5.345249
chr7	158050000	158055000	chr7	158325000	158330000	0,0,0	7.0353928	1.0	3.0311718	3.4401116	3.9739995	3.3449526	1.3392041	6.4028296
chr7	23565000	23570000	chr7	23710000	23715000	0,0,0	9.267673	1.0	4.2307343	4.4042177	5.320691	4.943708	2.315866	8.858568
chr7	80425000	80430000	chr7	80655000	80660000	0,0,0	12.05276	1.0	5.1237245	4.7800817	7.3976355	6.647194	2.648692	10.896155
chr7	123795000	123800000	chr7	123865000	123870000	0,0,0	5.50638	0.9972676	2.2408304	3.021377	3.9594355	3.2175252	1.3265835	5.903194
chr7	47260000	47265000	chr7	47815000	47820000	0,0,0	7.599694	0.9998987	3.2442663	4.530941	5.971011	5.170361	2.4645538	9.197865
chr7	83975000	83980000	chr7	84190000	84195000	0,0,0	5.3046284	0.9958952	2.909046	2.0858262	2.8353457	3.642109	0.9006518	5.4961767
chr7	145035000	145040000	chr7	146085000	146090000	0,0,0	8.757687	0.9998895	3.3634775	4.654107	6.4415836	4.9741764	2.3635309	9.111161
chr7	149945000	149950000	chr7	154145000	154150000	0,0,0	28.25391	1.0	4.4075637	54.78577	57.315342	15.535137	19.568846	64.233604
chr7	7420000	7425000	chr7	7540000	7545000	0,0,0	13.497281	1.0	4.7685285	7.020349	9.573714	6.7079363	3.1738749	12.948246
chr7	92455000	92460000	chr7	93055000	93060000	0,0,0	5.5921965	1.0	2.6458611	2.1185515	3.5251813	3.6857271	1.235838	5.568884
chr7	70855000	70860000	chr7	71730000	71735000	0,0,0	12.072991	1.0	4.643765	10.297159	14.470798	11.2519655	3.8867545	20.404997
chr7	154925000	154930000	chr7	155345000	155350000	0,0,0	9.711224	0.9999939	4.446603	5.9305887	7.2073083	6.737699	2.4999309	12.009334
chr7	142625000	142630000	chr7	142780000	142785000	0,0,0	4.9359727	0.99727625	2.2244852	2.4462733	3.8464756	3.7318938	0.9620613	5.9063587
chr7	143235000	143240000	chr7	143410000	143415000	0,0,0	5.6591334	1.0	2.7673123	2.0509653	2.9277706	3.1281497	1.2635216	4.95123
chr7	151310000	151315000	chr7	151760000	151765000	0,0,0	6.0599704	1.0	2.3227406	3.3116603	3.8276684	2.7469065	1.2707609	5.6906047
chr7	98020000	98025000	chr7	98165000	98170000	0,0,0	14.695511	0.99999994	4.6758246	9.445444	12.788722	8.041426	3.2693272	16.437376
chr7	24290000	24295000	chr7	24665000	24670000	0,0,0	8.586258	0.9998494	2.4561703	5.842719	6.8969703	3.6079335	2.4381976	8.801462
chr7	20780000	20785000	chr7	21250000	21255000	0,0,0	13.004377	0.99999994	4.448744	9.489334	12.946298	8.774561	4.5670624	17.209524
chr7	128475000	128480000	chr7	128875000	128880000	0,0,0	10.438566	1.0	3.6241186	5.4015737	6.427538	4.14774	2.5330532	8.949139
chr7	85890000	85895000	chr7	86815000	86820000	0,0,0	4.852368	1.0	2.471904	2.148085	2.299208	2.4912796	0.8748876	4.4006886
chr7	7420000	7425000	chr7	8220000	8225000	0,0,0	6.1571317	0.99847955	2.7325068	3.1177588	4.08088	3.7180796	1.6424562	6.489421
chr7	107875000	107880000	chr7	108145000	108150000	0,0,0	8.03901	0.9996937	2.947774	4.826728	5.5939646	3.801408	1.9563293	8.091833
chr7	86595000	86600000	chr7	86905000	86910000	0,0,0	4.751549	1.0	2.4405994	1.9549822	2.5878465	2.9538858	0.940518	4.691648
chr7	140475000	140480000	chr7	140650000	140655000	0,0,0	4.9299874	0.9932714	2.233189	2.066541	3.241951	3.1649854	0.7098197	5.0019107
chr7	143005000	143010000	chr7	143210000	143215000	0,0,0	17.12699	1.0	6.443655	8.942132	12.712812	9.682374	4.541043	17.630936
chr7	105650000	105655000	chr7	106040000	106045000	0,0,0	6.9624906	0.99976456	3.525477	3.1480107	4.870377	5.5567327	1.9412789	8.354964
chr7	51160000	51165000	chr7	51365000	51370000	0,0,0	10.136382	0.99996173	3.5397363	5.369689	7.6579885	5.3983097	2.128674	10.171367
chr7	81500000	81505000	chr7	82015000	82020000	0,0,0	13.612906	1.0	6.9551415	5.1983232	7.2147007	8.221554	3.136234	12.842286
chr7	26375000	26380000	chr7	26500000	26505000	0,0,0	5.97143	0.9983751	2.6976902	3.2258756	3.8890762	3.5555232	1.4999653	6.4229684
chr7	98290000	98295000	chr7	98400000	98405000	0,0,0	10.363491	1.0	4.745141	3.2387147	4.6189575	4.485664	1.3952326	7.3645215
chr7	118350000	118355000	chr7	119175000	119180000	0,0,0	5.7841926	1.0	3.1174808	2.4038002	2.6531322	3.2147784	1.3017845	5.35149
chr7	101540000	101545000	chr7	102270000	102275000	0,0,0	15.6734915	1.0	4.4635487	13.758103	15.607864	7.892624	4.8730183	20.12205
chr7	41940000	41945000	chr7	42880000	42885000	0,0,0	5.815078	0.9999582	2.6608422	5.6854115	5.704316	5.0308447	2.4677038	10.084544
chr7	12065000	12070000	chr7	12485000	12490000	0,0,0	6.0381274	1.0	3.120502	1.9189094	3.1806285	3.7778523	1.2104241	5.4835496
chr7	17705000	17710000	chr7	18570000	18575000	0,0,0	7.862769	1.0	3.223677	3.6705966	4.151428	3.2312422	1.3236651	6.4939947
chr7	139645000	139650000	chr7	140000000	140005000	0,0,0	8.382137	0.9999969	3.5908456	6.3947477	8.139145	7.0087066	2.428478	12.692927
chr7	24815000	24820000	chr7	24975000	24980000	0,0,0	7.1813498	0.9996792	3.0371084	3.6617599	5.4237323	4.7906423	1.759455	8.04554
chr7	130070000	130075000	chr7	130725000	130730000	0,0,0	6.3460307	0.9999867	2.6414013	6.1468973	7.1700897	5.766288	2.5866203	11.230197
chr7	36475000	36480000	chr7	37200000	37205000	0,0,0	12.516369	0.99999845	5.884636	6.956697	7.6096983	7.2095304	2.9913242	13.393261
chr7	134445000	134450000	chr7	134510000	134515000	0,0,0	8.075687	0.999742	3.0852964	4.799696	5.578681	3.9967935	1.8505979	8.26319
chr7	8440000	8445000	chr7	8725000	8730000	0,0,0	5.409396	0.9991304	2.4544084	3.8421679	4.0949264	3.6329947	1.8967223	7.048255
chr7	74415000	74420000	chr7	74865000	74870000	0,0,0	38.4391	1.0	11.351767	8.657865	11.651388	6.8176303	3.486686	14.51351
chr7	95525000	95530000	chr7	95685000	95690000	0,0,0	17.77074	1.0	7.6701827	6.3558655	10.3926	9.630825	2.8886757	15.280482
chr7	80690000	80695000	chr7	81465000	81470000	0,0,0	12.778869	0.99999994	5.8771105	8.189583	10.14779	9.597609	3.3426366	16.877237
chr7	99910000	99915000	chr7	99990000	99995000	0,0,0	5.4592466	0.99843246	2.3733203	3.4261935	3.9915853	3.4133954	1.4509807	6.458901
chr7	111740000	111745000	chr7	112495000	112500000	0,0,0	12.006217	0.9999986	5.3827577	6.421461	8.425723	7.7916665	3.2851982	13.499633
chr7	92615000	92620000	chr7	93055000	93060000	0,0,0	9.846377	0.9999486	4.9056435	3.4022763	6.0433173	6.8534546	2.401882	9.877701
chr7	73865000	73870000	chr7	74025000	74030000	0,0,0	5.607929	1.0	2.8459964	1.7246283	2.6186798	2.9904768	1.1725967	4.52348
chr7	50090000	50095000	chr7	51155000	51160000	0,0,0	7.105114	0.99962956	2.8288765	3.5339704	5.663742	4.760393	1.9414934	7.9017
chr7	27195000	27200000	chr7	27920000	27925000	0,0,0	17.073683	1.0	5.7322702	8.6419	11.113997	7.1894827	3.3669674	14.871171
chr7	128135000	128140000	chr7	128205000	128210000	0,0,0	5.1853724	1.0	2.1606016	2.2774885	3.1070125	2.6338134	1.1105393	4.6582475
chr7	148500000	148505000	chr7	148960000	148965000	0,0,0	11.87134	0.9999936	5.2935553	4.935647	7.8869953	7.573071	2.514751	11.960313
chr7	65080000	65085000	chr7	65770000	65775000	0,0,0	83.55349	1.0	21.399818	16.961323	20.721615	10.047601	9.209331	25.12433
chr7	101320000	101325000	chr7	101505000	101510000	0,0,0	6.2040057	0.99816144	2.1965861	3.771305	4.472258	2.9471657	1.3686985	6.2994375
chr7	38795000	38800000	chr7	39520000	39525000	0,0,0	7.107612	0.9999856	3.108167	4.9342933	7.3335323	6.7610145	2.7437384	11.147053
chr7	133850000	133855000	chr7	133985000	133990000	0,0,0	5.956235	1.0	2.3910809	2.873294	3.6434293	2.8777597	1.2822301	5.431799
chr7	74060000	74065000	chr7	74400000	74405000	0,0,0	8.646259	1.0	4.3848567	3.3539712	4.216467	4.671583	1.6110705	7.6528907
chr7	107460000	107465000	chr7	107725000	107730000	0,0,0	9.311057	0.9999739	3.9546287	5.1148043	6.930456	6.008837	2.2691796	10.55533
chr7	135275000	135280000	chr7	136005000	136010000	0,0,0	4.6066465	1.0	2.7388232	1.4365199	1.9696811	2.9658568	0.98464733	4.2427635
chr7	134430000	134435000	chr7	134605000	134610000	0,0,0	13.828657	1.0	4.772057	6.5066123	7.694225	4.9145517	2.2517068	10.698207
chr7	92690000	92695000	chr7	92830000	92835000	0,0,0	6.018019	0.9991902	2.758709	3.2163298	4.416608	4.260523	1.7065504	7.1194825
chr7	30800000	30805000	chr7	30975000	30980000	0,0,0	7.0637565	1.0	3.129054	2.681974	4.0937357	3.8602858	1.1141645	6.2442627
chr7	112545000	112550000	chr7	112900000	112905000	0,0,0	5.4834356	0.9993583	2.7248533	3.1151237	4.221654	4.5831723	1.8270723	7.3521714
chr7	116255000	116260000	chr7	116585000	116590000	0,0,0	11.048617	1.0	4.362579	8.556603	13.170822	10.84822	3.5308278	18.45409
chr7	31135000	31140000	chr7	31630000	31635000	0,0,0	5.226403	0.9994174	2.4085732	3.4555855	4.547291	4.3771915	2.03566	7.448823
chr7	127705000	127710000	chr7	128205000	128210000	0,0,0	8.69276	0.9999815	3.3954697	5.0485997	7.8548613	6.4128485	2.815855	10.900493
chr7	27175000	27180000	chr7	27765000	27770000	0,0,0	7.7424383	1.0	4.228637	2.5071864	3.51147	4.491081	1.334668	6.7196913
chr7	37235000	37240000	chr7	37830000	37835000	0,0,0	8.486199	0.99995697	3.4782743	5.071192	6.735719	5.54715	2.1038947	10.054876
chr7	19755000	19760000	chr7	20170000	20175000	0,0,0	5.2373	0.9975611	2.5823042	2.1030226	3.71438	4.1474752	1.3598055	6.016829
chr7	94445000	94450000	chr7	95475000	95480000	0,0,0	7.043167	0.9999823	2.58936	6.4760065	7.5736732	5.185873	2.9472554	10.942324
chr7	124150000	124155000	chr7	124855000	124860000	0,0,0	5.6671405	0.9999582	2.6676326	4.6939783	5.9925127	5.9116035	1.8855894	10.084029
chr7	55275000	55280000	chr7	55595000	55600000	0,0,0	7.037505	1.0	3.2532651	2.2418227	3.2210095	3.175023	1.2130327	5.167754
chr7	76175000	76180000	chr7	76315000	76320000	0,0,0	6.576301	0.998704	3.039834	2.4890232	4.3424673	4.4367294	1.6934739	6.6491942
chr7	41040000	41045000	chr7	41690000	41695000	0,0,0	6.5710626	0.99984944	2.8678832	4.9750047	5.2633414	4.3799434	2.4672208	8.80217
chr7	91080000	91085000	chr7	91780000	91785000	0,0,0	6.402381	0.99956983	2.917689	4.0546355	4.565445	4.148073	1.5834676	7.7521935
chr7	55275000	55280000	chr7	55415000	55420000	0,0,0	10.30353	1.0	3.5831676	4.2426786	5.8851647	4.0849977	2.2191887	7.8562675
chr7	117750000	117755000	chr7	118150000	118155000	0,0,0	7.6927395	0.9999901	2.580711	6.7874	8.570556	5.4894342	2.607905	11.522678
chr7	85885000	85890000	chr7	86905000	86910000	0,0,0	9.032142	1.0	3.7661986	4.824387	5.1116004	3.970732	2.543465	8.259076
chr7	82045000	82050000	chr7	82570000	82575000	0,0,0	8.286488	0.9999833	3.5594716	4.9528537	7.330512	6.6001015	2.817702	11.002638
chr7	2450000	2455000	chr7	2680000	2685000	0,0,0	10.746485	0.99998003	3.999579	6.239824	7.4954844	5.274752	2.7057974	10.821262
chr7	4795000	4800000	chr7	5090000	5095000	0,0,0	5.7202153	0.99795574	2.3838925	3.3782504	3.955076	3.190477	1.9625425	6.193366
chr7	101690000	101695000	chr7	102235000	102240000	0,0,0	9.345649	0.9999853	3.1367135	7.071529	8.01381	4.8401775	2.8329136	11.125981
chr7	47580000	47585000	chr7	47780000	47785000	0,0,0	5.230369	0.99922425	2.6236706	3.1272397	4.0138555	4.3826413	1.3987762	7.16241
chr7	121125000	121130000	chr7	121545000	121550000	0,0,0	8.635801	0.999923	3.2188103	5.323339	6.6227856	4.740999	2.7909892	9.472856
chr7	77125000	77130000	chr7	77245000	77250000	0,0,0	6.411743	0.99941987	2.1834524	4.4160876	5.4715853	3.5275946	1.6726673	7.4530063
chr19	10710000	10715000	chr19	10855000	10860000	0,0,0	5.9541373	1.0	3.2309356	1.8494647	2.4974403	3.1447673	1.1028037	4.788736
chr19	45435000	45440000	chr19	45480000	45485000	0,0,0	4.6562877	0.99570215	2.5596066	2.0574446	2.8059213	3.6213608	1.2228299	5.4502006
chr19	46755000	46760000	chr19	46990000	46995000	0,0,0	8.448419	1.0	3.3736162	3.2240076	4.3765154	3.5147293	1.202268	6.3805137
chr19	47030000	47035000	chr19	47125000	47130000	0,0,0	4.91139	1.0	2.4154992	1.5548911	2.2581992	2.4409227	0.9074125	3.8230486
chr19	3325000	3330000	chr19	3430000	3435000	0,0,0	5.1972823	0.99790865	2.5513058	2.83632	3.4904122	3.6493993	1.2614163	6.1705728
chr19	665000	670000	chr19	730000	735000	0,0,0	9.123156	1.0	2.8151371	4.7115583	5.441882	3.0296087	1.7468764	7.2176604
chr19	54755000	54760000	chr19	54835000	54840000	0,0,0	13.395271	0.99999917	4.5821867	8.789939	10.006398	6.1957273	5.1171055	14.009006
chr19	1110000	1115000	chr19	1190000	1195000	0,0,0	5.4190283	0.9974195	2.5668342	2.480784	3.661366	3.7552423	1.1600244	5.960384
chr19	46080000	46085000	chr19	46260000	46265000	0,0,0	10.847237	0.9999975	3.8357527	6.543144	9.757127	7.083886	4.115121	12.900014
chr19	49500000	49505000	chr19	49570000	49575000	0,0,0	9.646188	1.0	3.5992513	3.8216019	5.88428	4.5613317	1.6364716	7.9583116
chr19	12975000	12980000	chr19	13090000	13095000	0,0,0	11.337648	1.0	5.27807	3.2749624	5.6948133	5.8690434	1.396869	8.780121
chr19	43105000	43110000	chr19	43190000	43195000	0,0,0	9.572457	1.0	4.040871	4.69927	5.8293495	4.881306	1.6979192	9.0584345
chr19	54480000	54485000	chr19	54680000	54685000	0,0,0	5.3210216	1.0	2.8261275	1.5776954	2.1162338	2.5629518	1.1437742	3.9653478
chr19	33780000	33785000	chr19	33995000	34000000	0,0,0	5.527926	1.0	3.1833563	1.2972834	2.2834668	3.2713072	0.9151708	4.424448
chr19	50795000	50800000	chr19	50920000	50925000	0,0,0	6.852669	1.0	3.3253129	2.0436065	3.7667596	4.137281	1.1801698	5.95382
chr19	56075000	56080000	chr19	56330000	56335000	0,0,0	10.097128	1.0	4.331677	3.0051384	4.753216	4.3405156	1.2236427	7.0117497
chr19	46280000	46285000	chr19	46485000	46490000	0,0,0	8.042746	0.9996992	3.4827213	4.1841083	5.092358	4.390559	1.6477927	8.109767
chr19	46025000	46030000	chr19	46075000	46080000	0,0,0	7.0577474	0.9997826	2.386115	4.668789	6.3892207	4.284749	1.9430962	8.434784
chr19	37900000	37905000	chr19	38095000	38100000	0,0,0	4.9440513	1.0	2.6787555	1.9121636	2.181298	2.6826305	0.8330082	4.3823314
chr19	50930000	50935000	chr19	51015000	51020000	0,0,0	8.284115	1.0	3.681421	2.9235854	3.9650187	3.6523905	1.7299767	6.251133
chr19	40140000	40145000	chr19	40220000	40225000	0,0,0	5.149094	1.0	2.6738458	1.7978175	2.7596872	3.2728093	0.8708586	4.870869
chr19	13785000	13790000	chr19	13860000	13865000	0,0,0	6.936739	1.0	3.6131167	1.7014668	3.064552	3.717409	0.99385697	5.229824
chr19	35350000	35355000	chr19	35465000	35470000	0,0,0	6.295003	0.99851733	2.4780238	3.4795504	4.432306	3.4216657	1.3400822	6.5145993
chr19	13885000	13890000	chr19	14045000	14050000	0,0,0	7.7988973	1.0	3.6172276	3.1848803	3.3001683	3.008875	1.4052155	5.8398795
chr19	38240000	38245000	chr19	38330000	38335000	0,0,0	9.928339	1.0	4.804678	3.0165167	4.89661	5.261687	1.6519526	7.9430346
chr19	50930000	50935000	chr19	51090000	51095000	0,0,0	9.927685	1.0	4.8465295	2.5044892	3.637234	3.8878245	1.1969032	6.114037
chr19	30665000	30670000	chr19	32225000	32230000	0,0,0	8.3826685	0.99997544	2.410374	7.1050324	8.265647	4.3006625	2.4872768	10.616247
chr19	12980000	12985000	chr19	13060000	13065000	0,0,0	6.1911616	1.0	3.226249	2.392425	2.9219875	3.37701	1.0222917	5.50361
chr19	13275000	13280000	chr19	13590000	13595000	0,0,0	11.4756975	0.99999845	3.6564157	7.7510304	10.367279	6.4880757	3.5449321	13.377881
chr19	46395000	46400000	chr19	46485000	46490000	0,0,0	6.668981	0.9992625	2.5729628	3.66012	5.0920243	3.9595354	1.645278	7.2129755
chr19	10575000	10580000	chr19	10645000	10650000	0,0,0	5.690653	0.99955267	2.4431944	3.6428335	5.055993	4.474926	1.7363136	7.713001
chr19	47435000	47440000	chr19	47705000	47710000	0,0,0	16.389275	1.0	6.4890943	8.708447	10.229968	7.710952	3.742201	15.451795
chr19	13875000	13880000	chr19	14075000	14080000	0,0,0	6.74747	1.0	3.5605679	1.8248467	3.4167178	4.2440743	1.4408854	5.8661604
chr19	40660000	40665000	chr19	40815000	40820000	0,0,0	9.61337	1.0	3.7697449	3.2518117	4.8011723	3.8763554	1.1578676	6.766855
chr19	33425000	33430000	chr19	33770000	33775000	0,0,0	13.487901	1.0	5.9854455	4.0953135	6.1853456	5.832539	2.17137	9.472817
chr19	2645000	2650000	chr19	2745000	2750000	0,0,0	5.773742	1.0	3.4845996	1.2870474	1.9046314	2.9692576	0.92063016	4.1133
chr19	15625000	15630000	chr19	16180000	16185000	0,0,0	7.434033	1.0	4.1134186	2.0089023	2.3995984	3.091636	1.2400588	4.877327
chr19	13190000	13195000	chr19	13260000	13265000	0,0,0	3.7182999	1.0	2.417775	0.8863075	0.9843351	1.8242037	0.43649355	2.6120324
chr19	55140000	55145000	chr19	55500000	55505000	0,0,0	12.168939	1.0	4.06054	5.6451244	8.386044	5.747984	2.8866613	10.765873
chr19	12565000	12570000	chr19	12665000	12670000	0,0,0	4.951878	1.0	2.6789057	1.6329968	1.8236574	2.229613	0.89485055	3.6811657
chr19	6045000	6050000	chr19	6125000	6130000	0,0,0	7.447795	0.99946475	3.4571888	3.193907	4.7101316	4.6944838	1.7458477	7.533512
chr19	7100000	7105000	chr19	7340000	7345000	0,0,0	11.290585	1.0	4.3790526	4.329155	7.240238	5.9845524	2.3019474	9.83269
chr19	2470000	2475000	chr19	2575000	2580000	0,0,0	7.65244	0.9997777	2.8552341	4.4210396	6.0294056	4.4824886	2.361629	8.412301
chr19	44570000	44575000	chr19	44655000	44660000	0,0,0	5.035344	1.0	2.6370494	1.5702043	2.345829	2.8113365	0.7789077	4.2070737
chr19	33235000	33240000	chr19	33405000	33410000	0,0,0	8.192827	1.0	4.4124837	2.0447786	4.7011375	6.121061	1.4601132	7.938642
chr19	18110000	18115000	chr19	18250000	18255000	0,0,0	7.816565	1.0	3.0069475	2.9726357	3.7277708	2.7809594	1.1863518	5.4233027
chr19	53840000	53845000	chr19	54025000	54030000	0,0,0	5.172686	0.9988599	2.784334	2.3631432	3.7079031	4.6767793	1.0943432	6.777351
chr19	875000	880000	chr19	995000	1000000	0,0,0	4.7207403	1.0	2.7336679	1.1708128	1.4956388	2.123434	0.5456599	3.1641567
chr19	1545000	1550000	chr19	1795000	1800000	0,0,0	7.3760595	1.0	2.7908998	3.9131355	4.7934585	3.471187	1.6914511	6.9495296
chr19	4805000	4810000	chr19	5030000	5035000	0,0,0	14.417249	1.0	4.9950337	6.255582	7.813815	5.154439	2.1713634	10.714956
chr19	48790000	48795000	chr19	48970000	48975000	0,0,0	7.839565	1.0	3.4172442	2.4886897	3.3026228	2.9465704	1.4670475	5.158739
chr19	17065000	17070000	chr19	17280000	17285000	0,0,0	9.0492935	1.0	3.870901	3.3492954	4.246728	3.645354	1.3673297	6.6225057
chr19	19365000	19370000	chr19	19490000	19495000	0,0,0	8.201419	1.0	3.2194257	2.8059545	4.1814566	3.3894432	1.1423349	5.883625
chr19	7945000	7950000	chr19	8250000	8255000	0,0,0	10.329277	1.0	5.0161867	2.5481133	3.47971	3.6498168	1.1176149	5.9148064
chr19	1670000	1675000	chr19	1765000	1770000	0,0,0	7.518868	0.9998271	2.594703	5.2263746	6.252363	4.0180774	1.8390623	8.663743
chr19	32970000	32975000	chr19	33120000	33125000	0,0,0	10.075782	1.0	4.3815126	5.0679736	6.2831383	5.4801273	2.8064506	9.984992
chr19	37900000	37905000	chr19	38225000	38230000	0,0,0	13.156448	1.0	5.112392	4.6077747	6.8875237	5.5253224	2.2376187	9.621122
chr19	16245000	16250000	chr19	16380000	16385000	0,0,0	11.678824	0.99999875	4.7043653	6.654905	9.335793	7.655582	2.741495	13.571053
chr19	51470000	51475000	chr19	51655000	51660000	0,0,0	6.6541786	0.99990624	2.711222	4.736087	6.2201333	5.065989	1.8954163	9.275844
chr19	9625000	9630000	chr19	9790000	9795000	0,0,0	11.057468	0.99998665	4.8431406	4.377895	7.669781	7.3355036	2.1080728	11.226966
chr19	9930000	9935000	chr19	10025000	10030000	0,0,0	8.566259	1.0	3.4217892	4.446845	5.5401654	4.32082	1.9190875	8.273571
chr19	42690000	42695000	chr19	42770000	42775000	0,0,0	4.986295	1.0	2.743202	1.8666562	2.4132767	3.1019342	1.1800845	4.761184
chr19	2950000	2955000	chr19	3100000	3105000	0,0,0	6.046101	0.9980216	2.4352689	3.5134108	4.0532017	3.1030843	1.5693415	6.226116
chr19	33775000	33780000	chr19	34095000	34100000	0,0,0	8.244609	1.0	3.1648173	3.544981	4.5921764	3.4600992	1.4534186	6.611193
chr19	7365000	7370000	chr19	7795000	7800000	0,0,0	6.3184648	1.0	3.0174344	2.573747	2.8462274	2.7753425	1.0045295	5.0631175
chr19	42790000	42795000	chr19	42880000	42885000	0,0,0	5.246527	1.0	3.037073	1.8129966	2.3322496	3.3104744	0.83888686	4.922027
chr19	50365000	50370000	chr19	50780000	50785000	0,0,0	22.241058	1.0	7.608137	4.7216783	5.6650853	3.6102273	1.7181604	7.8072743
chr19	47965000	47970000	chr19	48150000	48155000	0,0,0	7.3838615	0.99965197	3.2784173	3.1230097	5.3572617	5.1880054	1.6332457	7.964014
chr19	46750000	46755000	chr19	46840000	46845000	0,0,0	8.046762	1.0	3.9512174	2.0115457	3.7971797	4.2514143	1.4289178	6.039455
chr19	2470000	2475000	chr19	2610000	2615000	0,0,0	11.799882	1.0	4.2395782	5.3225536	6.7661037	4.685774	1.9289485	9.416932
chr19	50365000	50370000	chr19	50460000	50465000	0,0,0	9.080364	1.0	3.0802429	4.1843143	4.951982	3.1032288	1.5338521	6.8226194
chr19	46855000	46860000	chr19	46990000	46995000	0,0,0	6.889709	1.0	3.321309	3.1546657	3.6114335	3.6075275	1.6932011	6.4116745
chr19	55140000	55145000	chr19	55415000	55420000	0,0,0	9.959537	1.0	3.487086	5.6904984	6.3006907	3.948749	2.120643	9.006969
chr19	46080000	46085000	chr19	46185000	46190000	0,0,0	8.175339	0.9999697	2.915422	5.436389	7.7438707	5.5746245	1.9613363	10.40697
chr19	51020000	51025000	chr19	51090000	51095000	0,0,0	7.681164	1.0	2.950858	3.058085	4.8102517	3.8697789	1.6758088	6.5880766
chr19	4730000	4735000	chr19	4790000	4795000	0,0,0	5.5046782	1.0	2.7703526	2.1154218	2.8652864	3.1741433	1.0946755	5.054518
chr19	47800000	47805000	chr19	47860000	47865000	0,0,0	5.161721	1.0	2.5873015	2.0038967	2.0865078	2.1818728	0.9728221	3.9631145
chr19	50540000	50545000	chr19	50780000	50785000	0,0,0	7.925795	1.0	3.573236	2.4102635	3.1984987	2.9895718	1.0354023	5.1320286
chr19	39120000	39125000	chr19	39325000	39330000	0,0,0	10.120533	1.0	4.8682714	4.228526	5.196676	5.2572327	2.1803277	9.015923
chr19	55210000	55215000	chr19	55420000	55425000	0,0,0	5.0251865	0.9970607	2.4401834	2.6740673	3.349072	3.4532483	1.647861	5.8301973
chr19	43225000	43230000	chr19	43425000	43430000	0,0,0	4.8372245	1.0	2.7626646	1.6817522	1.760102	2.3864965	0.85531384	3.8813872
chr19	14195000	14200000	chr19	14345000	14350000	0,0,0	6.504984	0.99892247	2.8259592	3.4345317	4.3217883	3.780885	1.3304455	6.833802
chr19	48505000	48510000	chr19	48585000	48590000	0,0,0	12.139748	1.0	4.650173	4.3624573	6.3388963	4.9607573	2.2785316	8.838497
chr19	42450000	42455000	chr19	42525000	42530000	0,0,0	6.9039598	1.0	3.1920595	3.0130286	4.087117	3.9802432	1.6069899	6.658491
chr19	46025000	46030000	chr19	46265000	46270000	0,0,0	7.1481223	0.9997309	2.9132607	4.1554418	5.532556	4.527437	1.7820371	8.221163
chr19	50160000	50165000	chr19	50255000	50260000	0,0,0	9.322099	1.0	4.008033	2.3239625	3.617468	3.3001807	0.9066851	5.365925
chr19	8650000	8655000	chr19	9075000	9080000	0,0,0	6.831477	0.9996542	3.1268244	3.9599533	4.773567	4.4504185	1.9008197	7.9703765
chr19	15090000	15095000	chr19	15555000	15560000	0,0,0	7.655946	0.9995921	3.2215633	4.0912437	5.018264	4.1686344	1.8680887	7.8052955
chr19	9930000	9935000	chr19	10250000	10255000	0,0,0	6.602152	1.0	3.407211	1.5244677	2.6426895	3.1480002	1.0238281	4.5030828
chr19	43225000	43230000	chr19	43515000	43520000	0,0,0	6.052061	1.0	2.6669776	2.1191134	3.3890386	3.2065668	1.1534033	5.0902233
chr19	19530000	19535000	chr19	19640000	19645000	0,0,0	12.28869	1.0	4.2084184	4.81167	5.7395086	3.6510572	1.7170461	7.9280972
chr19	42930000	42935000	chr19	43085000	43090000	0,0,0	6.625172	0.9990475	2.5323699	4.025599	4.702674	3.3788664	1.5573121	6.9571767
chr19	47295000	47300000	chr19	47390000	47395000	0,0,0	7.139275	1.0	3.4733644	2.5092947	2.7866418	2.8065178	1.069457	5.037002
chr19	41445000	41450000	chr19	41535000	41540000	0,0,0	7.019542	1.0	2.8036308	3.226004	4.504326	3.6511111	1.2443578	6.5186706
chr19	48645000	48650000	chr19	48735000	48740000	0,0,0	5.8069143	1.0	2.8409898	2.0553894	2.4880645	2.578378	0.8901997	4.4053907
chr19	8350000	8355000	chr19	8505000	8510000	0,0,0	6.001658	1.0	2.562335	2.3168793	3.366446	2.9939785	0.8786799	5.0534267
chr19	16040000	16045000	chr19	16180000	16185000	0,0,0	15.604106	1.0	5.7413664	5.589138	8.071438	6.034374	2.3128228	11.002498
chr19	55515000	55520000	chr19	55630000	55635000	0,0,0	13.030047	1.0	4.499823	5.8201537	7.7359467	5.2341866	2.489277	10.407657
chr19	41445000	41450000	chr19	41565000	41570000	0,0,0	6.2779036	1.0	3.0297625	2.4990332	3.7085679	3.9116473	1.1951787	6.1330104
chr19	18345000	18350000	chr19	18410000	18415000	0,0,0	6.075053	1.0	3.4365296	1.8278632	2.7774267	3.8146868	0.91876036	5.439454
chr19	16770000	16775000	chr19	17050000	17055000	0,0,0	7.6828184	0.9998659	3.5077875	4.083763	5.5301776	5.28773	1.8462378	8.917742
chr19	47150000	47155000	chr19	47240000	47245000	0,0,0	7.147871	1.0	3.509703	2.5792751	3.46606	3.6871312	1.4664947	5.97982
chr19	9930000	9935000	chr19	10075000	10080000	0,0,0	4.012575	1.0	2.3764935	1.2664626	1.6504121	2.4587388	0.5718132	3.5844834
chr19	39550000	39555000	chr19	39670000	39675000	0,0,0	7.897936	1.0	3.3982291	3.6527615	5.1912203	4.63622	1.3324071	7.8831186
chr19	50160000	50165000	chr19	50300000	50305000	0,0,0	6.017554	1.0	3.1207118	1.6807716	1.7140791	1.902039	0.68376714	3.396058
chr19	3325000	3330000	chr19	3470000	3475000	0,0,0	11.227024	0.9999892	4.349921	6.374606	7.760261	5.7718554	2.4552243	11.438171
chr19	13595000	13600000	chr19	13715000	13720000	0,0,0	5.655467	1.0	2.8697915	1.5746526	3.030567	3.5609941	0.9169295	4.9606853
chr19	29730000	29735000	chr19	29865000	29870000	0,0,0	6.6243086	1.0	3.0000837	2.6221101	3.1908462	2.935484	1.2149472	5.2662487
chr19	11885000	11890000	chr19	12135000	12140000	0,0,0	4.4626236	0.99718463	2.3575978	1.8697551	3.3939247	4.2112727	1.5693028	5.8732777
chr19	6515000	6520000	chr19	6635000	6640000	0,0,0	5.8971343	0.99774116	2.4633033	3.2400312	3.9240348	3.2135074	1.6034616	6.093535
chr19	49075000	49080000	chr19	49200000	49205000	0,0,0	6.3181787	1.0	2.616111	2.525572	3.379376	2.8255122	1.0694901	5.070465
chr19	10265000	10270000	chr19	10390000	10395000	0,0,0	13.663025	1.0	5.4557023	5.9954414	6.713993	5.01788	2.3913362	10.347161
chr19	9585000	9590000	chr19	9790000	9795000	0,0,0	6.5117917	0.99975044	2.6298988	4.1456623	5.655143	4.611613	1.7390739	8.296646
chr19	32285000	32290000	chr19	32565000	32570000	0,0,0	6.7225494	1.0	2.9527912	3.2931764	3.9032037	3.4067192	1.3324915	6.333987
chr19	43445000	43450000	chr19	43515000	43520000	0,0,0	7.1563387	1.0	3.2281592	2.4904687	3.8100193	3.6804187	1.4110603	5.8941684
chr19	10100000	10105000	chr19	10245000	10250000	0,0,0	4.897249	1.0	2.7247908	1.3486426	2.344682	3.1567693	0.7056507	4.3555627
chr9	99180000	99185000	chr9	100010000	100015000	0,0,0	8.795504	0.99998426	3.3010905	6.724056	7.433545	5.083315	2.664314	11.060253
chr9	14460000	14465000	chr9	14765000	14770000	0,0,0	8.216966	1.0	3.4838777	3.7112844	4.695669	3.9801378	1.5625316	7.2790575
chr9	14220000	14225000	chr9	14315000	14320000	0,0,0	3.382022	0.9810566	1.9490106	1.5830381	1.8346555	2.5595653	0.7297157	3.9667103
chr9	73200000	73205000	chr9	73565000	73570000	0,0,0	6.7358866	0.9997865	3.2300427	3.063257	5.3424444	5.7298217	1.5703735	8.452717
chr9	136165000	136170000	chr9	136255000	136260000	0,0,0	4.767248	1.0	2.420082	2.1437721	2.2951784	2.4712114	1.0250642	4.376786
chr9	111755000	111760000	chr9	112355000	112360000	0,0,0	5.6969604	0.9977818	3.288392	2.2415457	2.9165878	4.11921	1.3729826	6.111695
chr9	19925000	19930000	chr9	20935000	20940000	0,0,0	5.23673	0.99853134	2.779473	2.3675156	3.5995755	4.419636	1.4374084	6.524094
chr9	76810000	76815000	chr9	77150000	77155000	0,0,0	9.484729	0.9999766	3.288477	6.039106	7.865673	5.2957377	2.6358762	10.663832
chr9	114910000	114915000	chr9	115010000	115015000	0,0,0	5.728084	1.0	3.1168528	1.7217174	2.9154785	3.7712784	0.88936824	5.301694
chr9	72040000	72045000	chr9	72270000	72275000	0,0,0	15.032704	0.9999998	5.664635	7.6028776	11.249372	8.698946	3.7054427	15.457059
chr9	69670000	69675000	chr9	69920000	69925000	0,0,0	5.512283	0.9979497	2.476947	2.7288017	3.9617672	3.7648113	1.3366272	6.1904125
chr9	123540000	123545000	chr9	124160000	124165000	0,0,0	5.1236215	1.0	2.0969148	2.9507647	3.1469378	2.3848946	1.0017043	5.007797
chr9	98845000	98850000	chr9	98995000	99000000	0,0,0	5.972618	0.9986673	3.1813576	2.557757	3.556089	4.3476562	1.3218518	6.621218
chr9	70340000	70345000	chr9	70485000	70490000	0,0,0	3.963209	0.9892187	2.157082	1.5329747	2.4594736	3.167769	0.9744429	4.530413
chr9	7570000	7575000	chr9	8900000	8905000	0,0,0	3.9266036	0.991943	1.9763896	2.4175081	2.533099	2.6728184	0.9185897	4.8217144
chr9	111900000	111905000	chr9	112070000	112075000	0,0,0	4.6093354	0.9918474	2.4733572	1.8323889	2.566506	3.1811268	1.2283458	4.809917
chr9	110180000	110185000	chr9	110215000	110220000	0,0,0	5.6466184	1.0	2.5304441	2.158453	3.3230312	3.1866856	1.1005524	5.1053104
chr9	20355000	20360000	chr9	20620000	20625000	0,0,0	10.123721	0.9999681	3.3776562	6.0122795	7.7744884	5.009884	2.2231257	10.354133
chr9	107420000	107425000	chr9	108665000	108670000	0,0,0	3.999044	0.9986241	1.9092036	2.9702778	3.8953087	3.949087	2.143707	6.589334
chr9	72370000	72375000	chr9	72585000	72590000	0,0,0	5.3332157	0.99967384	2.490712	4.332955	4.519849	4.1773763	1.939332	8.028892
chr9	111755000	111760000	chr9	112075000	112080000	0,0,0	17.729303	1.0	7.346434	9.202741	13.323073	11.40823	4.3731165	19.588444
chr9	114415000	114420000	chr9	115020000	115025000	0,0,0	5.0079594	1.0	2.5347388	1.8730017	2.1193526	2.2952487	0.7470758	3.960139
chr9	805000	810000	chr9	1000000	1005000	0,0,0	3.6603842	1.0	2.3373935	0.75559604	1.2605236	2.2293673	0.5417392	2.9010081
chr9	72280000	72285000	chr9	72590000	72595000	0,0,0	8.487782	0.9999678	3.9512389	4.514284	6.382685	6.332868	2.1892862	10.345565
chr9	21810000	21815000	chr9	22120000	22125000	0,0,0	8.292139	1.0	3.5945158	3.5787992	4.747534	4.2037067	1.7022558	7.3848615
chr9	136785000	136790000	chr9	137035000	137040000	0,0,0	11.112686	1.0	3.3161764	6.3634453	6.451923	3.1315928	2.2167525	8.787989
chr9	21810000	21815000	chr9	22005000	22010000	0,0,0	11.871089	1.0	4.2774754	6.1395535	6.7891393	4.406576	2.1046085	9.863957
chr9	84395000	84400000	chr9	85480000	85485000	0,0,0	3.835842	0.9958514	2.0423431	1.8014901	3.106819	3.884224	1.1275908	5.4855485
chr9	32585000	32590000	chr9	32965000	32970000	0,0,0	13.698784	0.9999999	6.3569746	5.5300474	10.639351	11.09124	3.0950537	16.006836
chr9	1100000	1105000	chr9	1605000	1610000	0,0,0	3.9036868	0.99225765	1.9386113	2.2867315	2.6804705	2.8289022	0.9594741	4.8615522
chr9	5445000	5450000	chr9	5595000	5600000	0,0,0	4.3448462	1.0	2.436933	1.5149075	1.7479458	2.3049276	0.7820994	3.6515121
chr9	104860000	104865000	chr9	105415000	105420000	0,0,0	5.5981507	0.9998159	2.4159737	4.097492	5.59018	4.9584613	1.6446831	8.600677
chr9	21810000	21815000	chr9	22240000	22245000	0,0,0	16.705961	1.0	6.010487	9.7923565	13.824293	10.009752	4.6008883	18.71407
chr9	83330000	83335000	chr9	83540000	83545000	0,0,0	8.75812	0.99999493	3.3879604	5.6530776	8.8511505	7.1638303	3.2994728	12.188788
chr9	35475000	35480000	chr9	35550000	35555000	0,0,0	4.2681046	0.989434	2.0659258	2.1650844	2.5860953	2.6260664	0.9850084	4.5505857
chr9	124770000	124775000	chr9	124850000	124855000	0,0,0	14.304107	1.0	4.7041645	7.1616955	9.639918	6.2415395	3.5673792	12.6074915
chr9	122095000	122100000	chr9	122350000	122355000	0,0,0	10.069427	0.99999136	4.4789023	3.917882	8.155887	8.177227	1.7425185	11.659788
chr9	85820000	85825000	chr9	86235000	86240000	0,0,0	7.569612	1.0	3.4878945	3.309342	4.7004	4.6011353	1.2028192	7.542773
chr9	3240000	3245000	chr9	4365000	4370000	0,0,0	6.306742	1.0	3.2440093	1.9593983	3.1838882	3.745422	0.96204185	5.487109
chr9	90770000	90775000	chr9	90870000	90875000	0,0,0	4.7804403	1.0	2.8216126	1.4269582	1.6568627	2.433816	0.83513486	3.7022233
chr9	92125000	92130000	chr9	92690000	92695000	0,0,0	4.176476	0.9910148	2.0389934	1.9408433	2.7981691	2.9874687	0.84996	4.7126627
chr9	132410000	132415000	chr9	132800000	132805000	0,0,0	7.34855	0.9998178	2.6021845	4.869072	6.2559605	4.283163	2.2943575	8.611227
chr9	74770000	74775000	chr9	75070000	75075000	0,0,0	7.3945236	0.99994606	3.5797644	4.390974	5.727131	5.9255147	2.3704078	9.828603
chr9	87335000	87340000	chr9	87660000	87665000	0,0,0	13.609709	0.9999993	5.6958747	6.0531316	9.862525	8.805575	2.4435055	14.186136
chr9	115590000	115595000	chr9	116660000	116665000	0,0,0	7.9464717	0.9999946	3.717576	4.8475604	7.6571302	7.8145313	2.7547855	12.123474
chr9	37910000	37915000	chr9	38065000	38070000	0,0,0	5.933249	1.0	2.5769904	2.5058486	3.4065845	3.0443587	0.9410348	5.27178
chr9	130870000	130875000	chr9	130995000	131000000	0,0,0	7.1389284	1.0	3.464483	2.7920399	4.08332	4.3313603	1.3179424	6.8131733
chr9	135085000	135090000	chr9	135410000	135415000	0,0,0	9.575678	0.99998796	3.3904817	6.150204	8.360109	5.8634205	2.8815348	11.330269
chr9	100600000	100605000	chr9	101310000	101315000	0,0,0	7.970073	0.9999972	2.9547925	6.8649945	9.149298	6.6942377	2.510114	12.796454
chr9	89600000	89605000	chr9	89920000	89925000	0,0,0	4.3460507	0.9959172	2.3644347	2.5186632	2.6601515	3.2627256	1.1076547	5.5015373
chr9	126940000	126945000	chr9	127200000	127205000	0,0,0	10.114933	0.99999946	4.4076443	6.176458	9.678838	8.991009	3.6693194	14.481193
chr9	133185000	133190000	chr9	133275000	133280000	0,0,0	5.746621	0.9992936	2.2621784	3.8357968	4.956641	3.8464944	1.5846559	7.2560916
chr9	69970000	69975000	chr9	70110000	70115000	0,0,0	12.14754	0.9999977	4.427716	6.3806205	9.694677	7.3044586	2.7286916	12.976121
chr9	18255000	18260000	chr9	18825000	18830000	0,0,0	5.4391465	0.99898386	2.4445057	3.7885942	4.0350523	3.5248005	1.5620537	6.89244
chr9	77455000	77460000	chr9	77645000	77650000	0,0,0	4.586588	0.9970618	2.0091984	2.9524744	3.6431723	3.2061276	1.3340002	5.8305492
chr9	100025000	100030000	chr9	100325000	100330000	0,0,0	5.2515993	1.0	2.5182316	2.3261318	2.5536666	2.502523	1.0345308	4.5701957
chr9	119555000	119560000	chr9	120345000	120350000	0,0,0	6.1379476	0.9979752	2.5816019	3.2274222	4.0018816	3.3340807	1.5583885	6.2029004
chr9	22115000	22120000	chr9	22240000	22245000	0,0,0	4.6405215	0.9919904	2.3330972	2.2512424	2.6250875	2.8265102	1.0346267	4.8276143
chr9	116150000	116155000	chr9	116570000	116575000	0,0,0	7.320035	0.9998802	2.3592787	6.085845	6.5193434	3.620739	2.5356734	9.030379
chr9	13425000	13430000	chr9	14350000	14355000	0,0,0	10.6896515	0.99999994	3.4778297	10.773182	12.015775	6.93231	3.7945592	16.508472
chr9	137120000	137125000	chr9	137230000	137235000	0,0,0	7.554988	0.9995099	2.9351766	3.5893428	5.4874926	4.431141	1.7875686	7.6216674
chr9	112085000	112090000	chr9	112790000	112795000	0,0,0	4.941512	1.0	2.9353173	0.9779112	2.2896278	3.5109072	0.8341236	4.380162
chr9	90140000	90145000	chr9	90215000	90220000	0,0,0	6.7669573	1.0	2.8245726	2.436129	4.041242	3.612091	1.364131	5.7775393
chr9	127215000	127220000	chr9	127420000	127425000	0,0,0	4.7300715	0.99459755	3.012413	1.5825025	2.1713958	3.8147774	1.024178	5.221446
chr9	134170000	134175000	chr9	134440000	134445000	0,0,0	18.291632	1.0	6.302305	7.213279	12.359501	9.177891	3.0292602	15.589694
chr9	77755000	77760000	chr9	78035000	78040000	0,0,0	4.57725	0.9960703	1.9889733	3.029313	3.379959	2.8470569	1.7219819	5.5397797
chr9	76755000	76760000	chr9	77155000	77160000	0,0,0	4.35312	1.0	2.2592838	1.8178455	2.2046888	2.5270174	0.92248505	4.14288
chr9	121210000	121215000	chr9	121395000	121400000	0,0,0	9.124767	1.0	4.602641	3.268379	5.3968334	6.1746016	1.7651104	9.079827
chr9	129485000	129490000	chr9	129600000	129605000	0,0,0	4.839227	1.0	2.651886	1.4461167	2.3114932	3.0112534	0.7412568	4.2966905
chr9	71280000	71285000	chr9	71815000	71820000	0,0,0	7.7183914	1.0	3.5406625	3.0916212	4.169608	4.009836	1.5770472	6.7579436
chr9	124770000	124775000	chr9	125375000	125380000	0,0,0	20.237635	1.0	7.2986417	4.1487703	6.2550626	4.650081	2.0643287	8.337877
chr9	69415000	69420000	chr9	69920000	69925000	0,0,0	6.8958573	0.99956805	3.5432565	3.6288657	4.0712914	4.5222826	1.7447032	7.7479405
chr9	35785000	35790000	chr9	35880000	35885000	0,0,0	5.0736322	0.99519783	2.0892947	2.6743507	3.5699654	2.9620395	0.96973956	5.33924
chr9	33080000	33085000	chr9	33225000	33230000	0,0,0	15.055693	1.0	4.3859215	12.353531	15.468033	8.566037	4.5646405	19.546955
chr9	76445000	76450000	chr9	76700000	76705000	0,0,0	6.7577114	0.9998702	2.7770245	4.422074	6.0269604	5.0196853	1.6330038	8.9504175
chr9	133790000	133795000	chr9	133990000	133995000	0,0,0	18.722076	1.0	5.52903	13.219904	14.797187	7.691267	5.333297	19.442293
chr9	122465000	122470000	chr9	122810000	122815000	0,0,0	8.556665	0.9999891	4.2691293	3.6071904	7.143425	8.2212105	2.4494333	11.427603
chr9	69420000	69425000	chr9	69875000	69880000	0,0,0	5.8520765	0.9996561	2.2173133	4.377339	5.5517354	4.084892	1.9974908	7.9758596
chr9	2125000	2130000	chr9	2835000	2840000	0,0,0	3.8415234	0.9873135	2.2850952	1.7561164	1.886944	2.8066783	1.0452956	4.3676705
chr9	89320000	89325000	chr9	89550000	89555000	0,0,0	7.695866	1.0	3.4175515	2.364506	4.3309264	4.2451935	1.53437	6.3469763
chr9	83215000	83220000	chr9	83545000	83550000	0,0,0	3.683933	0.989112	1.9499583	1.6232779	2.5129957	3.077653	1.1162217	4.520567
chr9	92500000	92505000	chr9	92635000	92640000	0,0,0	4.648047	0.99573046	2.0067792	2.8374891	3.4263325	2.934596	1.1999292	5.4568086
chr9	123350000	123355000	chr9	123385000	123390000	0,0,0	7.5127134	1.0	2.2634313	4.244096	5.6531096	3.3492098	1.5334942	7.1217394
chr9	135965000	135970000	chr9	136120000	136125000	0,0,0	7.881499	0.9998813	3.2071743	3.7927601	6.4808536	5.668701	2.0654223	9.040044
chr9	73200000	73205000	chr9	74570000	74575000	0,0,0	10.420202	1.0	3.9632428	5.018608	7.2607355	5.629787	2.80954	10.090772
chr9	33620000	33625000	chr9	33720000	33725000	0,0,0	10.107142	0.99997264	3.7966895	5.88304	7.3081603	5.277134	2.216259	10.506502
chr9	21235000	21240000	chr9	21790000	21795000	0,0,0	6.475259	1.0	2.8982284	2.8211527	4.062303	3.8329086	1.1946938	6.3405995
chr9	114335000	114340000	chr9	114655000	114660000	0,0,0	5.771641	1.0	2.8358946	2.3129783	2.9593415	3.1226895	1.3342413	5.1786704
chr9	90220000	90225000	chr9	90870000	90875000	0,0,0	7.7262125	0.9998419	2.963273	4.57328	6.1448445	4.6882377	1.7507075	8.753375
chr9	6195000	6200000	chr9	6300000	6305000	0,0,0	7.005803	0.9996405	3.4424884	3.1996098	4.7036886	5.0875797	1.6951749	7.9316773
chr9	97410000	97415000	chr9	97595000	97600000	0,0,0	5.614508	1.0	2.306743	2.8107972	3.6033976	2.9426596	0.9528924	5.441146
chr9	133530000	133535000	chr9	133725000	133730000	0,0,0	12.891923	1.0	4.240471	6.8330727	9.011007	5.7782207	2.6555576	11.852063
chr9	36405000	36410000	chr9	36725000	36730000	0,0,0	5.548995	0.9975866	2.4804418	2.7060604	3.8548937	3.6219473	1.6611981	6.0273347
chr9	33740000	33745000	chr9	33775000	33780000	0,0,0	4.632075	0.99081403	2.034307	2.2474144	2.9865584	2.6928623	1.0494202	4.6905637
chr9	90220000	90225000	chr9	90755000	90760000	0,0,0	14.14058	1.0	4.7616196	12.263332	17.048388	11.466219	5.9667974	22.366959
chr9	71605000	71610000	chr9	71765000	71770000	0,0,0	4.975254	0.99807286	3.0240455	1.6913123	2.9857109	4.7489896	0.89822745	6.2523785
chr9	96070000	96075000	chr9	96215000	96220000	0,0,0	3.7851415	0.9813474	2.0330083	1.6533672	2.0535383	2.5125215	0.8491086	3.982181
chr9	129410000	129415000	chr9	129610000	129615000	0,0,0	3.9678576	0.9842345	2.0762846	1.5331333	2.3249612	2.7875783	0.931575	4.1503634
chr9	68345000	68350000	chr9	68505000	68510000	0,0,0	8.977748	0.9998817	4.1845326	3.6876817	5.7002726	5.7653966	2.0538151	9.043336
chr9	84395000	84400000	chr9	85605000	85610000	0,0,0	7.2888865	0.9999144	3.061731	4.450824	6.262411	5.4104695	2.3064027	9.366757
chr9	20635000	20640000	chr9	20880000	20885000	0,0,0	3.5660856	0.98577476	1.9067702	2.017089	2.0836775	2.4602098	0.9008695	4.2531776
chr9	96325000	96330000	chr9	96650000	96655000	0,0,0	7.2175117	0.9998521	3.3212118	4.071226	5.4041815	5.201283	1.5442475	8.82015
chr9	70920000	70925000	chr9	71245000	71250000	0,0,0	6.58625	0.99924535	2.964986	3.1024456	4.6256747	4.4322615	1.6918762	7.189991
chr9	112110000	112115000	chr9	112360000	112365000	0,0,0	12.8446865	0.9999992	5.707013	6.703184	8.862147	8.108419	2.3689604	14.066806
chr9	5185000	5190000	chr9	5585000	5590000	0,0,0	7.0753627	1.0	3.3077533	2.7512934	3.2489767	3.11267	1.5096301	5.5582643
chr9	113590000	113595000	chr9	113655000	113660000	0,0,0	6.3727536	1.0	2.2539184	3.6853824	4.3307223	2.837156	1.493582	6.1130514
chr9	34900000	34905000	chr9	34980000	34985000	0,0,0	4.4203367	0.99483603	1.9068818	2.5831738	3.3875523	2.9704444	1.1400539	5.2665987
chr9	610000	615000	chr9	805000	810000	0,0,0	5.1555734	0.9988833	1.9440726	4.1592774	4.5370226	3.1009693	1.6237075	6.798105
chr9	6355000	6360000	chr9	6665000	6670000	0,0,0	5.0867043	0.99574405	2.6284719	2.167934	3.0388956	3.5329442	1.1220013	5.4599967
chr9	21325000	21330000	chr9	21790000	21795000	0,0,0	6.005385	0.9980641	3.2168288	2.5318496	3.2671049	3.9973094	1.141378	6.2478423
chr9	112375000	112380000	chr9	112820000	112825000	0,0,0	5.37598	0.9961286	2.1407058	3.4392242	3.503573	2.4976282	1.4573463	5.5547166
chr9	6055000	6060000	chr9	6305000	6310000	0,0,0	8.619371	0.9999779	3.737823	4.695889	7.138858	6.5464444	2.6305227	10.720568
chr9	89600000	89605000	chr9	89990000	89995000	0,0,0	4.0667167	0.99445724	2.0442379	2.3376005	2.868701	3.1179347	1.1957542	5.195802
chr9	5185000	5190000	chr9	5420000	5425000	0,0,0	6.3896403	0.9997993	2.8473773	3.7576048	5.4966307	5.1744857	1.5417262	8.514579
chr9	113440000	113445000	chr9	113655000	113660000	0,0,0	17.017239	1.0	5.9851103	9.056685	12.505695	8.765794	4.570148	16.816181
chr9	127615000	127620000	chr9	127700000	127705000	0,0,0	3.5093186	1.0	1.9830244	1.5135925	1.5687209	2.0766168	0.7072734	3.422032
chr9	127590000	127595000	chr9	127870000	127875000	0,0,0	4.0416765	0.992894	2.15985	1.9932232	2.6026132	3.175576	1.0398858	4.94733
chr9	84695000	84700000	chr9	85140000	85145000	0,0,0	4.8707557	0.9970176	2.2327461	2.2665892	3.788207	3.8008947	1.2406029	5.8156404
chr9	69050000	69055000	chr9	69190000	69195000	0,0,0	8.965881	1.0	4.5254235	3.4850721	5.1728916	5.838593	1.6144553	8.936435
chr9	72870000	72875000	chr9	73180000	73185000	0,0,0	6.6724586	1.0	3.3199472	2.4542875	3.3993073	3.7115085	1.0984291	5.8930974
chr9	114680000	114685000	chr9	114905000	114910000	0,0,0	6.5951076	0.99958587	3.2527957	2.7700014	4.783589	5.327836	1.5867345	7.79006
chr9	84705000	84710000	chr9	84955000	84960000	0,0,0	3.7882938	0.9826748	2.016909	1.9570493	1.9848634	2.316413	0.9554165	4.056012
chr9	37900000	37905000	chr9	38365000	38370000	0,0,0	5.159931	0.9990703	2.4908223	3.246399	4.0194297	4.095658	1.3558575	6.9813457
chr9	128850000	128855000	chr9	128925000	128930000	0,0,0	5.78279	0.9987833	2.647907	3.241396	4.064893	3.8310633	1.3767421	6.712304
chr9	90910000	90915000	chr9	91720000	91725000	0,0,0	6.0955944	0.99889827	3.269438	2.6439793	3.612565	4.4613748	1.6546108	6.8115788
chr9	21320000	21325000	chr9	21455000	21460000	0,0,0	5.489692	0.9982743	2.4397795	3.211073	3.917863	3.5084944	1.3390065	6.362781
chr9	73685000	73690000	chr9	74570000	74575000	0,0,0	5.855122	0.9997792	2.6239815	3.965578	5.2767434	4.8942013	2.1869493	8.41916
chr9	98205000	98210000	chr9	98260000	98265000	0,0,0	5.7377486	0.99962187	2.5198586	3.969668	4.9213743	4.352565	1.6743103	7.881158
chr9	98315000	98320000	chr9	98775000	98780000	0,0,0	7.9502025	1.0	3.4244606	3.8889112	4.9762745	4.323919	1.6489931	7.780729
chr9	12775000	12780000	chr9	12880000	12885000	0,0,0	4.4135265	0.9988777	1.9128648	3.227818	4.3999715	3.9238896	1.3052374	6.7930613
chr9	114680000	114685000	chr9	115520000	115525000	0,0,0	9.766163	1.0	3.8236184	4.216108	4.8936744	3.6167383	1.7161433	7.3643894
chr9	33585000	33590000	chr9	38555000	38560000	0,0,0	93.40016	1.0	17.296465	36.789783	39.629456	12.873542	13.09008	45.575573
chr9	127940000	127945000	chr9	128115000	128120000	0,0,0	5.691914	1.0	3.4783185	1.2524544	2.0201583	3.241757	0.9422628	4.3550496
chr9	71805000	71810000	chr9	72020000	72025000	0,0,0	8.872951	1.0	3.8581042	3.9075665	5.4435954	4.9032173	1.8308944	8.37661
chr9	36995000	37000000	chr9	37260000	37265000	0,0,0	3.9698286	0.99353004	1.9047294	2.2046428	2.995145	3.081428	0.8267099	5.0411105
chr9	5795000	5800000	chr9	6050000	6055000	0,0,0	3.748799	1.0	2.2308872	0.954233	1.6858238	2.5705652	0.6226917	3.4187722
chr9	62840000	62845000	chr9	63775000	63780000	0,0,0	59.554996	1.0	13.1616335	47.832115	49.00854	17.394917	20.613228	59.91235
chr9	4760000	4765000	chr9	5585000	5590000	0,0,0	10.176289	1.0	3.8295817	4.2343154	4.6503363	3.1807902	1.8763272	6.944626
chr9	116735000	116740000	chr9	116860000	116865000	0,0,0	7.302723	1.0	2.6734622	3.3328497	4.549487	3.3131073	1.3550181	6.27564
chr9	17060000	17065000	chr9	17460000	17465000	0,0,0	7.2427917	0.9999659	2.5797071	6.1116657	7.2933016	4.855069	2.5809052	10.287662
chr9	15210000	15215000	chr9	15605000	15610000	0,0,0	7.875627	0.99988425	3.0266302	5.0063944	6.217545	4.614848	2.1631505	9.064977
chr9	22040000	22045000	chr9	22120000	22125000	0,0,0	4.812356	0.9948881	2.4358635	2.30573	2.9187255	3.2271984	1.0906082	5.2767363
chr9	122095000	122100000	chr9	122810000	122815000	0,0,0	15.0385065	1.0	5.1552243	5.118794	6.285566	4.0634575	1.9231173	8.613497
chr9	85695000	85700000	chr9	85785000	85790000	0,0,0	5.419399	1.0	2.4210765	2.0043578	2.9265301	2.7630224	0.7502628	4.5446734
chr9	109575000	109580000	chr9	109885000	109890000	0,0,0	4.39923	0.99606425	2.122383	2.1690478	3.3941336	3.6101828	1.2081525	5.5382257
chr9	124615000	124620000	chr9	124710000	124715000	0,0,0	5.1921487	0.99974215	2.0271196	4.468833	5.6366673	4.291582	1.8402596	8.263879
chr9	131345000	131350000	chr9	131745000	131750000	0,0,0	8.729689	1.0	4.176397	2.537329	3.9833536	4.1889515	0.97133034	6.4443555
chr9	70110000	70115000	chr9	70600000	70605000	0,0,0	6.2694077	0.99871033	2.666485	3.503265	4.223349	3.540069	1.6023791	6.6540823
chr9	18255000	18260000	chr9	18440000	18445000	0,0,0	5.4212174	0.996595	3.13186	1.5978489	2.9510005	4.2627964	0.99384344	5.6831064
chr9	121210000	121215000	chr9	121315000	121320000	0,0,0	3.9011483	0.99027133	1.9360431	1.9550371	2.669104	2.8953507	0.9063582	4.6331615
chr9	107480000	107485000	chr9	108055000	108060000	0,0,0	6.076347	0.9996527	2.4223514	4.0378976	5.4660077	4.3768215	2.2163925	7.966064
chr9	87930000	87935000	chr9	88120000	88125000	0,0,0	39.77154	1.0	8.499917	29.257906	35.25965	14.600198	13.24776	40.607224
chr9	72475000	72480000	chr9	72590000	72595000	0,0,0	4.2428656	0.9938556	2.0192513	2.5248046	2.907942	2.8484714	1.2101744	5.092742
chr9	108565000	108570000	chr9	108760000	108765000	0,0,0	3.3920996	0.97485846	2.0434587	1.165685	1.7055053	2.6474502	0.85059816	3.6836147
chr9	125405000	125410000	chr9	126230000	126235000	0,0,0	10.782764	0.9999914	3.4065218	7.6796975	8.63049	4.8404408	2.6427107	11.666839
chr9	35115000	35120000	chr9	35255000	35260000	0,0,0	10.830693	1.0	3.5330212	6.021716	8.025024	5.1297207	2.3748822	10.482357
chr9	96855000	96860000	chr9	97105000	97110000	0,0,0	7.233794	0.9998536	2.998646	4.059356	6.048257	5.2220325	2.5822115	8.830349
chr9	90910000	90915000	chr9	91425000	91430000	0,0,0	7.7909803	0.9999444	3.6191778	4.424657	5.98535	5.865012	2.364943	9.79804
chr9	127590000	127595000	chr9	127920000	127925000	0,0,0	8.090029	1.0	3.3496406	3.8582952	5.0296087	4.171003	1.8493016	7.6005983
chr9	124855000	124860000	chr9	125370000	125375000	0,0,0	9.195603	1.0	4.019436	3.9070306	4.431996	3.7872667	2.0768633	7.2601824
chr9	90140000	90145000	chr9	90755000	90760000	0,0,0	11.346233	0.99999964	3.786715	8.653463	11.115039	7.141226	3.4480765	14.833194
chr9	135085000	135090000	chr9	135340000	135345000	0,0,0	6.3819537	0.99971366	2.2185218	5.347745	5.643042	3.4055896	1.9217143	8.159141
chr9	96855000	96860000	chr9	97400000	97405000	0,0,0	11.314917	1.0	4.8534513	4.901576	6.5513916	5.7320395	2.458353	10.088996
chr9	15210000	15215000	chr9	15415000	15420000	0,0,0	7.3409586	0.999915	2.4724026	5.5532923	6.9373302	4.437841	2.142923	9.374101
chr9	114740000	114745000	chr9	114905000	114910000	0,0,0	8.397814	0.999995	3.7234106	4.756299	8.236726	7.977099	2.9688647	12.204921
chr9	108415000	108420000	chr9	108760000	108765000	0,0,0	4.5197105	0.99725187	2.0432851	2.6018906	3.7479682	3.5846448	1.2017508	5.897436
chr9	84395000	84400000	chr9	85425000	85430000	0,0,0	4.1937914	0.99880886	2.1235375	2.928388	3.7295525	4.130536	1.8214053	6.733548
chr9	92130000	92135000	chr9	92790000	92795000	0,0,0	7.561302	1.0	2.8215375	4.2191987	5.1427517	3.6541507	1.5246145	7.404549
chr9	129735000	129740000	chr9	129780000	129785000	0,0,0	5.138177	0.99965686	2.2100697	4.2654033	4.971225	4.18665	1.6784271	7.978119
chr9	131760000	131765000	chr9	132235000	132240000	0,0,0	8.176059	0.99993765	3.3152297	4.89431	6.5484266	5.333238	2.3371103	9.683736
chr9	20350000	20355000	chr9	20940000	20945000	0,0,0	6.5956454	0.99993837	3.6782289	3.5307984	4.9352775	6.5567265	2.3189726	9.695214
chr9	4380000	4385000	chr9	4640000	4645000	0,0,0	4.51907	0.9972247	2.3924966	1.9199982	3.3690236	4.180937	1.1684523	5.8876023
chr9	113305000	113310000	chr9	113660000	113665000	0,0,0	4.729528	0.9929447	2.470063	1.9458752	2.725405	3.2248273	1.279417	4.954494
chr9	94330000	94335000	chr9	96925000	96930000	0,0,0	102.531235	1.0	26.400059	22.198595	29.623701	15.36842	11.036485	35.100506
chr9	83935000	83940000	chr9	84310000	84315000	0,0,0	8.248252	0.99996775	3.158471	5.39253	7.275797	5.549194	2.3572466	10.342553
chr9	12550000	12555000	chr9	12640000	12645000	0,0,0	5.0644236	0.99536383	2.535578	2.1700044	3.1081822	3.4455285	0.8939526	5.374421
chr9	133405000	133410000	chr9	133485000	133490000	0,0,0	7.06573	1.0	2.4148235	3.5852737	3.7933235	2.2443087	1.2156997	5.4312186
chr9	127500000	127505000	chr9	127585000	127590000	0,0,0	8.003166	0.9998386	2.8442035	4.8107057	6.3900714	4.456269	1.9901515	8.732451
chr9	121685000	121690000	chr9	121990000	121995000	0,0,0	6.824249	0.9997204	2.5161064	4.502705	5.8203287	4.180525	1.7206479	8.182929
chr9	104780000	104785000	chr9	105415000	105420000	0,0,0	5.4043274	0.99945635	2.7413654	3.0874367	4.244513	4.7736163	1.5987828	7.5180044
chr9	137290000	137295000	chr9	137405000	137410000	0,0,0	6.9471207	1.0	3.3362281	3.0746462	3.9416482	4.0133376	2.0505252	6.7463565
chr9	19930000	19935000	chr9	20335000	20340000	0,0,0	4.566283	0.99030995	2.6695983	1.9225032	2.0483048	2.9282465	0.89809823	4.6371384
chr9	22005000	22010000	chr9	22120000	22125000	0,0,0	5.3858337	0.99881196	2.2289858	3.811036	4.2637215	3.348549	1.4025475	6.7361364
chr9	124130000	124135000	chr9	124320000	124325000	0,0,0	5.0879107	0.9977687	2.4079916	3.251163	3.3995194	3.2158768	1.6202986	6.1057997
chr9	1020000	1025000	chr9	1610000	1615000	0,0,0	6.6816754	1.0	3.2947898	3.1269565	3.5913382	3.7289407	1.2689885	6.5084577
chr9	112090000	112095000	chr9	112750000	112755000	0,0,0	5.92779	1.0	3.0036087	2.0028725	2.0684671	2.2025113	1.1595536	3.9828422
chr9	85115000	85120000	chr9	85250000	85255000	0,0,0	3.8730397	0.98521984	2.1616557	1.4450314	2.187556	2.9304357	0.9184762	4.214908
chr9	110635000	110640000	chr9	111295000	111300000	0,0,0	10.627752	0.9999998	4.672158	6.668661	10.2782135	9.618908	3.1044312	15.546606
chr9	115880000	115885000	chr9	116655000	116660000	0,0,0	5.579126	0.9991619	2.15798	3.9237013	4.8266377	3.597391	1.8822818	7.085126
chr9	73105000	73110000	chr9	73180000	73185000	0,0,0	10.875186	1.0	4.371155	4.849243	7.2134233	6.0034633	1.9960349	10.313902
chr9	109660000	109665000	chr9	109815000	109820000	0,0,0	3.627782	0.9897491	1.9264723	2.1792223	2.2670662	2.6437776	0.92475843	4.580864
chr9	99000000	99005000	chr9	99135000	99140000	0,0,0	5.35287	1.0	2.431447	2.168991	3.2487335	3.1534147	1.0920763	5.0814066
chr9	12720000	12725000	chr9	12880000	12885000	0,0,0	13.054087	0.9999998	5.742008	6.3322773	10.312279	9.771443	3.1412764	15.400135
chr9	88660000	88665000	chr9	89000000	89005000	0,0,0	3.9951868	0.9945243	1.9754214	2.0098298	3.1089768	3.4214602	1.2518088	5.2079754
chr9	68580000	68585000	chr9	68995000	69000000	0,0,0	8.869171	0.9999982	4.748037	3.5938945	7.8212085	10.053053	2.9404244	13.247626
chr9	130105000	130110000	chr9	130240000	130245000	0,0,0	5.1292543	1.0	2.6847684	1.8650408	2.7121375	3.2366307	1.2450362	4.894445
chr9	111965000	111970000	chr9	112070000	112075000	0,0,0	4.110821	1.0	2.1219022	1.7761583	2.0834973	2.3519685	0.7304367	3.9307761
chr9	33230000	33235000	chr9	33465000	33470000	0,0,0	4.8622994	0.9983226	1.8934122	3.2516098	4.4716964	3.5008433	1.5411199	6.3911633
chr9	70640000	70645000	chr9	71245000	71250000	0,0,0	13.1186905	1.0	4.6688366	6.570829	8.205491	5.576881	2.6069129	11.417618
chr9	19045000	19050000	chr9	19455000	19460000	0,0,0	8.677062	1.0	4.3731194	2.9371572	4.263347	4.785021	1.1761785	7.3958273
chr9	130705000	130710000	chr9	130860000	130865000	0,0,0	8.314802	1.0	2.9558027	4.0036426	5.7719016	4.160494	1.9173467	7.719288
chr9	9605000	9610000	chr9	9790000	9795000	0,0,0	4.072818	0.9928322	2.1738994	1.7801272	2.7077725	3.3563344	1.2989668	4.9386697
chr9	17810000	17815000	chr9	18210000	18215000	0,0,0	10.04965	0.99999356	5.1903234	4.4776034	6.79398	7.975645	2.6310387	11.955737
chr9	115590000	115595000	chr9	116565000	116570000	0,0,0	7.1307487	0.99997807	3.1155183	5.2844706	6.795911	6.030014	2.5396714	10.727322
chr9	76810000	76815000	chr9	76985000	76990000	0,0,0	8.154666	0.9999665	3.4532764	5.1839275	6.6917057	5.6978135	1.7878524	10.305749
chr9	19045000	19050000	chr9	19175000	19180000	0,0,0	5.888353	1.0	2.7605598	2.298249	3.493085	3.5503142	1.4424596	5.593202
chr9	101460000	101465000	chr9	101530000	101535000	0,0,0	5.192851	0.99683714	2.3516703	2.5182633	3.6623933	3.5184166	1.4468206	5.7568727
chr9	83935000	83940000	chr9	84260000	84265000	0,0,0	12.8172865	1.0	4.455911	10.815058	13.309916	8.74967	4.210856	18.363054
chr9	95520000	95525000	chr9	96215000	96220000	0,0,0	5.0278015	0.99545306	2.4288578	2.379106	3.1669545	3.279099	1.2617158	5.39386
chr9	128735000	128740000	chr9	128920000	128925000	0,0,0	4.972491	0.99455726	2.3077288	2.8734758	2.9291878	2.659809	1.5817114	5.21401
chr9	112115000	112120000	chr9	112235000	112240000	0,0,0	3.8920505	1.0	1.944077	1.8495994	2.000813	2.0969517	0.80871505	3.7410402
chr9	104175000	104180000	chr9	104385000	104390000	0,0,0	9.039757	0.99997485	3.6848319	5.2676616	7.1688995	5.9084735	2.1795707	10.590839
chr9	88595000	88600000	chr9	88995000	89000000	0,0,0	9.005425	0.99996585	3.370925	5.110461	7.4997296	5.7424827	2.791869	10.285115
chr9	72035000	72040000	chr9	72825000	72830000	0,0,0	6.3259373	0.9982501	3.568066	1.9007545	3.3744154	4.659305	1.5413041	6.3488646
chr9	19925000	19930000	chr9	21105000	21110000	0,0,0	5.3204427	0.9998659	2.9966774	3.0245905	4.5735426	6.229237	1.8031719	8.917762
chr9	94565000	94570000	chr9	95135000	95140000	0,0,0	5.402826	1.0	2.564061	2.7615106	2.851172	2.7000985	1.1074399	5.154774
chr9	96225000	96230000	chr9	96660000	96665000	0,0,0	7.4152436	1.0	3.2418334	2.8488255	3.658784	3.2480218	1.2316455	5.780311
chr9	4760000	4765000	chr9	4985000	4990000	0,0,0	9.595595	0.9999825	3.528968	6.0823994	7.7796926	5.5472946	2.7964046	10.953872
chr9	76445000	76450000	chr9	76655000	76660000	0,0,0	8.47967	0.99999696	3.1362572	6.6735196	9.179027	6.779528	2.6245341	12.711546
chr9	113275000	113280000	chr9	113400000	113405000	0,0,0	4.111334	1.0	2.153731	1.2027751	2.3345404	2.877107	0.80719936	3.9462402
chr9	114405000	114410000	chr9	114650000	114655000	0,0,0	8.506419	0.9999756	3.7351878	4.711743	6.9534826	6.4340177	2.5738623	10.622233
chr9	121550000	121555000	chr9	121990000	121995000	0,0,0	5.770271	0.99941045	2.648798	3.9486952	4.311693	3.9269812	2.1057374	7.4369326
chr9	91035000	91040000	chr9	91425000	91430000	0,0,0	5.5243626	0.9996002	2.7420166	3.0844011	4.6159515	5.0836163	1.6014559	7.8253064
chr9	101600000	101605000	chr9	101725000	101730000	0,0,0	3.878486	0.9856535	2.002312	1.8816142	2.2675087	2.5721471	0.9444832	4.244693
chr9	108280000	108285000	chr9	108550000	108555000	0,0,0	4.759152	1.0	2.52353	2.0080616	2.0110466	2.3228588	0.85604876	4.107803
chr9	94680000	94685000	chr9	95125000	95130000	0,0,0	7.225569	0.9999914	3.539117	4.943717	6.8290052	7.27279	2.6505842	11.667205
chr9	84670000	84675000	chr9	85420000	85425000	0,0,0	4.662439	0.99932986	1.9219568	3.7458267	4.8394723	3.9791243	2.0478039	7.3087487
chr9	129880000	129885000	chr9	130100000	130105000	0,0,0	3.6140625	0.9944411	1.9534898	2.286705	2.5847797	3.1602623	1.5829288	5.192889
chr9	94060000	94065000	chr9	94210000	94215000	0,0,0	9.254154	0.9999859	3.8839638	5.2263823	7.514683	6.524124	2.4872642	11.169798
chr9	100700000	100705000	chr9	101310000	101315000	0,0,0	5.8048825	0.9999821	2.7589629	4.8501663	6.5382924	6.6214185	2.0681353	10.932677
chr9	104920000	104925000	chr9	105155000	105160000	0,0,0	3.5920055	0.99327236	1.9022387	2.039874	2.656758	3.1888256	1.101793	5.002047
chr9	17570000	17575000	chr9	17795000	17800000	0,0,0	4.2426453	0.9996252	2.0733027	3.2494383	4.678878	5.0016103	1.5575273	7.89
chr9	610000	615000	chr9	760000	765000	0,0,0	8.808002	0.99999064	3.2780194	6.0414853	8.339199	6.2098203	2.4967306	11.5800295
chr9	86485000	86490000	chr9	87325000	87330000	0,0,0	4.732869	0.9992464	3.039036	2.0557365	2.993571	5.3641105	1.7185597	7.191432
chr9	27030000	27035000	chr9	27275000	27280000	0,0,0	13.732829	0.9999996	4.7669406	7.5901623	11.173227	7.9262033	3.0352902	14.673015
chr9	88105000	88110000	chr9	88575000	88580000	0,0,0	5.7512965	0.99977344	2.030742	4.998951	5.9845037	3.9498835	1.9203475	8.393395
chr9	215000	220000	chr9	300000	305000	0,0,0	4.258015	0.99826163	2.3009567	2.604107	3.2621331	4.040696	1.2121227	6.355458
chr9	26740000	26745000	chr9	26970000	26975000	0,0,0	10.746712	1.0	3.9408023	4.8125734	5.9583907	4.175308	1.7871535	8.453152
chr9	14615000	14620000	chr9	14765000	14770000	0,0,0	4.80807	0.9923474	2.1448984	2.438214	2.9984837	2.7059186	1.0494413	4.87322
chr9	93680000	93685000	chr9	93960000	93965000	0,0,0	6.8887563	0.9994443	3.1995265	3.288515	4.628398	4.572995	1.4311947	7.49612
chr9	109900000	109905000	chr9	110150000	110155000	0,0,0	10.882433	0.9999928	4.2121053	5.6793804	8.499606	6.791476	2.1207106	11.839814
chr9	89595000	89600000	chr9	90215000	90220000	0,0,0	15.22207	1.0	4.5979443	7.093518	8.383661	4.634624	3.088209	10.939973
chr9	32375000	32380000	chr9	32965000	32970000	0,0,0	8.835751	1.0	4.157911	3.225433	5.6398377	5.9003115	1.3604276	8.767363
chr9	86425000	86430000	chr9	87320000	87325000	0,0,0	7.921329	0.9999841	4.4701624	4.359595	5.3412113	7.17292	1.9383495	11.048116
chr9	104865000	104870000	chr9	105155000	105160000	0,0,0	4.535984	0.9974461	2.0251799	2.552371	3.8878698	3.701985	1.6350701	5.970759
chr9	34435000	34440000	chr9	34595000	34600000	0,0,0	5.643999	0.9991494	3.391997	2.4333556	3.1912785	4.907278	1.5530777	7.0702605
chr9	3725000	3730000	chr9	4225000	4230000	0,0,0	5.07961	0.999391	2.7570338	2.7970068	3.8914676	4.9182377	1.5932013	7.404465
chr9	69670000	69675000	chr9	69875000	69880000	0,0,0	4.202852	0.9979524	2.1475735	2.2522666	3.604923	4.1897087	1.4216391	6.191723
chr9	113810000	113815000	chr9	114040000	114045000	0,0,0	3.851708	0.9887607	1.9067723	1.8486422	2.6173058	2.8455694	0.8976844	4.4888067
chr9	99300000	99305000	chr9	100005000	100010000	0,0,0	5.3750386	0.99940383	2.4465783	3.4538639	4.5945816	4.355699	1.9585726	7.4258003
chr9	20355000	20360000	chr9	21105000	21110000	0,0,0	6.4274497	0.9996691	2.9299583	3.5251842	5.0515175	4.8809037	2.075452	8.014401
chr9	90225000	90230000	chr9	90645000	90650000	0,0,0	3.988148	0.9994745	2.2321544	2.1124058	4.1393986	5.6743436	1.3730613	7.5520377
chr9	75265000	75270000	chr9	75850000	75855000	0,0,0	5.7943673	0.99833316	2.320396	3.314949	4.335587	3.4508522	1.4248168	6.3974733
chr9	36405000	36410000	chr9	36555000	36560000	0,0,0	8.380881	0.99986273	3.1804266	4.6278934	6.309697	4.780769	2.0541182	8.894452
chr9	83935000	83940000	chr9	84170000	84175000	0,0,0	6.258116	0.9991862	2.6995988	3.2871923	4.677522	4.1926174	1.520027	7.1145663
chr9	70640000	70645000	chr9	71000000	71005000	0,0,0	5.639272	1.0	3.0345747	1.6591107	2.937581	3.745074	0.9640046	5.219839
chr9	131590000	131595000	chr9	131745000	131750000	0,0,0	12.841118	0.9999974	3.9290717	8.069522	9.91021	5.6865597	2.8551395	12.8594675
chr9	35115000	35120000	chr9	35475000	35480000	0,0,0	7.833441	0.99989384	3.3213034	4.4878845	5.9923544	5.162058	2.3624494	9.151289
chr9	33075000	33080000	chr9	33165000	33170000	0,0,0	4.334171	0.99711597	2.0962083	2.6382213	3.400017	3.5040944	1.9669774	5.84918
chr9	132510000	132515000	chr9	132800000	132805000	0,0,0	6.5394187	0.9997056	3.4187808	2.9266558	4.599698	5.5299244	1.9072106	8.131396
chr9	22005000	22010000	chr9	22235000	22240000	0,0,0	4.6842375	0.99546564	2.6791015	1.9844688	2.6172678	3.6326535	1.0402739	5.396626
chr9	114740000	114745000	chr9	115525000	115530000	0,0,0	9.044594	1.0	3.2029212	4.7966413	5.7476845	3.8082325	1.8158036	8.071914
chr9	127945000	127950000	chr9	128030000	128035000	0,0,0	7.824797	0.9997871	4.1361647	2.459497	4.9983525	6.2693586	2.0683062	8.455579
chr9	120755000	120760000	chr9	120980000	120985000	0,0,0	5.1330194	0.9991303	2.106518	4.012781	4.4868565	3.4812148	1.4535038	7.048131
chr9	97465000	97470000	chr9	97615000	97620000	0,0,0	5.016052	0.996248	2.4378269	2.2595417	3.356472	3.5775576	1.2205685	5.5860395
chr9	36870000	36875000	chr9	36990000	36995000	0,0,0	15.7497635	1.0	4.6684484	11.343454	13.885832	7.7069874	4.2502203	17.790058
chr9	120740000	120745000	chr9	121060000	121065000	0,0,0	8.946295	0.9999768	3.5922704	5.9525456	7.003182	5.380943	2.3176491	10.672094
chr9	122125000	122130000	chr9	122350000	122355000	0,0,0	13.464946	0.99999994	4.424647	9.744341	12.745878	8.132574	3.5895638	16.79421
chr9	35115000	35120000	chr9	35550000	35555000	0,0,0	5.318268	0.99819046	2.4485528	2.6968856	3.976127	3.9180963	1.3529992	6.3153276
chr9	17115000	17120000	chr9	17460000	17465000	0,0,0	5.941306	0.99929744	3.2466278	2.7564936	3.7677934	4.811312	1.4693011	7.2615285
chr9	17815000	17820000	chr9	19030000	19035000	0,0,0	6.9736533	1.0	3.5488765	2.4592414	2.6342826	2.8494112	1.4237864	5.0354033
chr9	129645000	129650000	chr9	129785000	129790000	0,0,0	14.926922	1.0	5.1745415	5.9098787	7.9285536	5.408018	2.2838686	10.661244
chr9	108565000	108570000	chr9	108660000	108665000	0,0,0	3.7967303	0.98739797	2.0561736	1.7629117	2.2519162	2.8073163	0.8391896	4.374349
chr9	350000	355000	chr9	1005000	1010000	0,0,0	6.248307	1.0	2.7642202	3.0577679	3.655635	3.2325985	1.5026352	5.9506145
chr9	126705000	126710000	chr9	126780000	126785000	0,0,0	6.9429717	1.0	3.2393005	2.192829	4.551193	4.82657	1.2627312	6.775751
chr9	71280000	71285000	chr9	71770000	71775000	0,0,0	8.121953	1.0	2.7698345	4.833748	5.0251336	2.931113	1.7666054	7.227778
chr9	131055000	131060000	chr9	131335000	131340000	0,0,0	17.338245	1.0	5.983189	6.8643866	11.358379	8.352081	3.6129453	14.453758
chr9	6585000	6590000	chr9	6735000	6740000	0,0,0	4.117669	1.0	2.3076391	1.3850366	2.088594	2.8180096	0.86055374	4.0491533
chr9	95735000	95740000	chr9	96215000	96220000	0,0,0	4.7807226	0.9933449	1.9568214	2.960795	3.1462286	2.3810759	1.065623	5.012893
chr9	15100000	15105000	chr9	15610000	15615000	0,0,0	3.9935853	0.9904153	2.1917322	1.9063952	2.323592	2.9534903	1.2088046	4.648064
chr9	114105000	114110000	chr9	114290000	114295000	0,0,0	8.137956	0.99991286	3.7060473	3.99366	5.958421	5.798936	1.5988052	9.348856
chr9	34900000	34905000	chr9	35470000	35475000	0,0,0	6.2699747	0.9995797	2.7582917	3.238426	5.185203	4.896773	1.5601317	7.775374
chr9	17530000	17535000	chr9	17800000	17805000	0,0,0	11.814888	1.0	5.21178	6.7559166	12.225451	11.862935	3.1988842	17.868195
chr9	130455000	130460000	chr9	130680000	130685000	0,0,0	10.41874	1.0	5.272706	3.7269435	6.1425943	7.0610523	2.3536608	10.373891
chr9	113440000	113445000	chr9	113575000	113580000	0,0,0	5.3779745	0.9982896	2.4956827	3.1384242	3.7664964	3.5819545	1.5927038	6.3716645
chr9	32375000	32380000	chr9	32525000	32530000	0,0,0	5.5549417	0.99792844	2.761319	2.8379142	3.4373183	3.6575024	1.1531122	6.1800933
chr9	890000	895000	chr9	995000	1000000	0,0,0	11.022357	0.9999926	4.2358236	6.588157	8.0708475	5.95721	2.6597016	11.81335
chr9	92715000	92720000	chr9	92790000	92795000	0,0,0	7.2617664	0.99959886	2.9657936	4.311862	5.0744486	3.9893057	2.020793	7.8220716
chr9	68345000	68350000	chr9	68560000	68565000	0,0,0	10.291618	1.0	4.8780427	3.7477536	5.629839	5.798349	2.1587596	9.129685
chr9	83830000	83835000	chr9	83915000	83920000	0,0,0	7.2035046	1.0	3.5275702	2.993852	3.7159104	3.8765764	1.638484	6.5377784
chr9	129130000	129135000	chr9	129785000	129790000	0,0,0	8.617864	1.0	3.7991006	2.6966317	3.8387914	3.5400238	1.153508	5.93703
chr9	107420000	107425000	chr9	108560000	108565000	0,0,0	6.3695745	0.999909	2.8758898	4.1259527	5.912003	5.637913	2.7262723	9.305427
chr9	70925000	70930000	chr9	71000000	71005000	0,0,0	5.616239	0.9986162	2.640452	2.839625	4.0307393	4.0595	1.364523	6.583611
chr9	94010000	94015000	chr9	94210000	94215000	0,0,0	5.5799375	0.999088	2.7507534	2.1676042	4.462257	5.0737977	1.3239161	7.000557
chr9	113275000	113280000	chr9	113660000	113665000	0,0,0	4.1857896	0.9904111	2.4299874	1.7219679	2.1851554	3.1169915	1.2869161	4.6476297
chr9	86485000	86490000	chr9	86625000	86630000	0,0,0	3.6903362	0.9833812	2.1728714	1.3331894	1.9661407	2.912589	0.7958929	4.097646
chr9	105160000	105165000	chr9	105410000	105415000	0,0,0	8.508215	0.99986947	3.4712467	4.40853	6.069956	5.026224	2.1363597	8.944918
chr9	109900000	109905000	chr9	110055000	110060000	0,0,0	5.4077864	0.9990233	2.2847831	3.3368065	4.5867205	3.9660203	1.5551263	6.9320707
chr9	12715000	12720000	chr9	13085000	13090000	0,0,0	6.666368	0.99962574	3.4654636	2.5779119	4.631466	5.5998344	1.4324181	7.891311
chr9	114435000	114440000	chr9	114655000	114660000	0,0,0	5.769638	0.9996058	3.1609333	2.3370614	4.369823	5.7620397	1.1679875	7.8394275
chr9	20625000	20630000	chr9	20940000	20945000	0,0,0	10.003958	0.99999475	3.7381284	6.901482	8.452363	6.0281477	2.8854375	12.162799
chr9	6585000	6590000	chr9	6665000	6670000	0,0,0	6.8728094	0.9996325	2.9501364	3.927685	5.0899634	4.418346	1.6350117	7.9096212
chr9	126610000	126615000	chr9	126690000	126695000	0,0,0	3.8054168	0.9791568	1.9065661	1.871764	2.082305	2.207338	0.88872474	3.8711286
chr9	121070000	121075000	chr9	121195000	121200000	0,0,0	3.4653854	0.9793941	1.974058	1.3245921	1.9484336	2.7051644	0.70213675	3.8825798
chr9	124550000	124555000	chr9	124750000	124755000	0,0,0	5.4238763	0.9969787	2.8075368	2.1856635	3.280704	3.8598633	1.3127884	5.8026752
chr9	33735000	33740000	chr9	33850000	33855000	0,0,0	5.491694	0.9975226	2.263028	3.0523307	3.986639	3.2879844	1.1691389	6.0011673
chr9	85820000	85825000	chr9	85900000	85905000	0,0,0	3.402832	1.0	2.2413495	0.61880505	1.2803543	2.43079	0.4360377	2.9808385
chr9	385000	390000	chr9	760000	765000	0,0,0	5.9749494	0.9999465	2.6456764	4.687759	6.2203465	5.6698813	2.0505774	9.836778
chr9	20620000	20625000	chr9	21105000	21110000	0,0,0	8.467851	1.0	3.7163315	2.7916899	3.8887498	3.5459313	1.3353816	6.027433
chr9	109570000	109575000	chr9	109815000	109820000	0,0,0	7.095194	0.99984246	3.420077	2.982046	5.5962033	6.106172	1.6687242	8.75688
chr9	115590000	115595000	chr9	116495000	116500000	0,0,0	4.04377	0.9974374	2.0417144	2.7333078	3.2496157	3.5377445	1.1768589	5.9673514
chr9	75265000	75270000	chr9	76300000	76305000	0,0,0	5.836232	0.997141	2.523212	2.5069823	3.942307	3.6294546	1.6043825	5.8578835
chr9	175000	180000	chr9	305000	310000	0,0,0	9.325151	0.99997133	3.4512296	6.2407994	7.174533	4.912612	2.6775784	10.45999
chr9	70335000	70340000	chr9	70600000	70605000	0,0,0	9.095467	0.99996173	3.9730265	4.7819953	6.559577	5.9206967	2.5292566	10.171359
chr9	93160000	93165000	chr9	93300000	93305000	0,0,0	7.0150523	0.9991038	3.1177917	3.2602978	4.461949	4.1200376	1.4544111	7.0180798
chr9	72280000	72285000	chr9	72820000	72825000	0,0,0	11.084421	0.9999996	5.7552495	5.804001	8.187551	9.602955	3.7108755	14.762068
chr9	109570000	109575000	chr9	109650000	109655000	0,0,0	6.7619677	0.99934006	2.8331497	3.568815	4.8647304	4.1518574	1.5401505	7.3241377
chr9	124615000	124620000	chr9	124755000	124760000	0,0,0	4.7235317	0.9980863	2.3649862	2.8502169	3.458351	3.7258348	1.4720675	6.2593613
chr9	114155000	114160000	chr9	114290000	114295000	0,0,0	5.245037	0.99848163	2.5366502	2.8892627	3.7923396	3.9225626	1.3501325	6.490796
chr9	109570000	109575000	chr9	110150000	110155000	0,0,0	4.737408	1.0	2.4790523	1.4904654	2.364819	2.850522	0.8188537	4.17538
chr9	110180000	110185000	chr9	110620000	110625000	0,0,0	11.413196	1.0	4.1490536	5.079063	6.6285295	4.7042046	1.9590725	9.218927
chr9	98070000	98075000	chr9	98260000	98265000	0,0,0	6.1266303	0.99824953	2.8066785	2.5820835	4.0842695	4.05335	1.712101	6.3485346
chr9	94390000	94395000	chr9	96995000	97000000	0,0,0	104.83813	1.0	22.501007	28.306143	36.583164	16.18387	13.903244	41.344887
chr9	27330000	27335000	chr9	27545000	27550000	0,0,0	8.896216	0.9999756	3.9509785	5.580205	6.4361796	5.6622715	2.0861168	10.622454
chr9	3730000	3735000	chr9	4335000	4340000	0,0,0	5.290319	0.9976511	2.7728786	2.4149342	3.2941816	3.9078352	1.2109787	6.0544434
chr9	115885000	115890000	chr9	116570000	116575000	0,0,0	6.6416154	0.9999055	3.0531433	3.6701832	5.989085	6.0055447	2.2999377	9.26793
chr9	36245000	36250000	chr9	36395000	36400000	0,0,0	4.391403	0.9948686	2.011867	2.472785	3.2279747	3.0748844	1.0970725	5.272916
chr9	94680000	94685000	chr9	95165000	95170000	0,0,0	4.84861	0.9997095	2.1249502	4.2010975	5.0483007	4.410494	1.7642171	8.144803
chr9	94780000	94785000	chr9	95125000	95130000	0,0,0	8.991096	0.9999988	2.549877	8.643132	10.966784	5.9751544	2.952424	13.657939
chr9	32375000	32380000	chr9	32575000	32580000	0,0,0	13.367738	0.99999857	6.117993	4.535656	9.141085	9.431851	2.954257	13.463546
chr9	104925000	104930000	chr9	105415000	105420000	0,0,0	4.770508	0.99787605	2.3368435	2.2159057	3.798323	4.185417	1.0440596	6.1551113
chr9	99805000	99810000	chr9	100010000	100015000	0,0,0	6.2870474	0.99876827	2.516041	3.9110994	4.3237057	3.2235105	1.5984678	6.7000437
chr9	39590000	39595000	chr9	42345000	42350000	0,0,0	45.27648	1.0	7.796704	66.733864	73.228096	23.093407	24.867779	82.4124
chr9	4385000	4390000	chr9	4750000	4755000	0,0,0	5.390581	0.99553615	2.6680305	2.6215262	2.9603643	3.0820594	1.279206	5.412305
chr9	110450000	110455000	chr9	110620000	110625000	0,0,0	6.9916525	0.99934816	2.4595053	4.3273406	5.2670536	3.4899416	1.6442891	7.3364663
chr9	133185000	133190000	chr9	133325000	133330000	0,0,0	7.2253904	0.99978507	3.4823523	2.9405813	5.3661976	5.8321323	1.6600778	8.445982
chr9	12705000	12710000	chr9	13025000	13030000	0,0,0	3.8959932	0.99276173	2.1414135	2.1529796	2.3918664	3.0151265	1.0037495	4.9288864
chr9	88170000	88175000	chr9	88575000	88580000	0,0,0	5.951351	0.9979864	2.5067542	3.1468728	4.041256	3.4112287	1.2632239	6.208449
chr9	77455000	77460000	chr9	77750000	77755000	0,0,0	7.781781	0.9999634	3.1449814	5.1131067	6.9549727	5.6712503	2.2012167	10.216234
chr9	115880000	115885000	chr9	116150000	116155000	0,0,0	5.32337	0.99962664	2.6158233	2.9897854	4.778374	5.2361813	1.5887014	7.893769
chr9	129170000	129175000	chr9	129620000	129625000	0,0,0	7.2565584	0.9999838	3.112772	6.050328	6.8160057	5.651537	2.4398863	11.029606
chr9	123540000	123545000	chr9	124040000	124045000	0,0,0	9.589669	0.9999999	3.0882554	8.600003	12.427853	8.146787	3.2612157	15.791234
chr9	91770000	91775000	chr9	91880000	91885000	0,0,0	4.517871	0.99039394	2.5694892	1.0713944	2.594881	3.6934903	0.71426153	4.645841
chr9	74775000	74780000	chr9	74940000	74945000	0,0,0	4.2056427	0.99636745	2.3197155	2.1289082	2.8721826	3.7260394	1.076783	5.6184025
chr9	98845000	98850000	chr9	99135000	99140000	0,0,0	6.425755	0.9986073	3.0799127	2.7913575	3.9554002	4.095976	1.4242779	6.5771823
chr9	84700000	84705000	chr9	85420000	85425000	0,0,0	4.301019	0.99699825	2.0890615	2.998602	3.1687887	3.1437407	1.3896041	5.8091645
chr9	17525000	17530000	chr9	18210000	18215000	0,0,0	15.428268	0.99999994	5.774194	7.8671064	12.3302555	9.64148	4.31262	16.634464
chr9	13425000	13430000	chr9	14425000	14430000	0,0,0	6.0809927	0.99998736	3.3354197	4.1790524	5.8696504	7.5673795	1.8361619	11.282092
chr9	19495000	19500000	chr9	19915000	19920000	0,0,0	6.987965	1.0	4.1091084	1.7770016	2.938975	4.366419	1.1950568	5.9459763
chr9	113305000	113310000	chr9	113405000	113410000	0,0,0	8.335031	0.99979144	2.377671	6.0647793	6.433681	3.0853224	2.066641	8.476237
chr9	114680000	114685000	chr9	115010000	115015000	0,0,0	9.88711	0.9999936	4.382039	5.5659704	7.624208	7.0149183	2.6365407	11.962448
chr9	89595000	89600000	chr9	90100000	90105000	0,0,0	17.5655	1.0	7.9263153	8.023698	13.510588	13.303768	4.083645	20.435944
chr9	95505000	95510000	chr9	95875000	95880000	0,0,0	4.8001695	0.9971346	1.9203604	3.6170986	3.6805809	2.6404688	1.3104513	5.8556676
chr9	133185000	133190000	chr9	133485000	133490000	0,0,0	9.970005	1.0	4.1326222	3.0332701	4.2894025	3.6503	1.2562844	6.34654
chr9	124550000	124555000	chr9	124710000	124715000	0,0,0	7.10839	0.99982136	2.6895504	4.743692	6.0116487	4.4145226	1.7087543	8.631138
chr9	124920000	124925000	chr9	125350000	125355000	0,0,0	4.066326	0.98704356	1.9766626	2.2015672	2.3893752	2.389664	1.0457748	4.3466125
chr9	107480000	107485000	chr9	108565000	108570000	0,0,0	4.4408975	0.9977736	2.5995965	2.5402536	2.6869297	3.849985	1.5043994	6.1079884
chr9	95315000	95320000	chr9	95510000	95515000	0,0,0	3.949342	0.98421043	2.0823772	1.5136648	2.3076522	2.8033543	0.9808364	4.148834
chr9	4755000	4760000	chr9	5440000	5445000	0,0,0	8.983203	1.0	4.002713	3.6885087	4.376744	3.9025621	1.4690782	7.1812367
chr9	4760000	4765000	chr9	4910000	4915000	0,0,0	4.4898214	0.99386793	2.2506049	2.613698	2.6633286	2.771463	1.021253	5.0947504
chr9	36245000	36250000	chr9	36325000	36330000	0,0,0	7.0746036	0.9999099	3.2935271	3.7582436	5.8999395	5.974575	1.9657835	9.315236
chr9	129135000	129140000	chr9	129620000	129625000	0,0,0	17.68118	1.0	6.529953	14.262352	16.34623	11.146575	4.841857	23.82422
chr9	123080000	123085000	chr9	123345000	123350000	0,0,0	7.9160833	0.99993235	3.4721773	3.7399182	6.5528955	6.27814	2.15617	9.602511
chr9	18250000	18255000	chr9	19030000	19035000	0,0,0	9.026664	0.99998087	4.062898	4.826423	6.9225473	6.5752435	2.6491551	10.865397
chr9	126300000	126305000	chr9	126395000	126400000	0,0,0	7.183519	0.9995633	3.2065618	4.2772384	4.5541773	3.9350345	1.8026569	7.7370243
chr9	92135000	92140000	chr9	92635000	92640000	0,0,0	7.52314	0.99967134	4.01477	2.493713	4.598014	5.804737	1.9257486	8.021371
chr9	70420000	70425000	chr9	70600000	70605000	0,0,0	4.7531586	0.9942534	2.3576455	2.5431676	2.791528	2.8990839	1.1515774	5.1596775
chr9	96230000	96235000	chr9	96315000	96320000	0,0,0	7.3175983	1.0	4.0516157	1.5343702	3.1872141	4.3065357	1.0915241	5.6704197
chr9	105605000	105610000	chr9	105715000	105720000	0,0,0	4.0568213	1.0	2.026993	1.8173342	2.2458184	2.4195127	0.93461233	4.034921
chr9	120755000	120760000	chr9	120935000	120940000	0,0,0	10.287535	0.9999904	4.738764	4.487651	7.494066	7.5656977	2.0401084	11.55472
chr9	114485000	114490000	chr9	114650000	114655000	0,0,0	4.1910114	0.9939941	2.0816076	2.128986	2.9585364	3.223117	1.0037943	5.115549
chr9	5885000	5890000	chr9	6050000	6055000	0,0,0	3.5665412	0.9861511	1.9246762	1.0629005	2.54715	3.3351922	0.7526632	4.2799926
chr9	100025000	100030000	chr9	100220000	100225000	0,0,0	5.030093	1.0	2.2730317	2.4644475	3.0375454	2.7949398	0.97699153	4.98556
chr9	107420000	107425000	chr9	108760000	108765000	0,0,0	5.9310865	0.99995935	2.0956116	7.7790966	8.974008	5.8160596	2.5846767	12.730812
chr9	72870000	72875000	chr9	73020000	73025000	0,0,0	5.114311	0.9985369	2.6570637	2.2967415	3.7522652	4.4863105	1.0000713	6.5278583
chr9	116585000	116590000	chr9	116660000	116665000	0,0,0	4.8269014	1.0	1.9940425	2.475697	2.531892	1.9102612	0.88132435	4.110881
chr9	114735000	114740000	chr9	115015000	115020000	0,0,0	7.867482	0.99994904	3.6278653	3.4873638	6.580071	6.785842	2.128688	9.885721
chr9	68705000	68710000	chr9	68995000	69000000	0,0,0	6.139686	0.99957556	2.2331755	4.55782	5.4413867	3.7141342	1.6160588	7.7655296
chr9	35665000	35670000	chr9	35730000	35735000	0,0,0	3.9626377	0.9879176	2.1329484	2.044467	2.1640756	2.5991616	0.8912635	4.4164658
chr9	100505000	100510000	chr9	100590000	100595000	0,0,0	4.0641026	1.0	2.0741587	1.5828147	2.1679795	2.461224	0.72819763	3.8681705
chr9	72855000	72860000	chr9	73080000	73085000	0,0,0	6.987664	0.9996177	3.3308673	4.017786	4.426406	4.298728	1.3781482	7.870094
chr9	87950000	87955000	chr9	88575000	88580000	0,0,0	7.328196	0.99996096	3.1247346	4.3636556	6.9167457	6.2730017	2.1355872	10.151807
chr9	21465000	21470000	chr9	21785000	21790000	0,0,0	14.069547	0.99999994	6.1146083	7.119673	11.026273	10.181995	3.0672417	16.510593
chr9	83330000	83335000	chr9	83595000	83600000	0,0,0	4.676809	0.9987797	2.053063	3.0945928	4.334022	3.9586334	1.457497	6.7093825
chr9	124415000	124420000	chr9	124535000	124540000	0,0,0	6.5379424	1.0	2.7465723	2.9690034	3.4241579	2.7782469	1.4757327	5.4173613
chr9	115010000	115015000	chr9	115525000	115530000	0,0,0	6.8303213	0.99994296	2.9266713	4.7981014	6.3280234	5.507818	2.573534	9.772798
chr9	92135000	92140000	chr9	92435000	92440000	0,0,0	10.948016	1.0	4.0032196	6.2712235	6.766018	4.415512	2.0655327	9.989933
chr9	99265000	99270000	chr9	100010000	100015000	0,0,0	4.6269436	0.9989069	2.7431116	2.3415806	3.167488	4.7380466	1.3699764	6.819452
chr9	22035000	22040000	chr9	22240000	22245000	0,0,0	4.364633	0.9881029	2.3557994	1.9541934	2.2100973	2.6948624	0.83129615	4.431923
chr9	22305000	22310000	chr9	22450000	22455000	0,0,0	9.277711	0.99994475	4.0029745	4.2658653	6.576786	6.012591	1.8303325	9.804472
chr9	69420000	69425000	chr9	69545000	69550000	0,0,0	11.463112	0.9999962	3.8773787	7.336011	9.237369	5.960277	2.7275572	12.481176
chr9	84395000	84400000	chr9	85255000	85260000	0,0,0	5.896385	0.9994982	2.605355	3.8580313	4.6972165	4.1686616	1.6725402	7.5980225
chr9	97710000	97715000	chr9	97900000	97905000	0,0,0	10.002862	0.999994	3.7582948	6.467095	8.494905	6.2752957	2.9061103	12.023825
chr9	137285000	137290000	chr9	137525000	137530000	0,0,0	8.366203	1.0	3.430068	2.6147203	5.037149	4.5578785	1.2861035	6.882075
chr9	74775000	74780000	chr9	75000000	75005000	0,0,0	8.519602	0.9999877	3.3594735	5.8575153	7.775371	6.104036	2.7330642	11.310717
chr9	6350000	6355000	chr9	6565000	6570000	0,0,0	8.557732	0.9998928	3.916884	4.0821204	5.705108	5.5131755	1.7619593	9.1417265
chr9	121315000	121320000	chr9	121400000	121405000	0,0,0	5.7761593	0.9987738	2.673321	2.5267286	4.364073	4.4585843	1.417054	6.704565
chr9	136485000	136490000	chr9	136630000	136635000	0,0,0	18.435421	1.0	6.265966	9.294187	13.126865	8.970915	4.406361	17.232414
chr9	107480000	107485000	chr9	108270000	108275000	0,0,0	4.9146533	0.9997664	2.4529853	3.8082445	4.640818	4.977644	2.1287134	8.36275
chr15	53810000	53815000	chr15	53965000	53970000	0,0,0	4.327371	0.9953243	2.321227	2.2403557	2.7667198	3.374504	0.87869966	5.3659315
chr15	65640000	65645000	chr15	65855000	65860000	0,0,0	4.052006	0.98903275	2.2275867	1.9776566	2.1863604	2.7553911	1.1227374	4.513308
chr15	91705000	91710000	chr15	92075000	92080000	0,0,0	5.0218267	0.9951689	2.2284842	2.948752	3.1608753	2.7121224	1.4343	5.3332353
chr15	92100000	92105000	chr15	92380000	92385000	0,0,0	6.3070493	0.9987927	2.856938	3.2262201	4.130695	3.852302	1.7620285	6.7200537
chr15	68550000	68555000	chr15	68875000	68880000	0,0,0	7.445999	0.99986863	3.0530808	4.6109033	5.9343967	4.84001	2.1167142	8.938591
chr15	38710000	38715000	chr15	39580000	39585000	0,0,0	6.168532	0.99950105	2.963807	2.9209776	4.711945	5.0073185	1.9319634	7.6037426
chr15	80780000	80785000	chr15	80975000	80980000	0,0,0	6.66481	0.9990807	3.0744982	3.6357808	4.067892	3.760812	1.724802	6.9926176
chr15	41600000	41605000	chr15	41810000	41815000	0,0,0	4.213564	0.9975294	2.0191915	1.9065933	3.932268	4.309157	1.377111	6.0039067
chr15	59245000	59250000	chr15	59490000	59495000	0,0,0	4.611654	0.9961905	2.4849045	2.0637238	2.9823444	3.7364116	0.8011828	5.5708327
chr15	77955000	77960000	chr15	78240000	78245000	0,0,0	5.8910346	1.0	2.6894002	3.0339515	3.421211	3.11839	1.6964117	5.815236
chr15	59910000	59915000	chr15	60325000	60330000	0,0,0	5.6816397	0.9968857	2.6731913	2.7649665	3.3932657	3.3146007	1.3389578	5.7723484
chr15	38705000	38710000	chr15	39755000	39760000	0,0,0	9.304414	0.9999958	3.2500887	6.1237235	9.532	6.9435773	3.1034002	12.386888
chr15	45790000	45795000	chr15	46085000	46090000	0,0,0	5.272638	0.999457	2.1016917	4.2196665	4.9558597	3.7684238	1.8919771	7.5192385
chr15	89055000	89060000	chr15	89175000	89180000	0,0,0	10.727419	0.9999935	4.316661	6.0568466	8.129828	6.565972	2.7725563	11.949836
chr15	61165000	61170000	chr15	61830000	61835000	0,0,0	13.483849	0.99999994	4.3379135	9.9328375	12.696617	7.8367996	4.2712035	16.665989
chr15	83245000	83250000	chr15	83560000	83565000	0,0,0	10.236577	0.9999681	3.9758558	4.9337597	7.4284916	5.969254	2.6048305	10.354818
chr15	85295000	85300000	chr15	85505000	85510000	0,0,0	6.3118973	0.99906224	3.2438092	2.9192865	3.8361628	4.3778296	1.299998	6.972751
chr15	90715000	90720000	chr15	90865000	90870000	0,0,0	4.236449	0.997733	1.9942724	3.0820396	3.495145	3.350336	1.6499437	6.089927
chr15	99270000	99275000	chr15	99755000	99760000	0,0,0	7.950482	0.99999696	3.75234	5.9923224	7.486879	7.379337	2.218772	12.705846
chr15	42735000	42740000	chr15	43200000	43205000	0,0,0	5.267099	0.9994891	2.0385015	4.332159	5.093995	3.729356	1.9985932	7.580164
chr15	38435000	38440000	chr15	38680000	38685000	0,0,0	7.6775923	0.9997389	3.1373904	3.8517118	5.6982713	4.82751	1.8009187	8.251254
chr15	48355000	48360000	chr15	48850000	48855000	0,0,0	8.137783	0.9998563	3.195916	4.8218317	5.9853673	4.562681	2.4471638	8.848754
chr15	93995000	94000000	chr15	94120000	94125000	0,0,0	8.073289	0.9997418	2.7744422	4.7703	6.088517	4.0224056	1.8137851	8.262671
chr15	90315000	90320000	chr15	90885000	90890000	0,0,0	7.1129227	0.99921715	2.8749495	4.0125346	4.653146	3.5865915	1.7398798	7.153289
chr15	77630000	77635000	chr15	77870000	77875000	0,0,0	6.541761	0.9990792	2.300477	4.0875454	5.038323	3.357623	1.8522569	6.9909964
chr15	97900000	97905000	chr15	98295000	98300000	0,0,0	8.510378	0.9999665	3.2682195	5.269698	7.283771	5.6213455	2.6074848	10.305521
chr15	64205000	64210000	chr15	64680000	64685000	0,0,0	5.6223874	0.9991773	2.3908937	3.7639978	4.497431	3.757837	1.580647	7.103613
chr15	29690000	29695000	chr15	29925000	29930000	0,0,0	5.230067	0.9992265	2.534339	3.3213503	4.1100073	4.2130537	1.3304725	7.165365
chr15	43900000	43905000	chr15	44220000	44225000	0,0,0	8.067191	0.9999981	3.1693182	6.910309	9.048428	7.037921	3.0576153	13.180418
chr15	80655000	80660000	chr15	80775000	80780000	0,0,0	5.0458956	0.9975462	2.0839798	2.833131	4.0963626	3.4924002	1.6166719	6.010739
chr15	64170000	64175000	chr15	64675000	64680000	0,0,0	4.086411	0.9915536	2.2687306	2.01841	2.3091636	2.9803715	0.87349546	4.7745137
chr15	32660000	32665000	chr15	32955000	32960000	0,0,0	6.7796187	0.9998522	3.3016188	3.7147002	5.212747	5.5182977	1.5333483	8.820253
chr15	40940000	40945000	chr15	41180000	41185000	0,0,0	5.940054	0.99941313	3.2674398	2.612545	3.9252336	5.1192436	1.4002101	7.441506
chr15	71445000	71450000	chr15	71730000	71735000	0,0,0	6.6876397	1.0	2.9418676	3.2257407	4.035995	3.5873256	1.6604544	6.4546504
chr15	51980000	51985000	chr15	52135000	52140000	0,0,0	5.842988	0.99942106	2.2070875	4.8083844	4.8443823	3.1810162	1.6513346	7.455136
chr15	71740000	71745000	chr15	72155000	72160000	0,0,0	10.249709	1.0	4.663751	4.065554	5.3031716	5.001072	1.6269543	8.614898
chr15	90320000	90325000	chr15	90480000	90485000	0,0,0	6.327927	0.9998491	2.6693947	4.2560687	5.821211	5.016377	2.039192	8.799549
chr15	64205000	64210000	chr15	64350000	64355000	0,0,0	3.8954706	0.993796	2.2544937	2.016963	2.337245	3.2902353	1.1688434	5.0830913
chr15	55215000	55220000	chr15	55435000	55440000	0,0,0	5.0766563	1.0	2.3889523	2.1064506	3.117019	3.1688435	1.2244642	5.041244
chr15	60355000	60360000	chr15	60925000	60930000	0,0,0	5.654742	1.0	2.8780022	2.2493906	2.555466	2.7970421	1.1979846	4.7965
chr15	99100000	99105000	chr15	99210000	99215000	0,0,0	12.731763	0.99999887	4.202452	7.7831893	10.424886	6.7586083	2.6494293	13.676999
chr15	66945000	66950000	chr15	67430000	67435000	0,0,0	7.3987474	0.99986637	2.4043553	6.117692	6.350708	3.483279	2.127476	8.921227
chr15	69055000	69060000	chr15	69395000	69400000	0,0,0	9.6867075	0.99998754	4.504765	5.403505	6.7370276	6.489107	2.5968015	11.292223
chr15	37995000	38000000	chr15	38350000	38355000	0,0,0	8.513273	0.9999999	3.6383338	6.383983	11.058713	10.252703	3.356573	15.927355
chr15	48860000	48865000	chr15	50140000	50145000	0,0,0	9.688942	0.999947	3.720561	5.5950027	6.6798363	4.8732615	2.3153489	9.846597
chr15	61165000	61170000	chr15	61620000	61625000	0,0,0	6.9724774	0.9998687	3.2024276	3.9148839	5.5944524	5.4588346	1.8047726	8.938731
chr15	63745000	63750000	chr15	64060000	64065000	0,0,0	6.340267	0.9995757	3.5709536	2.972425	3.813758	5.123692	2.084683	7.7658477
chr15	98520000	98525000	chr15	98655000	98660000	0,0,0	5.0098763	0.9967705	2.989664	1.872537	2.677833	4.0715394	1.215931	5.7360168
chr15	38810000	38815000	chr15	39755000	39760000	0,0,0	3.8664362	0.99548346	2.0356824	2.3480606	2.8215346	3.3133988	1.3406034	5.4005637
chr15	74125000	74130000	chr15	74300000	74305000	0,0,0	9.495672	0.99998766	4.8113866	4.5819077	6.4227047	7.2319956	2.4343104	11.304802
chr15	85855000	85860000	chr15	88445000	88450000	0,0,0	10.526488	1.0	5.0968423	3.534029	4.6527524	4.8241076	2.716616	7.965467
chr15	79385000	79390000	chr15	79990000	79995000	0,0,0	6.927276	0.9996106	2.6991003	4.19946	5.3884583	4.1188903	1.9329151	7.8517437
chr15	40905000	40910000	chr15	41180000	41185000	0,0,0	7.202095	0.9998821	3.9739819	2.9477768	4.8619647	6.4265575	1.3942797	9.046803
chr15	59530000	59535000	chr15	59685000	59690000	0,0,0	5.1067567	1.0	2.610978	1.6686397	2.145799	2.4193513	0.9276224	3.902587
chr15	73970000	73975000	chr15	74305000	74310000	0,0,0	4.8659606	1.0	2.5632057	1.6575328	2.3192232	2.783937	1.0028292	4.2572994
chr15	39595000	39600000	chr15	39755000	39760000	0,0,0	4.1813855	1.0	2.2859251	1.6978729	1.984791	2.4915493	0.8567084	4.0007696
chr15	71810000	71815000	chr15	72155000	72160000	0,0,0	6.3288727	0.999119	2.8955436	3.351603	4.2874713	4.0559835	1.6958003	7.035186
chr15	92800000	92805000	chr15	92900000	92905000	0,0,0	7.307618	0.9997903	3.7622306	3.9075935	4.4675975	4.9973245	2.0030189	8.470741
chr15	101295000	101300000	chr15	101640000	101645000	0,0,0	13.487351	1.0	6.341701	7.5390873	10.994969	11.134034	3.3582358	17.835443
chr15	32660000	32665000	chr15	32840000	32845000	0,0,0	4.5846562	0.99139386	2.3033535	1.7703668	2.812392	3.1821108	0.7917974	4.75577
chr15	59915000	59920000	chr15	60180000	60185000	0,0,0	4.7390447	0.99972546	2.1017354	3.9901116	5.13625	4.654459	2.0101063	8.201224
chr15	68550000	68555000	chr15	68670000	68675000	0,0,0	8.188527	0.99986094	3.1488898	4.917298	6.0820966	4.5104847	2.027372	8.881416
chr15	77105000	77110000	chr15	77540000	77545000	0,0,0	3.9154592	0.99835473	2.1572258	2.9602501	3.0177526	3.7791948	1.4128968	6.4105287
chr15	89760000	89765000	chr15	89875000	89880000	0,0,0	8.963008	0.9999693	4.179401	4.381585	6.475489	6.4975433	2.0054579	10.392285
chr15	78910000	78915000	chr15	78975000	78980000	0,0,0	4.535602	0.9918695	2.6296878	1.4775431	2.4211113	3.4992595	1.1016165	4.812631
chr15	34620000	34625000	chr15	34920000	34925000	0,0,0	9.049171	1.0	4.3351254	2.2232711	4.904267	5.414632	1.3589078	7.3908725
chr15	101300000	101305000	chr15	101490000	101495000	0,0,0	5.570227	1.0	2.7141871	2.6585085	2.7465265	2.7243228	1.0450116	5.0874414
chr15	74380000	74385000	chr15	74435000	74440000	0,0,0	5.4052234	0.9995938	2.4083703	3.4833727	5.023767	4.713202	1.7489016	7.809533
chr15	70970000	70975000	chr15	71440000	71445000	0,0,0	4.1395173	0.9975996	2.1599588	2.6934993	3.1609285	3.6385133	1.3116142	6.032735
chr15	69480000	69485000	chr15	70460000	70465000	0,0,0	4.190779	0.99597263	2.7669346	1.8508452	2.0024345	3.8700147	1.6524956	5.51521
chr15	67860000	67865000	chr15	68155000	68160000	0,0,0	7.7829986	0.99996555	4.0921345	3.866825	5.6814237	6.8396587	2.1776106	10.276836
chr15	59160000	59165000	chr15	59500000	59505000	0,0,0	5.7545385	0.9997391	3.9280238	1.9111645	3.1371017	6.5534973	1.099889	8.25231
chr15	80455000	80460000	chr15	80965000	80970000	0,0,0	5.4908915	0.99771506	2.731619	2.863387	3.3438282	3.5368035	1.5580696	6.082037
chr15	38000000	38005000	chr15	38380000	38385000	0,0,0	6.892678	0.99999833	3.6585965	5.4361553	7.0422115	8.480978	3.0167086	13.313116
chr15	101085000	101090000	chr15	101260000	101265000	0,0,0	8.50776	0.999933	3.3906238	4.636737	6.7151423	5.490701	2.5495791	9.612245
chr15	71525000	71530000	chr15	71805000	71810000	0,0,0	4.091656	0.9928201	2.0673316	2.2182539	2.7073474	2.9651983	1.4618303	4.9369793
chr15	60500000	60505000	chr15	60930000	60935000	0,0,0	5.2538056	0.9977523	2.8797076	2.5439758	3.0339293	3.8371592	1.7284111	6.098471
chr15	96050000	96055000	chr15	96260000	96265000	0,0,0	3.7078736	0.99472666	1.9825917	2.1416488	2.742934	3.3419466	0.9909106	5.2456346
chr15	75730000	75735000	chr15	75800000	75805000	0,0,0	4.233225	1.0	2.232332	1.7572525	2.112894	2.4885988	0.9031108	4.050601
chr15	96270000	96275000	chr15	96325000	96330000	0,0,0	4.8521132	0.9926855	2.43224	2.0208259	2.8223	3.1221182	1.0468271	4.918408
chr15	62780000	62785000	chr15	63090000	63095000	0,0,0	13.423786	0.99999994	3.9549186	10.71429	12.641709	6.806774	3.7515297	16.330587
chr15	51400000	51405000	chr15	51495000	51500000	0,0,0	3.8264654	1.0	2.1752334	1.4457405	1.8215234	2.4884815	0.64302146	3.7735841
chr15	48355000	48360000	chr15	48800000	48805000	0,0,0	5.163721	0.9963788	2.1710756	3.3606768	3.4102373	2.6342597	1.3402859	5.621528
chr15	22690000	22695000	chr15	28765000	28770000	0,0,0	25.05268	1.0	6.5847845	31.221512	36.096222	17.139229	13.8821125	44.891685
chr15	83565000	83570000	chr15	84030000	84035000	0,0,0	5.371106	0.99950963	2.6394744	3.350313	4.3809767	4.643032	1.6686331	7.621088
chr15	72720000	72725000	chr15	73080000	73085000	0,0,0	8.130401	0.9998859	2.8895366	5.3794913	6.4549246	4.297628	2.1459708	9.079398
chr15	66600000	66605000	chr15	66850000	66855000	0,0,0	9.683593	0.9999607	3.260013	6.5399203	7.245726	4.3323193	2.2029815	10.145582
chr15	70675000	70680000	chr15	70870000	70875000	0,0,0	7.271059	0.99964696	3.0487711	3.9570794	5.2346716	4.4324374	1.4537485	7.9498415
chr15	60505000	60510000	chr15	61050000	61055000	0,0,0	4.3911595	1.0	2.271752	1.7200937	2.3683019	2.7518287	0.91605026	4.2808013
chr15	66945000	66950000	chr15	67300000	67305000	0,0,0	14.922343	1.0	4.8295884	13.434114	19.161516	12.546244	4.8983755	24.487679
chr15	65635000	65640000	chr15	65825000	65830000	0,0,0	3.8968644	0.99420696	2.0465875	2.015502	2.814209	3.3600729	1.0843799	5.15163
chr15	52180000	52185000	chr15	52735000	52740000	0,0,0	5.3605075	0.99739754	2.4712493	2.5057437	3.7596703	3.7245984	1.2980973	5.951926
chr15	83435000	83440000	chr15	83555000	83560000	0,0,0	7.606898	1.0	2.9578426	3.8373933	5.064262	3.9014232	1.3984227	7.3124394
chr15	38815000	38820000	chr15	39580000	39585000	0,0,0	4.000326	0.99762774	1.9934157	2.432083	3.5221887	3.8826914	1.1142879	6.044543
chr15	63610000	63615000	chr15	64065000	64070000	0,0,0	8.220178	0.99988645	4.1947317	3.4744706	5.213523	5.9956284	1.9605114	9.084046
chr15	101015000	101020000	chr15	101255000	101260000	0,0,0	12.105745	1.0	4.600815	5.5474615	8.111772	6.3065166	2.272549	11.237594
chr15	94165000	94170000	chr15	94320000	94325000	0,0,0	9.205403	0.99996847	3.7124639	5.3837156	6.973079	5.5806155	2.8150535	10.36614
chr15	33730000	33735000	chr15	33965000	33970000	0,0,0	6.4797444	0.99902827	3.0658715	2.6613493	4.380062	4.571532	1.5137484	6.9371758
chr15	45170000	45175000	chr15	45400000	45405000	0,0,0	4.728211	0.995971	2.4257867	2.62017	2.8859515	3.185771	1.3809917	5.5148115
chr15	40940000	40945000	chr15	41020000	41025000	0,0,0	4.0256023	0.98901	2.037952	1.7669365	2.5968962	2.9406257	0.9663264	4.511236
chr15	67455000	67460000	chr15	67835000	67840000	0,0,0	16.448332	1.0	3.715814	14.258011	16.28633	6.6854353	5.056716	19.359224
chr15	71570000	71575000	chr15	71730000	71735000	0,0,0	4.5771413	0.997445	2.3940358	2.4999487	3.199382	3.7481325	1.7415476	5.970309
chr15	78305000	78310000	chr15	78425000	78430000	0,0,0	5.3549976	0.9984319	2.6792057	2.3830483	3.8510256	4.340316	1.1669723	6.458581
chr15	74370000	74375000	chr15	74490000	74495000	0,0,0	5.755981	1.0	2.7315664	1.9827623	2.9952013	3.0933223	1.0501088	4.8557777
chr15	48865000	48870000	chr15	49420000	49425000	0,0,0	6.7426972	1.0	3.3124127	2.0362113	2.3869588	2.4736335	1.0949405	4.2835994
chr15	39685000	39690000	chr15	39755000	39760000	0,0,0	5.6922116	0.9988106	2.5879169	2.7762194	4.350922	4.267235	1.0984042	6.7349854
chr15	71195000	71200000	chr15	71440000	71445000	0,0,0	5.08392	0.99906945	2.0139666	3.338952	4.916748	4.0124927	1.7816876	6.98045
chr15	57750000	57755000	chr15	57860000	57865000	0,0,0	5.2935567	0.99642015	2.6337564	2.352828	3.2460287	3.5416105	1.1452875	5.633013
chr15	89745000	89750000	chr15	90090000	90095000	0,0,0	4.7302856	1.0	2.7561285	1.7027636	2.0051994	2.8670175	0.91039824	4.380585
chr15	41465000	41470000	chr15	41810000	41815000	0,0,0	7.1516566	0.99993575	2.8675058	5.2692966	6.400971	4.9695697	2.405481	9.653389
chr15	97905000	97910000	chr15	98085000	98090000	0,0,0	7.3019056	0.99993277	3.1287293	4.0300097	6.565276	6.026167	2.3140998	9.6083975
chr15	99285000	99290000	chr15	99700000	99705000	0,0,0	5.890806	0.9999731	2.7754107	3.8084178	6.7936435	7.140502	1.5532266	10.525763
chr15	84590000	84595000	chr15	84925000	84930000	0,0,0	5.4828677	0.99832237	2.7572465	2.4556966	3.7363553	4.2082024	1.388252	6.391044
chr15	83245000	83250000	chr15	83435000	83440000	0,0,0	5.8448696	0.9993066	2.5555935	3.68202	4.5557075	4.001737	1.7781025	7.2746434
chr15	33290000	33295000	chr15	33695000	33700000	0,0,0	4.798676	0.99974537	2.6027498	2.7855883	4.5250983	5.8004985	2.1453128	8.276577
chr15	77955000	77960000	chr15	78105000	78110000	0,0,0	8.150834	0.9998678	3.5184152	4.5479174	5.6579924	4.889521	2.7026455	8.932114
chr15	56245000	56250000	chr15	56430000	56435000	0,0,0	5.5091567	0.99717265	2.3809087	2.6732833	3.8705387	3.4927816	1.239518	5.8690333
chr15	78615000	78620000	chr15	78750000	78755000	0,0,0	4.9369454	0.9981761	2.0183184	2.739089	4.4567523	3.8726819	1.3167733	6.3074274
chr15	91055000	91060000	chr15	91225000	91230000	0,0,0	7.747911	0.9998775	3.4136374	4.2329884	5.757804	5.2460017	2.0363016	9.008658
chr15	61865000	61870000	chr15	62305000	62310000	0,0,0	6.5478315	1.0	3.5077982	2.4609373	3.105755	3.7898798	1.2778486	5.9773793
chr15	68305000	68310000	chr15	68380000	68385000	0,0,0	5.957528	0.9990672	2.4045503	3.6242008	4.6903615	3.7564952	1.5314735	6.978007
chr15	55210000	55215000	chr15	55290000	55295000	0,0,0	6.2333226	0.9984341	2.9602036	3.010411	3.795019	3.784072	1.5159808	6.4599934
chr15	96050000	96055000	chr15	96325000	96330000	0,0,0	7.9240026	1.0	3.069453	3.9318624	5.104042	3.8907406	1.9477223	7.38573
chr15	58225000	58230000	chr15	58955000	58960000	0,0,0	7.2774143	0.99967957	3.22798	3.8540783	5.068997	4.620795	1.7930312	8.046642
chr15	49230000	49235000	chr15	50050000	50055000	0,0,0	4.3769455	0.99979085	2.002341	3.6471577	5.3593106	5.2315083	1.923251	8.473426
chr15	49235000	49240000	chr15	50000000	50005000	0,0,0	6.3054924	0.99997854	2.6536453	5.4280467	7.014022	5.925157	2.4575512	10.750087
chr15	71535000	71540000	chr15	71730000	71735000	0,0,0	6.6853952	0.9996352	2.8860133	3.6863377	5.1870584	4.6403065	2.1790624	7.917051
chr15	40045000	40050000	chr15	40270000	40275000	0,0,0	8.28723	0.999966	2.6408813	5.632127	8.139074	5.2842374	2.7371657	10.290572
chr15	98515000	98520000	chr15	98850000	98855000	0,0,0	7.581648	0.9998379	2.5155509	6.048096	6.0884905	3.3518093	2.2342994	8.727895
chr15	38565000	38570000	chr15	38680000	38685000	0,0,0	4.127405	0.98554665	2.2829483	1.6424012	2.137474	2.777355	0.9060446	4.237267
chr15	46095000	46100000	chr15	46275000	46280000	0,0,0	5.042718	0.99700534	2.1973264	2.8136947	3.7169094	3.310476	1.2755872	5.811538
chr15	81275000	81280000	chr15	81400000	81405000	0,0,0	14.128448	1.0	5.107103	6.7247605	9.8045025	7.2197647	3.076391	13.1973295
chr15	41985000	41990000	chr15	42055000	42060000	0,0,0	7.3581853	0.9997149	3.1581712	3.5210357	5.5202007	5.033648	1.6584288	8.163458
chr15	88890000	88895000	chr15	89170000	89175000	0,0,0	8.30001	1.0	3.2864692	3.7237008	5.3963356	4.3803234	2.3582048	7.69028
chr15	69055000	69060000	chr15	69265000	69270000	0,0,0	5.992714	0.9996602	2.6687655	4.4300256	4.707916	4.050218	1.6432405	7.9880185
chr15	42065000	42070000	chr15	42465000	42470000	0,0,0	6.686152	0.99966353	3.3760648	3.0874748	4.6429367	5.253441	1.3130645	7.997863
chr15	63945000	63950000	chr15	64045000	64050000	0,0,0	4.72317	0.9955587	2.2746382	2.706839	3.0347219	3.0112898	1.2213861	5.417369
chr15	51650000	51655000	chr15	51775000	51780000	0,0,0	15.349184	0.99999994	4.364222	10.47369	13.977504	7.872792	3.9433703	17.182737
chr15	91055000	91060000	chr15	91270000	91275000	0,0,0	10.023951	0.99996936	4.211523	4.645594	7.094846	6.265082	2.561227	10.394499
chr15	49235000	49240000	chr15	49420000	49425000	0,0,0	4.3736157	0.9907178	1.9926527	2.5622697	2.6998575	2.4025707	1.1021796	4.680144
chr15	47195000	47200000	chr15	48280000	48285000	0,0,0	7.851478	1.0	3.1095107	3.2798586	4.6857605	3.787748	1.5419219	6.7031775
chr15	45720000	45725000	chr15	46280000	46285000	0,0,0	5.1835213	0.99900305	2.6028037	3.183261	3.7850158	4.081991	1.3915969	6.9115562
chr15	40780000	40785000	chr15	40890000	40895000	0,0,0	5.989213	0.9976873	2.0485456	3.9701767	4.2552233	2.54092	1.7407491	6.069966
chr15	56495000	56500000	chr15	57305000	57310000	0,0,0	5.669635	0.9981742	2.8919961	2.1720643	3.7414556	4.3756614	1.1586194	6.306385
chr15	42735000	42740000	chr15	42925000	42930000	0,0,0	5.2620397	0.9993952	2.1355357	2.9172935	5.4219356	4.818252	1.6596909	7.4114017
chr15	33020000	33025000	chr15	33130000	33135000	0,0,0	6.2487707	1.0	3.252912	2.0862737	3.532186	4.2531967	1.110797	6.107662
chr15	63285000	63290000	chr15	63400000	63405000	0,0,0	8.686773	0.9999264	2.914932	5.345921	7.2084703	4.7660313	2.05752	9.5179615
chr15	98650000	98655000	chr15	98855000	98860000	0,0,0	5.3421316	0.9991995	2.7631783	3.059827	3.849094	4.4111996	1.6455816	7.131046
chr15	90645000	90650000	chr15	90885000	90890000	0,0,0	11.903352	0.9999993	3.2558587	10.002262	11.035109	5.236478	3.449523	14.1273775
chr15	42705000	42710000	chr15	43200000	43205000	0,0,0	4.9440117	0.99967074	2.2605011	3.8780718	4.8623066	4.5723896	2.1303756	8.019565
chr15	35285000	35290000	chr15	35445000	35450000	0,0,0	11.965333	0.99999756	4.398414	7.2389565	9.149709	6.4879413	3.02565	12.92257
chr15	32660000	32665000	chr15	33130000	33135000	0,0,0	9.613382	1.0	3.1247435	5.1576505	5.7314787	3.2952995	1.8574196	7.8798776
chr15	99925000	99930000	chr15	100385000	100390000	0,0,0	3.9790826	0.9962816	2.0661747	2.248148	3.0786836	3.5966864	1.7372216	5.5950403
chr15	77115000	77120000	chr15	77495000	77500000	0,0,0	9.467624	0.9999997	4.01896	7.8082967	9.646371	8.128378	3.248013	15.069086
chr15	74065000	74070000	chr15	74310000	74315000	0,0,0	6.5466795	0.9997521	2.0919375	5.8781176	5.8891387	3.0783029	2.164353	8.303296
chr15	79380000	79385000	chr15	79850000	79855000	0,0,0	5.721913	0.99919647	2.8266275	2.6727471	4.298615	4.751491	1.4203666	7.1272664
chr15	30700000	30705000	chr15	31700000	31705000	0,0,0	48.149483	1.0	12.655012	33.51042	37.661922	17.456947	18.765553	47.243988
chr15	37995000	38000000	chr15	38640000	38645000	0,0,0	4.5737095	0.99060255	2.529845	2.1280835	2.1951952	2.7761712	1.0940369	4.667801
chr15	36880000	36885000	chr15	37105000	37110000	0,0,0	4.5096765	0.99463034	2.696614	1.4157887	2.575965	3.969058	1.0071112	5.227537
chr15	73560000	73565000	chr15	73700000	73705000	0,0,0	7.3248034	0.99951994	3.3649771	2.9478292	4.9815855	5.0221066	1.4281645	7.642399
chr15	92520000	92525000	chr15	92710000	92715000	0,0,0	5.6220813	0.99886894	3.0079186	1.9682755	3.9456296	5.035751	1.0893604	6.7853293
chr15	48860000	48865000	chr15	49145000	49150000	0,0,0	6.726279	0.99949175	2.4242446	4.000909	5.5800114	4.029008	1.4437755	7.585371
chr15	66775000	66780000	chr15	66850000	66855000	0,0,0	4.4519615	0.9940419	2.6312797	1.5482903	2.499807	3.7472763	0.8994199	5.1235347
chr15	59530000	59535000	chr15	59620000	59625000	0,0,0	12.147405	1.0	4.695919	5.864227	7.624266	5.801113	2.6925194	11.01376
chr15	97245000	97250000	chr15	97750000	97755000	0,0,0	6.5228405	0.999577	3.7892523	2.6289904	3.772674	5.432026	1.6340022	7.7689066
chr15	20670000	20675000	chr15	21245000	21250000	0,0,0	19.063705	1.0	6.812931	16.346638	25.971851	19.475456	8.2887	34.005802
chr15	57865000	57870000	chr15	58070000	58075000	0,0,0	5.8359385	0.99941564	2.2688968	4.014867	5.1035347	3.8770268	1.7543393	7.445797
chr15	100670000	100675000	chr15	100870000	100875000	0,0,0	6.039453	0.9999855	1.9892821	7.2370944	8.056725	4.709236	2.7308595	11.142209
chr15	29665000	29670000	chr15	30025000	30030000	0,0,0	5.416308	0.9999192	2.2957568	5.085727	5.94094	4.903513	2.01747	9.42416
chr15	36500000	36505000	chr15	37105000	37110000	0,0,0	7.127394	0.9996333	2.8860037	3.8252375	5.443969	4.511655	1.7330056	7.9118657
chr15	98440000	98445000	chr15	99075000	99080000	0,0,0	7.0578227	1.0	3.6999779	2.9943914	3.1724722	3.6200023	1.4493638	6.281684
chr15	50670000	50675000	chr15	50875000	50880000	0,0,0	7.773564	0.9999468	3.8190236	4.3531585	5.6463	5.9722414	2.386918	9.841716
chr15	57340000	57345000	chr15	57525000	57530000	0,0,0	16.780281	1.0	6.183514	10.121923	12.833987	9.1385145	3.855959	18.13578
chr15	58265000	58270000	chr15	58755000	58760000	0,0,0	4.8496785	0.99987566	2.160592	4.7170525	5.4331064	4.800312	1.9539057	8.993248
chr15	70675000	70680000	chr15	70810000	70815000	0,0,0	4.8239617	0.99593794	2.332924	2.1576188	3.3642554	3.5887494	1.2810637	5.506633
chr15	65025000	65030000	chr15	65295000	65300000	0,0,0	6.7227516	1.0	3.2900932	2.8122954	3.1067235	3.1567023	1.6804041	5.6565204
chr15	68550000	68555000	chr15	68915000	68920000	0,0,0	6.212975	0.9996296	2.959776	3.827104	4.5512204	4.4998593	1.8172834	7.9017296
chr15	100625000	100630000	chr15	100870000	100875000	0,0,0	8.888092	0.9999985	3.4558253	6.472797	9.59292	7.680579	3.1106246	13.434176
chr15	64730000	64735000	chr15	64810000	64815000	0,0,0	6.984295	1.0	2.877168	3.1944613	4.3446174	3.6272268	1.3873718	6.4667478
chr15	89355000	89360000	chr15	89470000	89475000	0,0,0	7.395076	0.99943453	2.5689242	4.3403893	5.4558525	3.62049	1.5474141	7.4786143
chr15	58980000	58985000	chr15	59485000	59490000	0,0,0	10.028746	0.99998826	4.664912	5.297834	6.8382874	6.643264	3.0917957	11.352449
chr15	52775000	52780000	chr15	53715000	53720000	0,0,0	8.716366	1.0	4.291278	3.0498505	4.423176	4.7874784	1.9873716	7.498457
chr15	52330000	52335000	chr15	52730000	52735000	0,0,0	6.072484	0.9997718	2.2161632	4.239181	6.2014527	4.617764	1.8282169	8.385925
chr15	57750000	57755000	chr15	58070000	58075000	0,0,0	5.26848	0.99784774	2.3473742	3.144084	3.7488284	3.347131	1.2267847	6.1418724
chr15	80570000	80575000	chr15	80775000	80780000	0,0,0	6.4843745	0.99937457	2.9910326	3.4939802	4.46346	4.272094	1.6843303	7.377854
chr15	71110000	71115000	chr15	71440000	71445000	0,0,0	7.2376175	0.99998224	2.8484893	4.9450946	7.8928404	6.5434933	2.561665	10.939133
chr15	84955000	84960000	chr15	85040000	85045000	0,0,0	4.8129067	0.99378455	2.2512965	2.2225618	3.114388	3.1056304	1.3846862	5.081241
chr15	36500000	36505000	chr15	36875000	36880000	0,0,0	3.9574034	0.9950481	2.0651197	2.449773	2.7412808	3.130964	1.2046751	5.30854
chr15	100915000	100920000	chr15	101005000	101010000	0,0,0	9.231377	0.9999386	2.8314624	6.0581784	7.478042	4.3146114	2.1462038	9.699659
chr15	74635000	74640000	chr15	74765000	74770000	0,0,0	12.362552	0.99999607	4.90393	5.468214	8.996201	7.5827613	2.4579873	12.443397
chr15	74770000	74775000	chr15	74945000	74950000	0,0,0	7.540612	0.99979	3.3806026	3.6248143	5.4880724	5.247167	2.1647258	8.469224
chr15	51280000	51285000	chr15	51380000	51385000	0,0,0	6.0774307	0.9988794	2.5622485	3.146233	4.567489	3.9979396	1.4096209	6.7945914
chr15	76185000	76190000	chr15	76870000	76875000	0,0,0	5.142297	0.99916595	2.2875364	3.75155	4.274238	3.7552452	1.787721	7.089956
chr15	62780000	62785000	chr15	63035000	63040000	0,0,0	4.1746006	0.99842316	2.0454469	3.082501	3.6012554	3.713014	1.5211934	6.453015
chr15	90360000	90365000	chr15	90480000	90485000	0,0,0	4.595391	0.99902034	2.1701584	3.4459653	3.9907951	3.8659499	1.3912934	6.92903
chr15	43870000	43875000	chr15	44500000	44505000	0,0,0	4.5244536	0.9956521	2.3507164	2.5285864	2.8184285	3.1909876	1.3037355	5.43862
chr15	65320000	65325000	chr15	65395000	65400000	0,0,0	6.0044274	1.0	3.35178	2.389913	2.558137	3.3126588	1.0231739	5.437026
chr15	71010000	71015000	chr15	71440000	71445000	0,0,0	5.6251173	0.999689	2.2379386	4.152229	5.522793	4.3856564	1.8673241	8.076527
chr15	58225000	58230000	chr15	59500000	59505000	0,0,0	10.084084	1.0	4.9418077	3.6054842	4.837988	5.129574	2.103429	8.334449
chr15	45795000	45800000	chr15	46280000	46285000	0,0,0	5.271234	0.9992952	2.3343213	4.131572	4.25304	3.5858366	2.045667	7.258345
chr15	78615000	78620000	chr15	78705000	78710000	0,0,0	5.437001	0.9976115	2.2030902	2.8729227	4.1748233	3.4840207	1.5223397	6.0377293
chr15	44580000	44585000	chr15	44785000	44790000	0,0,0	5.596727	0.9987249	2.8801305	1.9622701	4.0740423	4.921147	1.0704361	6.665387
chr15	73970000	73975000	chr15	74035000	74040000	0,0,0	7.659694	1.0	2.9860444	2.6528091	4.1763363	3.4137876	1.2247388	5.77184
chr15	61870000	61875000	chr15	62070000	62075000	0,0,0	6.0631804	1.0	2.7661486	2.8284678	3.419491	3.1748497	1.6345063	5.6890435
chr15	69060000	69065000	chr15	69460000	69465000	0,0,0	4.7125406	0.99268854	2.1179752	2.793485	2.8347225	2.4357255	0.97148573	4.9188232
chr15	65185000	65190000	chr15	65295000	65300000	0,0,0	6.104674	0.9980209	2.4895432	2.8280592	4.346655	3.7119322	1.5755674	6.225763
chr15	75805000	75810000	chr15	76135000	76140000	0,0,0	8.101953	1.0	4.240727	2.2423298	2.768712	3.230544	1.4703993	5.2237263
chr15	33230000	33235000	chr15	33695000	33700000	0,0,0	6.745625	0.99997485	3.2109587	4.4165034	6.463762	6.6661158	2.8017657	10.591896
chr15	97905000	97910000	chr15	98175000	98180000	0,0,0	9.28949	0.99999833	4.3483114	5.3002496	8.395507	8.578877	2.690304	13.290211
chr15	42700000	42705000	chr15	43285000	43290000	0,0,0	5.6443496	0.99959296	2.7813792	3.0014439	4.686939	5.1393967	1.5687144	7.807347
chr15	96355000	96360000	chr15	97755000	97760000	0,0,0	5.661844	1.0	3.2572014	1.08357	2.5385523	3.6786182	0.76159376	4.6417913
chr15	100630000	100635000	chr15	101005000	101010000	0,0,0	8.214743	0.9998701	3.8563998	3.514329	5.6622868	5.826178	1.3653587	8.9500265
chr15	92515000	92520000	chr15	92680000	92685000	0,0,0	4.685712	0.99766064	2.1901314	3.197159	3.443164	3.2165766	1.5036371	6.0584955
chr15	20350000	20355000	chr15	22285000	22290000	0,0,0	8.342309	0.9999867	2.741866	7.121306	8.220471	4.901265	2.9098601	11.231315
chr15	50180000	50185000	chr15	50310000	50315000	0,0,0	5.5170903	0.9969904	2.8245265	2.1342869	3.360714	3.9093997	0.9977553	5.8065434
chr15	80565000	80570000	chr15	80970000	80975000	0,0,0	7.140125	0.9996343	2.9822135	3.85671	5.273121	4.48647	2.0275385	7.914657
chr15	75035000	75040000	chr15	75205000	75210000	0,0,0	9.123823	0.9999872	4.590267	4.320876	6.587267	7.4263153	2.8905435	11.267095
chr15	34060000	34065000	chr15	34210000	34215000	0,0,0	8.739948	0.9998995	2.880394	5.715827	6.786437	4.125822	2.5061507	9.206557
chr15	55650000	55655000	chr15	56050000	56055000	0,0,0	4.9072623	1.0	2.8598132	1.1731956	2.0779316	3.0443661	0.8948477	4.087207
chr15	90935000	90940000	chr15	91040000	91045000	0,0,0	4.310429	1.0	2.446127	1.3022857	1.4704751	1.9818473	0.6588397	3.1394346
chr15	45710000	45715000	chr15	45790000	45795000	0,0,0	4.013262	1.0	2.373263	1.1367114	1.6899104	2.526378	0.68081385	3.5367882
chr15	38820000	38825000	chr15	39170000	39175000	0,0,0	4.281016	0.9974133	2.0905607	2.3594522	3.5835688	3.8607016	1.5418568	5.9579926
chr15	92095000	92100000	chr15	92225000	92230000	0,0,0	4.511423	1.0	2.4834058	1.5689929	2.3777103	3.107409	0.8995134	4.5020695
chr15	52780000	52785000	chr15	53190000	53195000	0,0,0	6.0306773	1.0	2.9334705	2.8257015	3.1592517	3.1858642	1.4427623	5.6975985
chr15	39170000	39175000	chr15	39750000	39755000	0,0,0	6.703402	1.0	3.216139	2.4571478	3.6334558	3.7973409	1.3836477	5.9814725
chr15	45455000	45460000	chr15	45610000	45615000	0,0,0	9.480187	0.99997365	3.18121	6.242923	7.8268185	4.9963713	2.7997596	10.545636
chr15	79025000	79030000	chr15	79180000	79185000	0,0,0	10.360222	0.99999726	3.3724954	7.367617	9.821716	6.266185	3.3996363	12.815178
chr15	81480000	81485000	chr15	81935000	81940000	0,0,0	8.857591	0.99999726	3.518686	6.531188	8.796791	7.0023603	2.886622	12.807861
chr15	67860000	67865000	chr15	68210000	68215000	0,0,0	6.0232635	0.99939114	2.346226	3.6678855	5.229095	4.14432	1.4917783	7.4046626
chr15	90155000	90160000	chr15	90220000	90225000	0,0,0	4.4496393	0.99743915	2.5989413	1.6531496	3.0519094	4.4985676	1.2021506	5.9680347
chr15	84845000	84850000	chr15	84925000	84930000	0,0,0	5.2522564	0.99594337	2.333569	2.4073908	3.5787838	3.3680654	1.3677226	5.5079684
chr15	98310000	98315000	chr15	98420000	98425000	0,0,0	6.568865	0.9990434	3.1007514	2.8241532	4.3236246	4.442503	1.369422	6.9528613
chr15	49235000	49240000	chr15	50140000	50145000	0,0,0	4.8814373	0.99871165	2.4623675	2.9061718	3.700072	4.0718074	1.1493703	6.6550713
chr15	81105000	81110000	chr15	81265000	81270000	0,0,0	6.621245	0.9995936	2.6503396	4.048849	5.293145	4.2100496	1.5636786	7.8090267
chr15	29665000	29670000	chr15	30070000	30075000	0,0,0	6.875114	0.9999405	3.2896776	3.7392	6.05974	6.40721	1.9895416	9.730944
chr15	88475000	88480000	chr15	88610000	88615000	0,0,0	9.214327	1.0	4.1696773	3.188937	5.038615	4.9194293	1.6242577	7.7540402
chr15	89895000	89900000	chr15	90070000	90075000	0,0,0	12.073145	0.9999958	3.6874273	7.7582483	9.572308	5.49827	2.749575	12.39449
chr15	73305000	73310000	chr15	73700000	73705000	0,0,0	6.693365	0.9990281	2.355991	4.384905	4.8313265	3.039255	1.7851125	6.9369483
chr15	44580000	44585000	chr15	44925000	44930000	0,0,0	6.9539976	1.0	3.489153	2.5641165	2.938618	3.1422026	1.3176031	5.421417
chr15	93030000	93035000	chr15	94115000	94120000	0,0,0	9.5405655	0.99993086	3.7869153	4.723136	6.665854	5.381853	2.2847924	9.580196
chr15	30885000	30890000	chr15	31130000	31135000	0,0,0	6.1725755	0.99988556	2.4590714	5.3588514	5.852534	4.3129272	2.0238807	9.076351
chr15	89355000	89360000	chr15	89430000	89435000	0,0,0	4.6796174	0.9962656	2.361618	2.4844394	3.084838	3.382355	0.9909042	5.5907454
chr15	44965000	44970000	chr15	45115000	45120000	0,0,0	7.738499	1.0	2.9746869	3.7890775	4.104251	2.8684995	1.5938358	6.236569
chr15	56820000	56825000	chr15	57305000	57310000	0,0,0	5.5011578	0.9995653	2.594192	2.9126296	4.935735	5.15266	1.5000542	7.741664
chr15	60585000	60590000	chr15	60915000	60920000	0,0,0	7.3573976	0.99998945	3.1755526	5.960068	7.19936	6.164103	3.2919462	11.461942
chr15	82530000	82535000	chr15	83000000	83005000	0,0,0	6.8545885	1.0	3.37351	2.0228283	3.5733652	3.979777	1.0813069	5.777847
chr15	63610000	63615000	chr15	63890000	63895000	0,0,0	5.2410917	0.9986876	2.073307	3.6613226	4.43694	3.382118	1.9272228	6.636627
chr15	96355000	96360000	chr15	97230000	97235000	0,0,0	11.01704	0.9999948	3.9013968	7.192213	8.689027	5.7802863	2.5489652	12.173365
chr15	32660000	32665000	chr15	32990000	32995000	0,0,0	8.982711	0.9998752	4.8850126	2.9501987	4.932378	6.3670807	1.9961966	8.989479
chr15	30660000	30665000	chr15	31125000	31130000	0,0,0	6.195928	1.0	3.1577218	1.8723189	2.756087	3.1547482	0.90069634	4.8190317
chr15	99925000	99930000	chr15	100570000	100575000	0,0,0	5.4963713	1.0	2.465119	2.8938012	3.1900172	2.8087363	1.5242591	5.381004
chr15	38705000	38710000	chr15	39680000	39685000	0,0,0	5.637883	0.9990992	2.4768667	2.8310406	4.728221	4.4964933	2.3026989	7.012974
chr15	63895000	63900000	chr15	64060000	64065000	0,0,0	4.685612	0.99424064	2.111083	2.6692197	3.0931892	2.7848265	1.2742833	5.1574664
chr15	98515000	98520000	chr15	99060000	99065000	0,0,0	4.565202	0.9957801	2.1292448	2.858595	3.130015	2.9275444	1.3182316	5.468518
chr15	85300000	85305000	chr15	85725000	85730000	0,0,0	6.8417034	1.0	3.8577137	1.5114334	1.6883999	2.2429864	1.1079583	3.5864828
chr15	88655000	88660000	chr15	88830000	88835000	0,0,0	11.800464	0.99999726	4.1485424	7.090369	9.433667	6.5073237	3.3101156	12.809875
chr15	69475000	69480000	chr15	70095000	70100000	0,0,0	6.241398	1.0	3.817178	1.2735219	1.8885648	3.0290718	0.789297	4.1610913
chr15	85330000	85335000	chr15	85505000	85510000	0,0,0	3.7951174	0.99609935	2.08202	2.3735223	2.7257018	3.4373968	1.3084303	5.5471945
chr15	63465000	63470000	chr15	63595000	63600000	0,0,0	4.1861987	0.9855779	2.0354662	1.6700832	2.5682127	2.754915	0.9066649	4.2394333
chr15	34105000	34110000	chr15	34210000	34215000	0,0,0	4.84011	0.9969463	2.4895756	2.659098	3.0654585	3.4283543	1.0766351	5.791997
chr15	96115000	96120000	chr15	96325000	96330000	0,0,0	3.9460669	0.98222274	2.0972283	1.6944729	2.1032033	2.524053	0.99058694	4.0302515
chr15	44580000	44585000	chr15	44735000	44740000	0,0,0	8.716022	0.99997544	4.3278904	3.8817153	6.4098134	7.165078	2.041803	10.615492
chr15	59720000	59725000	chr15	60325000	60330000	0,0,0	11.117095	0.99999315	4.882048	5.81065	7.5159645	6.726927	2.7339919	11.891949
chr15	68725000	68730000	chr15	68875000	68880000	0,0,0	8.993797	0.9999888	3.3894513	5.398095	8.4031105	6.6043367	2.7338789	11.402643
chr15	52255000	52260000	chr15	52735000	52740000	0,0,0	9.186479	0.9999934	4.071893	5.139918	7.80765	7.3605094	2.4310236	11.929326
chr15	50145000	50150000	chr15	50315000	50320000	0,0,0	10.838127	1.0	4.395657	5.345726	7.362245	6.0527244	2.5009475	10.804481
chr15	51160000	51165000	chr15	51380000	51385000	0,0,0	8.821212	0.9999534	2.917454	6.0770493	7.3925853	4.573117	2.0570464	9.974938
chr15	78110000	78115000	chr15	78240000	78245000	0,0,0	9.412679	0.99995553	3.2746518	6.0591063	7.1817737	4.6359477	2.2044168	10.02182
chr15	90330000	90335000	chr15	90690000	90695000	0,0,0	5.4743075	0.9972817	2.457361	3.2572424	3.4591205	3.013029	1.1390805	5.9083557
chr15	47185000	47190000	chr15	48250000	48255000	0,0,0	4.7434177	1.0	2.7021286	1.5352674	2.3614342	3.2888403	1.3698313	4.6535225
chr15	69055000	69060000	chr15	69225000	69230000	0,0,0	6.3299723	0.99971366	2.4771361	4.357175	5.5811152	4.2861314	2.026159	8.159176
chr15	51780000	51785000	chr15	52135000	52140000	0,0,0	4.962547	1.0	2.286089	1.9384505	2.980914	2.9643822	0.8372405	4.6874495
chr15	85730000	85735000	chr15	85835000	85840000	0,0,0	8.973176	1.0	4.9259453	2.3275042	3.8871586	5.098116	1.4663013	7.1670084
chr15	101485000	101490000	chr15	101640000	101645000	0,0,0	4.137777	0.99248695	2.4451127	1.5315259	2.3608668	3.530263	0.9022972	4.891619
chr15	58075000	58080000	chr15	58180000	58185000	0,0,0	5.3972645	1.0	2.292205	2.2552238	3.066638	2.6612859	0.92071074	4.665929
chr15	79380000	79385000	chr15	79595000	79600000	0,0,0	3.872429	0.98812926	2.2369008	1.437036	2.2076817	3.1567743	0.86144435	4.4341393
chr15	45200000	45205000	chr15	45400000	45405000	0,0,0	4.818643	0.99810225	2.3097522	2.6876745	3.755184	3.8786795	1.2759126	6.2677236
chr15	39165000	39170000	chr15	39580000	39585000	0,0,0	6.574195	0.99976265	3.1224866	3.3106365	5.192124	5.4039516	1.9714062	8.34674
chr15	40040000	40045000	chr15	40215000	40220000	0,0,0	5.3649936	0.9992698	2.2346387	3.1760273	4.9969745	4.399748	1.6739595	7.222883
chr15	72795000	72800000	chr15	73080000	73085000	0,0,0	7.4200244	0.99993217	3.205449	4.47432	6.282145	5.62204	1.7644676	9.599213
chr15	88895000	88900000	chr15	89015000	89020000	0,0,0	8.357103	0.9997652	4.6235085	2.7579236	4.4551797	5.9061856	1.376926	8.357674
chr15	91300000	91305000	chr15	92080000	92085000	0,0,0	8.710957	0.99999356	4.0043473	5.3260937	7.4327	7.224178	2.7866697	11.958484
chr15	58225000	58230000	chr15	58770000	58775000	0,0,0	4.876134	0.99976087	2.0116875	4.838709	5.235092	4.0382075	1.7446964	8.339282
chr15	75365000	75370000	chr15	75680000	75685000	0,0,0	6.9970417	0.9995088	2.6956007	4.580166	5.0287457	3.5481646	1.7273122	7.619423
chr5	112995000	113000000	chr5	113510000	113515000	0,0,0	7.418068	0.99987173	3.203549	4.620598	5.6458178	4.8551927	1.6459973	8.962391
chr5	119020000	119025000	chr5	119410000	119415000	0,0,0	5.822993	0.9999266	2.8069303	4.391647	5.5096464	5.6173663	1.8386706	9.521052
chr5	16545000	16550000	chr5	17195000	17200000	0,0,0	4.425188	0.99274063	2.6676824	1.5857316	2.2640054	3.5164337	0.90011096	4.925973
chr5	112210000	112215000	chr5	112525000	112530000	0,0,0	4.927256	1.0	2.0768676	2.4787126	3.2032132	2.7116067	1.092842	4.914907
chr5	51380000	51385000	chr5	52005000	52010000	0,0,0	7.264249	0.9999988	2.5117998	8.253207	9.82805	6.3150616	3.1662927	13.651245
chr5	16160000	16165000	chr5	17200000	17205000	0,0,0	11.005409	1.0	5.870291	2.396333	3.3494701	4.107584	1.4918523	6.2376575
chr5	170435000	170440000	chr5	170620000	170625000	0,0,0	9.496852	0.9999512	4.0762935	5.254205	6.2273135	5.25791	2.0765498	9.928314
chr5	31580000	31585000	chr5	31805000	31810000	0,0,0	8.831462	1.0	4.179869	3.4376674	5.274075	5.4413567	1.9020112	8.497061
chr5	160195000	160200000	chr5	160345000	160350000	0,0,0	5.9348936	0.9994104	3.067625	2.6211576	4.3033085	5.1069183	1.6939063	7.436836
chr5	53260000	53265000	chr5	54215000	54220000	0,0,0	4.954785	0.9990708	2.760238	2.85843	3.4026642	4.441111	1.872399	6.9819374
chr5	4880000	4885000	chr5	5415000	5420000	0,0,0	8.284005	1.0	3.2400956	3.6223922	5.289143	4.2434173	2.4926212	7.463321
chr5	167575000	167580000	chr5	168220000	168225000	0,0,0	11.075239	1.0	5.1880116	2.9648576	3.840944	3.77385	1.4793626	6.4092784
chr5	36260000	36265000	chr5	36400000	36405000	0,0,0	4.141184	1.0	2.1446283	1.793837	2.0776339	2.3540924	0.89893585	3.9486141
chr5	68285000	68290000	chr5	68455000	68460000	0,0,0	7.4175463	0.99948174	2.9676018	3.7849126	5.199595	4.201479	1.8310391	7.565846
chr5	71780000	71785000	chr5	72015000	72020000	0,0,0	6.475696	0.9999359	2.6907456	5.1013923	6.2680683	5.1218014	2.7474153	9.656372
chr5	76600000	76605000	chr5	76775000	76780000	0,0,0	8.152553	1.0	3.3861659	3.4861553	4.5579095	3.7987149	1.6350858	6.8975196
chr5	173160000	173165000	chr5	173280000	173285000	0,0,0	5.1737766	1.0	2.2300668	2.587832	2.9757705	2.5024405	1.0726932	4.8027353
chr5	5140000	5145000	chr5	5415000	5420000	0,0,0	10.150302	0.9999848	3.0016038	7.1994734	8.610628	4.6963196	2.7439091	11.095851
chr5	43725000	43730000	chr5	44330000	44335000	0,0,0	6.053821	0.9999835	2.537185	6.122467	6.9353533	5.571521	2.347753	11.013714
chr5	112550000	112555000	chr5	112845000	112850000	0,0,0	6.839394	0.99931383	2.7713332	3.9510627	4.7951145	3.7731237	1.7980386	7.2851796
chr5	172480000	172485000	chr5	172695000	172700000	0,0,0	14.972592	1.0	5.9414506	7.2685847	10.460032	8.493766	3.773612	14.95473
chr5	103580000	103585000	chr5	104175000	104180000	0,0,0	11.0213175	0.9999993	4.3256197	7.116241	9.913576	7.866333	2.6542058	14.19188
chr5	173285000	173290000	chr5	173975000	173980000	0,0,0	7.241885	1.0	3.3688304	3.0149407	3.3964038	3.1884193	1.4182675	5.8683667
chr5	113335000	113340000	chr5	113510000	113515000	0,0,0	5.432066	0.99716777	2.1958826	3.145381	3.8889873	3.0714011	1.3270853	5.8672953
chr5	154465000	154470000	chr5	154610000	154615000	0,0,0	12.407432	0.9999961	4.1851077	7.170837	9.325557	6.094772	3.4198349	12.468849
chr5	160020000	160025000	chr5	160195000	160200000	0,0,0	4.25702	1.0	2.163534	1.4659466	2.3676782	2.7321677	0.7904068	4.0352316
chr5	40905000	40910000	chr5	41510000	41515000	0,0,0	4.3276644	0.9973323	2.1286156	2.9221387	3.2448676	3.3296773	1.6363063	5.927134
chr5	50955000	50960000	chr5	51960000	51965000	0,0,0	5.8851857	0.9999795	2.1752062	6.346322	7.4593782	5.153403	2.520733	10.794578
chr5	53170000	53175000	chr5	54215000	54220000	0,0,0	7.208103	0.99996614	3.3371942	4.5896945	6.343884	6.215545	2.3433814	10.295274
chr5	47100000	47105000	chr5	50335000	50340000	0,0,0	28.471144	1.0	6.6068015	10.444454	10.682881	3.9712045	3.5648766	13.255163
chr5	90865000	90870000	chr5	91385000	91390000	0,0,0	7.728415	0.99998754	2.359888	7.915821	8.302411	4.2595186	2.8187096	11.295804
chr5	95855000	95860000	chr5	96600000	96605000	0,0,0	9.707064	1.0	3.4470694	4.94722	6.3991227	4.407917	2.0916016	8.805446
chr5	174420000	174425000	chr5	174790000	174795000	0,0,0	5.9799085	0.9999385	2.7036967	4.289285	6.1564503	5.8843107	2.2056847	9.697009
chr5	14875000	14880000	chr5	15005000	15010000	0,0,0	4.5438104	1.0	2.100641	2.16741	2.509498	2.3503053	1.0368516	4.2768917
chr5	140240000	140245000	chr5	140720000	140725000	0,0,0	6.075912	1.0	3.0077593	1.8243895	2.786159	3.0656216	1.2183166	4.687301
chr5	102535000	102540000	chr5	103220000	103225000	0,0,0	4.9981537	0.997223	2.229352	2.614151	3.7885377	3.5633116	1.333799	5.8870015
chr5	95660000	95665000	chr5	95730000	95735000	0,0,0	4.6439524	0.9956512	2.222556	2.393384	3.2339888	3.3109615	1.0053045	5.4384136
chr5	148445000	148450000	chr5	148725000	148730000	0,0,0	6.2608523	0.9994532	2.9719188	3.0953634	4.618385	4.760755	1.8221078	7.5121894
chr5	142715000	142720000	chr5	142885000	142890000	0,0,0	9.244832	0.9999886	4.710949	3.6667423	6.891764	8.126926	1.9904618	11.386252
chr5	159300000	159305000	chr5	159990000	159995000	0,0,0	5.9924603	0.9988295	2.1411407	4.095622	4.7316136	3.1104517	1.4454802	6.7510047
chr5	168945000	168950000	chr5	169580000	169585000	0,0,0	4.7478247	0.9975653	2.0934687	3.227832	3.6435556	3.1493733	1.6560265	6.0185575
chr5	144200000	144205000	chr5	145235000	145240000	0,0,0	5.260079	0.99740785	2.9287364	2.1188483	3.0651674	4.072476	1.4103419	5.9558964
chr5	101935000	101940000	chr5	102225000	102230000	0,0,0	4.708355	0.9918079	2.1336997	1.9814523	3.1148195	3.043793	1.019363	4.8050838
chr5	127560000	127565000	chr5	128210000	128215000	0,0,0	6.2969303	0.9984472	3.0143275	3.1444988	3.6964567	3.6732543	1.5534779	6.4683642
chr5	158695000	158700000	chr5	159105000	159110000	0,0,0	9.844063	0.9999623	4.3573737	4.716047	6.5122147	5.993385	2.1456301	10.185427
chr5	167585000	167590000	chr5	168040000	168045000	0,0,0	5.1869483	0.9983664	2.5670257	3.0639935	3.5329218	3.6940968	1.4273493	6.417647
chr5	115375000	115380000	chr5	115570000	115575000	0,0,0	4.8351765	0.9996242	2.3444955	3.9972918	4.349533	4.3340616	1.6733983	7.8872094
chr5	53430000	53435000	chr5	54225000	54230000	0,0,0	5.511578	0.997453	2.922764	2.263777	3.2520986	3.9611921	1.264641	5.9734387
chr5	39715000	39720000	chr5	40685000	40690000	0,0,0	6.128542	0.99997884	2.808489	5.4789577	6.372257	5.8943014	2.6034489	10.764485
chr5	54240000	54245000	chr5	54415000	54420000	0,0,0	5.974612	0.99805915	2.7118163	2.53364	4.0622563	3.9931538	1.4803435	6.2452784
chr5	114100000	114105000	chr5	114450000	114455000	0,0,0	5.8474064	0.99953717	2.773244	3.2839122	4.665921	4.759878	1.7251164	7.6789117
chr5	44535000	44540000	chr5	44770000	44775000	0,0,0	9.060799	0.9999769	3.351859	5.864603	7.578173	5.463137	2.4370236	10.676118
chr5	7925000	7930000	chr5	9200000	9205000	0,0,0	9.580038	1.0	3.7207196	4.201526	5.584264	4.3069654	1.9836705	8.041656
chr5	112995000	113000000	chr5	113330000	113335000	0,0,0	9.343273	0.9999984	3.42914	7.072301	9.6644	7.0603957	3.0311437	13.346886
chr5	146965000	146970000	chr5	147185000	147190000	0,0,0	7.6314816	0.99977744	3.0482929	4.7359095	5.524852	4.201398	1.9755034	8.411095
chr5	135455000	135460000	chr5	135830000	135835000	0,0,0	8.826459	1.0	3.3238366	3.6004825	3.9848108	2.7384436	1.368649	5.9388723
chr5	71790000	71795000	chr5	72265000	72270000	0,0,0	5.691743	1.0	2.6468403	2.688924	2.7631106	2.5238674	1.6593935	4.914022
chr5	103805000	103810000	chr5	104175000	104180000	0,0,0	6.2755675	0.9996904	3.464469	2.6382403	4.3369226	5.735979	1.4465281	8.081082
chr5	113615000	113620000	chr5	114445000	114450000	0,0,0	5.6263967	0.99778605	2.52433	3.42046	3.556473	3.0732057	1.8402983	6.1136146
chr5	1760000	1765000	chr5	2015000	2020000	0,0,0	6.1262226	0.9982351	2.8065739	3.4836597	3.626391	3.2437315	1.647791	6.340318
chr5	115630000	115635000	chr5	116065000	116070000	0,0,0	11.644389	1.0	5.7597256	4.2056026	6.2376685	6.8241596	2.1012843	10.562473
chr5	149315000	149320000	chr5	149560000	149565000	0,0,0	5.2499924	0.9973433	2.7790885	1.8123152	3.4556453	4.320338	1.2849809	5.931285
chr5	135560000	135565000	chr5	135825000	135830000	0,0,0	8.842151	0.99987316	3.9927802	3.9388936	5.7202005	5.472201	1.941795	8.97344
chr5	149635000	149640000	chr5	149990000	149995000	0,0,0	6.770104	0.99925303	3.299434	3.1118557	4.2115426	4.434153	1.4180222	7.2002473
chr5	65100000	65105000	chr5	65480000	65485000	0,0,0	5.903789	0.9996752	3.076442	2.74014	4.6410265	5.5974603	1.715588	8.033141
chr5	82640000	82645000	chr5	83560000	83565000	0,0,0	7.215474	0.99986476	3.1397972	4.5625978	5.581792	4.8535514	1.8029435	8.909194
chr5	57500000	57505000	chr5	57765000	57770000	0,0,0	4.810911	0.99413824	2.100606	2.9697607	3.0395172	2.5000558	1.0409513	5.139843
chr5	145695000	145700000	chr5	145885000	145890000	0,0,0	6.8675666	1.0	2.7048793	2.8178813	3.2580273	2.4229121	1.0739295	4.9276958
chr5	98905000	98910000	chr5	99030000	99035000	0,0,0	10.591056	0.9999844	4.1965065	5.060391	7.909763	6.5683184	2.0891294	11.066443
chr5	34520000	34525000	chr5	34895000	34900000	0,0,0	14.963192	1.0	4.8271174	13.711407	16.403782	9.78737	5.49435	21.975286
chr5	167720000	167725000	chr5	168215000	168220000	0,0,0	5.7952414	1.0	3.0662704	1.5826066	2.4456549	2.9926002	0.6003198	4.3993616
chr5	95640000	95645000	chr5	95845000	95850000	0,0,0	16.745392	0.99999994	5.122608	11.23254	12.911903	7.0998416	3.806364	17.084322
chr5	151525000	151530000	chr5	151650000	151655000	0,0,0	4.2359133	0.98944986	2.2992535	1.6957686	2.404012	3.044736	0.9971532	4.552086
chr5	149635000	149640000	chr5	149825000	149830000	0,0,0	12.51208	0.9999997	4.216341	8.821861	11.158562	7.1873026	3.3542457	15.028957
chr5	39575000	39580000	chr5	40730000	40735000	0,0,0	5.6254563	0.9999154	2.2424405	4.803119	6.411111	5.1092305	2.083658	9.37867
chr5	142150000	142155000	chr5	142545000	142550000	0,0,0	12.315503	1.0	5.1136036	8.450106	12.252843	10.522577	3.7960465	18.033783
chr5	128210000	128215000	chr5	128495000	128500000	0,0,0	10.181627	1.0	4.2691903	4.130128	6.6777472	5.9644413	2.02109	9.635666
chr5	132415000	132420000	chr5	132495000	132500000	0,0,0	4.48249	1.0	2.8683891	1.2946241	1.7710116	3.147388	0.7120236	4.298165
chr5	88135000	88140000	chr5	88675000	88680000	0,0,0	7.25197	0.9997732	3.850661	3.1625404	4.568967	5.581169	1.8707147	8.392316
chr5	135890000	135895000	chr5	136080000	136085000	0,0,0	5.1128645	0.99903464	2.681274	2.6215982	3.8490899	4.6134424	1.2113438	6.943752
chr5	138035000	138040000	chr5	138135000	138140000	0,0,0	4.173985	1.0	2.2253041	1.4101228	1.8552651	2.2563834	0.73322695	3.509826
chr5	151445000	151450000	chr5	151650000	151655000	0,0,0	9.860366	0.99997646	3.1205328	6.8296227	7.968919	4.588027	2.397898	10.658803
chr5	81425000	81430000	chr5	82225000	82230000	0,0,0	7.6703887	0.9999933	2.9683995	5.3574896	8.73776	7.157036	2.7007775	11.919249
chr5	140865000	140870000	chr5	141040000	141045000	0,0,0	7.586705	0.9999852	4.018937	4.6441455	5.850681	6.994436	2.0619342	11.122565
chr5	39580000	39585000	chr5	40685000	40690000	0,0,0	7.747683	0.99999774	3.525252	6.799388	7.672159	6.958082	3.1695113	13.001983
chr5	84085000	84090000	chr5	85050000	85055000	0,0,0	4.3570786	0.99696374	2.2142332	2.0541553	3.4281795	3.9718044	1.2378105	5.79772
chr5	150130000	150135000	chr5	150435000	150440000	0,0,0	6.4523973	1.0	3.3785064	2.293736	3.4412794	4.1249447	1.5408392	6.1638207
chr5	154650000	154655000	chr5	154865000	154870000	0,0,0	5.9179378	1.0	2.2548914	3.429883	3.8762202	2.7323086	1.2730707	5.7810936
chr5	57885000	57890000	chr5	58460000	58465000	0,0,0	6.1994195	0.9999168	2.5198245	4.69016	6.36829	5.226409	2.0394728	9.39544
chr5	34520000	34525000	chr5	34995000	35000000	0,0,0	4.556794	0.9952767	2.2916982	2.567656	2.8759665	3.0734441	1.4142926	5.355805
chr5	177115000	177120000	chr5	177300000	177305000	0,0,0	5.6726823	0.99942774	2.2898366	4.2605004	4.8270745	3.6795855	1.6420492	7.4666967
chr5	16485000	16490000	chr5	17200000	17205000	0,0,0	12.692301	0.99999785	4.48015	8.515601	8.950669	5.4957733	2.9115098	13.065197
chr5	88725000	88730000	chr5	89730000	89735000	0,0,0	16.316034	1.0	4.934041	7.0357165	9.339177	5.5415506	3.1096652	11.795521
chr5	14695000	14700000	chr5	15010000	15015000	0,0,0	7.0039873	0.99922603	3.8606763	3.1581576	3.445063	4.357481	1.2740481	7.1647315
chr5	35230000	35235000	chr5	35925000	35930000	0,0,0	5.6077843	0.99794835	2.9524581	2.0836275	3.5376997	4.337631	1.4021024	6.1897445
chr5	131165000	131170000	chr5	131380000	131385000	0,0,0	4.2020187	0.99394226	2.2851624	1.5860496	2.8470716	3.697124	1.1730505	5.106946
chr5	139785000	139790000	chr5	140145000	140150000	0,0,0	7.3370466	1.0	3.2731395	2.883587	3.1959376	2.795556	1.2755989	5.358744
chr5	87065000	87070000	chr5	87400000	87405000	0,0,0	4.327865	0.98744464	2.3178573	1.9236807	2.2152221	2.668121	1.1596339	4.3780594
chr5	157340000	157345000	chr5	157475000	157480000	0,0,0	6.8801594	1.0	3.5042617	2.8017156	3.4670868	3.859018	1.1551408	6.349432
chr5	50960000	50965000	chr5	51375000	51380000	0,0,0	6.4340057	0.9994292	2.3754215	3.9909549	5.3664527	3.9217615	1.6349015	7.4692764
chr5	171415000	171420000	chr5	171905000	171910000	0,0,0	11.158074	0.99998957	2.7796981	7.8357673	9.541659	4.5068874	2.9754953	11.472014
chr5	64810000	64815000	chr5	65480000	65485000	0,0,0	6.724193	0.99986714	3.2312434	4.03726	5.2272234	5.338567	1.457167	8.927242
chr5	34475000	34480000	chr5	35000000	35005000	0,0,0	6.0497084	0.9980308	2.9214919	2.6375878	3.715319	3.88623	1.2724499	6.2307525
chr5	39595000	39600000	chr5	39690000	39695000	0,0,0	3.9909492	1.0	2.3749318	1.0117741	1.7315569	2.6370535	0.47379816	3.5364082
chr5	73215000	73220000	chr5	73435000	73440000	0,0,0	6.0983696	0.9998188	2.9502182	4.2463555	4.827149	4.84221	1.7903944	8.616748
chr5	80680000	80685000	chr5	81190000	81195000	0,0,0	6.5162015	0.99994093	2.7787464	5.0810375	6.186864	5.221808	1.9637512	9.738286
chr5	36410000	36415000	chr5	36690000	36695000	0,0,0	13.225646	0.99999946	5.2074847	7.169643	10.055439	8.026395	3.6073215	14.399411
chr5	132385000	132390000	chr5	132500000	132505000	0,0,0	6.893937	0.99932235	2.8250394	3.5719373	4.9440265	4.1226315	1.9807618	7.2976866
chr5	35775000	35780000	chr5	35925000	35930000	0,0,0	5.7592106	0.9979733	2.431077	2.9823718	4.1088223	3.5509894	1.1542616	6.201987
chr5	55340000	55345000	chr5	55690000	55695000	0,0,0	10.323867	0.99999994	4.2443604	9.816402	10.505095	8.025647	4.431918	16.751339
chr5	55715000	55720000	chr5	56200000	56205000	0,0,0	9.9378	1.0	3.500224	4.4228153	4.8078284	3.003469	1.5542283	6.93486
chr5	127755000	127760000	chr5	128080000	128085000	0,0,0	5.146901	0.9986001	2.0936553	3.2835083	4.449922	3.653375	1.7159704	6.572049
chr5	176235000	176240000	chr5	177670000	177675000	0,0,0	95.0257	1.0	22.519243	39.31911	50.123463	23.58178	15.69847	58.5321
chr5	136365000	136370000	chr5	136770000	136775000	0,0,0	5.991756	0.99984306	2.9634025	3.1434505	5.346718	5.9664626	1.9339955	8.760641
chr5	167725000	167730000	chr5	168045000	168050000	0,0,0	5.15813	0.99625516	2.425956	2.0561755	3.5966654	3.7602382	1.1059766	5.5879498
chr5	141690000	141695000	chr5	141960000	141965000	0,0,0	8.657572	0.99998033	4.1505065	4.098086	6.7671375	7.195595	1.7603662	10.838338
chr5	126350000	126355000	chr5	126540000	126545000	0,0,0	12.366284	0.9999997	4.7471843	7.9323883	10.459691	7.934032	3.5160213	14.985044
chr5	147460000	147465000	chr5	147580000	147585000	0,0,0	6.5505548	0.99880695	3.4604099	2.3828068	3.7706363	4.613876	1.3147798	6.731927
chr5	168260000	168265000	chr5	168665000	168670000	0,0,0	5.4320335	1.0	2.6853154	1.820434	1.9944162	2.0582097	0.630086	3.6763732
chr5	73080000	73085000	chr5	73540000	73545000	0,0,0	4.287788	0.98720264	2.3877757	1.9462087	2.0449493	2.6290064	1.0796732	4.3589697
chr5	141990000	141995000	chr5	142140000	142145000	0,0,0	8.955196	1.0	4.6236935	2.5367892	4.6740837	5.6080008	1.4378194	7.8629246
chr5	152530000	152535000	chr5	153965000	153970000	0,0,0	12.877054	0.9999995	5.0200696	7.182818	10.233533	8.116468	4.309173	14.501196
chr5	137775000	137780000	chr5	138065000	138070000	0,0,0	6.668648	0.9998021	2.351673	5.354623	5.9492335	3.7688837	2.0842597	8.528548
chr5	149380000	149385000	chr5	149565000	149570000	0,0,0	8.723822	0.9999952	4.275945	4.5334764	7.4818707	8.207291	2.213938	12.237047
chr5	108640000	108645000	chr5	109470000	109475000	0,0,0	6.5810223	0.9999607	2.7279472	4.6709557	6.9459357	5.9936924	2.9615314	10.145653
chr5	180785000	180790000	chr5	181160000	181165000	0,0,0	6.2136865	1.0	3.5218098	1.7812898	3.0725229	4.2714915	1.1000344	5.8548603
chr5	126655000	126660000	chr5	127310000	127315000	0,0,0	10.215815	0.9999876	3.8726308	6.08858	7.9175186	5.8866134	2.5647295	11.298684
chr5	177110000	177115000	chr5	177390000	177395000	0,0,0	8.207605	1.0	3.6083682	3.0922132	4.3415136	3.9757185	1.6844763	6.724352
chr5	32225000	32230000	chr5	32610000	32615000	0,0,0	6.901587	1.0	2.5196707	3.7822425	3.8414762	2.4165223	1.8287454	5.778516
chr5	56900000	56905000	chr5	57275000	57280000	0,0,0	6.8884726	0.99973345	3.1282332	3.910292	5.0651174	4.7549615	1.9412467	8.230777
chr5	150560000	150565000	chr5	150655000	150660000	0,0,0	10.414223	0.9999761	3.9501417	4.909079	7.867404	6.279314	1.8592778	10.64294
chr5	79025000	79030000	chr5	79130000	79135000	0,0,0	5.587583	1.0	2.7129598	2.3361228	2.910677	2.997428	1.0346422	5.073982
chr5	159515000	159520000	chr5	159985000	159990000	0,0,0	7.048993	0.99998325	2.7740326	6.017923	7.412765	5.648758	2.290503	10.998023
chr5	39370000	39375000	chr5	39545000	39550000	0,0,0	10.345298	1.0	4.091963	4.622216	5.7532315	4.4298344	1.8660046	8.538471
chr5	177950000	177955000	chr5	179515000	179520000	0,0,0	235.63657	1.0	33.96379	48.37637	61.884415	21.362387	23.858091	64.3636
chr5	115305000	115310000	chr5	115575000	115580000	0,0,0	11.758305	0.99999994	5.910733	5.809357	10.3855095	11.93944	3.4773078	17.103313
chr5	90440000	90445000	chr5	90600000	90605000	0,0,0	4.2653704	1.0	2.6857038	0.9352157	1.9188684	3.2927897	0.5892307	4.1240926
chr5	130105000	130110000	chr5	131110000	131115000	0,0,0	7.6348863	0.99995875	3.3353798	5.4830317	6.1428947	5.223198	2.1364818	10.097004
chr5	135460000	135465000	chr5	135550000	135555000	0,0,0	8.933509	1.0	4.1176567	3.2605293	4.9619193	4.928082	1.2105829	7.8263307
chr5	176415000	176420000	chr5	176535000	176540000	0,0,0	4.543526	0.99586314	2.0838199	1.9703403	3.6573603	3.73697	0.84986895	5.4883833
chr5	126675000	126680000	chr5	126775000	126780000	0,0,0	5.854781	1.0	2.7128105	2.2548313	3.481474	3.4921875	1.3840438	5.496482
chr5	149140000	149145000	chr5	149265000	149270000	0,0,0	5.424559	1.0	2.4837837	2.3006258	3.0894544	2.9602363	1.3454204	5.0052366
chr5	36735000	36740000	chr5	36870000	36875000	0,0,0	9.3750725	1.0	4.486754	2.9100487	5.322956	5.7327538	1.6032553	8.319464
chr5	134040000	134045000	chr5	134140000	134145000	0,0,0	7.139749	1.0	3.1530426	2.6819165	4.19857	3.96531	1.1859355	6.3492355
chr5	149310000	149315000	chr5	149430000	149435000	0,0,0	4.706697	1.0	2.3155828	1.5907868	2.2499514	2.4224422	0.9787196	3.836475
chr5	178075000	178080000	chr5	178145000	178150000	0,0,0	6.5730395	1.0	3.1866024	2.6297398	3.7789702	3.9901912	1.334729	6.3277373
chr5	103230000	103235000	chr5	103475000	103480000	0,0,0	11.508076	0.9999947	4.6699805	5.179962	8.687256	7.542062	2.2987106	12.146473
chr5	59505000	59510000	chr5	59670000	59675000	0,0,0	9.640141	0.999995	4.0536747	5.411297	8.341429	7.390347	2.1541495	12.200388
chr5	54245000	54250000	chr5	54865000	54870000	0,0,0	7.6689906	1.0	3.171035	3.0907197	3.3536735	2.5985026	1.5436932	5.345809
chr5	16790000	16795000	chr5	17185000	17190000	0,0,0	8.431734	0.9999956	4.1231613	5.071486	7.314103	7.8285413	2.803305	12.336529
chr5	58495000	58500000	chr5	58810000	58815000	0,0,0	6.7848206	0.999629	3.3203235	3.9451756	4.3305955	4.393377	1.5794253	7.9002
chr5	54515000	54520000	chr5	54840000	54845000	0,0,0	9.997911	0.9999994	3.9263523	6.394861	10.412232	8.658559	3.2439415	14.34288
chr5	36725000	36730000	chr5	37005000	37010000	0,0,0	7.956803	1.0	3.238017	3.346082	4.3527594	3.5285444	1.6042055	6.502839
chr5	54240000	54245000	chr5	54485000	54490000	0,0,0	6.612797	1.0	3.215159	2.8332102	3.6346188	3.7735324	1.5074232	6.2919416
chr5	150160000	150165000	chr5	150430000	150435000	0,0,0	6.1971383	0.99813163	2.9093516	2.4780128	3.969606	4.0806484	1.6560228	6.283326
chr5	5490000	5495000	chr5	6575000	6580000	0,0,0	6.3370214	0.9990787	2.7032905	3.6533198	4.436474	3.7430372	1.7849987	6.9904327
chr5	159570000	159575000	chr5	159980000	159985000	0,0,0	4.340684	0.995764	2.1677184	2.6464689	2.9512272	3.112288	1.4631863	5.464705
chr5	39715000	39720000	chr5	40730000	40735000	0,0,0	5.0517044	0.9998985	2.1432354	5.220994	5.662457	4.555437	1.9632269	9.196321
chr5	174605000	174610000	chr5	174720000	174725000	0,0,0	4.00796	0.99340695	2.5910766	1.1533674	2.1974664	3.9970436	0.72341704	5.022259
chr5	90435000	90440000	chr5	90780000	90785000	0,0,0	12.114976	1.0	4.442909	5.020399	5.747145	3.882504	2.0444345	8.34508
chr5	34240000	34245000	chr5	34450000	34455000	0,0,0	7.1582546	0.9994586	2.9657483	4.1710396	4.7983046	3.814579	1.6288788	7.52217
chr5	41860000	41865000	chr5	42765000	42770000	0,0,0	8.351349	1.0	3.0613246	4.936209	5.7366514	3.9020686	1.777498	8.28981
chr5	66810000	66815000	chr5	67210000	67215000	0,0,0	5.959491	1.0	2.7099128	2.2346203	3.8993506	3.9017944	1.2987994	5.8881235
chr5	145905000	145910000	chr5	146045000	146050000	0,0,0	8.39385	0.9999047	2.9013863	5.4271812	6.753563	4.4354634	1.9763011	9.2596245
chr5	76600000	76605000	chr5	77015000	77020000	0,0,0	6.8840275	1.0	2.6341746	3.6899374	4.703881	3.509178	1.5421276	6.7891226
chr5	176660000	176665000	chr5	176955000	176960000	0,0,0	5.6016035	0.99695516	2.7535686	2.312972	3.4471316	3.7389297	1.5318456	5.7949047
chr5	670000	675000	chr5	900000	905000	0,0,0	5.528266	0.99911225	2.2356837	3.7530296	4.663369	3.6914968	1.4629399	7.027523
chr5	41855000	41860000	chr5	42055000	42060000	0,0,0	7.2782693	1.0	3.3067203	2.5453868	3.6822824	3.548954	1.2296398	5.81152
chr5	134910000	134915000	chr5	135190000	135195000	0,0,0	7.2764063	0.9994275	3.2974725	3.5666656	4.595957	4.295881	1.9481177	7.4662504
chr5	134185000	134190000	chr5	134285000	134290000	0,0,0	14.924475	1.0	5.8070188	6.6757116	8.988119	6.9790177	3.0879133	12.912984
chr5	32705000	32710000	chr5	33420000	33425000	0,0,0	6.3683925	0.99880946	3.0411425	2.9702075	4.01223	4.093867	1.5755332	6.734051
chr5	18465000	18470000	chr5	18695000	18700000	0,0,0	6.4670725	1.0	2.227687	3.865285	4.664554	3.0050554	1.7889521	6.4408646
chr5	62220000	62225000	chr5	62355000	62360000	0,0,0	8.029019	1.0	3.7989461	3.4035988	4.5267167	4.540804	2.1121013	7.5662246
chr5	36410000	36415000	chr5	36505000	36510000	0,0,0	9.3105135	0.9999198	3.4622397	4.622382	6.9458213	5.323063	2.399435	9.431848
chr5	66815000	66820000	chr5	67150000	67155000	0,0,0	5.3714576	0.99713683	2.4452424	2.7445326	3.6127524	3.4168408	1.6686596	5.8564253
chr5	128905000	128910000	chr5	129765000	129770000	0,0,0	6.730989	1.0	3.3140125	2.5009718	3.1869044	3.3711984	1.3087476	5.5942845
chr5	72135000	72140000	chr5	72270000	72275000	0,0,0	5.8178687	0.99905527	2.824628	2.8639297	4.167385	4.4195857	1.2438779	6.965301
chr5	43725000	43730000	chr5	44770000	44775000	0,0,0	6.973038	0.9997594	2.6672873	4.350852	5.86466	4.465814	2.5628736	8.333238
chr5	160020000	160025000	chr5	160345000	160350000	0,0,0	7.1215024	0.99996465	3.07984	4.4341154	6.873557	6.3100023	2.1029568	10.251438
chr5	66305000	66310000	chr5	66755000	66760000	0,0,0	8.919577	0.9999977	3.8932312	5.867992	8.491722	7.7604413	2.2634308	12.976435
chr5	140240000	140245000	chr5	140355000	140360000	0,0,0	10.559233	0.9999847	4.6711845	4.887162	7.216274	6.7427926	2.402387	11.086937
chr5	91100000	91105000	chr5	91415000	91420000	0,0,0	5.4790163	0.99741685	2.9412181	2.4024875	3.11171	3.8238242	1.0668608	5.9593687
chr5	99530000	99535000	chr5	100380000	100385000	0,0,0	37.393566	1.0	7.4719243	16.900084	18.174206	6.2722697	5.9034486	21.294565
chr5	147855000	147860000	chr5	147935000	147940000	0,0,0	7.8098116	1.0	2.6774287	4.179033	5.0450335	3.2334366	1.4728962	6.948132
chr5	87425000	87430000	chr5	88690000	88695000	0,0,0	12.0479145	1.0	5.4121304	4.141867	4.547627	4.008992	2.1091585	7.6906514
chr5	7260000	7265000	chr5	7745000	7750000	0,0,0	7.118102	0.9998968	3.0956955	3.8292093	6.191211	5.776517	2.3482733	9.180259
chr5	127575000	127580000	chr5	128835000	128840000	0,0,0	4.852223	0.99544907	2.1204116	3.1190133	3.1846483	2.620525	1.4502776	5.392981
chr5	76865000	76870000	chr5	77010000	77015000	0,0,0	9.246888	1.0	3.133303	4.8791933	5.837642	3.6753855	2.262177	8.012446
chr5	122195000	122200000	chr5	122490000	122495000	0,0,0	9.781574	0.99998313	4.1579366	5.0256424	7.36001	6.523153	2.2357855	10.990391
chr5	75730000	75735000	chr5	76255000	76260000	0,0,0	6.713567	0.9994416	3.2346358	2.6480346	4.741447	5.1373944	1.8111165	7.491203
chr5	171415000	171420000	chr5	171605000	171610000	0,0,0	5.0740643	1.0	2.5604646	1.9435328	2.7056243	3.0233557	1.1843157	4.7509403
chr5	163695000	163700000	chr5	164500000	164505000	0,0,0	5.508431	0.99964404	2.6931262	3.3640885	4.6598396	4.951166	1.6393154	7.941467
chr5	42775000	42780000	chr5	42885000	42890000	0,0,0	4.326621	1.0	2.2785814	1.5127506	1.5937233	1.8327675	0.7129506	3.1774347
chr5	142925000	142930000	chr5	143830000	143835000	0,0,0	6.4388685	0.9994944	2.967695	4.1227145	4.332431	3.9258842	1.583186	7.5905194
chr5	112995000	113000000	chr5	113605000	113610000	0,0,0	6.3810754	0.99885225	3.6016707	2.5225062	3.3466983	4.528417	1.6316761	6.770644
chr5	10690000	10695000	chr5	11185000	11190000	0,0,0	5.95232	1.0	3.0294044	1.803796	2.6175833	2.9836242	0.9273081	4.5869985
chr5	90805000	90810000	chr5	91420000	91425000	0,0,0	4.7667227	0.9961442	2.3143396	2.7593715	3.0888495	3.1059697	1.6287955	5.5587444
chr5	41725000	41730000	chr5	41835000	41840000	0,0,0	4.400928	1.0	2.0824347	1.8383291	2.0313084	1.950276	0.88494825	3.5843465
chr5	79555000	79560000	chr5	79855000	79860000	0,0,0	7.8479753	0.9998807	3.0156865	5.142587	6.1207857	4.463399	2.1790862	9.034588
chr5	135945000	135950000	chr5	136060000	136065000	0,0,0	8.281742	0.9999853	3.079659	5.973707	7.933569	5.8166723	2.1566737	11.126635
chr5	57305000	57310000	chr5	57430000	57435000	0,0,0	4.8013554	1.0	2.7039835	1.3158354	1.9943297	2.716186	0.69042575	3.8858178
chr5	163565000	163570000	chr5	164420000	164425000	0,0,0	4.1846485	0.99632823	2.166531	2.105328	3.172942	3.7362552	1.082375	5.607658
chr5	163570000	163575000	chr5	164010000	164015000	0,0,0	6.053516	0.9976695	3.02541	2.6428509	3.4168527	3.7130966	1.3549554	6.062297
chr5	77560000	77565000	chr5	78005000	78010000	0,0,0	8.283739	0.9999951	3.1459053	6.9747953	8.36665	6.0320563	2.5662005	12.231874
chr5	57650000	57655000	chr5	58460000	58465000	0,0,0	4.218593	0.9971256	2.3356175	1.8534484	3.1549711	4.2050185	1.2265306	5.852528
chr5	147220000	147225000	chr5	147575000	147580000	0,0,0	8.68645	1.0	3.6858256	3.9201968	4.9209447	4.16522	1.8904228	7.649839
chr5	57300000	57305000	chr5	57495000	57500000	0,0,0	6.9710836	1.0	3.054083	3.084072	4.2669864	3.8751233	1.62314	6.6165204
chr5	174040000	174045000	chr5	174310000	174315000	0,0,0	11.819168	0.9999974	5.921154	4.3008723	7.8638964	9.020493	2.745675	12.84349
chr5	174415000	174420000	chr5	174735000	174740000	0,0,0	10.886879	0.99999994	4.4727573	7.878669	11.520347	9.790452	3.463329	16.793713
chr5	57500000	57505000	chr5	58460000	58465000	0,0,0	11.905749	0.9999991	4.3097153	6.5628552	10.614016	8.10505	2.98186	13.938699
chr5	55405000	55410000	chr5	55690000	55695000	0,0,0	5.924291	0.99987745	2.7808306	3.7772539	5.579477	5.65024	1.8342342	9.007799
chr5	710000	715000	chr5	795000	800000	0,0,0	20.535576	1.0	3.5960329	29.398981	30.25235	8.744053	9.995794	34.87648
chr5	172975000	172980000	chr5	173140000	173145000	0,0,0	4.901578	1.0	2.2415183	2.340002	2.820809	2.626363	1.2739005	4.706365
chr5	40900000	40905000	chr5	41635000	41640000	0,0,0	4.985458	0.99908346	2.5854406	2.3661394	4.0789933	4.8923936	1.493293	6.995629
chr5	55180000	55185000	chr5	55315000	55320000	0,0,0	4.6393123	1.0	2.3834128	1.8569381	1.984598	2.183497	0.89189714	3.8341086
chr5	142610000	142615000	chr5	142695000	142700000	0,0,0	7.811383	1.0	3.4876072	3.335534	4.225967	3.8496008	1.326687	6.8145204
chr5	133110000	133115000	chr5	133455000	133460000	0,0,0	9.361206	0.99999315	3.2539814	6.7423873	8.753117	5.9006853	3.0734787	11.893918
chr5	55170000	55175000	chr5	55690000	55695000	0,0,0	9.331662	0.99993205	3.98161	5.6402426	5.778069	4.584612	2.5367634	9.598161
chr5	33435000	33440000	chr5	33930000	33935000	0,0,0	12.471417	0.99999946	3.5955086	9.294362	11.380065	6.150928	3.719485	14.412583
chr5	168270000	168275000	chr5	168425000	168430000	0,0,0	4.516139	0.9921945	2.660709	1.6121106	2.309575	3.420442	0.8331971	4.8534293
chr5	74035000	74040000	chr5	74390000	74395000	0,0,0	5.0194654	0.9992021	2.2784967	3.5994477	4.287421	3.934719	1.4788386	7.134228
chr5	134300000	134305000	chr5	134585000	134590000	0,0,0	12.539765	0.99999994	4.0338817	10.785564	12.547136	7.33946	4.179626	16.926628
chr5	14000000	14005000	chr5	14195000	14200000	0,0,0	3.9725463	1.0	2.1172588	1.8264985	1.8988695	2.2300875	1.2419014	3.8536415
chr5	130105000	130110000	chr5	130715000	130720000	0,0,0	5.5186815	0.99963856	2.4779463	2.9813128	5.3332314	5.27621	1.6340176	7.9262657
chr5	142915000	142920000	chr5	143970000	143975000	0,0,0	7.24449	1.0	3.435937	3.3949847	3.9010212	3.7977796	2.0418859	6.8155437
chr5	17255000	17260000	chr5	17505000	17510000	0,0,0	6.5138664	1.0	3.7997131	1.137098	1.5504743	2.2440152	0.7143141	3.2547688
chr5	142745000	142750000	chr5	142880000	142885000	0,0,0	10.3866825	1.0	5.9965563	2.4069147	5.285169	7.6855206	1.5242645	9.825001
chr5	127755000	127760000	chr5	127875000	127880000	0,0,0	5.239742	1.0	2.7846262	2.006839	2.7851422	3.3909273	1.080483	5.174784
chr5	147625000	147630000	chr5	147820000	147825000	0,0,0	12.824813	1.0	5.2730618	5.545722	8.511956	7.3357596	2.0311522	12.26529
chr5	140365000	140370000	chr5	140720000	140725000	0,0,0	8.743079	1.0	4.778653	3.7173	3.791442	4.670529	1.6469951	7.974796
chr5	126655000	126660000	chr5	127495000	127500000	0,0,0	6.7782664	1.0	3.3969495	3.094763	3.7224164	4.010034	1.3123056	6.7609344
chr5	63400000	63405000	chr5	63960000	63965000	0,0,0	4.360654	0.9941548	2.2109215	2.4049935	2.7588365	3.004897	1.3052696	5.142669
chr5	149140000	149145000	chr5	149225000	149230000	0,0,0	4.1868424	0.9894025	2.4679012	1.4483591	2.1930962	3.260178	0.89921707	4.5476084
chr5	51370000	51375000	chr5	51960000	51965000	0,0,0	4.204791	0.999635	2.4039512	3.162761	3.7162373	5.1050987	1.903657	7.916442
chr5	148740000	148745000	chr5	148995000	149000000	0,0,0	8.265026	0.9999617	3.7567384	4.244849	6.5457296	6.397227	2.0197031	10.170426
chr5	64230000	64235000	chr5	64610000	64615000	0,0,0	5.6314354	0.99847555	2.6244953	2.6782274	4.072862	4.1061473	1.3098776	6.4867945
chr5	178280000	178285000	chr5	178550000	178555000	0,0,0	11.838529	0.99999505	4.8018026	5.9371142	8.381556	6.9435806	2.4979777	12.221015
chr5	96615000	96620000	chr5	97160000	97165000	0,0,0	8.815707	1.0	3.5941167	4.270273	5.853379	4.835983	1.9861354	8.631782
chr5	91100000	91105000	chr5	91220000	91225000	0,0,0	4.722248	0.9923853	2.2887237	2.3383949	2.7587457	2.7996123	1.0468642	4.8781853
chr5	290000	295000	chr5	1610000	1615000	0,0,0	95.77755	1.0	17.14622	36.49635	44.284786	16.306831	15.582307	48.74803
chr5	64635000	64640000	chr5	64785000	64790000	0,0,0	8.76863	1.0	4.022452	3.804861	5.039914	4.8265905	2.2198126	8.20869
chr5	115630000	115635000	chr5	115830000	115835000	0,0,0	8.583295	1.0	4.0688586	2.9675155	5.3080196	5.6266565	1.5672001	8.264448
chr5	175725000	175730000	chr5	175900000	175905000	0,0,0	6.290324	1.0	2.8008835	2.1591804	4.096447	4.0523815	1.0033897	5.9716535
chr5	113675000	113680000	chr5	114455000	114460000	0,0,0	5.5491223	0.999723	2.7151082	3.6524844	4.711179	4.9457016	1.889597	8.192354
chr5	79020000	79025000	chr5	79470000	79475000	0,0,0	5.956267	0.9977469	2.6383271	3.2462766	3.6828277	3.2104938	1.482887	6.0960727
chr5	164010000	164015000	chr5	164475000	164480000	0,0,0	4.1626787	0.99960154	2.489971	2.830009	3.5003812	5.3131504	1.3209332	7.8287144
chr5	174520000	174525000	chr5	174735000	174740000	0,0,0	4.225452	0.9977175	2.3095725	2.199974	3.2096534	4.1275826	1.4133054	6.083115
chr5	16695000	16700000	chr5	17190000	17195000	0,0,0	5.4411526	0.9992471	2.708173	3.107101	4.0910153	4.4303875	1.4775474	7.192255
chr5	154070000	154075000	chr5	154605000	154610000	0,0,0	5.5440807	0.9965427	2.7073946	2.6248565	3.21885	3.3346531	1.2436615	5.667859
chr5	168985000	168990000	chr5	169195000	169200000	0,0,0	8.818686	0.99998516	2.7521513	6.857668	8.524023	5.024554	2.2271473	11.120258
chr5	80090000	80095000	chr5	80305000	80310000	0,0,0	13.844017	1.0	4.4587436	10.480766	13.130389	8.026699	3.6840808	17.342936
chr5	148730000	148735000	chr5	149110000	149115000	0,0,0	9.126226	0.9999595	4.4857726	4.5193763	5.777438	6.0988393	2.3233128	10.116063
chr5	82350000	82355000	chr5	83560000	83565000	0,0,0	6.8519726	0.99999815	3.270004	5.2960916	8.136542	8.495507	3.1539674	13.203144
chr5	50955000	50960000	chr5	52655000	52660000	0,0,0	8.406804	0.99998057	3.2014623	5.5782847	7.7081494	5.891754	2.113198	10.850229
chr5	13990000	13995000	chr5	14270000	14275000	0,0,0	7.3073797	0.99952203	3.3997953	3.5164738	4.630933	4.5210104	1.6409702	7.6467643
chr5	90930000	90935000	chr5	91415000	91420000	0,0,0	6.380887	0.99924624	3.2272954	3.1700604	3.9682117	4.3733816	1.344652	7.191213
chr5	37410000	37415000	chr5	38190000	38195000	0,0,0	16.696074	1.0	4.937748	10.04324	11.633993	6.2086177	3.6808095	15.1359415
chr5	59505000	59510000	chr5	59800000	59805000	0,0,0	7.6991634	0.9995779	3.0606706	4.389295	5.1205826	3.869364	1.9750794	7.7709594
chr5	57780000	57785000	chr5	58460000	58465000	0,0,0	14.724253	1.0	4.8518605	11.970056	15.565657	9.930787	5.0173373	20.570835
chr5	170100000	170105000	chr5	170215000	170220000	0,0,0	5.096464	1.0	2.5283587	2.1079495	2.8802104	3.1230538	0.881204	4.9967866
chr5	112550000	112555000	chr5	112755000	112760000	0,0,0	8.894303	0.9998927	3.2632267	4.8933086	6.595769	4.791216	1.9032891	9.140823
chr5	146540000	146545000	chr5	146965000	146970000	0,0,0	10.507281	1.0	5.432675	6.438035	10.092591	11.917299	2.9968662	17.639997
chr5	148180000	148185000	chr5	148725000	148730000	0,0,0	10.120597	1.0	4.7268853	4.235767	5.961725	5.9374866	2.004417	9.702613
chr5	41265000	41270000	chr5	41840000	41845000	0,0,0	6.0821004	1.0	2.8331501	2.0972974	3.0798373	3.0820456	1.0557959	4.94631
chr5	8755000	8760000	chr5	9205000	9210000	0,0,0	7.648237	1.0	2.642742	3.7394943	4.675632	3.0767288	1.331043	6.400724
chr5	113615000	113620000	chr5	115065000	115070000	0,0,0	6.80568	0.99895203	2.7033687	4.108284	4.408404	3.20981	1.9857416	6.8616176
chr5	170100000	170105000	chr5	170180000	170185000	0,0,0	9.746253	1.0	4.328668	3.0359836	5.5437856	5.4320107	1.7197148	8.130663
chr5	75335000	75340000	chr5	75680000	75685000	0,0,0	5.140601	0.99754804	2.1667883	3.2308416	3.8183699	3.139644	1.3322465	6.011503
chr5	37775000	37780000	chr5	38190000	38195000	0,0,0	7.2591195	0.9993952	3.856392	2.75905	4.048737	4.9588647	1.4132272	7.4113536
chr5	129770000	129775000	chr5	131105000	131110000	0,0,0	11.046861	1.0	4.609601	5.085164	7.0473866	6.01244	2.3963764	10.532586
chr5	154070000	154075000	chr5	154400000	154405000	0,0,0	6.3653793	0.99976397	2.7326915	3.6204166	5.6376777	5.1342115	1.8541455	8.35236
chr5	58495000	58500000	chr5	58850000	58855000	0,0,0	15.336691	1.0	6.3004093	6.796484	8.801097	7.209972	3.2443476	13.251291
chr5	88725000	88730000	chr5	90260000	90265000	0,0,0	9.262271	0.99994224	5.0400944	3.3561707	5.2739224	6.7772193	2.1109424	9.760482
chr5	59390000	59395000	chr5	59800000	59805000	0,0,0	10.7094755	1.0	4.1345067	5.7302547	7.112462	5.30756	3.1275935	10.40112
chr5	82350000	82355000	chr5	83425000	83430000	0,0,0	4.562524	0.9994738	2.3386402	3.0014374	4.2498355	4.882678	1.7021924	7.5506225
chr5	127875000	127880000	chr5	128085000	128090000	0,0,0	4.645603	0.99919546	2.163595	3.3322248	4.28266	4.1640306	1.5437272	7.1260085
chr5	150455000	150460000	chr5	150525000	150530000	0,0,0	6.446238	1.0	3.1840384	2.2191432	3.0322096	3.2653966	1.063785	5.2379684
chr5	57295000	57300000	chr5	57765000	57770000	0,0,0	7.6724663	1.0	3.9667099	3.2040277	4.058789	4.6529226	1.3816311	7.5009475
chr5	161850000	161855000	chr5	163345000	163350000	0,0,0	6.2328243	0.9997118	2.5356677	4.238864	5.4367824	4.384817	2.2521977	8.152697
chr5	113680000	113685000	chr5	114785000	114790000	0,0,0	4.098697	0.99201375	2.4791598	1.3237453	2.320492	3.6538746	0.94350386	4.8305373
chr5	50960000	50965000	chr5	52005000	52010000	0,0,0	11.304812	1.0	4.4711056	8.312954	13.340883	11.135763	3.4943678	18.525057
chr5	16160000	16165000	chr5	16455000	16460000	0,0,0	6.1895795	1.0	2.5612545	3.0410311	3.5203357	2.8003588	1.3623239	5.5034976
chr5	34485000	34490000	chr5	34895000	34900000	0,0,0	15.926711	1.0	5.372558	12.666576	15.354602	9.686768	4.6177835	20.945948
chr5	61050000	61055000	chr5	61660000	61665000	0,0,0	4.4468646	0.9976128	2.136793	2.4281437	3.687131	3.8798997	1.5771327	6.03825
chr5	56265000	56270000	chr5	56900000	56905000	0,0,0	8.641499	0.99999917	2.7716796	8.65177	10.5188055	6.296244	3.2385197	13.986706
chr5	174325000	174330000	chr5	174735000	174740000	0,0,0	10.569533	0.99999964	3.338943	8.937711	11.356376	6.8604946	3.2173686	14.805126
chr5	41270000	41275000	chr5	41640000	41645000	0,0,0	4.0698957	0.9952613	2.4326968	1.6990397	2.5148122	3.8422918	1.0562187	5.3525496
chr5	141410000	141415000	chr5	141560000	141565000	0,0,0	4.757158	0.9962375	3.0185254	1.315723	2.5304992	4.413721	0.924305	5.5832524
chr5	96610000	96615000	chr5	96685000	96690000	0,0,0	7.8270545	1.0	2.9519649	3.5707092	5.530671	4.3434925	1.4641831	7.5174565
chr5	77140000	77145000	chr5	77490000	77495000	0,0,0	5.832608	0.99951965	2.629857	3.3679905	4.8725777	4.6480455	2.0324008	7.641814
chr5	172975000	172980000	chr5	173285000	173290000	0,0,0	9.842657	1.0	3.4107573	5.540383	7.0010223	4.6449866	2.2288363	9.569772
chr5	56265000	56270000	chr5	57130000	57135000	0,0,0	5.4870186	0.99816424	2.9528272	2.7450223	3.1745331	3.8609324	1.6028264	6.3009524
chr5	53165000	53170000	chr5	53430000	53435000	0,0,0	3.9926856	1.0	2.2656705	1.6334355	1.6678475	2.2242594	1.0129428	3.676202
chr5	67245000	67250000	chr5	68250000	68255000	0,0,0	10.267401	0.99997526	5.440931	3.6725755	5.9563446	7.3449917	2.570463	10.609504
chr5	179165000	179170000	chr5	179490000	179495000	0,0,0	12.207116	0.99999833	3.8725116	8.275471	10.062788	5.955079	2.9436667	13.311052
chr5	142160000	142165000	chr5	142695000	142700000	0,0,0	6.654717	1.0	2.4981935	4.0035152	4.2222204	2.8187747	1.4599342	6.3774548
chr5	139420000	139425000	chr5	139510000	139515000	0,0,0	11.070073	0.9999899	4.0683327	5.591096	8.578871	6.5395637	2.0348911	11.509426
chr5	88730000	88735000	chr5	88880000	88885000	0,0,0	5.324191	1.0	3.0160928	1.6583432	2.1660397	2.9477954	0.66360825	4.4218783
chr5	122520000	122525000	chr5	123365000	123370000	0,0,0	6.988067	0.99994546	3.129787	4.2079544	6.36609	6.077756	2.2791975	9.81816
chr5	32705000	32710000	chr5	32915000	32920000	0,0,0	6.239017	0.9989211	2.2706933	4.469477	4.5556316	2.859676	1.5234448	6.8325443
chr5	56270000	56275000	chr5	56835000	56840000	0,0,0	11.825986	1.0	5.2385445	9.7693205	14.1405	13.175091	5.247471	21.85893
chr5	78900000	78905000	chr5	78965000	78970000	0,0,0	5.8627143	1.0	2.8820994	1.8921615	3.6035225	4.045333	1.3584944	5.727254
chr5	137625000	137630000	chr5	137740000	137745000	0,0,0	6.797231	1.0	2.5716338	3.5671444	4.4629216	3.2599347	1.3325179	6.43073
chr5	151445000	151450000	chr5	151740000	151745000	0,0,0	8.932674	1.0	3.4312499	3.9053516	4.928257	3.6790314	1.8558861	7.150455
chr5	54905000	54910000	chr5	55145000	55150000	0,0,0	10.934444	1.0	5.131447	4.2700663	6.4400353	6.5453715	1.9019907	10.340986
chr5	135885000	135890000	chr5	136210000	136215000	0,0,0	8.73179	0.9999955	3.1716692	7.135716	8.684611	5.97181	2.7803257	12.314669
chr5	78465000	78470000	chr5	78965000	78970000	0,0,0	4.1305017	0.9875871	2.2232358	1.4891056	2.4223936	3.0658221	0.7757657	4.3894715
chr5	175535000	175540000	chr5	175700000	175705000	0,0,0	6.6133485	1.0	2.655408	2.8963544	4.096724	3.3550692	1.4661338	5.9296064
chr5	127755000	127760000	chr5	128205000	128210000	0,0,0	4.965923	0.998991	3.0533812	1.7872958	3.2582908	5.3108287	1.6430798	6.899536
chr5	172975000	172980000	chr5	173200000	173205000	0,0,0	4.844442	1.0	2.3626828	2.3574836	2.6735277	2.7170703	1.3914953	4.8126116
chr5	35090000	35095000	chr5	35180000	35185000	0,0,0	7.7333302	0.9995765	3.5534744	3.6012933	4.7595086	4.566674	1.7582283	7.7678237
chr5	87780000	87785000	chr5	88680000	88685000	0,0,0	13.999808	1.0	6.3384466	8.213022	11.603404	11.072109	3.341792	18.372572
chr5	86875000	86880000	chr5	87010000	87015000	0,0,0	5.238379	1.0	2.630347	1.5947855	2.7260358	3.1116953	0.6993337	4.5292826
chr5	77560000	77565000	chr5	78265000	78270000	0,0,0	5.5548544	0.99924845	2.685599	2.7178013	4.447327	4.7782946	1.6736306	7.194118
chr5	113335000	113340000	chr5	113605000	113610000	0,0,0	8.529541	0.9998881	2.9731507	4.655071	6.9338245	4.961033	2.2407343	9.098873
chr5	132065000	132070000	chr5	132130000	132135000	0,0,0	6.027746	1.0	2.3587658	3.4830787	3.9671764	2.9063716	1.2678856	6.0024414
chr5	13975000	13980000	chr5	14645000	14650000	0,0,0	8.752408	0.99995786	3.7917242	5.2174706	6.3142624	5.4379835	1.9051965	10.075735
chr5	96345000	96350000	chr5	96600000	96605000	0,0,0	14.699894	1.0	5.453417	6.1198006	8.789318	6.616297	2.9444447	12.05612
chr5	168265000	168270000	chr5	168480000	168485000	0,0,0	5.032399	0.9942132	2.9591048	1.8303571	2.4017906	3.5257254	1.1633838	5.1527095
chr5	98845000	98850000	chr5	99055000	99060000	0,0,0	4.0992074	1.0	2.6669126	1.0129827	1.623526	3.0010617	0.6767554	3.901491
chr5	73985000	73990000	chr5	74645000	74650000	0,0,0	6.8705454	0.99999803	3.0756772	5.57801	8.545007	8.174593	2.328057	13.132823
chr5	120655000	120660000	chr5	121950000	121955000	0,0,0	9.644028	0.9999908	3.654692	5.422545	8.5436325	6.7784553	2.6187127	11.598495
chr5	174945000	174950000	chr5	175445000	175450000	0,0,0	14.0798435	1.0	6.355945	8.76803	11.887915	11.189872	4.2134943	18.983675
chr5	154070000	154075000	chr5	154180000	154185000	0,0,0	5.9955087	1.0	2.4956148	2.515853	3.7924166	3.3006542	1.3405626	5.5369678
chr5	64960000	64965000	chr5	65480000	65485000	0,0,0	6.3617253	0.99994105	2.24451	6.133875	6.7817745	4.287033	2.142445	9.739367
chr5	39945000	39950000	chr5	40685000	40690000	0,0,0	9.920697	0.9999995	3.6958983	8.574253	10.010152	6.9615536	3.3562539	14.583113
chr5	95885000	95890000	chr5	96335000	96340000	0,0,0	6.0154595	0.9997439	3.1781278	2.9730887	4.608906	5.6279955	1.6840067	8.270741
chr5	36265000	36270000	chr5	36695000	36700000	0,0,0	4.7701926	1.0	3.0126765	1.1216778	2.0633879	3.5614116	0.6255359	4.5584583
chr5	172715000	172720000	chr5	172930000	172935000	0,0,0	14.829315	0.9999999	6.637797	6.747078	10.274778	9.815652	2.9698427	15.813054
chr5	181185000	181190000	chr5	181220000	181225000	0,0,0	4.9700947	1.0	2.0890398	1.9526339	2.6909924	2.3132594	0.86926746	4.048934
chr5	174420000	174425000	chr5	174515000	174520000	0,0,0	4.6816754	0.9953457	2.1769712	2.3780544	3.300409	3.2566974	1.1486299	5.3705235
chr5	72365000	72370000	chr5	72520000	72525000	0,0,0	7.0097556	0.99978244	2.972383	4.453034	5.3635254	4.4756446	1.8821354	8.433897
chr5	55935000	55940000	chr5	56200000	56205000	0,0,0	14.460176	1.0	4.4009886	12.5363245	16.679245	9.968352	4.7083263	21.111752
chr5	17210000	17215000	chr5	18310000	18315000	0,0,0	14.244683	1.0	6.6921606	6.1070843	7.6676426	7.5129504	2.546045	12.94147
chr5	122190000	122195000	chr5	122415000	122420000	0,0,0	8.050366	0.9998292	3.5961752	3.6578937	5.6714535	5.4243717	1.48774	8.675833
chr5	145700000	145705000	chr5	146130000	146135000	0,0,0	4.7840633	0.99383616	2.4480414	2.1969569	2.7846577	3.136737	1.5479105	5.0895877
chr5	164010000	164015000	chr5	164505000	164510000	0,0,0	6.722537	0.99999636	2.9419482	5.81418	8.102057	7.3605795	3.1256788	12.528739
chr5	108520000	108525000	chr5	109480000	109485000	0,0,0	5.318507	0.9992523	2.3206556	3.9883955	4.3463826	3.654032	1.9286932	7.199272
chr5	170745000	170750000	chr5	171340000	171345000	0,0,0	8.212084	0.9998796	2.9499245	5.834916	6.1193056	3.8391364	2.3578746	9.025728
chr5	147950000	147955000	chr5	148120000	148125000	0,0,0	6.9655867	0.9998745	3.2318974	3.7122078	5.6681485	5.6841197	1.4926594	8.98386
chr5	82305000	82310000	chr5	83560000	83565000	0,0,0	7.1445527	0.9999811	3.2603705	5.344059	6.5695605	6.1290536	2.3997276	10.879329
chr5	139630000	139635000	chr5	139765000	139770000	0,0,0	9.942286	1.0	3.6901762	4.503537	6.562359	4.967404	1.5117657	8.970549
chr5	153975000	153980000	chr5	154460000	154465000	0,0,0	5.4245076	0.99638575	2.3859317	2.2884078	3.7776923	3.5893075	1.5680914	5.623448
chr5	152560000	152565000	chr5	153150000	153155000	0,0,0	8.575926	0.9998995	3.7065883	4.7286935	5.803224	5.0029945	2.380379	9.206278
chr5	31925000	31930000	chr5	32075000	32080000	0,0,0	4.734189	0.9968593	2.1022556	2.2490952	3.8823237	3.7647123	1.1746044	5.763909
chr5	315000	320000	chr5	425000	430000	0,0,0	7.7022557	1.0	3.2692971	3.5749953	3.8898215	3.1353972	1.7376672	6.313171
chr5	172705000	172710000	chr5	173280000	173285000	0,0,0	7.418089	1.0	3.4064326	2.7850277	3.3311527	3.1146216	1.1502448	5.590202
chr5	73900000	73905000	chr5	74915000	74920000	0,0,0	4.770864	0.9989149	2.5135894	2.3953974	3.8491983	4.6975574	1.1194658	6.826799
chr5	90605000	90610000	chr5	90785000	90790000	0,0,0	4.096403	1.0	2.3211465	1.2026553	1.944321	2.6903858	0.8718917	3.7594128
chr5	128215000	128220000	chr5	128675000	128680000	0,0,0	5.363732	0.99622357	2.2112381	2.3449183	3.9515123	3.4951828	1.0275329	5.5795546
chr5	136245000	136250000	chr5	136775000	136780000	0,0,0	7.202014	1.0	3.555642	2.0905075	4.0542674	4.5879498	1.1298057	6.446179
chr5	148180000	148185000	chr5	148370000	148375000	0,0,0	5.0519967	0.9961408	2.6811414	2.1322806	3.0092592	3.6625066	1.0455284	5.557867
chr5	151825000	151830000	chr5	152140000	152145000	0,0,0	10.079033	0.9999806	4.0868835	5.124011	7.520211	6.298882	2.3904471	10.8535595
chr5	96750000	96755000	chr5	97155000	97160000	0,0,0	9.456812	1.0	4.8831415	4.4512186	4.485492	4.924194	1.8666817	8.880833
chr5	149835000	149840000	chr5	149990000	149995000	0,0,0	10.634355	0.9999948	4.208587	4.8731704	9.04907	7.8335667	3.0227757	12.165273
chr5	151660000	151665000	chr5	151740000	151745000	0,0,0	11.608113	1.0	4.4265738	5.1769443	7.2404656	5.566158	2.7951195	10.167886
chr5	67160000	67165000	chr5	67205000	67210000	0,0,0	4.8056693	0.99696636	2.295622	1.8786254	3.7929761	4.128712	1.1614034	5.7986016
chr5	68280000	68285000	chr5	69005000	69010000	0,0,0	5.741571	0.9995435	2.7030306	3.6180525	4.5520287	4.476584	1.3786039	7.6926312
chr5	81750000	81755000	chr5	81850000	81855000	0,0,0	7.1808815	0.9998178	2.8661332	4.156412	6.006504	4.916673	1.5316619	8.611261
chr5	141700000	141705000	chr5	141875000	141880000	0,0,0	5.437665	0.9997567	2.515759	4.212478	4.881055	4.5777187	2.0427327	8.322144
chr5	154650000	154655000	chr5	155005000	155010000	0,0,0	6.2261224	1.0	3.5502167	1.6568365	2.411281	3.351526	1.1353518	4.82427
chr5	59190000	59195000	chr5	59375000	59380000	0,0,0	9.911902	0.9999605	5.6343975	3.0573566	5.308401	7.421863	2.1465185	10.139513
chr5	99410000	99415000	chr5	100350000	100355000	0,0,0	111.81234	1.0	14.988547	84.36345	87.85051	21.113644	27.217245	96.10338
chr5	127875000	127880000	chr5	128200000	128205000	0,0,0	4.9436	0.99784184	2.7199302	2.0016882	3.3138962	4.3598623	1.3655889	6.139141
chr5	102575000	102580000	chr5	103030000	103035000	0,0,0	5.0657907	0.9995396	2.2540255	4.375095	4.476671	3.7952054	1.8846799	7.6841784
chr5	113380000	113385000	chr5	113505000	113510000	0,0,0	4.9487667	0.9963937	2.536368	2.0051458	3.2823746	3.8433075	1.1715975	5.625659
chr5	52945000	52950000	chr5	53095000	53100000	0,0,0	14.206315	0.9999999	5.4088774	7.929719	11.671976	9.111834	3.2979562	16.160473
chr5	10450000	10455000	chr5	10625000	10630000	0,0,0	12.313255	0.9999993	3.605912	9.137645	11.080739	6.041108	3.1154327	14.16346
chr5	111545000	111550000	chr5	112145000	112150000	0,0,0	13.257211	1.0	5.8581758	9.194291	13.058754	12.073655	4.4441056	20.246359
chr5	52690000	52695000	chr5	52910000	52915000	0,0,0	4.6253576	1.0	2.58809	1.212515	1.9786261	2.678144	0.6985292	3.7559352
chr5	178275000	178280000	chr5	178730000	178735000	0,0,0	5.2396045	0.995613	2.6454296	2.465681	2.9675891	3.2379463	1.3382258	5.4296627
chr5	174325000	174330000	chr5	174405000	174410000	0,0,0	6.6120567	1.0	2.838009	2.6575449	3.3516798	2.8857768	1.0982447	5.248039
chr5	38440000	38445000	chr5	38810000	38815000	0,0,0	11.945055	1.0	4.2772207	9.769191	12.763067	8.911005	4.104818	17.594728
chr5	68285000	68290000	chr5	68960000	68965000	0,0,0	8.633819	0.99999803	3.7020369	5.7525177	8.860556	8.036758	3.0521345	13.150107
chr5	131420000	131425000	chr5	132005000	132010000	0,0,0	7.761064	0.9999578	2.5224955	6.407665	7.4208403	4.3783493	2.2166784	10.074051
chr5	42910000	42915000	chr5	43005000	43010000	0,0,0	5.2523727	1.0	2.3806756	2.4650624	2.6288095	2.3287973	0.97805	4.519964
chr5	138580000	138585000	chr5	139265000	139270000	0,0,0	6.606715	0.9999483	2.7238114	3.917142	7.106256	6.3892617	2.0792515	9.871166
chr5	80685000	80690000	chr5	81160000	81165000	0,0,0	5.7743125	0.9999545	2.6411166	4.346472	6.304881	6.136289	1.9562231	9.99982
chr5	170225000	170230000	chr5	170420000	170425000	0,0,0	8.1300955	1.0	3.479277	3.4050503	4.4867053	3.8977013	1.4169357	6.9244127
chr5	118985000	118990000	chr5	119410000	119415000	0,0,0	10.991685	0.99999994	3.841661	8.8424225	12.258244	8.550447	2.8837488	16.41038
chr5	90930000	90935000	chr5	91380000	91385000	0,0,0	4.260544	0.9990712	2.241124	2.91681	3.7126815	4.389607	1.973323	6.982327
chr5	175730000	175735000	chr5	175865000	175870000	0,0,0	5.1814256	1.0	2.5907257	2.1599755	2.6904085	2.9061527	1.0897107	4.826131
chr5	95780000	95785000	chr5	95845000	95850000	0,0,0	4.7885275	1.0	2.1958923	2.1151917	2.573815	2.412386	0.94645894	4.2925563
chr5	39945000	39950000	chr5	40735000	40740000	0,0,0	10.286118	0.9999889	3.240075	7.097631	8.66629	5.103564	2.5584517	11.412569
chr5	147220000	147225000	chr5	147365000	147370000	0,0,0	4.110335	1.0	2.2858403	1.3694605	2.0644844	2.746607	0.7725233	3.9639056
chr5	91225000	91230000	chr5	91385000	91390000	0,0,0	11.955595	0.99999934	4.6841908	7.177101	9.97463	7.892668	3.6998327	14.272314
chr5	56260000	56265000	chr5	57275000	57280000	0,0,0	13.96979	1.0	4.394391	7.9598713	9.411033	5.427869	2.822083	12.503309
chr5	57295000	57300000	chr5	58460000	58465000	0,0,0	43.68543	1.0	11.971459	18.569946	25.51216	14.170136	7.3697023	30.676754
chr5	150560000	150565000	chr5	150845000	150850000	0,0,0	8.468388	1.0	3.544557	3.8764558	5.3672194	4.5955257	1.6967124	8.041265
chr5	57300000	57305000	chr5	57640000	57645000	0,0,0	3.995459	1.0	2.5118945	1.1997747	1.7137538	2.921359	0.9236331	3.9878254
chr5	83720000	83725000	chr5	85050000	85055000	0,0,0	6.4295645	0.99969316	3.516888	3.7990365	3.8268766	4.7131176	2.055582	8.090039
chr5	60675000	60680000	chr5	60920000	60925000	0,0,0	4.686949	1.0	2.34414	2.1006103	2.59555	2.8008115	1.0198373	4.6680207
chr5	160020000	160025000	chr5	160390000	160395000	0,0,0	9.920124	0.99999636	3.527861	7.2685056	8.985076	6.072788	2.6147518	12.533682
chr5	17215000	17220000	chr5	18110000	18115000	0,0,0	12.74309	1.0	5.85147	3.4156616	5.9107456	5.979719	1.9417229	9.015863
chr5	128210000	128215000	chr5	128845000	128850000	0,0,0	10.552828	0.9999879	3.8551428	5.9897404	8.236556	6.00133	3.3424604	11.325543
chr5	14365000	14370000	chr5	14645000	14650000	0,0,0	7.5751104	0.9999054	3.4551065	4.0349164	5.8576746	5.6801953	2.0523698	9.266788
chr5	148440000	148445000	chr5	149115000	149120000	0,0,0	4.453481	1.0	2.4078403	1.8324738	1.9826212	2.410166	0.90411025	4.0390315
chr5	36730000	36735000	chr5	36940000	36945000	0,0,0	4.8661747	1.0	2.3990023	1.9330043	2.7359097	2.9553883	1.0186315	4.6736145
chr5	75235000	75240000	chr5	75675000	75680000	0,0,0	4.7690163	0.99635744	2.2357748	2.892311	3.2147307	3.044715	1.2913529	5.6156583
chr5	36500000	36505000	chr5	36690000	36695000	0,0,0	5.6252003	1.0	2.884629	2.1177368	3.0741475	3.5468683	1.2377082	5.4293013
chr5	173290000	173295000	chr5	173570000	173575000	0,0,0	14.003043	1.0	4.876248	7.9286942	10.100575	6.763155	2.898266	13.8108835
chr5	71780000	71785000	chr5	72310000	72315000	0,0,0	5.5548253	0.99720824	2.6355546	2.5819907	3.5387788	3.5865963	1.149274	5.881699
chr5	94970000	94975000	chr5	95260000	95265000	0,0,0	6.0495887	0.9986101	2.765488	2.7114663	4.2248874	4.1689887	1.3940622	6.5791807
chr5	139785000	139790000	chr5	139965000	139970000	0,0,0	7.264624	0.99975073	2.6840122	4.2295117	6.060358	4.5382433	1.7777289	8.29781
chr5	178275000	178280000	chr5	178835000	178840000	0,0,0	14.232971	1.0	6.2613244	6.447524	8.997243	8.233658	3.8152215	13.964789
chr5	147095000	147100000	chr5	147185000	147190000	0,0,0	4.449342	1.0	2.342871	1.7664055	2.3253105	2.7672083	0.7859622	4.3373466
chr5	82310000	82315000	chr5	83430000	83435000	0,0,0	6.9104757	0.999933	2.517714	4.921024	7.0865555	5.2379007	2.44183	9.6121435
chr5	74035000	74040000	chr5	74640000	74645000	0,0,0	9.781725	0.99999994	3.8986316	8.403428	11.254953	8.978	4.099743	16.447712
chr5	159445000	159450000	chr5	159985000	159990000	0,0,0	9.850948	0.99999875	3.9568694	6.649247	9.369998	7.6683707	2.7533307	13.578814
chr5	138645000	138650000	chr5	139260000	139265000	0,0,0	5.689957	0.99995655	2.2933164	4.4512696	7.1434155	6.0879693	1.7841856	10.044653
chr5	146535000	146540000	chr5	147185000	147190000	0,0,0	10.468255	0.9999996	4.5776987	6.2864017	9.788745	9.120365	2.997987	14.708279
chr5	90865000	90870000	chr5	91420000	91425000	0,0,0	6.227816	0.99972165	3.2347455	3.2263622	4.53508	5.3196187	1.7584395	8.187496
chr5	148740000	148745000	chr5	149035000	149040000	0,0,0	7.969756	0.99998826	3.797585	4.807429	6.8815536	7.0783362	2.3403332	11.351606
chr5	168985000	168990000	chr5	169580000	169585000	0,0,0	6.3155255	0.9997249	2.4769351	4.5026226	5.535491	4.19697	1.7942954	8.199302
chr5	142155000	142160000	chr5	142320000	142325000	0,0,0	4.59593	1.0	2.263578	1.989655	2.4131238	2.529282	1.1462593	4.2978644
chr5	58885000	58890000	chr5	59005000	59010000	0,0,0	7.423683	1.0	2.6564124	3.6736865	4.2896023	2.8402383	1.5313814	6.1057377
chr5	163560000	163565000	chr5	164505000	164510000	0,0,0	8.270285	0.9999748	3.6839445	4.2738295	7.037842	6.7893996	2.5591981	10.588359
chr5	96865000	96870000	chr5	97160000	97165000	0,0,0	6.3875833	0.9988258	3.1155996	3.101584	3.85004	3.9908977	1.6471034	6.7478614
chr5	140070000	140075000	chr5	140155000	140160000	0,0,0	7.5808525	0.99949545	3.1752238	3.8400364	4.9744515	4.1792426	1.6595507	7.592608
chr5	53475000	53480000	chr5	54220000	54225000	0,0,0	6.2955728	0.99928635	2.3899841	4.1306	4.9583693	3.5742629	1.8154906	7.2459073
chr5	59390000	59395000	chr5	59675000	59680000	0,0,0	7.5644894	0.99966896	3.1315093	3.8342052	5.4211087	4.6059055	2.7213006	8.014088
chr5	14395000	14400000	chr5	14645000	14650000	0,0,0	6.026842	0.9991718	2.706157	3.5690074	4.3253746	3.9245453	1.878182	7.0969963
chr5	154520000	154525000	chr5	154610000	154615000	0,0,0	5.480189	1.0	2.6627016	2.4464047	3.1015024	3.208983	1.5255584	5.383565
chr5	155940000	155945000	chr5	157130000	157135000	0,0,0	6.5061336	1.0	3.398073	2.283128	3.5002866	4.1893244	1.4581373	6.2187715
chr5	56900000	56905000	chr5	57135000	57140000	0,0,0	7.8647337	0.9999972	2.9655528	6.2241592	9.335483	7.2560673	2.8330836	12.788653
chr5	74670000	74675000	chr5	74915000	74920000	0,0,0	11.915536	1.0	5.79916	3.3433328	5.8928595	6.4596553	2.200286	9.431507
chr5	13985000	13990000	chr5	14365000	14370000	0,0,0	8.928583	1.0	4.7435493	3.8983202	4.0898204	4.780522	1.863798	8.245695
chr5	116555000	116560000	chr5	116945000	116950000	0,0,0	5.411134	0.99713033	2.3458877	2.9020443	3.7305636	3.2745783	1.4823204	5.854173
chr5	73900000	73905000	chr5	74645000	74650000	0,0,0	16.721195	1.0	5.872006	13.340999	19.25581	13.714869	5.9538097	25.573534
chr5	1475000	1480000	chr5	1640000	1645000	0,0,0	6.4659767	0.9995407	2.3374264	4.061895	5.637599	4.0759444	1.7478876	7.6865177
chr5	131590000	131595000	chr5	132005000	132010000	0,0,0	5.870561	0.99983203	3.346086	2.6313295	4.524997	6.353659	1.9200852	8.692618
chr5	91640000	91645000	chr5	92310000	92315000	0,0,0	4.716021	0.99455374	2.347895	2.2729337	2.9539454	3.1929781	1.109756	5.2133636
chr5	71475000	71480000	chr5	71755000	71760000	0,0,0	8.605989	0.99993503	2.3662016	6.871802	7.488118	3.534316	2.406466	9.642584
chr5	93580000	93585000	chr5	93795000	93800000	0,0,0	4.2338343	1.0	2.2638757	1.6867979	2.1108835	2.5642037	1.0702952	4.0635796
chr5	154650000	154655000	chr5	154810000	154815000	0,0,0	9.895301	1.0	3.076232	5.929647	7.4565206	4.407694	1.9905288	9.678491
chr5	148735000	148740000	chr5	149265000	149270000	0,0,0	8.874231	1.0	4.290112	2.07319	3.9895873	4.3843675	1.1481044	6.2272034
chr5	173615000	173620000	chr5	173970000	173975000	0,0,0	17.99323	1.0	5.935218	15.132318	18.964005	11.885939	6.600238	25.336887
chr5	126340000	126345000	chr5	126595000	126600000	0,0,0	9.000882	0.99991274	4.1867123	4.2520943	5.685625	5.567692	2.0181496	9.347331
chr5	81505000	81510000	chr5	82220000	82225000	0,0,0	4.963721	0.99955964	2.4600272	3.6209059	4.2807508	4.5101676	1.7907765	7.72875
chr5	91100000	91105000	chr5	91385000	91390000	0,0,0	7.3243375	0.99989504	2.685655	5.1222057	6.5060234	4.609625	2.1123037	9.162697
chr5	40900000	40905000	chr5	41845000	41850000	0,0,0	8.492283	0.9999045	3.1953945	5.5601845	6.2420545	4.3151093	2.299163	9.257496
chr5	170220000	170225000	chr5	170620000	170625000	0,0,0	4.7754593	1.0	2.4004192	1.9880095	2.0011299	2.0871363	1.1197543	3.8542554
chr5	113375000	113380000	chr5	113605000	113610000	0,0,0	5.171279	0.99678504	2.4543335	2.531541	3.4467728	3.4902759	1.3999213	5.740535
chr5	100480000	100485000	chr5	101390000	101395000	0,0,0	5.0476933	0.9992133	2.1801841	3.7713425	4.4594636	3.7960973	1.7097056	7.1484017
chr5	14725000	14730000	chr5	15010000	15015000	0,0,0	10.5810375	0.9999978	5.203885	4.4716415	8.109875	9.054341	2.4803743	13.029134
chr5	56900000	56905000	chr5	57220000	57225000	0,0,0	5.6497493	0.99996895	2.1179583	6.241432	7.0179815	4.8320355	2.1940262	10.379975
chr5	95855000	95860000	chr5	96335000	96340000	0,0,0	14.39731	1.0	5.2972407	8.565935	13.004842	9.890614	4.060337	17.504778
chr5	31580000	31585000	chr5	32075000	32080000	0,0,0	8.969803	0.9999818	2.906815	7.031254	8.012519	4.665297	2.6377163	10.9153
chr5	154190000	154195000	chr5	154400000	154405000	0,0,0	8.412475	0.99979573	3.5721579	4.550948	5.3635445	4.45175	1.8663436	8.497037
chr5	88720000	88725000	chr5	90180000	90185000	0,0,0	7.699621	1.0	3.6949787	3.1584032	4.052155	4.1219783	1.2030637	6.929448
chr5	73455000	73460000	chr5	73530000	73535000	0,0,0	4.63749	1.0	2.1225624	2.007884	2.2590768	2.0660682	0.7792019	3.850854
chr5	80480000	80485000	chr5	80670000	80675000	0,0,0	7.103847	0.99962604	3.4908876	2.8859959	4.8287687	5.3269124	1.6244192	7.8922424
chr5	920000	925000	chr5	1160000	1165000	0,0,0	8.817167	1.0	3.9744647	4.737242	5.1566124	4.557939	2.0109644	8.768821
chr5	135020000	135025000	chr5	135190000	135195000	0,0,0	5.3530293	0.9981115	2.8679945	2.8357358	3.1320376	3.751975	1.5258946	6.2726293
chr5	134735000	134740000	chr5	135200000	135205000	0,0,0	8.64706	1.0	3.095584	3.5414844	4.0511513	2.655703	1.4813565	5.803689
chr5	110755000	110760000	chr5	111065000	111070000	0,0,0	5.5446725	0.9969276	2.872701	2.377962	3.1676087	3.6721535	1.0895003	5.7858973
chr5	58885000	58890000	chr5	59380000	59385000	0,0,0	8.486293	0.9999125	4.665518	3.757783	4.6952004	6.0048146	1.926874	9.345066
chr5	74395000	74400000	chr5	74630000	74635000	0,0,0	6.6048846	0.99944264	3.6174524	3.2596517	3.6657794	4.595652	2.0116355	7.4931207
chr5	159155000	159160000	chr5	159315000	159320000	0,0,0	8.476046	1.0	3.9007728	2.8217216	5.221966	5.356009	1.4762611	7.864206
chr5	16485000	16490000	chr5	16550000	16555000	0,0,0	4.5197277	0.99028534	2.168037	2.0608094	2.7375007	2.8027673	0.8699693	4.634598
chr5	72925000	72930000	chr5	73450000	73455000	0,0,0	5.4786983	0.99892575	2.0861332	4.3969865	4.416428	2.9283834	1.8940195	6.8368154
chr5	31825000	31830000	chr5	32075000	32080000	0,0,0	8.203839	0.9999435	4.2982445	3.3108895	5.620802	6.8387547	1.7317934	9.781768
chr5	124655000	124660000	chr5	124740000	124745000	0,0,0	5.4538774	0.99587584	2.5286546	1.9390543	3.632628	3.7678537	1.2047693	5.4914575
chr5	127565000	127570000	chr5	128495000	128500000	0,0,0	4.250179	0.99450976	2.4835052	1.5907298	2.5854123	3.7913382	0.7411325	5.2053204
chr5	82350000	82355000	chr5	82630000	82635000	0,0,0	4.5229115	0.9947363	2.2915561	2.2253218	2.9323606	3.2694082	1.1832956	5.2474723
chr5	180290000	180295000	chr5	180475000	180480000	0,0,0	5.059656	0.9983038	2.3192189	3.545477	3.6266077	3.2284884	1.6213135	6.3800235
chr5	171205000	171210000	chr5	171340000	171345000	0,0,0	7.0884104	1.0	3.5861397	2.1830442	2.661291	2.920633	1.1866508	4.861117
chr5	115095000	115100000	chr5	115245000	115250000	0,0,0	10.973303	1.0	4.516608	3.9687767	5.568741	4.6876974	1.8162224	8.215499
chr5	174415000	174420000	chr5	174580000	174585000	0,0,0	3.983237	0.9933237	2.0872726	2.3734145	2.5391502	2.9000037	0.9928579	5.0097055
chr5	111155000	111160000	chr5	112145000	112150000	0,0,0	8.537972	0.9999051	3.017608	5.8142037	6.4516883	4.095566	2.4950202	9.263747
chr5	73590000	73595000	chr5	73790000	73795000	0,0,0	15.6668825	1.0	4.903275	11.5735235	14.725958	8.820982	4.2080235	19.108559
chr5	112175000	112180000	chr5	112755000	112760000	0,0,0	8.023761	1.0	3.1159832	2.9263983	3.24064	2.3205748	1.2452801	4.921818
chr12	12790000	12795000	chr12	12980000	12985000	0,0,0	7.779362	1.0	3.2853193	3.1974232	4.369793	3.7701416	1.3420795	6.6122956
chr12	13275000	13280000	chr12	13940000	13945000	0,0,0	6.755594	0.9999973	2.7302015	6.3847036	8.758244	7.160565	2.9735756	12.835857
chr12	48750000	48755000	chr12	48795000	48800000	0,0,0	6.6361475	0.9998958	2.1299984	5.843675	6.807605	3.9758139	2.0402093	9.170192
chr12	114625000	114630000	chr12	115755000	115760000	0,0,0	5.5114193	0.9998986	3.1902115	2.753852	4.6758547	6.7499394	1.7940168	9.197808
chr12	76035000	76040000	chr12	76455000	76460000	0,0,0	5.4708867	1.0	2.8153074	1.9733301	2.1322632	2.3582206	0.9918326	4.112292
chr12	25240000	25245000	chr12	25385000	25390000	0,0,0	7.7508273	0.9998428	3.6536317	4.279555	5.094941	4.955122	1.781426	8.759171
chr12	10150000	10155000	chr12	10190000	10195000	0,0,0	4.635151	1.0	2.078289	1.827054	2.6638017	2.5264044	0.9305294	4.150452
chr12	21700000	21705000	chr12	22440000	22445000	0,0,0	9.652846	0.99995923	3.711218	6.18508	6.6302724	4.6114683	2.2839766	10.109317
chr12	10235000	10240000	chr12	10560000	10565000	0,0,0	9.993368	0.9999991	3.84362	7.6372895	9.576889	7.1426926	3.3087952	13.931394
chr12	91380000	91385000	chr12	92570000	92575000	0,0,0	5.3410296	0.9998483	3.4258163	2.2353406	3.8098307	6.8075986	1.4941263	8.794568
chr12	104200000	104205000	chr12	105050000	105055000	0,0,0	6.598382	0.9993473	3.2024703	3.2798398	4.2586956	4.4197717	2.0223565	7.335185
chr12	93765000	93770000	chr12	94100000	94105000	0,0,0	10.619849	0.9999797	4.29144	5.7561665	7.181855	5.687769	2.3113694	10.804361
chr12	24990000	24995000	chr12	25130000	25135000	0,0,0	8.80531	0.99994504	3.63824	4.0540895	6.9679465	6.206637	1.8214875	9.810272
chr12	54745000	54750000	chr12	55070000	55075000	0,0,0	5.7176037	0.9997935	2.0767457	4.9023037	5.9923882	4.1286273	1.837487	8.486231
chr12	120645000	120650000	chr12	120970000	120975000	0,0,0	5.082478	0.9992505	2.0886917	3.5492294	4.8491755	4.04196	1.8341593	7.19683
chr12	32945000	32950000	chr12	33605000	33610000	0,0,0	7.262429	1.0	2.8817127	3.8429384	4.0395794	2.9087467	1.7841536	6.3246922
chr12	89710000	89715000	chr12	89945000	89950000	0,0,0	4.5199656	0.9959828	2.1781251	2.7299352	3.1019056	3.0911338	1.3197957	5.517743
chr12	121695000	121700000	chr12	121770000	121775000	0,0,0	6.8868203	1.0	3.5841563	1.8596708	3.1718197	3.820817	1.2462351	5.473857
chr12	117210000	117215000	chr12	117835000	117840000	0,0,0	8.483275	0.9999022	4.000423	3.7882068	5.7299314	5.8663654	1.632347	9.233661
chr12	20645000	20650000	chr12	21165000	21170000	0,0,0	9.141826	0.9999992	3.9223592	6.32151	9.365082	8.421734	3.399378	14.040854
chr12	114010000	114015000	chr12	114475000	114480000	0,0,0	5.1401567	0.9996056	2.3194873	4.326803	4.55791	3.9929075	1.680447	7.838955
chr12	46340000	46345000	chr12	46675000	46680000	0,0,0	5.071612	0.99934644	2.3607757	4.050247	4.0998855	3.7335858	1.911254	7.3338056
chr12	108665000	108670000	chr12	108800000	108805000	0,0,0	9.151952	0.9999214	3.629431	4.9991302	6.412022	5.0080605	2.1244574	9.451732
chr12	43775000	43780000	chr12	43880000	43885000	0,0,0	10.155192	1.0	3.7195768	5.361986	6.361885	4.366186	2.0078778	9.132396
chr12	58540000	58545000	chr12	59145000	59150000	0,0,0	6.9827795	0.9999319	2.9429266	4.312113	6.517905	5.7623477	2.124703	9.595337
chr12	54005000	54010000	chr12	54200000	54205000	0,0,0	16.761343	1.0	6.930934	8.310032	11.730301	9.947876	4.068855	17.334572
chr12	89540000	89545000	chr12	90905000	90910000	0,0,0	5.5570607	0.99964577	2.1313071	4.3268976	5.490733	4.10022	1.8284159	7.946351
chr12	5200000	5205000	chr12	5440000	5445000	0,0,0	7.5997415	0.99997884	3.352883	4.4891067	7.154776	6.774532	2.4099765	10.764849
chr12	54745000	54750000	chr12	54955000	54960000	0,0,0	8.565281	0.99997497	3.991574	4.843326	6.41869	6.290356	2.401156	10.595535
chr12	50075000	50080000	chr12	50175000	50180000	0,0,0	4.555147	1.0	2.197329	1.9148376	2.4296343	2.4858022	1.0565696	4.18788
chr12	50825000	50830000	chr12	51340000	51345000	0,0,0	8.380425	1.0	3.5664523	4.488056	4.9450617	4.020318	1.8975056	8.009701
chr12	92985000	92990000	chr12	93395000	93400000	0,0,0	9.78644	0.99999994	4.42043	7.728101	10.520732	9.920806	3.3959982	16.790228
chr12	89705000	89710000	chr12	90095000	90100000	0,0,0	3.9737694	0.9933318	2.0692914	2.089679	2.7075772	3.153431	1.2256515	5.0109234
chr12	111945000	111950000	chr12	112385000	112390000	0,0,0	7.3087354	0.99991393	3.1283038	4.5648623	6.0842223	5.3040047	2.047044	9.36166
chr12	116275000	116280000	chr12	116685000	116690000	0,0,0	5.8737493	0.99936074	2.106734	4.6363873	5.0530376	3.2347043	1.7748045	7.3559375
chr12	119660000	119665000	chr12	119780000	119785000	0,0,0	4.405111	1.0	2.3050928	1.6163559	2.3754435	2.8372462	0.7991896	4.274007
chr12	63825000	63830000	chr12	64390000	64395000	0,0,0	7.327314	0.99935216	2.6259978	4.018311	5.351987	3.7707791	1.581532	7.3426113
chr12	77720000	77725000	chr12	77925000	77930000	0,0,0	14.385756	0.9999999	6.209477	6.6702175	10.744499	9.925233	2.497674	15.854315
chr12	4855000	4860000	chr12	5000000	5005000	0,0,0	6.904497	1.0	3.5135934	2.2387054	4.1392355	4.8628025	1.1266235	6.852763
chr12	3650000	3655000	chr12	3775000	3780000	0,0,0	4.4584885	0.99068	2.3076546	2.1839814	2.4326975	2.7347577	0.8948585	4.6760745
chr12	8905000	8910000	chr12	9035000	9040000	0,0,0	4.173873	1.0	2.3922658	1.4660406	1.9402949	2.7051268	0.72828865	4.008274
chr12	99385000	99390000	chr12	99615000	99620000	0,0,0	7.010354	0.99997693	3.5211084	4.048739	6.279561	7.078683	2.0062404	10.677562
chr12	24105000	24110000	chr12	24775000	24780000	0,0,0	8.975891	0.9999897	2.526903	8.334643	8.724036	4.074674	2.9087648	11.483246
chr12	62580000	62585000	chr12	63060000	63065000	0,0,0	5.0198393	0.9950332	2.4933767	1.9327493	3.2058904	3.5875316	1.0375957	5.305531
chr12	99040000	99045000	chr12	99765000	99770000	0,0,0	7.8315167	0.9998896	2.8267932	4.829473	6.684296	4.819708	1.8690683	9.112573
chr12	78000000	78005000	chr12	78120000	78125000	0,0,0	5.8403006	1.0	2.1774647	2.9017777	3.8588612	2.8390508	1.3075124	5.418409
chr12	114665000	114670000	chr12	115625000	115630000	0,0,0	5.7949624	0.9998028	2.4799774	5.0407295	5.1058984	4.0515475	2.27888	8.532196
chr12	117875000	117880000	chr12	118035000	118040000	0,0,0	14.22688	1.0	5.7407374	5.6163554	6.5996656	5.1018267	2.4967322	10.094142
chr12	30845000	30850000	chr12	31050000	31055000	0,0,0	9.176062	1.0	2.9887178	4.118555	5.2417603	3.268797	1.5775411	6.9297347
chr12	7140000	7145000	chr12	7635000	7640000	0,0,0	9.408654	0.9999801	2.622076	6.907995	8.74854	4.6865273	2.4299915	10.826967
chr12	100230000	100235000	chr12	100550000	100555000	0,0,0	7.233392	1.0	2.9505038	3.5352912	4.2519727	3.3641205	1.7521282	6.5066013
chr12	117365000	117370000	chr12	117585000	117590000	0,0,0	4.8925185	0.9965284	2.2489183	2.408921	3.5772674	3.522454	1.030516	5.6637173
chr12	12915000	12920000	chr12	12980000	12985000	0,0,0	4.346889	1.0	2.2718756	1.4836073	2.1599946	2.5717325	0.72377557	3.8904946
chr12	108565000	108570000	chr12	108950000	108955000	0,0,0	4.592769	0.9908012	2.3548856	2.0530903	2.5435433	2.8642023	1.1549436	4.689172
chr12	53540000	53545000	chr12	53675000	53680000	0,0,0	6.419037	0.9986986	3.0454295	3.3012094	3.806226	3.710603	1.5444437	6.6450114
chr12	56515000	56520000	chr12	56635000	56640000	0,0,0	5.534838	1.0	2.87823	2.2370682	2.4258766	2.7375796	1.2553257	4.726084
chr12	101410000	101415000	chr12	101840000	101845000	0,0,0	8.727132	0.99997026	3.4430847	5.3751183	7.174778	5.6468434	2.6111436	10.4247265
chr12	90970000	90975000	chr12	91350000	91355000	0,0,0	8.54776	1.0	4.839193	2.8979182	3.686014	4.998753	1.8192585	7.5746803
chr12	99040000	99045000	chr12	99655000	99660000	0,0,0	8.161757	0.9999595	2.9721572	5.804833	7.1476355	4.9558992	2.3444083	10.11575
chr12	52155000	52160000	chr12	52320000	52325000	0,0,0	7.0400143	0.99992883	3.2803268	4.036621	5.951979	5.9634867	2.3731058	9.551595
chr12	114625000	114630000	chr12	115915000	115920000	0,0,0	5.2435274	0.9992479	2.1507928	3.9089522	4.6749134	3.7187796	1.7249372	7.1934037
chr12	64890000	64895000	chr12	65290000	65295000	0,0,0	5.4851727	1.0	2.6655378	2.7513611	2.8939424	2.8701248	1.0878701	5.315779
chr12	14720000	14725000	chr12	14990000	14995000	0,0,0	7.3022094	1.0	3.1551561	3.4621024	4.292925	3.7111397	1.9764117	6.788564
chr12	53765000	53770000	chr12	54205000	54210000	0,0,0	9.429104	1.0	3.552045	4.3410187	5.4132123	3.9283621	1.8026005	7.7870455
chr12	9750000	9755000	chr12	9795000	9800000	0,0,0	4.810517	0.9982751	2.2694895	2.7516954	3.8760548	3.9172995	1.2544202	6.363251
chr12	114665000	114670000	chr12	115750000	115755000	0,0,0	9.014445	0.99999994	3.719019	7.432019	11.441917	9.907972	3.8233755	16.514212
chr12	105415000	105420000	chr12	106135000	106140000	0,0,0	13.033143	0.99999994	5.191394	8.904782	11.098064	8.625544	5.1949964	16.540905
chr12	56195000	56200000	chr12	56465000	56470000	0,0,0	7.4009876	1.0	3.519913	2.9265633	3.9609091	4.0185294	1.9572233	6.619919
chr12	52880000	52885000	chr12	52980000	52985000	0,0,0	26.703098	1.0	9.040597	9.599794	14.423164	10.06681	5.387957	18.59996
chr12	88150000	88155000	chr12	88990000	88995000	0,0,0	8.293031	0.9999983	3.3657963	7.247049	8.699742	6.832608	2.4202456	13.274429
chr12	69355000	69360000	chr12	69570000	69575000	0,0,0	4.2459645	0.9981263	2.0581517	2.676938	3.718024	3.901019	1.5246606	6.28052
chr12	23205000	23210000	chr12	24780000	24785000	0,0,0	5.5052304	0.99626124	2.5197327	2.9824848	3.2450752	2.9384875	1.2698398	5.5895853
chr12	122975000	122980000	chr12	123235000	123240000	0,0,0	8.630039	1.0	3.7992198	4.236458	4.8838716	4.2399764	1.8639524	8.005716
chr12	7220000	7225000	chr12	7635000	7640000	0,0,0	12.735226	0.99999994	4.821702	9.547693	11.0064	7.766047	3.8119361	16.252886
chr12	75860000	75865000	chr12	76020000	76025000	0,0,0	6.1407776	1.0	2.9300613	2.6573288	3.138337	3.1057918	1.3570054	5.4678617
chr12	89470000	89475000	chr12	89520000	89525000	0,0,0	4.358888	1.0	2.1622107	1.6533357	2.145553	2.3049648	0.6514378	3.7745965
chr12	47900000	47905000	chr12	48165000	48170000	0,0,0	6.042988	0.99924093	2.983015	3.024509	4.1718445	4.495704	1.5988586	7.184157
chr12	3995000	4000000	chr12	4275000	4280000	0,0,0	9.614987	0.99998164	2.710093	7.1200175	8.679472	4.578832	2.4920645	10.907737
chr12	103325000	103330000	chr12	103545000	103550000	0,0,0	6.332074	0.9990356	2.3583329	3.7406464	4.939357	3.6196752	1.5020059	6.944694
chr12	102945000	102950000	chr12	103545000	103550000	0,0,0	8.881871	0.99999714	3.7165363	5.1986732	8.997886	8.14158	2.7217927	12.762622
chr12	117870000	117875000	chr12	118370000	118375000	0,0,0	6.774568	1.0	2.76107	3.0929496	3.1437306	2.3174722	1.4424813	5.066761
chr12	10235000	10240000	chr12	10745000	10750000	0,0,0	6.7924476	1.0	3.1028597	2.4836292	3.8598928	3.8032913	1.2664887	6.0109615
chr12	106225000	106230000	chr12	106285000	106290000	0,0,0	5.9118705	0.9983429	2.4149811	3.125435	4.3553834	3.625158	1.6429302	6.4033227
chr12	105705000	105710000	chr12	106135000	106140000	0,0,0	7.2156625	0.99995255	2.2503912	6.6736965	7.368542	4.0245323	2.361179	9.956707
chr12	104200000	104205000	chr12	104355000	104360000	0,0,0	6.7877736	1.0	4.007996	1.9544747	3.0175598	4.505672	0.9873729	6.242983
chr12	31680000	31685000	chr12	32305000	32310000	0,0,0	16.15744	1.0	5.048639	12.1405115	15.650265	9.427242	4.2428966	20.218807
chr12	32365000	32370000	chr12	32670000	32675000	0,0,0	8.567749	0.9999555	3.4211614	5.595169	6.6076984	5.047241	2.0507982	10.020725
chr12	93500000	93505000	chr12	94100000	94105000	0,0,0	9.876346	0.99999595	4.215414	5.5736003	8.339112	7.468618	2.128187	12.422929
chr12	26850000	26855000	chr12	27015000	27020000	0,0,0	6.8646975	1.0	2.9540734	2.2632372	3.575493	3.2764573	1.2958775	5.2882237
chr12	63850000	63855000	chr12	64075000	64080000	0,0,0	5.4176693	0.9984298	2.7207594	3.178853	3.4330726	3.6315775	1.5994018	6.4572244
chr12	40945000	40950000	chr12	42020000	42025000	0,0,0	10.048355	1.0	3.6984563	4.9447894	5.1468	3.3210762	2.040318	7.7164445
chr12	63835000	63840000	chr12	64255000	64260000	0,0,0	15.244341	1.0	6.8599334	7.8287315	14.392251	14.343325	4.960455	21.302197
chr12	103765000	103770000	chr12	103870000	103875000	0,0,0	4.5849886	0.9914257	2.4917703	1.4910413	2.6496048	3.43411	1.1270366	4.75948
chr12	131850000	131855000	chr12	132000000	132005000	0,0,0	9.423403	1.0	3.874116	4.354395	6.234693	5.2714887	1.6764084	9.142061
chr12	42130000	42135000	chr12	42330000	42335000	0,0,0	6.4363475	0.9992424	3.439389	1.8818556	4.2873197	5.5133653	1.2183617	7.186126
chr12	31255000	31260000	chr12	31640000	31645000	0,0,0	9.283069	1.0	4.1918573	3.050067	3.7018495	3.388315	1.7550037	6.0994854
chr12	12035000	12040000	chr12	12705000	12710000	0,0,0	7.9318366	0.9998477	3.1320746	3.7384555	6.442488	5.4676538	2.2433991	8.790726
chr12	51420000	51425000	chr12	51820000	51825000	0,0,0	6.22974	0.999897	2.1236045	5.1070805	6.9024596	4.642093	2.306176	9.18172
chr12	109260000	109265000	chr12	109385000	109390000	0,0,0	11.898115	0.9999945	4.4513054	6.837006	8.42405	6.0323563	2.9159982	12.1096945
chr12	1635000	1640000	chr12	1935000	1940000	0,0,0	10.425529	1.0	4.6880407	3.6752715	5.640981	5.4302535	2.105519	8.697162
chr12	31650000	31655000	chr12	32310000	32315000	0,0,0	10.866575	0.99999493	4.631085	5.5371065	8.163005	7.2703857	2.8291965	12.192258
chr12	47715000	47720000	chr12	47835000	47840000	0,0,0	10.461697	1.0	5.1880736	2.4515903	3.9008353	4.3296714	1.4122999	6.5088625
chr12	22080000	22085000	chr12	22440000	22445000	0,0,0	10.738226	0.9999997	4.533654	7.585625	9.721573	8.226368	3.3187416	14.969146
chr12	55185000	55190000	chr12	55615000	55620000	0,0,0	12.948905	0.99999994	5.0605755	8.405325	12.044554	9.597554	3.7489104	17.068954
chr12	75955000	75960000	chr12	76020000	76025000	0,0,0	4.658183	1.0	2.0544257	1.9142008	2.3124228	2.0420103	0.66369313	3.743522
chr12	53350000	53355000	chr12	53420000	53425000	0,0,0	7.898635	0.9997615	2.9999382	4.3246794	5.9217057	4.4980335	1.4063113	8.342193
chr12	110095000	110100000	chr12	110430000	110435000	0,0,0	10.105649	0.99999434	4.1781635	5.6224236	8.266836	7.0898027	2.2076297	12.087513
chr12	122790000	122795000	chr12	123235000	123240000	0,0,0	7.7923937	1.0	3.484209	2.3021784	2.7393692	2.4571936	0.9966488	4.5035744
chr12	54220000	54225000	chr12	54360000	54365000	0,0,0	8.867529	1.0	4.2956	2.4346943	4.361874	4.761416	1.284589	6.9255886
chr12	81645000	81650000	chr12	82355000	82360000	0,0,0	4.8165793	0.99961096	2.7300494	2.9761493	3.8271723	5.2072062	1.7283883	7.8526726
chr12	107675000	107680000	chr12	107885000	107890000	0,0,0	8.366806	1.0	3.7898815	3.3301597	5.205858	5.0784864	1.8202672	8.038629
chr12	122050000	122055000	chr12	122190000	122195000	0,0,0	6.4577174	1.0	2.8467803	3.0435276	3.5350006	3.0824192	1.1440655	5.787777
chr12	124035000	124040000	chr12	124320000	124325000	0,0,0	9.326346	0.9999861	3.280503	6.755795	7.9530897	5.181559	2.6225822	11.18671
chr12	113190000	113195000	chr12	113420000	113425000	0,0,0	6.519806	1.0	3.433728	1.8180668	2.6517258	3.19843	1.188663	4.8144894
chr12	49355000	49360000	chr12	49510000	49515000	0,0,0	6.7596507	0.99993515	2.835311	4.2388268	6.6290193	5.8763924	2.0516388	9.644238
chr12	26850000	26855000	chr12	27305000	27310000	0,0,0	6.291337	0.9983787	2.5529714	3.6707268	4.1301036	3.1623163	1.3625112	6.4251847
chr12	115995000	116000000	chr12	116235000	116240000	0,0,0	4.8508315	0.9963698	2.174209	3.0768	3.306155	2.884117	1.1107172	5.61905
chr12	107410000	107415000	chr12	107605000	107610000	0,0,0	6.2652025	1.0	2.4949431	2.5623786	3.325578	2.6216986	0.9842897	4.899369
chr12	95115000	95120000	chr12	95215000	95220000	0,0,0	4.125786	0.98713773	2.5439663	1.5118878	1.8523073	3.0100071	0.8152395	4.3539076
chr12	117365000	117370000	chr12	117835000	117840000	0,0,0	12.7062	0.99999756	5.808457	4.7650895	8.586345	8.695938	2.6665971	12.931573
chr12	123265000	123270000	chr12	123615000	123620000	0,0,0	5.519588	0.99782985	2.4880872	3.210037	3.6586304	3.2802398	1.587771	6.133606
chr12	121550000	121555000	chr12	121680000	121685000	0,0,0	6.8058944	0.9995624	2.7384286	3.9415839	5.2521667	4.231301	2.046019	7.7349305
chr12	96985000	96990000	chr12	97400000	97405000	0,0,0	11.017291	0.9999992	4.149164	7.1014233	10.124414	7.7270007	2.968482	14.039377
chr12	132415000	132420000	chr12	132610000	132615000	0,0,0	7.883988	1.0	3.2178934	3.553658	4.7759748	3.927167	1.6007603	7.0859737
chr12	8680000	8685000	chr12	9045000	9050000	0,0,0	8.742956	0.99998796	3.0131338	7.065194	8.069449	5.0498743	2.6361835	11.330047
chr12	32755000	32760000	chr12	32920000	32925000	0,0,0	11.023912	1.0	4.478448	4.699443	6.066965	4.8949966	2.0918422	9.072279
chr12	51420000	51425000	chr12	51875000	51880000	0,0,0	6.495427	0.99979395	2.482825	4.5215387	5.932461	4.469076	1.9724761	8.488222
chr12	95115000	95120000	chr12	95335000	95340000	0,0,0	5.0248194	0.9936862	2.6177902	1.6268134	2.9780526	3.6194813	1.124478	5.065538
chr12	15590000	15595000	chr12	15855000	15860000	0,0,0	10.092355	0.99999994	4.2876735	7.155876	11.3514185	10.251731	3.107699	16.612509
chr12	10770000	10775000	chr12	11480000	11485000	0,0,0	9.185104	0.99996334	4.727632	3.9278297	5.7814517	6.723104	2.0030234	10.214508
chr12	1650000	1655000	chr12	1790000	1795000	0,0,0	11.827837	0.999997	4.0239887	6.8289423	9.7072	6.657989	2.9359288	12.72816
chr12	94540000	94545000	chr12	94725000	94730000	0,0,0	4.019906	0.9912031	2.0577717	2.3199396	2.4503653	2.671683	1.2760909	4.733852
chr12	11225000	11230000	chr12	11485000	11490000	0,0,0	9.33114	0.99998623	3.8345792	5.280762	7.6638155	6.5013423	2.4140868	11.1953535
chr12	29550000	29555000	chr12	30805000	30810000	0,0,0	8.562363	0.9999974	3.2456589	7.096717	8.911664	6.534318	2.6034079	12.842511
chr12	49640000	49645000	chr12	49705000	49710000	0,0,0	5.01584	0.9970205	2.5881658	2.2717137	3.262951	3.7972865	1.10705	5.8165874
chr12	64890000	64895000	chr12	65120000	65125000	0,0,0	11.047822	0.9999995	3.9465234	8.159883	10.52383	7.287424	3.5132856	14.540652
chr12	50495000	50500000	chr12	50730000	50735000	0,0,0	4.642341	0.99434966	2.092421	2.7188766	3.083312	2.7597945	1.0810757	5.1765738
chr12	95580000	95585000	chr12	95815000	95820000	0,0,0	11.28489	0.99999934	4.2146397	8.032608	9.956923	7.13369	3.3830109	14.273787
chr12	64890000	64895000	chr12	65230000	65235000	0,0,0	6.428517	0.9994624	2.074224	4.5797467	5.6786375	3.4583387	1.7694942	7.529225
chr12	10235000	10240000	chr12	10505000	10510000	0,0,0	4.9284096	0.9991752	2.2644258	3.9437575	4.025633	3.5955484	1.4229234	7.101111
chr12	30845000	30850000	chr12	31235000	31240000	0,0,0	8.413827	1.0	3.2437294	2.9435828	4.6951165	3.8065462	1.6419129	6.423064
chr12	31680000	31685000	chr12	32000000	32005000	0,0,0	5.6981354	0.99966955	2.2267423	4.8758526	5.192417	3.681822	2.0793028	8.015913
chr12	64545000	64550000	chr12	64695000	64700000	0,0,0	10.9517565	0.999998	4.28439	6.6088057	9.16641	7.235549	2.3439245	13.110044
chr12	106355000	106360000	chr12	106920000	106925000	0,0,0	5.077389	0.9999185	2.460812	3.9793797	5.592076	5.878574	1.8741924	9.4158
chr12	3880000	3885000	chr12	4275000	4280000	0,0,0	8.295263	1.0	3.9777467	3.547853	4.9429855	5.1057005	1.9410174	8.259348
chr12	116590000	116595000	chr12	116695000	116700000	0,0,0	4.19298	1.0	2.1426947	1.8546724	1.9478912	2.1146321	0.87090635	3.7632296
chr12	52160000	52165000	chr12	52280000	52285000	0,0,0	4.0991106	0.9917424	2.2208574	1.833391	2.5178108	3.167431	0.7688476	4.797112
chr12	34035000	34040000	chr12	34215000	34220000	0,0,0	5.914229	1.0	2.9119408	1.9464003	2.3497968	2.4593034	0.9574574	4.189437
chr12	75485000	75490000	chr12	76455000	76460000	0,0,0	4.276671	0.9986969	2.396684	2.403406	3.3616016	4.507345	1.2384813	6.643706
chr12	75625000	75630000	chr12	76035000	76040000	0,0,0	8.683601	0.99998105	4.010307	4.85975	6.7155313	6.555985	2.2160907	10.875762
chr12	42480000	42485000	chr12	43335000	43340000	0,0,0	7.9495964	0.9999994	2.4146621	9.2891865	10.92449	6.0541296	3.3258886	14.311185
chr12	98695000	98700000	chr12	98935000	98940000	0,0,0	4.731784	0.9988337	2.4486256	2.1519268	4.0165515	4.8417993	1.4871002	6.7546234
chr12	53700000	53705000	chr12	53745000	53750000	0,0,0	4.9598036	0.9974814	2.1137562	2.5603197	4.085677	3.7088246	1.5282462	5.984664
chr12	65305000	65310000	chr12	66105000	66110000	0,0,0	10.705458	0.9999998	5.1378994	6.314391	9.349153	9.777645	3.765448	15.390438
chr12	57215000	57220000	chr12	57450000	57455000	0,0,0	4.627277	0.9935154	2.085625	2.2860796	3.1815188	3.0067759	1.0876722	5.0388465
chr12	44020000	44025000	chr12	44930000	44935000	0,0,0	9.184678	0.9999874	3.4024212	6.2768326	7.9630723	5.706274	3.1004972	11.285681
chr12	565000	570000	chr12	955000	960000	0,0,0	7.877169	0.99980026	2.9943326	4.98302	5.7598763	4.0899677	2.5485547	8.519319
chr12	9630000	9635000	chr12	9705000	9710000	0,0,0	6.765346	1.0	3.1599455	2.4647765	3.6082163	3.6222987	1.4442534	5.8132114
chr12	6945000	6950000	chr12	7095000	7100000	0,0,0	4.3216996	1.0	2.3640883	1.7123477	2.1376827	2.7079012	1.178698	4.229988
chr12	49290000	49295000	chr12	49510000	49515000	0,0,0	4.8677588	0.9978416	2.6160624	2.801525	3.0363445	3.6487775	1.4344163	6.139022
chr12	96990000	96995000	chr12	97995000	98000000	0,0,0	4.6138372	0.9984562	2.5524297	2.279993	3.3796673	4.4475155	1.5922555	6.474176
chr12	25435000	25440000	chr12	26025000	26030000	0,0,0	9.209238	0.9999882	4.157502	5.115748	7.169288	6.8014464	2.5949097	11.348778
chr12	24850000	24855000	chr12	25130000	25135000	0,0,0	5.691784	1.0	2.6723585	2.2630947	2.616878	2.5105932	1.0633243	4.522233
chr12	91380000	91385000	chr12	92405000	92410000	0,0,0	5.2727575	0.9991479	2.467594	2.9842403	4.3836884	4.4158416	1.3178167	7.0684996
chr12	90975000	90980000	chr12	91105000	91110000	0,0,0	6.154849	0.99911076	3.1739373	2.6511686	3.9912195	4.6692557	1.4764439	7.02585
chr12	29520000	29525000	chr12	30805000	30810000	0,0,0	9.380622	0.9999957	3.9479039	5.2246866	8.576962	7.720934	2.5555687	12.365099
chr12	117025000	117030000	chr12	117115000	117120000	0,0,0	6.5921226	0.99878407	3.4851625	2.6005495	3.6433065	4.4013176	1.4256461	6.712917
chr12	9290000	9295000	chr12	9435000	9440000	0,0,0	55.431885	1.0	13.81768	31.40093	42.916306	22.05928	16.836164	49.97122
chr12	101940000	101945000	chr12	102740000	102745000	0,0,0	7.690994	0.9999976	2.9492602	6.3475547	9.310873	7.3176312	2.9487834	12.959902
chr12	52900000	52905000	chr12	52950000	52955000	0,0,0	4.514247	0.9950814	2.7474065	1.2327207	2.634202	4.219531	0.9954622	5.315283
chr12	7675000	7680000	chr12	7805000	7810000	0,0,0	9.513779	1.0	3.4665651	4.573141	5.4674897	3.7423944	1.6992291	7.8074083
chr12	123040000	123045000	chr12	123235000	123240000	0,0,0	8.018234	1.0	3.1951761	3.5299366	5.26765	4.3448925	1.616241	7.4826136
chr12	131225000	131230000	chr12	131435000	131440000	0,0,0	9.673362	0.9999961	2.1172402	9.733038	10.345048	3.811693	3.1335113	12.463282
chr12	113460000	113465000	chr12	113910000	113915000	0,0,0	11.989812	1.0	3.4551501	6.502049	7.4693794	3.8590727	2.2552526	9.638672
chr12	89015000	89020000	chr12	89460000	89465000	0,0,0	9.340726	0.99999994	3.5660226	9.092509	11.886171	8.928881	4.592095	17.01111
chr12	62795000	62800000	chr12	63065000	63070000	0,0,0	9.1717615	1.0	3.2614067	3.6099973	5.14053	3.6891344	1.6513681	6.8980207
chr12	10330000	10335000	chr12	10560000	10565000	0,0,0	7.2144265	0.9999672	2.2536418	6.2340174	7.9783177	4.785588	2.328526	10.326936
chr12	104215000	104220000	chr12	104285000	104290000	0,0,0	4.664177	0.99695116	2.2743278	2.7672691	3.254714	3.3337965	1.2503638	5.7935915
chr12	7215000	7220000	chr12	7460000	7465000	0,0,0	9.221402	0.99999833	4.072433	5.541664	8.847762	8.391192	3.0206668	13.317116
chr12	118180000	118185000	chr12	118375000	118380000	0,0,0	7.1105514	0.9995838	3.5254366	3.148006	4.5591917	4.986922	1.6352133	7.7851496
chr12	575000	580000	chr12	745000	750000	0,0,0	6.030671	0.99773866	3.219955	1.9797081	3.4468663	4.3326917	1.2560652	6.092432
chr12	46675000	46680000	chr12	46930000	46935000	0,0,0	4.11848	0.9899375	2.1114573	2.241898	2.3812256	2.606614	1.0587728	4.5994124
chr12	52660000	52665000	chr12	52845000	52850000	0,0,0	5.200809	1.0	2.3798432	2.4989328	2.9135199	2.690723	0.8487538	4.911997
chr12	131850000	131855000	chr12	131945000	131950000	0,0,0	6.0503263	0.99840075	2.4312923	3.4018984	4.3169365	3.4149656	1.4470516	6.438875
chr12	65300000	65305000	chr12	65980000	65985000	0,0,0	7.415929	0.9999648	2.6946077	6.7750964	6.8135147	4.2324967	2.6120408	10.254805
chr12	12080000	12085000	chr12	12325000	12330000	0,0,0	5.8728876	0.99907553	3.390086	2.883888	3.1733737	4.423552	1.3646927	6.987008
chr12	110505000	110510000	chr12	110890000	110895000	0,0,0	4.435033	1.0	2.197076	1.4767346	2.3192487	2.5653493	0.7232127	3.8780024
chr12	110450000	110455000	chr12	110595000	110600000	0,0,0	7.2230186	1.0	3.040648	3.3240035	4.5621862	3.924862	1.6466672	6.8795314
chr12	1120000	1125000	chr12	1545000	1550000	0,0,0	6.5725965	0.99997264	2.815137	5.261652	6.755029	5.8304048	2.0540771	10.507429
chr12	105415000	105420000	chr12	105705000	105710000	0,0,0	4.283547	1.0	2.3234608	1.5613313	1.9715543	2.461536	0.8142896	3.849386
chr12	132845000	132850000	chr12	133245000	133250000	0,0,0	7.9384418	1.0	3.5926943	2.6443057	3.5452013	3.3399184	1.2886269	5.6904125
chr12	125180000	125185000	chr12	125400000	125405000	0,0,0	8.235308	1.0	2.979929	3.8152666	5.8733134	4.412131	2.1507418	7.803479
chr12	6195000	6200000	chr12	6280000	6285000	0,0,0	17.292624	1.0	5.544953	7.6032457	9.8967905	6.146599	2.8850832	12.90504
chr12	79415000	79420000	chr12	79735000	79740000	0,0,0	10.210846	0.99999416	4.6576004	5.1276746	7.6762094	7.4923368	2.1909735	12.05027
chr12	91810000	91815000	chr12	92565000	92570000	0,0,0	6.8037276	0.99976003	2.3359048	4.47061	6.317684	4.361955	1.6749567	8.335831
chr12	96060000	96065000	chr12	96515000	96520000	0,0,0	11.090699	1.0	4.552531	4.4639378	7.6038795	6.710171	2.1692753	10.678116
chr12	131100000	131105000	chr12	131450000	131455000	0,0,0	4.8424153	0.997586	2.4770188	2.4375176	3.3813756	3.8604207	1.6147367	6.027103
chr12	52140000	52145000	chr12	52875000	52880000	0,0,0	23.499514	1.0	8.842955	12.050565	14.575451	10.427634	4.0441318	21.139248
chr12	81450000	81455000	chr12	81625000	81630000	0,0,0	6.093618	1.0	2.4149983	3.1047971	3.800785	2.9153965	1.2467184	5.675216
chr12	5985000	5990000	chr12	6040000	6045000	0,0,0	5.4533267	0.99784195	2.3292794	2.7034204	4.1435423	3.736156	1.3437694	6.1391964
chr12	105080000	105085000	chr12	105380000	105385000	0,0,0	5.4888725	1.0	2.9344833	1.654855	2.2978253	2.8269665	0.972063	4.297949
chr12	50085000	50090000	chr12	50310000	50315000	0,0,0	4.484039	0.9914335	2.5439851	1.5173022	2.4595044	3.4116793	0.59634984	4.760392
chr12	84870000	84875000	chr12	85030000	85035000	0,0,0	9.4074135	1.0	3.892661	3.871108	6.1309624	5.3656545	2.2816737	8.80664
chr12	106385000	106390000	chr12	106840000	106845000	0,0,0	5.940008	0.9999622	3.1439705	3.257038	5.861612	7.2887397	1.9579948	10.183885
chr12	94135000	94140000	chr12	94530000	94535000	0,0,0	12.528574	1.0	6.212418	3.6876569	6.9448695	7.8792334	2.3457038	11.15715
chr12	89050000	89055000	chr12	89460000	89465000	0,0,0	9.767901	1.0	4.13168	8.048475	12.469844	11.140332	3.59123	18.294533
chr12	124165000	124170000	chr12	124765000	124770000	0,0,0	5.2173057	0.99921733	2.0487099	4.4258814	4.5753484	3.2194026	1.7312506	7.1535196
chr12	10605000	10610000	chr12	10745000	10750000	0,0,0	4.25587	1.0	2.5185637	1.3697774	1.4252291	2.0906725	0.7315561	3.3082526
chr12	70730000	70735000	chr12	71015000	71020000	0,0,0	8.766779	1.0	3.304555	4.5394573	5.6521387	4.1021843	1.8411726	8.137258
chr12	13025000	13030000	chr12	13210000	13215000	0,0,0	5.3052936	1.0	2.8769	1.8865906	2.4819164	3.1121726	0.9272076	4.789142
chr12	88575000	88580000	chr12	88990000	88995000	0,0,0	5.4826694	0.99682087	2.5367258	2.7608843	3.4485028	3.2976284	0.98445356	5.7517476
chr12	47075000	47080000	chr12	47305000	47310000	0,0,0	5.9800425	0.99990696	2.6919327	4.553285	5.699212	5.2362094	1.8940928	9.283574
chr12	30845000	30850000	chr12	30985000	30990000	0,0,0	10.027121	1.0	3.0842118	5.6893167	6.71267	3.776705	2.1762297	8.833876
chr12	64810000	64815000	chr12	64885000	64890000	0,0,0	4.7667108	1.0	2.608737	1.5122092	1.9206606	2.4399168	0.8057279	3.7841027
chr12	112195000	112200000	chr12	112385000	112390000	0,0,0	6.289027	0.9994584	2.5449016	4.100483	4.9466496	3.8768628	1.5601372	7.5217366
chr12	5020000	5025000	chr12	5080000	5085000	0,0,0	6.7194967	0.9992374	2.1297073	4.6072035	5.358982	3.084291	1.6740636	7.179583
chr12	109425000	109430000	chr12	109775000	109780000	0,0,0	8.878563	1.0	3.286392	4.065337	5.755923	4.30046	2.099047	7.9140935
chr12	90980000	90985000	chr12	91320000	91325000	0,0,0	6.506466	0.99923503	3.4451406	3.2790244	3.6363482	4.2617497	2.0843215	7.1764383
chr12	96580000	96585000	chr12	96975000	96980000	0,0,0	7.842294	1.0	4.1027207	2.6853545	3.393866	3.970169	1.4946005	6.3571506
chr12	1795000	1800000	chr12	1935000	1940000	0,0,0	9.09981	1.0	3.525107	4.3605967	6.380663	5.067529	2.2982676	8.943615
chr12	46125000	46130000	chr12	47020000	47025000	0,0,0	5.423457	0.9978508	2.7125568	2.5453146	3.525313	3.8807766	1.154507	6.1432786
chr12	109590000	109595000	chr12	109770000	109775000	0,0,0	4.3895116	0.9951598	2.5248365	2.161967	2.4577255	3.4096103	1.182488	5.331359
chr12	45170000	45175000	chr12	45390000	45395000	0,0,0	4.095821	0.99573207	2.3727136	2.1680045	2.5032434	3.5300817	1.254623	5.457197
chr12	132415000	132420000	chr12	132560000	132565000	0,0,0	5.039194	0.993914	2.596543	1.7137828	3.007539	3.5789273	1.22797	5.10229
chr12	93025000	93030000	chr12	93395000	93400000	0,0,0	7.4260774	0.99999386	2.974478	6.95948	7.760372	5.814148	2.788999	12.000353
chr12	56755000	56760000	chr12	56985000	56990000	0,0,0	12.654078	0.9999998	4.3416905	9.104393	11.403103	7.452169	3.4664156	15.544963
chr12	98565000	98570000	chr12	98995000	99000000	0,0,0	7.793675	1.0	3.0936956	3.495338	3.5931265	2.5610645	1.2324486	5.6680317
chr12	52580000	52585000	chr12	52865000	52870000	0,0,0	7.9004316	1.0	4.097861	2.9882843	4.2179284	4.939085	1.3724675	7.5953374
chr12	107130000	107135000	chr12	107605000	107610000	0,0,0	14.704951	1.0	5.9005876	8.75251	14.092584	11.96172	4.190652	19.74173
chr12	100345000	100350000	chr12	100550000	100555000	0,0,0	6.296695	1.0	2.2923057	3.4246166	3.998977	2.703545	1.3607721	5.7476487
chr12	49775000	49780000	chr12	50070000	50075000	0,0,0	9.314213	1.0	3.142947	5.23652	5.955783	3.6273592	1.8450488	8.282043
chr12	127105000	127110000	chr12	127290000	127295000	0,0,0	7.816262	0.9999362	2.8467991	5.4222436	6.886761	4.84174	2.1505148	9.661512
chr12	57070000	57075000	chr12	57180000	57185000	0,0,0	6.2329736	1.0	2.6559362	3.1009173	3.8158634	3.2281392	1.5489694	5.98451
chr12	2850000	2855000	chr12	3040000	3045000	0,0,0	5.319246	1.0	2.9157567	1.8792267	2.0455167	2.5577338	1.0148885	4.2281575
chr12	47070000	47075000	chr12	47685000	47690000	0,0,0	4.71554	0.9965141	2.2785988	2.760273	3.189904	3.2060323	1.4582301	5.659608
chr12	121695000	121700000	chr12	121885000	121890000	0,0,0	6.730741	1.0	2.823904	2.8032022	3.0554063	2.4225566	1.3759719	4.914292
chr12	15275000	15280000	chr12	15520000	15525000	0,0,0	9.073824	0.99998534	3.9313107	4.7506275	7.480161	6.906638	2.6922555	11.129418
chr12	75525000	75530000	chr12	76035000	76040000	0,0,0	12.177347	0.9999993	4.8328676	7.3667	9.66017	7.6111298	3.1128848	14.1593075
chr12	6065000	6070000	chr12	6280000	6285000	0,0,0	23.163103	1.0	7.54111	8.67602	11.919818	7.7157383	3.3613772	15.427755
chr12	122860000	122865000	chr12	122945000	122950000	0,0,0	7.143987	1.0	3.7682028	2.6053534	3.2762794	3.8858554	1.3768597	6.201725
chr12	130045000	130050000	chr12	130335000	130340000	0,0,0	10.565146	0.99999464	4.433127	5.5939655	8.204849	7.159155	2.9430065	12.131569
chr12	11550000	11555000	chr12	12030000	12035000	0,0,0	7.712817	0.9999954	3.817963	5.3957705	7.004595	7.500345	2.9814625	12.296586
chr12	65310000	65315000	chr12	65875000	65880000	0,0,0	5.3791704	0.9990983	2.6789763	2.6959982	4.151717	4.6155353	1.15792	7.0119786
chr12	46675000	46680000	chr12	47020000	47025000	0,0,0	7.8321786	1.0	3.5488005	2.1315472	3.6853495	3.6652603	1.1358625	5.5599694
chr12	47030000	47035000	chr12	47395000	47400000	0,0,0	4.854147	0.9990291	2.1275213	2.9047384	4.6369424	4.3560305	1.5302626	6.93802
chr12	14845000	14850000	chr12	14995000	15000000	0,0,0	9.018653	0.99996245	4.5278983	3.5362818	6.1610923	7.048029	2.1211078	10.191391
chr12	124035000	124040000	chr12	124765000	124770000	0,0,0	13.660917	0.99999994	5.4318256	8.138259	12.219549	10.071876	4.5044436	17.305883
chr12	107130000	107135000	chr12	107400000	107405000	0,0,0	8.513831	0.99995655	3.471748	4.526476	7.032412	6.02204	1.9270194	10.045574
chr12	108560000	108565000	chr12	108800000	108805000	0,0,0	10.395043	1.0	3.6492655	5.35473	6.4572763	4.2490144	2.510696	9.008775
chr12	121500000	121505000	chr12	121680000	121685000	0,0,0	5.873615	0.99920136	2.5262194	3.567832	4.568127	3.961917	1.9671987	7.1333227
chr12	89015000	89020000	chr12	89525000	89530000	0,0,0	13.738426	1.0	5.307959	9.928361	12.248016	9.126327	4.0655613	17.951536
chr12	42480000	42485000	chr12	43280000	43285000	0,0,0	8.200625	0.9999995	2.8921144	8.423726	10.458762	7.016747	3.4240513	14.504503
chr12	440000	445000	chr12	545000	550000	0,0,0	16.60216	1.0	5.77363	8.251779	10.334566	6.8542576	2.720068	14.189172
chr12	57260000	57265000	chr12	57450000	57455000	0,0,0	7.4031463	0.9998572	3.5854273	3.9009814	5.184299	5.387154	2.1498027	8.854693
chr12	75615000	75620000	chr12	76445000	76450000	0,0,0	4.928613	0.99658954	2.3896015	2.509026	3.3187146	3.451252	1.5171725	5.6814976
chr12	93570000	93575000	chr12	94100000	94105000	0,0,0	4.7246776	0.9928072	2.7887475	1.7045708	2.3073826	3.4200168	0.977259	4.935191
chr12	78470000	78475000	chr12	79375000	79380000	0,0,0	5.067817	1.0	2.5187862	2.022555	2.4546192	2.6122024	0.94341934	4.410029
chr12	48195000	48200000	chr12	48615000	48620000	0,0,0	7.357653	1.0	2.4625585	4.48549	4.7381268	2.7282352	1.6288506	6.7153378
chr12	49865000	49870000	chr12	50055000	50060000	0,0,0	9.3186865	1.0	3.6752222	4.249963	5.3095827	4.0790324	1.8368543	7.856777
chr12	115995000	116000000	chr12	116700000	116705000	0,0,0	4.492015	0.9974327	2.8898067	1.944322	2.352485	4.2372265	1.1571143	5.9655123
chr12	9745000	9750000	chr12	9925000	9930000	0,0,0	10.608387	1.0	3.5728927	5.621482	7.890132	5.3296466	2.1566837	10.326519
chr12	20945000	20950000	chr12	21170000	21175000	0,0,0	5.830337	1.0	2.6105456	2.2876253	3.7002943	3.5803897	1.4499048	5.6138344
chr12	88110000	88115000	chr12	88985000	88990000	0,0,0	6.2980533	0.9999397	3.310434	4.0864787	5.158676	6.0840573	2.1827826	9.716483
chr12	27730000	27735000	chr12	27940000	27945000	0,0,0	10.915636	1.0	4.953756	4.134534	5.3820515	5.053815	1.8321017	8.728956
chr12	79555000	79560000	chr12	79735000	79740000	0,0,0	5.7956576	1.0	2.6250968	3.0324638	3.2611568	2.8935158	1.3976909	5.5890393
chr12	93765000	93770000	chr12	93980000	93985000	0,0,0	6.28426	0.99960554	2.7796488	3.3831973	5.138912	4.8314743	1.4628569	7.8387613
chr12	113975000	113980000	chr12	114505000	114510000	0,0,0	8.530995	0.9999887	3.4579258	6.2284646	7.468279	5.852901	2.5388458	11.389314
chr12	68220000	68225000	chr12	68315000	68320000	0,0,0	4.7971125	1.0	2.3263109	1.7780651	2.5238292	2.6602283	0.90031904	4.240731
chr12	1115000	1120000	chr12	1580000	1585000	0,0,0	17.824472	1.0	5.623136	15.828515	19.936844	11.969647	6.1683426	26.039438
chr12	3135000	3140000	chr12	3275000	3280000	0,0,0	9.335567	1.0	3.5022068	4.212738	5.7013693	4.252345	1.6622767	7.997001
chr12	53210000	53215000	chr12	53285000	53290000	0,0,0	5.4242296	0.9987319	2.6383874	2.594346	4.05617	4.364848	1.0613847	6.6709337
chr12	95115000	95120000	chr12	95535000	95540000	0,0,0	10.994357	0.9999989	4.451984	7.263608	9.145289	7.2853527	2.7106402	13.741894
chr12	115400000	115405000	chr12	115750000	115755000	0,0,0	5.197507	1.0	2.7826335	2.224935	2.5404918	3.0541043	0.8654337	5.031824
chr12	109515000	109520000	chr12	109775000	109780000	0,0,0	8.826035	0.999949	3.6751437	4.3711767	6.8277383	5.998865	2.2049706	9.884356
chr12	69880000	69885000	chr12	70725000	70730000	0,0,0	10.374046	0.99999064	5.3488226	4.101619	6.7133074	7.93338	2.7265236	11.579264
chr12	71410000	71415000	chr12	71635000	71640000	0,0,0	6.4263043	0.9985312	2.9074254	3.3394556	3.9121222	3.5556123	1.5640498	6.5240173
chr12	92785000	92790000	chr12	93415000	93420000	0,0,0	6.9358826	0.9999044	3.742477	3.848185	4.7347045	5.8353915	2.0342762	9.256
chr12	71410000	71415000	chr12	71745000	71750000	0,0,0	9.703776	1.0	4.236543	3.5777435	5.2296133	4.7923203	1.8174835	7.9725366
chr12	14235000	14240000	chr12	14665000	14670000	0,0,0	6.933612	0.9999789	2.4877868	6.597469	7.48767	4.901818	2.4766586	10.766234
chr12	85465000	85470000	chr12	85865000	85870000	0,0,0	6.400564	0.99999446	2.778886	5.7435455	7.8306127	6.9997425	2.9247715	12.105116
chr12	13270000	13275000	chr12	14165000	14170000	0,0,0	6.5514927	0.9997806	3.2231061	3.5023444	4.9369855	5.312253	1.8342208	8.425448
chr12	89540000	89545000	chr12	90100000	90105000	0,0,0	5.2163887	0.9990178	2.832167	2.3379123	3.777621	4.848264	1.5438864	6.9264083
chr12	104195000	104200000	chr12	104825000	104830000	0,0,0	7.2103834	1.0	2.7739737	3.3277595	4.2216372	3.1639638	1.4381028	6.121972
chr12	68040000	68045000	chr12	68315000	68320000	0,0,0	5.500905	1.0	2.587454	1.9906032	2.786313	2.8002331	1.0219027	4.5696583
chr12	57830000	57835000	chr12	57905000	57910000	0,0,0	8.397684	1.0	3.9435294	3.1940157	5.361277	5.556951	1.7113297	8.396076
chr12	3295000	3300000	chr12	3800000	3805000	0,0,0	8.646285	0.99999624	3.6582232	6.0622387	8.232722	7.1071486	2.5116322	12.495806
chr12	76620000	76625000	chr12	76785000	76790000	0,0,0	11.028991	0.99999106	4.326743	5.5095634	8.282764	6.7269373	2.9181006	11.624327
chr12	122790000	122795000	chr12	122950000	122955000	0,0,0	10.903054	1.0	3.7514725	4.0762053	5.3370323	3.5727882	1.4669036	7.1960816
chr12	68865000	68870000	chr12	69065000	69070000	0,0,0	6.669622	1.0	3.3070073	2.3872607	3.32999	3.6203487	1.2986996	5.7423577
chr12	58345000	58350000	chr12	58445000	58450000	0,0,0	4.6855135	1.0	2.0879343	2.3177152	2.6086287	2.289116	1.0132471	4.349307
chr12	96060000	96065000	chr12	96210000	96215000	0,0,0	7.3322196	1.0	3.4662018	2.589975	4.726785	5.0071015	1.5946083	7.309302
chr12	57305000	57310000	chr12	57450000	57455000	0,0,0	5.080431	0.9981636	2.7285547	2.514558	3.3000965	4.065423	1.4225242	6.3005857
chr12	3885000	3890000	chr12	4035000	4040000	0,0,0	5.951332	0.9977062	2.1962647	3.3320813	4.326297	3.116319	1.2733849	6.078169
chr12	4305000	4310000	chr12	4525000	4530000	0,0,0	9.747398	1.0	3.2564173	4.8426037	5.9400887	3.731408	1.785461	8.035944
chr12	10770000	10775000	chr12	11195000	11200000	0,0,0	10.905906	0.9999898	3.9239836	6.887802	8.054289	5.372171	2.5376232	11.494661
chr12	6750000	6755000	chr12	6825000	6830000	0,0,0	4.137189	0.98791	2.3389785	1.7052672	2.1463048	2.9000378	0.9459457	4.4158306
chr12	85570000	85575000	chr12	85865000	85870000	0,0,0	6.56858	0.99993557	3.403055	3.829256	5.3525877	6.2472477	1.9641899	9.651031
chr12	88630000	88635000	chr12	88990000	88995000	0,0,0	4.6290565	0.9931909	2.3746243	1.7966783	2.8988824	3.3929608	0.98340607	4.9900084
chr12	75480000	75485000	chr12	76585000	76590000	0,0,0	6.3758955	0.999567	2.4526768	4.058774	5.417426	4.137695	1.7780854	7.745494
chr12	12375000	12380000	chr12	12700000	12705000	0,0,0	12.685103	0.9999997	5.13123	6.651122	10.737841	9.202419	2.76457	15.114529
chr12	51045000	51050000	chr12	51335000	51340000	0,0,0	5.0927486	1.0	2.6894305	2.0580897	2.4015048	2.8230689	1.0201834	4.652482
chr12	103625000	103630000	chr12	103870000	103875000	0,0,0	4.889525	1.0	2.3007185	2.2409804	2.6672206	2.586524	0.8124588	4.5785065
chr12	113980000	113985000	chr12	114475000	114480000	0,0,0	5.3208327	0.99974567	2.768492	4.023926	4.192225	4.7008033	1.744477	8.277626
chr12	122520000	122525000	chr12	122750000	122755000	0,0,0	4.4965577	1.0	2.129059	1.9079156	2.4592512	2.452978	0.75853443	4.148903
chr12	89050000	89055000	chr12	89345000	89350000	0,0,0	5.226129	0.99921006	2.4807081	3.563573	4.0824056	3.976674	1.346445	7.1442943
chr12	113045000	113050000	chr12	113150000	113155000	0,0,0	6.1167755	1.0	2.321318	3.1466365	4.2333117	3.1921031	1.1802244	5.9891133
chr12	79410000	79415000	chr12	80180000	80185000	0,0,0	5.1982946	0.9991622	2.6437666	2.898876	3.9910257	4.5086493	1.3902664	7.0854278
chr12	81645000	81650000	chr12	82325000	82330000	0,0,0	7.269173	0.9999962	3.68543	4.470766	7.37891	8.506875	2.7208116	12.480888
chr12	50500000	50505000	chr12	50635000	50640000	0,0,0	8.008331	0.9999445	3.6990447	4.090241	6.194679	6.164393	2.5719025	9.800162
chr12	111750000	111755000	chr12	111810000	111815000	0,0,0	5.9757123	0.9992606	2.342064	3.6430402	5.0291915	3.9721935	1.6172829	7.210451
chr12	93500000	93505000	chr12	93745000	93750000	0,0,0	6.3423553	0.9989882	2.9059322	3.0901003	4.2936964	4.149978	1.7392603	6.896734
chr12	42125000	42130000	chr12	42370000	42375000	0,0,0	4.7217436	0.99641126	2.4947858	2.020414	3.1391327	3.8346074	1.5296631	5.6305313
chr12	32760000	32765000	chr12	34020000	34025000	0,0,0	15.714149	1.0	7.730861	3.2285304	5.433481	6.0086894	2.0945528	8.878494
chr12	75525000	75530000	chr12	76455000	76460000	0,0,0	6.579901	0.99997926	2.1857264	6.2602005	8.122632	5.2193804	2.2273066	10.784003
chr12	5170000	5175000	chr12	5440000	5445000	0,0,0	6.412284	0.99986786	3.001298	2.7614121	6.0435305	6.477738	2.216251	8.932326
chr12	11580000	11585000	chr12	12030000	12035000	0,0,0	14.681407	1.0	5.3974442	12.078997	16.150188	11.720819	4.700184	22.457706
chr12	105420000	105425000	chr12	106205000	106210000	0,0,0	7.962067	1.0	3.8827016	3.199845	4.5952034	4.8943086	1.4906274	7.7386155
chr12	55740000	55745000	chr12	56030000	56035000	0,0,0	7.0248847	1.0	3.4025939	2.1670392	3.4635744	3.7175188	1.2528428	5.643776
chr12	120330000	120335000	chr12	121100000	121105000	0,0,0	7.522917	1.0	3.4118614	2.8499315	3.0996573	2.7657444	1.447558	5.299017
chr12	52155000	52160000	chr12	52365000	52370000	0,0,0	7.121589	0.99966615	3.073663	3.905079	5.157571	4.534543	1.7643358	8.005724
chr12	95215000	95220000	chr12	95530000	95535000	0,0,0	5.5424237	0.9985987	2.1140988	3.5575714	4.5721073	3.40873	2.0240645	6.5710154
chr12	63670000	63675000	chr12	63800000	63805000	0,0,0	12.841895	1.0	4.0185547	5.449216	6.476678	3.727116	1.873016	8.570864
chr12	101410000	101415000	chr12	101755000	101760000	0,0,0	4.836853	0.99899685	2.1724105	3.5207405	4.1832314	3.775812	1.6109127	6.905359
chr12	70585000	70590000	chr12	70715000	70720000	0,0,0	9.205835	1.0	4.593122	3.1444495	4.1496778	4.5134153	1.9713835	7.3084817
chr12	47030000	47035000	chr12	47685000	47690000	0,0,0	9.857593	1.0	3.5392892	5.4492855	6.930949	4.797352	1.8774824	9.641161
chr12	91380000	91385000	chr12	91810000	91815000	0,0,0	4.2530794	1.0	2.3144298	1.7070651	2.0570698	2.5692556	0.70847994	4.086647
chr12	31685000	31690000	chr12	31965000	31970000	0,0,0	4.8903694	0.9936551	2.8122768	1.876991	2.4215705	3.3921943	1.0279069	5.060631
chr12	27430000	27435000	chr12	27635000	27640000	0,0,0	8.131644	0.9999919	3.7751384	6.0701075	6.7803583	6.329773	2.0389028	11.725424
chr12	54855000	54860000	chr12	54955000	54960000	0,0,0	6.3681126	1.0	2.8998783	2.9475543	3.8984344	3.6929464	1.5495006	6.3129945
chr12	31400000	31405000	chr12	31635000	31640000	0,0,0	14.114445	0.99999946	4.752778	8.114599	10.880315	7.2006006	3.0658472	14.413578
chr12	67355000	67360000	chr12	67940000	67945000	0,0,0	11.520702	0.99999994	3.9109528	9.797635	11.990452	7.6553674	3.8196945	16.364378
chr12	38325000	38330000	chr12	39100000	39105000	0,0,0	9.346362	0.99997956	3.1082008	6.1298347	8.197696	5.3507943	3.0086298	10.799537
chr12	49965000	49970000	chr12	50070000	50075000	0,0,0	4.599813	1.0	2.0700002	2.1773806	2.5492568	2.2979383	0.89487326	4.233388
chr12	114665000	114670000	chr12	115395000	115400000	0,0,0	10.161916	0.99999994	3.908915	8.863362	11.987103	9.19832	3.9525642	17.076864
chr12	13250000	13255000	chr12	13980000	13985000	0,0,0	6.0752277	0.9999019	2.732796	4.426005	5.721858	5.296148	1.9157007	9.230374
chr12	120225000	120230000	chr12	120265000	120270000	0,0,0	7.698075	0.9997088	2.6647074	4.6387544	5.9989986	4.0188675	1.8239247	8.142204
chr12	29520000	29525000	chr12	30840000	30845000	0,0,0	8.664404	0.9999973	3.3232229	7.022661	8.852236	6.5934997	3.6475723	12.835865
chr12	32945000	32950000	chr12	34020000	34025000	0,0,0	17.393373	1.0	7.362823	6.8044024	9.221674	7.9614367	4.380277	14.009794
chr12	102880000	102885000	chr12	103545000	103550000	0,0,0	8.471228	0.9999945	3.1775146	6.1926928	8.730896	6.6083207	2.94958	12.112937
chr12	51265000	51270000	chr12	51335000	51340000	0,0,0	4.734862	0.99317175	2.4065688	1.438814	3.112437	3.7082613	1.0414469	4.9872074
chr12	22080000	22085000	chr12	22630000	22635000	0,0,0	4.546297	0.98973364	2.2125454	2.1860082	2.580001	2.6362407	1.0813315	4.579359
chr12	115775000	115780000	chr12	115915000	115920000	0,0,0	6.7144423	1.0	2.5775802	3.2224565	4.0141797	2.979092	1.212337	5.8434978
chr12	87275000	87280000	chr12	87845000	87850000	0,0,0	4.326589	0.9987739	2.4050493	2.8407512	3.2322164	4.179461	1.2700042	6.7045736
chr12	7855000	7860000	chr12	7995000	8000000	0,0,0	7.4833937	1.0	3.0587316	3.8243592	4.3000946	3.3249009	1.7831533	6.7243314
chr12	21695000	21700000	chr12	21985000	21990000	0,0,0	11.016804	0.9999999	4.017899	8.741856	11.459714	8.1773815	3.4038029	15.94792
chr12	103880000	103885000	chr12	104105000	104110000	0,0,0	8.450943	1.0	4.215671	2.2292545	4.237324	4.8530874	1.0835454	6.834647
chr12	54990000	54995000	chr12	55070000	55075000	0,0,0	8.58232	1.0	3.6113763	3.1693294	4.903258	4.351701	1.2413744	7.1688824
chr12	69355000	69360000	chr12	69635000	69640000	0,0,0	5.8353677	0.9998974	2.2452562	5.064818	6.298202	4.6840363	2.4255483	9.186097
chr12	18860000	18865000	chr12	19180000	19185000	0,0,0	6.5631895	0.999815	3.084212	3.3892493	5.4248	5.5831723	1.8233691	8.595839
chr12	59405000	59410000	chr12	60490000	60495000	0,0,0	7.0412636	0.99969965	2.5740185	4.3394246	5.871275	4.254215	1.8451737	8.111482
chr12	51420000	51425000	chr12	51530000	51535000	0,0,0	5.642305	0.9965357	2.6719728	2.2047732	3.558113	3.7060373	1.1972193	5.665836
chr12	64795000	64800000	chr12	65120000	65125000	0,0,0	8.002683	0.99980086	3.4699907	4.099468	5.492653	4.8785505	1.9576231	8.522523
chr12	110510000	110515000	chr12	110600000	110605000	0,0,0	6.873591	0.9996912	2.6277022	4.034455	5.7848444	4.49742	1.6891327	8.083603
chr12	9745000	9750000	chr12	10140000	10145000	0,0,0	9.198055	1.0	3.2307494	5.5246305	6.137648	3.8690436	2.342329	8.779826
chr12	106385000	106390000	chr12	106915000	106920000	0,0,0	7.3414645	0.999999	3.0550904	6.6687503	9.280764	7.9003906	2.9362998	13.828169
chr12	105425000	105430000	chr12	105675000	105680000	0,0,0	4.507508	1.0	2.2662697	2.0803668	2.2618332	2.4009695	1.1014973	4.2501845
chr12	111825000	111830000	chr12	112385000	112390000	0,0,0	6.9522777	0.99947894	3.1492858	3.3831687	4.770349	4.5531287	2.6377978	7.5603895
chr12	52390000	52395000	chr12	52875000	52880000	0,0,0	11.053189	0.9999974	4.55689	6.527341	8.542898	7.054491	2.7643776	12.856572
chr12	98695000	98700000	chr12	98990000	98995000	0,0,0	6.541416	0.99977344	2.9686382	4.0172043	5.1543365	4.8225327	2.024437	8.393381
chr12	48535000	48540000	chr12	48615000	48620000	0,0,0	4.160658	1.0	2.0637994	1.8313007	2.0533783	2.1425753	0.66903144	3.7703984
chr12	12375000	12380000	chr12	12560000	12565000	0,0,0	5.7878394	0.99879444	2.451696	3.3612604	4.3729725	3.7337036	1.4756675	6.721491
chr12	112995000	113000000	chr12	113170000	113175000	0,0,0	4.9753084	1.0	2.6048608	1.8947489	1.961825	2.223676	0.87890804	3.9078975
chr12	4605000	4610000	chr12	4755000	4760000	0,0,0	4.37139	0.99544805	2.1090639	2.3886318	3.1664925	3.269534	1.1511841	5.3927627
chr12	58340000	58345000	chr12	59150000	59155000	0,0,0	6.163086	0.99989116	3.0107987	3.65782	5.464891	5.8751483	1.4217714	9.126544
chr12	52025000	52030000	chr12	52115000	52120000	0,0,0	8.326258	1.0	3.6993632	2.5469432	3.7024062	3.46678	1.125693	5.7307296
chr12	26095000	26100000	chr12	26645000	26650000	0,0,0	4.919482	0.9984601	2.4953349	2.8247743	3.5743406	3.965822	1.3102767	6.4767327
chr12	62580000	62585000	chr12	62790000	62795000	0,0,0	8.1532545	1.0	3.7964242	2.9181433	5.290328	5.489708	1.771552	8.083612
chr12	31685000	31690000	chr12	31860000	31865000	0,0,0	4.2753615	1.0	2.2226634	1.3459833	1.934299	2.2790692	0.6360538	3.475499
chr12	80410000	80415000	chr12	80760000	80765000	0,0,0	4.780555	0.99752045	2.1312902	2.9438796	3.7237144	3.3835213	1.0869125	6.0003033
chr12	41270000	41275000	chr12	42025000	42030000	0,0,0	8.311792	0.99994946	3.6535544	4.609748	6.3591213	5.79643	2.6865625	9.893984
chr12	27015000	27020000	chr12	27305000	27310000	0,0,0	5.6088614	0.99825764	2.8998187	2.24324	3.6729813	4.359191	1.4248686	6.3531823
chr12	76620000	76625000	chr12	76925000	76930000	0,0,0	6.3097467	0.9993013	2.5892336	3.7004466	4.8450623	3.9777653	1.7654124	7.267051
chr12	31680000	31685000	chr12	32055000	32060000	0,0,0	7.7362137	0.99980557	3.5080771	4.075699	5.260449	4.923515	2.0851805	8.546358
chr12	99810000	99815000	chr12	100555000	100560000	0,0,0	6.279675	1.0	2.8822167	3.0723348	3.7169561	3.4831715	1.377241	6.2141356
chr12	120325000	120330000	chr12	120645000	120650000	0,0,0	5.6679707	1.0	2.5804904	1.7712009	2.5809631	2.4984884	0.8196971	4.0728893
chr12	53770000	53775000	chr12	53985000	53990000	0,0,0	7.0529723	0.9997802	3.6178765	3.3412895	4.739678	5.453475	1.6057571	8.423511
chr12	62435000	62440000	chr12	62795000	62800000	0,0,0	10.774689	1.0	4.197899	4.838606	6.9863653	5.5609126	2.5912747	9.861896
chr12	126070000	126075000	chr12	127380000	127385000	0,0,0	7.276321	0.99932593	2.972356	3.1189961	5.190008	4.5304546	1.7035792	7.3028955
chr12	13095000	13100000	chr12	13210000	13215000	0,0,0	9.3414955	1.0	4.123698	4.1211233	5.7507772	5.287019	1.936847	8.950239
chr12	65310000	65315000	chr12	65685000	65690000	0,0,0	4.383221	0.99046093	2.426752	1.944655	2.2726948	2.9242585	1.1237112	4.6528406
chr12	93565000	93570000	chr12	93740000	93745000	0,0,0	4.3558	0.9959135	2.1768157	2.2582242	3.1703978	3.4933233	1.2188175	5.5006337
chr12	6060000	6065000	chr12	6195000	6200000	0,0,0	6.6049266	0.9991954	3.2267275	2.909626	4.239985	4.539587	1.4074029	7.125921
chr12	114660000	114665000	chr12	115915000	115920000	0,0,0	9.155226	0.99996024	3.8423078	5.0053463	6.6856813	5.6841674	2.9042664	10.133364
chr12	98425000	98430000	chr12	98995000	99000000	0,0,0	6.8935895	1.0	3.1438324	2.4826236	3.132788	2.9397106	1.09336	5.146487
chr12	8655000	8660000	chr12	8885000	8890000	0,0,0	4.572243	0.9940102	2.1455612	1.9435244	3.2727098	3.3906567	0.93118846	5.118234
chr12	79410000	79415000	chr12	79695000	79700000	0,0,0	5.0811768	0.99672484	2.4945185	2.774537	3.16409	3.2557242	1.401426	5.721979
chr12	26120000	26125000	chr12	26270000	26275000	0,0,0	4.3918962	0.9926984	2.1459625	2.341788	2.7604825	2.8385768	0.8409655	4.920166
chr12	32060000	32065000	chr12	32310000	32315000	0,0,0	7.7259636	0.9997548	3.6643229	4.295791	4.681574	4.4956727	1.7543138	8.314154
chr12	52140000	52145000	chr12	52970000	52975000	0,0,0	13.4640465	1.0	5.3935595	6.0900884	6.582627	4.866208	2.6242259	10.279619
chr12	12375000	12380000	chr12	12655000	12660000	0,0,0	5.036704	0.9997968	2.7829883	2.4148622	4.7369304	6.3556786	1.5689634	8.502222
chr12	63100000	63105000	chr12	63800000	63805000	0,0,0	10.113482	1.0	4.3185954	3.438718	3.7176566	3.0162642	1.5678214	6.0729027
chr12	96575000	96580000	chr12	98370000	98375000	0,0,0	10.411748	0.9999988	3.1941717	8.357557	10.571338	6.1888843	3.3517294	13.617825
chr12	85465000	85470000	chr12	85915000	85920000	0,0,0	4.8348446	0.9999014	2.5430958	3.4330359	5.1164656	6.174251	2.097922	9.225839
chr12	124335000	124340000	chr12	124760000	124765000	0,0,0	5.7793503	0.99793524	2.9750998	2.8980737	3.238925	3.6073194	1.6319523	6.1833844
chr12	110100000	110105000	chr12	110600000	110605000	0,0,0	5.666387	0.9967457	2.8923264	2.4294426	3.1671634	3.5688672	1.3420982	5.7283716
chr12	103625000	103630000	chr12	104110000	104115000	0,0,0	5.0567517	1.0	2.570089	2.1440716	2.6310148	2.9135735	1.1015774	4.819415
chr12	94545000	94550000	chr12	94760000	94765000	0,0,0	4.8081064	0.99451745	2.6626976	1.5798407	2.8401952	3.8024204	0.71231794	5.206723
chr12	89545000	89550000	chr12	90855000	90860000	0,0,0	4.400059	0.99666506	2.2984986	2.5543382	2.979547	3.4333682	1.6132302	5.7038913
chr12	5745000	5750000	chr12	5870000	5875000	0,0,0	8.413412	0.9999093	2.6229813	6.152389	6.9344	3.8401697	2.2264276	9.30896
chr12	79410000	79415000	chr12	80265000	80270000	0,0,0	6.1953793	0.99946225	3.4980023	2.8436484	3.7000296	5.001244	1.7954257	7.5289316
chr12	70730000	70735000	chr12	70845000	70850000	0,0,0	7.5088043	1.0	3.628338	2.2910886	4.626675	5.1118903	1.7750936	7.148413
chr12	99385000	99390000	chr12	99765000	99770000	0,0,0	8.834748	0.9999458	3.1937497	5.325582	7.138631	5.090577	2.093769	9.824428
chr12	104375000	104380000	chr12	104825000	104830000	0,0,0	6.131792	0.9992898	3.107375	2.6502154	4.26288	4.8949733	1.8464988	7.25072
chr12	13275000	13280000	chr12	13660000	13665000	0,0,0	4.643805	0.9967014	2.3318613	2.6091542	3.1410074	3.3956118	1.2177967	5.7148595
chr12	75830000	75835000	chr12	76025000	76030000	0,0,0	13.367759	0.99999994	3.0023918	11.229733	14.3151045	6.4678125	4.1664023	16.449799
chr12	129190000	129195000	chr12	129910000	129915000	0,0,0	12.718168	1.0	3.513518	13.667556	17.89959	9.722659	4.8120394	21.871597
chr12	29075000	29080000	chr12	29315000	29320000	0,0,0	7.238515	0.9997502	2.7325413	4.8568263	5.640452	3.978525	1.8028189	8.295704
chr12	92785000	92790000	chr12	92975000	92980000	0,0,0	4.6647635	1.0	2.203169	2.2096725	2.520443	2.4326258	0.9006859	4.3967786
chr12	99045000	99050000	chr12	99620000	99625000	0,0,0	4.1464634	0.992521	2.091006	1.9494021	2.8176322	3.1633604	1.1383475	4.8961625
chr12	56755000	56760000	chr12	57060000	57065000	0,0,0	6.8538136	0.99969023	2.4375663	4.501297	5.8847275	4.079314	1.6890447	8.080467
chr12	62435000	62440000	chr12	63065000	63070000	0,0,0	7.071326	0.99981546	3.5614104	3.8337162	4.7517877	5.1907344	1.6779805	8.598482
chr12	15530000	15535000	chr12	15855000	15860000	0,0,0	7.5722337	0.999995	3.1603503	6.5686045	7.8238792	6.363014	2.4924378	12.201774
chr12	69895000	69900000	chr12	70575000	70580000	0,0,0	9.601243	0.9999998	4.535456	6.7857857	9.320821	9.3899145	3.1430645	15.421725
chr12	34120000	34125000	chr12	34215000	34220000	0,0,0	8.270428	1.0	2.864536	4.200588	5.9716024	4.169584	1.6461061	7.9034405
chr12	54395000	54400000	chr12	54440000	54445000	0,0,0	4.282086	0.98877466	2.3102381	1.3137957	2.573746	3.3222303	0.9377717	4.490049
chr12	56510000	56515000	chr12	56570000	56575000	0,0,0	5.343153	0.99951315	2.439979	3.4869986	4.7328057	4.5288177	1.3201548	7.6283717
chr12	19905000	19910000	chr12	20600000	20605000	0,0,0	4.8499312	0.99775136	2.2514026	3.262549	3.4738274	3.198028	1.2195816	6.0980716
chr12	34030000	34035000	chr12	34620000	34625000	0,0,0	10.173809	0.9999722	3.3629918	5.788911	8.081246	5.347228	2.8247323	10.492927
chr12	122050000	122055000	chr12	122120000	122125000	0,0,0	7.9125333	0.9999599	2.7732573	5.770595	7.389412	4.9948378	2.2309465	10.124256
chr12	104380000	104385000	chr12	105050000	105055000	0,0,0	8.571347	0.9999914	3.699882	5.6645193	7.528617	6.632054	1.9570036	11.667181
chr12	47030000	47035000	chr12	47305000	47310000	0,0,0	5.9399137	0.999914	2.3376608	4.938133	6.401996	4.9723945	1.9224637	9.361846
chr12	27730000	27735000	chr12	28170000	28175000	0,0,0	10.719823	1.0	3.7984173	3.9402184	4.971543	3.3783395	1.8096033	6.880756
chr12	89540000	89545000	chr12	90250000	90255000	0,0,0	4.1153445	0.99187845	2.1264145	2.0027447	2.6337202	3.0335176	1.0310813	4.813735
chr16	22200000	22205000	chr16	22295000	22300000	0,0,0	10.452937	1.0	5.1424203	2.9831061	5.3332567	5.9458475	2.0880518	8.597497
chr16	70370000	70375000	chr16	70650000	70655000	0,0,0	7.922184	1.0	3.1794956	4.1274934	5.0632753	3.9502995	1.6610036	7.6191826
chr16	82030000	82035000	chr16	82230000	82235000	0,0,0	8.873535	0.9999475	3.9566667	4.427065	6.3189254	5.9199576	1.8629718	9.855126
chr16	21185000	21190000	chr16	21555000	21560000	0,0,0	21.909664	1.0	10.603662	2.3587267	3.4486263	3.6431837	1.5176357	5.7398295
chr16	83960000	83965000	chr16	84060000	84065000	0,0,0	7.6942677	1.0	4.015365	2.6294327	4.161057	4.992228	1.6425273	7.3295016
chr16	68260000	68265000	chr16	68325000	68330000	0,0,0	7.804922	1.0	3.249063	3.7995422	4.953398	4.136603	1.6621165	7.5139737
chr16	81935000	81940000	chr16	82225000	82230000	0,0,0	5.8555126	0.9990584	3.1134543	2.3616984	3.9181056	4.8693743	1.7301968	6.968662
chr16	19385000	19390000	chr16	19500000	19505000	0,0,0	11.454517	1.0	3.7328405	6.313212	8.901461	5.8360767	2.4705293	11.447821
chr16	57775000	57780000	chr16	57860000	57865000	0,0,0	8.273394	0.9998858	2.7973166	6.192383	6.2930555	3.5743845	1.9988791	9.078725
chr16	87395000	87400000	chr16	87635000	87640000	0,0,0	5.6132636	0.9967332	2.6521683	2.6963644	3.3702443	3.3277674	0.99943054	5.724536
chr16	86070000	86075000	chr16	86515000	86520000	0,0,0	15.865563	1.0	5.9706335	6.817652	10.446232	8.157623	3.3343794	14.217758
chr16	19905000	19910000	chr16	20380000	20385000	0,0,0	9.424137	0.99999833	4.180462	6.062014	8.539207	7.919985	2.875099	13.308441
chr16	10970000	10975000	chr16	11255000	11260000	0,0,0	11.960611	0.9999991	5.600992	5.9968333	8.569956	8.593817	2.7626796	13.9243355
chr16	10315000	10320000	chr16	10505000	10510000	0,0,0	8.155241	0.9999444	3.3039422	4.788851	6.712671	5.5412707	2.1365986	9.798027
chr16	68845000	68850000	chr16	69120000	69125000	0,0,0	5.646166	0.9989664	2.5713053	3.1150403	4.292961	4.1065025	1.582743	6.8754272
chr16	57755000	57760000	chr16	58000000	58005000	0,0,0	12.018757	1.0	3.8433702	6.4087095	7.0765953	3.976442	2.5565464	9.673073
chr16	80525000	80530000	chr16	80820000	80825000	0,0,0	7.23125	0.99946314	3.0322256	4.067808	4.7986555	3.91475	1.8495893	7.530579
chr16	84275000	84280000	chr16	84485000	84490000	0,0,0	7.0270257	0.99990386	2.963327	4.415852	6.1510653	5.3256946	2.2934632	9.250896
chr16	65000	70000	chr16	360000	365000	0,0,0	7.342548	0.99937534	3.528614	2.887061	4.545388	4.812801	2.0714557	7.379077
chr16	13920000	13925000	chr16	14280000	14285000	0,0,0	11.521754	0.9999991	4.827676	6.4377494	9.422815	8.203127	3.4691834	13.9255705
chr16	19905000	19910000	chr16	20300000	20305000	0,0,0	6.369105	0.9999197	3.2507699	3.1034741	5.663134	6.6724963	2.0726109	9.43114
chr16	51815000	51820000	chr16	51980000	51985000	0,0,0	8.397	1.0	3.0313334	4.026519	6.0864396	4.5332704	1.6997687	8.112399
chr16	75195000	75200000	chr16	75760000	75765000	0,0,0	28.90095	1.0	7.923036	6.426426	7.105862	3.3861372	2.5430014	9.098516
chr16	10515000	10520000	chr16	10735000	10740000	0,0,0	13.733345	1.0	5.542312	4.728427	9.802112	8.85196	2.9760075	13.055007
chr16	31990000	31995000	chr16	32935000	32940000	0,0,0	19.923634	1.0	3.7181797	21.878773	25.150032	8.948856	7.976448	28.396654
chr16	16530000	16535000	chr16	18175000	18180000	0,0,0	30.19201	1.0	6.971044	66.40129	70.716354	27.449188	27.416576	86.472565
chr16	49405000	49410000	chr16	49915000	49920000	0,0,0	7.184927	1.0	3.3564787	2.7742682	3.2460232	3.098874	1.2451419	5.5648904
chr16	75790000	75795000	chr16	76650000	76655000	0,0,0	8.47084	0.99996525	3.6997383	4.7811747	6.645555	6.017712	2.0018315	10.267645
chr16	47140000	47145000	chr16	48160000	48165000	0,0,0	7.0277247	0.99999756	3.055316	6.894594	7.9771113	6.806711	2.8640776	12.93524
chr16	10965000	10970000	chr16	11370000	11375000	0,0,0	6.7547965	1.0	3.818296	2.4405856	2.712261	3.6200342	0.94143283	5.7894435
chr16	55465000	55470000	chr16	55700000	55705000	0,0,0	20.379002	1.0	5.881934	12.980012	17.819166	10.332419	5.304939	21.870207
chr16	8660000	8665000	chr16	8790000	8795000	0,0,0	11.531402	1.0	3.4888215	6.841797	8.759866	5.0958123	2.4830472	11.17741
chr16	56575000	56580000	chr16	56700000	56705000	0,0,0	6.38837	0.9992737	3.1550045	2.703792	4.364494	4.8249435	1.2933773	7.2283144
chr16	77235000	77240000	chr16	77660000	77665000	0,0,0	7.611947	1.0	3.251468	3.702362	4.743339	4.076589	1.4570931	7.3675776
chr16	75230000	75235000	chr16	75385000	75390000	0,0,0	6.477252	0.99992573	3.0250514	4.1965885	5.8201904	5.778304	1.7986326	9.508605
chr16	82260000	82265000	chr16	82575000	82580000	0,0,0	5.8416815	1.0	2.998626	2.0986097	2.8821955	3.304573	1.3995272	5.170004
chr16	48685000	48690000	chr16	49350000	49355000	0,0,0	9.630814	0.9999998	4.4056506	6.6891317	9.738786	9.487522	3.0462108	15.433418
chr16	55945000	55950000	chr16	56315000	56320000	0,0,0	7.314814	0.9997936	2.580142	5.6740527	5.7459116	3.4429107	2.0403178	8.486513
chr16	75785000	75790000	chr16	77170000	77175000	0,0,0	9.6495695	0.9999662	4.459987	5.2583947	6.023081	5.622286	2.3301306	10.296414
chr16	87775000	87780000	chr16	87910000	87915000	0,0,0	7.3618693	1.0	4.252389	1.5193435	2.974347	4.307392	1.075595	5.65792
chr16	20845000	20850000	chr16	21085000	21090000	0,0,0	7.9405785	0.99999154	3.9901881	4.3205147	6.918364	7.8387127	2.9785707	11.679171
chr16	1860000	1865000	chr16	1930000	1935000	0,0,0	7.4399633	1.0	3.6281881	3.0432847	4.3225574	4.595291	1.4085679	7.3004327
chr16	2020000	2025000	chr16	2140000	2145000	0,0,0	9.005838	1.0	4.166244	3.2749019	4.181558	4.0191507	1.6318688	6.9301744
chr16	52065000	52070000	chr16	52910000	52915000	0,0,0	12.085533	1.0	4.0068502	12.535915	13.905244	8.171312	4.1705294	19.314348
chr16	74310000	74315000	chr16	74620000	74625000	0,0,0	9.93808	0.9999725	4.54106	4.7909102	6.517623	6.2454486	2.5724618	10.504035
chr16	15765000	15770000	chr16	16125000	16130000	0,0,0	5.8763676	0.9999427	2.7439451	4.4782047	5.8971972	5.788046	2.128015	9.768673
chr16	24040000	24045000	chr16	24500000	24505000	0,0,0	15.529419	0.99999994	5.0694466	9.320335	12.780137	8.286641	3.5021682	16.571383
chr16	57575000	57580000	chr16	57720000	57725000	0,0,0	9.004106	1.0	4.539227	2.5913858	4.1635003	4.742493	1.4109913	7.045947
chr16	84755000	84760000	chr16	84950000	84955000	0,0,0	8.62612	0.9999616	4.4292994	4.0198054	5.720832	6.596253	1.9751381	10.169413
chr16	30445000	30450000	chr16	30625000	30630000	0,0,0	7.017578	1.0	3.2885735	3.3778508	4.019279	3.8724835	1.4042884	6.8750176
chr16	57895000	57900000	chr16	58000000	58005000	0,0,0	5.426006	0.9961109	2.686267	2.5601072	3.0987394	3.274509	1.3330928	5.55016
chr16	13920000	13925000	chr16	14525000	14530000	0,0,0	10.287923	1.0	4.886786	3.49423	4.1381407	4.0684557	1.2364343	7.1744375
chr16	74995000	75000000	chr16	75110000	75115000	0,0,0	7.8588614	0.9998621	3.8721933	3.7982802	5.147071	5.5134106	1.8639094	8.88966
chr16	57300000	57305000	chr16	57415000	57420000	0,0,0	15.864479	1.0	4.256184	10.093758	12.365174	6.25733	3.8571332	15.22956
chr16	86560000	86565000	chr16	87060000	87065000	0,0,0	12.777646	0.99999964	5.1881547	6.523423	10.441828	8.966994	3.2381005	14.765593
chr16	74705000	74710000	chr16	74860000	74865000	0,0,0	7.7984695	0.9996658	2.8476515	4.815093	5.532521	3.7244618	1.9374357	8.004544
chr16	19085000	19090000	chr16	19165000	19170000	0,0,0	5.4202538	1.0	2.7988625	2.4057348	2.661721	2.9756901	0.9060785	5.114121
chr16	88440000	88445000	chr16	88525000	88530000	0,0,0	6.839728	1.0	2.8774285	2.754377	4.4899178	4.0334625	1.2846974	6.481797
chr16	31215000	31220000	chr16	31440000	31445000	0,0,0	7.728836	1.0	3.0382245	3.6166935	4.2656474	3.1904538	1.5668333	6.4052925
chr16	72240000	72245000	chr16	72465000	72470000	0,0,0	9.074178	1.0	3.1728158	4.98085	6.3922124	4.313897	1.9438579	8.741319
chr16	10250000	10255000	chr16	10735000	10740000	0,0,0	5.602281	1.0	2.716925	1.8896457	3.2258961	3.5030184	1.1061968	5.1827035
chr16	4730000	4735000	chr16	4955000	4960000	0,0,0	6.099461	0.9985666	2.9451187	3.0828667	3.7500012	3.8080873	1.3212955	6.548413
chr16	78120000	78125000	chr16	78235000	78240000	0,0,0	7.450251	1.0	3.0931253	3.0298302	4.3090982	3.680247	1.472073	6.3734293
chr16	12570000	12575000	chr16	12815000	12820000	0,0,0	5.861096	0.9994658	3.1337662	2.1824126	4.387688	5.5956135	1.208173	7.535536
chr16	55460000	55465000	chr16	55840000	55845000	0,0,0	9.805939	1.0	4.354098	2.746807	4.454936	4.2675953	1.3884131	6.709202
chr16	12450000	12455000	chr16	12820000	12825000	0,0,0	5.6935086	0.99837494	2.7742808	2.294503	3.9983745	4.3833275	1.0090911	6.422886
chr16	86335000	86340000	chr16	86515000	86520000	0,0,0	9.782684	1.0	4.2592583	4.357773	5.703994	5.061831	2.346004	8.935407
chr16	67670000	67675000	chr16	67925000	67930000	0,0,0	11.351843	1.0	3.540179	6.9042883	8.483868	4.963854	2.703344	11.100999
chr16	86560000	86565000	chr16	87275000	87280000	0,0,0	15.646262	1.0	5.363971	6.168166	7.929681	5.243153	2.3232298	10.725967
chr16	11405000	11410000	chr16	11810000	11815000	0,0,0	7.825996	1.0	3.6885624	3.5744524	3.9234672	3.7358823	2.0256085	6.913173
chr16	84510000	84515000	chr16	84620000	84625000	0,0,0	7.3546653	1.0	3.3577962	2.4812233	3.977876	3.9401157	1.0895686	6.145648
chr16	15760000	15765000	chr16	16190000	16195000	0,0,0	6.8936	0.9998578	3.1980522	4.186991	5.3271203	5.1372795	2.0415468	8.85905
chr16	52065000	52070000	chr16	53015000	53020000	0,0,0	10.48066	0.999998	4.1174088	7.18088	8.843969	6.72434	3.2355316	13.107345
chr16	81400000	81405000	chr16	81720000	81725000	0,0,0	9.301276	0.9999981	4.1358366	5.8840027	8.490856	7.945364	2.5815496	13.17559
chr16	19085000	19090000	chr16	19375000	19380000	0,0,0	10.709982	0.999979	4.148727	5.5169506	7.5537596	5.8689923	2.2891974	10.772949
chr16	2195000	2200000	chr16	2500000	2505000	0,0,0	7.4203787	1.0	3.628555	2.470879	3.8741686	4.203155	1.2597767	6.3994923
chr16	81200000	81205000	chr16	81735000	81740000	0,0,0	7.392428	1.0	2.7463875	4.2683926	4.7736564	3.2402747	1.6534429	7.0344014
chr16	75190000	75195000	chr16	75400000	75405000	0,0,0	6.3800845	0.9998374	3.370287	3.9985893	4.4321566	5.1709533	2.0020566	8.725255
chr16	69145000	69150000	chr16	69290000	69295000	0,0,0	7.35607	1.0	3.4108353	3.5454428	4.0176215	3.7581646	1.6879456	6.9096694
chr16	21805000	21810000	chr16	22075000	22080000	0,0,0	11.644861	1.0	5.0755897	2.0622942	2.2434783	1.8818485	1.2071918	3.714999
chr16	19085000	19090000	chr16	19500000	19505000	0,0,0	6.3796372	1.0	2.5693738	3.2399783	4.1206393	3.2715108	1.6196316	6.151491
chr16	66405000	66410000	chr16	66480000	66485000	0,0,0	10.50761	0.99998075	3.5795836	6.0414953	8.164913	5.4874377	2.3369148	10.857656
chr16	66975000	66980000	chr16	67155000	67160000	0,0,0	8.833551	0.99998933	2.9924603	7.026679	8.315713	5.203161	2.833896	11.449098
chr16	87775000	87780000	chr16	87870000	87875000	0,0,0	11.909121	0.9999935	3.4639454	7.603932	9.433112	5.185713	2.8424184	11.944763
chr16	55710000	55715000	chr16	55840000	55845000	0,0,0	19.54757	1.0	6.417088	7.00368	9.647822	6.3032265	3.3044574	12.52872
chr16	18800000	18805000	chr16	18965000	18970000	0,0,0	6.986254	1.0	3.9331315	2.250595	2.9849808	4.0188456	1.4097309	6.0193744
chr16	83110000	83115000	chr16	83215000	83220000	0,0,0	7.0763865	0.99946624	2.6913605	4.3491173	5.1223736	3.6704445	1.6775045	7.536327
chr16	70090000	70095000	chr16	74535000	74540000	0,0,0	286.23636	1.0	80.568504	18.404041	25.018435	14.121499	9.478891	30.480646
chr16	58335000	58340000	chr16	58485000	58490000	0,0,0	10.470152	0.99998313	4.0061216	6.5179787	7.3448243	5.198619	2.4861805	10.992378
chr16	68900000	68905000	chr16	69120000	69125000	0,0,0	8.72112	0.9999903	3.7967343	5.1372166	7.61605	6.9773273	1.813826	11.543742
chr16	77235000	77240000	chr16	77580000	77585000	0,0,0	18.230145	1.0	7.6775556	8.828211	14.434791	12.992665	4.0723405	20.839964
chr16	84510000	84515000	chr16	84725000	84730000	0,0,0	6.2072954	1.0	3.4484177	1.5604548	2.2865236	3.028922	0.7140063	4.415993
chr16	29695000	29700000	chr16	30030000	30035000	0,0,0	11.494461	1.0	4.9443884	4.735428	5.9920673	5.1796894	2.0999532	9.388959
chr16	19600000	19605000	chr16	19885000	19890000	0,0,0	14.667253	0.9999998	6.0654135	6.5193386	10.858915	9.612402	3.5299346	15.407371
chr16	67520000	67525000	chr16	67665000	67670000	0,0,0	5.4747334	0.99662507	2.683358	1.6475805	3.710793	4.227447	1.0605639	5.6919627
chr16	89750000	89755000	chr16	89860000	89865000	0,0,0	8.230322	0.9999094	2.856371	5.400084	6.7985435	4.5101886	2.0321715	9.310264
chr16	10255000	10260000	chr16	10515000	10520000	0,0,0	6.2904587	0.99875027	2.9771593	3.2794273	3.8624656	3.7704914	2.0960186	6.685538
chr16	81365000	81370000	chr16	81720000	81725000	0,0,0	6.1639204	0.99991846	3.0989325	3.0094004	5.810301	6.7400293	1.7851048	9.415051
chr16	18980000	18985000	chr16	19070000	19075000	0,0,0	9.046284	1.0	4.137044	3.4645915	4.8995686	4.7415295	1.666538	7.8211665
chr16	30980000	30985000	chr16	31440000	31445000	0,0,0	10.460598	1.0	3.4381769	6.1230025	7.051655	4.198647	2.06555	9.641316
chr16	11405000	11410000	chr16	11715000	11720000	0,0,0	6.549531	0.9995856	2.967335	4.343848	4.484926	3.9283023	1.7891772	7.789501
chr16	85820000	85825000	chr16	85985000	85990000	0,0,0	10.747259	0.9999989	3.3204577	8.940563	10.362372	5.7899227	3.1467197	13.737089
chr16	50215000	50220000	chr16	50350000	50355000	0,0,0	7.2154965	1.0	2.8187582	3.2606986	3.7863557	2.7907956	1.3190465	5.689194
chr16	105000	110000	chr16	360000	365000	0,0,0	9.861365	0.999989	4.4956026	5.868482	6.7726703	6.2009563	2.715116	11.417384
chr16	16605000	16610000	chr16	18745000	18750000	0,0,0	12.522451	1.0	3.0851502	39.974674	48.58232	22.697853	22.397186	58.2309
chr16	8655000	8660000	chr16	8880000	8885000	0,0,0	7.3307953	1.0	2.9799516	3.604973	4.24627	3.3182242	1.5573102	6.5226445
chr16	86565000	86570000	chr16	86870000	86875000	0,0,0	6.2246723	1.0	3.5563745	2.16517	2.5034542	3.429391	1.0108672	5.3539863
chr16	85820000	85825000	chr16	86015000	86020000	0,0,0	11.155877	1.0	5.183552	4.4831724	6.92722	6.976029	1.8443187	10.961071
chr16	49405000	49410000	chr16	49590000	49595000	0,0,0	6.5151215	1.0	2.6859393	2.7891717	3.3855908	2.7259727	1.190083	5.2052364
chr16	14300000	14305000	chr16	14525000	14530000	0,0,0	12.0569315	0.9999995	3.4626088	9.249727	11.619084	6.362692	3.4755604	14.584671
chr16	50025000	50030000	chr16	50205000	50210000	0,0,0	7.418009	0.9996411	3.1260035	3.5777977	5.383252	4.7530828	2.020894	7.933347
chr16	23180000	23185000	chr16	23430000	23435000	0,0,0	15.341912	1.0	4.7127786	12.6588	16.057203	9.427698	5.0721292	20.679964
chr16	86565000	86570000	chr16	87025000	87030000	0,0,0	6.3540606	0.99881184	2.9986982	3.2104754	3.9526923	3.882289	1.5808654	6.736045
chr16	23800000	23805000	chr16	24035000	24040000	0,0,0	7.4260387	0.99985784	2.973233	4.7454314	5.927945	4.6414785	1.899385	8.85964
chr16	87200000	87205000	chr16	87280000	87285000	0,0,0	5.937921	1.0	2.9676194	2.0109842	3.3751032	3.8170881	1.510569	5.60463
chr16	77675000	77680000	chr16	77970000	77975000	0,0,0	12.68599	1.0	4.952356	10.125738	14.259206	11.284321	3.6575482	20.284977
chr16	58510000	58515000	chr16	58635000	58640000	0,0,0	7.7465744	0.9998586	3.2745686	4.512149	5.7400846	4.8539977	2.0016735	8.864797
chr17	62995000	63000000	chr17	63405000	63410000	0,0,0	7.946467	1.0	3.6431336	3.7686214	4.8165975	4.56934	1.5637943	7.9192257
chr17	21320000	21325000	chr17	21760000	21765000	0,0,0	79.09038	1.0	19.087858	26.569778	38.871944	20.38168	16.494757	43.99926
chr17	6660000	6665000	chr17	7005000	7010000	0,0,0	7.173854	1.0	3.774498	1.9302185	2.5193956	2.990521	0.87289226	4.7062707
chr17	45640000	45645000	chr17	45830000	45835000	0,0,0	8.44497	0.9999593	3.7752945	4.485959	6.4914255	6.1218643	1.770561	10.109384
chr17	71105000	71110000	chr17	72110000	72115000	0,0,0	5.9190526	1.0	2.6379259	2.9932585	3.4975884	3.1053529	1.2463449	5.766027
chr17	27490000	27495000	chr17	27600000	27605000	0,0,0	6.8519144	1.0	3.019488	3.2971663	4.033533	3.5709047	1.4743253	6.501719
chr17	57125000	57130000	chr17	57830000	57835000	0,0,0	6.2685604	0.9995566	2.6547902	4.2038846	4.8536167	3.9850264	1.861215	7.7218127
chr17	72120000	72125000	chr17	72430000	72435000	0,0,0	7.6642385	0.99991363	3.278196	4.206728	6.26443	5.6187754	2.5009892	9.3580885
chr17	16760000	16765000	chr17	18570000	18575000	0,0,0	22.610096	1.0	10.036389	6.782258	7.535589	6.5463505	4.3425307	12.575025
chr17	8410000	8415000	chr17	8740000	8745000	0,0,0	6.433794	0.99945515	2.596782	3.7319083	5.13763	4.198533	1.8048531	7.5157847
chr17	45430000	45435000	chr17	45590000	45595000	0,0,0	11.06335	1.0	5.200407	2.2351758	4.106081	4.321684	1.256467	6.3085074
chr17	51370000	51375000	chr17	51535000	51540000	0,0,0	6.25945	1.0	2.8546002	2.9463427	3.8290355	3.6194522	1.384668	6.2384233
chr17	77085000	77090000	chr17	77245000	77250000	0,0,0	12.730664	1.0	4.4620047	7.381995	9.064791	6.0072994	2.7422893	12.569074
chr17	19360000	19365000	chr17	19445000	19450000	0,0,0	7.436205	1.0	2.5532327	3.9975088	5.2857013	3.5464275	1.7372328	7.0997686
chr17	76520000	76525000	chr17	76715000	76720000	0,0,0	5.85211	0.9971777	2.537838	2.6692944	3.8604553	3.49811	1.3466831	5.870816
chr17	54990000	54995000	chr17	55345000	55350000	0,0,0	7.7189345	0.9997292	2.465943	5.2447963	6.1128554	3.5529323	2.0283365	8.214973
chr17	3735000	3740000	chr17	3825000	3830000	0,0,0	7.0513325	1.0	3.097467	2.895296	4.0257983	3.6736717	1.3518939	6.247268
chr17	50200000	50205000	chr17	50295000	50300000	0,0,0	8.323373	0.9997884	3.0463977	4.601162	6.0816884	4.3717446	1.8037615	8.461667
chr17	40440000	40445000	chr17	40530000	40535000	0,0,0	8.017729	0.9998606	3.1474116	4.8684278	5.992934	4.551318	1.874949	8.87881
chr17	35170000	35175000	chr17	35530000	35535000	0,0,0	10.932928	1.0	4.203627	4.4374943	5.94242	4.5414786	1.5914032	8.485917
chr17	34420000	34425000	chr17	35115000	35120000	0,0,0	7.1677194	1.0	3.136973	2.809845	3.8241873	3.4535425	1.4717802	5.9511824
chr17	36625000	36630000	chr17	37045000	37050000	0,0,0	6.680233	1.0	3.5569744	2.2966952	3.5505161	4.390648	1.1705908	6.4321547
chr17	15540000	15545000	chr17	18800000	18805000	0,0,0	83.001724	1.0	15.899433	27.87262	30.400574	10.323353	11.020664	35.099014
chr17	140000	145000	chr17	385000	390000	0,0,0	13.457939	1.0	5.4409103	4.1521006	6.2002463	5.2008686	1.9049641	8.891624
chr17	59310000	59315000	chr17	59440000	59445000	0,0,0	8.933412	0.9999725	3.068811	5.9775033	7.7848625	5.1898303	2.3261745	10.503167
chr17	62675000	62680000	chr17	63405000	63410000	0,0,0	6.16132	1.0	3.043464	2.5950391	3.310626	3.5213566	1.7669156	5.8280582
chr17	15560000	15565000	chr17	18780000	18785000	0,0,0	28.266113	1.0	6.2218604	17.626766	23.393934	10.762256	8.572477	26.43049
chr17	30105000	30110000	chr17	30335000	30340000	0,0,0	9.682355	0.999969	3.2888782	5.936394	7.7443852	5.1060915	2.6321254	10.382886
chr17	79085000	79090000	chr17	79390000	79395000	0,0,0	5.9347863	0.9981191	2.828647	2.0836904	4.0910873	4.424506	1.0509206	6.276675
chr17	65285000	65290000	chr17	65530000	65535000	0,0,0	5.6237955	0.99876726	3.7801576	1.2556157	2.8037472	5.5831246	0.69566345	6.6992273
chr17	41735000	41740000	chr17	41800000	41805000	0,0,0	9.600474	1.0	3.1453018	5.4960833	6.684993	4.0933495	1.8113276	8.978758
chr17	42320000	42325000	chr17	42405000	42410000	0,0,0	8.505398	0.9998332	2.9464984	5.2093506	6.279561	4.0691996	2.0342162	8.699733
chr17	40615000	40620000	chr17	40790000	40795000	0,0,0	6.138271	0.9988316	2.5661597	2.7839255	4.7482696	4.27823	1.2132974	6.7528305
chr17	7045000	7050000	chr17	7175000	7180000	0,0,0	7.1211085	1.0	3.8250902	1.6731496	2.7415752	3.4603767	0.8586802	4.947621
chr17	47500000	47505000	chr17	47610000	47615000	0,0,0	12.104593	1.0	3.8944092	6.2299004	8.382876	5.3113937	3.0765464	10.849083
chr17	65535000	65540000	chr17	65985000	65990000	0,0,0	7.810961	1.0	3.2169764	4.1225495	4.7421603	3.7387738	1.5588555	7.4032617
chr17	80425000	80430000	chr17	80980000	80985000	0,0,0	12.244079	0.99999946	4.5608983	7.8669147	10.244799	7.4678397	3.5306766	14.460653
chr17	68770000	68775000	chr17	69245000	69250000	0,0,0	10.961715	0.99999994	4.679681	8.595305	10.351533	8.719289	3.8515658	16.35956
chr17	31435000	31440000	chr17	31840000	31845000	0,0,0	8.562939	1.0	3.6818674	3.230197	4.9121685	4.4572806	1.1913848	7.3285666
chr17	61635000	61640000	chr17	61835000	61840000	0,0,0	10.066649	0.999967	3.975786	5.458819	7.027145	5.467784	2.2839203	10.320067
chr17	40195000	40200000	chr17	40285000	40290000	0,0,0	5.1747737	0.9948269	2.8662913	1.8500588	2.7447436	3.6203296	1.2869935	5.264826
chr17	8990000	8995000	chr17	9525000	9530000	0,0,0	6.0706186	0.9985065	2.8346019	2.783895	4.0280313	4.0327106	1.6250366	6.507284
chr17	60140000	60145000	chr17	60435000	60440000	0,0,0	7.4902673	0.9999904	2.783009	6.8126707	7.9381447	5.497267	2.5648625	11.552975
chr17	30340000	30345000	chr17	30715000	30720000	0,0,0	5.7625737	1.0	2.5632565	2.74574	2.9708698	2.5666342	1.1121031	5.0072923
chr17	33775000	33780000	chr17	34145000	34150000	0,0,0	6.4684005	1.0	3.1636257	2.6510284	3.6156666	3.8331757	1.5622159	6.189646
chr17	64305000	64310000	chr17	64415000	64420000	0,0,0	10.763488	1.0	3.2403874	7.3363247	7.96639	4.1321626	2.4308522	10.65334
chr17	71475000	71480000	chr17	72110000	72115000	0,0,0	6.0432415	0.9978356	3.2858148	2.442772	3.1534038	3.9648976	1.4140781	6.136251
chr17	40855000	40860000	chr17	41660000	41665000	0,0,0	5.680967	0.99873835	2.5731063	3.6646106	3.8743007	3.4186032	2.6872032	6.676035
chr17	21420000	21425000	chr17	21705000	21710000	0,0,0	67.42384	1.0	14.168428	33.57257	37.067142	13.793528	13.684692	43.63581
chr17	5250000	5255000	chr17	5435000	5440000	0,0,0	6.264202	0.999156	2.554967	3.8130293	4.642155	3.6887045	1.8279761	7.078064
chr17	51760000	51765000	chr17	52105000	52110000	0,0,0	6.5478954	0.9997722	3.4619684	2.618955	4.867121	6.0597887	1.4142414	8.387749
chr17	6470000	6475000	chr17	6645000	6650000	0,0,0	8.953492	1.0	3.2847066	3.88375	5.5831285	4.154352	1.9566938	7.6065745
chr17	35000000	35005000	chr17	35115000	35120000	0,0,0	6.0410595	1.0	3.1975172	2.098824	2.7468064	3.2959814	1.3288094	5.1616025
chr17	50630000	50635000	chr17	50695000	50700000	0,0,0	4.917977	0.99440026	2.621481	1.4213475	3.0728452	3.9221518	0.9099738	5.1855717
chr17	6910000	6915000	chr17	7000000	7005000	0,0,0	5.397801	1.0	2.6905248	1.5145636	2.6591544	3.0132303	0.9229346	4.359509
chr17	60970000	60975000	chr17	61570000	61575000	0,0,0	5.431913	0.99868745	2.7221224	2.799738	3.7730856	4.147793	1.3840797	6.636449
chr17	425000	430000	chr17	645000	650000	0,0,0	6.0197434	1.0	3.3100262	1.7680066	1.8501972	2.3158846	0.71410716	3.887446
chr17	410000	415000	chr17	695000	700000	0,0,0	17.581875	1.0	7.1050124	5.04413	6.4311852	5.1323338	2.6460693	9.616004
chr17	71230000	71235000	chr17	72540000	72545000	0,0,0	6.266798	1.0	3.2115822	2.614619	2.6625805	2.8873887	1.5884241	5.2114944
chr17	29145000	29150000	chr17	29220000	29225000	0,0,0	6.727911	1.0	2.5474548	3.0191483	4.0195885	3.0113409	1.5396026	5.6950283
chr17	44915000	44920000	chr17	45020000	45025000	0,0,0	6.8098946	1.0	3.1332397	2.6805582	3.8616786	3.783719	1.2713952	6.1664376
chr17	57130000	57135000	chr17	57745000	57750000	0,0,0	7.886986	0.99999857	3.7236788	5.7050695	8.252005	8.392178	2.9022472	13.46335
chr17	29635000	29640000	chr17	29775000	29780000	0,0,0	7.2586565	0.99955654	3.5647109	3.1523871	4.563744	4.91952	2.2534735	7.721642
chr17	36625000	36630000	chr17	37240000	37245000	0,0,0	7.938257	0.99979043	2.4936478	5.1911316	6.482842	3.8569226	2.1689537	8.471262
chr17	13595000	13600000	chr17	14300000	14305000	0,0,0	9.807879	0.99998134	4.072467	5.331188	7.2861958	6.1527643	2.8387163	10.891598
chr17	15695000	15700000	chr17	18680000	18685000	0,0,0	15.848459	1.0	3.378567	25.183233	31.015118	13.084636	12.160454	35.46973
chr17	41960000	41965000	chr17	42115000	42120000	0,0,0	9.457393	1.0	3.0108275	4.4488306	5.8860183	3.6604338	1.5890774	7.61495
chr17	41545000	41550000	chr17	41655000	41660000	0,0,0	7.8518696	1.0	4.052069	2.3311944	2.879958	3.2780316	1.2934669	5.3502045
chr17	76120000	76125000	chr17	76275000	76280000	0,0,0	6.369538	0.99927443	2.6500118	3.9365668	4.6279607	3.7301424	1.707835	7.229313
chr17	43690000	43695000	chr17	43760000	43765000	0,0,0	12.291368	0.99999684	4.0255303	7.1047673	9.763354	6.357043	2.9546692	12.672391
chr17	48330000	48335000	chr17	48590000	48595000	0,0,0	11.259462	0.9999983	4.337704	7.7093196	8.880814	6.4058304	3.6643088	13.258559
chr17	50860000	50865000	chr17	51155000	51160000	0,0,0	5.0512743	1.0	3.0978658	1.2571621	1.2827327	2.0456734	0.69602084	3.1631508
chr17	1260000	1265000	chr17	1515000	1520000	0,0,0	8.213775	1.0	3.5124702	2.8999312	3.249827	2.6774087	1.2164598	5.2551255
chr17	27245000	27250000	chr17	27330000	27335000	0,0,0	8.037502	0.9997843	3.1487167	4.7206235	5.6633277	4.246398	1.7181387	8.442508
chr17	57855000	57860000	chr17	58110000	58115000	0,0,0	6.6373005	0.999182	2.4998884	3.9178414	4.9656115	3.6268768	1.526024	7.109402
chr17	17355000	17360000	chr17	17570000	17575000	0,0,0	8.437727	0.99992174	2.8928885	5.4957128	6.9618907	4.5712914	2.2968638	9.456369
chr17	31435000	31440000	chr17	31520000	31525000	0,0,0	9.9882765	1.0	4.530634	2.97225	5.2243795	5.217966	1.7019076	7.859966
chr17	2845000	2850000	chr17	2930000	2935000	0,0,0	6.0319715	0.99864304	2.4509587	3.4141247	4.418153	3.5684268	1.508488	6.6032043
chr17	13595000	13600000	chr17	14925000	14930000	0,0,0	5.1825547	0.99802315	2.5447576	3.2056735	3.3492515	3.3773966	1.1854447	6.226884
chr17	140000	145000	chr17	695000	700000	0,0,0	11.4534235	1.0	5.3274326	3.8531756	4.3383327	4.071386	2.0799875	7.496431
chr17	49405000	49410000	chr17	49555000	49560000	0,0,0	8.13602	1.0	3.297773	3.4838684	4.166858	3.2624311	1.5910263	6.3592033
chr17	47360000	47365000	chr17	47610000	47615000	0,0,0	6.2348824	1.0	2.555305	2.9472356	3.7675467	3.064025	1.4466299	5.6837897
chr17	58585000	58590000	chr17	59005000	59010000	0,0,0	6.460794	0.9991618	3.2012463	2.7634482	4.203334	4.6285424	1.4545147	7.084941
chr17	40010000	40015000	chr17	40165000	40170000	0,0,0	6.180161	1.0	2.622	2.611683	3.8647742	3.426235	1.2498324	5.7477307
chr17	58005000	58010000	chr17	58080000	58085000	0,0,0	5.5917935	1.0	2.6426911	2.631037	3.041707	2.9488115	0.8933162	5.2875113
chr17	42425000	42430000	chr17	42515000	42520000	0,0,0	5.1287265	1.0	2.6627655	1.8893104	2.486091	2.8872015	0.96282965	4.5665884
chr17	56590000	56595000	chr17	56715000	56720000	0,0,0	9.511721	0.9999845	2.9778237	6.990573	8.391119	4.860483	2.476753	11.074326
chr17	82355000	82360000	chr17	82775000	82780000	0,0,0	7.0966105	1.0	3.3717496	2.1539752	3.2299495	3.336928	1.1444434	5.2515726
chr17	78495000	78500000	chr17	78745000	78750000	0,0,0	5.638361	0.99863493	2.6888156	3.04547	3.869683	3.8901405	1.4624481	6.5972247
chr17	1055000	1060000	chr17	1185000	1190000	0,0,0	7.1126604	1.0	2.810544	2.8355699	4.072361	3.2886593	1.1050668	5.809166
chr17	16450000	16455000	chr17	16520000	16525000	0,0,0	8.684737	1.0	3.558498	3.9833722	5.7029757	4.8023233	1.6673758	8.343099
chr17	50550000	50555000	chr17	50695000	50700000	0,0,0	5.05986	1.0	3.0834904	1.0601553	2.3583007	3.7902899	0.72918385	4.73265
chr17	42320000	42325000	chr17	42525000	42530000	0,0,0	13.49313	1.0	3.8469534	7.406768	8.806222	4.615255	2.455018	11.199048
chr17	65230000	65235000	chr17	65985000	65990000	0,0,0	6.8216014	0.99992	2.882167	4.6537905	6.1864624	5.298109	2.03819	9.434813
chr17	31555000	31560000	chr17	31840000	31845000	0,0,0	12.355202	0.99999845	4.5177927	7.350499	9.593591	6.8534393	2.7964108	13.387217
chr17	48195000	48200000	chr17	48615000	48620000	0,0,0	4.73702	0.99843764	2.5783625	2.495192	3.3537083	4.244282	1.3090857	6.46223
chr17	6275000	6280000	chr17	6415000	6420000	0,0,0	5.5028377	1.0	3.1696029	0.97567886	2.3044205	3.3474047	0.6522356	4.214675
chr17	50850000	50855000	chr17	50950000	50955000	0,0,0	6.1273737	0.99789375	3.5229523	2.0164351	3.0851789	4.3711066	1.1503165	6.163493
chr17	9920000	9925000	chr17	10615000	10620000	0,0,0	9.628208	1.0	3.7290015	4.802907	6.2006445	4.7161245	2.549147	8.985375
chr17	21120000	21125000	chr17	21510000	21515000	0,0,0	8.43223	1.0	3.193489	3.6985164	4.4815555	3.2340424	1.6871655	6.521613
chr17	880000	885000	chr17	975000	980000	0,0,0	5.420295	1.0	3.2453983	1.164509	2.22044	3.4352148	0.8827251	4.470334
chr17	65275000	65280000	chr17	65985000	65990000	0,0,0	7.759427	0.99998564	3.322858	4.9893804	7.46637	6.714818	2.081428	11.149822
chr17	73255000	73260000	chr17	73370000	73375000	0,0,0	17.947254	1.0	6.76486	6.544791	9.857119	7.6686764	3.1576874	13.486269
chr17	43390000	43395000	chr17	43480000	43485000	0,0,0	7.6758003	1.0	3.86842	2.1932545	4.1015043	4.757384	1.379754	6.7069435
chr17	410000	415000	chr17	995000	1000000	0,0,0	21.850664	1.0	8.213152	4.035704	4.9323063	3.539664	1.522331	7.1269565
chr17	65275000	65280000	chr17	66165000	66170000	0,0,0	8.563788	0.9999844	3.4562116	5.6957707	7.4654856	6.004138	2.883112	11.067045
chr17	50995000	51000000	chr17	51150000	51155000	0,0,0	9.502878	1.0	3.469734	5.595439	6.487116	4.3860564	2.2623458	9.359779
chr17	19990000	19995000	chr17	20115000	20120000	0,0,0	7.4293427	1.0	2.9638548	2.7926233	4.321986	3.6064198	1.3343273	6.088752
chr17	35970000	35975000	chr17	36145000	36150000	0,0,0	8.607214	0.9998914	4.097518	3.3059466	5.8204513	6.1902075	2.1346388	9.128827
chr17	49315000	49320000	chr17	49395000	49400000	0,0,0	8.173837	1.0	3.6884274	3.5125089	4.955504	4.7055783	2.0228152	7.8278084
chr17	48330000	48335000	chr17	48555000	48560000	0,0,0	7.451336	0.99993217	3.0959394	4.850766	6.34195	5.287825	2.5144598	9.599617
chr17	50025000	50030000	chr17	50085000	50090000	0,0,0	7.013	1.0	2.8864625	3.3329575	4.688634	3.9496503	1.7638772	6.912279
chr17	44770000	44775000	chr17	44865000	44870000	0,0,0	8.064133	1.0	3.3171022	3.8526816	4.3465085	3.3953333	1.40009	6.819939
chr17	67555000	67560000	chr17	67690000	67695000	0,0,0	6.714372	1.0	2.5164065	3.412406	3.9824443	2.789867	1.477431	5.823117
chr17	31015000	31020000	chr17	31370000	31375000	0,0,0	7.007846	0.9993418	3.0660934	3.0190072	4.929783	4.643214	1.5859673	7.3267765
chr17	61000000	61005000	chr17	61405000	61410000	0,0,0	7.904141	0.99995947	3.0657527	5.364362	6.9915767	5.345823	2.2967587	10.114144
chr17	54990000	54995000	chr17	55295000	55300000	0,0,0	7.2804	0.9997672	2.7124333	4.434016	5.984789	4.424719	1.9162986	8.366067
chr17	15255000	15260000	chr17	15500000	15505000	0,0,0	9.205853	0.999921	4.10538	4.765042	5.7958384	5.2115345	2.380023	9.447127
chr17	50780000	50785000	chr17	50950000	50955000	0,0,0	4.9995694	1.0	2.9264252	1.3673371	1.6668918	2.4124823	0.68965125	3.6278927
chr17	64420000	64425000	chr17	64490000	64495000	0,0,0	8.598729	1.0	3.0666072	4.485447	6.3289003	4.539728	2.0622206	8.526792
chr17	48810000	48815000	chr17	48880000	48885000	0,0,0	6.015967	0.9981329	3.2456727	2.0439408	3.4994674	4.4671626	1.2629112	6.2839985
chr17	68260000	68265000	chr17	68435000	68440000	0,0,0	7.096067	0.9998967	2.707229	4.326586	6.706939	5.3328857	2.022464	9.1787405
chr17	49860000	49865000	chr17	49995000	50000000	0,0,0	15.230083	0.9999998	5.08079	9.336862	11.588522	7.3135395	3.2654412	15.612972
chr17	17675000	17680000	chr17	17865000	17870000	0,0,0	5.8196826	1.0	2.75696	1.9563789	2.5753794	2.5825145	0.8945962	4.321518
chr17	65230000	65235000	chr17	66165000	66170000	0,0,0	6.62674	0.9997855	3.4042048	3.7854989	4.5264153	5.0832453	1.856347	8.448133
chr17	60970000	60975000	chr17	61405000	61410000	0,0,0	9.548741	0.99997836	3.2668703	6.4383364	7.822564	5.0187664	2.157903	10.741732
chr17	40800000	40805000	chr17	41660000	41665000	0,0,0	10.641453	0.99999934	3.6463554	8.838051	10.210577	6.3875513	3.7503958	14.243597
chr17	62700000	62705000	chr17	62965000	62970000	0,0,0	11.858732	0.9999995	3.0968344	10.430077	11.654922	5.3416443	3.5255687	14.6128235
chr17	48815000	48820000	chr17	49030000	49035000	0,0,0	9.475074	1.0	3.5508776	5.304311	5.8062954	3.943185	2.4016485	8.658128
chr17	64305000	64310000	chr17	64485000	64490000	0,0,0	6.1575413	1.0	3.188264	2.1576474	2.7649453	3.1835432	1.1557057	5.101452
chr17	79805000	79810000	chr17	79990000	79995000	0,0,0	5.745495	1.0	2.9257634	2.1457834	3.0402927	3.456502	1.6227043	5.363865
chr17	6840000	6845000	chr17	7000000	7005000	0,0,0	5.298888	1.0	2.7407818	1.8235114	2.2822316	2.6133785	1.1120824	4.2342777
chr17	75675000	75680000	chr17	75745000	75750000	0,0,0	11.67823	1.0	3.7060215	6.776827	8.681391	5.29178	2.5657651	11.315626
chr17	81255000	81260000	chr17	81485000	81490000	0,0,0	8.960456	1.0	4.1790667	3.9482245	4.7769413	4.58753	2.392976	8.097063
chr17	18410000	18415000	chr17	20530000	20535000	0,0,0	56.155678	1.0	14.062595	60.342445	65.14688	27.746132	28.149223	81.383865
chr17	10325000	10330000	chr17	10615000	10620000	0,0,0	12.7041445	0.9999998	4.2890263	8.733479	11.829636	7.885777	3.7354743	15.6488695
chr17	7740000	7745000	chr17	8040000	8045000	0,0,0	5.58839	0.99818736	2.5599904	3.2910628	3.7004304	3.3882446	1.2292762	6.313634
chr17	81020000	81025000	chr17	81095000	81100000	0,0,0	7.432892	1.0	3.1519961	2.5192904	3.3687532	2.903837	1.3263578	5.143206
chr17	44210000	44215000	chr17	44330000	44335000	0,0,0	5.4107475	1.0	2.6002061	2.537817	2.7240658	2.663921	1.1612147	4.919759
chr17	16995000	17000000	chr17	17310000	17315000	0,0,0	6.077266	1.0	3.29057	1.7868723	2.504621	3.1544092	0.9066654	4.74274
chr17	32780000	32785000	chr17	32875000	32880000	0,0,0	9.691436	1.0	3.4364	5.2900686	6.580032	4.4453297	1.962898	9.147613
chr17	72725000	72730000	chr17	73245000	73250000	0,0,0	5.2970543	0.99501514	2.7529752	1.804198	3.0766618	3.6981707	1.3383245	5.301902
chr17	72725000	72730000	chr17	73370000	73375000	0,0,0	8.770095	1.0	3.989059	2.6762164	3.4989762	3.2998018	1.0779493	5.678661
chr17	20115000	20120000	chr17	20325000	20330000	0,0,0	6.0278726	1.0	2.6303954	3.0716782	3.4802265	2.9653668	1.3417935	5.6957474
chr17	43575000	43580000	chr17	43675000	43680000	0,0,0	13.321917	0.99999934	4.460703	7.5712504	11.043428	7.538123	3.0429604	14.268125
chr17	74375000	74380000	chr17	74455000	74460000	0,0,0	9.934841	0.99995476	3.4300113	5.735701	7.366765	4.905664	2.8614476	10.004065
chr17	19510000	19515000	chr17	19760000	19765000	0,0,0	9.873415	0.9999989	4.469563	5.9991074	8.741344	8.396662	2.9127295	13.7292
chr17	67385000	67390000	chr17	67475000	67480000	0,0,0	8.746959	1.0	3.003451	5.1691637	5.548291	3.3320954	1.765028	7.9269075
chr17	59750000	59755000	chr17	59855000	59860000	0,0,0	8.677515	1.0	3.4212878	4.2577934	5.881452	4.6788464	1.8022904	8.4635515
chr17	4215000	4220000	chr17	4410000	4415000	0,0,0	9.225019	0.99998134	3.229688	6.5770826	7.770281	5.044082	2.872692	10.890378
chr17	2845000	2850000	chr17	3010000	3015000	0,0,0	13.54524	1.0	5.188963	6.4358935	8.128697	6.0504208	2.651315	11.7712145
chr17	28965000	28970000	chr17	29110000	29115000	0,0,0	12.590756	1.0	4.6596518	5.5537586	7.905594	5.916828	2.4625845	10.853502
chr17	55525000	55530000	chr17	55770000	55775000	0,0,0	9.773	1.0	4.1907167	4.544478	6.3940587	5.6706967	2.292187	9.710233
chr17	81730000	81735000	chr17	81865000	81870000	0,0,0	10.355931	1.0	5.7927666	1.6242408	2.4101088	3.2363772	1.1881335	4.6801467
chr17	10740000	10745000	chr17	10840000	10845000	0,0,0	5.7363195	1.0	2.8786569	1.7511215	2.5793476	2.881974	0.9737849	4.4385266
chr17	15605000	15610000	chr17	18755000	18760000	0,0,0	16.343664	1.0	3.9588459	20.869448	22.14099	8.96211	8.29131	27.512732
chr17	64925000	64930000	chr17	65195000	65200000	0,0,0	7.3456316	1.0	3.1647336	2.9892914	3.505276	2.9650066	1.4303707	5.622154
chr17	45280000	45285000	chr17	45380000	45385000	0,0,0	6.9943666	0.9997479	3.2462223	3.7087526	5.0838966	4.989683	2.2178173	8.286352
chr17	27655000	27660000	chr17	27755000	27760000	0,0,0	5.664263	1.0	2.4905386	2.4694653	3.4326565	3.136159	1.3753794	5.331239
chr17	7050000	7055000	chr17	7135000	7140000	0,0,0	13.440082	1.0	4.525743	7.130101	10.002542	6.7538176	2.5961854	13.091685
chr17	34200000	34205000	chr17	34360000	34365000	0,0,0	8.889912	1.0	3.7681122	3.5523925	5.8384633	5.301051	2.3767374	8.458734
chr17	72730000	72735000	chr17	73185000	73190000	0,0,0	9.477898	0.99998474	4.1717925	5.592513	6.9070854	6.121582	2.6284456	11.092705
chr17	14190000	14195000	chr17	15585000	15590000	0,0,0	289.6395	1.0	56.022305	27.756655	35.292076	14.342882	12.057116	39.015465
chr17	12255000	12260000	chr17	12665000	12670000	0,0,0	7.603304	0.9999461	2.8541985	5.3384676	6.923639	5.083918	2.3038948	9.829223
chr17	78860000	78865000	chr17	78970000	78975000	0,0,0	6.347371	1.0	3.960828	1.4618168	2.1142945	3.5436451	0.7766661	4.843038
chr17	40360000	40365000	chr17	40555000	40560000	0,0,0	7.7785707	1.0	3.381976	3.3351126	4.396822	3.9021797	1.6728299	6.866724
chr17	64025000	64030000	chr17	64130000	64135000	0,0,0	12.596562	1.0	4.298853	6.776121	9.060581	6.0715	3.2006986	12.094719
chr17	58710000	58715000	chr17	59005000	59010000	0,0,0	6.5759444	0.9998368	2.8293867	4.857625	5.3352437	4.4036746	2.3242004	8.721563
chr17	38980000	38985000	chr17	39150000	39155000	0,0,0	8.46589	0.99989897	3.4936578	4.2685914	6.309638	5.4069295	2.1438627	9.201233
chr17	40900000	40905000	chr17	41655000	41660000	0,0,0	6.1819167	0.9985369	2.8575454	2.7549677	4.107526	4.0790024	1.619092	6.5278625
chr17	27760000	27765000	chr17	27880000	27885000	0,0,0	7.393223	1.0	3.414615	2.7948365	4.572171	4.61519	1.7622727	7.0994887
chr17	65455000	65460000	chr17	65985000	65990000	0,0,0	6.6462216	1.0	2.8121128	2.9056528	3.95048	3.411656	1.349151	5.9944587
chr17	31010000	31015000	chr17	31215000	31220000	0,0,0	5.158394	0.9993867	2.4755821	2.5120087	4.7554493	5.1645827	1.7205821	7.397479
chr17	27350000	27355000	chr17	27600000	27605000	0,0,0	8.226641	1.0	3.5791006	3.2643776	5.233725	4.876506	1.6733925	7.778175
chr17	21860000	21865000	chr17	26840000	26845000	0,0,0	30.246414	1.0	7.518759	43.362186	50.62239	23.038492	20.48655	61.58266
chr17	15825000	15830000	chr17	15995000	16000000	0,0,0	10.77683	1.0	3.592959	6.0915403	7.8180795	5.015584	2.43353	10.430286
chr17	76865000	76870000	chr17	77055000	77060000	0,0,0	11.183271	1.0	4.5969114	5.2268624	6.710143	5.485682	1.9287157	10.131782
chr17	21340000	21345000	chr17	21740000	21745000	0,0,0	32.906834	1.0	7.4789004	33.740746	41.986393	18.755615	18.212507	48.74739
chr17	61635000	61640000	chr17	62220000	62225000	0,0,0	7.166718	1.0	4.017234	2.4824739	3.0047083	3.9768693	1.6523522	6.1835127
chr17	2050000	2055000	chr17	2245000	2250000	0,0,0	9.471833	0.99997276	2.9920506	6.72117	7.876683	4.5383277	2.9111173	10.512701
chr17	60100000	60105000	chr17	60430000	60435000	0,0,0	7.543929	0.9998184	3.264624	4.919992	5.1754284	4.2413216	2.290295	8.614648
chr17	54990000	54995000	chr17	55505000	55510000	0,0,0	9.265981	1.0	4.1126313	3.4189494	4.000624	3.5318422	1.9567586	6.570908
chr17	56815000	56820000	chr17	56940000	56945000	0,0,0	7.110824	1.0	3.2936447	3.0442047	4.1175513	4.017763	1.7181648	6.7237225
chr17	27660000	27665000	chr17	27875000	27880000	0,0,0	6.6910887	1.0	2.7134786	3.1523576	3.4209106	2.5777729	1.4184837	5.3798685
chr17	17890000	17895000	chr17	18035000	18040000	0,0,0	9.183225	1.0	4.2880445	3.3021002	4.66998	4.653971	1.9180388	7.5891714
chr17	78500000	78505000	chr17	78705000	78710000	0,0,0	5.472351	0.9986498	3.0815737	2.0782266	3.4718118	4.760846	1.3062713	6.6081586
chr17	40400000	40405000	chr17	40555000	40560000	0,0,0	5.7683744	0.9976871	2.6878886	3.105286	3.512197	3.3096235	1.2336481	6.0698776
chr17	35610000	35615000	chr17	35745000	35750000	0,0,0	6.7190533	0.9994506	2.5460896	4.168936	5.2008834	3.801754	1.7205468	7.507475
chr17	79430000	79435000	chr17	79705000	79710000	0,0,0	5.2180533	1.0	2.6243677	1.6907092	2.285408	2.5282261	0.92679286	4.031079
chr17	71475000	71480000	chr17	72540000	72545000	0,0,0	6.62294	1.0	3.1303277	2.4592805	2.9919138	2.9373078	1.0382769	5.123335
chr17	55355000	55360000	chr17	55510000	55515000	0,0,0	6.5262794	0.9986024	2.829683	2.6407597	4.4974895	4.226321	1.3172313	6.5736637
chr17	58315000	58320000	chr17	58445000	58450000	0,0,0	12.271163	0.9999995	3.980222	9.065114	10.829624	6.493854	3.0705626	14.551734
chr17	61410000	61415000	chr17	61570000	61575000	0,0,0	10.078669	1.0	4.8216887	3.4953883	4.8346534	4.9695716	1.9069953	8.076583
chr17	63425000	63430000	chr17	63610000	63615000	0,0,0	8.12682	1.0	3.3997366	3.593697	4.9554534	4.2350955	1.739068	7.429493
chr17	47230000	47235000	chr17	47310000	47315000	0,0,0	5.427707	1.0	2.700042	2.351966	2.9685044	3.1874459	1.4901307	5.2780824
chr17	57855000	57860000	chr17	57995000	58000000	0,0,0	10.663528	1.0	4.419424	5.065547	6.6799917	5.566626	2.2511463	10.069335
chr17	3045000	3050000	chr17	3645000	3650000	0,0,0	14.147085	1.0	4.450479	6.857768	7.86139	4.446417	2.4499621	10.542211
chr17	38345000	38350000	chr17	38410000	38415000	0,0,0	7.737428	1.0	2.7541356	4.317808	5.1950817	3.4696875	1.740191	7.3077393
chr17	49565000	49570000	chr17	49695000	49700000	0,0,0	11.584058	0.9999987	4.2924156	7.7060404	9.463153	6.6894436	2.7697358	13.539257
chr17	5585000	5590000	chr17	6420000	6425000	0,0,0	14.273411	1.0	5.373034	10.516604	13.784756	10.196921	4.05573	19.545015
chr17	48025000	48030000	chr17	48130000	48135000	0,0,0	9.027522	1.0	3.0214286	4.5410347	5.3705654	3.3139303	1.7160567	7.3504057
chr17	81955000	81960000	chr17	82020000	82025000	0,0,0	10.88953	1.0	2.7768073	7.517003	8.400454	3.7634668	2.6938717	10.445248
chr17	45215000	45220000	chr17	45380000	45385000	0,0,0	7.6043015	1.0	3.2114942	3.2065914	4.4964714	3.9075758	1.8540275	6.7578793
chr17	795000	800000	chr17	980000	985000	0,0,0	15.774193	1.0	5.9107604	7.377075	9.697077	7.1431274	2.8439434	13.700528
chr17	68170000	68175000	chr17	68460000	68465000	0,0,0	5.5455694	0.99758744	2.7061877	2.4155645	3.6144626	3.8805313	0.9852185	6.0277
chr17	27235000	27240000	chr17	27600000	27605000	0,0,0	7.3792973	1.0	2.68841	3.6389263	5.463774	4.098108	1.5984911	7.332709
chr17	66715000	66720000	chr17	66905000	66910000	0,0,0	7.6228247	0.99961865	3.6710875	3.265254	4.7442594	4.9701214	1.7574346	7.8725696
chr17	17360000	17365000	chr17	17495000	17500000	0,0,0	4.876488	1.0	2.59623	1.964783	2.3201003	2.7735934	0.76149076	4.520067
chr17	35310000	35315000	chr17	35530000	35535000	0,0,0	9.834398	0.99998206	3.9716496	5.211625	7.5762625	6.2985177	2.5835469	10.931074
chr17	19360000	19365000	chr17	19760000	19765000	0,0,0	6.559924	1.0	2.9692268	2.9627938	3.2130241	2.8552642	1.0675801	5.4888587
chr17	17355000	17360000	chr17	17640000	17645000	0,0,0	14.598981	0.9999997	5.1381445	7.755695	11.39308	8.187336	3.2539306	15.081286
chr22	45995000	46000000	chr22	46310000	46315000	0,0,0	11.4461	1.0	5.062162	2.6311545	3.8391705	3.576216	1.066277	5.9150205
chr22	21710000	21715000	chr22	21935000	21940000	0,0,0	7.3522363	0.9996005	2.6747382	4.2925477	5.633496	4.010631	1.5770504	7.826229
chr22	41695000	41700000	chr22	41940000	41945000	0,0,0	9.267719	1.0	3.605619	4.8033037	6.1402755	4.6785026	2.291711	8.948106
chr22	35625000	35630000	chr22	35835000	35840000	0,0,0	7.004088	0.9996682	2.4963615	4.194672	5.9592924	4.283151	1.7340856	8.011748
chr22	28600000	28605000	chr22	28825000	28830000	0,0,0	15.171052	1.0	5.893365	6.484603	10.251271	8.357474	3.6610901	14.121567
chr22	46120000	46125000	chr22	46310000	46315000	0,0,0	17.86837	1.0	5.985708	8.624749	11.717921	7.760955	3.4099774	15.427399
chr22	32660000	32665000	chr22	32795000	32800000	0,0,0	8.678389	0.9999886	3.409021	5.6690044	7.9648757	6.343951	2.670528	11.383066
chr22	32525000	32530000	chr22	33000000	33005000	0,0,0	8.01471	1.0	3.2361712	4.3675265	4.714439	3.5224721	1.682296	7.4047174
chr22	28050000	28055000	chr22	28590000	28595000	0,0,0	16.505741	0.99999994	5.871352	7.487885	13.514319	10.487603	3.3519773	17.143501
chr22	37315000	37320000	chr22	37455000	37460000	0,0,0	15.530175	0.99999994	5.0608063	9.362354	12.936373	8.403493	3.6426516	16.725586
chr22	45575000	45580000	chr22	45975000	45980000	0,0,0	13.813349	1.0	4.199912	8.344773	10.708648	6.267065	3.332114	13.684641
chr22	39170000	39175000	chr22	39305000	39310000	0,0,0	11.468181	1.0	4.879336	3.8982751	5.743009	5.1035233	2.547839	8.568657
chr22	49435000	49440000	chr22	49700000	49705000	0,0,0	7.411119	0.9995156	2.6687906	4.921089	5.1715274	3.259039	1.8865774	7.633341
chr22	39005000	39010000	chr22	39115000	39120000	0,0,0	7.3110867	1.0	3.2724488	2.9466472	4.2924585	4.060894	1.1210905	6.6801357
chr22	25460000	25465000	chr22	25700000	25705000	0,0,0	7.0587034	0.99989605	2.8558095	5.6425495	5.7125187	4.1571302	1.9887289	9.17273
chr22	45995000	46000000	chr22	46115000	46120000	0,0,0	8.26896	1.0	3.3956661	3.460285	4.7504406	3.9617543	1.6501094	7.0375633
chr22	16145000	16150000	chr22	16890000	16895000	0,0,0	12.084708	1.0	3.759296	4.580649	5.855235	3.495444	1.950664	7.5671325
chr22	45440000	45445000	chr22	45550000	45555000	0,0,0	5.4401503	1.0	2.8387277	2.0076587	3.0294209	3.613442	0.91470796	5.398028
chr22	33015000	33020000	chr22	33200000	33205000	0,0,0	6.46203	0.9998159	2.706565	4.0450473	5.7874227	5.005093	1.6413314	8.60069
chr22	33300000	33305000	chr22	33580000	33585000	0,0,0	7.5184155	1.0	3.139763	3.7069402	4.520351	3.7092578	1.5811105	7.0043154
chr22	45265000	45270000	chr22	45550000	45555000	0,0,0	7.034825	1.0	3.2394917	2.4684653	3.4683747	3.3843684	1.4361358	5.57856
chr22	30765000	30770000	chr22	30915000	30920000	0,0,0	6.057126	0.99905294	3.1504982	2.2893407	4.0760646	4.927908	1.559262	6.962877
chr22	16005000	16010000	chr22	16270000	16275000	0,0,0	9.417536	1.0	2.8659427	5.6355762	7.2709756	4.2718883	2.6122775	9.281289
chr22	34410000	34415000	chr22	35150000	35155000	0,0,0	6.7909875	1.0	2.872473	3.0496159	3.7749918	3.1675193	1.779781	5.8782887
chr22	32525000	32530000	chr22	32795000	32800000	0,0,0	6.9227676	0.99931765	2.8758132	3.4944887	4.9121842	4.1844735	1.7033353	7.290686
chr22	37265000	37270000	chr22	37455000	37460000	0,0,0	6.6754036	0.99966913	2.136786	4.9309063	6.0488315	3.6315753	1.7632722	8.014604
chr22	45265000	45270000	chr22	45435000	45440000	0,0,0	9.8779955	0.99996203	3.5442185	5.391181	7.5036883	5.3880215	2.7688866	10.180182
chr22	24000000	24005000	chr22	24165000	24170000	0,0,0	5.881431	1.0	2.6055782	2.9813385	3.5843093	3.1813214	1.2031848	5.8314
chr22	28855000	28860000	chr22	29040000	29045000	0,0,0	10.255733	0.99999297	3.9493842	6.0933895	8.35584	6.451451	3.0265596	11.867797
chr22	43990000	43995000	chr22	44620000	44625000	0,0,0	6.409645	0.99993604	2.5531926	4.8003244	6.6799145	5.3916755	2.6307173	9.65863
chr22	35345000	35350000	chr22	36130000	36135000	0,0,0	5.446939	1.0	3.038753	2.3629153	2.3635602	3.0313275	1.4343354	5.1316967
chr22	19295000	19300000	chr22	19630000	19635000	0,0,0	5.618339	0.9977445	2.2364616	3.4491396	4.0079446	3.0291193	1.6326753	6.095021
chr22	36545000	36550000	chr22	36860000	36865000	0,0,0	7.557072	1.0	3.3019547	3.2059093	4.2062244	3.753234	1.4597019	6.602931
chr22	46355000	46360000	chr22	46540000	46545000	0,0,0	9.4732485	0.99997896	3.3969092	6.639288	7.4730597	4.867206	2.4546363	10.768796
chr22	40680000	40685000	chr22	40895000	40900000	0,0,0	6.8408704	1.0	3.1311789	2.3238642	3.947475	3.9644365	0.9691828	6.0300937
chr22	23315000	23320000	chr22	23385000	23390000	0,0,0	6.044377	1.0	2.530545	2.8391726	3.8925207	3.324426	1.2740719	5.848135
chr22	42505000	42510000	chr22	42570000	42575000	0,0,0	13.78629	1.0	3.1367924	9.545213	10.93412	4.5285616	4.3587484	13.013196
chr22	16775000	16780000	chr22	16890000	16895000	0,0,0	6.077022	1.0	2.0601785	3.6833766	4.317698	2.6896904	1.3884716	5.963803
chr22	11370000	11375000	chr22	12630000	12635000	0,0,0	32.614445	1.0	13.913479	4.3289485	8.847133	8.442745	2.0597956	12.290699
chr22	29635000	29640000	chr22	30085000	30090000	0,0,0	9.918947	0.9999999	3.481091	8.845315	11.631683	7.9680753	3.610198	15.830577
chr22	23540000	23545000	chr22	23845000	23850000	0,0,0	7.2466874	1.0	3.477759	1.7427526	3.4413958	3.7579966	1.0613053	5.30711
chr22	42165000	42170000	chr22	42435000	42440000	0,0,0	7.4899135	0.9999865	3.03923	6.0750833	7.375369	5.8150043	2.4145238	11.215077
chr22	43225000	43230000	chr22	43385000	43390000	0,0,0	6.882906	0.9994844	2.2837803	4.4906445	5.6592474	3.579343	2.0522463	7.571027
chr22	26360000	26365000	chr22	26645000	26650000	0,0,0	7.827932	1.0	3.2178528	3.7743216	5.1104007	4.2494545	1.936178	7.604407
chr22	50250000	50255000	chr22	50335000	50340000	0,0,0	7.0542145	1.0	3.4195015	3.0196104	3.7894084	3.898084	1.1882216	6.5821824
chr22	38050000	38055000	chr22	38350000	38355000	0,0,0	5.919841	0.99935174	2.1676059	3.7017927	5.420437	4.0515113	1.6021602	7.341994
chr22	20155000	20160000	chr22	20285000	20290000	0,0,0	18.471128	1.0	5.6304684	8.333662	10.84316	6.4109783	3.5608888	13.818678
chr22	34410000	34415000	chr22	35025000	35030000	0,0,0	7.761939	0.9999834	3.0586333	6.8278913	7.007575	4.9379935	2.803671	11.007231
chr22	27880000	27885000	chr22	28005000	28010000	0,0,0	7.7840514	0.9996584	3.5657997	3.334262	5.0921593	5.0189934	2.1495485	7.982782
chr22	22955000	22960000	chr22	23125000	23130000	0,0,0	15.3153305	1.0	4.9289665	8.4087305	10.442831	6.3484125	3.6063318	13.82284
chr22	38865000	38870000	chr22	39000000	39005000	0,0,0	7.988673	0.9998576	3.524327	4.007246	5.7306795	5.295641	1.695884	8.857637
chr22	20415000	20420000	chr22	20700000	20705000	0,0,0	7.625759	0.99992913	2.4877818	6.117629	7.0008006	4.117581	2.6764574	9.555473
chr22	19730000	19735000	chr22	19905000	19910000	0,0,0	9.637368	0.99999434	3.5592058	7.3008604	8.25674	5.5933437	3.2436812	12.082997
chr22	30285000	30290000	chr22	30385000	30390000	0,0,0	6.4038587	1.0	2.5760174	3.4900541	4.0196624	3.0699823	1.3952217	6.1722527
chr22	41400000	41405000	chr22	41515000	41520000	0,0,0	10.569764	1.0	4.678377	3.9581327	6.272952	5.956848	1.7770978	9.475188
chr22	18810000	18815000	chr22	21245000	21250000	0,0,0	45.958336	1.0	8.933945	150.26677	163.17427	55.748585	64.074554	189.31905
chr22	25460000	25465000	chr22	25770000	25775000	0,0,0	10.48965	0.99999934	4.211373	7.869051	9.346883	7.2071285	3.1931942	14.201841
chr22	30630000	30635000	chr22	30755000	30760000	0,0,0	7.347788	0.9994251	3.216021	2.6956377	5.2085385	5.066018	1.2366487	7.4621406
chr22	17170000	17175000	chr22	17495000	17500000	0,0,0	7.95727	0.99999213	2.9203212	6.973463	8.135179	5.551805	2.7358673	11.750439
chr22	16915000	16920000	chr22	17060000	17065000	0,0,0	8.514112	1.0	4.0095787	3.2050817	3.7166266	3.585515	1.7305437	6.4344764
chr22	30105000	30110000	chr22	30255000	30260000	0,0,0	11.165164	1.0	4.605977	4.4032645	7.949441	7.1447625	2.4133062	11.058775
chr22	12320000	12325000	chr22	12540000	12545000	0,0,0	23.535486	1.0	3.0870945	83.50042	94.617905	26.22901	33.920795	100.4516
chr22	40435000	40440000	chr22	40645000	40650000	0,0,0	13.100101	0.9999999	3.9593582	9.709751	12.83991	7.599107	3.4504192	16.229996
chr22	36300000	36305000	chr22	36470000	36475000	0,0,0	9.778424	0.9999753	3.58405	6.073966	7.4659367	5.2120447	2.320735	10.611126
chr22	12365000	12370000	chr22	12495000	12500000	0,0,0	15.441828	1.0	3.4580631	41.14702	50.719616	22.21888	21.110073	58.79401
chr22	24325000	24330000	chr22	24520000	24525000	0,0,0	6.7401643	0.99964815	2.749929	4.314166	5.19969	4.1183386	1.5616965	7.9531527
chr22	45645000	45650000	chr22	45975000	45980000	0,0,0	13.256634	1.0	4.4869537	8.26036	9.305907	5.656229	3.0870988	12.998771
chr22	28850000	28855000	chr22	29245000	29250000	0,0,0	8.363182	1.0	2.7098935	4.7316074	5.2438498	2.9988163	1.7971938	7.2046895
chr22	31555000	31560000	chr22	31965000	31970000	0,0,0	12.002388	1.0	4.025362	6.82308	8.538062	5.441987	2.5072613	11.506947
chr22	30390000	30395000	chr22	30485000	30490000	0,0,0	5.3317957	0.99788976	2.0508752	2.964955	4.4418063	3.5260859	1.6870345	6.1616015
chr22	44975000	44980000	chr22	45095000	45100000	0,0,0	6.1409507	0.99939805	2.5230923	3.8217573	4.9158015	4.0189486	1.6837559	7.416066
chr22	31665000	31670000	chr22	31945000	31950000	0,0,0	10.889473	0.9999895	4.397877	6.0426984	7.656829	6.0926166	2.5122101	11.463903
chr22	35625000	35630000	chr22	36120000	36125000	0,0,0	6.319069	0.9996647	2.1905336	4.8192735	5.758589	3.7175794	2.0263548	8.001378
chr22	40050000	40055000	chr22	40345000	40350000	0,0,0	5.605748	0.9984715	2.6994972	2.5837822	3.960687	4.1874537	1.224149	6.484149
chr22	17830000	17835000	chr22	18070000	18075000	0,0,0	6.7372117	0.99994487	3.2009048	3.8589716	6.1132007	6.3762403	2.1635692	9.8064375
chr22	17200000	17205000	chr22	17505000	17510000	0,0,0	6.5944085	0.99985147	2.468355	5.709792	5.76364	3.7402828	2.1102	8.815653
chr22	24650000	24655000	chr22	24745000	24750000	0,0,0	6.366047	0.9989369	2.9085815	3.6344817	3.9934087	3.6166065	1.9273441	6.847257
chr22	35345000	35350000	chr22	35580000	35585000	0,0,0	6.234865	0.9987578	2.8324203	2.9898148	4.2108107	4.0339293	1.6656016	6.691542
chr22	38050000	38055000	chr22	38570000	38575000	0,0,0	7.93015	0.9999785	2.9009938	6.1112676	7.594442	5.315548	2.76828	10.747786
chr22	49930000	49935000	chr22	50030000	50035000	0,0,0	5.7777905	0.9987035	2.7657413	2.597476	4.1170425	4.339893	2.0558019	6.648761
chr22	24765000	24770000	chr22	24850000	24855000	0,0,0	7.149134	0.99970835	2.6223986	4.456027	5.8261495	4.1799164	1.668163	8.140829
chr22	24950000	24955000	chr22	25050000	25055000	0,0,0	10.0811205	0.99999344	3.872253	6.687664	8.142584	5.9914694	2.9013112	11.93606
chr22	45575000	45580000	chr22	45860000	45865000	0,0,0	7.3446302	0.999919	2.2581847	6.4950924	6.947928	3.6485813	2.310232	9.421997
chr22	23175000	23180000	chr22	23280000	23285000	0,0,0	12.344226	1.0	4.6651773	6.14806	8.157673	6.09038	2.3188336	11.555323
chr22	28855000	28860000	chr22	29150000	29155000	0,0,0	7.776667	0.9998095	3.118024	4.718837	5.6593904	4.372382	1.9217238	8.566904
chr22	18955000	18960000	chr22	19620000	19625000	0,0,0	6.7111807	0.9989856	3.176083	3.1738455	4.0872445	4.0729365	1.5640372	6.8941326
chr22	40920000	40925000	chr22	41235000	41240000	0,0,0	9.536538	0.9999793	3.0313296	6.807022	8.093479	4.7361393	2.3191988	10.786826
chr22	45865000	45870000	chr22	45975000	45980000	0,0,0	12.2811985	1.0	4.1659403	5.778628	6.595478	4.0498595	2.1334214	9.186418
chr22	17075000	17080000	chr22	17500000	17505000	0,0,0	14.557538	0.9999999	4.8005986	9.299751	12.245605	7.866916	3.7787366	16.133362
chr22	38865000	38870000	chr22	39115000	39120000	0,0,0	5.607667	0.9976877	2.668017	2.5921893	3.675911	3.765964	1.728725	6.0701323
chr22	26395000	26400000	chr22	26640000	26645000	0,0,0	5.657	0.9966973	3.0344126	2.1213636	3.0781178	3.8279529	1.232326	5.713609
chr22	39535000	39540000	chr22	40030000	40035000	0,0,0	9.316029	0.9999294	4.518658	3.7279277	5.8283334	6.246411	2.3505394	9.560124
chr22	31975000	31980000	chr22	32080000	32085000	0,0,0	8.813009	1.0	4.144653	3.0311189	5.245867	5.4748535	1.8456036	8.169182
chr13	49305000	49310000	chr13	49435000	49440000	0,0,0	5.3808575	0.9988711	2.8092513	2.704123	3.7162619	4.3835444	1.7820058	6.7872095
chr13	114280000	114285000	chr13	114315000	114320000	0,0,0	4.7554617	1.0	2.4454691	1.8217028	2.0116773	2.2312417	0.799455	3.850533
chr13	94670000	94675000	chr13	95155000	95160000	0,0,0	4.7565417	0.998384	2.5194943	2.5729532	3.4375298	4.141385	1.1951277	6.428454
chr13	110455000	110460000	chr13	110815000	110820000	0,0,0	9.294016	1.0	3.6736743	3.0403323	3.7758803	2.9024415	1.5689327	5.604959
chr13	31225000	31230000	chr13	31795000	31800000	0,0,0	5.2475905	0.9969599	2.0771508	3.5072446	3.7183526	2.6789312	1.2296345	5.796482
chr13	108960000	108965000	chr13	110115000	110120000	0,0,0	8.138062	0.9999951	3.6988778	6.468118	7.1938787	6.485344	2.9243293	12.234782
chr13	31910000	31915000	chr13	32305000	32310000	0,0,0	7.931858	0.9996684	3.516846	3.2911892	5.3229337	5.086926	2.064079	8.012427
chr13	75685000	75690000	chr13	76015000	76020000	0,0,0	8.937026	1.0	5.5939336	1.269161	2.3749278	4.0208235	0.7801896	5.148967
chr13	99440000	99445000	chr13	99610000	99615000	0,0,0	6.1698847	1.0	2.326497	2.8817315	4.0518203	3.0816882	1.386293	5.643227
chr13	21620000	21625000	chr13	22795000	22800000	0,0,0	7.6185956	0.99995285	2.7874591	5.273147	7.23481	5.2756076	1.8954134	9.96285
chr13	51125000	51130000	chr13	51285000	51290000	0,0,0	5.9415474	1.0	2.617046	2.2847977	3.9030044	3.7400393	0.9836355	5.770971
chr13	43905000	43910000	chr13	44045000	44050000	0,0,0	14.187927	1.0	4.2437034	8.687157	10.752597	6.062708	2.951414	13.784625
chr13	109140000	109145000	chr13	110115000	110120000	0,0,0	6.1313853	0.99961543	2.7827697	4.141028	4.6404514	4.1833553	2.1242838	7.864269
chr13	73830000	73835000	chr13	74290000	74295000	0,0,0	6.2351656	0.99991155	2.9698842	3.8216326	5.7269735	5.937151	2.038091	9.334157
chr13	99980000	99985000	chr13	100230000	100235000	0,0,0	6.0613956	0.99995005	1.9963348	6.393388	7.1826415	4.2220035	2.2222817	9.905014
chr13	73750000	73755000	chr13	74290000	74295000	0,0,0	6.0763097	0.9993511	3.0475042	3.491683	3.971665	4.23728	1.6779878	7.3409986
chr13	44240000	44245000	chr13	44430000	44435000	0,0,0	5.0560555	0.99704605	3.0265362	1.7809715	2.7630484	4.242128	1.4520152	5.8252134
chr13	20495000	20500000	chr13	20925000	20930000	0,0,0	10.245003	0.99999785	4.3928123	5.3522024	8.986426	8.309198	3.7663383	13.066711
chr13	26985000	26990000	chr13	27355000	27360000	0,0,0	19.822865	1.0	5.6208277	18.363878	24.591133	13.845926	7.1650815	30.169374
chr13	110450000	110455000	chr13	110560000	110565000	0,0,0	4.7343893	0.9935098	1.8964353	3.0073254	3.2149937	2.364808	1.2854235	5.0379863
chr13	62120000	62125000	chr13	62355000	62360000	0,0,0	5.8132486	1.0	2.5122902	2.487423	3.721726	3.385456	1.1610394	5.5964985
chr13	24690000	24695000	chr13	24995000	25000000	0,0,0	6.3187165	0.99997544	2.3252804	6.3814254	7.291723	4.9427285	2.1977208	10.615107
chr13	22945000	22950000	chr13	24365000	24370000	0,0,0	124.45053	1.0	21.229982	27.44379	31.919504	10.82391	11.660735	35.21839
chr13	99175000	99180000	chr13	99265000	99270000	0,0,0	6.0685997	0.9995008	2.323039	4.079202	5.292903	3.9773746	1.490804	7.603332
chr13	41410000	41415000	chr13	41650000	41655000	0,0,0	6.9897685	0.9993916	2.735054	4.023835	5.031421	3.8286982	1.8692142	7.4054403
chr13	79775000	79780000	chr13	80360000	80365000	0,0,0	6.230467	0.9999842	2.6287463	5.7114124	7.130363	5.97886	2.185949	11.055671
chr13	50085000	50090000	chr13	50800000	50805000	0,0,0	6.134339	0.9998821	3.3473535	3.2331214	4.8056235	6.172933	1.8401845	9.046819
chr13	49300000	49305000	chr13	49605000	49610000	0,0,0	12.921955	0.99999964	4.9935126	7.683354	10.396589	8.022097	2.8729498	14.851744
chr13	51815000	51820000	chr13	52195000	52200000	0,0,0	5.860512	0.9983845	2.7535486	2.9240656	3.8633013	3.8295758	1.5767025	6.4287453
chr13	23750000	23755000	chr13	23865000	23870000	0,0,0	5.1962385	0.9978047	2.320792	3.3109856	3.6379066	3.178973	1.4540558	6.122071
chr13	51145000	51150000	chr13	51795000	51800000	0,0,0	4.940363	0.996293	2.3772705	2.4652786	3.3053925	3.4067585	1.1856711	5.5981174
chr13	59390000	59395000	chr13	59675000	59680000	0,0,0	6.186755	0.9994301	2.819284	3.1918144	4.7578325	4.6336536	1.4511249	7.470822
chr13	23715000	23720000	chr13	23870000	23875000	0,0,0	7.0723615	0.9995765	2.7018957	4.33611	5.3323326	3.9135234	1.8147178	7.7678432
chr13	50080000	50085000	chr13	50530000	50535000	0,0,0	7.258813	0.9999698	2.2923646	6.836538	7.708602	4.331208	2.3696525	10.408131
chr13	69535000	69540000	chr13	70310000	70315000	0,0,0	5.9437523	0.9982727	2.430523	3.3781912	4.1864924	3.359044	1.321672	6.361881
chr13	97855000	97860000	chr13	98840000	98845000	0,0,0	6.920629	0.999412	3.1767256	3.9202757	4.328369	3.9548917	1.9784696	7.439581
chr13	31235000	31240000	chr13	31420000	31425000	0,0,0	8.766923	0.99992114	3.3952816	4.910407	6.5905137	5.0837007	1.9570665	9.448507
chr13	31430000	31435000	chr13	31740000	31745000	0,0,0	9.5441265	0.99999964	3.2143385	7.7281675	11.531135	7.9868927	2.497219	14.856375
chr13	70330000	70335000	chr13	70570000	70575000	0,0,0	4.942787	1.0	2.311906	2.0671976	2.5063097	2.4188936	0.81944853	4.2564025
chr13	108425000	108430000	chr13	108895000	108900000	0,0,0	4.2287397	0.98557246	2.3079658	1.7404654	2.1382966	2.6919732	1.2659065	4.2390537
chr13	108960000	108965000	chr13	109785000	109790000	0,0,0	6.276942	0.9997261	3.076326	3.465914	4.8030305	5.1228104	1.7123313	8.203623
chr13	110940000	110945000	chr13	111050000	111055000	0,0,0	8.636322	0.99995726	3.7825453	3.9004197	6.8847723	6.5938106	2.1308959	10.06085
chr13	51220000	51225000	chr13	51795000	51800000	0,0,0	4.967817	0.9966712	2.4125903	1.8435558	3.6638184	4.0670233	1.0893416	5.70574
chr13	106090000	106095000	chr13	106530000	106535000	0,0,0	4.5478477	0.9991685	2.4874585	2.8409114	3.6005843	4.567751	1.3322287	7.093005
chr13	43905000	43910000	chr13	44965000	44970000	0,0,0	9.529271	1.0	4.679148	2.306265	4.187507	4.665514	1.1517748	6.715528
chr13	43900000	43905000	chr13	44470000	44475000	0,0,0	20.308664	1.0	7.7493486	11.638219	17.456236	13.742405	5.932188	24.087488
chr13	24320000	24325000	chr13	24550000	24555000	0,0,0	9.628407	0.9999832	4.00015	5.095641	7.4957013	6.4668407	2.3021433	10.996299
chr13	70620000	70625000	chr13	71215000	71220000	0,0,0	5.1418633	0.9960754	2.3092496	2.8398228	3.3496637	3.0167723	1.0259204	5.5410595
chr13	21110000	21115000	chr13	21475000	21480000	0,0,0	7.8467517	0.9998443	2.9937155	4.3226147	6.312331	4.9261956	1.7133105	8.76852
chr13	29770000	29775000	chr13	30115000	30120000	0,0,0	10.802647	0.9999984	4.122783	7.5100517	9.146465	6.6775084	2.72308	13.35311
chr13	73060000	73065000	chr13	73165000	73170000	0,0,0	4.794492	0.99625313	2.0680578	2.913475	3.5078554	2.997664	1.31543	5.5874195
chr13	24585000	24590000	chr13	24960000	24965000	0,0,0	17.730965	1.0	4.071722	13.619024	16.22965	7.034662	5.1022325	19.140461
chr13	72805000	72810000	chr13	73705000	73710000	0,0,0	8.995276	0.99999994	3.429712	9.563562	11.535693	8.377726	3.6467288	16.87867
chr13	20945000	20950000	chr13	21175000	21180000	0,0,0	6.4605055	0.99883956	2.8142025	2.7445133	4.588918	4.320104	1.6249869	6.759671
chr13	52290000	52295000	chr13	52515000	52520000	0,0,0	19.029633	1.0	4.2923803	19.63732	20.5248	7.6206427	6.8360295	25.076038
chr13	110220000	110225000	chr13	110440000	110445000	0,0,0	15.916532	1.0	4.3560586	14.722089	18.801176	9.966696	6.003832	23.052998
chr13	29505000	29510000	chr13	29710000	29715000	0,0,0	8.013059	0.99982184	3.6801913	3.8790112	5.35503	5.185762	1.6189795	8.633772
chr13	19550000	19555000	chr13	21270000	21275000	0,0,0	69.739876	1.0	21.328875	7.7405276	11.446659	7.2412853	4.1173816	14.121754
chr13	79675000	79680000	chr13	80360000	80365000	0,0,0	5.9603896	0.99995726	3.0846531	4.0808372	5.544309	6.433691	1.9788623	10.061102
chr13	77490000	77495000	chr13	77565000	77570000	0,0,0	10.018414	0.9999779	4.120725	5.117295	7.3024096	6.1719294	1.9329637	10.720635
chr13	114230000	114235000	chr13	114335000	114340000	0,0,0	5.926315	1.0	2.9592361	1.8275683	1.9571049	2.045377	0.88419825	3.669882
chr13	102140000	102145000	chr13	102555000	102560000	0,0,0	5.152927	0.99543434	2.2774367	2.436125	3.4813848	3.2243085	0.99286574	5.389753
chr13	33930000	33935000	chr13	34075000	34080000	0,0,0	12.554158	0.999997	4.59116	7.1989946	9.020407	6.33437	2.877075	12.733476
chr13	41400000	41405000	chr13	42110000	42115000	0,0,0	5.3515215	0.99902534	2.3243606	3.6369212	4.3102713	3.7013173	1.4041452	6.9341364
chr13	28320000	28325000	chr13	28635000	28640000	0,0,0	6.4133544	0.9999209	3.2301674	3.346455	5.6525297	6.4715385	2.118537	9.446165
chr13	97855000	97860000	chr13	98435000	98440000	0,0,0	10.0661335	0.9999592	5.2660756	4.2906933	5.385491	6.2934527	2.574445	10.107403
chr13	46970000	46975000	chr13	47770000	47775000	0,0,0	5.3767314	1.0	2.7169976	2.0733895	2.7037258	2.996265	1.0111532	4.8392777
chr13	90590000	90595000	chr13	90865000	90870000	0,0,0	6.902281	0.99990284	2.377106	5.3371916	6.7971244	4.4962325	2.0451994	9.240403
chr13	44050000	44055000	chr13	44435000	44440000	0,0,0	12.85489	1.0	4.598935	11.130612	15.669891	11.267175	5.6791077	21.161053
chr13	29845000	29850000	chr13	30110000	30115000	0,0,0	4.5871553	0.9975193	2.186193	2.5577507	3.62797	3.726295	1.1406939	5.999851
chr13	106550000	106555000	chr13	107125000	107130000	0,0,0	5.6505003	1.0	2.7407217	1.9083097	2.2610593	2.2996454	1.0554765	3.9959207
chr13	98135000	98140000	chr13	98430000	98435000	0,0,0	6.3365808	0.99972826	2.940697	3.8389707	4.9565935	4.7990904	2.4813716	8.211509
chr13	49990000	49995000	chr13	50530000	50535000	0,0,0	5.3741174	0.99785036	2.2453642	3.4318223	3.87228	3.092584	1.5179422	6.1430926
chr13	28675000	28680000	chr13	28795000	28800000	0,0,0	5.018142	1.0	2.4015212	1.8707232	2.8125544	2.937285	0.9819826	4.60015
chr13	102575000	102580000	chr13	102725000	102730000	0,0,0	7.2631736	0.9998189	3.661782	3.1671352	5.092782	5.8021464	2.1335757	8.617378
chr13	95535000	95540000	chr13	95835000	95840000	0,0,0	4.7074237	0.99657255	1.8522761	3.4391787	3.659995	2.6194887	1.821141	5.6765366
chr13	23920000	23925000	chr13	24225000	24230000	0,0,0	6.535593	1.0	3.1930504	2.390521	3.5723567	3.8411767	1.5107311	5.9660845
chr13	27865000	27870000	chr13	27955000	27960000	0,0,0	5.078514	0.998222	2.1407354	3.3888173	4.0296664	3.320622	1.9831227	6.332904
chr13	47800000	47805000	chr13	48095000	48100000	0,0,0	5.722344	1.0	2.8065445	2.6043916	3.1569598	3.2857695	1.1424547	5.6007843
chr13	39270000	39275000	chr13	39615000	39620000	0,0,0	7.4431853	0.9998644	2.6494792	4.742533	6.5916357	4.691099	1.9566246	8.906684
chr13	72645000	72650000	chr13	73700000	73705000	0,0,0	4.2777543	0.99191546	2.3456302	2.0531092	2.3738701	2.9933157	0.9100083	4.8183017
chr13	110315000	110320000	chr13	110410000	110415000	0,0,0	4.687561	0.99700826	2.0777533	2.9029558	3.6049535	3.232089	1.3558501	5.8124943
chr13	95185000	95190000	chr13	95380000	95385000	0,0,0	10.653251	0.9999961	4.763401	5.1723523	8.18045	7.8657827	2.6677387	12.463429
chr13	51430000	51435000	chr13	51800000	51805000	0,0,0	4.5654087	0.99597234	2.1822155	2.6419964	3.1773853	3.1667023	1.5993009	5.5151434
chr13	84915000	84920000	chr13	85805000	85810000	0,0,0	12.659557	1.0	4.9947996	14.385913	17.42762	13.237973	5.32831	26.025452
chr13	97110000	97115000	chr13	97210000	97215000	0,0,0	5.529051	0.99790317	2.8105736	2.4759715	3.5004787	3.9671092	1.2903365	6.1679726
chr13	40065000	40070000	chr13	40680000	40685000	0,0,0	6.8729305	0.99999565	3.185909	5.8479395	7.4235964	7.1466455	2.6212847	12.344813
chr13	91380000	91385000	chr13	91720000	91725000	0,0,0	5.5460114	0.9991828	2.7798193	2.7580302	4.1623507	4.6588373	1.2478662	7.1104193
chr13	73835000	73840000	chr13	75215000	75220000	0,0,0	6.337728	0.99995327	2.5197134	4.8870535	6.943049	5.627974	2.4599557	9.972022
chr13	34075000	34080000	chr13	35155000	35160000	0,0,0	10.720479	1.0	4.747981	3.9409604	5.6164727	5.21269	2.0631304	8.715766
chr13	98460000	98465000	chr13	98830000	98835000	0,0,0	6.9008455	1.0	2.3988147	4.312685	4.7161055	2.9084477	1.6264164	6.7419457
chr13	113950000	113955000	chr13	114225000	114230000	0,0,0	7.5987186	0.9999726	3.0872455	5.254778	7.119028	5.8353186	2.4255805	10.506232
chr13	97860000	97865000	chr13	98675000	98680000	0,0,0	7.8149066	1.0	3.462934	3.3217087	4.5071583	4.1360097	1.5569875	7.0886397
chr13	41055000	41060000	chr13	41195000	41200000	0,0,0	4.940698	0.99771106	1.9438193	3.5290632	3.9981594	2.9433475	1.841417	6.0802927
chr13	110220000	110225000	chr13	110410000	110415000	0,0,0	9.854	0.9999921	4.025311	6.1297064	7.7893605	6.295479	2.4154937	11.744107
chr13	99175000	99180000	chr13	99435000	99440000	0,0,0	12.073432	0.99999654	4.5391874	6.6768026	8.92629	6.64353	2.5216603	12.578465
chr13	69535000	69540000	chr13	69855000	69860000	0,0,0	7.9386334	0.9999724	2.952686	5.656436	7.474439	5.470557	2.1925073	10.498501
chr13	44190000	44195000	chr13	44435000	44440000	0,0,0	5.3705115	0.99971926	1.9820966	4.9368424	5.5946817	3.7907147	2.003156	8.179019
chr13	108340000	108345000	chr13	108895000	108900000	0,0,0	13.265539	1.0	5.7115955	6.5450335	7.931568	6.774565	2.3400707	12.592373
chr13	99915000	99920000	chr13	100235000	100240000	0,0,0	8.663664	0.99997634	3.8146384	4.889616	6.8718038	6.3069973	2.232474	10.653322
chr13	27830000	27835000	chr13	27980000	27985000	0,0,0	10.35649	0.9999878	3.7195284	5.424759	8.615265	6.4906044	2.8653862	11.312612
chr13	27370000	27375000	chr13	27825000	27830000	0,0,0	11.452929	0.9999991	4.82714	6.900279	9.162682	7.8195333	3.3324986	13.953115
chr13	43905000	43910000	chr13	44435000	44440000	0,0,0	17.44621	1.0	6.9151073	9.0789	14.043153	11.632022	5.5422587	19.702154
chr13	26945000	26950000	chr13	27355000	27360000	0,0,0	12.825813	1.0	4.8589344	9.612885	12.859962	9.6574545	3.5440295	18.202242
chr13	100230000	100235000	chr13	100515000	100520000	0,0,0	6.264397	0.9993855	2.534483	3.9610443	4.899698	3.8744905	2.0787244	7.395418
chr13	75875000	75880000	chr13	76900000	76905000	0,0,0	7.5997877	0.9998171	3.3233006	3.8351674	5.6503987	5.19841	1.7947611	8.607448
chr13	49975000	49980000	chr13	51065000	51070000	0,0,0	10.227025	0.99998516	3.7161999	6.8712482	7.623491	5.009891	2.4457273	11.117666
chr13	52605000	52610000	chr13	52965000	52970000	0,0,0	9.697131	1.0	2.666428	6.1403065	6.669607	3.139461	2.1978583	8.597511
chr13	101145000	101150000	chr13	101755000	101760000	0,0,0	5.4216375	0.99658483	2.4343698	2.6676295	3.556326	3.308896	1.1595571	5.6801224
chr13	33555000	33560000	chr13	33720000	33725000	0,0,0	4.532227	0.9938121	1.9414358	2.852963	3.1159706	2.5497196	1.0014057	5.0856867
chr13	70620000	70625000	chr13	70960000	70965000	0,0,0	4.6692142	0.9949757	2.4268727	1.7431713	3.1009054	3.7445254	0.9539878	5.294011
chr13	26180000	26185000	chr13	26495000	26500000	0,0,0	6.7322497	0.9999665	2.9732785	5.3897223	6.2956967	5.51437	2.430869	10.305234
chr13	73750000	73755000	chr13	75220000	75225000	0,0,0	7.545276	0.9999739	3.107546	4.9696913	7.2142496	6.136701	2.2542994	10.554204
chr13	95625000	95630000	chr13	95835000	95840000	0,0,0	6.579345	0.999614	2.5566692	3.2775826	5.870508	4.947037	1.6933873	7.8604436
chr13	104585000	104590000	chr13	106540000	106545000	0,0,0	7.999292	1.0	3.8432572	3.1080012	4.3419943	4.500221	1.6750832	7.262889
chr13	20180000	20185000	chr13	20485000	20490000	0,0,0	10.339139	0.9999955	3.016621	8.669062	9.300426	4.6155	2.8842394	12.321333
chr13	99980000	99985000	chr13	100095000	100100000	0,0,0	4.3704195	0.99681836	1.9578781	2.8525558	3.5340588	3.2153428	1.4720658	5.750948
chr13	112940000	112945000	chr13	113030000	113035000	0,0,0	5.55453	1.0	2.7006881	1.7276788	3.0053594	3.2839682	0.77781546	4.8196826
chr13	78135000	78140000	chr13	78975000	78980000	0,0,0	8.298021	0.9999966	3.0883942	6.6154366	9.049376	6.716528	2.8867702	12.596915
chr13	44485000	44490000	chr13	44875000	44880000	0,0,0	9.185476	0.999999	3.8854024	5.809697	9.522765	8.620211	3.3169758	13.784386
chr13	26700000	26705000	chr13	26870000	26875000	0,0,0	4.842839	0.99833226	2.1958323	2.9137912	4.006305	3.8069026	1.5711118	6.396939
chr13	98445000	98450000	chr13	98670000	98675000	0,0,0	8.377098	0.99992096	3.2886646	4.5971155	6.6675043	5.3606167	2.2974727	9.446941
chr13	36855000	36860000	chr13	36980000	36985000	0,0,0	6.5295486	0.9986627	2.8059669	3.0733178	4.360053	3.8859394	1.2994477	6.6177773
chr13	59675000	59680000	chr13	60330000	60335000	0,0,0	7.805547	0.99994075	3.2200763	5.3588433	6.2566934	4.971856	2.4925184	9.735272
chr13	96135000	96140000	chr13	96965000	96970000	0,0,0	4.6978974	0.9980247	2.1528091	2.9823542	3.7804542	3.5766895	1.5923086	6.227671
chr13	97110000	97115000	chr13	97340000	97345000	0,0,0	8.584761	0.99999756	3.5859942	6.897069	8.310818	6.794218	3.3031826	12.924946
chr13	28320000	28325000	chr13	28795000	28800000	0,0,0	7.122682	0.9994391	2.4985816	4.861928	5.163572	3.1651075	1.652658	7.486821
chr13	51815000	51820000	chr13	52125000	52130000	0,0,0	9.529581	0.9999819	4.017238	5.543237	7.098724	5.993361	2.075548	10.920683
chr13	60625000	60630000	chr13	61405000	61410000	0,0,0	6.0948977	0.9987507	2.4146245	3.584124	4.51592	3.499964	1.9787328	6.685852
chr13	49240000	49245000	chr13	49605000	49610000	0,0,0	6.262977	0.999574	2.2577183	4.5961423	5.457893	3.676403	2.0332758	7.7618628
chr13	39680000	39685000	chr13	40675000	40680000	0,0,0	8.962053	0.9999577	3.2832904	5.700341	7.1211085	5.0043087	3.42297	10.071279
chr13	107210000	107215000	chr13	107645000	107650000	0,0,0	6.8032284	0.9995681	2.9098642	4.466798	4.694954	3.7776976	1.8947436	7.748185
chr13	75370000	75375000	chr13	75480000	75485000	0,0,0	4.5248656	0.996169	1.9595755	2.5324435	3.6636045	3.3141394	0.87626517	5.5652003
chr13	77780000	77785000	chr13	78120000	78125000	0,0,0	9.368314	0.9999686	3.307973	5.3188624	7.820956	5.64076	2.8426766	10.368638
chr13	46490000	46495000	chr13	46720000	46725000	0,0,0	6.29874	0.9999309	2.5707123	4.4483013	6.636126	5.6267548	1.836852	9.5808
chr13	49975000	49980000	chr13	50800000	50805000	0,0,0	16.275677	1.0	5.0361032	12.738099	16.67465	10.033317	4.633151	21.356071
chr13	33930000	33935000	chr13	35155000	35160000	0,0,0	10.313845	0.99999976	4.275579	6.9110904	10.6095	9.232315	4.3859777	15.375506
chr13	48125000	48130000	chr13	48580000	48585000	0,0,0	8.255705	0.999867	3.2224407	4.8240156	6.0912776	4.63828	2.426586	8.926293
chr13	48595000	48600000	chr13	48765000	48770000	0,0,0	7.6583357	0.99970245	3.2486904	4.038258	5.286912	4.5311246	1.7389473	8.1206875
chr13	99910000	99915000	chr13	100515000	100520000	0,0,0	5.22262	0.9997963	2.6713219	3.7833366	4.596009	5.136592	1.9070578	8.499558
chr13	102580000	102585000	chr13	102845000	102850000	0,0,0	8.58096	0.99990624	4.25819	3.8470461	5.3778887	5.8563986	1.4683464	9.275995
chr13	100095000	100100000	chr13	100515000	100520000	0,0,0	4.3775353	0.9937639	1.9462012	2.5315754	3.1409988	2.827644	1.1941893	5.0779333
chr13	28805000	28810000	chr13	29360000	29365000	0,0,0	6.9462605	0.9996741	3.7189815	3.1914823	4.2334337	5.192869	1.4905331	8.029742
chr13	46550000	46555000	chr13	46720000	46725000	0,0,0	10.005825	0.9999997	3.3781018	8.772324	11.1961	7.258013	4.1939945	15.055633
chr13	70965000	70970000	chr13	71215000	71220000	0,0,0	5.4973826	0.999179	2.4115922	3.846395	4.308941	3.6866786	1.8583436	7.105696
chr13	77330000	77335000	chr13	77475000	77480000	0,0,0	4.3933887	0.9877681	2.1423154	2.226051	2.4129033	2.4254522	0.79081917	4.4041643
chr13	45805000	45810000	chr13	46160000	46165000	0,0,0	5.9436383	0.999783	2.611849	3.9270806	5.4256954	4.9456067	2.218745	8.436345
chr13	24865000	24870000	chr13	24970000	24975000	0,0,0	5.3591337	0.99743253	2.1771047	3.319134	3.8748674	3.0151148	1.3762523	5.965456
chr13	48125000	48130000	chr13	48765000	48770000	0,0,0	8.020053	0.9998505	3.1939743	4.684722	5.9401965	4.6448164	1.7359095	8.809014
chr13	39050000	39055000	chr13	39610000	39615000	0,0,0	6.4300604	0.99990803	2.4383059	4.856472	6.587804	4.978086	2.4471607	9.29495
chr13	31905000	31910000	chr13	32580000	32585000	0,0,0	10.551827	1.0	4.4013085	3.6763926	4.4628487	3.650541	1.8009105	6.9184456
chr13	95625000	95630000	chr13	96970000	96975000	0,0,0	4.8506317	0.99300593	2.6632745	1.8369253	2.5786014	3.3303826	1.0262607	4.963205
chr13	73060000	73065000	chr13	73400000	73405000	0,0,0	5.681094	0.9994151	2.2425888	4.3188605	4.881201	3.6058273	1.6051602	7.4448147
chr13	112615000	112620000	chr13	112870000	112875000	0,0,0	4.919056	0.99924517	2.1120243	3.9330127	4.4441295	3.693768	1.855616	7.1897793
chr13	20710000	20715000	chr13	20920000	20925000	0,0,0	4.7159963	0.9938406	2.1717398	2.6276093	2.9771163	2.7546432	1.1022464	5.090296
chr13	27375000	27380000	chr13	27980000	27985000	0,0,0	13.214438	0.9999992	6.3894444	7.5185394	7.614704	7.4109974	2.6450548	14.094143
chr13	30675000	30680000	chr13	30800000	30805000	0,0,0	6.745963	0.9998795	2.5594203	5.4177876	6.0419455	4.208584	1.9001304	9.024395
chr13	70095000	70100000	chr13	70565000	70570000	0,0,0	7.6613984	0.9995485	2.6998713	4.5738277	5.5083585	3.638156	1.6746247	7.7037807
chr13	111475000	111480000	chr13	112440000	112445000	0,0,0	9.826716	1.0	3.253003	12.486626	14.06665	8.331406	4.436934	19.430628
chr13	69535000	69540000	chr13	70565000	70570000	0,0,0	19.777925	1.0	5.2796974	13.8107	16.349648	8.026909	4.6129518	20.303087
chr13	110590000	110595000	chr13	110815000	110820000	0,0,0	7.4389443	1.0	3.2109752	3.450944	4.237257	3.6468532	1.6228167	6.714359
chr13	79420000	79425000	chr13	79540000	79545000	0,0,0	19.110228	1.0	6.6627097	10.476697	14.306867	9.891904	3.8877516	19.204523
chr13	94435000	94440000	chr13	94615000	94620000	0,0,0	10.102266	1.0	3.46489	5.4552455	6.9117923	4.5406213	2.0417216	9.389729
chr13	42595000	42600000	chr13	43800000	43805000	0,0,0	6.423918	0.9999425	2.7115476	4.8153715	6.40901	5.4838223	2.7575026	9.764153
chr13	75690000	75695000	chr13	75865000	75870000	0,0,0	5.7987347	1.0	3.6183074	1.7021613	2.5263667	4.2355437	1.3719054	5.7485757
chr13	73065000	73070000	chr13	73705000	73710000	0,0,0	6.381271	0.9989073	2.8886163	3.0389678	4.312873	4.1185575	1.6361847	6.8198624
chr13	101145000	101150000	chr13	102555000	102560000	0,0,0	8.405071	1.0	3.6021128	3.870422	5.4447064	4.8250294	1.552648	8.265404
chr13	21625000	21630000	chr13	22755000	22760000	0,0,0	6.7173624	0.9999616	2.986504	5.142329	6.2537045	5.5980415	1.9349178	10.169001
chr13	20495000	20500000	chr13	20825000	20830000	0,0,0	8.546672	0.99999565	3.4181159	6.459581	8.347042	6.60544	2.167612	12.34729
chr13	21295000	21300000	chr13	21475000	21480000	0,0,0	9.78992	0.9999978	2.962267	8.380445	10.004015	5.5763755	2.9385846	13.02566
chr13	101145000	101150000	chr13	101930000	101935000	0,0,0	4.529017	0.9934271	2.1725366	2.484045	2.8434608	2.817277	1.2640423	5.0253167
chr13	39945000	39950000	chr13	40680000	40685000	0,0,0	11.132726	0.99999994	3.4321806	10.181279	12.975395	7.665608	4.879454	16.715633
chr13	75675000	75680000	chr13	76470000	76475000	0,0,0	13.6302805	1.0	5.667587	5.297682	6.1360097	4.9150286	2.1756094	9.624079
chr13	48335000	48340000	chr13	48575000	48580000	0,0,0	9.031844	0.999929	3.9856586	4.286642	6.19693	5.7433677	2.5247786	9.553716
chr13	77590000	77595000	chr13	77750000	77755000	0,0,0	7.405195	1.0	2.8136082	3.4886782	4.8120313	3.6662793	1.3811849	6.767327
chr13	99265000	99270000	chr13	99435000	99440000	0,0,0	5.5114703	0.99763775	2.3422818	3.0352163	3.9169974	3.350805	1.3473741	6.048775
chr13	108605000	108610000	chr13	108895000	108900000	0,0,0	8.034408	0.9999569	3.951284	4.027752	5.968892	6.4727554	2.0273771	10.052979
chr13	25575000	25580000	chr13	26070000	26075000	0,0,0	8.545543	0.9999996	3.635007	7.3998594	9.455409	8.074208	3.6811764	14.651862
chr13	59680000	59685000	chr13	60435000	60440000	0,0,0	6.886906	0.99933356	3.0371392	4.179968	4.2986207	3.5988224	1.9164882	7.314349
chr13	73135000	73140000	chr13	73705000	73710000	0,0,0	5.1223984	1.0	2.6674829	1.4361063	2.2473528	2.6835132	0.70246017	3.9600523
chr13	96015000	96020000	chr13	96815000	96820000	0,0,0	7.098221	0.9996946	3.4794397	2.9828253	4.956683	5.44326	1.1521235	8.094661
chr13	72835000	72840000	chr13	73705000	73710000	0,0,0	11.633245	1.0	4.1261396	10.967056	13.990027	9.564677	3.9380314	19.313171
chr13	31430000	31435000	chr13	31795000	31800000	0,0,0	5.926684	0.9998897	2.0880318	5.477318	6.4837914	4.24423	2.1029093	9.112957
chr13	41670000	41675000	chr13	42110000	42115000	0,0,0	8.308918	0.99999505	3.8453217	4.444008	8.037666	8.272634	2.266159	12.222863
chr13	42975000	42980000	chr13	43080000	43085000	0,0,0	4.315367	0.99414057	1.9476336	2.7089996	3.052246	2.732234	0.93796295	5.1402335
chr13	75875000	75880000	chr13	76470000	76475000	0,0,0	9.34516	0.999999	3.8529549	6.5797524	9.386809	7.9559903	2.456474	13.804659
chr13	45045000	45050000	chr13	45280000	45285000	0,0,0	15.298882	1.0	5.1159124	13.713173	17.18407	10.9264555	4.921454	23.11594
chr13	36285000	36290000	chr13	36735000	36740000	0,0,0	4.9008017	1.0	2.3836255	2.1734343	2.4918168	2.52707	1.1634684	4.4590116
chr13	49980000	49985000	chr13	50910000	50915000	0,0,0	6.705333	0.99998355	2.322313	6.920176	7.790485	4.864164	2.8771458	11.015431
chr13	45805000	45810000	chr13	46125000	46130000	0,0,0	5.153068	0.9995388	2.0733771	3.0790799	5.6344624	4.9454994	1.8782984	7.682459
chr13	101510000	101515000	chr13	101755000	101760000	0,0,0	5.2351704	0.998667	2.499429	2.946045	3.9331295	4.0022993	1.3285004	6.621006
chr13	75875000	75880000	chr13	76015000	76020000	0,0,0	4.6581707	0.9923995	1.9966332	2.6178994	3.0477886	2.5530286	0.9783587	4.88005
chr13	44480000	44485000	chr13	44970000	44975000	0,0,0	11.224683	0.9999998	4.8796372	6.537447	10.497516	9.774936	3.500337	15.585999
chr13	24050000	24055000	chr13	24215000	24220000	0,0,0	8.826027	0.99999875	3.9220521	6.4262342	8.601104	7.8960333	2.8135235	13.608242
chr13	52610000	52615000	chr13	52805000	52810000	0,0,0	5.1320653	0.99469113	2.3785756	2.592623	3.0955987	2.934371	1.2309774	5.238925
chr13	107210000	107215000	chr13	108145000	108150000	0,0,0	5.0936723	0.9989246	2.6604807	2.830936	3.6866746	4.31938	1.7707438	6.835767
chr13	26705000	26710000	chr13	26925000	26930000	0,0,0	7.0369463	1.0	3.0908158	2.494566	4.228918	4.032496	1.2475127	6.249888
chr13	26170000	26175000	chr13	26690000	26695000	0,0,0	4.960115	0.998435	2.7222512	2.758797	3.175007	4.008291	1.1341375	6.4605546
chr13	96015000	96020000	chr13	96960000	96965000	0,0,0	7.263734	0.99982077	3.8372178	3.3716092	4.6734548	5.630686	1.9976763	8.627672
chr13	30130000	30135000	chr13	30535000	30540000	0,0,0	4.641728	1.0	2.0632994	1.8875704	2.7665458	2.5969732	0.8319865	4.2748137
chr13	24020000	24025000	chr13	24220000	24225000	0,0,0	8.756942	0.999999	3.5723853	7.1832304	9.181629	7.422628	2.73043	13.807721
chr13	49655000	49660000	chr13	49845000	49850000	0,0,0	7.00873	0.99980617	3.5116382	4.2725325	4.5290995	4.751605	1.9019297	8.549412
chr13	23465000	23470000	chr13	23870000	23875000	0,0,0	6.222154	0.999969	2.7224302	4.4685273	6.8901405	6.4102273	2.2897441	10.382252
chr13	96825000	96830000	chr13	96955000	96960000	0,0,0	6.0726604	1.0	3.7793	1.5103333	2.7165205	4.5408664	0.72793543	5.883385
chr13	33225000	33230000	chr13	33725000	33730000	0,0,0	4.790781	1.0	2.5276036	1.7736015	2.4945064	3.004382	1.0176615	4.5809164
chr20	18630000	18635000	chr20	19180000	19185000	0,0,0	5.2167997	1.0	2.7733567	2.064227	2.5941	3.1200361	1.0663588	4.9549046
chr20	9615000	9620000	chr20	9910000	9915000	0,0,0	5.626903	0.99894565	2.5904171	3.458073	4.051455	3.7817166	1.7093056	6.855559
chr20	815000	820000	chr20	955000	960000	0,0,0	17.88129	1.0	5.42684	11.294534	13.804732	7.8342795	4.187388	17.873865
chr20	31660000	31665000	chr20	31720000	31725000	0,0,0	10.033174	0.99997896	2.7466583	7.245043	8.600382	4.3313775	2.616689	10.771416
chr20	9620000	9625000	chr20	10420000	10425000	0,0,0	6.1460395	1.0	3.2061932	1.921567	2.2062683	2.5294032	1.192978	4.2374625
chr20	29055000	29060000	chr20	30355000	30360000	0,0,0	15.407397	1.0	3.458822	18.141123	23.698444	10.917656	8.80551	27.043098
chr20	8750000	8755000	chr20	9380000	9385000	0,0,0	4.9685946	0.99788004	2.569644	2.9919627	3.1489213	3.4974737	1.1660328	6.1569963
chr20	34845000	34850000	chr20	35260000	35265000	0,0,0	5.352936	1.0	2.6223016	2.4793632	2.8543053	2.9324756	0.96842	5.136354
chr20	50185000	50190000	chr20	50460000	50465000	0,0,0	25.824085	1.0	7.1263967	16.547155	21.134684	11.28621	6.244544	25.994793
chr20	57510000	57515000	chr20	57590000	57595000	0,0,0	12.814558	1.0	4.8975797	4.720497	6.8172464	5.311109	2.2358274	9.507107
chr20	51385000	51390000	chr20	51590000	51595000	0,0,0	7.449016	0.99960625	3.4786518	3.8320875	4.6137967	4.434332	1.6373904	7.840632
chr20	44385000	44390000	chr20	44610000	44615000	0,0,0	6.701347	1.0	2.5804543	2.9911234	4.3875837	3.4641685	1.3281809	6.122945
chr20	17505000	17510000	chr20	17895000	17900000	0,0,0	11.022907	0.9999843	3.7445126	7.0453105	7.892077	4.8013506	2.6811767	11.0638485
chr20	15705000	15710000	chr20	16475000	16480000	0,0,0	8.663457	1.0	3.8320963	3.1301422	5.169747	4.9467297	1.8563007	7.729078
chr20	8785000	8790000	chr20	9360000	9365000	0,0,0	5.0238886	0.99937135	2.764864	3.3079064	3.5260272	4.4323483	1.8948336	7.372709
chr20	19200000	19205000	chr20	19585000	19590000	0,0,0	6.6506424	0.9999447	3.0989277	4.8056283	5.777378	5.5315557	2.3642077	9.803225
chr20	51635000	51640000	chr20	52080000	52085000	0,0,0	11.465524	0.9999975	4.2075124	7.083465	9.21729	6.6031075	3.1081076	12.899521
chr20	49980000	49985000	chr20	50070000	50075000	0,0,0	10.091514	1.0	4.2439914	4.1360264	5.231053	4.3853264	2.0397182	8.061794
chr20	5570000	5575000	chr20	5785000	5790000	0,0,0	4.928468	0.9987758	2.8111327	2.2742014	3.3645458	4.6846433	1.7332859	6.706156
chr20	25905000	25910000	chr20	29650000	29655000	0,0,0	270.8848	1.0	47.461163	35.09148	39.353962	12.959075	13.216666	44.1515
chr20	62665000	62670000	chr20	62790000	62795000	0,0,0	8.5823765	1.0	3.3593376	3.5908961	5.084756	4.043543	1.9481262	7.2354503
chr20	13815000	13820000	chr20	14055000	14060000	0,0,0	8.471781	1.0	2.8054252	4.3257804	5.3253107	3.3200634	1.6939034	7.165201
chr20	29475000	29480000	chr20	30400000	30405000	0,0,0	25.27671	1.0	4.737601	28.53815	28.718084	8.490471	9.778955	33.857716
chr20	45135000	45140000	chr20	45290000	45295000	0,0,0	6.01123	1.0	2.691241	2.7524078	3.4344628	3.1279924	1.2322632	5.5745764
chr20	4105000	4110000	chr20	4170000	4175000	0,0,0	7.9755177	1.0	3.2766504	3.7448022	5.3863325	4.556376	1.7788293	7.8850894
chr20	45800000	45805000	chr20	45960000	45965000	0,0,0	4.7456784	1.0	2.8571637	1.2287694	1.4652824	2.2524185	0.54294175	3.344658
chr20	31630000	31635000	chr20	31720000	31725000	0,0,0	9.239971	1.0	3.524916	4.166123	5.43459	4.0755744	2.0563421	7.7787943
chr20	44685000	44690000	chr20	44865000	44870000	0,0,0	6.782652	1.0	3.6934452	1.8388549	3.1884682	4.137802	1.0490521	5.77234
chr20	19900000	19905000	chr20	19995000	20000000	0,0,0	5.3771944	0.996459	2.6783128	1.9729578	3.4397144	3.8901987	1.2075748	5.643939
chr20	13005000	13010000	chr20	13100000	13105000	0,0,0	5.522321	1.0	2.8707163	1.7693269	2.8045907	3.3446183	0.77102035	4.917353
chr20	20080000	20085000	chr20	20595000	20600000	0,0,0	8.017419	0.99996746	3.0523906	5.859866	7.069176	5.1248884	2.5852656	10.333658
chr20	51635000	51640000	chr20	51965000	51970000	0,0,0	5.2832193	0.99788165	2.7373765	2.492687	3.3900082	3.942047	0.9221226	6.157769
chr20	5525000	5530000	chr20	5785000	5790000	0,0,0	6.73583	0.9998454	2.5315142	4.817471	6.149613	4.493179	2.1924555	8.775375
chr20	19690000	19695000	chr20	19995000	20000000	0,0,0	9.079709	1.0	3.2636323	4.1010113	5.2315893	3.630412	1.8041873	7.2757554
chr20	45315000	45320000	chr20	45770000	45775000	0,0,0	12.749837	1.0	4.6496654	5.5929008	8.229036	6.135311	2.3467367	11.106779
chr20	44115000	44120000	chr20	44190000	44195000	0,0,0	9.595187	1.0	3.9485557	3.0768538	4.8439336	4.2060714	1.5328369	6.9410524
chr20	38645000	38650000	chr20	38790000	38795000	0,0,0	5.5492964	1.0	2.770105	2.1193552	3.0804963	3.406888	1.0668045	5.2907596
chr20	29050000	29055000	chr20	31260000	31265000	0,0,0	21.869976	1.0	9.458393	4.71311	8.701412	8.280854	2.646684	12.470285
chr20	12970000	12975000	chr20	13105000	13110000	0,0,0	11.601139	1.0	4.29912	5.9583373	8.424473	6.29898	2.8218625	11.59528
chr20	37200000	37205000	chr20	37530000	37535000	0,0,0	7.569065	0.99983853	3.304145	3.7118447	5.8320413	5.4327607	1.8272097	8.732179
chr20	47195000	47200000	chr20	47620000	47625000	0,0,0	6.2159543	0.9990151	2.9208004	2.919118	4.275351	4.328935	1.3379033	6.9237065
chr20	47675000	47680000	chr20	48620000	48625000	0,0,0	10.514366	0.9999875	4.394966	4.7666855	7.8835716	7.0529532	2.4491887	11.290007
chr20	43840000	43845000	chr20	44080000	44085000	0,0,0	6.843595	0.9998404	2.605058	4.728715	6.0970826	4.540344	2.2444308	8.743647
chr20	13115000	13120000	chr20	13770000	13775000	0,0,0	6.1651926	0.99862707	2.8910406	2.6442363	4.1475	4.241076	1.778965	6.5915084
chr20	29555000	29560000	chr20	30325000	30330000	0,0,0	22.933468	1.0	3.236607	30.1972	33.89549	9.666744	11.553773	36.5087
chr20	10550000	10555000	chr20	11270000	11275000	0,0,0	9.266159	0.9999946	3.524224	6.274015	8.602696	6.548008	2.2916129	12.12491
chr20	57595000	57600000	chr20	58205000	58210000	0,0,0	12.594705	1.0	4.5181727	9.443622	14.165634	10.455884	4.3492403	18.850214
chr20	9615000	9620000	chr20	9965000	9970000	0,0,0	5.8117704	0.99711895	2.6218662	2.932118	3.5511222	3.2438717	1.5086273	5.8501987
chr20	4750000	4755000	chr20	5190000	5195000	0,0,0	5.6213155	1.0	2.851065	2.121504	2.457762	2.6836085	1.1306924	4.56939
chr20	56550000	56555000	chr20	57050000	57055000	0,0,0	5.7479253	0.9970497	2.7604063	2.6202314	3.4216537	3.4973552	1.9106674	5.82645
chr20	22345000	22350000	chr20	22460000	22465000	0,0,0	5.1882153	1.0	2.6443205	2.081732	2.1551	2.3211558	1.092278	4.171584
chr20	40735000	40740000	chr20	40945000	40950000	0,0,0	5.8301435	1.0	3.3258164	2.2565293	2.2745273	3.0641453	0.9094107	5.069949
chr20	5525000	5530000	chr20	6075000	6080000	0,0,0	8.8748865	0.99995226	3.9921565	4.642501	6.232876	5.824081	1.9621234	9.950748
chr20	62300000	62305000	chr20	62375000	62380000	0,0,0	8.737923	1.0	3.392007	3.701255	4.784056	3.6504245	1.5391376	6.940429
chr20	350000	355000	chr20	430000	435000	0,0,0	6.6104608	0.99901927	2.9430997	3.8822613	4.0643163	3.4770288	1.4784242	6.9279275
chr20	29075000	29080000	chr20	29495000	29500000	0,0,0	57.11608	1.0	13.106758	29.985857	39.36351	18.494549	16.007093	45.148643
chr20	50990000	50995000	chr20	51305000	51310000	0,0,0	11.220115	0.99999714	6.105231	3.3986566	7.3966546	9.748977	2.2076519	12.770005
chr20	8790000	8795000	chr20	9390000	9395000	0,0,0	7.9649425	0.9999969	2.9786813	7.5937824	8.615433	5.9393597	2.8086078	12.689388
chr20	54220000	54225000	chr20	54645000	54650000	0,0,0	12.758092	1.0	5.8367586	5.25251	8.128423	8.018521	3.061843	12.68742
chr20	15705000	15710000	chr20	16760000	16765000	0,0,0	11.674285	1.0	4.2019615	5.190239	6.2951727	4.275818	2.232876	8.889363
chr20	17675000	17680000	chr20	17895000	17900000	0,0,0	4.460418	0.99224585	2.529246	2.1890714	2.1932602	2.9141932	1.1229961	4.8600345
chr20	57380000	57385000	chr20	57495000	57500000	0,0,0	9.487524	1.0	4.54691	2.7842543	4.1027594	4.2783227	1.4046333	6.753216
chr20	810000	815000	chr20	1110000	1115000	0,0,0	6.196948	1.0	2.8619738	2.0574431	2.799127	2.7233481	1.1775105	4.5521865
chr20	53575000	53580000	chr20	54060000	54065000	0,0,0	8.841744	1.0	3.3390524	4.3894525	5.3484507	3.8553221	1.6014253	7.7570577
chr20	49330000	49335000	chr20	49530000	49535000	0,0,0	8.276961	0.9999069	3.5478644	4.033682	6.270284	5.697253	2.0310721	9.282748
chr20	35990000	35995000	chr20	36140000	36145000	0,0,0	12.046057	0.99999833	4.7915626	6.5239124	9.262016	7.51041	3.4120457	13.3094425
chr20	20860000	20865000	chr20	21500000	21505000	0,0,0	9.040766	0.99999964	3.9057434	6.875265	9.750186	8.74855	3.286091	14.859897
chr20	8040000	8045000	chr20	8385000	8390000	0,0,0	7.233974	0.99996865	3.406573	4.4025545	6.372003	6.457125	2.2830763	10.370507
chr20	22340000	22345000	chr20	22585000	22590000	0,0,0	8.198437	0.9999179	3.7365499	4.708029	5.6470304	5.223991	2.330345	9.408905
chr20	1310000	1315000	chr20	1435000	1440000	0,0,0	9.818825	0.9999872	3.3043509	6.5723343	8.39148	5.4225183	2.3890476	11.264594
chr20	34315000	34320000	chr20	34520000	34525000	0,0,0	8.406999	0.99997276	3.436592	5.7009172	6.861244	5.445464	2.8624752	10.512946
chr20	53580000	53585000	chr20	53910000	53915000	0,0,0	6.9911637	0.99997264	3.4177308	4.3761816	6.20295	6.6166	2.1635463	10.506539
chr20	57510000	57515000	chr20	58210000	58215000	0,0,0	9.332428	0.99995065	4.207492	5.150223	5.9341784	5.339006	2.1169302	9.916982
chr20	7935000	7940000	chr20	8720000	8725000	0,0,0	12.884729	1.0	4.5504856	10.013944	12.519563	8.440158	3.867482	17.34144
chr20	47270000	47275000	chr20	47380000	47385000	0,0,0	14.509605	1.0	4.667398	7.8132663	9.917382	6.097867	2.9975357	13.042993
chr20	29090000	29095000	chr20	30390000	30395000	0,0,0	101.59198	1.0	23.358747	26.446756	37.21254	18.408564	16.385958	41.91679
chr20	3675000	3680000	chr20	4085000	4090000	0,0,0	11.090625	1.0	3.1823606	4.8571124	5.712806	2.9897819	1.7297751	7.307215
chr20	20860000	20865000	chr20	21230000	21235000	0,0,0	7.6353836	1.0	3.9433908	2.608368	3.7587032	4.382584	1.4097985	6.7011333
chr20	58235000	58240000	chr20	58450000	58455000	0,0,0	6.9189634	1.0	3.7569644	2.2620103	2.7895525	3.4797647	1.1614431	5.4904404
chr20	47670000	47675000	chr20	48300000	48305000	0,0,0	4.912725	0.99602854	2.6378152	2.5445068	2.7283378	3.267417	1.1305897	5.529201
chr20	59085000	59090000	chr20	59220000	59225000	0,0,0	7.1763153	1.0	3.3764415	2.1376112	3.8381996	4.030914	1.1777663	5.931012
chr20	12925000	12930000	chr20	13100000	13105000	0,0,0	7.5430517	1.0	2.9637713	3.2926378	4.6275587	3.6872358	1.6784635	6.614025
chr20	4220000	4225000	chr20	4590000	4595000	0,0,0	7.985574	0.9999553	4.662792	2.685739	5.1696334	7.6295495	1.954819	10.016873
chr20	54095000	54100000	chr20	54195000	54200000	0,0,0	19.708809	1.0	8.025684	6.167581	9.729725	8.351766	3.0965374	13.83406
chr20	16520000	16525000	chr20	16760000	16765000	0,0,0	5.2192435	1.0	3.0407844	1.1660244	2.0588782	3.0144472	0.787649	4.0509133
chr20	45595000	45600000	chr20	45765000	45770000	0,0,0	6.773118	0.99947363	2.785216	4.137463	4.877392	3.8725963	2.0527782	7.5503416
chr20	46130000	46135000	chr20	46320000	46325000	0,0,0	5.608212	0.9991412	2.5117636	3.533764	4.324375	3.919571	1.5527993	7.0606947
chr20	50185000	50190000	chr20	50380000	50385000	0,0,0	5.182802	0.9967691	2.522977	2.2770748	3.4606922	3.7115054	1.5093231	5.735572
chr20	45040000	45045000	chr20	45290000	45295000	0,0,0	6.652388	1.0	2.5392685	3.7884452	3.8588874	2.5875914	1.43637	5.955098
chr20	44215000	44220000	chr20	44460000	44465000	0,0,0	8.75634	1.0	3.579446	4.0703907	5.9732876	5.0511665	1.9767183	8.6692915
chr20	24995000	25000000	chr20	25065000	25070000	0,0,0	7.2516894	1.0	3.495127	2.0059323	4.325262	4.7997603	1.190547	6.5828114
chr20	58870000	58875000	chr20	59220000	59225000	0,0,0	4.7153735	0.99379486	2.5286458	1.898252	2.7339478	3.3955672	0.96828413	5.082902
chr20	24995000	25000000	chr20	25180000	25185000	0,0,0	8.835386	1.0	3.491768	4.275504	5.53421	4.3180656	1.7452219	8.118513
chr20	47395000	47400000	chr20	47625000	47630000	0,0,0	6.663717	1.0	3.7706192	1.5666541	2.435022	3.3516588	0.8995982	4.7442403
chr20	8040000	8045000	chr20	8720000	8725000	0,0,0	6.9684615	0.9994145	2.6438985	4.2651277	5.085542	3.6526308	1.54271	7.443856
chr20	350000	355000	chr20	475000	480000	0,0,0	9.096945	1.0	3.7260785	4.4956107	5.2084365	4.086504	2.0574148	8.0826025
chr20	8850000	8855000	chr20	9355000	9360000	0,0,0	7.8580546	0.9999982	3.477038	6.0668073	8.493718	7.839754	3.5046818	13.232471
chr20	32520000	32525000	chr20	32650000	32655000	0,0,0	12.171003	1.0	3.884288	5.734082	7.081969	4.255022	1.9575406	9.351984
chr20	22335000	22340000	chr20	22680000	22685000	0,0,0	17.965763	1.0	6.8258324	7.357171	13.42018	11.108798	3.5633287	17.648504
chr20	21235000	21240000	chr20	21500000	21505000	0,0,0	9.606413	1.0	4.406533	3.5451584	5.740476	5.731848	1.7096328	8.8831
chr20	10670000	10675000	chr20	11270000	11275000	0,0,0	6.313411	0.9996599	2.6845512	3.3694506	5.488446	4.991957	1.6322029	7.987025
chr20	40965000	40970000	chr20	41335000	41340000	0,0,0	15.022892	1.0	5.5642915	5.026937	6.8578672	5.057557	1.9483963	9.525946
chr20	560000	565000	chr20	735000	740000	0,0,0	8.051586	0.9997293	3.083412	4.1298246	5.8555965	4.544237	1.8338482	8.215192
chr20	4755000	4760000	chr20	5100000	5105000	0,0,0	10.452306	0.99998266	3.935873	5.757946	7.8023243	5.846765	2.4091365	10.964939
chr20	50475000	50480000	chr20	50575000	50580000	0,0,0	9.739256	1.0	4.0711155	4.431591	5.749666	4.820245	1.6142409	8.759437
chr20	59080000	59085000	chr20	59400000	59405000	0,0,0	8.131968	0.9998601	3.0871882	4.4296007	6.3884845	4.938178	2.1273892	8.875601
chr20	90000	95000	chr20	150000	155000	0,0,0	5.464019	1.0	2.639937	1.8862157	1.9604921	1.9188001	0.9632379	3.5954363
chr20	35460000	35465000	chr20	35950000	35955000	0,0,0	5.61752	1.0	2.7531426	2.1479077	2.7338371	2.8700848	1.178818	4.779336
chr20	44215000	44220000	chr20	44610000	44615000	0,0,0	8.514155	1.0	3.2023227	4.486246	5.2762017	3.7258055	1.6840274	7.71358
chr20	4010000	4015000	chr20	4080000	4085000	0,0,0	6.597047	1.0	3.423154	2.3573644	3.1927173	3.7196727	1.1106186	5.8151083
chr20	47195000	47200000	chr20	47380000	47385000	0,0,0	11.504199	1.0	4.2386	5.583389	6.5967536	4.5508924	2.194777	9.513905
chr20	21640000	21645000	chr20	22105000	22110000	0,0,0	6.597204	1.0	2.6789703	3.2671573	3.9798484	3.1447766	1.1599015	6.0489163
chr20	54680000	54685000	chr20	56170000	56175000	0,0,0	10.404484	1.0	3.9488726	5.7977867	6.419669	4.458375	2.0532057	9.611962
chr20	34190000	34195000	chr20	34770000	34775000	0,0,0	6.8623543	1.0	2.552062	3.7414749	3.9050133	2.5593576	1.5397338	5.8851132
chr20	38055000	38060000	chr20	38220000	38225000	0,0,0	6.570497	0.9992254	3.3243546	2.659996	4.200154	4.79943	1.6028026	7.163871
chr20	35300000	35305000	chr20	35440000	35445000	0,0,0	10.799166	1.0	4.591462	4.415852	6.339235	5.5909443	2.3302472	9.516147
chr20	17505000	17510000	chr20	17995000	18000000	0,0,0	7.986619	1.0	3.7903695	3.115324	4.779085	4.9495926	1.6361066	7.7187696
chr20	38645000	38650000	chr20	39045000	39050000	0,0,0	7.0778513	1.0	2.599548	3.0945852	4.0977316	2.959227	1.3612051	5.709969
chr20	43745000	43750000	chr20	44080000	44085000	0,0,0	13.224967	0.99999976	5.464538	6.8719153	10.637333	9.2407875	3.446129	15.349156
chr20	4760000	4765000	chr20	4950000	4955000	0,0,0	13.188759	1.0	5.3495083	5.999811	8.414681	6.957334	2.584231	12.2905
chr20	4105000	4110000	chr20	4595000	4600000	0,0,0	9.148626	1.0	4.5697145	2.966164	3.5332437	3.7778575	1.4408185	6.414448
chr20	29050000	29055000	chr20	31310000	31315000	0,0,0	11.006988	1.0	4.789073	3.6904576	5.526477	5.0712314	1.8902156	8.351638
chr20	2205000	2210000	chr20	2345000	2350000	0,0,0	12.222032	1.0	3.0055408	8.61681	9.831326	4.3411007	2.8176003	12.000487
chr20	5205000	5210000	chr20	5445000	5450000	0,0,0	8.328711	0.99987596	2.9666982	4.816437	6.641197	4.714743	1.942697	8.99602
chr20	44745000	44750000	chr20	44865000	44870000	0,0,0	7.956951	1.0	3.2198515	3.898101	4.904092	3.9022455	1.7264211	7.367224
chr20	59780000	59785000	chr20	59845000	59850000	0,0,0	5.897031	1.0	3.2226467	1.9249356	2.752297	3.5312343	1.025935	5.242288
chr20	22690000	22695000	chr20	23200000	23205000	0,0,0	6.772338	0.9997975	2.6824977	4.797032	5.6275125	4.241728	1.85881	8.505756
chr20	20080000	20085000	chr20	20565000	20570000	0,0,0	6.77301	0.9997299	3.3041272	4.067177	4.542488	4.6022167	1.9315827	8.217485
chr20	48655000	48660000	chr20	48905000	48910000	0,0,0	19.200716	1.0	5.551568	11.173965	14.161857	7.847654	3.801271	17.780067
chr20	50275000	50280000	chr20	50460000	50465000	0,0,0	4.96528	0.99446726	2.6319406	2.302415	2.6652284	3.151019	1.3668306	5.1976104
chr20	45455000	45460000	chr20	45765000	45770000	0,0,0	8.465643	1.0	3.34867	4.385266	5.259661	3.9927092	1.8238137	7.890723
chr20	815000	820000	chr20	1210000	1215000	0,0,0	7.6337976	1.0	3.2119398	2.8442044	3.0702841	2.435374	1.2772601	4.963556
chr20	54095000	54100000	chr20	54635000	54640000	0,0,0	8.27848	1.0	4.030048	2.4700239	2.9717755	3.0507135	1.459207	5.24629
chr20	17535000	17540000	chr20	17615000	17620000	0,0,0	6.89006	1.0	3.1756523	3.3012383	3.3546143	3.007636	1.2127564	5.94207
chr20	16800000	16805000	chr20	17430000	17435000	0,0,0	17.560312	1.0	4.947041	13.129832	13.93463	6.594419	4.6630797	18.26538
chr20	40965000	40970000	chr20	41230000	41235000	0,0,0	7.3352213	1.0	3.2324073	2.3463025	3.5422184	3.3098402	1.1434484	5.3954425
chr20	13115000	13120000	chr20	13545000	13550000	0,0,0	8.88264	0.9999219	4.1687665	3.3006175	6.193078	6.5251727	2.3468506	9.459055
chr20	29225000	29230000	chr20	30930000	30935000	0,0,0	178.99841	1.0	24.538584	35.429203	39.671337	11.069089	13.753293	42.561714
chr20	40990000	40995000	chr20	41090000	41095000	0,0,0	6.4352026	1.0	3.9244168	1.7288826	2.6161773	4.172595	0.9077484	5.7093797
chr20	18055000	18060000	chr20	18275000	18280000	0,0,0	5.3792677	0.99637383	2.7277865	2.2135873	3.2216744	3.6525285	1.1484008	5.6201615
chr20	19780000	19785000	chr20	19995000	20000000	0,0,0	6.5617027	0.9988805	2.844752	3.5390496	4.245239	3.6497862	1.5062743	6.795608
chr20	37270000	37275000	chr20	37530000	37535000	0,0,0	15.827836	1.0	5.380074	8.382515	10.819493	7.102818	3.127624	14.553942
chr20	31820000	31825000	chr20	32030000	32035000	0,0,0	5.942781	0.9988635	2.6605353	2.886213	4.4083443	4.2149844	1.5038253	6.780507
chr20	9405000	9410000	chr20	9610000	9615000	0,0,0	15.962656	1.0	5.5581913	6.513487	9.838086	7.0679913	3.0538244	12.857758
chr20	10465000	10470000	chr20	11280000	11285000	0,0,0	6.3357196	0.99871063	2.9643102	3.6748416	3.6952868	3.3877695	1.5291777	6.6542954
chr20	50180000	50185000	chr20	50575000	50580000	0,0,0	10.788859	1.0	4.8933196	3.9249516	5.6942463	5.478724	2.150901	8.967569
chr20	37570000	37575000	chr20	38225000	38230000	0,0,0	7.7256684	0.99964726	3.3656535	3.9574888	5.0321836	4.4328995	2.3585947	7.9506674
chr20	20365000	20370000	chr20	20565000	20570000	0,0,0	5.8750362	0.99896365	2.8253593	2.9607737	4.093981	4.2409782	1.6965979	6.8727775
chr20	44210000	44215000	chr20	44385000	44390000	0,0,0	7.1558003	1.0	2.638684	4.0347714	4.9013968	3.4281955	2.1966302	7.014659
chr20	57090000	57095000	chr20	57345000	57350000	0,0,0	17.54658	1.0	6.7557254	8.46655	12.175696	9.550642	4.4184704	17.076464
chr20	1965000	1970000	chr20	2170000	2175000	0,0,0	7.4078097	0.99956334	3.4321184	3.0397215	4.9683747	5.0352235	1.5786825	7.7371984
chr20	4605000	4610000	chr20	4720000	4725000	0,0,0	20.212015	1.0	6.668254	8.605436	12.246615	8.157044	4.0135446	15.806321
chr20	19205000	19210000	chr20	19660000	19665000	0,0,0	7.280034	0.99956423	3.9064324	2.9301984	4.138631	5.134592	1.4440181	7.739213
chr20	10550000	10555000	chr20	11545000	11550000	0,0,0	6.26796	1.0	3.1844518	1.9781823	3.3990636	3.9503915	1.304271	5.7087765
chr20	20665000	20670000	chr20	20820000	20825000	0,0,0	4.909491	1.0	2.5987492	1.5630852	1.992442	2.3825684	0.9405862	3.7719774
chr20	37565000	37570000	chr20	37995000	38000000	0,0,0	4.586834	1.0	2.6290278	1.5432357	2.2072449	3.0948017	1.0076747	4.4665666
chr20	12920000	12925000	chr20	13545000	13550000	0,0,0	6.570547	1.0	2.8932276	3.062231	3.7741325	3.344763	1.5579792	6.066746
chr20	45320000	45325000	chr20	45435000	45440000	0,0,0	10.696525	1.0	4.6121297	3.9442873	6.0011487	5.465012	1.5463784	8.971045
chr20	25310000	25315000	chr20	25400000	25405000	0,0,0	5.07452	1.0	2.673642	1.4417741	2.7171285	3.3690622	1.1371175	4.6506395
chr20	46755000	46760000	chr20	47145000	47150000	0,0,0	8.051976	0.99996084	4.0265837	4.4030666	5.726184	6.2351403	1.746349	10.148978
chr20	55415000	55420000	chr20	56170000	56175000	0,0,0	8.327058	1.0	2.8603303	4.986383	5.694208	3.5492628	1.8876791	7.981603
chr20	9980000	9985000	chr20	10425000	10430000	0,0,0	9.380149	0.99997437	3.127318	5.9407687	8.042731	5.2929244	2.6642818	10.573607
chrX	118845000	118850000	chrX	119065000	119070000	0,0,0	15.402214	1.0	5.1127505	8.328624	10.602534	6.7435775	3.4406161	14.146799
chrX	115330000	115335000	chrX	115690000	115695000	0,0,0	14.466034	1.0	5.33689	5.8393693	7.8860116	5.7679763	3.0385573	10.958527
chrX	9995000	10000000	chrX	10115000	10120000	0,0,0	12.708424	1.0	4.9287043	6.5519886	8.039172	6.005572	2.4019434	11.829562
chrX	70970000	70975000	chrX	71650000	71655000	0,0,0	13.83854	1.0	8.749489	1.0702342	1.8926141	3.2737513	0.61218756	4.2250705
chrX	103840000	103845000	chrX	104135000	104140000	0,0,0	12.826057	1.0	4.971197	4.2275295	4.7342944	3.3987205	1.4935935	7.1565247
chrX	151750000	151755000	chrX	152635000	152640000	0,0,0	18.95886	1.0	7.640331	5.6309147	9.791478	8.509609	3.3245423	13.514866
chrX	43560000	43565000	chrX	43745000	43750000	0,0,0	14.545893	1.0	4.762341	7.4559503	9.340278	5.807361	2.9607165	12.434873
chrX	110160000	110165000	chrX	110405000	110410000	0,0,0	16.556389	1.0	7.5596223	6.0151772	10.484691	10.543928	3.1058211	15.890752
chrX	49910000	49915000	chrX	50200000	50205000	0,0,0	13.842307	1.0	5.50596	2.7184958	3.6112335	2.8657136	1.237996	5.2821546
chrX	12945000	12950000	chrX	13485000	13490000	0,0,0	15.360955	1.0	4.516827	9.542316	12.092553	6.8061547	3.7608037	15.288214
chrX	23695000	23700000	chrX	23905000	23910000	0,0,0	13.065782	1.0	4.8933578	6.1635485	7.948367	5.8074336	3.9565961	11.286143
chrX	13505000	13510000	chrX	14030000	14035000	0,0,0	25.527681	1.0	7.0112815	12.53782	14.717088	7.372006	4.437484	18.516735
chrX	110450000	110455000	chrX	110845000	110850000	0,0,0	14.549596	1.0	5.714465	5.585456	7.79628	6.1953807	2.6300116	11.160231
chrX	87335000	87340000	chrX	87660000	87665000	0,0,0	13.74182	0.99999917	5.122581	6.7859764	10.30714	7.947146	4.1632814	13.979125
chrX	106880000	106885000	chrX	107430000	107435000	0,0,0	12.635293	1.0	4.804903	4.9378595	5.359936	3.695805	2.1307507	8.085013
chrX	37925000	37930000	chrX	38165000	38170000	0,0,0	16.359735	1.0	5.648116	10.017655	13.172736	8.867254	3.566856	17.771837
chr14	37600000	37605000	chr14	37870000	37875000	0,0,0	4.5814767	1.0	2.301926	2.1444855	2.400541	2.5607693	1.0427893	4.466979
chr14	76910000	76915000	chr14	77070000	77075000	0,0,0	8.264335	0.9999984	3.237979	7.1318955	9.120549	7.0103874	3.6496258	13.349851
chr14	22555000	22560000	chr14	22895000	22900000	0,0,0	5.2484646	0.99758697	2.085745	3.1559832	4.0972652	3.22218	1.7504535	6.0274982
chr14	45425000	45430000	chr14	45520000	45525000	0,0,0	4.3692493	1.0	2.1055655	1.9981054	2.5019898	2.54873	0.8029697	4.324824
chr14	53540000	53545000	chr14	54340000	54345000	0,0,0	5.913356	0.99995786	3.310374	4.429611	4.7149353	6.13791	1.9897965	10.075342
chr14	35435000	35440000	chr14	35685000	35690000	0,0,0	6.5006847	0.9992374	3.8181767	2.3801312	3.439048	5.0638566	1.4660836	7.179529
chr14	39105000	39110000	chr14	39430000	39435000	0,0,0	7.1508155	0.99982876	2.5307653	4.00823	6.7518053	5.1105547	1.8518267	8.673426
chr14	31925000	31930000	chr14	32255000	32260000	0,0,0	9.832605	0.99999785	4.452712	6.3905096	7.9578156	7.3653083	3.481288	13.045761
chr14	24805000	24810000	chr14	25130000	25135000	0,0,0	6.889736	0.99998075	3.1848376	4.7400913	6.7534075	6.6449757	2.2518845	10.85839
chr14	58505000	58510000	chr14	59050000	59055000	0,0,0	5.977895	0.99983984	2.795933	3.94972	5.2942643	5.2292175	2.0743535	8.74008
chr14	35225000	35230000	chr14	35405000	35410000	0,0,0	5.258267	0.9993663	3.1256907	2.8939247	3.2199965	4.792272	1.6161754	7.36465
chr14	52820000	52825000	chr14	53305000	53310000	0,0,0	8.340163	1.0	3.2529092	3.8991513	5.3476076	4.190517	1.89831	7.65643
chr14	34670000	34675000	chr14	35420000	35425000	0,0,0	13.111528	1.0	5.003333	5.558775	6.4523416	4.613019	2.7844696	9.5541525
chr14	37250000	37255000	chr14	37590000	37595000	0,0,0	15.886607	1.0	6.5943084	7.674033	14.255314	12.974865	4.8012347	19.796227
chr14	22985000	22990000	chr14	23055000	23060000	0,0,0	6.04635	0.99948895	2.5606587	4.4570785	4.5992155	3.6180296	1.8492054	7.5798774
chr14	59630000	59635000	chr14	60180000	60185000	0,0,0	10.795976	0.99999696	3.3378375	7.78467	9.822998	5.786555	2.8364778	12.706262
chr14	96295000	96300000	chr14	96420000	96425000	0,0,0	9.703507	0.9999887	3.9948015	4.9161706	8.012215	7.020241	2.3869822	11.39017
chr14	100385000	100390000	chr14	100650000	100655000	0,0,0	8.164115	0.99994683	4.141127	3.7632194	5.6974435	6.4985466	1.6968166	9.843631
chr14	104135000	104140000	chr14	104560000	104565000	0,0,0	12.119681	1.0	2.9632509	13.904346	16.351517	7.3816037	4.569841	19.741022
chr14	76875000	76880000	chr14	77065000	77070000	0,0,0	13.841515	0.99999994	5.431173	8.503818	11.639614	9.179509	3.8834484	16.738459
chr14	105615000	105620000	chr14	105760000	105765000	0,0,0	33.7629	1.0	3.9062488	38.319977	41.22335	9.6392355	12.469955	43.70144
chr14	35260000	35265000	chr14	35405000	35410000	0,0,0	5.485944	0.99866754	2.2366724	3.7315447	4.2620335	3.3044786	1.5535616	6.6214075
chr14	59025000	59030000	chr14	59120000	59125000	0,0,0	8.090333	1.0	2.6151104	4.321455	5.146762	3.0692596	1.555594	6.9105525
chr14	68460000	68465000	chr14	68785000	68790000	0,0,0	5.0924387	0.99876255	2.1862001	3.4663095	4.2372212	3.6142306	1.461432	6.695395
chr14	89040000	89045000	chr14	89235000	89240000	0,0,0	5.3359203	0.99568754	2.103221	3.0073204	3.6524074	2.7736409	1.1830957	5.446815
chr14	67940000	67945000	chr14	68245000	68250000	0,0,0	7.617294	0.9999749	3.9815514	4.245579	5.7776814	6.8196807	2.8251562	10.593528
chr14	69815000	69820000	chr14	70025000	70030000	0,0,0	16.539362	1.0	5.015531	12.77004	15.625244	8.866337	4.8071237	20.217484
chr14	32070000	32075000	chr14	32245000	32250000	0,0,0	5.1995463	0.9977986	2.7369409	2.3654733	3.3457258	4.0166507	1.7268549	6.1192937
chr14	74360000	74365000	chr14	74475000	74480000	0,0,0	7.7392583	0.99987394	3.347224	4.0501885	5.9372306	5.37936	1.678408	8.979527
chr14	57690000	57695000	chr14	57870000	57875000	0,0,0	5.1141357	0.99919516	2.483701	3.2573366	4.0979457	4.2302074	1.5989075	7.125618
chr14	101960000	101965000	chr14	102095000	102100000	0,0,0	8.024851	1.0	3.2837358	4.2737284	5.2524548	4.2057524	1.9163533	8.004622
chr14	60625000	60630000	chr14	61250000	61255000	0,0,0	14.291	1.0	5.294086	11.082299	16.764805	12.825243	3.997122	22.676176
chr14	96100000	96105000	chr14	96430000	96435000	0,0,0	5.2052193	0.995974	2.2551653	2.6836407	3.5424514	3.1300921	1.2549404	5.5155506
chr14	76050000	76055000	chr14	76385000	76390000	0,0,0	7.5553107	0.99998504	2.9115965	5.490316	7.9269557	6.2323594	2.339544	11.112639
chr14	99520000	99525000	chr14	99625000	99630000	0,0,0	10.118214	0.99996793	4.572617	4.7917213	6.465822	6.0885806	2.412687	10.347888
chr14	100660000	100665000	chr14	101665000	101670000	0,0,0	7.7456055	1.0	2.8948047	4.048573	4.8548803	3.4313085	1.479126	7.03004
chr14	56490000	56495000	chr14	57180000	57185000	0,0,0	5.247828	0.999391	2.4262245	3.2832885	4.578918	4.485977	1.2432973	7.404456
chr14	73725000	73730000	chr14	73825000	73830000	0,0,0	6.7673054	0.9998765	2.716087	5.2282305	5.8045397	4.3528976	1.9544694	9.000214
chr14	80945000	80950000	chr14	81460000	81465000	0,0,0	5.393403	1.0	2.7961042	2.31099	2.6170473	2.9594495	0.8536509	5.013663
chr14	60625000	60630000	chr14	61025000	61030000	0,0,0	9.485627	0.99999994	3.7432299	8.086449	11.656275	9.4093895	4.3667603	16.597343
chr14	34330000	34335000	chr14	34495000	34500000	0,0,0	9.072802	1.0	4.335924	2.6059103	4.4776034	4.7696013	1.6399055	7.085966
chr14	96000000	96005000	chr14	96270000	96275000	0,0,0	4.728488	1.0	2.3729274	1.9188988	2.6138186	2.8849545	1.0899932	4.5906425
chr14	59025000	59030000	chr14	59440000	59445000	0,0,0	4.644443	0.9922721	2.662526	1.6070039	2.4392507	3.434973	0.8881299	4.863421
chr14	51825000	51830000	chr14	51975000	51980000	0,0,0	4.5005918	0.99558854	2.081444	2.9955938	3.0577626	2.761366	1.2272358	5.424116
chr14	37420000	37425000	chr14	37585000	37590000	0,0,0	8.046186	0.9999798	3.2672904	4.5628424	7.75062	6.754292	2.3605978	10.810152
chr14	50595000	50600000	chr14	50775000	50780000	0,0,0	6.981371	0.99999243	2.8914099	5.9598227	7.817384	6.4978848	2.8084378	11.795504
chr14	23725000	23730000	chr14	23910000	23915000	0,0,0	6.7501264	0.999993	3.1008806	5.410644	7.3234234	7.0628524	2.6450047	11.8723135
chr14	102695000	102700000	chr14	103080000	103085000	0,0,0	6.790353	0.99902153	2.7799413	3.7111552	4.539794	3.6314495	1.9985816	6.930254
chr14	38720000	38725000	chr14	38865000	38870000	0,0,0	4.0862513	0.9923231	2.212363	1.3676268	2.8057523	3.6543736	1.0250387	4.870042
chr14	80215000	80220000	chr14	80845000	80850000	0,0,0	5.0670915	0.9991305	2.4142458	2.908824	4.3113565	4.462672	1.4343959	7.0482936
chr14	90905000	90910000	chr14	91140000	91145000	0,0,0	4.289083	0.9983658	2.0369427	2.9764824	3.7768044	3.7715197	1.6852701	6.417281
chr14	90400000	90405000	chr14	90695000	90700000	0,0,0	4.610601	0.9986207	2.2526767	1.9267552	4.30007	4.8741817	1.0319011	6.586853
chr14	20325000	20330000	chr14	20610000	20615000	0,0,0	11.050344	0.99998826	5.208732	5.7220445	6.5148816	6.264792	2.6238823	11.351053
chr14	71100000	71105000	chr14	71855000	71860000	0,0,0	6.700441	0.9998876	2.3197129	6.1261883	6.227362	3.6489012	2.0730016	9.094402
chr14	29555000	29560000	chr14	30005000	30010000	0,0,0	4.935591	0.9981225	2.4470544	2.6099267	3.6413207	3.9585392	1.653449	6.2784743
chr14	59125000	59130000	chr14	59440000	59445000	0,0,0	14.696115	1.0	4.8917212	13.834763	18.170183	11.76934	6.0089846	24.066908
chr14	64820000	64825000	chr14	64890000	64895000	0,0,0	4.962528	0.9989947	2.4151967	2.7136087	4.17992	4.4911003	1.3867987	6.9031973
chr14	73505000	73510000	chr14	74035000	74040000	0,0,0	7.4361973	1.0	4.2380586	1.6362103	2.7730029	3.8895373	1.1645304	5.3439465
chr14	63795000	63800000	chr14	64300000	64305000	0,0,0	10.749314	0.9999985	4.604151	6.2083836	8.887392	7.9061136	2.3585799	13.424677
chr14	59505000	59510000	chr14	59575000	59580000	0,0,0	6.4511847	0.9986313	3.5308983	2.4160538	3.4563286	4.4469547	1.5192518	6.5945573
chr14	55705000	55710000	chr14	56340000	56345000	0,0,0	7.251519	0.9999159	3.0819097	4.5457425	6.158588	5.343953	2.2279391	9.384613
chr14	23260000	23265000	chr14	23560000	23565000	0,0,0	6.24184	1.0	2.5996635	2.938161	3.5785003	2.9245412	1.323004	5.5362396
chr14	103805000	103810000	chr14	103980000	103985000	0,0,0	5.5306044	0.9998313	2.4936745	4.396851	5.256232	4.7802005	1.5305256	8.688513
chr14	21015000	21020000	chr14	21105000	21110000	0,0,0	6.872577	0.9990077	3.0836642	3.5040972	4.2057233	3.801467	1.5868171	6.91622
chr14	55270000	55275000	chr14	55425000	55430000	0,0,0	4.146691	0.9913893	2.2976556	1.8043144	2.4109523	3.151403	1.1859251	4.755238
chr14	99675000	99680000	chr14	99885000	99890000	0,0,0	6.9941473	0.99987465	2.967654	4.709421	5.727801	4.7991776	2.375409	8.985331
chr14	62175000	62180000	chr14	63040000	63045000	0,0,0	6.869442	0.9999873	2.6615822	6.2772384	7.6552377	5.6978364	2.285434	11.277604
chr14	29550000	29555000	chr14	30215000	30220000	0,0,0	4.9296722	0.99876934	2.3657587	2.0287666	4.4311347	4.897562	1.1236477	6.70091
chr14	105090000	105095000	chr14	105165000	105170000	0,0,0	6.664762	1.0	2.814686	2.9067538	4.2210135	3.7027998	1.6942906	6.286581
chr14	31510000	31515000	chr14	32250000	32255000	0,0,0	8.829779	0.999987	3.6481085	4.250802	8.193951	7.475652	2.2532978	11.254143
chr14	65160000	65165000	chr14	65820000	65825000	0,0,0	8.088971	0.99998873	3.7123141	5.32008	6.972193	6.664552	2.6439948	11.393512
chr14	105670000	105675000	chr14	106040000	106045000	0,0,0	9.216564	1.0	3.3831341	4.358387	5.0286145	3.4142115	1.7189683	7.2883334
chr14	70620000	70625000	chr14	70815000	70820000	0,0,0	9.2273445	0.9999428	4.4357843	3.587984	6.1328297	6.5803294	1.570019	9.769649
chr14	71140000	71145000	chr14	71850000	71855000	0,0,0	4.7218456	0.99777704	2.2550771	2.9960196	3.48906	3.446416	1.9173745	6.1095443
chr14	59125000	59130000	chr14	59575000	59580000	0,0,0	5.4385796	1.0	2.7657964	1.8239	2.6685731	3.0415707	1.1435344	4.662815
chr14	100850000	100855000	chr14	101630000	101635000	0,0,0	7.128682	0.9999991	2.8193352	7.3158193	9.491434	7.4184146	3.3073945	13.921365
chr14	80055000	80060000	chr14	80850000	80855000	0,0,0	8.39617	0.99998146	3.7606683	5.463423	6.669104	6.0412025	3.0189931	10.897578
chr14	30975000	30980000	chr14	31080000	31085000	0,0,0	4.377691	0.9947047	2.0951257	2.5134265	3.0135267	3.0073252	1.3192472	5.2414823
chr14	94035000	94040000	chr14	94135000	94140000	0,0,0	4.9960246	0.9975958	2.0457816	3.3774076	3.8761482	3.0290136	1.3236673	6.0311537
chr14	37900000	37905000	chr14	38865000	38870000	0,0,0	9.745801	1.0	3.1802402	5.7476025	7.2548656	4.5133	2.396995	9.622279
chr14	20340000	20345000	chr14	20465000	20470000	0,0,0	4.6835704	0.9935514	2.6382294	2.1625342	2.3607981	3.122157	1.0170324	5.0444098
chr14	54250000	54255000	chr14	54335000	54340000	0,0,0	4.07398	0.9863381	2.1179109	1.851986	2.2951195	2.6473799	0.91033715	4.2935896
chr14	102065000	102070000	chr14	102310000	102315000	0,0,0	6.8350987	0.9989287	2.1214705	4.4019175	5.168955	2.926803	1.5321616	6.8396187
chr14	55435000	55440000	chr14	56340000	56345000	0,0,0	8.755826	1.0	3.8191757	3.4100113	5.748681	5.429765	1.9146073	8.460886
chr14	36955000	36960000	chr14	37150000	37155000	0,0,0	4.4163265	0.99406344	2.0397396	2.728905	2.9466555	2.7014608	1.0639195	5.1271544
chr14	74860000	74865000	chr14	75085000	75090000	0,0,0	4.5848823	0.99192685	2.2052536	1.6532533	3.0819829	3.3501554	0.7058856	4.819714
chr14	36070000	36075000	chr14	36550000	36555000	0,0,0	4.62521	0.9984369	2.259186	2.5062394	3.9117599	4.2340174	1.5033121	6.461786
chr14	65160000	65165000	chr14	65955000	65960000	0,0,0	10.516102	0.9999801	4.145976	5.4716716	7.5103865	5.961856	2.9224408	10.825564
chr14	61295000	61300000	chr14	61455000	61460000	0,0,0	6.9022717	1.0	3.4401846	2.3327525	3.184131	3.4774766	1.1362466	5.5510345
chr14	93235000	93240000	chr14	93330000	93335000	0,0,0	4.155431	0.98972744	2.038178	2.151592	2.5694265	2.6662283	0.8975119	4.5787544
chr14	33945000	33950000	chr14	34085000	34090000	0,0,0	4.0257077	0.99646735	2.082094	2.351506	3.08367	3.5560613	1.0334035	5.6462884
chr14	55215000	55220000	chr14	55425000	55430000	0,0,0	6.7508745	0.9995641	2.385748	5.0277257	5.304923	3.2698684	1.7843021	7.7389584
chr14	68240000	68245000	chr14	68815000	68820000	0,0,0	8.994979	0.99998987	4.4814835	5.149318	6.4432726	6.9248486	3.1415923	11.50202
chr14	91650000	91655000	chr14	91910000	91915000	0,0,0	6.422096	0.9999473	2.677041	4.5376816	6.707772	5.818203	2.0580695	9.851698
chr14	93205000	93210000	chr14	93540000	93545000	0,0,0	4.922967	0.99806076	2.2984526	2.4072986	3.999327	4.106291	1.591221	6.2461123
chr14	72515000	72520000	chr14	72905000	72910000	0,0,0	12.0527315	1.0	4.533512	9.043869	13.120987	10.060364	4.5056143	18.09936
chr14	89035000	89040000	chr14	89915000	89920000	0,0,0	8.370194	0.9999818	3.4507487	5.7789497	7.1363974	5.7806144	2.8640664	10.917459
chr14	35435000	35440000	chr14	35810000	35815000	0,0,0	5.2650957	1.0	2.496217	2.1827872	2.9991567	3.0378492	0.79935944	4.9781046
chr14	96055000	96060000	chr14	96275000	96280000	0,0,0	4.6430845	0.9977846	2.3462403	2.8185623	3.3156621	3.6075718	1.5832419	6.1129603
chr14	68860000	68865000	chr14	69105000	69110000	0,0,0	8.999132	0.99996257	4.2799306	4.8787136	5.913436	5.857347	1.8945013	10.193981
chr14	102095000	102100000	chr14	102315000	102320000	0,0,0	4.005844	0.98630977	2.2352636	1.9220406	2.0028045	2.5830367	0.9492166	4.2915173
chr14	23975000	23980000	chr14	24085000	24090000	0,0,0	6.8666954	1.0	3.210739	2.7251208	4.2061105	4.2715554	1.2657442	6.693885
chr14	57485000	57490000	chr14	58070000	58075000	0,0,0	5.9069495	0.9997081	2.2674887	4.4914203	5.590741	4.14765	1.9484768	8.140023
chr14	28755000	28760000	chr14	30210000	30215000	0,0,0	11.54948	1.0	4.6471715	4.8870807	7.559654	6.3683286	2.6262937	10.7123995
chr14	55435000	55440000	chr14	56475000	56480000	0,0,0	11.983216	1.0	5.509462	4.702385	7.358155	7.3224683	2.6331604	11.502366
chr14	76050000	76055000	chr14	76640000	76645000	0,0,0	8.8481	0.9999936	3.526477	6.3740697	8.057751	6.299833	3.2112823	11.9656725
chr14	54105000	54110000	chr14	54165000	54170000	0,0,0	4.0940723	0.99087405	2.3048687	1.9256138	2.244614	2.9854634	1.17397	4.69712
chr14	62165000	62170000	chr14	63275000	63280000	0,0,0	7.337027	0.9999959	3.7563758	5.6162224	6.651674	7.413447	2.352921	12.405644
chr14	77660000	77665000	chr14	77815000	77820000	0,0,0	5.0276113	0.99413526	2.0425904	2.7979352	3.3687692	2.6522777	1.3497607	5.139331
chr14	71140000	71145000	chr14	71750000	71755000	0,0,0	12.979011	1.0	3.9675531	14.070849	15.981206	8.708812	5.3092737	21.216232
chr14	74110000	74115000	chr14	74250000	74255000	0,0,0	8.462541	0.9999866	3.4882436	5.496584	7.559168	6.336934	2.0042841	11.222787
chr14	67615000	67620000	chr14	67700000	67705000	0,0,0	4.287248	0.9914818	2.1278121	2.0275102	2.7371821	2.9638124	1.0980235	4.7660437
chr14	31930000	31935000	chr14	32205000	32210000	0,0,0	4.499679	0.998174	2.0733063	2.7272277	3.9497612	3.8820958	1.1635014	6.306298
chr14	100415000	100420000	chr14	100650000	100655000	0,0,0	6.8987436	0.9996576	3.6814213	2.851381	4.3895364	5.4457917	1.5600679	7.9803524
chr14	30655000	30660000	chr14	31355000	31360000	0,0,0	7.605352	0.99970406	2.8639486	3.9954503	5.9180484	4.5746555	1.8201993	8.126166
chr14	64345000	64350000	chr14	64510000	64515000	0,0,0	5.4125423	0.99706256	2.2817678	3.0237367	3.7579987	3.1430476	1.6210917	5.8308134
chr14	99980000	99985000	chr14	100105000	100110000	0,0,0	9.710599	0.99995685	3.4066617	6.4615927	6.9651713	4.3081336	2.2622657	10.051771
chr14	36550000	36555000	chr14	37150000	37155000	0,0,0	6.1736197	0.99875593	2.8430555	3.6716783	3.8034842	3.4263313	1.3491083	6.6900454
chr14	44910000	44915000	chr14	45265000	45270000	0,0,0	13.105274	0.9999998	4.352457	8.793204	11.668383	7.578069	3.4882517	15.394251
chr14	67425000	67430000	chr14	67575000	67580000	0,0,0	5.419164	0.9973332	2.674337	2.5203276	3.4309278	3.6872036	1.4096025	5.927495
chr14	80060000	80065000	chr14	80585000	80590000	0,0,0	4.905518	0.9962879	2.1447525	3.1738815	3.3345728	2.775498	2.1686335	5.596726
chr14	65220000	65225000	chr14	65410000	65415000	0,0,0	5.9595866	0.99978817	2.2574084	4.8766394	5.7740135	4.1258907	1.9689425	8.460681
chr14	51360000	51365000	chr14	51770000	51775000	0,0,0	5.2279263	0.9999452	2.9942605	4.2688107	4.416456	6.018229	1.9713987	9.812728
chr14	95560000	95565000	chr14	95990000	95995000	0,0,0	9.237039	0.99999654	3.9465966	5.191238	8.655984	7.958457	2.5812001	12.572891
chr14	64010000	64015000	chr14	64290000	64295000	0,0,0	7.788126	0.9999538	2.665516	6.277603	7.1221414	4.4040074	2.7565737	9.984099
chr14	99515000	99520000	chr14	99885000	99890000	0,0,0	6.018916	1.0	2.8240929	2.6582832	3.4171696	3.3598695	1.0983853	5.722788
chr14	49630000	49635000	chr14	49855000	49860000	0,0,0	7.6883883	1.0	3.129563	4.039501	5.01714	4.0046	1.9856048	7.595268
chr14	64670000	64675000	chr14	64890000	64895000	0,0,0	8.661318	1.0	3.1247518	4.844377	5.664081	3.7899098	1.732689	8.096023
chr14	53855000	53860000	chr14	53920000	53925000	0,0,0	4.1719155	1.0	2.0658188	1.9381602	2.2718549	2.3859198	0.8091501	4.108729
chr14	73295000	73300000	chr14	73470000	73475000	0,0,0	6.0751677	0.9989432	2.887429	2.9232411	4.1571226	4.2547846	1.5333363	6.853221
chr14	69815000	69820000	chr14	70075000	70080000	0,0,0	4.016552	0.993558	2.1451306	2.1211565	2.612558	3.1599646	1.0917263	5.045437
chr14	67170000	67175000	chr14	67285000	67290000	0,0,0	6.1367054	0.99949783	3.1720188	3.4550738	4.0073733	4.5261908	2.0232086	7.597368
chr14	20695000	20700000	chr14	20855000	20860000	0,0,0	9.691484	0.9999958	3.749265	6.5897665	8.576792	6.5342064	2.6553516	12.391777
chr14	95560000	95565000	chr14	95775000	95780000	0,0,0	4.9944487	0.9979606	2.9393375	1.4905735	3.2381933	4.8708096	1.2126327	6.1957636
chr14	53540000	53545000	chr14	53945000	53950000	0,0,0	6.2115207	0.9994739	2.9970062	3.340395	4.4354515	4.581585	1.4858363	7.550825
chr14	31505000	31510000	chr14	32465000	32470000	0,0,0	5.261361	0.9994464	2.3433552	3.9464276	4.5260096	3.9919286	1.5415667	7.499864
chr14	54560000	54565000	chr14	54775000	54780000	0,0,0	9.4720125	0.9999991	3.6183074	7.166921	9.848509	7.539529	3.1168115	13.910126
chr14	33845000	33850000	chr14	34225000	34230000	0,0,0	6.3098	0.9999659	3.0863302	4.71139	5.855737	6.099149	2.5943809	10.287051
chr14	93205000	93210000	chr14	93620000	93625000	0,0,0	4.0880046	0.9841761	2.1858504	1.7200825	2.1547208	2.6176999	1.2379344	4.146662
chr14	66495000	66500000	chr14	67120000	67125000	0,0,0	4.4706182	0.99583936	2.108053	2.792622	3.130857	3.0003173	1.4942462	5.482648
chr14	21135000	21140000	chr14	21570000	21575000	0,0,0	4.290634	1.0	2.2214694	1.9318824	1.9918468	2.2080755	1.0252693	3.9253044
chr14	58635000	58640000	chr14	59020000	59025000	0,0,0	4.710924	0.99951863	2.4487228	2.4738233	4.495234	5.44067	1.5056766	7.639624
chr14	105680000	105685000	chr14	105940000	105945000	0,0,0	5.46842	0.9995853	2.943604	3.438017	3.8998995	4.732668	2.3379023	7.7886825
chr14	67430000	67435000	chr14	67695000	67700000	0,0,0	4.4121695	0.9954886	2.5193949	2.100329	2.5705786	3.534747	1.3408399	5.4017057
chr14	35290000	35295000	chr14	35400000	35405000	0,0,0	5.6585984	0.99864477	2.6194305	2.9218972	4.0815225	4.0072217	1.1430883	6.6044636
chr14	32260000	32265000	chr14	32470000	32475000	0,0,0	5.7583404	0.99813277	2.556349	3.1216645	3.898938	3.50912	1.6894821	6.2839327
chr14	103105000	103110000	chr14	103290000	103295000	0,0,0	7.4332304	1.0	3.4745035	3.7626188	3.9404387	3.6515405	1.5489469	6.9960904
chr14	75130000	75135000	chr14	75485000	75490000	0,0,0	4.4602065	0.9899485	2.5015194	1.2654636	2.523992	3.475658	0.8042144	4.6005144
chr14	90900000	90905000	chr14	91285000	91290000	0,0,0	8.805457	0.999906	2.7894664	5.229631	7.2848263	4.624951	2.0926619	9.273512
chr14	73505000	73510000	chr14	73630000	73635000	0,0,0	7.5523148	1.0	3.805196	2.9695191	4.049713	4.4994526	1.4863342	7.1390247
chr14	70815000	70820000	chr14	70970000	70975000	0,0,0	6.9739	1.0	2.3821726	3.782745	4.8621645	3.2022004	1.5987947	6.5646405
chr14	69580000	69585000	chr14	69725000	69730000	0,0,0	11.031858	0.9999992	4.5027814	6.367885	9.829191	8.411754	3.0484104	14.072096
chr14	50315000	50320000	chr14	50775000	50780000	0,0,0	6.2934675	0.9993522	2.0840118	4.167927	5.5898533	3.6378703	1.6251063	7.3426943
chr14	90900000	90905000	chr14	91170000	91175000	0,0,0	8.4123	0.9999824	4.018235	3.4595115	7.206849	7.874542	2.0430949	10.949664
chr14	47915000	47920000	chr14	48395000	48400000	0,0,0	7.7049575	0.99956894	3.5432723	3.565811	4.7577977	4.580457	1.2305589	7.7500668
chr14	37425000	37430000	chr14	37550000	37555000	0,0,0	6.6391916	0.9997753	3.3274238	3.5597599	4.768437	5.237425	2.1703284	8.401657
chr14	35140000	35145000	chr14	35410000	35415000	0,0,0	16.663544	1.0	7.480935	6.887581	11.641445	11.3976755	2.8755498	17.51997
chr14	37710000	37715000	chr14	37870000	37875000	0,0,0	5.0186067	0.99740463	2.8172944	1.8216572	3.1702414	4.335388	1.2621267	5.954639
chr14	22220000	22225000	chr14	22375000	22380000	0,0,0	4.949656	0.9981317	2.2446856	2.755373	3.9876914	3.8341527	1.2308191	6.283373
chr14	37240000	37245000	chr14	37875000	37880000	0,0,0	9.775049	0.9999961	5.71868	4.088156	6.038334	8.831374	3.1214268	12.46529
chr14	50315000	50320000	chr14	50530000	50535000	0,0,0	9.166021	0.9999957	3.5935235	6.015168	8.731489	7.011083	2.774187	12.3579
chr14	59630000	59635000	chr14	59915000	59920000	0,0,0	7.8474154	0.9999464	2.8642056	5.611358	6.952612	4.8470554	2.2694356	9.834929
chr14	47915000	47920000	chr14	49170000	49175000	0,0,0	7.0381327	0.99949	3.6676908	2.9481528	4.199128	4.9613357	1.4207841	7.581916
chr14	102435000	102440000	chr14	102515000	102520000	0,0,0	7.343138	0.99964243	2.4095347	4.913646	5.875365	3.5693164	1.6064808	7.9370017
chr14	68910000	68915000	chr14	69090000	69095000	0,0,0	4.9494057	0.99942213	2.879794	2.195824	3.7741885	5.505092	1.3178769	7.456936
chr14	74910000	74915000	chr14	75300000	75305000	0,0,0	5.9687643	1.0	2.4016793	2.7213106	3.5680726	2.8592567	1.1427525	5.278199
chr14	81265000	81270000	chr14	81450000	81455000	0,0,0	8.599606	0.9999975	4.779802	4.4578557	6.719869	8.931295	2.782409	12.893833
chr14	95445000	95450000	chr14	95525000	95530000	0,0,0	7.2128577	1.0	3.0164723	2.6986098	4.0964117	3.5917897	1.0468111	5.990554
chr14	23970000	23975000	chr14	24015000	24020000	0,0,0	9.49105	0.9999985	2.733076	9.021449	10.420733	5.4017816	3.4935532	13.420847
chr14	75710000	75715000	chr14	75980000	75985000	0,0,0	17.566696	1.0	5.2657876	14.620629	19.582867	11.5835	5.6315393	24.579615
chr14	87945000	87950000	chr14	88170000	88175000	0,0,0	4.6905766	0.99374634	2.4567459	1.8997378	2.826632	3.3864565	1.1791172	5.0751123
chr14	53430000	53435000	chr14	54345000	54350000	0,0,0	6.6507354	0.999973	2.9188073	5.6002674	6.42417	5.5428143	2.7100062	10.520829
chr14	70710000	70715000	chr14	70815000	70820000	0,0,0	4.225508	0.9954775	2.1507661	2.4801183	2.9022107	3.1946974	1.5575079	5.399247
chr14	24800000	24805000	chr14	25040000	25045000	0,0,0	6.793067	0.99999076	3.2391317	5.274233	6.8420987	6.9078083	2.7964742	11.596015
chr14	61020000	61025000	chr14	61250000	61255000	0,0,0	5.842313	0.99812424	2.6068892	3.0229042	3.922104	3.5923696	1.3155189	6.279395
chr14	90300000	90305000	chr14	90695000	90700000	0,0,0	6.9257493	0.9999227	2.954625	5.197944	5.884242	4.8483787	2.2985728	9.468773
chr14	76710000	76715000	chr14	76805000	76810000	0,0,0	4.3225183	0.98982835	2.045034	2.4939094	2.530694	2.3718207	1.156652	4.588629
chr14	73170000	73175000	chr14	73470000	73475000	0,0,0	8.91268	1.0	3.1781292	4.2367067	5.662227	3.9733248	1.9193251	7.739286
chr14	24715000	24720000	chr14	25400000	25405000	0,0,0	6.46799	0.9993358	3.3331547	2.7631245	4.1600924	4.8615794	1.5417525	7.3176904
chr14	99725000	99730000	chr14	99880000	99885000	0,0,0	5.9692183	0.99942446	2.7703288	3.266285	4.614226	4.557605	1.6935956	7.4609694
chr14	22560000	22565000	chr14	22775000	22780000	0,0,0	4.372096	0.9956525	2.2939038	2.418021	2.830346	3.289362	1.0161012	5.438714
chr14	52820000	52825000	chr14	53050000	53055000	0,0,0	5.153458	0.99718815	2.5918093	2.5863307	3.269445	3.5755625	1.3689333	5.874523
chr14	70620000	70625000	chr14	70710000	70715000	0,0,0	7.3864846	0.9996007	2.8688757	4.162127	5.398361	4.1270065	1.9040018	7.826675
chr14	53540000	53545000	chr14	54180000	54185000	0,0,0	5.4520907	0.9979616	2.2815874	3.4760168	3.8920352	3.1064253	1.395319	6.1962175
chr14	103570000	103575000	chr14	103980000	103985000	0,0,0	7.052962	0.9992281	2.731941	3.9059548	4.908198	3.6954737	1.7777066	7.1674337
chr14	53295000	53300000	chr14	54345000	54350000	0,0,0	11.721756	0.99999994	3.7664804	10.12557	12.330382	7.4014688	3.9054475	16.401976
chr14	31935000	31940000	chr14	32070000	32075000	0,0,0	7.726225	1.0	3.1653852	3.4905174	4.885499	4.086271	1.7855538	7.188953
chr14	70085000	70090000	chr14	70315000	70320000	0,0,0	6.19986	0.9997854	2.457511	4.4993634	5.717913	4.4483886	1.5764748	8.447823
chr14	61460000	61465000	chr14	61835000	61840000	0,0,0	17.439936	1.0	6.1105003	13.056004	16.844742	11.421075	4.654822	23.026411
chr14	69240000	69245000	chr14	69460000	69465000	0,0,0	8.568516	0.99991226	3.4031403	5.671068	5.9639235	4.3010454	2.255955	9.341994
chr14	80995000	81000000	chr14	81460000	81465000	0,0,0	6.4682627	0.9991709	2.7579057	2.9179494	4.9010105	4.502176	1.7176453	7.0959086
chr14	67880000	67885000	chr14	68825000	68830000	0,0,0	4.9300075	0.9997573	2.6170838	4.391609	5.715349	6.88845	2.4465513	10.792103
chr14	36630000	36635000	chr14	37145000	37150000	0,0,0	4.3754244	0.9969046	2.1091297	2.7506483	3.3012424	3.3334227	1.1203699	5.7784433
chr14	75485000	75490000	chr14	75560000	75565000	0,0,0	4.9148602	0.9929965	2.1096382	2.488717	3.1807153	2.7496667	1.0710778	4.9618597
chr14	67835000	67840000	chr14	68840000	68845000	0,0,0	5.957699	0.9999462	2.5229478	5.568324	6.0718703	4.8814864	1.9469917	9.831107
chr14	39105000	39110000	chr14	39365000	39370000	0,0,0	7.9419518	0.9999866	2.8502681	6.3433495	8.068998	5.582636	2.417609	11.2211685
chr14	55450000	55455000	chr14	55570000	55575000	0,0,0	5.199535	1.0	2.5565665	2.710552	2.7427404	2.7503407	0.93355	5.1597204
chr14	61470000	61475000	chr14	61700000	61705000	0,0,0	4.2846017	0.9981796	2.744417	1.7812228	2.6531725	4.726045	1.3275739	6.3093543
chr14	60345000	60350000	chr14	60560000	60565000	0,0,0	8.724016	0.999993	3.5384479	6.022467	8.016116	6.5199885	2.2435656	11.873293
chr14	36205000	36210000	chr14	36370000	36375000	0,0,0	6.2161026	0.9995075	2.3761425	4.1569314	5.273489	3.92178	1.8612897	7.61683
chr14	50545000	50550000	chr14	50775000	50780000	0,0,0	5.6212025	0.99978566	2.8472173	3.5097468	4.759866	5.3291636	1.8781102	8.448938
chr14	67165000	67170000	chr14	67335000	67340000	0,0,0	6.26171	0.9988029	2.945135	3.352982	3.8920255	3.748139	1.2595226	6.728567
chr14	101705000	101710000	chr14	101945000	101950000	0,0,0	6.3472314	0.9986994	3.1122093	2.9199433	3.832377	4.050115	1.1888258	6.64562
chr14	24735000	24740000	chr14	25145000	25150000	0,0,0	6.052732	0.99997485	3.0486295	5.264754	5.582361	5.9130087	2.1829345	10.592791
chr14	68245000	68250000	chr14	68785000	68790000	0,0,0	10.403561	0.9999999	4.183338	8.219183	10.6104	8.4507	3.5769174	15.75664
chr14	89970000	89975000	chr14	90235000	90240000	0,0,0	10.803856	0.9999809	3.6671677	6.35199	8.042452	5.222916	2.781467	10.869129
chr14	106800000	106805000	chr14	106865000	106870000	0,0,0	5.450463	1.0	3.3079393	1.2286603	1.5373757	2.411103	0.69492775	3.5032456
chr14	60060000	60065000	chr14	60165000	60170000	0,0,0	4.6251407	0.9957423	2.5624819	1.7035618	2.9525957	3.9453251	1.1564908	5.4596024
chr14	22555000	22560000	chr14	22855000	22860000	0,0,0	8.9201975	0.999986	3.7623289	5.902428	7.148219	5.9318366	2.3573265	11.178439
chr14	64670000	64675000	chr14	64760000	64765000	0,0,0	9.190861	0.99997294	3.8222377	5.353795	6.924289	5.760646	2.126575	10.519574
chr14	59960000	59965000	chr14	60180000	60185000	0,0,0	7.690045	0.9998308	3.7093062	3.6332688	5.20824	5.4557056	1.9005353	8.685278
chr14	24360000	24365000	chr14	24430000	24435000	0,0,0	5.441173	0.99567413	3.0812483	1.9568534	2.710674	3.7042851	0.8787938	5.4437103
chr14	54175000	54180000	chr14	54330000	54335000	0,0,0	12.982176	1.0	5.5490065	3.9851742	6.630373	6.096131	2.1979778	9.638508
chr14	92950000	92955000	chr14	93135000	93140000	0,0,0	8.630064	0.9999797	3.7437532	5.1074715	7.005314	6.265097	2.010449	10.805071
chr14	22315000	22320000	chr14	22375000	22380000	0,0,0	5.0490756	0.99987185	2.355722	3.4901614	5.7258186	5.861006	2.2202148	8.963371
chr14	32580000	32585000	chr14	33430000	33435000	0,0,0	6.159941	0.99928004	2.833065	3.6605244	4.27691	3.9832256	1.9815838	7.2370253
chr14	58105000	58110000	chr14	58365000	58370000	0,0,0	6.6395125	1.0	3.249265	2.050571	3.5097373	3.8614035	1.1868213	5.6841335
chr14	24240000	24245000	chr14	24295000	24300000	0,0,0	5.916042	0.9994699	2.2005708	4.5905933	5.106864	3.462676	1.7774433	7.5432034
chr14	54090000	54095000	chr14	54335000	54340000	0,0,0	6.495905	1.0	3.107272	2.6189132	3.0791323	3.056263	1.2689841	5.384186
chr14	71925000	71930000	chr14	72420000	72425000	0,0,0	5.3293133	0.9973559	2.2804947	3.073358	3.7694364	3.2041593	1.4582793	5.9360332
chr14	23630000	23635000	chr14	23925000	23930000	0,0,0	6.4496045	0.9999837	2.4357924	6.570098	7.437281	5.1866045	2.2767818	11.026691
chr14	33835000	33840000	chr14	34295000	34300000	0,0,0	5.2084146	0.9993176	2.7323406	3.166406	3.8323784	4.476078	2.2077236	7.2906613
chr14	92130000	92135000	chr14	92460000	92465000	0,0,0	5.3159676	0.99879026	2.5905252	3.0907907	3.8362913	3.9706879	2.118238	6.718057
chr14	56490000	56495000	chr14	57315000	57320000	0,0,0	9.265462	0.9999948	3.3430996	6.8147974	8.748607	6.1138697	2.76079	12.171468
chr14	61300000	61305000	chr14	61835000	61840000	0,0,0	7.0282116	1.0	3.481638	3.104842	3.7021122	3.9043703	1.877893	6.66423
chr14	75575000	75580000	chr14	75655000	75660000	0,0,0	9.264451	1.0	3.9417045	3.5852346	5.816335	5.2890806	2.1171596	8.475956
chr14	101960000	101965000	chr14	102310000	102315000	0,0,0	6.7823644	1.0	2.856651	2.7000976	3.5112166	2.9750788	1.3409551	5.3751655
chr14	57530000	57535000	chr14	58070000	58075000	0,0,0	5.548554	0.99954975	2.3166015	3.8653493	5.0813003	4.270667	1.6634697	7.7065334
chr14	22570000	22575000	chr14	22650000	22655000	0,0,0	8.097915	0.99993056	3.8095489	4.455424	5.6955905	5.615259	2.0598228	9.575636
chr14	91175000	91180000	chr14	91285000	91290000	0,0,0	7.563522	1.0	2.463065	4.3208365	5.37138	3.3074052	1.8003386	7.148149
chr14	76945000	76950000	chr14	77050000	77055000	0,0,0	7.2333965	0.9999755	3.09307	5.131453	6.9308047	6.0569515	2.1015792	10.618242
chr14	37255000	37260000	chr14	37415000	37420000	0,0,0	5.7620435	0.99941933	3.1566803	2.66253	3.9336312	5.085397	1.75635	7.4520903
chr14	32575000	32580000	chr14	33790000	33795000	0,0,0	12.684783	0.99999964	3.7848654	10.214414	11.085936	5.691462	3.7089472	14.770942
chr14	75130000	75135000	chr14	75295000	75300000	0,0,0	15.296923	1.0	5.1614594	10.648981	14.104656	9.301211	4.232635	18.766972
chr14	20695000	20700000	chr14	20960000	20965000	0,0,0	5.369954	1.0	2.7126148	2.3906074	2.9176354	3.1943324	1.066118	5.319317
chr14	89935000	89940000	chr14	90235000	90240000	0,0,0	6.3125052	1.0	2.7052195	3.4657779	3.7817435	3.0954566	1.576863	6.1761484
chr14	102235000	102240000	chr14	102310000	102315000	0,0,0	5.1008415	0.9987994	2.2914913	2.4717543	4.551941	4.528481	1.2272534	6.7255955
chr14	22385000	22390000	chr14	22470000	22475000	0,0,0	8.504813	0.9999942	3.2465928	6.255202	8.521362	6.49832	2.5236237	12.058499
chr14	65410000	65415000	chr14	65825000	65830000	0,0,0	6.222507	0.9994505	2.7421157	3.2049234	4.9584417	4.658431	2.0419018	7.5072517
chr14	88010000	88015000	chr14	88170000	88175000	0,0,0	5.26593	0.9990914	2.1303494	4.1741624	4.4296465	3.2939637	1.6086379	7.0043306
chr14	105370000	105375000	chr14	105485000	105490000	0,0,0	9.000887	1.0	2.5536022	5.075035	6.000939	3.117861	1.7901136	7.629003
chr14	93655000	93660000	chr14	93900000	93905000	0,0,0	6.815264	0.9998455	3.7142324	3.798887	4.3400097	5.3993406	1.7760884	8.776129
chr14	22660000	22665000	chr14	22850000	22855000	0,0,0	4.6974907	0.9973089	2.2311337	3.20233	3.2541428	3.0719175	1.3466507	5.9184327
chr14	89035000	89040000	chr14	89410000	89415000	0,0,0	4.796733	0.9918615	2.272628	2.3971334	2.7576158	2.680869	1.3500519	4.8116546
chr14	33845000	33850000	chr14	34095000	34100000	0,0,0	7.672259	0.9999569	4.553021	2.9182155	4.9269056	7.458773	1.34446	10.052743
chr14	49865000	49870000	chr14	50100000	50105000	0,0,0	9.6685	0.9999951	4.760423	5.0843425	7.1592717	7.7116437	2.6657267	12.231059
chr14	53955000	53960000	chr14	54170000	54175000	0,0,0	6.586718	0.99973136	3.2826843	3.1549559	4.8676066	5.4186497	1.9977871	8.223055
chr14	104130000	104135000	chr14	104640000	104645000	0,0,0	5.2420216	0.99937963	2.1571224	3.8044302	4.8893423	4.0042477	1.8569765	7.385964
chr14	61895000	61900000	chr14	62125000	62130000	0,0,0	6.003451	0.9976771	2.6735828	3.0704532	3.7215157	3.3362637	1.6924001	6.065555
chr14	72515000	72520000	chr14	72945000	72950000	0,0,0	4.615036	0.99948436	2.5531242	2.8282104	3.871122	5.0569544	1.3053986	7.5709195
chr14	55440000	55445000	chr14	55705000	55710000	0,0,0	5.824014	1.0	2.7965777	2.4843464	3.1545184	3.2048836	1.3062127	5.4131913
chr14	55710000	55715000	chr14	56475000	56480000	0,0,0	6.4438877	0.9991957	2.9202714	3.4997509	4.3388004	4.015378	1.243375	7.126268
chr14	105585000	105590000	chr14	105705000	105710000	0,0,0	27.884418	1.0	5.7455697	36.890327	37.038185	11.933479	14.662739	44.72488
chr14	61465000	61470000	chr14	61730000	61735000	0,0,0	5.6834345	0.99986744	3.131378	2.6753209	4.9273534	6.551344	1.5315827	8.929406
chr14	74945000	74950000	chr14	75085000	75090000	0,0,0	5.6670594	0.9988641	2.9928415	2.2577803	3.8709278	4.774106	1.0013819	6.781022
chr14	50115000	50120000	chr14	50530000	50535000	0,0,0	6.197736	1.0	2.6877475	2.0732012	3.1446364	2.8822663	0.7848755	4.725112
chr14	49890000	49895000	chr14	50000000	50005000	0,0,0	4.9444647	0.99877715	2.5468504	2.6398869	3.76197	4.360725	1.3698573	6.707291
chr14	96100000	96105000	chr14	96275000	96280000	0,0,0	12.214909	0.9999999	4.4181256	8.035508	11.697248	8.614169	3.3744147	15.756843
chr14	92715000	92720000	chr14	92780000	92785000	0,0,0	8.540992	0.99983895	3.534729	4.299492	5.8499613	4.912945	2.176278	8.734715
chr14	66355000	66360000	chr14	67125000	67130000	0,0,0	7.0643644	1.0	3.16982	3.4329932	3.7660897	3.313208	1.5173272	6.3647575
chr14	105675000	105680000	chr14	106000000	106005000	0,0,0	7.25306	0.9999319	3.3291402	3.892789	6.1646814	6.135066	1.6999923	9.595323
chr14	75305000	75310000	chr14	75485000	75490000	0,0,0	11.490004	0.99999905	3.8545122	8.336309	10.257282	6.482823	3.2047887	13.892876
chr14	64340000	64345000	chr14	64635000	64640000	0,0,0	7.949904	1.0	2.9907918	3.1985178	4.28237	3.1912932	1.360048	6.0344205
chr14	104075000	104080000	chr14	104130000	104135000	0,0,0	6.6524463	0.99989426	2.3006754	5.2534513	6.7311172	4.4855328	2.105037	9.155268
chr14	70620000	70625000	chr14	70965000	70970000	0,0,0	6.4107957	1.0	2.8419545	2.839149	3.8326325	3.5144987	1.7332001	6.0381866
chr14	64345000	64350000	chr14	64475000	64480000	0,0,0	9.880273	0.9999781	3.690387	5.165695	7.921844	6.1395025	2.2478175	10.731232
chr14	23120000	23125000	chr14	23185000	23190000	0,0,0	11.520506	0.9999995	4.2688656	7.189666	10.734329	8.178396	3.654897	14.569211
chr14	100860000	100865000	chr14	101230000	101235000	0,0,0	5.5856915	0.99731195	2.3249133	3.5164113	3.6412897	2.7938526	1.4645225	5.9195514
chr14	75305000	75310000	chr14	75560000	75565000	0,0,0	10.349612	0.99999493	3.538258	7.034908	9.021816	5.9406548	2.7079265	12.193907
chr14	100850000	100855000	chr14	101665000	101670000	0,0,0	5.8101926	0.9999332	2.5709589	4.187869	6.281233	5.89184	2.610037	9.614389
chr14	54570000	54575000	chr14	54690000	54695000	0,0,0	4.683632	0.99843526	2.41286	2.1334953	3.82755	4.5642605	1.1189837	6.460701
chr14	53955000	53960000	chr14	54100000	54105000	0,0,0	4.7223587	0.99863774	2.4517126	2.8182547	3.548877	4.094161	1.7561194	6.5992765
chr14	28750000	28755000	chr14	29530000	29535000	0,0,0	8.4879875	1.0	3.9439476	3.357085	4.7716966	4.7270613	1.7524819	7.7111373
chr14	52300000	52305000	chr14	52470000	52475000	0,0,0	10.724617	0.99999696	4.7227964	5.3019524	8.456351	7.9896283	3.1298966	12.702474
chr14	24325000	24330000	chr14	24430000	24435000	0,0,0	14.97574	1.0	4.9001627	6.7917423	10.213458	6.9088793	3.3164463	12.945983
chr14	51280000	51285000	chr14	51775000	51780000	0,0,0	9.143658	0.99999815	4.3706613	4.7876897	8.386228	8.961204	2.6620903	13.216928
chr14	71100000	71105000	chr14	71750000	71755000	0,0,0	7.62248	0.99999875	2.843135	7.7451787	9.4212475	6.6847186	3.0901866	13.569323
chr14	57690000	57695000	chr14	58070000	58075000	0,0,0	5.7442126	0.99933344	2.6987422	3.7061934	4.2059965	4.0197544	1.4639658	7.314148
chr11	33165000	33170000	chr11	33685000	33690000	0,0,0	5.8950896	0.9981674	2.3551848	3.5873165	4.1198673	3.1139538	1.4994823	6.30268
chr11	6380000	6385000	chr11	6705000	6710000	0,0,0	5.274091	0.9958928	2.3327563	2.2019434	3.6878736	3.538302	1.077598	5.4955854
chr11	73475000	73480000	chr11	73930000	73935000	0,0,0	4.7156644	1.0	2.4260073	1.8779832	2.0515895	2.272603	0.90230083	3.9419212
chr11	57655000	57660000	chr11	58515000	58520000	0,0,0	8.03056	1.0	3.5746305	4.0524683	4.508086	3.9346232	1.7137569	7.536817
chr11	33360000	33365000	chr11	33685000	33690000	0,0,0	12.866716	0.9999999	3.5976229	10.262594	13.065961	7.044208	4.0168333	16.166513
chr11	69440000	69445000	chr11	69640000	69645000	0,0,0	8.788588	1.0	2.639209	4.6267123	5.529924	3.0614357	1.9347587	7.174069
chr11	2305000	2310000	chr11	2415000	2420000	0,0,0	12.6449175	1.0	4.4103065	5.124787	7.704894	5.5350394	2.6566296	10.090405
chr11	76920000	76925000	chr11	77040000	77045000	0,0,0	5.7708406	1.0	2.4401762	2.4081967	3.9563017	3.581693	1.3577611	5.722312
chr11	124405000	124410000	chr11	124585000	124590000	0,0,0	8.245082	1.0	4.3501534	2.611271	3.6118684	4.341108	1.5385096	6.662237
chr11	116790000	116795000	chr11	117105000	117110000	0,0,0	6.623227	0.99995875	2.3681056	6.659372	6.8060575	4.1775794	2.4966524	10.097021
chr11	46385000	46390000	chr11	46535000	46540000	0,0,0	5.4056377	0.99812835	2.8558106	2.2838106	3.4877973	4.25153	1.4316117	6.2815843
chr11	26290000	26295000	chr11	27155000	27160000	0,0,0	8.275507	1.0	4.7011724	1.860769	3.523868	4.946139	1.6558393	6.600156
chr11	112795000	112800000	chr11	113290000	113295000	0,0,0	6.868884	0.99936545	2.4563684	4.1217775	5.330013	3.6995802	1.7735016	7.3633823
chr11	33365000	33370000	chr11	33820000	33825000	0,0,0	6.1254015	0.9983334	2.2764375	3.5516672	4.5054617	3.2406046	1.4504642	6.397642
chr11	45370000	45375000	chr11	45770000	45775000	0,0,0	9.208147	1.0	3.025425	5.449317	6.643526	4.0856786	2.145477	8.929516
chr11	100575000	100580000	chr11	100930000	100935000	0,0,0	12.441121	1.0	3.8563967	10.38127	15.157799	9.645343	4.3079457	18.873138
chr11	40300000	40305000	chr11	41195000	41200000	0,0,0	8.798515	1.0	4.31914	3.7910998	4.9513907	5.237464	2.0607405	8.60733
chr11	128290000	128295000	chr11	128625000	128630000	0,0,0	6.1186204	0.9998747	2.737012	3.5547488	5.9823813	5.8260527	1.9933703	8.985829
chr11	120170000	120175000	chr11	120300000	120305000	0,0,0	9.8662405	1.0	4.202614	3.2074218	4.431398	3.8775194	1.7699255	6.728561
chr11	8225000	8230000	chr11	8565000	8570000	0,0,0	7.7963443	0.999991	3.1320078	5.3171616	8.205695	6.895662	2.9187455	11.622027
chr11	95150000	95155000	chr11	95705000	95710000	0,0,0	9.556466	0.9999998	3.8570879	7.3622465	10.81176	9.00844	3.625888	15.552659
chr11	45370000	45375000	chr11	45655000	45660000	0,0,0	5.761032	0.99906653	2.2968216	3.5135612	4.7988033	3.8541331	1.788374	6.9772987
chr11	32320000	32325000	chr11	32795000	32800000	0,0,0	6.304464	0.998356	2.748671	3.4071243	3.946497	3.3827236	1.3701944	6.4112787
chr11	78225000	78230000	chr11	78565000	78570000	0,0,0	7.003261	1.0	3.923362	2.0333905	3.1115606	4.200271	1.0781354	6.0077295
chr11	121660000	121665000	chr11	122200000	122205000	0,0,0	8.7311125	1.0	4.0742507	3.3701925	4.942535	4.956972	1.860866	7.9526987
chr11	13775000	13780000	chr11	14145000	14150000	0,0,0	5.9586973	0.99961966	2.8179362	3.3779778	4.796844	4.872563	2.1030452	7.8752103
chr11	27180000	27185000	chr11	27295000	27300000	0,0,0	5.1974587	1.0	2.4975896	2.3507698	2.5372987	2.4846387	1.130083	4.5742116
chr11	59820000	59825000	chr11	60125000	60130000	0,0,0	6.750311	0.99894047	3.0819669	3.0779576	4.2780194	4.1147013	1.8612276	6.850664
chr11	75895000	75900000	chr11	76150000	76155000	0,0,0	6.094283	0.999471	2.3209124	4.3166223	5.1413794	3.708321	1.5630512	7.5453186
chr11	73960000	73965000	chr11	74320000	74325000	0,0,0	7.481625	0.9997028	3.012302	3.5327373	5.8146605	4.9817767	1.8084902	8.121988
chr11	20125000	20130000	chr11	20355000	20360000	0,0,0	7.741468	1.0	3.3463535	3.2738957	5.078715	4.660325	1.8948919	7.5704546
chr11	86935000	86940000	chr11	87285000	87290000	0,0,0	9.263361	0.9999853	4.022415	5.6597266	7.007163	6.0967607	3.2928243	11.127629
chr11	65110000	65115000	chr11	65255000	65260000	0,0,0	5.42182	1.0	2.635983	2.333628	2.922547	3.0192633	1.5421742	5.0935993
chr11	82865000	82870000	chr11	83815000	83820000	0,0,0	10.178453	0.99999726	3.5565615	7.5335546	9.246127	6.104802	3.1076648	12.801294
chr11	66405000	66410000	chr11	66675000	66680000	0,0,0	10.491319	1.0	3.694302	5.824777	7.465725	5.074457	2.5151732	10.252037
chr11	19070000	19075000	chr11	19740000	19745000	0,0,0	6.0253553	1.0	2.478129	3.327578	3.5989256	2.7633057	1.5875299	5.721153
chr11	79705000	79710000	chr11	81235000	81240000	0,0,0	5.932109	0.99979436	2.6774862	4.105929	5.225519	4.8407083	2.0012357	8.490423
chr11	61475000	61480000	chr11	61630000	61635000	0,0,0	6.7138805	0.99904484	3.869324	1.9886274	3.6095014	5.1866865	1.3343266	6.9543557
chr11	118690000	118695000	chr11	118955000	118960000	0,0,0	8.555118	0.9999447	4.7585106	3.3319707	5.131668	6.84148	1.7719688	9.803232
chr11	81640000	81645000	chr11	82230000	82235000	0,0,0	5.1042895	0.9959891	2.6722767	2.5468743	2.8355546	3.2554204	1.4581823	5.5193086
chr11	34365000	34370000	chr11	34465000	34470000	0,0,0	16.702156	1.0	5.1182494	7.6179543	9.453878	5.467162	2.9570198	12.238677
chr11	27695000	27700000	chr11	29155000	29160000	0,0,0	11.15999	0.99999994	3.708183	10.973776	12.179299	7.1781855	4.030703	16.932653
chr11	57825000	57830000	chr11	58510000	58515000	0,0,0	5.1509156	1.0	2.5774586	2.4568584	2.6956491	2.842851	1.1998235	5.0267253
chr11	124965000	124970000	chr11	125430000	125435000	0,0,0	4.686615	0.99579185	2.5008225	1.6940501	3.140107	3.9654834	1.4736425	5.471306
chr11	33165000	33170000	chr11	33330000	33335000	0,0,0	6.927808	1.0	3.416977	2.3917458	3.8341966	4.2264338	1.2038729	6.35243
chr11	14785000	14790000	chr11	15075000	15080000	0,0,0	6.569473	1.0	3.0409343	2.7500226	3.5615625	3.4377558	1.7106402	5.8822203
chr11	34365000	34370000	chr11	34895000	34900000	0,0,0	11.38498	1.0	4.6469207	4.116981	6.20115	5.2722516	2.0166116	8.93179
chr11	6375000	6380000	chr11	6505000	6510000	0,0,0	6.1934648	1.0	2.6329966	2.8124974	3.5175402	2.9815853	1.1538074	5.481583
chr11	59170000	59175000	chr11	59425000	59430000	0,0,0	10.075805	1.0	3.1392307	5.529815	7.123728	4.277478	2.497943	9.192869
chr11	95150000	95155000	chr11	95765000	95770000	0,0,0	9.621161	0.9999999	3.349403	9.447584	11.411658	7.443754	4.8635373	15.841607
chr11	33540000	33545000	chr11	33685000	33690000	0,0,0	6.6073284	0.9987105	3.1294491	2.6334133	4.1560116	4.3133664	1.1493143	6.654178
chr11	7570000	7575000	chr11	7660000	7665000	0,0,0	8.471875	0.99988365	3.8915849	3.5928142	5.856997	5.86624	1.9815329	9.059853
chr11	9755000	9760000	chr11	10305000	10310000	0,0,0	7.3000474	0.9999385	3.2651668	4.893775	5.928326	5.347724	2.3711274	9.697746
chr11	10400000	10405000	chr11	10735000	10740000	0,0,0	11.360713	0.9999937	4.80387	6.0176425	7.790239	6.6260185	3.1693451	11.975034
chr11	850000	855000	chr11	1050000	1055000	0,0,0	9.004808	1.0	4.223944	2.2929204	3.6737404	3.7723439	1.3506514	5.8104954
chr11	4185000	4190000	chr11	4490000	4495000	0,0,0	6.342289	0.9998574	3.027275	3.9456863	5.2601504	5.349154	1.9489733	8.856431
chr11	102495000	102500000	chr11	102610000	102615000	0,0,0	6.387548	0.9988125	2.754923	3.013132	4.4795685	4.0582485	1.3793002	6.7365885
chr11	94180000	94185000	chr11	94495000	94500000	0,0,0	8.038595	0.9999596	4.398045	4.2562394	5.031764	6.3347797	2.4301436	10.118104
chr11	17225000	17230000	chr11	17505000	17510000	0,0,0	7.463183	1.0	3.4743893	2.362874	3.6454234	3.6796591	1.4024556	5.7799916
chr11	34920000	34925000	chr11	35390000	35395000	0,0,0	15.552618	1.0	6.041356	10.937014	14.522254	11.198837	4.9115205	20.920628
chr11	32050000	32055000	chr11	32175000	32180000	0,0,0	11.225127	0.99999005	4.205771	5.8770266	8.317188	6.295819	2.5386887	11.519842
chr11	75440000	75445000	chr11	75530000	75535000	0,0,0	13.081716	1.0	4.6488295	6.4343925	8.632404	6.045003	3.1159382	11.764463
chr11	68015000	68020000	chr11	68205000	68210000	0,0,0	6.5686173	1.0	2.5609953	3.0113578	4.3943357	3.5122337	1.2239813	6.1889963
chr11	19070000	19075000	chr11	19310000	19315000	0,0,0	5.9114957	1.0	2.5111938	2.563879	3.79054	3.3649073	1.1018492	5.643911
chr11	34650000	34655000	chr11	34890000	34895000	0,0,0	4.930839	0.99826765	2.340195	2.8420808	3.7992218	3.8326547	1.174517	6.3589487
chr11	6530000	6535000	chr11	6705000	6710000	0,0,0	5.8189564	0.99721545	2.2896059	3.19451	3.979252	3.044705	1.503239	5.884269
chr11	4620000	4625000	chr11	5380000	5385000	0,0,0	5.3900876	1.0	2.6498353	2.4625773	2.8926952	3.0026546	1.2766893	5.1916122
chr11	87350000	87355000	chr11	87420000	87425000	0,0,0	6.4510818	1.0	2.2946317	2.966927	3.8995554	2.7098012	1.1070491	5.3470697
chr11	27180000	27185000	chr11	27485000	27490000	0,0,0	18.242277	1.0	7.931492	8.166092	12.31622	11.310389	3.5324354	18.569138
chr11	7510000	7515000	chr11	7665000	7670000	0,0,0	4.7095284	0.99615264	2.2734756	2.6790261	3.154955	3.1795936	1.1406052	5.5609503
chr11	69290000	69295000	chr11	69640000	69645000	0,0,0	8.053563	1.0	3.5439115	4.148676	4.9632344	4.3558407	1.5266861	8.043552
chr11	34175000	34180000	chr11	34355000	34360000	0,0,0	12.7754345	0.9999991	4.8238506	7.205661	9.959801	7.5408497	3.1952841	13.945882
chr11	17595000	17600000	chr11	17975000	17980000	0,0,0	5.8909845	0.9973725	2.7383752	2.529296	3.7042537	3.6940854	1.2277308	5.9423485
chr11	1880000	1885000	chr11	1995000	2000000	0,0,0	6.597621	1.0	2.9259038	1.6751121	3.6988096	3.727835	0.9556388	5.2168236
chr11	125440000	125445000	chr11	125875000	125880000	0,0,0	6.986725	1.0	2.8311281	3.7548542	4.0611506	3.0523784	1.4819328	6.3900266
chr11	94320000	94325000	chr11	94495000	94500000	0,0,0	5.603238	1.0	3.301121	1.700063	2.7215405	4.0523715	1.3788354	5.5635386
chr11	96460000	96465000	chr11	97140000	97145000	0,0,0	16.868773	1.0	6.55415	6.1876106	7.9467206	6.055697	2.6090274	11.555796
chr11	7890000	7895000	chr11	7985000	7990000	0,0,0	6.897444	1.0	3.3690703	2.3897216	3.9263985	4.283034	1.2383108	6.407231
chr11	118195000	118200000	chr11	118290000	118295000	0,0,0	9.9143915	0.9999876	3.437415	5.888627	8.589378	6.0647182	2.7221758	11.299053
chr11	19310000	19315000	chr11	19550000	19555000	0,0,0	5.3690343	0.99896723	2.5939424	3.3853927	3.8605978	3.8669765	1.1955024	6.8762145
chr11	122630000	122635000	chr11	122780000	122785000	0,0,0	6.975928	0.9998506	3.497621	3.0471642	5.3397694	6.10089	1.4683689	8.809481
chr11	46920000	46925000	chr11	47150000	47155000	0,0,0	5.7635064	0.9992093	3.0455427	3.0940764	3.7165115	4.393058	1.5675781	7.143348
chr11	45335000	45340000	chr11	45770000	45775000	0,0,0	7.04774	0.99918544	3.2352114	3.5752387	4.2251244	3.93561	1.9497018	7.1136
chr11	3455000	3460000	chr11	3610000	3615000	0,0,0	5.9712086	0.9988022	3.124955	2.5326374	3.7445676	4.476724	1.4060203	6.727957
chr11	114335000	114340000	chr11	114760000	114765000	0,0,0	8.467834	0.9999921	3.2637796	5.726144	8.419762	6.6598463	2.4920883	11.749752
chr11	90245000	90250000	chr11	90450000	90455000	0,0,0	5.483001	1.0	2.8618302	1.7083879	2.189084	2.5556548	0.8522418	4.0742216
chr11	129785000	129790000	chr11	130120000	130125000	0,0,0	5.3343806	1.0	3.018917	2.3056333	2.3555589	3.123425	1.4189916	5.172877
chr11	75895000	75900000	chr11	76675000	76680000	0,0,0	9.316711	1.0	3.4214613	3.9732335	4.7067037	3.2381334	1.757713	6.7698965
chr11	59535000	59540000	chr11	59680000	59685000	0,0,0	7.2723875	1.0	3.4153018	2.3358133	4.440906	4.6918507	1.4035242	6.768129
chr11	109940000	109945000	chr11	110190000	110195000	0,0,0	5.6034703	1.0	2.981204	1.9746208	2.5646768	3.1024928	1.2637289	4.8577113
chr11	27695000	27700000	chr11	29330000	29335000	0,0,0	17.49628	1.0	5.2162724	12.330742	15.44507	8.744987	4.9725037	19.705647
chr11	65270000	65275000	chr11	65510000	65515000	0,0,0	8.153662	1.0	3.0168095	2.9916391	3.5182333	2.4343612	1.4911771	5.093596
chr11	47370000	47375000	chr11	47850000	47855000	0,0,0	13.740661	1.0	4.7941937	5.2961187	8.702732	6.4497185	1.8156359	11.157379
chr11	113305000	113310000	chr11	113800000	113805000	0,0,0	7.370974	1.0	2.9734666	3.8389935	4.8818307	3.8836806	2.3975933	7.296119
chr11	113305000	113310000	chr11	113530000	113535000	0,0,0	10.838147	1.0	4.120049	4.3898144	7.738241	6.3538876	1.7020749	10.255944
chr11	1115000	1120000	chr11	1510000	1515000	0,0,0	6.0052595	1.0	3.1922913	1.7192714	2.5211802	3.0909767	1.0158008	4.619218
chr11	129920000	129925000	chr11	130130000	130135000	0,0,0	6.36029	0.99994284	2.9931867	3.9674382	6.0987825	6.244551	2.2866201	9.771163
chr11	57455000	57460000	chr11	58510000	58515000	0,0,0	12.65132	1.0	3.6468132	7.778386	7.9151683	3.7003508	2.719133	10.614472
chr11	13775000	13780000	chr11	13950000	13955000	0,0,0	5.588682	1.0	3.4433172	1.4925268	2.5934935	4.2413583	0.91954017	5.568049
chr11	110200000	110205000	chr11	110365000	110370000	0,0,0	12.729426	0.99999964	5.2154174	6.496177	10.384034	9.005829	2.8729634	14.780209
chr11	61795000	61800000	chr11	62105000	62110000	0,0,0	7.047697	0.99991935	2.5807242	5.452339	6.6095276	4.5801973	2.0175328	9.426721
chr11	130430000	130435000	chr11	130860000	130865000	0,0,0	21.952478	1.0	6.488175	21.487602	27.743256	15.866062	7.447244	34.966152
chr11	4190000	4195000	chr11	5005000	5010000	0,0,0	5.383727	1.0	3.1627407	1.2635108	1.9113004	2.8221154	0.6539133	3.9452362
chr11	11025000	11030000	chr11	11785000	11790000	0,0,0	14.855705	1.0	4.8248205	15.196344	18.202593	10.947079	7.0212812	24.454939
chr11	75895000	75900000	chr11	76315000	76320000	0,0,0	6.5755486	0.9997576	2.7403464	4.2714543	5.451793	4.5289054	1.7505319	8.325754
chr11	129375000	129380000	chr11	129635000	129640000	0,0,0	4.6842923	0.9978037	2.4202487	2.9677043	3.1391802	3.483657	1.502227	6.121616
chr11	2035000	2040000	chr11	2150000	2155000	0,0,0	21.288063	1.0	6.72936	8.499724	11.045551	6.7584805	3.1657434	14.313791
chr11	85855000	85860000	chr11	86215000	86220000	0,0,0	5.429998	0.9995115	2.4821928	3.6642883	4.6356044	4.3677516	1.9110819	7.6248965
chr11	19935000	19940000	chr11	20355000	20360000	0,0,0	5.590211	1.0	2.6944985	2.568141	3.021331	3.036654	1.1759403	5.319446
chr11	125555000	125560000	chr11	125870000	125875000	0,0,0	5.900261	1.0	3.1360412	2.040309	3.0005288	3.6789992	1.1320047	5.4926066
chr11	19560000	19565000	chr11	19740000	19745000	0,0,0	13.696911	1.0	5.0319643	6.9622455	9.738958	7.18563	3.1650395	13.374292
chr11	16820000	16825000	chr11	16935000	16940000	0,0,0	5.347105	1.0	2.3718402	2.8398414	2.9613647	2.5150473	1.2841475	5.039351
chr11	76730000	76735000	chr11	77045000	77050000	0,0,0	6.9094696	1.0	2.9461105	2.9810648	4.1542926	3.6482964	1.8673432	6.2981315
chr11	113990000	113995000	chr11	114260000	114265000	0,0,0	8.775803	0.9999909	3.2011352	5.889481	8.576939	6.3730717	2.547998	11.608166
chr11	112110000	112115000	chr11	112175000	112180000	0,0,0	6.2833424	0.9991527	2.6168048	3.2768793	4.8116374	4.161454	1.2883679	7.0742354
chr11	89100000	89105000	chr11	89620000	89625000	0,0,0	6.1761403	1.0	2.5703163	3.1225324	4.0238686	3.3468804	1.446874	6.1224647
chr11	93230000	93235000	chr11	93650000	93655000	0,0,0	8.66082	0.99988705	3.772478	3.4743042	6.278718	6.000979	2.3411164	9.08925
chr11	3850000	3855000	chr11	4070000	4075000	0,0,0	18.23278	1.0	6.928044	8.836288	13.486617	10.627178	3.6268623	18.481657
chr11	69915000	69920000	chr11	70195000	70200000	0,0,0	10.756568	0.9999904	5.228378	5.032272	6.761074	7.079691	3.0901217	11.552822
chr11	108225000	108230000	chr11	108645000	108650000	0,0,0	6.439664	0.9984057	3.0842037	2.7113566	3.8891232	4.031896	1.6864177	6.441991
chr11	131060000	131065000	chr11	131675000	131680000	0,0,0	7.183201	0.9994507	3.4082115	3.4580226	4.4358144	4.4338365	1.6250805	7.5076346
chr11	34515000	34520000	chr11	35400000	35405000	0,0,0	7.073975	1.0	3.4015086	2.4140046	3.4293203	3.569785	1.3164077	5.715567
chr11	122795000	122800000	chr11	122850000	122855000	0,0,0	4.8074107	0.99607176	2.2651682	2.429568	3.362901	3.3805163	0.8269807	5.540132
chr11	44725000	44730000	chr11	44890000	44895000	0,0,0	10.263968	1.0	2.95415	6.4752803	7.579003	3.9645288	2.2710977	9.720333
chr11	44935000	44940000	chr11	45100000	45105000	0,0,0	22.261269	1.0	7.7586846	10.670368	14.565209	10.0652	4.1311874	19.549973
chr11	18540000	18545000	chr11	18730000	18735000	0,0,0	8.059685	1.0	2.5148592	4.9906993	5.3883457	2.8978071	2.0629377	7.333985
chr11	14910000	14915000	chr11	15210000	15215000	0,0,0	5.4645696	0.99797475	2.4463878	2.6270597	4.0393925	3.8675466	1.2043267	6.2027106
chr11	65415000	65420000	chr11	65510000	65515000	0,0,0	5.989165	0.9997504	2.5399108	4.5442705	5.193614	4.25714	2.257003	8.296492
chr11	73620000	73625000	chr11	73930000	73935000	0,0,0	11.770113	1.0	5.2683396	3.742403	4.3194013	3.8457735	1.9718182	7.1723537
chr11	1650000	1655000	chr11	2000000	2005000	0,0,0	8.294004	0.9999965	3.2689018	6.501287	8.645729	6.7875643	3.0666292	12.566486
chr11	1690000	1695000	chr11	1995000	2000000	0,0,0	6.0987544	0.99974275	2.5727484	4.543205	5.195858	4.227893	1.8596119	8.266297
chr11	2195000	2200000	chr11	2295000	2300000	0,0,0	9.850601	1.0	3.9495795	4.877265	6.4994884	5.2137384	2.2016828	9.549086
chr11	71080000	71085000	chr11	71420000	71425000	0,0,0	7.9962654	1.0	3.855748	1.8831178	3.3862283	3.675191	1.086106	5.349073
chr11	93230000	93235000	chr11	93540000	93545000	0,0,0	4.953855	0.99613535	2.4969468	2.3908715	3.1104593	3.4312353	1.1035103	5.5564547
chr11	100680000	100685000	chr11	100925000	100930000	0,0,0	4.8073177	0.9969033	2.3212414	2.3680263	3.4848433	3.673105	1.2241527	5.778017
chr11	120510000	120515000	chr11	120685000	120690000	0,0,0	8.503907	0.99982214	2.7901785	5.35746	6.3871164	3.8733075	1.8672738	8.635494
chr11	108005000	108010000	chr11	108655000	108660000	0,0,0	8.354076	1.0	3.857967	3.4421785	4.6237144	4.485293	1.5216969	7.5450077
chr11	86450000	86455000	chr11	86605000	86610000	0,0,0	5.812593	1.0	3.157997	2.325868	2.8656437	3.578072	1.3762962	5.64551
chr11	88020000	88025000	chr11	88545000	88550000	0,0,0	7.293248	0.9997253	3.201968	4.4210076	4.977455	4.270847	2.1743171	8.200632
chr11	116875000	116880000	chr11	117100000	117105000	0,0,0	6.358521	0.9998387	3.141144	2.9594007	5.4250593	6.1028085	1.97721	8.733387
chr11	72470000	72475000	chr11	72680000	72685000	0,0,0	4.960805	1.0	2.4870667	1.618287	1.9867598	2.14992	0.83471054	3.5883973
chr11	1110000	1115000	chr11	1230000	1235000	0,0,0	7.6695085	1.0	2.4227567	4.063035	5.1353602	3.0932312	1.4539164	6.704818
chr11	115330000	115335000	chr11	115500000	115505000	0,0,0	6.037462	0.9984306	2.4562864	3.1553826	4.407407	3.6529477	1.2139876	6.457732
chr11	100575000	100580000	chr11	100855000	100860000	0,0,0	10.017461	0.99999875	3.4299488	8.487375	9.708549	6.034425	2.9784176	13.578757
chr11	61895000	61900000	chr11	62050000	62055000	0,0,0	6.7616296	0.9999895	2.7618878	5.0810776	8.056487	6.9487333	2.939294	11.465247
chr11	12330000	12335000	chr11	12895000	12900000	0,0,0	6.5230913	0.9999548	3.285445	4.250073	5.634449	6.2276134	2.3265185	10.005456
chr11	44620000	44625000	chr11	44910000	44915000	0,0,0	10.533355	0.9999813	4.7788734	4.7877398	6.8997474	6.631661	2.0238838	10.887429
chr11	13955000	13960000	chr11	14245000	14250000	0,0,0	10.5146475	1.0	4.91954	3.8577404	6.509328	6.719728	2.061743	10.14883
chr11	5205000	5210000	chr11	5380000	5385000	0,0,0	4.8484564	0.9980158	2.465712	2.880088	3.3386328	3.6631215	1.5940014	6.2232
chr11	95155000	95160000	chr11	96425000	96430000	0,0,0	9.063622	1.0	4.5688796	2.4328072	4.025954	4.6030617	1.6059321	6.765557
chr11	113300000	113305000	chr11	113730000	113735000	0,0,0	8.021932	1.0	4.215175	3.3856378	4.248072	5.0028105	2.1442287	8.012266
chr11	11795000	11800000	chr11	12040000	12045000	0,0,0	14.32214	1.0	4.4245305	5.556726	7.6774483	4.7438064	2.1165318	9.683119
chr11	131060000	131065000	chr11	131510000	131515000	0,0,0	6.8296304	1.0	3.1786594	3.634362	3.8510396	3.5554817	1.3086158	6.786025
chr11	12960000	12965000	chr11	13150000	13155000	0,0,0	9.02836	0.99999243	3.8597598	5.234987	7.9310727	7.1392703	3.2780776	11.792592
chr11	70465000	70470000	chr11	70750000	70755000	0,0,0	12.452438	0.99999875	3.5785515	8.57925	10.848277	5.9692183	3.8704782	13.595219
chr11	118295000	118300000	chr11	118485000	118490000	0,0,0	6.0256677	0.999451	2.5242412	3.5238123	5.0551267	4.375918	1.7263441	7.5081954
chr11	15325000	15330000	chr11	16615000	16620000	0,0,0	6.2158113	0.9997512	2.775176	4.0927515	5.132019	4.661776	1.6140002	8.299777
chr11	115325000	115330000	chr11	116225000	116230000	0,0,0	5.761065	0.9982319	2.340419	3.2727432	4.2441015	3.4293997	1.4873966	6.338505
chr11	2530000	2535000	chr11	2890000	2895000	0,0,0	15.558251	1.0	4.8368278	9.760547	14.113102	8.96363	4.498548	17.639671
chr11	121245000	121250000	chr11	121590000	121595000	0,0,0	5.011362	0.9986536	2.6391206	2.3344789	3.7225635	4.535924	1.229001	6.6110168
chr11	78640000	78645000	chr11	79075000	79080000	0,0,0	9.118028	0.99990875	3.1610355	6.326638	6.3329115	3.6789377	2.18665	9.302616
chr11	108115000	108120000	chr11	108650000	108655000	0,0,0	11.99032	0.9999985	5.1095815	6.3778734	8.8501	7.75742	2.8692768	13.4266405
chr11	12045000	12050000	chr11	12280000	12285000	0,0,0	17.568943	1.0	5.2402916	12.362269	16.829887	9.998104	5.1785545	20.986788
chr11	95705000	95710000	chr11	96425000	96430000	0,0,0	8.416555	1.0	3.4052384	5.2163973	5.2195606	3.777152	1.9555296	8.41395
chr11	120230000	120235000	chr11	120300000	120305000	0,0,0	7.0485663	0.99950606	2.4877713	4.3175297	5.5390606	3.7761154	2.02978	7.6139197
chr11	64555000	64560000	chr11	64645000	64650000	0,0,0	4.690794	0.9979375	2.5157275	1.9660325	3.4977162	4.4368906	1.2385805	6.184475
chr11	10770000	10775000	chr11	11785000	11790000	0,0,0	8.012641	1.0	4.004341	3.0332124	3.083739	3.1893454	1.4587505	5.8855343
chr11	11795000	11800000	chr11	12285000	12290000	0,0,0	9.025186	1.0	4.1650424	2.842393	3.3897123	3.191034	1.359131	5.7176056
chr11	120505000	120510000	chr11	120950000	120955000	0,0,0	5.449531	0.9990304	2.8768172	2.6636581	3.7870004	4.5716457	1.2718977	6.939342
chr11	82310000	82315000	chr11	82695000	82700000	0,0,0	5.012656	0.99738955	2.7974713	1.4583011	3.3785212	4.6525908	1.0378852	5.9488587
chr11	94615000	94620000	chr11	94895000	94900000	0,0,0	7.0807095	0.99990714	3.2772117	4.594855	5.49616	5.2013073	2.6170301	9.285623
chr11	14785000	14790000	chr11	14905000	14910000	0,0,0	7.30474	1.0	3.098458	3.2978458	4.7486887	4.179148	2.0453136	7.110567
chr11	19070000	19075000	chr11	19550000	19555000	0,0,0	14.951899	0.99999976	5.27547	7.9354053	11.533873	8.276127	3.7435212	15.329821
chr11	2200000	2205000	chr11	2265000	2270000	0,0,0	5.147478	0.9966669	3.2243025	1.6260298	2.5170863	4.2590804	1.1178575	5.70444
chr11	65705000	65710000	chr11	65985000	65990000	0,0,0	5.3591228	0.995842	2.3890316	2.5117302	3.4924228	3.2506382	1.279466	5.4832873
chr11	57340000	57345000	chr11	57640000	57645000	0,0,0	14.678539	1.0	5.3888154	4.1307387	5.103809	3.5780878	1.7029176	7.2498555
chr11	117820000	117825000	chr11	118050000	118055000	0,0,0	6.320343	0.9983814	3.340848	2.0291922	3.7193077	4.6231136	1.1884276	6.4268394
chr11	102730000	102735000	chr11	102940000	102945000	0,0,0	5.4058933	0.99663717	2.33301	2.89829	3.6095052	3.1192968	1.2176147	5.6955547
chr11	89760000	89765000	chr11	90075000	90080000	0,0,0	25.559435	1.0	3.3579602	38.421627	39.83005	9.348733	13.226516	43.50129
chr11	36290000	36295000	chr11	36475000	36480000	0,0,0	16.539291	1.0	5.1649632	9.730303	11.920401	6.9717665	3.5427468	15.620925
chr11	27695000	27700000	chr11	28530000	28535000	0,0,0	12.739672	1.0	4.4788685	10.829004	15.992446	11.502818	4.2009964	21.1286
chr11	74450000	74455000	chr11	74570000	74575000	0,0,0	11.422866	0.99999714	3.5485222	7.5621414	9.958062	6.0336704	3.4238813	12.755573
chr11	55940000	55945000	chr11	56780000	56785000	0,0,0	12.816535	0.9999983	4.120703	7.975821	10.072454	6.1732078	2.7515333	13.262826
chr11	122630000	122635000	chr11	122850000	122855000	0,0,0	9.508887	0.99999267	3.2788162	6.9791436	8.612197	5.6176233	2.7406313	11.821307
chr11	128170000	128175000	chr11	128630000	128635000	0,0,0	9.9520035	0.9999991	4.0005016	6.909665	9.568773	7.795907	2.9660254	13.937831
chr11	47175000	47180000	chr11	47350000	47355000	0,0,0	6.460068	1.0	2.700451	2.9237707	4.143727	3.5655735	1.4989879	6.1644807
chr11	86605000	86610000	chr11	86815000	86820000	0,0,0	5.2022347	0.9971837	2.9518893	1.8090166	3.0649781	4.264919	1.1068327	5.8729334
chr11	56840000	56845000	chr11	57245000	57250000	0,0,0	12.717659	1.0	5.2868195	4.1377134	6.323252	5.514251	2.0440753	9.192219
chr11	76205000	76210000	chr11	76315000	76320000	0,0,0	6.922797	1.0	2.4464786	3.3218236	3.924143	2.5752678	1.3552331	5.528
chr11	129115000	129120000	chr11	129330000	129335000	0,0,0	11.13839	0.99999917	4.5194645	6.451997	9.759886	8.250663	2.3289	13.985771
chr11	12330000	12335000	chr11	12960000	12965000	0,0,0	9.122491	0.99999845	2.6655095	9.012108	10.292691	5.3702435	3.2685013	13.381006
chr11	61965000	61970000	chr11	62045000	62050000	0,0,0	5.7105093	0.9995291	3.0326476	2.2000992	4.513737	5.706012	0.9847248	7.661656
chr11	57565000	57570000	chr11	57640000	57645000	0,0,0	6.071021	1.0	2.3164997	2.888134	3.3904986	2.435931	1.198947	5.0031614
chr11	128885000	128890000	chr11	129750000	129755000	0,0,0	8.978065	1.0	3.6747427	4.048048	4.9624443	3.971326	1.7288653	7.5695906
chr11	112215000	112220000	chr11	112280000	112285000	0,0,0	5.290975	1.0	2.5935047	1.5718396	3.206783	3.6149821	1.0596262	5.0121727
chr11	122625000	122630000	chr11	123020000	123025000	0,0,0	6.4841366	1.0	3.0988083	2.7891397	3.5986853	3.641663	1.4334302	6.1208982
chr11	75275000	75280000	chr11	75380000	75385000	0,0,0	9.762313	1.0	4.1565127	3.1886692	5.0577183	4.5795965	1.3754328	7.413969
chr11	117840000	117845000	chr11	117945000	117950000	0,0,0	11.578005	0.99999607	4.456952	6.0999937	8.910731	7.0237074	3.006213	12.445924
chr11	11930000	11935000	chr11	12040000	12045000	0,0,0	8.208979	1.0	2.839831	4.1282377	5.3376627	3.5731478	1.478991	7.2426925
chr11	68255000	68260000	chr11	68445000	68450000	0,0,0	7.713845	0.9998528	3.145755	4.301115	6.0146027	5.001102	1.635028	8.824315
chr11	82715000	82720000	chr11	83815000	83820000	0,0,0	12.119213	1.0	4.665166	5.4188824	7.7005415	6.015305	2.6843758	10.832089
chr11	108415000	108420000	chr11	108645000	108650000	0,0,0	11.420781	1.0	4.364488	5.7957335	7.8261204	5.9567394	2.3144128	11.108502
chr11	59820000	59825000	chr11	59915000	59920000	0,0,0	7.937765	1.0	3.3817322	3.1215112	4.4713545	3.9513812	1.449152	6.726058
chr11	67080000	67085000	chr11	67315000	67320000	0,0,0	6.0585585	1.0	2.7248368	2.6781664	3.7376812	3.5242317	1.362105	5.9048243
chr11	110450000	110455000	chr11	111225000	111230000	0,0,0	9.220692	0.99999636	4.722511	5.4799724	6.8032284	7.6488247	2.1190305	12.519912
chr11	70810000	70815000	chr11	71420000	71425000	0,0,0	6.632661	0.9997871	2.6071794	4.4081917	5.814426	4.5372043	2.0586958	8.455597
chr11	90285000	90290000	chr11	90455000	90460000	0,0,0	5.136133	1.0	2.8340058	1.9056184	2.3082504	2.9624672	1.1221846	4.65635
chr11	9010000	9015000	chr11	9505000	9510000	0,0,0	5.379584	0.9984921	2.9556596	2.2669303	3.4411206	4.482677	1.5164171	6.4977264
chr11	67845000	67850000	chr11	67995000	68000000	0,0,0	7.209051	1.0	2.7658648	3.0153499	4.33428	3.3859596	1.5569743	6.066271
chr11	119665000	119670000	chr11	120105000	120110000	0,0,0	5.533582	0.99948895	2.5174813	4.089857	4.410458	3.9444575	1.8123461	7.579886
chr11	122580000	122585000	chr11	123020000	123025000	0,0,0	7.748398	1.0	3.2439153	4.0109878	4.8018856	3.928906	1.5711384	7.4942284
chr11	10620000	10625000	chr11	10735000	10740000	0,0,0	5.6602488	1.0	2.7793314	2.196189	2.7952223	2.9434147	1.252323	4.8955827
chr11	72480000	72485000	chr11	72570000	72575000	0,0,0	6.786557	1.0	2.6726813	3.1848898	3.9644845	3.035948	1.3045999	5.866961
chr11	111280000	111285000	chr11	111445000	111450000	0,0,0	9.750104	0.9999557	3.7889357	4.921268	7.1174974	5.6517925	1.8200332	10.026253
chr11	5200000	5205000	chr11	5290000	5295000	0,0,0	5.497084	0.99892914	2.3261197	3.306602	4.5117545	3.9008281	1.2721906	6.8400297
chr11	129375000	129380000	chr11	129695000	129700000	0,0,0	5.7646604	0.9999664	2.5341885	5.6904545	6.175537	5.2440467	2.4072616	10.302228
chr11	12960000	12965000	chr11	13185000	13190000	0,0,0	6.8949285	0.9999102	3.3978372	3.4333246	5.6683016	6.2667675	1.5875738	9.318611
chr11	102385000	102390000	chr11	102495000	102500000	0,0,0	4.8380084	0.9982143	2.2599864	2.8748155	3.8318276	3.7732074	1.6362464	6.328599
chr11	116510000	116515000	chr11	116690000	116695000	0,0,0	5.3978715	1.0	2.264242	2.64004	3.425206	2.884623	0.9583939	5.231325
chr11	85855000	85860000	chr11	86295000	86300000	0,0,0	4.803695	0.9993312	2.3980157	3.2702744	4.08549	4.403829	1.8022028	7.3107395
chr11	44285000	44290000	chr11	44535000	44540000	0,0,0	8.837141	0.9999815	3.6940365	5.4035225	7.211061	6.097802	2.7601206	10.900933
chr11	8005000	8010000	chr11	8095000	8100000	0,0,0	9.128786	1.0	3.9349427	3.4018729	5.159243	4.6929564	1.3019876	7.716843
chr11	19255000	19260000	chr11	19545000	19550000	0,0,0	4.9492598	0.996497	2.8173175	2.1003659	2.7557936	3.7877252	1.0566115	5.6547174
chr11	62905000	62910000	chr11	63210000	63215000	0,0,0	9.289944	1.0	3.115649	4.318281	5.119738	3.1707551	1.572255	7.009227
chr11	63835000	63840000	chr11	64145000	64150000	0,0,0	7.005741	1.0	2.6719377	3.2507696	4.226184	3.1643538	1.3592068	6.053927
chr11	128155000	128160000	chr11	128830000	128835000	0,0,0	7.950071	0.9999539	3.2920997	5.3969655	6.444005	5.1893177	1.8825729	9.98662
chr11	26295000	26300000	chr11	26650000	26655000	0,0,0	7.4426713	0.9994387	3.3708963	2.6766996	5.0608573	5.1067357	1.4159834	7.4860244
chr11	63475000	63480000	chr11	63635000	63640000	0,0,0	14.504126	0.9999999	4.6696935	8.607456	12.662465	8.363179	3.517763	16.014252
chr11	17385000	17390000	chr11	17505000	17510000	0,0,0	7.464143	1.0	3.754797	2.481035	4.1163855	4.6934795	1.4487917	6.8988442
chr11	34510000	34515000	chr11	34895000	34900000	0,0,0	11.491631	0.99999666	5.9880934	4.155317	7.364354	8.924203	2.5229027	12.617819
chr11	12595000	12600000	chr11	12895000	12900000	0,0,0	6.062977	0.9998888	2.669131	4.3929505	5.766927	5.1999965	2.006857	9.104841
chr11	63835000	63840000	chr11	63940000	63945000	0,0,0	7.593602	0.9997668	3.1592653	3.8449783	5.7095847	4.946774	2.1671112	8.364532
chr11	46885000	46890000	chr11	47150000	47155000	0,0,0	14.25578	0.9999999	5.0326505	8.429153	12.125006	8.670852	4.241572	16.163433
chr11	69685000	69690000	chr11	70195000	70200000	0,0,0	15.706092	1.0	5.36689	5.3213243	6.478267	4.154913	2.2329342	8.884979
chr11	47930000	47935000	chr11	48110000	48115000	0,0,0	11.181193	0.99999416	4.5673866	4.9539585	8.663696	7.6503973	2.5766814	12.053916
chr11	6020000	6025000	chr11	6310000	6315000	0,0,0	5.4795103	1.0	3.359944	1.4505165	2.584054	4.1860094	0.5872678	5.475357
chr11	112290000	112295000	chr11	112555000	112560000	0,0,0	6.0257287	0.99899274	2.9510028	2.5998473	4.2023497	4.590234	1.6943426	6.9012094
chr11	66690000	66695000	chr11	66830000	66835000	0,0,0	10.143447	0.9999843	4.7122107	4.7650166	6.8757834	6.830609	2.940203	11.066179
chr11	33990000	33995000	chr11	34490000	34495000	0,0,0	5.3232536	0.9971698	2.3263953	2.98228	3.6706502	3.217101	1.4874934	5.8680167
chr11	46245000	46250000	chr11	46305000	46310000	0,0,0	9.806651	0.9999681	3.4649966	5.570616	7.677113	5.4028683	2.5167623	10.354527
chr11	86455000	86460000	chr11	86815000	86820000	0,0,0	11.42593	0.9999993	4.5779343	7.036701	9.724624	7.8865943	3.509566	14.14144
chr11	27395000	27400000	chr11	27465000	27470000	0,0,0	5.382282	0.99542725	2.6965668	2.389967	3.006063	3.2637892	0.99010897	5.388204
chr11	14295000	14300000	chr11	14415000	14420000	0,0,0	4.803276	0.9924587	2.4755154	2.1969776	2.6026907	2.9349976	1.1074951	4.8878665
chr11	17760000	17765000	chr11	17975000	17980000	0,0,0	5.190914	0.9965034	2.315567	2.3457928	3.7228487	3.57141	1.226747	5.656559
chr11	95070000	95075000	chr11	95140000	95145000	0,0,0	5.0479393	1.0	2.5755973	1.9346597	2.266211	2.5056639	1.0346078	4.225362
chr11	129780000	129785000	chr11	129905000	129910000	0,0,0	5.141566	1.0	3.0109315	1.8764511	1.8988955	2.7137609	0.9026272	4.381717
chr11	26750000	26755000	chr11	27155000	27160000	0,0,0	16.017614	1.0	4.8490887	12.848367	15.695615	8.882365	5.221967	20.303135
chr11	86975000	86980000	chr11	87290000	87295000	0,0,0	5.846947	0.99886316	3.4471307	1.4637288	3.6163545	5.479109	0.6564449	6.780201
chr11	129360000	129365000	chr11	129750000	129755000	0,0,0	19.062164	1.0	6.018971	14.118966	18.95603	11.78309	5.0783935	24.33328
chr11	116730000	116735000	chr11	117105000	117110000	0,0,0	7.5427623	0.99973553	3.4539566	3.8709137	5.0426307	4.797729	2.6065516	8.238542
chr11	20645000	20650000	chr11	22300000	22305000	0,0,0	7.4200177	1.0	3.7438633	2.6188319	3.1644716	3.4514625	1.7445366	5.779313
chr11	112585000	112590000	chr11	113290000	113295000	0,0,0	8.693403	0.99997044	3.0619566	5.666083	7.7234044	5.3930798	3.001242	10.429598
chr11	130435000	130440000	chr11	130825000	130830000	0,0,0	6.783136	0.9999962	3.2518396	5.159254	7.567711	7.888648	2.8958557	12.474652
chr11	35820000	35825000	chr11	36265000	36270000	0,0,0	4.9273605	1.0	2.7260077	1.533131	2.6645558	3.5524118	0.8237906	4.915195
chr11	108700000	108705000	chr11	109700000	109705000	0,0,0	7.311358	1.0	3.5735395	2.7345657	3.655602	3.8572824	1.7423011	6.2880077
chr11	100680000	100685000	chr11	100850000	100855000	0,0,0	7.2202272	0.9999645	3.0142992	5.612251	6.5197444	5.257427	2.2102163	10.246095
chr11	19950000	19955000	chr11	20130000	20135000	0,0,0	8.537692	0.99987197	3.6687477	5.0004587	5.4876475	4.5194616	1.9094467	8.964314
chr11	60265000	60270000	chr11	60480000	60485000	0,0,0	4.9286222	1.0	2.4502044	1.6871643	3.025642	3.4247153	0.8536462	4.924417
chr11	7095000	7100000	chr11	7690000	7695000	0,0,0	6.430005	0.9994189	3.1163342	2.8583503	4.570916	4.910677	1.5729647	7.4514327
chr11	3455000	3460000	chr11	3840000	3845000	0,0,0	8.074278	1.0	2.9269836	3.5209327	4.7740602	3.4305084	1.3931261	6.560226
chr11	4280000	4285000	chr11	4335000	4340000	0,0,0	7.3849683	0.9999951	2.3516843	8.247403	8.904783	4.903049	3.3188145	12.234074
chr11	75020000	75025000	chr11	75245000	75250000	0,0,0	6.5645676	1.0	2.542738	3.6177688	4.2682476	3.1325593	1.360022	6.3483534
chr11	35000000	35005000	chr11	35390000	35395000	0,0,0	6.078168	0.99989223	2.9116125	3.5767255	5.6490717	5.9573755	1.869141	9.136686
chr11	86670000	86675000	chr11	86800000	86805000	0,0,0	5.4958487	0.9980974	3.177371	1.8091784	3.225156	4.6570435	1.1670337	6.265202
chr11	30130000	30135000	chr11	30315000	30320000	0,0,0	5.5775585	1.0	3.1396956	1.6211189	2.8240645	3.8809988	1.0162448	5.3219934
chr11	76205000	76210000	chr11	76680000	76685000	0,0,0	11.429373	1.0	3.9863029	5.4532266	5.8187056	3.5507402	2.2472954	8.398052
chr11	60775000	60780000	chr11	61185000	61190000	0,0,0	5.0165668	1.0	2.335882	2.1119854	2.73763	2.6662264	1.0330395	4.5435467
chr11	2185000	2190000	chr11	2415000	2420000	0,0,0	11.979312	1.0	5.4251547	4.0636873	4.484213	4.010024	1.5910403	7.622191
chr11	1690000	1695000	chr11	1830000	1835000	0,0,0	7.0090723	0.9998274	2.6972866	4.719346	5.969404	4.4702578	2.411327	8.665233
chr11	27695000	27700000	chr11	28695000	28700000	0,0,0	4.8393016	0.9986082	2.402524	2.8990753	3.7257614	4.0008674	1.6901612	6.577823
chr11	75720000	75725000	chr11	75865000	75870000	0,0,0	6.149701	1.0	2.5185456	2.7288873	3.4422479	2.7842946	1.1296843	5.209972
chr11	71605000	71610000	chr11	71725000	71730000	0,0,0	5.136117	0.9959647	2.5190377	2.4924283	3.1432276	3.2977533	1.5862187	5.513245
chr11	123110000	123115000	chr11	123245000	123250000	0,0,0	11.631672	1.0	5.282114	4.8044333	6.4299483	6.08429	2.2336605	10.3548975
chr11	35485000	35490000	chr11	36260000	36265000	0,0,0	7.9565125	0.99994385	3.3547523	5.5296907	6.0806146	4.872837	2.0083835	9.788117
chr11	69100000	69105000	chr11	69670000	69675000	0,0,0	12.7268915	0.9999999	6.9633756	5.4312615	8.478341	10.991944	2.8134644	15.819732
chr11	62390000	62395000	chr11	62560000	62565000	0,0,0	6.267244	0.99818027	2.9053922	2.8638773	3.8565583	3.7640529	1.4261785	6.309722
chr11	33850000	33855000	chr11	33965000	33970000	0,0,0	4.964455	0.99681103	2.6457279	2.2999845	3.0453207	3.7042248	1.0925708	5.748656
chr11	45110000	45115000	chr11	45330000	45335000	0,0,0	12.426754	1.0	4.704949	4.8772297	8.635477	7.0705156	2.4819918	11.405831
chr11	83290000	83295000	chr11	83815000	83820000	0,0,0	5.42349	0.99875516	2.2941427	3.2865024	4.3876953	3.768117	1.4885869	6.6894526
chr11	125925000	125930000	chr11	126190000	126195000	0,0,0	10.189638	1.0	4.700734	4.5778065	5.895515	5.654748	2.1596549	9.723909
chr11	3455000	3460000	chr11	4065000	4070000	0,0,0	6.2280827	1.0	3.4372263	1.5046303	2.1064553	2.7455206	0.9308973	4.0829697
chr11	82900000	82905000	chr11	83815000	83820000	0,0,0	6.1071444	0.9992266	2.908817	3.0476794	4.3395686	4.456434	1.794523	7.165482
chr11	111595000	111600000	chr11	111775000	111780000	0,0,0	7.116952	0.99997807	3.7825534	4.405685	5.651858	6.8135004	2.0770311	10.729665
chr11	57665000	57670000	chr11	57800000	57805000	0,0,0	5.7122407	1.0	2.4560528	2.1048064	2.967622	2.642481	1.0783951	4.51342
chr11	129115000	129120000	chr11	129750000	129755000	0,0,0	6.9401913	1.0	3.277623	2.8277135	4.1474695	4.230888	1.1765361	6.744411
chr11	10930000	10935000	chr11	11020000	11025000	0,0,0	6.4821105	1.0	3.286825	2.13871	2.9833083	3.3606389	1.2408092	5.2617145
chr11	110200000	110205000	chr11	110430000	110435000	0,0,0	11.008577	1.0	3.5828822	5.3917937	7.861389	5.2240334	2.3907154	10.016739
chr11	128885000	128890000	chr11	128955000	128960000	0,0,0	7.213545	1.0	3.4229906	2.2520351	3.2989461	3.3875327	1.1985162	5.389342
chr11	122860000	122865000	chr11	123020000	123025000	0,0,0	12.030518	1.0	4.08753	6.110836	8.110072	5.3914084	2.2156997	10.823262
chr11	62420000	62425000	chr11	62540000	62545000	0,0,0	6.474348	1.0	3.0633457	2.1231534	4.2134	4.5206356	1.4496714	6.4078827
chr11	31240000	31245000	chr11	31870000	31875000	0,0,0	6.2786508	0.9993221	2.435307	4.4486604	4.7551813	3.3429337	1.7774796	7.2972984
chr11	81645000	81650000	chr11	82695000	82700000	0,0,0	16.128208	1.0	5.7587514	7.90609	10.288498	7.1488037	3.1016948	14.176438
chr11	4635000	4640000	chr11	5005000	5010000	0,0,0	8.860977	0.9999982	4.692531	5.5092154	6.974084	8.338463	3.0849812	13.235543
chr11	13770000	13775000	chr11	14245000	14250000	0,0,0	11.654201	0.9999986	4.914886	6.144439	9.134876	8.048391	3.2765977	13.510116
chr11	121655000	121660000	chr11	122505000	122510000	0,0,0	12.464489	1.0	5.3076496	7.5421867	12.109453	10.996868	4.2655907	17.701035
chr11	60970000	60975000	chr11	61185000	61190000	0,0,0	5.8394766	1.0	3.135171	2.277543	2.6322782	3.186988	1.4278945	5.2114706
chr11	69685000	69690000	chr11	69840000	69845000	0,0,0	5.4038076	1.0	2.2687232	2.4197545	3.5944314	3.1489313	1.2313049	5.299824
chr11	5475000	5480000	chr11	5805000	5810000	0,0,0	7.4690356	0.9999952	2.5164766	7.188898	9.086291	5.84925	2.9666052	12.239382
chr11	2430000	2435000	chr11	2885000	2890000	0,0,0	14.471674	1.0	5.148486	6.9221883	8.582007	5.8108406	3.1948762	11.963898
chr11	30345000	30350000	chr11	30915000	30920000	0,0,0	14.505893	1.0	4.8099856	10.565637	13.090387	8.200555	4.4923306	17.592232
chr11	205000	210000	chr11	350000	355000	0,0,0	6.0891986	1.0	3.0194526	2.0859807	2.2424464	2.3167048	0.829314	4.17091
chr11	61250000	61255000	chr11	61385000	61390000	0,0,0	12.025046	1.0	3.5614343	4.9758344	5.8803105	3.1863317	1.9229727	7.609296
chr11	109945000	109950000	chr11	110375000	110380000	0,0,0	7.662318	1.0	3.612442	2.8836966	4.163918	4.224582	1.8100612	6.787868
chr11	35615000	35620000	chr11	36255000	36260000	0,0,0	10.749051	0.99999565	4.2103286	7.003064	8.237317	6.1255026	3.6759367	12.350449
chr11	62905000	62910000	chr11	63020000	63025000	0,0,0	15.672741	1.0	5.921475	6.140234	9.176901	7.139802	2.883932	12.597788
chr11	9165000	9170000	chr11	9505000	9510000	0,0,0	6.7579546	0.99982333	2.6132267	4.9804473	5.7915516	4.2151017	1.7608047	8.642166
chr11	117425000	117430000	chr11	117815000	117820000	0,0,0	8.042142	0.99985176	3.1686797	4.92675	5.8857875	4.438401	2.056281	8.817735
chr11	34585000	34590000	chr11	34890000	34895000	0,0,0	22.084604	1.0	8.389785	12.894672	18.717812	14.510511	5.6544547	25.972443
chr11	10510000	10515000	chr11	10730000	10735000	0,0,0	5.9982734	1.0	2.470393	3.2286072	3.7350316	2.951055	1.3348296	5.820928
chr11	65360000	65365000	chr11	65510000	65515000	0,0,0	7.5999384	0.9998845	3.1652358	4.7362885	5.8987217	4.857024	2.1429307	9.067059
chr11	13955000	13960000	chr11	14145000	14150000	0,0,0	6.3526945	0.99916464	3.1220393	2.8801746	4.1923966	4.5282283	1.4869027	7.0883837
chr11	42770000	42775000	chr11	43280000	43285000	0,0,0	12.191987	1.0	4.623993	5.6093674	7.769988	5.916759	2.3019178	10.9028635
chr11	114280000	114285000	chr11	114760000	114765000	0,0,0	5.9458547	0.9978119	2.883449	2.7518907	3.5535195	3.6792307	1.4195745	6.1253557
chr11	15100000	15105000	chr11	15205000	15210000	0,0,0	9.325998	1.0	3.6116817	4.6783648	6.1187	4.675764	2.2373397	8.834311
chr11	113895000	113900000	chr11	114260000	114265000	0,0,0	13.092719	0.99999917	4.4531426	8.518679	10.173206	6.425659	2.7614653	13.997818
chr11	107575000	107580000	chr11	107685000	107690000	0,0,0	5.8097315	0.99790686	2.6741352	2.8207977	3.792556	3.6623523	1.339101	6.169728
chr11	72830000	72835000	chr11	73175000	73180000	0,0,0	9.4904785	0.9999878	4.387962	3.7847044	7.610975	7.948337	2.1433084	11.312519
chr11	124665000	124670000	chr11	124835000	124840000	0,0,0	9.628924	0.9999715	3.987906	5.108369	7.0275087	5.9267173	1.9740537	10.467489
chr11	57115000	57120000	chr11	57245000	57250000	0,0,0	8.737277	1.0	3.3362958	4.25945	5.3072634	3.9136412	1.7532611	7.699819
chr11	133075000	133080000	chr11	133835000	133840000	0,0,0	7.471073	0.9999808	2.992275	5.958239	7.196295	5.5668826	2.4798307	10.863095
chr11	44130000	44135000	chr11	44535000	44540000	0,0,0	5.5469036	0.99927074	2.4769819	2.9849043	4.7547874	4.5709796	1.6429211	7.224228
chr11	19555000	19560000	chr11	19905000	19910000	0,0,0	18.183723	1.0	5.7716928	8.842381	11.362669	6.9391346	4.3137584	14.799027
chr11	93895000	93900000	chr11	94505000	94510000	0,0,0	9.034515	0.99999547	4.2392936	4.667183	7.8764567	8.162693	2.913672	12.311299
chr11	85590000	85595000	chr11	86220000	86225000	0,0,0	5.542355	1.0	2.7798827	1.8862662	2.739942	3.0525107	1.0392438	4.729192
chr11	13205000	13210000	chr11	13340000	13345000	0,0,0	10.360156	0.9999695	4.4533587	3.9473333	7.2888656	6.888638	2.4624043	10.397379
chr11	31640000	31645000	chr11	31955000	31960000	0,0,0	5.4594254	1.0	2.5908527	1.9569937	3.2779808	3.4450035	0.8892349	5.184553
chr11	16820000	16825000	chr11	17060000	17065000	0,0,0	6.504198	0.99851835	2.67525	3.584813	4.200518	3.3287795	1.6680216	6.5152802
chr11	45110000	45115000	chr11	45290000	45295000	0,0,0	10.323964	0.9999899	3.5998724	5.994858	8.712353	6.1776958	2.8866317	11.506458
chr11	60360000	60365000	chr11	60480000	60485000	0,0,0	6.5295887	0.999137	3.380362	2.8117425	3.9113336	4.5564575	1.2307825	7.055784
chr11	14905000	14910000	chr11	15075000	15080000	0,0,0	8.302603	0.99984205	3.408718	3.8347704	6.1452518	5.345537	2.092572	8.754222
chr11	9755000	9760000	chr11	9975000	9980000	0,0,0	6.2016006	0.99906224	2.9039881	2.87212	4.357151	4.419746	1.6694725	6.972741
chr11	128995000	129000000	chr11	129325000	129330000	0,0,0	4.7821755	1.0	2.2683046	2.4733977	2.6477854	2.5307136	0.99967235	4.729289
chr11	33835000	33840000	chr11	34490000	34495000	0,0,0	4.9453206	0.99748904	2.4171112	2.5287263	3.5186174	3.7399428	1.3930519	5.9876995
chr11	84795000	84800000	chr11	85590000	85595000	0,0,0	8.359773	1.0	3.9539418	3.4700222	4.138093	4.0475855	1.884879	7.1320496
chr11	15850000	15855000	chr11	16610000	16615000	0,0,0	9.886343	0.9999991	3.8918965	6.9757667	9.698035	7.7173214	2.8123965	13.918003
chr11	124960000	124965000	chr11	125140000	125145000	0,0,0	6.503223	1.0	2.8273287	2.853985	3.5067487	3.0493956	1.0600442	5.5862713
chr11	25980000	25985000	chr11	26275000	26280000	0,0,0	10.892246	0.999983	3.4553182	6.5373487	8.451253	5.1747494	2.5899305	10.985726
chr11	76730000	76735000	chr11	76800000	76805000	0,0,0	8.947989	1.0	3.586616	3.805859	5.023986	4.01595	1.89537	7.398936
chr11	95830000	95835000	chr11	96405000	96410000	0,0,0	7.480182	0.99997956	3.2916455	5.9403925	6.476772	5.517129	2.6118014	10.797478
chr11	77190000	77195000	chr11	77545000	77550000	0,0,0	8.729579	0.99999946	3.9522855	6.289631	9.230691	8.882077	2.3725197	14.47286
chr11	22330000	22335000	chr11	22785000	22790000	0,0,0	10.800971	0.9999867	3.9506557	5.879633	8.189369	6.0040693	2.1983304	11.23041
chr11	62385000	62390000	chr11	62695000	62700000	0,0,0	8.601088	1.0	3.8387938	2.9307895	3.7894459	3.46888	1.7090063	6.074026
chr11	4185000	4190000	chr11	4535000	4540000	0,0,0	8.74849	0.99999523	4.216329	5.379333	7.2301106	7.4732666	2.4814851	12.254896
chr11	59165000	59170000	chr11	59280000	59285000	0,0,0	5.06184	1.0	2.3870988	1.5445043	2.704352	2.8378801	0.8622891	4.2107725
chr11	121315000	121320000	chr11	121590000	121595000	0,0,0	10.081505	0.99999326	4.3703265	5.8632765	7.613697	6.7017174	2.923818	11.913519
chr11	106155000	106160000	chr11	107035000	107040000	0,0,0	5.4927125	0.9997875	2.3535166	3.9841993	5.5604334	4.915971	1.7714432	8.457481
chr11	69685000	69690000	chr11	69885000	69890000	0,0,0	8.281336	1.0	3.4657452	3.9388366	4.7561607	3.9010074	1.6002618	7.4021955
chr11	3035000	3040000	chr11	3215000	3220000	0,0,0	4.674621	1.0	2.4968002	1.571789	2.112563	2.5845778	0.6734168	3.9817238
chr11	75140000	75145000	chr11	75245000	75250000	0,0,0	7.331268	1.0	3.179353	3.0061243	4.4671907	4.074774	1.4549954	6.7468843
chr11	66400000	66405000	chr11	66830000	66835000	0,0,0	5.493173	0.99676716	2.964382	1.9039047	3.1732166	4.042623	1.193592	5.7349825
chr11	122105000	122110000	chr11	122200000	122205000	0,0,0	6.6069937	1.0	3.0586655	2.593124	3.9925022	3.9978795	1.1305885	6.3028784
chr11	34685000	34690000	chr11	34885000	34890000	0,0,0	4.661967	1.0	2.7644172	1.4926054	2.029008	3.0370677	0.96241236	4.363828
chr11	41460000	41465000	chr11	42520000	42525000	0,0,0	5.763962	0.99993604	2.490164	3.8471065	6.6474705	6.238232	1.8171777	9.657883
chr11	94515000	94520000	chr11	94600000	94605000	0,0,0	6.386498	1.0	2.8454154	2.0018337	2.9776125	2.8128812	1.0730991	4.592289
chr11	76730000	76735000	chr11	76915000	76920000	0,0,0	11.293843	1.0	3.7830098	5.9762497	6.9567513	4.258241	2.2366567	9.570463
chr11	6015000	6020000	chr11	6360000	6365000	0,0,0	5.9379115	1.0	2.9563417	2.5599499	2.971372	3.1431916	1.5172255	5.418702
chr11	85595000	85600000	chr11	86290000	86295000	0,0,0	6.3442907	1.0	3.4488046	2.1194396	3.0419047	3.867769	1.0999014	5.751715
chr11	44930000	44935000	chr11	45330000	45335000	0,0,0	6.6620173	1.0	3.396162	2.4609156	2.9945729	3.3284478	1.3526139	5.5159283
chr11	65740000	65745000	chr11	65815000	65820000	0,0,0	4.672381	0.99474967	2.8510718	1.7457012	2.324763	3.6982791	1.0023087	5.2500134
chr11	111585000	111590000	chr11	111840000	111845000	0,0,0	5.158987	0.9987627	3.6343474	1.8353788	2.1740942	5.0641036	1.1103568	6.695551
chr11	43890000	43895000	chr11	44035000	44040000	0,0,0	9.782042	1.0	3.1701248	4.9853487	5.9848304	3.5955212	2.1043987	8.026942
chr11	9615000	9620000	chr11	9745000	9750000	0,0,0	5.011739	1.0	2.8026848	1.1329374	2.1642344	2.9578843	0.9537213	3.9649396
chr11	17730000	17735000	chr11	17975000	17980000	0,0,0	8.868902	0.9999675	2.978171	6.3119946	7.5707383	4.7252355	2.5902128	10.335897
chr11	122215000	122220000	chr11	122500000	122505000	0,0,0	8.419682	1.0	4.0325933	2.879188	4.5168076	4.756883	1.5510075	7.316161
chr11	94325000	94330000	chr11	94415000	94420000	0,0,0	8.6864	0.9999522	3.1301377	5.418096	7.2347603	5.133152	2.4304361	9.949237
chr11	60360000	60365000	chr11	60615000	60620000	0,0,0	5.60122	0.9993606	2.41227	3.8267143	4.6302195	3.9542787	1.7239853	7.3558025
chr11	65705000	65710000	chr11	65815000	65820000	0,0,0	4.985038	0.99866116	2.449158	2.4814768	4.018451	4.4109	1.279738	6.616657
chr11	74255000	74260000	chr11	74445000	74450000	0,0,0	6.5108657	1.0	3.5052085	1.5442085	3.3005786	4.2736173	1.0629368	5.646247
chr11	10790000	10795000	chr11	11020000	11025000	0,0,0	17.523123	1.0	6.9840417	7.80368	10.815114	8.723933	3.104752	15.660537
chr11	59535000	59540000	chr11	59800000	59805000	0,0,0	7.858267	1.0	3.6361554	3.1803217	3.875257	3.683339	1.3670994	6.5102916
chr11	40130000	40135000	chr11	40290000	40295000	0,0,0	6.730155	1.0	2.8702707	2.3152952	3.4899924	3.1283255	1.1906124	5.1863656
chr11	128030000	128035000	chr11	128830000	128835000	0,0,0	6.2026253	0.99814236	2.8955173	2.9742842	3.7522483	3.6452832	1.3515065	6.289091
chr11	16945000	16950000	chr11	17060000	17065000	0,0,0	10.829661	1.0	5.5532036	3.5886827	5.484838	6.371754	1.964898	9.561694
chr11	2425000	2430000	chr11	2530000	2535000	0,0,0	14.614967	1.0	4.8919005	5.6476912	8.402939	5.7799835	3.4727347	10.800154
chr11	15650000	15655000	chr11	16605000	16610000	0,0,0	5.7960906	0.9997822	2.5338075	4.33075	5.250853	4.5833354	1.6362165	8.432891
chr11	60830000	60835000	chr11	61185000	61190000	0,0,0	15.71229	1.0	5.122274	8.216351	9.310511	5.4384375	2.9434087	12.74186
