chromosome1	x1	x2	chromosome2	y1	y2	color	APScoreAvg	ProbabilityofEnrichment	RegAPScoreAvg	Avg_diffMaxNeihgboor_1	Avg_diffMaxNeihgboor_2	avg	std	value
chr11	122630000	122635000	chr11	122850000	122855000	0,0,0	7.9859724	0.99988663	2.8521328	5.411027	6.4209104	4.27606	1.92742	9.085862
chr11	117820000	117825000	chr11	118055000	118060000	0,0,0	5.8455744	0.9979364	3.0545661	2.5946484	3.3160706	3.8776045	1.1021677	6.183959
chr11	113305000	113310000	chr11	113795000	113800000	0,0,0	5.3028183	0.9955009	2.7214801	2.475813	2.8727274	3.2037165	1.3899931	5.4044394
chr11	33360000	33365000	chr11	33685000	33690000	0,0,0	14.053268	0.9999999	3.8062549	10.546834	13.029529	6.6900463	3.7680624	16.06501
chr11	47175000	47180000	chr11	47355000	47360000	0,0,0	7.8442497	1.0	3.2522213	3.574126	4.0328484	3.1857245	1.5565934	6.3627253
chr11	129115000	129120000	chr11	129330000	129335000	0,0,0	9.901634	0.9999788	4.891262	3.2942822	6.86082	7.8324933	1.9951706	10.760743
chr11	2305000	2310000	chr11	2415000	2420000	0,0,0	9.585118	1.0	3.889815	3.363542	5.905996	5.183056	1.4950562	8.172871
chr11	12330000	12335000	chr11	12960000	12965000	0,0,0	6.1893673	0.9995203	2.6343124	3.4711993	5.123875	4.5576115	1.9279084	7.6431217
chr11	76920000	76925000	chr11	77040000	77045000	0,0,0	6.219581	1.0	2.5105524	3.2650802	4.0707717	3.2185042	1.5901507	6.1207976
chr11	131060000	131065000	chr11	131670000	131675000	0,0,0	6.0317874	1.0	3.05332	2.7457802	3.1381795	3.4060318	1.6471472	5.8467255
chr11	112220000	112225000	chr11	112275000	112280000	0,0,0	5.4130826	1.0	2.1414387	2.6401238	3.6985786	2.9675074	1.0593327	5.3142843
chr11	57565000	57570000	chr11	57640000	57645000	0,0,0	5.7800303	1.0	2.234164	2.4734993	3.1026812	2.3284385	1.0571101	4.5271044
chr11	94620000	94625000	chr11	94895000	94900000	0,0,0	8.675124	0.9999763	3.1812043	6.070091	7.5036306	5.254603	2.4316237	10.650239
chr11	39365000	39370000	chr11	40125000	40130000	0,0,0	4.4169188	1.0	2.1908705	2.232645	2.3506775	2.4181228	1.1454676	4.402696
chr11	122625000	122630000	chr11	123020000	123025000	0,0,0	7.275606	1.0	2.6965852	3.594396	5.046022	3.7638254	1.5903453	6.9588437
chr11	46385000	46390000	chr11	46530000	46535000	0,0,0	7.003285	1.0	2.7019353	3.4123755	5.002874	3.9577687	1.8219988	6.9909916
chr11	15935000	15940000	chr11	16605000	16610000	0,0,0	4.2953873	0.9939156	2.2217546	1.927407	2.885208	3.3893127	1.279137	5.1025634
chr11	35485000	35490000	chr11	36265000	36270000	0,0,0	5.3046618	0.9967017	2.93286	1.3000073	3.3425722	4.5593896	0.88475996	5.714952
chr11	76805000	76810000	chr11	76915000	76920000	0,0,0	5.224348	0.99644053	2.1667829	2.5427318	3.885016	3.3785255	1.4244114	5.6387315
chr11	19905000	19910000	chr11	20350000	20355000	0,0,0	7.4442496	1.0	2.6931796	4.1723833	4.2737675	2.6689107	1.6441654	6.3776956
chr11	117840000	117845000	chr11	117945000	117950000	0,0,0	11.487146	1.0	4.6845765	5.421499	7.4190598	6.1285257	2.1091645	10.947636
chr11	11930000	11935000	chr11	12040000	12045000	0,0,0	6.040534	1.0	2.2497175	3.0594628	3.9837534	2.903227	1.1969357	5.62275
chr11	34510000	34515000	chr11	34890000	34895000	0,0,0	11.412379	0.99999523	5.413895	4.3300395	7.9023147	8.409344	2.088848	12.258268
chr11	86605000	86610000	chr11	86820000	86825000	0,0,0	6.163664	0.9986455	2.774155	3.733007	3.8088198	3.28677	1.6698383	6.604998
chr11	3455000	3460000	chr11	4070000	4075000	0,0,0	14.665164	1.0	4.803561	4.836727	5.540523	3.2754967	1.7442482	7.5748096
chr11	82715000	82720000	chr11	83815000	83820000	0,0,0	5.732454	0.99747556	3.2477915	2.0196497	3.0417054	4.187111	1.1700195	5.9823556
chr11	71085000	71090000	chr11	71340000	71345000	0,0,0	7.731163	1.0	2.9551733	3.009737	3.580427	2.5930645	1.2340901	5.2683864
chr11	56840000	56845000	chr11	57250000	57255000	0,0,0	12.28874	1.0	4.8445687	4.7115397	6.2902756	4.946543	2.3803065	9.134579
chr11	18115000	18120000	chr11	18765000	18770000	0,0,0	4.8447814	0.9980463	2.292951	2.9488368	3.65998	3.61748	1.492949	6.2386684
chr11	12325000	12330000	chr11	13155000	13160000	0,0,0	6.3920336	1.0	3.0697353	2.236817	2.7941604	2.8294477	1.3960356	4.8177295
chr11	59820000	59825000	chr11	59915000	59920000	0,0,0	6.5663953	1.0	2.869579	2.3579216	3.570734	3.303461	1.3618859	5.3993917
chr11	60825000	60830000	chr11	61170000	61175000	0,0,0	14.2546835	1.0	5.7469473	5.434984	6.4893355	5.0415483	2.5777924	9.872645
chr11	95835000	95840000	chr11	96390000	96395000	0,0,0	7.067965	0.99999315	2.813384	6.5032353	7.932365	6.1102276	2.564687	11.890882
chr11	100575000	100580000	chr11	100930000	100935000	0,0,0	9.817968	0.99999934	3.7170527	6.2033052	10.700577	8.701244	2.5507479	14.215293
chr11	121250000	121255000	chr11	121590000	121595000	0,0,0	6.329378	0.99942344	2.3707616	4.507144	5.0358987	3.4528723	2.139458	7.459223
chr11	19560000	19565000	chr11	19900000	19905000	0,0,0	16.121508	1.0	5.711895	6.5368795	10.120136	7.4598837	2.6249416	13.270444
chr11	67080000	67085000	chr11	67315000	67320000	0,0,0	7.2340603	1.0	3.0184827	3.0241408	4.0548754	3.4258273	1.3829833	6.113952
chr11	100680000	100685000	chr11	100930000	100935000	0,0,0	5.5137024	0.99741566	2.5739677	2.6768317	3.6258152	3.5795088	1.2009418	5.9589148
chr11	120335000	120340000	chr11	120430000	120435000	0,0,0	4.615905	0.994527	2.1525853	2.5496798	3.0681973	2.9420812	1.0058284	5.2084627
chr11	69690000	69695000	chr11	69840000	69845000	0,0,0	5.37115	1.0	2.3026419	2.9892612	3.0414493	2.4244814	1.252331	5.0816026
chr11	32320000	32325000	chr11	32790000	32795000	0,0,0	10.201256	1.0	3.733419	4.240501	5.841856	4.2678246	1.9276652	8.037159
chr11	4220000	4225000	chr11	4315000	4320000	0,0,0	11.453207	1.0	2.915671	6.776966	8.03205	3.7813313	3.268421	9.805301
chr11	8225000	8230000	chr11	8565000	8570000	0,0,0	6.1844125	0.9997092	3.045188	3.096731	4.91069	5.3911123	1.9898297	8.143762
chr11	95150000	95155000	chr11	95705000	95710000	0,0,0	7.6965256	0.9999961	3.3199346	5.427745	8.360247	7.6390634	3.4734843	12.463726
chr11	114340000	114345000	chr11	114760000	114765000	0,0,0	12.553698	0.99999905	4.6508527	7.132463	10.098098	7.5517673	2.6877558	13.891735
chr11	34170000	34175000	chr11	34355000	34360000	0,0,0	13.343555	0.99999845	4.2062554	7.852138	10.390288	6.400633	3.2632952	13.380311
chr11	94320000	94325000	chr11	94505000	94510000	0,0,0	6.548692	1.0	2.755082	3.3958485	3.9650466	3.237893	1.5933032	6.256425
chr11	129925000	129930000	chr11	130130000	130135000	0,0,0	6.388965	0.99962276	3.4975452	2.6892498	4.2299857	5.492959	2.005274	7.883404
chr11	9010000	9015000	chr11	9505000	9510000	0,0,0	8.146402	0.99995375	2.935769	5.6553698	7.149215	4.9557734	2.813241	9.982768
chr11	11930000	11935000	chr11	12275000	12280000	0,0,0	5.765553	1.0	2.5007741	2.2135274	3.1230083	2.813039	1.138798	4.780619
chr11	44555000	44560000	chr11	44915000	44920000	0,0,0	4.3122363	1.0	2.3471384	1.320012	1.8913046	2.4097788	0.5900444	3.583123
chr11	5470000	5475000	chr11	5805000	5810000	0,0,0	4.6959777	0.9992971	2.2460349	2.6683502	4.584798	4.8891325	1.3271663	7.260999
chr11	48305000	48310000	chr11	49165000	49170000	0,0,0	5.2920384	0.9994262	2.3930657	3.358843	4.709296	4.4783764	1.4886643	7.464015
chr11	125425000	125430000	chr11	125870000	125875000	0,0,0	6.76458	1.0	2.8887134	2.540082	4.0855794	3.7243605	1.1792005	5.982211
chr11	133080000	133085000	chr11	133835000	133840000	0,0,0	11.008436	0.9999987	3.1976347	9.810076	10.121971	4.8344035	4.03572	13.554471
chr11	13770000	13775000	chr11	13950000	13955000	0,0,0	5.6555476	0.99720985	2.988546	1.7021781	3.4831533	4.369217	1.0016125	5.882264
chr11	124960000	124965000	chr11	125425000	125430000	0,0,0	5.1787934	0.997214	2.4341025	2.5582194	3.5932534	3.6097844	1.3136036	5.883757
chr11	27180000	27185000	chr11	27295000	27300000	0,0,0	5.9828944	1.0	2.2335937	3.374391	3.509349	2.3076217	1.1203564	5.3070807
chr11	90480000	90485000	chr11	91245000	91250000	0,0,0	4.1497116	0.9856619	2.1308084	1.9428579	2.2557535	2.518291	0.72184235	4.245276
chr11	85595000	85600000	chr11	85850000	85855000	0,0,0	5.855982	1.0	2.167787	2.8771849	3.5508108	2.5125782	1.1052713	5.070076
chr11	69130000	69135000	chr11	69420000	69425000	0,0,0	5.047449	1.0	2.2430823	2.3802452	2.635213	2.2906542	1.286244	4.406428
chr11	75895000	75900000	chr11	76150000	76155000	0,0,0	5.724495	0.9986067	2.229761	3.8719196	4.3375216	3.1350482	1.2908561	6.5767546
chr11	32050000	32055000	chr11	32170000	32175000	0,0,0	13.715383	1.0	4.559798	7.56668	9.435501	5.9475207	2.9112313	12.673459
chr11	116730000	116735000	chr11	117115000	117120000	0,0,0	5.9077883	0.99851596	3.3242598	2.9310222	2.9852347	3.9082975	1.3979603	6.5136504
chr11	44930000	44935000	chr11	45335000	45340000	0,0,0	6.5419316	1.0	3.4623115	1.8174884	2.2723482	2.7092452	0.9860078	4.3247905
chr11	78645000	78650000	chr11	79075000	79080000	0,0,0	6.957287	1.0	2.9761484	3.374383	4.0074124	3.3696203	1.5082073	6.369072
chr11	69100000	69105000	chr11	69680000	69685000	0,0,0	17.41044	1.0	7.5470276	7.7358146	9.783885	8.546129	4.240888	15.422409
chr11	101455000	101460000	chr11	101845000	101850000	0,0,0	5.3822618	0.99866974	2.3396032	2.8341436	4.4330773	4.1038184	1.3117987	6.623057
chr11	10515000	10520000	chr11	10730000	10735000	0,0,0	5.3909945	1.0	2.5812092	2.2801547	2.952705	2.9988706	0.8377755	5.025675
chr11	44285000	44290000	chr11	44535000	44540000	0,0,0	11.689303	0.9999984	3.4242709	8.584586	10.44248	5.706545	3.2613497	13.337288
chr11	8005000	8010000	chr11	8095000	8100000	0,0,0	7.395363	1.0	3.5631506	2.8016467	4.0241327	4.2098227	1.0401356	6.700176
chr11	62905000	62910000	chr11	63210000	63215000	0,0,0	10.965826	1.0	4.130746	3.9141557	4.613322	3.2671106	1.6127481	6.74636
chr11	128155000	128160000	chr11	128830000	128835000	0,0,0	7.9438486	0.99983644	3.7273493	4.32864	5.0671515	4.8716993	2.290305	8.719379
chr11	26295000	26300000	chr11	26650000	26655000	0,0,0	8.432242	0.9998121	3.5113595	3.854894	5.8968124	5.154137	1.6875658	8.580709
chr11	76735000	76740000	chr11	76795000	76800000	0,0,0	5.8104243	0.9974723	2.7114105	2.3756158	3.796598	3.8693957	1.1394299	5.981054
chr11	85595000	85600000	chr11	86215000	86220000	0,0,0	5.4821296	1.0	2.8248491	1.7328235	2.4858289	2.8858716	0.8478648	4.4261594
chr11	63475000	63480000	chr11	63635000	63640000	0,0,0	10.829834	0.99999356	4.147582	6.2809315	8.382128	6.3686376	2.6032538	11.951688
chr11	71975000	71980000	chr11	72430000	72435000	0,0,0	7.078788	1.0	2.6944537	3.874892	4.275116	2.9752226	1.6764421	6.419571
chr11	17385000	17390000	chr11	17505000	17510000	0,0,0	7.0995965	1.0	3.4865355	2.2438483	4.0250177	4.4782	1.4594688	6.4727316
chr11	84780000	84785000	chr11	85585000	85590000	0,0,0	7.2413335	0.9994828	3.2990003	2.8459942	5.0146613	5.038088	1.2192632	7.5678606
chr11	94180000	94185000	chr11	94505000	94510000	0,0,0	9.137131	0.9999652	4.1521354	4.7980404	6.3522677	6.000976	2.053622	10.265901
chr11	71085000	71090000	chr11	71420000	71425000	0,0,0	11.866781	1.0	4.1571155	4.5250216	5.8839707	4.002802	1.9865929	8.0250435
chr11	2425000	2430000	chr11	2885000	2890000	0,0,0	13.166091	1.0	5.9034224	3.575236	6.421037	6.345864	1.6481814	9.523851
chr11	114770000	114775000	chr11	115320000	115325000	0,0,0	7.9820213	1.0	3.0521526	3.8799531	4.4612017	3.1842651	1.5035007	6.633113
chr11	76730000	76735000	chr11	77090000	77095000	0,0,0	4.417853	1.0	2.4794068	1.397349	1.7145513	2.2778533	0.9745117	3.519941
chr11	63835000	63840000	chr11	63940000	63945000	0,0,0	10.100419	1.0	3.392904	5.486373	7.2153606	4.7206264	2.7822897	9.597403
chr11	46885000	46890000	chr11	47150000	47155000	0,0,0	10.694313	0.999989	5.0603848	4.9461346	6.922154	7.017191	2.682398	11.413754
chr11	20395000	20400000	chr11	20605000	20610000	0,0,0	8.358037	1.0	3.7641237	1.9053113	3.357872	3.3255603	1.0044833	5.0191703
chr11	1690000	1695000	chr11	2000000	2005000	0,0,0	6.5447083	0.9998801	2.5006256	5.1368957	6.149714	4.4636083	2.3435245	9.029737
chr11	62390000	62395000	chr11	62540000	62545000	0,0,0	6.8505864	0.9992365	2.3492365	4.0466237	5.34657	3.5813653	1.4563961	7.1783643
chr11	79705000	79710000	chr11	81235000	81240000	0,0,0	8.289138	0.9999085	3.0215664	5.557758	6.4557557	4.360108	2.1973429	9.300337
chr11	108115000	108120000	chr11	108655000	108660000	0,0,0	13.489662	1.0	5.3414783	5.9243755	8.644589	7.0318155	2.7753994	12.297927
chr11	118690000	118695000	chr11	118955000	118960000	0,0,0	8.824199	0.9999152	4.2681117	3.3031135	5.912578	6.4400053	1.9269943	9.376106
chr11	86935000	86940000	chr11	87290000	87295000	0,0,0	11.041148	0.999999	3.972854	7.3620157	10.103761	7.236935	3.3110862	13.780949
chr11	34365000	34370000	chr11	34465000	34470000	0,0,0	17.010479	1.0	5.240581	7.1754475	9.155115	5.4084654	2.7055714	11.786641
chr11	119675000	119680000	chr11	120105000	120110000	0,0,0	5.6829634	0.99801433	3.0163653	2.368566	3.3778002	4.1170444	1.055768	6.222436
chr11	64490000	64495000	chr11	64655000	64660000	0,0,0	4.828238	0.9991153	2.3201814	3.646069	3.883639	3.7900057	1.8635722	7.0309553
chr11	27695000	27700000	chr11	29155000	29160000	0,0,0	9.296212	0.9999976	3.4347742	6.06013	9.7218485	7.5568805	2.5688453	12.943663
chr11	86455000	86460000	chr11	86815000	86820000	0,0,0	11.001065	0.9999971	4.3614016	6.519213	8.755267	6.9456835	2.4106662	12.74054
chr11	129790000	129795000	chr11	130130000	130135000	0,0,0	5.708967	1.0	3.3526196	1.5139736	2.659264	3.9514651	0.94058824	5.2972193
chr11	32805000	32810000	chr11	33065000	33070000	0,0,0	4.6330385	1.0	2.3821232	1.7463795	2.5286236	2.928892	1.1375364	4.4812293
chr11	76205000	76210000	chr11	76320000	76325000	0,0,0	5.449469	1.0	2.4510248	2.431723	2.5461679	2.214298	0.9400521	4.3758297
chr11	19565000	19570000	chr11	19740000	19745000	0,0,0	10.866368	0.99998707	4.7061753	5.7586827	7.0900607	6.136008	2.8855417	11.254837
chr11	1640000	1645000	chr11	2145000	2150000	0,0,0	7.8157578	1.0	3.7203267	2.9192734	3.2442856	3.150375	1.4439716	5.7452846
chr11	13210000	13215000	chr11	13340000	13345000	0,0,0	10.960675	1.0	4.608793	4.4376884	7.5725465	6.8687115	2.4862902	10.813323
chr11	95150000	95155000	chr11	96425000	96430000	0,0,0	11.698568	1.0	3.8925676	5.7892575	7.6982794	5.0141244	2.716139	10.160131
chr11	131065000	131070000	chr11	131510000	131515000	0,0,0	6.2104483	0.99938977	2.6416204	3.7321482	4.780478	4.084955	1.9604881	7.40242
chr11	96465000	96470000	chr11	99015000	99020000	0,0,0	15.2203	1.0	6.1888595	3.9304047	5.9332705	5.0253196	2.5566711	8.519012
chr11	26750000	26755000	chr11	27155000	27160000	0,0,0	12.310144	0.9999997	4.4651885	8.728027	10.665562	7.335579	3.47952	15.093825
chr11	101860000	101865000	chr11	102005000	102010000	0,0,0	7.2219567	1.0	3.546111	2.828414	3.4649878	3.621012	1.3714907	6.1351576
chr11	59170000	59175000	chr11	59425000	59430000	0,0,0	10.960794	1.0	4.257111	4.814561	6.1450624	4.6697845	2.1975791	8.949394
chr11	86455000	86460000	chr11	86605000	86610000	0,0,0	7.141668	0.9994985	2.639423	4.564549	5.202626	3.5412743	1.7721676	7.5986514
chr11	12330000	12335000	chr11	12890000	12895000	0,0,0	7.974103	0.99995416	3.590382	4.7584515	6.203453	5.7620206	1.9275787	9.991755
chr11	7570000	7575000	chr11	7660000	7665000	0,0,0	6.901398	0.9994679	3.480455	2.6498501	4.514507	5.184064	1.8010613	7.539486
chr11	129360000	129365000	chr11	129750000	129755000	0,0,0	10.092364	0.9999981	4.6422663	4.858941	8.671088	8.836624	3.2458344	13.1556835
chr11	122215000	122220000	chr11	122505000	122510000	0,0,0	7.281194	1.0	3.173991	3.234932	4.6660666	4.253696	1.5061849	7.129191
chr11	62215000	62220000	chr11	62375000	62380000	0,0,0	6.3899484	0.99932295	2.4877105	3.3948622	5.266768	4.280864	1.6940928	7.298519
chr11	128165000	128170000	chr11	128775000	128780000	0,0,0	4.8504634	0.9990062	2.2329857	3.6255772	4.0175242	3.6919446	1.5142238	6.91468
chr11	65880000	65885000	chr11	65985000	65990000	0,0,0	4.368845	0.99123484	2.1908183	2.2968564	2.5418751	2.6958091	1.2140082	4.737459
chr11	116790000	116795000	chr11	117100000	117105000	0,0,0	5.344217	0.99962574	2.2877896	3.4478874	5.3278384	4.8265166	1.7307811	7.8913054
chr11	44555000	44560000	chr11	44615000	44620000	0,0,0	5.83872	1.0	2.2952576	2.7903056	3.5449157	2.7293093	1.2630922	5.209581
chr11	66405000	66410000	chr11	66830000	66835000	0,0,0	6.1923394	1.0	3.655259	1.9761944	2.5403032	3.75499	1.5989354	5.511607
chr11	130435000	130440000	chr11	130825000	130830000	0,0,0	6.3742213	0.99998266	3.2850895	3.5442865	6.530656	7.814187	1.597706	10.9646635
chr11	70465000	70470000	chr11	70755000	70760000	0,0,0	9.163708	1.0	4.393746	3.86104	4.4405847	4.4013762	2.0467792	7.833412
chr11	57345000	57350000	chr11	57640000	57645000	0,0,0	8.362372	1.0	3.7853997	2.6635704	3.7200336	3.5395436	1.2005951	5.9071617
chr11	122100000	122105000	chr11	122200000	122205000	0,0,0	4.890421	1.0	2.662197	1.9109406	2.2843761	2.8522294	1.2505463	4.5508432
chr11	19950000	19955000	chr11	20130000	20135000	0,0,0	11.711082	1.0	4.384803	6.2919283	7.5654125	5.3653636	2.3424714	10.958189
chr11	4185000	4190000	chr11	4490000	4495000	0,0,0	6.702267	0.99991906	2.781752	5.11295	6.055701	4.87777	2.1689303	9.422614
chr11	65710000	65715000	chr11	65815000	65820000	0,0,0	4.682	0.9946332	2.7117755	2.244728	2.3151538	3.2327466	1.1175011	5.2280607
chr11	57115000	57120000	chr11	57250000	57255000	0,0,0	9.756609	1.0	4.178181	3.6674845	5.3473325	4.778171	1.6741059	8.038157
chr11	113305000	113310000	chr11	113725000	113730000	0,0,0	13.167792	1.0	4.7448883	5.3425174	7.2062454	5.1338577	1.9522228	9.882762
chr11	120235000	120240000	chr11	120300000	120305000	0,0,0	6.8444347	1.0	2.6458125	3.6142554	4.7111316	3.587853	1.7038186	6.800524
chr11	45345000	45350000	chr11	45775000	45780000	0,0,0	5.4908032	0.99657214	2.8799434	2.408692	3.013019	3.5353475	1.1147388	5.676407
chr11	27295000	27300000	chr11	27485000	27490000	0,0,0	4.622528	1.0	2.2083254	2.1861753	2.6772077	2.6769376	1.1630117	4.6202044
chr11	13770000	13775000	chr11	14040000	14045000	0,0,0	4.697681	1.0	2.3940773	1.9647771	2.4019086	2.6704998	1.037859	4.4169683
chr11	77195000	77200000	chr11	77545000	77550000	0,0,0	8.216517	0.9999953	3.519145	5.9547014	7.9772525	6.970291	2.4739847	12.263359
chr11	46245000	46250000	chr11	46310000	46315000	0,0,0	6.1516237	1.0	3.3582945	1.8869786	3.1461122	4.0867476	1.0777038	5.764062
chr11	102015000	102020000	chr11	102250000	102255000	0,0,0	4.4972043	1.0	2.1255226	2.1289504	2.276341	2.1619267	0.75801593	4.054327
chr11	59825000	59830000	chr11	60125000	60130000	0,0,0	6.350522	1.0	3.1941242	2.276394	3.1811037	3.5382845	1.1718341	5.5617456
chr11	7095000	7100000	chr11	7690000	7695000	0,0,0	5.576316	0.99809015	2.9828553	2.093763	3.5032375	4.4002633	1.4745188	6.2613864
chr11	102495000	102500000	chr11	102610000	102615000	0,0,0	5.066555	1.0	2.4283893	2.5579805	2.81791	2.7617798	1.2584219	5.03554
chr11	111600000	111605000	chr11	111775000	111780000	0,0,0	6.9014177	0.999953	3.4273765	4.434312	5.621463	6.0244365	1.9155933	9.966047
chr11	3455000	3460000	chr11	3840000	3845000	0,0,0	6.852208	1.0	2.988081	2.8840165	3.3653347	2.8923025	1.2490752	5.4558725
chr11	93235000	93240000	chr11	93650000	93655000	0,0,0	10.306709	1.0	4.4134326	4.3923607	6.8879075	6.263421	2.6555793	10.167742
chr11	12960000	12965000	chr11	13180000	13185000	0,0,0	6.873608	0.9998175	3.4310899	3.1349695	5.1698723	5.822863	1.5100123	8.609503
chr11	75440000	75445000	chr11	75530000	75535000	0,0,0	10.068032	1.0	4.102347	4.7954836	6.5758553	5.4297366	2.4578032	9.692389
chr11	6375000	6380000	chr11	6500000	6505000	0,0,0	4.466045	1.0	2.3619804	1.4755124	2.2201793	2.7066438	1.0882536	4.0182104
chr11	8190000	8195000	chr11	8565000	8570000	0,0,0	4.8630753	0.99787	2.4263804	2.3977363	3.6177914	4.020955	1.5272884	6.152276
chr11	9755000	9760000	chr11	9970000	9975000	0,0,0	9.622713	0.9999494	2.9888537	6.298222	7.506721	4.2939105	2.211761	9.89233
chr11	75020000	75025000	chr11	75245000	75250000	0,0,0	7.9903326	1.0	3.1624897	3.7701764	5.288316	4.247041	1.3510153	7.598309
chr11	6020000	6025000	chr11	6355000	6360000	0,0,0	4.8644595	1.0	2.8840117	1.3066574	2.3792195	3.605678	0.8157303	4.7671514
chr11	20125000	20130000	chr11	20350000	20355000	0,0,0	6.898911	1.0	3.600548	2.1494887	3.9697585	4.8420887	1.4990774	6.7527456
chr11	6530000	6535000	chr11	6705000	6710000	0,0,0	6.169803	1.0	2.1490495	3.7497787	4.1143804	2.5487642	1.2394146	5.881901
chr11	104605000	104610000	chr11	105860000	105865000	0,0,0	5.270556	0.9968554	2.8652902	2.2144046	3.0019197	3.794292	1.2202737	5.7626514
chr11	87350000	87355000	chr11	87420000	87425000	0,0,0	4.212688	1.0	2.2336311	1.0625229	2.0854225	2.6203115	0.506059	3.5647764
chr11	27180000	27185000	chr11	27485000	27490000	0,0,0	14.875657	1.0	8.01622	4.412247	7.8063774	9.974657	3.287216	13.896655
chr11	33855000	33860000	chr11	33970000	33975000	0,0,0	6.098525	0.9980034	3.215755	2.410314	3.3866472	4.074461	0.9540411	6.2169623
chr11	74450000	74455000	chr11	74565000	74570000	0,0,0	9.755241	0.99996346	3.6685665	4.475415	7.7237496	6.2397327	2.8232024	10.217879
chr11	65365000	65370000	chr11	65510000	65515000	0,0,0	7.9345975	0.99987805	3.4621613	4.188324	5.8436522	5.2898846	1.7141179	9.012839
chr11	122790000	122795000	chr11	122855000	122860000	0,0,0	4.3162513	0.9912067	2.168201	1.8394763	2.761634	3.0991688	1.3017322	4.7342587
chr11	45365000	45370000	chr11	45750000	45755000	0,0,0	6.2645802	0.9986054	2.353735	4.0136976	4.407439	3.0080867	1.6995183	6.575818
chr11	75130000	75135000	chr11	75250000	75255000	0,0,0	5.990117	1.0	2.7497773	2.5760098	2.985115	2.7657807	1.0521797	5.0555673
chr11	33855000	33860000	chr11	34360000	34365000	0,0,0	7.412333	0.99974924	2.500857	4.818988	6.175242	4.008274	2.3755713	8.291819
chr11	88015000	88020000	chr11	88540000	88545000	0,0,0	5.8559446	0.9995393	2.865041	3.179784	4.5419297	4.8571124	1.6716814	7.683587
chr11	5205000	5210000	chr11	5805000	5810000	0,0,0	4.222938	0.99308276	2.2899687	1.8678718	2.623677	3.313928	1.1619748	4.9742584
chr11	840000	845000	chr11	1050000	1055000	0,0,0	13.631048	1.0	4.163945	5.2380114	5.7575083	3.06289	1.7936246	7.7189007
chr11	85590000	85595000	chr11	86290000	86295000	0,0,0	6.573841	1.0	2.6904006	3.6302803	4.2511477	3.3452055	1.6026266	6.572121
chr11	72725000	72730000	chr11	72790000	72795000	0,0,0	4.3754697	0.9901054	2.1104875	2.22363	2.6219676	2.6396856	1.0010961	4.6162453
chr11	15645000	15650000	chr11	16615000	16620000	0,0,0	7.1825533	0.9997931	2.821044	5.0946856	5.5024114	3.955469	1.7137896	8.484078
chr11	62395000	62400000	chr11	62690000	62695000	0,0,0	11.198908	1.0	4.5204167	3.9526334	4.731223	3.6850226	1.6036394	7.1984744
chr11	6020000	6025000	chr11	6315000	6320000	0,0,0	6.450335	0.9991591	2.8772817	2.942008	4.6584067	4.4666467	1.4823921	7.081765
chr11	17595000	17600000	chr11	17975000	17980000	0,0,0	7.7759285	1.0	2.8576808	3.7486658	4.50929	3.1272066	1.6838003	6.459354
chr11	118195000	118200000	chr11	118485000	118490000	0,0,0	7.997995	0.999961	2.1654477	7.6134415	7.7619104	3.3852727	2.5133398	10.152776
chr11	1690000	1695000	chr11	1830000	1835000	0,0,0	10.397431	0.9999926	2.7666452	8.507554	9.300058	4.257225	3.0256813	11.819495
chr11	115335000	115340000	chr11	115500000	115505000	0,0,0	5.741989	1.0	2.8058817	2.1800518	3.4476018	3.741534	0.8649127	5.6793575
chr11	5120000	5125000	chr11	5380000	5385000	0,0,0	5.5392246	0.9995699	2.30799	3.7002237	5.2158055	4.4631844	1.9097593	7.752272
chr11	95765000	95770000	chr11	96425000	96430000	0,0,0	4.598764	0.99820644	2.54724	2.464188	3.1761122	4.133823	1.5234832	6.3242126
chr11	82865000	82870000	chr11	83810000	83815000	0,0,0	6.1618295	0.99971217	3.0505407	3.8046927	4.530757	4.7720356	1.9403646	8.153984
chr11	43885000	43890000	chr11	44035000	44040000	0,0,0	6.4303026	1.0	2.343704	3.3387094	3.7985458	2.5386872	1.357924	5.5064287
chr11	123110000	123115000	chr11	123245000	123250000	0,0,0	13.561612	1.0	5.6132903	5.404598	7.044681	5.839448	2.343107	10.643536
chr11	71115000	71120000	chr11	71415000	71420000	0,0,0	5.0369	0.99830985	2.650123	2.1730013	3.6399446	4.4520493	1.3004669	6.383606
chr11	59540000	59545000	chr11	59800000	59805000	0,0,0	6.807213	1.0	3.4581654	2.6040134	2.8817413	3.1277595	1.5199488	5.442438
chr11	129115000	129120000	chr11	129745000	129750000	0,0,0	7.001503	0.9994056	2.7215066	4.0684133	5.0614214	3.812433	1.7045977	7.4288
chr11	7890000	7895000	chr11	7985000	7990000	0,0,0	6.7034683	1.0	3.5449994	1.8189535	3.5987742	4.5068116	1.1034888	6.123659
chr11	118195000	118200000	chr11	118290000	118295000	0,0,0	10.519044	0.9999934	3.2979038	6.5077147	9.537722	6.14081	2.8583002	11.925446
chr11	45110000	45115000	chr11	45330000	45335000	0,0,0	9.509197	1.0	4.613444	3.337593	5.5841765	6.049383	1.7686089	9.016133
chr11	83835000	83840000	chr11	84520000	84525000	0,0,0	5.1631556	1.0	2.78164	2.0361376	2.1142776	2.5363178	0.92822325	4.346218
chr11	86635000	86640000	chr11	86800000	86805000	0,0,0	5.0585775	0.99674785	2.6156588	2.742005	2.9519696	3.291702	1.2153583	5.7290397
chr11	61475000	61480000	chr11	61635000	61640000	0,0,0	10.360345	1.0	4.49558	4.248057	6.155993	5.585225	2.1476312	9.361276
chr11	122630000	122635000	chr11	122780000	122785000	0,0,0	7.2788043	0.99989027	3.1946218	4.3777256	5.8055882	5.227192	1.9154247	9.118504
chr11	66695000	66700000	chr11	66830000	66835000	0,0,0	10.50602	1.0	4.7842975	3.6723027	6.9160585	7.0208454	1.9611613	10.285114
chr11	27700000	27705000	chr11	28700000	28705000	0,0,0	4.5799756	0.9970402	2.2379696	2.7009096	3.302297	3.422437	1.3223466	5.8232455
chr11	124070000	124075000	chr11	124195000	124200000	0,0,0	4.9158854	1.0	2.4206321	2.2668104	2.6924477	2.8089237	1.0288287	4.8238664
chr11	125560000	125565000	chr11	125875000	125880000	0,0,0	6.6324506	1.0	3.0681548	2.7849274	3.4278862	3.2651293	1.231283	5.74062
chr11	128025000	128030000	chr11	128820000	128825000	0,0,0	8.636795	1.0	3.4010508	3.864765	4.0660563	2.897404	1.4261041	6.332751
chr11	10930000	10935000	chr11	11020000	11025000	0,0,0	6.090446	1.0	2.9087596	2.3644166	2.8041859	2.78203	1.1188322	4.8837337
chr11	110200000	110205000	chr11	110430000	110435000	0,0,0	9.203872	1.0	3.34447	4.483223	6.567283	4.870527	1.5769829	8.855614
chr11	68250000	68255000	chr11	68440000	68445000	0,0,0	5.621793	0.9973502	2.7932014	3.038868	3.1455941	3.2326667	1.7797654	5.9338827
chr11	35615000	35620000	chr11	36260000	36265000	0,0,0	13.1719	0.99999976	4.3708525	9.042438	11.391024	7.203698	4.084839	15.24142
chr11	67860000	67865000	chr11	67950000	67955000	0,0,0	7.1893363	0.99945176	2.652236	3.9300628	5.439965	4.016184	1.6141533	7.509573
chr11	6375000	6380000	chr11	6690000	6695000	0,0,0	5.3454595	1.0	2.6913047	1.9403265	2.7716916	3.098359	0.915107	4.823094
chr11	77190000	77195000	chr11	77615000	77620000	0,0,0	5.1945786	0.99959314	2.5295193	2.256409	5.130833	5.802145	1.6062014	7.807842
chr11	128885000	128890000	chr11	128955000	128960000	0,0,0	8.653688	1.0	3.8003485	2.6884005	3.7157364	3.3844285	1.3711398	5.7741175
chr11	14790000	14795000	chr11	15075000	15080000	0,0,0	4.896459	0.9946741	2.6781309	1.8437318	2.7844296	3.5968466	1.0280172	5.235719
chr11	122860000	122865000	chr11	123020000	123025000	0,0,0	11.619567	1.0	4.3659844	4.8377204	7.208235	5.569701	1.811212	9.869897
chr11	33170000	33175000	chr11	33325000	33330000	0,0,0	6.2172527	1.0	3.1234024	2.5535772	3.1750736	3.4557524	1.502281	5.725599
chr11	129370000	129375000	chr11	129640000	129645000	0,0,0	4.6130877	0.997409	2.255624	2.5787308	3.4667397	3.664115	1.059294	5.9563203
chr11	27695000	27700000	chr11	29330000	29335000	0,0,0	9.735388	0.9999847	4.6791906	3.7821057	7.1073794	7.7267118	1.9389086	11.088584
chr11	31235000	31240000	chr11	32175000	32180000	0,0,0	7.8182163	0.9996721	3.3076198	4.30041	5.0828357	4.2011113	2.1101787	8.023698
chr11	10625000	10630000	chr11	10730000	10735000	0,0,0	4.8478303	1.0	2.670589	1.4067369	2.4478874	3.2401683	0.7800784	4.490601
chr11	120175000	120180000	chr11	120300000	120305000	0,0,0	8.232939	1.0	3.6792915	2.389069	3.7187974	3.5616603	1.2388749	5.685277
chr11	85940000	85945000	chr11	86290000	86295000	0,0,0	4.2317643	0.99807954	2.3318691	1.5670443	3.6049595	4.862919	0.9137929	6.255847
chr11	81645000	81650000	chr11	82695000	82700000	0,0,0	8.732426	1.0	4.782369	2.8366601	4.530586	5.8953714	1.7433919	8.416847
chr11	47370000	47375000	chr11	47850000	47855000	0,0,0	15.669774	1.0	5.584705	5.3453116	7.718653	5.581793	2.1800854	10.333181
chr11	113305000	113310000	chr11	113530000	113535000	0,0,0	8.374413	0.99984896	3.269838	4.793659	5.983471	4.53799	1.8038632	8.799021
chr11	13770000	13775000	chr11	14245000	14250000	0,0,0	13.15583	0.99999964	4.680676	7.931639	10.896685	7.714967	2.991831	14.765312
chr11	32385000	32390000	chr11	32790000	32795000	0,0,0	5.2515044	1.0	2.3647509	2.5408118	3.1032403	2.8336093	1.0651203	5.0921087
chr11	78415000	78420000	chr11	78560000	78565000	0,0,0	5.2470765	1.0	2.2048168	2.614454	3.4410324	2.9172986	1.1681323	5.2412577
chr11	73180000	73185000	chr11	73245000	73250000	0,0,0	5.244207	0.99598455	2.3054698	2.979402	3.3419607	2.869818	1.4096872	5.5181756
chr11	111280000	111285000	chr11	111440000	111445000	0,0,0	8.103935	1.0	3.9769273	3.4158528	4.3360615	4.559323	1.7893484	7.5956364
chr11	121655000	121660000	chr11	122505000	122510000	0,0,0	8.304801	0.999986	4.422514	3.6253638	6.352069	7.955465	1.8680196	11.17801
chr11	108220000	108225000	chr11	108660000	108665000	0,0,0	7.3714566	1.0	3.2142155	3.079699	4.2595806	3.8438158	1.6871165	6.581326
chr11	110200000	110205000	chr11	110365000	110370000	0,0,0	11.747582	0.99999595	5.350662	5.224772	7.9561315	7.77719	2.1979544	12.421432
chr11	61795000	61800000	chr11	62105000	62110000	0,0,0	5.5831547	0.9992365	2.1834283	3.3428562	5.1584396	4.2069774	2.0005977	7.1784053
chr11	27685000	27690000	chr11	29010000	29015000	0,0,0	4.7190833	0.996247	2.2956145	2.894457	3.0348947	3.0129309	1.3748424	5.5857816
chr11	130430000	130435000	chr11	130860000	130865000	0,0,0	16.671825	1.0	6.3450975	11.152367	18.259874	14.715107	5.289526	24.62832
chr11	47935000	47940000	chr11	48105000	48110000	0,0,0	10.60292	0.9999929	5.1383286	4.962846	7.0670915	7.445822	2.7364912	11.857241
chr11	75895000	75900000	chr11	76315000	76320000	0,0,0	8.696551	0.9999091	3.389689	4.6944427	6.526285	5.133621	2.7248406	9.306459
chr11	13770000	13775000	chr11	14145000	14150000	0,0,0	5.916915	0.9995039	2.2402918	4.182783	5.2967315	3.8915439	1.8758607	7.6095734
chr11	31105000	31110000	chr11	31230000	31235000	0,0,0	4.3799767	1.0	2.136721	1.4419448	2.751481	3.0574694	0.82163286	4.339198
chr11	16785000	16790000	chr11	17060000	17065000	0,0,0	8.287135	1.0	3.0158389	4.5168524	5.105945	3.3947546	1.6466713	7.4097347
chr11	2035000	2040000	chr11	2150000	2155000	0,0,0	21.44815	1.0	6.9026136	9.295274	11.569085	7.0414686	3.287684	15.303935
chr11	30345000	30350000	chr11	30915000	30920000	0,0,0	10.310497	0.9999708	4.719856	3.885726	6.9049215	6.989195	2.2533104	10.443173
chr11	85855000	85860000	chr11	86215000	86220000	0,0,0	5.2916102	0.99872744	2.3456104	3.439891	4.079965	3.6097174	1.3990816	6.6673985
chr11	109945000	109950000	chr11	110375000	110380000	0,0,0	7.0098076	1.0	2.795062	3.9037652	4.4849153	3.3814704	1.3320327	6.851484
chr11	101425000	101430000	chr11	101845000	101850000	0,0,0	7.0049825	0.99968225	2.4208748	4.926967	5.7728624	3.6754968	1.7739031	8.055023
chr11	62905000	62910000	chr11	63020000	63025000	0,0,0	22.524149	1.0	6.779331	9.503068	11.675441	6.592846	4.1213083	15.040017
chr11	108415000	108420000	chr11	108650000	108655000	0,0,0	7.7035613	0.99972665	3.8275597	3.1943755	4.853828	5.3662553	1.8197829	8.2057
chr11	94625000	94630000	chr11	94760000	94765000	0,0,0	4.1952972	0.98954237	2.1151524	1.9437847	2.5615757	2.833089	1.1651292	4.560898
chr11	9165000	9170000	chr11	9505000	9510000	0,0,0	4.908192	0.9975053	2.3538551	2.8634038	3.4425504	3.4489536	1.4615452	5.9942017
chr11	34585000	34590000	chr11	34890000	34895000	0,0,0	20.397638	1.0	7.591549	11.331741	17.095514	13.13023	5.099064	23.202888
chr11	89670000	89675000	chr11	90110000	90115000	0,0,0	5.0905476	0.9959291	2.724516	1.606755	3.1941476	4.0762386	1.2498139	5.504465
chr11	61960000	61965000	chr11	62045000	62050000	0,0,0	5.410272	0.9997627	2.6069715	2.9995818	5.2579384	5.6807003	1.5741332	8.346995
chr11	95835000	95840000	chr11	96425000	96430000	0,0,0	5.7165837	0.9997667	2.6526835	3.879228	5.0649285	4.915945	1.8240191	8.364148
chr11	26285000	26290000	chr11	27155000	27160000	0,0,0	8.001713	1.0	3.5959713	3.5020218	4.2499146	3.86238	1.5868917	6.9752884
chr11	13955000	13960000	chr11	14145000	14150000	0,0,0	6.807678	0.9996356	2.99293	3.710691	5.077347	4.6196003	1.6404706	7.917992
chr11	102285000	102290000	chr11	102495000	102500000	0,0,0	4.751795	0.9931002	2.4122863	1.7645757	2.9462771	3.4082744	0.88249564	4.976786
chr11	123580000	123585000	chr11	123705000	123710000	0,0,0	5.4170623	1.0	2.6576848	1.9560666	2.2167468	2.2752397	0.9100352	4.0139656
chr11	76730000	76735000	chr11	77045000	77050000	0,0,0	9.0370245	1.0	3.0417411	5.0654325	6.3218436	4.0394564	2.5105448	8.542063
chr11	113990000	113995000	chr11	114260000	114265000	0,0,0	10.436218	0.9999985	3.5105894	8.048936	9.874109	6.2493854	3.7753847	13.4039955
chr11	114280000	114285000	chr11	114760000	114765000	0,0,0	6.7392287	1.0	3.004512	2.8343334	4.1142664	3.868671	1.7644296	6.388078
chr11	67660000	67665000	chr11	67790000	67795000	0,0,0	6.2497654	1.0	2.8040223	2.9878976	3.0242238	2.588827	1.3186471	5.244736
chr11	113895000	113900000	chr11	114260000	114265000	0,0,0	8.990494	0.9999378	3.9799747	4.201722	6.3334126	5.9507804	1.542263	9.685644
chr11	112110000	112115000	chr11	112175000	112180000	0,0,0	6.172729	0.9986551	2.6684983	3.1878653	4.2711496	3.77843	1.4735079	6.612088
chr11	107575000	107580000	chr11	107685000	107690000	0,0,0	6.1463823	1.0	2.7326264	2.982357	3.762425	3.402765	1.415883	6.053749
chr11	109945000	109950000	chr11	110195000	110200000	0,0,0	6.3207645	1.0	2.4751751	3.2100024	4.119901	3.1688583	1.2012615	6.0221934
chr11	72830000	72835000	chr11	73175000	73180000	0,0,0	9.31191	0.99998814	4.0314975	5.584936	7.2596955	6.380766	2.5187972	11.345154
chr11	124665000	124670000	chr11	124835000	124840000	0,0,0	8.149958	0.9998692	3.491337	4.5980473	5.688545	4.85604	1.612628	8.943193
chr11	75280000	75285000	chr11	75380000	75385000	0,0,0	12.532742	1.0	4.7679143	4.5605297	7.1113935	5.647643	2.7660341	9.7014475
chr11	86670000	86675000	chr11	86805000	86810000	0,0,0	5.2473693	0.9950701	3.3980236	1.689912	2.0807822	3.810845	1.1560996	5.3129888
chr11	102345000	102350000	chr11	102495000	102500000	0,0,0	4.6874957	0.9979738	2.416151	2.60132	3.3951476	3.8899486	1.1930848	6.2022333
chr11	3850000	3855000	chr11	4070000	4075000	0,0,0	16.599258	1.0	6.186267	9.110602	13.611691	10.4359865	4.181286	18.5343
chr11	44130000	44135000	chr11	44535000	44540000	0,0,0	6.0481515	0.99884206	3.092434	2.8377693	3.7443867	4.2393756	1.4771414	6.761837
chr11	3455000	3460000	chr11	3605000	3610000	0,0,0	6.1236787	0.9978892	3.412913	2.3746958	3.0742707	4.050497	0.91019505	6.161338
chr11	11800000	11805000	chr11	12280000	12285000	0,0,0	9.841674	1.0	4.737708	2.4636593	2.5913687	2.528191	1.1380639	4.71811
chr11	93895000	93900000	chr11	94505000	94510000	0,0,0	7.4424562	0.9998562	3.8108308	3.2767096	5.1075225	5.935136	2.1117885	8.847767
chr11	85690000	85695000	chr11	85820000	85825000	0,0,0	4.1688476	0.98851293	2.3900306	1.7426149	2.1068728	2.9180067	0.742524	4.4669976
chr11	121655000	121660000	chr11	122200000	122205000	0,0,0	9.34308	1.0	3.857401	4.1205254	5.4853983	4.5623307	1.4758455	8.225019
chr11	116875000	116880000	chr11	117105000	117110000	0,0,0	5.0730877	0.99908465	2.8038235	2.1693494	3.805684	5.068628	1.3147503	6.996938
chr11	62420000	62425000	chr11	62560000	62565000	0,0,0	8.756875	1.0	2.846749	5.3326263	6.136033	3.6068954	1.972759	8.347008
chr11	44935000	44940000	chr11	45100000	45105000	0,0,0	14.900878	1.0	6.837548	6.049762	8.300636	8.017211	2.9848428	13.394777
chr11	2530000	2535000	chr11	2885000	2890000	0,0,0	18.581223	1.0	5.089117	13.600714	15.687948	7.731735	4.8819447	19.821259
chr11	45110000	45115000	chr11	45290000	45295000	0,0,0	9.339199	1.0	3.9714315	4.3877153	5.921771	5.1366787	1.9242929	9.036871
chr11	112285000	112290000	chr11	112555000	112560000	0,0,0	7.2427135	1.0	3.3609767	2.8376637	4.4228816	4.453455	1.8473513	6.9758224
chr11	32960000	32965000	chr11	33065000	33070000	0,0,0	5.3491774	0.99669045	2.2970276	2.9544725	3.6147995	3.085333	1.0121163	5.7115307
chr11	60360000	60365000	chr11	60480000	60485000	0,0,0	5.4632173	0.9977112	2.8411443	2.0377166	3.5409224	4.269034	1.1826234	6.0803375
chr11	14905000	14910000	chr11	15075000	15080000	0,0,0	8.046239	0.999768	3.3055944	4.1772375	5.616521	4.6567187	2.1791494	8.369819
chr11	15100000	15105000	chr11	15210000	15215000	0,0,0	9.6346445	1.0	3.4769914	4.876814	6.6902637	4.806355	2.384478	9.141301
chr11	124400000	124405000	chr11	124585000	124590000	0,0,0	6.353709	1.0	2.9684546	2.484532	3.6556478	3.6749103	1.4769899	5.8833833
chr11	95055000	95060000	chr11	95765000	95770000	0,0,0	4.8591986	0.9965197	2.2173514	3.0383403	3.2900293	2.9604692	1.4735042	5.6612163
chr11	65415000	65420000	chr11	65510000	65515000	0,0,0	5.7378855	0.9994252	2.295828	3.7834377	5.10273	4.0991497	1.9467108	7.462206
chr11	1650000	1655000	chr11	2000000	2005000	0,0,0	7.8521633	0.9999973	2.984719	6.034783	9.408889	7.4652405	2.7016673	12.829492
chr11	42770000	42775000	chr11	43275000	43280000	0,0,0	8.210465	1.0	3.7073562	3.2641904	4.836465	4.646689	2.1390512	7.5481915
chr11	128170000	128175000	chr11	128625000	128630000	0,0,0	11.6081915	0.9999995	3.8243265	8.723295	10.928672	6.8396716	3.718712	14.593712
chr11	22335000	22340000	chr11	22785000	22790000	0,0,0	7.8133297	1.0	3.9113526	3.0615697	4.3858786	4.8610325	1.5277339	7.5824275
chr11	11035000	11040000	chr11	11785000	11790000	0,0,0	11.182609	1.0	4.6860957	9.017168	12.066202	10.244318	3.8358066	18.259579
chr11	2195000	2200000	chr11	2295000	2300000	0,0,0	9.105699	1.0	4.0711193	3.8644972	5.4418483	5.100588	1.7649773	8.535696
chr11	117425000	117430000	chr11	117810000	117815000	0,0,0	7.0686903	0.9993851	3.5127954	3.1088152	4.2580285	4.63144	1.4429181	7.3948307
chr11	71600000	71605000	chr11	71745000	71750000	0,0,0	6.4825196	0.9987596	2.496318	3.9693701	4.446041	3.164728	1.4679548	6.693057
chr11	15850000	15855000	chr11	16610000	16615000	0,0,0	7.0031114	0.9999715	3.3399072	4.749788	6.179405	6.244293	2.379979	10.466327
chr11	4185000	4190000	chr11	4550000	4555000	0,0,0	9.973943	0.9999992	3.9590342	7.8717184	9.356374	7.1093035	3.2750437	14.106386
chr11	128290000	128295000	chr11	128630000	128635000	0,0,0	5.216707	0.9988919	2.6247191	2.8112693	3.8780446	4.3069057	1.511162	6.805812
chr11	25980000	25985000	chr11	26275000	26280000	0,0,0	9.715146	1.0	3.425999	4.8838925	6.843158	4.838374	2.0133817	9.179612
chr11	14905000	14910000	chr11	15205000	15210000	0,0,0	4.9337544	0.9941058	2.6139731	2.4477992	2.5481093	2.958501	1.2901475	5.1343226
chr11	108005000	108010000	chr11	108655000	108660000	0,0,0	10.618544	1.0	3.9966695	4.331065	5.4443483	3.9599996	2.1008236	7.809835
chr11	100575000	100580000	chr11	100855000	100860000	0,0,0	6.869621	0.99987864	3.052325	4.250142	5.704405	5.239668	2.237175	9.017571
chr11	34925000	34930000	chr11	35390000	35395000	0,0,0	20.461977	1.0	7.636896	13.209848	16.090664	11.432334	5.68183	23.174421
chr11	44620000	44625000	chr11	44910000	44915000	0,0,0	13.195295	1.0	5.1560135	6.3900123	8.993452	7.123545	2.97801	12.803556
chr11	13955000	13960000	chr11	14245000	14250000	0,0,0	7.735231	0.9997618	4.1477027	2.7881348	4.65216	5.865043	1.7570677	8.343386
chr11	16815000	16820000	chr11	16935000	16940000	0,0,0	4.799806	1.0	2.2162516	2.1174622	2.5877502	2.4535196	1.2187061	4.335708
chr11	95150000	95155000	chr11	95760000	95765000	0,0,0	7.8592067	0.9999901	3.6956048	4.2648497	7.406086	7.732143	2.5707343	11.52312
chr11	11795000	11800000	chr11	12040000	12045000	0,0,0	9.625284	1.0	3.8788505	3.4660025	4.899016	4.0286374	1.8866836	7.109528
chr11	121315000	121320000	chr11	121590000	121595000	0,0,0	9.307094	0.99997556	4.828782	4.0212054	5.97406	7.045885	2.2298589	10.62029
chr11	74385000	74390000	chr11	74445000	74450000	0,0,0	4.5305257	0.9952976	2.1502929	2.0404193	3.380022	3.5465393	1.1625829	5.360245
chr11	12960000	12965000	chr11	13150000	13155000	0,0,0	9.611732	0.9999975	3.5162508	7.592128	8.98677	6.1517715	3.1298304	12.90033
chr11	12600000	12605000	chr11	12895000	12900000	0,0,0	5.389744	0.9994205	2.579026	3.7895336	4.1791515	4.085705	1.6544368	7.4541793
chr11	89095000	89100000	chr11	89615000	89620000	0,0,0	5.4982796	1.0	2.631757	1.7021427	2.9096124	3.1035414	1.0094049	4.616557
chr11	57640000	57645000	chr11	58510000	58515000	0,0,0	6.3009944	0.99904877	2.5922499	3.847297	4.475966	3.5386858	1.8104907	6.958505
chr11	106155000	106160000	chr11	107035000	107040000	0,0,0	6.0132065	0.99950355	2.3648777	4.387107	5.019572	3.709139	1.6736276	7.60879
chr11	44725000	44730000	chr11	44895000	44900000	0,0,0	7.2081842	1.0	3.1777623	3.2526853	4.389439	3.994414	1.4857306	6.8856897
chr11	118295000	118300000	chr11	118485000	118490000	0,0,0	4.882208	0.99660194	2.7586482	1.4726143	3.1274495	4.3761544	0.93958	5.685145
chr11	69685000	69690000	chr11	69885000	69890000	0,0,0	9.011846	1.0	3.503788	3.5742524	5.262707	4.2048874	1.625516	7.3820004
chr11	129360000	129365000	chr11	129695000	129700000	0,0,0	6.790153	0.9999666	2.9112592	5.2745924	6.5643845	5.620528	2.187442	10.309054
chr11	120510000	120515000	chr11	120680000	120685000	0,0,0	8.039812	1.0	2.9236975	3.9540887	5.6568155	4.1629295	1.9791651	7.6776752
chr11	59170000	59175000	chr11	59285000	59290000	0,0,0	5.6712317	1.0	2.4771657	2.3451734	3.0014093	2.6585367	1.1373962	4.7431355
chr11	19310000	19315000	chr11	19545000	19550000	0,0,0	5.948	0.99940026	3.060931	3.2465386	4.004009	4.5339885	2.1272388	7.4198008
chr11	6375000	6380000	chr11	6445000	6450000	0,0,0	4.259488	1.0	2.2118165	1.5268708	2.3343894	2.7669258	0.65167445	4.1241446
chr11	41460000	41465000	chr11	42520000	42525000	0,0,0	6.594367	0.9997857	3.1938837	3.7075627	4.953851	5.153452	2.162592	8.449063
chr11	73965000	73970000	chr11	74445000	74450000	0,0,0	7.200911	1.0	3.2325199	2.3619246	3.2229044	3.0148222	1.4952805	5.1143107
chr11	4625000	4630000	chr11	5380000	5385000	0,0,0	6.6628523	1.0	3.0550747	2.947342	3.4984355	3.2569392	1.2112643	5.8767986
chr11	12045000	12050000	chr11	12280000	12285000	0,0,0	12.909327	0.9999998	4.3228326	9.193753	11.730158	7.5377326	4.110194	15.709958
chr11	66405000	66410000	chr11	66680000	66685000	0,0,0	9.54897	1.0	4.0417933	4.2885046	5.960234	5.1815834	2.0709496	8.9935875
chr11	114025000	114030000	chr11	114255000	114260000	0,0,0	4.899699	0.99839854	2.3644366	3.2963567	3.5564544	3.5073955	1.3965912	6.43749
chr11	10405000	10410000	chr11	10730000	10735000	0,0,0	10.326777	1.0	5.195354	3.9134438	6.0598016	6.8464537	2.0926714	10.32507
chr11	10320000	10325000	chr11	10735000	10740000	0,0,0	5.9641485	1.0	2.5533178	2.9036467	2.9559467	2.3517084	1.1012017	4.932728
chr11	76730000	76735000	chr11	76915000	76920000	0,0,0	12.193936	1.0	4.1606674	5.894496	6.654257	4.088068	2.0373104	9.3276205
chr11	72465000	72470000	chr11	72565000	72570000	0,0,0	5.411475	1.0	2.8265986	1.6217135	2.363012	2.8109818	0.89484555	4.252505
chr11	82310000	82315000	chr11	82695000	82700000	0,0,0	10.067994	0.9999867	3.0097637	7.575134	8.515245	4.4978848	2.688494	11.231338
chr11	36375000	36380000	chr11	36480000	36485000	0,0,0	4.7451215	0.99228156	2.1971455	2.6154284	2.773781	2.5398204	1.0221342	4.864646
chr11	86360000	86365000	chr11	86915000	86920000	0,0,0	6.513761	0.999215	2.405087	3.9036684	5.0955777	3.680628	1.6882355	7.150555
chr11	14785000	14790000	chr11	14905000	14910000	0,0,0	7.5866094	0.9996709	3.1005828	3.3346546	5.7424974	5.055852	1.4205297	8.019989
chr11	17755000	17760000	chr11	17970000	17975000	0,0,0	5.065534	0.9947917	2.5605257	1.9063897	3.109632	3.563477	1.1037145	5.2580457
chr11	4635000	4640000	chr11	5000000	5005000	0,0,0	9.777313	0.9999978	4.8597083	5.3105702	7.5838456	8.308431	2.806948	13.028937
chr11	4180000	4185000	chr11	4620000	4625000	0,0,0	5.5604167	0.9968323	2.4143658	2.9185402	3.628765	3.1610906	1.1785759	5.7553487
chr11	82905000	82910000	chr11	83815000	83820000	0,0,0	6.946943	0.9998731	2.3481193	5.2494607	6.656878	4.3070717	1.9748861	8.973259
chr11	69915000	69920000	chr11	70190000	70195000	0,0,0	10.602844	0.9999778	5.294147	3.7144146	6.528558	7.417368	2.1388283	10.71907
chr11	100680000	100685000	chr11	100855000	100860000	0,0,0	5.770285	0.99966764	2.6077962	3.3946362	5.1621456	4.992654	1.4918182	8.010108
chr11	115335000	115340000	chr11	115675000	115680000	0,0,0	5.481874	0.9983954	2.4673138	3.4579084	3.8007379	3.361858	1.2523164	6.435554
chr11	83290000	83295000	chr11	83820000	83825000	0,0,0	4.627819	0.99674934	2.2818336	2.2973423	3.389544	3.687409	1.1697276	5.729491
chr11	19070000	19075000	chr11	19550000	19555000	0,0,0	10.430064	1.0	4.684746	4.0378013	6.8158193	6.6755285	1.8218943	10.264686
chr11	2200000	2205000	chr11	2265000	2270000	0,0,0	6.8307624	0.9995178	3.0501401	3.926553	4.641959	4.147634	1.501006	7.637903
chr11	78230000	78235000	chr11	78565000	78570000	0,0,0	6.93317	1.0	3.3380964	2.0975895	3.9183214	4.266152	1.5044119	6.1306753
chr11	94325000	94330000	chr11	94415000	94420000	0,0,0	7.624756	0.99978316	2.929078	3.9580674	6.1398764	4.9190545	1.6066555	8.437337
chr11	60360000	60365000	chr11	60615000	60620000	0,0,0	6.123994	0.99972343	2.4932623	4.201721	5.489572	4.45897	2.2561905	8.193833
chr11	74255000	74260000	chr11	74445000	74450000	0,0,0	8.464326	1.0	3.090572	3.4213483	5.574001	4.3023295	1.2393754	7.3435283
chr11	33545000	33550000	chr11	33685000	33690000	0,0,0	5.4240823	0.9972362	2.6119113	2.4094815	3.568138	3.7499967	1.1950727	5.891758
chr11	102730000	102735000	chr11	102940000	102945000	0,0,0	5.0297046	0.99494505	2.4308739	2.4272878	3.0555093	3.130347	1.1050092	5.287936
chr11	16820000	16825000	chr11	17070000	17075000	0,0,0	4.481855	0.9914982	2.3156986	2.319005	2.441187	2.7066338	1.1321747	4.7679715
chr11	34650000	34655000	chr11	34885000	34890000	0,0,0	4.83455	0.99731404	2.3125098	2.903712	3.3738606	3.3392515	1.120557	5.920329
chr11	40305000	40310000	chr11	41200000	41205000	0,0,0	12.76064	1.0	5.551649	4.2115793	5.780824	5.190838	1.7236198	8.934464
chr11	64550000	64555000	chr11	64650000	64655000	0,0,0	4.9743605	0.9984389	2.492416	2.2816243	3.897799	4.434916	1.1755791	6.463027
chr11	89760000	89765000	chr11	90075000	90080000	0,0,0	14.276023	1.0	2.8369439	21.645191	24.108786	8.660325	8.623512	27.900496
chr11	10790000	10795000	chr11	11020000	11025000	0,0,0	20.093767	1.0	6.9418964	9.597329	11.103016	7.0178385	3.360915	15.548798
chr11	126305000	126310000	chr11	126435000	126440000	0,0,0	5.6869607	1.0	2.42004	2.2478025	3.1330154	2.7445555	0.7868101	4.7426023
chr11	81650000	81655000	chr11	82225000	82230000	0,0,0	6.4905434	0.99971217	2.8499627	3.913219	5.1896844	4.6755924	1.5976136	8.15401
chr11	74490000	74495000	chr11	74565000	74570000	0,0,0	4.4059253	0.9913002	2.2390227	1.9262142	2.6832075	3.0327628	0.9959848	4.744953
chr11	110460000	110465000	chr11	111230000	111235000	0,0,0	12.661539	0.9999993	4.8372583	7.5938687	9.834731	7.3678217	3.1702454	14.117928
chr11	57660000	57665000	chr11	57800000	57805000	0,0,0	5.451409	1.0	2.8823369	1.3924788	2.0379138	2.4753294	0.8222481	3.7130885
chr11	125920000	125925000	chr11	126190000	126195000	0,0,0	15.020377	1.0	6.043846	6.1545043	8.713594	7.1562457	2.9138708	12.626916
chr11	36290000	36295000	chr11	36475000	36480000	0,0,0	13.374874	1.0	5.4147673	7.137187	8.331702	6.4528446	2.909388	12.79701
chr11	108695000	108700000	chr11	109695000	109700000	0,0,0	8.45495	1.0	3.5003586	3.6143124	4.2945457	3.4512649	1.3045697	6.663987
chr11	30125000	30130000	chr11	30315000	30320000	0,0,0	5.5413594	1.0	2.3503413	2.6485186	3.5148768	3.0239356	1.3645774	5.378174
chr11	40130000	40135000	chr11	40290000	40295000	0,0,0	7.5240493	1.0	3.3202527	2.253014	3.676535	3.4991393	1.0731535	5.5018187
chr11	12415000	12420000	chr11	12900000	12905000	0,0,0	4.173545	0.99758345	2.2242908	2.8921494	2.9515216	3.4552386	1.5355564	6.0260386
chr11	111585000	111590000	chr11	111830000	111835000	0,0,0	6.868988	0.9996441	3.7122588	3.7077265	3.8487527	4.64587	1.9694653	7.941627
chr11	27695000	27700000	chr11	28530000	28535000	0,0,0	10.602941	0.99999994	3.848626	8.930801	12.092424	8.696721	3.437849	16.635212
chr11	129780000	129785000	chr11	129900000	129905000	0,0,0	5.939968	1.0	2.983897	2.3535635	2.654603	2.8351982	1.0351588	4.9272547
chr11	16945000	16950000	chr11	17060000	17065000	0,0,0	9.974913	0.99995756	4.6552157	4.344393	6.2175527	6.206503	1.7117686	10.068185
chr11	2425000	2430000	chr11	2530000	2535000	0,0,0	14.81708	1.0	4.488714	6.8517	8.629599	4.9782424	3.5543106	11.068642
chr11	65275000	65280000	chr11	65325000	65330000	0,0,0	4.934671	0.996711	2.1545985	2.6329467	3.716732	3.3773735	1.109819	5.7177706
chr11	96465000	96470000	chr11	97140000	97145000	0,0,0	15.23743	1.0	5.8147426	5.6370325	7.4642143	5.631357	2.6551824	10.642053
chr21	25605000	25610000	chr21	26715000	26720000	0,0,0	5.993298	0.99812335	2.9660916	3.2669058	3.3219743	3.3750026	1.7304885	6.2789187
chr21	36140000	36145000	chr21	36330000	36335000	0,0,0	7.4182606	0.9996981	3.7245336	3.5280652	4.542675	4.970192	1.7728207	8.10625
chr21	17385000	17390000	chr21	17585000	17590000	0,0,0	9.604435	0.99999666	3.7394633	6.158153	8.951255	7.134587	2.2487893	12.6085005
chr21	36745000	36750000	chr21	36925000	36930000	0,0,0	6.0301266	0.9976985	3.3008764	2.4268293	3.0826392	3.9176302	1.2192426	6.0748115
chr21	27750000	27755000	chr21	28740000	28745000	0,0,0	5.5966964	1.0	2.6634948	2.7584522	2.947695	2.8318722	1.0598767	5.2838297
chr21	29090000	29095000	chr21	29370000	29375000	0,0,0	8.605701	0.999991	4.163978	4.9209766	6.9111853	7.246488	2.7128704	11.620689
chr21	38220000	38225000	chr21	38350000	38355000	0,0,0	5.7986407	0.9997561	2.9466312	3.5942922	4.596553	5.124769	1.8794693	8.319695
chr21	41810000	41815000	chr21	42115000	42120000	0,0,0	6.78641	1.0	3.233794	1.8522925	3.043158	3.2062485	0.9851596	4.8527308
chr21	41610000	41615000	chr21	41775000	41780000	0,0,0	12.1435795	0.99999875	4.5307684	6.764084	9.9392605	7.5871496	2.4459138	13.5996685
chr21	34890000	34895000	chr21	35395000	35400000	0,0,0	9.105981	0.99996185	3.5436075	5.380225	7.021056	5.392194	2.7108676	10.174616
chr21	43810000	43815000	chr21	43975000	43980000	0,0,0	7.521823	0.9996951	2.7087355	4.6008987	5.794599	4.0068398	1.7770295	8.096528
chr21	45140000	45145000	chr21	45440000	45445000	0,0,0	10.300314	1.0	3.5303128	4.37741	5.4199495	3.517798	1.6760286	7.4088287
chr21	38735000	38740000	chr21	39130000	39135000	0,0,0	6.129697	0.9998928	3.7345178	3.2366138	3.962936	6.264394	1.5174428	9.141384
chr21	42005000	42010000	chr21	42105000	42110000	0,0,0	5.952175	1.0	2.435523	3.4407132	3.696566	2.809437	1.490561	5.867849
chr21	39785000	39790000	chr21	40120000	40125000	0,0,0	10.092084	0.9999811	4.0069137	5.6275125	7.434052	5.875017	2.2864354	10.877251
chr21	5285000	5290000	chr21	7225000	7230000	0,0,0	19.775217	1.0	4.0802655	76.35548	86.44444	32.62165	33.929268	100.49318
chr21	38505000	38510000	chr21	39140000	39145000	0,0,0	8.050389	1.0	4.2928114	2.7395875	4.3953133	5.4697094	1.8054607	7.904898
chr21	39515000	39520000	chr21	39715000	39720000	0,0,0	13.627221	1.0	5.4355817	8.304902	13.020486	10.901438	4.289901	18.283573
chr21	37715000	37720000	chr21	38345000	38350000	0,0,0	5.8299294	0.99835867	2.7941003	3.1446462	3.6455061	3.617679	1.1170622	6.4129205
chr21	32830000	32835000	chr21	33195000	33200000	0,0,0	6.9591203	0.9996925	2.415143	5.265581	5.618735	3.4073203	2.13376	8.087837
chr21	45555000	45560000	chr21	45820000	45825000	0,0,0	12.596732	1.0	4.1150837	6.739107	8.7666445	5.5452833	3.1308768	11.535602
chr21	40470000	40475000	chr21	41070000	41075000	0,0,0	5.9604397	0.9984542	2.4040356	3.6341295	4.2175784	3.2425609	1.4547476	6.472898
chr21	42140000	42145000	chr21	42445000	42450000	0,0,0	7.0406437	0.9993967	3.5143511	2.437589	4.583119	5.2471285	1.4070771	7.4138746
chr21	38505000	38510000	chr21	38710000	38715000	0,0,0	5.2522974	0.9971405	2.9692974	2.078343	2.939199	4.010303	1.3315417	5.8577194
chr21	37710000	37715000	chr21	38125000	38130000	0,0,0	4.915783	0.9998842	2.6763825	3.5212314	4.6914754	5.934465	1.8556216	9.064448
chr21	42310000	42315000	chr21	42445000	42450000	0,0,0	4.8598943	1.0	2.563173	2.0813975	2.2460504	2.6009455	0.97059005	4.4510765
chr21	31865000	31870000	chr21	32255000	32260000	0,0,0	7.4501905	0.9999722	2.5419867	6.5522957	7.525555	4.669156	2.479292	10.493419
chr21	25880000	25885000	chr21	26170000	26175000	0,0,0	5.1528354	0.99824476	2.6375082	2.3501136	3.6650589	4.2568245	1.036124	6.3458147
chr21	36500000	36505000	chr21	36925000	36930000	0,0,0	7.5274954	0.9996323	3.044146	3.7377687	5.491445	4.586604	1.8629562	7.9090652
chr21	26850000	26855000	chr21	28050000	28055000	0,0,0	13.412072	1.0	4.7206283	5.9087267	8.356797	5.9187737	2.695534	11.170975
chr21	41280000	41285000	chr21	41460000	41465000	0,0,0	9.1098	0.99997586	2.9791305	6.3769674	7.9926977	4.9648986	2.6803706	10.633314
chr21	14400000	14405000	chr21	15480000	15485000	0,0,0	6.4374886	0.99967194	2.662785	3.7413433	5.480075	4.6975145	1.8193493	8.023153
chr21	44510000	44515000	chr21	44790000	44795000	0,0,0	8.142511	0.9998577	3.1408045	5.0953717	5.954883	4.3294864	2.4161222	8.8587055
chr21	27705000	27710000	chr21	28050000	28055000	0,0,0	5.7343855	0.9989015	2.5062327	2.974447	4.506848	4.170557	1.3894217	6.8145103
chr21	32650000	32655000	chr21	32825000	32830000	0,0,0	7.733919	0.99969643	2.8765423	4.3958054	5.7517233	4.1933537	1.5195795	8.100737
chr21	40145000	40150000	chr21	41065000	41070000	0,0,0	7.838051	1.0	4.1640587	3.0753603	3.1200566	3.625873	1.8542477	6.3595266
chr21	31195000	31200000	chr21	31580000	31585000	0,0,0	12.410311	1.0	4.6298237	9.884924	12.534669	9.054681	3.957188	17.84128
chr21	27760000	27765000	chr21	28045000	28050000	0,0,0	5.5096607	0.9989984	2.8630764	2.7956452	3.786128	4.4218307	1.7937108	6.9068484
chr21	41280000	41285000	chr21	41605000	41610000	0,0,0	7.1205964	1.0	3.461954	2.4330444	3.637774	3.8837743	1.4404477	6.04648
chr21	5315000	5320000	chr21	7245000	7250000	0,0,0	15.891253	1.0	3.3444223	102.61375	114.63516	43.299606	39.277313	134.51183
chr21	33200000	33205000	chr21	33440000	33445000	0,0,0	11.106853	0.99999124	3.9686487	6.157577	8.61811	6.1746354	2.598197	11.648038
chr21	29160000	29165000	chr21	29370000	29375000	0,0,0	6.4961653	0.99997497	2.819487	4.434587	7.1540055	6.6551027	2.4787097	10.596958
chr21	41610000	41615000	chr21	41815000	41820000	0,0,0	6.2851186	0.9993798	2.6876652	3.5665221	4.8225574	4.2160244	1.5388429	7.386266
chr21	45290000	45295000	chr21	45435000	45440000	0,0,0	13.203397	1.0	4.644021	6.7441216	8.977433	6.1971617	2.6611056	12.1919365
chr21	38160000	38165000	chr21	38355000	38360000	0,0,0	7.5841575	0.9998981	3.4678783	4.090053	5.7504177	5.55668	1.4490029	9.192283
chr21	32400000	32405000	chr21	32600000	32605000	0,0,0	9.420919	0.9999951	3.558746	6.668853	8.560143	6.3059864	3.0423923	12.233855
chr21	30825000	30830000	chr21	31085000	31090000	0,0,0	7.305733	1.0	3.378444	2.947176	3.9848247	3.8788512	1.8176911	6.498563
chr21	44945000	44950000	chr21	45135000	45140000	0,0,0	10.91686	1.0	4.4036255	3.7125947	5.146015	4.211344	2.0800521	7.511428
chr21	31095000	31100000	chr21	31605000	31610000	0,0,0	8.984035	1.0	4.0177536	2.9351664	4.351291	4.1278477	1.5431589	6.7368846
chr21	14865000	14870000	chr21	15480000	15485000	0,0,0	6.699143	0.9995694	3.0096557	3.5343058	4.9029675	4.609557	1.824147	7.7511625
chr21	33200000	33205000	chr21	33370000	33375000	0,0,0	7.765032	0.9999197	3.226422	5.379673	5.9228497	4.6486616	2.0917292	9.4305935
chr21	39865000	39870000	chr21	40120000	40125000	0,0,0	5.5389867	0.9974235	2.8196924	2.378524	3.3840835	3.8477032	1.3145897	5.961947
chr21	42590000	42595000	chr21	42825000	42830000	0,0,0	5.7764916	0.9999008	2.4770362	5.0833383	5.686453	4.7008767	2.4337103	9.219399
chr21	34745000	34750000	chr21	35395000	35400000	0,0,0	5.095304	0.9969479	2.4774046	2.830107	3.235135	3.2768717	1.4733752	5.7925224
chr21	32410000	32415000	chr21	32570000	32575000	0,0,0	6.929209	0.99987334	3.3729677	4.3463855	5.0238833	5.111422	2.171648	8.974876
chr21	33920000	33925000	chr21	34350000	34355000	0,0,0	30.133339	1.0	11.963624	8.865125	12.969986	10.590955	3.9774945	18.471066
chr21	17675000	17680000	chr21	17900000	17905000	0,0,0	6.3294187	0.99984527	3.2044742	3.4046135	5.0667944	5.748383	1.407546	8.774706
chr21	26845000	26850000	chr21	27700000	27705000	0,0,0	11.147664	0.99999994	4.3051257	8.65651	11.927563	9.254767	4.215614	16.949444
chr21	31790000	31795000	chr21	32255000	32260000	0,0,0	5.8583355	0.9992951	2.4872546	3.7736394	4.639155	3.9038782	1.7380502	7.258224
chr20	38645000	38650000	chr20	38785000	38790000	0,0,0	5.4849596	0.99640065	2.4613097	2.9088986	3.3928607	3.0419056	1.2682157	5.6275935
chr20	9615000	9620000	chr20	9910000	9915000	0,0,0	6.8309135	0.99949795	2.2172282	4.732972	5.6514645	3.390474	1.803434	7.5975604
chr20	815000	820000	chr20	955000	960000	0,0,0	12.342413	1.0	5.500472	4.594002	6.2790017	5.817592	1.9565667	9.90115
chr20	34870000	34875000	chr20	35205000	35210000	0,0,0	3.60952	0.9846739	2.0687983	1.2862517	2.1438224	3.0352974	0.71754277	4.1786323
chr20	3890000	3895000	chr20	4085000	4090000	0,0,0	6.2256174	1.0	3.5445664	1.4480453	1.9600278	2.7017019	0.6620532	3.9888532
chr20	46755000	46760000	chr20	47150000	47155000	0,0,0	7.273072	0.99976015	3.6446545	3.698452	4.6490507	5.048892	1.9768265	8.336405
chr20	10465000	10470000	chr20	11265000	11270000	0,0,0	4.790054	0.9928401	2.602775	1.7531211	2.6478856	3.381444	0.980582	4.939774
chr20	40970000	40975000	chr20	41230000	41235000	0,0,0	11.759485	1.0	4.301097	3.947749	4.839762	3.3663573	1.7373556	6.8754673
chr20	33460000	33465000	chr20	33665000	33670000	0,0,0	5.210112	0.9969195	2.1602786	3.1752498	3.7019746	2.9608285	1.2418104	5.7832727
chr20	50185000	50190000	chr20	50460000	50465000	0,0,0	22.524279	1.0	6.360443	12.999727	16.670727	9.109123	4.667535	20.664436
chr20	49980000	49985000	chr20	50065000	50070000	0,0,0	6.1925206	1.0	2.8066053	2.8914046	3.7006857	3.4537086	1.8139775	6.023846
chr20	57510000	57515000	chr20	57590000	57595000	0,0,0	11.790123	1.0	4.4913373	4.271556	6.477254	5.107443	2.2278314	8.904382
chr20	51385000	51390000	chr20	51590000	51595000	0,0,0	9.453112	1.0	3.661765	4.7819133	5.91171	4.4228787	2.3155193	8.673469
chr20	20080000	20085000	chr20	20235000	20240000	0,0,0	6.2085476	0.9981479	2.222683	3.5043359	4.559552	3.1771278	1.3798857	6.2920933
chr20	44215000	44220000	chr20	44385000	44390000	0,0,0	9.164641	1.0	3.2346213	4.695693	6.531071	4.608169	1.9896886	8.782119
chr20	21795000	21800000	chr20	22305000	22310000	0,0,0	5.1149864	1.0	2.6676621	2.0343986	2.3782108	2.7334166	0.93110776	4.541771
chr20	49610000	49615000	chr20	49845000	49850000	0,0,0	5.8855643	0.99979585	2.399243	4.147028	5.791333	4.811249	1.7350382	8.497496
chr20	5565000	5570000	chr20	5785000	5790000	0,0,0	7.1444902	0.9997511	3.243089	4.1705627	4.995972	4.592119	1.9415272	8.299286
chr20	19200000	19205000	chr20	19585000	19590000	0,0,0	6.7797155	0.9999196	3.086967	3.9781764	6.0359845	5.8933864	1.9988148	9.4295435
chr20	8790000	8795000	chr20	9355000	9360000	0,0,0	4.976645	0.9997139	2.4061327	3.5676434	4.801819	4.988853	1.5469427	8.160091
chr20	19685000	19690000	chr20	19800000	19805000	0,0,0	4.0474043	1.0	2.0891166	1.3478293	1.878844	2.1786084	0.64817363	3.3766792
chr20	57380000	57385000	chr20	57490000	57495000	0,0,0	11.831966	1.0	4.665074	4.0500917	6.0022545	4.8814745	1.7510788	8.481556
chr20	9975000	9980000	chr20	10425000	10430000	0,0,0	9.1239605	1.0	3.9795458	3.2903368	5.0946608	4.7255173	1.2257885	7.650261
chr20	9985000	9990000	chr20	10090000	10095000	0,0,0	3.4834604	1.0	2.0503209	1.1340797	1.423175	2.0879393	0.52077264	3.0960102
chr20	31660000	31665000	chr20	31725000	31730000	0,0,0	6.1986823	0.99799085	2.8866003	2.7903736	3.7899551	3.730344	1.6122029	6.210676
chr20	54095000	54100000	chr20	54650000	54655000	0,0,0	7.916099	1.0	3.6430466	2.7570412	2.8550224	2.568757	1.6168003	5.01946
chr20	46015000	46020000	chr20	46090000	46095000	0,0,0	4.374173	1.0	2.0587223	1.721827	2.031759	1.9668418	0.8539096	3.4973547
chr20	18905000	18910000	chr20	19180000	19185000	0,0,0	4.5192723	1.0	2.1597955	2.1786053	2.4388726	2.3884299	0.9122104	4.324968
chr20	49330000	49335000	chr20	49485000	49490000	0,0,0	6.046569	0.998393	3.0246685	2.248147	3.900229	4.4357	1.242659	6.434053
chr20	47300000	47305000	chr20	47380000	47385000	0,0,0	3.9130917	1.0	2.0793383	1.6497447	2.0194669	2.4181087	0.8892698	3.8845484
chr20	62665000	62670000	chr20	62790000	62795000	0,0,0	7.4134355	1.0	3.1289616	2.4493778	3.8534052	3.4462247	1.2589692	5.6234493
chr20	19900000	19905000	chr20	19990000	19995000	0,0,0	5.0095825	1.0	2.8256378	1.850298	2.4346018	3.287561	0.9259239	4.9322705
chr20	53575000	53580000	chr20	53865000	53870000	0,0,0	4.6648846	0.99816257	2.3785498	2.319429	3.664894	4.2383227	1.0802109	6.300037
chr20	29475000	29480000	chr20	30400000	30405000	0,0,0	17.735209	1.0	4.761193	12.661174	14.381654	6.8660703	5.136645	18.120447
chr20	4105000	4110000	chr20	4170000	4175000	0,0,0	8.771894	1.0	3.5504994	3.3637478	5.4664617	4.69585	1.3695936	7.685848
chr20	20080000	20085000	chr20	20590000	20595000	0,0,0	10.619528	1.0	3.8470352	5.3173494	6.6473007	4.612427	2.1142192	9.33896
chr20	53590000	53595000	chr20	53785000	53790000	0,0,0	4.744385	0.99258244	2.2744358	2.1914268	2.8937552	2.9564767	1.2769635	4.904412
chr20	51635000	51640000	chr20	51965000	51970000	0,0,0	4.6530657	0.9964806	2.1386695	2.771252	3.384909	3.186718	1.3620771	5.650053
chr20	31630000	31635000	chr20	31725000	31730000	0,0,0	7.6358433	1.0	3.9095325	2.0527506	3.2409792	3.7718344	1.3418822	5.5965014
chr20	40970000	40975000	chr20	41340000	41345000	0,0,0	10.678338	1.0	5.217413	3.239232	3.272782	3.2433293	1.5753549	6.122647
chr20	90000	95000	chr20	180000	185000	0,0,0	4.0132637	1.0	2.7047768	0.7282517	1.0772855	2.1820781	0.4465281	2.829413
chr20	29045000	29050000	chr20	31310000	31315000	0,0,0	14.354364	1.0	4.5690684	6.984333	8.7024145	5.240423	2.6053548	11.448719
chr20	44115000	44120000	chr20	44190000	44195000	0,0,0	8.255965	1.0	4.243715	1.9572355	3.159372	3.7096422	0.80136335	5.449407
chr20	51640000	51645000	chr20	52080000	52085000	0,0,0	5.994015	0.99952656	2.7513237	4.060605	4.4415336	4.046886	2.1596484	7.656313
chr20	40740000	40745000	chr20	40945000	40950000	0,0,0	7.9797797	1.0	3.3262765	3.8966107	4.217665	3.303286	1.349881	6.76694
chr20	16515000	16520000	chr20	16635000	16640000	0,0,0	8.044859	1.0	3.1772413	3.0850124	4.323134	3.462131	1.3078063	6.204365
chr20	45130000	45135000	chr20	45290000	45295000	0,0,0	5.142395	1.0	2.6411355	1.9808652	2.4516783	2.7683268	1.0034695	4.5290956
chr20	40990000	40995000	chr20	41095000	41100000	0,0,0	7.124219	1.0	4.137258	1.7243211	2.8627777	4.153269	1.1216317	5.685999
chr20	37200000	37205000	chr20	37530000	37535000	0,0,0	7.7658677	0.9996933	3.518364	3.315549	5.256293	5.1432424	2.0538468	8.090397
chr20	47195000	47200000	chr20	47620000	47625000	0,0,0	8.038349	1.0	3.7252562	3.245035	4.4108925	4.3120165	1.8497925	7.196492
chr20	35300000	35305000	chr20	35445000	35450000	0,0,0	12.072648	1.0	5.149159	4.507947	5.821294	5.004796	1.9451132	9.01186
chr20	58860000	58865000	chr20	59490000	59495000	0,0,0	4.9464493	0.99810827	2.2937021	3.3597186	3.5749097	3.284504	1.5693654	6.2709203
chr20	7980000	7985000	chr20	8720000	8725000	0,0,0	5.131291	0.9997015	2.1411865	3.9667702	5.4076657	4.5915585	1.6783558	8.117577
chr20	4105000	4110000	chr20	4585000	4590000	0,0,0	6.1175513	1.0	3.1395924	2.2437181	2.935505	3.3399506	1.0588902	5.334367
chr20	18060000	18065000	chr20	18260000	18265000	0,0,0	4.269056	0.98960435	2.2266908	2.2009788	2.3133075	2.610417	1.059841	4.5668426
chr20	4010000	4015000	chr20	4085000	4090000	0,0,0	6.805961	1.0	2.988045	2.771592	3.9945898	3.6747806	1.3406011	6.1384177
chr20	20835000	20840000	chr20	21570000	21575000	0,0,0	4.9758873	0.9985585	2.2006876	3.55696	3.9232285	3.3810222	1.5772749	6.5427647
chr20	43840000	43845000	chr20	44080000	44085000	0,0,0	7.776458	0.99984485	2.7907946	4.893245	6.3409696	4.4226527	1.9062077	8.772204
chr20	29555000	29560000	chr20	30325000	30330000	0,0,0	26.54458	1.0	3.6114688	31.3215	33.90515	8.876398	11.733024	36.71773
chr20	57595000	57600000	chr20	58205000	58210000	0,0,0	14.084585	1.0	4.3116407	12.412005	15.019931	8.544972	4.9658833	19.577868
chr20	38650000	38655000	chr20	38750000	38755000	0,0,0	5.1800117	1.0	2.6481025	1.7434905	2.853234	3.3276088	1.2159915	4.877378
chr20	11275000	11280000	chr20	11540000	11545000	0,0,0	5.733785	0.9984951	2.4526176	3.0591903	4.2820635	3.7804163	1.433142	6.4996963
chr20	33100000	33105000	chr20	33290000	33295000	0,0,0	4.218209	1.0	2.0816147	2.0814774	2.1775243	2.2161741	0.95656383	4.0663767
chr20	8040000	8045000	chr20	8390000	8395000	0,0,0	6.746655	0.9999565	3.1035006	4.109347	6.4197044	6.3910627	2.222182	10.043816
chr20	15715000	15720000	chr20	16475000	16480000	0,0,0	8.041824	1.0	3.408379	2.9543216	3.6806726	3.103187	1.3195826	5.729251
chr20	5525000	5530000	chr20	6075000	6080000	0,0,0	10.215607	1.0	4.385191	5.2142005	6.470647	5.5445676	2.7959626	10.179412
chr20	58235000	58240000	chr20	58445000	58450000	0,0,0	6.9667497	1.0	3.3818564	1.7799175	3.1572866	3.4516218	0.88717735	5.0337706
chr20	47785000	47790000	chr20	48290000	48295000	0,0,0	7.3416376	0.99979687	2.590141	5.189796	6.0031896	3.8893046	2.1296988	8.502457
chr20	57085000	57090000	chr20	57340000	57345000	0,0,0	16.957829	1.0	8.097803	6.6121063	9.251996	9.505444	3.9594953	15.382872
chr20	29075000	29080000	chr20	29495000	29500000	0,0,0	52.31835	1.0	12.345707	27.217365	35.887684	17.268234	15.159522	41.46145
chr20	10555000	10560000	chr20	11270000	11275000	0,0,0	8.941113	0.9999939	3.3015041	5.8605547	8.909592	6.8041153	2.8163505	12.013497
chr20	8790000	8795000	chr20	9390000	9395000	0,0,0	6.468596	0.99997276	2.4923832	6.197656	6.9965987	5.001997	2.5016863	10.511025
chr20	54220000	54225000	chr20	54645000	54650000	0,0,0	14.455476	1.0	7.1705985	4.065999	7.295186	8.2322035	2.861144	11.846424
chr20	34830000	34835000	chr20	35205000	35210000	0,0,0	6.9000793	0.99974984	2.5133007	5.026489	5.726162	3.8263965	2.0975037	8.294386
chr20	50120000	50125000	chr20	50165000	50170000	0,0,0	4.9499373	1.0	2.3971658	2.0193932	2.8605814	3.0079536	1.134086	4.80297
chr20	59595000	59600000	chr20	59745000	59750000	0,0,0	5.3628263	1.0	2.4742854	2.236561	2.9553738	2.8523252	1.1676174	4.8403797
chr20	44385000	44390000	chr20	44460000	44465000	0,0,0	5.5193257	1.0	2.6444755	2.1419473	3.0985062	3.2191453	0.91571105	5.1230984
chr20	41170000	41175000	chr20	41340000	41345000	0,0,0	5.3648477	1.0	2.4570262	2.2970428	3.04308	2.9075513	1.2097259	4.949367
chr20	34310000	34315000	chr20	34520000	34525000	0,0,0	6.060257	0.9996839	2.923035	3.845233	4.5971527	4.642439	1.661455	8.060424
chr20	43535000	43540000	chr20	43690000	43695000	0,0,0	7.4891443	0.9995791	2.4165409	4.849733	5.8024364	3.463023	2.1645906	7.7738967
chr20	35460000	35465000	chr20	35885000	35890000	0,0,0	5.624282	1.0	2.2200966	3.0402434	3.6736813	2.7894197	1.3582535	5.4918585
chr20	1310000	1315000	chr20	1435000	1440000	0,0,0	7.3556414	0.9998043	2.543341	5.295312	6.082216	3.833012	2.1198502	8.539956
chr20	58870000	58875000	chr20	59215000	59220000	0,0,0	6.240137	1.0	3.2423275	2.7618167	2.9460914	3.309489	1.5623809	5.764437
chr20	17995000	18000000	chr20	18280000	18285000	0,0,0	5.8854785	1.0	2.5373716	2.723537	3.0608797	2.5546713	1.0431875	4.975593
chr20	34870000	34875000	chr20	34960000	34965000	0,0,0	5.9248824	0.9973279	2.3270748	3.1555893	4.044384	3.1205506	1.2267302	5.925519
chr20	57510000	57515000	chr20	58210000	58215000	0,0,0	7.765373	1.0	4.1678762	2.5059545	4.350616	5.513687	1.520723	7.7412024
chr20	7935000	7940000	chr20	8720000	8725000	0,0,0	8.760486	0.99999654	3.6641314	6.460916	8.201468	6.8337	2.352843	12.576736
chr20	4760000	4765000	chr20	5100000	5105000	0,0,0	9.178031	1.0	4.392508	3.093451	4.798184	5.038258	1.7035675	7.7879925
chr20	47680000	47685000	chr20	48620000	48625000	0,0,0	9.897822	1.0	3.449454	5.5514326	6.3650317	4.044882	2.2308657	8.979488
chr20	24995000	25000000	chr20	25060000	25065000	0,0,0	6.955449	1.0	2.756706	3.0524118	4.383025	3.551684	1.1697264	6.264939
chr20	53590000	53595000	chr20	53735000	53740000	0,0,0	4.6489267	1.0	2.3507278	1.8813545	2.420491	2.6791477	0.98107076	4.351463
chr20	47270000	47275000	chr20	47380000	47385000	0,0,0	8.6859455	0.9998925	3.7072337	4.2024326	6.0836215	5.4033256	1.7778989	9.138822
chr20	5205000	5210000	chr20	5450000	5455000	0,0,0	7.874348	0.9997054	3.3227017	3.8355522	5.4257	4.721317	1.6720041	8.130697
chr20	13120000	13125000	chr20	13540000	13545000	0,0,0	8.137239	1.0	4.2073274	2.6317756	3.8680477	4.5302815	1.6359909	6.8696375
chr20	62300000	62305000	chr20	62380000	62385000	0,0,0	8.153485	1.0	3.2303011	2.771083	4.70891	3.9965074	1.1754153	6.4596925
chr20	62515000	62520000	chr20	62615000	62620000	0,0,0	6.4267282	1.0	2.5308182	2.8881166	3.9599838	3.138102	1.3595804	5.7053165
chr20	56550000	56555000	chr20	56970000	56975000	0,0,0	5.772851	0.9993566	2.2844193	4.209356	4.8347144	3.607913	1.7560897	7.349563
chr20	45590000	45595000	chr20	45770000	45775000	0,0,0	10.285837	0.99998087	3.0222735	6.7186637	8.629841	4.8935895	2.688089	10.865735
chr20	28565000	28570000	chr20	30415000	30420000	0,0,0	28.808798	1.0	5.629492	42.633495	49.91497	18.763756	17.658943	56.6602
chr20	45005000	45010000	chr20	45290000	45295000	0,0,0	4.422716	1.0	2.5774305	1.1456275	1.9104196	2.7907689	0.5672623	3.8091044
chr20	59085000	59090000	chr20	59220000	59225000	0,0,0	5.2176223	1.0	2.7518144	1.8670499	2.8579538	3.474946	0.9593952	5.134546
chr20	38070000	38075000	chr20	38160000	38165000	0,0,0	4.1591415	0.9901381	2.2520273	1.480364	2.5695524	3.3036757	0.87138796	4.619555
chr20	45320000	45325000	chr20	45770000	45775000	0,0,0	11.265077	1.0	5.274429	2.948317	4.6333685	4.7295856	1.7724943	7.350312
chr20	4220000	4225000	chr20	4590000	4595000	0,0,0	8.260965	0.9999588	4.017332	4.1974688	6.007091	6.367725	2.658714	10.098808
chr20	350000	355000	chr20	480000	485000	0,0,0	6.0219326	1.0	3.0330226	2.0823078	3.0710366	3.4515061	1.0426557	5.3024464
chr20	1315000	1320000	chr20	1465000	1470000	0,0,0	4.8047886	0.9949094	2.6720023	1.4689199	2.9282405	3.975198	1.0835176	5.280905
chr20	4760000	4765000	chr20	4915000	4920000	0,0,0	4.140433	1.0	2.1773775	1.8428285	1.9486468	2.23615	0.7580391	3.8742197
chr20	31560000	31565000	chr20	31610000	31615000	0,0,0	6.627201	0.99987656	2.3279946	4.2948503	6.975786	5.182917	2.1944232	9.000562
chr20	20860000	20865000	chr20	21225000	21230000	0,0,0	6.153734	1.0	2.9910338	2.7152426	3.1703246	3.2249293	1.1919504	5.6384783
chr20	24995000	25000000	chr20	25180000	25185000	0,0,0	12.815373	1.0	4.0843363	6.3829107	7.9298677	4.77355	2.3674688	10.447248
chr20	19200000	19205000	chr20	19660000	19665000	0,0,0	7.85494	0.9998917	2.7775815	5.578232	6.4337387	4.173246	2.29513	9.131674
chr20	8040000	8045000	chr20	8720000	8725000	0,0,0	10.896322	1.0	3.1874511	7.1774683	8.299114	4.3740864	2.3354926	10.754058
chr20	4755000	4760000	chr20	5190000	5195000	0,0,0	8.712685	1.0	4.0356846	2.8609836	3.2334995	3.0175123	1.5552727	5.560609
chr20	22335000	22340000	chr20	22585000	22590000	0,0,0	10.722838	0.9999879	3.6789691	6.15268	8.547655	5.8558383	2.5155816	11.324887
chr20	8850000	8855000	chr20	9355000	9360000	0,0,0	7.417147	0.9999853	3.1611612	5.1691027	7.3916426	6.53233	2.8582034	11.127089
chr20	32520000	32525000	chr20	32650000	32655000	0,0,0	11.035553	1.0	4.016889	5.1889524	6.358699	4.3970137	1.7131821	9.009417
chr20	29090000	29095000	chr20	30385000	30390000	0,0,0	132.07338	1.0	38.804253	14.702596	25.140518	16.377367	10.266915	29.44634
chr20	50665000	50670000	chr20	50745000	50750000	0,0,0	4.8110104	0.9930934	2.557937	2.122694	2.579656	3.0889494	1.0188968	4.9757886
chr20	49610000	49615000	chr20	49885000	49890000	0,0,0	4.110798	0.9980873	2.294915	2.4910626	3.0751061	4.045603	1.2188711	6.2598805
chr20	22335000	22340000	chr20	22680000	22685000	0,0,0	18.29392	1.0	5.844073	8.856867	12.477911	8.026327	3.910979	15.899098
chr20	35995000	36000000	chr20	36135000	36140000	0,0,0	10.828737	0.99999636	4.1469755	6.048417	9.051527	7.148707	2.7110722	12.525078
chr20	22690000	22695000	chr20	23230000	23235000	0,0,0	5.577786	0.99800324	2.5113459	3.0884213	3.7960725	3.471604	1.4274493	6.2168674
chr20	560000	565000	chr20	735000	740000	0,0,0	7.6491575	0.9997236	3.1518288	3.8877861	5.584281	4.7388067	2.0617077	8.194616
chr20	50475000	50480000	chr20	50575000	50580000	0,0,0	6.0637717	1.0	4.056696	1.1890807	2.2621875	4.466712	0.6010877	5.5236726
chr20	53575000	53580000	chr20	53940000	53945000	0,0,0	8.579555	0.9999071	4.265737	4.085166	5.2518086	5.6535306	1.987052	9.284789
chr20	50985000	50990000	chr20	51305000	51310000	0,0,0	11.746014	0.9999987	5.480042	6.2854285	8.148549	7.959376	3.2615047	13.546423
chr20	12925000	12930000	chr20	13105000	13110000	0,0,0	7.331689	1.0	3.1603034	3.649496	4.2901535	3.6344953	1.3927847	6.878492
chr20	59080000	59085000	chr20	59400000	59405000	0,0,0	5.5489554	0.99633116	3.0703661	1.8793147	2.9746675	3.9379573	1.2030001	5.608459
chr20	51700000	51705000	chr20	52080000	52085000	0,0,0	5.165236	0.9989129	2.0738816	4.0328865	4.365841	3.24013	1.6111159	6.824918
chr20	51370000	51375000	chr20	51620000	51625000	0,0,0	6.7347655	1.0	3.071579	2.9001782	4.101298	3.9540453	1.5008363	6.5319815
chr20	47195000	47200000	chr20	47380000	47385000	0,0,0	9.545788	1.0	4.154894	3.8509936	4.3160105	3.6501682	1.7759326	7.073273
chr20	34575000	34580000	chr20	34770000	34775000	0,0,0	5.3967867	0.997249	2.5753481	2.8217442	3.4057503	3.3881857	1.4415512	5.896403
chr20	47855000	47860000	chr20	48295000	48300000	0,0,0	4.0990453	0.9960699	2.0554817	1.9716673	3.329448	3.7870739	1.0794967	5.539667
chr20	21640000	21645000	chr20	22105000	22110000	0,0,0	8.302182	1.0	2.4020054	5.6419563	6.024569	2.950775	2.1069653	7.9658465
chr20	21235000	21240000	chr20	21505000	21510000	0,0,0	9.098172	1.0	3.0246656	5.250184	6.1861672	3.7807558	2.1811187	8.447586
chr20	38055000	38060000	chr20	38220000	38225000	0,0,0	9.965177	0.9999882	2.879445	7.5459347	8.836576	4.642079	2.5804207	11.349576
chr20	25070000	25075000	chr20	25400000	25405000	0,0,0	5.3217382	1.0	2.429621	2.2187328	2.5527058	2.3404455	1.0022876	4.3126526
chr20	24155000	24160000	chr20	24910000	24915000	0,0,0	5.08626	0.9950147	2.6942518	2.0965126	2.8476543	3.438251	1.087878	5.301818
chr20	4760000	4765000	chr20	4950000	4955000	0,0,0	10.829421	0.9999816	4.6380444	4.9236803	7.2784176	6.5269585	2.413848	10.9035635
chr20	2205000	2210000	chr20	2345000	2350000	0,0,0	8.015634	0.9997985	2.8528392	4.699157	6.215219	4.333374	1.9437788	8.510403
chr20	44745000	44750000	chr20	44865000	44870000	0,0,0	6.5415583	1.0	3.2357202	2.3008833	3.6346123	4.014684	0.8702156	6.059914
chr20	59780000	59785000	chr20	59845000	59850000	0,0,0	6.6107287	1.0	2.6377575	3.31366	4.165475	3.2547693	1.2753932	6.200245
chr20	17650000	17655000	chr20	17895000	17900000	0,0,0	4.211461	0.9915027	2.08135	2.1022775	2.7173877	2.899812	1.0803989	4.768503
chr20	22690000	22695000	chr20	23200000	23205000	0,0,0	4.2704105	0.9936633	2.0679522	2.2290783	2.964647	3.080519	1.1402231	5.0619216
chr20	36270000	36275000	chr20	36435000	36440000	0,0,0	4.592852	0.9954532	2.0441148	2.69025	3.3318431	3.0025523	1.2985021	5.3938856
chr20	46130000	46135000	chr20	46345000	46350000	0,0,0	6.19283	0.99968326	2.5443373	3.5956414	5.6202216	4.8622026	1.4700812	8.058329
chr20	2520000	2525000	chr20	2645000	2650000	0,0,0	4.740445	1.0	2.5534906	1.4388423	2.3665395	3.0020738	0.6958424	4.2810445
chr20	48655000	48660000	chr20	48905000	48910000	0,0,0	17.042831	1.0	6.729252	7.020663	9.381784	7.393825	2.8771915	13.634415
chr20	13820000	13825000	chr20	14055000	14060000	0,0,0	7.122017	1.0	3.2195117	2.6420557	3.4251082	3.194951	1.3783185	5.543445
chr20	45455000	45460000	chr20	45765000	45770000	0,0,0	6.018875	1.0	2.866854	3.0077543	3.140102	3.0018396	1.6369575	5.6753993
chr20	17535000	17540000	chr20	17615000	17620000	0,0,0	6.5693016	1.0	2.4782267	3.4897587	4.475609	3.29072	1.4359326	6.392728
chr20	16800000	16805000	chr20	17430000	17435000	0,0,0	13.304428	0.99999845	5.640973	6.595642	8.758798	7.5332665	3.0415478	13.39606
chr20	29045000	29050000	chr20	31260000	31265000	0,0,0	16.373085	1.0	5.4034843	8.083701	10.627919	6.8278713	3.9696798	14.013384
chr20	12970000	12975000	chr20	13100000	13105000	0,0,0	12.262783	1.0	4.4446125	6.7742753	8.198776	5.608809	3.0533373	11.630387
chr20	44220000	44225000	chr20	44610000	44615000	0,0,0	5.491007	1.0	2.9426363	1.989251	2.6110485	3.2040598	1.091	4.972283
chr20	9620000	9625000	chr20	9960000	9965000	0,0,0	4.5441046	1.0	2.4820755	1.8061755	2.2281854	2.8107681	0.99459004	4.4162574
chr20	19780000	19785000	chr20	19995000	20000000	0,0,0	4.963825	0.9957209	2.463213	2.353959	3.1165204	3.362174	1.2088599	5.454582
chr20	37270000	37275000	chr20	37530000	37535000	0,0,0	11.530893	0.9999921	4.57345	5.803242	8.172828	6.58825	2.573818	11.746687
chr20	31820000	31825000	chr20	32030000	32035000	0,0,0	6.087915	0.9990542	2.5347195	3.732236	4.484844	3.6466212	1.7369564	6.9641643
chr20	9405000	9410000	chr20	9610000	9615000	0,0,0	14.177185	1.0	4.861502	7.0160894	9.131104	6.073904	3.099463	12.310428
chr20	5530000	5535000	chr20	5995000	6000000	0,0,0	4.741505	0.99768233	2.2976708	2.6250293	3.5740972	3.734455	1.2284368	6.067814
chr20	2005000	2010000	chr20	2170000	2175000	0,0,0	6.3653407	0.99910307	2.2358096	3.9166648	5.1549025	3.5357885	1.7999383	7.017268
chr20	44215000	44220000	chr20	44450000	44455000	0,0,0	5.121646	0.99497175	2.368689	2.5018528	3.1946802	3.0693655	1.2002698	5.293235
chr20	18630000	18635000	chr20	19190000	19195000	0,0,0	5.6423545	1.0	2.675285	2.067687	2.7461	2.762481	0.91837007	4.600425
chr20	34830000	34835000	chr20	35265000	35270000	0,0,0	5.8733244	0.9981487	2.5494547	2.6684654	4.2299714	3.9205284	1.4235314	6.292497
chr20	17500000	17505000	chr20	17895000	17900000	0,0,0	8.1919565	1.0	3.751935	3.822168	4.2058797	3.8255305	1.5969542	7.2230134
chr20	44685000	44690000	chr20	44870000	44875000	0,0,0	7.9213758	1.0	3.2653337	3.3538463	4.5575953	3.8071904	1.6990849	6.7883873
chr20	3050000	3055000	chr20	3315000	3320000	0,0,0	7.3478327	1.0	2.959916	3.3738208	4.6786256	3.823113	1.7565957	6.822065
chr20	54095000	54100000	chr20	54200000	54205000	0,0,0	14.145433	1.0	5.945832	4.661546	8.44153	7.7499685	2.544016	11.893565
chr20	23440000	23445000	chr20	23600000	23605000	0,0,0	6.8841047	1.0	3.1149738	2.8435254	4.456889	4.344117	1.3143141	6.871695
chr20	5535000	5540000	chr20	5785000	5790000	0,0,0	5.24493	0.9983373	2.7659912	2.8016043	3.3255382	3.9096692	1.4037206	6.3999844
chr20	17500000	17505000	chr20	17995000	18000000	0,0,0	9.218299	1.0	2.8831897	5.8727293	6.706386	3.7598224	2.135772	8.980026
chr20	1965000	1970000	chr20	2170000	2175000	0,0,0	7.2138376	0.99964726	3.0308263	4.2457786	5.08065	4.1766353	1.6008986	7.950661
chr20	4605000	4610000	chr20	4720000	4725000	0,0,0	14.5158825	1.0	5.858374	5.477974	8.56878	7.2647834	2.8670006	12.134093
chr20	43750000	43755000	chr20	44080000	44085000	0,0,0	10.0586	0.99999225	4.976766	4.2180324	7.1846237	8.02352	2.2162473	11.772882
chr20	20860000	20865000	chr20	21505000	21510000	0,0,0	9.086047	0.99999905	3.5703816	7.7540836	9.291332	6.9906697	3.7659528	13.883189
chr20	40260000	40265000	chr20	40690000	40695000	0,0,0	4.255211	0.99503064	2.2487273	2.0284088	2.8943987	3.5019894	1.2701751	5.3050194
chr20	47675000	47680000	chr20	48295000	48300000	0,0,0	8.229693	1.0	3.0690908	4.0538206	4.677511	3.2392573	1.4256699	6.8426533
chr20	50185000	50190000	chr20	50575000	50580000	0,0,0	8.266325	1.0	3.8314836	2.6808279	4.8128853	4.957486	1.7097826	7.3404446
chr20	21800000	21805000	chr20	22105000	22110000	0,0,0	4.986254	0.99778646	2.1582744	3.441439	3.6971989	3.054734	1.1629033	6.1137905
chr20	50375000	50380000	chr20	50455000	50460000	0,0,0	4.0634813	1.0	2.1905944	1.4467742	1.8138899	2.2371573	0.718494	3.5231788
chr20	45320000	45325000	chr20	45435000	45440000	0,0,0	8.006679	1.0	3.8241453	3.1367972	4.72009	4.916143	1.5049384	7.704407
chr20	20360000	20365000	chr20	20565000	20570000	0,0,0	7.692367	0.9997429	2.4877427	4.979805	6.2498274	3.8405185	1.9946496	8.267012
chr20	47385000	47390000	chr20	47620000	47625000	0,0,0	9.127454	1.0	3.8447728	3.243067	4.371912	3.7448049	1.6967584	6.627531
chr20	16515000	16520000	chr20	16760000	16765000	0,0,0	5.573593	1.0	2.9417703	1.1295905	2.4638598	3.1008751	0.67536163	4.1049557
chr20	55415000	55420000	chr20	56170000	56175000	0,0,0	5.045304	1.0	3.176587	1.6374645	2.034135	3.4740038	1.007745	4.9295278
chr9	87505000	87510000	chr9	87660000	87665000	0,0,0	3.8246758	1.0	2.2276754	1.5060819	1.6134524	2.2884893	0.8946348	3.6272287
chr9	99180000	99185000	chr9	100010000	100015000	0,0,0	6.316144	0.99973786	3.0010853	3.7458797	4.890717	4.9178286	1.542631	8.247499
chr9	7570000	7575000	chr9	8890000	8895000	0,0,0	4.2608814	1.0	2.4319098	1.2860918	2.147289	3.0171463	0.621784	4.1603394
chr9	131755000	131760000	chr9	132235000	132240000	0,0,0	9.510829	0.9999338	4.2480903	4.303126	6.1690044	5.7986403	2.5735533	9.623641
chr9	107480000	107485000	chr9	108275000	108280000	0,0,0	6.6359453	0.9999859	2.3504128	6.073968	8.231412	5.76801	2.8654432	11.167092
chr9	116160000	116165000	chr9	116570000	116575000	0,0,0	6.918886	0.99923134	3.1337445	4.0449023	4.1078367	3.5761113	1.6808622	7.1715803
chr9	21810000	21815000	chr9	22115000	22120000	0,0,0	10.072506	1.0	3.9247274	4.5013614	6.135737	4.792574	2.1931524	8.793784
chr9	76810000	76815000	chr9	77150000	77155000	0,0,0	8.521675	0.9998608	3.8232505	3.6271648	5.8368273	5.6563535	1.8431304	8.8805
chr9	114910000	114915000	chr9	115010000	115015000	0,0,0	6.6508055	1.0	3.0324662	2.5930557	3.576241	3.4272542	1.1995513	5.7321925
chr9	133185000	133190000	chr9	133320000	133325000	0,0,0	6.07168	0.99844503	3.2332559	2.513329	3.467126	4.2329197	1.796567	6.466989
chr9	122095000	122100000	chr9	122450000	122455000	0,0,0	8.383165	1.0	2.7347894	4.709051	5.9640703	3.7157657	2.020576	7.9015894
chr9	114400000	114405000	chr9	114650000	114655000	0,0,0	7.475812	0.9997532	3.61888	3.94658	4.7238445	4.7997165	2.2166681	8.307788
chr9	76760000	76765000	chr9	76995000	77000000	0,0,0	4.016135	0.99494106	2.2042482	1.935421	2.7593336	3.5667772	1.0795201	5.2871513
chr9	110180000	110185000	chr9	110215000	110220000	0,0,0	6.3527355	1.0	2.3666024	3.0391622	4.6953683	3.637607	1.3428766	6.3390846
chr9	100025000	100030000	chr9	100595000	100600000	0,0,0	10.491445	1.0	3.7162874	4.315962	5.090664	3.3473642	1.4561417	7.1837745
chr9	124550000	124555000	chr9	124705000	124710000	0,0,0	4.5921354	0.994522	2.7862537	1.2715249	2.5640771	4.0773067	0.8458073	5.2075515
chr9	107420000	107425000	chr9	108565000	108570000	0,0,0	4.331751	0.9976065	2.1515083	2.8641527	3.314533	3.4897096	1.4261051	6.035623
chr9	77455000	77460000	chr9	77650000	77655000	0,0,0	4.599425	0.9968144	2.1605766	2.714985	3.4062493	3.3364038	1.1329448	5.749724
chr9	805000	810000	chr9	1000000	1005000	0,0,0	6.32183	1.0	2.7036717	2.3551435	2.9607537	2.5341825	1.0990062	4.6276436
chr9	72360000	72365000	chr9	72595000	72600000	0,0,0	4.960115	0.9992954	2.397867	3.2378783	4.239837	4.3805637	1.7783949	7.2586775
chr9	130105000	130110000	chr9	130235000	130240000	0,0,0	5.8474636	1.0	2.6327202	2.7200198	3.1111023	2.787158	1.4629474	5.204953
chr9	35110000	35115000	chr9	35480000	35485000	0,0,0	7.0046797	0.9995508	2.942568	4.1758866	4.8971434	3.9969258	2.4413464	7.708825
chr9	100605000	100610000	chr9	101305000	101310000	0,0,0	6.335381	0.99988467	2.9364	4.278175	5.4628806	5.265565	2.4736037	9.068387
chr9	130460000	130465000	chr9	130680000	130685000	0,0,0	9.623319	0.99997336	3.5182824	5.1021967	7.890997	5.9989796	2.7902942	10.5342655
chr9	6195000	6200000	chr9	6305000	6310000	0,0,0	9.071425	0.99996066	3.183109	5.6021967	7.4881806	5.165206	2.0930562	10.144937
chr9	69670000	69675000	chr9	69930000	69935000	0,0,0	6.106173	0.99891573	2.4548762	3.6359074	4.561229	3.595666	1.6242399	6.8275833
chr9	21810000	21815000	chr9	22240000	22245000	0,0,0	14.768805	1.0	5.7575846	7.297261	9.970674	7.799084	3.273092	14.28554
chr9	83330000	83335000	chr9	83540000	83545000	0,0,0	5.6253014	0.9996222	3.0396676	2.7121792	4.30468	5.4711337	1.4163136	7.8819594
chr9	124770000	124775000	chr9	124850000	124855000	0,0,0	17.709114	1.0	4.544987	10.256005	12.348739	5.9303865	4.096424	15.046836
chr9	21330000	21335000	chr9	21790000	21795000	0,0,0	7.4659104	1.0	3.133975	4.1291995	4.4334188	3.497001	1.552661	7.167401
chr9	90920000	90925000	chr9	91000000	91005000	0,0,0	3.5858257	1.0	2.2619007	0.9413315	1.1584083	1.9871428	0.6005088	2.8238819
chr9	100025000	100030000	chr9	100215000	100220000	0,0,0	6.009809	1.0	3.1615689	1.381994	2.7421377	3.4076827	0.5578853	4.6361217
chr9	73200000	73205000	chr9	74565000	74570000	0,0,0	9.46528	1.0	4.178485	3.1811976	5.3965235	5.1783376	1.9404896	8.006069
chr9	131175000	131180000	chr9	131335000	131340000	0,0,0	6.207029	1.0	2.4611871	3.3141546	3.4792082	2.501161	1.3701414	5.4470763
chr9	19925000	19930000	chr9	20940000	20945000	0,0,0	6.038021	0.9993331	2.5809298	3.7471488	4.6693125	3.9828343	1.9511684	7.3136334
chr9	21705000	21710000	chr9	21785000	21790000	0,0,0	3.7528877	1.0	2.0704846	1.2288753	1.5585048	2.0098226	0.6379008	3.1021562
chr9	131590000	131595000	chr9	131740000	131745000	0,0,0	7.2574725	0.99970025	3.2641094	3.6272597	5.1618176	4.8890905	1.5965849	8.113321
chr9	132410000	132415000	chr9	132800000	132805000	0,0,0	6.472174	0.99961764	2.811947	3.6414585	5.133461	4.6330385	1.6020778	7.8698907
chr9	72040000	72045000	chr9	72825000	72830000	0,0,0	6.3440304	1.0	3.6808925	1.9675393	2.895669	4.165609	1.4390055	5.9145327
chr9	122120000	122125000	chr9	122350000	122355000	0,0,0	10.916837	0.9999994	4.4769177	7.736824	9.328894	7.440799	3.806164	14.317976
chr9	89600000	89605000	chr9	90100000	90105000	0,0,0	20.262455	1.0	7.6492724	12.801988	15.868741	11.516603	5.6599293	22.896147
chr9	104925000	104930000	chr9	105155000	105160000	0,0,0	4.5739408	0.99526733	2.2739532	2.557245	2.9278567	3.0807135	1.0652729	5.3538203
chr9	87335000	87340000	chr9	87660000	87665000	0,0,0	17.375908	1.0	6.3092465	7.886032	11.00928	8.015342	3.1452308	15.025147
chr9	135085000	135090000	chr9	135410000	135415000	0,0,0	13.2532215	0.9999988	3.6438518	8.675574	11.119429	5.932255	2.9135818	13.643877
chr9	91030000	91035000	chr9	91425000	91430000	0,0,0	4.863632	0.99892986	2.7232447	2.1029048	3.6523583	4.971412	1.6871892	6.840661
chr9	133185000	133190000	chr9	133275000	133280000	0,0,0	5.293888	0.9982583	2.0771878	3.2528477	4.405719	3.462119	1.6281668	6.3535395
chr9	33740000	33745000	chr9	33850000	33855000	0,0,0	5.179575	0.99548614	2.385685	2.120998	3.4917123	3.5158308	0.9819508	5.401162
chr9	69970000	69975000	chr9	70110000	70115000	0,0,0	12.135384	0.9999982	4.0686436	7.791856	9.838077	6.296985	2.6999698	13.22308
chr9	37000000	37005000	chr9	37330000	37335000	0,0,0	4.457907	0.9939334	2.1833377	2.2910283	2.924777	3.0690184	1.1959237	5.105488
chr9	13425000	13430000	chr9	14350000	14355000	0,0,0	9.045198	0.99998575	3.5093682	5.1592097	8.093178	6.5747747	2.6021647	11.160739
chr9	90140000	90145000	chr9	90215000	90220000	0,0,0	9.234015	1.0	3.4173539	3.757718	5.563635	4.2214336	1.5781243	7.5616274
chr9	134170000	134175000	chr9	134440000	134445000	0,0,0	13.074655	1.0	4.2150645	7.130588	9.918992	6.397449	3.126373	12.73575
chr9	133175000	133180000	chr9	133480000	133485000	0,0,0	5.0377107	1.0	2.9355812	1.4546673	1.8329394	2.6337745	0.7798893	3.926812
chr9	121210000	121215000	chr9	121395000	121400000	0,0,0	7.3206186	1.0	4.519154	2.1403012	3.0994837	5.070845	1.3907597	6.9733353
chr9	19930000	19935000	chr9	21110000	21115000	0,0,0	6.0063624	0.99993956	2.5361507	4.930449	6.3049917	5.332447	1.9624848	9.715068
chr9	71605000	71610000	chr9	71780000	71785000	0,0,0	4.5404387	0.99489975	2.4736052	1.9345839	2.7874517	3.5593824	1.2463776	5.2790127
chr9	114150000	114155000	chr9	114280000	114285000	0,0,0	4.6219583	0.9961173	2.4880629	2.4500809	2.77994	3.3739433	1.5132803	5.551793
chr9	33080000	33085000	chr9	33225000	33230000	0,0,0	12.423443	0.9999997	4.41601	7.342636	11.378766	8.417236	4.7800045	14.944024
chr9	133790000	133795000	chr9	133990000	133995000	0,0,0	12.883319	0.99999756	4.93964	6.1441193	9.380479	7.4639597	3.034161	12.9254
chr9	128845000	128850000	chr9	128925000	128930000	0,0,0	4.756289	0.9973009	2.1449983	3.2177405	3.4656527	3.0552416	1.521382	5.9154553
chr9	70640000	70645000	chr9	70915000	70920000	0,0,0	4.1638904	0.9844977	2.2520425	1.3681211	2.305576	2.951092	0.9073222	4.1671996
chr9	72290000	72295000	chr9	72590000	72595000	0,0,0	7.1772475	0.99987555	3.81232	4.3656836	4.404601	5.111864	1.7186248	8.992472
chr9	69420000	69425000	chr9	69875000	69880000	0,0,0	10.914953	0.9999956	3.182544	8.68487	9.313968	4.617508	2.9215217	12.337392
chr9	26745000	26750000	chr9	26980000	26985000	0,0,0	7.493954	1.0	3.2707124	2.854971	3.915883	3.5304523	1.5497736	6.0682044
chr9	83935000	83940000	chr9	84315000	84320000	0,0,0	6.420258	0.99988604	2.66748	4.791566	5.897758	4.8215346	1.9138134	9.080705
chr9	120980000	120985000	chr9	121400000	121405000	0,0,0	6.47661	1.0	2.9622908	2.450174	3.3933437	3.2693627	1.1861085	5.447295
chr9	131765000	131770000	chr9	132110000	132115000	0,0,0	3.7874746	0.9806248	2.2093022	1.7055441	1.7151415	2.4281306	1.090759	3.9441702
chr9	105165000	105170000	chr9	105415000	105420000	0,0,0	7.5187635	0.9997395	3.4902723	4.042624	4.888597	4.6604	2.2406266	8.253844
chr9	97710000	97715000	chr9	97905000	97910000	0,0,0	7.195238	0.9998493	3.2339928	4.1429358	5.4995213	5.1186743	2.2069495	8.801284
chr9	123350000	123355000	chr9	123385000	123390000	0,0,0	4.382986	1.0	1.985791	1.8110223	2.449486	2.3160992	0.89620394	3.9258966
chr9	93685000	93690000	chr9	93960000	93965000	0,0,0	6.9062915	0.9996661	2.779957	4.2930317	5.327055	4.189474	1.8257788	8.005503
chr9	127940000	127945000	chr9	128030000	128035000	0,0,0	8.124203	1.0	3.798751	3.8293998	4.7757635	4.638485	1.8418758	8.042396
chr9	135965000	135970000	chr9	136120000	136125000	0,0,0	8.256696	1.0	3.0405464	4.3444586	5.286104	3.6940176	1.8116972	7.5557585
chr9	33620000	33625000	chr9	33720000	33725000	0,0,0	9.166839	1.0	3.6377854	4.1933274	6.377084	5.263936	1.7648867	8.991338
chr9	85695000	85700000	chr9	85780000	85785000	0,0,0	4.8014865	1.0	2.5009336	1.5750134	2.5123544	3.0077603	1.0781791	4.407772
chr9	90220000	90225000	chr9	90870000	90875000	0,0,0	5.7595654	0.9986622	2.824303	2.8008366	3.8690195	4.1277623	1.3723433	6.617395
chr9	133530000	133535000	chr9	133725000	133730000	0,0,0	12.714322	1.0	3.9802115	7.4345393	7.649886	3.981773	2.6876802	10.590252
chr9	17110000	17115000	chr9	17460000	17465000	0,0,0	5.723647	0.999797	2.5106328	4.392257	5.2621098	4.5988536	2.3237689	8.503082
chr9	19475000	19480000	chr9	19920000	19925000	0,0,0	7.222448	1.0	3.6950953	2.477458	3.5423198	4.0630703	1.1431239	6.265255
chr9	18250000	18255000	chr9	18810000	18815000	0,0,0	5.1630673	0.99745965	2.6111085	3.017629	3.1064975	3.293726	1.1531979	5.976063
chr9	114735000	114740000	chr9	115010000	115015000	0,0,0	8.595245	0.99998903	3.1676817	6.450252	8.046919	5.6909122	2.7007613	11.424469
chr9	3730000	3735000	chr9	4225000	4230000	0,0,0	5.22025	0.999812	2.1790302	4.0897465	5.7652106	4.9445095	1.8253552	8.57984
chr9	20625000	20630000	chr9	21105000	21110000	0,0,0	9.947088	1.0	5.034975	2.6229682	3.1110852	3.4001572	1.4084295	5.7316847
chr9	101445000	101450000	chr9	101530000	101535000	0,0,0	5.851353	1.0	2.6519427	2.8025622	3.285365	2.9944887	1.2771624	5.485655
chr9	84395000	84400000	chr9	85605000	85610000	0,0,0	5.5218387	0.9992963	2.4832683	3.3158908	4.584285	4.312501	1.5573411	7.259959
chr9	22010000	22015000	chr9	22115000	22120000	0,0,0	4.022765	0.9926069	2.4596217	1.8707952	2.0443091	3.2447853	0.7793241	4.9077144
chr9	22005000	22010000	chr9	22245000	22250000	0,0,0	5.3732967	0.99731594	2.4477894	2.7988625	3.637652	3.433172	1.3299686	5.92105
chr9	4390000	4395000	chr9	4640000	4645000	0,0,0	4.5583897	0.9938365	2.4814281	2.1003768	2.5732775	3.2226398	0.99098927	5.0896416
chr9	610000	615000	chr9	765000	770000	0,0,0	6.2343626	0.99969566	2.820626	3.8868527	4.985257	4.643298	1.9566741	8.098279
chr9	112110000	112115000	chr9	112360000	112365000	0,0,0	11.467754	0.99999505	5.622472	5.472406	6.993476	7.3522663	2.4314268	12.216627
chr9	99805000	99810000	chr9	100005000	100010000	0,0,0	5.529683	1.0	2.5466855	2.450626	3.196325	3.0674505	1.2883428	5.2457848
chr9	113590000	113595000	chr9	113655000	113660000	0,0,0	4.6147656	1.0	2.1904473	2.0043411	2.4491372	2.4229536	1.1415561	4.2045903
chr9	72870000	72875000	chr9	73080000	73085000	0,0,0	6.7272525	0.99942607	2.815097	3.8521943	4.8558416	4.03955	1.4328521	7.4637227
chr9	115590000	115595000	chr9	116500000	116505000	0,0,0	4.577547	0.99485713	2.3986263	2.1300724	2.8550582	3.3772972	1.3725308	5.2706947
chr9	5190000	5195000	chr9	5425000	5430000	0,0,0	5.316869	0.9983456	2.688751	3.1193113	3.3871698	3.6322572	1.3139424	6.4049783
chr9	69425000	69430000	chr9	69920000	69925000	0,0,0	5.455764	0.9962639	2.9396284	2.0515935	3.0026124	3.7666605	1.2018157	5.590299
chr9	6055000	6060000	chr9	6305000	6310000	0,0,0	10.585519	0.9999759	4.7131214	3.3027182	7.5675087	7.6996593	1.9615308	10.635409
chr9	87945000	87950000	chr9	88575000	88580000	0,0,0	7.030715	0.9996742	2.7789047	4.896348	5.1396074	3.6777806	2.0250597	8.030089
chr9	34900000	34905000	chr9	34985000	34990000	0,0,0	4.368022	0.99108815	2.1893063	2.2136939	2.5723865	2.7531369	1.0600802	4.720865
chr9	113440000	113445000	chr9	113655000	113660000	0,0,0	19.153357	1.0	5.743952	11.693044	14.461348	8.17053	5.784004	18.564348
chr9	127590000	127595000	chr9	127870000	127875000	0,0,0	4.6238146	0.9969708	2.152233	2.5607455	3.5638664	3.5238216	0.99209654	5.8000402
chr9	130705000	130710000	chr9	130865000	130870000	0,0,0	6.867833	1.0	2.7761664	3.579281	4.0746326	3.1180263	1.6779296	6.2996097
chr9	69050000	69055000	chr9	69190000	69195000	0,0,0	10.3812895	1.0	4.411891	4.712365	6.2862754	5.43041	2.410037	9.619179
chr9	72870000	72875000	chr9	73180000	73185000	0,0,0	9.257325	1.0	3.5700605	4.594649	4.848618	3.3601282	1.911317	7.4442606
chr9	137290000	137295000	chr9	137445000	137450000	0,0,0	6.6408467	0.99900395	2.3858013	3.8854918	4.9776697	3.4586706	2.0488389	6.9124413
chr9	111760000	111765000	chr9	112360000	112365000	0,0,0	5.146945	1.0	2.5589445	2.601168	2.6531615	2.7202356	1.2532288	5.032385
chr9	89600000	89605000	chr9	89995000	90000000	0,0,0	5.697123	0.9989773	2.2106526	3.7569036	4.7059984	3.5465639	1.919427	6.8860335
chr9	77450000	77455000	chr9	77750000	77755000	0,0,0	7.3713894	0.99974334	3.4710908	3.7051892	4.983434	4.9751625	2.0450654	8.268664
chr9	113450000	113455000	chr9	113585000	113590000	0,0,0	4.9255133	0.9981765	2.2775183	2.8015556	3.897732	3.8173857	1.5234691	6.3076577
chr9	34435000	34440000	chr9	34590000	34595000	0,0,0	6.155039	0.99965775	2.9652731	3.4632912	4.7307167	4.902259	1.747594	7.98074
chr9	86635000	86640000	chr9	87320000	87325000	0,0,0	5.586464	0.99854684	2.1170037	3.5179963	4.582181	3.4075828	1.2083495	6.534691
chr9	84695000	84700000	chr9	85260000	85265000	0,0,0	6.0086985	0.9999321	2.3818562	5.160306	6.472225	5.0113645	2.294675	9.598303
chr9	98205000	98210000	chr9	98260000	98265000	0,0,0	4.9575367	0.99919087	2.2499332	2.5221267	4.815198	4.878393	1.3954356	7.1202836
chr9	127225000	127230000	chr9	127420000	127425000	0,0,0	5.9742637	1.0	2.9985514	2.9483583	3.0881705	3.2414544	1.5996342	5.8622174
chr9	76755000	76760000	chr9	77150000	77155000	0,0,0	4.095324	0.98475987	2.3765867	1.6607939	1.9134469	2.7079945	0.82944757	4.1842556
chr9	12720000	12725000	chr9	13085000	13090000	0,0,0	7.591347	0.9997683	3.459541	4.150831	5.043605	4.681408	1.643227	8.371036
chr9	91775000	91780000	chr9	91880000	91885000	0,0,0	3.8802044	0.98829675	2.1264608	1.992258	2.1453233	2.6774535	0.7804676	4.44835
chr9	88590000	88595000	chr9	89000000	89005000	0,0,0	10.740676	0.99998957	3.3268638	7.0177054	8.863704	5.233784	2.4356616	11.471745
chr9	115880000	115885000	chr9	116570000	116575000	0,0,0	6.282272	0.9998663	2.5169537	4.7339683	5.987401	4.7129455	2.7258084	8.920917
chr9	37905000	37910000	chr9	38370000	38375000	0,0,0	4.9408526	0.9978035	2.4397097	2.6899047	3.4969504	3.730496	2.1152115	6.1215224
chr9	36995000	37000000	chr9	37260000	37265000	0,0,0	5.5193577	0.99773514	2.1952195	2.8947015	4.2844324	3.5178003	1.0441554	6.0908685
chr9	97470000	97475000	chr9	97610000	97615000	0,0,0	6.901667	0.9995235	2.8032024	3.8815503	5.157293	4.1995826	1.656774	7.64985
chr9	126610000	126615000	chr9	126780000	126785000	0,0,0	5.7219777	1.0	2.926582	1.8242047	2.7117658	3.1258779	1.0808918	4.747393
chr9	87680000	87685000	chr9	87810000	87815000	0,0,0	6.1016164	1.0	3.4627795	1.5298307	3.0781822	4.3272886	0.7930163	5.687138
chr9	74775000	74780000	chr9	75075000	75080000	0,0,0	9.858524	0.9999577	4.509879	4.361995	6.3560944	6.1933336	2.513541	10.0706625
chr9	116735000	116740000	chr9	116860000	116865000	0,0,0	7.220212	1.0	2.7063804	3.3444195	4.556405	3.4035902	1.3747917	6.3764076
chr9	17060000	17065000	chr9	17460000	17465000	0,0,0	6.9100094	0.9999513	2.8117347	5.0611906	6.672184	5.4317865	1.9357431	9.930623
chr9	95730000	95735000	chr9	96220000	96225000	0,0,0	3.8606207	0.988729	2.106101	1.7974575	2.286784	2.888249	0.92490715	4.4859886
chr9	124615000	124620000	chr9	124710000	124715000	0,0,0	5.211405	0.99969715	2.0582867	4.2511926	5.534955	4.3243246	1.8355671	8.103163
chr9	68345000	68350000	chr9	68565000	68570000	0,0,0	7.037983	0.99934185	3.7275724	3.1966047	3.786473	4.485367	2.0342484	7.3267937
chr9	87930000	87935000	chr9	88120000	88125000	0,0,0	45.2376	1.0	10.575436	29.951338	38.105103	17.71305	16.25114	44.336464
chr9	108565000	108570000	chr9	108760000	108765000	0,0,0	6.489877	1.0	2.3221195	4.092653	4.460638	2.8468244	1.5552226	6.484738
chr9	125405000	125410000	chr9	126230000	126235000	0,0,0	7.8235908	0.9996641	3.409335	3.7412777	5.1817484	4.673956	2.0124104	7.999536
chr9	19050000	19055000	chr9	19175000	19180000	0,0,0	6.354512	1.0	2.4062967	3.3651147	4.0504355	2.9140978	1.4162185	5.9053106
chr9	107465000	107470000	chr9	108565000	108570000	0,0,0	8.72611	0.9999646	3.4220767	6.2090015	6.6296673	4.730165	2.9819381	10.249278
chr9	90910000	90915000	chr9	91425000	91430000	0,0,0	8.501474	0.99994385	3.4214716	4.8756423	6.7015944	5.454879	2.6161904	9.788783
chr9	127590000	127595000	chr9	127920000	127925000	0,0,0	10.413395	1.0	3.6434014	4.8179507	6.067807	4.06216	2.5256171	8.344783
chr9	34895000	34900000	chr9	35475000	35480000	0,0,0	5.033519	0.99853325	2.4458575	2.9693	3.7569191	3.8859987	1.7761858	6.5253763
chr9	90140000	90145000	chr9	90755000	90760000	0,0,0	8.267653	0.9999944	3.2343667	5.3680077	8.817232	7.319239	2.107167	12.090801
chr9	135085000	135090000	chr9	135340000	135345000	0,0,0	4.052111	0.99555385	2.4455242	1.3590579	2.6758664	4.208226	0.63707626	5.4162774
chr9	96855000	96860000	chr9	97400000	97405000	0,0,0	8.129713	0.9999144	3.4105191	4.495755	6.2480793	5.3707557	2.4511724	9.366982
chr9	21250000	21255000	chr9	21785000	21790000	0,0,0	5.649077	1.0	2.9571872	2.6768966	2.7806904	3.152848	1.3497907	5.5323114
chr9	114740000	114745000	chr9	114905000	114910000	0,0,0	9.670732	0.99999887	3.7061744	7.1088085	9.644595	7.3773212	3.217923	13.696262
chr9	72590000	72595000	chr9	72820000	72825000	0,0,0	3.9685729	1.0	2.3007445	1.3151784	1.5833466	2.2436068	0.6039499	3.4126544
chr9	90225000	90230000	chr9	90640000	90645000	0,0,0	4.6196384	0.99970084	2.4406028	3.1787174	4.3917556	5.289793	1.6056329	8.11532
chr9	3730000	3735000	chr9	4370000	4375000	0,0,0	5.8657265	0.9986907	2.6028528	3.2935684	4.123544	3.711374	1.354988	6.6389904
chr9	129735000	129740000	chr9	129780000	129785000	0,0,0	5.1664796	0.99969935	2.1259465	4.3555937	5.280224	4.2388787	1.6682111	8.1105175
chr9	69970000	69975000	chr9	70600000	70605000	0,0,0	7.3067822	1.0	3.993006	1.8543773	2.5928438	3.3190696	1.3037883	4.967405
chr9	33555000	33560000	chr9	38585000	38590000	0,0,0	53.647827	1.0	11.398258	13.632338	17.027504	7.2592077	5.7747817	19.37684
chr9	83335000	83340000	chr9	83595000	83600000	0,0,0	4.0608087	0.9965085	2.103827	2.43844	3.0412555	3.49051	1.4851117	5.6580124
chr9	18255000	18260000	chr9	19020000	19025000	0,0,0	10.910299	1.0	4.839182	4.395014	6.8665266	6.5181637	2.7948349	10.424843
chr9	127500000	127505000	chr9	127585000	127590000	0,0,0	6.0360913	0.9980684	2.7016783	2.4001234	4.1946373	4.1166096	1.2586993	6.250052
chr9	121685000	121690000	chr9	121990000	121995000	0,0,0	4.834374	0.99787164	2.2527626	2.991115	3.6384995	3.494275	1.6687852	6.153044
chr9	109900000	109905000	chr9	110060000	110065000	0,0,0	4.774873	0.99756765	2.330237	2.6977148	3.466571	3.6215596	1.2351205	6.0195284
chr9	96325000	96330000	chr9	96665000	96670000	0,0,0	5.5991955	0.99886173	3.486946	2.4350424	2.7782693	4.6144786	1.3642	6.7789607
chr9	32380000	32385000	chr9	32575000	32580000	0,0,0	12.319149	0.9999971	5.5179787	5.3694077	8.301032	7.9624066	3.3505151	12.735213
chr9	92135000	92140000	chr9	92450000	92455000	0,0,0	6.5661783	0.9995883	2.7129188	3.8206704	5.2381263	4.3999414	1.6673281	7.796093
chr9	74770000	74775000	chr9	75000000	75005000	0,0,0	7.701732	0.9998975	3.623305	3.7324033	5.734863	5.868808	2.447173	9.1865
chr9	73105000	73110000	chr9	73180000	73185000	0,0,0	11.232054	0.9999874	3.8189235	6.5344553	8.369868	5.4760914	2.379587	11.284495
chr9	104780000	104785000	chr9	105405000	105410000	0,0,0	7.0704722	0.9997548	3.0712097	4.0981607	5.2990227	4.6714535	2.1792681	8.314263
chr9	12720000	12725000	chr9	12880000	12885000	0,0,0	12.422413	0.9999999	5.0495973	7.5457163	11.215096	9.45469	3.1645072	16.161993
chr9	70110000	70115000	chr9	70595000	70600000	0,0,0	5.1885896	1.0	2.6154218	1.9974251	2.7532	3.0663893	0.98800516	4.8418784
chr9	37905000	37910000	chr9	38260000	38265000	0,0,0	4.0148907	0.9921554	2.030929	1.9798744	2.7535841	3.0885375	1.1794847	4.848426
chr9	100500000	100505000	chr9	100590000	100595000	0,0,0	4.1561728	1.0	2.0861006	1.255574	2.2275996	2.552978	0.9109351	3.6690438
chr9	115590000	115595000	chr9	116570000	116575000	0,0,0	8.434071	0.9999991	2.4957082	9.197984	10.717437	5.74622	3.0817175	13.922206
chr9	19045000	19050000	chr9	19455000	19460000	0,0,0	11.334245	1.0	4.133676	5.183201	6.9637265	5.0188313	1.9860425	9.626121
chr9	115885000	115890000	chr9	116495000	116500000	0,0,0	3.968469	0.9928013	2.257198	2.0974507	2.2759366	3.06997	1.1199181	4.9343705
chr9	9605000	9610000	chr9	9790000	9795000	0,0,0	4.050248	0.9899839	2.3567388	1.532058	2.2418838	3.2422128	0.87825644	4.604042
chr9	73195000	73200000	chr9	73565000	73570000	0,0,0	4.7732267	0.99745464	2.6025236	2.7267241	2.8816695	3.5503457	1.5140008	5.9741006
chr9	4760000	4765000	chr9	4925000	4930000	0,0,0	5.6375275	0.9984501	2.4499323	2.759146	4.3367324	4.017673	1.3432145	6.4702473
chr9	17810000	17815000	chr9	18210000	18215000	0,0,0	12.132972	0.99999774	5.6750364	5.2801914	8.168378	8.302738	2.862834	12.996243
chr9	76810000	76815000	chr9	76985000	76990000	0,0,0	6.6543455	0.9999246	3.318845	3.8570926	5.5070605	6.0652866	1.908297	9.4938135
chr9	126310000	126315000	chr9	126485000	126490000	0,0,0	4.831246	1.0	2.6908252	1.5150919	2.2141533	2.9460924	0.93461704	4.292841
chr9	83935000	83940000	chr9	84260000	84265000	0,0,0	13.213132	0.99999994	4.5301886	9.3339815	12.319461	8.246401	3.6653965	16.543272
chr9	85815000	85820000	chr9	86240000	86245000	0,0,0	8.138297	1.0	3.4023683	3.9362123	4.614454	3.7405543	1.5548462	7.23941
chr9	68585000	68590000	chr9	68995000	69000000	0,0,0	11.524931	0.99999994	4.5876145	8.2823715	11.619053	9.394633	4.770051	16.75674
chr9	130865000	130870000	chr9	130995000	131000000	0,0,0	7.4764657	0.99976844	2.6290212	4.788095	6.0867443	4.115349	1.8720772	8.371433
chr9	104175000	104180000	chr9	104385000	104390000	0,0,0	6.38753	0.99965346	2.893555	3.1249626	5.2479134	5.1905494	1.3332446	7.968294
chr9	72345000	72350000	chr9	72820000	72825000	0,0,0	4.2209954	0.99189484	2.2711706	1.7864763	2.582643	3.227774	0.84089345	4.8157525
chr9	345000	350000	chr9	890000	895000	0,0,0	5.1580954	0.9975683	2.1613445	3.281097	3.8241153	3.1032703	1.5212333	6.019801
chr9	4760000	4765000	chr9	4985000	4990000	0,0,0	7.1523576	0.9992325	3.1206663	3.6674461	4.484054	3.9131382	1.7895185	7.17309
chr9	32580000	32585000	chr9	32965000	32970000	0,0,0	13.820319	0.9999999	5.9984035	6.8900075	10.79191	9.974621	3.583566	16.099072
chr9	14465000	14470000	chr9	14765000	14770000	0,0,0	6.495989	0.9990213	2.4158475	4.000325	4.800971	3.3741255	1.6374661	6.9299703
chr9	76445000	76450000	chr9	76655000	76660000	0,0,0	7.2070584	0.99997205	3.2044153	4.674745	6.76245	6.3310146	2.4585419	10.486343
chr9	129640000	129645000	chr9	129780000	129785000	0,0,0	11.6603985	1.0	4.809125	4.3297567	5.309599	4.292799	2.0710895	8.141472
chr9	99000000	99005000	chr9	99140000	99145000	0,0,0	8.442636	1.0	2.788968	4.8995805	5.8971047	3.6220589	1.9068227	7.977241
chr9	36245000	36250000	chr9	36330000	36335000	0,0,0	6.4921494	0.99985105	3.126877	3.092022	5.591909	6.0644565	1.6182611	8.812921
chr9	75875000	75880000	chr9	76305000	76310000	0,0,0	4.164107	1.0	2.204449	1.6041737	1.9514805	2.3187702	0.8236361	3.744702
chr9	100025000	100030000	chr9	100320000	100325000	0,0,0	4.587284	1.0	2.5739958	1.4805228	1.6053771	2.1044886	0.6734028	3.4205089
chr9	36410000	36415000	chr9	36725000	36730000	0,0,0	7.023238	1.0	2.8287058	3.7877824	4.506593	3.4918582	1.4116749	6.858776
chr9	70345000	70350000	chr9	70485000	70490000	0,0,0	4.4543695	0.99294645	2.0259345	2.552037	2.9446476	2.6862605	1.1413313	4.954738
chr9	94680000	94685000	chr9	95125000	95130000	0,0,0	7.245068	0.9999941	3.3016713	6.00798	7.2342916	6.698258	3.38525	12.038684
chr9	32375000	32380000	chr9	32530000	32535000	0,0,0	4.9365706	0.9960258	2.9568987	2.2120726	2.3581026	3.562215	0.8378333	5.5285015
chr9	94060000	94065000	chr9	94210000	94215000	0,0,0	8.806074	0.9999509	3.9874175	3.433237	6.7664623	6.8700204	2.3409212	9.921786
chr9	86485000	86490000	chr9	87320000	87325000	0,0,0	9.345935	0.9999765	3.7305856	4.953512	7.5315084	6.257553	2.271043	10.660675
chr9	36100000	36105000	chr9	36165000	36170000	0,0,0	4.8712687	0.9969367	1.9770308	2.9575768	3.8952928	3.15989	1.2231622	5.788847
chr9	380000	385000	chr9	765000	770000	0,0,0	5.4879165	0.99967736	2.7647772	3.6436229	4.4116883	4.8011036	2.0342295	8.03988
chr9	27030000	27035000	chr9	27275000	27280000	0,0,0	10.452492	0.9999948	4.104262	5.585988	8.752251	7.200747	2.48861	12.16607
chr9	88105000	88110000	chr9	88575000	88580000	0,0,0	5.926571	0.99937797	2.6079974	3.623037	4.648281	4.1628323	1.3610607	7.3833094
chr9	72035000	72040000	chr9	72270000	72275000	0,0,0	12.994785	1.0	5.854788	4.490287	8.645084	8.69356	3.0191479	12.684926
chr9	70925000	70930000	chr9	70995000	71000000	0,0,0	4.2910533	0.99357164	2.427411	1.8163041	2.5171618	3.4330688	1.2037506	5.047561
chr9	90225000	90230000	chr9	90755000	90760000	0,0,0	9.798699	1.0	4.1143947	6.5570726	12.485588	11.563146	4.1352673	17.391655
chr9	12550000	12555000	chr9	12635000	12640000	0,0,0	4.3085713	0.98953736	2.2827415	1.5229386	2.5889127	3.206695	0.8128636	4.560418
chr9	98850000	98855000	chr9	98995000	99000000	0,0,0	7.66049	0.99986094	3.2782583	4.4743648	5.701355	4.904192	1.7980455	8.881405
chr9	111760000	111765000	chr9	112075000	112080000	0,0,0	21.701586	1.0	7.467461	11.173193	15.851166	10.986271	4.584704	20.917997
chr9	124415000	124420000	chr9	124715000	124720000	0,0,0	5.1876807	1.0	2.362117	2.2528083	2.646451	2.4307132	1.1417469	4.4332094
chr9	109900000	109905000	chr9	110150000	110155000	0,0,0	10.272452	0.9999825	4.174889	5.2805233	7.517165	6.2579	1.9917878	10.951699
chr9	19925000	19930000	chr9	20340000	20345000	0,0,0	4.261682	0.98591346	2.3412066	1.8645786	2.0693648	2.6055727	0.8444733	4.2629757
chr9	89595000	89600000	chr9	90215000	90220000	0,0,0	11.380277	1.0	4.0085707	4.2156916	5.650584	3.9181871	1.6477736	7.665468
chr9	18255000	18260000	chr9	18445000	18450000	0,0,0	4.6720133	0.9936082	2.618247	1.9607126	2.4905152	3.3104029	1.0970783	5.0532584
chr9	32375000	32380000	chr9	32965000	32970000	0,0,0	12.811571	1.0	4.5766106	5.7058716	7.409578	5.146318	2.1875868	10.218204
chr9	90910000	90915000	chr9	91725000	91730000	0,0,0	6.138829	1.0	3.3915722	2.2196608	2.9783201	3.8734312	1.1689893	5.846463
chr9	69670000	69675000	chr9	69875000	69880000	0,0,0	4.2570167	0.9974377	2.0780199	2.5278804	3.5087426	3.720481	1.2689991	5.967486
chr9	71805000	71810000	chr9	72025000	72030000	0,0,0	8.935712	1.0	4.551152	2.5692651	4.07023	4.7006464	1.543204	6.9844375
chr9	125250000	125255000	chr9	125370000	125375000	0,0,0	4.4854045	1.0	2.2552373	1.7403669	2.2984776	2.5316906	0.98473	4.0786834
chr9	36405000	36410000	chr9	36555000	36560000	0,0,0	10.603764	0.999981	3.1800044	6.9340296	8.426605	4.708938	2.2721322	10.8725195
chr9	98315000	98320000	chr9	98790000	98795000	0,0,0	6.802194	1.0	2.9802976	2.8111064	4.4072747	4.122452	1.3407792	6.621213
chr9	70640000	70645000	chr9	71000000	71005000	0,0,0	7.501452	1.0	3.289684	3.858374	4.5826273	3.9930506	1.8524673	7.4227166
chr9	4380000	4385000	chr9	4750000	4755000	0,0,0	5.395059	1.0	2.802751	2.16909	2.7275302	3.1494334	0.9199558	5.077513
chr9	21310000	21315000	chr9	21455000	21460000	0,0,0	4.0221667	0.9932714	2.0827951	2.1541877	2.6913059	3.087078	1.0910124	5.0019116
chr9	115880000	115885000	chr9	116145000	116150000	0,0,0	3.6657183	0.99511284	1.9814423	1.9233072	2.8588793	3.6120856	1.2538939	5.321692
chr9	126705000	126710000	chr9	126770000	126775000	0,0,0	5.0877094	0.9951257	2.5514195	2.7095609	2.7924852	2.9158354	1.2057029	5.3243337
chr9	18430000	18435000	chr9	19025000	19030000	0,0,0	4.9175773	0.99468905	2.0935593	2.974893	3.2130702	2.5941782	1.0606403	5.238528
chr9	96855000	96860000	chr9	97110000	97115000	0,0,0	8.558874	0.9999446	3.48041	4.7420297	6.716584	5.5868344	2.6128457	9.801971
chr9	97410000	97415000	chr9	97615000	97620000	0,0,0	4.7399464	0.9919971	2.5356114	2.299673	2.3587532	2.784304	1.1804245	4.828458
chr9	110635000	110640000	chr9	111300000	111305000	0,0,0	8.023209	0.99999034	4.078404	4.359199	6.6920667	7.6731806	2.5880744	11.548025
chr9	70490000	70495000	chr9	70600000	70605000	0,0,0	3.689345	1.0	2.1292014	1.2105931	1.6813965	2.3846853	0.6421258	3.460768
chr9	36870000	36875000	chr9	36990000	36995000	0,0,0	12.307194	0.99999857	4.396537	7.340712	9.846249	6.933339	3.2170236	13.458417
chr9	98845000	98850000	chr9	99140000	99145000	0,0,0	7.316377	1.0	3.7202413	2.6593504	3.1575584	3.4789019	1.1094712	5.8427687
chr9	100710000	100715000	chr9	101310000	101315000	0,0,0	6.2719493	0.9999659	2.826966	5.8699837	5.8941674	5.0698514	1.9293001	10.287615
chr9	17525000	17530000	chr9	18205000	18210000	0,0,0	12.468063	1.0	5.8596044	4.350404	7.4802136	7.791665	2.1061373	11.65869
chr9	120740000	120745000	chr9	121060000	121065000	0,0,0	8.363015	0.9999422	3.752182	4.4320993	6.191127	5.8195424	1.9633003	9.759186
chr9	385000	390000	chr9	805000	810000	0,0,0	4.2154493	0.9992657	2.0677679	3.640244	3.9252698	3.9815092	1.846052	7.2172823
chr9	83835000	83840000	chr9	83910000	83915000	0,0,0	8.1036005	1.0	3.6202	2.9936383	4.64088	4.4389505	1.4991145	7.099962
chr9	131055000	131060000	chr9	131335000	131340000	0,0,0	17.60099	1.0	5.269409	9.116378	10.627972	5.7687826	3.1991572	13.872231
chr9	114675000	114680000	chr9	115515000	115520000	0,0,0	6.6292753	1.0	3.6915882	2.3182664	2.3467124	3.002614	1.3716793	5.0632954
chr9	21815000	21820000	chr9	22000000	22005000	0,0,0	7.256729	1.0	4.0121317	2.2771451	3.220781	4.2158356	1.1798359	6.2399645
chr9	86030000	86035000	chr9	86240000	86245000	0,0,0	3.641656	0.98996824	2.0019293	1.9386294	2.268742	2.879253	0.84865516	4.602479
chr9	114105000	114110000	chr9	114290000	114295000	0,0,0	6.7635207	0.99964297	3.2782497	3.5194845	4.632064	4.8100924	1.6692544	7.9385233
chr9	90910000	90915000	chr9	91670000	91675000	0,0,0	5.5012693	0.9986629	2.4077046	3.1009572	4.264387	3.8615413	1.6135385	6.6179476
chr9	17530000	17535000	chr9	17800000	17805000	0,0,0	10.963934	0.99999994	4.7743015	7.2808714	11.121857	10.263485	3.6133263	16.73537
chr9	93155000	93160000	chr9	93300000	93305000	0,0,0	5.810025	0.99729866	2.6227324	2.8271985	3.6561935	3.401546	1.8622478	5.9146113
chr9	70340000	70345000	chr9	70600000	70605000	0,0,0	12.357984	1.0	4.4733806	6.76226	8.7629	6.1708794	2.5221798	12.181777
chr9	126935000	126940000	chr9	127200000	127205000	0,0,0	10.184233	0.9999988	4.645746	5.6709547	8.770748	8.617813	4.2310386	13.658662
chr9	890000	895000	chr9	995000	1000000	0,0,0	10.298293	0.9999796	4.4408317	5.027293	7.086526	6.3335605	2.6353133	10.802266
chr9	92715000	92720000	chr9	92790000	92795000	0,0,0	6.8823276	1.0	2.9486501	3.3710003	4.1851726	3.5771725	1.5660481	6.5736175
chr9	86430000	86435000	chr9	87325000	87330000	0,0,0	7.0925655	0.99996394	3.3349931	4.536081	6.2014923	6.1993365	2.448361	10.231408
chr9	35120000	35125000	chr9	35255000	35260000	0,0,0	8.728228	1.0	3.736594	3.2895124	5.0750694	4.596051	1.671539	7.5200615
chr9	121550000	121555000	chr9	121995000	122000000	0,0,0	5.997057	0.9988915	3.0723498	3.1039958	3.6338563	4.0463314	2.236158	6.805439
chr9	115595000	115600000	chr9	116650000	116655000	0,0,0	5.716522	0.99972284	3.0410888	3.4204683	4.2802615	5.151406	2.294978	8.191822
chr9	114435000	114440000	chr9	114655000	114660000	0,0,0	5.5946074	0.99942535	3.0037875	3.1463609	3.8265748	4.6657715	1.5257881	7.462537
chr9	15205000	15210000	chr9	15605000	15610000	0,0,0	5.657631	0.9988604	2.6421397	3.4072235	3.940981	3.7491634	1.8716848	6.7778063
chr9	129170000	129175000	chr9	129610000	129615000	0,0,0	8.967942	0.9999975	3.4531233	7.50704	8.64407	6.229722	2.8183756	12.902646
chr9	20625000	20630000	chr9	20940000	20945000	0,0,0	12.174444	0.9999965	3.833297	7.3433323	9.76833	6.027182	2.8113985	12.554588
chr9	6585000	6590000	chr9	6665000	6670000	0,0,0	6.480908	0.9989741	2.843857	3.5467167	4.262028	3.730264	1.4353938	6.8829007
chr9	22045000	22050000	chr9	22120000	22125000	0,0,0	3.6634552	0.98492944	2.0378263	1.6050088	2.1063962	2.7687736	0.87448174	4.195448
chr9	21815000	21820000	chr9	22035000	22040000	0,0,0	5.6367717	1.0	2.8142164	1.7660358	2.9412842	3.3180666	1.2120291	4.887876
chr9	68340000	68345000	chr9	68505000	68510000	0,0,0	9.0117445	1.0	3.9221406	4.0999446	5.5470676	4.964537	1.8001306	8.6089325
chr9	109570000	109575000	chr9	109815000	109820000	0,0,0	7.8259273	0.99996346	3.3800986	4.386112	6.8765	6.318838	1.8468266	10.217605
chr9	175000	180000	chr9	305000	310000	0,0,0	9.3569765	0.99996287	3.2124975	5.872095	7.530992	4.981631	2.1781766	10.201271
chr9	37745000	37750000	chr9	38360000	38365000	0,0,0	7.3104925	0.99995023	2.3131964	6.800074	7.183312	3.8641434	2.4845023	9.908653
chr9	94550000	94555000	chr9	95130000	95135000	0,0,0	4.9405084	1.0	2.5053334	1.8963556	2.636504	2.9688394	0.8356272	4.654489
chr9	127210000	127215000	chr9	127395000	127400000	0,0,0	6.489341	1.0	2.8078713	3.001975	3.9230158	3.450561	1.412414	6.1189833
chr9	124130000	124135000	chr9	124325000	124330000	0,0,0	5.0535975	0.9976791	2.340633	3.0913978	3.542887	3.3185265	1.7137537	6.066436
chr9	22125000	22130000	chr9	22235000	22240000	0,0,0	6.0717144	0.9984236	2.5601392	3.4441624	4.1095533	3.3917885	1.2345734	6.453266
chr9	72280000	72285000	chr9	72820000	72825000	0,0,0	13.826236	0.9999999	6.025403	7.810501	10.348461	9.225877	3.4171586	16.168545
chr9	109570000	109575000	chr9	109650000	109655000	0,0,0	6.008343	0.99839664	2.518092	2.9572573	4.363344	3.807646	1.4699771	6.4363194
chr9	6580000	6585000	chr9	6735000	6740000	0,0,0	5.0319686	1.0	2.5789943	1.6348386	2.460124	2.84983	0.8075835	4.30302
chr9	110180000	110185000	chr9	110620000	110625000	0,0,0	7.50196	1.0	3.0694954	3.4501214	4.8065085	4.0082345	2.1533198	7.0750093
chr9	98070000	98075000	chr9	98260000	98265000	0,0,0	6.7127337	1.0	3.2613301	2.777193	3.8943033	4.107297	1.265306	6.575913
chr9	70920000	70925000	chr9	71250000	71255000	0,0,0	8.728885	1.0	3.0539894	5.6459126	5.83724	3.506692	2.107291	8.525281
chr9	27330000	27335000	chr9	27545000	27550000	0,0,0	9.20921	0.9999789	3.6451006	6.0811205	7.1241755	5.361758	2.573441	10.7671995
chr9	94780000	94785000	chr9	95125000	95130000	0,0,0	8.595095	0.9999917	2.6654744	6.8788185	9.177145	5.5897694	3.0691786	11.704275
chr9	21560000	21565000	chr9	21785000	21790000	0,0,0	3.6409483	0.9749023	2.0696976	1.64067	1.6646906	2.2269864	0.69766676	3.6853597
chr9	114680000	114685000	chr9	114910000	114915000	0,0,0	6.432593	0.9995212	3.1462383	3.3094645	4.448032	4.7032657	1.5301461	7.645012
chr9	70410000	70415000	chr9	70600000	70605000	0,0,0	4.9173117	0.9954941	2.3160927	2.2554386	3.3380814	3.3981059	0.95810556	5.4029403
chr9	110450000	110455000	chr9	110620000	110625000	0,0,0	5.091971	0.9942941	2.529551	2.3886116	2.8683083	3.043584	1.2886679	5.166795
chr9	89320000	89325000	chr9	89545000	89550000	0,0,0	7.9967833	1.0	3.7079787	3.0766397	3.8777518	3.7283468	1.5088834	6.4631376
chr9	123540000	123545000	chr9	124040000	124045000	0,0,0	7.7541113	0.9999462	3.5426154	3.719762	6.4830976	6.5245233	2.1000369	9.830978
chr9	127945000	127950000	chr9	128115000	128120000	0,0,0	7.6808176	1.0	3.4425898	3.443521	3.885232	3.442382	1.8574485	6.5032897
chr9	88170000	88175000	chr9	88570000	88575000	0,0,0	4.6874022	0.99273956	2.8352299	1.861108	2.1106687	3.2715085	0.97725046	4.9258265
chr9	13425000	13430000	chr9	14425000	14430000	0,0,0	7.5711417	0.99999785	3.4505732	5.959717	8.113712	7.7478204	3.1009438	13.045347
chr9	20355000	20360000	chr9	20940000	20945000	0,0,0	6.777762	0.99993724	3.0789812	4.5758095	5.9635406	5.6095457	1.7759682	9.676932
chr9	62830000	62835000	chr9	63780000	63785000	0,0,0	569.42896	1.0	103.85685	44.2775	48.69495	16.088509	16.581951	55.44629
chr9	113305000	113310000	chr9	113405000	113410000	0,0,0	5.5394406	0.9970462	1.9801769	3.4281356	4.1342344	2.778031	1.2714491	5.8252625
chr9	114680000	114685000	chr9	115010000	115015000	0,0,0	8.584706	0.9999646	4.001812	4.439988	6.3291974	6.30256	1.9304116	10.249216
chr9	84695000	84700000	chr9	85420000	85425000	0,0,0	3.9372332	0.9951333	2.077964	1.686934	3.0862708	3.826396	0.78414565	5.325893
chr9	129135000	129140000	chr9	129620000	129625000	0,0,0	21.388704	1.0	7.020928	14.226484	18.078255	11.355212	5.85281	24.000975
chr9	20355000	20360000	chr9	21100000	21105000	0,0,0	5.496488	0.9993294	2.3020978	3.8932586	4.68969	3.8474274	1.6958647	7.308101
chr9	123080000	123085000	chr9	123345000	123350000	0,0,0	10.382922	0.9999966	3.198424	8.012058	9.606104	5.4682746	2.8251147	12.590104
chr9	121740000	121745000	chr9	121990000	121995000	0,0,0	3.4986167	0.9847291	2.0440583	1.6293142	1.9021816	2.733962	1.2377015	4.1822414
chr9	83935000	83940000	chr9	84175000	84180000	0,0,0	5.0149684	0.99438083	2.7966073	1.8961157	2.6336503	3.4966686	1.2986696	5.1821046
chr9	122460000	122465000	chr9	122805000	122810000	0,0,0	9.038127	0.9999853	4.155661	4.119051	7.332041	7.465087	2.4902	11.126466
chr9	27725000	27730000	chr9	28070000	28075000	0,0,0	5.597922	1.0	2.7079275	2.0903645	3.344938	3.584245	1.178113	5.442347
chr9	126300000	126305000	chr9	126395000	126400000	0,0,0	5.303599	0.99638665	3.2092273	1.827358	2.5562875	3.9993837	1.2453045	5.6237016
chr9	107485000	107490000	chr9	108055000	108060000	0,0,0	7.0953264	0.99992704	2.8627896	4.7712464	6.4935236	5.285161	2.2276976	9.526269
chr9	90140000	90145000	chr9	90870000	90875000	0,0,0	8.385345	1.0	3.5072978	3.4226792	5.183812	4.543371	1.5450059	7.5857525
chr9	73685000	73690000	chr9	74565000	74570000	0,0,0	6.704097	0.99987936	3.1125298	4.2933083	5.4068217	5.207395	2.2372878	9.023669
chr9	72875000	72880000	chr9	73015000	73020000	0,0,0	5.1565504	0.9984106	2.6698217	2.943406	3.38471	3.8286917	1.4955351	6.4450526
chr9	92135000	92140000	chr9	92635000	92640000	0,0,0	8.874427	0.9999772	3.24054	6.178671	7.512641	5.19591	3.2861507	10.688063
chr9	96230000	96235000	chr9	96315000	96320000	0,0,0	10.072982	1.0	3.651175	4.128065	5.750471	4.175413	1.5628846	7.8448052
chr9	120755000	120760000	chr9	120935000	120940000	0,0,0	9.733677	0.99998754	4.3305745	5.371005	7.1084495	6.517792	2.320683	11.292019
chr9	114485000	114490000	chr9	114650000	114655000	0,0,0	4.6013913	0.99661124	2.2511864	2.3069036	3.3858254	3.6372948	0.86313224	5.6878757
chr9	100700000	100705000	chr9	101235000	101240000	0,0,0	4.6630955	0.9994044	2.316591	3.3497708	4.164395	4.4490623	1.2897528	7.4266367
chr9	21230000	21235000	chr9	21455000	21460000	0,0,0	4.631217	0.9953414	2.1870823	2.3450928	3.2552986	3.285079	1.0973979	5.369606
chr9	22245000	22250000	chr9	22450000	22455000	0,0,0	7.6859145	1.0	2.408417	4.2761874	5.913959	3.7040029	1.5801555	7.505059
chr9	105610000	105615000	chr9	105710000	105715000	0,0,0	4.05845	1.0	2.246829	1.6868798	1.8984067	2.4316678	0.9190569	3.9311163
chr9	76445000	76450000	chr9	76705000	76710000	0,0,0	6.6157184	0.9998065	2.4923704	4.317667	6.1687613	4.713265	1.9074838	8.551191
chr9	86485000	86490000	chr9	86635000	86640000	0,0,0	4.527109	0.99282676	2.110542	2.533557	2.8517375	2.6858554	0.9938745	4.9379063
chr9	21465000	21470000	chr9	21785000	21790000	0,0,0	14.604936	0.99999976	6.3725433	6.3240395	10.232441	9.586865	3.2550066	15.208235
chr9	132505000	132510000	chr9	132795000	132800000	0,0,0	11.193218	0.99999803	3.02269	9.218873	10.392732	4.95887	3.5305967	13.153424
chr9	113310000	113315000	chr9	113660000	113665000	0,0,0	5.6966085	1.0	2.7562754	2.6153965	2.920187	2.9175162	1.3634083	5.2423134
chr9	124545000	124550000	chr9	124745000	124750000	0,0,0	5.1580167	0.9949912	2.455404	2.5669084	3.0532458	3.0154047	1.2132972	5.297101
chr9	115010000	115015000	chr9	115525000	115530000	0,0,0	7.4286375	0.9999566	2.7869613	5.910408	6.8533473	4.7929044	2.4405293	10.0466
chr9	99265000	99270000	chr9	100010000	100015000	0,0,0	6.8328414	0.99997437	2.50201	5.5288696	7.707501	5.6593943	2.119009	10.573945
chr9	110215000	110220000	chr9	110625000	110630000	0,0,0	5.9673815	1.0	2.772109	2.435104	3.027292	2.9090793	1.111849	5.073616
chr9	33400000	33405000	chr9	33465000	33470000	0,0,0	5.8054237	0.9995851	2.304898	4.4681625	5.103641	3.816586	1.576416	7.7882857
chr9	109570000	109575000	chr9	109885000	109890000	0,0,0	4.0020437	0.99213326	2.0551813	1.994225	2.6860619	3.072969	1.1896808	4.8456135
chr9	22305000	22310000	chr9	22450000	22455000	0,0,0	9.605684	0.9999693	3.84545	4.872042	7.3018355	6.0620704	2.39298	10.392775
chr9	69420000	69425000	chr9	69545000	69550000	0,0,0	8.955974	0.9998903	4.0517373	3.5585012	6.0231037	5.9558845	1.8467306	9.118997
chr9	84395000	84400000	chr9	85255000	85260000	0,0,0	6.6386027	1.0	3.3382764	2.2094345	3.9025373	4.482193	1.3997893	6.4461346
chr9	104860000	104865000	chr9	105410000	105415000	0,0,0	3.5841396	0.9968086	2.2394516	1.1066288	2.816183	4.7642207	1.0923893	5.747891
chr9	6350000	6355000	chr9	6565000	6570000	0,0,0	10.604063	1.0	4.200711	5.5685167	6.895918	5.3097534	2.2010908	10.259545
chr9	121315000	121320000	chr9	121400000	121405000	0,0,0	4.8577456	0.9939188	2.5807996	1.2798247	3.0974936	3.965457	0.9745347	5.103079
chr9	136485000	136490000	chr9	136630000	136635000	0,0,0	23.68738	1.0	5.706382	15.940275	19.666477	9.131517	6.046569	23.300652
chr9	6355000	6360000	chr9	6660000	6665000	0,0,0	4.6689463	1.0	2.5331125	1.5652264	2.1673079	2.7357569	1.0003672	4.1270695
chr8	47300000	47305000	chr8	47735000	47740000	0,0,0	8.256915	0.99997956	3.1939023	6.169712	7.262786	5.3159714	3.3236282	10.800159
chr8	69660000	69665000	chr8	69940000	69945000	0,0,0	6.3845205	0.99851227	2.574286	3.3897886	4.3767214	3.4980524	1.5893928	6.5111976
chr8	133205000	133210000	chr8	133450000	133455000	0,0,0	21.067858	1.0	7.8727617	8.168355	14.511363	11.741122	4.088957	19.001883
chr8	131245000	131250000	chr8	131860000	131865000	0,0,0	6.046027	0.99831766	2.4753175	2.5687616	4.6106315	4.104882	1.3213506	6.3882256
chr8	73670000	73675000	chr8	74335000	74340000	0,0,0	9.78425	1.0	3.936816	3.7693233	4.7410517	3.7448568	1.9126757	7.0953665
chr8	41995000	42000000	chr8	42380000	42385000	0,0,0	5.628897	1.0	2.7102263	2.2298615	2.6462467	2.6602945	1.261751	4.6423936
chr8	112805000	112810000	chr8	113435000	113440000	0,0,0	5.812023	0.9992269	2.1187859	4.241653	4.9940906	3.3955286	1.7015796	7.165887
chr8	85450000	85455000	chr8	85970000	85975000	0,0,0	10.477858	0.99999964	3.7313004	7.6744285	11.174776	8.099648	2.9140723	14.921363
chr8	100260000	100265000	chr8	100540000	100545000	0,0,0	8.541861	0.99998534	3.6531596	4.913118	7.499229	6.765846	2.298565	11.133061
chr8	141180000	141185000	chr8	141345000	141350000	0,0,0	6.3933225	0.9991517	2.972891	3.6716468	4.0767884	3.809336	1.5032316	7.073022
chr8	27855000	27860000	chr8	28325000	28330000	0,0,0	8.927906	0.9999008	4.281458	4.4817657	5.2561827	5.2355466	2.0363853	9.219338
chr8	16780000	16785000	chr8	17115000	17120000	0,0,0	6.165779	0.9999139	3.330038	3.2686725	5.09233	6.455061	2.3190355	9.360548
chr8	11765000	11770000	chr8	11940000	11945000	0,0,0	6.5585814	0.99987715	3.0360012	4.730183	5.192448	4.8009243	2.1165297	9.005532
chr8	6420000	6425000	chr8	6680000	6685000	0,0,0	6.2194114	0.9991204	2.3649747	4.252364	4.68791	3.256939	1.6552078	7.0368185
chr8	95025000	95030000	chr8	95245000	95250000	0,0,0	5.843176	0.99774253	2.470394	2.7624912	4.1150646	3.6385853	1.0468968	6.094133
chr8	41700000	41705000	chr8	41830000	41835000	0,0,0	7.192444	0.9999093	3.1489644	4.228095	6.062856	5.550417	2.3178196	9.308723
chr8	123920000	123925000	chr8	124440000	124445000	0,0,0	6.7021327	0.99921614	2.9817612	3.4901843	4.4582024	4.0496397	1.5570388	7.1520257
chr8	140665000	140670000	chr8	141175000	141180000	0,0,0	12.861944	1.0	5.2287054	3.67763	4.516776	3.5848312	1.6983876	6.8538356
chr8	12865000	12870000	chr8	13660000	13665000	0,0,0	7.661617	1.0	3.8672073	2.411007	3.840336	4.377514	1.4190892	6.520631
chr8	81780000	81785000	chr8	81870000	81875000	0,0,0	7.44836	1.0	3.271207	2.5986214	4.0103636	3.7494931	1.234538	6.0593786
chr8	109350000	109355000	chr8	109645000	109650000	0,0,0	6.9987516	0.9991967	3.2011147	3.6121597	4.2369328	3.916746	1.8039294	7.127555
chr8	81275000	81280000	chr8	81640000	81645000	0,0,0	7.0954394	0.9991823	2.4198468	4.5704455	5.0351124	3.0471187	1.5141068	7.109737
chr8	73010000	73015000	chr8	73170000	73175000	0,0,0	7.60107	0.99976915	2.3156826	5.4125333	6.392678	3.563552	2.0353625	8.374693
chr8	55580000	55585000	chr8	56025000	56030000	0,0,0	4.7719626	1.0	2.482902	1.7135589	2.4072747	2.8317251	1.0083923	4.3548884
chr8	92070000	92075000	chr8	93360000	93365000	0,0,0	6.164097	0.99895793	2.905361	2.797391	4.273934	4.3807087	1.603141	6.8672786
chr8	56970000	56975000	chr8	57110000	57115000	0,0,0	8.011834	0.99974823	3.939511	2.772193	5.1961417	5.823705	1.6478976	8.287876
chr8	93990000	93995000	chr8	94355000	94360000	0,0,0	10.58025	0.9999979	5.1522903	4.034076	8.478327	9.507084	1.9689766	13.09293
chr8	42410000	42415000	chr8	42670000	42675000	0,0,0	15.33951	0.99999994	5.2511983	10.471225	12.359052	7.814222	3.8763094	17.121977
chr8	27315000	27320000	chr8	27425000	27430000	0,0,0	8.602808	1.0	4.0012712	2.9838362	4.437102	4.4418483	1.7023504	7.094147
chr8	80080000	80085000	chr8	80575000	80580000	0,0,0	7.0478425	1.0	2.7944248	3.3270755	4.4206567	3.4947019	1.6930667	6.452102
chr8	41995000	42000000	chr8	42140000	42145000	0,0,0	8.410429	0.9998899	3.3009813	5.0768595	6.1138854	4.602232	2.0760722	9.114996
chr8	6420000	6425000	chr8	6780000	6785000	0,0,0	7.5287776	0.99987745	3.3769398	4.5078416	5.5079074	5.0010223	2.1251915	9.007993
chr8	100720000	100725000	chr8	100825000	100830000	0,0,0	7.2488546	0.99929243	2.7627099	4.0821686	4.9738994	3.6258266	1.674241	7.254421
chr8	52420000	52425000	chr8	52495000	52500000	0,0,0	9.257933	1.0	3.3405943	4.356354	5.831689	4.1480265	1.9618348	8.020341
chr8	42690000	42695000	chr8	42805000	42810000	0,0,0	13.525105	1.0	4.5696135	6.683101	8.560956	5.5640154	2.5765939	11.50455
chr8	26130000	26135000	chr8	26325000	26330000	0,0,0	10.331364	0.99999696	3.3332136	8.200878	9.3404	5.4096584	3.0062928	12.699327
chr8	28070000	28075000	chr8	28320000	28325000	0,0,0	12.640763	0.9999987	5.325888	6.817569	8.850605	7.4985504	2.73325	13.558612
chr8	85300000	85305000	chr8	85975000	85980000	0,0,0	6.009156	0.99922353	3.1789718	2.7476568	3.8963714	4.7191677	1.8024225	7.1615295
chr8	85295000	85300000	chr8	86030000	86035000	0,0,0	6.3681455	0.99925625	3.2451046	2.5839643	4.228665	4.9076653	1.7095935	7.2045226
chr8	13375000	13380000	chr8	13655000	13660000	0,0,0	9.512528	0.9999653	4.1975803	3.8450866	7.043687	6.852532	1.8108935	10.270387
chr8	60050000	60055000	chr8	60395000	60400000	0,0,0	9.09113	1.0	4.2171674	3.3490648	5.3079023	5.3583775	1.7526816	8.335324
chr8	103795000	103800000	chr8	104415000	104420000	0,0,0	5.395348	0.9995585	2.5503647	3.3709822	4.680198	4.7297564	1.7832824	7.726185
chr8	60410000	60415000	chr8	61095000	61100000	0,0,0	9.187088	1.0	3.3479156	4.7956295	6.043159	4.2368298	1.7746156	8.499612
chr8	57205000	57210000	chr8	57340000	57345000	0,0,0	5.377768	1.0	2.2928112	2.9164097	3.3569074	2.7796772	1.1600515	5.372041
chr8	29335000	29340000	chr8	30045000	30050000	0,0,0	7.983174	0.99995255	4.3117023	3.3381655	5.486312	6.9902105	1.7079126	9.95747
chr8	80995000	81000000	chr8	81235000	81240000	0,0,0	19.62982	1.0	6.2810965	11.020756	14.871079	9.385679	4.3395967	19.181908
chr8	24510000	24515000	chr8	24975000	24980000	0,0,0	5.5874667	0.9976714	2.3045292	3.3337936	3.8993645	3.0997436	1.3434407	6.0631156
chr8	12200000	12205000	chr8	12440000	12445000	0,0,0	27.200285	1.0	8.225279	37.920017	42.66067	22.825792	19.126663	56.532475
chr8	101325000	101330000	chr8	102195000	102200000	0,0,0	11.058296	0.999999	4.830752	6.358715	8.959855	8.14345	2.5972974	13.795641
chr8	54170000	54175000	chr8	54430000	54435000	0,0,0	5.9909925	1.0	3.201568	1.6501443	2.5819166	3.2163193	1.0181761	4.6831145
chr8	121640000	121645000	chr8	121825000	121830000	0,0,0	7.894322	0.999697	3.2361007	3.6362426	5.6525636	4.8705845	2.059626	8.1028
chr8	66035000	66040000	chr8	66425000	66430000	0,0,0	8.491838	0.9998262	3.4002006	4.8372617	5.693087	4.358599	1.9733149	8.658388
chr8	51850000	51855000	chr8	52005000	52010000	0,0,0	10.074901	1.0	3.1034372	5.980551	7.082017	3.999861	2.1818812	9.315906
chr8	66510000	66515000	chr8	66605000	66610000	0,0,0	6.6802964	0.99966645	2.8078163	3.3688006	5.567639	5.0120826	1.2919505	8.006572
chr8	42455000	42460000	chr8	42670000	42675000	0,0,0	5.735736	0.99939036	2.5668335	3.5921862	4.5949316	4.210338	1.3198643	7.403393
chr8	125115000	125120000	chr8	125645000	125650000	0,0,0	10.891526	0.99999565	4.988911	4.60816	8.153773	8.253853	2.353608	12.349995
chr8	103070000	103075000	chr8	103510000	103515000	0,0,0	7.141109	0.99940604	3.1159701	3.0627694	5.011893	4.7070465	1.2586291	7.4295087
chr8	93690000	93695000	chr8	93970000	93975000	0,0,0	10.81707	1.0	5.726096	3.5131192	5.2450414	6.398304	1.8466461	9.521076
chr8	120805000	120810000	chr8	120930000	120935000	0,0,0	6.529528	1.0	3.2649033	2.2361448	2.493002	2.6346881	1.1914532	4.622372
chr8	60410000	60415000	chr8	60610000	60615000	0,0,0	7.7777534	1.0	3.1214592	3.2146919	4.140706	3.2873907	1.2044215	6.1448946
chr8	104510000	104515000	chr8	104760000	104765000	0,0,0	9.478114	0.99995905	3.8658118	4.6445704	7.02667	5.976206	2.1456182	10.1047125
chr8	105935000	105940000	chr8	106190000	106195000	0,0,0	4.926025	0.9966419	2.1604924	2.8589914	3.5679214	3.1556377	1.1599174	5.6969633
chr8	22670000	22675000	chr8	22905000	22910000	0,0,0	8.454039	0.9999771	2.7419527	7.3656154	7.599746	4.139814	2.6541288	10.687027
chr8	124035000	124040000	chr8	124420000	124425000	0,0,0	7.406053	0.999969	3.6836145	4.7471223	5.7805376	6.1631527	2.1502855	10.382817
chr8	109730000	109735000	chr8	110025000	110030000	0,0,0	13.2830925	0.9999998	4.7811937	8.055493	11.468816	8.334812	3.809548	15.495251
chr8	140465000	140470000	chr8	140635000	140640000	0,0,0	18.248976	1.0	4.1908016	13.063306	14.644985	5.981442	4.477299	17.59327
chr8	21040000	21045000	chr8	21780000	21785000	0,0,0	11.721491	0.99999535	3.5204675	7.262674	9.78703	5.818524	3.0831335	12.274234
chr8	38185000	38190000	chr8	38720000	38725000	0,0,0	8.395	0.99987483	4.3637433	3.261552	5.1119413	6.0874367	1.7945306	8.986594
chr8	144125000	144130000	chr8	144320000	144325000	0,0,0	4.7497845	1.0	2.3412824	1.5197024	2.8349352	3.1862695	0.7300236	4.537116
chr8	61800000	61805000	chr8	62980000	62985000	0,0,0	4.9652267	0.99945265	2.744444	2.3811598	4.058694	5.394661	1.4575806	7.5112476
chr8	124590000	124595000	chr8	125085000	125090000	0,0,0	7.5037847	1.0	2.4547527	3.9164474	4.3874955	2.5544894	1.2979654	6.0357757
chr8	22435000	22440000	chr8	22560000	22565000	0,0,0	7.2180586	0.99944186	3.2849708	3.5946054	4.5810738	4.296436	1.691735	7.491641
chr8	8235000	8240000	chr8	8730000	8735000	0,0,0	9.223716	0.99992937	3.5841343	4.75506	6.7545433	5.3321905	2.4023051	9.558911
chr8	56245000	56250000	chr8	56435000	56440000	0,0,0	7.7135053	1.0	3.6677992	2.7796803	4.691686	4.9499607	1.3817306	7.4207883
chr8	1890000	1895000	chr8	2020000	2025000	0,0,0	8.202967	0.99988514	3.1557012	5.2702646	6.0876756	4.388323	2.1650045	9.073003
chr8	79680000	79685000	chr8	80020000	80025000	0,0,0	11.547254	0.999994	5.212693	4.7925625	7.911894	7.7660217	3.5292537	12.026077
chr8	134690000	134695000	chr8	134845000	134850000	0,0,0	4.8817067	0.9932409	2.6152523	2.1950843	2.527709	3.0461988	1.3438965	4.997385
chr8	72015000	72020000	chr8	72155000	72160000	0,0,0	5.060422	0.9940639	2.782701	1.6911316	2.7603626	3.6240072	0.8749542	5.1272354
chr8	102650000	102655000	chr8	102810000	102815000	0,0,0	13.853203	1.0	4.5411935	7.3353863	10.270505	6.7503433	3.274463	13.270686
chr8	16595000	16600000	chr8	16765000	16770000	0,0,0	6.7583113	1.0	3.5149372	2.5702014	2.7924984	3.1532063	1.5134355	5.4378295
chr8	71825000	71830000	chr8	72155000	72160000	0,0,0	10.94953	1.0	4.168292	6.2390447	7.049532	4.9628353	2.9860363	10.508653
chr8	41540000	41545000	chr8	41610000	41615000	0,0,0	5.7694826	1.0	2.5080557	2.4732347	2.9820004	2.5777345	1.1327423	4.7761655
chr8	132875000	132880000	chr8	133200000	133205000	0,0,0	19.399258	1.0	5.4073224	12.833795	17.191095	9.540364	5.3909907	20.948181
chr8	36850000	36855000	chr8	37150000	37155000	0,0,0	6.661903	1.0	3.4008813	2.1445174	2.6543136	2.9660633	1.2549896	4.8723006
chr8	57415000	57420000	chr8	58395000	58400000	0,0,0	7.3130245	0.9998898	3.3369348	3.9873538	5.749213	5.5699983	2.296285	9.114313
chr8	123765000	123770000	chr8	124425000	124430000	0,0,0	6.2564225	0.99993575	2.939195	4.5421095	5.726417	5.616039	2.6032007	9.65347
chr8	6255000	6260000	chr8	6370000	6375000	0,0,0	5.595336	1.0	2.5543602	2.1435046	2.8833458	2.7521372	0.9540988	4.6574745
chr8	11760000	11765000	chr8	11900000	11905000	0,0,0	5.4305086	0.9987176	2.7625785	2.319882	3.9522743	4.5975895	1.5425502	6.6597066
chr8	138160000	138165000	chr8	138685000	138690000	0,0,0	6.8701854	1.0	2.948197	3.7822754	3.814594	3.0346403	1.5340587	6.3966627
chr8	127405000	127410000	chr8	127735000	127740000	0,0,0	6.9118795	1.0	2.3120313	4.5334864	4.912273	2.8741827	1.8813152	6.9039483
chr8	93735000	93740000	chr8	93965000	93970000	0,0,0	5.122315	0.99578965	2.6721401	2.1677415	3.0049713	3.5439012	1.1559452	5.4707828
chr8	119085000	119090000	chr8	119345000	119350000	0,0,0	6.205527	1.0	2.8246331	2.7733748	3.6839094	3.4912102	1.7994423	5.9564323
chr8	109345000	109350000	chr8	110025000	110030000	0,0,0	5.422879	0.9967086	2.5244153	3.1723042	3.1883445	2.8971915	1.0858588	5.7170177
chr8	17720000	17725000	chr8	17905000	17910000	0,0,0	8.784317	0.9999921	3.7075033	5.6333942	7.7934947	6.7420535	2.5720448	11.749516
chr8	123820000	123825000	chr8	124425000	124430000	0,0,0	6.6143723	0.9999191	3.4965293	2.9276967	5.4769187	6.821312	1.9470705	9.423709
chr8	17600000	17605000	chr8	17910000	17915000	0,0,0	10.665207	0.99999416	4.9080925	4.421677	7.950508	8.1170845	2.4508283	12.047464
chr8	80610000	80615000	chr8	81240000	81245000	0,0,0	7.062706	1.0	3.6624386	2.7874284	3.4313068	3.9364078	1.50321	6.4141216
chr8	130205000	130210000	chr8	130675000	130680000	0,0,0	6.8601875	0.99987704	2.5893877	4.7040205	6.4069695	4.8231616	1.7418021	9.004513
chr8	98160000	98165000	chr8	98465000	98470000	0,0,0	11.107459	1.0	4.6956067	4.71349	7.1815543	6.3852744	2.5422056	10.575044
chr8	18195000	18200000	chr8	18795000	18800000	0,0,0	5.6023607	0.99994737	2.8203738	4.839741	5.2251344	5.5511265	2.5852258	9.853119
chr8	139400000	139405000	chr8	139635000	139640000	0,0,0	6.091518	1.0	2.8101568	2.8880687	3.1403272	2.8794887	1.4381435	5.4466605
chr8	8245000	8250000	chr8	8665000	8670000	0,0,0	17.78314	1.0	6.9964795	8.300816	10.826533	8.423952	3.16616	15.802454
chr8	33805000	33810000	chr8	34275000	34280000	0,0,0	5.045058	0.9967066	2.4105773	2.7089696	3.3096724	3.3084486	1.3839687	5.7164216
chr8	58000000	58005000	chr8	58390000	58395000	0,0,0	6.825349	0.9996582	3.207628	3.1861765	5.0176635	5.150007	2.13958	7.9821634
chr8	11565000	11570000	chr8	11745000	11750000	0,0,0	12.033063	1.0	4.4648886	6.5799246	8.248126	5.8920116	2.8797636	11.740833
chr8	19870000	19875000	chr8	20130000	20135000	0,0,0	6.5106454	0.999821	3.3133214	3.230194	5.006276	5.7578135	1.4853142	8.629097
chr8	9030000	9035000	chr8	9340000	9345000	0,0,0	9.21116	1.0	4.157772	3.052048	4.2722874	4.051217	1.9229621	6.7641487
chr8	130880000	130885000	chr8	131800000	131805000	0,0,0	5.1269746	0.9988904	2.194051	3.4837804	4.340183	3.7077413	1.432194	6.804435
chr8	27460000	27465000	chr8	27590000	27595000	0,0,0	7.0132217	1.0	3.9165246	2.3334727	3.5705385	4.7921767	1.3150529	6.866374
chr8	17720000	17725000	chr8	17865000	17870000	0,0,0	5.3930626	0.99912846	2.842457	2.426549	3.9935145	4.8890586	1.2722297	7.045991
chr8	23855000	23860000	chr8	24190000	24195000	0,0,0	5.246041	0.9999455	2.4287448	4.1880903	6.1454215	6.096502	2.5443006	9.819249
chr8	10035000	10040000	chr8	10275000	10280000	0,0,0	5.4316745	0.9992167	2.8111837	3.0801632	3.851768	4.4147587	1.3703382	7.152681
chr8	25165000	25170000	chr8	26080000	26085000	0,0,0	8.724573	1.0	3.8479967	3.714736	4.038251	3.4485528	1.7466265	6.7505407
chr8	69945000	69950000	chr8	70535000	70540000	0,0,0	6.9919853	1.0	3.640532	2.065332	3.7976491	4.6136003	1.5714898	6.4494514
chr8	130125000	130130000	chr8	130675000	130680000	0,0,0	5.7020383	0.99898064	2.4382792	4.0197554	4.1515865	3.3161988	1.7798862	6.889314
chr8	68575000	68580000	chr8	69620000	69625000	0,0,0	13.769099	1.0	4.6033936	6.0153	7.0370636	4.310399	2.7101648	9.657332
chr8	125725000	125730000	chr8	125825000	125830000	0,0,0	5.647172	1.0	2.5289037	2.3941517	2.909619	2.6316793	0.91259986	4.7598143
chr8	58805000	58810000	chr8	59920000	59925000	0,0,0	5.2723503	0.99971765	2.5967944	3.6399944	4.6607914	4.937762	1.8119029	8.173312
chr8	143130000	143135000	chr8	143235000	143240000	0,0,0	6.2774906	1.0	2.6992965	2.519039	4.149904	3.834551	1.3979218	6.073697
chr8	24905000	24910000	chr8	24975000	24980000	0,0,0	7.492559	0.9996629	2.6954582	4.753661	5.6221337	3.7703815	1.6872996	7.9958577
chr8	37595000	37600000	chr8	37695000	37700000	0,0,0	5.7706547	0.9977224	2.3607037	2.982805	4.12711	3.4338655	1.3957201	6.085248
chr8	25170000	25175000	chr8	25575000	25580000	0,0,0	5.9466443	0.9986927	2.121498	3.6321232	4.858085	3.4119296	1.7937546	6.6404834
chr8	12865000	12870000	chr8	13030000	13035000	0,0,0	10.84393	1.0	4.2255683	4.8708334	7.4644504	6.0515213	2.0725708	10.381151
chr8	111440000	111445000	chr8	111795000	111800000	0,0,0	6.206506	0.9988755	2.3423057	3.825554	4.6937456	3.3906126	1.3554406	6.791105
chr8	126875000	126880000	chr8	127730000	127735000	0,0,0	8.025272	1.0	3.3839421	3.8096018	4.916011	4.1617126	1.7158122	7.548025
chr8	126300000	126305000	chr8	126805000	126810000	0,0,0	9.836952	1.0	3.2914283	5.3413386	5.7271724	3.3293986	2.1684284	8.077255
chr8	84625000	84630000	chr8	85030000	85035000	0,0,0	6.740113	1.0	3.1720138	2.1127663	3.6092525	3.7625308	1.07455	5.6405454
chr8	101325000	101330000	chr8	101630000	101635000	0,0,0	8.295863	1.0	3.876159	2.902227	4.3099866	4.341003	1.6610175	6.92076
chr8	38180000	38185000	chr8	38380000	38385000	0,0,0	6.4334908	0.99908364	2.84799	3.0467882	4.568637	4.287569	1.6564605	6.9958253
chr8	122670000	122675000	chr8	123025000	123030000	0,0,0	4.7265964	0.99510473	2.1297352	2.5119908	3.3110428	3.0871534	1.3223742	5.320034
chr8	26570000	26575000	chr8	26660000	26665000	0,0,0	13.562495	1.0	4.8860974	5.1373653	7.1309166	5.1370754	2.3643847	9.703623
chr8	57570000	57575000	chr8	58390000	58395000	0,0,0	7.383999	0.99974555	3.764343	2.7235112	4.978072	5.856269	1.947309	8.277168
chr8	126875000	126880000	chr8	128650000	128655000	0,0,0	5.13456	0.99897665	2.2468607	3.3219056	4.389621	3.9325726	1.5095696	6.885378
chr8	100845000	100850000	chr8	101300000	101305000	0,0,0	10.532275	1.0	4.390959	5.2039504	6.847692	5.7461395	1.9734516	10.371873
chr8	131035000	131040000	chr8	131795000	131800000	0,0,0	6.5688725	0.9994529	2.7853892	4.0545187	4.732854	3.9075918	1.8176264	7.511609
chr8	42895000	42900000	chr8	43050000	43055000	0,0,0	4.9867654	0.99725187	2.125482	2.886907	3.8437407	3.3312974	1.5951159	5.897437
chr8	85450000	85455000	chr8	86030000	86035000	0,0,0	6.8550887	0.9997627	2.71949	4.8254304	5.45559	4.0578327	1.8964262	8.347104
chr8	110355000	110360000	chr8	111250000	111255000	0,0,0	5.6834054	1.0	2.586183	1.5696429	3.17998	3.2610264	0.81078875	4.6562643
chr8	74365000	74370000	chr8	74860000	74865000	0,0,0	10.027931	1.0	4.706102	4.682131	4.944336	4.6239576	2.173896	8.785852
chr8	9365000	9370000	chr8	9825000	9830000	0,0,0	7.659031	0.9997892	2.804955	4.979029	5.8933907	4.0394845	1.9536886	8.465288
chr8	10585000	10590000	chr8	10825000	10830000	0,0,0	13.516134	1.0	6.342912	7.465622	10.870259	10.974014	4.1556926	17.610123
chr8	18910000	18915000	chr8	19265000	19270000	0,0,0	12.106216	0.99999994	4.4609838	9.134217	12.182268	8.855169	3.4846892	16.974474
chr8	125115000	125120000	chr8	125695000	125700000	0,0,0	14.292077	0.9999999	5.4771595	7.040289	11.8034525	9.64272	3.334491	15.900755
chr8	78715000	78720000	chr8	78920000	78925000	0,0,0	5.633332	1.0	2.618421	2.2589808	2.8551278	2.7569578	1.2473019	4.7649407
chr8	47200000	47205000	chr8	47740000	47745000	0,0,0	6.485218	0.99951565	2.574028	3.9653814	5.2106276	4.108736	1.973473	7.63352
chr8	95515000	95520000	chr8	96185000	96190000	0,0,0	6.113196	1.0	2.8910978	2.5037405	3.400769	3.4239378	1.6195772	5.649485
chr8	41420000	41425000	chr8	41525000	41530000	0,0,0	5.886539	0.99772274	2.3337514	3.0655794	4.2059784	3.3604445	1.7073005	6.0854044
chr8	56970000	56975000	chr8	57340000	57345000	0,0,0	10.995633	1.0	3.325182	5.3567085	5.8735147	3.084337	1.8665117	7.845856
chr8	109455000	109460000	chr8	109715000	109720000	0,0,0	6.471263	0.99959815	2.3909838	4.4670143	5.470919	3.84955	1.6797808	7.820229
chr8	71830000	71835000	chr8	71970000	71975000	0,0,0	5.756562	1.0	2.6794138	2.2908607	3.547476	3.5823894	1.2011598	5.61871
chr8	97255000	97260000	chr8	97550000	97555000	0,0,0	6.1845994	1.0	3.4527426	2.02116	2.8142061	3.7450845	0.8762774	5.5416713
chr8	60660000	60665000	chr8	61020000	61025000	0,0,0	5.0594745	0.9997712	2.474825	3.4150581	4.9842978	5.3479514	2.0412438	8.383558
chr8	6425000	6430000	chr8	6570000	6575000	0,0,0	5.4691396	0.9962594	2.465956	2.5808303	3.504968	3.2950096	1.32116	5.589081
chr8	23470000	23475000	chr8	23575000	23580000	0,0,0	5.9834027	1.0	2.4493558	3.176244	3.450774	2.636655	1.163895	5.459983
chr8	52735000	52740000	chr8	52920000	52925000	0,0,0	5.43739	1.0	2.9158375	2.2231987	2.536578	3.0585792	0.7947432	5.0347557
chr8	117325000	117330000	chr8	118415000	118420000	0,0,0	7.718504	0.99982595	3.0202289	4.8684607	5.799561	4.329621	1.8812042	8.657141
chr8	28360000	28365000	chr8	28415000	28420000	0,0,0	7.6220903	0.999979	2.581733	5.5139627	8.373886	5.87133	2.2519064	10.77263
chr8	129305000	129310000	chr8	129530000	129535000	0,0,0	6.3199596	0.9993836	2.485689	4.3116956	4.8518577	3.5598145	2.1477673	7.3924327
chr8	23470000	23475000	chr8	23690000	23695000	0,0,0	17.245739	1.0	7.0927234	7.1679974	11.987598	10.556224	2.9382532	16.927776
chr8	74085000	74090000	chr8	74340000	74345000	0,0,0	10.981024	1.0	5.957983	2.4855812	5.7874355	7.626749	1.6599579	9.836154
chr8	97590000	97595000	chr8	98035000	98040000	0,0,0	7.3443317	1.0	2.8638563	2.9106073	4.2463727	3.3943021	1.574527	5.9815087
chr8	69660000	69665000	chr8	70085000	70090000	0,0,0	9.191426	1.0	3.5946155	3.7358372	4.9975533	3.8951921	1.5328138	7.2159357
chr8	32550000	32555000	chr8	33100000	33105000	0,0,0	5.400431	1.0	2.3844903	2.3321042	3.4155335	3.1775274	1.3893582	5.250509
chr8	123825000	123830000	chr8	123920000	123925000	0,0,0	6.36347	0.9995432	2.6187797	4.228065	4.9586625	3.9337866	2.0827172	7.6920667
chr8	29135000	29140000	chr8	29315000	29320000	0,0,0	9.812771	1.0	5.3604655	2.2328591	3.9341567	5.1393127	1.3623118	7.1240764
chr8	10040000	10045000	chr8	10330000	10335000	0,0,0	7.3993893	0.9999128	2.6303582	5.0881534	6.8698936	4.825193	1.9301773	9.347996
chr8	117475000	117480000	chr8	118415000	118420000	0,0,0	6.4391556	0.99939907	2.9790614	3.461093	4.4975586	4.341304	2.3524587	7.417831
chr8	119865000	119870000	chr8	120415000	120420000	0,0,0	9.478846	1.0	3.7918632	3.983439	4.567991	3.456589	1.5773913	6.9974236
chr8	6840000	6845000	chr8	6915000	6920000	0,0,0	4.9468594	1.0	2.4822996	1.2904345	2.3460393	2.6955357	0.71664137	3.8425884
chr8	29340000	29345000	chr8	29640000	29645000	0,0,0	5.1826677	0.9962422	2.5678043	2.6254091	3.0898108	3.250815	1.0503728	5.5845118
chr8	100140000	100145000	chr8	100540000	100545000	0,0,0	20.3914	1.0	6.75253	11.380421	15.5644045	10.221772	4.552465	20.337702
chr8	80895000	80900000	chr8	80985000	80990000	0,0,0	4.7749243	1.0	2.2874959	1.5979801	2.3429277	2.4396026	0.7373789	3.8600292
chr8	69945000	69950000	chr8	70085000	70090000	0,0,0	7.692916	1.0	3.3333793	2.8448963	4.5294843	4.193049	1.5167639	6.721846
chr8	30175000	30180000	chr8	30560000	30565000	0,0,0	5.5484433	0.9996822	2.5597868	3.9770477	4.7908144	4.5197887	2.1172915	8.054942
chr8	52110000	52115000	chr8	52405000	52410000	0,0,0	12.169576	1.0	4.997676	5.7892933	8.113243	6.808292	2.209248	11.95433
chr8	11410000	11415000	chr8	11550000	11555000	0,0,0	15.175793	1.0	4.114719	8.893988	11.89775	6.4462233	2.9821987	14.351991
chr8	125120000	125125000	chr8	125430000	125435000	0,0,0	6.9466624	0.999472	2.8101084	3.6216965	5.2113013	4.3279433	1.7426951	7.547229
chr8	40030000	40035000	chr8	40200000	40205000	0,0,0	12.804345	0.99999976	4.8768597	7.522633	10.895031	8.46374	3.7714353	15.150525
chr8	28620000	28625000	chr8	28730000	28735000	0,0,0	5.4275274	0.9970688	2.9646628	1.9837518	3.1438055	4.069619	1.2390454	5.8329544
chr8	18915000	18920000	chr8	19315000	19320000	0,0,0	4.9882913	0.99917364	2.584033	2.7410526	3.9758272	4.662691	1.5031075	7.099182
chr8	80690000	80695000	chr8	80990000	80995000	0,0,0	5.9701724	0.99873626	3.0597668	2.6305199	3.7686327	4.3361187	1.5830715	6.674359
chr8	25575000	25580000	chr8	26085000	26090000	0,0,0	9.157529	0.99999416	4.201464	5.070812	7.655748	7.5442104	2.7661762	12.0515995
chr8	23750000	23755000	chr8	24190000	24195000	0,0,0	4.9848866	0.99929905	2.2875953	3.4267588	4.4279027	4.217836	1.5902033	7.263843
chr8	89070000	89075000	chr8	89615000	89620000	0,0,0	4.9388676	0.9976244	2.217269	3.0860236	3.6602836	3.299995	1.4264094	6.043127
chr8	63605000	63610000	chr8	64380000	64385000	0,0,0	5.334604	0.99723923	2.342745	2.46338	3.9322875	3.7031794	1.2114342	5.8928504
chr8	18195000	18200000	chr8	18870000	18875000	0,0,0	5.5872946	0.9977107	2.7607396	2.6214242	3.4953468	3.74998	1.7569131	6.080135
chr8	141515000	141520000	chr8	142380000	142385000	0,0,0	5.497522	1.0	2.434842	2.58876	3.0619552	2.7034492	1.1028923	5.004569
chr8	101335000	101340000	chr8	101485000	101490000	0,0,0	4.9607916	1.0	2.613326	1.8945527	2.6962538	3.243765	0.9924425	4.927812
chr8	66915000	66920000	chr8	67490000	67495000	0,0,0	4.685745	0.9962465	2.4308684	2.7827039	2.8085432	3.112143	1.2240585	5.5856576
chr8	116785000	116790000	chr8	117035000	117040000	0,0,0	6.691816	1.0	3.1382568	2.6587303	3.0947046	2.9685886	1.3913194	5.3319044
chr8	134690000	134695000	chr8	134885000	134890000	0,0,0	10.900642	1.0	3.8433561	5.008436	6.946734	4.890702	2.2945309	9.342646
chr8	109560000	109565000	chr8	109640000	109645000	0,0,0	6.168112	0.99846745	3.4721682	2.1820498	3.335401	4.541886	1.3158562	6.4814854
chr8	105935000	105940000	chr8	106590000	106595000	0,0,0	6.189274	0.9998779	2.4818492	3.9294767	6.4700904	5.5191827	2.0837533	9.012051
chr8	31250000	31255000	chr8	31465000	31470000	0,0,0	9.740134	1.0	4.4095497	3.516211	6.523637	6.559307	2.1113906	9.684828
chr8	56785000	56790000	chr8	56930000	56935000	0,0,0	5.1042275	1.0	2.7673924	2.1601613	2.5534043	3.1591733	1.0102317	5.0793166
chr8	8745000	8750000	chr8	8985000	8990000	0,0,0	6.0564923	0.9997515	2.6766458	3.5647254	5.455721	5.1323056	2.161656	8.30095
chr8	17600000	17605000	chr8	17700000	17705000	0,0,0	7.0406423	1.0	3.1167474	3.1002324	4.3788304	4.0527525	1.3837827	6.808515
chr8	17335000	17340000	chr8	17915000	17920000	0,0,0	7.313609	1.0	3.358123	2.2513113	3.298203	3.2337906	1.1300225	5.2349567
chr8	16775000	16780000	chr8	17150000	17155000	0,0,0	7.0926547	0.99999475	2.8477142	5.9143643	8.410234	6.8984585	2.851832	12.155671
chr8	16830000	16835000	chr8	17120000	17125000	0,0,0	7.8228865	0.9999975	3.5491717	5.1673717	8.436327	8.3167	2.6771393	12.909921
chr8	110830000	110835000	chr8	111250000	111255000	0,0,0	7.7946606	0.9999622	3.0282707	5.735788	6.8626285	5.0856495	1.9105222	10.184127
chr8	121245000	121250000	chr8	121635000	121640000	0,0,0	5.059411	0.99620324	2.173133	2.7002172	3.618558	3.1739948	1.109589	5.5741878
chr8	30915000	30920000	chr8	31185000	31190000	0,0,0	8.678289	0.9998719	3.2770717	4.814514	6.309612	4.684042	2.260489	8.96361
chr8	43090000	43095000	chr8	43430000	43435000	0,0,0	5.344441	1.0	2.7312996	1.8148044	2.386962	2.6989615	1.2643809	4.312121
chr8	98555000	98560000	chr8	99355000	99360000	0,0,0	5.8144364	0.99958843	2.406801	3.5058336	5.3864546	4.6801095	2.1318004	7.7964067
chr8	13040000	13045000	chr8	13655000	13660000	0,0,0	15.833977	0.99999994	5.7999754	8.3738785	12.222625	9.129238	4.5516024	16.572685
chr8	70145000	70150000	chr8	70530000	70535000	0,0,0	10.898712	0.99999976	3.5182302	9.182751	11.510884	7.055542	3.539728	15.217987
chr8	265000	270000	chr8	945000	950000	0,0,0	6.591581	1.0	3.4143894	2.9737947	3.2285905	3.617757	1.4435066	6.26113
chr8	96330000	96335000	chr8	97550000	97555000	0,0,0	8.845845	0.99996686	4.0570455	4.3673	6.5429344	6.434563	2.023325	10.316607
chr8	43435000	43440000	chr8	43695000	43700000	0,0,0	6.48682	1.0	2.7662876	2.9308314	3.9538229	3.441887	1.3237122	6.04707
chr8	61240000	61245000	chr8	61465000	61470000	0,0,0	5.1033654	0.99766606	2.301732	2.7027051	3.8474846	3.6584184	1.5277908	6.060823
chr8	52965000	52970000	chr8	54165000	54170000	0,0,0	8.150767	1.0	3.4014053	3.1970382	4.6049924	3.971853	1.356498	6.813665
chr8	24240000	24245000	chr8	24420000	24425000	0,0,0	7.8678317	1.0	3.183688	3.3206635	4.981531	4.1882415	1.8472825	7.1399426
chr8	143380000	143385000	chr8	143530000	143535000	0,0,0	7.722917	1.0	2.63521	3.40335	4.7942405	3.285531	1.4785336	6.310731
chr8	11565000	11570000	chr8	11955000	11960000	0,0,0	5.7215757	0.9980524	3.245797	2.3976045	3.0213351	4.1106033	1.3043137	6.241807
chr8	119085000	119090000	chr8	119410000	119415000	0,0,0	4.7422624	1.0	2.8541317	1.8822724	1.9790039	3.020806	1.020783	4.693937
chr8	141725000	141730000	chr8	142470000	142475000	0,0,0	7.7421913	0.9999011	2.8346329	5.7604575	6.253944	4.1020713	2.3381202	9.222478
chr8	42170000	42175000	chr8	42385000	42390000	0,0,0	11.031263	1.0	4.3501287	6.3082213	7.072937	5.1996956	2.4997482	10.807003
chr8	138765000	138770000	chr8	138935000	138940000	0,0,0	6.687693	1.0	3.0855358	2.6396604	3.5108154	3.3934622	1.5639656	5.739827
chr8	24890000	24895000	chr8	25065000	25070000	0,0,0	6.035682	1.0	2.8486366	2.621666	3.036989	2.9393775	1.0669868	5.2697473
chr8	38830000	38835000	chr8	38965000	38970000	0,0,0	11.637631	1.0	4.583882	6.197214	7.6969233	5.8904133	2.276622	11.399048
chr8	100155000	100160000	chr8	100255000	100260000	0,0,0	5.174036	1.0	2.386727	1.8415053	2.3260112	2.220332	0.67048126	3.8572257
chr8	32550000	32555000	chr8	33330000	33335000	0,0,0	7.4172745	1.0	3.1684856	3.2679393	4.16604	3.5753567	1.6823462	6.480192
chr8	116785000	116790000	chr8	116885000	116890000	0,0,0	6.092748	1.0	2.5376298	2.8406858	3.386646	2.7473934	1.0051246	5.2724476
chr8	58460000	58465000	chr8	58700000	58705000	0,0,0	6.491655	1.0	3.0502937	2.0185785	3.475376	3.6199188	0.9135242	5.414211
chr8	122465000	122470000	chr8	122570000	122575000	0,0,0	5.5553355	0.99641263	2.445819	2.597677	3.6258805	3.321867	1.0034487	5.6309133
chr8	93820000	93825000	chr8	93960000	93965000	0,0,0	15.227232	1.0	5.4229946	8.208474	11.1853285	7.9014316	2.9968581	15.197853
chr8	18920000	18925000	chr8	19010000	19015000	0,0,0	5.2062187	0.9955577	2.5871773	2.3667111	3.0746996	3.3134124	0.9889937	5.4171557
chr8	86120000	86125000	chr8	86355000	86360000	0,0,0	7.888233	0.9999742	3.703574	3.7968788	6.859263	7.19049	2.5096257	10.565493
chr8	107910000	107915000	chr8	108700000	108705000	0,0,0	6.271099	0.99990684	2.4930449	4.54513	6.465159	5.242147	2.0990481	9.282262
chr8	33680000	33685000	chr8	34890000	34895000	0,0,0	9.269207	1.0	4.285637	3.468837	5.431182	5.4463053	1.7843572	8.529716
chr8	18205000	18210000	chr8	18565000	18570000	0,0,0	5.6426525	0.99913603	2.2164972	3.2168212	5.0846286	4.195319	1.5585729	7.054716
chr8	52015000	52020000	chr8	52405000	52410000	0,0,0	4.8243146	1.0	2.7897131	1.4579133	1.7115074	2.4075458	0.8215436	3.7034686
chr8	80610000	80615000	chr8	80990000	80995000	0,0,0	20.982635	1.0	5.4357777	14.313643	17.66474	8.716847	4.9455695	21.440084
chr8	80065000	80070000	chr8	80230000	80235000	0,0,0	10.996606	1.0	5.1586404	3.8555114	6.0218873	6.1563907	1.6736163	9.583512
chr8	18205000	18210000	chr8	18680000	18685000	0,0,0	8.25511	0.9999933	4.0502863	3.7892256	7.5933466	8.553217	1.9563106	11.921417
chr8	48315000	48320000	chr8	48925000	48930000	0,0,0	8.559074	0.9999943	3.5718176	5.605582	8.186102	7.0870304	3.2331688	12.06977
chr8	129820000	129825000	chr8	129890000	129895000	0,0,0	6.0543375	0.99768156	2.210054	3.5012279	4.269135	2.9552941	1.5622615	6.0674963
chr8	141080000	141085000	chr8	141170000	141175000	0,0,0	6.227296	1.0	3.389384	1.9069047	2.6285226	3.335381	0.90403014	5.0304074
chr8	104325000	104330000	chr8	104415000	104420000	0,0,0	5.44571	1.0	2.2532718	2.5437276	3.6039681	3.0619612	1.2649788	5.3230524
chr8	117475000	117480000	chr8	118120000	118125000	0,0,0	5.3664384	0.99777675	2.1178305	3.387851	4.0847816	3.09799	1.2084212	6.109413
chr8	95890000	95895000	chr8	96175000	96180000	0,0,0	5.946104	0.9984175	2.7841775	3.3794568	3.6689718	3.4454508	1.2925043	6.4494123
chr8	108920000	108925000	chr8	109325000	109330000	0,0,0	7.451265	0.9999722	3.6045885	3.63174	6.648243	7.264934	2.528379	10.493148
chr8	72315000	72320000	chr8	72845000	72850000	0,0,0	7.883207	0.99996144	3.3294442	4.9126163	6.7173767	5.797034	2.1192436	10.163804
chr8	19925000	19930000	chr8	20120000	20125000	0,0,0	5.899383	0.99968183	2.3055623	4.8242717	5.2537794	3.7654347	1.7581187	8.053676
chr8	120450000	120455000	chr8	120935000	120940000	0,0,0	17.326283	1.0	5.803349	8.293634	12.0533	8.217681	2.9891539	15.5898
chr8	144130000	144135000	chr8	144235000	144240000	0,0,0	6.284448	0.99903697	2.5749886	3.6353626	4.588609	3.7146993	1.9411118	6.9461327
chr8	100565000	100570000	chr8	100675000	100680000	0,0,0	5.36753	1.0	2.3976474	2.5974507	2.704422	2.3215356	0.96670824	4.6303806
chr8	94900000	94905000	chr8	95020000	95025000	0,0,0	5.546573	1.0	2.160296	2.592153	3.3366084	2.55227	0.9026526	4.856406
chr8	59215000	59220000	chr8	59920000	59925000	0,0,0	6.263446	0.9998537	3.064943	4.3164515	4.887748	4.9936996	2.1861608	8.830545
chr8	127730000	127735000	chr8	128650000	128655000	0,0,0	11.9862385	1.0	4.53529	4.6491356	7.179789	5.6527324	2.3168309	9.785297
chr8	99865000	99870000	chr8	100120000	100125000	0,0,0	7.49702	1.0	2.9573994	3.2659059	4.2057433	3.2681067	1.1530768	6.171134
chr8	119865000	119870000	chr8	120080000	120085000	0,0,0	12.3103695	1.0	5.9432044	4.0111675	7.606307	8.328132	3.3119009	11.893614
chr8	140830000	140835000	chr8	141080000	141085000	0,0,0	6.1642256	1.0	3.0948856	2.7286167	3.359476	3.6461687	1.3607008	6.0716057
chr8	117860000	117865000	chr8	118120000	118125000	0,0,0	7.4302535	0.9997293	3.420539	3.1414928	5.3563123	5.422778	1.8630642	8.215217
chr8	26140000	26145000	chr8	26290000	26295000	0,0,0	4.766438	0.9986178	2.3710105	3.0524468	3.6445012	3.87151	1.4013844	6.584796
chr8	29340000	29345000	chr8	30015000	30020000	0,0,0	8.839305	0.99999577	4.159677	5.1543074	7.657623	7.7911115	2.5763614	12.372719
chr8	48120000	48125000	chr8	48925000	48930000	0,0,0	6.046923	0.999426	2.1870148	4.6102886	5.1390524	3.365685	1.9442782	7.4637194
chr8	30665000	30670000	chr8	30810000	30815000	0,0,0	8.426049	1.0	3.4454937	3.9381473	5.473529	4.557866	1.6102489	8.058441
chr8	120120000	120125000	chr8	120420000	120425000	0,0,0	8.320186	1.0	3.6288552	4.1590433	5.142032	4.499935	1.8514786	8.196862
chr8	79760000	79765000	chr8	80020000	80025000	0,0,0	5.39697	0.9988531	2.552779	2.4046412	4.3734546	4.6339107	1.3105481	6.77137
chr8	80250000	80255000	chr8	80575000	80580000	0,0,0	8.309557	1.0	4.160808	3.1983643	4.7735567	5.3259706	1.6303867	8.168962
chr8	118740000	118745000	chr8	119065000	119070000	0,0,0	7.348014	0.99989927	3.3222919	4.507101	5.625473	5.1977286	2.0391147	9.204041
chr8	26685000	26690000	chr8	27190000	27195000	0,0,0	5.9914265	0.997807	3.2695827	2.5356765	3.0785394	3.8692098	1.6014881	6.123144
chr8	38185000	38190000	chr8	38410000	38415000	0,0,0	5.6824875	0.99891657	2.3564248	3.4844718	4.502696	3.7310421	1.9637238	6.8283505
chr8	109445000	109450000	chr8	109645000	109650000	0,0,0	5.424157	0.998581	2.609355	2.8709316	3.8824165	4.00654	1.8072934	6.5584784
chr8	81995000	82000000	chr8	82440000	82445000	0,0,0	7.0318513	0.999263	2.336069	4.2460895	5.403776	3.4393187	1.6635869	7.21362
chr8	71825000	71830000	chr8	72005000	72010000	0,0,0	5.5583997	0.99641	2.5339842	2.5213509	3.5260108	3.3889914	1.0941875	5.6301923
chr8	23745000	23750000	chr8	24220000	24225000	0,0,0	4.9327126	0.9982705	2.7354844	2.711922	3.0710073	3.9499867	1.4273041	6.3605843
chr8	108890000	108895000	chr8	109320000	109325000	0,0,0	8.615863	0.9999968	3.8996625	5.715145	7.9619045	7.5699387	2.7314215	12.650068
chr8	28065000	28070000	chr8	28415000	28420000	0,0,0	5.3332725	1.0	2.4554696	1.9901543	3.121516	3.1135683	0.9164423	4.882594
chr8	26695000	26700000	chr8	27085000	27090000	0,0,0	12.763221	1.0	4.4926896	7.058662	8.3545475	5.462847	3.209304	11.737214
chr8	140670000	140675000	chr8	141075000	141080000	0,0,0	6.650685	1.0	3.4562256	1.9602417	2.0760367	2.3297217	1.1328137	4.072159
chr8	134905000	134910000	chr8	135450000	135455000	0,0,0	6.3482027	1.0	3.120773	2.3474514	2.731663	2.8296747	0.878163	4.9162984
chr8	71825000	71830000	chr8	72285000	72290000	0,0,0	8.91181	1.0	3.6219964	3.4449394	4.3154173	3.4479742	1.5045327	6.510143
chr8	100935000	100940000	chr8	101300000	101305000	0,0,0	7.7888565	1.0	3.5051382	3.0840178	4.0683866	3.7873433	1.4579282	6.5286922
chr8	97735000	97740000	chr8	98035000	98040000	0,0,0	7.8505616	0.99995273	2.8647442	5.5197096	7.124736	5.054594	2.2337027	9.961002
chr8	104785000	104790000	chr8	105770000	105775000	0,0,0	7.2974105	0.99994206	3.3805299	3.5071077	6.4293156	6.639519	2.332473	9.756948
chr8	86045000	86050000	chr8	86355000	86360000	0,0,0	7.2829747	0.9998589	3.1724982	3.7893453	5.924804	5.498645	1.5653801	8.866952
chr8	100845000	100850000	chr8	100910000	100915000	0,0,0	4.701718	1.0	2.7036424	1.2240376	2.2160048	3.170967	0.6264729	4.2590003
chr8	8270000	8275000	chr8	8380000	8385000	0,0,0	5.630788	1.0	3.0015242	1.3121834	2.2566268	2.825826	0.89509135	3.9922113
chr8	89845000	89850000	chr8	89985000	89990000	0,0,0	9.916536	1.0	3.771649	4.572451	6.4213862	4.9290233	1.9974194	8.993424
chr8	40245000	40250000	chr8	40995000	41000000	0,0,0	8.800196	0.9999648	3.6856766	4.9034696	6.8608184	5.8963737	2.8717167	10.255013
chr8	27860000	27865000	chr8	28060000	28065000	0,0,0	6.6606503	0.99946684	3.4991944	3.0907395	4.0446877	4.7901473	1.6967887	7.537471
chr8	88710000	88715000	chr8	89615000	89620000	0,0,0	7.9173245	0.99997014	2.7450569	6.362282	7.4561296	4.7655964	2.3124666	10.4209585
chr8	37085000	37090000	chr8	37155000	37160000	0,0,0	4.7639136	0.9923169	2.3504696	1.8427298	2.9330149	3.2312577	1.3642908	4.86924
chr8	37775000	37780000	chr8	37915000	37920000	0,0,0	5.5587745	1.0	2.593532	2.0592513	2.207424	2.053277	0.9352317	3.8837225
chr8	94810000	94815000	chr8	95250000	95255000	0,0,0	8.835615	0.9999054	3.4658735	5.0261774	6.2866044	4.79911	2.238026	9.266823
chr8	94080000	94085000	chr8	94355000	94360000	0,0,0	7.7304673	0.9999981	3.0508595	6.140494	9.374764	7.6992307	2.9711838	13.157447
chr8	100560000	100565000	chr8	100825000	100830000	0,0,0	15.145533	1.0	7.10906	4.1444755	6.0367594	6.096637	2.3645887	9.780615
chr8	20230000	20235000	chr8	20375000	20380000	0,0,0	8.310012	1.0	3.7399468	3.6168163	4.418787	4.031944	1.9026717	7.2468915
chr8	52960000	52965000	chr8	53805000	53810000	0,0,0	7.8834968	1.0	4.356535	2.2222657	4.167376	5.57574	1.3396454	7.551087
chr8	9065000	9070000	chr8	9150000	9155000	0,0,0	12.02905	1.0	4.091721	5.673852	8.51917	5.971106	2.3032072	11.01453
chr8	104785000	104790000	chr8	105715000	105720000	0,0,0	5.948635	0.9999198	2.5303838	5.4636607	5.736358	4.57498	2.8849373	9.431567
chr8	70835000	70840000	chr8	71805000	71810000	0,0,0	8.318891	0.9999624	3.5843735	3.2803383	7.4206805	7.2733097	2.0543787	10.189166
chr8	29175000	29180000	chr8	29310000	29315000	0,0,0	5.3806586	1.0	2.351571	2.2307837	3.258802	2.9898884	0.982456	4.9728074
chr8	37545000	37550000	chr8	37695000	37700000	0,0,0	7.032403	1.0	3.09962	2.6357467	4.449374	4.2572412	1.468052	6.600127
chr8	29340000	29345000	chr8	29720000	29725000	0,0,0	10.118403	0.9999884	4.0106654	6.197692	7.6181197	5.853691	2.2595243	11.36275
chr8	107810000	107815000	chr8	108705000	108710000	0,0,0	7.2949376	0.9997499	2.9094996	4.3352346	5.623543	4.4409685	2.3082857	8.29451
chr8	121255000	121260000	chr8	121830000	121835000	0,0,0	5.4150586	0.99659956	2.885619	1.9810934	3.1583138	3.9234684	1.0710801	5.68444
chr8	131035000	131040000	chr8	131860000	131865000	0,0,0	8.5912485	0.99991083	3.5987375	4.488044	6.223997	5.3367066	2.3781226	9.326078
chr8	85460000	85465000	chr8	85635000	85640000	0,0,0	11.681376	1.0	4.4497967	3.3580136	3.9021358	2.7849414	1.2918258	5.769842
chr8	38410000	38415000	chr8	38710000	38715000	0,0,0	9.717522	0.9999936	4.3601036	5.15322	7.7292247	7.3829947	2.8470595	11.963635
chr8	123485000	123490000	chr8	123695000	123700000	0,0,0	5.513501	0.9997525	2.2847946	4.5171733	5.3404775	4.289723	2.258898	8.304988
chr8	109345000	109350000	chr8	109715000	109720000	0,0,0	12.134066	0.99999875	5.370752	5.7948437	8.960199	8.464236	2.9100864	13.615209
chr8	8670000	8675000	chr8	8735000	8740000	0,0,0	9.423461	1.0	2.9845412	5.34697	6.608579	3.9411845	2.3043053	8.694047
chr8	30225000	30230000	chr8	30380000	30385000	0,0,0	6.1709824	0.99975544	2.4777706	4.0893106	5.732784	4.6820555	1.5427355	8.3169985
chr8	19400000	19405000	chr8	19755000	19760000	0,0,0	6.4645786	0.99995965	2.9199028	4.203389	6.567877	6.3827395	2.6179492	10.119085
chr8	27615000	27620000	chr8	27725000	27730000	0,0,0	6.302576	1.0	2.9822822	2.9333107	3.3817549	3.2826898	1.2334671	5.890077
chr8	100675000	100680000	chr8	100825000	100830000	0,0,0	8.032659	1.0	3.4258223	4.1110306	4.9665647	4.1818924	2.2105849	7.8361416
chr8	10930000	10935000	chr8	11275000	11280000	0,0,0	6.5044103	0.9988108	2.5621026	3.346399	4.705213	3.7606153	1.6687347	6.7351923
chr8	123480000	123485000	chr8	123760000	123765000	0,0,0	5.533244	0.9986493	2.63461	2.6438766	4.086735	4.2576923	1.2238951	6.607805
chr8	25165000	25170000	chr8	25475000	25480000	0,0,0	7.139294	0.99982274	2.8267708	4.882578	5.712198	4.2986073	1.7339054	8.638677
chr8	100560000	100565000	chr8	101300000	101305000	0,0,0	9.407992	1.0	3.3452728	4.0960393	5.2068453	3.564156	1.7870238	7.20508
chr8	140830000	140835000	chr8	141170000	141175000	0,0,0	9.917141	1.0	4.7047224	3.360372	4.435138	4.459409	1.680706	7.4464064
chr8	132870000	132875000	chr8	133455000	133460000	0,0,0	9.117617	1.0	4.2464156	3.483312	5.6800222	5.794246	2.3892472	8.890524
chr8	37390000	37395000	chr8	37705000	37710000	0,0,0	6.000756	0.9993403	3.0054781	3.4283044	3.9983983	4.2771325	1.3090734	7.324515
chr8	93690000	93695000	chr8	94360000	94365000	0,0,0	5.824789	1.0	2.8359005	1.9898742	2.524874	2.621276	0.8543588	4.390053
chr19	13275000	13280000	chr19	13585000	13590000	0,0,0	9.637358	0.999983	3.810622	5.836812	7.4582806	5.7959967	2.1870697	10.984274
chr19	46750000	46755000	chr19	46840000	46845000	0,0,0	9.614216	1.0	4.0287237	3.9664173	5.164204	4.3480396	1.8897368	7.873744
chr19	2470000	2475000	chr19	2610000	2615000	0,0,0	10.626274	1.0	4.041676	4.4760103	5.5966225	4.1132164	1.9904597	8.091892
chr19	50800000	50805000	chr19	50920000	50925000	0,0,0	6.8504	1.0	3.1402555	3.132664	3.2785196	2.9405427	1.5083486	5.7251325
chr19	5370000	5375000	chr19	5575000	5580000	0,0,0	4.3190928	0.98831666	2.354342	1.7370255	2.2944958	2.9060318	0.9673325	4.4500546
chr19	46855000	46860000	chr19	46990000	46995000	0,0,0	9.834309	1.0	3.6443667	4.525788	6.1259995	4.506938	2.2549772	8.5298605
chr19	42790000	42795000	chr19	42920000	42925000	0,0,0	5.5291433	1.0	2.7137942	1.8068569	3.2429147	3.605501	1.056592	5.211596
chr19	32340000	32345000	chr19	32570000	32575000	0,0,0	8.297042	1.0	2.8647566	4.9435577	5.32965	3.231692	1.7001418	7.6259656
chr19	1110000	1115000	chr19	1190000	1195000	0,0,0	5.8857613	1.0	2.9889207	2.725126	2.873083	3.0854585	1.3661531	5.5077925
chr19	49500000	49505000	chr19	49570000	49575000	0,0,0	7.2290864	1.0	2.944635	3.025819	4.5435987	3.8505745	1.1827096	6.5401917
chr19	6155000	6160000	chr19	6300000	6305000	0,0,0	5.101399	1.0	2.1827598	2.5301425	2.9763153	2.495553	1.0492622	4.7445683
chr19	12975000	12980000	chr19	13090000	13095000	0,0,0	11.119814	1.0	4.0342913	5.2505736	6.975659	4.975989	2.539799	9.643166
chr19	55140000	55145000	chr19	55415000	55420000	0,0,0	6.5565763	1.0	3.196701	2.4055738	3.265318	3.442009	1.0810456	5.5802965
chr19	54480000	54485000	chr19	54670000	54675000	0,0,0	6.071066	1.0	2.6204937	2.3510406	3.0875764	2.7106023	1.0011046	4.800416
chr19	46080000	46085000	chr19	46185000	46190000	0,0,0	8.624902	0.9999879	2.2836154	7.2973394	9.359905	4.8371267	2.6437569	11.323651
chr19	51420000	51425000	chr19	51655000	51660000	0,0,0	5.3449354	0.99800795	2.34713	3.012593	3.943983	3.5413868	1.6381067	6.2192473
chr19	33430000	33435000	chr19	33770000	33775000	0,0,0	11.318578	1.0	4.698614	4.4947386	5.866165	4.8829055	2.7749112	8.878228
chr19	6515000	6520000	chr19	6630000	6635000	0,0,0	9.587255	1.0	2.7176013	6.508532	7.1742663	3.5292032	2.2630556	9.314565
chr19	47960000	47965000	chr19	48155000	48160000	0,0,0	6.8966675	1.0	2.729826	3.2142367	4.8406334	3.9728987	1.8084558	6.829998
chr19	56075000	56080000	chr19	56330000	56335000	0,0,0	8.940126	1.0	4.290618	2.743285	3.4874825	3.541159	1.5599623	5.9796343
chr19	46280000	46285000	chr19	46485000	46490000	0,0,0	7.7715764	1.0	3.4726171	3.0592942	4.402389	4.143873	1.2673638	6.8632455
chr19	46025000	46030000	chr19	46075000	46080000	0,0,0	6.9244137	0.9998266	2.2236717	5.18509	6.594187	4.051823	2.1151688	8.660792
chr19	40140000	40145000	chr19	40220000	40225000	0,0,0	6.1010714	1.0	2.8796432	2.1833625	3.381902	3.4816535	1.1165532	5.42242
chr19	13785000	13790000	chr19	13860000	13865000	0,0,0	8.241115	1.0	3.1915984	3.1444066	4.2049522	3.2393177	1.4914557	6.0343456
chr19	35350000	35355000	chr19	35465000	35470000	0,0,0	6.5160737	0.99905163	2.3840587	4.205997	4.7946043	3.2228272	1.48018	6.961491
chr19	56080000	56085000	chr19	56170000	56175000	0,0,0	5.0469403	1.0	2.2290254	2.3554716	2.6032894	2.2402563	1.0834777	4.3340087
chr19	38240000	38245000	chr19	38330000	38335000	0,0,0	12.560549	1.0	5.262894	4.45846	6.3732586	5.5130186	2.1142097	9.476094
chr19	5045000	5050000	chr19	5575000	5580000	0,0,0	6.218934	1.0	2.6207669	3.1269841	3.9362535	3.3040085	1.3724403	6.0835505
chr19	39545000	39550000	chr19	39670000	39675000	0,0,0	6.2339573	0.99882746	2.733428	2.559412	4.6420145	4.474256	1.8899249	6.7492886
chr19	39120000	39125000	chr19	39320000	39325000	0,0,0	11.66891	1.0	4.1546793	6.916502	7.312279	4.5564094	3.2222192	10.7044115
chr19	12980000	12985000	chr19	13060000	13065000	0,0,0	9.800904	1.0	3.3909562	4.293228	5.6062684	3.7705307	1.666553	7.5867333
chr19	55205000	55210000	chr19	55415000	55420000	0,0,0	5.024629	0.99857503	2.188285	3.4706318	4.0456653	3.4692993	1.9591985	6.5543056
chr19	53810000	53815000	chr19	54020000	54025000	0,0,0	4.8985543	0.9942598	2.4791853	2.3160305	2.8246229	3.1021013	1.4401063	5.1607947
chr19	48505000	48510000	chr19	48585000	48590000	0,0,0	11.895655	1.0	5.8067317	2.9469333	5.0835247	5.578966	2.0781488	8.1984625
chr19	42790000	42795000	chr19	42855000	42860000	0,0,0	6.049585	1.0	2.3080933	3.3621206	3.9709582	2.8602157	1.460994	5.8487673
chr19	40660000	40665000	chr19	41145000	41150000	0,0,0	8.280462	1.0	3.798249	2.6602294	3.291446	3.0996034	1.6626621	5.464252
chr19	42450000	42455000	chr19	42525000	42530000	0,0,0	6.7773347	1.0	3.5740058	2.1028523	3.3853178	4.138407	1.4354112	6.0076094
chr19	47435000	47440000	chr19	47705000	47710000	0,0,0	10.90049	0.9999855	5.2981944	4.794247	6.550076	6.880036	2.7273448	11.141589
chr19	13195000	13200000	chr19	13260000	13265000	0,0,0	4.25125	1.0	2.6791983	0.82797503	1.2440832	2.133698	0.49474058	2.8696756
chr19	13875000	13880000	chr19	14075000	14080000	0,0,0	8.870121	1.0	3.6553733	3.8936098	4.85692	3.945683	1.3519964	7.4066696
chr19	46025000	46030000	chr19	46265000	46270000	0,0,0	8.616908	0.9998444	3.3117473	4.2922335	6.2893124	4.953479	2.1241825	8.768798
chr19	7945000	7950000	chr19	8245000	8250000	0,0,0	10.400047	1.0	4.3974743	3.5015802	4.904791	4.2676105	1.4246013	7.3801265
chr19	29730000	29735000	chr19	29870000	29875000	0,0,0	5.2608786	1.0	2.9198117	1.4384058	2.3147125	3.0848455	0.86631995	4.363428
chr19	8650000	8655000	chr19	9075000	9080000	0,0,0	7.8430066	1.0	3.50552	3.7974117	4.8518925	4.4366026	2.4096205	7.81208
chr19	11285000	11290000	chr19	11445000	11450000	0,0,0	5.5313487	0.99616504	2.1492434	3.311553	3.6601167	2.6205642	1.2785977	5.564167
chr19	14575000	14580000	chr19	14890000	14895000	0,0,0	7.430558	1.0	3.004766	3.1058593	4.6622715	3.9175313	1.9936382	6.678295
chr19	40655000	40660000	chr19	40820000	40825000	0,0,0	6.30274	1.0	3.1109684	1.8446045	2.5159545	2.7056115	0.85601383	4.34526
chr19	920000	925000	chr19	980000	985000	0,0,0	9.965686	0.9999874	2.5252628	7.9664197	9.181609	4.2038126	2.8241282	11.285075
chr19	35350000	35355000	chr19	35495000	35500000	0,0,0	6.656992	0.9987183	2.5246205	3.7094073	4.60533	3.3630443	1.4229375	6.660295
chr19	48785000	48790000	chr19	48840000	48845000	0,0,0	4.569927	1.0	2.1634114	1.7999564	2.6238453	2.6827092	0.90744805	4.2826705
chr19	15085000	15090000	chr19	15560000	15565000	0,0,0	5.559843	1.0	2.8114479	2.4000425	2.9153423	3.194719	1.1606969	5.32809
chr19	42930000	42935000	chr19	43080000	43085000	0,0,0	5.0994363	1.0	2.9293933	1.8495687	2.3418896	3.268858	1.1223	4.912919
chr19	19530000	19535000	chr19	19640000	19645000	0,0,0	9.000699	1.0	3.9189675	2.693974	3.9066482	3.5606673	1.7057647	5.955311
chr19	47960000	47965000	chr19	48100000	48105000	0,0,0	7.097621	1.0	3.1882133	3.5382085	4.243181	3.8408105	1.7504311	6.9858847
chr19	9585000	9590000	chr19	9795000	9800000	0,0,0	5.321418	0.9975966	2.5668368	2.5641541	3.596275	3.752246	1.152291	6.031494
chr19	2475000	2480000	chr19	2575000	2580000	0,0,0	5.457984	0.9978261	2.8250773	2.2989368	3.472395	4.0883822	1.4922704	6.1318817
chr19	10580000	10585000	chr19	10650000	10655000	0,0,0	5.3432775	0.9978711	2.4907262	2.8992872	3.682717	3.5756366	1.4343181	6.1527805
chr19	9620000	9625000	chr19	9790000	9795000	0,0,0	9.144601	1.0	4.1955543	2.9540563	6.0070763	6.224574	2.1969233	8.850403
chr19	50355000	50360000	chr19	50460000	50465000	0,0,0	6.1517744	1.0	2.754899	2.5909169	2.8990805	2.5586276	1.4216512	4.861665
chr19	50165000	50170000	chr19	50255000	50260000	0,0,0	10.659306	1.0	4.563156	2.9886782	3.8112571	3.2806764	1.1326671	5.937279
chr19	6045000	6050000	chr19	6125000	6130000	0,0,0	7.2309785	1.0	3.1420574	3.0477552	4.7191143	4.3566794	1.7461237	7.065795
chr19	7100000	7105000	chr19	7340000	7345000	0,0,0	10.963782	1.0	4.4259434	4.7364135	7.6765776	6.5705495	2.8730805	10.780695
chr19	42445000	42450000	chr19	42595000	42600000	0,0,0	6.1876235	1.0	2.3765078	3.1939082	3.699544	2.6644905	1.1649188	5.50352
chr19	32975000	32980000	chr19	33120000	33125000	0,0,0	10.027054	1.0	4.55241	3.6696153	5.776999	5.6605916	1.8505325	8.922472
chr19	33235000	33240000	chr19	33405000	33410000	0,0,0	9.709196	1.0	3.6684742	4.9339595	6.540985	4.880447	2.073302	9.266189
chr19	16040000	16045000	chr19	16180000	16185000	0,0,0	13.739067	1.0	5.480788	5.0370865	6.4378314	5.0588903	2.4831722	9.536301
chr19	53840000	53845000	chr19	54025000	54030000	0,0,0	8.255895	0.9998915	3.0188675	5.0736876	6.5120964	4.6197658	2.0870275	9.12971
chr19	46075000	46080000	chr19	46265000	46270000	0,0,0	9.229552	0.999974	3.9069853	4.064704	7.48215	6.9459963	2.733523	10.559067
chr19	45425000	45430000	chr19	45475000	45480000	0,0,0	5.231819	0.99570817	2.1724908	3.2033045	3.3793628	2.6042242	1.3538599	5.451606
chr19	4805000	4810000	chr19	5030000	5035000	0,0,0	11.139519	1.0	4.4759684	3.3880444	5.6083565	4.8011756	2.0667896	7.8127704
chr19	10260000	10265000	chr19	10390000	10395000	0,0,0	10.915164	1.0	5.2690873	3.5458024	5.183037	5.4545283	1.7750493	8.606353
chr19	43105000	43110000	chr19	43205000	43210000	0,0,0	10.281102	1.0	4.5212574	4.3922324	5.025437	4.3455195	1.8536227	8.249726
chr19	54750000	54755000	chr19	54830000	54835000	0,0,0	12.159931	0.9999966	3.5310192	8.50538	9.716684	5.0385427	3.6025965	12.598881
chr19	18345000	18350000	chr19	18410000	18415000	0,0,0	8.517147	1.0	3.3874269	3.5167928	5.923971	5.0374446	1.6486588	8.163483
chr19	16770000	16775000	chr19	17050000	17055000	0,0,0	5.5722175	0.9984912	2.9473956	2.66944	3.4473138	4.1242847	1.102521	6.4971204
chr19	2950000	2955000	chr19	3160000	3165000	0,0,0	6.9518404	1.0	2.8382885	2.7496376	3.6157248	2.953601	1.1232958	5.3977237
chr19	8160000	8165000	chr19	8250000	8255000	0,0,0	5.5750394	1.0	2.553403	2.0326605	2.7998226	2.699401	0.8949944	4.5062103
chr19	41445000	41450000	chr19	41560000	41565000	0,0,0	8.021446	1.0	3.6267493	3.4285173	4.662742	4.401809	1.8762196	7.4493804
chr19	3325000	3330000	chr19	3425000	3430000	0,0,0	5.9287295	0.9983722	2.997499	2.7931638	3.5639067	3.9383876	1.1396512	6.4212
chr19	3325000	3330000	chr19	3470000	3475000	0,0,0	10.32035	1.0	4.0424023	6.028026	6.6474566	4.806579	2.173179	10.1648245
chr19	51470000	51475000	chr19	51655000	51660000	0,0,0	6.0727696	0.9994456	3.0083735	3.1726117	4.3258805	4.6783247	1.2848072	7.498424
chr19	13595000	13600000	chr19	13715000	13720000	0,0,0	5.850458	1.0	2.7916536	2.421636	3.3664198	3.4504478	1.5541215	5.603013
chr19	9930000	9935000	chr19	10025000	10030000	0,0,0	5.144959	1.0	2.6949713	1.8114518	2.8508706	3.4386725	0.97291374	5.048852
chr19	33140000	33145000	chr19	33400000	33405000	0,0,0	6.993795	1.0	2.9634633	2.4606822	3.1114833	2.634695	1.1487314	4.821968
chr19	15630000	15635000	chr19	16030000	16035000	0,0,0	5.3499484	0.9964833	2.252593	3.061694	3.5809486	2.9293215	1.3055625	5.650827
chr19	12975000	12980000	chr19	13260000	13265000	0,0,0	17.731981	1.0	5.5733128	4.103738	5.3531556	3.2638197	1.6140054	6.9115863
chr19	48785000	48790000	chr19	48965000	48970000	0,0,0	7.819645	1.0	3.54171	2.1588078	3.1261683	3.000979	1.0635424	4.919919
chr19	16245000	16250000	chr19	16385000	16390000	0,0,0	8.11796	0.99970514	4.051915	3.548856	4.5881205	4.975373	1.5682104	8.129911
chr19	42790000	42795000	chr19	42885000	42890000	0,0,0	7.078354	1.0	3.1060753	3.191963	3.8925889	3.422087	1.6451912	6.2593875
chr19	11870000	11875000	chr19	12140000	12145000	0,0,0	4.375915	0.9941663	2.137044	2.526672	2.849438	2.898705	1.0546806	5.1446357
chr19	50925000	50930000	chr19	51095000	51100000	0,0,0	7.815654	1.0	3.4055214	2.556441	3.582445	3.240626	1.3983265	5.513018
chr19	2950000	2955000	chr19	3100000	3105000	0,0,0	6.5700355	1.0	2.6546285	3.3324573	4.401391	3.553937	1.7778016	6.516121
chr19	46400000	46405000	chr19	46485000	46490000	0,0,0	5.920563	0.99820715	2.5766304	2.9496446	4.1066356	3.7026935	1.4648973	6.3245997
chr19	4730000	4735000	chr19	4800000	4805000	0,0,0	6.8866735	1.0	2.6216543	3.0834634	3.8752477	2.857051	1.1285317	5.597907
chr19	32285000	32290000	chr19	32565000	32570000	0,0,0	7.541808	1.0	3.2498457	3.0832243	4.087277	3.5896263	1.3475534	6.3302703
chr19	43445000	43450000	chr19	43515000	43520000	0,0,0	5.801452	1.0	2.8707263	2.2398484	3.031108	3.2679558	1.1275333	5.258932
chr19	37900000	37905000	chr19	38220000	38225000	0,0,0	11.43423	1.0	5.7556396	2.458637	3.935328	4.470141	1.051943	6.6555963
chr14	67940000	67945000	chr14	68135000	68140000	0,0,0	3.8056376	0.9949916	2.1718063	2.3567686	2.3750246	3.2022824	1.2758255	5.297188
chr14	24010000	24015000	chr14	24090000	24095000	0,0,0	6.714865	0.9996361	2.0610242	5.171247	5.990545	3.3228588	1.844481	7.919523
chr14	51280000	51285000	chr14	51780000	51785000	0,0,0	7.019215	0.9999839	3.325251	4.9603724	6.5974684	6.6302814	2.6464097	11.039501
chr14	22555000	22560000	chr14	22895000	22900000	0,0,0	4.5447817	0.9918399	2.4051702	1.7017132	2.686641	3.2963605	0.7715988	4.8089943
chr14	20325000	20330000	chr14	20605000	20610000	0,0,0	15.214876	1.0	5.2023363	7.5903554	11.231199	7.8666587	3.6647682	14.613641
chr14	37245000	37250000	chr14	37870000	37875000	0,0,0	9.010206	0.99999344	4.148948	4.6965632	7.7107844	7.757565	2.9526753	11.932287
chr14	24805000	24810000	chr14	25130000	25135000	0,0,0	5.453701	0.9998609	2.8149238	2.9867866	5.2209764	6.2263227	1.7143884	8.881244
chr14	52820000	52825000	chr14	53305000	53310000	0,0,0	7.9741926	0.99986225	3.0222824	5.3187575	5.967736	4.163397	3.0009553	8.891181
chr14	59630000	59635000	chr14	60185000	60190000	0,0,0	9.039215	1.0	3.431824	4.8698893	6.004429	4.378038	2.578679	8.706829
chr14	54560000	54565000	chr14	54805000	54810000	0,0,0	6.5821137	0.99996215	2.6244447	4.956291	7.088477	5.7771454	2.0307422	10.182737
chr14	22985000	22990000	chr14	23055000	23060000	0,0,0	4.8745437	0.99887687	2.350984	2.9472182	4.020754	4.172564	1.470143	6.7923136
chr14	96295000	96300000	chr14	96420000	96425000	0,0,0	9.438357	1.0	4.570717	3.236054	5.766371	6.28725	1.3738116	9.163743
chr14	61835000	61840000	chr14	62125000	62130000	0,0,0	5.2769113	1.0	2.195694	2.650785	3.13318	2.5306447	1.0278943	4.886898
chr14	104135000	104140000	chr14	104560000	104565000	0,0,0	12.744175	1.0	3.2797637	13.167953	13.692966	5.7694845	5.0795164	17.47433
chr14	105680000	105685000	chr14	105935000	105940000	0,0,0	6.257683	0.9997701	3.1728606	3.67776	4.61495	5.109662	2.1472604	8.378782
chr14	105615000	105620000	chr14	105760000	105765000	0,0,0	35.883495	1.0	4.598266	31.999142	35.256615	9.181763	11.105343	37.625446
chr14	76910000	76915000	chr14	77060000	77065000	0,0,0	6.485153	0.9999511	3.5579598	3.5368137	5.2330904	6.783661	2.331421	9.927495
chr14	67165000	67170000	chr14	67285000	67290000	0,0,0	10.476739	0.9999895	3.6714694	6.0764527	8.596991	6.0626845	2.863867	11.463976
chr14	53290000	53295000	chr14	54350000	54355000	0,0,0	8.097996	0.9999392	3.4228585	4.9628143	6.276479	5.297339	2.2619717	9.70873
chr14	95995000	96000000	chr14	96275000	96280000	0,0,0	6.0019903	1.0	2.618766	2.1006749	2.8924856	2.6093693	0.8139673	4.4766355
chr14	68460000	68465000	chr14	68785000	68790000	0,0,0	5.4489536	0.9983363	2.2521615	3.1082444	4.3121047	3.6364903	1.7430432	6.399374
chr14	69585000	69590000	chr14	69725000	69730000	0,0,0	7.6970935	0.99989635	4.2938123	2.9066966	4.8854146	6.5914264	2.0393426	9.175157
chr14	33840000	33845000	chr14	34225000	34230000	0,0,0	5.4697733	0.9999258	2.9050522	3.0406013	5.446544	6.806471	1.8922503	9.509228
chr14	35135000	35140000	chr14	35405000	35410000	0,0,0	16.70056	0.99999994	6.6930656	8.932516	11.237645	8.832312	4.581356	16.772326
chr14	103570000	103575000	chr14	103975000	103980000	0,0,0	5.359101	1.0	2.803628	2.030878	2.5604844	2.9941964	0.94335645	4.7994213
chr14	69815000	69820000	chr14	70025000	70030000	0,0,0	12.203822	0.99999964	4.7411294	5.691083	11.291597	9.737174	2.8037293	14.795914
chr14	20855000	20860000	chr14	20970000	20975000	0,0,0	4.508713	1.0	2.120342	1.4982834	2.6493027	2.7741168	0.7152903	4.105924
chr14	74360000	74365000	chr14	74475000	74480000	0,0,0	9.378057	0.99996674	3.4982023	5.8640213	7.1699624	5.09929	2.8060298	10.311752
chr14	57690000	57695000	chr14	57870000	57875000	0,0,0	4.1687174	0.9956414	2.1681194	2.3625803	2.8950508	3.3360994	0.9625223	5.436171
chr14	101960000	101965000	chr14	102095000	102100000	0,0,0	9.275068	0.9999366	3.1998281	5.8132505	6.986581	4.499197	2.2006836	9.666532
chr14	60625000	60630000	chr14	61250000	61255000	0,0,0	11.419905	0.9999999	4.6298265	7.433467	10.999963	9.233305	3.3816564	15.840833
chr14	76050000	76055000	chr14	76385000	76390000	0,0,0	7.8431206	0.9999901	2.716677	6.497729	8.518955	5.7467947	2.6263862	11.522553
chr14	22565000	22570000	chr14	22645000	22650000	0,0,0	7.137452	0.99961406	4.183448	2.238413	3.9641304	5.870994	1.1193316	7.8606954
chr14	24720000	24725000	chr14	25405000	25410000	0,0,0	7.680331	1.0	3.208285	4.1663556	4.4658847	3.4949198	1.4385711	7.198347
chr14	56490000	56495000	chr14	57180000	57185000	0,0,0	7.742411	0.9999138	2.9136844	5.761258	6.24034	4.2386394	2.3295884	9.359757
chr14	50540000	50545000	chr14	50775000	50780000	0,0,0	8.194782	0.99997073	2.7995493	5.9397945	7.7692213	5.15959	2.599125	10.439407
chr14	31510000	31515000	chr14	32465000	32470000	0,0,0	5.51831	0.998967	2.5018437	3.0285547	4.35856	4.183946	1.4202219	6.8759947
chr14	74860000	74865000	chr14	75090000	75095000	0,0,0	5.054165	0.9940279	2.1815774	2.5642886	3.265795	2.8418207	1.3524194	5.1211886
chr14	88185000	88190000	chr14	88435000	88440000	0,0,0	3.9939673	0.98932046	2.0127869	2.1117709	2.4628415	2.6627681	1.0311089	4.539898
chr14	44910000	44915000	chr14	45270000	45275000	0,0,0	7.823402	0.99988323	3.604989	3.8675175	5.696434	5.618741	2.4678826	9.056534
chr14	20705000	20710000	chr14	20960000	20965000	0,0,0	5.0154376	1.0	2.3960617	2.3328764	2.8920038	2.8996968	1.159932	4.973365
chr14	56555000	56560000	chr14	57180000	57185000	0,0,0	4.5552053	0.99887687	2.0724144	2.6451201	4.4620247	4.44113	1.3733267	6.792348
chr14	73725000	73730000	chr14	73825000	73830000	0,0,0	5.4472566	0.9993017	2.7041645	2.740437	4.3481317	4.8316073	1.37966	7.2675514
chr14	72515000	72520000	chr14	72900000	72905000	0,0,0	11.654643	0.9999999	4.715057	8.503109	10.621175	8.427541	3.3866746	15.98586
chr14	22225000	22230000	chr14	22375000	22380000	0,0,0	4.781539	0.99681705	2.0522468	3.1225452	3.5674686	2.9749422	1.5175695	5.750538
chr14	61025000	61030000	chr14	61250000	61255000	0,0,0	4.8098474	0.99373573	2.222432	2.800938	2.863911	2.583699	0.9416778	5.0734215
chr14	64005000	64010000	chr14	64295000	64300000	0,0,0	5.728875	0.9984729	3.032872	2.9475076	3.2948027	3.8650827	1.3711431	6.4850893
chr14	50000000	50005000	chr14	50100000	50105000	0,0,0	4.138897	0.9872868	2.1340966	1.8984977	2.3548048	2.678012	0.8124224	4.3655653
chr14	60625000	60630000	chr14	61025000	61030000	0,0,0	8.865253	0.999998	4.2039742	4.440504	8.539495	9.149774	2.2364478	13.096888
chr14	34330000	34335000	chr14	34495000	34500000	0,0,0	9.779643	1.0	4.27497	3.584127	5.5254946	5.1343837	1.8504776	8.320274
chr14	73725000	73730000	chr14	74035000	74040000	0,0,0	7.750434	1.0	2.936792	3.950683	5.209631	3.892127	1.6546472	7.4038453
chr14	50595000	50600000	chr14	50775000	50780000	0,0,0	7.109442	0.9999746	2.663792	5.8108063	7.4339604	5.4169908	2.834403	10.582151
chr14	95440000	95445000	chr14	95530000	95535000	0,0,0	5.3896294	1.0	2.9973133	1.7216861	2.2271006	2.9219651	1.1489848	4.452353
chr14	23725000	23730000	chr14	23910000	23915000	0,0,0	5.4863334	0.9999416	3.0755243	4.0661817	4.66065	6.134798	2.1095917	9.749182
chr14	38720000	38725000	chr14	38865000	38870000	0,0,0	6.0083537	0.99962676	2.1808136	4.715477	5.4998417	3.7025998	1.9277885	7.894135
chr14	37250000	37255000	chr14	37560000	37565000	0,0,0	7.405543	0.9999531	3.577255	4.70304	5.7003703	5.7880273	1.9208192	9.968508
chr14	67885000	67890000	chr14	68825000	68830000	0,0,0	4.4142714	0.9995941	2.296657	4.3063498	5.514084	6.4011106	2.4314582	10.228977
chr14	100440000	100445000	chr14	100650000	100655000	0,0,0	7.762466	0.9999591	2.738542	5.476119	7.4815664	5.238159	2.4747329	10.105821
chr14	59125000	59130000	chr14	59440000	59445000	0,0,0	15.368153	1.0	5.9345303	9.618901	15.71348	12.847342	4.0832877	21.397476
chr14	63635000	63640000	chr14	63770000	63775000	0,0,0	4.6040936	0.99410456	2.2004132	2.440414	2.9679024	2.9648557	1.0572948	5.1341124
chr14	59505000	59510000	chr14	59575000	59580000	0,0,0	8.03395	0.9997077	3.2079735	4.068557	5.6045504	4.5221233	1.5164906	8.1386175
chr14	74110000	74115000	chr14	74255000	74260000	0,0,0	7.1759434	0.9999115	3.0401888	4.3951983	6.2074623	5.4266686	2.4369755	9.333511
chr14	67160000	67165000	chr14	67350000	67355000	0,0,0	4.6164746	0.99053437	2.829498	1.6741259	1.9817601	3.1724615	1.3205024	4.6605735
chr14	103805000	103810000	chr14	103980000	103985000	0,0,0	6.7239103	0.9999644	2.6287355	5.663375	6.9170127	5.210046	2.1906786	10.244156
chr14	90905000	90910000	chr14	91280000	91285000	0,0,0	4.166386	1.0	2.3266306	1.6914738	1.9890354	2.6051035	0.8043357	4.108636
chr14	55270000	55275000	chr14	55425000	55430000	0,0,0	4.336458	0.99290544	2.3545353	2.1768992	2.4456913	3.0139196	0.95068204	4.948941
chr14	22655000	22660000	chr14	22855000	22860000	0,0,0	7.0340624	0.9995558	2.7368817	4.0626593	5.3378963	4.1088743	2.149467	7.720127
chr14	75305000	75310000	chr14	75480000	75485000	0,0,0	6.6899095	0.99960774	3.1390417	3.6443663	4.683494	4.6049376	1.8599749	7.844374
chr14	24805000	24810000	chr14	25040000	25045000	0,0,0	7.120909	0.99998766	3.2318132	5.0606647	7.116205	6.805788	2.125998	11.304156
chr14	80055000	80060000	chr14	80590000	80595000	0,0,0	5.3335967	1.0	2.273587	2.6679447	3.316558	2.816253	1.0819659	5.1877594
chr14	53950000	53955000	chr14	54345000	54350000	0,0,0	8.134892	1.0	3.8103187	3.5908701	4.1488943	3.9644618	1.9484001	7.1563463
chr14	32585000	32590000	chr14	33430000	33435000	0,0,0	5.8865976	0.9986361	2.7224379	3.4328604	3.8251672	3.5467	1.5089192	6.598131
chr14	70620000	70625000	chr14	70815000	70820000	0,0,0	9.858597	0.9999924	3.6324782	6.3611755	8.447735	6.129676	2.287734	11.784054
chr14	102230000	102235000	chr14	102310000	102315000	0,0,0	4.890327	0.99748516	2.1181788	2.7101932	3.9470053	3.5771153	1.6071801	5.986176
chr14	24365000	24370000	chr14	24430000	24435000	0,0,0	5.7626915	0.9972131	2.47069	2.6834192	3.9098318	3.498189	1.2038857	5.8834505
chr14	105595000	105600000	chr14	105720000	105725000	0,0,0	23.584513	1.0	3.9516394	34.18339	38.610542	12.439598	14.377703	42.824837
chr14	37250000	37255000	chr14	37425000	37430000	0,0,0	7.1410856	0.9997127	3.2249525	4.219762	4.878535	4.40488	1.9315877	8.15578
chr14	101770000	101775000	chr14	101950000	101955000	0,0,0	4.8798504	0.9987426	2.0757735	3.938167	4.0279827	3.1787758	1.4619397	6.679369
chr14	80055000	80060000	chr14	80850000	80855000	0,0,0	10.510342	0.9999898	4.3154697	4.9702854	8.098771	7.074369	2.9039006	11.492401
chr14	37900000	37905000	chr14	38865000	38870000	0,0,0	8.793357	1.0	3.9486132	3.1886883	4.6670146	4.438927	1.1951687	7.273317
chr14	61925000	61930000	chr14	62125000	62130000	0,0,0	3.8519814	0.98551947	2.2102363	1.5840962	2.02851	2.827305	0.97132397	4.2353907
chr14	103075000	103080000	chr14	103290000	103295000	0,0,0	8.21113	1.0	2.9522834	4.7944756	5.815637	3.9453037	2.1365263	8.20706
chr14	75575000	75580000	chr14	75650000	75655000	0,0,0	8.486909	1.0	3.4166265	4.355254	5.5344095	4.3903065	1.679376	8.261643
chr14	53960000	53965000	chr14	54100000	54105000	0,0,0	4.5596585	0.99804246	2.5133276	2.5521924	3.097303	3.9680939	1.5471245	6.2367096
chr14	36070000	36075000	chr14	36605000	36610000	0,0,0	4.9959745	0.9973181	2.534377	2.7102318	3.2039275	3.5127478	1.5637157	5.9218426
chr14	67935000	67940000	chr14	68455000	68460000	0,0,0	3.9663284	0.98879385	2.0095196	2.0000536	2.4625232	2.7139318	1.2364328	4.4917574
chr14	105680000	105685000	chr14	106000000	106005000	0,0,0	6.5452976	0.9999444	2.874803	4.82576	6.172042	5.5080686	2.5718255	9.797633
chr14	93205000	93210000	chr14	93540000	93545000	0,0,0	6.688892	0.99898183	3.330582	3.1640358	3.8234615	4.0779743	2.0273147	6.8904505
chr14	61460000	61465000	chr14	61730000	61735000	0,0,0	6.4080024	0.99995434	2.7140849	5.0184283	6.493991	5.5348606	2.151519	9.995686
chr14	81265000	81270000	chr14	81455000	81460000	0,0,0	7.251192	0.99999285	4.4087133	3.2524562	5.629081	8.954285	2.546686	11.845357
chr14	31925000	31930000	chr14	32465000	32470000	0,0,0	7.5633097	0.9996009	2.698869	5.0616684	5.334937	3.3278275	1.7364382	7.8270884
chr14	30980000	30985000	chr14	31355000	31360000	0,0,0	4.3137736	0.9966073	2.2948854	1.9218907	3.1975563	3.9783733	1.2903596	5.6867204
chr14	68860000	68865000	chr14	69105000	69110000	0,0,0	9.289677	1.0	4.754555	3.506495	4.465456	5.035629	1.836116	8.1525135
chr14	57485000	57490000	chr14	58070000	58075000	0,0,0	7.1356645	0.99988264	2.447238	5.4899154	6.5473366	4.17136	1.9956155	9.051285
chr14	28755000	28760000	chr14	30210000	30215000	0,0,0	10.368181	1.0	3.82655	4.378868	6.2761846	4.694944	2.0326385	8.587271
chr14	55435000	55440000	chr14	56475000	56480000	0,0,0	9.858483	1.0	4.9247537	3.586585	4.913376	5.388651	1.7476887	8.576727
chr14	64665000	64670000	chr14	64760000	64765000	0,0,0	7.9044104	0.9997917	3.431292	3.8908765	5.550333	5.018701	2.0103912	8.477258
chr14	53535000	53540000	chr14	54340000	54345000	0,0,0	7.2933683	0.99993926	4.043562	2.6514223	5.434577	7.3531055	1.3609699	9.709925
chr14	35420000	35425000	chr14	35685000	35690000	0,0,0	8.461091	1.0	3.274606	4.2605653	4.9222617	3.576241	1.6637976	7.3634105
chr14	20330000	20335000	chr14	20460000	20465000	0,0,0	4.769948	0.99251837	2.464085	1.9297332	2.733111	3.1804893	0.9207639	4.8958077
chr14	60060000	60065000	chr14	60180000	60185000	0,0,0	4.9020934	0.9974771	2.098635	2.838803	3.9268587	3.4595993	1.269093	5.98298
chr14	104765000	104770000	chr14	104825000	104830000	0,0,0	6.0661335	1.0	2.6475213	2.4813013	3.3381357	2.9942687	1.3070896	5.1998696
chr14	67615000	67620000	chr14	67700000	67705000	0,0,0	4.4206705	0.9945294	2.0675538	2.2085037	3.2280822	3.2457922	1.1992284	5.2089067
chr14	29545000	29550000	chr14	30210000	30215000	0,0,0	5.4051723	0.9985953	2.8707244	2.5908518	3.5170288	4.26562	1.1241653	6.5685997
chr14	55730000	55735000	chr14	56470000	56475000	0,0,0	5.415193	0.99787736	2.4656742	3.028512	3.7246182	3.4637353	1.3693871	6.155746
chr14	37420000	37425000	chr14	37550000	37555000	0,0,0	4.8511095	0.9980586	2.7422884	1.7708685	3.3563666	4.6708827	1.1214724	6.244988
chr14	36945000	36950000	chr14	37150000	37155000	0,0,0	4.0149083	0.9926887	2.0826368	2.200139	2.5988579	2.9631674	0.8017573	4.9188466
chr14	93650000	93655000	chr14	93900000	93905000	0,0,0	10.558718	0.9999928	4.2396054	6.4311075	7.854314	6.1214395	2.9872658	11.837979
chr14	99980000	99985000	chr14	100105000	100110000	0,0,0	9.810299	0.99998873	2.7593489	8.324736	8.636539	3.9971538	2.7770462	11.396919
chr14	74940000	74945000	chr14	75085000	75090000	0,0,0	5.516982	0.9984639	2.4152012	3.2387335	4.0724635	3.6003401	1.7618825	6.479214
chr14	100845000	100850000	chr14	101625000	101630000	0,0,0	5.9180055	0.9999927	2.5707624	5.5798607	7.6637936	6.8688793	3.2426386	11.828755
chr14	68910000	68915000	chr14	69085000	69090000	0,0,0	5.220689	0.9992582	2.736832	3.3722124	3.6716843	4.2096844	1.4104446	7.2072062
chr14	64665000	64670000	chr14	64885000	64890000	0,0,0	6.430082	1.0	2.7627182	2.7321692	3.624584	3.1715753	1.2112945	5.60017
chr14	23260000	23265000	chr14	23540000	23545000	0,0,0	3.8223622	1.0	2.0027828	1.4966844	2.0146713	2.3843148	0.6275343	3.714701
chr14	50315000	50320000	chr14	50525000	50530000	0,0,0	7.268166	0.99995214	3.3780468	4.342975	6.14806	6.087711	2.6611834	9.948133
chr14	95560000	95565000	chr14	95990000	95995000	0,0,0	9.476531	0.9999928	4.05245	5.666616	7.7569814	6.8046255	2.904296	11.841618
chr14	63800000	63805000	chr14	64295000	64300000	0,0,0	8.499306	0.99990565	4.3513765	3.122818	5.507171	6.493831	1.9016055	9.26967
chr14	65415000	65420000	chr14	65825000	65830000	0,0,0	6.084259	0.99888134	2.9404995	3.2907553	3.8416538	3.8712354	1.4291091	6.796351
chr14	74910000	74915000	chr14	75080000	75085000	0,0,0	3.7695127	0.99223405	2.0022972	1.8326972	2.6426458	3.229445	0.9803283	4.858509
chr14	77150000	77155000	chr14	77315000	77320000	0,0,0	7.7040887	0.9997605	2.105233	6.2300997	6.352828	2.7999933	2.237255	8.33786
chr14	58640000	58645000	chr14	59015000	59020000	0,0,0	4.7968106	0.999412	2.651922	2.694756	3.8504012	5.044194	1.6452466	7.4395328
chr14	96100000	96105000	chr14	96420000	96425000	0,0,0	5.677123	1.0	2.8583703	1.686682	3.31017	3.8545825	1.0599586	5.3538556
chr14	20695000	20700000	chr14	20855000	20860000	0,0,0	12.247716	0.9999986	3.8963175	7.7894893	10.503643	6.5901914	3.2637084	13.514182
chr14	36070000	36075000	chr14	36370000	36375000	0,0,0	4.3542013	0.9971645	2.0778747	2.8720443	3.355781	3.3132179	1.155735	5.866146
chr14	58500000	58505000	chr14	59055000	59060000	0,0,0	7.545765	0.99998075	2.7859406	6.8260846	7.2903476	4.7919645	2.4820526	10.859595
chr14	70620000	70625000	chr14	70970000	70975000	0,0,0	6.030265	1.0	2.8972607	2.9361105	3.0470457	2.9520202	1.2027011	5.5618963
chr14	53540000	53545000	chr14	53940000	53945000	0,0,0	6.2873945	0.9987732	3.2830863	2.1079535	3.9513214	4.830294	1.2361563	6.704031
chr14	95560000	95565000	chr14	95770000	95775000	0,0,0	5.206914	0.9983859	2.1044915	3.7904973	4.090626	3.0603147	1.5482137	6.4296455
chr14	80950000	80955000	chr14	81465000	81470000	0,0,0	4.4463334	1.0	2.2943652	1.8296025	1.9594227	2.1744146	1.08514	3.8007278
chr14	54560000	54565000	chr14	54775000	54780000	0,0,0	7.679285	0.99997085	3.1282554	5.3201885	7.011813	5.7158175	2.554475	10.444874
chr14	95605000	95610000	chr14	95770000	95775000	0,0,0	5.5017495	0.9994837	2.366927	3.652869	4.912766	4.3226633	1.6380132	7.569658
chr14	55710000	55715000	chr14	56415000	56420000	0,0,0	3.9371247	0.9961921	2.0892818	2.0695858	3.0508375	3.7316246	1.216026	5.5712566
chr14	99515000	99520000	chr14	99625000	99630000	0,0,0	10.583071	1.0	4.301536	4.8332276	6.432574	5.2455764	2.32975	9.541779
chr14	71930000	71935000	chr14	72295000	72300000	0,0,0	5.0789123	0.9982541	2.462174	2.705044	3.7603161	3.9466667	1.8133452	6.3511505
chr14	32260000	32265000	chr14	32470000	32475000	0,0,0	4.6778274	0.99523145	2.6680706	1.726151	2.7258923	3.8119054	1.3303392	5.346262
chr14	103105000	103110000	chr14	103290000	103295000	0,0,0	6.342991	0.99929196	2.8778746	3.9708276	4.206246	3.724139	2.0730274	7.253763
chr14	75130000	75135000	chr14	75485000	75490000	0,0,0	6.826639	1.0	2.8307962	3.1748257	4.606752	3.9506242	1.3852088	6.7726912
chr14	36550000	36555000	chr14	37145000	37150000	0,0,0	5.5229893	0.99683124	3.092888	1.9281918	2.9924452	4.0410547	1.2642881	5.7550025
chr14	73505000	73510000	chr14	73630000	73635000	0,0,0	4.7689314	0.9977022	2.6511467	2.4120927	3.010234	3.932351	1.4423099	6.0764337
chr14	64340000	64345000	chr14	64480000	64485000	0,0,0	7.244759	0.99956626	3.1825633	3.7325282	4.9181366	4.426005	1.8869336	7.743808
chr14	22775000	22780000	chr14	22850000	22855000	0,0,0	4.836885	0.9966595	2.1770866	2.8386345	3.4801364	3.1789985	1.1242998	5.702229
chr14	90900000	90905000	chr14	91170000	91175000	0,0,0	14.229403	1.0	4.6730328	10.602922	13.128706	8.138353	3.4108062	17.563173
chr14	47915000	47920000	chr14	49175000	49180000	0,0,0	10.043074	0.99998206	3.1909766	6.069703	8.615686	5.5334234	2.7477412	10.928716
chr14	47915000	47920000	chr14	48395000	48400000	0,0,0	5.206077	0.99795914	2.5638096	2.8124375	3.5065832	3.6950803	1.3895782	6.195025
chr14	35290000	35295000	chr14	35405000	35410000	0,0,0	4.3769307	0.9919702	2.276912	2.1326032	2.5509546	2.9294467	1.0801187	4.8250937
chr14	31930000	31935000	chr14	32250000	32255000	0,0,0	10.562282	0.9999946	4.935005	4.602655	7.792226	8.033802	2.2844489	12.12505
chr14	69730000	69735000	chr14	70025000	70030000	0,0,0	6.345327	1.0	2.5357327	2.666264	3.3177776	2.587835	1.1737753	4.9578476
chr14	22310000	22315000	chr14	22470000	22475000	0,0,0	4.356873	0.99658537	2.2723954	2.5816908	2.9554641	3.3854375	0.9001776	5.6802735
chr14	70335000	70340000	chr14	70550000	70555000	0,0,0	3.957081	1.0	2.147507	1.3811462	1.7440224	2.179575	0.7359698	3.4072607
chr14	49630000	49635000	chr14	49850000	49855000	0,0,0	6.4287467	1.0	2.9170356	2.9313164	3.2974467	2.9749434	1.5442029	5.580558
chr14	75710000	75715000	chr14	75980000	75985000	0,0,0	8.178772	0.9999857	4.0452833	5.253557	6.1835656	6.487089	2.6406085	11.156918
chr14	100845000	100850000	chr14	101660000	101665000	0,0,0	7.396991	0.99997526	3.1227283	5.5608387	6.7970347	5.6648	2.7935817	10.607767
chr14	99515000	99520000	chr14	99880000	99885000	0,0,0	6.9865775	1.0	3.247655	3.0226984	3.9044127	3.7899153	1.8865161	6.476758
chr14	80210000	80215000	chr14	80845000	80850000	0,0,0	6.6865644	0.99978584	2.9282439	3.8718534	5.48484	5.0079865	1.8752946	8.449635
chr14	33840000	33845000	chr14	34290000	34295000	0,0,0	7.2904863	0.9999796	2.7301097	5.866843	7.6238117	5.586573	2.5348	10.801545
chr14	23975000	23980000	chr14	24095000	24100000	0,0,0	5.650383	1.0	3.200483	1.9959763	2.7667468	3.782844	1.4843999	5.5570455
chr14	96100000	96105000	chr14	96270000	96275000	0,0,0	10.377945	0.9999962	4.64649	4.7679343	8.378641	8.234061	2.7673717	12.472225
chr14	53540000	53545000	chr14	54175000	54180000	0,0,0	5.502584	0.99700046	2.5093322	2.2244844	3.8259192	3.8325806	1.523698	5.8099003
chr14	99680000	99685000	chr14	99885000	99890000	0,0,0	10.478602	0.99999774	3.2124588	8.016688	10.062665	5.860928	3.1361744	12.986874
chr14	104135000	104140000	chr14	104635000	104640000	0,0,0	8.766144	0.99989986	3.4497178	5.359911	6.047451	4.4455147	2.3084838	9.209881
chr14	70085000	70090000	chr14	70565000	70570000	0,0,0	5.688191	1.0	2.4747713	2.316867	3.6246839	3.3592958	1.2833462	5.418733
chr14	90300000	90305000	chr14	90695000	90700000	0,0,0	7.9782987	0.9999375	2.783329	5.7423677	6.978044	4.576433	2.014618	9.68076
chr14	24330000	24335000	chr14	24435000	24440000	0,0,0	11.168211	1.0	4.376838	4.79172	6.095414	4.677428	2.4110887	8.936734
chr14	76870000	76875000	chr14	77070000	77075000	0,0,0	11.153525	0.99999696	5.411927	5.405378	7.515163	7.89859	3.1567607	12.70337
chr14	68250000	68255000	chr14	68585000	68590000	0,0,0	4.5601807	1.0	2.3656023	2.2477114	2.2685645	2.5135303	0.9449875	4.511496
chr14	65415000	65420000	chr14	65960000	65965000	0,0,0	6.249975	1.0	2.783259	2.6528893	3.86346	3.6301193	1.5441726	5.988243
chr14	52820000	52825000	chr14	53050000	53055000	0,0,0	5.119875	0.9951008	2.49201	2.0260882	3.2528741	3.5182633	0.94220287	5.3192306
chr14	70620000	70625000	chr14	70710000	70715000	0,0,0	6.25048	0.9989319	2.9207456	3.0909703	4.1500664	4.095045	1.5148737	6.842574
chr14	73295000	73300000	chr14	73475000	73480000	0,0,0	5.31532	1.0	2.78484	2.2615693	2.8097951	3.2871628	1.1930894	5.2974467
chr14	102060000	102065000	chr14	102315000	102320000	0,0,0	5.4806395	0.996148	2.199994	3.036758	3.6816018	2.8603888	1.7245727	5.559729
chr14	76050000	76055000	chr14	76645000	76650000	0,0,0	8.339384	0.9997877	3.859949	3.5233576	5.3373847	5.326596	1.3894747	8.458469
chr14	64815000	64820000	chr14	64890000	64895000	0,0,0	5.9034247	0.9986286	3.0399816	2.7602568	3.6163201	4.1390424	1.4214301	6.5926037
chr14	100380000	100385000	chr14	100650000	100655000	0,0,0	6.2845426	0.999679	3.0093095	3.5333228	4.784373	4.9041805	1.8924631	8.044912
chr14	67420000	67425000	chr14	67570000	67575000	0,0,0	4.831282	0.99356973	2.4669738	1.9053814	2.9066896	3.3535893	1.3901131	5.0472617
chr14	70085000	70090000	chr14	70315000	70320000	0,0,0	5.7719884	0.99934417	2.7005355	2.9257705	4.63198	4.7296815	1.6008385	7.3303666
chr14	69815000	69820000	chr14	70070000	70075000	0,0,0	5.358651	0.99864084	2.3834207	3.2184653	4.1178246	3.7406993	1.32366	6.6015573
chr14	61460000	61465000	chr14	61835000	61840000	0,0,0	11.190111	0.9999998	5.4485626	5.683823	9.567603	10.426612	2.8325505	15.478899
chr14	69240000	69245000	chr14	69460000	69465000	0,0,0	6.1096063	0.9996963	2.3343801	4.798055	5.421785	3.835381	1.8656977	8.100319
chr14	75790000	75795000	chr14	75980000	75985000	0,0,0	4.448145	0.9971831	2.2376769	2.8438075	3.1380918	3.3448877	1.4731472	5.8727164
chr14	80995000	81000000	chr14	81460000	81465000	0,0,0	8.101452	1.0	3.441015	3.4919615	5.0318727	4.436678	1.7791574	7.5406437
chr14	21010000	21015000	chr14	21105000	21110000	0,0,0	6.2148166	0.99910647	2.6807704	3.2887511	4.5939164	4.0977116	1.465726	7.021046
chr14	59630000	59635000	chr14	59925000	59930000	0,0,0	5.5868363	0.998778	2.654522	3.2451735	3.8785615	3.823335	1.7842436	6.7079334
chr14	51365000	51370000	chr14	51775000	51780000	0,0,0	8.076189	0.99999845	3.1137433	6.863721	9.413547	7.2783737	2.6573026	13.379459
chr14	67835000	67840000	chr14	68840000	68845000	0,0,0	5.452072	0.9999097	2.4888124	5.0134706	5.4025793	4.857033	2.1719916	9.313451
chr14	39105000	39110000	chr14	39365000	39370000	0,0,0	4.8567033	0.99946034	2.3761964	2.9347723	4.538065	4.916662	1.6573495	7.525349
chr14	91650000	91655000	chr14	91900000	91905000	0,0,0	6.3345084	0.99989617	3.0494013	3.4419253	5.712568	6.1140823	1.9004174	9.173572
chr14	94430000	94435000	chr14	94550000	94555000	0,0,0	6.458804	0.99873	2.455938	3.9800947	4.468399	3.131574	1.401452	6.669436
chr14	87945000	87950000	chr14	88165000	88170000	0,0,0	3.7734318	0.98106325	2.078323	1.1902072	2.189415	2.9091008	0.9137616	3.967063
chr14	60345000	60350000	chr14	60560000	60565000	0,0,0	8.757609	0.99994725	3.9451032	3.9791412	6.469073	6.314318	1.7684777	9.851333
chr14	36205000	36210000	chr14	36370000	36375000	0,0,0	4.153921	0.996211	2.1708598	2.1273527	3.0958016	3.6852531	1.2697104	5.5762334
chr14	63390000	63395000	chr14	63765000	63770000	0,0,0	5.1013775	1.0	2.7691593	1.2676457	2.3060436	2.9887342	0.7378581	4.1155305
chr14	33470000	33475000	chr14	33785000	33790000	0,0,0	4.5183897	0.99184865	2.312846	1.9788342	2.6792111	3.0511098	1.1516498	4.8100734
chr14	52295000	52300000	chr14	52470000	52475000	0,0,0	9.614449	0.99999493	4.361103	4.928389	7.949439	7.816706	2.8334234	12.197496
chr14	24735000	24740000	chr14	25145000	25150000	0,0,0	5.3982043	0.9999434	2.366385	5.0859394	6.0400257	5.2597513	2.1620014	9.780586
chr14	68245000	68250000	chr14	68785000	68790000	0,0,0	9.35297	0.9999999	3.6669204	8.508688	10.81158	8.29714	3.797837	15.860418
chr14	22555000	22560000	chr14	22850000	22855000	0,0,0	8.002427	0.99987125	3.6996198	3.9230714	5.564926	5.4714375	2.3451614	8.9586115
chr14	89970000	89975000	chr14	90230000	90235000	0,0,0	8.286212	1.0	3.7514277	3.6855302	4.6526155	4.3199563	1.9028755	7.595983
chr14	59960000	59965000	chr14	60180000	60185000	0,0,0	8.565729	0.99992	3.0500238	5.7421656	6.621701	4.330743	1.9649664	9.43489
chr14	65165000	65170000	chr14	65820000	65825000	0,0,0	9.349373	0.99998564	4.0412464	5.32031	7.2314086	6.421125	2.322593	11.15029
chr14	54175000	54180000	chr14	54330000	54335000	0,0,0	9.3408	1.0	4.527755	2.9439564	4.8534117	5.2396913	1.7450676	7.8565416
chr14	75130000	75135000	chr14	75560000	75565000	0,0,0	5.755826	1.0	2.640143	2.0641272	3.1092567	3.0615788	1.1884474	4.8963585
chr14	92950000	92955000	chr14	93135000	93140000	0,0,0	10.667736	0.999999	3.6285536	7.837845	10.286129	6.810602	2.8003662	13.7775755
chr14	22315000	22320000	chr14	22375000	22380000	0,0,0	7.1173835	0.99999404	2.4311163	6.6457787	9.053532	6.122718	2.5840845	12.030077
chr14	73170000	73175000	chr14	73465000	73470000	0,0,0	6.2272964	0.9982435	2.8937752	2.9184885	3.8479152	3.7508862	1.641073	6.345098
chr14	78965000	78970000	chr14	80845000	80850000	0,0,0	5.520685	0.99767584	2.3993397	3.5096438	3.6031516	2.9453287	1.2103997	6.0650125
chr14	24240000	24245000	chr14	24295000	24300000	0,0,0	4.9512806	0.997793	2.1857953	3.1159081	3.780255	3.3470697	1.4429537	6.116766
chr14	23630000	23635000	chr14	23925000	23930000	0,0,0	5.6910577	0.9997757	2.5174482	4.744507	4.949955	4.186186	1.768881	8.403525
chr14	23665000	23670000	chr14	23925000	23930000	0,0,0	4.65703	0.99916846	2.389027	2.9583406	3.9182122	4.463342	1.6201017	7.092978
chr14	74610000	74615000	chr14	74900000	74905000	0,0,0	5.0422487	0.9939784	2.2880745	2.3514347	3.188001	3.0227628	1.0874293	5.112927
chr14	56490000	56495000	chr14	57315000	57320000	0,0,0	9.543162	0.9999956	3.1736312	7.8004036	8.960869	5.3985467	2.875911	12.332238
chr14	101960000	101965000	chr14	102310000	102315000	0,0,0	8.643348	1.0	3.142445	4.5675097	6.0206575	4.290961	1.9736543	8.350969
chr14	51280000	51285000	chr14	51985000	51990000	0,0,0	5.42391	0.99595064	2.5232093	2.444106	3.3820417	3.3372362	1.1969874	5.5097747
chr14	57530000	57535000	chr14	58070000	58075000	0,0,0	6.540963	0.9997413	2.1033018	5.544193	5.9847593	3.3325067	1.9478207	8.260678
chr14	62175000	62180000	chr14	63035000	63040000	0,0,0	6.7410846	0.9999573	3.165823	4.461112	6.108937	6.0978923	2.3867445	10.063326
chr14	91175000	91180000	chr14	91285000	91290000	0,0,0	8.216347	1.0	3.244994	3.4769247	4.3723207	3.3730974	1.6121389	6.463697
chr14	76945000	76950000	chr14	77050000	77055000	0,0,0	4.782852	0.99921924	2.4824858	2.7567754	3.9993727	4.7055492	1.6554253	7.156016
chr14	31510000	31515000	chr14	32245000	32250000	0,0,0	5.821057	0.99899447	2.821594	3.3469732	3.8842502	3.927888	1.7341517	6.902975
chr14	29545000	29550000	chr14	30005000	30010000	0,0,0	5.0390415	0.99852747	2.4191148	2.1858563	4.2050023	4.578479	1.4285872	6.5214624
chr14	58105000	58110000	chr14	58465000	58470000	0,0,0	5.726045	1.0	2.4885924	2.2481952	3.279283	2.986058	0.8777946	4.9844537
chr14	75130000	75135000	chr14	75295000	75300000	0,0,0	14.265499	0.9999999	5.5177703	8.419087	11.019558	8.410832	4.241058	15.8944645
chr14	49890000	49895000	chr14	49965000	49970000	0,0,0	3.7807148	0.9921116	2.016821	1.6775603	2.691596	3.3517015	1.189278	4.842866
chr14	53435000	53440000	chr14	54345000	54350000	0,0,0	5.2737765	0.9988843	2.9096053	2.50961	3.5075548	4.568236	1.5747027	6.7990007
chr14	62180000	62185000	chr14	63275000	63280000	0,0,0	8.0126915	0.99999744	2.9515562	7.5536995	8.922819	6.1533566	3.5199265	12.867756
chr14	93935000	93940000	chr14	94140000	94145000	0,0,0	4.929821	1.0	2.1015084	2.4890113	3.0344872	2.5609176	0.9720476	4.773372
chr14	31925000	31930000	chr14	32070000	32075000	0,0,0	5.004856	0.993481	2.222265	2.9133573	2.916047	2.4438994	1.3924972	5.0335503
chr14	35230000	35235000	chr14	35415000	35420000	0,0,0	5.2642255	0.99908257	2.849953	2.7344246	3.6450872	4.564037	1.6768138	6.9946365
chr14	71135000	71140000	chr14	71750000	71755000	0,0,0	8.811952	0.9999993	3.3308823	7.43987	10.016746	7.520897	2.7779193	14.134114
chr14	22385000	22390000	chr14	22470000	22475000	0,0,0	8.250641	0.99998915	3.2307348	5.432975	8.15246	6.6036725	2.8398933	11.432983
chr14	32070000	32075000	chr14	32250000	32255000	0,0,0	7.117808	0.9997602	2.7375374	3.6188102	6.206784	5.119962	1.5605979	8.336682
chr14	53950000	53955000	chr14	54175000	54180000	0,0,0	7.2398505	0.9998298	3.2908733	3.5916963	5.601476	5.486979	2.380426	8.679598
chr14	101705000	101710000	chr14	101955000	101960000	0,0,0	7.4581914	0.9995288	2.981529	4.1215343	5.1242867	3.9974797	1.6621016	7.6610656
chr14	102690000	102695000	chr14	103290000	103295000	0,0,0	7.7821684	1.0	3.7561054	2.3496747	2.8810704	2.9289086	0.9195052	5.0175085
chr14	80955000	80960000	chr14	81170000	81175000	0,0,0	3.897052	1.0	2.094958	1.5031089	1.8916126	2.3220685	0.7241778	3.6581655
chr14	49865000	49870000	chr14	50100000	50105000	0,0,0	11.883993	0.99999934	5.481617	6.7676773	8.629949	8.2561655	3.8948185	14.271878
chr14	45430000	45435000	chr14	45525000	45530000	0,0,0	4.332065	0.9873718	2.1724572	1.7907856	2.510315	2.7804651	1.0821853	4.3722744
chr14	51780000	51785000	chr14	51975000	51980000	0,0,0	5.338328	1.0	2.9218247	1.5683268	2.5354617	3.2993245	0.9077256	4.6933928
chr14	49875000	49880000	chr14	50005000	50010000	0,0,0	5.322258	0.9970841	2.8072057	2.6710794	2.975159	3.4638736	0.972712	5.838166
chr14	61895000	61900000	chr14	62125000	62130000	0,0,0	4.158486	0.9891693	2.3006508	2.0245166	2.147045	2.7262714	1.1498177	4.5258417
chr14	72515000	72520000	chr14	72945000	72950000	0,0,0	8.485796	0.99999666	2.613589	7.1194143	10.080247	6.2865405	2.794469	12.614909
chr14	74110000	74115000	chr14	74290000	74295000	0,0,0	4.1546173	0.99291635	2.038804	2.434453	2.7220209	2.786517	1.0595075	4.950475
chr14	33835000	33840000	chr14	34100000	34105000	0,0,0	7.4212193	0.99995965	3.631501	3.644854	6.2513585	6.8788486	2.1279395	10.118719
chr14	53430000	53435000	chr14	53945000	53950000	0,0,0	5.422792	1.0	2.6853006	2.1975727	3.091947	3.3596072	0.975091	5.313005
chr14	37420000	37425000	chr14	37590000	37595000	0,0,0	5.0837097	0.9991729	2.441673	2.321458	4.603407	5.0348096	1.4245707	7.0983276
chr14	92715000	92720000	chr14	92780000	92785000	0,0,0	9.179763	0.99992335	3.2780993	5.9550056	6.5429535	4.1841826	2.2763908	9.477521
chr14	52820000	52825000	chr14	52960000	52965000	0,0,0	5.3141956	0.99673814	2.2029188	2.8097534	3.8332584	3.2284968	1.1332884	5.7260556
chr14	104075000	104080000	chr14	104130000	104135000	0,0,0	6.4966774	0.999574	2.1689248	4.4063053	5.8758235	3.8451326	1.7823132	7.7618484
chr14	23120000	23125000	chr14	23185000	23190000	0,0,0	10.506678	0.9999989	3.6964216	7.251963	10.290034	7.294131	3.4888399	13.74032
chr14	58500000	58505000	chr14	59020000	59025000	0,0,0	4.651052	0.99902725	2.362947	2.087657	4.287791	5.080389	1.3244146	6.9360847
chr14	58640000	58645000	chr14	59055000	59060000	0,0,0	6.075044	0.999714	2.140924	4.625044	5.944619	4.04925	2.0442572	8.1604
chr14	67930000	67935000	chr14	68245000	68250000	0,0,0	6.9003954	0.99994296	2.787228	5.544348	6.329652	4.8442016	2.3255124	9.772511
chr14	101960000	101965000	chr14	102045000	102050000	0,0,0	3.8663237	0.9911594	2.050802	1.7060401	2.616603	3.2124074	1.2288911	4.7288876
chr14	89030000	89035000	chr14	89915000	89920000	0,0,0	7.087508	0.9998766	3.7284458	3.8421307	4.7445865	5.5859246	2.192258	9.001152
chr14	37705000	37710000	chr14	37875000	37880000	0,0,0	5.9610853	1.0	3.2033138	2.0939674	3.141786	3.9334302	1.3397546	5.7947345
chr14	75305000	75310000	chr14	75560000	75565000	0,0,0	11.183403	0.99999267	3.5660238	6.812739	9.174848	5.7656894	2.437732	11.821457
chr14	54570000	54575000	chr14	54690000	54695000	0,0,0	4.6649003	0.9977717	2.5441892	2.4572399	3.1094494	3.9229186	1.3435875	6.107132
chr14	58500000	58505000	chr14	59120000	59125000	0,0,0	5.241315	0.9980532	2.1728888	3.3882728	4.0158463	3.2304268	1.4527367	6.2422247
chr14	65170000	65175000	chr14	65950000	65955000	0,0,0	7.7811537	1.0	3.849996	2.6845593	4.162804	4.587493	1.5239171	6.9737678
chr14	37245000	37250000	chr14	37590000	37595000	0,0,0	10.981588	0.9999984	5.542285	4.578113	8.030868	9.265116	3.0220706	13.33455
chr14	67935000	67940000	chr14	68815000	68820000	0,0,0	9.067692	0.99999994	4.2539744	7.8931847	9.759243	9.507321	4.356795	16.523485
chr14	71100000	71105000	chr14	71750000	71755000	0,0,0	4.579607	0.999785	2.159722	3.956752	4.9948053	4.9287577	1.7352691	8.44587
chr14	57690000	57695000	chr14	58070000	58075000	0,0,0	6.4874625	0.99933726	2.6366842	3.5337424	5.022032	4.1788073	1.7677499	7.319912
chr17	62995000	63000000	chr17	63405000	63410000	0,0,0	9.03099	1.0	4.3979344	3.6995213	3.7935314	3.751662	1.7004542	7.0401254
chr17	21320000	21325000	chr17	21760000	21765000	0,0,0	76.874825	1.0	19.36168	22.279171	31.800877	16.929909	12.506853	36.733616
chr17	9965000	9970000	chr17	10225000	10230000	0,0,0	7.171108	0.9999728	2.5384324	5.786466	7.7189865	5.36981	2.237426	10.513336
chr17	65275000	65280000	chr17	66165000	66170000	0,0,0	7.43244	0.99948233	3.7228093	2.4089968	4.69674	5.4256725	1.5094264	7.5670033
chr17	19990000	19995000	chr17	20115000	20120000	0,0,0	7.4479184	1.0	2.6424482	3.5157485	4.5775003	3.1591096	1.5352143	6.284219
chr17	72725000	72730000	chr17	73150000	73155000	0,0,0	7.811414	0.9998879	2.5332158	5.0944037	7.057162	4.568522	2.0840833	9.096881
chr17	35970000	35975000	chr17	36145000	36150000	0,0,0	8.505884	0.9999201	3.5593433	4.30652	6.421256	5.6084065	1.7428544	9.436424
chr17	35170000	35175000	chr17	35540000	35545000	0,0,0	6.5571356	0.9986739	3.4241574	2.818434	3.5376415	4.1209517	1.5244949	6.626227
chr17	57125000	57130000	chr17	57830000	57835000	0,0,0	7.408246	1.0	2.608965	4.0529175	5.1505413	3.487666	1.61656	7.0902596
chr17	17350000	17355000	chr17	17640000	17645000	0,0,0	16.192947	1.0	5.6135855	7.38157	9.829101	6.682612	3.5684571	13.244008
chr17	8410000	8415000	chr17	8740000	8745000	0,0,0	6.191829	0.99955994	2.7347865	4.016338	4.7347903	4.1593037	2.125003	7.729381
chr17	50025000	50030000	chr17	50085000	50090000	0,0,0	8.714949	1.0	2.9071007	4.9694905	6.237292	3.958884	1.8629757	8.376208
chr17	77085000	77090000	chr17	77245000	77250000	0,0,0	16.63103	1.0	4.968718	8.506096	10.6992855	6.085594	3.2169642	13.646568
chr17	44770000	44775000	chr17	44865000	44870000	0,0,0	4.8940864	1.0	2.5571609	2.0127835	2.5879054	3.0283475	1.1323755	4.817488
chr17	68265000	68270000	chr17	68430000	68435000	0,0,0	6.3144827	0.9995178	2.8128877	4.04619	4.5948825	4.041342	1.8263423	7.637955
chr17	51370000	51375000	chr17	51530000	51535000	0,0,0	5.2816024	0.9955889	2.7560177	2.337336	2.884099	3.3465636	1.2397312	5.424196
chr17	61000000	61005000	chr17	61405000	61410000	0,0,0	8.176576	0.9999361	3.100634	5.2209077	6.758997	5.0185666	2.0108025	9.659373
chr17	74655000	74660000	chr17	74780000	74785000	0,0,0	4.839919	1.0	2.7726245	1.7252291	2.1793253	3.0243804	0.7592654	4.557917
chr17	19360000	19365000	chr17	19445000	19450000	0,0,0	5.288267	1.0	2.9328928	2.0248616	2.2843096	2.9372842	1.0811166	4.737161
chr17	15255000	15260000	chr17	15500000	15505000	0,0,0	7.6049933	0.99963903	3.48043	3.1179628	5.1590323	5.1560764	1.6391621	7.9275994
chr17	54990000	54995000	chr17	55345000	55350000	0,0,0	6.842124	0.9994131	2.7272592	3.7114527	5.1368446	4.1422896	2.1323	7.4413586
chr17	3735000	3740000	chr17	3825000	3830000	0,0,0	5.1483197	1.0	3.0501523	1.4530057	2.456919	3.707628	0.8095349	4.9991884
chr17	31010000	31015000	chr17	31375000	31380000	0,0,0	6.7986674	1.0	2.9912093	2.969808	4.3478003	4.02576	1.3779981	6.66559
chr17	50625000	50630000	chr17	50695000	50700000	0,0,0	5.7043347	1.0	2.9525862	1.9614137	2.8243039	3.304669	1.3278098	5.0481477
chr17	40440000	40445000	chr17	40530000	40535000	0,0,0	6.9091854	0.9996706	2.7098362	4.3483853	5.4413123	4.15383	1.9177611	8.019062
chr17	64420000	64425000	chr17	64490000	64495000	0,0,0	7.018803	0.99915177	2.4370878	3.700459	5.364079	3.7838008	1.9535476	7.0730977
chr17	75905000	75910000	chr17	76000000	76005000	0,0,0	5.151106	1.0	2.7786167	1.8955233	2.5557678	3.1834419	0.8913622	4.8683515
chr17	61415000	61420000	chr17	61565000	61570000	0,0,0	7.7232184	1.0	4.641212	1.7760922	2.8069854	4.3472686	0.9882458	5.926017
chr17	47495000	47500000	chr17	47615000	47620000	0,0,0	6.9832397	0.99928886	2.595261	4.3519635	4.941503	3.3809366	2.0245533	7.2493486
chr17	72130000	72135000	chr17	72385000	72390000	0,0,0	4.9495897	0.99678123	2.5619977	2.6199148	3.0159087	3.4105294	1.4162043	5.7393427
chr17	81020000	81025000	chr17	81100000	81105000	0,0,0	9.535909	1.0	4.417196	2.912465	3.2635987	3.0385427	1.2429336	5.627401
chr17	15540000	15545000	chr17	18800000	18805000	0,0,0	85.740685	1.0	15.22533	29.830866	30.60231	8.904928	10.774022	35.421253
chr17	55525000	55530000	chr17	55720000	55725000	0,0,0	5.566506	1.0	2.813759	1.9833521	3.2947059	3.7843912	1.2226211	5.547371
chr17	79400000	79405000	chr17	79705000	79710000	0,0,0	5.4355035	1.0	2.9889886	1.8461194	2.5059938	3.2348094	0.8653831	4.875804
chr17	49860000	49865000	chr17	49995000	50000000	0,0,0	14.44188	1.0	5.557134	6.4639397	8.262529	6.212007	2.5029254	11.957731
chr17	40615000	40620000	chr17	40795000	40800000	0,0,0	5.2062244	0.9965473	2.4795396	2.3959124	3.4413438	3.5394819	1.481296	5.669182
chr17	56820000	56825000	chr17	56940000	56945000	0,0,0	5.987441	1.0	3.035991	2.274498	3.3230839	3.7692173	1.0861807	5.7909927
chr17	140000	145000	chr17	385000	390000	0,0,0	14.506653	1.0	5.535354	5.6879187	6.884363	5.0117626	2.0315177	10.06769
chr17	65230000	65235000	chr17	66165000	66170000	0,0,0	9.196258	0.99994516	3.3813827	4.9560075	7.2157974	5.406373	2.348809	9.811713
chr17	40905000	40910000	chr17	41320000	41325000	0,0,0	5.836936	0.9996217	2.8678668	3.4440827	4.5413866	4.819147	1.9452387	7.8805537
chr17	49310000	49315000	chr17	49395000	49400000	0,0,0	8.322273	1.0	3.7704897	3.0802197	4.7160563	4.5826592	1.9535071	7.3206325
chr17	60970000	60975000	chr17	61580000	61585000	0,0,0	6.5426407	0.9993225	2.3565886	4.3748426	5.108201	3.4090312	1.654346	7.2977805
chr17	30105000	30110000	chr17	30335000	30340000	0,0,0	6.9619255	0.99946016	2.9549887	3.676822	4.9288597	4.256781	1.4152565	7.525067
chr17	40800000	40805000	chr17	41660000	41665000	0,0,0	9.262411	0.9999756	3.9415083	5.4306064	6.818995	5.794822	2.2293556	10.622027
chr17	15760000	15765000	chr17	20575000	20580000	0,0,0	63.875816	1.0	7.465503	57.836044	64.50755	16.295647	21.262293	67.70547
chr17	62700000	62705000	chr17	62965000	62970000	0,0,0	5.1439667	0.99684316	2.993729	1.5810847	2.9707606	4.353365	0.99224514	5.758774
chr17	65285000	65290000	chr17	65530000	65535000	0,0,0	7.3368006	0.99969184	3.6530445	3.8108108	4.438049	4.698389	1.3898382	8.085776
chr17	41735000	41740000	chr17	41800000	41805000	0,0,0	8.864346	1.0	3.5302691	3.3398073	5.4043236	4.555241	1.4880638	7.5239587
chr17	48810000	48815000	chr17	48875000	48880000	0,0,0	5.821508	0.99735534	3.0747864	2.0520642	3.349997	4.1117687	0.92463195	5.9358253
chr17	75320000	75325000	chr17	75400000	75405000	0,0,0	5.209245	0.9957744	2.5303051	2.7347703	3.0257015	3.0362504	1.0874423	5.4671574
chr17	75675000	75680000	chr17	75745000	75750000	0,0,0	10.7533655	1.0	3.797384	5.240629	7.3471313	5.203319	1.9294746	9.861656
chr17	42320000	42325000	chr17	42405000	42410000	0,0,0	6.3216357	0.9985697	2.5798087	3.3079796	4.4043283	3.6101236	1.682613	6.55055
chr17	7045000	7050000	chr17	7175000	7180000	0,0,0	8.151869	1.0	3.6070178	3.0171824	3.4545033	3.0153723	1.4067173	5.6973124
chr17	76120000	76125000	chr17	76280000	76285000	0,0,0	5.491473	0.99602515	2.5738978	2.2741427	3.4522402	3.5068731	0.90132475	5.5283337
chr17	72120000	72125000	chr17	72535000	72540000	0,0,0	8.381218	1.0	3.6398098	3.0811653	4.6577387	4.2733784	1.4714141	7.0121927
chr17	44920000	44925000	chr17	45020000	45025000	0,0,0	5.057159	0.9957991	2.4194217	2.039493	3.4406428	3.6601474	1.3474271	5.47303
chr17	61630000	61635000	chr17	61835000	61840000	0,0,0	8.324363	0.99986506	3.4475157	4.4985557	5.9082093	4.9127307	2.3922658	8.911448
chr17	68770000	68775000	chr17	69245000	69250000	0,0,0	10.372424	0.99999744	4.6510787	6.686904	7.7465787	6.9236026	3.0793371	12.867517
chr17	45215000	45220000	chr17	45385000	45390000	0,0,0	7.5615377	1.0	3.6042461	2.9110875	3.8469195	3.8967645	1.545981	6.484398
chr17	48810000	48815000	chr17	49030000	49035000	0,0,0	6.5649405	1.0	3.4487665	2.2765653	3.6325989	4.4090023	1.1297083	6.4326167
chr17	31435000	31440000	chr17	31840000	31845000	0,0,0	5.527859	1.0	3.1533525	1.7476292	2.4998815	3.473095	1.0815294	5.026543
chr17	81255000	81260000	chr17	81490000	81495000	0,0,0	8.165047	1.0	3.2667916	4.5494704	4.631953	3.3243232	2.2062244	7.3682966
chr17	45135000	45140000	chr17	45195000	45200000	0,0,0	6.3022594	0.99852705	2.3499043	3.5125356	4.633795	3.3989153	1.2072368	6.5211687
chr17	78285000	78290000	chr17	78420000	78425000	0,0,0	6.6190176	1.0	3.0835547	2.4097989	2.8602777	2.728828	1.191997	4.8708715
chr17	32780000	32785000	chr17	32875000	32880000	0,0,0	9.328913	0.99991614	3.2074928	5.6960697	6.7768703	4.324442	2.1253724	9.387615
chr17	49565000	49570000	chr17	49690000	49695000	0,0,0	8.212094	0.9998852	4.054285	3.3280303	5.513802	6.114977	2.0155125	9.073226
chr17	33775000	33780000	chr17	34145000	34150000	0,0,0	9.6596365	1.0	3.2771606	5.5808372	6.6812887	4.2137012	2.0660028	9.174445
chr17	72120000	72125000	chr17	72425000	72430000	0,0,0	8.027423	0.9998997	3.0074482	4.407978	6.7936983	5.2902255	2.190692	9.208428
chr17	45640000	45645000	chr17	45825000	45830000	0,0,0	6.037063	0.9992869	3.3889766	2.1108155	3.9112027	5.370308	1.7529933	7.246588
chr17	64305000	64310000	chr17	64415000	64420000	0,0,0	9.230211	1.0	3.2687297	5.343878	6.3864403	4.2259912	1.8971941	8.976105
chr17	5245000	5250000	chr17	5440000	5445000	0,0,0	4.8574896	0.9949397	2.4660344	2.2763834	2.928759	3.2634177	1.2585772	5.2868695
chr17	50545000	50550000	chr17	50690000	50695000	0,0,0	6.5237017	1.0	2.548679	3.555028	4.234781	3.1549945	1.3103907	6.315019
chr17	43575000	43580000	chr17	43675000	43680000	0,0,0	12.449218	1.0	4.8760486	4.9050317	8.967594	7.6547184	2.3594856	12.014747
chr17	50850000	50855000	chr17	50955000	50960000	0,0,0	6.573492	0.9991086	3.1886475	3.6325362	3.8345592	3.7945116	1.2873367	7.0234327
chr17	34545000	34550000	chr17	35120000	35125000	0,0,0	8.754916	1.0	3.9782467	2.9526098	3.4205377	3.1195693	1.1536883	5.7441115
chr17	63910000	63915000	chr17	64135000	64140000	0,0,0	8.597001	1.0	2.683078	5.0847144	6.060065	3.483608	1.7940772	8.003354
chr17	40855000	40860000	chr17	41660000	41665000	0,0,0	5.9645104	0.99760914	3.037609	2.7159655	3.2706764	3.622539	1.2486647	6.036731
chr17	21420000	21425000	chr17	21705000	21710000	0,0,0	48.55175	1.0	9.658655	29.183605	31.053598	10.526802	10.9076395	36.467785
chr17	36630000	36635000	chr17	37045000	37050000	0,0,0	6.122804	0.9983232	3.5247114	2.0858517	3.1947534	4.5374246	1.015675	6.3915153
chr17	74380000	74385000	chr17	74455000	74460000	0,0,0	8.889172	0.9998732	3.2957385	4.420605	6.612836	5.0445695	2.8867912	8.973996
chr17	51760000	51765000	chr17	52105000	52110000	0,0,0	7.927973	0.99986184	3.6910787	3.5812032	5.6313343	5.7048655	1.9048418	8.888157
chr17	10730000	10735000	chr17	10850000	10855000	0,0,0	4.473016	1.0	2.472289	1.3167852	1.8059745	2.3556528	0.9205692	3.5261285
chr17	2845000	2850000	chr17	3010000	3015000	0,0,0	11.414165	1.0	5.114739	4.3408875	5.7317276	5.305107	1.6886188	9.163674
chr17	62700000	62705000	chr17	63405000	63410000	0,0,0	7.480955	0.99957204	2.9207551	4.521647	5.1276865	3.7380476	1.8922923	7.757289
chr17	6910000	6915000	chr17	7000000	7005000	0,0,0	7.93477	1.0	3.3115807	2.6046476	4.069924	3.585798	1.0301348	5.9010406
chr17	70765000	70770000	chr17	71080000	71085000	0,0,0	6.91394	0.99906754	2.576885	3.7150345	4.9823027	3.6761382	1.7847012	6.978391
chr17	48885000	48890000	chr17	49025000	49030000	0,0,0	5.940834	1.0	2.718511	2.317562	3.6798346	3.6492004	1.0725791	5.7092557
chr17	57890000	57895000	chr17	57985000	57990000	0,0,0	5.497627	0.9961766	2.538359	2.831167	3.266783	3.0506015	1.4787474	5.567194
chr17	41550000	41555000	chr17	41650000	41655000	0,0,0	8.560819	1.0	3.4863942	3.4825	4.10446	3.2161355	1.4721346	6.3116913
chr17	55525000	55530000	chr17	55770000	55775000	0,0,0	9.713378	1.0	3.5904036	5.342889	6.383279	4.4438868	2.1860378	9.193121
chr17	4210000	4215000	chr17	4410000	4415000	0,0,0	7.2553873	0.99974585	2.9435604	4.0711474	5.6517134	4.6597157	2.0546176	8.278514
chr17	57130000	57135000	chr17	57745000	57750000	0,0,0	10.727213	0.99999994	4.12206	9.25505	11.718182	8.763065	4.5924664	16.989777
chr17	82780000	82785000	chr17	82910000	82915000	0,0,0	7.3078847	1.0	2.9687004	3.794124	4.245106	3.247861	1.5926777	6.6204157
chr17	78865000	78870000	chr17	78970000	78975000	0,0,0	6.150037	1.0	2.9915257	2.7515903	2.8496873	2.8197865	1.2943577	5.2656446
chr17	2930000	2935000	chr17	3010000	3015000	0,0,0	5.365686	1.0	2.5506191	1.8491113	2.398818	2.4104571	0.90040636	4.054112
chr17	27240000	27245000	chr17	27335000	27340000	0,0,0	8.559019	1.0	3.6683493	3.9479566	5.107677	4.422481	1.817439	7.9317756
chr17	58585000	58590000	chr17	59000000	59005000	0,0,0	7.1144605	1.0	3.1805203	2.921829	4.40696	4.194465	1.2467486	6.7916465
chr17	67380000	67385000	chr17	67685000	67690000	0,0,0	6.7479415	1.0	3.686908	1.8706199	3.1592898	4.114124	1.248852	5.7768974
chr17	41960000	41965000	chr17	42115000	42120000	0,0,0	12.053367	1.0	3.896185	5.4754305	6.0710607	3.4633112	1.782729	8.33036
chr17	59750000	59755000	chr17	59845000	59850000	0,0,0	8.838283	0.99992496	3.35604	5.13106	6.6400566	4.9372525	2.2207582	9.498195
chr17	48720000	48725000	chr17	48875000	48880000	0,0,0	4.33268	1.0	2.3589702	1.3240738	2.032038	2.6080198	0.7671607	3.7849746
chr17	7050000	7055000	chr17	7135000	7140000	0,0,0	11.464724	0.9999932	3.9308336	6.905107	8.765198	5.7612667	2.8484979	11.89914
chr17	34995000	35000000	chr17	35115000	35120000	0,0,0	6.33216	1.0	3.237116	2.0773354	2.7865753	3.1621695	0.9387575	5.00869
chr17	43045000	43050000	chr17	43190000	43195000	0,0,0	4.5098715	1.0	2.4324143	1.5986309	1.7298613	2.092909	0.94338614	3.5139143
chr17	34195000	34200000	chr17	34360000	34365000	0,0,0	12.841859	1.0	3.7803767	8.434082	9.695604	5.121847	2.9286752	12.618808
chr17	44220000	44225000	chr17	44320000	44325000	0,0,0	4.963804	1.0	2.6532402	1.9254329	2.2413878	2.6938825	1.0561222	4.4053783
chr17	43690000	43695000	chr17	43760000	43765000	0,0,0	9.583605	0.9999519	3.7437918	4.772749	7.0812593	5.7013335	2.1057491	9.943777
chr17	48330000	48335000	chr17	48590000	48595000	0,0,0	11.490223	0.99999475	4.162699	7.7000833	8.265754	5.3146296	2.9652488	12.159147
chr17	43575000	43580000	chr17	43765000	43770000	0,0,0	4.876384	1.0	2.5743532	1.695478	2.1741936	2.5897732	0.6988847	4.0968647
chr17	4420000	4425000	chr17	4510000	4515000	0,0,0	5.500616	1.0	2.4140298	2.6097996	2.757552	2.3135924	1.1427875	4.6334143
chr17	13595000	13600000	chr17	14305000	14310000	0,0,0	10.874982	0.9999887	3.9048572	6.423128	8.195676	5.681204	3.5731277	11.390651
chr17	42580000	42585000	chr17	42680000	42685000	0,0,0	4.9264464	1.0	2.5709848	1.3562951	2.2532277	2.7182257	0.69160265	3.9238212
chr17	57855000	57860000	chr17	58110000	58115000	0,0,0	5.72878	1.0	2.4361877	3.1364238	3.4538233	2.8042836	1.2269794	5.592216
chr17	12255000	12260000	chr17	12665000	12670000	0,0,0	8.434939	0.99997556	2.9753258	5.8341484	7.823451	5.434117	2.4461453	10.620027
chr17	77330000	77335000	chr17	77490000	77495000	0,0,0	7.4676356	1.0	3.0122437	2.610641	4.288405	3.679804	1.7874403	6.000374
chr17	2845000	2850000	chr17	2925000	2930000	0,0,0	5.484845	1.0	2.7418106	1.890274	2.9993358	3.3675554	1.2695473	5.047799
chr17	64025000	64030000	chr17	64130000	64135000	0,0,0	12.667844	1.0	3.8702147	8.046215	9.079298	4.922278	2.9131525	12.0744705
chr17	58710000	58715000	chr17	59005000	59010000	0,0,0	5.981683	0.99925107	2.893052	2.7419648	4.4360266	4.760334	1.572545	7.197636
chr17	17355000	17360000	chr17	17570000	17575000	0,0,0	6.1913304	0.9991733	3.1227877	2.3731332	4.3107753	4.989341	2.0366533	7.0987926
chr17	38980000	38985000	chr17	39150000	39155000	0,0,0	8.089704	0.99981475	2.993299	4.726117	6.0972586	4.393797	2.4008803	8.59479
chr17	31435000	31440000	chr17	31520000	31525000	0,0,0	10.763074	1.0	4.5001483	4.1053567	5.540342	4.702084	1.448426	8.35129
chr17	69565000	69570000	chr17	70145000	70150000	0,0,0	5.681832	0.9987842	2.4518921	3.0578024	4.4338183	3.9949787	1.7401389	6.713025
chr17	58515000	58520000	chr17	59005000	59010000	0,0,0	5.307541	0.9953519	2.36756	2.0733037	3.6127307	3.5289154	1.0731797	5.371852
chr17	10875000	10880000	chr17	11985000	11990000	0,0,0	13.325532	1.0	4.5052514	5.6258745	6.6590137	4.1576633	2.2048287	9.158442
chr17	80420000	80425000	chr17	80975000	80980000	0,0,0	9.31839	0.999985	3.8006978	5.422469	7.564714	6.286734	2.2705207	11.106707
chr17	71465000	71470000	chr17	72115000	72120000	0,0,0	5.832422	1.0	2.940859	2.3956225	3.170508	3.5096698	1.2182169	5.639112
chr17	51000000	51005000	chr17	51150000	51155000	0,0,0	6.7539964	0.999084	3.0088556	3.4578397	4.3327293	3.9225845	1.2789366	6.99622
chr17	31010000	31015000	chr17	31215000	31220000	0,0,0	5.2408643	0.9986501	2.534631	3.2639046	3.6998854	3.7071257	1.3466939	6.608374
chr17	45425000	45430000	chr17	45585000	45590000	0,0,0	13.6359825	1.0	4.889578	4.9593053	5.541757	3.5953686	2.2436075	8.00364
chr17	27350000	27355000	chr17	27600000	27605000	0,0,0	7.986858	1.0	3.1103413	4.147363	4.788003	3.5059075	1.5638665	7.1924524
chr17	21860000	21865000	chr17	26840000	26845000	0,0,0	29.252115	1.0	7.2156544	36.395103	41.08202	18.010506	16.156681	50.36171
chr17	15825000	15830000	chr17	15995000	16000000	0,0,0	11.255865	1.0	3.5829825	6.805693	8.338244	4.973722	2.759625	11.023227
chr17	61635000	61640000	chr17	62225000	62230000	0,0,0	6.827643	1.0	2.9601007	3.4678636	3.7741954	3.1407385	1.5454212	6.2232842
chr17	76865000	76870000	chr17	77055000	77060000	0,0,0	10.325928	0.99996954	3.9353256	5.831917	7.14044	5.2155094	2.1283646	10.399435
chr17	45275000	45280000	chr17	45380000	45385000	0,0,0	7.8543916	0.9998366	3.7506628	4.008556	5.11471	5.1571527	1.9017208	8.720313
chr17	67375000	67380000	chr17	67475000	67480000	0,0,0	4.9551716	1.0	2.7959268	1.3769424	2.074589	2.8341925	0.7907191	4.058141
chr17	78080000	78085000	chr17	78245000	78250000	0,0,0	5.5353637	1.0	2.3666687	2.7676377	2.9460344	2.380696	1.1384242	4.8408184
chr17	430000	435000	chr17	650000	655000	0,0,0	4.3212624	1.0	2.7814078	1.0163159	1.2867657	2.3203247	0.536904	3.2237165
chr17	28965000	28970000	chr17	29105000	29110000	0,0,0	6.945889	1.0	3.432889	2.2157257	3.4004834	3.7353516	1.2445368	5.7048855
chr17	2050000	2055000	chr17	2245000	2250000	0,0,0	8.1796055	0.9999608	2.6380403	6.5854387	7.44948	4.2941055	2.5343404	10.147829
chr17	6470000	6475000	chr17	6640000	6645000	0,0,0	6.210846	1.0	3.4467628	1.8825794	2.4320166	3.1776419	1.1389403	4.851046
chr17	79740000	79745000	chr17	79915000	79920000	0,0,0	6.4029427	1.0	2.9054935	2.090122	3.0047522	2.8871899	0.85911644	4.745076
chr17	8990000	8995000	chr17	9530000	9535000	0,0,0	7.2138653	1.0	2.9516385	3.26525	4.1524153	3.3639517	1.594125	6.266396
chr17	27490000	27495000	chr17	27595000	27600000	0,0,0	5.3613024	1.0	2.8274	1.5927665	3.0574744	3.8028326	0.918375	5.218625
chr17	29635000	29640000	chr17	29780000	29785000	0,0,0	7.237977	1.0	3.245016	3.0812693	4.6107926	4.397475	1.5250535	7.136381
chr17	50360000	50365000	chr17	50475000	50480000	0,0,0	6.5983486	1.0	2.4957712	3.6585786	3.8179843	2.560889	1.297747	5.812959
chr17	15690000	15695000	chr17	18685000	18690000	0,0,0	10.652059	1.0	2.6145372	14.759428	18.498144	8.829759	7.3220816	21.949251
chr17	72725000	72730000	chr17	73190000	73195000	0,0,0	14.780165	0.9999999	3.857433	11.801604	12.65464	5.5790706	4.132386	16.069386
chr17	27760000	27765000	chr17	27875000	27880000	0,0,0	11.210736	1.0	3.1849139	6.6186447	8.778524	4.922972	2.3189168	10.806212
chr17	48670000	48675000	chr17	48790000	48795000	0,0,0	6.968374	1.0	2.863452	2.661188	3.1969485	2.5534122	1.093029	4.9189124
chr17	62670000	62675000	chr17	63405000	63410000	0,0,0	6.3343606	1.0	3.129302	2.8163497	3.470846	3.667917	1.4487938	6.1713395
chr17	72555000	72560000	chr17	72715000	72720000	0,0,0	7.87006	1.0	3.9226973	2.3137493	2.849999	3.0561087	1.125095	5.112775
chr17	39620000	39625000	chr17	39750000	39755000	0,0,0	5.042583	1.0	2.473229	1.9526589	2.5119035	2.6457198	1.0047734	4.3814163
chr17	17000000	17005000	chr17	17315000	17320000	0,0,0	8.214508	1.0	3.2707155	3.1330423	3.8902946	3.0179129	1.511474	5.8028398
chr17	56590000	56595000	chr17	56715000	56720000	0,0,0	6.5264463	0.99942386	2.832003	3.8290412	4.6837444	4.056385	2.0323966	7.459977
chr17	74365000	74370000	chr17	74485000	74490000	0,0,0	4.966306	0.9961755	2.419573	2.647588	3.136713	3.2134995	1.1652217	5.5669107
chr17	78495000	78500000	chr17	78705000	78710000	0,0,0	7.078801	0.9999176	2.6680644	5.120892	6.5962977	4.8533287	2.0471492	9.405232
chr17	40200000	40205000	chr17	40290000	40295000	0,0,0	6.0927286	1.0	3.0119658	2.2078462	3.2059076	3.4924574	1.0946466	5.454987
chr17	38490000	38495000	chr17	38660000	38665000	0,0,0	6.2156057	1.0	3.0262067	2.4167643	3.2328577	3.391115	1.4865243	5.5393496
chr17	1055000	1060000	chr17	1185000	1190000	0,0,0	5.847615	1.0	2.6262267	2.3728662	2.9090748	2.6487763	1.2713788	4.7579904
chr17	17890000	17895000	chr17	18035000	18040000	0,0,0	6.566016	1.0	3.5933094	1.81156	3.071409	4.011922	1.146507	5.622197
chr17	16450000	16455000	chr17	16520000	16525000	0,0,0	9.315672	1.0	3.3311718	4.1587543	6.267654	4.619019	1.4716039	8.31569
chr17	32785000	32790000	chr17	32905000	32910000	0,0,0	5.524848	1.0	2.8224123	2.406124	2.9459195	3.2898047	1.0975777	5.4285817
chr17	10325000	10330000	chr17	10610000	10615000	0,0,0	11.582102	1.0	4.9559474	5.5460305	7.449694	6.506135	2.187274	11.43594
chr17	35610000	35615000	chr17	35745000	35750000	0,0,0	4.4403753	0.99201614	2.4459991	1.7651612	2.5076535	3.261804	0.81795084	4.8308363
chr17	715000	720000	chr17	985000	990000	0,0,0	5.4104548	1.0	2.7549343	1.9700998	2.4410977	2.7163584	1.2350991	4.467558
chr17	42320000	42325000	chr17	42515000	42520000	0,0,0	8.149727	1.0	3.521236	4.092128	4.270463	3.4806185	1.6051482	7.1180654
chr17	65230000	65235000	chr17	65985000	65990000	0,0,0	8.382591	0.99998474	2.4911854	7.32572	8.519297	4.5816207	2.8454976	11.093371
chr17	19510000	19515000	chr17	19765000	19770000	0,0,0	10.91308	0.9999951	4.809885	5.449872	7.9595294	7.3827515	2.8104932	12.227082
chr17	17680000	17685000	chr17	18035000	18040000	0,0,0	6.838261	1.0	3.1772306	2.3106234	3.1308978	3.0699549	1.5819916	5.1238422
chr17	55355000	55360000	chr17	55510000	55515000	0,0,0	7.368068	1.0	3.089812	3.7444935	3.9180124	3.0536797	1.4781095	6.382118
chr17	60970000	60975000	chr17	61410000	61415000	0,0,0	8.7107	0.9999401	3.2873173	5.955646	6.4813733	4.4294667	2.86561	9.723374
chr17	36625000	36630000	chr17	37210000	37215000	0,0,0	5.5325894	0.9969301	2.7111726	3.0438526	3.0890257	3.081064	1.5082158	5.7867107
chr17	31555000	31560000	chr17	31840000	31845000	0,0,0	11.843709	1.0	4.7389393	5.4738274	7.735552	6.307293	2.150646	11.172917
chr17	63425000	63430000	chr17	63610000	63615000	0,0,0	7.4209814	1.0	3.7456918	2.0619612	4.1848288	4.907325	1.328839	6.740179
chr17	65555000	65560000	chr17	65985000	65990000	0,0,0	5.9721274	0.9981547	2.576009	3.5037603	3.8421073	3.1812992	1.802411	6.295753
chr17	38345000	38350000	chr17	38410000	38415000	0,0,0	7.0835314	1.0	2.753909	3.421836	4.295034	3.2470787	1.6654291	6.2887106
chr17	48195000	48200000	chr17	48615000	48620000	0,0,0	4.891902	0.99779034	2.4401975	2.6326828	3.4726686	3.7753842	1.3797299	6.1155467
chr17	57855000	57860000	chr17	58000000	58005000	0,0,0	7.8452954	0.99963534	3.1215193	4.4290934	5.2341766	3.9804144	2.1358936	7.917386
chr17	5585000	5590000	chr17	6420000	6425000	0,0,0	11.617675	0.99999875	4.9693093	6.363975	8.976676	7.940979	2.9763055	13.597846
chr17	58000000	58005000	chr17	58080000	58085000	0,0,0	4.398949	1.0	2.3802636	1.3777775	2.1585321	2.746419	0.69538033	3.97111
chr17	50545000	50550000	chr17	50840000	50845000	0,0,0	5.340494	1.0	2.922622	1.6740816	2.2957568	2.9404657	0.9423376	4.4285383
chr17	48025000	48030000	chr17	48130000	48135000	0,0,0	6.2540197	1.0	2.5352516	2.668765	3.6976342	3.0438092	0.9999019	5.4160447
chr17	47840000	47845000	chr17	48015000	48020000	0,0,0	11.437788	1.0	3.9437063	4.797497	6.2804894	4.213397	2.121343	8.4778385
chr17	410000	415000	chr17	700000	705000	0,0,0	19.750736	1.0	7.0258055	5.169838	7.0520205	4.9775643	2.313034	9.572976
chr17	59310000	59315000	chr17	59435000	59440000	0,0,0	8.296378	0.9998607	3.2397828	4.360821	6.2763104	5.003702	2.3048484	8.879987
chr17	81955000	81960000	chr17	82020000	82025000	0,0,0	8.974092	1.0	2.6358604	4.783486	6.9222507	4.187933	1.9115251	8.43992
chr17	49410000	49415000	chr17	49555000	49560000	0,0,0	5.013232	1.0	2.7479742	1.7360647	2.3758836	3.051453	1.0329728	4.5946217
chr17	82355000	82360000	chr17	82765000	82770000	0,0,0	7.7753854	1.0	4.098112	1.7606599	2.637502	3.195452	0.9851356	4.7604833
chr17	795000	800000	chr17	980000	985000	0,0,0	16.926949	1.0	5.732344	9.505575	11.466205	7.2460504	4.4842334	15.695451
chr17	68170000	68175000	chr17	68460000	68465000	0,0,0	6.4987774	0.999435	2.4602323	3.6102037	5.4573917	4.2704263	1.6289748	7.4794965
chr17	66715000	66720000	chr17	66905000	66910000	0,0,0	11.872774	1.0	4.7805724	5.1442184	6.350276	4.9867926	1.9368747	9.559431
chr17	58310000	58315000	chr17	58445000	58450000	0,0,0	7.689095	0.999681	4.3113713	2.3701458	4.3411393	5.9443684	1.5124507	8.051165
chr17	880000	885000	chr17	975000	980000	0,0,0	7.5204034	1.0	3.4236593	2.6314392	3.9702783	3.8711956	1.5352263	6.210253
chr17	40355000	40360000	chr17	40560000	40565000	0,0,0	5.9722424	1.0	2.8295102	2.3236547	3.6168313	3.7464023	1.1619595	5.811873
chr17	65275000	65280000	chr17	65985000	65990000	0,0,0	9.681629	0.99999696	3.500993	7.313457	9.022497	6.2103906	2.682921	12.711242
chr17	73255000	73260000	chr17	73370000	73375000	0,0,0	14.287814	1.0	5.035044	6.608039	9.187195	6.470834	3.143202	12.344646
chr17	77540000	77545000	chr17	78010000	78015000	0,0,0	10.148384	1.0	3.2008336	5.5747614	6.123955	3.3754797	2.3767526	8.330824
chr17	18710000	18715000	chr17	18785000	18790000	0,0,0	7.7853527	1.0	3.0651097	2.698025	3.6340346	2.861794	1.0598307	5.2600384
chr17	35310000	35315000	chr17	35530000	35535000	0,0,0	9.773638	0.99997354	3.6660907	5.4117537	7.5861	5.730221	2.5894442	10.5406685
chr17	43390000	43395000	chr17	43480000	43485000	0,0,0	12.725306	1.0	3.9572027	7.2476625	8.89772	5.188195	2.6263623	11.630562
chr17	66200000	66205000	chr17	66670000	66675000	0,0,0	4.6647425	0.9989991	2.404116	2.3394914	4.060795	4.828023	1.4067684	6.907571
chr6	37485000	37490000	chr6	37690000	37695000	0,0,0	7.886075	1.0	2.998171	3.5165532	5.32203	4.1850657	1.448278	7.3108907
chr6	82585000	82590000	chr6	83060000	83065000	0,0,0	5.2298307	0.9982207	2.7424536	2.3738432	3.5188196	4.2221084	1.4874464	6.332191
chr6	43765000	43770000	chr6	44075000	44080000	0,0,0	13.4519825	1.0	4.2209907	10.17467	13.757919	8.531844	4.3204255	17.575994
chr6	153030000	153035000	chr6	153310000	153315000	0,0,0	7.0720153	1.0	3.4484172	2.7001278	4.2861114	4.6398053	1.2654899	7.0399194
chr6	105730000	105735000	chr6	106300000	106305000	0,0,0	4.8121133	0.9933678	2.3350563	2.4868567	2.7912343	2.805802	1.4956387	5.016341
chr6	133565000	133570000	chr6	133830000	133835000	0,0,0	5.3710055	0.9976374	2.2121506	3.55704	3.7798886	2.886808	1.2742844	6.048621
chr6	139215000	139220000	chr6	139360000	139365000	0,0,0	5.6882806	1.0	2.150536	2.5721793	3.3883076	2.523785	1.28304	4.810167
chr6	33770000	33775000	chr6	34150000	34155000	0,0,0	6.438019	0.9995656	2.8815913	3.141405	5.111999	4.9499454	1.6976587	7.7423053
chr6	138425000	138430000	chr6	138510000	138515000	0,0,0	6.772781	1.0	3.5898635	2.2349072	3.718167	4.598689	0.8992161	6.5852737
chr6	52880000	52885000	chr6	53060000	53065000	0,0,0	4.4297633	0.9952428	2.0681257	2.4278417	3.2415767	3.1905599	1.0212806	5.3486414
chr6	25225000	25230000	chr6	25715000	25720000	0,0,0	4.751906	0.99762017	2.194972	2.5865865	3.7860196	3.7421515	1.1813222	6.0413394
chr6	137705000	137710000	chr6	137865000	137870000	0,0,0	6.212913	0.9996747	2.849968	4.0122056	4.7866096	4.465133	1.8208604	8.031538
chr6	83065000	83070000	chr6	83510000	83515000	0,0,0	10.122868	1.0	4.020755	4.5159273	6.0998144	4.8593245	1.9819642	8.873483
chr6	35145000	35150000	chr6	35240000	35245000	0,0,0	5.262867	1.0	2.7230682	1.6429846	2.246782	2.6086588	0.9014537	4.0690894
chr6	105085000	105090000	chr6	105360000	105365000	0,0,0	5.614725	0.99840784	2.4867668	3.1542056	4.0316014	3.6395864	1.4067664	6.4433246
chr6	70545000	70550000	chr6	70685000	70690000	0,0,0	5.790567	1.0	2.3306203	2.9167285	3.912606	3.1602201	1.1174154	5.7528677
chr6	148175000	148180000	chr6	148250000	148255000	0,0,0	9.069571	1.0	2.7476099	4.7716417	5.867506	3.3363554	1.7595893	7.5778146
chr6	97185000	97190000	chr6	97390000	97395000	0,0,0	6.339846	0.99942344	3.1862936	2.2898083	4.652533	5.4238567	1.4541135	7.4592414
chr6	157030000	157035000	chr6	157185000	157190000	0,0,0	4.331563	1.0	2.2260273	1.5498707	2.055872	2.3494477	0.8475736	3.7271104
chr6	119145000	119150000	chr6	119345000	119350000	0,0,0	6.8473883	1.0	3.3112042	2.3596144	2.9418278	3.0104313	1.0994713	5.1078663
chr6	79945000	79950000	chr6	80090000	80095000	0,0,0	9.494553	1.0	3.6880703	4.3985834	5.7256327	4.3836226	2.0414908	8.293474
chr6	125310000	125315000	chr6	125765000	125770000	0,0,0	18.079283	1.0	7.0914326	9.9979515	14.127067	11.253587	4.0180044	20.140654
chr6	141680000	141685000	chr6	142115000	142120000	0,0,0	9.472982	0.9999845	4.260034	5.146211	6.9489965	6.4998884	2.6364644	11.074298
chr6	795000	800000	chr6	1380000	1385000	0,0,0	8.492799	0.9999999	3.1214802	8.864451	11.200006	7.939192	3.7198377	15.818704
chr6	50815000	50820000	chr6	51845000	51850000	0,0,0	6.2936015	0.999309	3.3071423	2.6847754	4.053945	4.8916893	2.2037392	7.2781563
chr6	142690000	142695000	chr6	143025000	143030000	0,0,0	7.8906174	0.9999721	3.0189173	5.477345	7.3789673	5.619175	1.9974582	10.4879265
chr6	54715000	54720000	chr6	55065000	55070000	0,0,0	8.396061	0.99999815	3.1719186	7.0849013	9.280168	6.8914747	2.6841257	13.189164
chr6	26340000	26345000	chr6	26590000	26595000	0,0,0	12.360859	0.99999666	3.9886012	7.5698576	9.562676	5.883397	2.9054487	12.612159
chr6	154925000	154930000	chr6	155170000	155175000	0,0,0	10.415435	0.9999993	3.6558416	7.0220113	10.862316	7.932262	3.2254603	14.174049
chr6	29700000	29705000	chr6	29835000	29840000	0,0,0	6.4373484	0.9989991	2.9530208	2.643955	4.5199695	4.557393	1.4908354	6.907575
chr6	108540000	108545000	chr6	108890000	108895000	0,0,0	12.378652	0.9999968	4.4918346	6.7271814	9.224274	6.664839	2.582036	12.644555
chr6	5135000	5140000	chr6	5400000	5405000	0,0,0	6.4367547	0.9992541	3.0003974	2.8943865	4.5601587	4.6288576	1.630769	7.2016454
chr6	70220000	70225000	chr6	70880000	70885000	0,0,0	6.212405	0.99966055	2.5669756	4.797019	4.9263825	3.7249806	1.6566479	7.9889975
chr6	148175000	148180000	chr6	148465000	148470000	0,0,0	10.025051	1.0	4.355264	4.255926	6.1223564	5.553166	1.940103	9.336211
chr6	44655000	44660000	chr6	45715000	45720000	0,0,0	6.0856256	0.9994513	2.6228878	3.170792	5.090358	4.6902385	1.9568921	7.5087204
chr6	111705000	111710000	chr6	112030000	112035000	0,0,0	8.155778	0.9999917	4.1250896	5.80926	6.133681	6.5407276	2.240669	11.7045145
chr6	158215000	158220000	chr6	158690000	158695000	0,0,0	13.6282015	0.9999997	5.080491	7.0722294	11.201555	8.751832	2.9884415	15.038259
chr6	109180000	109185000	chr6	109395000	109400000	0,0,0	6.018641	0.9989758	2.867881	2.9317327	4.1654963	4.278582	1.213141	6.884567
chr6	75265000	75270000	chr6	75525000	75530000	0,0,0	8.75206	0.9999447	2.756988	6.0565243	7.4638805	4.419447	2.451666	9.803023
chr6	71530000	71535000	chr6	72085000	72090000	0,0,0	7.9866333	0.9998615	3.8617492	3.1684694	5.5860786	6.068842	1.9040924	8.885259
chr6	26175000	26180000	chr6	26325000	26330000	0,0,0	5.3780303	1.0	2.481505	2.365163	3.1384902	3.0323594	1.1757015	5.1347265
chr6	130035000	130040000	chr6	130755000	130760000	0,0,0	4.580465	0.99681586	2.206799	2.579022	3.366464	3.4577034	1.2939674	5.7501674
chr6	85755000	85760000	chr6	86175000	86180000	0,0,0	7.0455346	1.0	2.667825	3.648137	4.596122	3.3701558	1.6332862	6.612944
chr6	9245000	9250000	chr6	10420000	10425000	0,0,0	5.740501	1.0	3.195253	2.2419574	2.7094233	3.5361142	1.3291156	5.5289655
chr6	94635000	94640000	chr6	95085000	95090000	0,0,0	13.523907	1.0	5.8648496	4.466743	6.914354	6.367168	2.470656	10.337606
chr6	30830000	30835000	chr6	30875000	30880000	0,0,0	4.4030976	0.99631256	2.0783644	2.3025088	3.4713447	3.5567224	1.3362589	5.603397
chr6	85355000	85360000	chr6	85590000	85595000	0,0,0	6.225519	1.0	2.7324903	2.9355774	3.2663598	2.7906168	1.3322742	5.400019
chr6	158215000	158220000	chr6	158520000	158525000	0,0,0	5.1439233	0.99931467	2.897686	2.0811145	3.9310162	5.436515	1.156338	7.2863946
chr6	24580000	24585000	chr6	24765000	24770000	0,0,0	5.90158	1.0	2.198979	3.4460268	3.7770824	2.5474951	1.3683357	5.61063
chr6	150890000	150895000	chr6	151330000	151335000	0,0,0	11.643014	0.9999998	4.8888044	7.288971	10.336842	8.945704	2.94507	15.424789
chr6	165730000	165735000	chr6	165845000	165850000	0,0,0	7.7111216	1.0	2.8804312	3.8436484	5.1055274	3.7626889	1.7342409	7.179265
chr6	166775000	166780000	chr6	167140000	167145000	0,0,0	9.889093	1.0	4.1886673	4.660239	6.3628855	5.50916	2.0116508	9.651595
chr6	46850000	46855000	chr6	46990000	46995000	0,0,0	4.6502585	0.9956471	2.1679208	2.7722204	3.1491327	2.9732726	1.0879897	5.4374685
chr6	133185000	133190000	chr6	133550000	133555000	0,0,0	4.5119014	0.9935984	2.3272622	2.084572	2.7796216	3.1987762	0.9683998	5.051729
chr6	20290000	20295000	chr6	20525000	20530000	0,0,0	11.602968	1.0	4.685081	3.8745623	6.415082	5.52166	1.6869644	8.965715
chr6	47095000	47100000	chr6	47305000	47310000	0,0,0	10.322771	0.9999961	4.281836	6.1247573	8.329673	7.014509	3.3105166	12.458738
chr6	17155000	17160000	chr6	17585000	17590000	0,0,0	11.1824875	0.9999998	4.197984	8.229321	11.131705	8.307502	3.8553922	15.622454
chr6	73740000	73745000	chr6	75205000	75210000	0,0,0	12.371796	0.99999815	5.4130483	5.950521	8.618338	7.902322	2.3072302	13.191673
chr6	46090000	46095000	chr6	46405000	46410000	0,0,0	10.194519	0.99999565	4.0521994	5.897734	8.678361	7.108238	3.0301523	12.350669
chr6	134125000	134130000	chr6	134940000	134945000	0,0,0	5.4566183	0.99996555	2.668112	4.3874807	6.011807	6.3763804	1.7529305	10.276363
chr6	106360000	106365000	chr6	106440000	106445000	0,0,0	6.3037486	1.0	2.7736933	2.3956113	3.3222399	3.0363986	1.0796485	5.165831
chr6	160135000	160140000	chr6	160455000	160460000	0,0,0	7.665975	0.9999698	3.2388158	5.197803	6.7923546	5.7872176	2.2225063	10.407487
chr6	151010000	151015000	chr6	151325000	151330000	0,0,0	9.744414	0.9999975	4.7305436	5.719128	7.5034823	7.806242	2.5397787	12.889913
chr6	125790000	125795000	chr6	125970000	125975000	0,0,0	6.4775996	1.0	3.8543613	1.6170466	2.7566898	4.1969504	1.2828263	5.634325
chr6	36620000	36625000	chr6	36680000	36685000	0,0,0	4.356495	0.992369	2.116513	1.9807754	2.9269822	3.1153505	0.98977745	4.8760395
chr6	30235000	30240000	chr6	30395000	30400000	0,0,0	7.6096783	0.999917	3.305859	5.0132284	5.7981253	4.9414263	1.918741	9.397629
chr6	107975000	107980000	chr6	108525000	108530000	0,0,0	13.509849	1.0	4.1351175	7.794008	8.834941	4.8146515	2.884519	11.742659
chr6	131920000	131925000	chr6	132160000	132165000	0,0,0	6.5281577	0.9999171	2.9133751	4.586886	5.8381763	5.3214173	2.0277126	9.39865
chr6	138815000	138820000	chr6	139105000	139110000	0,0,0	5.0003166	1.0	2.547066	1.914798	2.2965279	2.5426207	0.94968814	4.2446632
chr6	163425000	163430000	chr6	163955000	163960000	0,0,0	6.4009247	0.9990552	2.3711345	3.5783954	5.0624685	3.78445	1.6503004	6.9652457
chr6	129495000	129500000	chr6	129730000	129735000	0,0,0	8.1138	1.0	2.8846972	3.808457	4.9799376	3.4511197	1.3766285	6.836415
chr6	10505000	10510000	chr6	10800000	10805000	0,0,0	6.5329223	0.9994865	3.191824	2.7200384	4.6932087	5.1572328	1.3635504	7.575045
chr6	47785000	47790000	chr6	49405000	49410000	0,0,0	6.948999	0.9995728	3.26632	3.0782049	4.8858433	5.0228558	2.3481822	7.759037
chr6	139370000	139375000	chr6	139985000	139990000	0,0,0	5.44482	0.99804467	2.4671896	2.646721	4.0068173	3.8852017	1.353086	6.237842
chr6	149030000	149035000	chr6	149430000	149435000	0,0,0	6.8891864	0.99998903	2.8432262	6.2253623	7.3668776	5.8864293	2.6046135	11.420085
chr6	134170000	134175000	chr6	134820000	134825000	0,0,0	7.113107	0.999999	2.849014	8.330378	11.441717	9.257311	3.5165012	16.66209
chr6	142690000	142695000	chr6	143425000	143430000	0,0,0	6.01193	0.99951184	2.7861948	3.5774763	4.604345	4.445648	2.1158836	7.625627
chr6	12150000	12155000	chr6	12605000	12610000	0,0,0	8.490027	0.9998045	3.3186796	5.071748	5.592802	4.0327086	1.875715	8.540929
chr6	46845000	46850000	chr6	47045000	47050000	0,0,0	7.6472254	0.99958694	3.399355	3.5455332	4.990809	4.6411324	1.9063942	7.792718
chr6	2785000	2790000	chr6	2930000	2935000	0,0,0	5.44164	0.99886143	2.6627612	2.6207676	4.0984764	4.4491215	1.4216188	6.7786927
chr6	165885000	165890000	chr6	166095000	166100000	0,0,0	12.621098	0.99999714	5.411364	5.759459	8.5184145	7.6505127	2.6063004	12.770033
chr6	158700000	158705000	chr6	158970000	158975000	0,0,0	9.903586	0.9999943	4.88743	4.489946	7.3083405	8.080276	2.4780707	12.071339
chr6	127465000	127470000	chr6	127540000	127545000	0,0,0	7.3849688	1.0	3.727781	2.2978249	3.9118793	4.4978237	1.3356115	6.540334
chr6	83885000	83890000	chr6	84220000	84225000	0,0,0	7.0858254	0.9998369	2.9907436	3.8554502	5.948583	5.2952237	2.2897415	8.72229
chr6	32240000	32245000	chr6	32695000	32700000	0,0,0	5.2037477	0.99810153	2.9669275	2.2864904	3.0661442	4.2349176	1.5392913	6.267353
chr6	26630000	26635000	chr6	27025000	27030000	0,0,0	6.1375933	1.0	3.35741	2.1754594	2.2544212	2.7883093	1.1695707	4.722051
chr6	168195000	168200000	chr6	168355000	168360000	0,0,0	5.0901446	0.99749184	2.5206478	2.7422562	3.35255	3.5512729	1.1714219	5.988834
chr6	116970000	116975000	chr6	117315000	117320000	0,0,0	5.7607493	1.0	2.5437713	2.775431	3.429057	3.0533037	1.158121	5.520354
chr6	129895000	129900000	chr6	130020000	130025000	0,0,0	4.488221	0.9892989	2.0554714	2.43118	2.6276345	2.3768256	1.0425013	4.5378747
chr6	128805000	128810000	chr6	129370000	129375000	0,0,0	4.9006877	0.99956155	2.123964	3.9056108	4.8933673	4.26142	1.6953031	7.733074
chr6	75365000	75370000	chr6	75525000	75530000	0,0,0	8.302494	0.9999788	2.9696536	5.805349	7.8988724	5.602259	2.6888218	10.762569
chr6	83415000	83420000	chr6	83510000	83515000	0,0,0	12.490529	1.0	4.906162	5.66353	6.8718204	5.193351	2.251349	10.227599
chr6	35340000	35345000	chr6	35445000	35450000	0,0,0	8.069523	0.9999255	2.9948153	5.9073896	6.3868284	4.254772	2.2881665	9.505785
chr6	12635000	12640000	chr6	12890000	12895000	0,0,0	8.813082	1.0	3.4254606	4.920555	5.8620176	4.3388953	1.929413	8.712722
chr6	26175000	26180000	chr6	26590000	26595000	0,0,0	12.876967	1.0	4.559841	5.325131	6.4783525	4.324087	2.0004528	9.057536
chr6	132280000	132285000	chr6	132480000	132485000	0,0,0	7.914325	0.99974537	4.021363	3.71387	4.5042686	4.975401	1.6871188	8.276619
chr6	53800000	53805000	chr6	53950000	53955000	0,0,0	4.357067	1.0	2.4249961	1.634835	2.0832157	2.7332442	0.741371	4.186431
chr6	3280000	3285000	chr6	3730000	3735000	0,0,0	16.6247	0.99999994	7.263531	7.7589345	11.016665	10.033959	5.549559	16.93079
chr6	133970000	133975000	chr6	134060000	134065000	0,0,0	7.8422813	0.9999982	2.6107693	8.168571	9.697654	5.961302	3.017501	13.222254
chr6	112975000	112980000	chr6	113880000	113885000	0,0,0	4.34547	0.99644184	2.0675514	2.8086822	3.2144785	3.1424913	1.1868571	5.6390977
chr6	144105000	144110000	chr6	144480000	144485000	0,0,0	7.798806	0.99983686	3.1896267	4.060175	6.0242686	5.1129403	1.8593107	8.721985
chr6	6675000	6680000	chr6	7240000	7245000	0,0,0	6.3112564	0.9998854	2.4902723	4.824172	6.172672	4.786888	1.940893	9.075041
chr6	32415000	32420000	chr6	32695000	32700000	0,0,0	5.5823493	0.999983	3.0894988	4.398815	5.464529	7.0737424	1.6736565	10.9838
chr6	135675000	135680000	chr6	136225000	136230000	0,0,0	4.528422	1.0	2.094583	2.1181455	2.4784002	2.32959	1.1722407	4.212386
chr6	124875000	124880000	chr6	125765000	125770000	0,0,0	9.720449	1.0	4.2881265	3.3870225	3.4502726	2.8799665	1.2465228	5.890653
chr6	96625000	96630000	chr6	97055000	97060000	0,0,0	6.9478936	0.999366	3.304391	2.935458	4.5663733	4.7549233	1.2291906	7.364219
chr6	26605000	26610000	chr6	27075000	27080000	0,0,0	7.184858	0.9999541	4.6027083	2.6235852	4.298417	7.6586227	2.112071	9.990698
chr6	131695000	131700000	chr6	131910000	131915000	0,0,0	12.858293	1.0	4.4170938	5.0818915	8.074498	5.8317385	2.6760201	10.348975
chr6	12635000	12640000	chr6	12845000	12850000	0,0,0	4.392164	1.0	2.4608567	1.2920523	1.9947902	2.6951723	0.79245496	3.8436632
chr6	29845000	29850000	chr6	30010000	30015000	0,0,0	17.459618	1.0	5.10118	14.81073	18.019707	9.823546	5.9307013	22.98864
chr6	144585000	144590000	chr6	145635000	145640000	0,0,0	6.021839	0.9985327	2.9778593	2.649512	3.8288708	4.1698756	1.6669401	6.524997
chr6	51850000	51855000	chr6	52015000	52020000	0,0,0	5.6171727	1.0	2.4481022	2.6782835	3.4386342	3.039208	1.1126721	5.419904
chr6	3745000	3750000	chr6	3880000	3885000	0,0,0	5.746988	0.9979696	2.535536	3.2257915	3.8006978	3.3328123	1.4462912	6.2001824
chr6	75295000	75300000	chr6	75525000	75530000	0,0,0	9.719864	0.99999756	3.22326	7.611531	9.685031	6.1520777	3.0340002	12.917883
chr6	50125000	50130000	chr6	50780000	50785000	0,0,0	6.067189	1.0	2.543548	3.383131	3.427674	2.6340992	1.6553799	5.641327
chr6	20565000	20570000	chr6	21590000	21595000	0,0,0	11.442239	1.0	4.6071577	5.320164	7.534902	6.1937613	2.8442848	10.922795
chr6	58125000	58130000	chr6	60880000	60885000	0,0,0	10.939096	1.0	2.1640134	12.775561	15.961348	6.474745	5.559191	17.8308
chr6	44655000	44660000	chr6	45920000	45925000	0,0,0	9.685425	1.0	3.3075616	9.962124	13.660791	9.262875	3.4903157	18.118095
chr6	1595000	1600000	chr6	2445000	2450000	0,0,0	10.245421	0.99999547	3.641931	6.1360726	9.330561	6.8571515	2.950604	12.311439
chr6	107980000	107985000	chr6	108045000	108050000	0,0,0	6.491334	1.0	2.7114086	2.9379842	4.4044523	3.843864	1.2921267	6.4554057
chr6	39360000	39365000	chr6	39795000	39800000	0,0,0	4.8233047	1.0	2.2878773	2.2293074	2.4723663	2.385636	1.0849519	4.3672423
chr6	128810000	128815000	chr6	129250000	129255000	0,0,0	5.136887	0.9995203	2.2440138	3.7129624	4.868921	4.342676	1.5565184	7.643087
chr6	149080000	149085000	chr6	149430000	149435000	0,0,0	9.248179	0.99999994	3.911222	8.077941	10.926056	9.416239	3.7050235	16.59663
chr6	28685000	28690000	chr6	29015000	29020000	0,0,0	9.065709	1.0	3.5593307	3.819703	5.0331955	3.9205759	1.5235981	7.3158674
chr6	910000	915000	chr6	1385000	1390000	0,0,0	4.7451453	0.9996644	2.281164	3.5328524	4.7247434	4.860147	2.2144463	8.000461
chr6	111355000	111360000	chr6	111640000	111645000	0,0,0	5.3769126	0.9979882	2.2889023	3.1038375	4.0201073	3.4504	1.2845341	6.209367
chr6	47630000	47635000	chr6	47775000	47780000	0,0,0	9.147786	1.0	3.8889527	4.1967487	5.99977	5.2851033	2.4257147	9.015547
chr6	74415000	74420000	chr6	75210000	75215000	0,0,0	5.226734	0.9969311	2.395566	2.7572463	3.5192912	3.3361464	1.4882592	5.7870317
chr6	121055000	121060000	chr6	121220000	121225000	0,0,0	4.4012456	0.9952214	2.4396262	1.5187211	2.9623141	3.994183	0.9964411	5.344157
chr6	55615000	55620000	chr6	55885000	55890000	0,0,0	6.7391496	0.99995255	2.866185	4.0161977	6.9324064	6.3864765	2.3575003	9.95643
chr6	130885000	130890000	chr6	131115000	131120000	0,0,0	13.372105	1.0	5.2303534	9.346966	13.379167	10.667506	3.6626453	18.97592
chr6	124870000	124875000	chr6	125110000	125115000	0,0,0	14.314798	0.9999998	5.1433287	8.5123005	11.429303	8.101865	3.1358893	15.668353
chr6	138115000	138120000	chr6	138280000	138285000	0,0,0	7.1701193	1.0	2.7918189	3.290347	4.295811	3.301966	1.4940947	6.226719
chr6	37790000	37795000	chr6	38010000	38015000	0,0,0	6.677589	0.99950284	2.2229273	5.0559163	5.4016047	3.1132154	1.7641908	7.6073637
chr6	31195000	31200000	chr6	31365000	31370000	0,0,0	6.0425777	0.9998537	3.001542	3.4652352	5.211436	5.750463	1.5304137	8.830672
chr6	145925000	145930000	chr6	146695000	146700000	0,0,0	4.7310715	0.9955883	2.2490394	2.2145445	3.33896	3.4555726	0.88092965	5.4240565
chr6	150080000	150085000	chr6	150335000	150340000	0,0,0	7.0173063	0.9999515	3.0041344	4.871007	6.442131	5.605032	2.2380598	9.934816
chr6	1595000	1600000	chr6	2195000	2200000	0,0,0	8.96301	1.0	4.43384	3.6713817	4.807166	5.1499224	2.2679713	8.413373
chr6	152865000	152870000	chr6	152945000	152950000	0,0,0	5.493326	1.0	2.6627266	2.0126476	3.0719078	3.2763228	1.0413076	5.065343
chr6	150415000	150420000	chr6	150595000	150600000	0,0,0	4.5033674	0.99607474	2.382819	2.234033	2.959704	3.5550902	1.1760229	5.5408974
chr6	35580000	35585000	chr6	35735000	35740000	0,0,0	11.543291	0.9999999	3.7169602	9.119667	12.342392	7.8485737	3.223969	15.954945
chr6	137335000	137340000	chr6	137640000	137645000	0,0,0	7.442225	0.9998876	3.5627182	3.9358864	5.4393544	5.595665	2.1651993	9.094231
chr6	15890000	15895000	chr6	16185000	16190000	0,0,0	7.0295644	1.0	2.942338	3.830824	4.406536	3.5535643	1.6760349	6.958741
chr6	121430000	121435000	chr6	122030000	122035000	0,0,0	8.323167	0.9999795	3.4765239	4.5667644	7.5396967	6.7369595	2.1591659	10.796306
chr6	116005000	116010000	chr6	116095000	116100000	0,0,0	6.2421103	1.0	2.9391363	2.5635638	3.4030635	3.3876026	1.4170904	5.6663256
chr6	166155000	166160000	chr6	166275000	166280000	0,0,0	4.598157	1.0	2.1953769	1.8418814	2.5010264	2.5538478	0.88715476	4.191076
chr6	160735000	160740000	chr6	161370000	161375000	0,0,0	12.061527	0.99999905	5.475773	5.6359777	9.011343	8.855785	2.9627683	13.865544
chr6	108105000	108110000	chr6	108495000	108500000	0,0,0	8.955216	1.0	4.691767	3.7586632	4.736338	5.5523877	2.33311	8.893421
chr6	30825000	30830000	chr6	31085000	31090000	0,0,0	7.6806145	0.99961865	3.266183	4.0592513	5.04029	4.2643247	1.8655347	7.872548
chr6	34245000	34250000	chr6	34415000	34420000	0,0,0	4.9754267	0.998382	2.1311235	3.0191965	4.231418	3.7434905	1.4440434	6.4272203
chr6	152745000	152750000	chr6	152950000	152955000	0,0,0	4.981684	0.99380976	2.5475755	2.0684106	2.8482022	3.2467206	0.9687919	5.0853076
chr6	128730000	128735000	chr6	129365000	129370000	0,0,0	5.5613556	0.99984366	2.4931834	4.076261	5.517008	5.141081	2.2342768	8.764424
chr6	13335000	13340000	chr6	13540000	13545000	0,0,0	5.465469	0.99866986	2.8795602	2.1318166	3.8304367	4.728228	1.2700121	6.623176
chr6	11655000	11660000	chr6	12605000	12610000	0,0,0	5.908277	0.999282	2.90826	3.2680101	4.1099124	4.3348813	1.279813	7.239779
chr6	26200000	26205000	chr6	26285000	26290000	0,0,0	4.5240345	0.9903453	2.3623173	1.8259566	2.5518777	3.0177207	0.88332343	4.6407933
chr6	113305000	113310000	chr6	113860000	113865000	0,0,0	5.493816	0.9995446	3.074686	3.0961614	3.7464094	4.9430413	1.9641936	7.6951847
chr6	7275000	7280000	chr6	7615000	7620000	0,0,0	9.543143	0.9999812	4.977841	3.8175988	6.227168	7.491143	2.6718504	10.884564
chr6	129495000	129500000	chr6	129575000	129580000	0,0,0	5.7304926	1.0	2.3223972	2.5139794	2.9610445	2.3044577	1.0585754	4.539106
chr6	112780000	112785000	chr6	113905000	113910000	0,0,0	8.711965	0.99999726	3.9241939	5.9268775	8.035123	7.5401754	2.7764325	12.808512
chr6	37020000	37025000	chr6	37205000	37210000	0,0,0	7.982494	0.999943	4.365691	2.4256227	5.7064095	7.6174088	1.0915126	9.773518
chr6	110525000	110530000	chr6	110945000	110950000	0,0,0	6.8442297	0.99997216	2.4248257	5.7137446	7.7268057	5.4111633	2.9414623	10.490047
chr6	46085000	46090000	chr6	46625000	46630000	0,0,0	7.357271	1.0	2.4399016	4.0326986	4.7050376	2.8514795	1.4919896	6.436101
chr6	148575000	148580000	chr6	149025000	149030000	0,0,0	6.215552	0.99972075	2.7569637	4.264794	4.983299	4.3933086	1.932392	8.184237
chr6	151765000	151770000	chr6	152125000	152130000	0,0,0	5.7017717	0.9997445	3.0296547	3.2499108	4.433122	5.3843074	1.9754056	8.273117
chr6	36885000	36890000	chr6	37210000	37215000	0,0,0	9.503402	1.0	4.0990415	3.1166239	4.1622944	3.667756	1.6120675	6.438088
chr6	138810000	138815000	chr6	138990000	138995000	0,0,0	6.9697304	0.9995868	3.0118704	3.3827152	5.222837	4.785647	1.7020278	7.7925053
chr6	137095000	137100000	chr6	137640000	137645000	0,0,0	9.267555	0.9999233	3.838985	5.363012	5.9920893	4.7096143	2.1066687	9.476736
chr6	82270000	82275000	chr6	83055000	83060000	0,0,0	13.997574	1.0	5.3413005	9.84883	13.036551	9.833431	4.421601	18.587948
chr6	131920000	131925000	chr6	132295000	132300000	0,0,0	6.0519505	0.9987897	2.3881624	3.2275367	4.740541	3.8486667	1.0963173	6.7175884
chr6	46420000	46425000	chr6	46990000	46995000	0,0,0	9.646719	1.0	4.117028	3.7173493	5.4782925	4.887413	1.9158746	8.191724
chr6	138690000	138695000	chr6	138765000	138770000	0,0,0	4.5492883	1.0	2.2604601	1.49279	2.349317	2.6110315	0.7905525	3.937956
chr6	95430000	95435000	chr6	95870000	95875000	0,0,0	4.7462955	0.99900436	2.180887	3.2875986	4.194378	3.9905133	2.038603	6.912823
chr6	121430000	121435000	chr6	121845000	121850000	0,0,0	5.5964746	0.99882597	2.6393876	2.9975462	4.072377	4.0835185	1.3734814	6.748004
chr6	111255000	111260000	chr6	111645000	111650000	0,0,0	4.553231	0.9914048	2.2654238	2.155865	2.6567733	2.8407145	1.2323403	4.757039
chr6	41365000	41370000	chr6	41600000	41605000	0,0,0	5.325307	0.99958515	2.2929184	4.007435	4.92591	4.2262626	1.5101396	7.788427
chr6	49530000	49535000	chr6	49605000	49610000	0,0,0	6.9816422	1.0	3.194145	2.7302768	4.453452	4.4374943	1.3673396	6.8644075
chr6	56900000	56905000	chr6	57015000	57020000	0,0,0	6.950264	1.0	2.7144272	3.3389332	4.4375834	3.445241	1.7962079	6.4131813
chr6	163425000	163430000	chr6	164925000	164930000	0,0,0	9.629358	1.0	4.196488	4.3745093	5.449353	4.7741528	2.4775715	8.662605
chr6	24280000	24285000	chr6	24385000	24390000	0,0,0	7.124148	1.0	3.17691	2.6386645	3.8704698	3.649262	1.1663793	5.9947414
chr6	167500000	167505000	chr6	167895000	167900000	0,0,0	4.8634324	1.0	2.5443983	1.7627834	2.6860726	3.2213154	1.0640142	4.788234
chr6	111360000	111365000	chr6	111475000	111480000	0,0,0	6.0555525	0.99878156	2.084249	3.651963	5.050677	3.4646692	1.2421818	6.710859
chr6	142155000	142160000	chr6	142385000	142390000	0,0,0	10.213425	1.0	4.3285966	4.4385667	6.2451744	5.456531	1.7616036	9.401924
chr6	4310000	4315000	chr6	4935000	4940000	0,0,0	11.579508	0.99999976	3.4819462	9.999842	11.801224	6.4876523	3.727378	15.3764
chr6	52285000	52290000	chr6	52400000	52405000	0,0,0	10.12221	1.0	3.3159997	4.88487	6.137014	3.8238933	1.8167483	8.165999
chr6	47630000	47635000	chr6	47730000	47735000	0,0,0	7.5534453	0.9997175	2.545705	5.5523453	5.689878	3.2372556	1.9589273	8.172673
chr6	108555000	108560000	chr6	108780000	108785000	0,0,0	6.610089	0.99975055	3.2014961	3.578802	4.8958488	5.1160083	1.6540629	8.297166
chr6	71620000	71625000	chr6	72080000	72085000	0,0,0	4.697013	0.9969102	2.1302774	2.7388005	3.5660386	3.3457575	1.1964359	5.7802467
chr6	11655000	11660000	chr6	12230000	12235000	0,0,0	5.7681994	0.9999815	2.3208442	5.0894403	7.635221	6.3773823	2.2930772	10.901329
chr6	73675000	73680000	chr6	73735000	73740000	0,0,0	4.7287426	1.0	2.2794223	1.8782792	2.7476873	2.8858845	1.1948258	4.555466
chr6	71380000	71385000	chr6	72080000	72085000	0,0,0	8.527497	1.0	3.3241825	4.4996176	5.5456543	4.176764	2.2939243	8.176424
chr6	41600000	41605000	chr6	41680000	41685000	0,0,0	6.8207283	1.0	2.8106432	2.882657	3.9029136	3.2552295	1.2598785	5.817591
chr6	47785000	47790000	chr6	48475000	48480000	0,0,0	6.101573	1.0	2.4690323	2.943328	3.9477925	3.2096622	1.2989587	5.8259535
chr6	24580000	24585000	chr6	24695000	24700000	0,0,0	6.3659472	0.99945223	3.2538145	2.4107757	4.5315676	5.3675456	1.649304	7.5104575
chr6	37050000	37055000	chr6	37205000	37210000	0,0,0	8.035728	0.9999664	2.8843877	5.328424	7.653811	5.564672	2.3895433	10.301049
chr6	127735000	127740000	chr6	128730000	128735000	0,0,0	8.529198	0.9999447	3.9329453	3.9149728	6.2968383	6.3231783	2.082701	9.803154
chr6	138000000	138005000	chr6	138105000	138110000	0,0,0	17.527027	1.0	6.4256353	6.5704203	10.058583	7.6427393	3.6467824	13.483113
chr6	54250000	54255000	chr6	55240000	55245000	0,0,0	4.8874736	0.9988058	2.075339	3.8082418	4.147193	3.345871	1.6333542	6.730975
chr6	30745000	30750000	chr6	30820000	30825000	0,0,0	4.9833984	0.99651647	2.5002022	2.0471783	3.3834226	3.8405766	1.2406144	5.6602907
chr6	166275000	166280000	chr6	166395000	166400000	0,0,0	5.974893	1.0	2.6920242	2.8091671	3.578715	3.3075783	1.3347043	5.804616
chr6	16505000	16510000	chr6	16770000	16775000	0,0,0	5.8319507	0.9989926	2.4124827	3.7434587	4.450717	3.5736148	1.7519047	6.9011335
chr6	108540000	108545000	chr6	108835000	108840000	0,0,0	9.884513	0.9999991	4.171683	7.316519	8.891352	7.393209	3.0252335	13.896781
chr6	10950000	10955000	chr6	11495000	11500000	0,0,0	6.952767	1.0	2.5985894	3.4534879	5.026125	3.8313572	1.5057892	6.9011245
chr6	55980000	55985000	chr6	56290000	56295000	0,0,0	15.471012	1.0	5.829206	9.592369	14.934933	11.735901	3.5231311	20.262451
chr6	150890000	150895000	chr6	151010000	151015000	0,0,0	5.004142	1.0	2.24141	2.2635033	2.57931	2.2899835	1.033767	4.3019867
chr6	13905000	13910000	chr6	14145000	14150000	0,0,0	9.601372	1.0	3.2685032	5.074157	6.164081	3.9325054	2.2755854	8.442867
chr6	38030000	38035000	chr6	38495000	38500000	0,0,0	5.6281657	0.9965604	2.7621253	2.5519798	3.2378635	3.4045632	1.2384518	5.67299
chr6	43665000	43670000	chr6	44075000	44080000	0,0,0	6.6232505	0.9997183	2.6161673	4.1508913	5.653039	4.4858723	1.791001	8.175553
chr6	37055000	37060000	chr6	37170000	37175000	0,0,0	7.6081347	0.99999166	2.8858202	6.3053117	8.186822	6.0874815	2.345296	11.692203
chr6	26030000	26035000	chr6	26100000	26105000	0,0,0	5.9395213	1.0	2.5105867	2.681596	3.039985	2.4728656	1.204542	4.856507
chr6	41780000	41785000	chr6	42040000	42045000	0,0,0	10.255899	1.0	4.4683933	3.2748213	6.32465	6.119048	1.7688674	9.030001
chr6	50815000	50820000	chr6	52020000	52025000	0,0,0	9.979997	0.9999879	3.7173674	5.6115522	8.298668	6.3372736	3.2810388	11.32532
chr6	148575000	148580000	chr6	148950000	148955000	0,0,0	6.967203	0.9999618	3.3505871	4.4873533	6.0080233	6.1849546	1.8590369	10.173714
chr6	72410000	72415000	chr6	73180000	73185000	0,0,0	9.110713	1.0	3.68452	9.109627	11.6896	9.358408	3.6412895	17.455854
chr6	100115000	100120000	chr6	100655000	100660000	0,0,0	7.873143	0.9999399	4.187686	4.1705747	5.024562	6.013514	2.3773994	9.720692
chr6	112180000	112185000	chr6	112310000	112315000	0,0,0	11.6448	0.99999607	4.2134323	6.1424937	9.337112	6.9839373	2.3590734	12.443932
chr6	106335000	106340000	chr6	106560000	106565000	0,0,0	13.439881	1.0	5.9660616	4.770442	6.417078	5.8900595	2.7929173	10.130452
chr6	28835000	28840000	chr6	29015000	29020000	0,0,0	6.48525	1.0	3.5364366	2.046495	3.062088	3.931149	0.8479889	5.7502556
chr6	18990000	18995000	chr6	20055000	20060000	0,0,0	7.8405366	1.0	3.6185098	2.8255532	3.8512776	3.744806	1.5180657	6.2564087
chr6	134170000	134175000	chr6	134640000	134645000	0,0,0	12.518035	0.99999994	3.6237938	10.102631	13.404959	7.6444864	4.0258994	16.624603
chr6	105085000	105090000	chr6	105420000	105425000	0,0,0	18.07104	1.0	6.5934663	6.7240252	9.957661	7.4447613	2.6866148	13.421673
chr6	89935000	89940000	chr6	90475000	90480000	0,0,0	8.836678	0.99999905	3.7302597	7.566913	8.710303	7.110977	2.9704244	13.837122
chr6	1040000	1045000	chr6	1320000	1325000	0,0,0	5.712328	0.9996522	2.048202	5.312571	5.3263245	3.2423813	2.071289	7.964667
chr6	137090000	137095000	chr6	137315000	137320000	0,0,0	5.252772	0.99889916	2.5735023	3.075629	3.8915467	4.078518	1.6838348	6.8124104
chr6	49455000	49460000	chr6	49845000	49850000	0,0,0	5.097851	0.9952825	2.5076969	2.434436	3.0356512	3.19308	1.0412804	5.3570232
chr6	83220000	83225000	chr6	83515000	83520000	0,0,0	9.254816	0.99996984	4.4762216	3.9682643	6.414818	6.883177	1.9582995	10.410523
chr6	53980000	53985000	chr6	54265000	54270000	0,0,0	6.7442183	1.0	4.1080284	1.8972232	2.8821661	4.585808	1.3101045	6.2722282
chr6	105730000	105735000	chr6	106085000	106090000	0,0,0	5.3537645	0.99860924	2.1753554	3.337561	4.4336405	3.6118507	1.487757	6.578572
chr6	30480000	30485000	chr6	30530000	30535000	0,0,0	5.0920973	0.99929184	2.2348905	3.743108	4.4878464	3.9263518	1.5335616	7.253559
chr6	49620000	49625000	chr6	49845000	49850000	0,0,0	5.7208986	0.99879116	2.7093458	2.690611	4.1810393	4.3271465	1.5150646	6.718801
chr6	144585000	144590000	chr6	145215000	145220000	0,0,0	10.426378	0.99999857	3.6170268	7.7347617	9.846617	6.563804	3.1603324	13.439148
chr6	40320000	40325000	chr6	40830000	40835000	0,0,0	7.4339175	1.0	3.288427	3.750743	4.2031713	3.6422436	1.4794285	6.9762373
chr6	106605000	106610000	chr6	106980000	106985000	0,0,0	8.802892	0.9999841	3.957943	4.562684	7.220405	6.993197	2.306064	11.048916
chr6	81230000	81235000	chr6	81990000	81995000	0,0,0	4.4429665	0.9964239	2.1427875	2.8665442	3.1242728	3.086032	1.2259052	5.6340714
chr6	155325000	155330000	chr6	155530000	155535000	0,0,0	5.5776114	0.99680275	2.607146	2.6131504	3.4749491	3.423259	1.028347	5.7460594
chr6	149830000	149835000	chr6	149925000	149930000	0,0,0	5.5076213	0.9972468	2.7576764	1.971438	3.6137474	4.1432037	1.3296064	5.8955927
chr6	25265000	25270000	chr6	25560000	25565000	0,0,0	4.3894477	0.99984205	2.2219338	4.200346	4.65415	5.020426	1.9234308	8.754066
chr6	114745000	114750000	chr6	115895000	115900000	0,0,0	9.264652	1.0	4.5251117	3.1296463	4.599384	4.929791	1.735273	7.7116985
chr6	130320000	130325000	chr6	130695000	130700000	0,0,0	7.7773	0.99999714	3.1653464	6.8958683	8.384842	6.6409183	2.6376095	12.770579
chr6	109885000	109890000	chr6	110035000	110040000	0,0,0	6.0680165	1.0	3.0172853	2.3095489	3.518669	3.8962843	1.571615	5.949217
chr6	39350000	39355000	chr6	39850000	39855000	0,0,0	5.4596186	0.99835426	2.1531534	3.366706	4.382545	3.4176002	1.5155222	6.4102273
chr6	12290000	12295000	chr6	12600000	12605000	0,0,0	10.736512	0.99999803	4.165496	6.286761	9.431052	7.5609612	2.9465058	13.149193
chr6	34455000	34460000	chr6	34605000	34610000	0,0,0	7.0641656	1.0	2.4018836	3.6481795	4.250111	2.6473932	1.3915347	5.890219
chr6	105420000	105425000	chr6	106300000	106305000	0,0,0	4.429219	0.99821126	2.1623058	3.100454	3.5093968	3.5709352	1.4329959	6.3268943
chr6	150415000	150420000	chr6	150815000	150820000	0,0,0	14.78525	1.0	4.888858	9.900111	14.097391	9.412358	3.868299	18.212458
chr6	133920000	133925000	chr6	134095000	134100000	0,0,0	17.345135	1.0	5.8446865	10.859529	14.911497	9.9816265	4.234651	19.63454
chr6	138115000	138120000	chr6	138510000	138515000	0,0,0	6.622317	0.999168	2.9717746	2.7842493	4.7167015	4.617465	1.3611623	7.0923533
chr6	113990000	113995000	chr6	114105000	114110000	0,0,0	11.014836	1.0	3.9152644	5.57413	7.414129	5.174457	2.293007	10.129239
chr6	169960000	169965000	chr6	170520000	170525000	0,0,0	6.1700215	1.0	2.9483893	2.7794116	2.9612122	2.8624115	0.94874156	5.3329997
chr6	128735000	128740000	chr6	129250000	129255000	0,0,0	4.32156	0.9966388	2.1239045	2.6322882	3.209825	3.356221	1.4222623	5.6960325
chr6	143575000	143580000	chr6	144010000	144015000	0,0,0	12.570128	1.0	4.3991547	10.760002	14.048383	9.564127	3.8803833	19.128574
chr6	111710000	111715000	chr6	111995000	112000000	0,0,0	7.38593	0.9999924	3.6695836	4.3325744	7.099088	7.933889	2.2430549	11.785066
chr6	53725000	53730000	chr6	53955000	53960000	0,0,0	10.669633	1.0	4.6682014	3.6590166	4.7796097	4.2675447	1.6399782	7.5200043
chr6	109700000	109705000	chr6	110390000	110395000	0,0,0	6.819763	0.9989585	2.9481287	3.1325307	4.5258265	4.083387	1.7050484	6.8678584
chr6	122490000	122495000	chr6	122840000	122845000	0,0,0	6.8963747	1.0	3.528683	1.7477891	3.1561787	3.7282038	0.9585127	5.281794
chr6	51855000	51860000	chr6	51955000	51960000	0,0,0	6.650122	1.0	2.6850188	3.1083248	4.468085	3.7012274	1.3909373	6.464183
chr6	127740000	127745000	chr6	129370000	129375000	0,0,0	4.2832904	0.99526364	2.1044097	2.326517	3.091511	3.2850213	1.1050935	5.3530364
chr6	133565000	133570000	chr6	134095000	134100000	0,0,0	17.086487	1.0	9.871127	1.8724842	3.2607338	4.696361	0.98237467	6.3607917
chr6	4315000	4320000	chr6	4615000	4620000	0,0,0	4.711039	0.9953147	2.1169267	3.047878	3.0910585	2.6546583	1.3931261	5.363883
chr6	97070000	97075000	chr6	97390000	97395000	0,0,0	8.8115	0.9999685	3.5564873	5.12428	7.0986986	5.812509	2.473575	10.367425
chr6	100115000	100120000	chr6	100475000	100480000	0,0,0	7.6491675	0.9999697	3.5751162	4.1164775	6.602639	6.748005	1.5663606	10.407096
chr6	129600000	129605000	chr6	129730000	129735000	0,0,0	12.033683	1.0	5.5810385	4.8464527	7.597802	7.6526456	3.0625873	11.960604
chr6	47785000	47790000	chr6	48765000	48770000	0,0,0	9.935974	0.9999886	4.172485	5.7078395	7.4623966	6.308652	3.4650526	11.382288
chr6	29700000	29705000	chr6	30015000	30020000	0,0,0	4.778242	0.99473506	2.4336457	2.657367	2.6943202	2.88513	1.3961546	5.247234
chr6	132830000	132835000	chr6	133510000	133515000	0,0,0	9.571367	0.99997187	3.666149	5.7766247	7.2150884	5.3458085	2.479193	10.480586
chr6	166785000	166790000	chr6	166985000	166990000	0,0,0	5.393547	0.9989966	2.7911918	2.5214796	3.9449923	4.66378	1.5796103	6.905095
chr6	159855000	159860000	chr6	160455000	160460000	0,0,0	6.998941	1.0	2.9128494	2.6738849	4.5816903	4.111433	1.6061137	6.4882197
chr6	137705000	137710000	chr6	137945000	137950000	0,0,0	7.7338586	0.99998647	3.543492	4.7822495	7.099847	6.9598656	2.1339183	11.210754
chr6	149725000	149730000	chr6	149925000	149930000	0,0,0	4.900439	0.99314284	2.3680413	2.2348225	2.9061067	2.9964695	1.0955712	4.9829783
chr6	126800000	126805000	chr6	127190000	127195000	0,0,0	5.0135584	0.9990319	2.1563787	3.3824484	4.489338	3.934291	1.3330896	6.940912
chr6	13335000	13340000	chr6	13575000	13580000	0,0,0	6.357291	0.9989985	2.6790364	3.8962417	4.2961016	3.4436626	1.5497415	6.906988
chr6	127555000	127560000	chr6	127640000	127645000	0,0,0	6.196206	1.0	2.580928	2.418638	4.1081996	3.6828473	1.2230102	5.8327475
chr6	105730000	105735000	chr6	106220000	106225000	0,0,0	5.3767166	0.9993194	2.4748576	3.5300984	4.3853283	4.15541	1.7972718	7.2932754
chr6	53490000	53495000	chr6	53655000	53660000	0,0,0	5.8405957	0.99936503	2.8121538	3.388741	4.270772	4.3505116	1.5438778	7.362726
chr6	10475000	10480000	chr6	10800000	10805000	0,0,0	11.441212	1.0	3.8583958	6.55217	8.244777	5.301013	2.544032	11.125164
chr6	56355000	56360000	chr6	56595000	56600000	0,0,0	11.8706045	0.99999976	5.543382	6.8904114	9.170488	9.023039	4.0348086	15.147849
chr6	27160000	27165000	chr6	27790000	27795000	0,0,0	10.397759	0.99999964	4.1041846	7.867493	10.081338	7.8256445	3.4475844	14.818971
chr6	122865000	122870000	chr6	123315000	123320000	0,0,0	6.9719157	0.9998079	2.907965	4.174923	5.7074437	4.847396	2.0290785	8.558438
chr6	137705000	137710000	chr6	137975000	137980000	0,0,0	8.329621	0.99997884	3.2017035	5.5952754	7.557808	5.791893	3.0002406	10.7654705
chr6	24855000	24860000	chr6	24990000	24995000	0,0,0	6.8173823	0.9997472	2.9641452	4.0278683	5.30178	4.7034535	1.6693485	8.283781
chr6	35295000	35300000	chr6	35445000	35450000	0,0,0	7.460843	1.0	3.1989634	3.9192932	4.3483815	3.5835948	1.4495286	7.067411
chr6	31270000	31275000	chr6	31355000	31360000	0,0,0	9.661932	0.99998677	2.2851646	8.72895	9.035985	3.4739802	2.8880465	11.233047
chr6	149030000	149035000	chr6	149520000	149525000	0,0,0	4.951963	0.998763	2.2689352	3.688861	3.824081	3.4167933	1.8820027	6.6957808
chr6	85350000	85355000	chr6	85535000	85540000	0,0,0	6.9219904	0.9995256	3.091877	3.3034472	4.965983	4.717927	1.8608197	7.654324
chr6	53985000	53990000	chr6	55240000	55245000	0,0,0	14.192668	1.0	5.6981626	7.025067	9.003481	7.1390667	2.354486	13.383571
chr6	151670000	151675000	chr6	152270000	152275000	0,0,0	6.3128138	0.9999595	2.4659276	4.939179	7.161866	5.7250776	2.7996895	10.1154585
chr6	6720000	6725000	chr6	7240000	7245000	0,0,0	7.4667473	0.9999953	3.194353	6.8177433	7.555469	6.2035146	2.6477842	12.263731
chr6	157755000	157760000	chr6	157870000	157875000	0,0,0	5.1183844	0.9963273	2.4614952	2.3133004	3.391368	3.5511339	1.1892238	5.607401
chr6	126365000	126370000	chr6	127190000	127195000	0,0,0	6.8271604	0.99980694	2.5102131	5.158943	5.8713903	3.9677837	1.8597517	8.553511
chr6	135505000	135510000	chr6	136225000	136230000	0,0,0	5.941914	0.9994902	3.1433775	2.5294611	4.3151174	5.3338356	1.4319597	7.5822453
chr6	41365000	41370000	chr6	41680000	41685000	0,0,0	7.670242	0.99993944	3.9105754	3.1006355	5.888627	6.956827	2.194179	9.712948
chr6	13910000	13915000	chr6	14065000	14070000	0,0,0	7.6063995	0.99967194	3.3633125	3.3939154	5.296063	5.0062833	1.6952955	8.023097
chr6	905000	910000	chr6	1335000	1340000	0,0,0	8.737524	0.9999988	3.532682	6.689272	9.372708	7.717332	3.9411378	13.663351
chr6	3280000	3285000	chr6	3455000	3460000	0,0,0	7.536568	0.99990267	2.1444187	6.622073	7.016643	3.3520634	2.1862986	9.238351
chr6	115985000	115990000	chr6	116120000	116125000	0,0,0	7.641234	1.0	2.9317145	3.653439	5.2296667	4.079887	1.5829608	7.327388
chr6	38970000	38975000	chr6	39310000	39315000	0,0,0	8.72863	1.0	3.5339642	3.8284957	4.3719025	3.3569942	1.836544	6.760102
chr6	131780000	131785000	chr6	131910000	131915000	0,0,0	5.160905	1.0	2.245545	2.6361508	2.8042138	2.3271334	1.0256068	4.6703787
chr6	10030000	10035000	chr6	10420000	10425000	0,0,0	4.830891	1.0	3.0129056	1.377897	2.055964	3.4433584	0.9394926	4.6681557
chr6	138585000	138590000	chr6	138765000	138770000	0,0,0	14.45407	1.0	4.1746783	8.445563	9.528063	4.86746	3.2346816	12.374627
chr6	169830000	169835000	chr6	170515000	170520000	0,0,0	5.0268354	0.99918926	2.5398307	3.1975567	3.9039247	4.2759914	1.710518	7.118264
chr6	150820000	150825000	chr6	151330000	151335000	0,0,0	4.5903034	0.9964062	2.564169	1.5824504	3.0910692	4.2225127	0.70972806	5.629135
chr6	2995000	3000000	chr6	3055000	3060000	0,0,0	8.854369	0.99997735	3.1345358	4.9300756	8.331272	6.313911	2.688847	10.6962
chr6	158220000	158225000	chr6	158970000	158975000	0,0,0	5.8321514	1.0	2.8831387	2.139114	3.264239	3.5838683	1.2703068	5.4853024
chr6	8130000	8135000	chr6	8215000	8220000	0,0,0	9.456612	1.0	4.0567217	3.9376361	5.715152	5.1121216	1.9558165	8.612243
chr6	42315000	42320000	chr6	42545000	42550000	0,0,0	4.5544033	0.9927912	2.1222513	2.7021582	2.76503	2.531042	1.3169001	4.9329605
chr6	20395000	20400000	chr6	20525000	20530000	0,0,0	5.9506593	1.0	2.4908571	2.5100985	2.902184	2.3449297	0.91593736	4.576128
chr6	45420000	45425000	chr6	45710000	45715000	0,0,0	5.3042064	0.99828243	2.3115885	3.337761	3.9444396	3.4006014	1.8190529	6.3675
chr6	27180000	27185000	chr6	27475000	27480000	0,0,0	5.2114596	1.0	2.141456	2.8069687	3.2317748	2.5407858	1.2264438	5.035869
chr6	168150000	168155000	chr6	168355000	168360000	0,0,0	6.3748994	0.9989806	2.7626426	3.2626052	4.4682245	3.989139	1.6893033	6.889233
chr6	12910000	12915000	chr6	13330000	13335000	0,0,0	10.301104	1.0	3.211653	4.927719	5.9167347	3.4131875	1.9297174	7.793382
chr6	125150000	125155000	chr6	125300000	125305000	0,0,0	5.630189	1.0	2.7989795	2.2956107	2.8359272	3.0296106	1.130573	5.070153
chr6	147390000	147395000	chr6	148165000	148170000	0,0,0	10.965139	0.99999726	4.488346	6.6570716	8.483585	6.881188	3.0887058	12.798585
chr6	135145000	135150000	chr6	135420000	135425000	0,0,0	6.859313	0.9996577	3.6408653	2.759255	4.4713197	5.528014	1.5849446	7.980685
chr6	36620000	36625000	chr6	36720000	36725000	0,0,0	6.439541	1.0	3.2963295	2.194312	3.2814422	3.7906177	1.5158919	5.741117
chr6	29735000	29740000	chr6	29835000	29840000	0,0,0	8.986347	0.9998932	4.0587125	3.8165946	5.9272876	5.7527323	1.4691789	9.145261
chr6	131200000	131205000	chr6	131535000	131540000	0,0,0	5.6305466	0.99920946	2.8242218	3.233207	3.9465535	4.2695856	1.4579697	7.1435475
chr6	1595000	1600000	chr6	2630000	2635000	0,0,0	12.470259	0.9999999	3.7100937	11.38579	11.662797	5.691235	5.270084	15.811936
chr6	169790000	169795000	chr6	170515000	170520000	0,0,0	8.857144	0.9999921	3.3750324	6.1553903	8.283613	6.2762775	3.017709	11.747735
chr6	136640000	136645000	chr6	136790000	136795000	0,0,0	5.6867857	0.9988236	2.7285194	3.1398194	3.9133215	3.9550471	1.4141568	6.745998
chr6	110050000	110055000	chr6	110390000	110395000	0,0,0	6.807411	1.0	3.2487807	3.1432118	3.8705373	3.8687155	1.6760328	6.6626816
chr6	45380000	45385000	chr6	45915000	45920000	0,0,0	4.897645	1.0	2.335221	1.9419799	2.3026898	2.2783346	0.9539988	4.004539
chr6	121055000	121060000	chr6	121300000	121305000	0,0,0	9.311797	0.99994534	3.4322462	5.2550735	7.0557365	5.14385	2.155007	9.815026
chr6	126805000	126810000	chr6	127070000	127075000	0,0,0	4.608146	0.9983349	2.813222	1.7162424	3.0360982	4.872986	1.1441169	6.3985343
chr6	82270000	82275000	chr6	82585000	82590000	0,0,0	6.3612113	0.999275	3.0406194	3.6284995	4.0828824	4.0047817	1.7769845	7.230115
chr6	166785000	166790000	chr6	166950000	166955000	0,0,0	8.330271	0.9998476	3.1312768	4.9287987	6.10702	4.4085145	2.0328395	8.789669
chr6	109525000	109530000	chr6	109690000	109695000	0,0,0	6.3746614	1.0	2.7851675	3.1792092	3.32687	2.762052	1.381889	5.588016
chr6	129595000	129600000	chr6	130020000	130025000	0,0,0	5.4698105	1.0	2.892726	2.0916595	2.3225026	2.7162457	1.122357	4.5754986
chr6	110675000	110680000	chr6	110950000	110955000	0,0,0	5.862596	0.9994929	2.4495254	4.288522	4.7577343	3.775491	1.6479409	7.5875106
chr6	39165000	39170000	chr6	39305000	39310000	0,0,0	19.432966	1.0	8.181075	6.9830465	11.232029	10.067291	3.6448345	16.274445
chr6	167215000	167220000	chr6	167285000	167290000	0,0,0	10.915061	0.99999756	3.1146047	7.840366	10.519054	5.9617343	2.934667	12.930948
chr6	165435000	165440000	chr6	165850000	165855000	0,0,0	10.7585745	0.999994	4.195651	5.794785	8.564977	6.874819	3.1083133	12.025739
chr6	33015000	33020000	chr6	33145000	33150000	0,0,0	5.506616	1.0	2.6766338	2.4393451	2.9185963	2.985163	0.92904425	5.15347
chr6	3740000	3745000	chr6	4005000	4010000	0,0,0	9.516628	0.99998623	4.330998	5.059836	7.0027876	6.69875	2.191801	11.196382
chr6	117450000	117455000	chr6	117605000	117610000	0,0,0	6.2448883	0.999841	2.5865622	4.7825108	5.615514	4.4962897	1.8894022	8.747411
chr6	53990000	53995000	chr6	54695000	54700000	0,0,0	4.9018598	1.0	2.9344704	1.5722532	1.6661446	2.5128217	0.8063443	3.9103801
chr6	132825000	132830000	chr6	133550000	133555000	0,0,0	7.4902964	0.9995325	3.2361724	3.6993275	4.9559984	4.380717	1.9283056	7.6690083
chr6	1595000	1600000	chr6	2350000	2355000	0,0,0	10.671151	0.99999416	4.9452553	5.7705827	7.2223363	6.92642	2.7337053	12.055827
chr6	52420000	52425000	chr6	52590000	52595000	0,0,0	5.507429	0.99906635	2.4384782	3.8975894	4.12608	3.5125976	1.5820664	6.9771214
chr6	7105000	7110000	chr6	7235000	7240000	0,0,0	6.222745	1.0	2.5336807	2.509253	3.5517108	2.95827	1.3686621	5.1887174
chr6	106335000	106340000	chr6	106980000	106985000	0,0,0	16.495333	1.0	6.2937016	7.578189	10.100109	7.6368766	2.9092991	14.373044
chr6	31135000	31140000	chr6	31370000	31375000	0,0,0	8.388914	0.99989915	3.6777482	4.1638737	5.993694	5.5018716	2.2221298	9.203093
chr6	20875000	20880000	chr6	21585000	21590000	0,0,0	11.559296	0.9999991	3.8944988	7.71056	10.608101	7.1060123	3.184639	13.959843
chr6	144580000	144585000	chr6	144930000	144935000	0,0,0	7.1807513	0.999951	2.8555183	5.562566	6.55934	4.9801683	2.1329627	9.924671
chr6	2200000	2205000	chr6	2345000	2350000	0,0,0	4.94492	1.0	2.2599168	2.4195905	2.7626565	2.531486	1.4361483	4.682233
chr6	41845000	41850000	chr6	42040000	42045000	0,0,0	5.2283087	0.99840677	2.3794174	2.5379114	4.2163353	4.1867366	1.3396585	6.442658
chr6	43720000	43725000	chr6	44075000	44080000	0,0,0	12.704583	1.0	3.4459589	11.655695	14.36653	7.374104	4.4027257	17.734722
chr6	108540000	108545000	chr6	109070000	109075000	0,0,0	12.071259	1.0	5.8512406	4.0094	7.1267004	7.7777905	2.3260474	11.3417015
chr6	168955000	168960000	chr6	170515000	170520000	0,0,0	7.2700567	1.0	3.1359444	3.5042033	4.196769	3.580453	1.5482998	6.6953
chr6	46425000	46430000	chr6	46620000	46625000	0,0,0	5.849102	0.9971884	2.7461503	2.8545158	3.442245	3.3372595	1.491674	5.8746066
chr6	129735000	129740000	chr6	130020000	130025000	0,0,0	8.656282	1.0	3.1433961	3.838686	4.546453	3.0854552	1.6803201	6.4976206
chr6	43265000	43270000	chr6	43495000	43500000	0,0,0	6.208074	0.998343	2.524763	3.9241278	3.9741948	2.9152963	1.5939078	6.40341
chr6	109530000	109535000	chr6	110045000	110050000	0,0,0	5.1141176	0.9975154	3.0801795	2.1570075	2.6489425	4.080906	1.2494979	5.998246
chr6	50125000	50130000	chr6	50600000	50605000	0,0,0	7.915565	0.99997336	3.3208349	5.574428	6.767659	5.5797653	2.1692243	10.534812
chr6	88985000	88990000	chr6	89240000	89245000	0,0,0	9.086092	1.0	4.2187552	2.8260424	5.1526284	5.332068	1.9101986	7.8441052
chr6	52405000	52410000	chr6	52660000	52665000	0,0,0	15.017595	1.0	5.580458	10.783256	14.09967	10.265813	5.054607	19.85093
chr6	158220000	158225000	chr6	158600000	158605000	0,0,0	8.058354	0.9999891	3.3910162	6.382855	7.152439	5.7561865	3.047178	11.429835
chr6	139120000	139125000	chr6	139360000	139365000	0,0,0	10.594325	1.0	3.914272	4.281953	5.8049498	4.259072	1.8457352	8.065252
chr6	90290000	90295000	chr6	90390000	90395000	0,0,0	4.8292956	1.0	2.286133	1.9289355	2.8885326	2.9680095	1.286619	4.6826186
chr6	99465000	99470000	chr6	99745000	99750000	0,0,0	9.180579	1.0	4.394913	3.439176	5.0371842	5.238538	1.5323852	8.295583
chr6	36620000	36625000	chr6	36755000	36760000	0,0,0	6.319918	1.0	3.4761143	1.7410165	2.7272213	3.5694873	0.7230648	5.1170573
chr6	117345000	117350000	chr6	117605000	117610000	0,0,0	6.6043577	0.999835	2.2956288	4.357278	6.700687	4.8373294	1.7195857	8.710465
chr6	99150000	99155000	chr6	99240000	99245000	0,0,0	7.9441333	1.0	2.9999528	3.8004723	4.6110506	3.317549	1.346778	6.6957464
chr6	71190000	71195000	chr6	71350000	71355000	0,0,0	6.942078	1.0	3.435199	2.402413	4.070446	4.5432763	1.4957927	6.678755
chr6	34190000	34195000	chr6	34410000	34415000	0,0,0	6.597096	1.0	2.7543588	3.8589387	3.9078612	2.9834986	1.44805	6.4136662
chr6	6785000	6790000	chr6	7240000	7245000	0,0,0	5.2170353	0.99941593	2.4457197	3.5166936	4.4221544	4.320367	1.6054797	7.4463167
chr6	29845000	29850000	chr6	30175000	30180000	0,0,0	7.558472	1.0	3.2802389	2.7153895	2.9235303	2.4271247	1.3357961	4.840804
chr6	63600000	63605000	chr6	63760000	63765000	0,0,0	4.53317	1.0	2.2666674	1.2045343	2.6063912	3.0365345	0.7480087	4.1072316
chr6	52725000	52730000	chr6	53060000	53065000	0,0,0	6.4920335	0.9997299	2.2818754	4.775901	5.9386926	3.9721146	2.200243	8.21736
chr6	44265000	44270000	chr6	44335000	44340000	0,0,0	6.3942127	1.0	2.7485986	2.55238	3.9257944	3.5705783	1.0931357	5.8393607
chr6	20090000	20095000	chr6	20530000	20535000	0,0,0	10.909203	1.0	4.304208	3.2869997	4.256938	3.3153512	1.5855434	6.2371287
chr6	31390000	31395000	chr6	31485000	31490000	0,0,0	26.996838	1.0	4.911322	18.62417	21.795155	7.781046	6.7421985	24.335865
chr6	56905000	56910000	chr6	57315000	57320000	0,0,0	10.68777	1.0	5.245815	3.3572948	4.7222586	5.061247	2.1234572	8.045509
chr6	81235000	81240000	chr6	81750000	81755000	0,0,0	5.3668528	0.9983872	2.4455314	3.2902563	3.8240492	3.5057924	1.3825192	6.4304647
chr6	105475000	105480000	chr6	106305000	106310000	0,0,0	5.6572065	0.9994744	2.5978136	4.233681	4.264367	3.7885137	2.169352	7.551786
chr6	113990000	113995000	chr6	114300000	114305000	0,0,0	7.0230017	1.0	3.0590224	3.1598523	4.492756	4.077004	1.8172693	6.8857613
chr6	10950000	10955000	chr6	11065000	11070000	0,0,0	12.969492	1.0	5.099807	5.143664	8.251822	6.844	2.4884753	11.416145
chr6	52160000	52165000	chr6	52235000	52240000	0,0,0	5.0343933	0.99533254	2.272047	2.3860488	3.4088893	3.2467582	0.90295506	5.3676906
chr6	136580000	136585000	chr6	136790000	136795000	0,0,0	4.9110203	0.9949504	2.5967827	2.1739397	2.8073351	3.3566108	1.4760562	5.2890015
chr6	104790000	104795000	chr6	105075000	105080000	0,0,0	10.560401	1.0	3.8466842	3.6094651	5.894296	4.5421505	1.5317249	7.750564
chr6	33120000	33125000	chr6	33245000	33250000	0,0,0	7.4471064	1.0	3.0352743	3.7872977	4.50953	3.550933	1.5755038	6.91742
chr6	11140000	11145000	chr6	11495000	11500000	0,0,0	9.999235	0.99999994	3.8369088	8.110085	12.349813	9.827306	3.752175	17.03627
chr6	106445000	106450000	chr6	106975000	106980000	0,0,0	7.9181075	0.9998281	3.4654162	4.206479	5.514275	4.9303684	2.117792	8.66946
chr6	118960000	118965000	chr6	119110000	119115000	0,0,0	8.8965645	1.0	3.6647232	3.3168714	5.123529	4.432467	1.5115794	7.380797
chr6	122730000	122735000	chr6	122835000	122840000	0,0,0	9.942784	1.0	4.612718	4.0000625	4.9310875	4.7192125	2.0563629	8.274823
chr6	148740000	148745000	chr6	148945000	148950000	0,0,0	5.1115613	0.9984469	2.6944141	1.9722168	3.7930462	4.7150893	1.3586452	6.4681706
chr6	44475000	44480000	chr6	45920000	45925000	0,0,0	8.934339	0.9999971	2.5462673	8.465147	10.013056	5.226717	2.8815174	12.751292
chr6	156685000	156690000	chr6	156775000	156780000	0,0,0	5.1267476	1.0	2.120316	2.460749	3.136106	2.5780978	0.9763777	4.76543
chr6	73845000	73850000	chr6	75200000	75205000	0,0,0	4.332491	0.9943025	2.4065166	2.3690505	2.4053366	3.0624442	1.440544	5.1682673
chr6	127300000	127305000	chr6	127545000	127550000	0,0,0	5.819867	1.0	2.7405226	2.288955	2.9113367	2.871207	1.0586095	4.9058337
chr6	144105000	144110000	chr6	144215000	144220000	0,0,0	8.99108	1.0	3.150198	4.568796	5.8310084	3.9339442	1.9658325	7.9950967
chr6	122380000	122385000	chr6	122525000	122530000	0,0,0	4.9045205	1.0	2.354376	1.8497708	2.6599252	2.768191	0.95815897	4.4124317
chr6	25275000	25280000	chr6	25485000	25490000	0,0,0	5.6522274	0.9998619	2.622239	4.788423	5.0506563	4.6318607	2.310507	8.888237
chr6	49530000	49535000	chr6	49845000	49850000	0,0,0	5.3129263	0.9977669	2.4813547	2.921208	3.6233163	3.5083609	1.2158326	6.10499
chr6	157755000	157760000	chr6	158130000	158135000	0,0,0	8.019229	0.99976456	2.4316986	5.4626064	6.3648167	3.499396	2.1439784	8.355046
chr6	117835000	117840000	chr6	118580000	118585000	0,0,0	4.2848806	1.0	2.2223132	2.0418038	2.1144485	2.353725	1.1727208	4.1686616
chr6	3275000	3280000	chr6	3510000	3515000	0,0,0	6.4082956	0.99905115	2.7625136	2.8550298	4.760328	4.423188	1.4468527	6.9609923
chr6	144585000	144590000	chr6	145025000	145030000	0,0,0	8.702757	0.9999986	3.599859	6.1783714	9.299752	8.030522	3.260459	13.5224085
chr6	133185000	133190000	chr6	133510000	133515000	0,0,0	7.600999	0.99986446	3.2194088	4.5374002	5.75398	4.873898	2.10011	8.907143
chr6	147505000	147510000	chr6	147970000	147975000	0,0,0	8.9661455	0.99999803	3.0925994	7.7941527	9.5488205	6.208228	2.963493	13.136364
chr6	40895000	40900000	chr6	41025000	41030000	0,0,0	10.124319	1.0	4.340508	4.6958513	6.0543275	5.2388973	1.9325567	9.412988
chr6	111055000	111060000	chr6	111200000	111205000	0,0,0	4.457686	0.9945346	2.1354015	2.5522728	2.9647088	2.9411771	1.1224908	5.209864
chr6	159170000	159175000	chr6	159650000	159655000	0,0,0	8.306681	0.99998814	3.149362	6.6094503	7.69789	5.4666657	3.021007	11.341733
chr6	108110000	108115000	chr6	108525000	108530000	0,0,0	9.062039	0.99997693	3.2813187	5.719866	7.7821937	5.59275	2.7585459	10.677075
chr6	6055000	6060000	chr6	6545000	6550000	0,0,0	11.983079	1.0	3.2047856	7.5681753	9.863132	5.1956496	2.778269	11.922916
chr6	168370000	168375000	chr6	168885000	168890000	0,0,0	16.729332	1.0	4.8245187	11.096339	14.719937	8.365012	4.659399	18.228426
chr6	63350000	63355000	chr6	63760000	63765000	0,0,0	6.988725	0.9999801	3.3575232	3.8688858	6.854081	7.386379	1.8221347	10.825389
chr6	8980000	8985000	chr6	10430000	10435000	0,0,0	8.068539	1.0	4.0501866	1.9038155	3.8960955	4.5377445	1.2685117	6.230025
chr6	56635000	56640000	chr6	56695000	56700000	0,0,0	6.9384446	0.99978685	2.4992414	4.6653767	6.1191344	4.3074894	2.0029285	8.454491
chr6	109700000	109705000	chr6	110050000	110055000	0,0,0	9.68521	0.9999974	4.584879	6.488666	7.339305	7.094804	2.737958	12.862507
chr6	55445000	55450000	chr6	55885000	55890000	0,0,0	4.389867	0.99950784	2.3979437	2.451699	4.1749344	5.438267	1.4347736	7.617555
chr6	53490000	53495000	chr6	53725000	53730000	0,0,0	10.708915	0.99999636	3.2998989	7.4974604	9.797815	5.866814	3.5601091	12.531223
chr6	149930000	149935000	chr6	150015000	150020000	0,0,0	9.851423	1.0	4.312455	3.6839988	5.4289064	5.00168	2.0153766	8.276345
chr6	151760000	151765000	chr6	152265000	152270000	0,0,0	6.8295755	0.9999806	3.262626	3.9300568	6.8926187	7.3607483	2.0516303	10.854133
chr6	50810000	50815000	chr6	51955000	51960000	0,0,0	5.41104	0.99934083	2.7427363	3.403871	3.9422538	4.2996655	1.5047282	7.325328
chr6	134155000	134160000	chr6	134940000	134945000	0,0,0	5.821867	0.9999756	2.61809	5.710266	6.27835	5.546454	2.109949	10.622247
chr6	17590000	17595000	chr6	17805000	17810000	0,0,0	6.835297	1.0	3.2688353	2.5534768	3.1746264	3.1902473	1.3323681	5.4600043
chr6	15695000	15700000	chr6	16190000	16195000	0,0,0	7.671468	0.99993545	3.9999275	4.799956	4.815832	5.38266	1.9827119	9.649287
chr6	590000	595000	chr6	1435000	1440000	0,0,0	7.644921	0.99999356	2.9044473	7.5696554	7.794091	5.2222805	3.2096255	11.950863
chr6	151675000	151680000	chr6	152120000	152125000	0,0,0	5.1066904	0.9977466	2.105923	3.377744	3.9081025	3.093498	1.8888266	6.0959373
chr6	185000	190000	chr6	520000	525000	0,0,0	4.903147	1.0	2.260519	2.4462554	2.8772478	2.6945808	1.519385	4.86903
chr6	32485000	32490000	chr6	32570000	32575000	0,0,0	12.590954	0.99999994	3.9738328	9.632757	12.675781	7.7951593	4.472515	16.35761
chr6	70310000	70315000	chr6	70685000	70690000	0,0,0	4.450157	0.99227595	2.5535839	1.4448237	2.5165124	3.5796335	1.0608975	4.863921
chr6	90285000	90290000	chr6	90480000	90485000	0,0,0	5.3284183	1.0	2.5998652	1.9739187	2.8327787	3.0193717	0.92027897	4.7739663
chr6	30915000	30920000	chr6	31065000	31070000	0,0,0	5.7948837	0.999574	2.2333782	4.606259	5.1506696	3.667461	1.7100295	7.7619133
chr6	134155000	134160000	chr6	134875000	134880000	0,0,0	6.4078784	0.99999577	3.1707115	6.618967	8.657894	9.277483	3.2428956	15.16101
chr6	117345000	117350000	chr6	117830000	117835000	0,0,0	6.974994	0.9998977	3.3277342	3.9294467	5.542899	5.695976	1.856043	9.188817
chr6	7720000	7725000	chr6	8005000	8010000	0,0,0	8.823576	0.99999744	3.9370337	6.197651	8.033917	7.356429	2.8509603	12.865453
chr6	138815000	138820000	chr6	139360000	139365000	0,0,0	13.092651	1.0	4.771032	5.176486	6.853652	4.9060154	2.3277092	9.507337
chr6	8980000	8985000	chr6	9410000	9415000	0,0,0	4.369591	0.9921788	2.1986806	1.7965974	2.8677847	3.2544432	1.001042	4.8514185
chr6	44660000	44665000	chr6	45410000	45415000	0,0,0	6.4877806	0.9991076	2.9381292	3.2014427	4.402557	4.176565	2.0551753	7.0222917
chr6	3125000	3130000	chr6	3250000	3255000	0,0,0	7.9914765	0.9996681	2.5551193	5.066912	5.9821887	3.5076284	2.0123317	8.011551
chr6	125305000	125310000	chr6	125975000	125980000	0,0,0	6.4460797	1.0	2.748462	3.2078621	3.7138672	3.0817192	1.5034969	5.933152
chr6	41090000	41095000	chr6	41315000	41320000	0,0,0	6.111466	1.0	2.847038	2.0154624	2.7405531	2.699558	0.96249276	4.4910803
chr6	147505000	147510000	chr6	148160000	148165000	0,0,0	12.811925	0.99999994	5.3040237	8.7133665	10.875626	8.890505	5.5174885	16.63572
chr6	167175000	167180000	chr6	167375000	167380000	0,0,0	43.969772	1.0	8.391003	36.668602	42.67971	15.664078	13.161112	48.258392
chr6	88980000	88985000	chr6	89365000	89370000	0,0,0	7.9739385	0.99977684	3.098164	4.398628	5.8343678	4.498713	2.1338198	8.408605
chr6	72410000	72415000	chr6	73325000	73330000	0,0,0	7.143332	0.99997634	2.6431093	6.4988537	7.236861	4.876159	2.5959563	10.652919
chr6	35520000	35525000	chr6	35735000	35740000	0,0,0	7.3957424	1.0	2.5541985	4.2994685	5.182829	3.346839	1.9007888	7.168589
chr6	33585000	33590000	chr6	33700000	33705000	0,0,0	5.7710795	1.0	3.1507306	2.0901515	2.7967067	3.5572407	1.3179048	5.415153
chr6	42070000	42075000	chr6	42165000	42170000	0,0,0	8.995299	1.0	5.0749784	2.4694808	3.5837004	4.880787	1.2330918	7.0758805
chr6	123410000	123415000	chr6	123715000	123720000	0,0,0	4.8980637	0.9945451	2.6608438	2.100838	2.6691356	3.3443756	1.2508911	5.211787
chr6	70705000	70710000	chr6	70880000	70885000	0,0,0	8.6371765	1.0	2.7405586	4.7396464	5.986918	3.62102	2.0231214	7.834039
chr6	54715000	54720000	chr6	55240000	55245000	0,0,0	5.191217	0.9982351	2.129125	3.1265862	4.2803183	3.5611484	1.0483963	6.340336
chr6	106445000	106450000	chr6	106565000	106570000	0,0,0	8.288317	1.0	4.023836	2.7517536	4.7059093	5.1190386	1.5015821	7.5650415
chr6	9255000	9260000	chr6	9415000	9420000	0,0,0	4.320487	0.9898755	2.239952	1.9539521	2.4791095	2.8564265	0.7862532	4.5932727
chr6	610000	615000	chr6	1340000	1345000	0,0,0	5.5211062	0.99947506	2.273655	3.8733664	5.0048404	4.109985	1.8843157	7.5529776
chr6	85350000	85355000	chr6	85480000	85485000	0,0,0	9.32558	0.99991715	4.296538	4.166516	5.8370833	5.6961412	2.1664815	9.399711
chr6	44095000	44100000	chr6	44150000	44155000	0,0,0	5.5424066	0.996901	2.0737014	3.2838054	4.007617	2.8583298	1.1880233	5.777268
chr6	116285000	116290000	chr6	116555000	116560000	0,0,0	8.404931	0.99983567	3.4320676	4.354513	5.879136	4.8439364	1.857767	8.714615
chr6	125855000	125860000	chr6	125950000	125955000	0,0,0	7.385816	0.9994724	3.9062884	2.7818584	4.1651793	5.075187	1.6270201	7.54795
chr6	800000	805000	chr6	895000	900000	0,0,0	5.0971375	1.0	2.6984522	1.5149424	2.5548391	3.1580656	1.2242321	4.504681
chr6	42660000	42665000	chr6	42875000	42880000	0,0,0	7.990584	0.9998859	3.2617054	5.1168823	5.8373203	4.5311294	2.1010873	9.079469
chr6	790000	795000	chr6	1335000	1340000	0,0,0	9.439949	0.99999994	3.065279	10.800662	12.156028	7.038379	4.6982946	16.638968
chr6	39980000	39985000	chr6	40310000	40315000	0,0,0	5.084109	0.9962612	2.6961954	1.922683	3.1407201	3.8805187	1.2563791	5.58957
chr6	148570000	148575000	chr6	149430000	149435000	0,0,0	5.5308843	0.9979023	2.3648348	3.3012524	3.8657634	3.2330909	1.2829666	6.167537
chr6	46220000	46225000	chr6	46410000	46415000	0,0,0	5.1492033	0.9958503	2.159528	2.6707509	3.6409004	3.1112998	1.2905327	5.4853005
chr6	33745000	33750000	chr6	34040000	34045000	0,0,0	4.420376	0.99312544	2.1221952	2.4753094	2.8082237	2.7801666	1.3941518	4.9804416
chr6	11585000	11590000	chr6	12230000	12235000	0,0,0	5.3186765	0.99979264	2.0978396	4.3953543	5.827966	4.5749483	1.884018	8.48193
chr6	41420000	41425000	chr6	41595000	41600000	0,0,0	5.272603	0.999608	2.156725	3.892756	5.297447	4.3847656	2.3280582	7.844993
chr6	53170000	53175000	chr6	53480000	53485000	0,0,0	9.223083	0.9999973	3.4229763	5.989938	9.609423	7.5031095	3.0112326	12.827498
chr6	2450000	2455000	chr6	2630000	2635000	0,0,0	5.679168	0.998104	2.1374104	3.5320463	4.3423896	3.129056	1.7605077	6.2686524
chr6	30745000	30750000	chr6	30880000	30885000	0,0,0	7.040757	1.0	2.7963562	2.594573	3.3414392	2.6184337	1.3661718	4.924721
chr6	39360000	39365000	chr6	39890000	39895000	0,0,0	7.4782815	0.9997235	3.8929157	3.3913245	4.442657	5.1795225	1.4005075	8.194034
chr6	49450000	49455000	chr6	49605000	49610000	0,0,0	4.4159617	1.0	2.4480407	1.1147845	1.7949628	2.3873985	0.63205695	3.378318
chr6	110680000	110685000	chr6	111005000	111010000	0,0,0	4.359034	0.99138236	2.1787858	2.3134856	2.5589056	2.6980023	1.1019547	4.754434
chr6	24855000	24860000	chr6	25070000	25075000	0,0,0	5.3795257	0.99694175	2.5951068	2.0950785	3.6354942	3.928215	1.3478779	5.7905073
chr6	96895000	96900000	chr6	97055000	97060000	0,0,0	8.618691	1.0	3.1006234	4.3808928	5.5876374	3.8809886	1.8749222	7.7751155
chr6	36440000	36445000	chr6	36590000	36595000	0,0,0	4.947611	0.9967345	2.1056185	3.0984607	3.5890543	2.9707503	1.2915428	5.724938
chr6	42075000	42080000	chr6	42210000	42215000	0,0,0	9.689746	1.0	4.3920074	2.8028498	4.335528	4.224152	1.4296407	6.7155743
chr6	107675000	107680000	chr6	107845000	107850000	0,0,0	6.69537	1.0	2.0916283	3.5904732	4.849338	2.993057	1.3699098	6.1845884
chr6	18320000	18325000	chr6	18500000	18505000	0,0,0	12.584186	1.0	4.5092344	6.629157	8.583158	5.9741025	2.7188532	11.866687
chr6	42900000	42905000	chr6	43140000	43145000	0,0,0	9.721718	1.0	3.7061617	5.2716126	6.27904	4.534762	2.1915417	9.22064
chr6	55445000	55450000	chr6	55950000	55955000	0,0,0	6.1237965	0.99996835	2.7599409	5.0865927	6.350498	5.840748	2.1844485	10.362164
chr6	71380000	71385000	chr6	71510000	71515000	0,0,0	9.604009	1.0	3.8005857	4.263969	6.1809387	5.0142508	2.0837202	8.804445
chr6	141985000	141990000	chr6	142110000	142115000	0,0,0	9.181486	1.0	3.9794717	4.0615153	5.867886	5.312006	1.9274013	8.922241
chr6	112780000	112785000	chr6	113875000	113880000	0,0,0	6.9192667	0.9999899	3.6824815	4.3047185	6.2562847	7.677669	2.0310814	11.504086
chr6	137270000	137275000	chr6	137635000	137640000	0,0,0	5.210479	0.9974659	2.5016057	2.411114	3.6509705	3.8353224	1.4304606	5.9785347
chr6	87925000	87930000	chr6	88870000	88875000	0,0,0	7.7022066	1.0	3.0022593	3.5077224	4.885513	3.8455522	1.7725104	6.9635277
chr6	122605000	122610000	chr6	122725000	122730000	0,0,0	5.1137557	0.9974835	2.1728017	2.8177633	3.9697168	3.4808276	1.171222	5.985506
chr6	122490000	122495000	chr6	122720000	122725000	0,0,0	4.282309	1.0	2.2918286	1.56492	2.2007742	2.7165534	0.86247027	4.1075935
chr6	53170000	53175000	chr6	53435000	53440000	0,0,0	8.962193	0.9999979	3.2105694	7.988015	9.110711	5.968217	3.0946283	13.068674
chr6	131925000	131930000	chr6	132215000	132220000	0,0,0	10.372972	0.9999998	3.8493154	8.241184	11.198308	8.263554	3.2701292	15.58905
chr6	160520000	160525000	chr6	160665000	160670000	0,0,0	8.962686	1.0	4.3825383	2.1573186	3.0437582	3.2452474	1.2010343	5.1628637
chr6	133565000	133570000	chr6	133915000	133920000	0,0,0	14.618624	0.99999964	5.9850183	6.1002884	10.595203	9.364479	3.3184338	14.786958
chr10	43670000	43675000	chr10	44865000	44870000	0,0,0	8.733536	1.0	4.759907	2.5319185	3.6806002	4.7074313	1.6415175	6.9580255
chr10	62040000	62045000	chr10	62245000	62250000	0,0,0	7.843928	0.9998883	3.7427566	2.989378	5.940277	6.443682	1.8118931	9.100907
chr10	123990000	123995000	chr10	124385000	124390000	0,0,0	16.302868	0.99999994	6.004179	8.749762	12.312928	9.129233	3.5732756	16.9068
chr10	2925000	2930000	chr10	3040000	3045000	0,0,0	7.3450603	1.0	3.7242777	2.0163722	3.7796128	4.4236393	1.3119056	6.21597
chr10	21990000	21995000	chr10	22580000	22585000	0,0,0	5.51676	1.0	2.9311957	1.9773959	2.687787	3.2627518	1.2910074	5.0204372
chr10	60555000	60560000	chr10	60765000	60770000	0,0,0	4.969599	1.0	2.4474878	2.0588279	2.2227273	2.2710893	0.8117052	4.1011586
chr10	114465000	114470000	chr10	114700000	114705000	0,0,0	6.7181087	1.0	2.9848554	3.1604934	3.8277154	3.419026	1.251028	6.228353
chr10	36900000	36905000	chr10	37495000	37500000	0,0,0	6.876395	0.99962085	2.8864677	4.6797614	4.8028812	3.718683	1.7800436	7.8784714
chr10	96015000	96020000	chr10	96290000	96295000	0,0,0	7.055242	0.99922365	3.7005208	2.6441917	3.9986954	4.811232	1.3369255	7.161625
chr10	104040000	104045000	chr10	104210000	104215000	0,0,0	5.354362	0.9973902	2.2492821	2.7458165	4.0176854	3.5083776	1.2427787	5.9491034
chr10	12260000	12265000	chr10	13070000	13075000	0,0,0	8.72763	0.99998164	3.698115	5.5740185	7.033988	5.9523287	2.5274785	10.907012
chr10	53835000	53840000	chr10	54400000	54405000	0,0,0	7.574589	0.9998868	2.2066457	6.0220094	7.051615	3.734557	2.0128167	9.087454
chr10	62265000	62270000	chr10	62420000	62425000	0,0,0	4.8474803	1.0	2.8581069	1.2413337	1.5969454	2.3549128	0.75617677	3.4583206
chr10	95690000	95695000	chr10	95840000	95845000	0,0,0	6.6049523	0.9994512	2.7185893	3.9233577	4.941568	4.021183	1.3631074	7.5086126
chr10	63165000	63170000	chr10	63630000	63635000	0,0,0	5.0622606	0.9995753	2.3929303	3.7686162	4.513295	4.4150844	1.3514498	7.7649655
chr10	70220000	70225000	chr10	70360000	70365000	0,0,0	9.077986	0.99993247	4.287387	3.8715885	5.983419	6.162799	2.0219061	9.604211
chr10	103600000	103605000	chr10	103680000	103685000	0,0,0	5.590563	1.0	2.502904	1.9041133	2.750502	2.597957	0.8111916	4.290502
chr10	73525000	73530000	chr10	73645000	73650000	0,0,0	9.133738	0.99998397	3.743158	5.03489	7.663401	6.564741	2.7882912	11.040199
chr10	71315000	71320000	chr10	71695000	71700000	0,0,0	11.0021305	1.0	4.111215	5.8814077	7.404583	5.343236	3.087352	10.571154
chr10	123040000	123045000	chr10	123560000	123565000	0,0,0	12.108215	0.99999696	5.358305	5.495121	8.311847	7.8122387	3.7841785	12.696791
chr10	79535000	79540000	chr10	80045000	80050000	0,0,0	5.5756593	0.99793136	2.2597055	2.990097	4.249113	3.523643	1.5574266	6.181507
chr10	4810000	4815000	chr10	5430000	5435000	0,0,0	4.964004	0.99575824	2.5750415	2.6437318	2.786375	3.1133606	1.5078887	5.4633446
chr10	102915000	102920000	chr10	103065000	103070000	0,0,0	6.6306214	0.9996793	2.7629359	3.541048	5.5626354	4.8982935	1.5748684	8.045892
chr10	21075000	21080000	chr10	21265000	21270000	0,0,0	14.812108	1.0	4.8943834	7.440408	8.976473	5.5222836	2.7204545	12.135981
chr10	93075000	93080000	chr10	93510000	93515000	0,0,0	5.5795107	1.0	3.2521322	1.4538016	1.8298345	2.6305203	0.8464005	3.9227881
chr10	101160000	101165000	chr10	101565000	101570000	0,0,0	5.0735917	0.9974538	2.0054069	3.4975193	3.8958724	2.8648794	1.5350131	5.9737854
chr10	97790000	97795000	chr10	97865000	97870000	0,0,0	5.557773	1.0	2.5814638	2.4612052	3.4017313	3.3483458	1.1490455	5.5360837
chr10	87860000	87865000	chr10	88385000	88390000	0,0,0	10.378862	0.999993	3.277534	8.2179785	8.58711	4.570863	2.8803492	11.875732
chr10	52310000	52315000	chr10	52485000	52490000	0,0,0	6.5348277	0.9997894	2.495724	4.4004993	5.9763136	4.5548673	1.8503065	8.466422
chr10	36900000	36905000	chr10	37260000	37265000	0,0,0	5.1045046	1.0	2.5725782	2.1214957	2.7519584	3.0336683	1.1596491	4.919442
chr10	16840000	16845000	chr10	17430000	17435000	0,0,0	9.525739	1.0	4.1674914	3.9385784	4.4095397	3.7567062	1.568168	7.2576647
chr10	70550000	70555000	chr10	70885000	70890000	0,0,0	6.6893015	1.0	3.2667744	2.6350732	3.2091227	3.3199966	1.3124619	5.662284
chr10	49405000	49410000	chr10	49510000	49515000	0,0,0	11.190449	1.0	5.473691	3.759383	5.3772573	5.7497473	1.5820748	9.091421
chr10	87855000	87860000	chr10	88555000	88560000	0,0,0	7.8701634	1.0	3.8928518	2.9270802	4.359519	4.772527	2.3566833	7.374376
chr10	92085000	92090000	chr10	92435000	92440000	0,0,0	9.726238	0.99999726	3.7381833	6.43655	9.105081	7.089182	2.980629	12.810559
chr10	27760000	27765000	chr10	28240000	28245000	0,0,0	5.0456014	0.9972131	2.1313624	3.2862616	3.6665025	2.962332	1.6794447	5.8834534
chr10	58175000	58180000	chr10	58290000	58295000	0,0,0	10.340573	1.0	4.567602	3.2768002	5.4700165	5.2361703	1.3478241	8.148882
chr10	6005000	6010000	chr10	6400000	6405000	0,0,0	5.9381514	1.0	2.7920249	2.2217128	2.5575857	2.4565	0.94008785	4.431356
chr10	70925000	70930000	chr10	71205000	71210000	0,0,0	6.7529774	0.9992744	2.950527	2.8935895	4.913561	4.6571693	1.4099057	7.229249
chr10	28675000	28680000	chr10	29130000	29135000	0,0,0	7.9473867	0.9999885	3.5547903	6.3265505	6.6588097	5.7497034	2.4935818	11.373303
chr10	7525000	7530000	chr10	7685000	7690000	0,0,0	7.7774796	1.0	3.3933494	3.3104212	4.778066	4.361519	1.5319862	7.304116
chr10	90750000	90755000	chr10	90860000	90865000	0,0,0	5.6489944	1.0	2.7098498	1.6696215	2.9840977	3.2134202	0.8456891	4.6975284
chr10	103885000	103890000	chr10	104210000	104215000	0,0,0	10.062958	1.0	3.4206793	6.2463613	6.2944183	3.5788982	2.2502387	9.13122
chr10	101890000	101895000	chr10	102005000	102010000	0,0,0	5.1238155	0.99970084	2.399278	3.54955	4.967838	4.9602256	1.7232413	8.11538
chr10	23990000	23995000	chr10	24195000	24200000	0,0,0	9.485981	0.9999623	3.967537	4.0429463	7.236789	6.5916	2.2570302	10.18533
chr10	4850000	4855000	chr10	5085000	5090000	0,0,0	5.8009973	0.9976084	2.9006598	3.0924554	3.169464	3.2875721	1.465513	6.0364213
chr10	72250000	72255000	chr10	72320000	72325000	0,0,0	5.1555767	1.0	2.6673083	1.7730134	1.9426432	2.175583	0.698761	3.7515945
chr10	112475000	112480000	chr10	113380000	113385000	0,0,0	7.1167483	1.0	3.7032125	3.0679076	3.1690435	3.548232	1.3231349	6.2752614
chr10	70810000	70815000	chr10	70880000	70885000	0,0,0	6.0105586	1.0	3.182197	2.2481623	3.0560179	3.6868427	0.84072524	5.685209
chr10	119200000	119205000	chr10	119415000	119420000	0,0,0	4.9368587	0.9957948	2.9453871	2.1419501	2.3779943	3.5680418	0.83414495	5.4719973
chr10	35635000	35640000	chr10	36725000	36730000	0,0,0	7.4969244	0.9998926	2.2666671	6.4543295	6.736094	3.4027188	2.3255372	9.1399
chr10	116795000	116800000	chr10	117175000	117180000	0,0,0	19.243883	1.0	7.5067315	10.806374	14.891084	11.689616	4.0273423	21.29528
chr10	131885000	131890000	chr10	132020000	132025000	0,0,0	9.044468	1.0	3.5048127	3.971639	4.711265	3.4675272	1.847291	6.997873
chr10	114470000	114475000	chr10	114785000	114790000	0,0,0	5.6865764	0.99735415	2.7465703	1.9889933	3.8002558	4.1673894	0.9571139	5.9353833
chr10	57335000	57340000	chr10	57655000	57660000	0,0,0	5.030607	0.99374074	2.7955585	1.7465335	2.649275	3.5217485	0.8328531	5.0742226
chr10	21280000	21285000	chr10	21485000	21490000	0,0,0	5.943295	1.0	3.1832838	2.1182182	2.835357	3.4842968	1.1147974	5.3671575
chr10	25110000	25115000	chr10	25225000	25230000	0,0,0	6.3239117	1.0	2.3434393	2.825021	3.425398	2.408006	1.0227238	4.919136
chr10	6415000	6420000	chr10	6665000	6670000	0,0,0	5.9098277	1.0	3.5437658	1.5421479	2.0561752	3.1487274	0.90422475	4.5195255
chr10	94280000	94285000	chr10	94440000	94445000	0,0,0	5.9182973	1.0	2.6491172	2.2704139	3.1013887	2.890424	1.2083368	4.90857
chr10	53995000	54000000	chr10	54400000	54405000	0,0,0	6.6000996	1.0	2.4764936	3.7940583	4.388847	3.0665143	1.3886565	6.4390106
chr10	98165000	98170000	chr10	98310000	98315000	0,0,0	6.424112	1.0	2.7056577	2.5314527	3.4979742	3.0169632	1.4479551	5.2671432
chr10	21285000	21290000	chr10	21730000	21735000	0,0,0	6.943928	1.0	3.1986017	2.330971	3.649247	3.6410713	1.1952004	5.713045
chr10	62595000	62600000	chr10	63080000	63085000	0,0,0	4.830369	0.99943733	2.0096161	3.7583513	4.9492097	4.14289	1.8775216	7.4836473
chr10	100340000	100345000	chr10	100430000	100435000	0,0,0	12.318089	0.9999984	4.1083593	7.354435	10.2311735	6.818571	2.8364139	13.355846
chr10	27555000	27560000	chr10	28240000	28245000	0,0,0	9.8251915	1.0	3.1100507	5.190821	7.1644773	4.5251894	1.987893	9.139253
chr10	70550000	70555000	chr10	70755000	70760000	0,0,0	8.279823	0.9999746	3.1865716	5.5564985	7.393857	5.644084	2.7258403	10.583194
chr10	116680000	116685000	chr10	117175000	117180000	0,0,0	7.1318183	0.99930197	3.258213	3.1169	4.6096253	4.4974174	1.8000721	7.267995
chr10	98465000	98470000	chr10	99245000	99250000	0,0,0	5.865396	0.99964505	2.6397886	4.0254483	4.813716	4.3662043	1.7041484	7.9443803
chr10	41845000	41850000	chr10	42090000	42095000	0,0,0	102.48488	1.0	16.882195	26.17604	31.07903	10.574	11.052386	33.84159
chr10	23315000	23320000	chr10	23700000	23705000	0,0,0	5.407157	0.99814874	2.5716877	2.6552138	3.8282762	3.932366	1.5282298	6.2925553
chr10	22005000	22010000	chr10	22315000	22320000	0,0,0	5.026626	1.0	2.3055775	2.5426185	2.964048	2.747272	1.1258821	5.007377
chr10	24640000	24645000	chr10	25080000	25085000	0,0,0	7.9884124	0.9999825	3.1199813	5.5085297	7.674195	6.054978	2.306168	10.951448
chr10	72360000	72365000	chr10	72870000	72875000	0,0,0	7.3824987	0.9999251	3.6005836	3.9997063	5.6040673	5.9443893	2.434804	9.499684
chr10	119750000	119755000	chr10	119855000	119860000	0,0,0	5.6255984	0.99805576	2.5404246	3.0253007	3.8374362	3.5543692	1.3973984	6.2435255
chr10	96025000	96030000	chr10	96340000	96345000	0,0,0	6.652827	1.0	2.9613142	2.649509	3.4175417	3.1146696	1.6020378	5.4697886
chr10	110310000	110315000	chr10	110545000	110550000	0,0,0	8.336791	0.99999624	4.1093774	4.9065633	7.451644	8.1399145	2.206959	12.501304
chr10	113800000	113805000	chr10	114100000	114105000	0,0,0	7.773999	0.99999416	3.4368134	5.209841	7.8987637	7.4182262	2.3278408	12.049196
chr10	91490000	91495000	chr10	91635000	91640000	0,0,0	6.938758	0.99963206	2.8130379	3.641551	5.526464	4.6714215	1.6927676	7.9083557
chr10	68080000	68085000	chr10	68155000	68160000	0,0,0	5.800578	0.99857116	2.3300858	3.6037865	4.322817	3.3482084	1.3449696	6.551574
chr10	21995000	22000000	chr10	22420000	22425000	0,0,0	5.6713905	0.9970431	2.570263	3.083557	3.434305	3.0832772	1.0226333	5.8242164
chr10	117495000	117500000	chr10	118240000	118245000	0,0,0	13.379331	0.99999994	5.1310687	8.804572	11.567276	8.752201	3.728116	16.578487
chr10	100450000	100455000	chr10	100880000	100885000	0,0,0	5.1053834	1.0	2.3330474	2.673204	2.7782493	2.4735374	1.3512849	4.849719
chr10	49590000	49595000	chr10	49895000	49900000	0,0,0	5.4014735	0.9983805	2.1193159	3.1143177	4.5442014	3.6579945	1.546976	6.426277
chr10	27445000	27450000	chr10	27650000	27655000	0,0,0	7.1359444	0.9993494	2.7121851	4.2504826	4.9829617	3.5601654	1.6621643	7.3383718
chr10	87860000	87865000	chr10	88110000	88115000	0,0,0	5.394296	1.0	2.3274612	2.4636316	3.1907957	2.7886584	0.96941596	4.978553
chr10	6200000	6205000	chr10	6395000	6400000	0,0,0	9.229771	1.0	3.386755	5.408327	6.2664356	4.2615113	2.5578506	9.068913
chr10	80140000	80145000	chr10	80220000	80225000	0,0,0	10.458685	0.9999734	3.7414238	5.7637744	7.692542	5.4137607	2.1004398	10.537116
chr10	59235000	59240000	chr10	59580000	59585000	0,0,0	6.865041	0.99977416	3.0956209	3.523035	5.4421115	5.2649455	1.8790377	8.396532
chr10	89260000	89265000	chr10	89560000	89565000	0,0,0	8.136188	1.0	3.144534	4.05338	5.0854597	3.8162007	1.7831137	7.4192047
chr10	60815000	60820000	chr10	61280000	61285000	0,0,0	8.609007	1.0	3.461297	3.260796	5.966581	5.232814	1.69948	8.131299
chr10	17605000	17610000	chr10	17740000	17745000	0,0,0	6.5601153	0.9990215	3.221577	2.458053	4.2816863	4.7452173	1.150014	6.9301534
chr10	60100000	60105000	chr10	60205000	60210000	0,0,0	9.743433	1.0	3.9832783	4.448912	5.3436494	4.2384505	1.6931093	8.193039
chr10	30390000	30395000	chr10	30530000	30535000	0,0,0	6.619481	0.99973816	2.499609	4.284715	5.879219	4.4399586	2.411094	8.248594
chr10	58775000	58780000	chr10	59180000	59185000	0,0,0	6.370832	0.9996482	3.0199432	3.4857848	4.7934713	4.854915	1.8884572	7.9533906
chr10	73885000	73890000	chr10	74100000	74105000	0,0,0	5.4833746	0.9961489	2.6081548	2.74865	3.180954	3.116717	1.3865563	5.559962
chr10	57335000	57340000	chr10	58065000	58070000	0,0,0	5.4866366	0.9972335	2.4398184	2.2553844	3.9836411	3.8860083	1.3551	5.8907943
chr10	125980000	125985000	chr10	126505000	126510000	0,0,0	6.6173487	0.99966663	3.115006	3.0431457	5.100161	5.302115	2.1275077	8.0071335
chr10	63160000	63165000	chr10	63715000	63720000	0,0,0	6.7349133	0.9999865	2.875512	5.0318737	7.528466	6.7452435	2.6189725	11.2180195
chr10	86395000	86400000	chr10	86585000	86590000	0,0,0	13.571759	1.0	4.5289836	6.9932055	8.948021	5.7373466	3.003881	11.953529
chr10	62595000	62600000	chr10	63155000	63160000	0,0,0	5.391428	0.99818915	2.4706292	2.9606218	3.8649058	3.6829593	1.8820373	6.3146234
chr10	79525000	79530000	chr10	80230000	80235000	0,0,0	16.600882	1.0	4.99876	7.3116794	10.111527	6.1081014	4.111596	12.607372
chr10	93915000	93920000	chr10	94315000	94320000	0,0,0	6.843525	0.9999434	2.8201916	5.3002863	6.3340154	5.0689135	2.4410515	9.780279
chr10	69510000	69515000	chr10	69635000	69640000	0,0,0	12.714255	1.0	4.112839	6.4463334	8.523447	5.3824735	2.57699	11.112548
chr10	11515000	11520000	chr10	11755000	11760000	0,0,0	6.8202896	0.9996556	3.954831	2.9461486	3.7619324	5.3557453	1.8819932	7.974544
chr10	92515000	92520000	chr10	92880000	92885000	0,0,0	7.250751	1.0	3.0091028	2.655913	3.4729679	2.8915327	1.4100803	5.252344
chr10	27555000	27560000	chr10	28385000	28390000	0,0,0	6.3955793	1.0	3.6161432	1.6997443	2.4717202	3.3807	0.90855837	4.891584
chr10	48980000	48985000	chr10	49510000	49515000	0,0,0	7.709212	1.0	3.3945236	3.082728	4.183206	3.8059077	1.7206502	6.5461106
chr10	4815000	4820000	chr10	5280000	5285000	0,0,0	7.1936474	1.0	3.2416542	3.0470374	3.904274	3.6147118	1.3181727	6.3231893
chr10	123580000	123585000	chr10	123965000	123970000	0,0,0	27.414936	1.0	7.6436954	17.483341	22.226664	11.941428	5.70459	27.482174
chr10	131455000	131460000	chr10	131785000	131790000	0,0,0	6.4163947	0.99905944	2.4604075	3.6924765	4.868075	3.6875567	1.7107561	6.9697585
chr10	70905000	70910000	chr10	71285000	71290000	0,0,0	9.560168	1.0	4.439954	2.9657977	4.4881077	4.4989147	2.1887252	7.1351795
chr10	31830000	31835000	chr10	32205000	32210000	0,0,0	7.598456	1.0	3.1941044	3.8321705	4.7573934	3.9620683	1.9293131	7.368442
chr10	93375000	93380000	chr10	93480000	93485000	0,0,0	12.559945	1.0	5.4506984	5.217142	8.056755	7.4217353	2.7504838	12.059195
chr10	72360000	72365000	chr10	72835000	72840000	0,0,0	7.982734	0.9999691	3.7937226	4.325346	6.353554	6.541703	2.1850166	10.386456
chr10	114470000	114475000	chr10	114545000	114550000	0,0,0	6.7701626	1.0	2.402944	3.7097583	4.2321467	2.7416363	1.4389975	6.039199
chr10	89425000	89430000	chr10	89560000	89565000	0,0,0	10.031116	1.0	4.5439677	4.0161467	5.9007864	5.683387	1.8792096	9.253295
chr10	22570000	22575000	chr10	22980000	22985000	0,0,0	5.3104515	0.9984171	2.7075276	2.3611352	3.7585921	4.350371	1.4058894	6.4491577
chr10	87535000	87540000	chr10	87765000	87770000	0,0,0	6.3779774	1.0	2.8322256	2.9568024	3.656334	3.2828908	1.5754788	5.9111595
chr10	95130000	95135000	chr10	95365000	95370000	0,0,0	6.0343738	1.0	2.9381318	2.5130591	3.2260358	3.3573563	1.3284478	5.5911865
chr10	93005000	93010000	chr10	93510000	93515000	0,0,0	12.916005	1.0	3.936442	5.584636	5.9068546	3.044005	1.832425	8.008126
chr10	6105000	6110000	chr10	6400000	6405000	0,0,0	11.110559	1.0	5.0580173	4.873493	6.2629094	5.888696	2.2686965	10.22069
chr10	109880000	109885000	chr10	110135000	110140000	0,0,0	7.931057	1.0	3.1265602	3.3435948	3.4143882	2.4013925	1.2773004	5.3734765
chr10	93550000	93555000	chr10	93680000	93685000	0,0,0	5.9244623	1.0	3.0344627	2.045753	3.3538313	3.9237583	1.0383433	5.742205
chr10	92885000	92890000	chr10	93505000	93510000	0,0,0	9.885473	1.0	4.0096617	3.1731055	4.36924	3.5922835	1.2248008	6.412822
chr10	19820000	19825000	chr10	20765000	20770000	0,0,0	6.9475675	0.9996151	3.3873854	3.5690386	4.5114517	4.6907926	1.4204292	7.863271
chr10	98465000	98470000	chr10	99170000	99175000	0,0,0	7.6847844	0.9997147	2.6732564	4.646025	5.994596	4.033016	1.6579064	8.162816
chr10	132220000	132225000	chr10	132345000	132350000	0,0,0	5.7434063	1.0	3.0333118	1.5878083	2.5083532	3.067563	1.3311838	4.478948
chr10	67665000	67670000	chr10	67780000	67785000	0,0,0	5.7633667	1.0	2.2987769	2.708232	3.498148	2.7586167	0.9936351	5.165934
chr10	33015000	33020000	chr10	33150000	33155000	0,0,0	5.2714214	1.0	2.9042306	1.2740879	2.2748106	3.0174391	0.7990553	4.149962
chr10	16840000	16845000	chr10	17255000	17260000	0,0,0	15.402784	0.99999994	6.5881667	9.04217	10.622864	8.898672	3.2574704	16.936157
chr10	4850000	4855000	chr10	5380000	5385000	0,0,0	5.262032	0.99974054	2.2985373	3.7923837	5.3703904	4.886699	1.6763484	8.257708
chr10	78660000	78665000	chr10	79195000	79200000	0,0,0	4.7954764	0.992516	2.5293784	2.0846648	2.5722907	3.0424542	1.1141237	4.8954897
chr10	92885000	92890000	chr10	93285000	93290000	0,0,0	5.550017	0.9973733	2.2839603	2.9444172	3.992012	3.325372	1.2043699	5.9426317
chr10	51000000	51005000	chr10	52210000	52215000	0,0,0	5.2765026	0.99786276	2.980738	2.39892	2.98073	4.0164895	1.2250156	6.148863
chr10	11515000	11520000	chr10	11720000	11725000	0,0,0	8.980942	0.999993	3.6921964	4.9228263	8.461944	7.495648	3.1064434	11.871493
chr10	58950000	58955000	chr10	59620000	59625000	0,0,0	5.269236	1.0	2.3680918	2.3490107	2.4230757	2.0938451	1.0606688	4.1818547
chr10	74260000	74265000	chr10	75100000	75105000	0,0,0	10.512048	0.9999991	4.7001657	6.2121897	8.954553	8.439199	2.963745	13.961146
chr10	47025000	47030000	chr10	47310000	47315000	0,0,0	6.060134	0.99846	3.827708	1.7996013	2.8280954	4.876983	1.0652826	6.476629
chr10	9335000	9340000	chr10	11265000	11270000	0,0,0	6.863893	1.0	3.202611	3.2170672	3.5687659	3.3522298	1.7930745	6.2118454
chr10	79530000	79535000	chr10	79925000	79930000	0,0,0	5.311068	0.99598247	2.4718926	2.7495408	3.2339976	3.073617	1.1154525	5.517653
chr10	71310000	71315000	chr10	71605000	71610000	0,0,0	5.189191	0.99595726	2.173239	2.7478857	3.6310875	3.0688355	1.3362029	5.5114007
chr10	5440000	5445000	chr10	5620000	5625000	0,0,0	12.282752	0.9999972	4.9653263	6.1367226	8.839525	7.3375344	2.924363	12.792399
chr10	127905000	127910000	chr10	128010000	128015000	0,0,0	5.662488	0.9980461	2.499381	2.833043	4.0286465	3.7203043	1.097702	6.238565
chr10	115170000	115175000	chr10	115415000	115420000	0,0,0	5.868893	1.0	2.3699408	3.392804	3.6314387	2.7035596	1.2872074	5.719385
chr10	74260000	74265000	chr10	75025000	75030000	0,0,0	6.6297216	0.99989307	3.5619097	3.3383436	4.9424806	6.1770115	2.4278808	9.144427
chr10	114550000	114555000	chr10	114700000	114705000	0,0,0	7.687766	0.99987656	3.7365167	3.522077	5.467161	5.8699565	1.971274	9.000691
chr10	84260000	84265000	chr10	84535000	84540000	0,0,0	13.947029	1.0	4.881286	5.9910383	8.4209585	5.915256	2.6489942	11.240623
chr10	21990000	21995000	chr10	23075000	23080000	0,0,0	7.067136	1.0	3.897632	2.7906594	2.98656	3.7724872	1.7121931	6.253073
chr10	34665000	34670000	chr10	34985000	34990000	0,0,0	8.219261	1.0	4.3404055	2.9996476	4.390843	5.322299	1.6665895	7.9886527
chr10	67695000	67700000	chr10	67775000	67780000	0,0,0	7.545811	1.0	2.7132719	3.59185	4.173092	2.7722838	1.4140764	5.9650393
chr10	28660000	28665000	chr10	29305000	29310000	0,0,0	6.6136603	0.9999252	3.5316741	3.4219725	5.2072144	6.4595757	2.6344414	9.501329
chr10	25725000	25730000	chr10	26265000	26270000	0,0,0	5.7783265	0.99944144	2.7874534	3.7831478	4.1667514	4.1281486	1.7811984	7.4909463
chr10	60440000	60445000	chr10	60645000	60650000	0,0,0	6.939892	1.0	3.3875153	2.39226	3.9089937	4.256475	1.5938253	6.3829284
chr10	46760000	46765000	chr10	47575000	47580000	0,0,0	24.35498	1.0	4.2746367	62.49611	71.60901	24.289778	22.453678	79.84188
chr10	87655000	87660000	chr10	87770000	87775000	0,0,0	7.790245	0.9996899	2.966735	4.551322	5.540722	4.033681	1.9766785	8.079301
chr10	113700000	113705000	chr10	114100000	114105000	0,0,0	6.125821	0.9990751	2.967903	2.7967496	4.2291684	4.5005417	1.6347685	6.9865417
chr10	116685000	116690000	chr10	116785000	116790000	0,0,0	5.069737	1.0	2.4733806	1.8091705	3.0190606	3.2951746	0.93181777	4.9033265
chr10	123130000	123135000	chr10	123555000	123560000	0,0,0	5.40418	0.9986364	3.055623	2.3749204	3.2930243	4.487283	1.4685725	6.5983233
chr10	115705000	115710000	chr10	116385000	116390000	0,0,0	5.5867825	0.9995737	2.2666345	3.9940612	5.209738	4.210851	1.8788985	7.761128
chr10	103710000	103715000	chr10	103860000	103865000	0,0,0	10.509662	1.0	5.1022334	3.351878	6.2383447	6.864958	2.1600525	9.844405
chr10	7870000	7875000	chr10	9300000	9305000	0,0,0	12.505698	0.99999976	4.8016944	8.431869	10.353688	7.641306	3.2112725	15.1363
chr10	31860000	31865000	chr10	32205000	32210000	0,0,0	7.096196	0.9993611	2.6301947	3.8772845	5.2955074	3.9100752	1.5246747	7.3565507
chr10	132455000	132460000	chr10	132635000	132640000	0,0,0	15.03242	1.0	4.7604165	6.7058883	10.379895	6.901375	3.2505088	12.8621645
chr10	112530000	112535000	chr10	112950000	112955000	0,0,0	8.3253	0.9999555	2.9133735	5.2752566	7.540333	5.3313694	2.6157582	10.020486
chr10	11425000	11430000	chr10	11760000	11765000	0,0,0	8.937112	1.0	4.8928485	2.5389063	3.5482657	4.5568337	1.326131	6.813639
chr10	110135000	110140000	chr10	110275000	110280000	0,0,0	10.7276745	1.0	5.599178	2.7358603	4.664912	5.644517	1.456994	8.076393
chr10	30745000	30750000	chr10	31485000	31490000	0,0,0	4.8322077	0.9987033	2.4560397	3.2030833	3.5068223	3.8014157	1.4704373	6.6486006
chr10	25875000	25880000	chr10	26270000	26275000	0,0,0	6.4378004	0.9998375	3.0559745	4.08891	5.1177716	5.0913954	2.0157566	8.725982
chr10	17290000	17295000	chr10	17430000	17435000	0,0,0	10.4852495	0.99997526	4.234961	4.901992	7.4294395	6.2507052	2.3005142	10.608031
chr10	15900000	15905000	chr10	16545000	16550000	0,0,0	6.8237805	1.0	2.89943	3.8597703	4.0572023	3.2318327	1.5636945	6.6627393
chr10	15900000	15905000	chr10	16775000	16780000	0,0,0	8.250444	0.9999317	4.082472	4.2590714	5.44255	5.8070164	1.3964068	9.592857
chr10	89255000	89260000	chr10	89385000	89390000	0,0,0	6.3801646	1.0	3.2833614	2.6963453	3.0256836	3.3704178	1.5034466	5.7671695
chr10	26890000	26895000	chr10	27355000	27360000	0,0,0	17.493656	1.0	3.9332147	15.454483	18.140495	7.619923	5.9779205	21.357243
chr10	35120000	35125000	chr10	35215000	35220000	0,0,0	7.1995797	1.0	2.7133431	3.1587486	4.590435	3.529121	1.7563947	6.3368974
chr10	104400000	104405000	chr10	104615000	104620000	0,0,0	5.8576803	0.9974337	3.2277508	2.2290914	3.070654	3.9845097	1.4927405	5.9659243
chr10	100515000	100520000	chr10	100875000	100880000	0,0,0	5.933369	0.9991811	1.9546841	4.528217	5.183629	3.0832233	1.4470967	7.108305
chr10	90910000	90915000	chr10	91250000	91255000	0,0,0	7.0382566	0.9997253	3.2405956	3.0438664	5.3918085	5.494871	1.7394047	8.200531
chr10	57715000	57720000	chr10	58065000	58070000	0,0,0	5.508733	0.9993717	2.890697	2.7652311	4.092611	4.915253	1.9111959	7.373236
chr10	95430000	95435000	chr10	95600000	95605000	0,0,0	7.5775433	0.99995625	3.0414517	5.617053	6.580123	5.0446606	2.530031	10.037597
chr10	132935000	132940000	chr10	133120000	133125000	0,0,0	6.7158694	1.0	2.6541693	3.209832	4.577543	3.6891937	1.3618189	6.5423775
chr10	124025000	124030000	chr10	124385000	124390000	0,0,0	5.5034266	0.9988903	2.956831	2.9206254	3.4593356	4.208246	1.6073042	6.804358
chr10	52640000	52645000	chr10	52725000	52730000	0,0,0	7.6000314	1.0	3.1186225	3.6419835	4.979657	4.143952	1.6666564	7.3812704
chr10	30390000	30395000	chr10	30590000	30595000	0,0,0	6.277999	0.99962777	2.922446	3.2620554	4.9639163	4.9971414	1.4132589	7.8967466
chr10	60445000	60450000	chr10	60755000	60760000	0,0,0	7.070497	1.0	3.2572753	2.9914668	3.383078	3.1305635	1.1809576	5.789645
chr10	99840000	99845000	chr10	100045000	100050000	0,0,0	10.127352	0.99999875	3.3366864	8.597328	9.947248	5.9552655	4.2665052	13.597335
chr10	3195000	3200000	chr10	4655000	4660000	0,0,0	5.561439	0.99882567	2.3964374	3.7354712	4.1324925	3.4273612	1.3873025	6.7477803
chr10	50190000	50195000	chr10	50745000	50750000	0,0,0	80.93266	1.0	21.13138	31.96474	40.853714	20.815495	16.09085	49.2286
chr10	48655000	48660000	chr10	49160000	49165000	0,0,0	5.9357142	1.0	2.5218768	2.7585454	3.3358765	2.794893	1.2255563	5.2469335
chr10	95375000	95380000	chr10	95600000	95605000	0,0,0	7.2898173	0.9998079	3.2259486	3.7847855	5.5623016	5.1940317	1.7752359	8.558286
chr10	64730000	64735000	chr10	66180000	66185000	0,0,0	6.4824023	0.9988608	2.8180845	3.2742443	4.349536	3.8676496	1.7122961	6.778089
chr10	77170000	77175000	chr10	77640000	77645000	0,0,0	15.34863	1.0	6.2432036	8.2266865	13.446826	11.631664	4.0909753	18.944275
chr10	20855000	20860000	chr10	21270000	21275000	0,0,0	13.73972	1.0	4.948688	4.708251	6.2319837	4.403331	2.1820073	8.588443
chr10	95185000	95190000	chr10	95360000	95365000	0,0,0	5.1276193	0.99675965	3.0712671	1.5208019	2.8317885	4.3808546	1.1161635	5.7326784
chr10	33325000	33330000	chr10	34635000	34640000	0,0,0	14.144648	1.0	5.9179816	5.3080626	8.101378	7.1169105	2.6253245	11.835187
chr10	102225000	102230000	chr10	102400000	102405000	0,0,0	6.1656384	0.999966	2.1525881	6.3371625	7.2975874	4.658289	2.69102	10.291323
chr10	26335000	26340000	chr10	26555000	26560000	0,0,0	11.690371	0.99999976	4.3155017	8.533329	10.711238	7.609968	3.5126755	15.195149
chr10	91640000	91645000	chr10	91910000	91915000	0,0,0	6.7525673	1.0	2.9282684	2.2560694	3.1678116	2.8491201	0.99168277	4.854515
chr10	21750000	21755000	chr10	21950000	21955000	0,0,0	7.0387683	1.0	2.7776625	3.4851727	3.6969647	2.6527247	1.4113748	5.750656
chr10	110135000	110140000	chr10	110220000	110225000	0,0,0	5.768536	0.9985132	2.3525567	3.5646977	4.2428412	3.3431807	1.4042785	6.511801
chr10	59830000	59835000	chr10	60025000	60030000	0,0,0	4.9016767	0.9943012	2.4307475	1.8558278	3.1427157	3.5184157	1.168169	5.1680403
chr10	59630000	59635000	chr10	59810000	59815000	0,0,0	5.104998	1.0	2.5662549	2.2023253	2.6713135	2.8973105	1.2616897	4.8549333
chr10	120935000	120940000	chr10	121735000	121740000	0,0,0	7.515659	0.9999812	3.4861379	5.052406	6.591065	6.3922176	2.560784	10.8832445
chr10	71310000	71315000	chr10	71570000	71575000	0,0,0	5.721455	0.9978348	2.77326	2.632821	3.6238115	3.7955928	1.3763853	6.1358786
chr10	114300000	114305000	chr10	114455000	114460000	0,0,0	5.3187437	1.0	2.5424035	2.4888785	3.0151026	3.0101736	0.914489	5.22251
chr10	4850000	4855000	chr10	5280000	5285000	0,0,0	8.210331	0.999996	2.846974	7.266281	9.050752	5.9678006	3.0227504	12.426718
chr10	50555000	50560000	chr10	50650000	50655000	0,0,0	5.221895	1.0	2.0831316	2.331418	3.153751	2.5267935	1.1908077	4.599165
chr10	58775000	58780000	chr10	59240000	59245000	0,0,0	4.9317446	0.9959039	2.791697	2.2874563	2.5842257	3.4649954	1.402879	5.4982896
chr10	110305000	110310000	chr10	110600000	110605000	0,0,0	8.16727	0.99999577	3.1764863	6.861486	8.388145	6.2793097	3.2574499	12.378408
chr10	77385000	77390000	chr10	77640000	77645000	0,0,0	6.728975	0.9997819	2.3684785	5.01206	6.030926	3.976164	2.0740967	8.431329
chr10	43290000	43295000	chr10	43460000	43465000	0,0,0	8.862814	1.0	4.2772512	2.1263387	3.2801392	3.4824622	1.2961057	5.3725405
chr10	7525000	7530000	chr10	9300000	9305000	0,0,0	10.976033	1.0	5.19576	3.950015	6.736994	7.0764127	1.8889974	10.587538
chr10	124525000	124530000	chr10	124740000	124745000	0,0,0	5.2918067	0.9956942	2.2986577	2.498171	3.5660746	3.2277706	1.1020422	5.448367
chr10	35635000	35640000	chr10	36780000	36785000	0,0,0	8.386878	0.99999344	3.5308452	5.698313	7.947318	6.868685	3.0284717	11.933852
chr10	28675000	28680000	chr10	28990000	28995000	0,0,0	6.3585815	0.9999006	2.8365707	4.5733733	5.690325	5.151783	2.1068153	9.217004
chr10	88835000	88840000	chr10	88930000	88935000	0,0,0	7.2464814	0.999349	3.4338012	3.3680472	4.3482985	4.3439016	1.6052812	7.337722
chr10	112475000	112480000	chr10	113520000	113525000	0,0,0	7.952252	0.9999475	3.0947812	5.746916	6.532944	4.74724	2.7133312	9.855609
chr10	15880000	15885000	chr10	16800000	16805000	0,0,0	6.977264	0.9996754	3.503716	3.4046774	4.546857	5.007326	1.4918953	8.033706
chr10	28625000	28630000	chr10	29295000	29300000	0,0,0	5.5671573	0.9998403	2.5742855	4.6554747	5.016653	4.6052146	2.2812166	8.743415
chr10	61900000	61905000	chr10	62240000	62245000	0,0,0	7.3297496	1.0	3.6492317	2.1252184	4.0489597	4.6259174	1.827189	6.5150003
chr10	21990000	21995000	chr10	22985000	22990000	0,0,0	8.333477	0.9999794	4.6030126	2.4159493	6.339537	8.643127	1.8595132	10.790638
chr10	67850000	67855000	chr10	68205000	68210000	0,0,0	5.0624967	0.9995735	2.4260788	3.5683162	4.530836	4.5889077	1.8371786	7.7607446
chr10	79560000	79565000	chr10	79930000	79935000	0,0,0	5.9543815	0.99835384	2.6440465	3.3276095	3.9043539	3.4520998	1.439181	6.4099746
chr10	95245000	95250000	chr10	95360000	95365000	0,0,0	9.782356	0.99996746	3.4615467	6.235675	7.3149753	4.7907915	2.1308339	10.333613
chr10	3195000	3200000	chr10	4765000	4770000	0,0,0	10.324178	0.9999995	3.7413015	7.8859715	10.541295	7.5286503	3.2597616	14.5384035
chr10	17610000	17615000	chr10	18220000	18225000	0,0,0	5.321892	0.997777	2.6187253	2.7605512	3.4685311	3.6557117	1.7086483	6.1095347
chr10	79370000	79375000	chr10	79500000	79505000	0,0,0	7.702706	1.0	3.5468912	2.621223	3.4348888	3.2992563	1.0940729	5.6292324
chr10	91755000	91760000	chr10	91910000	91915000	0,0,0	12.54207	0.9999983	4.2123833	7.957478	9.808956	6.213235	3.071391	13.286549
chr10	112140000	112145000	chr10	112435000	112440000	0,0,0	8.192137	1.0	4.7918015	1.415041	2.6966503	3.9910688	0.92768896	5.2488832
chr10	23310000	23315000	chr10	23525000	23530000	0,0,0	5.73459	0.9989761	3.0533888	2.46809	3.7956629	4.6910114	1.145536	6.884869
chr10	70460000	70465000	chr10	70535000	70540000	0,0,0	7.272448	1.0	2.7130342	3.9084287	4.4268737	3.0398202	1.3000263	6.513979
chr10	102835000	102840000	chr10	103480000	103485000	0,0,0	5.1794977	0.9982975	2.1655169	3.2069535	4.194044	3.5256848	1.9882154	6.3763103
chr10	13655000	13660000	chr10	13775000	13780000	0,0,0	8.527704	1.0	3.3542902	3.5574925	5.5912848	4.612852	2.0915267	7.7750673
chr10	45680000	45685000	chr10	45840000	45845000	0,0,0	20.151077	1.0	4.6746035	11.612969	14.722712	6.784531	4.9004564	17.10717
chr10	23990000	23995000	chr10	24510000	24515000	0,0,0	7.7735863	1.0	3.9718926	2.2465081	4.05793	4.7834725	1.1541846	6.780369
chr10	87655000	87660000	chr10	87735000	87740000	0,0,0	6.61544	0.99917686	2.8378038	3.3063684	4.6845245	4.1641536	1.4940284	7.103148
chr10	35630000	35635000	chr10	36875000	36880000	0,0,0	8.628667	0.99995565	3.0353956	5.9843135	7.160526	4.7045536	2.9448512	10.023943
chr10	88685000	88690000	chr10	88805000	88810000	0,0,0	6.7689896	1.0	3.1473923	2.8356571	4.165694	4.1584244	1.4388793	6.6790085
chr10	120940000	120945000	chr10	121660000	121665000	0,0,0	6.13798	0.9999061	1.9249866	5.994124	6.949593	3.9464154	2.3809347	9.274526
chr10	110300000	110305000	chr10	110675000	110680000	0,0,0	4.8029695	1.0	2.6197689	1.7322098	2.0059636	2.5040693	1.2561518	4.043812
chr10	21495000	21500000	chr10	21730000	21735000	0,0,0	5.1319723	0.99799526	2.2027218	2.6920996	4.194917	3.8199072	1.3756233	6.212885
chr10	15430000	15435000	chr10	15720000	15725000	0,0,0	7.373586	0.9995071	4.195529	2.394108	3.9319844	5.48801	1.4509639	7.6161065
chr10	120950000	120955000	chr10	121605000	121610000	0,0,0	6.066514	0.99972886	2.406388	4.7116995	5.3872867	4.025545	2.1827326	8.213722
chr10	84610000	84615000	chr10	84740000	84745000	0,0,0	4.9152503	0.9932924	2.4549391	1.89062	2.969141	3.324477	0.7781188	5.005028
chr10	118565000	118570000	chr10	118715000	118720000	0,0,0	11.09873	0.99998677	4.056225	5.972545	8.150914	5.9242215	2.43436	11.2331505
chr10	110740000	110745000	chr10	110890000	110895000	0,0,0	7.711116	0.99980074	3.1784813	4.246503	5.7035537	4.7471247	2.1978116	8.521793
chr10	12260000	12265000	chr10	12900000	12905000	0,0,0	7.3182282	0.9999613	2.0546453	6.863177	7.988162	4.0609746	2.8037002	10.161576
chr10	102915000	102920000	chr10	103240000	103245000	0,0,0	7.759781	0.9999176	2.9065652	5.1234527	6.629155	4.850782	2.9192686	9.404962
chr10	13370000	13375000	chr10	13435000	13440000	0,0,0	5.7465343	1.0	2.5919828	2.8794377	3.2781792	2.9409332	1.0485797	5.5004334
chr10	101055000	101060000	chr10	101140000	101145000	0,0,0	6.1431966	1.0	2.6528645	2.6578207	3.0943332	2.6200066	1.1383519	4.982514
chr10	59625000	59630000	chr10	60030000	60035000	0,0,0	10.329432	0.9999759	4.1376743	5.446184	7.2382874	5.794546	2.123051	10.635599
chr10	93075000	93080000	chr10	93285000	93290000	0,0,0	5.6436496	0.9998856	2.342991	4.116987	6.236071	5.4172616	2.2293735	9.076806
chr10	64975000	64980000	chr10	66180000	66185000	0,0,0	7.3506384	1.0	3.0629797	2.7203343	4.2849913	3.7757792	1.5012132	6.193854
chr10	122295000	122300000	chr10	122435000	122440000	0,0,0	9.022305	1.0	4.1775503	3.5595946	5.4952183	5.506725	2.1730618	8.670809
chr10	132390000	132395000	chr10	132445000	132450000	0,0,0	4.907087	1.0	2.4840744	2.0592136	2.6788173	2.9761817	1.3288778	4.806594
chr10	88560000	88565000	chr10	88810000	88815000	0,0,0	7.8245215	1.0	3.5383387	2.3696294	3.6699479	3.5656476	1.5896156	5.6719847
chr10	120940000	120945000	chr10	121885000	121890000	0,0,0	10.088842	0.99996793	4.356371	4.8420563	6.7672825	6.045347	2.0021448	10.349398
chr10	57575000	57580000	chr10	58065000	58070000	0,0,0	4.9334316	0.9975017	2.3746479	2.4068072	3.6531768	3.8533647	1.3242171	5.9927487
chr10	32790000	32795000	chr10	33005000	33010000	0,0,0	12.212161	1.0	3.896515	7.3998227	8.866287	5.2332115	2.811171	11.810831
chr10	112320000	112325000	chr10	112435000	112440000	0,0,0	6.158947	1.0	3.127542	1.9257494	2.8440828	3.2383974	1.0773481	4.950175
chr10	23995000	24000000	chr10	24360000	24365000	0,0,0	6.684447	1.0	2.9773648	3.2033935	3.981945	3.5961728	1.4258772	6.4436336
chr10	45855000	45860000	chr10	49975000	49980000	0,0,0	139.93098	1.0	29.0273	33.298756	41.886063	17.669058	14.582123	47.267952
chr10	73265000	73270000	chr10	73640000	73645000	0,0,0	7.0705585	1.0	2.6811664	3.813377	4.772362	3.4959676	1.9570322	6.885636
chr10	98465000	98470000	chr10	99275000	99280000	0,0,0	7.1377134	0.99982226	2.8363528	4.379111	5.942164	4.743517	1.546317	8.63606
chr10	45980000	45985000	chr10	49950000	49955000	0,0,0	10.230327	1.0	3.000822	12.707741	14.272012	7.3840833	5.1393576	18.679853
chr10	59235000	59240000	chr10	59620000	59625000	0,0,0	9.586617	0.99998647	3.770136	5.7589817	7.747945	6.0911093	2.48987	11.210204
chr10	28250000	28255000	chr10	28380000	28385000	0,0,0	10.847466	1.0	5.4474216	3.5168223	5.2384434	5.869196	1.4177943	8.99526
chr10	77250000	77255000	chr10	77640000	77645000	0,0,0	6.304684	0.99996877	2.7135115	4.93582	6.7660084	5.9877224	2.2038348	10.375118
chr10	93915000	93920000	chr10	94440000	94445000	0,0,0	4.967783	0.99779576	2.499204	2.3867686	3.556836	3.996426	1.3453557	6.117998
chr10	17910000	17915000	chr10	18215000	18220000	0,0,0	5.771002	0.9997682	2.4863224	4.071214	5.4085	4.7516317	1.7420487	8.370489
chr10	84370000	84375000	chr10	84535000	84540000	0,0,0	11.733292	0.9999982	4.17397	7.5741987	9.548049	6.5142994	3.6414347	13.246921
chr10	14535000	14540000	chr10	14820000	14825000	0,0,0	4.9453173	0.9972887	2.6174457	2.7759824	2.9595351	3.4434109	1.215289	5.910951
chr10	77845000	77850000	chr10	78030000	78035000	0,0,0	7.845899	1.0	2.7462525	4.4360833	4.84772	3.0141294	2.219458	6.9573145
chr10	21490000	21495000	chr10	21950000	21955000	0,0,0	11.871256	1.0	4.428998	5.0257664	5.460135	3.6720963	2.360938	8.139443
chr10	59865000	59870000	chr10	60030000	60035000	0,0,0	5.789294	0.9982045	2.5511658	3.5079021	3.7721765	3.2050009	1.4798468	6.323136
chr10	69405000	69410000	chr10	69505000	69510000	0,0,0	9.500535	1.0	3.6004364	3.798307	5.7064047	4.46163	2.1845825	7.8379025
chr10	114550000	114555000	chr10	114785000	114790000	0,0,0	8.92219	0.99994135	3.1738956	5.878146	6.870966	4.5200105	2.2101638	9.745029
chr10	127710000	127715000	chr10	127850000	127855000	0,0,0	7.224102	1.0	2.847873	3.484898	4.173281	3.1522	1.6456586	6.249887
chr10	98465000	98470000	chr10	98660000	98665000	0,0,0	5.4966416	1.0	2.692185	1.5480329	2.8733869	3.199196	1.1082292	4.5752254
chr10	43675000	43680000	chr10	44385000	44390000	0,0,0	9.69008	1.0	4.366946	4.2953386	5.79504	5.435477	2.5170178	9.253556
chr10	84260000	84265000	chr10	84365000	84370000	0,0,0	5.2482324	1.0	2.777183	1.937249	2.188465	2.569396	1.0108736	4.291395
chr10	17845000	17850000	chr10	18220000	18225000	0,0,0	5.258009	0.9996054	2.9505978	2.8438563	3.9527788	5.3105946	1.527709	7.8384666
chr10	89030000	89035000	chr10	89210000	89215000	0,0,0	7.674916	1.0	3.9541113	2.2333107	4.1055517	4.9088273	1.419369	6.893993
chr10	9340000	9345000	chr10	11030000	11035000	0,0,0	9.823748	1.0	4.832821	3.265821	4.725387	5.1067567	1.708827	8.009709
chr10	67855000	67860000	chr10	68155000	68160000	0,0,0	7.4989533	0.9999389	2.6946733	4.7347016	7.3467174	5.4954357	1.9380131	9.70406
chr10	88935000	88940000	chr10	89215000	89220000	0,0,0	8.586881	1.0	3.3657212	3.6884193	4.4980445	3.3970325	1.4857224	6.675627
chr10	67850000	67855000	chr10	68300000	68305000	0,0,0	4.7660575	0.9980127	2.1696882	3.0156732	3.7879722	3.5410454	2.0345402	6.221644
chr10	101835000	101840000	chr10	102005000	102010000	0,0,0	5.7413645	0.9996928	2.7206814	3.2270079	5.036033	5.220297	1.791316	8.088748
chr10	58780000	58785000	chr10	59620000	59625000	0,0,0	12.359076	1.0	3.7384107	6.6685963	8.274789	4.724165	2.8792183	10.651806
chr10	49590000	49595000	chr10	50225000	50230000	0,0,0	9.857694	1.0	4.2426653	3.9638767	5.970681	5.4119434	1.8694454	8.9353895
chr10	60100000	60105000	chr10	60430000	60435000	0,0,0	10.088638	1.0	4.2866473	4.5269313	5.254713	4.342645	1.5126882	8.366584
chr10	53600000	53605000	chr10	54400000	54405000	0,0,0	9.394422	1.0	2.9268978	5.5723033	6.180272	3.3823328	1.9899837	8.335491
chr10	84430000	84435000	chr10	84535000	84540000	0,0,0	9.431929	0.9999727	3.1512065	6.2493753	7.809515	4.9539175	2.525521	10.508918
chr10	80055000	80060000	chr10	80230000	80235000	0,0,0	6.853614	1.0	3.2112784	2.3375962	2.9779603	2.9159048	0.90551466	4.993768
chr10	97910000	97915000	chr10	98040000	98045000	0,0,0	8.337312	1.0	3.6104898	3.663017	5.029442	4.488978	1.4632624	7.744993
chr10	30750000	30755000	chr10	31805000	31810000	0,0,0	6.235191	0.9989328	2.9301708	3.645675	3.8449702	3.602781	1.4248462	6.843381
chr10	7870000	7875000	chr10	9205000	9210000	0,0,0	7.4234986	0.99999607	2.98082	6.2408957	8.523704	6.904893	2.8797946	12.452356
chr10	50020000	50025000	chr10	50150000	50155000	0,0,0	17.980715	1.0	4.426468	9.747454	10.651901	4.5169716	4.450133	13.1813755
chr10	11780000	11785000	chr10	11985000	11990000	0,0,0	10.556109	1.0	4.781621	4.379391	6.411269	6.169977	1.8592658	10.06277
chr10	69235000	69240000	chr10	69390000	69395000	0,0,0	19.626873	1.0	5.6886306	10.756809	13.422288	7.3816504	3.9909189	16.943258
chrX	118640000	118645000	chrX	118805000	118810000	0,0,0	9.316377	1.0	4.696922	3.115318	5.198351	5.951031	1.682094	8.720202
chrX	9990000	9995000	chrX	10115000	10120000	0,0,0	14.00279	1.0	5.778765	6.1643896	7.824203	6.405333	2.1888556	11.88479
chrX	151745000	151750000	chrX	152635000	152640000	0,0,0	17.079958	1.0	6.1500173	6.5026894	10.915705	8.388477	3.483432	14.168647
chrX	106875000	106880000	chrX	107425000	107430000	0,0,0	10.315019	1.0	4.7945833	2.491902	3.7342794	3.7405844	1.1068307	5.9556084
chrX	115330000	115335000	chrX	115640000	115645000	0,0,0	8.960064	0.9998916	4.2594094	4.2462177	5.3613033	5.3559976	2.8001103	9.130413
chrX	110155000	110160000	chrX	110405000	110410000	0,0,0	14.84214	1.0	7.895345	4.2249374	6.813937	8.450369	3.0651479	12.205869
chrX	10190000	10195000	chrX	10635000	10640000	0,0,0	10.608122	0.9999929	3.8832686	6.286503	8.605425	6.273089	2.7257905	11.861092
chrX	73855000	73860000	chrX	74010000	74015000	0,0,0	10.47961	1.0	3.2313051	6.910077	7.8592033	4.326924	2.9399674	10.469214
chrX	68190000	68195000	chrX	68705000	68710000	0,0,0	8.91931	1.0	4.1358533	3.756211	4.112698	3.8102977	1.7704588	7.149152
chrX	103530000	103535000	chrX	103815000	103820000	0,0,0	11.256544	1.0	4.1737804	5.9035287	7.8144555	5.70321	2.182724	10.950791
chrX	20530000	20535000	chrX	21475000	21480000	0,0,0	9.516407	1.0	3.3863604	5.4304585	5.6137476	3.4481714	2.4014919	8.275246
chrX	23690000	23695000	chrX	23900000	23905000	0,0,0	14.584501	1.0	4.8628173	6.0987363	8.865038	6.01828	2.6814587	11.439379
chrX	43955000	43960000	chrX	44240000	44245000	0,0,0	12.848387	1.0	3.8677146	7.602055	8.742438	4.7277846	2.995554	11.485167
chrX	73855000	73860000	chrX	74130000	74135000	0,0,0	13.552773	1.0	4.804739	5.1021147	6.5882993	4.5265636	2.1769395	9.061776
chrX	19015000	19020000	chrX	19335000	19340000	0,0,0	9.679368	1.0	4.469184	3.8178465	4.647683	4.4020224	2.2825475	7.7956634
chrX	54890000	54895000	chrX	55055000	55060000	0,0,0	9.197389	1.0	3.3482707	4.668571	5.8190365	4.0553503	1.7511877	8.205191
chrX	31040000	31045000	chrX	31655000	31660000	0,0,0	9.268971	1.0	3.6805851	4.057233	5.550471	4.438866	1.8086884	8.045295
chrX	110440000	110445000	chrX	110845000	110850000	0,0,0	11.119682	1.0	5.2554927	3.933196	4.7264953	4.6263547	2.6251357	8.122529
chrX	115325000	115330000	chrX	115675000	115680000	0,0,0	10.36232	1.0	4.6842833	5.09246	5.2888746	4.6246843	2.3351192	9.151316
chrX	120495000	120500000	chrX	120765000	120770000	0,0,0	12.703679	1.0	4.849668	4.562735	4.6447887	3.114088	1.6398127	7.1698527
chrX	100685000	100690000	chrX	100765000	100770000	0,0,0	9.75611	1.0	3.2597659	5.93668	6.824749	4.1355023	2.0246792	9.412551
chrX	151150000	151155000	chrX	151675000	151680000	0,0,0	10.605302	1.0	4.5102024	4.3146586	6.239119	5.5148826	2.578588	9.350134
chrX	12945000	12950000	chrX	13485000	13490000	0,0,0	14.953685	1.0	4.4137444	7.9589715	10.630216	6.1910973	3.2673526	13.2657385
chrX	18390000	18395000	chrX	19010000	19015000	0,0,0	9.5152445	1.0	4.267152	3.0243716	4.576729	4.3770943	1.9052447	7.0654244
chrX	56280000	56285000	chrX	56725000	56730000	0,0,0	14.2202425	1.0	5.5293274	4.2111435	5.4021096	4.1186576	2.071759	7.861896
chrX	13505000	13510000	chrX	14030000	14035000	0,0,0	18.394218	1.0	6.538555	5.7965198	8.395552	6.0619373	3.1194317	11.214398
chrX	130990000	130995000	chrX	131630000	131635000	0,0,0	10.240013	0.9999846	3.9026625	6.8587976	7.2869406	4.9853187	3.0714798	11.082027
chrX	87335000	87340000	chrX	87660000	87665000	0,0,0	13.237102	0.99999917	5.271883	6.745793	9.768692	7.9810314	3.1046066	13.977292
chrX	37745000	37750000	chrX	38175000	38180000	0,0,0	10.168816	1.0	3.3579395	5.4874787	6.259958	3.725604	1.9609395	8.603363
chrX	43560000	43565000	chrX	43750000	43755000	0,0,0	10.82613	1.0	3.691608	5.0739694	8.210966	5.9277253	2.4432144	10.437921
chrX	129605000	129610000	chrX	129725000	129730000	0,0,0	8.735054	1.0	3.3539274	3.4549983	5.643903	4.5870156	1.3674774	7.658125
chrX	18400000	18405000	chrX	19330000	19335000	0,0,0	13.961697	1.0	4.563764	6.6488924	7.846534	4.71116	2.2881923	10.621286
chrX	37925000	37930000	chrX	38165000	38170000	0,0,0	13.8991	0.99999934	5.261403	6.9570026	10.321856	8.028122	3.002731	14.212124
chrX	109915000	109920000	chrX	110145000	110150000	0,0,0	8.73078	1.0	3.195994	4.2170863	4.280241	2.701341	1.5921057	6.449862
chrX	118850000	118855000	chrX	119060000	119065000	0,0,0	16.666233	1.0	4.0232034	11.337628	13.393507	6.004182	4.177447	16.082073
chrX	85110000	85115000	chrX	85545000	85550000	0,0,0	11.193981	0.99998975	5.1372247	4.763194	7.332593	7.25634	2.0273368	11.490291
chrX	70970000	70975000	chrX	71175000	71180000	0,0,0	9.124355	1.0	3.7551785	3.598005	4.075305	3.190748	1.564102	6.3889747
chr22	41695000	41700000	chr22	41940000	41945000	0,0,0	6.560693	0.9991447	2.4074652	3.7344723	5.120751	3.745207	1.5478903	7.064738
chr22	49045000	49050000	chr22	49305000	49310000	0,0,0	9.548656	1.0	2.6797729	6.2496367	6.536744	3.0405111	2.0180097	8.595744
chr22	46120000	46125000	chr22	46310000	46315000	0,0,0	11.15035	1.0	4.6506157	4.4868727	6.8085656	5.9500933	2.2558796	9.938424
chr22	31545000	31550000	chr22	31965000	31970000	0,0,0	7.0007696	1.0	3.0722833	3.4861023	3.6321595	3.0317438	1.5616114	6.1305017
chr22	48945000	48950000	chr22	49305000	49310000	0,0,0	6.0936055	1.0	2.8183334	2.1989627	2.7807112	2.6655605	0.9476802	4.620194
chr22	28050000	28055000	chr22	28590000	28595000	0,0,0	13.712426	0.9999996	4.8203306	7.206913	11.254188	8.257439	2.877723	14.663584
chr22	37315000	37320000	chr22	37455000	37460000	0,0,0	11.511747	0.99999845	4.280419	6.9724827	9.631506	7.1670337	2.709335	13.364796
chr22	33300000	33305000	chr22	33575000	33580000	0,0,0	7.187386	1.0	3.1118357	3.1994925	4.088258	3.5758524	1.5584092	6.4198456
chr22	39005000	39010000	chr22	39115000	39120000	0,0,0	6.314064	1.0	3.1976113	1.9264272	3.658153	4.279994	1.4445822	5.9923735
chr22	39170000	39175000	chr22	39310000	39315000	0,0,0	9.060834	1.0	3.565102	4.0358577	5.762352	4.6220922	1.9513168	8.209521
chr22	20415000	20420000	chr22	20695000	20700000	0,0,0	13.660886	0.99999976	3.029166	10.83016	13.186049	5.6697826	3.6162505	15.296592
chr22	25890000	25895000	chr22	26330000	26335000	0,0,0	7.756331	1.0	2.6888993	4.8099422	4.8783736	2.8592541	1.7918729	7.1347585
chr22	49925000	49930000	chr22	50035000	50040000	0,0,0	5.552738	0.99807763	2.3500543	3.1594737	4.0571976	3.4464178	1.6088345	6.2548385
chr22	33015000	33020000	chr22	33200000	33205000	0,0,0	7.9950967	0.99984413	2.9769204	5.2116895	5.992647	4.134974	1.897479	8.767587
chr22	45265000	45270000	chr22	45550000	45555000	0,0,0	13.519261	1.0	3.8576946	7.0186024	7.849183	3.9332292	2.5598783	10.171988
chr22	28885000	28890000	chr22	29030000	29035000	0,0,0	5.774451	0.9994042	2.3713095	4.1209526	4.7780533	3.7632468	1.6378614	7.4263153
chr22	36300000	36305000	chr22	36465000	36470000	0,0,0	9.55987	1.0	3.8275306	5.013703	6.4014807	5.0515347	2.1159859	9.50816
chr22	21710000	21715000	chr22	21940000	21945000	0,0,0	6.9634476	1.0	3.4627247	2.7372634	4.0560966	4.472846	1.3369218	6.9059687
chr22	45265000	45270000	chr22	45435000	45440000	0,0,0	9.850779	0.9999634	2.9032788	6.699577	7.9086905	4.261311	2.360636	10.21649
chr22	28855000	28860000	chr22	29040000	29045000	0,0,0	7.885618	0.9999328	3.387726	4.1929517	6.467426	5.881937	1.9596261	9.609005
chr22	24935000	24940000	chr22	25050000	25055000	0,0,0	8.784684	0.9998855	4.4477696	3.3817155	5.3102546	6.0699854	1.5766164	9.075954
chr22	16915000	16920000	chr22	17055000	17060000	0,0,0	7.1108184	1.0	3.5342176	2.4492397	3.2441096	3.5089805	1.1192529	5.6860824
chr22	26365000	26370000	chr22	26645000	26650000	0,0,0	10.171678	1.0	3.677551	3.7640495	5.1328115	3.6860237	1.5334045	7.031845
chr22	46355000	46360000	chr22	46540000	46545000	0,0,0	9.598786	1.0	3.9212868	3.6165915	5.3119125	4.489529	2.120504	7.704277
chr22	23175000	23180000	chr22	23290000	23295000	0,0,0	8.133551	1.0	3.500989	4.308425	4.76895	3.949641	1.6585386	7.779352
chr22	12360000	12365000	chr22	12500000	12505000	0,0,0	18.434412	1.0	4.8912663	32.940002	40.63333	20.465195	16.684374	49.745197
chr22	30760000	30765000	chr22	30915000	30920000	0,0,0	6.0225854	0.99797606	2.7281396	2.7330654	3.9355352	3.773952	1.3419251	6.2033434
chr22	11790000	11795000	chr22	12195000	12200000	0,0,0	24.554451	1.0	4.154148	36.52739	42.466125	14.312864	13.097611	46.781654
chr22	29635000	29640000	chr22	30085000	30090000	0,0,0	8.404091	0.9999796	3.605547	4.872968	7.201417	6.4714565	2.4652627	10.802984
chr22	35350000	35355000	chr22	35580000	35585000	0,0,0	11.878076	0.9999963	2.9066212	9.280275	10.122193	4.2597375	3.1252716	12.508871
chr22	27885000	27890000	chr22	28005000	28010000	0,0,0	6.3841715	0.9986631	2.9765244	3.3956342	3.821744	3.5997756	1.510647	6.6181173
chr22	39535000	39540000	chr22	40020000	40025000	0,0,0	7.297367	0.9998984	3.0251768	4.9415255	5.940556	4.8027015	1.9451057	9.1951685
chr22	42165000	42170000	chr22	42435000	42440000	0,0,0	9.735913	0.9999925	3.1872103	7.175242	8.81287	5.420871	2.5619957	11.798864
chr22	20155000	20160000	chr22	20285000	20290000	0,0,0	17.744442	1.0	7.07526	5.571995	7.9963026	6.5239635	2.8938954	11.476848
chr22	45860000	45865000	chr22	45975000	45980000	0,0,0	12.529146	1.0	3.7570412	5.872204	7.2368193	4.0794144	2.1599157	9.299151
chr22	38865000	38870000	chr22	39000000	39005000	0,0,0	5.810009	0.99856263	3.005171	2.588764	3.6430745	4.244518	1.2541152	6.5456414
chr22	32655000	32660000	chr22	32795000	32800000	0,0,0	9.491383	0.9999941	3.359193	6.5424833	8.88276	6.22409	2.9304712	12.039631
chr22	26395000	26400000	chr22	26460000	26465000	0,0,0	6.1762786	1.0	2.152529	3.4422176	4.558604	3.1092637	1.3461897	6.1690125
chr22	33080000	33085000	chr22	33200000	33205000	0,0,0	5.83588	0.9990314	2.1760967	4.2334146	4.6839857	3.1773589	1.8627294	6.940394
chr22	41400000	41405000	chr22	41515000	41520000	0,0,0	9.787684	1.0	4.253813	4.320349	5.7096424	5.068003	2.2486224	8.908314
chr22	18810000	18815000	chr22	21245000	21250000	0,0,0	31.849045	1.0	5.3982625	142.94418	159.00674	50.549114	55.841843	177.61061
chr22	25460000	25465000	chr22	25770000	25775000	0,0,0	12.851057	0.9999982	4.2671795	7.7358503	9.929596	6.3438387	3.0087483	13.22015
chr22	24655000	24660000	chr22	24755000	24760000	0,0,0	6.6958623	1.0	3.435729	2.1750312	3.7345717	4.405134	1.0346816	6.3384953
chr22	19730000	19735000	chr22	19910000	19915000	0,0,0	11.488355	0.9999984	3.9073431	8.235109	9.621133	6.0045557	3.4634123	13.324653
chr22	28850000	28855000	chr22	29240000	29245000	0,0,0	7.9956627	1.0	3.3385367	3.0455625	4.0713377	3.4396205	1.3611642	6.146787
chr22	45990000	45995000	chr22	46115000	46120000	0,0,0	7.1970005	1.0	3.2825031	3.154029	3.3628001	3.0089612	1.6390717	5.8125424
chr22	30105000	30110000	chr22	30255000	30260000	0,0,0	12.988577	1.0	4.871116	5.6547174	8.484786	6.5577908	2.8049037	11.584206
chr22	40435000	40440000	chr22	40645000	40650000	0,0,0	13.3462515	0.9999997	3.5343766	9.820091	12.41615	6.354125	3.7716866	15.083096
chr22	45645000	45650000	chr22	45975000	45980000	0,0,0	10.701912	0.99999017	3.3529313	7.5490937	8.595043	4.8181095	2.551354	11.528415
chr22	35430000	35435000	chr22	35580000	35585000	0,0,0	5.9937625	0.99919915	2.487918	3.3906004	4.8215613	4.1167207	1.835235	7.1305876
chr22	28600000	28605000	chr22	29240000	29245000	0,0,0	11.256491	1.0	4.433795	4.2186546	5.4178915	4.1981516	2.4072583	7.9480667
chr22	17830000	17835000	chr22	18070000	18075000	0,0,0	7.5211363	0.9999271	3.3942583	3.41303	6.4621735	6.494028	1.7847344	9.527832
chr22	31665000	31670000	chr22	31965000	31970000	0,0,0	10.529104	1.0	3.8952982	5.6488385	7.433261	5.3985724	2.6933181	10.419763
chr22	43270000	43275000	chr22	43350000	43355000	0,0,0	5.487189	0.99812526	2.2627757	3.1160307	4.2079873	3.5101132	1.2064215	6.279918
chr22	40435000	40440000	chr22	40890000	40895000	0,0,0	6.723086	1.0	3.100727	2.8826268	3.4809215	3.284482	1.4401666	5.846817
chr22	24765000	24770000	chr22	24850000	24855000	0,0,0	5.54401	0.99692357	2.220929	2.916924	3.9591713	3.1917698	1.1549362	5.784591
chr22	26395000	26400000	chr22	26645000	26650000	0,0,0	8.938632	1.0	3.4418771	4.415144	5.089484	3.6698065	1.8262769	7.5943794
chr22	28600000	28605000	chr22	28830000	28835000	0,0,0	11.811269	1.0	4.775193	5.3686447	7.7813826	6.4717083	2.361623	11.243836
chr22	38045000	38050000	chr22	38350000	38355000	0,0,0	7.810429	0.9998246	2.823068	5.340442	5.959344	3.9020796	2.5972872	8.649139
chr22	45990000	45995000	chr22	46310000	46315000	0,0,0	12.97568	1.0	6.330019	2.5936658	3.2274287	3.3480482	1.6287245	5.6535287
chr22	43990000	43995000	chr22	44085000	44090000	0,0,0	6.3585596	1.0	2.331895	3.5760252	3.773351	2.4418058	1.2177708	5.620495
chr22	28855000	28860000	chr22	29150000	29155000	0,0,0	5.866931	1.0	3.0523498	1.9132247	2.9799867	3.5510366	1.146396	5.251681
chr22	34410000	34415000	chr22	35020000	35025000	0,0,0	7.7906017	0.99987674	3.1470459	4.7002635	6.033588	4.8239465	2.2814922	9.00196
chr22	17075000	17080000	chr22	17500000	17505000	0,0,0	12.834113	0.9999999	3.9001656	10.201253	12.271806	6.9043612	4.0267735	15.97214
chr22	38865000	38870000	chr22	39115000	39120000	0,0,0	7.640671	1.0	3.0665708	3.2462845	4.4085584	3.562719	1.3512142	6.448305
chr22	36545000	36550000	chr22	36855000	36860000	0,0,0	8.021064	1.0	2.771149	4.0784464	5.127479	3.3824718	1.6194972	7.007757
chr22	45575000	45580000	chr22	45980000	45985000	0,0,0	9.543202	1.0	3.4088268	4.954933	6.640736	4.674093	2.2779565	9.078478
chr22	22960000	22965000	chr22	23125000	23130000	0,0,0	11.186637	1.0	4.6375966	3.3013384	6.969229	6.4887977	1.9449166	9.423321
chr22	31975000	31980000	chr22	32080000	32085000	0,0,0	9.445231	1.0	4.336031	2.9690866	5.5803156	5.7195964	1.6849915	8.358785
chr13	26480000	26485000	chr13	26700000	26705000	0,0,0	4.1150556	0.98992443	1.9685576	2.4415524	2.5268364	2.4278467	1.348265	4.5981154
chr13	27380000	27385000	chr13	27775000	27780000	0,0,0	4.500901	0.99520314	2.3078084	2.6331491	2.749238	2.9997742	1.3939997	5.3403516
chr13	110220000	110225000	chr13	110410000	110415000	0,0,0	9.994161	0.9999951	3.6653392	7.198313	8.502824	5.8324413	2.6692228	12.230942
chr13	107210000	107215000	chr13	107650000	107655000	0,0,0	6.4292226	0.9989354	2.9031572	2.7660482	4.4834805	4.3871427	1.5358758	6.845852
chr13	99175000	99180000	chr13	99435000	99440000	0,0,0	11.348684	0.9999978	4.0543866	6.2403374	9.949657	7.467063	2.6174648	13.01403
chr13	69535000	69540000	chr13	69855000	69860000	0,0,0	8.957342	0.9999696	3.123528	5.9941654	7.589431	5.0748754	2.1148615	10.403022
chr13	27375000	27380000	chr13	27825000	27830000	0,0,0	9.896685	0.999986	4.7393384	4.298322	6.9523993	7.357145	2.1362548	11.1778755
chr13	97850000	97855000	chr13	98845000	98850000	0,0,0	6.065914	1.0	2.889158	2.9177604	3.441927	3.3955145	1.0485212	5.989079
chr13	51245000	51250000	chr13	51785000	51790000	0,0,0	4.6723104	0.99552196	2.1840389	2.874481	3.0638094	2.85404	1.2279028	5.4091344
chr13	21625000	21630000	chr13	22280000	22285000	0,0,0	6.864687	1.0	3.2837074	2.157424	4.1537147	4.501801	1.3044201	6.4195113
chr13	94670000	94675000	chr13	95155000	95160000	0,0,0	5.601291	0.9974329	3.377121	1.7470214	2.827788	4.412695	0.9604732	5.965603
chr13	91375000	91380000	chr13	91720000	91725000	0,0,0	7.6335816	0.9999612	2.9469888	5.06392	7.2123566	5.6566033	1.7006788	10.1578665
chr13	96020000	96025000	chr13	96810000	96815000	0,0,0	4.709103	0.9982235	2.9049468	2.1560674	2.7135215	4.4172506	1.5818824	6.3337545
chr13	26945000	26950000	chr13	27360000	27365000	0,0,0	11.288967	0.99999994	4.2964916	10.209287	11.334136	7.9103613	4.5818067	16.985283
chr13	113945000	113950000	chr13	114225000	114230000	0,0,0	5.664371	0.9986083	2.6347396	2.776412	4.1090317	4.109965	1.3614303	6.577887
chr13	99915000	99920000	chr13	100235000	100240000	0,0,0	10.79077	0.9999945	3.6903763	7.3003306	8.80291	5.623116	2.9568381	12.112299
chr13	27830000	27835000	chr13	27980000	27985000	0,0,0	7.789586	0.99983025	3.6350775	3.8753457	5.2975755	5.2374153	2.3418248	8.682167
chr13	23915000	23920000	chr13	24225000	24230000	0,0,0	11.922542	1.0	5.408937	3.4676042	5.327217	5.1893864	1.6560037	8.271701
chr13	31910000	31915000	chr13	32305000	32310000	0,0,0	6.179594	0.998634	2.7147846	2.6202936	4.468901	4.267401	1.3211405	6.5965514
chr13	41410000	41415000	chr13	41645000	41650000	0,0,0	4.9855666	0.9980436	2.7136722	2.425733	3.2282324	4.081095	1.3372793	6.237303
chr13	32010000	32015000	chr13	32310000	32315000	0,0,0	4.9765334	0.99618065	2.0279968	2.7036083	3.8030782	3.165048	1.2707719	5.5682554
chr13	43905000	43910000	chr13	44435000	44440000	0,0,0	17.32461	1.0	7.343871	7.43546	11.239554	10.006971	4.326823	16.61627
chr13	73755000	73760000	chr13	75220000	75225000	0,0,0	5.082228	0.99900794	2.925463	2.5296483	3.3213573	4.6678624	1.6073744	6.916439
chr13	51895000	51900000	chr13	52125000	52130000	0,0,0	4.670021	0.99863523	2.1917882	2.684281	4.128268	4.2114277	1.6037518	6.5974555
chr13	112940000	112945000	chr13	113025000	113030000	0,0,0	6.4619756	0.9987963	2.4172611	3.9686465	4.5908794	3.1953676	1.5889425	6.7230535
chr13	48330000	48335000	chr13	48770000	48775000	0,0,0	5.98531	1.0	2.888936	2.6394174	3.0394654	3.0466907	1.540444	5.3928394
chr13	59460000	59465000	chr13	59675000	59680000	0,0,0	4.728495	0.9962745	2.0064757	2.582675	3.7395365	3.2974226	1.1075943	5.5931334
chr13	52605000	52610000	chr13	52965000	52970000	0,0,0	6.12062	1.0	2.3398654	3.434503	4.020313	2.8917341	1.598979	5.9446254
chr13	44240000	44245000	chr13	44435000	44440000	0,0,0	6.7133455	0.9997375	2.377784	5.182191	5.7299023	3.6397161	1.9603474	8.246108
chr13	51430000	51435000	chr13	51795000	51800000	0,0,0	5.206931	0.9980911	2.4760947	2.7876446	3.737619	3.7839842	1.305354	6.2618904
chr13	24050000	24055000	chr13	24220000	24225000	0,0,0	6.56279	0.9999485	3.8099592	2.7218661	5.111457	7.455942	1.6580598	9.875379
chr13	75870000	75875000	chr13	76900000	76905000	0,0,0	8.248805	0.99997205	2.745558	6.928092	7.466606	4.327412	2.3421643	10.485717
chr13	26705000	26710000	chr13	26870000	26875000	0,0,0	6.395631	0.9991279	2.937315	2.670357	4.6173935	4.671712	1.4390799	7.0453625
chr13	20490000	20495000	chr13	20920000	20925000	0,0,0	10.463856	0.9999932	3.7942371	6.34453	8.680169	6.2612743	3.0310607	11.900858
chr13	73055000	73060000	chr13	73395000	73400000	0,0,0	4.564141	0.99603856	2.0301187	2.504187	3.5466902	3.3057706	1.2955046	5.531715
chr13	100365000	100370000	chr13	100510000	100515000	0,0,0	4.9831495	0.9966406	1.8415686	3.557711	3.8326573	2.5341883	1.3705716	5.6965985
chr13	26180000	26185000	chr13	26495000	26500000	0,0,0	8.715587	0.9999986	2.636857	8.369834	10.540924	6.0729012	3.6534574	13.5127535
chr13	108955000	108960000	chr13	110115000	110120000	0,0,0	6.3528285	0.99975973	2.8632174	3.847748	5.2296743	4.914509	1.9886571	8.33473
chr13	97220000	97225000	chr13	97340000	97345000	0,0,0	5.391569	0.9979102	2.683931	3.0447388	3.320174	3.464886	1.2243822	6.1713204
chr13	78135000	78140000	chr13	78975000	78980000	0,0,0	10.018563	0.9999989	3.506139	7.293589	10.319072	7.2670593	3.1294112	13.75025
chr13	23740000	23745000	chr13	23865000	23870000	0,0,0	4.081226	0.9866026	2.3908925	1.3827386	2.09986	3.0840397	0.8188815	4.313141
chr13	26985000	26990000	chr13	27355000	27360000	0,0,0	16.362547	1.0	4.959803	13.7940235	19.649237	12.118137	5.4282517	24.379492
chr13	44485000	44490000	chr13	44875000	44880000	0,0,0	9.031231	0.99999833	3.971178	6.0143323	8.646598	7.965767	3.4012198	13.31184
chr13	101945000	101950000	chr13	102560000	102565000	0,0,0	5.929565	1.0	2.6333916	2.719719	3.1102662	2.7289782	1.025897	5.146506
chr13	72840000	72845000	chr13	73035000	73040000	0,0,0	4.6608963	0.9914209	2.4658558	1.7192595	2.6422539	3.2306917	0.9336017	4.7589226
chr13	108960000	108965000	chr13	109130000	109135000	0,0,0	4.882274	1.0	2.2461615	2.1450238	2.9967062	2.916666	0.88528734	4.823354
chr13	39770000	39775000	chr13	40680000	40685000	0,0,0	6.115181	0.9998678	2.573083	5.230612	5.468638	4.282635	2.2674987	8.932068
chr13	95625000	95630000	chr13	95830000	95835000	0,0,0	6.8203444	0.9995653	2.5708349	4.07374	5.499979	4.120614	1.8308792	7.741717
chr13	99970000	99975000	chr13	100510000	100515000	0,0,0	3.9754002	0.9976765	2.3412943	2.5451612	2.6230035	3.802948	1.9135548	6.065313
chr13	79780000	79785000	chr13	80360000	80365000	0,0,0	4.7224455	0.9993731	2.2394433	3.695972	4.211271	4.090153	1.86646	7.375462
chr13	49300000	49305000	chr13	49435000	49440000	0,0,0	6.475668	0.99966204	3.1082485	3.4802895	4.7545877	4.8997545	1.7983376	7.993345
chr13	98445000	98450000	chr13	98670000	98675000	0,0,0	9.011594	0.9999571	3.4090626	5.8345976	6.85249	4.8710155	2.2613845	10.057324
chr13	93245000	93250000	chr13	94360000	94365000	0,0,0	4.699132	0.99885297	2.0663729	3.5686026	4.143377	3.599194	1.504506	6.7712855
chr13	24690000	24695000	chr13	25000000	25005000	0,0,0	6.040912	0.99983054	2.8524752	3.8801289	5.22145	5.2347918	2.5327506	8.683795
chr13	23510000	23515000	chr13	23870000	23875000	0,0,0	6.5069437	0.9999789	2.1670763	6.4557443	7.992846	5.028722	2.5351188	10.767161
chr13	97855000	97860000	chr13	98430000	98435000	0,0,0	11.111466	1.0	4.7287865	5.142817	7.3902626	6.52752	3.0939984	11.098913
chr13	98570000	98575000	chr13	98650000	98655000	0,0,0	4.5368648	0.99421614	2.3394754	2.230321	2.784703	3.1707065	1.0865972	5.153214
chr13	23665000	23670000	chr13	23870000	23875000	0,0,0	4.743665	0.9932938	2.2187994	2.6499062	2.8376977	2.6497762	1.0920169	5.0052485
chr13	99175000	99180000	chr13	99265000	99270000	0,0,0	5.3300676	0.9984714	2.401466	2.973732	4.0797844	3.8407326	1.6772451	6.48405
chr13	99915000	99920000	chr13	100515000	100520000	0,0,0	4.745199	0.999008	2.4883668	2.7390354	3.7703555	4.4818196	1.7734342	6.9165177
chr13	60625000	60630000	chr13	61405000	61410000	0,0,0	6.8978877	1.0	3.0498948	2.9490428	3.7061458	3.3222008	1.3731937	5.943572
chr13	26945000	26950000	chr13	26980000	26985000	0,0,0	4.508012	1.0	2.0333323	1.8035024	2.550081	2.4212365	0.84106255	4.0243497
chr13	72835000	72840000	chr13	73400000	73405000	0,0,0	5.170433	0.99899894	2.1478863	3.2392716	4.689664	4.0280547	1.7230676	6.907407
chr13	113035000	113040000	chr13	113375000	113380000	0,0,0	5.779682	0.99841285	2.7717366	3.3125129	3.5858946	3.5020359	1.8235471	6.4464917
chr13	75370000	75375000	chr13	75480000	75485000	0,0,0	4.281347	0.9905541	2.2448392	1.6861161	2.622386	3.1638854	0.81497216	4.6626554
chr13	46490000	46495000	chr13	46720000	46725000	0,0,0	5.7536483	0.9996532	2.577897	3.686383	5.0283003	4.6908216	1.5192741	7.9676065
chr13	49975000	49980000	chr13	50800000	50805000	0,0,0	8.801759	0.99999493	4.2108746	5.5542316	7.160166	7.25619	2.8929567	12.193285
chr13	44480000	44485000	chr13	44965000	44970000	0,0,0	13.595739	1.0	5.3506165	8.896343	11.99014	9.439879	4.02933	17.34774
chr13	33930000	33935000	chr13	35155000	35160000	0,0,0	8.750954	0.999956	3.9558575	4.5125837	6.332973	6.0209656	2.7061937	10.032151
chr13	39270000	39275000	chr13	39610000	39615000	0,0,0	7.9830236	0.9999037	3.1973245	4.656363	6.334904	5.1095815	2.7792466	9.24857
chr13	48125000	48130000	chr13	48580000	48585000	0,0,0	9.307817	0.9999636	3.2076159	5.9949102	7.469184	4.892131	2.0839415	10.220941
chr13	48595000	48600000	chr13	48765000	48770000	0,0,0	6.113743	0.998709	3.0663395	2.0050893	4.179032	4.8707223	1.1971041	6.6530237
chr13	49300000	49305000	chr13	49605000	49610000	0,0,0	9.298724	0.99996537	4.3455286	3.4276264	6.8357506	7.2253823	2.123292	10.2721615
chr13	102580000	102585000	chr13	102845000	102850000	0,0,0	9.940841	1.0	4.207921	4.594877	6.416204	5.5856767	1.8910111	9.6700115
chr13	96015000	96020000	chr13	96965000	96970000	0,0,0	7.9233303	0.9998575	3.693466	4.577401	5.099214	4.7881284	1.7965356	8.856929
chr13	31535000	31540000	chr13	31740000	31745000	0,0,0	4.960415	0.9993166	2.000189	3.8588698	4.867324	3.8590114	1.3822929	7.289118
chr13	42880000	42885000	chr13	43800000	43805000	0,0,0	4.791228	0.9988513	1.9514672	3.486946	4.5260305	3.67033	1.4984332	6.7698374
chr13	108610000	108615000	chr13	108890000	108895000	0,0,0	7.492993	0.99988765	3.9155807	2.6907446	5.439189	6.702922	1.9408361	9.094695
chr13	21635000	21640000	chr13	22790000	22795000	0,0,0	7.0370755	0.9996926	3.0918963	4.2506866	4.9597607	4.3098073	1.5726435	8.088195
chr13	46550000	46555000	chr13	46720000	46725000	0,0,0	6.8670964	0.99995804	3.0001237	4.03073	6.853428	6.496805	2.6282117	10.079676
chr13	69575000	69580000	chr13	69855000	69860000	0,0,0	4.6678877	0.99511886	2.343571	2.5263696	2.8781981	3.0772645	1.5095036	5.322926
chr13	21105000	21110000	chr13	21475000	21480000	0,0,0	7.870429	1.0	3.3119576	4.0121427	5.030102	4.2085667	1.5843278	7.7749157
chr13	100445000	100450000	chr13	100510000	100515000	0,0,0	4.751796	0.99540114	2.0272107	2.7670743	3.4386854	2.9228866	1.1481721	5.382508
chr13	101140000	101145000	chr13	101940000	101945000	0,0,0	4.961139	1.0	2.489315	1.789805	2.6219058	2.926503	0.7941584	4.517441
chr13	59390000	59395000	chr13	59675000	59680000	0,0,0	7.043985	0.9999143	2.5769129	5.362015	6.599143	4.5992527	1.8833227	9.365488
chr13	20715000	20720000	chr13	20905000	20910000	0,0,0	4.446225	1.0	2.0159504	2.1600142	2.4796846	2.2479944	0.83815277	4.168007
chr13	23465000	23470000	chr13	23875000	23880000	0,0,0	4.9474144	0.9995089	3.00112	2.0979524	3.634689	5.7548146	1.4385881	7.619662
chr13	45805000	45810000	chr13	46160000	46165000	0,0,0	5.3018026	0.9994439	2.072339	3.9832811	5.1421213	3.9546525	2.0015924	7.495347
chr13	50080000	50085000	chr13	50530000	50535000	0,0,0	6.008177	0.99971145	2.6126907	3.4747448	5.460637	5.0627527	1.7455977	8.151415
chr13	51810000	51815000	chr13	52125000	52130000	0,0,0	7.141877	0.9997167	3.276424	3.5350654	5.14161	5.027607	1.6618859	8.169888
chr13	29505000	29510000	chr13	29705000	29710000	0,0,0	6.819137	0.9997422	3.0958767	3.2506063	5.4251037	5.3747597	1.94205	8.264188
chr13	91135000	91140000	chr13	91245000	91250000	0,0,0	4.775759	0.99478275	2.2210202	2.2279577	3.2794845	3.2759266	1.5099297	5.2563334
chr13	31235000	31240000	chr13	31420000	31425000	0,0,0	6.131303	0.9993414	2.9392211	3.1416698	4.388819	4.533621	1.3344241	7.3262167
chr13	31430000	31435000	chr13	31740000	31745000	0,0,0	7.677866	0.9999731	3.4213126	4.7363243	6.7496996	6.3157396	2.0416682	10.525805
chr13	70960000	70965000	chr13	71215000	71220000	0,0,0	4.499445	0.99696684	2.2629375	2.413599	3.2968695	3.6533368	1.0508065	5.798758
chr13	20195000	20200000	chr13	20485000	20490000	0,0,0	8.842712	0.99994546	3.4777467	5.5603123	6.5270963	4.875433	2.3601716	9.817933
chr13	48330000	48335000	chr13	48580000	48585000	0,0,0	5.495543	0.9986061	2.907437	2.4337726	3.622334	4.412981	1.3226447	6.576334
chr13	73835000	73840000	chr13	74285000	74290000	0,0,0	4.9078164	0.9986596	2.9898245	2.077001	3.0011241	4.769276	1.2159674	6.615499
chr13	110220000	110225000	chr13	110445000	110450000	0,0,0	11.408989	0.99999934	4.581652	6.1814203	10.216253	8.737038	4.596114	14.231634
chr13	31230000	31235000	chr13	31740000	31745000	0,0,0	7.4069834	1.0	2.7079122	4.654983	4.920218	3.1737986	1.943971	7.311561
chr13	51895000	51900000	chr13	52200000	52205000	0,0,0	5.8823676	0.99932384	2.0704792	4.5221334	5.1302543	3.2801778	1.8400519	7.299852
chr13	110940000	110945000	chr13	111050000	111055000	0,0,0	9.761431	0.9999829	3.7283745	5.9775567	7.610609	5.662433	2.9275157	10.975817
chr13	49975000	49980000	chr13	50905000	50910000	0,0,0	4.952707	0.9994532	2.280771	3.749412	4.457678	4.1793313	1.841282	7.512142
chr13	79680000	79685000	chr13	80360000	80365000	0,0,0	5.5075974	0.99991304	2.742482	3.7423959	5.4645104	6.024702	1.7512143	9.351276
chr13	72840000	72845000	chr13	73710000	73715000	0,0,0	7.859883	0.9999982	3.3503067	6.7494445	8.491197	7.2366433	3.2788215	13.23615
chr13	79425000	79430000	chr13	79540000	79545000	0,0,0	15.265198	1.0	6.573104	6.709155	9.466379	8.446785	3.4362774	14.410479
chr13	23405000	23410000	chr13	23875000	23880000	0,0,0	5.020476	0.9995408	2.0013902	3.9327087	5.25629	4.1910596	1.7703208	7.686801
chr13	41410000	41415000	chr13	42110000	42115000	0,0,0	5.110384	0.9982644	2.5135877	2.8548234	3.6198945	3.8194246	1.3149748	6.3570457
chr13	44970000	44975000	chr13	45310000	45315000	0,0,0	4.802364	0.99663395	2.2376192	2.4374835	3.5332115	3.5279455	1.5220982	5.6945977
chr13	75695000	75700000	chr13	75865000	75870000	0,0,0	6.8009734	0.9993705	3.3042023	3.2279837	4.3079214	4.502012	1.4148749	7.3713307
chr13	27370000	27375000	chr13	27985000	27990000	0,0,0	10.281722	0.9999766	6.297306	4.1793766	4.3667817	6.9479237	2.5903654	10.662925
chr13	21625000	21630000	chr13	22745000	22750000	0,0,0	4.7033687	0.99939436	2.515641	3.5006342	3.6351552	4.2983475	1.3818803	7.4100223
chr13	46830000	46835000	chr13	47600000	47605000	0,0,0	5.3290286	0.99904054	2.298629	3.6098933	4.370186	3.7410398	1.5563859	6.949834
chr13	24320000	24325000	chr13	24555000	24560000	0,0,0	10.860604	0.9999862	4.1877594	6.193824	7.6446495	5.683353	2.5949476	11.188974
chr13	30675000	30680000	chr13	30800000	30805000	0,0,0	4.8448596	0.99853194	2.5209312	2.9569764	3.4115007	3.896062	1.2243495	6.524485
chr13	24580000	24585000	chr13	25000000	25005000	0,0,0	7.3011613	0.9996343	2.7994409	4.4592204	5.395311	3.9508448	2.2955832	7.914596
chr13	111475000	111480000	chr13	112440000	112445000	0,0,0	7.6090484	0.999999	2.953089	7.0986896	9.641659	7.486873	3.4779656	13.796819
chr13	69535000	69540000	chr13	70565000	70570000	0,0,0	23.447493	1.0	6.4659963	12.505102	12.98119	5.8810368	4.0905776	16.996683
chr13	26185000	26190000	chr13	26700000	26705000	0,0,0	6.8945184	0.9996971	2.6563597	3.904825	5.8303843	4.63198	1.7513102	8.102936
chr13	70100000	70105000	chr13	70570000	70575000	0,0,0	4.35774	1.0	2.2984984	1.5398129	2.394161	2.9165623	1.3007908	4.285285
chr13	50080000	50085000	chr13	50795000	50800000	0,0,0	6.3404636	0.99973315	2.7712443	4.066061	5.205613	4.6154423	2.4947906	8.229718
chr13	94435000	94440000	chr13	94615000	94620000	0,0,0	13.4825325	1.0	3.6653278	7.557851	9.51444	4.9660983	2.678503	11.684188
chr13	43900000	43905000	chr13	44970000	44975000	0,0,0	9.471001	1.0	3.381032	4.931332	5.1212697	3.1679888	1.9792055	7.551395
chr13	108320000	108325000	chr13	108895000	108900000	0,0,0	9.790521	0.99996936	4.92657	3.5654397	6.2864056	7.2256885	1.8615991	10.394968
chr13	42595000	42600000	chr13	43800000	43805000	0,0,0	8.287003	0.99996734	2.8449044	6.0996466	7.549852	4.908171	2.3421426	10.330079
chr13	27865000	27870000	chr13	27950000	27955000	0,0,0	4.1985044	0.99654806	1.9342498	2.2744377	3.6401482	3.6476886	0.9576266	5.6694107
chr13	73720000	73725000	chr13	75255000	75260000	0,0,0	7.1163764	0.99983674	2.8212974	4.985074	5.7319927	4.290074	1.9301891	8.721251
chr13	33540000	33545000	chr13	33715000	33720000	0,0,0	4.6597414	0.9935957	2.72579	2.0764832	2.2374892	3.2055526	1.1722821	5.0513153
chr13	98445000	98450000	chr13	98840000	98845000	0,0,0	9.0303135	1.0	3.191098	5.019175	5.148841	3.118489	2.087146	7.579978
chr13	39145000	39150000	chr13	39615000	39620000	0,0,0	4.621464	0.9986527	1.8493317	3.7416422	4.3246922	3.2844222	1.435964	6.6103263
chr13	101145000	101150000	chr13	102555000	102560000	0,0,0	12.313666	1.0	4.6552334	4.421057	6.404431	4.9352107	2.0888882	8.86504
chr13	40070000	40075000	chr13	40680000	40685000	0,0,0	6.084843	0.9999725	3.1187599	4.502916	5.7487035	6.501167	2.6089048	10.503758
chr13	20495000	20500000	chr13	20825000	20830000	0,0,0	7.573369	0.99996734	3.225307	4.2052546	7.164781	6.5927405	2.480968	10.330745
chr13	21295000	21300000	chr13	21475000	21480000	0,0,0	11.048285	0.99999875	3.5032804	8.027732	10.503807	6.4696712	3.3688803	13.605432
chr13	47795000	47800000	chr13	48090000	48095000	0,0,0	4.54172	1.0	2.5547664	1.7664247	2.0071301	2.6581073	1.1044434	4.2282624
chr13	24585000	24590000	chr13	24960000	24965000	0,0,0	15.140147	1.0	4.9695234	7.817533	9.464359	5.7918434	3.4427588	12.740762
chr13	24605000	24610000	chr13	24670000	24675000	0,0,0	4.675694	0.994351	2.0453048	2.6055837	3.2476854	2.8607454	1.363637	5.17682
chr13	72805000	72810000	chr13	73705000	73710000	0,0,0	7.7052765	0.9999929	4.1549582	3.6204634	6.7276	8.640821	1.5349523	11.859012
chr13	110585000	110590000	chr13	110815000	110820000	0,0,0	4.739735	0.99147105	2.4253368	2.2923925	2.4891636	2.7271035	1.1274346	4.764786
chr13	102580000	102585000	chr13	102795000	102800000	0,0,0	4.6127157	0.9980722	2.2791328	2.6706853	3.6067085	3.8780832	1.3607987	6.2520256
chr13	100245000	100250000	chr13	100505000	100510000	0,0,0	4.5212207	0.99434924	2.5071158	2.173966	2.5161684	3.2440848	1.2962149	5.1764994
chr13	39940000	39945000	chr13	40680000	40685000	0,0,0	7.32538	0.99992496	3.3629181	4.3639383	5.845715	5.619013	2.2914279	9.498069
chr13	70335000	70340000	chr13	70560000	70565000	0,0,0	4.547799	1.0	2.4789546	1.4448022	1.9290102	2.4459176	0.64490896	3.7301862
chr13	20945000	20950000	chr13	21175000	21180000	0,0,0	5.312229	0.99631333	2.374001	2.9686732	3.3584712	2.9647973	1.488224	5.603618
chr13	91945000	91950000	chr13	92145000	92150000	0,0,0	4.065911	0.9847433	2.0373178	1.7841964	2.3689902	2.597217	0.9490025	4.1831694
chr13	27475000	27480000	chr13	27825000	27830000	0,0,0	4.844248	0.99961233	1.9448133	4.68291	5.005729	3.6936388	2.204645	7.856225
chr13	59680000	59685000	chr13	60325000	60330000	0,0,0	8.757311	0.99997777	3.5429628	5.237327	7.3506494	6.060184	2.905435	10.715586
chr13	98140000	98145000	chr13	98430000	98435000	0,0,0	6.42956	0.9995445	3.2081625	3.3788273	4.3346405	4.691547	1.2681756	7.694949
chr13	77780000	77785000	chr13	78115000	78120000	0,0,0	8.098184	0.9997575	3.7288933	4.0855446	4.9759445	4.6939826	2.1978693	8.325578
chr13	77590000	77595000	chr13	77755000	77760000	0,0,0	6.5489583	1.0	2.8184962	2.6179693	3.5568957	3.1399405	1.3403904	5.4670243
chr13	27825000	27830000	chr13	27950000	27955000	0,0,0	5.2452183	0.9995943	2.018544	4.089649	5.462654	4.1753225	2.3286939	7.8105664
chr13	75675000	75680000	chr13	76475000	76480000	0,0,0	14.07623	1.0	6.33855	4.0953245	5.015262	4.5828977	2.0315914	8.223186
chr13	109145000	109150000	chr13	110105000	110110000	0,0,0	6.455844	0.99930453	2.8637428	3.1275036	4.758202	4.4916935	1.64933	7.2716966
chr13	107205000	107210000	chr13	108155000	108160000	0,0,0	7.2239313	0.9995444	3.0062597	3.3858058	5.3265996	4.6850147	1.5096081	7.6946197
chr13	77490000	77495000	chr13	77560000	77565000	0,0,0	9.606452	0.99996203	3.6550612	5.4917927	7.1085606	5.298628	2.424107	10.180222
chr13	29770000	29775000	chr13	29925000	29930000	0,0,0	4.2175417	0.98629266	1.8148174	2.2759233	2.681031	2.267224	0.8539747	4.290267
chr13	102140000	102145000	chr13	102555000	102560000	0,0,0	4.857998	1.0	2.4632294	2.0429487	2.5964901	2.8812354	1.2274718	4.69719
chr13	33930000	33935000	chr13	34075000	34080000	0,0,0	11.226691	0.99999535	4.0601826	6.4409056	9.025614	6.5525565	2.260858	12.277805
chr13	97030000	97035000	chr13	97345000	97350000	0,0,0	4.540623	0.9978943	2.714217	2.3528855	2.6974337	4.072281	1.2221807	6.1637344
chr13	90595000	90600000	chr13	90865000	90870000	0,0,0	5.151642	0.99694145	2.510358	2.781377	3.2480388	3.3180761	1.5405282	5.7904115
chr13	59685000	59690000	chr13	60425000	60430000	0,0,0	7.489242	1.0	3.0225244	4.177087	4.7068396	3.5789769	1.9556532	7.291943
chr13	49650000	49655000	chr13	49845000	49850000	0,0,0	5.3057947	0.9988007	3.0244908	2.6775753	3.1803377	4.346626	1.427662	6.7266927
chr13	41060000	41065000	chr13	41215000	41220000	0,0,0	5.888219	0.99806756	2.785298	2.702582	3.7945957	3.8473227	1.9498712	6.2496176
chr13	31430000	31435000	chr13	31795000	31800000	0,0,0	4.0857177	0.997039	1.9524833	2.2248597	3.637909	3.8451805	1.1759368	5.8228335
chr13	84915000	84920000	chr13	85810000	85815000	0,0,0	9.575208	1.0	4.883744	8.121384	10.391352	11.658691	4.275263	18.877699
chr13	45045000	45050000	chr13	45280000	45285000	0,0,0	13.111643	1.0	4.6171403	11.793152	15.549757	10.703354	4.664628	21.186155
chr13	28320000	28325000	chr13	28635000	28640000	0,0,0	5.653256	0.99976534	2.550691	3.673943	5.3302374	5.0923767	1.6041477	8.358104
chr13	39050000	39055000	chr13	39615000	39620000	0,0,0	6.48861	0.9998973	2.39026	5.2269673	6.4509234	4.5384426	1.8582337	9.184636
chr13	48130000	48135000	chr13	48760000	48765000	0,0,0	6.292035	0.99822795	3.138104	3.2253082	3.3500066	3.4693258	1.7623024	6.3362665
chr13	25570000	25575000	chr13	26070000	26075000	0,0,0	8.235546	0.99999756	3.950442	5.7138667	7.647197	7.841266	2.9241438	12.9202585
chr13	75870000	75875000	chr13	76470000	76475000	0,0,0	11.17926	0.99999917	3.8701773	7.897068	10.333627	6.9609275	3.064224	13.980543
chr13	98475000	98480000	chr13	98650000	98655000	0,0,0	5.1048036	0.9959978	3.0300786	2.1433313	2.4346993	3.6162987	1.5562712	5.521482
chr13	39680000	39685000	chr13	40680000	40685000	0,0,0	8.003039	0.9998792	3.5864944	3.34629	6.1064754	6.047683	1.748808	9.022162
chr13	44050000	44055000	chr13	44435000	44440000	0,0,0	13.988469	1.0	5.1141276	9.737812	14.251934	10.633669	4.4203925	19.289501
chr13	45805000	45810000	chr13	46125000	46130000	0,0,0	4.589653	0.9989421	2.1488378	3.0170443	4.1852837	4.1703434	1.3209102	6.852161
chr13	101510000	101515000	chr13	101755000	101760000	0,0,0	6.381575	0.99966055	2.4839778	4.1203723	5.563871	4.3265324	1.5723169	7.989085
chr13	75875000	75880000	chr13	76015000	76020000	0,0,0	5.8300457	1.0	2.303028	3.0546136	3.9005494	3.0269122	1.2108649	5.742124
chr13	94675000	94680000	chr13	95400000	95405000	0,0,0	5.736001	0.99926364	2.2742176	3.9463403	4.8301053	3.7066607	1.720729	7.2145185
chr13	52610000	52615000	chr13	52805000	52810000	0,0,0	5.4966006	1.0	2.6165812	1.985465	3.448551	3.6599855	1.0813228	5.424844
chr13	52340000	52345000	chr13	52450000	52455000	0,0,0	5.489472	0.99812835	2.0471134	3.7065318	4.301535	2.9868786	1.5521038	6.281574
chr13	73755000	73760000	chr13	74285000	74290000	0,0,0	7.0509768	0.9996766	2.8290744	4.5365214	5.2513523	4.004954	1.9016594	8.037417
chr13	29510000	29515000	chr13	30110000	30115000	0,0,0	8.540156	1.0	3.064414	4.300755	5.5437493	3.8571243	1.7000288	7.6800175
chr13	28675000	28680000	chr13	28795000	28800000	0,0,0	4.080765	1.0	2.3618176	1.2194082	1.8990492	2.7277658	0.4992517	3.8116841
chr13	29770000	29775000	chr13	30110000	30115000	0,0,0	10.122039	0.9999984	3.538106	7.8448153	9.652242	6.383285	3.001386	13.356454
chr13	96820000	96825000	chr13	96955000	96960000	0,0,0	8.210924	1.0	4.2203727	2.556634	4.257943	5.0179067	1.423665	7.29047
chr13	51815000	51820000	chr13	52190000	52195000	0,0,0	4.686474	0.9945834	2.3807182	2.5898943	2.7170525	2.9167101	1.5872085	5.218838
chr13	100720000	100725000	chr13	101120000	101125000	0,0,0	6.320823	1.0	2.7023826	3.3920295	3.44824	2.736012	1.352336	5.751149
chr13	75370000	75375000	chr13	75545000	75550000	0,0,0	4.614292	0.9911778	1.9477395	2.4917448	3.0259738	2.5160892	1.2341377	4.7309732
chr13	95185000	95190000	chr13	95380000	95385000	0,0,0	9.1326475	0.9999825	4.5805902	3.7778616	6.64155	7.595136	2.3937607	10.953236
chr13	20180000	20185000	chr13	20920000	20925000	0,0,0	9.485183	1.0	3.7563589	3.9839456	5.470811	4.3666124	1.642083	7.9078975
chr13	43910000	43915000	chr13	44045000	44050000	0,0,0	8.895748	0.9998761	3.801823	4.1106734	5.9943995	5.342939	1.856265	8.996871
chr13	24020000	24025000	chr13	24220000	24225000	0,0,0	9.048678	0.9999994	3.691355	8.458817	9.020258	6.8036633	3.4632378	14.322612
chr13	97110000	97115000	chr13	97210000	97215000	0,0,0	5.1610336	0.99664605	2.6058054	2.4128225	3.201688	3.5534775	0.95154023	5.6982083
chr13	97105000	97110000	chr13	97345000	97350000	0,0,0	7.741879	0.99998397	3.6773038	4.9129143	6.602446	6.6759586	2.2736697	11.042994
chr13	43905000	43910000	chr13	44470000	44475000	0,0,0	24.85639	1.0	8.119902	14.982039	19.656286	12.4862385	5.587012	25.803606
chr13	45045000	45050000	chr13	45310000	45315000	0,0,0	9.714658	0.9999996	4.431135	5.3600035	9.791431	9.911303	3.3944035	14.67575
chr13	102585000	102590000	chr13	102720000	102725000	0,0,0	8.114429	0.99991524	3.8596978	3.5866983	5.888758	6.188441	1.9094107	9.376617
chr13	41665000	41670000	chr13	42110000	42115000	0,0,0	8.450949	0.9999854	3.9671657	3.8245769	7.3179903	7.7344904	1.9540019	11.134114
chr13	40405000	40410000	chr13	40665000	40670000	0,0,0	4.740534	0.9939235	2.2145371	2.2967076	3.101007	3.0623338	1.1284665	5.103852
chr16	82030000	82035000	chr16	82230000	82235000	0,0,0	8.328124	0.99993247	3.5377007	4.752636	6.255007	5.3789606	2.054505	9.603526
chr16	22195000	22200000	chr16	22295000	22300000	0,0,0	12.614776	1.0	4.796181	4.7191496	6.9416447	5.4096107	1.9559026	9.60441
chr16	68260000	68265000	chr16	68325000	68330000	0,0,0	7.055317	1.0	3.2138739	2.7220027	4.0871243	3.9844115	1.5751414	6.40397
chr16	19900000	19905000	chr16	20380000	20385000	0,0,0	10.468589	0.9999958	4.4706707	5.4902515	8.346238	7.5092416	2.2510622	12.389465
chr16	19220000	19225000	chr16	19375000	19380000	0,0,0	4.826712	0.9976731	2.0479503	3.2300203	3.8396614	3.192723	1.4798309	6.0638523
chr16	19385000	19390000	chr16	19500000	19505000	0,0,0	9.248138	1.0	3.3398595	4.9969444	6.060566	4.1325626	2.0674808	8.574291
chr16	22000000	22005000	chr16	22185000	22190000	0,0,0	7.9303737	1.0	2.8423395	3.5951352	5.057128	3.6420512	1.5768437	6.837727
chr16	15765000	15770000	chr16	16135000	16140000	0,0,0	4.6436496	0.99937975	2.526089	3.0892549	3.7181385	4.640138	1.2766795	7.386142
chr16	22000000	22005000	chr16	22075000	22080000	0,0,0	4.747013	0.99801713	2.3273766	2.4291258	3.742336	4.064645	1.3923979	6.2238674
chr16	25275000	25280000	chr16	25705000	25710000	0,0,0	6.540557	1.0	3.1960022	1.7906767	3.0906897	3.397095	1.0043112	4.9888077
chr16	69795000	69800000	chr16	69925000	69930000	0,0,0	5.909966	1.0	2.9012282	2.074075	2.7688415	2.940867	1.1114719	4.784489
chr16	27175000	27180000	chr16	27455000	27460000	0,0,0	5.197213	1.0	2.1100063	3.024052	3.2902849	2.486056	1.2956587	5.1741023
chr16	50370000	50375000	chr16	50510000	50515000	0,0,0	4.9622455	0.9949389	2.1828194	3.066777	3.0934432	2.5607018	1.5028375	5.286726
chr16	10310000	10315000	chr16	10510000	10515000	0,0,0	6.8532524	0.99966276	2.8975818	3.9169009	5.252548	4.5139284	1.994884	7.995618
chr16	80525000	80530000	chr16	80825000	80830000	0,0,0	5.7919784	0.9989491	2.4617095	3.0654664	4.6292553	4.133946	1.4465269	6.858805
chr16	19905000	19910000	chr16	20305000	20310000	0,0,0	6.1599526	0.9998271	3.1011646	3.9303784	4.7566776	5.1699195	2.3584816	8.6635895
chr16	55940000	55945000	chr16	56315000	56320000	0,0,0	5.821362	0.9979645	2.585251	3.1709642	3.7977924	3.3790252	1.3381531	6.1976604
chr16	84275000	84280000	chr16	84485000	84490000	0,0,0	10.650148	0.9999914	3.4733782	7.023122	8.774213	5.4255657	2.749953	11.668341
chr16	50325000	50330000	chr16	50660000	50665000	0,0,0	4.575987	0.99731666	2.0728161	2.9421315	3.5900168	3.3060815	1.2736509	5.92131
chr16	18985000	18990000	chr16	19065000	19070000	0,0,0	6.013058	1.0	2.9134128	2.1399846	3.5588756	3.844752	1.3553082	5.74696
chr16	13920000	13925000	chr16	14285000	14290000	0,0,0	9.9677305	0.99998784	4.918473	4.444332	6.7355886	7.3669147	2.6739042	11.317431
chr16	2020000	2025000	chr16	2135000	2140000	0,0,0	8.132436	1.0	3.5852854	3.278062	4.229937	3.803905	1.7793391	6.717738
chr16	110000	115000	chr16	360000	365000	0,0,0	10.988301	0.9999914	4.4396534	5.1605434	8.285449	7.0814147	2.7264137	11.668565
chr16	51815000	51820000	chr16	51980000	51985000	0,0,0	8.41435	1.0	3.2979374	4.008106	5.333944	4.16071	1.4644927	7.723471
chr16	86575000	86580000	chr16	86870000	86875000	0,0,0	9.392679	1.0	2.964514	5.372964	5.461993	2.8440988	1.7982262	7.620067
chr16	23795000	23800000	chr16	24010000	24015000	0,0,0	5.403273	0.9992067	2.5175679	3.1042917	4.406087	4.380698	1.6942099	7.1400685
chr16	74995000	75000000	chr16	75105000	75110000	0,0,0	7.762362	0.9999004	3.4849372	4.260258	5.8044825	5.4285665	1.7423142	9.215463
chr16	75195000	75200000	chr16	75760000	75765000	0,0,0	17.836689	1.0	7.3985357	2.6216173	4.355467	3.8664846	1.2697064	6.1968107
chr16	10515000	10520000	chr16	10735000	10740000	0,0,0	14.533651	1.0	5.1179852	6.899212	10.699542	7.84501	3.526633	13.977643
chr16	1105000	1110000	chr16	1200000	1205000	0,0,0	4.6810203	0.9914092	2.3044343	2.2308004	2.6587276	2.7746181	1.1990398	4.7575517
chr16	72500000	72505000	chr16	73195000	73200000	0,0,0	7.040981	1.0	2.4190495	4.5678577	4.7023416	2.7510614	1.9107388	6.8113794
chr16	21155000	21160000	chr16	21300000	21305000	0,0,0	4.895692	0.9949741	2.412646	2.1407213	3.1248088	3.3908305	1.2203555	5.293694
chr16	47140000	47145000	chr16	48160000	48165000	0,0,0	9.767458	0.99999785	3.3989265	7.6202507	9.479679	6.271346	2.834183	13.044902
chr16	86560000	86565000	chr16	87015000	87020000	0,0,0	5.037245	0.99607855	2.3107996	2.4099526	3.4818656	3.3996933	1.326319	5.541873
chr16	10965000	10970000	chr16	11370000	11375000	0,0,0	12.272198	1.0	5.9476266	4.19363	4.318794	4.2395926	1.669225	7.9672637
chr16	73565000	73570000	chr16	73875000	73880000	0,0,0	4.772655	0.99679327	2.3722093	2.558046	3.2343113	3.4692721	1.5280255	5.743091
chr16	75785000	75790000	chr16	76650000	76655000	0,0,0	6.282086	0.9994351	3.0335908	3.3764672	4.3551426	4.4783444	1.2273079	7.4796486
chr16	77235000	77240000	chr16	77585000	77590000	0,0,0	15.351472	1.0	6.3364325	8.733701	11.806163	9.862693	4.608574	17.625982
chr16	55465000	55470000	chr16	55700000	55705000	0,0,0	21.319305	1.0	6.3709598	12.374036	16.000118	9.25254	5.010847	20.251682
chr16	8660000	8665000	chr16	8790000	8795000	0,0,0	8.845793	1.0	3.444386	4.0376797	6.031957	4.8491297	1.4219879	8.438178
chr16	56575000	56580000	chr16	56700000	56705000	0,0,0	7.168289	0.9995508	3.360464	2.776984	5.009918	5.2404375	1.3239793	7.708868
chr16	24045000	24050000	chr16	24500000	24505000	0,0,0	11.787075	1.0	6.28813	3.8053696	5.9605665	7.404651	2.5254936	10.787202
chr16	30450000	30455000	chr16	30625000	30630000	0,0,0	6.1456237	1.0	3.2514973	2.5768785	2.8459306	3.328166	1.1715914	5.6187243
chr16	82260000	82265000	chr16	82575000	82580000	0,0,0	5.5858665	1.0	2.6418521	1.9520671	3.1362624	3.2584429	1.2427379	4.9936137
chr16	29095000	29100000	chr16	29725000	29730000	0,0,0	6.483396	1.0	2.634403	3.3224225	3.4267404	2.5317583	1.4962139	5.4850225
chr16	48685000	48690000	chr16	49350000	49355000	0,0,0	10.181308	0.99999976	3.9305623	7.399865	10.840579	8.579977	3.0735753	15.157635
chr16	84620000	84625000	chr16	84730000	84735000	0,0,0	5.8546906	1.0	2.1936636	3.568509	3.6909618	2.4317873	1.2877002	5.6037955
chr16	75785000	75790000	chr16	77170000	77175000	0,0,0	12.17216	1.0	5.3678803	5.2858367	7.1354804	6.4967127	2.5419278	11.195235
chr16	15425000	15430000	chr16	15700000	15705000	0,0,0	5.2488713	0.99632275	2.151685	3.285927	3.5258105	2.6853437	1.2019594	5.606168
chr16	1860000	1865000	chr16	1930000	1935000	0,0,0	8.262786	1.0	2.887484	4.4109592	5.805861	3.960647	1.7320029	7.8815
chr16	68695000	68700000	chr16	68800000	68805000	0,0,0	4.491287	0.99619997	2.2731862	2.4409676	3.080273	3.4035757	1.1044402	5.5733247
chr16	87315000	87320000	chr16	87630000	87635000	0,0,0	6.5850673	1.0	2.9346619	2.499633	3.2059777	2.9223795	1.2149236	5.1442757
chr16	70995000	71000000	chr16	71350000	71355000	0,0,0	4.6266947	0.99712855	2.0901515	3.1422405	3.4431791	3.0604405	1.8076664	5.8535433
chr16	67670000	67675000	chr16	67815000	67820000	0,0,0	4.2748	0.9909878	2.1038837	2.0573807	2.7084298	2.8808796	0.85627055	4.7096624
chr16	19085000	19090000	chr16	19180000	19185000	0,0,0	7.433431	1.0	2.5961578	4.3169994	5.1251984	3.32609	1.5076275	7.163423
chr16	57575000	57580000	chr16	57720000	57725000	0,0,0	12.995068	1.0	4.4794264	5.333259	6.3736296	4.08854	1.7917037	8.829214
chr16	84755000	84760000	chr16	84950000	84955000	0,0,0	9.328825	0.9999722	4.1007104	5.0184135	6.6795573	6.032654	2.3356357	10.493466
chr16	55465000	55470000	chr16	55540000	55545000	0,0,0	6.2525873	1.0	2.238027	3.2848568	4.5250745	3.2278051	1.5324068	6.147678
chr16	57300000	57305000	chr16	57515000	57520000	0,0,0	5.6892796	1.0	2.52708	2.4600964	2.858296	2.5208027	1.185517	4.7075553
chr16	46850000	46855000	chr16	46910000	46915000	0,0,0	4.7259827	0.99625397	2.5290818	1.6389654	3.2390313	4.130785	1.2538233	5.5876427
chr16	83955000	83960000	chr16	84065000	84070000	0,0,0	8.442079	1.0	4.246714	2.3751638	4.180648	4.8021293	1.4578489	6.9133854
chr16	48685000	48690000	chr16	49180000	49185000	0,0,0	5.5603137	0.9995707	2.0093937	4.85221	5.311406	3.4411724	1.8887808	7.7542477
chr16	57895000	57900000	chr16	58000000	58005000	0,0,0	6.6775756	1.0	2.7632875	2.9018106	4.3664427	3.772037	1.4764962	6.351424
chr16	27155000	27160000	chr16	27365000	27370000	0,0,0	4.982674	0.99600536	2.0851731	2.8240013	3.6066327	3.0131493	1.3146273	5.5233727
chr16	57300000	57305000	chr16	57415000	57420000	0,0,0	12.221398	0.9999975	4.0925226	6.6072636	10.096701	7.0208263	3.2164304	12.8939495
chr16	86560000	86565000	chr16	87060000	87065000	0,0,0	17.362537	1.0	6.1695385	9.328301	12.049476	8.300889	3.665945	16.592712
chr16	74705000	74710000	chr16	74860000	74865000	0,0,0	6.2969604	0.9990851	2.8514204	3.0251398	4.4699984	4.308461	1.7750003	6.997474
chr16	58340000	58345000	chr16	58655000	58660000	0,0,0	5.4819937	0.9971256	2.657873	3.1399124	3.1409976	3.0615034	1.3135365	5.8525367
chr16	88440000	88445000	chr16	88525000	88530000	0,0,0	11.911242	1.0	4.4790425	4.8037505	5.94059	4.286852	2.4721558	8.556852
chr16	81940000	81945000	chr16	82230000	82235000	0,0,0	6.2245636	0.9993004	2.9237502	3.028275	4.506144	4.57402	1.5338266	7.26582
chr16	16625000	16630000	chr16	18725000	18730000	0,0,0	14.945919	1.0	2.4690392	47.65113	60.47258	22.270533	17.24355	64.6271
chr16	75230000	75235000	chr16	75400000	75405000	0,0,0	6.8306026	0.99994487	2.6311147	5.7410583	6.549719	4.703132	2.3009498	9.806295
chr16	52065000	52070000	chr16	53020000	53025000	0,0,0	11.79381	0.9999977	4.5646734	6.213712	9.315144	7.446676	2.5778046	12.969975
chr16	72240000	72245000	chr16	72465000	72470000	0,0,0	5.760004	1.0	2.7044055	2.495703	3.4663563	3.4690166	1.0966635	5.6874194
chr16	4725000	4730000	chr16	4950000	4955000	0,0,0	6.960346	1.0	3.4341502	2.7155318	4.1192822	4.505315	1.2588305	6.919121
chr16	50370000	50375000	chr16	50665000	50670000	0,0,0	7.072751	0.9995854	2.500617	3.996872	5.868925	4.236167	1.6994165	7.788942
chr16	5245000	5250000	chr16	5610000	5615000	0,0,0	4.222345	1.0	2.3884919	1.6030487	2.0191112	2.7314558	0.8852362	4.1563883
chr16	78120000	78125000	chr16	78235000	78240000	0,0,0	6.706703	1.0	2.956698	2.7450697	3.9873958	3.6949637	1.0710813	6.1350255
chr16	12570000	12575000	chr16	12815000	12820000	0,0,0	5.333012	0.99887675	2.4894025	2.8513436	4.2332163	4.2577233	1.3942451	6.792251
chr16	69145000	69150000	chr16	69285000	69290000	0,0,0	5.9494624	1.0	3.5119574	1.8395069	2.680206	3.9884229	1.2348112	5.6235404
chr16	67670000	67675000	chr16	67925000	67930000	0,0,0	9.375345	1.0	4.143891	4.194809	4.901245	4.2983885	1.528011	8.027107
chr16	15870000	15875000	chr16	16125000	16130000	0,0,0	4.6103287	0.99939054	2.0140777	3.6968803	4.6660643	4.1175466	1.7378323	7.4036627
chr16	86560000	86565000	chr16	87275000	87280000	0,0,0	13.37793	1.0	5.540021	3.5443056	5.518432	4.813502	1.9210271	7.963996
chr16	84510000	84515000	chr16	84620000	84625000	0,0,0	6.1968145	0.99813044	2.7135031	2.8875914	4.074328	3.7159708	1.3509341	6.2827187
chr16	55465000	55470000	chr16	55845000	55850000	0,0,0	7.6452913	1.0	3.8501048	2.2363	2.5199862	2.702686	1.2603021	4.6905084
chr16	12455000	12460000	chr16	12815000	12820000	0,0,0	4.4517994	0.993351	2.2882917	1.6262249	2.9941297	3.5682743	0.97545576	5.013808
chr16	4355000	4360000	chr16	4400000	4405000	0,0,0	6.8248105	0.99974245	2.366615	5.050541	5.910686	3.775687	1.6646562	8.265057
chr16	19085000	19090000	chr16	19375000	19380000	0,0,0	12.372447	1.0	4.207505	6.318971	9.522161	6.681806	2.7131932	12.298669
chr16	50020000	50025000	chr16	50210000	50215000	0,0,0	5.7653008	0.99723196	2.712324	2.4935896	3.6268418	3.6736972	1.0961443	5.8902216
chr16	27230000	27235000	chr16	27365000	27370000	0,0,0	4.108931	0.9930506	2.1241937	1.75686	2.872309	3.4079602	0.966434	4.9696136
chr16	14295000	14300000	chr16	14525000	14530000	0,0,0	9.142791	0.9999772	3.7486422	5.2687454	7.218206	6.0044084	2.5917015	10.687737
chr16	15765000	15770000	chr16	16190000	16195000	0,0,0	7.8987246	0.9999585	3.1075222	5.7440295	6.6928	4.986004	2.408211	10.091807
chr16	87775000	87780000	chr16	87905000	87910000	0,0,0	11.131911	1.0	4.116002	4.3153324	5.7689023	4.2133164	1.8886863	8.049168
chr16	66405000	66410000	chr16	66480000	66485000	0,0,0	11.155276	0.99998695	3.8087575	6.446908	8.35016	5.5167	2.419146	11.247285
chr16	66975000	66980000	chr16	67155000	67160000	0,0,0	5.0796213	0.99887735	2.7230427	2.6800165	3.5839942	4.410546	1.5689828	6.792783
chr16	87775000	87780000	chr16	87870000	87875000	0,0,0	11.066235	0.9999936	3.0841796	7.890815	9.542014	4.953184	2.8721333	11.967241
chr16	55710000	55715000	chr16	55840000	55845000	0,0,0	20.358295	1.0	6.451284	7.091188	10.6509	6.997244	2.4434228	13.300522
chr16	29690000	29695000	chr16	30020000	30025000	0,0,0	11.728547	1.0	5.4481072	3.9909136	4.9852743	4.795767	2.0415492	8.3432455
chr16	84785000	84790000	chr16	84950000	84955000	0,0,0	5.849592	0.99971324	2.1477573	4.8901925	5.6212454	3.8108144	1.8586174	8.157652
chr16	82365000	82370000	chr16	82575000	82580000	0,0,0	4.487196	1.0	2.1439617	2.1250613	2.4557211	2.422932	1.0399086	4.3118753
chr16	18800000	18805000	chr16	18965000	18970000	0,0,0	6.3252764	1.0	3.5221968	2.1266031	2.8074992	3.6998546	1.0684792	5.5901685
chr16	70090000	70095000	chr16	74535000	74540000	0,0,0	526.37646	1.0	149.44421	15.013436	17.592943	9.087395	6.7448635	22.432673
chr16	53050000	53055000	chr16	53160000	53165000	0,0,0	4.7224216	1.0	2.0003798	2.528905	2.6510055	2.0995133	1.0425913	4.347429
chr16	58335000	58340000	chr16	58485000	58490000	0,0,0	7.323205	0.9997564	3.103694	3.6712646	5.6554923	5.057472	1.432422	8.320819
chr16	68900000	68905000	chr16	69120000	69125000	0,0,0	7.8719287	0.99994904	3.6493857	4.667224	5.9512367	5.7362413	2.0762453	9.884885
chr16	10965000	10970000	chr16	11255000	11260000	0,0,0	8.261899	0.99984145	4.825237	2.9383779	4.2180166	6.1383877	1.5092459	8.750279
chr16	49405000	49410000	chr16	49920000	49925000	0,0,0	8.633312	1.0	3.0507612	3.9095683	4.6980057	3.1094153	1.488106	6.584587
chr16	50210000	50215000	chr16	50350000	50355000	0,0,0	5.387383	1.0	2.4446826	1.9039247	2.5867524	2.4538898	0.97417843	4.1462674
chr16	87415000	87420000	chr16	87635000	87640000	0,0,0	5.8532286	1.0	2.671744	1.9029272	3.6563802	3.734054	1.0098883	5.425545
chr16	52065000	52070000	chr16	52915000	52920000	0,0,0	5.6995106	0.99987143	2.7791417	3.778102	5.2845483	5.6018705	1.7893661	8.960183
chr16	19600000	19605000	chr16	19885000	19890000	0,0,0	24.0742	1.0	6.992133	12.888019	16.366594	9.118432	4.5361867	20.57445
chr16	75195000	75200000	chr16	75405000	75410000	0,0,0	7.6138277	0.99992734	3.102985	4.97186	6.336693	5.1112304	2.8226275	9.530662
chr16	81365000	81370000	chr16	81720000	81725000	0,0,0	8.587248	0.99999005	3.3107364	7.077197	7.521616	5.229109	2.735482	11.519951
chr16	81625000	81630000	chr16	81720000	81725000	0,0,0	4.2555704	1.0	2.3932285	1.1903219	1.8795412	2.561042	0.86032164	3.619106
chr16	5240000	5245000	chr16	5480000	5485000	0,0,0	6.1340337	1.0	2.8588722	2.5968223	3.398316	3.3214583	0.9916182	5.629745
chr16	20845000	20850000	chr16	21080000	21085000	0,0,0	10.0212965	0.9999986	3.732698	8.117344	9.159181	6.2652354	2.7883902	13.480652
chr16	11405000	11410000	chr16	11715000	11720000	0,0,0	6.8970537	0.99930036	2.8565135	3.2004492	5.050588	4.4208784	1.5265404	7.2657228
chr16	85820000	85825000	chr16	85985000	85990000	0,0,0	13.034517	0.99999917	3.9917603	8.431878	10.957615	6.5028486	3.0139263	13.997852
chr16	74310000	74315000	chr16	74625000	74630000	0,0,0	8.947551	1.0	4.5467024	3.4148788	4.9468384	5.623171	1.8137753	8.658619
chr16	77235000	77240000	chr16	77655000	77660000	0,0,0	6.988094	0.99943405	3.0088735	3.6862404	4.810138	4.2011642	1.6360052	7.4778223
chr16	69395000	69400000	chr16	69755000	69760000	0,0,0	5.343617	0.9984672	2.456374	3.0311716	3.9562361	3.7869513	1.2182407	6.4813256
chr16	81400000	81405000	chr16	81730000	81735000	0,0,0	8.46546	0.9998533	4.5999103	3.3656144	4.615881	5.836487	1.385459	8.828144
chr16	16605000	16610000	chr16	18745000	18750000	0,0,0	13.377329	1.0	3.8971984	23.562138	35.88117	22.099564	13.592933	43.043686
chr16	86210000	86215000	chr16	86510000	86515000	0,0,0	5.382398	1.0	2.2896638	2.438167	3.3250759	2.8940945	1.1742755	5.061354
chr16	74445000	74450000	chr16	74605000	74610000	0,0,0	5.080007	0.99670875	2.1368487	3.3814304	3.4846745	2.7113562	1.550061	5.717072
chr16	85820000	85825000	chr16	86015000	86020000	0,0,0	13.472344	0.9999987	4.323073	8.101787	10.316149	6.337954	2.822503	13.539542
chr16	10255000	10260000	chr16	10505000	10510000	0,0,0	7.4880896	0.9997391	2.889568	3.5301282	6.153483	5.1144705	1.9394506	8.252362
chr16	8660000	8665000	chr16	8875000	8880000	0,0,0	7.173065	1.0	2.6805003	4.193447	4.7920947	3.311884	1.7466972	7.0393925
chr16	23180000	23185000	chr16	23430000	23435000	0,0,0	12.407971	0.9999985	5.4377837	6.143742	8.709878	7.9617887	2.6128488	13.422893
chr16	86070000	86075000	chr16	86520000	86525000	0,0,0	17.33728	1.0	5.3713803	9.039114	11.8805275	7.172868	4.1225142	15.207636
chr16	19180000	19185000	chr16	19370000	19375000	0,0,0	4.170887	0.99307287	2.0475626	2.1898785	2.860649	3.0262666	0.9958631	4.972825
chr16	52065000	52070000	chr16	52860000	52865000	0,0,0	4.7953525	0.9993116	2.432762	2.5273194	4.34212	5.0354505	1.2339665	7.2819567
chr16	71410000	71415000	chr16	71495000	71500000	0,0,0	4.8354588	1.0	2.268418	2.1299322	2.6142657	2.542222	0.7704555	4.435495
chr16	55550000	55555000	chr16	55700000	55705000	0,0,0	4.664687	0.99064213	2.2814252	1.9211137	2.7691426	2.9643621	0.7359666	4.672019
chr16	87200000	87205000	chr16	87280000	87285000	0,0,0	6.9080477	1.0	3.029343	3.0092793	3.9250274	3.5141034	1.2403252	6.1890182
chr16	28320000	28325000	chr16	28545000	28550000	0,0,0	4.5617576	0.99253535	2.087304	2.1596901	3.0715466	2.978364	1.2001396	4.8980885
chr16	68395000	68400000	chr16	68515000	68520000	0,0,0	4.639514	1.0	2.1816914	2.4026098	2.474142	2.304644	1.0233479	4.440297
chr16	11970000	11975000	chr16	12060000	12065000	0,0,0	4.778427	1.0	2.5326042	1.7923032	2.0294945	2.390767	0.8770405	3.9839256
chr16	77675000	77680000	chr16	77970000	77975000	0,0,0	11.8903675	1.0	4.506926	9.178793	12.774427	9.737313	4.0398183	17.89624
chr16	58510000	58515000	chr16	58635000	58640000	0,0,0	6.3866844	0.99913985	2.9767153	3.2233868	4.27739	4.193922	1.592038	7.059155
chr16	86340000	86345000	chr16	86515000	86520000	0,0,0	11.029296	1.0	3.6878536	6.098613	7.3576713	4.585253	2.7702172	10.006243
chr4	53195000	53200000	chr4	53900000	53905000	0,0,0	4.8242555	0.99846154	2.5377593	2.8110335	3.3915684	3.9789505	1.5369496	6.477647
chr4	73590000	73595000	chr4	73650000	73655000	0,0,0	7.4364266	0.99975914	2.4430141	5.026527	6.2287674	3.8641667	1.9477569	8.3321905
chr4	113395000	113400000	chr4	113890000	113895000	0,0,0	8.061234	0.9999879	2.629254	7.0069675	8.420325	5.0965877	2.6037846	11.325004
chr4	39465000	39470000	chr4	39970000	39975000	0,0,0	12.507815	0.99999934	5.4854956	6.775696	9.117307	8.232247	3.5643559	14.255088
chr4	173020000	173025000	chr4	173255000	173260000	0,0,0	10.976768	0.9999992	5.243853	5.8243833	8.573967	8.897946	3.201013	14.075176
chr4	169810000	169815000	chr4	170045000	170050000	0,0,0	9.563935	0.9999987	4.2454987	5.386001	9.083133	8.765439	2.5313857	13.552996
chr4	37450000	37455000	chr4	37565000	37570000	0,0,0	5.8683324	1.0	2.7619872	1.9313245	2.808674	2.846636	0.80753016	4.563369
chr4	8465000	8470000	chr4	8590000	8595000	0,0,0	6.296739	1.0	2.9121828	2.231669	3.6106322	3.643989	1.0731658	5.6276946
chr4	78945000	78950000	chr4	80215000	80220000	0,0,0	7.183952	1.0	3.455827	2.5617056	4.1492176	4.4195905	1.5493697	6.6966615
chr4	149370000	149375000	chr4	149895000	149900000	0,0,0	9.293496	0.99995595	4.37657	4.3623576	6.111094	6.1532288	2.1817694	10.03088
chr4	69895000	69900000	chr4	70180000	70185000	0,0,0	5.1388254	0.9980752	2.009355	3.0882764	4.406394	3.5084472	1.5719042	6.2535815
chr4	111170000	111175000	chr4	111470000	111475000	0,0,0	4.51667	0.99643683	2.3106568	2.5021148	3.0513427	3.4135847	1.4839619	5.6376867
chr4	121905000	121910000	chr4	122575000	122580000	0,0,0	7.826161	0.99991727	3.6573436	4.4880013	5.5805264	5.4116626	2.4582274	9.400997
chr4	10580000	10585000	chr4	11720000	11725000	0,0,0	7.7556353	0.9998987	3.6816595	4.347603	5.3756456	5.3334775	1.7364246	9.198013
chr4	120150000	120155000	chr4	121250000	121255000	0,0,0	5.5955133	0.99798083	2.3758156	2.5941737	4.282318	3.8997955	1.3303665	6.2057276
chr4	6250000	6255000	chr4	6325000	6330000	0,0,0	8.738613	1.0	3.5925283	4.18001	5.5233707	4.5585737	1.8343714	8.274138
chr4	152410000	152415000	chr4	152635000	152640000	0,0,0	5.5537767	1.0	2.5451977	2.9914143	3.1357293	2.8126707	1.2179826	5.4717054
chr4	90125000	90130000	chr4	90290000	90295000	0,0,0	4.510963	0.9910992	2.4536695	1.6371701	2.5463958	3.266842	0.9777466	4.722104
chr4	69690000	69695000	chr4	70505000	70510000	0,0,0	5.3936315	0.9992972	2.6153417	3.1528506	4.2677526	4.4586444	1.7182595	7.261178
chr4	158725000	158730000	chr4	159200000	159205000	0,0,0	8.155754	0.9999807	3.3258107	5.0324883	7.529792	6.3833513	2.5871944	10.856674
chr4	165535000	165540000	chr4	166090000	166095000	0,0,0	11.526857	1.0	3.8285668	10.454536	13.898499	9.035093	4.0276895	18.328014
chr4	87675000	87680000	chr4	87845000	87850000	0,0,0	6.8849144	0.9991808	3.196815	2.9197514	4.489406	4.5125504	1.2986404	7.107885
chr4	68495000	68500000	chr4	69170000	69175000	0,0,0	11.234081	1.0	4.2897887	9.444459	13.633544	10.609676	3.647459	19.004753
chr4	184265000	184270000	chr4	184535000	184540000	0,0,0	9.004813	0.9999944	3.535634	6.351822	8.30068	6.4472523	3.0827963	12.093317
chr4	85795000	85800000	chr4	85965000	85970000	0,0,0	5.2380877	0.99791634	2.6211479	2.4960248	3.57175	3.9555674	1.060438	6.1742563
chr4	25985000	25990000	chr4	26410000	26415000	0,0,0	4.8284154	0.9992553	2.3592625	3.281106	4.115073	4.2867236	1.650258	7.203263
chr4	89915000	89920000	chr4	90295000	90300000	0,0,0	5.849867	1.0	3.4245098	1.2825208	2.7215533	4.051006	1.024946	5.1910243
chr4	158730000	158735000	chr4	158850000	158855000	0,0,0	8.065457	1.0	3.4644003	3.7082505	5.084412	4.488073	1.933766	7.7842956
chr4	119630000	119635000	chr4	120045000	120050000	0,0,0	5.1812677	0.9985244	2.2965784	3.1102786	4.116271	3.7547128	1.2849407	6.5194054
chr4	74320000	74325000	chr4	74670000	74675000	0,0,0	7.8974743	0.999998	3.0567873	7.712078	11.416465	9.091542	3.3898158	15.946724
chr4	121370000	121375000	chr4	121650000	121655000	0,0,0	7.2732973	1.0	2.7598374	4.4623294	4.7405667	3.2237077	1.746845	7.1902227
chr4	88030000	88035000	chr4	88210000	88215000	0,0,0	9.791604	0.9999835	3.9480479	5.1836486	7.676487	6.404043	2.4818635	11.011731
chr4	174360000	174365000	chr4	174630000	174635000	0,0,0	14.794632	1.0	6.322355	8.271958	12.743872	11.511967	4.101419	18.864819
chr4	128190000	128195000	chr4	128860000	128865000	0,0,0	6.952606	0.9992779	2.2908828	4.497112	5.3302836	3.236656	1.5965294	7.2340884
chr4	72700000	72705000	chr4	72885000	72890000	0,0,0	4.571409	0.997648	1.9441124	3.3567266	3.7573647	3.0693536	1.1951547	6.0531106
chr4	72325000	72330000	chr4	72465000	72470000	0,0,0	5.0248547	1.0	2.763978	1.5145897	2.2896185	2.987676	0.85385823	4.333978
chr4	114385000	114390000	chr4	114690000	114695000	0,0,0	10.717038	0.99999934	4.444335	7.336564	9.364482	7.729322	3.5951097	14.250711
chr4	89655000	89660000	chr4	89900000	89905000	0,0,0	5.243598	0.99910766	2.1708272	3.538703	4.660583	3.8768883	1.6765758	7.022402
chr4	175560000	175565000	chr4	175890000	175895000	0,0,0	6.2610054	0.99861765	3.0224354	3.333189	3.6552486	3.6218176	1.3210366	6.5846524
chr4	174220000	174225000	chr4	174315000	174320000	0,0,0	5.659201	1.0	2.3873785	2.2819495	3.215482	2.7941725	0.8713716	4.822572
chr4	123345000	123350000	chr4	124105000	124110000	0,0,0	4.9105306	0.9942114	2.4703443	2.1430874	2.9290452	3.2474303	1.062107	5.1523967
chr4	162645000	162650000	chr4	163035000	163040000	0,0,0	4.761722	0.9983049	2.3210216	3.2314157	3.4944923	3.5083184	1.5382177	6.3806877
chr4	99115000	99120000	chr4	99405000	99410000	0,0,0	8.494559	0.9999506	2.2815182	6.8066616	7.9294233	3.8659892	2.2474556	9.916355
chr4	165490000	165495000	chr4	166090000	166095000	0,0,0	7.694661	0.9999939	2.8818593	6.0456305	8.716555	6.638132	2.9277487	12.012026
chr4	89220000	89225000	chr4	89900000	89905000	0,0,0	5.5610447	0.99812967	2.256323	3.023614	4.3215165	3.594627	1.8379749	6.282284
chr4	38175000	38180000	chr4	38730000	38735000	0,0,0	11.543965	1.0	4.087707	13.586285	16.438887	10.943082	5.1789823	23.01978
chr4	117125000	117130000	chr4	118035000	118040000	0,0,0	4.3446884	0.995731	2.1625946	2.7427392	2.9109938	3.0189443	1.2560731	5.4569345
chr4	38315000	38320000	chr4	38670000	38675000	0,0,0	4.664049	0.9995425	2.2386544	3.160342	4.6686144	4.8813376	1.2524214	7.690531
chr4	15805000	15810000	chr4	15955000	15960000	0,0,0	7.5208864	0.9997503	2.8628054	3.982701	6.037233	4.7560525	1.7174923	8.296231
chr4	55345000	55350000	chr4	55735000	55740000	0,0,0	7.0374074	0.99934644	2.9254243	3.3987	4.9962873	4.3128047	2.0860512	7.3338714
chr4	123100000	123105000	chr4	124110000	124115000	0,0,0	10.247496	0.99999857	2.767791	9.55767	10.579864	4.9711933	3.2300477	13.466901
chr4	165355000	165360000	chr4	165460000	165465000	0,0,0	6.920166	1.0	3.1734078	2.536699	3.6452568	3.553351	1.0334615	5.8081946
chr4	67085000	67090000	chr4	67325000	67330000	0,0,0	6.3579574	0.9987897	2.7036815	3.1538088	4.4558992	3.9142346	1.8501284	6.7176204
chr4	21510000	21515000	chr4	21765000	21770000	0,0,0	10.703528	0.99997807	3.9738328	5.5001354	7.7886143	5.838473	2.4831338	10.727482
chr4	77045000	77050000	chr4	77200000	77205000	0,0,0	4.9861975	0.9955354	2.4650838	2.4857945	3.0328455	3.2025394	1.0961492	5.4121346
chr4	183470000	183475000	chr4	183600000	183605000	0,0,0	5.424458	1.0	2.4100235	2.0307577	3.5407453	3.4420629	1.1128662	5.2471805
chr4	155440000	155445000	chr4	155785000	155790000	0,0,0	6.9796333	0.99996763	3.2132535	4.0824475	6.676961	6.711015	1.9715071	10.339857
chr4	147160000	147165000	chr4	147590000	147595000	0,0,0	8.212171	0.99984795	2.931151	5.466741	6.101107	3.9329453	2.127495	8.792271
chr4	24975000	24980000	chr4	25365000	25370000	0,0,0	7.653486	1.0	3.3313594	2.1977065	3.644645	3.4222507	0.9548062	5.3757677
chr4	71270000	71275000	chr4	71710000	71715000	0,0,0	5.896978	0.9996785	2.236112	4.474454	5.564786	4.065971	1.7701024	8.043263
chr4	158845000	158850000	chr4	159450000	159455000	0,0,0	7.9199057	1.0	3.5867043	3.671168	3.9086144	3.455987	1.8152168	6.7192473
chr4	85800000	85805000	chr4	86040000	86045000	0,0,0	4.5423994	0.994646	1.9958597	2.6067376	3.2783136	2.913359	1.3116032	5.230459
chr4	40975000	40980000	chr4	41210000	41215000	0,0,0	9.841018	0.99999297	4.5733237	3.7544434	8.0504055	8.532558	2.745968	11.869841
chr4	73660000	73665000	chr4	74135000	74140000	0,0,0	6.286379	0.99981886	3.3690853	2.593354	4.9516997	6.312026	1.482455	8.617229
chr4	3345000	3350000	chr4	3440000	3445000	0,0,0	6.6377387	1.0	2.3645685	3.8959186	4.3367887	2.7849154	1.2431308	6.247954
chr4	43780000	43785000	chr4	44425000	44430000	0,0,0	4.950973	0.9995517	2.606408	3.182416	4.114282	4.882018	1.7209457	7.710832
chr4	83645000	83650000	chr4	84260000	84265000	0,0,0	7.260443	1.0	3.4466102	2.299534	3.7065737	3.8728206	1.4007263	5.9168506
chr4	80360000	80365000	chr4	81040000	81045000	0,0,0	9.326709	0.9999997	4.9619656	6.073907	7.9660964	9.648418	2.9660466	15.047446
chr4	22410000	22415000	chr4	22605000	22610000	0,0,0	6.6435065	0.99981344	2.8888278	3.7950513	5.6858983	5.2141843	1.6291772	8.587563
chr4	74535000	74540000	chr4	74665000	74670000	0,0,0	10.203947	0.9999841	3.7969916	5.283042	8.197006	6.351534	2.3889284	11.047571
chr4	74375000	74380000	chr4	74670000	74675000	0,0,0	6.1353874	0.9999893	2.900689	5.500967	6.6773763	6.5548663	2.91466	11.444615
chr4	41280000	41285000	chr4	41880000	41885000	0,0,0	10.267846	1.0	3.887713	6.4053445	6.5620375	4.363834	2.9400077	10.057474
chr4	88535000	88540000	chr4	89020000	89025000	0,0,0	10.538152	1.0	3.9066217	6.085208	6.3327823	4.125908	1.9559684	9.534982
chr4	75570000	75575000	chr4	75850000	75855000	0,0,0	6.3606977	0.99906456	3.3864439	2.443071	3.8747447	4.8036346	1.4873511	6.9752536
chr4	106260000	106265000	chr4	106505000	106510000	0,0,0	5.109017	1.0	2.4794133	1.494109	2.244303	2.3914955	0.87410617	3.7195923
chr4	103200000	103205000	chr4	103785000	103790000	0,0,0	6.779812	0.99991256	3.3186657	3.5843031	5.6623855	6.1593623	2.168963	9.345409
chr4	98465000	98470000	chr4	99405000	99410000	0,0,0	7.0031	1.0	2.5151465	4.491272	4.641749	2.8859816	1.8746965	6.8782234
chr4	76430000	76435000	chr4	76755000	76760000	0,0,0	5.4644685	1.0	2.9977558	1.6289499	2.840815	3.7344465	0.9415477	5.182402
chr4	20545000	20550000	chr4	20680000	20685000	0,0,0	5.046956	0.9938989	2.23012	2.5970218	3.1488934	2.7913525	1.2415762	5.0998163
chr4	27045000	27050000	chr4	27315000	27320000	0,0,0	15.326847	0.9999998	4.2273016	10.253342	12.2966385	6.2837043	3.9589653	15.397786
chr4	10160000	10165000	chr4	10550000	10555000	0,0,0	22.08214	1.0	9.202906	6.7373304	9.368402	7.987829	3.3175702	13.976567
chr4	26460000	26465000	chr4	26720000	26725000	0,0,0	7.489679	0.99947065	3.4009068	3.9593248	4.45593	4.0252438	1.419486	7.544644
chr4	158720000	158725000	chr4	159445000	159450000	0,0,0	5.160721	1.0	2.7673194	2.4065485	2.534822	3.0193672	1.4454081	5.1585217
chr4	8465000	8470000	chr4	8545000	8550000	0,0,0	5.4314218	0.99663246	2.4550083	2.4563298	3.6474564	3.5107622	1.2745736	5.6941667
chr4	45450000	45455000	chr4	46270000	46275000	0,0,0	8.039481	1.0	3.1326425	4.221385	4.5553126	3.237572	1.5008476	6.9899144
chr4	1130000	1135000	chr4	1265000	1270000	0,0,0	4.4088326	0.9939345	2.0811677	2.686047	2.8687916	2.7180693	1.1962386	5.1056666
chr4	22405000	22410000	chr4	22685000	22690000	0,0,0	9.272503	0.9999893	4.3648033	4.682009	7.122196	7.28114	2.8806195	11.442925
chr4	154980000	154985000	chr4	155350000	155355000	0,0,0	12.678876	0.99999934	4.2994804	8.763552	10.295236	6.4231715	3.3112128	14.2129965
chr4	155805000	155810000	chr4	155950000	155955000	0,0,0	7.9487915	1.0	3.1757493	3.4294593	4.595843	3.6775563	1.69175	6.7259645
chr4	74930000	74935000	chr4	75290000	75295000	0,0,0	6.1178856	0.999981	2.6046553	4.8031144	7.352088	6.6008673	2.277318	10.870302
chr4	147705000	147710000	chr4	147865000	147870000	0,0,0	7.461718	0.9998533	3.7763174	3.1389623	5.243436	6.037912	1.7669657	8.8281
chr4	118980000	118985000	chr4	119285000	119290000	0,0,0	7.872863	0.99999684	2.747003	7.5293527	9.111767	5.9645643	2.9437714	12.657323
chr4	64155000	64160000	chr4	64535000	64540000	0,0,0	5.931608	0.9993654	2.4654593	3.3373823	5.054345	4.3967075	1.8968195	7.3632693
chr4	176375000	176380000	chr4	177045000	177050000	0,0,0	13.061859	0.99999934	4.7856674	7.197847	10.465561	7.808124	2.7295349	14.20621
chr4	152845000	152850000	chr4	153125000	153130000	0,0,0	7.750019	0.9997911	2.9989703	3.5564475	6.339204	5.3131657	1.5763774	8.474453
chr4	183835000	183840000	chr4	184165000	184170000	0,0,0	6.7396913	0.999939	3.2214048	4.0976925	5.8682013	6.06387	2.0711432	9.706264
chr4	12725000	12730000	chr4	13545000	13550000	0,0,0	13.348033	0.9999991	4.458732	8.49488	10.22535	6.3575473	3.7673106	13.908551
chr4	9535000	9540000	chr4	9660000	9665000	0,0,0	6.00934	1.0	2.8038325	2.72014	2.797221	2.570027	1.3315264	4.9879293
chr4	48575000	48580000	chr4	48905000	48910000	0,0,0	6.404449	0.99994147	2.3486412	5.2593527	7.01511	5.0721545	2.1996639	9.747135
chr4	119555000	119560000	chr4	120050000	120055000	0,0,0	8.580684	0.9998645	3.9397843	3.9985046	5.52826	5.353179	1.6666983	8.907405
chr4	88240000	88245000	chr4	88475000	88480000	0,0,0	4.5362735	0.9959335	2.1162925	2.329233	3.4245307	3.4351015	1.3551347	5.505531
chr4	140010000	140015000	chr4	140250000	140255000	0,0,0	6.2484922	0.99976426	2.712187	4.0735393	5.350283	4.732735	1.6213667	8.353659
chr4	167020000	167025000	chr4	167290000	167295000	0,0,0	10.599913	0.9999934	3.4776409	6.710432	9.171146	5.9664974	2.546377	11.931326
chr4	157985000	157990000	chr4	158620000	158625000	0,0,0	7.559636	1.0	3.62632	2.3902414	2.6992476	2.6655998	0.97834307	4.790259
chr4	79040000	79045000	chr4	79580000	79585000	0,0,0	5.583377	0.99927354	2.2951875	4.087817	4.607294	3.5944197	1.6247292	7.228035
chr4	85145000	85150000	chr4	85370000	85375000	0,0,0	5.854561	0.99934477	2.707651	3.45123	4.4316607	4.2634993	1.614987	7.3312593
chr4	54320000	54325000	chr4	54960000	54965000	0,0,0	12.053378	0.9999997	4.1048903	8.93952	11.10005	7.1645627	3.6108909	15.110804
chr4	86920000	86925000	chr4	87230000	87235000	0,0,0	9.116424	1.0	4.7010026	2.7807243	4.2373905	4.9647255	1.5849484	7.43648
chr4	16020000	16025000	chr4	16200000	16205000	0,0,0	6.6794653	0.99984616	3.4701996	3.0906782	5.046516	6.0333195	1.6386424	8.780589
chr4	165130000	165135000	chr4	165345000	165350000	0,0,0	11.024419	0.99999386	4.180816	6.6505737	8.316307	6.090647	2.6153355	12.002269
chr4	119040000	119045000	chr4	119285000	119290000	0,0,0	10.490058	0.99999887	4.3469944	6.12516	9.48474	8.268139	2.7295408	13.712725
chr4	53905000	53910000	chr4	54230000	54235000	0,0,0	7.900836	0.99998385	3.7100794	4.021527	7.1347237	7.460183	2.187249	11.034874
chr4	69895000	69900000	chr4	70265000	70270000	0,0,0	4.5624895	0.99578744	1.9976714	2.8769548	3.366403	2.9129663	1.1465577	5.470259
chr4	111140000	111145000	chr4	111625000	111630000	0,0,0	5.8794084	1.0	3.1004763	2.782709	2.9414794	3.3933673	1.3407545	5.8668866
chr4	168920000	168925000	chr4	169490000	169495000	0,0,0	9.921562	0.9999996	4.5216703	6.82174	9.11342	8.663699	3.6054106	14.727468
chr4	137120000	137125000	chr4	137860000	137865000	0,0,0	6.5117846	0.9997086	2.6311896	3.6717281	5.7451267	4.8778014	1.7787025	8.14156
chr4	46840000	46845000	chr4	47380000	47385000	0,0,0	9.246629	1.0	3.1846573	5.5289598	6.505103	4.1345596	2.0714586	9.0491905
chr4	108835000	108840000	chr4	109405000	109410000	0,0,0	10.300787	1.0	3.4741235	5.650109	7.465046	4.914823	2.542319	9.937141
chr4	123390000	123395000	chr4	123660000	123665000	0,0,0	8.091613	0.99993545	3.9162817	3.8218246	5.868681	6.251793	2.185842	9.648971
chr4	55345000	55350000	chr4	55550000	55555000	0,0,0	5.0065265	1.0	2.5403194	2.1900246	2.2308788	2.3744173	1.1286678	4.321106
chr4	78060000	78065000	chr4	78515000	78520000	0,0,0	5.628189	0.9993231	2.7599258	3.5592375	4.0323043	4.135	1.4778073	7.2987666
chr4	72505000	72510000	chr4	73015000	73020000	0,0,0	6.7769547	0.9995052	2.8356452	3.7557411	5.0394144	4.2737536	1.6178796	7.6121907
chr4	26415000	26420000	chr4	27005000	27010000	0,0,0	5.503236	1.0	2.749051	2.159047	3.0974026	3.42233	1.3041488	5.3414826
chr4	87375000	87380000	chr4	87460000	87465000	0,0,0	5.5765514	0.997546	2.4789028	2.9672587	3.7332213	3.3730938	1.2659948	6.0106573
chr4	118770000	118775000	chr4	118880000	118885000	0,0,0	4.492085	0.9948776	2.438631	1.913893	2.810545	3.5734308	1.188572	5.274669
chr4	43130000	43135000	chr4	43760000	43765000	0,0,0	4.813952	0.9980259	1.9924278	3.760154	3.8237991	2.88592	1.5358157	6.228279
chr4	158260000	158265000	chr4	158625000	158630000	0,0,0	9.294951	0.99999213	3.8168185	5.6148734	8.014853	6.7610536	2.5611353	11.752052
chr4	142125000	142130000	chr4	142845000	142850000	0,0,0	12.304343	0.9999999	4.331741	9.472999	11.696858	7.8112783	3.9799356	16.231722
chr4	102615000	102620000	chr4	103005000	103010000	0,0,0	9.391928	0.9999962	4.2325273	6.023676	7.7049937	7.1310053	3.4614372	12.485383
chr4	101165000	101170000	chr4	101730000	101735000	0,0,0	11.269334	0.9999991	3.125677	9.541483	10.994454	5.48102	3.7010357	13.9623375
chr4	21790000	21795000	chr4	22385000	22390000	0,0,0	14.619459	0.99999964	5.484376	8.039169	10.55515	7.7819953	3.8059373	14.927923
chr4	88535000	88540000	chr4	88655000	88660000	0,0,0	6.152913	1.0	3.0425212	2.424644	2.548152	2.6056519	0.85686165	4.760891
chr4	155955000	155960000	chr4	156670000	156675000	0,0,0	8.182281	1.0	2.9433734	4.888117	5.267501	3.363258	1.7847722	7.7082505
chr4	121460000	121465000	chr4	121730000	121735000	0,0,0	6.0910964	0.9986709	2.8223624	2.891887	4.108243	4.053372	1.3026172	6.6239386
chr4	112325000	112330000	chr4	112525000	112530000	0,0,0	5.5100403	1.0	3.1016808	2.34411	2.4752018	3.2568207	1.1585147	5.340474
chr4	90025000	90030000	chr4	90290000	90295000	0,0,0	6.8315315	0.99965954	3.078624	3.4523048	5.128694	4.9172587	1.5057204	7.9859743
chr4	182925000	182930000	chr4	183405000	183410000	0,0,0	5.4990926	1.0	2.6203961	2.4191396	2.8301678	2.7885315	1.2948016	4.938878
chr4	137820000	137825000	chr4	138680000	138685000	0,0,0	5.7994347	0.99810755	2.5527918	2.702502	4.1336975	3.868298	1.0136073	6.2705216
chr4	3980000	3985000	chr4	4180000	4185000	0,0,0	6.880133	1.0	2.8419452	3.4789362	4.062651	3.2343078	1.4249045	6.3266954
chr4	69685000	69690000	chr4	69875000	69880000	0,0,0	6.675495	0.99885845	3.0394676	3.0113287	4.2612114	4.0993176	1.3226519	6.776054
chr4	85145000	85150000	chr4	85745000	85750000	0,0,0	5.1919537	0.99958736	2.34503	3.5661016	4.8943887	4.6238537	2.0546198	7.7937217
chr4	53195000	53200000	chr4	54235000	54240000	0,0,0	9.391836	0.99997175	3.620816	5.4631705	7.326976	5.6202874	2.11133	10.4764385
chr4	73310000	73315000	chr4	73650000	73655000	0,0,0	7.9921823	1.0	3.2380393	3.059936	4.5253754	3.7950199	1.4830017	6.5149627
chr4	70650000	70655000	chr4	71710000	71715000	0,0,0	7.132947	0.9996956	2.9821389	3.8568807	5.4347553	4.6697526	2.4150724	8.098091
chr4	1125000	1130000	chr4	1350000	1355000	0,0,0	4.362378	0.98851645	2.4574213	1.9196237	2.0882754	2.7609727	1.1058651	4.4673047
chr4	182475000	182480000	chr4	182800000	182805000	0,0,0	6.14978	0.9981889	2.5513332	2.8876057	4.3293486	3.7477167	1.3786583	6.314477
chr4	10580000	10585000	chr4	11425000	11430000	0,0,0	8.5079565	0.99999195	3.6858916	5.585739	7.599387	6.7698708	2.6462562	11.734972
chr4	38320000	38325000	chr4	38730000	38735000	0,0,0	6.18204	0.99988365	2.187562	5.0737753	6.6100626	4.549975	1.8162117	9.059998
chr4	74190000	74195000	chr4	74310000	74315000	0,0,0	9.914402	1.0	4.2491283	3.6977277	5.6623454	5.1258326	1.8144891	8.412702
chr4	119310000	119315000	chr4	120045000	120050000	0,0,0	7.7911253	1.0	4.1771727	2.4022622	2.4066381	2.8424444	1.1722813	4.977789
chr4	168515000	168520000	chr4	168915000	168920000	0,0,0	5.2602477	0.9981874	2.6480412	2.988165	3.4048598	3.6575098	1.1799016	6.313657
chr4	144170000	144175000	chr4	144750000	144755000	0,0,0	5.559092	0.9993048	2.7198348	3.0354328	4.285567	4.5738187	1.6006112	7.2719817
chr4	104060000	104065000	chr4	104860000	104865000	0,0,0	7.1778755	0.99947673	3.0441449	3.9034207	4.8477254	4.086547	1.6685094	7.5562544
chr4	157990000	157995000	chr4	158170000	158175000	0,0,0	15.984332	1.0	6.315099	7.201154	10.324302	8.331386	2.9453325	14.732412
chr4	176150000	176155000	chr4	176340000	176345000	0,0,0	7.0083876	1.0	3.7371538	1.76211	3.1681118	3.9857152	0.9060403	5.5520353
chr4	9490000	9495000	chr4	9655000	9660000	0,0,0	5.8393254	1.0	2.9133525	2.0798802	3.311725	3.7093365	1.226655	5.558119
chr4	149980000	149985000	chr4	150865000	150870000	0,0,0	10.135424	1.0	3.703777	4.7272916	5.7268443	3.9576693	1.7337875	8.159706
chr4	54320000	54325000	chr4	54840000	54845000	0,0,0	7.421743	0.9999426	3.547351	3.6884792	6.1220036	6.4877806	2.2476988	9.766429
chr4	182935000	182940000	chr4	183260000	183265000	0,0,0	14.21865	0.9999997	4.7824707	8.319715	11.409461	7.619229	3.455483	15.014531
chr4	74320000	74325000	chr4	74530000	74535000	0,0,0	5.3313394	0.997442	2.4203274	2.360571	3.9123251	3.8708699	0.96274686	5.9691553
chr4	119630000	119635000	chr4	119785000	119790000	0,0,0	4.76773	0.9967343	2.3330946	2.1128547	3.5113888	3.8467853	1.3687505	5.7248783
chr4	56570000	56575000	chr4	56800000	56805000	0,0,0	4.872028	0.998763	2.4117217	2.7969775	3.8847444	4.2095647	1.1903845	6.6957664
chr4	146340000	146345000	chr4	146915000	146920000	0,0,0	10.222371	0.9999994	3.056523	8.542191	11.377071	6.693495	3.3979323	14.286553
chr4	109995000	110000000	chr4	110510000	110515000	0,0,0	16.241568	1.0	6.854434	8.196342	12.289005	10.860285	5.0306907	18.145922
chr4	102460000	102465000	chr4	103090000	103095000	0,0,0	5.4162774	0.9995033	2.308276	4.5327315	4.5553403	3.5792923	1.8974212	7.6083875
chr4	74225000	74230000	chr4	74310000	74315000	0,0,0	5.76914	0.99847686	2.5018663	2.8069754	4.337448	3.9925733	1.2553507	6.487663
chr4	153340000	153345000	chr4	153640000	153645000	0,0,0	5.5973883	0.9994107	2.7162228	3.6507025	4.156318	4.192304	1.4272029	7.437373
chr4	110050000	110055000	chr4	110210000	110215000	0,0,0	4.7868986	0.99877274	2.6632092	2.2792966	3.5073164	4.677627	1.4730134	6.7036686
chr4	10160000	10165000	chr4	10400000	10405000	0,0,0	13.019158	1.0	6.442733	3.2792711	4.677993	5.0894604	2.0474255	8.004368
chr4	81405000	81410000	chr4	82265000	82270000	0,0,0	5.1555247	0.99988115	2.5948372	3.9956677	6.981618	8.018635	2.9127269	11.570339
chr4	180825000	180830000	chr4	181525000	181530000	0,0,0	11.081223	1.0	3.4624434	4.8111544	5.4228945	3.0105932	1.6628588	7.2871747
chr4	151115000	151120000	chr4	151610000	151615000	0,0,0	8.034212	0.9998558	3.0961196	4.8798413	6.055017	4.5079017	1.9702147	8.845538
chr4	87850000	87855000	chr4	88210000	88215000	0,0,0	18.07203	1.0	5.439224	6.8947983	8.519122	4.827366	2.5107505	10.956075
chr4	54970000	54975000	chr4	55320000	55325000	0,0,0	10.333212	1.0	4.906476	4.4279313	5.656866	5.6557975	1.918871	9.591736
chr4	109425000	109430000	chr4	109805000	109810000	0,0,0	6.501805	0.9996521	3.7277653	2.3532171	4.1328955	5.8726916	1.4651154	7.9644403
chr4	185635000	185640000	chr4	186035000	186040000	0,0,0	9.27779	0.9999999	4.0224094	7.0623894	10.663261	9.759911	2.9774709	16.03759
chr4	142350000	142355000	chr4	142840000	142845000	0,0,0	6.2599673	0.999272	2.9642408	3.0297532	4.4293356	4.5328393	1.3562514	7.225953
chr4	174870000	174875000	chr4	175535000	175540000	0,0,0	6.905604	1.0	2.6338265	3.8229551	4.6689906	3.4099784	1.3071674	6.808161
chr4	155400000	155405000	chr4	155950000	155955000	0,0,0	11.330595	1.0	3.8831582	6.897484	7.653772	4.6794386	2.385437	10.810535
chr4	11805000	11810000	chr4	12625000	12630000	0,0,0	4.876109	0.997604	2.6589792	1.8184338	3.3780875	4.418188	1.5599977	6.0345736
chr4	4250000	4255000	chr4	4335000	4340000	0,0,0	9.416941	1.0	2.959906	5.471501	6.663164	3.909167	2.1165674	8.772723
chr4	113780000	113785000	chr4	114070000	114075000	0,0,0	6.092089	0.99797136	2.5118098	3.2966442	4.0459065	3.2706861	1.1936867	6.201036
chr4	47685000	47690000	chr4	47935000	47940000	0,0,0	6.3723183	0.999208	3.1896946	3.3181148	3.9141912	4.192248	1.6592042	7.1416836
chr4	157215000	157220000	chr4	157975000	157980000	0,0,0	13.426515	0.99999875	4.5767813	7.331489	10.35181	7.0939736	2.807102	13.610853
chr4	89225000	89230000	chr4	89440000	89445000	0,0,0	5.670164	0.9983081	2.8865578	2.7904413	3.500622	3.902173	1.6758994	6.382565
chr4	113900000	113905000	chr4	114070000	114075000	0,0,0	6.728673	0.999426	2.3841784	4.380639	5.3394666	3.569775	1.5186383	7.4636765
chr4	41280000	41285000	chr4	41660000	41665000	0,0,0	18.046904	1.0	7.0359383	12.214601	16.324322	12.672359	4.7272573	23.529783
chr4	36350000	36355000	chr4	37390000	37395000	0,0,0	9.174169	0.9999879	3.0750499	6.5145164	8.50474	5.5322976	2.408381	11.322979
chr4	15880000	15885000	chr4	15955000	15960000	0,0,0	8.42383	0.99997455	2.9375696	5.2790914	8.125594	5.8861876	2.318771	10.578713
chr4	43000000	43005000	chr4	44635000	44640000	0,0,0	5.0975356	0.99883807	2.9016676	2.7200346	3.1888833	4.340539	1.9211358	6.7583475
chr4	16290000	16295000	chr4	16440000	16445000	0,0,0	6.564227	1.0	2.9312778	2.7329702	3.3146002	2.9838524	1.1300569	5.413159
chr4	41690000	41695000	chr4	41880000	41885000	0,0,0	13.695767	0.9999998	5.4497423	7.8540006	10.736591	8.605649	3.9479616	15.586984
chr4	83505000	83510000	chr4	83635000	83640000	0,0,0	7.9040747	1.0	3.6592035	2.907867	4.561742	4.5841026	1.6379521	7.168873
chr4	74930000	74935000	chr4	75465000	75470000	0,0,0	4.686457	0.99985385	2.0601802	3.9209285	5.772661	5.346326	2.491956	8.831595
chr4	41135000	41140000	chr4	41210000	41215000	0,0,0	5.7725654	1.0	2.2215478	3.5402055	3.746521	2.5925896	1.347682	5.739439
chr4	183070000	183075000	chr4	183260000	183265000	0,0,0	10.686849	0.99999875	4.9720564	6.1645155	8.275426	8.113544	2.985817	13.593114
chr4	113545000	113550000	chr4	113760000	113765000	0,0,0	7.828085	0.9999149	2.715015	5.1096272	7.010818	4.830868	1.9998698	9.372759
chr4	20420000	20425000	chr4	20680000	20685000	0,0,0	12.197713	0.99999684	5.002975	5.4637327	8.938964	7.806599	2.5546072	12.66325
chr4	173315000	173320000	chr4	173415000	173420000	0,0,0	8.410555	1.0	3.1826572	3.945962	5.419346	4.1037765	1.5394881	7.611298
chr4	168185000	168190000	chr4	168915000	168920000	0,0,0	9.474574	0.99997264	4.1742673	4.943931	6.713327	6.113674	2.59236	10.50828
chr4	184745000	184750000	chr4	185095000	185100000	0,0,0	4.837245	1.0	2.1323817	2.4752967	2.6227722	2.2181597	1.1818261	4.4184237
chr4	77470000	77475000	chr4	77600000	77605000	0,0,0	6.5720487	0.9995449	3.3836093	3.1061497	4.2807865	4.934866	1.7118741	7.6958876
chr4	39695000	39700000	chr4	39970000	39975000	0,0,0	4.7646227	0.99598396	2.2814474	2.4850097	3.250982	3.3091393	1.295151	5.5180364
chr4	173015000	173020000	chr4	173300000	173305000	0,0,0	5.2779756	0.99953383	3.2127705	2.2150004	3.5828974	5.702849	1.2493767	7.6717386
chr4	118980000	118985000	chr4	119625000	119630000	0,0,0	7.642837	1.0	3.0617814	3.023944	4.1866455	3.396741	1.4259105	6.084691
chr4	7190000	7195000	chr4	7475000	7480000	0,0,0	5.4146852	1.0	1.9763567	2.823237	3.2287886	2.167397	1.218972	4.676941
chr4	146235000	146240000	chr4	146915000	146920000	0,0,0	6.60154	0.9998715	3.1704764	3.6941857	5.429419	5.6765213	2.232916	8.960242
chr4	77960000	77965000	chr4	78515000	78520000	0,0,0	7.252473	0.9999785	2.8612707	6.378009	6.9790277	5.0784583	3.085691	10.747799
chr4	167020000	167025000	chr4	167620000	167625000	0,0,0	6.314143	1.0	2.8926387	2.123157	3.2656696	3.2235515	0.9995974	5.110802
chr4	81065000	81070000	chr4	81350000	81355000	0,0,0	12.189036	0.999995	5.220974	5.908673	7.9455147	6.9506016	2.771883	12.202755
chr4	142125000	142130000	chr4	142715000	142720000	0,0,0	6.0054474	0.99935555	2.5578287	2.8812306	5.150451	4.7867813	1.6733075	7.3478756
chr4	76510000	76515000	chr4	76730000	76735000	0,0,0	8.816158	0.9999895	3.9938362	4.5229487	7.5405207	7.4483914	1.6731715	11.46879
chr4	83770000	83775000	chr4	84260000	84265000	0,0,0	5.6735444	0.99903935	2.3641949	3.929305	4.3683243	3.455923	1.5714953	6.9486384
chr4	40975000	40980000	chr4	41120000	41125000	0,0,0	4.452318	0.99578846	2.1344538	2.027736	3.4360147	3.6680632	1.0409571	5.470495
chr4	184740000	184745000	chr4	184980000	184985000	0,0,0	6.1922655	1.0	2.609322	3.315584	3.9220502	3.2246099	1.3963367	6.1717954
chr4	53930000	53935000	chr4	54215000	54220000	0,0,0	8.5748825	0.9999853	4.1618004	4.69182	6.6022415	6.957041	2.6463113	11.127547
chr4	40145000	40150000	chr4	40305000	40310000	0,0,0	8.814566	0.9999871	3.6623268	5.43094	7.568008	6.4321485	2.404448	11.259651
chr4	81405000	81410000	chr4	81840000	81845000	0,0,0	6.400687	0.9999353	2.5791953	5.4432135	6.2780585	4.808759	2.2478068	9.647171
chr4	129360000	129365000	chr4	129640000	129645000	0,0,0	7.9115853	1.0	2.9915533	3.584588	5.7077303	4.532294	1.6317875	7.7185946
chr4	162495000	162500000	chr4	163195000	163200000	0,0,0	5.1111636	0.998	2.246377	3.510457	3.687944	3.094859	1.5434371	6.215265
chr4	27175000	27180000	chr4	27315000	27320000	0,0,0	7.3101454	1.0	2.9272115	3.6841512	4.9838295	4.0114026	1.3501478	7.2862034
chr4	108015000	108020000	chr4	108570000	108575000	0,0,0	6.8189125	0.9999972	3.3926892	4.9563084	7.555679	8.374848	2.4259043	12.780456
chr4	15805000	15810000	chr4	16000000	16005000	0,0,0	6.6783056	0.999797	2.593297	4.8874846	5.683253	4.1587873	1.7609624	8.503218
chr4	88220000	88225000	chr4	88455000	88460000	0,0,0	5.349734	0.9992614	1.9256821	4.1599603	5.1319513	3.513721	1.7145433	7.2114635
chr4	173005000	173010000	chr4	173415000	173420000	0,0,0	5.6281185	0.998046	2.744875	3.1153383	3.4359863	3.4693146	1.3460422	6.238504
chr4	123100000	123105000	chr4	123660000	123665000	0,0,0	5.900518	0.99888515	2.9935918	2.6735785	3.8974762	4.423219	1.2296811	6.799733
chr4	44760000	44765000	chr4	46265000	46270000	0,0,0	10.057917	1.0	4.0657115	5.2045517	6.3184686	4.9567533	1.9751446	9.583021
chr4	40925000	40930000	chr4	41210000	41215000	0,0,0	8.103725	0.99998826	2.8401587	7.1957	7.9230866	4.9558215	2.816284	11.352
chr4	8610000	8615000	chr4	8905000	8910000	0,0,0	7.071931	1.0	2.9736614	4.122181	4.300522	3.3614585	2.0966141	7.0256195
chr4	70655000	70660000	chr4	71005000	71010000	0,0,0	5.4421554	0.9993469	2.1843567	3.2464805	5.2371593	4.448834	1.6506435	7.3345942
chr4	74370000	74375000	chr4	74530000	74535000	0,0,0	9.355342	0.9999874	3.2960029	6.8765845	7.9827857	5.1729975	2.523941	11.285518
chr4	186725000	186730000	chr4	186830000	186835000	0,0,0	6.087938	0.9986859	3.468287	2.8247929	3.0488238	4.1243725	1.3158325	6.6352997
chr4	80615000	80620000	chr4	81035000	81040000	0,0,0	7.464502	0.99969417	3.185417	3.6054842	5.4465117	4.88838	1.662956	8.093255
chr4	71730000	71735000	chr4	72285000	72290000	0,0,0	8.427216	1.0	3.7797163	4.3016076	4.8998375	4.35861	2.2997684	8.182261
chr4	6895000	6900000	chr4	7070000	7075000	0,0,0	6.3678455	1.0	3.2144077	2.2887158	3.0386736	3.3716283	1.1614672	5.4060426
chr4	112095000	112100000	chr4	112235000	112240000	0,0,0	5.5718546	0.99776363	3.0747793	1.8784556	3.3347645	4.4338026	1.5834954	6.103541
chr4	169610000	169615000	chr4	170045000	170050000	0,0,0	6.2904224	0.99955875	2.3401804	3.9424767	5.61029	4.222255	2.2689905	7.7266793
chr4	15480000	15485000	chr4	15955000	15960000	0,0,0	6.0725946	1.0	2.769935	2.3274808	3.449014	3.3592644	1.058329	5.4281363
chr4	67990000	67995000	chr4	68175000	68180000	0,0,0	8.743326	0.9999825	3.795932	4.8169646	7.2766094	6.6725364	2.5479982	10.954283
chr4	1910000	1915000	chr4	2185000	2190000	0,0,0	5.4564495	1.0	2.761607	2.426867	2.9919808	3.2923958	1.030194	5.449611
chr4	47925000	47930000	chr4	48085000	48090000	0,0,0	4.872374	1.0	2.277266	1.8999221	2.3694243	2.299802	0.9746266	3.988622
chr4	84750000	84755000	chr4	84970000	84975000	0,0,0	6.9253826	1.0	3.33261	3.0025072	3.9559302	4.06339	1.3386145	6.7322855
chr4	85080000	85085000	chr4	85745000	85750000	0,0,0	4.592702	0.996196	1.9412816	2.5325775	3.7601714	3.321086	1.2459537	5.572266
chr4	54655000	54660000	chr4	54835000	54840000	0,0,0	4.5327954	0.9896255	2.2642822	1.9459387	2.5997996	2.8391562	0.9517008	4.568879
chr4	105520000	105525000	chr4	105630000	105635000	0,0,0	6.0410404	0.99897057	2.5478659	3.2306952	4.6002355	4.0077147	1.3918872	6.879444
chr4	122755000	122760000	chr4	122920000	122925000	0,0,0	4.920896	0.9948372	3.326639	1.0646718	2.133804	4.320448	0.7204548	5.2668233
chr4	72320000	72325000	chr4	73015000	73020000	0,0,0	7.577288	1.0	3.3678885	3.4827175	3.8032973	3.2920055	1.3766298	6.387754
chr4	48590000	48595000	chr4	48775000	48780000	0,0,0	4.339319	0.9934856	2.121971	2.4108794	2.81403	2.8912647	0.9202362	5.0342684
chr4	155400000	155405000	chr4	155785000	155790000	0,0,0	6.049886	0.9999017	3.2425816	3.0315266	5.1751637	6.533657	1.9470053	9.228348
chr4	94405000	94410000	chr4	94595000	94600000	0,0,0	12.925927	0.9999999	4.8742747	8.034502	11.371723	8.669475	3.255455	15.811254
chr4	145230000	145235000	chr4	145610000	145615000	0,0,0	10.324154	0.99999964	5.586592	4.9412622	8.196364	10.4849825	3.0117247	14.877215
chr4	78950000	78955000	chr4	79580000	79585000	0,0,0	5.426042	1.0	2.4920552	2.2902737	3.00653	2.8781145	1.4985049	4.9139132
chr4	110340000	110345000	chr4	110510000	110515000	0,0,0	7.5743365	0.9996914	3.5027754	3.2193851	5.180526	5.2227163	1.7988522	8.084392
chr4	88215000	88220000	chr4	88515000	88520000	0,0,0	14.419511	1.0	4.907551	9.532412	14.508783	10.227306	4.4156337	18.700562
chr4	153785000	153790000	chr4	154315000	154320000	0,0,0	5.726614	0.99962175	2.6227176	4.050776	4.648773	4.280058	1.7362674	7.880747
chr4	19220000	19225000	chr4	20245000	20250000	0,0,0	6.238424	0.9987425	2.5803773	3.3442938	4.447538	3.706651	1.3892112	6.6793566
chr4	47705000	47710000	chr4	47830000	47835000	0,0,0	4.67095	0.99472153	2.4477425	2.0885553	2.8561532	3.388171	1.0135567	5.2446647
chr4	52235000	52240000	chr4	52980000	52985000	0,0,0	7.5217733	0.9997753	2.5855892	4.7685246	6.2305417	4.162762	1.9797223	8.40145
chr4	89480000	89485000	chr4	89900000	89905000	0,0,0	6.6748624	0.99937516	2.7636023	3.8055682	4.8530507	3.996053	1.5888267	7.3787804
chr4	8960000	8965000	chr4	9120000	9125000	0,0,0	15.190485	1.0	6.3200617	4.375826	5.9358516	5.013956	1.5646583	8.903579
chr4	181300000	181305000	chr4	181530000	181535000	0,0,0	4.929148	0.99300355	1.9922882	2.7328074	3.2538288	2.5337038	1.0637163	4.962866
chr4	86930000	86935000	chr4	87095000	87100000	0,0,0	7.2426705	1.0	4.1825414	2.3756402	2.786544	3.90846	1.2551453	6.02014
chr4	53015000	53020000	chr4	54230000	54235000	0,0,0	6.6313176	0.9987653	3.9193115	2.846716	2.8565314	4.167223	1.3276688	6.697637
chr4	3560000	3565000	chr4	3880000	3885000	0,0,0	6.212541	0.9997894	2.3927824	3.6473563	6.3099513	5.224284	2.2840302	8.466379
chr4	89255000	89260000	chr4	89425000	89430000	0,0,0	4.896934	0.9959564	2.4788933	2.155577	3.174324	3.5951211	0.974397	5.5111895
chr4	84580000	84585000	chr4	84965000	84970000	0,0,0	10.928058	0.99999666	4.1282825	6.8350587	8.84292	6.534963	3.8323448	12.610571
chr4	38185000	38190000	chr4	38315000	38320000	0,0,0	5.2132993	0.994714	2.0802922	3.1389685	3.3539495	2.4530416	1.2837186	5.2432356
chr4	168585000	168590000	chr4	168915000	168920000	0,0,0	5.63902	0.99905384	2.363411	3.8814507	4.3798556	3.5136566	1.665392	6.9638352
chr4	16020000	16025000	chr4	16260000	16265000	0,0,0	7.8261113	0.99991876	3.3016012	3.9079483	6.5543113	5.9450874	1.9938097	9.418819
chr4	9000000	9005000	chr4	9120000	9125000	0,0,0	9.781899	1.0	5.1855373	2.5638342	3.2368631	3.875782	1.1940172	6.1547456
chr4	113395000	113400000	chr4	113760000	113765000	0,0,0	4.850238	0.9973147	2.0714667	3.2398567	3.680051	3.0407093	1.5344114	5.920582
chr4	37800000	37805000	chr4	38035000	38040000	0,0,0	10.127853	1.0	4.0986114	5.327896	6.4637256	5.076934	2.8310294	9.812841
chr4	38060000	38065000	chr4	38675000	38680000	0,0,0	5.8272066	0.99958384	2.4308677	4.2135777	4.9832244	4.0399165	1.7098256	7.785319
chr4	83770000	83775000	chr4	84500000	84505000	0,0,0	4.4336553	0.9961963	1.9399424	2.8458803	3.4742177	3.0426934	1.2046828	5.572365
chr4	8265000	8270000	chr4	8400000	8405000	0,0,0	8.456125	0.9998694	3.5113096	4.955085	5.694623	4.5396175	2.1189322	8.944138
chr4	127600000	127605000	chr4	127730000	127735000	0,0,0	11.362867	1.0	3.3646097	6.9483185	7.936259	4.198382	2.5504162	10.374665
chr4	44930000	44935000	chr4	46265000	46270000	0,0,0	6.8661237	0.999972	2.4114046	5.9976683	7.629775	5.1532383	2.3945723	10.4845
chr4	68270000	68275000	chr4	68375000	68380000	0,0,0	6.736311	1.0	2.6176245	3.7501826	4.508293	3.3483183	1.4937739	6.681814
chr4	25440000	25445000	chr4	25765000	25770000	0,0,0	12.368333	1.0	4.2373323	10.016753	13.039222	8.666009	3.3302782	17.56979
chr4	153140000	153145000	chr4	153575000	153580000	0,0,0	6.1862297	0.99924266	2.2675776	4.4200716	4.9028296	3.2574892	2.0193067	7.1864414
chr4	146340000	146345000	chr4	147095000	147100000	0,0,0	6.955978	1.0	2.505042	3.337418	4.673384	3.3767676	1.2838515	6.3433614
chr4	124330000	124335000	chr4	125285000	125290000	0,0,0	10.144557	0.999988	3.6182508	6.7470684	8.019822	5.3369746	2.8639653	11.334368
chr4	89155000	89160000	chr4	89430000	89435000	0,0,0	4.3821154	1.0	2.5391855	1.4128718	1.844393	2.6259422	0.9793531	3.8818283
chr4	77380000	77385000	chr4	77600000	77605000	0,0,0	5.0725927	0.99861014	3.077872	2.2511404	2.9169102	4.578227	1.401822	6.579241
chr4	5395000	5400000	chr4	5790000	5795000	0,0,0	7.469297	0.9997336	2.5176556	5.2668686	5.893091	3.5499082	1.7088014	8.231569
chr4	89945000	89950000	chr4	90295000	90300000	0,0,0	7.5413356	1.0	3.604983	3.8374004	4.0642743	3.9248445	2.0836728	7.335867
chr4	42565000	42570000	chr4	42865000	42870000	0,0,0	8.837598	0.9999795	3.8231056	5.4660163	6.837533	5.936347	2.7723348	10.795029
chr4	74040000	74045000	chr4	74130000	74135000	0,0,0	4.5895157	1.0	2.2785532	1.9406158	2.5938826	2.8051815	1.0050106	4.5301733
chr4	95170000	95175000	chr4	96350000	96355000	0,0,0	8.089735	1.0	3.4370184	3.4615252	4.0969076	3.4079788	1.5561696	6.48489
chr4	77095000	77100000	chr4	77200000	77205000	0,0,0	6.8416605	1.0	2.8458087	3.1867497	4.5459223	3.894789	1.2793237	6.7274556
chr4	7800000	7805000	chr4	7985000	7990000	0,0,0	23.900862	1.0	5.87208	15.57822	19.120785	8.984441	5.31775	22.831749
chr4	26065000	26070000	chr4	26405000	26410000	0,0,0	5.687296	0.99978286	2.954286	2.7243176	4.971863	6.014143	1.439509	8.435759
chr4	144170000	144175000	chr4	145060000	145065000	0,0,0	9.018131	0.9999993	3.7950764	6.623151	9.47273	8.239727	3.0134993	14.126971
chr4	10415000	10420000	chr4	10540000	10545000	0,0,0	5.1273913	1.0	2.0910108	2.283693	2.8710349	2.3069217	0.8952116	4.336871
chr4	163550000	163555000	chr4	164730000	164735000	0,0,0	9.366062	1.0	4.023434	4.4255943	5.5349164	4.758857	1.8821007	8.6927185
chr4	83070000	83075000	chr4	83280000	83285000	0,0,0	6.447606	0.99978656	2.9387107	4.472533	4.9515905	4.4773498	2.0671124	8.452935
chr4	163045000	163050000	chr4	163325000	163330000	0,0,0	4.905866	1.0	2.5218754	1.6805898	2.3231297	2.6724238	0.81187075	4.1662817
chr4	108030000	108035000	chr4	108495000	108500000	0,0,0	6.3020506	0.9999902	2.8695364	5.912752	6.8634973	6.282881	2.6612914	11.53866
chr4	48575000	48580000	chr4	48960000	48965000	0,0,0	12.352545	0.9999996	4.1502843	8.26206	11.065399	7.302802	2.799383	14.646855
chr4	15475000	15480000	chr4	15795000	15800000	0,0,0	4.527396	0.9915653	2.2881935	2.2870307	2.547277	2.7429776	1.5313852	4.7758937
chr4	140015000	140020000	chr4	140325000	140330000	0,0,0	4.872754	0.9959398	2.292609	2.5078726	3.302357	3.2778676	1.3292415	5.5070877
chr4	15480000	15485000	chr4	15645000	15650000	0,0,0	7.950575	1.0	3.2189343	3.2217257	5.503974	4.7874813	1.6900034	7.6512375
chr4	42280000	42285000	chr4	42515000	42520000	0,0,0	6.553102	1.0	3.0473561	2.3059497	3.921718	4.021211	1.3849317	6.0709443
chr4	140360000	140365000	chr4	140845000	140850000	0,0,0	7.9376187	0.9998924	3.2940605	4.385728	6.160011	5.2396626	2.0232341	9.138087
chr4	5995000	6000000	chr4	6090000	6095000	0,0,0	5.1167703	1.0	2.0809004	2.7712333	3.235798	2.52171	1.4099607	4.9850283
chr4	9760000	9765000	chr4	10015000	10020000	0,0,0	10.528954	0.9999995	3.7103262	8.434764	10.483451	7.030578	3.3929517	14.528146
chr4	157990000	157995000	chr4	158255000	158260000	0,0,0	12.996444	1.0	3.8925548	8.066955	9.485132	5.1805854	3.1582642	12.351212
chr4	68270000	68275000	chr4	69170000	69175000	0,0,0	5.178789	0.9984859	2.1346252	2.956401	4.485923	3.8657064	1.4159532	6.493619
chr4	110620000	110625000	chr4	110955000	110960000	0,0,0	8.489904	0.99999607	2.8473344	7.527145	9.164289	5.7581472	2.823599	12.448943
chr4	111640000	111645000	chr4	112030000	112035000	0,0,0	9.996405	1.0	4.1097956	3.472955	5.16234	4.4107184	2.009964	7.4977894
chr4	37595000	37600000	chr4	38030000	38035000	0,0,0	4.7150865	1.0	3.0000172	1.4627539	1.7497227	3.065256	0.9797612	4.365482
chr4	94755000	94760000	chr4	95095000	95100000	0,0,0	7.659494	0.99991333	3.1943715	5.0325756	6.0042615	4.880964	1.811216	9.354364
chr4	123395000	123400000	chr4	123555000	123560000	0,0,0	4.718048	0.997223	2.6821365	2.5342598	2.7021372	3.6343198	1.2329674	5.8869953
chr4	150295000	150300000	chr4	150865000	150870000	0,0,0	11.249779	0.9999987	3.160949	9.7501	10.34266	4.8785105	3.4181724	13.545266
chr4	52545000	52550000	chr4	52980000	52985000	0,0,0	9.9401	0.999999	3.9736512	6.1782846	9.832307	8.285552	3.1946335	13.777361
chr4	147015000	147020000	chr4	147095000	147100000	0,0,0	8.176398	1.0	2.4601576	4.554054	5.465231	3.039551	1.5158267	7.087599
chr4	52375000	52380000	chr4	52980000	52985000	0,0,0	10.737043	0.999998	3.469454	8.249518	9.7511835	5.7871842	3.0456698	13.12009
chr4	86935000	86940000	chr4	87005000	87010000	0,0,0	5.031593	1.0	2.9332347	1.3648213	2.3008468	3.3650453	0.87675256	4.57822
chr4	73660000	73665000	chr4	73865000	73870000	0,0,0	6.247699	0.9992755	2.2258499	4.371254	5.087348	3.3452415	1.9109232	7.2308
chr4	55440000	55445000	chr4	55735000	55740000	0,0,0	4.923565	0.99421763	2.3575528	2.060848	3.1661959	3.3216145	1.0807928	5.1534796
chr4	71180000	71185000	chr4	71710000	71715000	0,0,0	5.7306714	0.99969155	2.5496004	3.7348754	5.1447306	4.764821	1.8657603	8.08471
chr4	140590000	140595000	chr4	140850000	140855000	0,0,0	8.051223	0.9999059	3.7372258	3.539467	5.9931235	6.1260242	2.374457	9.272218
chr4	86495000	86500000	chr4	86895000	86900000	0,0,0	21.494284	1.0	7.336627	11.619598	15.950997	10.815427	5.0532765	21.143959
chr4	69315000	69320000	chr4	69615000	69620000	0,0,0	7.987294	0.99979126	3.243239	4.164017	5.783475	4.7739573	1.5902039	8.475306
chr4	112630000	112635000	chr4	112760000	112765000	0,0,0	8.817324	1.0	2.7642207	4.9172983	5.7487264	3.2805045	1.622882	7.6514363
chr4	128570000	128575000	chr4	128860000	128865000	0,0,0	5.0115232	0.9968667	3.0255098	1.6680826	2.7364452	4.2835293	1.1756717	5.7662697
chr4	3985000	3990000	chr4	4140000	4145000	0,0,0	5.16239	0.99695075	2.7768266	2.2422783	3.061966	3.8003316	1.1604798	5.793468
chr4	173505000	173510000	chr4	174115000	174120000	0,0,0	4.420141	0.9935947	1.9987142	2.7686229	2.9392927	2.5901568	1.2378229	5.0511546
chr4	174365000	174370000	chr4	174520000	174525000	0,0,0	6.5614495	0.99907583	3.0963717	3.0668893	4.2321434	4.2611923	1.2011291	6.987316
chr4	143200000	143205000	chr4	143485000	143490000	0,0,0	5.16129	0.9964021	2.615781	2.595621	3.0391905	3.3207686	1.4864742	5.6279874
chr4	110000000	110005000	chr4	110320000	110325000	0,0,0	5.740488	0.9993949	2.6205583	3.51568	4.5355973	4.285866	1.4386955	7.410915
chr4	74225000	74230000	chr4	74675000	74680000	0,0,0	4.7677736	0.9975807	2.5239155	1.7924736	3.534227	4.4315834	0.9556146	6.0248933
chr4	109420000	109425000	chr4	109975000	109980000	0,0,0	12.98154	1.0	6.3076496	4.8728304	7.4624057	7.9914303	2.653987	12.322835
chr4	93790000	93795000	chr4	94385000	94390000	0,0,0	13.647882	1.0	5.365858	3.9465733	4.335827	3.1458478	1.6164892	6.653913
chr4	81405000	81410000	chr4	82200000	82205000	0,0,0	7.5341067	0.9999968	3.60503	5.4815264	9.848331	10.577081	2.6807837	15.449548
chr4	144170000	144175000	chr4	144785000	144790000	0,0,0	7.424028	0.9998643	3.775762	2.5045195	5.585791	6.679406	1.2783661	8.905645
chr4	74185000	74190000	chr4	74675000	74680000	0,0,0	9.0763035	1.0	3.814949	4.1415887	5.766869	4.9718137	1.6390433	8.653226
chr4	152845000	152850000	chr4	153085000	153090000	0,0,0	7.7389226	0.99989283	2.8216956	4.8702326	6.640919	4.812803	2.386042	9.141898
chr4	78610000	78615000	chr4	78865000	78870000	0,0,0	5.808419	0.9980945	2.8304162	2.4990237	3.7682993	4.0422897	1.5899402	6.263644
chr4	113395000	113400000	chr4	114370000	114375000	0,0,0	5.8698444	0.9989291	2.4665303	3.8357306	4.278685	3.4304366	1.7665709	6.839975
chr4	110620000	110625000	chr4	110855000	110860000	0,0,0	5.137879	0.9991298	2.3511794	3.4015322	4.271776	4.023881	1.7965193	7.047465
chr4	76180000	76185000	chr4	76375000	76380000	0,0,0	6.1026783	0.999596	2.8615732	3.633328	4.668435	4.585285	1.3537716	7.81491
chr4	114385000	114390000	chr4	114655000	114660000	0,0,0	6.0723405	0.99975085	3.352409	2.807725	4.4040117	5.8026614	1.8912559	8.298417
chr4	112325000	112330000	chr4	112605000	112610000	0,0,0	5.778538	1.0	2.5233252	2.2038736	3.9484015	3.778716	1.321316	5.7377152
chr4	169025000	169030000	chr4	169485000	169490000	0,0,0	7.3794317	0.99999547	3.1718209	5.272813	8.321469	7.612733	3.0196702	12.299677
chr4	69690000	69695000	chr4	70555000	70560000	0,0,0	12.566897	1.0	3.6494114	8.221776	9.815497	5.252171	3.0055075	12.560416
chr4	49225000	49230000	chr4	49565000	49570000	0,0,0	27.24799	1.0	3.7315204	62.982174	68.73833	18.34129	22.989317	74.32545
chr4	107755000	107760000	chr4	107910000	107915000	0,0,0	13.668197	0.99999905	6.039317	5.853694	9.154071	8.649286	2.809094	13.852571
chr4	102445000	102450000	chr4	103010000	103015000	0,0,0	8.201999	0.99999046	3.8432298	4.990215	7.107404	7.1285877	3.0720804	11.564334
chr4	38175000	38180000	chr4	38675000	38680000	0,0,0	7.0631537	0.99999833	3.3791912	6.0044584	7.854995	7.9850965	3.339117	13.322392
chr4	37600000	37605000	chr4	37800000	37805000	0,0,0	8.011519	1.0	3.7297733	3.19351	4.7885046	4.8076463	1.7690614	7.646322
chr4	186835000	186840000	chr4	186930000	186935000	0,0,0	5.729356	1.0	3.2935019	1.8866601	2.704439	3.8141005	0.8852897	5.491132
chr4	87540000	87545000	chr4	87840000	87845000	0,0,0	6.745892	0.99965364	2.8902304	3.655885	5.288634	4.7190995	1.4261808	7.9687753
chr4	154550000	154555000	chr4	154620000	154625000	0,0,0	7.268657	0.9995963	2.8568532	3.8407183	5.4918337	4.40167	1.9762921	7.815642
chr4	6720000	6725000	chr4	6870000	6875000	0,0,0	12.10196	0.9999973	4.567512	6.3641496	9.308302	7.182822	2.747776	12.839844
chr4	174760000	174765000	chr4	175535000	175540000	0,0,0	11.352775	1.0	3.9005308	4.836694	6.498655	4.3945994	2.1780145	8.693883
chr4	162495000	162500000	chr4	163035000	163040000	0,0,0	13.157331	0.99999994	5.023642	8.0929165	11.91401	9.32994	3.4702263	16.523643
chr4	77240000	77245000	chr4	77360000	77365000	0,0,0	5.4300056	1.0	2.6532335	1.8964516	3.092732	3.3716304	1.5661204	5.057365
chr4	81465000	81470000	chr4	81840000	81845000	0,0,0	6.2982674	0.9999917	2.5563169	5.452962	8.139453	6.8578863	2.0779748	11.704964
chr4	88815000	88820000	chr4	89020000	89025000	0,0,0	10.085601	0.9999965	4.370497	5.331212	8.448841	7.814087	2.917051	12.552941
chr4	73595000	73600000	chr4	74130000	74135000	0,0,0	4.65974	0.9905788	2.6931665	1.3977301	2.377553	3.4228446	0.89636004	4.6652713
chr4	174365000	174370000	chr4	174710000	174715000	0,0,0	5.6327295	0.9995305	2.9045367	3.1220303	4.239546	4.8895364	1.5353684	7.6646748
chr4	138035000	138040000	chr4	138680000	138685000	0,0,0	6.5746	0.9993729	3.1312284	3.3704054	4.350186	4.379231	1.8517708	7.3751464
chr4	104935000	104940000	chr4	105470000	105475000	0,0,0	6.178226	0.9995663	2.2457955	4.3960137	5.503568	3.8363762	2.0715947	7.743944
chr4	181140000	181145000	chr4	181525000	181530000	0,0,0	13.64239	1.0	4.101268	7.5584717	9.438261	5.376759	2.951669	12.095401
chr4	56425000	56430000	chr4	56835000	56840000	0,0,0	4.7488914	0.9951177	2.3222322	2.3735816	3.063004	3.2128425	1.665755	5.322693
chr4	43130000	43135000	chr4	44425000	44430000	0,0,0	5.3555784	0.9997984	2.411977	4.3785067	5.119324	4.618202	1.6269141	8.510208
chr4	87850000	87855000	chr4	87970000	87975000	0,0,0	7.674279	1.0	3.68604	3.0612378	4.401656	4.584529	2.0201974	7.3056293
chr4	73870000	73875000	chr4	74135000	74140000	0,0,0	4.994874	0.9946512	2.867658	2.2147722	2.373797	3.2627347	0.90754783	5.2314215
chr4	169790000	169795000	chr4	170080000	170085000	0,0,0	4.5198274	0.99853945	2.151163	3.2230506	3.735229	3.6646948	1.4994878	6.5296288
chr4	147110000	147115000	chr4	147585000	147590000	0,0,0	6.6434317	0.9988637	2.7759209	3.7698717	4.2829037	3.429693	1.8117831	6.78069
chr4	48315000	48320000	chr4	48545000	48550000	0,0,0	8.823806	1.0	3.8401654	3.730801	5.2333956	4.7277665	1.7383016	8.044034
chr4	162495000	162500000	chr4	163330000	163335000	0,0,0	6.739663	0.99994737	2.6838977	5.0112076	6.7595873	5.3993025	2.5264156	9.853709
chr4	47705000	47710000	chr4	48085000	48090000	0,0,0	4.6582937	0.9931295	2.3470657	1.8092875	2.9568532	3.3727815	1.1710762	4.981037
chr4	77240000	77245000	chr4	77305000	77310000	0,0,0	6.623593	0.99890786	2.3100386	4.141038	4.869626	3.1394312	1.4890959	6.8203535
chr4	84530000	84535000	chr4	84970000	84975000	0,0,0	4.4016967	0.994796	2.170079	1.9256313	3.2031136	3.5471942	1.212236	5.2588663
chr4	173285000	173290000	chr4	173415000	173420000	0,0,0	5.6008754	1.0	2.1426826	3.262385	3.5310755	2.4510067	1.2751731	5.3509045
chr4	71225000	71230000	chr4	71710000	71715000	0,0,0	5.0520163	0.9993974	2.30078	2.8402755	4.8893523	4.8903093	1.2916616	7.414999
chr4	75995000	76000000	chr4	76065000	76070000	0,0,0	6.8874187	0.9996683	3.082828	3.3440657	5.2434554	5.03969	1.5126525	8.012193
chr4	36410000	36415000	chr4	37385000	37390000	0,0,0	11.813858	0.9999992	3.9597962	7.0499816	11.062355	7.7761493	3.2609057	14.0428
chr4	186725000	186730000	chr4	186945000	186950000	0,0,0	10.426934	1.0	4.3271546	5.085421	6.170417	5.011899	2.4944627	9.532273
chr4	165125000	165130000	chr4	165465000	165470000	0,0,0	13.588039	1.0	5.8128724	5.7488923	8.902042	8.061604	2.820756	13.171731
chr4	15225000	15230000	chr4	15455000	15460000	0,0,0	6.824274	0.99915487	2.8092823	3.2254956	4.8927927	4.2096643	1.2832282	7.0767717
chr4	120155000	120160000	chr4	121095000	121100000	0,0,0	10.659893	0.99999994	4.0129886	8.857132	12.130645	9.12324	3.782405	16.996246
chr4	69890000	69895000	chr4	70555000	70560000	0,0,0	5.4261365	0.9986516	2.8404665	2.7317638	3.5553536	4.181316	1.6543567	6.6095505
chr4	12850000	12855000	chr4	13545000	13550000	0,0,0	10.731989	1.0	4.214363	5.4056926	7.035693	5.4577107	2.1383371	10.262771
chr4	154805000	154810000	chr4	155370000	155375000	0,0,0	9.556912	0.99997413	4.1471415	4.819833	6.933545	6.279658	2.4451067	10.563953
chr4	139025000	139030000	chr4	139295000	139300000	0,0,0	5.077285	1.0	2.3196352	2.045482	2.7848163	2.668409	1.0266497	4.486615
chr4	53700000	53705000	chr4	54230000	54235000	0,0,0	6.788798	1.0	2.5488875	4.1497602	4.521216	3.0706456	1.5040975	6.759321
chr4	153140000	153145000	chr4	153315000	153320000	0,0,0	7.2880697	1.0	3.5523796	3.1205652	4.094218	4.2863483	1.3573359	7.060184
chr4	106370000	106375000	chr4	106500000	106505000	0,0,0	6.898937	1.0	3.24266	2.7282965	3.8783045	3.905632	1.3552189	6.330785
chr4	74875000	74880000	chr4	75465000	75470000	0,0,0	5.879143	0.9999891	2.4029715	6.5543976	7.277822	5.5987535	2.8319836	11.424885
chr4	74535000	74540000	chr4	74620000	74625000	0,0,0	7.0690494	0.99976796	2.7031763	3.6762354	6.238489	5.101721	2.0710964	8.369486
chr4	150005000	150010000	chr4	150210000	150215000	0,0,0	5.809475	0.9985851	3.0957675	2.5671177	3.5054057	4.2795005	1.4600891	6.5613832
chr4	117130000	117135000	chr4	117560000	117565000	0,0,0	7.419863	0.9999829	2.873155	5.468977	7.777128	6.1173215	2.0296695	10.978635
chr4	90415000	90420000	chr4	91115000	91120000	0,0,0	4.4073997	0.9934488	2.272115	1.7556133	2.928846	3.4680867	1.1372027	5.0286317
chr4	43130000	43135000	chr4	44625000	44630000	0,0,0	11.495316	0.99999994	3.2015374	12.044533	13.005176	6.1720552	4.250637	16.878305
chr4	69895000	69900000	chr4	70500000	70505000	0,0,0	4.4280205	0.99661255	2.550114	1.5105088	3.0140827	4.3455997	1.1784906	5.6882744
chr4	21785000	21790000	chr4	22695000	22700000	0,0,0	6.243026	0.9986941	3.014234	2.861356	3.9363782	4.0981493	1.2249414	6.6415772
chr4	102615000	102620000	chr4	103095000	103100000	0,0,0	5.0497336	0.99798316	2.2446733	3.0569806	3.858755	3.4895582	1.58979	6.2068744
chr4	80360000	80365000	chr4	80985000	80990000	0,0,0	7.3820143	0.99999946	2.7657268	8.126238	10.074619	7.245792	3.997282	14.469115
chr4	112630000	112635000	chr4	112935000	112940000	0,0,0	7.8022184	1.0	2.9238822	3.719722	4.441565	3.1436625	1.7667178	6.450082
chr4	111640000	111645000	chr4	111850000	111855000	0,0,0	8.97239	0.9999627	2.8574948	6.7527885	7.4818645	4.194214	2.414552	10.196692
chr4	77960000	77965000	chr4	78865000	78870000	0,0,0	4.3637323	0.99963033	2.1144662	4.0187087	4.356138	4.3314934	2.421818	7.9036794
chr4	153340000	153345000	chr4	153575000	153580000	0,0,0	7.4488196	0.9999687	3.0200222	5.2757163	6.9986815	5.6834354	2.342756	10.372961
chr4	72700000	72705000	chr4	73020000	73025000	0,0,0	7.044538	0.9995514	3.0354657	3.5647855	5.0737696	4.5415726	2.146151	7.710271
chr4	94620000	94625000	chr4	95100000	95105000	0,0,0	11.583458	0.9999909	5.2970357	5.230033	7.228569	6.9593625	3.3341053	11.608281
chr4	186295000	186300000	chr4	186555000	186560000	0,0,0	7.5084615	1.0	3.0467007	3.3070428	4.9207897	4.1410847	1.4463339	7.080679
chr4	20420000	20425000	chr4	20540000	20545000	0,0,0	6.432478	0.9989534	3.2086341	2.8779483	3.9353657	4.304752	1.4731926	6.862928
chr4	99560000	99565000	chr4	99805000	99810000	0,0,0	6.713241	0.9998252	2.8011827	3.6637633	6.046513	5.395881	2.0937462	8.65256
chr4	76430000	76435000	chr4	76500000	76505000	0,0,0	7.798148	1.0	3.0808804	3.060142	4.7942996	3.9709854	1.4935167	6.6911116
chr4	38755000	38760000	chr4	39135000	39140000	0,0,0	10.638524	1.0	3.3288534	6.03319	6.2562094	3.2743983	2.1857934	8.637234
chr4	73725000	73730000	chr4	74130000	74135000	0,0,0	6.030939	0.9998651	2.4210253	4.9546046	5.85775	4.5079327	2.1707177	8.912026
chr4	25180000	25185000	chr4	25365000	25370000	0,0,0	6.3621416	0.9988997	2.2989092	3.9152434	4.8409457	3.3326368	1.4094528	6.8128533
chr4	38055000	38060000	chr4	38730000	38735000	0,0,0	7.4313703	0.99997056	3.7260618	4.9782887	5.639044	6.008072	2.2462225	10.433217
chr4	145230000	145235000	chr4	145555000	145560000	0,0,0	4.9241586	0.9999261	2.4888608	3.9500728	5.376436	6.0021906	2.254736	9.513366
chr4	38900000	38905000	chr4	39130000	39135000	0,0,0	10.488777	0.99999905	3.7025447	7.253085	10.417381	7.4448066	3.6033971	13.8919935
chr4	150005000	150010000	chr4	150240000	150245000	0,0,0	5.102587	0.9981819	2.6434557	2.1973884	3.653382	4.357386	1.1213939	6.310621
chr4	48010000	48015000	chr4	48080000	48085000	0,0,0	4.892522	0.9927268	2.2162113	2.3802066	3.0185997	2.8083339	1.0636561	4.924073
chr4	42565000	42570000	chr4	42750000	42755000	0,0,0	5.766998	0.9993227	2.518406	3.8466015	4.5003347	3.878994	1.4844097	7.2981954
chr4	158855000	158860000	chr4	159175000	159180000	0,0,0	12.284076	0.99999994	4.871815	8.280936	11.456072	9.181623	3.020396	16.542456
chr4	113390000	113395000	chr4	114070000	114075000	0,0,0	6.031373	0.9998405	2.680933	4.0639668	5.557833	5.131896	2.2431262	8.744311
chr1	1405000	1410000	chr1	1500000	1505000	0,0,0	4.392077	1.0	2.1560478	2.131606	2.3218086	2.3638306	0.9378034	4.2585917
chr1	88995000	89000000	chr1	89355000	89360000	0,0,0	8.148025	0.99999815	2.674114	7.37319	10.166013	6.6427784	2.967063	13.196724
chr1	171645000	171650000	chr1	171715000	171720000	0,0,0	3.8158624	0.9817661	2.0257766	1.5441144	2.1635063	2.6323419	0.7256032	4.004888
chr1	186300000	186305000	chr1	186985000	186990000	0,0,0	8.490188	1.0	3.124911	2.994052	3.9774528	2.882936	1.1461219	5.5443153
chr1	115135000	115140000	chr1	115595000	115600000	0,0,0	9.053215	0.9999634	3.5253134	4.7450137	7.37489	5.9989233	2.4651718	10.216713
chr1	13355000	13360000	chr1	13420000	13425000	0,0,0	7.4748125	0.9995307	2.2719443	5.0739894	5.799318	3.1547747	1.8792682	7.6649876
chr1	178305000	178310000	chr1	178510000	178515000	0,0,0	6.916469	1.0	3.6639442	2.197164	2.7747762	3.3184314	0.9362234	5.2714663
chr1	234595000	234600000	chr1	235085000	235090000	0,0,0	8.421658	0.9999732	4.061381	4.369776	6.331607	6.6432323	2.6703043	10.527477
chr1	27300000	27305000	chr1	27385000	27390000	0,0,0	9.235403	1.0	3.6298182	4.00416	5.90323	4.7762885	2.159775	8.335542
chr1	192805000	192810000	chr1	193015000	193020000	0,0,0	7.3626833	1.0	3.6629431	2.2404506	4.295371	4.905979	1.0895613	6.897491
chr1	200135000	200140000	chr1	200510000	200515000	0,0,0	7.0154805	0.9993383	3.114653	3.6729872	4.5244193	4.0566235	1.4060112	7.321501
chr1	214215000	214220000	chr1	214325000	214330000	0,0,0	6.906538	1.0	3.1073885	2.4233904	3.7697103	3.6415753	1.3802935	5.7957
chr1	241530000	241535000	chr1	241835000	241840000	0,0,0	7.8226314	0.99993134	3.5225759	4.2133517	6.1276183	5.841852	1.8847854	9.587054
chr1	247385000	247390000	chr1	247575000	247580000	0,0,0	5.335195	1.0	2.8005233	1.5890993	2.846282	3.4921303	1.0530806	4.904663
chr1	15325000	15330000	chr1	15500000	15505000	0,0,0	4.7934155	1.0	2.4887516	1.8932761	2.189716	2.491954	0.90044546	4.174866
chr1	151440000	151445000	chr1	151735000	151740000	0,0,0	6.589428	0.9999236	2.7552547	4.2461386	6.4962044	5.706053	2.5567932	9.480398
chr1	31185000	31190000	chr1	31420000	31425000	0,0,0	4.809865	0.9969393	2.1913486	2.5038621	3.6729927	3.5640576	1.0904691	5.789713
chr1	19720000	19725000	chr1	19870000	19875000	0,0,0	4.356167	0.9902526	2.3553762	1.6958513	2.4757175	3.1238163	1.2172048	4.6312394
chr1	13235000	13240000	chr1	13380000	13385000	0,0,0	29.44098	1.0	6.5630755	10.688164	11.063749	4.0128903	3.8531778	13.513479
chr1	42775000	42780000	chr1	43075000	43080000	0,0,0	5.3627157	1.0	2.254327	2.4199672	3.6021419	3.1622424	1.0687122	5.3133245
chr1	201445000	201450000	chr1	201510000	201515000	0,0,0	5.6979055	1.0	2.5679026	2.528944	2.954893	2.6678877	1.0760586	4.915838
chr1	54120000	54125000	chr1	54490000	54495000	0,0,0	8.419323	0.9999502	2.9200573	5.7564282	7.2333217	4.790799	2.3086193	9.907624
chr1	25895000	25900000	chr1	25995000	26000000	0,0,0	5.6301746	0.99849147	2.1311827	3.4541104	4.5821505	3.4269893	1.3271971	6.4973097
chr1	160425000	160430000	chr1	160605000	160610000	0,0,0	15.037015	1.0	4.6760855	13.047785	16.055931	9.37511	4.7778273	20.973139
chr1	205270000	205275000	chr1	205325000	205330000	0,0,0	7.1176043	0.9999907	2.4043107	6.274252	8.850054	6.0081615	2.5993578	11.585275
chr1	248620000	248625000	chr1	248805000	248810000	0,0,0	10.132791	1.0	4.203041	3.4422047	4.689176	3.9507713	1.414017	7.0105085
chr1	243745000	243750000	chr1	244275000	244280000	0,0,0	4.397472	1.0	2.4651265	1.6246332	1.9066079	2.5158834	1.015178	3.960002
chr1	12270000	12275000	chr1	12620000	12625000	0,0,0	5.9055953	0.9999624	2.6264439	4.8089695	6.4353867	5.9142814	2.5564377	10.188921
chr1	43525000	43530000	chr1	43930000	43935000	0,0,0	8.648733	1.0	2.6808593	5.3544726	6.528098	3.7783961	1.9002825	8.537928
chr1	9110000	9115000	chr1	9195000	9200000	0,0,0	5.616604	0.99777067	2.44122	2.8388786	3.975013	3.5832286	1.3892038	6.1066766
chr1	100920000	100925000	chr1	101355000	101360000	0,0,0	4.35419	1.0	2.2178452	1.7245317	2.2437341	2.518598	0.8085812	4.051515
chr1	166905000	166910000	chr1	167055000	167060000	0,0,0	10.423907	0.99997216	4.9731293	3.4372559	6.852543	7.4350653	2.1023746	10.490403
chr1	202005000	202010000	chr1	202115000	202120000	0,0,0	16.64906	1.0	6.4927826	7.6056166	10.224666	7.956292	3.572767	14.716841
chr1	7975000	7980000	chr1	8310000	8315000	0,0,0	6.9814982	0.99998826	3.7656255	4.149016	6.0954275	7.6633587	2.5440185	11.351373
chr1	161645000	161650000	chr1	161740000	161745000	0,0,0	5.1831994	0.99563205	2.4059777	2.5191174	3.2898445	3.1948104	1.3087932	5.434026
chr1	64270000	64275000	chr1	64675000	64680000	0,0,0	7.0682774	1.0	3.9196315	2.7967343	3.4973469	4.547745	2.0539978	7.0337315
chr1	64265000	64270000	chr1	64820000	64825000	0,0,0	9.243274	1.0	4.225114	2.9632738	5.1944427	5.2361255	1.250788	7.8701468
chr1	207080000	207085000	chr1	207495000	207500000	0,0,0	16.490088	1.0	6.90892	4.5969005	7.5195656	6.728411	2.214764	10.814545
chr1	224510000	224515000	chr1	224640000	224645000	0,0,0	7.0422354	1.0	2.8822646	3.3284664	4.1262465	3.314933	1.8964611	6.27357
chr1	119610000	119615000	chr1	119675000	119680000	0,0,0	5.7767644	0.9993994	2.4539073	3.8184988	4.7581353	4.024148	1.6336739	7.418369
chr1	12315000	12320000	chr1	12620000	12625000	0,0,0	5.059553	0.9996209	2.4335074	4.6678896	6.022416	6.1547923	1.9259183	10.304028
chr1	180185000	180190000	chr1	180475000	180480000	0,0,0	7.674735	1.0	3.388896	3.8113608	4.7240252	4.210167	2.517131	7.598043
chr1	94045000	94050000	chr1	94465000	94470000	0,0,0	5.550192	0.9966631	2.5644972	2.8092964	3.3891983	3.2061539	1.3115996	5.703306
chr1	67530000	67535000	chr1	67760000	67765000	0,0,0	9.35199	0.9999729	4.0882077	4.3091474	7.093566	6.6854024	1.9779949	10.515756
chr1	178540000	178545000	chr1	178750000	178755000	0,0,0	7.717843	0.9996234	3.5983334	3.533125	4.8097806	4.7446833	1.7321199	7.8852386
chr1	145590000	145595000	chr1	145715000	145720000	0,0,0	4.08515	0.98324525	2.0351658	2.0068326	2.203094	2.3056479	0.9777929	4.089499
chr1	23495000	23500000	chr1	23635000	23640000	0,0,0	6.9136105	0.99921244	2.2032425	4.6977496	5.2598996	2.971568	1.721758	7.1473455
chr1	211470000	211475000	chr1	211655000	211660000	0,0,0	8.02405	1.0	3.056401	3.533495	4.3443127	3.1765292	1.3936573	6.3174133
chr1	172445000	172450000	chr1	172720000	172725000	0,0,0	10.940466	1.0	4.4280963	4.8860946	6.473127	5.2432	1.70229	9.586394
chr1	203040000	203045000	chr1	203215000	203220000	0,0,0	5.88709	0.99840736	2.9547048	2.6613238	3.6838784	4.0774174	1.4225051	6.443039
chr1	242465000	242470000	chr1	243325000	243330000	0,0,0	7.988738	1.0	3.7515893	2.978383	4.2632737	4.29381	1.2689422	6.941262
chr1	9285000	9290000	chr1	9455000	9460000	0,0,0	10.957059	0.9999961	4.3651953	5.9553623	8.734687	7.1661277	2.5603383	12.459783
chr1	218330000	218335000	chr1	219805000	219810000	0,0,0	9.409349	0.9999954	3.849128	6.449944	8.128672	6.563251	3.176857	12.296535
chr1	88995000	89000000	chr1	89455000	89460000	0,0,0	7.27167	0.999969	3.0434365	4.1487594	7.359269	6.6955004	2.2938156	10.383286
chr1	70525000	70530000	chr1	71045000	71050000	0,0,0	7.510934	1.0	3.362314	3.2800243	4.5131884	4.214124	1.1224843	7.129701
chr1	234110000	234115000	chr1	234305000	234310000	0,0,0	5.770117	0.99934417	2.7621536	2.9364	4.502645	4.72027	1.2779281	7.3304033
chr1	234610000	234615000	chr1	234960000	234965000	0,0,0	5.2954893	0.99893105	2.7492166	2.3619242	3.9593346	4.7422967	1.588815	6.841785
chr1	84945000	84950000	chr1	85255000	85260000	0,0,0	13.362448	1.0	5.517374	5.539249	5.915108	4.543507	2.0760329	9.467284
chr1	236605000	236610000	chr1	236865000	236870000	0,0,0	7.16313	1.0	3.2003539	3.4735804	4.0587654	3.6170578	1.5843655	6.7046843
chr1	168435000	168440000	chr1	169345000	169350000	0,0,0	5.6451783	1.0	2.728331	2.3661308	3.2128925	3.3417673	1.0069503	5.444995
chr1	52700000	52705000	chr1	53185000	53190000	0,0,0	5.330277	1.0	2.4047792	2.3386064	3.398043	3.24715	1.1741713	5.325911
chr1	165255000	165260000	chr1	165365000	165370000	0,0,0	7.3043084	1.0	3.0602934	3.5894136	4.688101	3.9501839	1.7927333	7.1407733
chr1	19915000	19920000	chr1	20150000	20155000	0,0,0	8.018627	0.99997795	2.996486	5.2240868	7.8808355	6.078613	2.3848615	10.722245
chr1	11035000	11040000	chr1	11645000	11650000	0,0,0	15.232935	1.0	4.3423176	10.823514	15.002663	8.6537075	5.3715796	18.274609
chr1	198085000	198090000	chr1	198465000	198470000	0,0,0	3.9155126	0.99272233	2.4696767	1.3694612	2.1559353	3.7061534	0.8592252	4.9234524
chr1	15130000	15135000	chr1	15270000	15275000	0,0,0	7.7947397	0.99967057	3.738074	3.2281842	4.9067783	5.149461	1.5941012	8.018957
chr1	228660000	228665000	chr1	229250000	229255000	0,0,0	9.806819	0.99997616	4.6177254	4.0577536	6.7731853	7.0394635	2.401188	10.646356
chr1	153800000	153805000	chr1	153985000	153990000	0,0,0	5.934595	0.997367	2.4838796	3.1333992	3.830182	3.155008	1.7694404	5.940252
chr1	83935000	83940000	chr1	84750000	84755000	0,0,0	4.9601917	0.9939393	2.7901487	2.0419188	2.4697173	3.2914197	1.2363573	5.1064587
chr1	109275000	109280000	chr1	109395000	109400000	0,0,0	6.3032107	0.9997449	2.624656	4.2144785	5.4382963	4.5285425	1.9511493	8.274745
chr1	113830000	113835000	chr1	113905000	113910000	0,0,0	4.672984	0.99512774	2.4045286	2.4287488	2.824452	3.1658616	1.0619618	5.3247495
chr1	213245000	213250000	chr1	214120000	214125000	0,0,0	7.643784	0.99982786	2.572903	5.093998	6.4379706	4.140055	2.1080413	8.668054
chr1	84140000	84145000	chr1	84430000	84435000	0,0,0	9.563124	0.99999726	3.978189	5.65766	8.868458	7.789751	3.3422568	12.818783
chr1	58510000	58515000	chr1	58650000	58655000	0,0,0	11.648766	1.0	4.967479	4.4918876	7.1064563	6.4429417	2.2595208	10.435731
chr1	161485000	161490000	chr1	161740000	161745000	0,0,0	16.27632	1.0	5.836099	6.9232073	8.190614	5.472167	2.7090912	11.626129
chr1	212480000	212485000	chr1	212605000	212610000	0,0,0	4.346377	1.0	2.9037144	1.0615385	1.5519912	3.0723014	0.676515	4.015891
chr1	179865000	179870000	chr1	180175000	180180000	0,0,0	8.827008	0.99996674	3.9205093	4.7386646	6.58627	6.0992284	2.3361442	10.311375
chr1	209600000	209605000	chr1	209690000	209695000	0,0,0	8.532504	0.99994075	3.3601441	4.863093	6.788805	5.4117866	1.9420984	9.734535
chr1	89480000	89485000	chr1	89760000	89765000	0,0,0	8.471565	1.0	3.6189516	3.4277518	5.119246	4.5877233	1.5945312	7.634614
chr1	239400000	239405000	chr1	239895000	239900000	0,0,0	6.4218307	1.0	3.1538324	2.14036	3.3771877	3.6906536	1.2761122	5.5931954
chr1	236105000	236110000	chr1	236530000	236535000	0,0,0	12.515495	0.99999994	4.7099	7.4837	12.282757	9.791893	2.8272908	16.44407
chr1	246495000	246500000	chr1	246695000	246700000	0,0,0	5.9126306	0.9980477	2.9152308	2.7816944	3.5514338	3.7667923	1.4806706	6.2394094
chr1	197180000	197185000	chr1	197355000	197360000	0,0,0	5.741781	0.99830014	2.4206688	3.3808012	4.073723	3.3727221	1.3131326	6.377879
chr1	63775000	63780000	chr1	64135000	64140000	0,0,0	4.3070908	0.99885774	2.064551	3.0862877	3.9689257	4.0320897	1.3771187	6.775457
chr1	85310000	85315000	chr1	85460000	85465000	0,0,0	4.424945	1.0	2.118827	2.156953	2.5170841	2.498138	1.0835444	4.4154296
chr1	68110000	68115000	chr1	68440000	68445000	0,0,0	4.2785573	0.987504	2.3934155	1.5783701	2.2281158	2.979807	0.67031646	4.3828025
chr1	113975000	113980000	chr1	114280000	114285000	0,0,0	7.6034293	0.9999607	3.202029	4.9980536	6.677931	5.7033434	2.198485	10.146057
chr1	16080000	16085000	chr1	16185000	16190000	0,0,0	14.670811	0.99999994	4.234721	10.4622555	13.208588	7.2903748	3.8786292	16.590157
chr1	186400000	186405000	chr1	186985000	186990000	0,0,0	5.3661213	1.0	2.4675622	2.335342	2.6731985	2.4749417	1.0427198	4.5508013
chr1	225470000	225475000	chr1	225845000	225850000	0,0,0	3.9340737	0.99731797	2.1319215	2.5245018	2.9763494	3.6777942	1.5786797	5.921796
chr1	53275000	53280000	chr1	53390000	53395000	0,0,0	11.133006	0.99998873	4.084306	5.615943	8.46662	6.4048853	2.5464637	11.396834
chr1	8560000	8565000	chr1	8725000	8730000	0,0,0	7.026801	0.9999729	3.1151626	4.8151913	6.74018	6.236891	1.8583256	10.517061
chr1	94605000	94610000	chr1	94800000	94805000	0,0,0	5.129787	0.9978034	2.7940671	2.3481243	3.1810293	4.0342493	1.0121763	6.121471
chr1	224165000	224170000	chr1	224335000	224340000	0,0,0	3.9076838	0.9972926	2.1653037	1.7818699	3.2281966	4.3284936	0.96782684	5.912378
chr1	225550000	225555000	chr1	225770000	225775000	0,0,0	6.0215735	0.99985766	2.5035512	3.7888002	6.191964	5.4903626	1.9610364	8.858186
chr1	113070000	113075000	chr1	113680000	113685000	0,0,0	4.4617147	0.9977926	2.3965402	2.3144503	3.26645	4.0592856	1.8873433	6.116575
chr1	46035000	46040000	chr1	46175000	46180000	0,0,0	7.58471	0.9999882	2.919767	4.755736	8.528172	7.12121	2.8044467	11.348531
chr1	56585000	56590000	chr1	56705000	56710000	0,0,0	4.024008	1.0	2.1017551	1.6262894	2.0080395	2.3341305	0.80890405	3.7797213
chr1	236100000	236105000	chr1	236865000	236870000	0,0,0	8.123661	0.9997919	3.4079163	3.7343705	5.8230796	5.1591325	1.9046198	8.478573
chr1	147490000	147495000	chr1	147890000	147895000	0,0,0	7.2541966	1.0	3.6813576	2.6517782	3.5840807	4.023069	1.7891206	6.380205
chr1	15320000	15325000	chr1	15430000	15435000	0,0,0	9.632061	0.99997485	3.353886	6.254146	7.6608624	5.0333962	2.5792441	10.592637
chr1	157990000	157995000	chr1	158085000	158090000	0,0,0	4.397297	0.99721783	2.1158905	2.2413187	3.6501591	3.892846	1.1302572	5.8851295
chr1	223135000	223140000	chr1	223680000	223685000	0,0,0	9.060301	1.0	4.048585	4.0795827	5.0179834	4.5396023	1.977143	8.165898
chr1	7665000	7670000	chr1	7755000	7760000	0,0,0	7.7988334	1.0	2.6065135	4.303797	5.385596	3.4200168	1.7745109	7.245614
chr1	26100000	26105000	chr1	26390000	26395000	0,0,0	4.9088306	0.9951526	2.0448716	3.206326	3.255588	2.479793	1.4433589	5.3298607
chr1	157090000	157095000	chr1	157155000	157160000	0,0,0	7.6969824	1.0	3.2278373	3.262466	4.670777	4.0463557	1.6689405	6.946326
chr1	160100000	160105000	chr1	160250000	160255000	0,0,0	7.2240005	0.9998657	2.539366	5.7082047	6.1806984	3.8426676	1.8851782	8.916627
chr1	16075000	16080000	chr1	16240000	16245000	0,0,0	5.912442	0.9984819	3.2885382	1.778413	3.6118302	4.9101863	0.9909918	6.490998
chr1	17060000	17065000	chr1	17335000	17340000	0,0,0	3.97578	0.9971819	2.0465271	2.5007908	3.2020166	3.649378	1.2742738	5.872303
chr1	211680000	211685000	chr1	212030000	212035000	0,0,0	11.2532835	1.0	4.011844	6.0263805	7.439046	5.038672	2.1066563	10.395455
chr1	234960000	234965000	chr1	235080000	235085000	0,0,0	5.5589895	1.0	2.7790759	2.1436462	2.543001	2.7208145	1.1097124	4.6262774
chr1	180510000	180515000	chr1	181165000	181170000	0,0,0	9.836691	1.0	4.8999186	2.323941	3.6127422	4.023094	1.3391677	6.08882
chr1	85305000	85310000	chr1	85500000	85505000	0,0,0	5.2856817	0.99691176	2.8831427	1.8494707	3.180843	4.1367855	0.9656259	5.7807593
chr1	152055000	152060000	chr1	152455000	152460000	0,0,0	6.5503707	1.0	3.6637065	2.158681	2.320874	3.019227	1.3204081	4.9380546
chr1	210580000	210585000	chr1	211135000	211140000	0,0,0	4.9539137	0.9995542	2.3699176	3.205334	4.686354	4.8673005	1.7055622	7.7164865
chr1	85305000	85310000	chr1	85580000	85585000	0,0,0	5.7552743	1.0	2.7726626	2.9568787	3.1678655	3.109617	1.2423937	5.7379537
chr1	99170000	99175000	chr1	99710000	99715000	0,0,0	4.05364	1.0	2.357214	1.0570862	1.9114237	2.7917874	0.7307961	3.7314198
chr1	241535000	241540000	chr1	242010000	242015000	0,0,0	4.6735654	1.0	2.4520733	2.0321603	2.3741438	2.7583325	1.1378188	4.5646973
chr1	86830000	86835000	chr1	87080000	87085000	0,0,0	8.394977	0.99998546	2.983149	5.9909797	8.225906	5.8151264	3.0498538	11.140442
chr1	24200000	24205000	chr1	24390000	24395000	0,0,0	21.88889	1.0	5.815635	14.923163	18.859169	9.675216	6.4398007	22.94025
chr1	169925000	169930000	chr1	170925000	170930000	0,0,0	6.2708	0.99949193	3.0632946	2.7052364	4.7099457	5.1809793	1.7574096	7.585634
chr1	3555000	3560000	chr1	3620000	3625000	0,0,0	4.876206	0.9944838	2.0658844	2.793468	3.2865243	2.7175245	1.4524509	5.2006073
chr1	91510000	91515000	chr1	91925000	91930000	0,0,0	9.053208	0.99999887	4.6273713	5.160326	7.8596134	9.080203	2.9707565	13.66716
chr1	228695000	228700000	chr1	229225000	229230000	0,0,0	5.976955	0.99993837	3.0455832	3.811107	5.5244823	6.308068	2.203229	9.695719
chr1	173420000	173425000	chr1	173825000	173830000	0,0,0	11.702191	1.0	3.8648112	6.957038	8.075401	4.8568964	2.7005608	11.04093
chr1	199680000	199685000	chr1	200275000	200280000	0,0,0	4.168416	0.99231994	2.3108652	1.8852811	2.44803	3.193824	0.8209669	4.8696294
chr1	215995000	216000000	chr1	216750000	216755000	0,0,0	3.8293953	0.9791414	2.0787663	1.4536595	2.0378106	2.578248	0.9621518	3.87039
chr1	240730000	240735000	chr1	240950000	240955000	0,0,0	7.5948358	0.99956304	3.564106	3.7401092	4.545429	4.411951	1.6238778	7.7364917
chr1	109640000	109645000	chr1	109770000	109775000	0,0,0	11.310275	1.0	3.452146	6.9757557	8.785452	5.1049995	2.4726985	11.305672
chr1	203040000	203045000	chr1	203265000	203270000	0,0,0	5.8042808	0.9987891	2.296389	2.9581504	4.86396	4.0875945	1.7544798	6.717061
chr1	172000000	172005000	chr1	172395000	172400000	0,0,0	4.774182	0.9990735	2.629871	2.6205904	3.5916026	4.655409	1.551052	6.9848228
chr1	94245000	94250000	chr1	94325000	94330000	0,0,0	5.0907516	0.99700475	2.596591	2.5169938	3.1902475	3.5739942	1.0530528	5.811322
chr1	214640000	214645000	chr1	215515000	215520000	0,0,0	6.223236	0.99904543	3.6938887	2.8168058	3.0084088	4.4511642	1.1995593	6.954992
chr1	198770000	198775000	chr1	199105000	199110000	0,0,0	4.4145594	0.9992636	2.5024629	2.378349	3.6933696	5.100372	1.6663254	7.2144594
chr1	153510000	153515000	chr1	153670000	153675000	0,0,0	5.5066447	1.0	2.155867	3.0082536	3.6897879	2.7888086	1.0496277	5.462812
chr1	93305000	93310000	chr1	93845000	93850000	0,0,0	4.705975	0.9973906	2.978399	1.4990793	2.6629453	4.6167507	0.92312485	5.9492655
chr1	15810000	15815000	chr1	16045000	16050000	0,0,0	4.844834	1.0	2.2518077	2.276385	2.7320435	2.6045048	0.9767838	4.6279583
chr1	76900000	76905000	chr1	77125000	77130000	0,0,0	6.080457	0.99792325	2.3220575	3.2635875	4.334517	3.2766242	1.3875579	6.177591
chr1	161560000	161565000	chr1	161735000	161740000	0,0,0	9.234646	0.9999051	3.8126967	4.788544	6.104162	5.0072	2.3383365	9.263683
chr1	28880000	28885000	chr1	29200000	29205000	0,0,0	14.668874	1.0	4.200674	8.519443	10.758401	5.8956976	3.250946	13.468535
chr1	203870000	203875000	chr1	204125000	204130000	0,0,0	11.398612	0.99999744	5.617526	5.044282	7.675977	8.385129	2.690074	12.868936
chr1	163530000	163535000	chr1	165075000	165080000	0,0,0	5.953156	0.9989349	3.0333183	2.8253012	3.8333902	4.3340435	1.403237	6.845422
chr1	232635000	232640000	chr1	232875000	232880000	0,0,0	4.683627	1.0	2.3978028	1.8197119	2.1161718	2.350668	0.81125206	3.9681897
chr1	143185000	143190000	chr1	143260000	143265000	0,0,0	25.097116	1.0	9.094039	5.046194	8.242799	6.3201346	2.4170892	10.80564
chr1	17500000	17505000	chr1	17605000	17610000	0,0,0	16.059875	0.99999994	4.944027	10.112797	12.978508	7.6869073	3.8782582	16.67606
chr1	114980000	114985000	chr1	115595000	115600000	0,0,0	9.840278	1.0	4.459115	3.2240877	3.904961	3.590902	1.7388155	6.4567575
chr1	27100000	27105000	chr1	27280000	27285000	0,0,0	11.769694	0.9999995	4.054962	7.9132695	10.945396	7.51621	4.016127	14.550227
chr1	168340000	168345000	chr1	168570000	168575000	0,0,0	9.561168	1.0	3.8695612	3.3348527	5.6635723	4.917372	1.3782821	7.881686
chr1	5510000	5515000	chr1	5745000	5750000	0,0,0	7.876314	1.0	3.3560245	3.6309767	4.1764383	3.4544153	1.6295404	6.68195
chr1	24685000	24690000	chr1	24835000	24840000	0,0,0	9.633332	0.9999449	4.121995	4.9341693	6.3001857	5.4216976	2.7043247	9.807626
chr1	223695000	223700000	chr1	223915000	223920000	0,0,0	7.4571166	1.0	3.4611816	3.698935	3.973655	3.6669185	1.8949043	6.9548607
chr1	152050000	152055000	chr1	152185000	152190000	0,0,0	10.064841	1.0	3.4631882	4.5532856	6.1617804	4.1863422	2.191203	8.233707
chr1	230630000	230635000	chr1	230770000	230775000	0,0,0	7.2287025	0.9995912	3.6284578	3.0521674	4.546242	5.089993	1.1882986	7.803031
chr1	19915000	19920000	chr1	20195000	20200000	0,0,0	6.2275095	0.9993499	2.4050145	4.6522355	4.7126427	3.2037935	2.034149	7.3391137
chr1	109640000	109645000	chr1	109985000	109990000	0,0,0	8.745475	1.0	4.174953	3.092124	3.819867	3.8226116	1.9558519	6.571166
chr1	202465000	202470000	chr1	202715000	202720000	0,0,0	3.9791574	0.99591166	2.2910044	1.4740722	2.908975	4.189898	1.007233	5.500184
chr1	182140000	182145000	chr1	182395000	182400000	0,0,0	5.888719	0.99987495	2.6953456	4.4713154	5.3799567	5.013354	1.9398111	8.987857
chr1	176370000	176375000	chr1	176690000	176695000	0,0,0	4.7436376	0.99660164	2.2739906	2.364292	3.4424968	3.5834634	1.4500593	5.6850567
chr1	18595000	18600000	chr1	18680000	18685000	0,0,0	6.047255	1.0	3.0477278	2.0531197	3.2380564	3.677572	1.2315294	5.5025673
chr1	243340000	243345000	chr1	243750000	243755000	0,0,0	5.8717637	1.0	2.7180657	2.5396543	3.4184616	3.329068	0.9961202	5.5865383
chr1	206485000	206490000	chr1	206585000	206590000	0,0,0	6.441448	1.0	3.305309	2.1890628	3.567249	4.182184	1.300981	6.128018
chr1	46875000	46880000	chr1	46995000	47000000	0,0,0	4.772995	0.99853355	2.7504544	2.1230206	3.2591174	4.6384735	1.1750654	6.525603
chr1	61045000	61050000	chr1	61450000	61455000	0,0,0	6.495787	1.0	2.7660334	2.7447908	4.1363554	3.7004166	1.4949653	6.1402307
chr1	24150000	24155000	chr1	24395000	24400000	0,0,0	5.07412	0.99698395	2.2621298	2.2130654	3.9195657	3.8372383	1.1159099	5.8044076
chr1	198470000	198475000	chr1	198685000	198690000	0,0,0	4.170168	0.9955605	2.1314487	2.046126	3.1154616	3.5990045	1.1833272	5.4177833
chr1	120215000	120220000	chr1	120540000	120545000	0,0,0	38.57476	1.0	11.964432	12.858705	15.314765	8.743237	5.392636	20.173197
chr1	156090000	156095000	chr1	156225000	156230000	0,0,0	10.526166	0.99999523	4.281325	6.2766895	8.2270565	6.681371	2.9915762	12.260652
chr1	85305000	85310000	chr1	85690000	85695000	0,0,0	7.122846	1.0	3.976107	1.7020924	2.7302437	3.675176	0.7112287	5.188147
chr1	67685000	67690000	chr1	67745000	67750000	0,0,0	3.97094	0.9914147	2.2702613	1.6170149	2.375628	3.3208508	0.77790403	4.7581973
chr1	203115000	203120000	chr1	203215000	203220000	0,0,0	5.6720295	0.999639	2.1898093	4.355233	5.426898	4.0561357	1.7492357	7.927454
chr1	21370000	21375000	chr1	21655000	21660000	0,0,0	10.199576	1.0	3.4277008	4.858428	5.662461	3.481342	1.8376089	7.799945
chr1	62840000	62845000	chr1	63440000	63445000	0,0,0	4.8477626	0.99679875	2.185946	3.1273694	3.3650181	2.9649286	1.197301	5.7448125
chr1	162610000	162615000	chr1	162800000	162805000	0,0,0	8.413079	1.0	2.904567	4.915036	5.3586683	3.2711174	1.6658441	7.6400385
chr1	220870000	220875000	chr1	221435000	221440000	0,0,0	5.88447	1.0	2.8868046	2.246758	2.6794395	2.7804818	1.8225466	4.7776
chr1	8010000	8015000	chr1	8315000	8320000	0,0,0	5.410883	0.9998552	3.248679	2.5417852	4.249394	6.581873	1.5519714	8.841238
chr1	222790000	222795000	chr1	223085000	223090000	0,0,0	9.223468	0.9999913	3.613579	5.859278	8.14412	6.444143	2.705836	11.6523905
chr1	50925000	50930000	chr1	51185000	51190000	0,0,0	6.2361383	0.9997698	2.1719675	5.098708	5.981404	3.8452559	2.2148836	8.377441
chr1	39815000	39820000	chr1	39970000	39975000	0,0,0	6.460959	0.99875444	2.7313957	3.5570984	4.2544556	3.5270033	1.6539835	6.6888685
chr1	180880000	180885000	chr1	181165000	181170000	0,0,0	12.562277	1.0	6.0288935	4.3311167	5.507059	5.591894	1.8936962	9.441776
chr1	247390000	247395000	chr1	247485000	247490000	0,0,0	6.057603	0.9989583	2.4611478	3.6431797	4.549264	3.6291988	1.3092775	6.8675804
chr1	67560000	67565000	chr1	67760000	67765000	0,0,0	9.40747	0.9999898	4.217672	4.819023	7.496747	7.208859	2.4475677	11.4924345
chr1	179250000	179255000	chr1	179370000	179375000	0,0,0	5.5015965	0.99704474	2.1258152	3.1105115	4.0292563	3.059883	1.2603773	5.824782
chr1	156085000	156090000	chr1	156320000	156325000	0,0,0	4.825866	1.0	2.077638	2.1283388	2.999936	2.6755261	0.75978845	4.567383
chr1	50365000	50370000	chr1	50600000	50605000	0,0,0	7.750652	1.0	3.585322	2.605885	3.5776427	3.4958594	1.0815235	5.8122015
chr1	153675000	153680000	chr1	153745000	153750000	0,0,0	6.252252	1.0	3.1746984	1.8547199	3.5315385	4.148829	1.0437329	5.7974687
chr1	45015000	45020000	chr1	45300000	45305000	0,0,0	14.915008	1.0	4.3803167	11.548605	15.690925	9.1844635	5.0212517	19.44989
chr1	241605000	241610000	chr1	242010000	242015000	0,0,0	5.0823593	1.0	2.5901594	1.673275	2.330227	2.6458964	1.0591995	4.133252
chr1	218335000	218340000	chr1	218555000	218560000	0,0,0	4.3947115	1.0	2.0988288	2.23613	2.442976	2.3748503	1.0095165	4.3625216
chr1	184805000	184810000	chr1	184980000	184985000	0,0,0	11.216383	0.99999917	4.28294	7.306424	9.877559	7.514377	2.6381676	14.008976
chr1	233395000	233400000	chr1	234065000	234070000	0,0,0	5.8276668	0.99998415	2.33919	5.829391	7.424572	5.872553	2.587123	11.054234
chr1	235095000	235100000	chr1	235415000	235420000	0,0,0	8.857218	1.0	3.339264	5.099258	5.781561	4.0259953	2.1320415	8.558669
chr1	200090000	200095000	chr1	200505000	200510000	0,0,0	4.8758445	1.0	2.5709908	1.8370476	2.3044941	2.7307117	0.9798055	4.3636427
chr1	244600000	244605000	chr1	244795000	244800000	0,0,0	10.687045	1.0	3.6583014	5.7047086	7.857239	5.350713	1.9936868	10.421564
chr1	40145000	40150000	chr1	40400000	40405000	0,0,0	4.2310767	0.99826026	2.4500782	1.5860726	3.3864832	4.9448376	0.9426731	6.3546796
chr1	22975000	22980000	chr1	23270000	23275000	0,0,0	5.544385	0.99679214	2.935087	2.1284323	3.1586764	3.8508089	1.1715252	5.7427487
chr1	200620000	200625000	chr1	200800000	200805000	0,0,0	7.052806	0.9999903	2.6614296	6.4374113	8.013799	5.8234916	2.323271	11.545635
chr1	67850000	67855000	chr1	68340000	68345000	0,0,0	6.9615297	1.0	3.4425497	2.2651467	4.077155	4.582571	1.3652544	6.5960345
chr1	240960000	240965000	chr1	241490000	241495000	0,0,0	4.5656357	0.9923108	2.420834	1.7379019	2.7045722	3.323648	0.9968422	4.8684497
chr1	67850000	67855000	chr1	68005000	68010000	0,0,0	3.9575784	0.9856264	2.129664	1.6645694	2.2296712	2.763183	0.7592695	4.2428
chr1	234495000	234500000	chr1	235080000	235085000	0,0,0	12.874911	1.0	5.377311	9.133403	11.226268	9.238065	4.3253574	17.356646
chr1	246010000	246015000	chr1	246450000	246455000	0,0,0	5.793267	1.0	2.9864788	2.2382026	2.6648257	3.008951	1.0663195	4.9984646
chr1	53485000	53490000	chr1	53675000	53680000	0,0,0	5.015765	0.9967216	2.5312934	2.1616533	3.3469791	3.7995257	1.0474111	5.7209954
chr1	39100000	39105000	chr1	39255000	39260000	0,0,0	14.2983055	0.99999964	4.4842405	8.532279	11.654667	7.2607694	3.0858696	14.845017
chr1	94810000	94815000	chr1	95040000	95045000	0,0,0	6.1221523	0.99907637	2.8041267	3.0151474	4.409984	4.307772	1.623605	6.9879036
chr1	240885000	240890000	chr1	241485000	241490000	0,0,0	7.6150117	1.0	3.2245603	3.9671333	4.5221763	3.6953397	1.5816804	7.22168
chr1	78145000	78150000	chr1	78675000	78680000	0,0,0	5.907914	0.9994046	2.3294523	4.2008457	4.928667	3.6929736	1.5983995	7.4270587
chr1	205985000	205990000	chr1	206105000	206110000	0,0,0	4.831416	0.9938293	2.4932876	1.9094293	2.8929865	3.3912015	1.0130327	5.088472
chr1	109545000	109550000	chr1	109630000	109635000	0,0,0	7.0808597	1.0	2.4743562	4.0734434	4.7235475	3.029727	1.6952504	6.6505656
chr1	197530000	197535000	chr1	197860000	197865000	0,0,0	4.770943	0.9987713	2.375352	3.4210832	3.54801	3.6615512	1.5086232	6.7025137
chr1	63615000	63620000	chr1	64245000	64250000	0,0,0	12.476954	1.0	5.5884295	8.422222	14.457304	14.154204	4.5633097	21.640625
chr1	66995000	67000000	chr1	67145000	67150000	0,0,0	6.520135	0.9993751	2.9605005	3.2267494	4.680912	4.510442	1.4417592	7.3786635
chr1	38040000	38045000	chr1	38820000	38825000	0,0,0	6.1398573	0.9983262	3.462667	2.1278205	3.2918744	4.5019073	1.4814513	6.3933034
chr1	18595000	18600000	chr1	18820000	18825000	0,0,0	10.942389	0.9999948	3.6665242	7.119059	9.090387	5.847684	2.7055757	12.175736
chr1	167065000	167070000	chr1	167440000	167445000	0,0,0	13.698947	0.9999991	4.177163	8.81292	10.729228	6.1027064	3.4185734	13.936413
chr1	91515000	91520000	chr1	91885000	91890000	0,0,0	4.4433117	0.9989497	2.3635333	2.7068954	3.663235	4.453273	1.2440032	6.859402
chr1	112810000	112815000	chr1	113045000	113050000	0,0,0	7.919331	0.99986315	3.0195448	4.660973	6.2710223	4.7543716	2.1659684	8.897459
chr1	9495000	9500000	chr1	9575000	9580000	0,0,0	7.683585	1.0	3.2196417	3.3495228	4.306306	3.6114092	1.6729281	6.5887628
chr1	165715000	165720000	chr1	165910000	165915000	0,0,0	9.431845	1.0	3.5827768	5.7856627	6.2384186	4.280861	2.3464067	9.423673
chr1	147720000	147725000	chr1	147890000	147895000	0,0,0	3.7887468	0.9865257	2.4121568	1.2170991	1.8368284	3.2255526	0.56291604	4.3074183
chr1	232635000	232640000	chr1	233165000	233170000	0,0,0	7.9265184	1.0	3.658642	2.1638918	4.5727844	4.797983	1.5229366	6.7214427
chr1	240730000	240735000	chr1	240880000	240885000	0,0,0	5.3342886	0.99854857	2.2928667	3.1776197	4.2339063	3.7113504	1.7284111	6.535901
chr1	30800000	30805000	chr1	30910000	30915000	0,0,0	13.145226	1.0	5.2245517	7.1975427	8.651663	6.613983	3.1543086	13.011799
chr1	18905000	18910000	chr1	19095000	19100000	0,0,0	5.4785624	0.99887747	3.0079958	2.3016155	3.6355298	4.7469893	1.1337111	6.7928696
chr1	34115000	34120000	chr1	34595000	34600000	0,0,0	5.8032246	0.9992832	2.124164	3.6359274	5.3552155	4.0094895	1.5722994	7.241425
chr1	2195000	2200000	chr1	2380000	2385000	0,0,0	15.467957	1.0	4.7080793	8.313457	9.587851	5.2557907	2.8366568	12.64553
chr1	92860000	92865000	chr1	92955000	92960000	0,0,0	6.236981	0.998687	2.8916018	2.9862587	4.06855	3.981679	1.1565157	6.6361313
chr1	229255000	229260000	chr1	229480000	229485000	0,0,0	9.951374	0.9999736	3.4101696	6.4121118	7.6217346	4.8428836	2.555526	10.542539
chr1	204160000	204165000	chr1	204400000	204405000	0,0,0	5.860667	0.99781716	2.176546	3.881443	4.0780673	2.6775954	1.6905812	6.127767
chr1	227305000	227310000	chr1	227425000	227430000	0,0,0	3.8712473	0.98334086	2.0832572	1.8816864	2.0145235	2.42261	0.8089563	4.09522
chr1	84440000	84445000	chr1	84605000	84610000	0,0,0	5.882506	0.99780446	2.6642044	2.6823587	3.8921108	3.7376409	1.1114166	6.121959
chr1	147275000	147280000	chr1	147385000	147390000	0,0,0	6.22703	1.0	2.9400592	2.682573	3.440458	3.4131327	1.3997649	5.797642
chr1	26810000	26815000	chr1	26880000	26885000	0,0,0	4.9630923	1.0	2.2680216	2.4212708	2.9647958	2.7688732	1.4017075	4.921114
chr1	13665000	13670000	chr1	13805000	13810000	0,0,0	4.5736485	0.99372727	2.4568586	1.6314955	2.852175	3.6218512	1.0734434	5.072069
chr1	205790000	205795000	chr1	205905000	205910000	0,0,0	7.87056	0.9998348	2.6812901	4.860545	6.5416875	4.388482	2.1481397	8.708967
chr1	15125000	15130000	chr1	15300000	15305000	0,0,0	8.93993	0.9999303	3.7483053	4.940136	6.21601	5.1814704	2.6240587	9.572702
chr1	63685000	63690000	chr1	64140000	64145000	0,0,0	4.3179026	0.99945426	2.3883276	3.4666371	3.513441	4.4327383	1.3894345	7.5141935
chr1	22420000	22425000	chr1	22640000	22645000	0,0,0	19.051394	1.0	6.01115	9.187903	12.697015	8.000379	3.5564258	16.167404
chr1	8020000	8025000	chr1	8095000	8100000	0,0,0	4.5213494	0.9947357	2.188755	2.5012918	2.9792721	3.0239887	1.0945464	5.2473593
chr1	13665000	13670000	chr1	13960000	13965000	0,0,0	11.048174	1.0	4.057731	5.2107887	7.9335184	6.0282955	2.6849556	10.660108
chr1	58740000	58745000	chr1	59755000	59760000	0,0,0	6.811508	0.99999857	2.8554304	6.0973315	9.156667	8.02971	3.0044348	13.449561
chr1	43225000	43230000	chr1	43415000	43420000	0,0,0	8.680223	0.9999525	3.5944357	5.538844	6.345358	5.0329037	2.6497977	9.956321
chr1	58735000	58740000	chr1	59695000	59700000	0,0,0	10.275511	1.0	4.1071754	10.124708	13.621904	10.920347	4.5397987	19.920088
chr1	40610000	40615000	chr1	40845000	40850000	0,0,0	4.955919	1.0	2.450349	1.8797693	2.6926897	2.9275513	0.9724423	4.5984573
chr1	167070000	167075000	chr1	167215000	167220000	0,0,0	4.8618894	1.0	3.3487291	1.1193776	1.6984441	3.64854	0.8158685	4.6435423
chr1	74770000	74775000	chr1	75200000	75205000	0,0,0	18.038754	1.0	6.1144786	13.544877	18.668457	12.591386	5.4025655	24.631277
chr1	212665000	212670000	chr1	213000000	213005000	0,0,0	6.050692	1.0	2.6755311	3.238318	3.5375965	3.038025	1.6337994	5.9165297
chr1	107430000	107435000	chr1	107745000	107750000	0,0,0	9.909243	0.9999893	4.1883	5.8763824	7.3855267	6.2208443	3.1759765	11.444296
chr1	24200000	24205000	chr1	24320000	24325000	0,0,0	7.4794216	0.99987644	2.5837448	5.272691	6.567932	4.3128	2.3409982	8.999637
chr1	22975000	22980000	chr1	23180000	23185000	0,0,0	14.881173	0.9999998	4.076461	10.549076	12.482283	6.275019	3.5041463	15.651976
chr1	207825000	207830000	chr1	207960000	207965000	0,0,0	6.10603	1.0	2.7871602	2.1616025	3.0980577	2.999043	1.1015116	4.9204674
chr1	53860000	53865000	chr1	54080000	54085000	0,0,0	7.921116	0.99970216	3.4831338	4.2388334	4.9888797	4.3519664	1.6206964	8.119819
chr1	234725000	234730000	chr1	235080000	235085000	0,0,0	5.0003843	1.0	2.5644157	2.3492088	2.5455275	2.7991247	0.9316187	4.8873105
chr1	100925000	100930000	chr1	101235000	101240000	0,0,0	4.6215863	0.99852616	2.1171207	3.2576456	3.8923037	3.6248577	1.5391077	6.5205426
chr1	85105000	85110000	chr1	85255000	85260000	0,0,0	10.059121	1.0	4.3000193	4.0872517	6.2179403	5.602115	1.8403412	9.235228
chr1	27295000	27300000	chr1	27605000	27610000	0,0,0	7.6506767	1.0	2.611926	4.7207375	5.1006513	3.054075	1.6100539	7.2502866
chr1	119945000	119950000	chr1	120140000	120145000	0,0,0	7.6706743	1.0	4.236069	2.5795453	3.4934332	4.5439157	1.716632	6.8368444
chr1	162845000	162850000	chr1	163175000	163180000	0,0,0	8.278362	0.99996287	3.5117993	4.390752	6.9828386	6.2989206	2.3073032	10.201812
chr1	88180000	88185000	chr1	88595000	88600000	0,0,0	7.6010923	1.0	3.1515412	3.29148	4.3510394	3.6305249	1.3693843	6.556285
chr1	53480000	53485000	chr1	53750000	53755000	0,0,0	4.47177	0.9948075	2.4217732	2.3476627	2.594673	3.1742723	1.3576236	5.2610836
chr1	93625000	93630000	chr1	93810000	93815000	0,0,0	12.720086	0.9999999	4.3775444	8.021872	12.195602	8.684183	3.591431	15.814735
chr1	172530000	172535000	chr1	172720000	172725000	0,0,0	5.086617	1.0	2.5526114	1.935429	2.8200123	3.145709	0.79343617	4.8660903
chr1	119880000	119885000	chr1	120145000	120150000	0,0,0	7.215959	0.99985063	2.9521785	3.7165112	6.2754498	5.5062666	1.5172969	8.809832
chr1	209575000	209580000	chr1	209745000	209750000	0,0,0	5.417208	0.99931604	2.6188726	3.175902	4.2946854	4.4653	1.5255435	7.2883244
chr1	23770000	23775000	chr1	23915000	23920000	0,0,0	4.6524434	0.9969932	2.0394924	2.9057686	3.643455	3.2245798	1.0313305	5.8074856
chr1	229255000	229260000	chr1	230310000	230315000	0,0,0	11.450034	1.0	4.8486743	3.83048	4.625256	3.8555875	2.1427207	7.2604585
chr1	100920000	100925000	chr1	101285000	101290000	0,0,0	8.616012	0.9999952	3.0838766	6.2595677	9.15443	6.6804338	2.5681756	12.244494
chr1	174770000	174775000	chr1	174980000	174985000	0,0,0	15.239402	1.0	5.9546638	6.8362412	8.481726	6.423616	2.965784	12.500275
chr1	16550000	16555000	chr1	16850000	16855000	0,0,0	28.679684	1.0	7.2090573	29.306	41.041737	21.563023	11.405885	47.612804
chr1	181475000	181480000	chr1	181680000	181685000	0,0,0	4.094873	0.9875525	2.178162	1.9155253	2.2505262	2.684004	1.0326375	4.386693
chr1	169600000	169605000	chr1	169805000	169810000	0,0,0	7.1609483	0.9998752	2.6892223	4.7432046	6.399835	4.773537	2.5543766	8.989718
chr1	159935000	159940000	chr1	160005000	160010000	0,0,0	11.293329	0.9999931	3.858464	6.8324423	8.811839	5.8141046	2.3481824	11.887387
chr1	153505000	153510000	chr1	153745000	153750000	0,0,0	6.376986	1.0	3.0151641	1.9253881	2.7702968	2.820416	0.87988967	4.5318723
chr1	11240000	11245000	chr1	11640000	11645000	0,0,0	6.8287306	0.9997698	2.4085624	3.982306	6.4817967	4.837698	1.7774795	8.377526
chr1	44380000	44385000	chr1	44595000	44600000	0,0,0	5.01163	0.99820244	2.727889	2.730751	3.1359687	3.8946626	1.3425484	6.321997
chr1	171800000	171805000	chr1	171980000	171985000	0,0,0	13.278654	0.99999905	5.568836	5.7182493	9.722952	8.786019	2.985184	13.868907
chr1	179705000	179710000	chr1	180175000	180180000	0,0,0	9.691013	1.0	3.497268	5.1032524	5.7965198	3.8233833	1.8057748	8.359608
chr1	154185000	154190000	chr1	154335000	154340000	0,0,0	4.115992	0.99058163	2.310127	1.5157428	2.4405546	3.3182526	0.848367	4.6655793
chr1	162850000	162855000	chr1	163315000	163320000	0,0,0	8.8239	0.9999649	3.9568276	4.1224704	6.78003	6.5941606	1.7606514	10.258579
chr1	192485000	192490000	chr1	192965000	192970000	0,0,0	3.814524	1.0	2.0643773	1.8050667	1.8135686	2.1842113	0.8471767	3.7887151
chr1	62175000	62180000	chr1	62745000	62750000	0,0,0	9.471105	1.0	4.4742837	3.2328813	3.9570274	3.8873498	1.4402636	6.761022
chr1	83930000	83935000	chr1	84440000	84445000	0,0,0	5.2199917	0.9981665	2.3580382	2.9758482	3.910954	3.6569812	1.409601	6.30218
chr1	154480000	154485000	chr1	154875000	154880000	0,0,0	5.2248306	0.9974215	2.4000187	3.0243397	3.523637	3.2728703	1.4334034	5.961172
chr1	116140000	116145000	chr1	116485000	116490000	0,0,0	14.368046	1.0	6.572138	8.162573	11.937023	11.638542	3.4120018	18.894163
chr1	107780000	107785000	chr1	108125000	108130000	0,0,0	11.148285	0.9999991	5.537519	4.2734737	8.801074	10.110371	2.43911	13.909013
chr1	147170000	147175000	chr1	147240000	147245000	0,0,0	5.10386	0.99678546	2.3869388	2.1886497	3.6805425	3.795209	1.4125849	5.740675
chr1	182600000	182605000	chr1	182780000	182785000	0,0,0	12.326578	0.9999995	5.0917435	6.4095287	10.108593	8.8197975	4.561276	14.517156
chr1	165600000	165605000	chr1	165915000	165920000	0,0,0	10.568957	1.0	3.9645646	4.371578	7.07078	5.59461	1.812662	9.480457
chr1	13825000	13830000	chr1	13960000	13965000	0,0,0	9.448146	1.0	3.4261656	4.977934	6.159052	4.2588506	2.1652794	8.683681
chr1	23540000	23545000	chr1	23635000	23640000	0,0,0	9.43963	0.99997723	3.9870691	4.826838	7.2360034	6.4009066	3.6959076	10.691429
chr1	40080000	40085000	chr1	40405000	40410000	0,0,0	6.0927014	0.99973214	2.5089386	3.4132123	5.8536077	5.1919584	1.5331299	8.2259245
chr1	17125000	17130000	chr1	17235000	17240000	0,0,0	10.156563	0.9999995	3.5295372	7.0286765	11.278649	8.262173	3.9467251	14.509886
chr1	1960000	1965000	chr1	2045000	2050000	0,0,0	7.2384787	1.0	2.8326817	3.829693	4.4469337	3.2851403	1.6132022	6.689312
chr1	220685000	220690000	chr1	220775000	220780000	0,0,0	6.844735	1.0	3.430611	2.2155561	2.9028573	3.1766233	1.0592401	5.1460066
chr1	208650000	208655000	chr1	209245000	209250000	0,0,0	5.5355144	0.9997891	2.081625	4.448886	6.0284266	4.51058	2.0667315	8.465146
chr1	211575000	211580000	chr1	211650000	211655000	0,0,0	5.7278237	1.0	3.2577648	1.39096	2.6842868	3.779493	1.0120257	5.0159025
chr1	51895000	51900000	chr1	52000000	52005000	0,0,0	7.4526076	0.99946404	3.1334093	3.1081986	5.2667246	4.769357	1.3587996	7.5322003
chr1	178030000	178035000	chr1	178280000	178285000	0,0,0	5.753084	0.99874276	2.9789824	3.0241327	3.5204878	3.9914262	1.2330092	6.679544
chr1	115135000	115140000	chr1	115465000	115470000	0,0,0	10.062099	0.99999785	3.9944358	6.639468	8.973018	7.1448154	2.4211948	13.046565
chr1	48110000	48115000	chr1	48200000	48205000	0,0,0	6.387081	1.0	3.1677127	2.0094404	3.6199675	4.0859404	1.1109905	5.8721094
chr1	172820000	172825000	chr1	173200000	173205000	0,0,0	7.6334186	0.9999983	3.2227688	5.7753954	9.099766	8.144043	2.9435575	13.277728
chr1	181085000	181090000	chr1	181140000	181145000	0,0,0	5.256377	0.9993141	2.1836648	3.5031612	4.902948	4.1716213	1.5091394	7.2855425
chr1	45510000	45515000	chr1	45570000	45575000	0,0,0	4.3814917	1.0	2.2778218	1.4637872	2.4651601	2.960472	0.70750195	4.261616
chr1	17495000	17500000	chr1	17690000	17695000	0,0,0	4.873405	1.0	2.2240736	1.9067798	2.4093926	2.2639894	0.73207283	3.9589047
chr1	109775000	109780000	chr1	109980000	109985000	0,0,0	22.619556	1.0	5.651355	17.443335	20.673656	9.573598	6.0858707	25.078785
chr1	171645000	171650000	chr1	171980000	171985000	0,0,0	8.558446	1.0	3.5797265	3.802249	4.326594	3.471731	1.5807023	6.851508
chr1	221260000	221265000	chr1	221430000	221435000	0,0,0	6.4234843	0.9991519	3.2406743	2.8154356	4.0684805	4.570642	1.269434	7.0732512
chr1	173425000	173430000	chr1	173715000	173720000	0,0,0	5.335679	0.99751925	2.0394547	3.624946	3.978959	2.7776544	1.3595935	5.999829
chr1	203340000	203345000	chr1	203485000	203490000	0,0,0	6.522024	0.99943274	2.6662207	3.85078	4.9799986	4.052506	1.9008685	7.4754214
chr1	235250000	235255000	chr1	235415000	235420000	0,0,0	8.8313875	0.999985	3.2676039	5.8635373	8.001384	5.894644	2.8395236	11.106677
chr1	39100000	39105000	chr1	39190000	39195000	0,0,0	5.2624288	0.99826336	2.3686585	2.5904078	4.166311	4.053874	1.4432691	6.356459
chr1	36340000	36345000	chr1	36420000	36425000	0,0,0	4.9702168	1.0	2.149191	2.4215407	2.7671843	2.33299	0.9936979	4.485471
chr1	172250000	172255000	chr1	172395000	172400000	0,0,0	4.0826	1.0	2.1305761	1.8788118	2.0007043	2.2654035	0.8348641	3.9354587
chr1	35565000	35570000	chr1	35725000	35730000	0,0,0	5.868288	0.99917	2.1943834	4.5136504	4.683508	3.0827265	1.6944846	7.09486
chr1	185315000	185320000	chr1	185675000	185680000	0,0,0	4.234847	0.9972007	2.4281397	1.8760033	2.9809895	4.211451	1.31409	5.8790097
chr1	159795000	159800000	chr1	160005000	160010000	0,0,0	9.002302	1.0	3.5176773	3.242153	4.3020973	3.3402457	1.2053597	6.2221594
chr1	184980000	184985000	chr1	185680000	185685000	0,0,0	5.319351	1.0	2.7688327	1.8966465	2.3207107	2.677538	0.9826914	4.3634458
chr1	22130000	22135000	chr1	22415000	22420000	0,0,0	9.740547	0.9999979	2.9202585	8.6964	9.972632	5.3595395	3.3963695	13.089672
chr1	87325000	87330000	chr1	87955000	87960000	0,0,0	4.2048078	0.99873585	2.5506794	2.575501	2.8145807	4.3846874	1.9887165	6.6740217
chr1	22665000	22670000	chr1	22925000	22930000	0,0,0	9.50771	0.99998415	4.1108265	4.579054	7.5124607	6.981377	2.1934433	11.051647
chr1	212475000	212480000	chr1	212780000	212785000	0,0,0	6.5787153	1.0	2.937628	2.6324825	3.8684764	3.6553736	1.0961851	5.995358
chr1	220875000	220880000	chr1	221200000	221205000	0,0,0	4.856788	0.99810135	2.3237858	2.8105254	3.7019494	3.7690113	1.6621482	6.267256
chr1	169930000	169935000	chr1	170880000	170885000	0,0,0	4.656805	0.99569666	2.3209062	1.8513432	3.345005	3.803285	0.9819339	5.448923
chr1	24930000	24935000	chr1	25100000	25105000	0,0,0	4.197751	0.9947419	2.076155	2.073745	3.1079295	3.4052014	1.046345	5.2485304
chr1	66250000	66255000	chr1	66445000	66450000	0,0,0	11.007029	0.9999958	5.0099015	4.9826403	8.060096	7.965162	2.3530009	12.394176
chr1	25820000	25825000	chr1	25995000	26000000	0,0,0	6.131294	1.0	3.1344984	2.3729873	2.8859873	3.2232168	1.0319693	5.332539
chr1	228225000	228230000	chr1	228515000	228520000	0,0,0	5.8874774	1.0	2.9861858	2.1705801	2.210257	2.3506117	1.0000228	4.2800164
chr1	203270000	203275000	chr1	203335000	203340000	0,0,0	4.7829914	1.0	2.3340359	1.8544062	2.615388	2.7797627	0.8690634	4.4281235
chr1	35565000	35570000	chr1	35770000	35775000	0,0,0	6.7066827	0.9995619	2.5818381	3.2927108	5.7858443	4.807028	1.9191053	7.733882
chr1	99805000	99810000	chr1	100455000	100460000	0,0,0	9.846325	0.9999998	4.147469	6.7451973	10.584158	9.43729	3.8351133	15.433021
chr1	212070000	212075000	chr1	212290000	212295000	0,0,0	4.8579664	0.9988934	2.7310314	2.1127486	3.6004083	4.929165	1.4441966	6.8071632
chr1	46620000	46625000	chr1	46720000	46725000	0,0,0	4.6592507	0.99309146	2.463363	1.8061668	2.7608893	3.3700342	0.9355633	4.975516
chr1	221475000	221480000	chr1	222165000	222170000	0,0,0	5.874868	0.9995245	2.6300957	3.9086504	4.6491823	4.1775317	1.829109	7.651888
chr1	202745000	202750000	chr1	202990000	202995000	0,0,0	5.0380177	1.0	2.5375433	1.9968116	2.4377804	2.6559763	1.0080681	4.43092
chr1	168440000	168445000	chr1	168570000	168575000	0,0,0	8.739814	0.99986345	3.199073	4.3935285	6.6190023	4.99432	2.1051564	8.899679
chr1	21230000	21235000	chr1	21365000	21370000	0,0,0	12.209729	1.0	4.887272	5.4738755	7.4842157	6.0419292	2.043518	10.907597
chr1	235865000	235870000	chr1	235970000	235975000	0,0,0	6.269416	1.0	2.8363693	3.1181455	3.7991223	3.490788	1.2847334	6.262473
chr1	162065000	162070000	chr1	162220000	162225000	0,0,0	5.1216445	0.9973945	2.344851	3.1593447	3.4614418	3.142452	1.3104485	5.9507585
chr1	92310000	92315000	chr1	92620000	92625000	0,0,0	5.3356194	0.9965023	2.6904078	2.8271656	2.9679165	3.1431956	1.2521096	5.6562314
chr1	91995000	92000000	chr1	92290000	92295000	0,0,0	6.874151	0.9995024	2.6586573	4.305873	5.135542	3.7791033	1.9178067	7.606546
chr1	241610000	241615000	chr1	241830000	241835000	0,0,0	6.4067755	0.9998558	3.090175	3.668726	5.320148	5.584083	1.9846648	8.845173
chr1	27045000	27050000	chr1	27280000	27285000	0,0,0	5.665042	0.9993332	2.3564794	3.6024978	4.872898	4.1115203	1.949115	7.3137403
chr1	149960000	149965000	chr1	150050000	150055000	0,0,0	3.7768605	0.9927283	2.0373368	1.9370345	2.575224	3.20247	1.0267313	4.9242783
chr1	15790000	15795000	chr1	15975000	15980000	0,0,0	5.407078	0.9958966	2.3556354	2.9365923	3.3784332	2.886195	1.190962	5.496499
chr1	149885000	149890000	chr1	150045000	150050000	0,0,0	8.279895	1.0	3.9573314	3.0605843	3.7729113	3.7808032	1.5988864	6.5013227
chr1	197520000	197525000	chr1	197920000	197925000	0,0,0	7.0018296	0.99998504	3.1253314	4.340367	7.4407234	7.251951	2.0242734	11.110056
chr1	157960000	157965000	chr1	158120000	158125000	0,0,0	11.84605	0.9999965	4.600105	5.6897583	9.158456	7.5015903	2.745805	12.559154
chr1	226630000	226635000	chr1	226825000	226830000	0,0,0	10.164216	0.9999931	3.985947	5.816163	8.374605	6.709615	2.8398998	11.879538
chr1	164230000	164235000	chr1	164790000	164795000	0,0,0	4.4649525	0.9970336	2.064103	3.0903141	3.3454897	3.0740616	1.1341132	5.8210073
chr1	27395000	27400000	chr1	27605000	27610000	0,0,0	7.5282974	0.9997572	2.9533043	4.1573653	5.825364	4.628635	2.098782	8.324071
chr1	31665000	31670000	chr1	31750000	31755000	0,0,0	4.700838	0.9941119	2.8040018	1.5414081	2.4670606	3.7652164	0.87702644	5.135357
chr1	99180000	99185000	chr1	99475000	99480000	0,0,0	6.103537	0.9997114	2.6718225	3.7259297	5.298029	4.839303	1.6205212	8.15124
chr1	229255000	229260000	chr1	229510000	229515000	0,0,0	9.337237	1.0	3.8240805	3.9092875	5.6795464	4.799944	1.9838617	8.274866
chr1	20215000	20220000	chr1	20485000	20490000	0,0,0	7.063121	0.9998711	3.5909278	3.3228717	5.218777	6.0035853	1.9080408	8.957249
chr1	162055000	162060000	chr1	162275000	162280000	0,0,0	8.02565	0.9998812	4.179566	3.2486327	5.1438513	6.1511617	1.457253	9.038836
chr1	54405000	54410000	chr1	54485000	54490000	0,0,0	6.2060966	0.9985415	2.1238143	4.1705904	4.627191	2.8237963	1.5587505	6.530988
chr1	110200000	110205000	chr1	110460000	110465000	0,0,0	8.949892	0.99998546	4.320698	4.8473787	6.579484	6.8312902	2.30452	11.140072
chr1	204985000	204990000	chr1	205255000	205260000	0,0,0	8.195328	1.0	4.02519	2.8958147	3.6736975	3.8676639	1.3820562	6.4417214
chr1	100460000	100465000	chr1	100865000	100870000	0,0,0	7.788714	1.0	4.478955	2.337615	2.664658	3.6956418	1.1605365	5.773522
chr1	204565000	204570000	chr1	204805000	204810000	0,0,0	5.8347354	0.9996061	2.3021235	4.1877003	5.323043	4.117801	1.6926432	7.840202
chr1	9780000	9785000	chr1	9865000	9870000	0,0,0	5.57554	0.99857044	2.3130307	3.176889	4.4011326	3.7271547	1.4909897	6.551056
chr1	9285000	9290000	chr1	9490000	9495000	0,0,0	15.8831005	1.0	4.1903143	15.540248	17.760323	8.381472	5.747214	22.195026
chr1	115805000	115810000	chr1	115980000	115985000	0,0,0	8.615346	0.9999445	3.1226053	5.190505	7.1671686	5.1861067	2.36042	9.799889
chr1	112390000	112395000	chr1	112465000	112470000	0,0,0	5.70031	0.9983108	2.4307513	2.8969283	4.2731104	3.8091283	1.380398	6.384176
chr1	59875000	59880000	chr1	59945000	59950000	0,0,0	10.572722	0.99999493	3.8104455	6.541	8.910734	6.3746943	2.8783102	12.188917
chr1	202185000	202190000	chr1	202310000	202315000	0,0,0	9.321162	1.0	4.845722	2.6115427	4.902567	5.9540415	1.7742797	8.275413
chr1	47530000	47535000	chr1	47710000	47715000	0,0,0	4.9583864	0.99549025	2.576516	2.0829718	3.0132074	3.5505385	1.2372279	5.402069
chr1	235000000	235005000	chr1	235070000	235075000	0,0,0	5.2968755	1.0	2.5291178	2.3269582	2.422776	2.3241038	0.8102665	4.3925114
chr1	94850000	94855000	chr1	95040000	95045000	0,0,0	16.416624	0.99999994	5.334007	10.304161	12.336641	7.420557	3.5271192	16.579811
chr1	220285000	220290000	chr1	220770000	220775000	0,0,0	5.877502	0.99931383	2.9260466	3.5366168	3.9477975	4.1414614	1.523408	7.2851205
chr1	70130000	70135000	chr1	70505000	70510000	0,0,0	8.307692	0.99999034	3.859407	5.5220017	6.9004583	6.639652	2.545614	11.548098
chr1	110630000	110635000	chr1	110780000	110785000	0,0,0	6.3981414	0.99932015	2.8935013	3.5074172	4.489367	4.1766853	1.6939806	7.2943897
chr1	26600000	26605000	chr1	26875000	26880000	0,0,0	9.518023	1.0	3.9774053	4.4413247	6.260933	5.3770957	1.6782713	9.32494
chr1	179705000	179710000	chr1	179810000	179815000	0,0,0	9.3338	1.0	3.7978795	4.1273055	6.2357163	5.286864	1.8969103	8.95558
chr1	235510000	235515000	chr1	235780000	235785000	0,0,0	6.0707645	0.99960846	3.0224307	2.8146038	4.748752	5.344399	1.9887532	7.8462696
chr1	87285000	87290000	chr1	88175000	88180000	0,0,0	4.5605583	0.99536985	2.0816495	3.043566	3.0438302	2.670327	1.498953	5.3757186
chr1	25115000	25120000	chr1	25200000	25205000	0,0,0	5.2164583	1.0	2.6055925	1.6790137	2.9570644	3.3622463	1.0174942	4.854703
chr1	112880000	112885000	chr1	113040000	113045000	0,0,0	5.4402785	0.99872833	2.8561003	2.4454715	3.7263417	4.49436	1.5930852	6.6681123
chr1	45360000	45365000	chr1	45490000	45495000	0,0,0	10.547097	0.9999916	4.1227283	5.343487	8.45071	6.936696	3.1183672	11.686462
chr1	165405000	165410000	chr1	165590000	165595000	0,0,0	15.612384	1.0	6.4478216	5.942536	9.599504	8.423389	3.0736763	13.705643
chr1	246495000	246500000	chr1	246750000	246755000	0,0,0	6.319847	0.99886864	2.804184	2.6730938	4.5610147	4.4089465	1.1436874	6.7850304
chr1	207080000	207085000	chr1	207405000	207410000	0,0,0	10.581802	0.9999991	4.3038135	5.6520476	10.113109	8.933991	3.3200805	13.9580345
chr1	54670000	54675000	chr1	54810000	54815000	0,0,0	5.3701096	0.99645233	2.2900572	3.2526965	3.4299433	2.7507665	1.416451	5.6420527
chr1	39815000	39820000	chr1	39900000	39905000	0,0,0	8.053086	0.9997838	3.4767237	4.077467	5.4557076	4.8159475	1.423082	8.440363
chr1	208020000	208025000	chr1	208245000	208250000	0,0,0	9.42273	0.9999742	4.606582	4.537835	6.16836	6.5311203	2.3897026	10.564752
chr1	76330000	76335000	chr1	77140000	77145000	0,0,0	6.0367007	0.9981075	2.3853433	3.0806873	4.385871	3.5321186	1.2856832	6.2705073
chr1	227480000	227485000	chr1	227755000	227760000	0,0,0	9.177813	1.0	2.8408844	4.9074354	5.4685955	2.981154	1.6936789	7.343319
chr1	234495000	234500000	chr1	234600000	234605000	0,0,0	4.079754	1.0	2.2325578	1.3472574	1.7738562	2.2619982	0.74832207	3.4595606
chr1	24845000	24850000	chr1	25205000	25210000	0,0,0	9.440104	1.0	3.1760304	5.104135	6.163957	3.8695517	2.1417017	8.406561
chr1	214330000	214335000	chr1	214580000	214585000	0,0,0	5.09188	0.99982065	2.4814005	4.1552153	4.8331385	4.933534	2.4153407	8.627059
chr1	156090000	156095000	chr1	156130000	156135000	0,0,0	4.4408007	0.99863446	2.09614	2.903812	3.990353	4.015742	1.5223912	6.596908
chr1	210440000	210445000	chr1	211135000	211140000	0,0,0	4.060341	0.9983729	2.203992	2.7747836	3.1999564	3.9551446	1.4738883	6.421619
chr1	165925000	165930000	chr1	166430000	166435000	0,0,0	11.822536	0.99999547	3.001839	8.647588	10.027544	4.6238804	2.8799176	12.310625
chr1	44215000	44220000	chr1	44595000	44600000	0,0,0	4.5157833	0.9952975	2.4879138	1.9998572	2.761119	3.5825598	1.1254741	5.3602104
chr1	183280000	183285000	chr1	183620000	183625000	0,0,0	5.6547976	0.99811816	2.7018304	2.5377834	3.8521225	4.0203576	1.506753	6.2761655
chr1	7975000	7980000	chr1	8345000	8350000	0,0,0	6.8038926	0.999995	3.0669138	5.3927865	7.775287	7.40847	2.4050555	12.202059
chr1	161225000	161230000	chr1	161385000	161390000	0,0,0	9.147949	0.9999579	3.367149	5.7043266	7.0983105	5.007143	3.006325	10.077656
chr1	160835000	160840000	chr1	160950000	160955000	0,0,0	5.520574	0.99849796	2.931378	2.2977479	3.6156807	4.4591784	1.0788376	6.5016212
chr1	60850000	60855000	chr1	61580000	61585000	0,0,0	4.466887	0.9945752	2.5728784	2.2288454	2.3421388	3.2361226	1.3716217	5.217318
chr1	177425000	177430000	chr1	177940000	177945000	0,0,0	4.304001	1.0	2.2681386	1.2760162	2.2659528	2.7948782	0.9166583	3.9291148
chr1	155205000	155210000	chr1	155580000	155585000	0,0,0	8.269529	0.9998729	2.5108678	6.4302835	6.546771	3.2558804	2.29112	8.971688
chr1	20965000	20970000	chr1	21195000	21200000	0,0,0	4.43881	0.99112374	2.3884087	2.0165393	2.401945	2.9323864	1.0902371	4.724866
chr1	24845000	24850000	chr1	25100000	25105000	0,0,0	3.742214	0.98475957	2.2935965	0.7451929	2.1582236	3.5218418	0.8842381	4.1842356
chr1	241525000	241530000	chr1	241605000	241610000	0,0,0	5.42619	1.0	2.7434165	1.6968796	3.0889785	3.588521	0.83207047	5.0968585
chr1	3010000	3015000	chr1	3410000	3415000	0,0,0	13.910201	1.0	4.8739624	8.530344	9.05243	5.538012	3.0402012	13.120541
chr1	63690000	63695000	chr1	64240000	64245000	0,0,0	9.660019	0.99999976	3.5193033	9.41322	10.4303875	6.8724747	4.1332436	15.239781
chr1	200280000	200285000	chr1	200485000	200490000	0,0,0	12.961188	0.99999976	4.176305	9.045946	11.716217	7.2930775	3.1778126	15.333919
chr1	111220000	111225000	chr1	111400000	111405000	0,0,0	10.133843	0.9999685	3.3416433	6.0585985	7.829023	4.9828515	2.122862	10.368273
chr1	117060000	117065000	chr1	117285000	117290000	0,0,0	7.9407935	0.9996704	3.6510012	3.8496354	4.8434415	4.5964437	2.1781905	8.018342
chr1	227130000	227135000	chr1	227435000	227440000	0,0,0	7.243677	1.0	2.5773036	4.2149057	4.7612386	3.077332	1.5727992	6.823915
chr1	115605000	115610000	chr1	115765000	115770000	0,0,0	12.809332	1.0	5.815099	4.938735	8.351591	8.293307	2.2860296	12.683293
chr1	172000000	172005000	chr1	172430000	172435000	0,0,0	5.9307437	0.99945325	3.0352688	3.5682864	3.9464576	4.3404293	1.6822213	7.51224
chr1	160100000	160105000	chr1	160375000	160380000	0,0,0	4.836698	0.9983101	2.5680509	2.8988428	3.2291448	3.8069851	1.6097631	6.383734
chr1	148375000	148380000	chr1	148520000	148525000	0,0,0	14.034093	1.0	4.9488993	4.9572716	6.5352106	4.5048203	2.3409948	8.911284
chr1	212070000	212075000	chr1	212370000	212375000	0,0,0	5.695618	0.99981564	3.1576507	3.6701293	4.1523323	5.3371572	2.03544	8.599494
chr1	214215000	214220000	chr1	214625000	214630000	0,0,0	3.9254973	0.9942841	2.2522345	2.2405992	2.3197348	3.1733925	1.2920932	5.165036
chr1	68115000	68120000	chr1	68340000	68345000	0,0,0	11.367727	0.9999999	4.0823274	8.851575	11.632625	8.16818	3.2686288	16.036247
chr1	42910000	42915000	chr1	43070000	43075000	0,0,0	14.231347	1.0	5.043936	10.77388	12.960137	8.611839	4.6425824	18.188622
chr1	196145000	196150000	chr1	196660000	196665000	0,0,0	9.358671	0.9999717	3.5033917	5.7308793	7.374109	5.3802414	1.9148574	10.474357
chr1	159800000	159805000	chr1	159890000	159895000	0,0,0	12.943355	1.0	5.4491343	4.5104704	6.8060837	6.006635	2.429349	10.015943
chr1	197615000	197620000	chr1	197865000	197870000	0,0,0	7.4246435	0.99999315	2.8363936	6.7844005	8.086575	5.857291	2.359184	11.88787
chr1	22665000	22670000	chr1	22960000	22965000	0,0,0	8.981492	0.99994063	4.0603027	4.2907214	6.187325	5.9189525	1.8152983	9.732927
chr1	5635000	5640000	chr1	5745000	5750000	0,0,0	7.2840586	1.0	3.4038222	3.1274822	4.0562634	3.9720068	1.3923352	6.7519913
chr1	113135000	113140000	chr1	113675000	113680000	0,0,0	9.761584	0.99999994	3.668286	8.858333	11.973482	8.94344	3.623563	16.817514
chr1	248430000	248435000	chr1	248655000	248660000	0,0,0	34.31368	1.0	7.823096	27.900713	33.603626	14.621733	12.796267	39.422367
chr1	169465000	169470000	chr1	169545000	169550000	0,0,0	7.6351814	0.99961174	3.2020843	3.3567617	5.4474235	4.870847	1.274441	7.8546352
chr1	209855000	209860000	chr1	209985000	209990000	0,0,0	10.885348	1.0	4.823777	3.4443827	5.152829	4.8398547	1.4424099	7.9015284
chr1	156380000	156385000	chr1	156605000	156610000	0,0,0	5.97647	1.0	2.9336574	2.0736635	3.4028895	3.7376568	1.3736854	5.580913
chr1	196760000	196765000	chr1	196845000	196850000	0,0,0	23.444773	1.0	5.6643066	14.325282	18.062819	8.553783	6.4558144	21.287367
chr1	22140000	22145000	chr1	22635000	22640000	0,0,0	5.9885435	1.0	2.7432125	2.2975707	3.5711215	3.5318263	0.9082614	5.5741115
chr1	61050000	61055000	chr1	61335000	61340000	0,0,0	4.1783533	0.9892453	2.033865	2.163662	2.5532393	2.609625	1.0336372	4.5328803
chr1	73835000	73840000	chr1	74690000	74695000	0,0,0	5.95757	1.0	2.6234093	2.4202662	3.1533623	2.8386126	1.1765189	4.9899607
chr1	108510000	108515000	chr1	108640000	108645000	0,0,0	8.288644	1.0	2.619252	4.6749163	4.830932	2.551833	1.6576151	6.707314
chr1	224115000	224120000	chr1	224330000	224335000	0,0,0	10.197308	0.99999845	3.4042861	7.592416	10.126879	6.62755	2.8733044	13.376364
chr1	9950000	9955000	chr1	10425000	10430000	0,0,0	6.7776446	1.0	3.5559106	2.3104982	3.1358979	3.7237577	1.3318995	5.777534
chr1	36095000	36100000	chr1	36185000	36190000	0,0,0	5.47108	0.9968174	2.270085	2.795247	3.8595192	3.265998	1.3846571	5.750662
chr1	93440000	93445000	chr1	93625000	93630000	0,0,0	7.2776613	1.0	3.7955213	2.860882	3.8395996	4.5061893	1.6218239	7.049195
chr1	31395000	31400000	chr1	31545000	31550000	0,0,0	4.7290173	0.9961919	2.0870905	2.4299285	3.6482031	3.411271	1.3885084	5.5712075
chr1	174260000	174265000	chr1	174740000	174745000	0,0,0	11.619455	0.9999978	5.7046833	4.558154	8.080386	8.972924	3.1904557	13.024617
chr1	9955000	9960000	chr1	10150000	10155000	0,0,0	4.8095975	0.9920415	2.361298	2.353489	2.6681507	2.7420318	1.0183352	4.834022
chr1	22675000	22680000	chr1	22890000	22895000	0,0,0	6.1540923	0.99974287	2.8398201	4.2944026	4.809053	4.4494357	1.8321141	8.266683
chr1	40770000	40775000	chr1	40955000	40960000	0,0,0	5.3989296	1.0	2.5920134	1.8493484	3.016714	3.2079844	0.9689834	4.85185
chr1	201555000	201560000	chr1	201705000	201710000	0,0,0	7.29212	0.99961865	3.61094	2.6379547	4.8907995	5.5278363	1.795104	7.8726845
chr1	235510000	235515000	chr1	235965000	235970000	0,0,0	4.6997905	0.99602365	2.5299382	1.917181	3.029239	3.8237975	1.4002848	5.5279584
chr1	176555000	176560000	chr1	176690000	176695000	0,0,0	4.304213	0.99367416	2.059371	2.0148354	3.1190157	3.2726748	1.3189678	5.063639
chr1	84445000	84450000	chr1	84750000	84755000	0,0,0	6.3012953	0.9987649	3.135917	3.0231204	3.7451327	4.0100374	1.6584754	6.6972556
chr1	204805000	204810000	chr1	204940000	204945000	0,0,0	5.3481684	1.0	2.183484	2.7807586	3.3527515	2.6582425	1.222985	5.1300282
chr1	65060000	65065000	chr1	65685000	65690000	0,0,0	14.89818	1.0	3.9273412	8.727812	9.097779	3.9415915	2.997356	11.699647
chr1	9265000	9270000	chr1	9570000	9575000	0,0,0	5.7072105	1.0	2.97786	1.9599774	2.5163422	2.936841	1.1637714	4.6790433
chr1	88730000	88735000	chr1	88875000	88880000	0,0,0	4.9824934	0.9973056	2.4672408	2.9088101	3.2129412	3.3315763	1.6198121	5.9171853
chr1	198755000	198760000	chr1	199550000	199555000	0,0,0	7.6872935	0.9999511	2.6254218	6.494836	6.9666452	4.154335	2.6441448	9.927523
chr1	39515000	39520000	chr1	39765000	39770000	0,0,0	70.6196	1.0	12.560553	34.896652	45.858334	18.262348	16.604733	49.281593
chr1	227760000	227765000	chr1	227940000	227945000	0,0,0	7.7887235	0.99970603	3.2133257	4.3301606	5.299796	4.283767	2.5854075	8.132799
chr1	233440000	233445000	chr1	233790000	233795000	0,0,0	7.4211845	0.99999195	2.3626087	7.021609	8.983973	5.4900684	2.727431	11.731498
chr1	117515000	117520000	chr1	117755000	117760000	0,0,0	5.1171904	0.9972694	3.2245328	1.4185698	2.702608	4.642894	1.0066938	5.903845
chr1	156385000	156390000	chr1	156445000	156450000	0,0,0	5.9085984	0.9995402	2.7915225	2.9847956	4.842703	5.032322	1.7184587	7.6854734
chr1	240025000	240030000	chr1	240165000	240170000	0,0,0	6.013858	1.0	2.960713	2.4554899	3.520533	3.803136	1.2752	5.9857936
chr1	16960000	16965000	chr1	17045000	17050000	0,0,0	4.795455	1.0	2.4461496	1.9053483	2.282462	2.532682	1.0344456	4.226325
chr1	40845000	40850000	chr1	40950000	40955000	0,0,0	15.196901	1.0	5.7636952	7.2608047	10.7390585	8.361448	2.7634616	14.815497
chr1	192470000	192475000	chr1	193015000	193020000	0,0,0	8.5723715	1.0	4.178037	3.8347216	4.475974	4.573425	1.9777226	7.982066
chr1	225770000	225775000	chr1	225975000	225980000	0,0,0	5.7908173	1.0	2.6558955	2.4978914	3.3860793	3.2592053	1.1230664	5.479553
chr1	178540000	178545000	chr1	179000000	179005000	0,0,0	11.295659	0.9999947	3.6022205	7.94222	8.954287	5.0857353	2.9286177	12.145487
chr1	157190000	157195000	chr1	157490000	157495000	0,0,0	8.341409	1.0	4.783699	2.303907	4.2965636	6.1278257	1.8294643	8.175743
chr1	245155000	245160000	chr1	246000000	246005000	0,0,0	8.427222	0.99997246	3.142738	5.389162	7.593919	5.710227	2.9065397	10.500593
chr1	91165000	91170000	chr1	91275000	91280000	0,0,0	6.550152	1.0	2.0244331	4.0863113	4.610058	2.5304835	1.3772573	6.1627603
chr1	28880000	28885000	chr1	29035000	29040000	0,0,0	8.523808	0.99999124	2.8478115	6.9252687	8.657434	5.4928837	3.214762	11.648678
chr1	58515000	58520000	chr1	59755000	59760000	0,0,0	5.754562	0.9990481	2.9059246	2.744628	4.009338	4.5181103	1.8569784	6.95778
chr1	158200000	158205000	chr1	158490000	158495000	0,0,0	4.803308	0.9918646	2.1313741	2.5005124	2.9322248	2.589356	0.96218187	4.8120337
chr1	36575000	36580000	chr1	37435000	37440000	0,0,0	6.204252	0.99898833	2.6922064	3.4743223	4.3630404	3.8086052	1.6198137	6.896892
chr1	67345000	67350000	chr1	67495000	67500000	0,0,0	5.4790735	1.0	3.3180697	1.2093745	2.564203	4.0670786	0.69628024	5.1420784
chr1	204430000	204435000	chr1	204500000	204505000	0,0,0	8.55924	0.9998246	3.9484005	4.0161314	5.2720385	5.079241	1.6882461	8.649136
chr1	93435000	93440000	chr1	93850000	93855000	0,0,0	6.6980495	0.99993	3.081008	4.8724	5.636959	5.2369165	2.0545435	9.567939
chr1	158200000	158205000	chr1	159000000	159005000	0,0,0	4.590582	0.9987267	2.3733485	2.8440945	3.609319	4.1387897	1.4642395	6.6668735
chr1	224115000	224120000	chr1	224460000	224465000	0,0,0	7.9106197	1.0	3.5857618	3.8232946	4.516456	4.126429	1.9426062	7.5249133
chr1	172090000	172095000	chr1	172395000	172400000	0,0,0	5.50246	0.999916	3.074538	2.7633588	5.089265	6.929449	1.6076922	9.385768
chr1	160725000	160730000	chr1	160945000	160950000	0,0,0	4.848031	0.9991671	2.3308253	2.9583292	4.2739143	4.4616914	1.5372267	7.0913177
chr1	227475000	227480000	chr1	227945000	227950000	0,0,0	12.337085	1.0	5.297005	4.3177567	5.942344	5.247843	3.0331557	9.085849
chr1	162875000	162880000	chr1	163170000	163175000	0,0,0	7.792526	0.99997395	3.062379	5.432971	7.2955747	5.7268806	1.9707989	10.556188
chr1	151930000	151935000	chr1	152000000	152005000	0,0,0	8.784976	0.9999174	3.9864547	3.5815039	6.2339597	6.218925	1.8799809	9.402484
chr1	47995000	48000000	chr1	48060000	48065000	0,0,0	5.0067215	0.99614376	2.1431491	2.33347	3.8008282	3.484445	1.2150332	5.558641
chr1	62175000	62180000	chr1	62405000	62410000	0,0,0	11.706068	0.99999756	5.2393517	5.500636	8.399336	8.027753	3.137233	12.917208
chr1	150255000	150260000	chr1	150530000	150535000	0,0,0	8.74554	1.0	3.101098	4.192809	4.867587	3.1786976	1.681805	6.9056387
chr1	245400000	245405000	chr1	246000000	246005000	0,0,0	5.828166	0.9976417	2.6808121	3.0331876	3.5887015	3.354276	1.6400388	6.0504427
chr1	16645000	16650000	chr1	16755000	16760000	0,0,0	33.28508	1.0	7.5460205	19.032997	21.95318	9.127069	8.244223	26.04529
chr1	26600000	26605000	chr1	26790000	26795000	0,0,0	9.45165	0.99999523	4.106177	4.9055247	8.3742285	7.8915973	2.3182633	12.252064
chr1	207885000	207890000	chr1	207960000	207965000	0,0,0	3.921159	0.98309803	2.4611926	1.3287654	1.7096586	2.8996232	0.80263335	4.080748
chr1	221475000	221480000	chr1	222455000	222460000	0,0,0	6.08928	0.99882597	2.7533224	3.17938	4.1866355	3.9219143	1.3328291	6.74803
chr1	35450000	35455000	chr1	35555000	35560000	0,0,0	5.9802303	0.99791944	2.814008	3.0193744	3.5992944	3.4918787	1.3657364	6.175767
chr1	218330000	218335000	chr1	218990000	218995000	0,0,0	3.9987938	0.98912174	2.3295443	1.2219322	2.3381405	3.4352927	0.7707134	4.521455
chr1	29240000	29245000	chr1	29335000	29340000	0,0,0	6.2758913	1.0	2.9956534	1.8296976	2.8113687	2.936263	0.8642162	4.562661
chr1	145975000	145980000	chr1	146010000	146015000	0,0,0	5.0811696	0.995771	2.2813811	2.4266696	3.4929595	3.3093116	1.1174784	5.466351
chr1	203500000	203505000	chr1	203700000	203705000	0,0,0	11.624008	0.9999995	3.7227747	8.178507	11.422313	7.3350515	3.4661968	14.6048355
chr1	176900000	176905000	chr1	177775000	177780000	0,0,0	5.918735	0.9980855	2.7565365	2.9969368	3.7264836	3.5950139	1.6852156	6.258958
chr1	206730000	206735000	chr1	206980000	206985000	0,0,0	5.471732	0.99825466	2.5248208	2.5675821	4.0610747	4.069178	1.2456869	6.351474
chr1	119750000	119755000	chr1	120145000	120150000	0,0,0	5.8585615	1.0	2.7611163	2.278583	3.4951103	3.584569	1.6101196	5.6099763
chr1	182960000	182965000	chr1	183225000	183230000	0,0,0	6.0550227	0.9997271	2.6266613	4.4684224	5.0266066	4.235262	2.0877583	8.207193
chr1	182450000	182455000	chr1	182785000	182790000	0,0,0	6.768645	0.99905765	3.1118817	2.8774116	4.443157	4.410166	1.508569	6.967865
chr1	176375000	176380000	chr1	176840000	176845000	0,0,0	5.516112	0.99714553	2.3120022	2.8499787	3.8930774	3.32617	1.2111208	5.8594847
chr1	17920000	17925000	chr1	18575000	18580000	0,0,0	8.306973	0.99977386	2.6977499	5.3774705	6.168823	3.615284	1.9863578	8.395257
chr1	184070000	184075000	chr1	184665000	184670000	0,0,0	4.831407	0.9990426	2.5812714	2.7757406	3.6711183	4.484656	1.6307347	6.951981
chr1	110200000	110205000	chr1	110490000	110495000	0,0,0	5.55132	0.99873966	2.6512132	2.9893165	3.955662	4.0198736	1.453248	6.677044
chr1	243335000	243340000	chr1	244270000	244275000	0,0,0	10.631817	1.0	3.8821948	5.905669	6.3652773	4.1441984	2.909656	9.3936825
chr1	200970000	200975000	chr1	201110000	201115000	0,0,0	4.0021815	0.98403823	2.1819863	1.6216962	2.129715	2.6964808	0.68014574	4.1379886
chr1	63930000	63935000	chr1	64135000	64140000	0,0,0	3.8171566	0.9946402	2.332333	1.7602549	2.2982364	3.664693	0.8560228	5.229364
chr1	181035000	181040000	chr1	181140000	181145000	0,0,0	7.3759995	1.0	2.8040154	3.6931467	4.9740343	3.7595782	1.328961	7.0423756
chr1	242465000	242470000	chr1	243015000	243020000	0,0,0	6.4459705	1.0	2.8163397	3.519818	3.7866993	3.1755216	1.3594271	6.304249
chr1	5510000	5515000	chr1	5610000	5615000	0,0,0	5.648773	0.9965602	2.9845455	2.5423138	2.9095016	3.4130962	1.0731932	5.6729307
chr1	236105000	236110000	chr1	236600000	236605000	0,0,0	6.574034	0.999588	2.582232	4.49467	5.1486273	3.800124	2.066471	7.795386
chr1	212065000	212070000	chr1	212455000	212460000	0,0,0	8.024916	0.9997273	3.712468	2.9348187	5.4245276	5.5992823	1.5561523	8.20801
chr1	244860000	244865000	chr1	245030000	245035000	0,0,0	4.067851	0.98565733	2.078958	2.0073183	2.2392855	2.4606726	1.1684265	4.2449555
chr1	160680000	160685000	chr1	160950000	160955000	0,0,0	5.0895114	0.99757016	2.5181599	3.0322945	3.2365599	3.3251712	1.1040057	6.020544
chr1	168600000	168605000	chr1	169350000	169355000	0,0,0	10.470737	1.0	4.332029	8.99612	11.828956	9.826705	4.625101	17.823257
chr1	60850000	60855000	chr1	61450000	61455000	0,0,0	3.7951899	0.993161	2.054466	2.3445544	2.400756	2.9015884	1.3118424	4.9856367
chr1	213375000	213380000	chr1	214120000	214125000	0,0,0	4.3468685	0.99535424	2.9484804	1.530083	1.9354095	4.0122843	1.1151733	5.372358
chr1	153350000	153355000	chr1	153495000	153500000	0,0,0	17.072832	1.0	5.5646744	9.282418	11.473979	7.049796	3.7946365	15.300835
chr1	231865000	231870000	chr1	232625000	232630000	0,0,0	11.145377	0.999997	2.8653014	8.820038	10.35869	4.882773	3.1231558	12.722807
chr1	181190000	181195000	chr1	181420000	181425000	0,0,0	12.736859	1.0	5.8159075	4.102324	7.3338575	7.407291	1.823243	11.053802
chr1	107530000	107535000	chr1	107750000	107755000	0,0,0	5.963069	0.9979725	2.4712741	2.9272146	4.2105546	3.599618	1.3824438	6.2015867
chr1	20215000	20220000	chr1	20360000	20365000	0,0,0	5.554446	0.99815226	2.3917675	3.145519	4.0272923	3.4984312	1.5188724	6.2944484
chr1	161530000	161535000	chr1	161735000	161740000	0,0,0	5.391975	0.99956757	2.2407455	4.1644626	4.9920597	4.045206	1.8283001	7.74695
chr1	89805000	89810000	chr1	89985000	89990000	0,0,0	8.2176075	0.9999504	3.9407876	3.2091892	6.456849	7.0606627	1.7673172	9.913275
chr1	6245000	6250000	chr1	6410000	6415000	0,0,0	7.5733824	1.0	3.0451934	3.7064145	4.626097	3.640844	2.2097528	6.935435
chr1	10505000	10510000	chr1	10940000	10945000	0,0,0	5.543838	0.9994383	2.2128563	4.408773	4.822957	3.5663953	1.7113379	7.4853044
chr1	7665000	7670000	chr1	7900000	7905000	0,0,0	11.120526	1.0	3.0722308	6.4165697	7.161831	3.4667137	2.1975083	9.170331
chr1	16620000	16625000	chr1	16945000	16950000	0,0,0	12.559694	0.9999991	2.954036	9.386182	11.922267	5.560786	3.4939387	13.904059
chr1	147495000	147500000	chr1	147625000	147630000	0,0,0	6.6118946	0.9997645	2.864237	4.245628	5.2763715	4.5807905	1.6902816	8.354682
chr1	207575000	207580000	chr1	207670000	207675000	0,0,0	5.0335326	1.0	2.1195867	2.3983347	3.2425466	2.7786045	0.89291626	4.9104576
chr1	41265000	41270000	chr1	41430000	41435000	0,0,0	7.108768	0.99950993	3.5860012	3.417092	4.192973	4.5843263	1.3885453	7.621742
chr1	43760000	43765000	chr1	43930000	43935000	0,0,0	9.740466	0.99999404	3.6405318	6.3777337	8.585761	6.364121	3.105718	12.033216
chr1	55285000	55290000	chr1	55890000	55895000	0,0,0	6.3539395	0.9984797	2.937049	3.277181	3.814227	3.5764759	1.4471104	6.489526
chr1	165925000	165930000	chr1	166470000	166475000	0,0,0	5.2802706	1.0	2.676622	2.5131645	2.681865	2.8779345	0.9454958	5.111859
chr1	107275000	107280000	chr1	107750000	107755000	0,0,0	12.356702	1.0	4.2697043	6.412244	8.525941	5.7730327	2.3718262	11.472805
chr1	112715000	112720000	chr1	112800000	112805000	0,0,0	13.787807	1.0	3.5442183	7.6433964	9.097933	4.335305	2.757079	11.129435
chr1	230795000	230800000	chr1	231210000	231215000	0,0,0	12.043292	1.0	4.0181856	6.166102	7.8789797	5.0474935	2.3987274	10.528473
chr1	185815000	185820000	chr1	186210000	186215000	0,0,0	8.293128	0.999993	3.5042078	5.745014	7.8454237	6.772097	3.1072776	11.878777
chr1	65955000	65960000	chr1	66445000	66450000	0,0,0	7.409039	0.9998921	3.2861497	4.224598	5.8306117	5.3800387	1.8344377	9.135237
chr1	32710000	32715000	chr1	32770000	32775000	0,0,0	4.9728985	0.99918646	2.1281252	3.491614	4.6137166	4.011205	1.5806159	7.114862
chr1	192475000	192480000	chr1	192610000	192615000	0,0,0	5.9930077	1.0	3.1201448	2.30546	3.0740812	3.593867	1.0943794	5.6431646
chr1	25615000	25620000	chr1	25785000	25790000	0,0,0	4.846851	0.9958839	2.8066816	2.078907	2.5735536	3.6454964	1.2255439	5.4934134
chr1	228690000	228695000	chr1	229160000	229165000	0,0,0	4.450039	0.99936175	2.1080544	3.176328	4.4620795	4.5341372	1.4982646	7.3575397
chr1	212665000	212670000	chr1	212780000	212785000	0,0,0	5.327949	1.0	2.4058452	2.1639895	3.4771264	3.3966231	1.1558971	5.3201694
chr1	985000	990000	chr1	1060000	1065000	0,0,0	9.516287	1.0	2.8033562	5.389816	5.7859144	2.9034262	1.8467607	7.6943736
chr1	78130000	78135000	chr1	78605000	78610000	0,0,0	8.435085	0.99999124	3.8351672	5.3033442	7.271603	6.9318514	1.9241155	11.645935
chr1	201560000	201565000	chr1	201785000	201790000	0,0,0	6.631849	0.99922293	3.5379026	3.3490243	3.545315	4.1838307	1.9022363	7.1607413
chr1	156685000	156690000	chr1	156885000	156890000	0,0,0	6.1596193	1.0	2.767777	2.5807998	3.4640381	3.231784	1.3108785	5.5258284
chr1	20695000	20700000	chr1	21190000	21195000	0,0,0	11.784353	0.9999988	5.0896225	5.342169	9.454709	8.911785	3.3420186	13.660379
chr1	85610000	85615000	chr1	85690000	85695000	0,0,0	5.493339	1.0	2.340581	2.7027426	3.3196726	2.8063862	1.0098523	5.208824
chr1	91615000	91620000	chr1	91925000	91930000	0,0,0	5.631488	0.999416	2.370497	4.1027694	4.68603	3.7995024	2.0541403	7.4464087
chr1	162055000	162060000	chr1	162390000	162395000	0,0,0	8.446493	1.0	3.845278	3.0974617	5.2101808	5.1874337	1.5538489	7.9407334
chr1	172605000	172610000	chr1	172725000	172730000	0,0,0	4.402887	1.0	2.5837326	1.7914577	1.8033363	2.5884123	0.90196985	4.180819
chr1	161795000	161800000	chr1	162035000	162040000	0,0,0	11.498103	1.0	5.6705327	3.950274	5.1510873	5.4873104	2.1998127	8.998665
chr1	180185000	180190000	chr1	180410000	180415000	0,0,0	5.863255	1.0	2.2908976	3.2003915	3.9395795	2.9743102	1.4039298	5.819103
chr1	206740000	206745000	chr1	206910000	206915000	0,0,0	5.3023605	0.9990264	2.3679228	3.3960478	4.29905	3.9165661	1.7355001	6.9352756
chr1	28785000	28790000	chr1	28875000	28880000	0,0,0	6.2152047	1.0	2.5573459	2.5906403	4.081853	3.544604	1.3796313	5.8473954
chr1	24930000	24935000	chr1	25205000	25210000	0,0,0	5.349628	1.0	2.434073	2.5601854	3.0839534	2.8490171	1.0948889	5.1247377
chr1	224515000	224520000	chr1	224920000	224925000	0,0,0	4.64307	0.9968304	2.9019105	2.1751091	2.2843885	3.821325	1.5601224	5.7547555
chr1	167065000	167070000	chr1	167530000	167535000	0,0,0	7.191422	1.0	3.10359	2.709376	3.636987	3.2118173	1.3651962	5.6201515
chr1	66765000	66770000	chr1	67210000	67215000	0,0,0	9.290297	0.99994963	3.2892325	5.9617176	7.008503	4.5980477	2.1995058	9.897352
chr1	108825000	108830000	chr1	108895000	108900000	0,0,0	6.2967515	0.99970186	2.4053495	4.3659015	5.656861	4.238077	1.5452086	8.118878
chr1	15595000	15600000	chr1	15740000	15745000	0,0,0	5.4582434	0.9980153	2.319285	3.0891387	4.0471826	3.4770336	1.3359894	6.2229347
chr1	186480000	186485000	chr1	186985000	186990000	0,0,0	6.9494176	0.9998597	2.9717429	4.144858	5.862553	5.1881623	1.5373535	8.87248
chr1	152185000	152190000	chr1	152455000	152460000	0,0,0	10.425609	0.999996	3.846489	6.9175105	8.8029785	6.286665	3.5100782	12.435564
chr1	110525000	110530000	chr1	110605000	110610000	0,0,0	5.870674	1.0	2.8653927	2.4636846	2.7521994	2.7909458	1.1446058	4.9808874
chr1	176370000	176375000	chr1	176880000	176885000	0,0,0	5.7809834	0.99710226	2.6813438	2.300738	3.745969	3.799325	1.1545871	5.8444257
chr1	157365000	157370000	chr1	157495000	157500000	0,0,0	5.4267554	0.9979134	3.1052713	2.6663532	2.7928457	3.8027644	1.2057635	6.1728563
chr1	159895000	159900000	chr1	160005000	160010000	0,0,0	6.6590147	0.99934566	2.3510237	4.374899	5.2247653	3.4438868	1.8769798	7.332686
chr1	232530000	232535000	chr1	232620000	232625000	0,0,0	4.1778874	0.9846801	2.071945	1.759401	2.4117408	2.615126	0.7517164	4.179038
chr1	167600000	167605000	chr1	167685000	167690000	0,0,0	4.9728284	1.0	2.3674018	1.9629915	2.9793987	3.0934746	1.0200626	4.838356
chr1	181470000	181475000	chr1	181935000	181940000	0,0,0	5.39803	0.99951476	2.7799904	2.3627923	4.6019325	5.531363	1.3768803	7.6316233
chr1	94060000	94065000	chr1	94330000	94335000	0,0,0	14.103006	1.0	4.9634876	11.766285	15.360157	10.520348	4.819211	20.979269
chr1	211680000	211685000	chr1	212455000	212460000	0,0,0	10.102168	1.0	4.3861823	4.0897274	5.362128	4.7427816	1.7441422	8.378095
chr1	172740000	172745000	chr1	173200000	173205000	0,0,0	10.88786	0.99999994	3.3373232	10.200532	12.895337	7.54062	4.082494	16.60776
chr1	65235000	65240000	chr1	65685000	65690000	0,0,0	10.3609495	0.99999934	3.3549912	8.542849	10.743025	6.617251	3.1608856	14.210894
chr1	233440000	233445000	chr1	234065000	234070000	0,0,0	5.275658	0.99978024	2.5090625	5.7737656	6.0451007	5.7685785	2.1140897	10.900815
chr1	36100000	36105000	chr1	36285000	36290000	0,0,0	5.3567743	0.99799716	2.5070724	2.9043286	3.71291	3.6322196	1.4747733	6.213845
chr1	70680000	70685000	chr1	71045000	71050000	0,0,0	6.8216004	0.9994841	3.0553458	3.5178874	4.771773	4.443365	1.7689755	7.5703754
chr1	55140000	55145000	chr1	55275000	55280000	0,0,0	6.685868	0.99886215	2.9317186	3.0281162	4.4338007	4.0876727	1.642483	6.7793317
chr1	219565000	219570000	chr1	219810000	219815000	0,0,0	4.859983	1.0	2.8140173	1.3592986	2.1720052	3.126976	0.8175783	4.3352413
chr1	44850000	44855000	chr1	44990000	44995000	0,0,0	4.5396934	1.0	2.4605918	1.7058185	2.1147814	2.630864	0.95856994	4.147147
chr1	116730000	116735000	chr1	117055000	117060000	0,0,0	6.758177	0.9999317	3.3863602	3.3760846	5.7901454	6.5917583	2.3929906	9.592723
chr1	43760000	43765000	chr1	44040000	44045000	0,0,0	6.305449	1.0	2.5664139	3.3929653	4.11042	3.2513385	1.3017809	6.2673078
chr1	208125000	208130000	chr1	208240000	208245000	0,0,0	5.791268	0.99808747	2.987901	2.70715	3.381195	3.8536196	1.2677481	6.259975
chr1	201890000	201895000	chr1	201970000	201975000	0,0,0	4.5380845	1.0	2.5000656	1.7834389	2.2400975	2.877863	0.80449504	4.463142
chr1	218340000	218345000	chr1	219565000	219570000	0,0,0	6.9982443	0.9996819	3.406295	4.2655263	4.326379	4.26246	1.5382369	8.054039
chr1	207255000	207260000	chr1	207405000	207410000	0,0,0	4.7850003	0.99766695	2.167929	2.732285	3.8136647	3.6325214	1.3013972	6.061219
chr1	37455000	37460000	chr1	37680000	37685000	0,0,0	11.637501	1.0	4.1118693	5.9262347	8.050102	5.6318474	2.4665582	10.899611
chr1	196740000	196745000	chr1	197355000	197360000	0,0,0	9.876733	1.0	3.7320201	3.6416614	3.6990361	2.4412932	1.3041712	5.6783257
chr1	31660000	31665000	chr1	31785000	31790000	0,0,0	5.9335423	0.99854374	2.4714305	3.799275	4.0560217	3.1554177	1.5021803	6.532551
chr1	50775000	50780000	chr1	51190000	51195000	0,0,0	6.5595264	0.9995423	2.8897665	3.821237	4.811627	4.2933936	2.435804	7.690049
chr1	9875000	9880000	chr1	9935000	9940000	0,0,0	4.1163096	0.986282	2.0877192	1.4390022	2.5835273	3.0103788	0.9895167	4.289492
chr1	152050000	152055000	chr1	152135000	152140000	0,0,0	4.8996925	1.0	2.4074335	2.1291018	2.6607325	2.7946808	0.901243	4.687216
chr1	62505000	62510000	chr1	62745000	62750000	0,0,0	7.9626875	0.9999708	3.280155	5.1517158	7.019759	5.863853	2.8649414	10.443155
chr1	21370000	21375000	chr1	21570000	21575000	0,0,0	9.203626	1.0	3.1504095	5.327607	6.6038666	4.282621	1.9593691	9.018271
chr1	24270000	24275000	chr1	24380000	24385000	0,0,0	4.7059216	1.0	2.292695	2.4125648	2.5395863	2.5304708	1.3202379	4.674973
chr1	243700000	243705000	chr1	244270000	244275000	0,0,0	5.2511063	1.0	2.4442272	2.681641	2.875414	2.664465	1.3570273	5.048146
chr1	175370000	175375000	chr1	176070000	176075000	0,0,0	6.9454856	1.0	3.4935994	2.6650398	4.011563	4.5128317	1.3107718	6.8817563
chr1	55375000	55380000	chr1	55890000	55895000	0,0,0	4.9274545	0.99756956	2.4471323	2.6121218	3.42898	3.698416	1.2994401	6.020302
chr1	236755000	236760000	chr1	237380000	237385000	0,0,0	7.2961216	1.0	3.3333256	2.5114675	4.7016077	4.787353	1.3659401	7.0197687
chr1	116570000	116575000	chr1	117055000	117060000	0,0,0	7.38304	0.9994705	2.6538515	3.9732914	5.5641418	4.0125175	1.8458073	7.544332
chr1	248825000	248830000	chr1	248900000	248905000	0,0,0	4.794748	1.0	2.8305302	1.0879936	1.3512859	1.9938378	0.6586182	2.9609432
chr1	212460000	212465000	chr1	212985000	212990000	0,0,0	7.714748	1.0	3.4027817	3.1263125	3.2636015	2.7479594	1.2389107	5.5269036
chr1	67850000	67855000	chr1	68110000	68115000	0,0,0	6.8194246	1.0	3.1933823	2.3313954	3.6899273	3.772049	1.0677937	5.8444004
chr1	231235000	231240000	chr1	231600000	231605000	0,0,0	4.449669	1.0	2.1088626	1.7593749	2.4197767	2.4501877	0.6849344	4.014076
chr1	112390000	112395000	chr1	112705000	112710000	0,0,0	12.271977	1.0	3.6322777	6.978569	9.203794	5.335687	3.0665712	11.538859
chr1	65060000	65065000	chr1	65205000	65210000	0,0,0	5.9391556	1.0	2.3502367	3.1385	3.4146063	2.4886737	1.2203652	5.2784514
chr1	225475000	225480000	chr1	225770000	225775000	0,0,0	5.6141863	0.9993419	2.914029	3.351738	3.8302338	4.347607	1.619817	7.3269296
chr1	151885000	151890000	chr1	152010000	152015000	0,0,0	5.9793153	1.0	3.5798628	2.2613478	2.2882054	3.442506	0.98237896	5.452593
chr1	236760000	236765000	chr1	237560000	237565000	0,0,0	4.842366	1.0	2.3904111	2.2243214	2.7054114	2.8479922	1.1090789	4.8251667
chr1	46535000	46540000	chr1	46725000	46730000	0,0,0	5.860462	1.0	2.854844	2.8623137	3.0119195	3.000214	1.467269	5.544493
chr1	60845000	60850000	chr1	61040000	61045000	0,0,0	7.546781	1.0	3.4538214	2.2350721	2.6381023	2.4451492	0.9422027	4.43188
chr1	94520000	94525000	chr1	94800000	94805000	0,0,0	7.596997	0.9999953	4.5405164	3.139958	6.13863	9.471352	2.5063848	12.262424
chr1	172455000	172460000	chr1	172525000	172530000	0,0,0	3.9174757	0.9850756	2.156903	1.6855929	2.1101367	2.7068882	1.1169056	4.205193
chr1	180515000	180520000	chr1	180860000	180865000	0,0,0	11.956295	0.99999857	5.126878	6.2196093	8.892904	7.9199085	2.9101627	13.448449
chr1	46440000	46445000	chr1	46525000	46530000	0,0,0	6.770921	0.9988775	2.783608	3.5356593	4.4825735	3.6500952	1.9894334	6.7929034
chr1	36150000	36155000	chr1	36420000	36425000	0,0,0	4.7457805	0.99715847	2.0742729	3.0902233	3.612692	3.1171625	1.2189603	5.8640275
chr1	152870000	152875000	chr1	153190000	153195000	0,0,0	5.130176	0.99986047	2.4634478	3.348044	5.5368714	5.9021125	2.0383072	8.878151
chr1	3490000	3495000	chr1	3615000	3620000	0,0,0	9.986828	1.0	4.0226383	4.8052607	6.831392	5.6243687	1.9109488	9.895711
chr1	18895000	18900000	chr1	19235000	19240000	0,0,0	5.354344	0.99735516	3.1810932	2.487464	2.5206978	3.7246716	1.5837855	5.935751
chr1	47385000	47390000	chr1	47725000	47730000	0,0,0	5.310771	0.99895436	2.4522524	3.3781037	4.0835133	3.861054	1.4454119	6.8638124
chr1	178775000	178780000	chr1	179000000	179005000	0,0,0	5.5412045	0.998169	3.0721178	1.7820101	3.4977129	4.7195454	1.4287792	6.303554
chr1	47435000	47440000	chr1	47710000	47715000	0,0,0	8.468588	0.9999942	3.3577406	7.0569873	7.846963	5.7904434	2.459187	12.063321
chr1	12120000	12125000	chr1	12210000	12215000	0,0,0	12.0010195	1.0	5.8085027	4.0404077	7.0557213	7.6655045	2.8338213	11.256978
chr1	119285000	119290000	chr1	119365000	119370000	0,0,0	10.78804	1.0	3.145961	6.466853	7.794758	4.215257	2.3121102	9.963572
chr1	92855000	92860000	chr1	92990000	92995000	0,0,0	9.513385	0.9999819	3.9370158	5.160308	7.421893	6.3338084	2.651379	10.920749
chr1	228665000	228670000	chr1	229510000	229515000	0,0,0	9.111286	1.0	4.523165	2.8354282	3.9901938	4.3527412	1.6698322	6.873122
chr1	23095000	23100000	chr1	23180000	23185000	0,0,0	6.2901397	0.9998301	2.379241	4.394785	6.236364	4.7748237	2.063724	8.681299
chr1	176895000	176900000	chr1	177945000	177950000	0,0,0	12.6966095	0.9999975	3.6573598	8.371706	10.168568	5.4623837	3.0332906	12.9039
chr1	111510000	111515000	chr1	111655000	111660000	0,0,0	4.1323543	0.9948079	2.2262714	2.2927008	2.645452	3.2232027	1.5606693	5.261159
chr1	109540000	109545000	chr1	109770000	109775000	0,0,0	9.2016945	1.0	3.2636673	3.3753915	5.2325835	3.8628917	1.9351746	6.86324
chr1	233300000	233305000	chr1	234065000	234070000	0,0,0	4.8166943	0.99770325	2.5277972	1.8897438	3.5672293	4.39712	0.9819568	6.076893
chr1	224510000	224515000	chr1	224850000	224855000	0,0,0	7.2094984	0.9999355	2.4798288	5.361833	7.2105227	4.8836236	2.0902648	9.649697
chr1	42580000	42585000	chr1	42740000	42745000	0,0,0	5.975946	1.0	2.8170261	3.0318968	3.203663	3.019166	1.6466277	5.714185
chr1	65955000	65960000	chr1	66240000	66245000	0,0,0	14.7283745	1.0	5.1993184	8.875834	13.08912	9.448146	3.0521882	17.337776
chr1	210405000	210410000	chr1	211135000	211140000	0,0,0	6.5067267	0.99968475	2.9470901	3.9549685	4.914718	4.547439	1.8376771	8.062967
chr1	210140000	210145000	chr1	210310000	210315000	0,0,0	12.281071	0.9999999	4.507516	8.320252	11.550999	8.489828	3.1849813	15.885608
chr1	21700000	21705000	chr1	21960000	21965000	0,0,0	5.9392443	0.99969643	2.765562	4.1024876	4.71235	4.454095	1.9612895	8.10075
chr1	55375000	55380000	chr1	56580000	56585000	0,0,0	5.13094	0.9994355	2.1597335	3.9008033	4.8178434	4.0129375	1.6280292	7.480319
chr1	198760000	198765000	chr1	199240000	199245000	0,0,0	3.8225405	0.98914206	2.3813465	1.5288862	1.9002583	3.1643193	1.0065722	4.5233293
chr1	234150000	234155000	chr1	234305000	234310000	0,0,0	7.1695085	0.999817	3.0410154	4.347202	5.570617	4.7428913	1.6932867	8.607071
chr1	94060000	94065000	chr1	94240000	94245000	0,0,0	6.6412864	0.9998202	3.2633247	3.4093332	5.1494894	5.593933	1.9195114	8.624452
chr1	8915000	8920000	chr1	9100000	9105000	0,0,0	6.470679	1.0	2.5624933	3.34621	3.816692	2.8427503	1.7502445	5.817159
chr1	58545000	58550000	chr1	58650000	58655000	0,0,0	4.7705607	0.99575084	2.6678023	2.1799958	2.671493	3.523829	0.9133274	5.461603
chr1	205795000	205800000	chr1	205975000	205980000	0,0,0	7.3513823	1.0	2.641316	3.6020908	4.966339	3.5580816	2.0232792	6.75994
chr1	182085000	182090000	chr1	182395000	182400000	0,0,0	10.094691	0.9999965	4.3294253	4.9790187	8.7171135	8.132435	2.3807924	12.558229
chr1	236100000	236105000	chr1	236770000	236775000	0,0,0	8.086285	0.9998049	2.9313843	4.9984374	6.0101786	4.099889	2.104673	8.542944
chr1	151025000	151030000	chr1	151150000	151155000	0,0,0	4.9816494	1.0	2.1187046	2.7217994	2.77483	2.1862876	0.9729657	4.6056647
chr1	201705000	201710000	chr1	201790000	201795000	0,0,0	5.1733503	0.9984492	2.2944813	2.5050821	4.3728294	4.242914	1.3527744	6.469654
chr1	46035000	46040000	chr1	46225000	46230000	0,0,0	5.788623	0.99743795	3.1510448	2.8017917	2.8477185	3.4770834	1.2693406	5.9675646
chr1	50365000	50370000	chr1	50700000	50705000	0,0,0	10.273081	1.0	3.8786285	3.7251854	5.7401743	4.505884	2.0573304	7.8171597
chr1	218335000	218340000	chr1	219065000	219070000	0,0,0	6.0973873	0.99934417	3.0094054	2.9681816	4.3165708	4.6919966	1.487796	7.3303804
chr1	40075000	40080000	chr1	40335000	40340000	0,0,0	6.048914	0.9998332	2.9171205	4.5492263	4.763209	4.6559086	2.3633704	8.699665
chr1	93435000	93440000	chr1	93810000	93815000	0,0,0	6.0452414	0.99976826	2.8048775	3.8348558	5.093381	4.9620585	2.0989075	8.370819
chr1	67215000	67220000	chr1	67500000	67505000	0,0,0	7.6833572	1.0	3.6083293	3.257927	4.515921	4.519117	1.4985633	7.4150515
chr1	198760000	198765000	chr1	199460000	199465000	0,0,0	5.407663	0.9998436	2.5967891	4.322695	4.956547	4.921551	2.2113771	8.763947
chr1	230915000	230920000	chr1	231210000	231215000	0,0,0	6.3898163	0.9993209	2.205785	4.2770915	5.32563	3.4936454	1.8011584	7.2955046
chr1	225475000	225480000	chr1	225975000	225980000	0,0,0	8.099267	0.9999931	4.350688	5.115691	6.038077	7.339153	2.4097376	11.886435
chr1	207410000	207415000	chr1	207500000	207505000	0,0,0	5.443466	1.0	2.984182	1.6740527	1.9233283	2.422267	0.73000234	3.9103136
chr1	8560000	8565000	chr1	8845000	8850000	0,0,0	6.9356523	1.0	2.8198507	3.610427	3.999776	3.0513077	1.545959	6.260576
chr1	63575000	63580000	chr1	64245000	64250000	0,0,0	6.7968526	0.99997467	2.7956862	6.028973	6.720653	5.224756	2.3362768	10.583842
chr1	110205000	110210000	chr1	110310000	110315000	0,0,0	11.234995	1.0	3.8690407	6.2785225	8.029072	5.321243	2.3903868	10.902151
chr1	2415000	2420000	chr1	2790000	2795000	0,0,0	20.568064	1.0	8.008115	3.3057764	3.5507276	2.5152254	1.4195911	5.4536934
chr1	29035000	29040000	chr1	29200000	29205000	0,0,0	4.546023	1.0	2.1886582	2.0526042	2.3490434	2.3413076	0.7676835	4.1658444
chr1	169550000	169555000	chr1	169805000	169810000	0,0,0	4.9504666	0.997201	2.4158888	1.856196	3.7750845	4.2291675	1.2901902	5.8791194
chr1	91280000	91285000	chr1	91400000	91405000	0,0,0	6.4085593	0.99849826	2.156726	3.6229384	4.928673	3.2814047	1.5750126	6.5017943
chr1	20520000	20525000	chr1	20640000	20645000	0,0,0	15.148657	1.0	6.168195	6.3550253	7.1702313	5.522322	2.581966	11.171233
chr1	66765000	66770000	chr1	67145000	67150000	0,0,0	7.6671624	0.9998356	3.4256084	3.9063888	5.5791454	5.2416935	2.0824058	8.714039
chr1	236105000	236110000	chr1	236490000	236495000	0,0,0	9.135934	0.9999968	3.9670687	4.229211	9.058265	8.879404	2.7010736	12.638702
chr1	244600000	244605000	chr1	245040000	245045000	0,0,0	7.2861643	1.0	3.3918288	2.8381193	3.8549724	3.792445	1.211677	6.3152175
chr1	155090000	155095000	chr1	155165000	155170000	0,0,0	16.740896	1.0	4.9714046	8.514676	12.840363	7.996024	3.0354757	15.564625
chr1	175150000	175155000	chr1	175320000	175325000	0,0,0	15.138429	0.9999998	5.8264394	7.510071	11.275417	8.96271	3.7503796	15.638329
chr1	182445000	182450000	chr1	182590000	182595000	0,0,0	3.9377363	1.0	2.1199486	1.1717296	2.1470833	2.7473772	0.73504245	3.7889147
chr1	183685000	183690000	chr1	183915000	183920000	0,0,0	4.9696064	0.9980088	2.6036346	2.3555112	3.4489696	4.125865	1.2637401	6.2196527
chr1	201255000	201260000	chr1	201360000	201365000	0,0,0	14.879318	0.9999998	5.1930237	8.353012	11.80224	8.284082	4.0470304	15.708981
chr1	18595000	18600000	chr1	18875000	18880000	0,0,0	9.124985	1.0	3.8812058	3.5664089	4.86083	4.2293124	1.7273968	7.399453
chr1	48110000	48115000	chr1	48235000	48240000	0,0,0	5.342014	1.0	3.0457351	1.4906951	2.5422425	3.5697725	0.8751267	4.894835
chr1	25505000	25510000	chr1	25805000	25810000	0,0,0	6.6481996	0.99981153	2.8665152	4.4728394	5.3871655	4.6015897	2.151952	8.577447
chr1	33110000	33115000	chr1	33460000	33465000	0,0,0	4.967904	1.0	2.6358387	1.6832218	2.362882	2.8727	1.102505	4.368897
chr1	175030000	175035000	chr1	175120000	175125000	0,0,0	7.1938367	1.0	3.7225404	1.9928021	2.442306	2.789452	1.0610986	4.560832
chr1	198090000	198095000	chr1	198685000	198690000	0,0,0	7.0566893	0.9994204	3.0080383	4.3498764	4.5072484	3.58744	2.0789557	7.453997
chr1	147635000	147640000	chr1	147890000	147895000	0,0,0	7.8921366	0.99975073	3.7759202	3.726756	4.8988824	4.9852276	2.02704	8.297899
chr1	83930000	83935000	chr1	84120000	84125000	0,0,0	11.70304	1.0	5.237243	5.1342435	6.5167	5.9588795	1.9566451	10.522651
chr1	185710000	185715000	chr1	186215000	186220000	0,0,0	5.5935435	0.99869347	2.462425	3.8636916	3.8767524	3.206689	1.5612744	6.6410813
chr1	55280000	55285000	chr1	56580000	56585000	0,0,0	11.156672	0.999999	3.716303	8.097619	10.317884	6.589346	3.3871799	13.78723
chr1	52125000	52130000	chr1	52295000	52300000	0,0,0	5.7809343	0.9996632	2.827936	3.1155047	4.824942	5.227511	1.4746555	7.996848
chr1	26690000	26695000	chr1	26785000	26790000	0,0,0	4.7243953	0.9987984	2.201783	3.4232569	3.8988726	3.6818728	1.4325223	6.724768
chr1	11650000	11655000	chr1	11715000	11720000	0,0,0	5.4977117	1.0	2.0873373	3.043916	3.541713	2.5185642	1.296275	5.224267
chr1	179075000	179080000	chr1	179365000	179370000	0,0,0	10.673783	0.9999898	3.2722104	7.611296	8.6468525	4.727336	2.8024535	11.492933
chr1	183655000	183660000	chr1	183910000	183915000	0,0,0	11.266917	0.99999714	4.4477663	6.65645	8.744595	6.849408	3.219149	12.7662525
chr1	99805000	99810000	chr1	100865000	100870000	0,0,0	10.410996	0.99997324	3.9747517	5.3736343	7.4837027	5.7523327	2.7488763	10.528896
chr1	75270000	75275000	chr1	75625000	75630000	0,0,0	4.6518755	0.9980367	2.3856945	2.8421783	3.3239207	3.707386	1.481921	6.233767
chr1	231355000	231360000	chr1	231590000	231595000	0,0,0	9.073656	0.99999446	4.08208	5.958124	7.42108	6.8032904	2.1767673	12.0994005
chr1	114975000	114980000	chr1	115110000	115115000	0,0,0	9.254204	1.0	4.226798	3.5359373	4.019934	3.675561	1.2587594	6.8186164
chr15	31645000	31650000	chr15	31865000	31870000	0,0,0	4.1314507	0.98621994	2.1686919	2.1183922	2.121578	2.4019606	0.9566565	4.284976
chr15	63750000	63755000	chr15	64060000	64065000	0,0,0	7.6998563	0.99988127	3.8324285	3.6652794	5.2616315	5.781552	2.116263	9.039578
chr15	58270000	58275000	chr15	58750000	58755000	0,0,0	4.36524	0.99973226	2.0283248	3.968832	4.8968053	4.6985645	1.7942947	8.226415
chr15	80455000	80460000	chr15	80775000	80780000	0,0,0	10.469472	1.0	3.7881923	4.84645	6.4730434	4.6138554	2.2452533	8.921811
chr15	89350000	89355000	chr15	89470000	89475000	0,0,0	5.19154	1.0	2.604588	2.145539	2.9092064	3.207158	1.1862062	5.1143036
chr15	92095000	92100000	chr15	92380000	92385000	0,0,0	7.1168666	0.9992097	3.327053	2.4654686	4.711288	4.9523067	1.0572696	7.1438346
chr15	77115000	77120000	chr15	77495000	77500000	0,0,0	5.7366567	0.9999351	3.4188	2.6607575	4.7577295	7.2783813	1.7598395	9.643499
chr15	53810000	53815000	chr15	53960000	53965000	0,0,0	3.803492	0.9898689	2.094413	1.7205988	2.3641846	3.0632007	0.62542415	4.592622
chr15	66770000	66775000	chr15	66850000	66855000	0,0,0	5.0575504	0.9962726	2.212588	2.521867	3.654622	3.350974	1.4519291	5.5926332
chr15	79380000	79385000	chr15	79850000	79855000	0,0,0	5.1329947	0.99875164	2.4392734	2.6333997	4.166195	4.3458414	1.4775475	6.686641
chr15	77960000	77965000	chr15	78105000	78110000	0,0,0	9.843757	0.99996036	4.3023405	3.6587644	7.0867257	6.884437	2.208394	10.136672
chr15	61165000	61170000	chr15	61835000	61840000	0,0,0	10.396587	0.9999727	4.382437	4.596123	7.201028	6.423971	1.8112652	10.509414
chr15	55220000	55225000	chr15	55435000	55440000	0,0,0	4.353485	1.0	2.364899	1.1775467	2.3596306	3.084333	1.145271	4.131041
chr15	59245000	59250000	chr15	59490000	59495000	0,0,0	6.9443674	0.99961317	2.669714	4.3181777	5.399042	4.0198765	1.6006082	7.858257
chr15	42065000	42070000	chr15	42645000	42650000	0,0,0	8.726053	1.0	3.3045392	3.1530144	4.8611293	3.8286972	1.4884336	6.6313767
chr15	58980000	58985000	chr15	59490000	59495000	0,0,0	8.654693	0.9999922	3.981984	4.509593	7.6667476	7.752415	2.8011956	11.7609415
chr15	37675000	37680000	chr15	37875000	37880000	0,0,0	4.6000924	1.0	2.0245035	2.5087337	2.7189162	2.3117256	1.100989	4.541711
chr15	90140000	90145000	chr15	90285000	90290000	0,0,0	4.641199	1.0	2.4779177	1.7667806	1.9597692	2.3334255	0.62063456	3.903897
chr15	36880000	36885000	chr15	37105000	37110000	0,0,0	5.785677	0.999136	2.2543604	3.521958	4.9668603	3.923982	1.5168831	7.054611
chr15	66610000	66615000	chr15	66860000	66865000	0,0,0	7.938945	1.0	4.064618	3.6926215	3.8522136	4.1909103	1.8462132	7.473241
chr15	48355000	48360000	chr15	48855000	48860000	0,0,0	7.294206	0.9997624	2.8011677	4.310243	5.8773937	4.5145006	2.0402486	8.345828
chr15	74640000	74645000	chr15	74950000	74955000	0,0,0	7.85497	1.0	3.1027286	3.677664	4.019975	2.9287314	1.774623	6.1977663
chr15	38705000	38710000	chr15	39755000	39760000	0,0,0	7.671743	0.9999456	3.5892549	4.2897186	6.0204535	6.0071507	2.129005	9.820234
chr15	52255000	52260000	chr15	52330000	52335000	0,0,0	4.255295	1.0	1.9590083	1.9598409	2.4460895	2.3211565	0.79256403	4.063237
chr15	59160000	59165000	chr15	59490000	59495000	0,0,0	8.294143	0.9999861	4.208312	5.205023	6.0087633	6.5609546	1.8772709	11.187642
chr15	89055000	89060000	chr15	89175000	89180000	0,0,0	6.8914332	0.99965924	3.3808503	3.2920938	4.709803	5.058859	1.5245168	7.985165
chr15	85295000	85300000	chr15	85505000	85510000	0,0,0	6.9833345	0.99955755	3.132096	3.3580508	4.9767613	4.739056	1.921112	7.7239904
chr15	73560000	73565000	chr15	73700000	73705000	0,0,0	9.172101	0.9999096	3.2463572	5.064037	6.8685093	4.8109593	2.2018719	9.3123255
chr15	85860000	85865000	chr15	88245000	88250000	0,0,0	11.507604	1.0	4.3132668	5.7070427	7.300791	5.3220763	2.5427818	10.395003
chr15	31210000	31215000	chr15	31485000	31490000	0,0,0	7.6080008	0.9998381	2.722169	5.3156514	6.1015463	4.004388	1.9160492	8.729411
chr15	68555000	68560000	chr15	68870000	68875000	0,0,0	7.0450587	0.999659	3.0155175	4.1982603	5.0366087	4.252717	1.9368918	7.9845037
chr15	34105000	34110000	chr15	34585000	34590000	0,0,0	9.591279	1.0	4.4422765	2.7330577	3.08801	2.8811245	1.1789591	5.310509
chr15	59245000	59250000	chr15	59370000	59375000	0,0,0	4.952211	0.9989973	2.0727954	3.5585175	4.494596	3.7425978	1.4188926	6.905724
chr15	59530000	59535000	chr15	59620000	59625000	0,0,0	11.504362	1.0	4.6740136	5.4673185	7.3762717	6.038187	2.304914	10.8980255
chr15	71740000	71745000	chr15	71800000	71805000	0,0,0	4.0951767	0.99344623	1.9315532	2.376053	2.9628959	2.916188	1.292436	5.028235
chr15	63290000	63295000	chr15	63400000	63405000	0,0,0	6.7699523	0.99949044	2.7530086	4.4631796	4.798472	3.6155188	1.7241974	7.5827894
chr15	98440000	98445000	chr15	99070000	99075000	0,0,0	6.762157	1.0	3.4855673	2.8197749	3.0806165	3.4246743	1.2884881	5.931141
chr15	45795000	45800000	chr15	46085000	46090000	0,0,0	4.50231	0.9983164	1.9897784	3.2179768	3.9606504	3.5270758	1.6670687	6.3875
chr15	100670000	100675000	chr15	100870000	100875000	0,0,0	4.5442486	0.9993565	2.2779603	3.1785395	4.1376367	4.523949	1.8657912	7.3493176
chr15	36500000	36505000	chr15	37105000	37110000	0,0,0	5.219711	0.9976473	2.5357823	2.7582054	3.4838662	3.6010714	1.1674527	6.0528092
chr15	59920000	59925000	chr15	60315000	60320000	0,0,0	5.4364467	0.9966879	2.4468458	2.786113	3.5139058	3.2342253	1.7067997	5.71077
chr15	64205000	64210000	chr15	64680000	64685000	0,0,0	7.6761484	0.999756	2.8355038	4.9351397	5.72943	3.9322848	1.7270074	8.319076
chr15	50670000	50675000	chr15	50875000	50880000	0,0,0	7.089147	0.99993765	2.978142	4.767437	6.3909316	5.446299	2.2952433	9.684022
chr15	75040000	75045000	chr15	75200000	75205000	0,0,0	10.772322	0.9999994	3.5493402	8.941417	10.561004	6.3997383	3.7135143	14.347665
chr15	92520000	92525000	chr15	92715000	92720000	0,0,0	6.198418	0.9994903	2.8758137	3.0817497	4.8099523	4.8431683	1.6374689	7.5825014
chr15	97240000	97245000	chr15	97750000	97755000	0,0,0	5.844444	0.9983126	3.2238204	2.0605354	3.4433255	4.5536213	1.0664628	6.3852086
chr15	69475000	69480000	chr15	70465000	70470000	0,0,0	7.757581	0.9998594	2.9316258	4.8622966	6.190986	4.548248	2.221083	8.87029
chr15	57340000	57345000	chr15	57525000	57530000	0,0,0	17.160229	1.0	6.7228026	7.817381	11.839875	9.62229	3.3440938	16.571072
chr15	74055000	74060000	chr15	74320000	74325000	0,0,0	8.382679	0.9998253	3.1089592	4.7424407	6.1350756	4.437887	2.2917418	8.65339
chr15	32660000	32665000	chr15	32955000	32960000	0,0,0	6.4604445	0.999398	3.7556434	2.7002876	3.5011897	5.015717	1.3178998	7.4159727
chr15	88900000	88905000	chr15	89015000	89020000	0,0,0	9.410637	1.0	4.7377043	3.9145527	5.001986	5.4899893	1.8869786	8.969592
chr15	70675000	70680000	chr15	70810000	70815000	0,0,0	6.991149	0.99936867	2.5544477	4.3754253	5.118761	3.479184	1.6211392	7.368451
chr15	38705000	38710000	chr15	39580000	39585000	0,0,0	8.067849	0.9999241	3.00747	6.0317373	6.2821264	4.125784	2.2433753	9.487329
chr15	101295000	101300000	chr15	101490000	101495000	0,0,0	5.908559	0.99813	2.4991658	3.7426739	3.7929726	2.9556627	1.7640163	6.282484
chr15	57860000	57865000	chr15	58070000	58075000	0,0,0	5.3891635	0.99817073	2.7873943	2.671899	3.4197893	3.9294772	1.607289	6.3044987
chr15	40900000	40905000	chr15	41180000	41185000	0,0,0	10.560379	0.9999794	4.204578	5.0874043	7.6036706	6.2683926	3.180083	10.79053
chr15	38440000	38445000	chr15	38685000	38690000	0,0,0	8.3254795	0.99981064	3.308214	4.7253857	5.7094994	4.3722777	1.7015033	8.57262
chr15	100625000	100630000	chr15	100870000	100875000	0,0,0	8.822495	0.99999326	3.5015109	5.4887385	8.480713	7.032689	2.0476756	11.911568
chr15	41990000	41995000	chr15	42055000	42060000	0,0,0	6.838185	0.9993192	3.1422813	2.6420956	4.837863	4.944435	1.5929173	7.2929645
chr15	29660000	29665000	chr15	30025000	30030000	0,0,0	3.9051332	0.99866045	2.0030878	3.2272518	3.4214544	3.7474203	1.5919907	6.6160884
chr15	60360000	60365000	chr15	60440000	60445000	0,0,0	5.3579245	1.0	2.7051198	1.8975861	2.7510235	3.0957189	1.1553769	4.782462
chr15	71740000	71745000	chr15	72155000	72160000	0,0,0	10.58782	1.0	3.8856494	4.980793	5.8317037	3.9866552	1.9829584	8.414027
chr15	98440000	98445000	chr15	98655000	98660000	0,0,0	7.1096444	1.0	3.1739674	2.453914	3.9134243	3.7617161	1.2344432	5.942973
chr15	59915000	59920000	chr15	60175000	60180000	0,0,0	5.3202796	0.999736	2.3695648	3.7855113	5.2484055	4.8756485	1.8312217	8.240547
chr15	64730000	64735000	chr15	64810000	64815000	0,0,0	6.4214826	1.0	2.4572136	2.8313656	4.4828663	3.5982437	1.3885567	6.115013
chr15	90320000	90325000	chr15	90480000	90485000	0,0,0	3.9582021	0.9961225	2.3438387	1.6865131	2.6955855	4.054008	0.9431164	5.5531306
chr15	85730000	85735000	chr15	85840000	85845000	0,0,0	9.591518	1.0	4.5137186	3.5130801	4.478998	4.4154277	1.9267714	7.5381656
chr15	24325000	24330000	chr15	24530000	24535000	0,0,0	8.651798	0.99983513	2.3057516	6.4873466	6.7400794	2.9446487	2.4835286	8.711179
chr15	65315000	65320000	chr15	65385000	65390000	0,0,0	8.871866	1.0	3.855266	3.5379233	5.4843907	5.064823	1.604258	8.209643
chr15	99100000	99105000	chr15	99210000	99215000	0,0,0	10.593958	1.0	4.2642536	5.604924	6.8415337	5.348118	2.1495318	10.330273
chr15	58225000	58230000	chr15	58760000	58765000	0,0,0	4.045896	0.9983997	2.0926456	2.8089263	3.452089	3.9413812	1.718253	6.438205
chr15	63465000	63470000	chr15	64065000	64070000	0,0,0	6.2193427	1.0	2.7303092	2.7429142	3.7993987	3.4608994	1.1167511	5.8990455
chr15	71110000	71115000	chr15	71440000	71445000	0,0,0	8.112932	0.9999767	3.2069268	5.6307125	7.263517	5.6619096	2.3883193	10.666987
chr15	42705000	42710000	chr15	42925000	42930000	0,0,0	4.652557	0.9973321	2.2336583	1.9718997	3.8289423	4.174278	1.0337292	5.927078
chr15	50355000	50360000	chr15	50875000	50880000	0,0,0	6.555714	1.0	3.0079248	2.8865867	3.2498193	2.9842753	1.4314986	5.55013
chr15	94160000	94165000	chr15	94320000	94325000	0,0,0	9.536569	0.99995434	3.4385343	5.4079523	7.2826195	5.1883197	2.1316924	9.995389
chr15	73970000	73975000	chr15	74040000	74045000	0,0,0	4.74701	1.0	2.52224	1.6206539	2.179798	2.6426528	0.95181096	4.083234
chr15	84955000	84960000	chr15	85040000	85045000	0,0,0	4.798639	0.99540365	2.2302132	2.2242887	3.3897743	3.4059067	1.086451	5.3830523
chr15	52335000	52340000	chr15	52735000	52740000	0,0,0	6.580595	0.9995378	2.4393196	4.711873	5.196191	3.4920065	2.5981817	7.680338
chr15	100915000	100920000	chr15	101005000	101010000	0,0,0	6.4598513	0.9988278	2.7536378	3.4829807	4.3091993	3.6535997	1.710452	6.7495823
chr15	74635000	74640000	chr15	74765000	74770000	0,0,0	11.755078	1.0	5.167663	4.2792196	7.131053	6.7839403	2.3215775	10.58769
chr15	48860000	48865000	chr15	49420000	49425000	0,0,0	8.1664505	1.0	4.2214994	1.4303567	2.541407	3.043109	0.73907995	4.314537
chr15	80775000	80780000	chr15	80970000	80975000	0,0,0	7.7973046	1.0	3.5073218	3.7072234	4.3472085	3.9177268	1.8694448	7.213036
chr15	51280000	51285000	chr15	51380000	51385000	0,0,0	4.9017267	0.9964137	2.2685792	2.4987717	3.477218	3.4100976	1.1291649	5.631228
chr15	52775000	52780000	chr15	53195000	53200000	0,0,0	5.97786	1.0	3.5176773	1.4697661	2.3020837	3.4163296	0.89061695	4.7227883
chr15	83245000	83250000	chr15	83555000	83560000	0,0,0	6.16517	0.9988751	3.122535	2.357452	4.0578003	4.6952467	0.9261237	6.7907596
chr15	43870000	43875000	chr15	44500000	44505000	0,0,0	5.885348	0.998258	2.3347738	3.8357358	4.0710773	2.9438224	1.9058206	6.3533654
chr15	78305000	78310000	chr15	78705000	78710000	0,0,0	5.1038904	0.99609596	2.1377394	2.6946015	3.6890588	3.1511166	1.078796	5.546318
chr15	83435000	83440000	chr15	83560000	83565000	0,0,0	5.5337214	0.9964133	2.8851151	2.2914758	3.0655434	3.5942447	1.3853604	5.631112
chr15	56245000	56250000	chr15	56425000	56430000	0,0,0	5.9952483	0.99766475	2.2668998	3.645143	4.06615	2.8201392	1.4011036	6.0602665
chr15	97900000	97905000	chr15	98290000	98295000	0,0,0	5.6762047	0.9984166	2.5836358	2.8653784	4.0572047	3.9018512	1.4063132	6.448854
chr15	65185000	65190000	chr15	65270000	65275000	0,0,0	4.774002	0.99200773	2.125878	2.1934025	3.089336	2.880089	1.073796	4.82978
chr15	74775000	74780000	chr15	74950000	74955000	0,0,0	8.895843	1.0	3.671836	4.9953012	5.4966884	4.272295	2.6700158	8.7125635
chr15	98515000	98520000	chr15	98655000	98660000	0,0,0	7.297049	0.9996626	3.0452228	4.102763	5.227572	4.3481402	2.0184977	7.995041
chr15	34055000	34060000	chr15	34585000	34590000	0,0,0	12.3369	1.0	5.626892	3.2172022	4.202375	3.9779968	1.7807467	6.837732
chr15	65030000	65035000	chr15	65295000	65300000	0,0,0	15.258921	1.0	4.386329	7.332159	8.611324	4.5100307	3.5242355	11.027506
chr15	101295000	101300000	chr15	101640000	101645000	0,0,0	10.834933	0.99999976	5.6894674	6.158572	8.329137	9.90043	3.8593485	15.374716
chr15	40930000	40935000	chr15	41020000	41025000	0,0,0	4.002586	0.9864148	2.032299	2.1973383	2.2080588	2.3460298	0.8681795	4.2992196
chr15	94000000	94005000	chr15	94115000	94120000	0,0,0	6.3769093	1.0	2.8796082	3.113812	3.8482862	3.5398276	1.8463984	6.3076606
chr15	97905000	97910000	chr15	98175000	98180000	0,0,0	10.776708	0.99999905	4.9803123	5.147504	9.084571	9.296602	2.2434936	13.872161
chr15	33735000	33740000	chr15	33960000	33965000	0,0,0	8.896974	1.0	3.086008	5.451946	6.3400683	4.0374813	1.9140021	8.883656
chr15	89760000	89765000	chr15	89875000	89880000	0,0,0	6.031716	0.99892855	3.457788	1.9420369	3.5893307	5.113216	1.2515157	6.8394713
chr15	30665000	30670000	chr15	30750000	30755000	0,0,0	4.11919	1.0	2.1681695	1.691212	1.9344552	2.2532082	0.8595217	3.7565079
chr15	43900000	43905000	chr15	44215000	44220000	0,0,0	6.8656335	0.99993926	3.2431145	3.9734526	6.0182166	6.177795	2.5525622	9.709753
chr15	75810000	75815000	chr15	76140000	76145000	0,0,0	7.6019945	1.0	3.6222882	1.8208479	2.9872465	3.146454	1.12546	4.7649856
chr15	47195000	47200000	chr15	48285000	48290000	0,0,0	10.587948	1.0	4.1889443	3.7879262	5.7918544	4.771925	2.006455	8.13897
chr15	74380000	74385000	chr15	74435000	74440000	0,0,0	5.634661	0.99948704	2.1963065	4.000889	5.2230644	4.0197473	1.8147683	7.5760922
chr15	68550000	68555000	chr15	68925000	68930000	0,0,0	5.3793097	0.99766874	2.8075948	2.213584	3.421455	4.094341	1.4656323	6.061971
chr15	80565000	80570000	chr15	80970000	80975000	0,0,0	5.7340727	0.9980014	2.5546527	3.129802	3.8204305	3.4339066	1.3385853	6.215953
chr15	71195000	71200000	chr15	71435000	71440000	0,0,0	4.178318	0.995824	1.9529675	2.1991029	3.4599257	3.524201	1.2681353	5.478959
chr15	66940000	66945000	chr15	67430000	67435000	0,0,0	4.606931	0.9953023	2.3285658	2.4452605	2.920202	3.1876802	1.5406326	5.361245
chr15	51980000	51985000	chr15	52140000	52145000	0,0,0	3.8264694	0.9923989	2.1648526	1.4844577	2.5688536	3.5604537	1.0148106	4.8799715
chr15	67860000	67865000	chr15	68155000	68160000	0,0,0	10.125701	0.99998796	4.7097955	5.622692	6.6574326	6.332	2.1414583	11.329948
chr15	44590000	44595000	chr15	44920000	44925000	0,0,0	7.3109903	1.0	3.2666707	3.461875	3.8716056	3.4045832	1.3325425	6.481805
chr15	34060000	34065000	chr15	34210000	34215000	0,0,0	9.825297	0.99995613	2.6016595	7.387559	7.834035	3.4682653	2.3893764	10.034985
chr15	42705000	42710000	chr15	43285000	43290000	0,0,0	7.061437	0.99984175	2.8027656	4.739545	5.877599	4.5392165	1.9002051	8.752145
chr15	45710000	45715000	chr15	45790000	45795000	0,0,0	4.0011168	1.0	2.504749	0.974417	1.5738637	2.6609375	0.5834101	3.527086
chr15	38475000	38480000	chr15	38680000	38685000	0,0,0	4.7811227	0.9959245	2.7031357	2.0000868	2.737264	3.7254775	1.1728226	5.5033326
chr15	70975000	70980000	chr15	71440000	71445000	0,0,0	4.4113765	0.99830955	1.9444064	3.2169242	3.9693396	3.5239298	1.6271553	6.383418
chr15	66385000	66390000	chr15	66495000	66500000	0,0,0	4.2417803	0.9896509	2.0763943	1.9911414	2.6507092	2.8014286	1.0008159	4.571332
chr15	49230000	49235000	chr15	50140000	50145000	0,0,0	6.3008757	0.99973375	2.3846695	4.1448402	5.922042	4.547682	2.079903	8.231985
chr15	92095000	92100000	chr15	92225000	92230000	0,0,0	5.7736564	1.0	2.5420322	2.6308415	3.240102	2.8704014	1.0075477	5.208927
chr15	39170000	39175000	chr15	39755000	39760000	0,0,0	7.5602574	1.0	3.1042383	3.506969	4.264721	3.4175584	1.5285811	6.534864
chr15	38815000	38820000	chr15	39575000	39580000	0,0,0	5.1533365	0.9991958	2.0833545	4.099664	4.5836167	3.4822836	1.6041567	7.1264296
chr15	79025000	79030000	chr15	79180000	79185000	0,0,0	11.443908	0.9999901	4.349009	5.640534	8.34297	6.51006	3.0025082	11.523868
chr15	81480000	81485000	chr15	81935000	81940000	0,0,0	4.991926	0.9996559	2.5251698	2.6161504	4.849769	5.649898	1.70754	7.9753656
chr15	40045000	40050000	chr15	40215000	40220000	0,0,0	4.4680233	0.99578685	1.9689764	2.6763618	3.4423373	3.0911207	1.0992742	5.470109
chr15	29665000	29670000	chr15	30075000	30080000	0,0,0	6.9613914	0.9998044	3.0933585	3.6342561	5.597332	5.3096986	2.4557126	8.540149
chr15	62780000	62785000	chr15	63090000	63095000	0,0,0	9.345955	0.9999722	3.4444249	5.502617	7.6000876	5.6002946	2.0194852	10.491509
chr15	69060000	69065000	chr15	69390000	69395000	0,0,0	7.4795604	0.99976766	3.623617	3.6538978	4.9136972	5.120192	1.848388	8.368101
chr15	58225000	58230000	chr15	58960000	58965000	0,0,0	6.0163965	0.99844843	3.2260175	2.9057891	3.2351866	3.8862436	1.600723	6.469167
chr15	40680000	40685000	chr15	40895000	40900000	0,0,0	4.4468827	1.0	2.5162323	1.4545484	1.8652757	2.5287905	1.0633478	3.8217223
chr15	48355000	48360000	chr15	48800000	48805000	0,0,0	4.25516	0.9932522	1.9751621	1.9327431	3.218929	3.2810628	1.1149358	4.999057
chr15	90155000	90160000	chr15	90220000	90225000	0,0,0	5.4660854	0.9992795	2.6499162	3.1806264	4.234994	4.409076	1.7303077	7.2363
chr15	61865000	61870000	chr15	62065000	62070000	0,0,0	4.742434	0.99389	2.5206594	1.9726845	2.745719	3.3448572	1.1970315	5.0983543
chr15	84845000	84850000	chr15	84925000	84930000	0,0,0	5.7061253	0.9971828	2.378224	3.3747475	3.6641858	2.8728354	1.674881	5.872611
chr15	98310000	98315000	chr15	98420000	98425000	0,0,0	7.197005	0.99946076	2.9276469	3.1079953	5.421979	4.7635126	1.489624	7.526175
chr15	98645000	98650000	chr15	98855000	98860000	0,0,0	4.9420743	0.9967201	2.4869409	2.5752046	3.1527958	3.431456	1.3810511	5.7205267
chr15	97910000	97915000	chr15	98085000	98090000	0,0,0	5.2197857	0.9991378	2.8044407	3.0592394	3.572525	4.3374505	1.5609155	7.0567746
chr15	81105000	81110000	chr15	81265000	81270000	0,0,0	5.935921	0.9978281	2.996612	2.749429	3.3702857	3.6888666	1.4514045	6.1328034
chr15	46090000	46095000	chr15	46275000	46280000	0,0,0	4.194729	0.9923472	2.1683865	1.9937985	2.6813545	3.1009183	0.9255037	4.8731837
chr15	37995000	38000000	chr15	38675000	38680000	0,0,0	10.622528	1.0	4.5858483	4.224004	4.633728	3.8422709	1.7658747	7.59694
chr15	78305000	78310000	chr15	78420000	78425000	0,0,0	6.742612	0.9989713	3.2219067	3.0939434	4.066337	4.129969	1.5113162	6.8801413
chr15	89740000	89745000	chr15	90085000	90090000	0,0,0	7.4414945	1.0	3.15499	3.5848663	3.8538847	3.0868406	1.6914517	6.2733884
chr15	99270000	99275000	chr15	99700000	99705000	0,0,0	5.9927998	0.999936	2.80802	4.6032796	5.7176723	5.5657573	2.0673335	9.657561
chr15	67865000	67870000	chr15	68050000	68055000	0,0,0	4.450943	0.9940719	2.1238818	2.3684897	3.0053596	3.0232573	1.0304389	5.1285815
chr15	89895000	89900000	chr15	90085000	90090000	0,0,0	10.131787	0.99997365	3.3845894	6.643282	7.6517467	4.640753	2.3472726	10.545893
chr15	99285000	99290000	chr15	99755000	99760000	0,0,0	7.224054	0.99997866	2.8688211	5.995748	7.1334333	5.4255605	2.5018642	10.755115
chr15	66945000	66950000	chr15	67300000	67305000	0,0,0	14.3229265	1.0	4.3106103	14.2328005	17.241554	9.649296	5.0369463	22.300674
chr15	44850000	44855000	chr15	44920000	44925000	0,0,0	4.8392186	0.99663424	1.9645401	3.1582437	3.7066073	2.8873725	1.1257005	5.6947002
chr15	69050000	69055000	chr15	69225000	69230000	0,0,0	4.0493326	0.9956045	2.0860755	2.2101464	3.006733	3.4631624	0.95321465	5.427737
chr15	99270000	99275000	chr15	99795000	99800000	0,0,0	6.556066	0.9999494	2.2877088	5.593215	7.2670918	4.921075	2.5128891	9.892821
chr15	88475000	88480000	chr15	88615000	88620000	0,0,0	10.047759	1.0	4.0595994	4.665803	5.3472357	4.100166	2.1431305	8.247546
chr15	63610000	63615000	chr15	64065000	64070000	0,0,0	9.730551	0.9999425	3.646784	5.5901985	6.7434897	4.7949615	2.469887	9.764027
chr15	73305000	73310000	chr15	73700000	73705000	0,0,0	4.6847453	0.9917275	2.346574	2.3312645	2.5739834	2.723074	1.3432387	4.795309
chr15	41585000	41590000	chr15	41800000	41805000	0,0,0	4.675	0.99747247	2.2909184	3.1546478	3.1885452	3.1769893	1.4798793	5.9811206
chr15	101015000	101020000	chr15	101255000	101260000	0,0,0	15.052919	1.0	5.022026	6.7214565	9.777793	6.6438684	2.5754445	12.618497
chr15	50145000	50150000	chr15	50310000	50315000	0,0,0	9.125789	0.99989706	4.2073874	4.196377	5.634358	5.4521346	2.7360005	9.182247
chr15	89355000	89360000	chr15	89430000	89435000	0,0,0	7.809926	0.9998991	2.4216413	5.706757	7.066851	4.1296625	1.9665171	9.202335
chr15	44965000	44970000	chr15	45115000	45120000	0,0,0	6.3411455	1.0	2.7799892	2.042229	4.096523	4.016802	1.1147041	5.8321166
chr15	85295000	85300000	chr15	85675000	85680000	0,0,0	5.4317765	1.0	2.8530033	1.6671621	1.8636003	2.1540356	0.67245126	3.6359572
chr15	55645000	55650000	chr15	56050000	56055000	0,0,0	4.954762	1.0	2.848638	1.1362307	1.8806899	2.677017	0.64407367	3.6869998
chr15	22720000	22725000	chr15	28795000	28800000	0,0,0	12.221182	1.0	2.621431	20.864313	21.617685	7.5670834	7.1444273	26.11314
chr15	60585000	60590000	chr15	60915000	60920000	0,0,0	9.815349	0.99999624	3.6677139	8.083073	8.183103	5.306519	2.678717	12.491473
chr15	100625000	100630000	chr15	101005000	101010000	0,0,0	13.214651	1.0	4.652443	7.4928493	8.450781	5.3875594	2.7834089	12.047871
chr15	74370000	74375000	chr15	74490000	74495000	0,0,0	5.538063	1.0	2.64769	2.2853663	2.4696512	2.3982396	0.8659882	4.429676
chr15	83245000	83250000	chr15	83380000	83385000	0,0,0	6.6466217	0.99968296	2.6494734	4.193148	5.474593	4.330132	2.1086366	8.057375
chr15	39175000	39180000	chr15	39580000	39585000	0,0,0	6.7021327	0.99991107	2.7085574	4.9237213	6.223699	4.952226	1.9753478	9.328867
chr15	39685000	39690000	chr15	39755000	39760000	0,0,0	4.690264	0.99551463	2.4962125	1.8915626	3.0066643	3.7261095	0.8837536	5.4074984
chr15	52185000	52190000	chr15	52735000	52740000	0,0,0	5.2266464	0.99800813	2.6346896	2.0551038	3.7915773	4.3925757	1.206933	6.2193346
chr15	88885000	88890000	chr15	89175000	89180000	0,0,0	7.280654	1.0	3.6781726	2.8856463	3.0598104	3.2588987	1.2146121	5.823918
chr15	63610000	63615000	chr15	63890000	63895000	0,0,0	4.950925	0.9971679	2.0952287	3.1289082	3.7234983	3.0860968	1.2017692	5.8673487
chr15	32660000	32665000	chr15	32995000	33000000	0,0,0	7.227427	0.99988264	3.732541	3.5341113	5.071739	5.909855	1.6712397	9.051287
chr15	56825000	56830000	chr15	57305000	57310000	0,0,0	5.065221	0.9989081	2.5443373	3.001752	3.8029954	4.152313	1.4010149	6.820537
chr15	90645000	90650000	chr15	90890000	90895000	0,0,0	7.0255995	0.9998803	2.766917	5.430165	5.8390865	4.204811	2.7944589	9.031625
chr15	34625000	34630000	chr15	34915000	34920000	0,0,0	7.30026	1.0	3.7746077	2.827173	3.6859312	4.244797	1.3412651	6.7578397
chr15	69065000	69070000	chr15	69260000	69265000	0,0,0	4.3167624	0.997035	2.3307765	2.78455	2.7924955	3.346327	1.2710172	5.8214827
chr15	33230000	33235000	chr15	33700000	33705000	0,0,0	12.420965	0.9999998	3.5328033	10.52496	12.026844	6.1077523	3.7581651	15.463272
chr15	74120000	74125000	chr15	74305000	74310000	0,0,0	11.440772	1.0	5.2491	4.2641053	6.598901	6.534662	2.2779973	10.324977
chr15	42700000	42705000	chr15	43195000	43200000	0,0,0	5.369217	0.99910116	2.4342391	3.892061	4.0456405	3.5554945	1.7655593	7.0151043
chr15	71575000	71580000	chr15	71730000	71735000	0,0,0	4.0759907	0.99385786	2.3561347	2.2032838	2.256217	3.1346407	1.1940739	5.093115
chr15	96355000	96360000	chr15	97235000	97240000	0,0,0	13.29111	1.0	5.751056	5.500418	7.383661	6.543263	2.685962	11.432524
chr15	63935000	63940000	chr15	64040000	64045000	0,0,0	4.347697	0.99447274	1.962617	2.8991616	3.006475	2.6215749	1.0590063	5.1986074
chr15	29115000	29120000	chr15	29345000	29350000	0,0,0	5.1261744	1.0	2.0266116	3.0578792	3.0756233	2.1556134	1.1372509	4.8737283
chr15	65975000	65980000	chr15	66195000	66200000	0,0,0	4.167004	0.9921397	1.960298	2.6459208	2.687211	2.4945045	1.1140212	4.846434
chr15	91300000	91305000	chr15	92075000	92080000	0,0,0	10.637422	0.99999934	3.7912667	7.5817184	10.5034275	7.47521	3.2189891	14.214516
chr15	38560000	38565000	chr15	38680000	38685000	0,0,0	4.47642	0.9907319	2.299576	2.1433933	2.48557	2.7764218	0.7523053	4.68166
chr15	101765000	101770000	chr15	101875000	101880000	0,0,0	6.9743495	0.9991843	2.8796597	3.9733648	4.537716	3.580306	2.155707	7.112186
chr15	34705000	34710000	chr15	34920000	34925000	0,0,0	5.705417	0.99867713	2.0525684	4.205014	4.528638	2.890846	1.6806065	6.6286364
chr15	88655000	88660000	chr15	88830000	88835000	0,0,0	11.860742	1.0	4.486426	5.4775887	8.010508	6.1960044	2.2498503	11.064972
chr15	83245000	83250000	chr15	83435000	83440000	0,0,0	6.9867215	0.9997954	2.553223	4.668535	6.0887	4.3453574	1.8332841	8.495166
chr15	44585000	44590000	chr15	44735000	44740000	0,0,0	7.2133827	0.9999546	3.1183658	4.015971	6.8629565	6.4310074	2.0684764	10.000759
chr15	33290000	33295000	chr15	33695000	33700000	0,0,0	5.407879	0.9999035	2.5443919	4.469226	5.415672	5.2741094	2.4311953	9.246755
chr15	92805000	92810000	chr15	92905000	92910000	0,0,0	7.3982215	0.9997668	4.048679	3.5506616	4.1419973	5.208501	2.0267677	8.364644
chr15	59720000	59725000	chr15	60180000	60185000	0,0,0	5.151743	0.99837303	2.4605775	2.7919579	3.845528	3.9399588	1.0637722	6.421699
chr15	91050000	91055000	chr15	91270000	91275000	0,0,0	9.74143	0.99995273	3.767353	5.0368304	7.02647	5.48381	2.58163	9.960992
chr15	59725000	59730000	chr15	60325000	60330000	0,0,0	7.4758415	0.9999255	3.5324986	3.5261955	6.0712543	6.371182	1.6240954	9.505578
chr15	101085000	101090000	chr15	101255000	101260000	0,0,0	9.325628	0.9999795	3.2121284	6.463299	7.8265257	5.050566	2.2344835	10.795721
chr15	91055000	91060000	chr15	91225000	91230000	0,0,0	9.9727545	0.9999887	3.6798642	6.353316	8.053751	5.743047	3.0355504	11.390439
chr15	68305000	68310000	chr15	68380000	68385000	0,0,0	4.068527	0.99063236	2.0742202	2.2779312	2.438558	2.6461499	1.1194927	4.6709776
chr15	80460000	80465000	chr15	80965000	80970000	0,0,0	6.1715074	1.0	2.62653	3.3869815	3.529482	2.8087137	1.6638508	5.819364
chr15	80565000	80570000	chr15	80775000	80780000	0,0,0	9.581037	0.99994546	3.6840181	4.887836	6.9973464	5.4725137	2.656427	9.817257
chr15	78610000	78615000	chr15	78710000	78715000	0,0,0	6.181743	0.99829173	2.752145	3.296673	3.876144	3.442553	1.6536514	6.3729286
chr15	45460000	45465000	chr15	45610000	45615000	0,0,0	9.238461	1.0	3.2921827	4.637712	6.915219	5.059388	1.9262177	9.181799
chr15	76185000	76190000	chr15	76840000	76845000	0,0,0	5.221719	0.9985424	2.5874991	2.300523	3.9982674	4.486768	1.4693995	6.531677
chr15	61615000	61620000	chr15	61830000	61835000	0,0,0	4.501694	1.0	2.1819887	1.9022163	2.3055546	2.3539305	0.8123269	4.0447893
chr15	49235000	49240000	chr15	50000000	50005000	0,0,0	5.102217	0.9997719	2.4819758	3.8924773	4.7832503	4.9265	1.9615529	8.386479
chr15	57745000	57750000	chr15	57860000	57865000	0,0,0	4.8114023	0.9938741	2.662712	1.8296151	2.6409352	3.4694278	1.1284422	5.0957522
chr15	40045000	40050000	chr15	40270000	40275000	0,0,0	7.3541994	0.999903	2.3907762	5.0796103	7.206574	4.7270336	2.236703	9.242243
chr15	80660000	80665000	chr15	80775000	80780000	0,0,0	5.680472	0.99885327	2.3002307	3.4359365	4.5781374	3.7173946	1.5523602	6.7715597
chr15	68725000	68730000	chr15	68875000	68880000	0,0,0	5.3738503	0.9994151	2.4566138	2.585275	5.022196	5.1468244	1.3728837	7.4448466
chr15	51405000	51410000	chr15	51500000	51505000	0,0,0	4.319026	0.9875179	2.017988	1.8533913	2.7226908	2.736453	0.8627805	4.383912
chr15	52255000	52260000	chr15	52735000	52740000	0,0,0	10.784364	0.9999989	3.7785783	7.38314	10.274091	7.1959643	3.5901306	13.758756
chr15	90320000	90325000	chr15	90690000	90695000	0,0,0	4.998417	0.9982152	2.249288	2.4059384	4.2360945	4.190482	1.5300597	6.329094
chr15	38000000	38005000	chr15	38350000	38355000	0,0,0	6.7233286	0.99999636	3.6619546	3.6315355	7.0913415	9.291406	2.1215162	12.519438
chr15	81275000	81280000	chr15	81400000	81405000	0,0,0	11.799908	1.0	4.2140794	5.8940854	8.439358	6.0963492	2.7199063	11.335536
chr15	38000000	38005000	chr15	38390000	38395000	0,0,0	8.37727	0.9999996	4.184469	6.846466	8.063492	8.602651	3.607551	14.688398
chr15	83560000	83565000	chr15	84025000	84030000	0,0,0	4.265535	0.99695265	2.5686233	1.761445	2.720831	4.228346	1.1517664	5.794075
chr15	60505000	60510000	chr15	60910000	60915000	0,0,0	4.8039007	0.9971137	2.2638211	2.3530562	3.6552696	3.7567723	1.5063198	5.8483777
chr15	51160000	51165000	chr15	51380000	51385000	0,0,0	5.885125	0.999013	2.7151582	2.9857464	4.332472	4.2675414	1.3816417	6.921538
chr15	97280000	97285000	chr15	97745000	97750000	0,0,0	4.435611	0.9938057	2.2267387	2.3452795	2.7837446	2.999961	1.1246419	5.084654
chr15	42065000	42070000	chr15	42465000	42470000	0,0,0	9.841508	0.99996567	3.0578167	6.0695467	8.037764	4.885548	2.9107137	10.280701
chr15	55215000	55220000	chr15	55290000	55295000	0,0,0	7.3349876	0.9994425	2.4152517	4.74231	5.4814286	3.2775164	1.6614394	7.492903
chr15	70680000	70685000	chr15	70875000	70880000	0,0,0	7.002456	0.9993886	2.9294877	3.712791	4.8693824	4.1002545	1.4822675	7.400513
chr15	51650000	51655000	chr15	51775000	51780000	0,0,0	12.506787	0.9999967	4.7586102	5.6367087	9.412446	7.6247635	3.2251194	12.635171
chr15	84585000	84590000	chr15	84925000	84930000	0,0,0	5.7503676	0.9992423	2.6362135	3.396748	4.3822947	4.1666613	1.3814747	7.1859927
chr15	64170000	64175000	chr15	64680000	64685000	0,0,0	4.06509	0.99247885	2.227964	2.1530414	2.3768733	2.9767303	0.92833555	4.890545
chr15	58075000	58080000	chr15	58180000	58185000	0,0,0	5.764275	1.0	2.8822424	1.82396	2.4385974	2.667597	0.8554911	4.2888947
chr15	61170000	61175000	chr15	61615000	61620000	0,0,0	5.107107	0.99875784	2.6589925	2.4936051	3.7651398	4.475052	1.4338987	6.69159
chr15	68555000	68560000	chr15	68675000	68680000	0,0,0	8.088291	0.9997015	3.452614	3.9152853	5.311877	4.6373763	1.968657	8.11763
chr15	56495000	56500000	chr15	57305000	57310000	0,0,0	8.691458	1.0	3.246202	4.783536	5.846033	4.1631913	2.117766	8.415223
chr15	42735000	42740000	chr15	42925000	42930000	0,0,0	4.975973	0.99823546	2.2385714	3.2029977	3.848606	3.4934032	1.4665967	6.3405123
chr15	33020000	33025000	chr15	33130000	33135000	0,0,0	9.979208	0.9999608	2.86954	6.3506117	8.120158	4.501852	2.3226454	10.14684
chr15	78115000	78120000	chr15	78240000	78245000	0,0,0	8.346673	0.9998157	3.622892	4.133542	5.537974	4.925539	1.592435	8.599799
chr15	72795000	72800000	chr15	73080000	73085000	0,0,0	5.336872	0.99952114	2.5574267	3.573227	4.4343867	4.4686456	1.6968137	7.644848
chr15	58220000	58225000	chr15	59505000	59510000	0,0,0	11.920537	1.0	6.294111	3.1059153	3.3596354	3.9004092	1.8688025	6.661223
chr15	85295000	85300000	chr15	85725000	85730000	0,0,0	5.912805	1.0	2.8433387	1.8100209	2.4239821	2.4952445	0.73743844	4.104152
chr15	77185000	77190000	chr15	77495000	77500000	0,0,0	4.374548	0.9979708	1.9590904	2.7829533	3.958239	3.7270164	1.5566953	6.2007527
chr15	35285000	35290000	chr15	35445000	35450000	0,0,0	8.649486	0.99994856	3.5533361	4.700939	6.7414985	5.6974998	2.5100377	9.876112
chr15	34100000	34105000	chr15	34210000	34215000	0,0,0	3.7625573	0.9855587	2.1956065	1.6906774	1.9124656	2.7352757	0.9223068	4.2381
chr15	71530000	71535000	chr15	71725000	71730000	0,0,0	5.2949986	0.99786633	2.5135982	2.4360766	3.830106	3.9851494	1.3586403	6.1505513
chr18	9970000	9975000	chr18	10520000	10525000	0,0,0	17.067526	1.0	5.7963753	10.45915	13.842209	9.186025	4.0198827	18.483047
chr18	22815000	22820000	chr18	22980000	22985000	0,0,0	4.614349	0.995072	2.5245206	2.0659022	2.7270715	3.477016	1.2212704	5.3133736
chr18	620000	625000	chr18	830000	835000	0,0,0	16.760193	1.0	6.987314	5.4196324	6.652087	5.4579945	2.1066515	10.275446
chr18	3705000	3710000	chr18	3990000	3995000	0,0,0	4.6509576	1.0	2.4858363	1.6767665	2.2086568	2.6986172	0.8409135	4.1890764
chr18	45695000	45700000	chr18	45880000	45885000	0,0,0	5.7786717	0.9993623	3.1855073	2.6995592	3.809706	4.9588084	1.3006603	7.358417
chr18	65725000	65730000	chr18	66490000	66495000	0,0,0	8.082036	0.99990314	3.589273	4.6028347	5.7271867	5.151897	2.3461475	9.243305
chr18	30970000	30975000	chr18	31560000	31565000	0,0,0	7.896147	0.9999323	3.3525093	5.111647	6.076963	5.0578895	2.3392518	9.601576
chr18	56750000	56755000	chr18	57560000	57565000	0,0,0	8.122828	1.0	3.6610389	3.0721736	4.5301514	4.3371973	1.4910915	7.068018
chr18	46280000	46285000	chr18	46480000	46485000	0,0,0	8.209481	0.99978316	3.1569386	4.1938877	6.0165334	4.70919	1.6059309	8.43709
chr18	54675000	54680000	chr18	54945000	54950000	0,0,0	5.5514717	0.9992822	2.7993715	2.6843252	4.265981	4.854007	1.4635577	7.2400737
chr18	35755000	35760000	chr18	35945000	35950000	0,0,0	5.851285	0.99718434	2.5486183	2.940984	3.7092156	3.2589512	1.2154372	5.8731594
chr18	55235000	55240000	chr18	55410000	55415000	0,0,0	4.559125	1.0	2.3208592	1.557378	2.103043	2.3723366	0.68542975	3.7566726
chr18	12390000	12395000	chr18	12660000	12665000	0,0,0	13.711268	0.9999996	5.4798083	7.9771185	9.751637	7.55707	3.1054351	14.647841
chr18	12390000	12395000	chr18	12930000	12935000	0,0,0	9.789797	1.0	4.3199987	3.7968307	4.5050883	3.9600382	1.8492948	7.334999
chr18	20960000	20965000	chr18	21180000	21185000	0,0,0	7.473296	1.0	3.0151474	3.3912182	3.5199842	2.5811152	1.6432611	5.5955315
chr18	42115000	42120000	chr18	43270000	43275000	0,0,0	8.449863	1.0	3.4798853	3.9400969	5.351603	4.464498	1.665275	7.966806
chr18	53700000	53705000	chr18	54120000	54125000	0,0,0	4.7595043	1.0	2.689793	1.4917362	2.0995817	2.8617835	0.7987603	4.1877713
chr18	47045000	47050000	chr18	47200000	47205000	0,0,0	7.5723877	1.0	4.0138288	1.9090506	2.34164	2.7920458	1.2272396	4.48898
chr18	63010000	63015000	chr18	63320000	63325000	0,0,0	7.053855	0.9991611	3.4695003	3.0013049	4.124006	4.416387	1.8821352	7.0842133
chr18	59990000	59995000	chr18	60545000	60550000	0,0,0	9.848975	0.99999577	4.622183	4.4075356	8.054181	8.452949	2.3624752	12.370759
chr18	23620000	23625000	chr18	23810000	23815000	0,0,0	5.4789095	0.9968361	2.6039298	2.5292728	3.4551613	3.508313	1.3966659	5.7565556
chr18	6915000	6920000	chr18	7020000	7025000	0,0,0	7.3634195	1.0	3.4810903	2.5751543	3.2250957	3.188709	1.3094416	5.477735
chr18	10850000	10855000	chr18	11035000	11040000	0,0,0	5.960417	0.9989861	2.5539553	3.539622	4.3870826	3.7483592	1.6711335	6.89469
chr18	54440000	54445000	chr18	54670000	54675000	0,0,0	6.7439117	1.0	2.6138334	3.3168375	4.4475594	3.4327004	1.3036829	6.3810005
chr18	67215000	67220000	chr18	68620000	68625000	0,0,0	7.485188	0.999591	2.878342	4.1208577	5.44297	4.139572	2.216888	7.8025565
chr18	3270000	3275000	chr18	3770000	3775000	0,0,0	4.802997	1.0	2.41833	2.0677314	2.252538	2.3983037	1.165403	4.236287
chr18	10850000	10855000	chr18	11150000	11155000	0,0,0	14.717451	1.0	4.215952	8.592098	11.57101	6.594309	2.9204714	14.2317295
chr18	31555000	31560000	chr18	31820000	31825000	0,0,0	6.2693357	1.0	2.8260715	2.2971416	3.1820168	3.0044532	1.08271	5.0463567
chr18	6915000	6920000	chr18	7175000	7180000	0,0,0	7.9085855	1.0	3.8955603	2.2241893	3.0594084	3.2843208	0.9956132	5.261378
chr18	59630000	59635000	chr18	59820000	59825000	0,0,0	7.9487634	0.99982846	3.3729503	4.044034	5.7779474	5.0769963	1.5350664	8.671693
chr18	4110000	4115000	chr18	5050000	5055000	0,0,0	9.372562	0.9999788	4.4309154	4.581585	6.574171	6.688256	2.7665386	10.760776
chr18	2930000	2935000	chr18	3145000	3150000	0,0,0	4.548639	0.9975173	2.3628557	2.7309697	3.138808	3.571501	1.1222051	5.9990296
chr18	24540000	24545000	chr18	24725000	24730000	0,0,0	6.738617	0.9988673	2.8759542	3.441926	4.3549275	3.7243228	1.6856612	6.7838125
chr18	49510000	49515000	chr18	50200000	50205000	0,0,0	6.5283413	1.0	3.30854	1.9261296	3.232154	3.7317631	1.2836072	5.443878
chr18	74350000	74355000	chr18	74550000	74555000	0,0,0	11.550818	1.0	4.4060054	5.63348	8.209544	6.401029	2.690987	11.408566
chr18	36095000	36100000	chr18	36280000	36285000	0,0,0	13.209219	1.0	4.9038715	6.355916	8.776562	6.5186405	3.321404	12.168344
chr18	47210000	47215000	chr18	47750000	47755000	0,0,0	11.504522	0.99999815	4.39941	6.5723867	9.455707	7.36207	3.4853885	13.204191
chr18	45275000	45280000	chr18	45380000	45385000	0,0,0	4.4479413	1.0	2.611589	1.0580208	1.892384	2.8131416	0.6004115	3.7536044
chr18	21195000	21200000	chr18	21440000	21445000	0,0,0	12.566081	0.9999993	4.644174	7.4651456	10.198652	7.5072455	3.1176677	14.14293
chr18	22845000	22850000	chr18	22980000	22985000	0,0,0	5.2661343	0.9977238	2.2777684	3.3037257	3.7443113	3.1492453	1.202624	6.0858903
chr18	48025000	48030000	chr18	48340000	48345000	0,0,0	5.6297894	0.99728024	2.539183	2.5033412	3.8158932	3.6826334	1.6880516	5.9078255
chr18	31425000	31430000	chr18	31555000	31560000	0,0,0	6.189829	1.0	2.7838597	2.0942333	2.8837652	2.7104774	1.246146	4.572018
chr18	63015000	63020000	chr18	63440000	63445000	0,0,0	8.554714	1.0	3.594706	4.1882887	4.9339385	4.0349016	2.2808876	7.757825
chr18	36090000	36095000	chr18	36755000	36760000	0,0,0	8.420412	1.0	3.2038891	3.429835	4.5189805	3.3913472	1.6846327	6.4400897
chr18	24355000	24360000	chr18	24490000	24495000	0,0,0	6.553962	1.0	3.0410817	2.501854	2.9111779	2.7458682	1.1448182	4.9697385
chr18	49555000	49560000	chr18	49860000	49865000	0,0,0	5.540969	0.9995146	2.2443178	4.37734	4.9055967	3.7403603	1.6605426	7.6313286
chr18	76395000	76400000	chr18	76700000	76705000	0,0,0	7.2960677	0.9998088	4.2955127	2.61174	4.196616	6.2414603	1.9610339	8.563006
chr18	58040000	58045000	chr18	58120000	58125000	0,0,0	7.554722	1.0	3.1562085	3.5436645	4.7292566	3.996334	1.4346248	7.146258
chr18	35230000	35235000	chr18	35350000	35355000	0,0,0	8.531873	1.0	3.516751	2.8838687	4.9766955	4.4250813	1.3141953	6.98852
chr18	63130000	63135000	chr18	63320000	63325000	0,0,0	5.8433948	0.99971175	2.5244236	3.7649696	5.3526645	4.80583	1.7985212	8.15247
chr18	24595000	24600000	chr18	24725000	24730000	0,0,0	5.084901	0.9945714	2.2302341	2.333555	3.4091763	3.1423426	1.2361672	5.216614
chr18	35005000	35010000	chr18	35145000	35150000	0,0,0	5.0486226	1.0	2.3729029	2.167738	2.832737	2.8026962	1.0495255	4.7295747
chr18	78985000	78990000	chr18	79240000	79245000	0,0,0	5.2379165	0.9948397	2.9356866	2.0546613	2.5900881	3.440942	1.5502039	5.2673078
chr18	35385000	35390000	chr18	35945000	35950000	0,0,0	6.4255447	1.0	3.052674	2.4626644	2.551603	2.423282	1.097981	4.612317
chr18	22810000	22815000	chr18	23410000	23415000	0,0,0	5.595329	0.9983605	2.9045951	2.74181	3.4485314	3.9768672	1.2678035	6.414032
chr18	10845000	10850000	chr18	11550000	11555000	0,0,0	7.7074313	0.9998351	2.7377906	5.1586094	6.1968584	4.1255946	2.2601023	8.711025
chr18	32285000	32290000	chr18	32470000	32475000	0,0,0	6.29691	0.99979013	3.1667907	3.5644367	4.7963877	5.3015537	1.5411569	8.469942
chr18	48675000	48680000	chr18	49230000	49235000	0,0,0	7.463869	0.9998752	2.611526	5.626768	6.3184943	3.9882817	2.388255	8.989854
chr18	47395000	47400000	chr18	47745000	47750000	0,0,0	5.2608514	0.9972237	2.619421	2.2523947	3.4924521	3.8851128	1.4520864	5.8872414
chr18	70290000	70295000	chr18	70430000	70435000	0,0,0	5.7331285	1.0	2.4118888	2.8914652	3.1945467	2.556246	1.1894885	5.126437
chr18	66555000	66560000	chr18	67195000	67200000	0,0,0	8.4101925	1.0	4.3993025	1.9361019	2.2444117	2.5900729	1.080853	4.3110523
chr18	11730000	11735000	chr18	11995000	12000000	0,0,0	5.4365554	0.9989801	2.4089487	3.103672	4.4424696	4.1299744	1.9861588	6.8887935
chr18	21990000	21995000	chr18	22155000	22160000	0,0,0	5.3121376	1.0	2.3098185	2.7101321	2.782104	2.275845	1.1944307	4.684851
chr18	23620000	23625000	chr18	23700000	23705000	0,0,0	7.8767896	0.9997886	3.0802183	4.046321	6.0288196	4.865816	1.7847646	8.462545
chr18	26305000	26310000	chr18	26650000	26655000	0,0,0	8.712796	0.99994546	2.7525156	6.122264	7.4324927	4.375385	2.2680838	9.817397
chr18	21910000	21915000	chr18	22570000	22575000	0,0,0	5.9418817	0.99962646	2.8938854	4.1690164	4.242117	4.1875615	1.7658608	7.893354
chr18	53560000	53565000	chr18	54120000	54125000	0,0,0	6.1634765	1.0	3.206232	1.8659447	2.8509517	3.3887033	1.2230079	5.047321
chr18	47100000	47105000	chr18	47200000	47205000	0,0,0	5.778508	1.0	2.9228036	2.3132086	3.0928688	3.4470434	1.2000716	5.5032287
chr18	32155000	32160000	chr18	32550000	32555000	0,0,0	15.173495	1.0	4.5438704	12.09564	15.503344	8.937078	4.6756463	19.688759
chr18	55410000	55415000	chr18	56575000	56580000	0,0,0	8.999605	0.9999867	3.4283738	7.072337	7.325927	4.943117	2.612263	11.229639
chr18	74195000	74200000	chr18	74330000	74335000	0,0,0	9.48425	0.9999608	3.9582248	5.5904865	6.443532	5.178773	2.5417612	10.148094
chr18	54560000	54565000	chr18	54980000	54985000	0,0,0	4.2905607	1.0	2.663819	1.2841483	1.7243655	2.8531117	0.702643	3.994577
chr18	58530000	58535000	chr18	58760000	58765000	0,0,0	11.010294	1.0	4.35806	4.544835	6.7636666	5.5319033	2.2214935	9.571756
chr18	68845000	68850000	chr18	70085000	70090000	0,0,0	10.276005	0.9999795	3.5407429	6.47893	7.816801	5.0368376	2.9027245	10.795887
chr18	32270000	32275000	chr18	32545000	32550000	0,0,0	6.6895213	0.9998857	3.256525	3.7808328	5.38823	5.716469	1.767262	9.0772085
chr18	80170000	80175000	chr18	80255000	80260000	0,0,0	11.648448	1.0	4.1931996	3.4820657	5.085719	3.731361	1.2711619	6.8265305
chr18	46170000	46175000	chr18	46660000	46665000	0,0,0	10.086863	1.0	3.0008976	6.461637	7.1325607	3.6977675	2.3558655	9.441444
chr18	48470000	48475000	chr18	48665000	48670000	0,0,0	17.493029	1.0	5.8879213	7.2310157	9.853124	6.5657268	3.6667314	12.993296
chr18	27605000	27610000	chr18	28190000	28195000	0,0,0	5.7052317	0.9992465	2.3452418	3.383851	4.9257555	4.1836605	1.2499548	7.191528
chr18	48030000	48035000	chr18	48220000	48225000	0,0,0	4.8030353	1.0	2.4246628	2.0111158	2.0634937	2.1789567	1.0208114	3.9666154
chr18	34865000	34870000	chr18	35145000	35150000	0,0,0	4.5241666	0.99051833	2.555092	0.9524962	2.69204	3.8122118	0.7302182	4.658875
chr18	72765000	72770000	chr18	74115000	74120000	0,0,0	6.0236697	0.99962336	2.760021	3.427948	4.961257	4.837977	1.627655	7.885042
chr18	48675000	48680000	chr18	49170000	49175000	0,0,0	4.422191	0.9974576	2.2367778	3.0740194	3.07696	3.2428246	1.4290639	5.975286
chr18	54675000	54680000	chr18	54980000	54985000	0,0,0	10.014617	0.99999344	4.0557146	5.6651597	8.264811	6.900579	2.172841	11.936276
chr18	48030000	48035000	chr18	48180000	48185000	0,0,0	5.1988955	1.0	2.304131	2.2735205	2.8967824	2.6153173	1.1098311	4.6362243
chr18	21995000	22000000	chr18	22560000	22565000	0,0,0	4.2198367	0.99610865	2.174419	1.8983684	3.2538803	3.8621352	1.172012	5.5495734
chr18	6540000	6545000	chr18	6885000	6890000	0,0,0	9.898937	0.9999958	5.513916	4.0788345	6.5373836	8.76582	1.7997808	12.39145
chr18	11650000	11655000	chr18	12040000	12045000	0,0,0	10.142193	0.9999747	2.840756	7.776334	8.019885	3.6740046	2.5281637	10.586301
chr18	62180000	62185000	chr18	62250000	62255000	0,0,0	7.1743484	1.0	2.9305928	2.9368176	4.7527685	4.120573	1.5971253	6.731078
chr18	3770000	3775000	chr18	3995000	4000000	0,0,0	5.835259	0.9992632	2.4901934	3.4442577	4.7394958	4.152455	1.5949795	7.2140174
chr18	48675000	48680000	chr18	49445000	49450000	0,0,0	8.481166	1.0	3.8579934	3.7756815	3.9873786	3.5417805	1.9216111	6.8979416
chr18	58490000	58495000	chr18	58760000	58765000	0,0,0	6.026684	1.0	2.8040814	2.7815676	3.5277548	3.4144099	1.3731457	5.8869143
chr18	41395000	41400000	chr18	41740000	41745000	0,0,0	5.1023803	1.0	2.3335705	2.248864	2.8093436	2.6404886	1.0128886	4.6394787
chr18	50820000	50825000	chr18	51050000	51055000	0,0,0	8.734541	1.0	3.8329237	3.5080857	5.877805	5.585531	1.5527815	8.70383
chr18	34860000	34865000	chr18	34975000	34980000	0,0,0	4.539614	1.0	2.2387593	1.8236482	2.6265166	2.8469398	0.8910444	4.4679604
chr18	70195000	70200000	chr18	70430000	70435000	0,0,0	9.953812	0.99996865	4.5740113	4.355089	6.5805364	6.4996076	2.500935	10.370798
chr18	37385000	37390000	chr18	37535000	37540000	0,0,0	5.2836113	1.0	2.4372225	2.2524276	2.8731103	2.7490416	1.1214675	4.7511992
chr18	285000	290000	chr18	615000	620000	0,0,0	6.235939	0.99966013	3.0653133	2.7302985	4.9806366	5.5607777	1.5525084	7.9877095
chr18	2105000	2110000	chr18	2540000	2545000	0,0,0	5.944691	0.9982009	2.994668	2.9215064	3.4405234	3.724211	1.3975812	6.3211055
chr18	49510000	49515000	chr18	49860000	49865000	0,0,0	9.180092	0.9999955	3.1102018	7.4911323	8.97565	5.6545258	2.856457	12.31331
chr18	9070000	9075000	chr18	9145000	9150000	0,0,0	5.49674	1.0	2.090762	2.6603274	3.4989583	2.623093	0.91360897	4.9878283
chr18	23135000	23140000	chr18	23405000	23410000	0,0,0	4.8677473	0.9975612	2.5183878	2.7372172	3.1688554	3.5838034	1.7572886	6.0168853
chr18	36015000	36020000	chr18	36275000	36280000	0,0,0	5.9189086	1.0	3.4069984	1.9279064	1.9946486	2.7480428	1.0008527	4.461737
chr18	11730000	11735000	chr18	12035000	12040000	0,0,0	8.941977	0.99999094	2.2528694	8.320761	9.4107485	4.2145457	2.794213	11.610778
chr18	11315000	11320000	chr18	11500000	11505000	0,0,0	4.3487253	0.99679303	2.3106308	2.115991	3.1475518	3.8621364	1.1874028	5.743017
chr18	33230000	33235000	chr18	33500000	33505000	0,0,0	4.994274	1.0	2.5679727	2.0376222	2.413992	2.711051	1.0423231	4.5222707
chr18	22180000	22185000	chr18	22555000	22560000	0,0,0	9.2167	0.99999136	3.5508265	6.0780168	8.162968	6.259592	2.7249312	11.662273
chr18	31555000	31560000	chr18	31720000	31725000	0,0,0	6.79966	1.0	2.4952414	3.9845269	4.6952195	3.2192674	1.3098432	6.7610693
chr18	46285000	46290000	chr18	46650000	46655000	0,0,0	6.7024107	1.0	3.0875459	3.0062501	3.711162	3.5152586	1.615519	6.187481
chr18	8880000	8885000	chr18	8980000	8985000	0,0,0	5.35012	1.0	2.34179	2.408845	3.4638188	3.17219	1.1833636	5.3133855
chr18	865000	870000	chr18	960000	965000	0,0,0	8.486728	1.0	3.3196661	3.3118079	4.2065563	3.2186646	1.0933126	6.1624937
chr18	47050000	47055000	chr18	47750000	47755000	0,0,0	12.141045	1.0	5.3056498	3.498665	4.202184	3.6555777	1.4722666	6.7655025
chr18	59305000	59310000	chr18	59400000	59405000	0,0,0	6.9131866	1.0	2.853956	3.8203447	3.9878376	3.0327914	2.2119706	6.4286532
chr18	7790000	7795000	chr18	8385000	8390000	0,0,0	6.822433	0.9990503	2.4421945	4.433789	4.7653146	3.0189354	1.5063452	6.960081
chr18	50215000	50220000	chr18	50355000	50360000	0,0,0	10.20718	1.0	3.7425	4.6574783	7.1988926	5.487745	1.7682904	9.627726
chr18	59990000	59995000	chr18	60410000	60415000	0,0,0	9.72012	1.0	4.115024	3.4076147	5.902033	5.412433	1.746368	8.441424
chr18	7035000	7040000	chr18	7175000	7180000	0,0,0	6.011455	1.0	2.898269	2.0513597	2.84224	2.9566138	0.96100783	4.7800446
chr18	3280000	3285000	chr18	3585000	3590000	0,0,0	10.243914	1.0	4.877633	3.3125272	5.0643253	5.266225	1.6937113	8.210693
chr18	5865000	5870000	chr18	6520000	6525000	0,0,0	8.951709	1.0	4.4654913	4.1095605	4.8937907	5.220682	1.809485	8.873625
chr18	61580000	61585000	chr18	62130000	62135000	0,0,0	6.724743	0.99908704	2.988183	3.1903944	4.4817624	4.163643	1.1762109	6.999549
chr18	5865000	5870000	chr18	6220000	6225000	0,0,0	4.7646327	1.0	2.6496384	1.8701037	2.2997003	3.0014987	1.0330511	4.663813
chr18	3455000	3460000	chr18	3660000	3665000	0,0,0	6.8814607	1.0	3.0234778	2.5759113	4.0478525	3.801468	1.3205336	6.091167
chr18	8650000	8655000	chr18	9055000	9060000	0,0,0	5.7596774	0.9990308	2.1510196	3.9217806	4.8329573	3.4537916	1.778938	6.939819
chr18	3280000	3285000	chr18	3665000	3670000	0,0,0	8.514657	0.999839	4.6067405	3.353347	4.587492	5.7542896	1.5888567	8.735043
chr18	50660000	50665000	chr18	50785000	50790000	0,0,0	4.9105654	1.0	2.9754236	1.2052855	1.8688796	2.9425032	0.8259201	4.0138683
chr18	61635000	61640000	chr18	62125000	62130000	0,0,0	9.168647	1.0	3.513595	4.1546154	6.166303	4.8609467	2.102148	8.553938
chr18	59245000	59250000	chr18	59400000	59405000	0,0,0	5.2826552	0.9965986	2.405582	3.1891518	3.2425177	2.8493528	1.8776313	5.684154
chr18	3455000	3460000	chr18	3590000	3595000	0,0,0	5.6352286	0.9986744	2.9143517	2.7047706	3.6468973	4.222353	1.4224132	6.626593
chr18	41765000	41770000	chr18	41895000	41900000	0,0,0	5.27714	1.0	2.9553874	1.9995077	2.118651	2.7588904	0.71893513	4.5362306
chr18	55235000	55240000	chr18	56570000	56575000	0,0,0	6.7668114	0.99973124	2.7214246	4.3455515	5.507994	4.3598785	2.1922078	8.222591
chr18	8695000	8700000	chr18	8985000	8990000	0,0,0	8.372169	0.9999926	3.2527335	5.9562654	8.310179	6.5203013	2.0290203	11.81476
chr18	21900000	21905000	chr18	22705000	22710000	0,0,0	4.472749	0.99531204	2.4162447	1.6287054	3.0387304	3.915576	1.4577698	5.363314
chr18	51665000	51670000	chr18	52285000	52290000	0,0,0	6.18826	0.99964774	2.914637	3.6630373	4.7413187	4.6959	1.5797284	7.951933
chr18	50055000	50060000	chr18	50190000	50195000	0,0,0	4.873225	0.9945386	2.2115138	2.4608774	3.2164006	3.0231433	1.0651904	5.21059
chr18	62585000	62590000	chr18	62980000	62985000	0,0,0	8.732583	1.0	3.920435	3.6405964	5.277605	5.007456	1.9823543	8.243542
chr18	58780000	58785000	chr18	59055000	59060000	0,0,0	19.76594	1.0	6.6203113	14.2259445	16.71661	10.28622	4.880787	22.931503
chr18	79380000	79385000	chr18	79640000	79645000	0,0,0	14.23933	1.0	4.346816	6.893892	9.229724	5.550085	2.8297312	11.677989
chr18	23515000	23520000	chr18	23585000	23590000	0,0,0	5.0130787	1.0	2.564964	1.9781326	2.2976289	2.5490296	1.0603471	4.3073697
chr18	48030000	48035000	chr18	48445000	48450000	0,0,0	11.696257	1.0	5.1833334	6.0896597	6.4761915	5.5299187	2.6677728	10.942949
chr18	74195000	74200000	chr18	74550000	74555000	0,0,0	5.0848927	1.0	2.5855777	1.7896732	2.867264	3.307771	0.8288216	4.8985915
chr18	62420000	62425000	chr18	62580000	62585000	0,0,0	5.311302	1.0	2.9883623	2.0353851	2.3170419	3.0705948	1.0510263	4.879826
chr18	59455000	59460000	chr18	59820000	59825000	0,0,0	9.297107	0.9999528	3.9852648	4.601062	6.5922704	5.8715873	1.8467621	9.96142
chr18	63515000	63520000	chr18	63845000	63850000	0,0,0	9.429116	1.0	4.574891	3.5578365	5.595887	6.0056252	1.6496956	9.168147
chr18	23700000	23705000	chr18	23810000	23815000	0,0,0	5.4441724	1.0	2.4373875	2.899565	3.2107143	2.8232052	1.2126381	5.400596
chr18	76995000	77000000	chr18	77700000	77705000	0,0,0	5.593377	1.0	3.1715283	1.4566491	2.4994993	3.476283	1.44614	4.7710824
chr18	8650000	8655000	chr18	8985000	8990000	0,0,0	7.120804	0.9999265	3.1586714	4.1361055	6.2078238	5.8425207	2.2061555	9.519059
chr18	740000	745000	chr18	830000	835000	0,0,0	5.9783373	1.0	3.1963184	2.1461325	2.9405036	3.6122258	0.81633914	5.5198994
chr18	36940000	36945000	chr18	37535000	37540000	0,0,0	8.228785	1.0	3.6988842	2.546354	3.1598845	2.8904119	1.1696185	5.1538377
chr18	63130000	63135000	chr18	63435000	63440000	0,0,0	4.9897323	0.9962303	2.6460724	2.0907788	3.0507576	3.7228656	1.1946051	5.5813355
chr18	3280000	3285000	chr18	3990000	3995000	0,0,0	11.345361	1.0	4.783627	4.270752	5.1266522	4.239733	2.5733006	8.035957
chr18	63340000	63345000	chr18	63435000	63440000	0,0,0	4.982825	1.0	2.1596339	2.6920464	2.7569795	2.2417212	0.9543186	4.6346517
chr18	79380000	79385000	chr18	79525000	79530000	0,0,0	5.5118184	1.0	2.9310458	1.5709996	2.9132392	3.6592267	1.085398	5.0556707
chr18	67105000	67110000	chr18	67195000	67200000	0,0,0	5.299451	1.0	2.747805	1.560005	2.315489	2.727858	0.7113711	4.114529
chr18	2930000	2935000	chr18	3245000	3250000	0,0,0	11.00808	1.0	3.9432971	6.378525	7.8296366	5.31851	2.8504586	10.98831
chr18	21485000	21490000	chr18	21850000	21855000	0,0,0	4.8423133	0.9922911	2.3894289	2.2641056	2.719236	2.8533466	1.190744	4.865885
chr18	63890000	63895000	chr18	63975000	63980000	0,0,0	6.4327235	1.0	2.7382562	2.500811	3.3483243	2.9016685	0.95586896	5.124612
chr18	12725000	12730000	chr18	12935000	12940000	0,0,0	7.7419453	0.999945	3.5649815	4.189261	6.174132	6.0848765	2.1556072	9.808664
chr18	12090000	12095000	chr18	12235000	12240000	0,0,0	9.819523	1.0	3.7303145	4.04924	5.882393	4.5612736	1.6255645	8.160598
chr12	46340000	46345000	chr12	46660000	46665000	0,0,0	5.0243793	0.9994485	2.7778153	3.2097216	3.637458	4.650469	1.1349115	7.5035543
chr12	105050000	105055000	chr12	105380000	105385000	0,0,0	4.3581223	1.0	2.2225826	1.6549685	2.2883523	2.5984666	0.8010728	4.06955
chr12	32760000	32765000	chr12	32915000	32920000	0,0,0	11.351635	1.0	4.535688	4.367137	6.837077	5.733111	2.3997438	9.61501
chr12	53330000	53335000	chr12	53500000	53505000	0,0,0	6.766596	1.0	3.1245286	2.889939	3.1556072	2.9015083	1.6693302	5.470343
chr12	131100000	131105000	chr12	131445000	131450000	0,0,0	5.5084987	0.9992815	2.6569016	3.2001286	4.255421	4.394598	1.3861308	7.2391567
chr12	13275000	13280000	chr12	13940000	13945000	0,0,0	6.4970403	0.9999575	3.3381588	4.4903	5.402622	6.075556	1.8692186	10.066934
chr12	48750000	48755000	chr12	48795000	48800000	0,0,0	4.534201	0.99618137	2.03612	2.4403129	3.5734167	3.3992739	1.2310749	5.568441
chr12	105210000	105215000	chr12	105380000	105385000	0,0,0	4.5261745	1.0	2.3230786	1.8334527	2.2075071	2.4781778	0.8615017	4.1079135
chr12	32940000	32945000	chr12	34015000	34020000	0,0,0	14.237717	1.0	6.1500983	5.854682	8.8118305	8.0220995	3.692192	13.226262
chr12	25240000	25245000	chr12	25385000	25390000	0,0,0	8.294056	0.9999544	2.9318278	5.7458677	7.224904	4.88865	2.2677593	9.996088
chr12	56755000	56760000	chr12	56985000	56990000	0,0,0	8.816473	0.9999887	3.4230423	5.1039023	8.332848	6.8507447	2.1037173	11.3875475
chr12	69895000	69900000	chr12	70580000	70585000	0,0,0	8.08813	0.99999887	3.5735445	6.767786	8.559146	7.6780224	3.4581125	13.693833
chr12	56835000	56840000	chr12	56985000	56990000	0,0,0	6.6714344	0.99995106	2.5172215	5.7191057	6.797919	4.8423405	1.9858342	9.92599
chr12	52580000	52585000	chr12	52865000	52870000	0,0,0	10.260818	1.0	4.0596213	5.290823	6.536015	5.019964	2.3594346	9.7229185
chr12	107130000	107135000	chr12	107605000	107610000	0,0,0	11.930058	0.9999998	4.5949316	7.1960893	11.247519	9.056436	3.741299	15.452958
chr12	10235000	10240000	chr12	10560000	10565000	0,0,0	10.788336	0.9999996	3.3870978	9.515134	11.033352	6.2732816	3.4731212	14.731178
chr12	25205000	25210000	chr12	25385000	25390000	0,0,0	6.3361044	0.9996326	2.8526745	3.5680966	5.0106983	4.7382116	1.8529963	7.909853
chr12	91380000	91385000	chr12	92570000	92575000	0,0,0	7.9342437	0.99999744	3.1119769	6.7136416	8.869782	6.9071064	2.8820283	12.874787
chr12	104200000	104205000	chr12	105050000	105055000	0,0,0	7.552856	0.99958986	3.541514	3.734533	4.605421	4.4802623	1.8094813	7.7998476
chr12	93765000	93770000	chr12	94100000	94105000	0,0,0	5.9279675	0.9978168	3.0415366	2.2917273	3.5160682	4.090511	1.2219576	6.1276016
chr12	24990000	24995000	chr12	25130000	25135000	0,0,0	7.631594	0.9995388	4.0637183	2.8119578	4.206002	5.1829653	1.4678487	7.682483
chr12	6615000	6620000	chr12	6695000	6700000	0,0,0	4.46001	0.99485415	2.0491004	2.4322083	3.2351723	3.1081436	1.1248624	5.2701063
chr12	115995000	116000000	chr12	116710000	116715000	0,0,0	5.142624	0.99880344	2.5239854	3.2498257	3.7288692	3.840257	2.0249915	6.728991
chr12	54745000	54750000	chr12	55070000	55075000	0,0,0	4.7168846	0.9985111	2.3447745	2.6927228	3.7693563	4.1168575	1.4902583	6.510389
chr12	8675000	8680000	chr12	9045000	9050000	0,0,0	5.9930844	0.9995473	3.0502021	3.5193894	4.1490626	4.57277	2.3053694	7.701116
chr12	58540000	58545000	chr12	59150000	59155000	0,0,0	4.833639	0.997801	2.4999042	2.46856	3.3828864	3.9261022	1.246788	6.1203775
chr12	1115000	1120000	chr12	1545000	1550000	0,0,0	4.629008	0.99957067	2.549777	3.530137	3.676976	4.616127	2.0855706	7.7540264
chr12	26880000	26885000	chr12	27305000	27310000	0,0,0	4.606763	0.99142206	2.2211528	2.3430216	2.6792314	2.6763692	1.123296	4.759055
chr12	98565000	98570000	chr12	98655000	98660000	0,0,0	4.707446	1.0	2.0665867	2.6342056	2.732856	2.2787895	1.1483654	4.6203055
chr12	121695000	121700000	chr12	121770000	121775000	0,0,0	8.965568	1.0	3.2271614	4.1819715	5.598435	3.9715195	1.5284147	7.6888275
chr12	91370000	91375000	chr12	92130000	92135000	0,0,0	5.751676	1.0	2.310245	3.1653142	3.2331848	2.337577	1.3784922	5.15119
chr12	15275000	15280000	chr12	15520000	15525000	0,0,0	12.23725	0.9999997	3.9106975	8.127729	11.974275	7.8606024	2.9491904	15.08525
chr12	108665000	108670000	chr12	108800000	108805000	0,0,0	7.228346	0.9994639	3.1416004	3.6953728	4.8060775	4.247196	1.8687825	7.531972
chr12	43775000	43780000	chr12	43880000	43885000	0,0,0	8.089933	0.99971044	3.0149133	4.7205553	5.626255	3.951845	1.8959719	8.147895
chr12	49645000	49650000	chr12	49710000	49715000	0,0,0	4.6619377	0.99679756	2.4294007	2.19842	3.199127	3.7902958	1.3880873	5.744447
chr12	64790000	64795000	chr12	65230000	65235000	0,0,0	5.305026	1.0	2.0536072	3.2230625	3.3943942	2.3623743	1.3992053	5.227319
chr12	54700000	54705000	chr12	54955000	54960000	0,0,0	5.192484	0.99916583	2.251935	3.7754784	4.3857474	3.7338474	1.5792315	7.089828
chr12	42480000	42485000	chr12	43285000	43290000	0,0,0	5.0936394	0.99987257	2.4645805	4.2142477	5.1260824	5.2228923	1.8084828	8.96889
chr12	117370000	117375000	chr12	117835000	117840000	0,0,0	7.733237	0.9997534	4.0656767	2.903673	4.705105	5.727582	1.3711942	8.308624
chr12	13255000	13260000	chr12	13980000	13985000	0,0,0	4.6801357	0.9992469	2.492242	2.6476858	3.929552	4.8385434	1.1846682	7.192042
chr12	570000	575000	chr12	815000	820000	0,0,0	8.76386	1.0	3.6912453	4.4736443	5.684318	4.7819567	2.1769965	8.758529
chr12	88155000	88160000	chr12	88385000	88390000	0,0,0	4.6099334	0.9979956	2.0372348	3.1272287	3.8541534	3.433309	1.272875	6.213068
chr12	5200000	5205000	chr12	5440000	5445000	0,0,0	8.681523	0.9999931	3.8168445	4.6802425	8.066644	7.725831	2.3333657	11.886046
chr12	11550000	11555000	chr12	12030000	12035000	0,0,0	7.4284616	0.9999872	3.4494684	4.195512	7.3298826	7.535068	2.7784688	11.264412
chr12	103630000	103635000	chr12	103870000	103875000	0,0,0	5.432205	1.0	2.3653407	2.609663	3.2765794	2.873806	1.1536157	5.1935067
chr12	54850000	54855000	chr12	54955000	54960000	0,0,0	6.065052	0.9979103	3.0106153	2.6073797	3.5525386	3.8537118	1.3892236	6.171383
chr12	12790000	12795000	chr12	12975000	12980000	0,0,0	6.3098793	1.0	3.1671174	2.4175234	3.162568	3.4680743	1.5054035	5.616984
chr12	46675000	46680000	chr12	47020000	47025000	0,0,0	8.516573	1.0	4.060262	2.3209105	3.30565	3.3995552	1.2717882	5.462587
chr12	67350000	67355000	chr12	67940000	67945000	0,0,0	10.890983	0.9999987	4.17105	7.43659	9.320869	6.91453	3.3773422	13.524833
chr12	106385000	106390000	chr12	106920000	106925000	0,0,0	6.5161037	0.9999889	2.955877	5.220617	7.1335654	6.7730336	2.5545654	11.413582
chr12	5985000	5990000	chr12	6035000	6040000	0,0,0	5.0563984	0.9958639	2.3536267	2.184703	3.491678	3.546614	1.1240091	5.488572
chr12	92985000	92990000	chr12	93395000	93400000	0,0,0	8.184397	0.9999994	3.7201102	6.7603917	8.855248	8.346792	3.2791615	14.3560295
chr12	26090000	26095000	chr12	26405000	26410000	0,0,0	5.2225876	0.99795043	2.1652474	3.5653164	3.8800254	3.0215933	1.7596377	6.1907635
chr12	111945000	111950000	chr12	112385000	112390000	0,0,0	5.903382	0.9995736	2.849205	2.9389212	4.804264	5.1485257	1.8187139	7.7609
chr12	124035000	124040000	chr12	124765000	124770000	0,0,0	11.041965	0.9999997	4.739352	6.676356	10.0703945	9.099937	3.1151652	15.034476
chr12	107130000	107135000	chr12	107400000	107405000	0,0,0	16.324944	1.0	3.6933725	13.799848	14.739997	5.632517	4.4984794	17.899048
chr12	26850000	26855000	chr12	27010000	27015000	0,0,0	7.3883324	1.0	2.9108942	3.0314226	3.9496644	3.077276	1.3000696	5.771874
chr12	108560000	108565000	chr12	108800000	108805000	0,0,0	9.352477	1.0	3.3213332	4.758606	5.756639	3.844613	1.8814952	8.074485
chr12	64800000	64805000	chr12	65120000	65125000	0,0,0	6.590336	0.999322	3.0978398	3.3805556	4.351957	4.292143	1.3795031	7.2970815
chr12	121500000	121505000	chr12	121680000	121685000	0,0,0	6.4246	0.9994406	2.5652616	3.8377478	5.1108456	4.0781407	1.9289626	7.489472
chr12	101940000	101945000	chr12	102765000	102770000	0,0,0	6.3484015	0.99992895	2.7890193	4.4898815	6.124387	5.562447	2.1044824	9.5534525
chr12	6065000	6070000	chr12	6190000	6195000	0,0,0	7.6377845	0.9995952	3.2768822	3.9195023	5.010524	4.3290544	1.7254997	7.8130565
chr12	77720000	77725000	chr12	77925000	77930000	0,0,0	13.291571	0.99999976	5.001526	7.4128337	11.10877	8.613017	2.797772	15.202202
chr12	88630000	88635000	chr12	88995000	89000000	0,0,0	4.5903287	0.99080545	2.191168	1.8791931	2.8901844	3.019234	1.0724612	4.6896276
chr12	124160000	124165000	chr12	124770000	124775000	0,0,0	4.7888784	0.99405134	2.5096457	2.4946663	2.564019	2.9076405	1.2642083	5.1251216
chr12	3990000	3995000	chr12	4275000	4280000	0,0,0	6.083124	0.99931055	2.088611	4.209836	5.364899	3.5382814	1.6858594	7.2803583
chr12	12915000	12920000	chr12	13210000	13215000	0,0,0	9.623693	1.0	4.7502036	2.4255784	2.7656348	2.8719015	1.2227173	5.0279713
chr12	10235000	10240000	chr12	10670000	10675000	0,0,0	5.1208806	0.99642754	2.0425804	3.273922	3.655861	2.7249386	1.1582215	5.635092
chr12	440000	445000	chr12	545000	550000	0,0,0	15.844768	1.0	5.5802937	7.7896824	9.808979	6.614347	3.0395	13.538509
chr12	65310000	65315000	chr12	66105000	66110000	0,0,0	12.1506195	0.99999994	5.161616	7.9475217	11.245864	9.86983	3.8128216	16.934294
chr12	46070000	46075000	chr12	47015000	47020000	0,0,0	5.1258307	0.99566644	2.5408378	2.4784334	3.0489197	3.2388847	1.1425791	5.4419365
chr12	24105000	24110000	chr12	24775000	24780000	0,0,0	6.2862267	0.9998004	1.99924	5.524407	6.316507	3.609464	1.876328	8.520048
chr12	99385000	99390000	chr12	99620000	99625000	0,0,0	8.233832	0.99999547	3.2600913	6.3580256	8.432874	6.651154	2.4924726	12.302732
chr12	90975000	90980000	chr12	91350000	91355000	0,0,0	8.515748	1.0	4.3693213	2.4770327	4.5181236	5.3647423	1.7047915	7.566549
chr12	9745000	9750000	chr12	9925000	9930000	0,0,0	8.580935	1.0	3.4552596	3.3051836	6.1178474	5.3875337	1.8909836	8.325475
chr12	64800000	64805000	chr12	64890000	64895000	0,0,0	5.752349	1.0	2.5923445	2.273819	2.6203775	2.356184	0.95934856	4.3773565
chr12	118115000	118120000	chr12	118370000	118375000	0,0,0	9.574477	1.0	3.2823653	4.6621895	5.1159463	3.1082416	1.7960266	7.2524104
chr12	93560000	93565000	chr12	94100000	94105000	0,0,0	5.4821277	0.9987042	2.6232367	3.2709696	3.7825885	3.7417793	1.7522178	6.6493077
chr12	27430000	27435000	chr12	27705000	27710000	0,0,0	4.6851006	0.99858284	2.3277452	2.8182175	3.7481105	4.0546994	1.2260059	6.559782
chr12	7860000	7865000	chr12	7995000	8000000	0,0,0	6.1317444	1.0	3.1340153	2.5152636	3.2888527	3.7159975	1.4096167	5.9517875
chr12	101415000	101420000	chr12	101835000	101840000	0,0,0	5.9588423	0.999331	3.3742297	2.8851247	3.511912	4.745893	1.5939952	7.3104477
chr12	75525000	75530000	chr12	76450000	76455000	0,0,0	6.647605	0.99991524	2.5946388	5.1180396	6.373364	4.827105	1.9940515	9.376473
chr12	27730000	27735000	chr12	27940000	27945000	0,0,0	10.756377	1.0	4.4807158	3.9718857	6.080804	5.3182464	1.8592681	8.848811
chr12	13015000	13020000	chr12	13225000	13230000	0,0,0	5.752821	1.0	3.5110493	1.777987	1.8567933	2.9291484	0.9852441	4.509581
chr12	565000	570000	chr12	950000	955000	0,0,0	7.8375263	0.99983484	2.761579	5.156407	6.2353983	4.1260695	2.2443712	8.709542
chr12	107675000	107680000	chr12	107880000	107885000	0,0,0	10.188252	1.0	3.6773899	5.1975684	6.482082	4.4742203	2.0712087	9.094281
chr12	27425000	27430000	chr12	27645000	27650000	0,0,0	7.1099977	0.9999462	4.2538447	3.6195629	4.361047	6.613922	2.1206355	9.831311
chr12	53540000	53545000	chr12	53675000	53680000	0,0,0	6.7980027	1.0	3.278189	2.7431276	3.8830538	4.056718	1.2709031	6.4950533
chr12	68220000	68225000	chr12	68315000	68320000	0,0,0	5.1595526	1.0	2.595576	1.6393197	2.475251	2.7863019	0.7679858	4.243475
chr12	1115000	1120000	chr12	1580000	1585000	0,0,0	15.175776	1.0	6.217431	7.903725	12.515173	10.827768	2.8668475	17.853302
chr12	34035000	34040000	chr12	34620000	34625000	0,0,0	8.429703	0.9999134	3.3121495	4.885309	6.431225	5.012495	2.1937618	9.354992
chr12	62435000	62440000	chr12	62790000	62795000	0,0,0	12.593888	1.0	4.6130323	5.3642178	7.6796203	5.6964054	2.7437494	10.464599
chr12	53210000	53215000	chr12	53280000	53285000	0,0,0	5.235801	0.9982662	2.503646	2.658881	3.8546314	3.9946692	1.2923099	6.358119
chr12	63820000	63825000	chr12	64385000	64390000	0,0,0	5.5221677	1.0	2.403408	2.8988097	3.0467985	2.5183907	1.4076507	5.0951104
chr12	1650000	1655000	chr12	1940000	1945000	0,0,0	11.387828	1.0	3.9445164	5.7999883	7.121435	4.6570606	2.4217017	9.812605
chr12	115395000	115400000	chr12	115750000	115755000	0,0,0	4.962288	1.0	2.5304725	2.4712543	2.4910347	2.6702187	1.0943692	4.866889
chr12	112190000	112195000	chr12	112385000	112390000	0,0,0	4.8419437	0.99424016	2.471681	2.384223	2.7526937	3.0380669	1.1374716	5.1573763
chr12	68860000	68865000	chr12	69070000	69075000	0,0,0	4.959621	0.9959382	2.3958495	2.2527516	3.3213887	3.5042474	1.1745925	5.5066934
chr12	14235000	14240000	chr12	14665000	14670000	0,0,0	7.5020237	0.9999488	2.7164652	6.090976	6.802777	4.4664483	2.3811996	9.88065
chr12	41275000	41280000	chr12	42025000	42030000	0,0,0	7.8414655	0.99988747	3.341166	4.8283	5.7398744	4.8011913	1.9874725	9.093013
chr12	104195000	104200000	chr12	104835000	104840000	0,0,0	6.653374	1.0	3.1444893	2.5722685	3.5170865	3.5424223	1.746851	5.828883
chr12	9750000	9755000	chr12	9795000	9800000	0,0,0	4.342367	0.9964847	2.2041314	2.466819	3.114605	3.4584875	1.0399501	5.6512156
chr12	12370000	12375000	chr12	12655000	12660000	0,0,0	6.275291	0.9998888	3.0950408	3.2917595	5.564091	6.17912	1.9832548	9.105128
chr12	52160000	52165000	chr12	52275000	52280000	0,0,0	5.011856	0.99738073	2.5949798	2.3473775	3.3061583	3.8589282	1.2587187	5.945486
chr12	93760000	93765000	chr12	93985000	93990000	0,0,0	4.5691066	0.9955545	2.3099437	2.5924203	2.8883479	3.1120586	1.431286	5.4164324
chr12	89020000	89025000	chr12	89460000	89465000	0,0,0	10.751218	0.9999998	4.5430965	6.612503	10.764443	9.717493	2.8858016	15.595273
chr12	114665000	114670000	chr12	115750000	115755000	0,0,0	7.130739	0.9999781	4.2867684	3.1262383	5.124884	7.9532504	2.467104	10.732129
chr12	105415000	105420000	chr12	106135000	106140000	0,0,0	11.245021	0.9999995	3.7883549	8.739013	10.721175	6.7967844	3.7210922	14.5647955
chr12	10770000	10775000	chr12	11200000	11205000	0,0,0	11.70472	0.99999636	3.837234	7.731365	9.291828	5.655589	2.798192	12.527914
chr12	88150000	88155000	chr12	88990000	88995000	0,0,0	7.7151556	0.9999956	3.0804737	6.4638047	8.348452	6.5918784	2.4556937	12.337482
chr12	63670000	63675000	chr12	64255000	64260000	0,0,0	6.754314	1.0	3.312699	2.7208705	3.0430152	3.1123006	1.7965957	5.5308523
chr12	57830000	57835000	chr12	57905000	57910000	0,0,0	7.4959064	1.0	3.7896233	3.068716	4.0029635	4.439713	1.855773	7.16746
chr12	3295000	3300000	chr12	3800000	3805000	0,0,0	10.000747	0.99999887	3.793322	6.907095	9.811866	7.5383325	2.654627	13.677973
chr12	7220000	7225000	chr12	7635000	7640000	0,0,0	10.808184	0.9999974	4.49679	5.853291	8.808106	7.65827	3.1019344	12.861196
chr12	111395000	111400000	chr12	111670000	111675000	0,0,0	4.4605556	1.0	2.2430182	1.1486634	2.582895	3.043434	0.8687261	4.064468
chr12	52135000	52140000	chr12	52875000	52880000	0,0,0	20.425972	1.0	7.646408	9.038419	13.051417	9.9394	4.537962	17.97355
chr12	111820000	111825000	chr12	112385000	112390000	0,0,0	6.2724934	0.99942887	2.3218431	4.0372834	5.3314204	3.8799613	1.5989497	7.468658
chr12	103325000	103330000	chr12	103545000	103550000	0,0,0	6.296294	1.0	2.568071	3.2472663	3.9471378	3.134676	1.1515268	6.021135
chr12	52025000	52030000	chr12	52120000	52125000	0,0,0	8.694361	1.0	3.0954683	3.878248	4.4114347	2.8640943	1.6025299	6.3114257
chr12	51425000	51430000	chr12	51875000	51880000	0,0,0	5.19289	0.99818987	2.5219088	3.1009357	3.5247703	3.558631	2.0028408	6.3150187
chr12	105710000	105715000	chr12	106130000	106135000	0,0,0	4.599087	0.9957335	2.3487678	2.4374876	2.9536839	3.2908769	1.3904917	5.4575324
chr12	16165000	16170000	chr12	16355000	16360000	0,0,0	5.4567614	0.9974717	2.381685	2.6747057	3.9288979	3.603301	1.0379875	5.980818
chr12	102945000	102950000	chr12	103545000	103550000	0,0,0	11.7036295	0.99999976	4.389304	7.587829	11.004671	8.409933	3.0898378	15.15467
chr12	52390000	52395000	chr12	52870000	52875000	0,0,0	10.792971	0.9999925	5.3842044	4.317758	7.081355	7.96264	2.4066846	11.800647
chr12	57305000	57310000	chr12	57450000	57455000	0,0,0	6.126388	0.9995094	2.5672054	4.0123334	4.91153	4.054196	1.6518052	7.6207147
chr12	19735000	19740000	chr12	20595000	20600000	0,0,0	6.8584213	0.99926364	2.9362037	3.0440845	4.9246798	4.5087323	1.4706671	7.2145853
chr12	85470000	85475000	chr12	85870000	85875000	0,0,0	4.631215	0.9998562	2.6429777	2.3348408	4.7675805	6.7722273	1.881471	8.847641
chr12	120355000	120360000	chr12	120430000	120435000	0,0,0	4.878844	1.0	2.5425603	1.9674003	2.4910948	2.8952887	1.2324367	4.644089
chr12	104200000	104205000	chr12	104355000	104360000	0,0,0	14.093512	1.0	4.888014	6.651278	7.564288	4.75806	2.2511978	10.670307
chr12	32365000	32370000	chr12	32670000	32675000	0,0,0	6.1024675	0.99915653	2.8209116	2.9762883	4.459553	4.433128	1.893795	7.078717
chr12	118180000	118185000	chr12	118370000	118375000	0,0,0	7.253004	0.99979085	3.2818234	3.5618982	5.468095	5.3072925	1.9166158	8.473424
chr12	54750000	54755000	chr12	54955000	54960000	0,0,0	8.375735	0.9999759	4.3777986	3.350555	6.2559414	7.6559806	1.8987863	10.634252
chr12	117875000	117880000	chr12	118030000	118035000	0,0,0	12.907889	1.0	5.559362	4.6266894	6.3708286	5.6499386	2.014601	9.762551
chr12	123045000	123050000	chr12	123235000	123240000	0,0,0	5.504951	0.9961474	2.5387647	2.971766	3.194782	2.9180174	1.3318018	5.559587
chr12	4305000	4310000	chr12	4525000	4530000	0,0,0	4.727558	1.0	2.4306967	1.5936698	2.448138	2.8579812	0.9705315	4.2745767
chr12	49285000	49290000	chr12	49510000	49515000	0,0,0	6.0319695	0.9993465	2.4040823	3.6699529	5.0570803	4.0717063	1.9382813	7.3338866
chr12	29545000	29550000	chr12	30130000	30135000	0,0,0	4.8603153	0.99712193	2.134171	3.3129978	3.4715526	2.906354	1.5402937	5.8512406
chr12	38325000	38330000	chr12	39265000	39270000	0,0,0	7.448405	1.0	3.045239	3.29919	4.8444204	4.097973	1.9003409	7.0305862
chr12	89540000	89545000	chr12	90090000	90095000	0,0,0	5.878981	0.99970347	2.3290737	4.909011	5.2106366	3.7607222	2.2460687	8.124288
chr12	89015000	89020000	chr12	89520000	89525000	0,0,0	12.221534	0.99999994	4.0290813	10.33736	12.606727	7.782386	4.7774396	16.971151
chr12	31670000	31675000	chr12	32060000	32065000	0,0,0	5.8226767	0.99855566	3.0462244	2.8278472	3.4592977	4.0271235	1.044789	6.5407653
chr12	85570000	85575000	chr12	85865000	85870000	0,0,0	5.2934074	0.9994723	2.6824775	3.068126	4.28293	4.820546	2.0958724	7.547769
chr12	12375000	12380000	chr12	12700000	12705000	0,0,0	12.036179	0.9999994	4.6522083	8.10262	9.692804	7.135897	2.9517155	14.338225
chr12	30850000	30855000	chr12	30985000	30990000	0,0,0	8.7644615	1.0	3.256417	3.2785974	5.411624	4.2661753	1.6287061	7.180484
chr12	94130000	94135000	chr12	94530000	94535000	0,0,0	18.81979	1.0	5.6916995	11.901578	14.32183	8.020395	4.350513	18.599575
chr12	18860000	18865000	chr12	19185000	19190000	0,0,0	7.595402	0.99995947	2.7106106	5.702526	7.312582	5.0455494	2.3566072	10.114462
chr12	88105000	88110000	chr12	88990000	88995000	0,0,0	7.5579453	0.99998945	3.5095932	5.4762983	6.855035	6.5943856	2.6826856	11.462206
chr12	31255000	31260000	chr12	31640000	31645000	0,0,0	7.452385	1.0	3.769691	2.2407331	3.2450993	3.6620347	1.2706549	5.6537976
chr12	110895000	110900000	chr12	111295000	111300000	0,0,0	5.915854	0.9987924	2.3341873	3.8756537	4.4190693	3.2747903	1.6973813	6.7198157
chr12	113045000	113050000	chr12	113150000	113155000	0,0,0	5.272637	1.0	2.421763	2.041034	2.9214466	2.8517237	0.871358	4.665976
chr12	98695000	98700000	chr12	98995000	99000000	0,0,0	6.4568567	0.99959993	3.0721653	2.899705	4.959091	5.2471986	1.3141972	7.8247137
chr12	84870000	84875000	chr12	85025000	85030000	0,0,0	7.667449	1.0	3.8569002	2.7708325	4.0350323	4.5174108	1.8967586	6.9803724
chr12	54000000	54005000	chr12	54205000	54210000	0,0,0	8.8778	0.9999727	5.2530417	3.4293346	4.9903107	7.4617214	2.7365925	10.510019
chr12	9300000	9305000	chr12	9425000	9430000	0,0,0	54.866547	1.0	13.055361	34.752285	38.055744	15.662837	14.919393	46.553757
chr12	62580000	62585000	chr12	62795000	62800000	0,0,0	7.5211635	0.9994654	3.4933324	2.9003658	4.854683	4.9566603	1.8682729	7.534764
chr12	99045000	99050000	chr12	99660000	99665000	0,0,0	4.8892646	0.99355245	2.8230083	1.6797144	2.4912271	3.5515006	0.7786092	5.04458
chr12	50500000	50505000	chr12	50635000	50640000	0,0,0	7.018021	0.99981415	3.7684166	2.7632275	4.834223	6.1351943	1.8886895	8.591396
chr12	32755000	32760000	chr12	34015000	34020000	0,0,0	17.553171	1.0	5.3155856	7.216716	9.941601	6.023922	2.8999717	12.43878
chr12	75620000	75625000	chr12	76030000	76035000	0,0,0	8.144239	0.9998985	4.1164303	3.6862557	5.263287	5.919609	1.9002116	9.1962805
chr12	117235000	117240000	chr12	117585000	117590000	0,0,0	5.657739	1.0	2.3096266	2.5107121	3.2157745	2.6037428	1.0984749	4.835487
chr12	51260000	51265000	chr12	51340000	51345000	0,0,0	5.4756403	1.0	2.5207295	2.3879395	3.0424833	2.9016573	0.9185806	5.02427
chr12	109260000	109265000	chr12	109385000	109390000	0,0,0	9.902754	1.0	4.5472317	3.9533865	6.0991	6.04283	2.0771542	9.5569515
chr12	122860000	122865000	chr12	122950000	122955000	0,0,0	10.666665	1.0	3.7362072	5.4339776	6.136069	3.8902686	2.0588605	8.720471
chr12	20645000	20650000	chr12	21170000	21175000	0,0,0	8.956908	0.99999565	3.3840566	7.1267385	8.432863	6.004846	2.3842618	12.339725
chr12	93500000	93505000	chr12	93745000	93750000	0,0,0	5.6575384	0.99687856	2.8229568	2.562255	3.2359962	3.4925027	1.0805548	5.7700624
chr12	104380000	104385000	chr12	104825000	104830000	0,0,0	8.285319	0.9998344	3.296163	4.036529	6.1739445	5.1188655	2.36916	8.706891
chr12	22080000	22085000	chr12	22440000	22445000	0,0,0	9.351819	0.9999984	4.175557	6.381893	8.339714	7.65978	2.4940016	13.332574
chr12	55185000	55190000	chr12	55615000	55620000	0,0,0	12.140895	0.99999994	4.7641716	8.918253	11.720624	9.115386	3.9140894	17.042723
chr12	5170000	5175000	chr12	5440000	5445000	0,0,0	8.351287	0.9999926	2.9752188	6.9821925	8.3959675	5.611583	2.5387807	11.817977
chr12	49770000	49775000	chr12	50065000	50070000	0,0,0	8.212457	1.0	3.8105152	2.5685418	3.9842677	4.00755	1.433279	6.290698
chr12	53350000	53355000	chr12	53420000	53425000	0,0,0	5.90491	1.0	3.3825614	1.4690067	2.8862538	4.119063	0.8001194	5.424847
chr12	11580000	11585000	chr12	12030000	12035000	0,0,0	9.674117	0.9999999	3.8567579	8.248512	11.095362	8.866279	3.0859115	16.19829
chr12	62575000	62580000	chr12	63060000	63065000	0,0,0	5.6599975	0.99848145	2.5761962	3.3247466	3.863239	3.5353503	1.6768385	6.4906807
chr12	105420000	105425000	chr12	106205000	106210000	0,0,0	6.502176	0.9998414	2.8804915	4.4512115	5.3894553	4.793237	2.2942824	8.749869
chr12	54220000	54225000	chr12	54360000	54365000	0,0,0	7.848429	1.0	3.4252925	2.615365	4.337217	4.085682	1.1003712	6.410451
chr12	10770000	10775000	chr12	11485000	11490000	0,0,0	8.83781	0.9999369	3.945916	4.5570517	6.0858903	5.6205525	1.879409	9.671265
chr12	52155000	52160000	chr12	52365000	52370000	0,0,0	5.230884	0.9976789	3.0957742	2.1427817	2.7975497	4.1616464	1.5785044	6.0663414
chr12	91360000	91365000	chr12	92645000	92650000	0,0,0	5.612127	0.999201	3.1115322	2.6982348	3.6168244	4.7344646	1.4951847	7.1328955
chr12	63670000	63675000	chr12	63800000	63805000	0,0,0	8.7481	1.0	3.5581698	2.8499465	4.04865	3.37154	1.423116	5.9048257
chr12	75520000	75525000	chr12	76030000	76035000	0,0,0	9.448964	0.99994105	4.8426437	3.9515476	5.443419	6.2276864	2.8083942	9.740173
chr12	7145000	7150000	chr12	7630000	7635000	0,0,0	5.213721	0.99629116	2.4725747	2.7440033	3.2264109	3.158506	1.2072763	5.59762
chr12	101410000	101415000	chr12	101755000	101760000	0,0,0	4.5183663	0.9976734	2.3309426	2.4354653	3.3692589	3.899103	1.3411409	6.063961
chr12	88590000	88595000	chr12	88995000	89000000	0,0,0	4.803892	1.0	2.6001291	1.8627284	2.4397461	3.0473104	1.0918881	4.7030687
chr12	21695000	21700000	chr12	22445000	22450000	0,0,0	10.394344	1.0	5.2420835	2.7105122	4.0158024	4.525538	1.5605522	6.934882
chr12	113975000	113980000	chr12	114475000	114480000	0,0,0	6.3110266	0.99988574	3.4311764	3.4372172	4.7538934	6.0225315	2.062885	9.077835
chr12	47030000	47035000	chr12	47685000	47690000	0,0,0	10.403645	1.0	3.7974875	5.7311916	6.9116144	4.760036	2.5304444	9.854429
chr12	122050000	122055000	chr12	122190000	122195000	0,0,0	7.6356926	1.0	2.6413846	3.9339812	5.0790277	3.3975344	1.558109	6.8944063
chr12	30850000	30855000	chr12	31175000	31180000	0,0,0	7.2524343	1.0	3.8681493	1.7884235	2.6037183	3.2077122	1.355544	4.797422
chr12	124035000	124040000	chr12	124320000	124325000	0,0,0	10.366632	0.99999356	3.4555995	7.388963	8.75895	5.3874216	2.5400515	11.955389
chr12	49355000	49360000	chr12	49510000	49515000	0,0,0	6.1591077	0.99987423	2.468469	4.871095	5.9741244	4.652185	2.2873473	8.982047
chr12	26850000	26855000	chr12	27305000	27310000	0,0,0	7.404764	1.0	3.4089932	2.6544864	4.0518312	4.020125	1.3165108	6.3796687
chr12	70585000	70590000	chr12	70720000	70725000	0,0,0	10.047913	1.0	4.9222636	2.824629	4.778558	5.2563186	1.8489404	7.7670994
chr12	132410000	132415000	chr12	132560000	132565000	0,0,0	6.2219625	1.0	2.8169065	2.9572282	3.5046928	3.1991007	1.6889371	5.827748
chr12	66140000	66145000	chr12	66690000	66695000	0,0,0	6.660807	1.0	3.681751	1.3914576	1.5637839	1.9964262	1.152489	3.2332773
chr12	1790000	1795000	chr12	1935000	1940000	0,0,0	7.7539263	1.0	3.341472	3.2643743	4.8611693	4.4011555	1.9064659	7.3028216
chr12	110105000	110110000	chr12	110430000	110435000	0,0,0	6.4364023	0.99960226	3.251451	3.0732703	4.517715	5.0986743	2.0713344	7.83047
chr12	8110000	8115000	chr12	8225000	8230000	0,0,0	5.2160053	1.0	2.7134213	1.9907495	2.4874403	2.8762364	0.9835346	4.6457915
chr12	96985000	96990000	chr12	97405000	97410000	0,0,0	9.630463	0.99999386	3.3071275	6.6188307	9.004862	6.119596	2.7840345	12.003001
chr12	95115000	95120000	chr12	95215000	95220000	0,0,0	6.422591	1.0	2.2062926	4.0288186	4.566485	2.8345246	1.4289947	6.4156966
chr12	122050000	122055000	chr12	122125000	122130000	0,0,0	6.8539553	0.9994098	2.9584136	3.0264316	5.090315	4.7456713	1.8104409	7.4358325
chr12	121550000	121555000	chr12	121680000	121685000	0,0,0	7.1650443	0.99967587	2.8366115	4.9737453	5.0977006	3.6141422	1.944656	8.035249
chr12	31400000	31405000	chr12	31635000	31640000	0,0,0	15.02391	1.0	5.5206175	6.7575216	9.722717	7.249212	2.7602856	13.255898
chr12	63840000	63845000	chr12	64255000	64260000	0,0,0	17.602562	1.0	6.136665	13.23402	16.653677	11.100678	6.9239244	22.86425
chr12	109515000	109520000	chr12	109770000	109775000	0,0,0	6.8837595	0.9998217	3.009801	3.8925111	5.644932	5.1729627	2.2770371	8.632973
chr12	114665000	114670000	chr12	115395000	115400000	0,0,0	10.01689	0.99999976	4.050851	8.253357	10.158191	8.013498	2.978323	15.349815
chr12	12070000	12075000	chr12	12700000	12705000	0,0,0	8.810352	1.0	3.7706697	4.2784524	4.738586	3.8921394	2.025626	7.695208
chr12	120225000	120230000	chr12	120265000	120270000	0,0,0	6.2786875	0.998291	2.3732893	3.4210143	4.4828644	3.3316104	1.6150795	6.3725123
chr12	114665000	114670000	chr12	115630000	115635000	0,0,0	6.213056	0.9995965	2.577033	3.5603707	5.3669033	4.6512837	1.6068201	7.816058
chr12	65315000	65320000	chr12	65540000	65545000	0,0,0	4.6257644	0.9912454	2.225812	2.0203352	2.831281	2.9428098	1.2245376	4.738663
chr12	15590000	15595000	chr12	15855000	15860000	0,0,0	8.706245	0.9999993	4.119914	5.607545	8.8291235	9.14848	2.9611955	14.132965
chr12	6060000	6065000	chr12	6280000	6285000	0,0,0	13.581492	1.0	6.138793	4.5460157	7.141223	6.9537573	2.1934104	10.99466
chr12	26095000	26100000	chr12	26650000	26655000	0,0,0	4.801107	0.9976336	2.1133397	2.542531	4.0181727	3.7869618	1.2986414	6.04699
chr12	93020000	93025000	chr12	93395000	93400000	0,0,0	5.274786	0.99960864	3.1148605	2.7611263	3.6398525	5.3923435	1.6692564	7.846678
chr12	102880000	102885000	chr12	103545000	103550000	0,0,0	9.396397	0.9999892	3.562093	6.043049	8.07783	6.069033	3.2931404	11.440632
chr12	54290000	54295000	chr12	54360000	54365000	0,0,0	4.3555937	0.99047554	2.1297407	1.9992313	2.7168505	2.8772767	0.81749547	4.6543713
chr12	1650000	1655000	chr12	1790000	1795000	0,0,0	12.412675	0.99999624	4.511275	7.1032686	8.878617	6.1834273	3.3868263	12.497444
chr12	25440000	25445000	chr12	26025000	26030000	0,0,0	7.250079	0.99980414	4.3048167	3.3865411	3.726885	5.52881	1.8017627	8.539069
chr12	130025000	130030000	chr12	130335000	130340000	0,0,0	7.941004	0.99990803	3.520606	4.85337	5.657644	4.9806485	2.1391504	9.294756
chr12	11225000	11230000	chr12	11485000	11490000	0,0,0	11.158104	0.99999654	4.0747766	6.6420994	9.151078	6.669916	2.9047277	12.574004
chr12	29550000	29555000	chr12	30805000	30810000	0,0,0	11.570428	1.0	4.6733847	6.2480426	7.5137587	5.8675337	2.2791998	11.42135
chr12	21695000	21700000	chr12	21985000	21990000	0,0,0	7.237316	0.99997735	3.2782304	4.2593646	7.012315	6.9094615	2.7443244	10.695563
chr12	50505000	50510000	chr12	50730000	50735000	0,0,0	5.362377	0.99604475	2.6298206	2.3967168	3.207346	3.4028766	1.5396569	5.5332913
chr12	64890000	64895000	chr12	65120000	65125000	0,0,0	8.305182	0.9999899	3.5484564	5.100634	7.746225	6.9717846	1.9909142	11.505682
chr12	95580000	95585000	chr12	95815000	95820000	0,0,0	12.990813	0.9999989	5.230617	6.6933746	9.460635	7.7718453	3.1812053	13.721512
chr12	56510000	56515000	chr12	56635000	56640000	0,0,0	4.495399	1.0	2.6524866	1.6177557	1.95022	2.8693492	0.99098015	4.307354
chr12	65310000	65315000	chr12	65595000	65600000	0,0,0	5.101582	0.99505234	2.142821	3.0450785	3.2888448	2.602658	1.7004747	5.3093944
chr12	54990000	54995000	chr12	55070000	55075000	0,0,0	9.217385	1.0	3.1473596	4.6949654	6.2242646	4.1571107	1.7504545	8.330413
chr12	122335000	122340000	chr12	122470000	122475000	0,0,0	6.2948933	1.0	2.0111153	4.119155	4.378643	2.3934329	1.5013602	6.054904
chr12	69355000	69360000	chr12	69635000	69640000	0,0,0	4.4654155	0.9985743	2.386095	2.6527169	3.4420428	4.195832	1.46469	6.553802
chr12	94545000	94550000	chr12	94765000	94770000	0,0,0	4.9725657	0.99462974	2.6164794	1.6277703	3.0561745	3.7805088	0.93785316	5.2274156
chr12	64890000	64895000	chr12	65230000	65235000	0,0,0	5.755999	0.99846077	2.11173	4.127804	4.3436537	2.807972	1.3274103	6.477131
chr12	96575000	96580000	chr12	96980000	96985000	0,0,0	8.826095	1.0	3.9769025	2.9280343	4.649219	4.518456	1.4504977	7.121153
chr12	96060000	96065000	chr12	96510000	96515000	0,0,0	13.039079	0.9999991	4.9517055	7.6524262	9.641957	7.095067	3.5074394	13.897223
chr12	51420000	51425000	chr12	51530000	51535000	0,0,0	6.06055	1.0	2.5808575	2.9448855	3.785144	3.2428627	1.1674058	5.860539
chr12	110510000	110515000	chr12	110600000	110605000	0,0,0	4.3699794	0.99168	2.641064	1.3301882	2.2957344	3.607206	0.91699624	4.7895956
chr12	14840000	14845000	chr12	14995000	15000000	0,0,0	8.967307	0.999975	3.922241	4.950538	6.8407965	6.1971254	2.2277348	10.597604
chr12	50830000	50835000	chr12	51335000	51340000	0,0,0	6.969319	1.0	3.0042202	3.9812496	4.014547	3.216366	1.942548	6.7552547
chr12	122985000	122990000	chr12	123235000	123240000	0,0,0	4.4204025	1.0	2.7869565	1.5538481	1.7601649	3.0129285	1.0908793	4.394127
chr12	64545000	64550000	chr12	64695000	64700000	0,0,0	9.81004	0.999988	4.0364146	5.409526	7.715128	6.5224557	2.498406	11.330923
chr12	101935000	101940000	chr12	102700000	102705000	0,0,0	6.551234	0.99988055	2.2050781	5.7682967	6.479628	3.9059744	2.0529366	9.033349
chr12	12375000	12380000	chr12	12560000	12565000	0,0,0	8.222798	0.99993086	2.4809403	6.220193	7.343101	4.0516195	2.1868558	9.58068
chr12	13255000	13260000	chr12	14165000	14170000	0,0,0	12.749453	1.0	4.6332183	6.642108	8.747804	6.2293205	2.368692	12.133416
chr12	51420000	51425000	chr12	51825000	51830000	0,0,0	6.066014	0.99947727	2.4233062	3.1040215	5.5389013	4.7980733	1.9858648	7.557204
chr12	58340000	58345000	chr12	59150000	59155000	0,0,0	5.641111	0.9990372	3.2251084	2.2122853	3.542337	4.979897	1.6760978	6.9463725
chr12	47895000	47900000	chr12	48160000	48165000	0,0,0	6.82174	0.999603	2.7096348	4.558617	5.097673	3.780202	1.7439263	7.832306
chr12	42480000	42485000	chr12	43335000	43340000	0,0,0	5.276823	0.9998899	2.19153	4.314844	6.1700797	5.2798824	2.121033	9.115299
chr12	132415000	132420000	chr12	132615000	132620000	0,0,0	7.0639205	1.0	3.10824	3.4553342	4.0120134	3.4884174	1.9375265	6.5598254
chr12	31675000	31680000	chr12	32310000	32315000	0,0,0	10.820535	0.9999946	5.328066	4.822901	7.209044	7.842913	3.6649234	12.129936
chr12	54990000	54995000	chr12	55140000	55145000	0,0,0	6.56599	1.0	3.0263472	1.8488007	3.2439816	3.305289	0.9799402	4.9486675
chr12	98695000	98700000	chr12	98935000	98940000	0,0,0	5.373236	0.9995004	2.5548663	3.9285526	4.266452	4.1104593	1.5119692	7.602506
chr12	131295000	131300000	chr12	131660000	131665000	0,0,0	47.363815	1.0	11.753503	33.45373	44.524876	22.403145	18.918238	52.13979
chr12	53700000	53705000	chr12	53745000	53750000	0,0,0	6.294456	0.9993961	2.2217197	3.9419591	5.5233445	3.9088724	1.7350078	7.4128356
chr12	8680000	8685000	chr12	8890000	8895000	0,0,0	5.1769385	0.99700177	2.4725933	2.3095186	3.5877738	3.7574298	1.3902904	5.810335
chr12	4850000	4855000	chr12	5000000	5005000	0,0,0	6.17387	1.0	2.8953674	3.0214014	3.549303	3.4126651	1.2019391	6.098355
chr12	21695000	21700000	chr12	22015000	22020000	0,0,0	8.048992	0.99997604	3.3925512	5.1381006	7.0480714	6.0720844	2.3538942	10.639285
chr12	27015000	27020000	chr12	27305000	27310000	0,0,0	6.2256393	0.9991129	2.7349613	2.808701	4.7530203	4.5316625	1.4309564	7.0282855
chr12	79405000	79410000	chr12	79735000	79740000	0,0,0	10.032084	0.9999836	4.5498576	4.8542404	6.9808536	6.7033095	2.447588	11.018189
chr12	95115000	95120000	chr12	95530000	95535000	0,0,0	8.056564	0.99996495	3.967425	4.124479	6.0746613	6.5940228	2.255508	10.260226
chr12	103875000	103880000	chr12	104105000	104110000	0,0,0	7.387772	1.0	3.6008732	2.908272	3.8663602	4.0578327	1.2507457	6.6429634
chr12	3885000	3890000	chr12	4275000	4280000	0,0,0	10.25618	0.9999709	3.2957766	6.5135245	7.820738	4.6567526	2.181885	10.446552
chr12	89050000	89055000	chr12	89350000	89355000	0,0,0	5.5120425	0.99956554	2.45333	3.7840586	4.8209105	4.3786316	1.5432444	7.742239
chr12	46125000	46130000	chr12	46930000	46935000	0,0,0	4.699512	0.99961466	2.057284	3.5325706	5.1405816	4.722128	1.6783826	7.8621907
chr12	8540000	8545000	chr12	9045000	9050000	0,0,0	6.8582306	1.0	3.0055876	3.0934107	3.4587255	2.9529254	1.1088878	5.702624
chr12	96580000	96585000	chr12	98000000	98005000	0,0,0	5.536832	0.9983119	2.980136	2.48881	3.3622522	4.172537	1.0887461	6.3848124
chr12	99040000	99045000	chr12	99770000	99775000	0,0,0	5.531342	0.9974176	2.593829	2.8191175	3.5357287	3.453788	1.3305571	5.95967
chr12	71415000	71420000	chr12	71745000	71750000	0,0,0	10.173018	1.0	4.0433097	3.1575763	5.7757244	5.0049353	1.6043714	7.81167
chr12	13095000	13100000	chr12	13210000	13215000	0,0,0	10.834172	0.9999845	3.5167046	6.3550124	8.511967	5.4277854	2.9655454	11.076686
chr12	65310000	65315000	chr12	65685000	65690000	0,0,0	5.538227	1.0	2.6543949	2.4684658	3.0029678	3.013674	1.281356	5.2078657
chr12	87265000	87270000	chr12	87850000	87855000	0,0,0	5.933813	0.99972093	2.4147115	4.706504	5.231373	4.001393	1.8709062	8.184952
chr12	91380000	91385000	chr12	92405000	92410000	0,0,0	4.372182	0.9950366	2.4951968	1.4945164	2.8120658	3.977757	1.0888034	5.306216
chr12	19915000	19920000	chr12	20370000	20375000	0,0,0	4.311269	0.99364597	2.0078874	2.3246117	3.06109	2.992869	1.2935661	5.0591903
chr12	90975000	90980000	chr12	91105000	91110000	0,0,0	8.4497	0.9998554	3.3508902	4.235548	6.219284	5.0773687	1.8240883	8.8423
chr12	29520000	29525000	chr12	30805000	30810000	0,0,0	10.844653	0.999987	4.8614717	4.7509403	7.324644	7.029217	2.5350504	11.252275
chr12	63840000	63845000	chr12	64180000	64185000	0,0,0	4.839293	0.9992193	2.488875	3.2900817	3.785678	4.2315454	1.4706848	7.1560626
chr12	52885000	52890000	chr12	52975000	52980000	0,0,0	20.223772	1.0	8.251486	6.344331	9.790167	8.374145	3.460262	14.01355
chr12	117025000	117030000	chr12	117115000	117120000	0,0,0	6.171693	0.9980735	3.2063248	2.4500003	3.4692092	4.07493	1.2542613	6.252708
chr12	92780000	92785000	chr12	93415000	93420000	0,0,0	6.7171006	0.99964505	3.4818475	2.5286732	4.7144065	5.6967335	1.9027997	7.9444427
chr12	114660000	114665000	chr12	115915000	115920000	0,0,0	8.74222	0.99989414	3.4882493	5.236521	5.978028	4.499613	2.2793345	9.154298
chr12	52900000	52905000	chr12	52950000	52955000	0,0,0	5.818531	0.9991105	2.6530862	3.5841875	4.179974	3.839654	1.5288558	7.0255985
chr12	7675000	7680000	chr12	7805000	7810000	0,0,0	5.7596374	1.0	2.9989872	1.8704741	2.684211	3.1702375	1.0414566	4.8328815
chr12	99810000	99815000	chr12	100550000	100555000	0,0,0	4.373326	0.98907864	2.2120512	2.2481456	2.3642497	2.5191507	1.192018	4.5175023
chr12	42125000	42130000	chr12	42365000	42370000	0,0,0	4.7042885	0.99440616	2.1131465	2.530795	3.198381	2.9370356	1.2602853	5.186631
chr12	74695000	74700000	chr12	75470000	75475000	0,0,0	4.699639	1.0	2.46895	2.2333488	2.3385255	2.6736498	0.9396831	4.658849
chr12	113980000	113985000	chr12	114505000	114510000	0,0,0	8.598745	0.99999887	3.0516725	7.7017145	9.936619	6.8324523	2.9108362	13.67842
chr12	47030000	47035000	chr12	47650000	47655000	0,0,0	4.696165	0.9941055	2.306515	2.3633919	2.900464	3.0334818	0.84179246	5.1342745
chr12	50100000	50105000	chr12	50310000	50315000	0,0,0	6.162768	0.9988176	2.1228855	4.307742	4.7506514	2.9118395	1.4887336	6.740943
chr12	69885000	69890000	chr12	70725000	70730000	0,0,0	8.635159	0.99996567	4.3814483	5.1997046	5.312564	5.658004	2.3702521	10.2799635
chr12	570000	575000	chr12	750000	755000	0,0,0	7.1215725	1.0	3.4037352	3.0068855	4.2512817	4.3821006	1.768111	7.054888
chr12	70590000	70595000	chr12	71010000	71015000	0,0,0	7.001739	1.0	2.9422998	2.878813	3.4583287	2.8475423	1.1663791	5.406487
chr12	104215000	104220000	chr12	104285000	104290000	0,0,0	4.5804877	0.9966234	2.4284828	2.372327	2.9919195	3.582749	1.0353043	5.6914835
chr12	106225000	106230000	chr12	106280000	106285000	0,0,0	6.3375926	0.99939346	2.0808194	4.29632	5.6269736	3.5895717	1.5123445	7.4085226
chr12	53765000	53770000	chr12	54210000	54215000	0,0,0	7.616658	1.0	3.5953155	3.2347336	3.682226	3.5488327	1.5091838	6.4241514
chr12	7215000	7220000	chr12	7460000	7465000	0,0,0	9.3278055	0.99999666	3.7567623	6.0912533	8.726596	7.2003837	3.5306163	12.61483
chr12	3130000	3135000	chr12	3275000	3280000	0,0,0	6.98591	1.0	3.471454	2.295746	3.6969888	4.1228194	1.4540718	6.163482
chr12	63100000	63105000	chr12	63800000	63805000	0,0,0	10.206413	1.0	5.7406545	1.8322353	1.9904323	2.622782	1.0395467	4.2514358
chr12	96060000	96065000	chr12	96215000	96220000	0,0,0	8.974788	0.99987495	3.5677443	4.326272	6.2977667	5.142383	2.1708653	8.987958
chr12	96575000	96580000	chr12	98370000	98375000	0,0,0	8.064691	0.9999032	3.2116241	4.5919423	6.3954763	5.1619253	2.3457906	9.243651
chr12	56190000	56195000	chr12	56460000	56465000	0,0,0	8.683194	1.0	2.8885205	4.8772845	5.68446	3.454905	2.0311885	7.790269
chr12	71415000	71420000	chr12	71635000	71640000	0,0,0	7.615822	1.0	3.170806	3.6673303	4.999232	4.2326765	1.545706	7.4925256
chr12	120650000	120655000	chr12	120970000	120975000	0,0,0	4.9172907	0.9979757	2.1530216	3.3199768	3.7886505	3.252078	1.8753757	6.2031684
chr12	125180000	125185000	chr12	125400000	125405000	0,0,0	11.200532	1.0	3.175935	6.5078177	8.643858	4.8435	2.2235818	10.628227
chr12	63840000	63845000	chr12	64090000	64095000	0,0,0	4.5680017	0.9957478	2.2441158	2.6429036	3.0193677	3.1116388	1.3402197	5.4608865
chr12	96985000	96990000	chr12	98000000	98005000	0,0,0	7.6708236	0.9999866	2.3353696	6.5637574	8.910259	5.3839364	2.2594893	11.218388
chr12	76620000	76625000	chr12	76790000	76795000	0,0,0	6.9514933	0.9996393	3.4616363	2.7390187	4.8494983	5.4934597	1.7627949	7.9281435
chr12	47710000	47715000	chr12	47835000	47840000	0,0,0	11.148205	1.0	4.272527	4.06585	5.625799	4.3333244	1.8866035	7.9474134
chr12	65550000	65555000	chr12	66090000	66095000	0,0,0	6.787847	0.9998418	2.5075076	4.6925087	6.27751	4.581352	1.8882458	8.752471
chr12	6195000	6200000	chr12	6280000	6285000	0,0,0	10.73095	1.0	5.131669	2.9837146	5.3825183	5.7795863	1.6521263	8.431778
chr12	115920000	115925000	chr12	116705000	116710000	0,0,0	7.5531297	0.99970746	2.815777	4.204989	5.872589	4.40002	1.8557042	8.137788
chr12	52140000	52145000	chr12	52985000	52990000	0,0,0	10.998618	1.0	5.238264	4.602974	4.639488	4.390295	1.9953514	8.481827
chr12	5745000	5750000	chr12	5870000	5875000	0,0,0	5.962851	0.998302	2.9527736	1.9966593	4.0331116	4.604134	1.4888172	6.3789425
chr12	79410000	79415000	chr12	80265000	80270000	0,0,0	6.9045486	0.9995869	3.1004765	3.5115275	4.952564	4.671213	1.8737054	7.7925706
chr12	91810000	91815000	chr12	92565000	92570000	0,0,0	5.4810667	0.99901634	2.193338	3.8634968	4.558603	3.4907408	1.4311694	6.92496
chr12	70730000	70735000	chr12	70845000	70850000	0,0,0	8.574164	1.0	3.4517214	3.8624914	5.9750857	5.0364056	2.0821388	8.469731
chr12	34120000	34125000	chr12	34625000	34630000	0,0,0	9.218724	1.0	3.2541115	4.3352633	5.6580167	3.8872871	1.7917008	7.7408543
chr12	48240000	48245000	chr12	48615000	48620000	0,0,0	5.002651	0.99544275	2.0303078	2.985582	3.5125709	2.7377374	1.2029457	5.391588
chr12	68035000	68040000	chr12	68315000	68320000	0,0,0	4.5212665	1.0	2.4076726	1.2095746	2.1897757	2.7507126	0.8010889	3.82589
chr12	57260000	57265000	chr12	57455000	57460000	0,0,0	9.1164	0.9999257	3.9977653	3.8123238	6.435269	6.11928	2.1383486	9.508012
chr12	20950000	20955000	chr12	21165000	21170000	0,0,0	5.6212	1.0	2.782431	2.146919	2.9433045	3.1820655	1.065897	5.090438
chr12	93505000	93510000	chr12	94100000	94105000	0,0,0	10.524806	0.99999195	4.9448366	5.517169	6.957105	6.824173	2.6451588	11.728323
chr12	81450000	81455000	chr12	81625000	81630000	0,0,0	6.1215773	1.0	2.249368	3.3599463	3.9846158	2.7446775	1.2949051	5.7312965
chr12	99385000	99390000	chr12	99765000	99770000	0,0,0	8.127288	0.99984634	2.8469915	5.200714	6.3142476	4.158657	1.8166918	8.781514
chr12	110470000	110475000	chr12	110600000	110605000	0,0,0	5.2768908	1.0	2.8767097	2.0009322	2.6499913	3.3578238	0.80527854	5.1364303
chr12	49860000	49865000	chr12	50060000	50065000	0,0,0	4.761629	1.0	2.7634792	1.478808	1.7698314	2.512419	0.87307024	3.826915
chr12	10010000	10015000	chr12	10135000	10140000	0,0,0	4.4388785	1.0	2.454304	1.3389924	2.105795	2.7825632	0.7544684	3.9727786
chr12	122795000	122800000	chr12	122950000	122955000	0,0,0	7.5747476	1.0	3.6795743	1.8285325	3.1948614	3.4887576	1.286363	5.11412
chr12	129190000	129195000	chr12	129910000	129915000	0,0,0	15.635403	1.0	3.7763345	14.68	17.022043	7.507755	4.7940707	20.556644
chr12	106385000	106390000	chr12	106840000	106845000	0,0,0	6.84391	0.99999315	2.7279575	6.350837	7.9989533	6.246321	2.521509	11.89151
chr12	29075000	29080000	chr12	29315000	29320000	0,0,0	6.990645	0.9995631	2.7807498	3.8961773	5.331792	4.273332	1.6413976	7.7366004
chr12	26095000	26100000	chr12	26525000	26530000	0,0,0	5.3664384	0.9976362	1.9927319	3.0945656	4.393734	3.297384	1.2813233	6.048109
chr12	3880000	3885000	chr12	4035000	4040000	0,0,0	5.9834104	1.0	2.2351606	3.144002	4.076311	2.975905	1.3666661	5.770573
chr12	62435000	62440000	chr12	63065000	63070000	0,0,0	9.606236	0.99998826	3.6196673	6.293682	7.9071426	5.7576604	2.7335548	11.352044
chr12	15530000	15535000	chr12	15855000	15860000	0,0,0	10.071021	0.9999987	3.5495052	7.392433	10.020395	6.9855814	2.6557548	13.556633
chr12	89050000	89055000	chr12	89460000	89465000	0,0,0	10.213332	1.0	4.0219426	8.38148	13.013154	10.712734	3.2677066	18.162937
chr12	34120000	34125000	chr12	34215000	34220000	0,0,0	6.866784	1.0	2.6040397	3.238828	4.680922	3.6164703	1.3770442	6.4954286
chr12	54395000	54400000	chr12	54440000	54445000	0,0,0	4.873053	0.99621385	2.2012253	2.1260376	3.7147748	3.6871805	1.1393198	5.5769916
chr12	100825000	100830000	chr12	101315000	101320000	0,0,0	5.092909	0.9984692	2.159802	3.4471471	4.1099715	3.4184885	1.493632	6.4826193
chr12	56510000	56515000	chr12	56570000	56575000	0,0,0	5.4241996	0.99952126	2.4413674	3.082336	5.02786	4.9053297	1.4799575	7.645184
chr12	53765000	53770000	chr12	54000000	54005000	0,0,0	6.0184374	0.9993676	2.6972294	3.6626465	4.5206175	4.1110334	1.8129369	7.3667192
chr12	9630000	9635000	chr12	9710000	9715000	0,0,0	8.664566	1.0	3.484191	3.6355972	4.6971674	3.7422905	1.8779935	6.9739323
chr12	131855000	131860000	chr12	132000000	132005000	0,0,0	8.106881	1.0	3.4692268	3.9924307	5.1099052	4.401188	2.412379	7.950015
chr12	70730000	70735000	chr12	71015000	71020000	0,0,0	7.4905925	1.0	3.4200325	2.6048586	4.3279433	4.3155713	1.3349185	6.631001
chr12	21605000	21610000	chr12	21680000	21685000	0,0,0	4.8878946	1.0	2.0581183	2.0405104	2.7295125	2.3314948	0.86868286	4.145282
chr12	111395000	111400000	chr12	111525000	111530000	0,0,0	4.741158	1.0	2.027602	1.9153961	3.0633585	2.7938344	0.9097873	4.496409
chr12	47075000	47080000	chr12	47305000	47310000	0,0,0	5.1537304	0.99970996	2.407383	3.4057615	5.08006	5.119028	1.6865757	8.146372
chr12	81640000	81645000	chr12	82325000	82330000	0,0,0	7.615941	0.99999845	3.2174113	5.401738	9.383599	8.58978	2.9872618	13.391324
chr12	110935000	110940000	chr12	111300000	111305000	0,0,0	5.80145	1.0	2.9447513	2.901481	2.9889095	3.1912382	1.3306645	5.7703323
chr12	65310000	65315000	chr12	65985000	65990000	0,0,0	6.2979865	0.9994789	3.1839974	3.1498058	4.265954	4.760511	2.0333118	7.560338
chr12	80410000	80415000	chr12	80765000	80770000	0,0,0	4.429119	0.9898871	2.2693217	1.9820144	2.5096238	2.8326285	1.0476298	4.594419
chr12	89360000	89365000	chr12	89455000	89460000	0,0,0	4.6683574	1.0	2.4579988	1.7070303	2.3350422	2.7926228	1.0101829	4.3099833
chr12	12080000	12085000	chr12	12335000	12340000	0,0,0	8.275426	0.99989986	3.1424923	5.3961105	6.227766	4.413313	2.7867136	9.209856
chr12	42125000	42130000	chr12	42330000	42335000	0,0,0	7.8521185	0.99989176	2.972004	4.995919	6.369959	4.691027	2.2976737	9.1318445
chr12	109425000	109430000	chr12	109775000	109780000	0,0,0	9.511256	1.0	4.1345296	3.560235	5.453542	5.024857	2.2362564	8.18951
chr12	104380000	104385000	chr12	105050000	105055000	0,0,0	9.121409	0.9999681	3.8640597	5.038444	6.8057947	5.8757777	2.0121207	10.354395
chr12	78465000	78470000	chr12	79340000	79345000	0,0,0	5.1448474	0.9968216	2.2064383	2.978442	3.64384	3.1044672	1.2113581	5.7519712
chr7	26685000	26690000	chr7	27160000	27165000	0,0,0	15.049935	1.0	6.9452486	3.8496861	5.5094767	5.4133224	2.119782	8.835265
chr7	65100000	65105000	chr7	65790000	65795000	0,0,0	36.305054	1.0	6.5142045	20.079065	23.493408	8.305801	8.091303	26.15386
chr7	48295000	48300000	chr7	48870000	48875000	0,0,0	5.0844936	0.9980661	2.6502879	2.706968	3.3209863	3.842695	1.2832212	6.248889
chr7	87310000	87315000	chr7	87415000	87420000	0,0,0	6.3827233	0.99834675	3.181513	2.0241885	4.0077777	4.6063895	1.1204181	6.4056683
chr7	55640000	55645000	chr7	56075000	56080000	0,0,0	12.064086	1.0	3.2159991	7.439805	8.4960785	4.046745	2.4630892	10.659905
chr7	38395000	38400000	chr7	38660000	38665000	0,0,0	6.7871685	1.0	2.8585522	3.1088583	3.8954387	3.2623732	1.2375833	6.025803
chr7	55430000	55435000	chr7	55590000	55595000	0,0,0	5.7007117	1.0	2.4070034	2.6252422	2.751069	2.167819	1.0361468	4.501368
chr7	105760000	105765000	chr7	106040000	106045000	0,0,0	5.6427526	0.9990836	2.8631096	3.0212452	3.8739588	4.310192	1.392103	6.9957438
chr7	134630000	134635000	chr7	134940000	134945000	0,0,0	7.048632	0.99969506	3.7391775	3.3895838	4.2448416	5.083362	1.7373824	8.096326
chr7	76635000	76640000	chr7	77330000	77335000	0,0,0	5.712866	0.9995837	2.4300442	4.159345	4.9102545	4.0878177	2.1688282	7.785013
chr7	39580000	39585000	chr7	39745000	39750000	0,0,0	11.737779	1.0	4.400679	6.000582	8.103206	6.0345984	2.6564147	11.368449
chr7	111740000	111745000	chr7	112895000	112900000	0,0,0	7.574191	1.0	2.989981	4.2184205	4.5574727	3.299845	1.4949559	7.049552
chr7	111740000	111745000	chr7	112490000	112495000	0,0,0	10.955016	0.9999951	4.999776	5.399844	7.690142	7.432545	3.2527018	12.232407
chr7	97105000	97110000	chr7	97835000	97840000	0,0,0	9.397041	0.9999972	4.193922	5.970009	8.077675	7.480295	2.7415104	12.786969
chr7	102755000	102760000	chr7	103060000	103065000	0,0,0	15.105781	1.0	5.6250687	11.600359	16.150291	12.071967	5.1260576	22.383398
chr7	107455000	107460000	chr7	108145000	108150000	0,0,0	5.1752357	1.0	3.0800798	1.1684709	1.6557161	2.5024118	0.6597172	3.5410528
chr7	29105000	29110000	chr7	29405000	29410000	0,0,0	6.978695	0.9996841	2.8153613	4.2591696	5.384443	4.275011	1.9572787	8.06094
chr7	5235000	5240000	chr7	5485000	5490000	0,0,0	6.6054826	0.9990056	2.1545954	4.604576	4.9771385	2.8211343	1.8487965	6.914091
chr7	100705000	100710000	chr7	100850000	100855000	0,0,0	9.167129	1.0	3.8035026	4.9355516	5.076482	3.8650725	2.1461828	8.25223
chr7	129660000	129665000	chr7	130010000	130015000	0,0,0	12.148667	1.0	3.4055085	8.377973	9.392595	4.63079	2.9795592	12.077877
chr7	54770000	54775000	chr7	55255000	55260000	0,0,0	15.719979	1.0	6.1659856	9.299848	12.044437	9.313384	3.4868617	17.579916
chr7	73735000	73740000	chr7	73855000	73860000	0,0,0	6.7708936	1.0	2.952491	2.268266	3.6065571	3.3638077	1.4074374	5.380044
chr7	65720000	65725000	chr7	66015000	66020000	0,0,0	11.759942	1.0	5.3348856	2.392863	4.005808	3.9669554	1.2994682	6.093945
chr7	30800000	30805000	chr7	31120000	31125000	0,0,0	7.198847	1.0	3.2066462	2.9714985	3.222405	2.7921877	1.1745992	5.43352
chr7	138010000	138015000	chr7	138735000	138740000	0,0,0	9.032897	1.0	3.2031498	5.0231514	5.6167536	3.5954144	1.7924281	8.060438
chr7	12520000	12525000	chr7	12620000	12625000	0,0,0	11.864984	1.0	5.3169036	3.53053	6.1395774	6.028733	2.3343155	9.166982
chr7	48300000	48305000	chr7	49165000	49170000	0,0,0	5.471641	0.99869394	2.1470864	3.3989635	4.605712	3.620143	1.5261965	6.6414437
chr7	95910000	95915000	chr7	97065000	97070000	0,0,0	5.514181	0.9997938	2.7299137	3.0606003	5.1659746	5.7670355	2.392732	8.487569
chr7	44585000	44590000	chr7	44920000	44925000	0,0,0	11.987511	1.0	4.277472	5.65327	7.31128	5.062778	2.9519575	10.087907
chr7	143735000	143740000	chr7	144025000	144030000	0,0,0	50.307743	1.0	18.497046	6.2928324	7.6434584	5.32726	2.9050064	10.920889
chr7	140810000	140815000	chr7	141010000	141015000	0,0,0	5.6549892	1.0	2.2607086	3.115376	3.684501	2.8203244	1.3709431	5.5895476
chr7	98430000	98435000	chr7	98840000	98845000	0,0,0	20.038036	1.0	6.8650317	13.928037	16.77282	10.728099	5.084987	23.108576
chr7	120795000	120800000	chr7	120940000	120945000	0,0,0	5.608013	1.0	3.6005423	1.4496131	2.4020958	4.302	0.96459824	5.5905447
chr7	20775000	20780000	chr7	21250000	21255000	0,0,0	11.821684	0.9999996	4.738947	7.9806876	9.759777	7.594125	3.0190825	14.688069
chr7	106175000	106180000	chr7	106460000	106465000	0,0,0	12.040353	0.9999999	4.6124153	7.2839785	11.723457	9.465641	3.6995943	15.940289
chr7	94450000	94455000	chr7	95195000	95200000	0,0,0	5.4113984	0.99966556	2.477722	3.1322405	5.2137227	5.219599	1.7062861	8.003813
chr7	137655000	137660000	chr7	137895000	137900000	0,0,0	7.418052	1.0	3.069136	3.371522	4.9272094	4.222231	1.5231873	7.219139
chr7	116930000	116935000	chr7	117115000	117120000	0,0,0	5.7066045	0.9979343	2.655726	2.9845958	3.672582	3.5299385	1.3071444	6.1829123
chr7	6960000	6965000	chr7	7420000	7425000	0,0,0	5.023006	0.99458337	2.7106328	2.1284633	2.6897054	3.326858	1.1321973	5.2188253
chr7	12065000	12070000	chr7	12320000	12325000	0,0,0	7.8796096	0.99995184	3.055437	5.079623	6.97144	5.4273686	2.1833212	9.94259
chr7	5490000	5495000	chr7	5665000	5670000	0,0,0	8.95182	1.0	4.3823905	2.6485944	3.5207102	3.7203789	1.4627625	6.074685
chr7	25560000	25565000	chr7	25850000	25855000	0,0,0	5.882185	1.0	2.8335302	2.0236812	2.634308	2.70358	1.0782806	4.5024076
chr7	22555000	22560000	chr7	23050000	23055000	0,0,0	9.377048	1.0	4.2006025	4.536738	5.3806524	4.835235	2.5584185	8.867891
chr7	83410000	83415000	chr7	83655000	83660000	0,0,0	7.621134	0.99993885	3.789895	3.723515	5.759554	6.392852	2.0217698	9.702643
chr7	151365000	151370000	chr7	151450000	151455000	0,0,0	4.947962	0.99609685	2.5814502	1.7061836	3.2919183	4.0299454	1.0261352	5.546553
chr7	105655000	105660000	chr7	106040000	106045000	0,0,0	6.016278	0.9997696	2.3528922	4.4415126	5.748994	4.42863	2.1628766	8.376641
chr7	129220000	129225000	chr7	129295000	129300000	0,0,0	4.9899817	0.995623	2.3386838	2.0078542	3.505652	3.6471987	1.3510313	5.431958
chr7	108180000	108185000	chr7	108455000	108460000	0,0,0	5.665169	0.9998325	3.3682287	2.3304772	4.343513	6.623998	1.464658	8.695534
chr7	121365000	121370000	chr7	121545000	121550000	0,0,0	16.100029	1.0	4.6521993	11.945051	14.16464	7.507333	4.3178425	18.125156
chr7	104920000	104925000	chr7	105425000	105430000	0,0,0	5.0103483	0.9969825	2.2752445	2.6229455	3.6390243	3.4724321	1.128533	5.803939
chr7	95720000	95725000	chr7	95865000	95870000	0,0,0	8.630887	1.0	5.322617	1.6057779	2.9213414	4.7909317	1.1948102	6.2182894
chr7	151315000	151320000	chr7	151760000	151765000	0,0,0	5.2840734	1.0	2.4621787	2.463739	2.7390118	2.5687816	1.3244663	4.7587714
chr7	78015000	78020000	chr7	78225000	78230000	0,0,0	6.6759186	1.0	2.8532436	3.23024	4.075948	3.4895592	1.5640296	6.3608837
chr7	150130000	150135000	chr7	153965000	153970000	0,0,0	84.06781	1.0	20.253263	19.38786	25.346468	12.30965	10.322313	29.543304
chr7	141065000	141070000	chr7	141535000	141540000	0,0,0	5.122561	0.9973263	2.1866586	2.967239	3.82224	3.287357	1.707956	5.924903
chr7	111750000	111755000	chr7	112410000	112415000	0,0,0	9.69534	0.9999912	5.9124475	4.000873	5.095627	8.083229	2.4261608	11.639561
chr7	26370000	26375000	chr7	26665000	26670000	0,0,0	16.710754	1.0	6.433749	9.2146225	14.859541	12.067627	4.79368	20.258402
chr7	25390000	25395000	chr7	25565000	25570000	0,0,0	8.342501	0.9999009	3.3838532	4.4265122	6.349549	5.2852826	2.3245173	9.21996
chr7	80060000	80065000	chr7	80390000	80395000	0,0,0	4.975179	0.99709535	2.7119474	2.436079	2.9344196	3.6766434	1.161241	5.842047
chr7	101350000	101355000	chr7	101500000	101505000	0,0,0	5.062816	1.0	2.6825078	2.2514687	2.5178778	2.9585736	0.8117227	4.959879
chr7	4845000	4850000	chr7	5085000	5090000	0,0,0	5.8021817	0.99927384	2.4190712	3.3876429	4.8917217	4.2172365	1.3478298	7.228474
chr7	117455000	117460000	chr7	118150000	118155000	0,0,0	7.3635855	0.99997604	2.0461755	7.3975983	8.306407	4.064288	2.4946685	10.639932
chr7	48850000	48855000	chr7	48915000	48920000	0,0,0	7.669712	0.99965036	2.6344402	4.245385	6.0420732	4.185715	2.2453558	7.959391
chr7	45150000	45155000	chr7	45260000	45265000	0,0,0	8.470408	1.0	3.2776709	3.1187475	4.70066	3.7630665	1.5428632	6.5352864
chr7	121125000	121130000	chr7	121990000	121995000	0,0,0	8.249261	1.0	3.724	3.1320944	4.1648445	3.9020267	1.593324	6.6861105
chr7	2885000	2890000	chr7	3155000	3160000	0,0,0	7.144612	1.0	2.9076982	2.5936902	4.1913056	3.617406	1.5217791	5.9229083
chr7	51160000	51165000	chr7	51425000	51430000	0,0,0	7.071503	1.0	3.5082889	2.6223967	3.1725833	3.363987	1.2929363	5.6950064
chr7	23270000	23275000	chr7	23545000	23550000	0,0,0	7.4290767	1.0	3.3324966	3.0285702	4.392498	4.1635222	1.4915959	6.855584
chr7	17770000	17775000	chr7	18345000	18350000	0,0,0	5.6230903	0.99992675	2.606671	4.636909	5.6631107	5.400812	2.15828	9.522509
chr7	100895000	100900000	chr7	101055000	101060000	0,0,0	11.8742075	1.0	5.6171675	4.122947	6.030296	6.163023	2.9001555	9.827866
chr7	134430000	134435000	chr7	134510000	134515000	0,0,0	8.466146	1.0	3.2621431	4.6546273	5.507087	4.01962	2.0409877	8.157066
chr7	98295000	98300000	chr7	98400000	98405000	0,0,0	11.211131	1.0	4.4023504	5.051982	5.8733253	4.3605876	2.420897	8.851238
chr7	47265000	47270000	chr7	47820000	47825000	0,0,0	7.7730236	0.99975336	3.5383022	3.9078023	5.118601	4.834811	2.195284	8.3084135
chr7	83930000	83935000	chr7	85845000	85850000	0,0,0	7.2529483	1.0	3.8618944	1.575635	2.3611999	2.9100072	0.82372993	4.3105717
chr7	129365000	129370000	chr7	129470000	129475000	0,0,0	5.2358346	1.0	2.467201	2.022149	3.2070303	3.3077927	1.1473964	5.1052585
chr7	19980000	19985000	chr7	20310000	20315000	0,0,0	5.8926487	0.99943495	2.9119644	3.278127	4.2723274	4.565465	1.2147005	7.479355
chr7	130890000	130895000	chr7	131005000	131010000	0,0,0	5.2547517	0.99835175	2.4258418	3.5037913	3.6389527	3.2942219	1.4347068	6.408703
chr7	99905000	99910000	chr7	100050000	100055000	0,0,0	5.1670156	1.0	2.434028	2.2055848	2.3548691	2.2232184	1.0949782	4.183738
chr7	47575000	47580000	chr7	47815000	47820000	0,0,0	5.202707	0.9974232	2.5109308	2.7770205	3.431063	3.4933586	1.2604145	5.961821
chr7	109840000	109845000	chr7	110440000	110445000	0,0,0	7.154752	1.0	2.8013873	3.2132163	3.842604	2.8755045	1.2569648	5.7316966
chr7	143240000	143245000	chr7	143420000	143425000	0,0,0	4.8488593	1.0	2.3437982	1.7641296	2.3333654	2.4151602	1.0428405	3.9832752
chr7	96075000	96080000	chr7	97025000	97030000	0,0,0	5.464318	0.99985015	2.6115925	3.2797098	5.544034	5.891451	2.0157778	8.806748
chr7	101145000	101150000	chr7	101280000	101285000	0,0,0	6.4084682	1.0	3.18551	1.9520998	2.59705	2.8117971	0.9473982	4.546997
chr7	155595000	155600000	chr7	155765000	155770000	0,0,0	11.488687	1.0	4.137462	5.1960716	5.8418984	3.8229666	1.8957431	8.441697
chr7	42940000	42945000	chr7	43260000	43265000	0,0,0	8.104758	0.9997585	3.1271122	4.530093	5.728149	4.302703	1.7926785	8.3294525
chr7	20780000	20785000	chr7	21505000	21510000	0,0,0	7.214096	0.9999471	2.8399389	5.7197113	6.4700313	4.763718	2.6627367	9.847906
chr7	86940000	86945000	chr7	87145000	87150000	0,0,0	6.8694234	1.0	3.3989866	2.8041434	4.0169964	4.372431	1.5034678	6.865003
chr7	121750000	121755000	chr7	121995000	122000000	0,0,0	5.81827	0.99835503	2.6718822	3.0613713	3.8861113	3.6894617	1.2079468	6.410681
chr7	32210000	32215000	chr7	32345000	32350000	0,0,0	5.7294865	1.0	2.8143923	1.6642388	3.0353043	3.385475	1.2900391	4.864798
chr7	107745000	107750000	chr7	107865000	107870000	0,0,0	5.5081806	1.0	3.0620625	1.7695322	2.2425213	2.933988	0.85306305	4.5069056
chr7	44590000	44595000	chr7	44840000	44845000	0,0,0	5.134052	0.9974345	3.3058014	1.4140246	2.612657	4.7093105	1.187312	5.9662213
chr7	150170000	150175000	chr7	153790000	153795000	0,0,0	153.1967	1.0	24.968662	45.869064	46.99507	12.697162	15.512934	53.469666
chr7	21260000	21265000	chr7	21505000	21510000	0,0,0	12.818912	0.99999964	4.782192	7.7986984	10.634153	7.9040203	3.265003	14.836196
chr7	74410000	74415000	chr7	74865000	74870000	0,0,0	18.398882	1.0	7.4076853	5.17761	6.386557	5.0133247	2.6314025	9.615644
chr7	41940000	41945000	chr7	42875000	42880000	0,0,0	5.9904885	0.99994665	2.1755445	5.4409647	7.070756	5.0035105	2.2280462	9.839923
chr7	128605000	128610000	chr7	128880000	128885000	0,0,0	10.254127	1.0	3.191848	5.201784	7.539242	4.798938	2.4427853	9.422747
chr7	23570000	23575000	chr7	23710000	23715000	0,0,0	10.0701	1.0	4.184181	4.475507	6.0607114	5.108284	2.6414578	9.086513
chr7	54835000	54840000	chr7	55255000	55260000	0,0,0	6.1406407	0.9997828	2.764527	4.208765	5.1423297	4.694507	1.7968572	8.435632
chr7	91085000	91090000	chr7	91785000	91790000	0,0,0	5.9989066	0.9990152	2.8636966	2.912291	4.1978993	4.3351	1.4275129	6.923803
chr7	43580000	43585000	chr7	43835000	43840000	0,0,0	8.743787	1.0	3.608521	3.2938664	5.3410935	4.687142	1.6028283	7.6150227
chr7	155795000	155800000	chr7	156815000	156820000	0,0,0	15.979669	1.0	4.517691	8.265183	10.011298	5.2731037	2.871989	12.619934
chr7	28920000	28925000	chr7	29340000	29345000	0,0,0	5.9689155	0.9994711	2.3665922	4.0026846	5.1140046	3.9875722	1.5898806	7.545514
chr7	36485000	36490000	chr7	36985000	36990000	0,0,0	6.1661386	0.99939734	2.5044453	3.9070134	4.926644	3.9420657	1.7811115	7.414967
chr7	38800000	38805000	chr7	39460000	39465000	0,0,0	4.9000735	0.9997204	2.2537348	4.2699585	4.7701187	4.3873773	2.2530935	8.182896
chr7	92690000	92695000	chr7	93055000	93060000	0,0,0	4.866316	0.9924275	2.4706814	2.1645274	2.6743202	2.959719	1.4640136	4.8837433
chr7	20990000	20995000	chr7	21250000	21255000	0,0,0	7.7576036	0.9997462	3.1304498	4.4436235	5.4948688	4.3299937	1.517368	8.2798815
chr7	18350000	18355000	chr7	18570000	18575000	0,0,0	6.636002	1.0	3.322163	2.517287	3.890552	4.3616586	1.3837951	6.599247
chr7	45920000	45925000	chr7	46350000	46355000	0,0,0	12.289483	0.9999991	4.5415998	7.4208293	10.017664	7.339776	3.2879415	13.936069
chr7	24815000	24820000	chr7	24980000	24985000	0,0,0	5.2858796	0.9969743	2.7595477	1.9463646	3.3590503	4.0711083	1.4848233	5.801211
chr7	155795000	155800000	chr7	156470000	156475000	0,0,0	10.085997	0.99998665	4.7897882	5.309649	6.556765	6.507429	2.3890615	11.227117
chr7	37235000	37240000	chr7	37505000	37510000	0,0,0	6.2334285	1.0	2.5595815	3.4108171	3.859971	3.0115526	1.3618181	6.0433903
chr7	90155000	90160000	chr7	90425000	90430000	0,0,0	11.387337	1.0	4.3335295	4.699406	7.4896507	5.988633	2.991886	10.165883
chr7	118345000	118350000	chr7	119175000	119180000	0,0,0	5.789801	1.0	2.721914	2.5644524	3.4071822	3.3844745	1.7178872	5.6639876
chr7	38790000	38795000	chr7	39520000	39525000	0,0,0	5.2113285	0.999549	2.6750944	3.4267557	4.1455894	4.658774	1.9737337	7.7047787
chr7	785000	790000	chr7	875000	880000	0,0,0	8.129804	1.0	2.5476942	3.7951624	4.4689116	2.5607188	1.636588	5.9341965
chr7	112500000	112505000	chr7	112895000	112900000	0,0,0	5.3900857	0.9992991	2.262689	3.9172053	4.626705	3.7819214	1.7754339	7.2638817
chr7	81495000	81500000	chr7	82015000	82020000	0,0,0	12.848248	0.9999992	5.3207293	7.914154	8.946225	7.060451	3.283382	14.095255
chr7	149900000	149905000	chr7	152785000	152790000	0,0,0	308.1499	1.0	59.38648	41.742817	51.02171	19.89107	18.86697	56.995796
chr7	24810000	24815000	chr7	25090000	25095000	0,0,0	9.195359	0.99998385	4.552124	4.4123545	6.500505	7.11312	2.148892	11.0352125
chr7	116665000	116670000	chr7	116805000	116810000	0,0,0	8.046767	0.9999102	3.3649552	4.4064865	6.268066	5.4014497	1.8830984	9.318327
chr7	55280000	55285000	chr7	55415000	55420000	0,0,0	7.1607904	1.0	3.6918914	1.5608503	3.0814364	3.714642	0.7931889	5.1020646
chr7	35710000	35715000	chr7	35905000	35910000	0,0,0	9.802228	0.9999567	4.1337533	4.0114837	7.074256	6.48327	2.1381629	10.049033
chr7	75865000	75870000	chr7	76020000	76025000	0,0,0	11.082392	0.9999888	3.71715	6.2086	8.736153	5.883604	2.7796032	11.40236
chr7	16980000	16985000	chr7	17300000	17305000	0,0,0	7.0770383	0.99963	2.9695807	3.3198552	5.5067644	4.9517484	1.5727897	7.90273
chr7	108180000	108185000	chr7	108495000	108500000	0,0,0	9.25492	0.9999954	4.021894	5.484838	8.113903	7.412626	2.2133982	12.288037
chr7	99040000	99045000	chr7	99310000	99315000	0,0,0	7.6709094	0.9999876	3.0562704	5.9704475	7.636178	5.99274	2.494871	11.299805
chr7	70195000	70200000	chr7	70695000	70700000	0,0,0	6.5945997	0.9994256	2.627827	4.0245595	5.001913	3.8855333	1.6059872	7.462919
chr7	80430000	80435000	chr7	81455000	81460000	0,0,0	7.2296224	1.0	2.9104543	3.7046494	3.7377443	2.6954045	1.388487	5.988426
chr7	25890000	25895000	chr7	26365000	26370000	0,0,0	17.187273	1.0	5.316653	9.289448	13.567913	8.6193695	4.3913383	16.876656
chr7	43580000	43585000	chr7	43700000	43705000	0,0,0	5.6892805	1.0	2.6291685	2.2635705	3.3004534	3.2617314	0.98040754	5.273794
chr7	94450000	94455000	chr7	95685000	95690000	0,0,0	6.6766105	1.0	3.6175911	1.9176114	2.2993867	2.8467047	1.0048008	4.551248
chr7	36470000	36475000	chr7	37195000	37200000	0,0,0	12.002224	0.9999976	5.797794	6.730076	7.095053	6.967875	3.3824313	12.950165
chr7	32210000	32215000	chr7	32480000	32485000	0,0,0	9.354036	1.0	3.1206176	3.514679	5.5027857	3.8484747	1.5008646	6.972634
chr7	74205000	74210000	chr7	74400000	74405000	0,0,0	9.987614	1.0	3.9057772	3.5109794	6.0685	5.1022224	1.9233127	8.223093
chr7	27195000	27200000	chr7	27915000	27920000	0,0,0	10.405003	0.99997395	4.707519	5.192601	6.435184	5.9403267	2.6602964	10.555972
chr7	8435000	8440000	chr7	8715000	8720000	0,0,0	5.703778	0.998871	2.1717784	4.19248	4.470744	3.0605085	1.687906	6.7871575
chr7	138160000	138165000	chr7	138735000	138740000	0,0,0	10.167881	0.9999995	3.9751575	6.835208	10.416722	8.461659	3.076663	14.5374
chr7	150285000	150290000	chr7	150420000	150425000	0,0,0	10.289896	1.0	3.1083763	4.4934177	5.676958	3.2719424	1.6520458	7.2660913
chr7	15300000	15305000	chr7	16065000	16070000	0,0,0	9.178824	0.9999989	3.9476776	6.5776634	8.945051	7.891534	2.794139	13.738345
chr7	119930000	119935000	chr7	120555000	120560000	0,0,0	6.780856	0.99889904	3.4203122	2.4759722	4.037192	4.6114073	1.744533	6.8122716
chr7	83935000	83940000	chr7	85020000	85025000	0,0,0	16.204872	1.0	6.8658004	11.665281	17.324432	15.34699	5.346278	25.71613
chr7	107740000	107745000	chr7	108145000	108150000	0,0,0	5.761987	1.0	2.7532916	2.5082674	3.0316088	3.0233412	1.0358859	5.252912
chr7	25895000	25900000	chr7	26670000	26675000	0,0,0	7.0054407	1.0	3.489541	2.696523	3.10856	3.2864385	1.1781127	5.6833477
chr7	72820000	72825000	chr7	72910000	72915000	0,0,0	6.5290847	1.0	3.2284842	1.5765504	2.4592345	2.710022	0.8088568	4.1114
chr7	19750000	19755000	chr7	20310000	20315000	0,0,0	7.4041853	0.9999447	3.1079981	4.150654	6.8125587	6.1138344	2.2159371	9.803305
chr7	19980000	19985000	chr7	20595000	20600000	0,0,0	6.8164988	0.9991859	2.702503	3.5837939	4.9169493	3.9285927	1.5962353	7.1141872
chr7	140165000	140170000	chr7	140330000	140335000	0,0,0	4.924623	0.99365526	2.9536548	1.8750648	2.2271712	3.3939257	0.86736333	5.0606503
chr7	106170000	106175000	chr7	106745000	106750000	0,0,0	7.9878573	1.0	3.5054443	2.8620172	3.2819173	2.8311155	1.5980078	5.3751307
chr7	82040000	82045000	chr7	82570000	82575000	0,0,0	9.877025	0.9999873	3.8795762	5.472595	7.9625964	6.412079	2.3633254	11.2766075
chr7	87795000	87800000	chr7	88110000	88115000	0,0,0	7.3498244	0.99980813	2.6819115	4.936713	6.025766	4.171396	1.9282819	8.559585
chr7	82040000	82045000	chr7	82725000	82730000	0,0,0	7.711615	0.9999204	3.2852983	4.315317	6.3081803	5.603746	2.0454428	9.439584
chr7	35185000	35190000	chr7	35625000	35630000	0,0,0	7.9573903	1.0	2.817673	4.5738096	5.253748	3.4061067	2.054902	7.471715
chr7	26855000	26860000	chr7	27135000	27140000	0,0,0	19.077515	1.0	7.9155216	6.895624	11.84483	10.598497	2.559781	16.727942
chr7	88240000	88245000	chr7	88355000	88360000	0,0,0	11.557208	1.0	5.141316	4.6546636	6.848563	6.4410267	2.0774179	10.5785055
chr7	103295000	103300000	chr7	103405000	103410000	0,0,0	6.1095834	1.0	3.0183077	2.3897238	3.2740073	3.5284426	1.0559958	5.6526413
chr7	50465000	50470000	chr7	50635000	50640000	0,0,0	7.892433	0.9998212	2.936793	4.933289	6.0002604	4.2449546	2.0832558	8.6301
chr7	80920000	80925000	chr7	81455000	81460000	0,0,0	7.183649	1.0	3.1832614	2.882993	3.8091054	3.4717119	1.3469467	6.0343723
chr7	85040000	85045000	chr7	85550000	85555000	0,0,0	12.9263935	1.0	4.2332354	7.475068	9.015949	5.492418	2.7787173	12.136922
chr7	107200000	107205000	chr7	107725000	107730000	0,0,0	5.887179	0.99764264	2.6426592	2.1353376	4.1428294	4.152767	1.3019122	6.050845
chr7	12680000	12685000	chr7	13260000	13265000	0,0,0	10.114064	0.9999998	3.2675653	9.973962	11.57886	6.796379	3.661749	15.662123
chr7	5560000	5565000	chr7	5665000	5670000	0,0,0	8.743187	0.9998989	3.231428	4.9938903	6.565639	4.761489	2.216232	9.200503
chr7	124145000	124150000	chr7	124855000	124860000	0,0,0	5.616013	0.99989873	2.4466994	4.458318	5.881765	5.2354712	2.359778	9.198421
chr7	80695000	80700000	chr7	81455000	81460000	0,0,0	13.927925	0.9999999	6.780973	7.041297	9.437515	9.902843	2.935664	16.161774
chr7	13280000	13285000	chr7	14455000	14460000	0,0,0	7.5304465	1.0	3.6624026	3.1605554	4.431641	4.681319	1.6333647	7.4907017
chr7	86935000	86940000	chr7	87235000	87240000	0,0,0	10.339607	1.0	4.1336503	5.725457	6.521624	4.9171453	2.3228762	10.00644
chr7	97145000	97150000	chr7	97830000	97835000	0,0,0	6.886324	0.99992746	3.0251837	4.6158957	6.043275	5.429373	2.1621943	9.532392
chr7	12635000	12640000	chr7	13260000	13265000	0,0,0	16.546553	1.0	5.7845225	11.051331	14.883988	10.259609	3.869293	20.083014
chr7	139500000	139505000	chr7	140000000	140005000	0,0,0	9.338968	0.99996907	2.8485003	6.4293423	8.061778	4.669281	2.735735	10.384252
chr7	11425000	11430000	chr7	12495000	12500000	0,0,0	7.943129	1.0	3.8354154	3.1463552	4.423771	4.6249123	1.6802275	7.4216723
chr7	65725000	65730000	chr7	65960000	65965000	0,0,0	5.67369	1.0	2.8914602	1.7667938	2.1159687	2.344068	1.468933	3.9145515
chr7	12520000	12525000	chr7	13260000	13265000	0,0,0	7.253374	1.0	3.2068038	2.6922534	4.420377	4.2221236	1.32077	6.6152377
chr7	100465000	100470000	chr7	100555000	100560000	0,0,0	6.008269	0.99780583	3.1998835	2.3895762	3.2768133	3.9985309	1.7028497	6.1225986
chr7	45915000	45920000	chr7	47085000	47090000	0,0,0	7.4690576	0.9999909	3.0788434	6.148259	7.583529	6.1392593	3.0741036	11.604379
chr7	45150000	45155000	chr7	45850000	45855000	0,0,0	14.948025	1.0	5.5398364	7.1897306	9.031551	6.4483275	3.782794	12.839199
chr7	16075000	16080000	chr7	16560000	16565000	0,0,0	4.972317	0.9990656	2.5736217	2.4683099	4.024345	4.782253	1.4534607	6.976306
chr7	111090000	111095000	chr7	111485000	111490000	0,0,0	5.7471695	0.9988854	2.53061	3.4225626	4.2352366	3.7576628	1.5354404	6.7999406
chr7	3695000	3700000	chr7	3895000	3900000	0,0,0	6.72409	1.0	2.3589144	3.891522	4.809245	3.200307	1.9934689	6.659437
chr7	31440000	31445000	chr7	31635000	31640000	0,0,0	5.97577	0.9990301	2.7218165	2.9764013	4.415686	4.293368	1.4349153	6.939058
chr7	118915000	118920000	chr7	119180000	119185000	0,0,0	5.025911	0.99381167	2.4834738	2.2738538	2.8828213	3.0644107	0.9410021	5.085614
chr7	36485000	36490000	chr7	36670000	36675000	0,0,0	9.258638	0.9999249	3.8962467	5.023382	6.083228	5.032294	1.8212626	9.497523
chr7	28920000	28925000	chr7	29410000	29415000	0,0,0	12.205961	0.9999985	5.052105	7.1187086	8.7295265	7.091381	3.549516	13.419122
chr7	7100000	7105000	chr7	7540000	7545000	0,0,0	8.615501	1.0	3.6195874	3.5482855	5.243084	4.590784	1.6442419	7.7448163
chr7	134520000	134525000	chr7	134605000	134610000	0,0,0	6.4657383	1.0	2.7912073	3.0452967	4.1474404	3.678439	1.6990213	6.3853693
chr7	122085000	122090000	chr7	122530000	122535000	0,0,0	6.407099	1.0	3.5175025	2.3614168	3.3226273	4.2915187	1.3090118	6.390556
chr7	116165000	116170000	chr7	117120000	117125000	0,0,0	5.4930263	1.0	2.8914826	1.4758037	2.1549232	2.5973277	0.6916697	3.9091532
chr7	19745000	19750000	chr7	20595000	20600000	0,0,0	7.93397	0.9999997	3.125877	9.296439	12.277293	9.61123	3.971638	17.874731
chr7	27195000	27200000	chr7	27740000	27745000	0,0,0	9.675462	1.0	3.546448	5.245385	6.953528	5.01253	2.036268	9.675095
chr7	116260000	116265000	chr7	116525000	116530000	0,0,0	5.04993	0.99982023	2.6259089	3.5372562	4.70004	5.4804673	1.8169956	8.624696
chr7	143240000	143245000	chr7	143305000	143310000	0,0,0	7.0133724	0.99927	2.916406	3.0981407	5.0439696	4.469306	1.8403307	7.223209
chr7	64950000	64955000	chr7	65215000	65220000	0,0,0	9.481289	1.0	2.9333134	5.261803	5.9415703	3.2669728	2.0225055	7.944131
chr7	25260000	25265000	chr7	25565000	25570000	0,0,0	7.777589	0.9998804	3.2821722	4.1546574	6.0798125	5.33916	2.3509033	9.032189
chr7	117455000	117460000	chr7	117715000	117720000	0,0,0	6.236945	0.9999256	2.621079	4.6207867	6.301691	5.3997283	2.0201147	9.507093
chr7	25255000	25260000	chr7	25850000	25855000	0,0,0	12.127959	1.0	4.144387	5.9185605	8.057594	5.4500294	2.4565668	10.710972
chr7	155815000	155820000	chr7	156205000	156210000	0,0,0	4.8842783	0.99542284	2.0807881	3.1015496	3.2807543	2.630302	1.3391584	5.387235
chr7	116255000	116260000	chr7	116810000	116815000	0,0,0	6.3582716	0.99935734	2.4885304	4.294648	4.8428354	3.5331578	1.9716414	7.350623
chr7	97500000	97505000	chr7	97820000	97825000	0,0,0	6.259026	1.0	3.0415318	2.6656468	2.8385036	2.823833	1.250133	5.193297
chr7	77655000	77660000	chr7	77755000	77760000	0,0,0	6.692942	0.9988067	2.812796	3.271388	4.4621787	3.8238401	1.4365361	6.7317405
chr7	155595000	155600000	chr7	155735000	155740000	0,0,0	9.095616	1.0	3.6148992	4.852056	6.0628138	4.703253	2.008154	9.0161915
chr7	30980000	30985000	chr7	31120000	31125000	0,0,0	10.258256	1.0	3.8410063	4.26638	6.149586	4.681508	1.8695967	8.4738455
chr7	142875000	142880000	chr7	143000000	143005000	0,0,0	5.9135246	1.0	2.8862152	2.5622692	3.059078	3.1484377	1.1430467	5.42601
chr7	37900000	37905000	chr7	38105000	38110000	0,0,0	6.2155886	0.9980139	3.5785642	2.166673	3.0414147	4.2962966	1.0511012	6.222228
chr7	31130000	31135000	chr7	31730000	31735000	0,0,0	7.5850105	0.99994415	3.3552716	4.8558445	6.105862	5.477789	2.6019657	9.794095
chr7	143735000	143740000	chr7	144130000	144135000	0,0,0	31.681293	1.0	13.565977	2.7081099	5.4371777	5.1940513	1.5089372	7.6012597
chr7	31130000	31135000	chr7	31630000	31635000	0,0,0	5.959765	0.99971557	2.1926353	4.1365066	5.9966755	4.488911	1.7039354	8.165806
chr7	150780000	150785000	chr7	150875000	150880000	0,0,0	4.8706875	1.0	2.321701	1.9164609	2.7914114	2.8820405	1.1143857	4.5855613
chr7	48425000	48430000	chr7	48870000	48875000	0,0,0	7.183507	0.9999912	2.9728315	5.063929	8.12981	7.139835	2.6339083	11.641106
chr7	129825000	129830000	chr7	130010000	130015000	0,0,0	5.088786	1.0	2.782411	1.0724481	2.8922482	3.888045	0.70646906	4.841332
chr7	19710000	19715000	chr7	20595000	20600000	0,0,0	8.52273	0.9999999	3.6511884	7.2875414	10.609967	9.4817505	3.5639462	15.959565
chr7	37900000	37905000	chr7	38220000	38225000	0,0,0	13.066022	0.9999988	4.7790194	8.090607	9.473937	6.4503536	2.8241487	13.642004
chr7	90150000	90155000	chr7	90260000	90265000	0,0,0	11.052371	1.0	3.7071435	5.3243637	6.6467957	4.2318587	1.8639075	8.964626
chr7	31740000	31745000	chr7	32200000	32205000	0,0,0	7.605616	0.99999505	3.0607088	5.779763	8.523051	7.08568	2.7716537	12.223248
chr7	50465000	50470000	chr7	51160000	51165000	0,0,0	6.6725106	1.0	2.8969905	2.2716248	4.2172785	4.0355406	1.14346	6.054763
chr7	31740000	31745000	chr7	32340000	32345000	0,0,0	5.580222	0.9990218	2.3562047	3.6074166	4.452796	3.7239282	1.6031749	6.9305205
chr7	5995000	6000000	chr7	6105000	6110000	0,0,0	9.73134	1.0	5.310829	2.138271	3.180189	4.0861874	1.1453867	5.9868727
chr7	85885000	85890000	chr7	86465000	86470000	0,0,0	8.622046	0.9998596	4.171848	3.9084857	5.2003927	5.3973184	2.6437743	8.871529
chr7	54770000	54775000	chr7	55415000	55420000	0,0,0	9.844426	1.0	3.6022978	4.9990983	5.2628536	3.3912644	1.6901459	7.8349075
chr7	116170000	116175000	chr7	116805000	116810000	0,0,0	6.6523614	1.0	3.1072786	3.1730652	3.947511	3.825677	1.5353665	6.6461787
chr7	142635000	142640000	chr7	143000000	143005000	0,0,0	6.459631	0.9986726	2.7114143	3.6030085	4.2052164	3.4225485	1.9003277	6.6252227
chr7	104920000	104925000	chr7	105585000	105590000	0,0,0	7.934613	0.9998458	3.118798	5.38025	5.634436	3.9955897	2.2103765	8.778034
chr7	16800000	16805000	chr7	16915000	16920000	0,0,0	5.820205	1.0	2.1992497	3.2020288	3.8200912	2.7305255	1.3095667	5.576773
chr7	82235000	82240000	chr7	82725000	82730000	0,0,0	7.053567	0.9996194	2.9051752	3.4496374	5.5115385	4.8082647	1.6317831	7.8746095
chr7	120790000	120795000	chr7	121105000	121110000	0,0,0	5.643494	1.0	2.7539139	2.2693172	2.511245	2.5400336	0.90850735	4.5572042
chr7	13280000	13285000	chr7	14690000	14695000	0,0,0	21.963697	1.0	5.5361495	11.230907	13.092703	6.025215	3.6673722	16.008244
chr7	7100000	7105000	chr7	7405000	7410000	0,0,0	6.2368827	0.99936825	2.726313	3.8351383	4.5622663	3.9587228	1.6018624	7.3677344
chr7	1195000	1200000	chr7	1410000	1415000	0,0,0	8.485115	1.0	3.700991	3.8144586	4.8164177	4.2414	1.9504129	7.6320305
chr7	100130000	100135000	chr7	100215000	100220000	0,0,0	7.7173347	1.0	2.5075738	4.208383	5.144855	3.1316462	1.8607988	6.872431
chr7	45915000	45920000	chr7	47175000	47180000	0,0,0	5.9215055	0.9998887	3.1674538	3.6640787	4.7841654	5.847392	1.8902129	9.104351
chr7	11835000	11840000	chr7	12495000	12500000	0,0,0	6.8821926	1.0	3.417077	3.296834	3.4674857	3.572445	1.93466	6.502964
chr7	82040000	82045000	chr7	82605000	82610000	0,0,0	6.636879	0.9998212	2.46877	5.3719435	5.7824917	3.8549128	2.137172	8.629973
chr7	107460000	107465000	chr7	107720000	107725000	0,0,0	8.452356	0.9998448	4.174703	3.2517223	5.310401	5.881159	1.3432707	8.771578
chr7	92620000	92625000	chr7	92830000	92835000	0,0,0	5.615639	0.9975782	3.0259202	2.3970206	3.1420884	3.8931923	1.1881028	6.023877
chr7	149945000	149950000	chr7	154145000	154150000	0,0,0	24.451702	1.0	4.640543	33.94241	36.853188	12.345553	13.459776	42.516582
chr7	16110000	16115000	chr7	16560000	16565000	0,0,0	11.817446	0.9999996	5.34282	6.6960917	9.23107	8.741881	4.183952	14.693963
chr7	7420000	7425000	chr7	7540000	7545000	0,0,0	10.693923	1.0	4.878163	4.2292166	6.246848	6.0806365	2.4460914	9.83994
chr7	31370000	31375000	chr7	31630000	31635000	0,0,0	8.29413	1.0	3.6934655	3.29868	5.382001	5.1805944	1.8694853	8.112755
chr7	38105000	38110000	chr7	38220000	38225000	0,0,0	8.096345	0.9997917	3.2993085	4.2216954	5.737108	4.724583	1.9255661	8.477201
chr7	27195000	27200000	chr7	27600000	27605000	0,0,0	7.393054	0.99993247	3.408233	3.8920627	6.1423607	6.1445003	1.9720671	9.604112
chr7	142625000	142630000	chr7	142780000	142785000	0,0,0	6.4251385	0.99954695	2.360517	4.5774894	5.3226137	3.631365	1.6161685	7.7002444
chr7	112550000	112555000	chr7	112890000	112895000	0,0,0	5.657758	0.9993335	3.1802037	2.2475193	3.8808296	5.3164515	1.6012304	7.3142467
chr7	98020000	98025000	chr7	98165000	98170000	0,0,0	13.919728	1.0	4.6380854	7.7434497	10.067178	6.495651	2.6968267	13.378717
chr7	35980000	35985000	chr7	36290000	36295000	0,0,0	11.577674	0.99999994	4.209512	9.360213	12.082089	8.536529	4.377476	16.856718
chr7	37900000	37905000	chr7	38315000	38320000	0,0,0	5.683839	0.9986954	2.979917	2.9639432	3.4555104	4.0079083	1.4441485	6.6425242
chr7	5240000	5245000	chr7	5445000	5450000	0,0,0	6.5015855	0.9989169	2.6079168	3.8063684	4.486717	3.4452047	1.6850259	6.8286433
chr7	26500000	26505000	chr7	26665000	26670000	0,0,0	4.92751	0.99493	2.292491	2.728457	3.0516672	2.859675	1.016062	5.28497
chr7	107875000	107880000	chr7	108145000	108150000	0,0,0	5.2377644	0.9954819	2.6066923	2.5547538	2.9611855	3.1293318	1.216404	5.4002237
chr7	6965000	6970000	chr7	7535000	7540000	0,0,0	8.800245	1.0	4.0456963	2.9521646	3.8861651	3.7278802	1.712446	6.3520265
chr7	135275000	135280000	chr7	135640000	135645000	0,0,0	6.4092965	1.0	2.8538673	2.7132628	4.102853	3.886896	1.5224613	6.298685
chr7	19120000	19125000	chr7	19660000	19665000	0,0,0	5.72218	1.0	3.0117614	1.9505767	2.8688455	3.4601738	1.0156509	5.19402
chr7	76440000	76445000	chr7	76605000	76610000	0,0,0	85.32727	1.0	18.422287	35.840725	41.80843	16.893648	14.59858	48.75207
chr7	143005000	143010000	chr7	143210000	143215000	0,0,0	12.4711485	0.9999992	5.3732395	6.8972344	9.067834	7.9437613	3.5262334	14.074637
chr7	105640000	105645000	chr7	106150000	106155000	0,0,0	7.1846814	1.0	2.8830051	3.0133233	3.0790188	2.2232678	1.2908325	4.9017777
chr7	51160000	51165000	chr7	51365000	51370000	0,0,0	9.383456	1.0	3.6096945	4.495644	5.9132257	4.492351	2.3857403	8.48848
chr7	104230000	104235000	chr7	104915000	104920000	0,0,0	7.8006225	1.0	2.8593705	4.307348	4.8486123	3.2460122	1.9834441	7.074766
chr7	12690000	12695000	chr7	13115000	13120000	0,0,0	5.164646	0.99986935	2.2499762	5.1512794	5.310945	4.364845	2.0304897	8.94376
chr7	116175000	116180000	chr7	116585000	116590000	0,0,0	7.2858295	0.99998766	3.1723368	4.8095818	7.5693364	7.0311866	2.0678365	11.306371
chr7	137900000	137905000	chr7	138005000	138010000	0,0,0	18.743582	1.0	6.2032013	6.8701515	9.775507	6.5301948	2.5440125	12.636996
chr7	26375000	26380000	chr7	26500000	26505000	0,0,0	5.147358	0.995297	3.0094266	1.5484238	2.704381	3.9837391	0.9271848	5.360116
chr7	75450000	75455000	chr7	75760000	75765000	0,0,0	21.88289	1.0	6.3720527	7.652338	8.064891	3.9346008	3.0468438	10.736679
chr7	101540000	101545000	chr7	102270000	102275000	0,0,0	8.616364	0.9999987	3.0650606	6.6560464	10.323251	7.6442175	3.468185	13.560703
chr7	11425000	11430000	chr7	11830000	11835000	0,0,0	5.155138	0.99692196	1.9883623	3.0177774	4.04287	3.1016014	1.0362797	5.7840695
chr7	26085000	26090000	chr7	26360000	26365000	0,0,0	6.756466	1.0	3.9148843	1.9969091	3.3023026	4.76959	1.0898496	6.54462
chr7	28920000	28925000	chr7	29100000	29105000	0,0,0	12.311893	0.9999978	5.2165747	5.6699057	8.889249	7.980239	2.7325995	13.020155
chr7	12065000	12070000	chr7	12485000	12490000	0,0,0	5.736561	1.0	2.6452322	1.9985555	3.2238693	3.2391024	1.1232156	5.0155964
chr7	139645000	139650000	chr7	140000000	140005000	0,0,0	13.162553	0.99999994	4.4341097	10.513933	12.079813	7.386431	3.8086164	16.73215
chr7	135800000	135805000	chr7	136005000	136010000	0,0,0	10.349464	0.9999935	4.5259314	5.098679	7.954534	7.414894	2.710087	11.947054
chr7	74050000	74055000	chr7	74400000	74405000	0,0,0	7.3529224	1.0	3.5827863	2.8891103	4.046426	4.285723	1.5752853	6.8538218
chr7	73605000	73610000	chr7	73725000	73730000	0,0,0	11.533809	1.0	4.964029	3.9904099	5.431651	4.7975965	1.5368379	8.344627
chr7	30160000	30165000	chr7	30415000	30420000	0,0,0	6.9618144	0.9999417	2.4840648	5.2515087	7.1738486	5.083034	2.7831333	9.751042
chr7	38395000	38400000	chr7	39515000	39520000	0,0,0	8.52477	1.0	3.8593159	3.7118826	3.7855415	3.2977846	1.5114189	6.5972357
chr7	95915000	95920000	chr7	97030000	97035000	0,0,0	9.005741	0.9999998	3.3894877	8.7687	10.66547	7.650461	4.0432205	15.444861
chr7	129365000	129370000	chr7	129635000	129640000	0,0,0	6.4812374	0.9993615	3.042198	2.971386	4.614048	4.71596	1.6527209	7.357192
chr7	137605000	137610000	chr7	137895000	137900000	0,0,0	9.704405	1.0	3.8006387	3.682982	6.1585093	5.142316	2.000447	8.416078
chr7	23260000	23265000	chr7	23710000	23715000	0,0,0	7.633276	1.0	3.0077925	3.9921699	4.389033	3.1951737	1.4611493	6.743769
chr7	17705000	17710000	chr7	18340000	18345000	0,0,0	6.451458	0.9996987	3.7419388	2.8462055	3.8977704	5.578317	1.8871685	8.108277
chr7	124150000	124155000	chr7	124780000	124785000	0,0,0	6.7799463	0.999989	2.8523843	5.798274	7.4324684	6.2603226	2.418418	11.414344
chr7	131505000	131510000	chr7	131650000	131655000	0,0,0	11.241208	1.0	4.825576	3.5153818	5.7040467	5.2426734	1.7954934	8.367457
chr7	21255000	21260000	chr7	21760000	21765000	0,0,0	7.6570044	0.9997977	3.208371	3.6712713	5.8866487	5.2432876	2.1818662	8.5066395
chr7	105755000	105760000	chr7	106010000	106015000	0,0,0	6.782565	0.99936664	3.7156343	1.9524596	4.2275276	5.6297216	1.3445035	7.3652415
chr7	2245000	2250000	chr7	2350000	2355000	0,0,0	5.84269	1.0	2.2814786	3.2511468	3.3719923	2.3576062	1.3073905	5.2475142
chr7	121120000	121125000	chr7	121540000	121545000	0,0,0	6.524165	0.9985797	3.4383967	2.9723964	3.3599813	3.9154112	1.9538277	6.5575414
chr7	92620000	92625000	chr7	93050000	93055000	0,0,0	10.8488455	0.9999954	3.717262	7.4553766	8.903402	5.670542	2.7467592	12.297544
chr7	27235000	27240000	chr7	27575000	27580000	0,0,0	5.828427	0.99986017	2.7840307	3.339444	5.574277	5.9074254	2.089662	8.87582
chr7	98430000	98435000	chr7	98745000	98750000	0,0,0	13.210314	0.99999994	4.4930706	9.223993	12.527529	8.424024	3.704281	16.623129
chr7	129215000	129220000	chr7	129635000	129640000	0,0,0	6.5124645	1.0	2.5708833	3.5176642	3.5473547	2.4841504	1.4240211	5.610963
chr7	129660000	129665000	chr7	129820000	129825000	0,0,0	5.3850703	1.0	3.0399494	1.4653832	2.3113174	3.1709836	1.0416127	4.4735465
chr7	95525000	95530000	chr7	95685000	95690000	0,0,0	19.349497	1.0	7.115919	8.960587	11.162064	7.869316	3.1657887	15.834282
chr7	80425000	80430000	chr7	80660000	80665000	0,0,0	9.473247	1.0	3.8578415	4.4160485	6.098333	5.042887	2.234852	8.968264
chr7	106945000	106950000	chr7	107150000	107155000	0,0,0	9.739488	1.0	3.908651	4.850606	6.54531	5.2781014	2.3083029	9.589751
chr7	141975000	141980000	chr7	142190000	142195000	0,0,0	7.964754	0.9999586	2.851375	5.891263	7.178788	4.8561873	2.4007995	10.092866
chr7	99910000	99915000	chr7	99990000	99995000	0,0,0	6.064316	0.9988006	2.286138	3.3819692	4.8571286	3.720405	1.6640718	6.7265997
chr7	28390000	28395000	chr7	28625000	28630000	0,0,0	6.334227	0.999727	3.0102525	3.7535877	4.852453	4.87044	1.9797692	8.206963
chr7	116590000	116595000	chr7	116810000	116815000	0,0,0	10.478721	0.99997985	3.9650807	5.5948772	7.7058935	5.8409066	2.51767	10.814131
chr7	130070000	130075000	chr7	130825000	130830000	0,0,0	8.586506	0.9999532	3.3952591	5.267752	6.785804	5.2890644	2.7513149	9.971511
chr7	25260000	25265000	chr7	25385000	25390000	0,0,0	7.875891	1.0	3.2234976	3.530239	5.502529	4.736042	1.6906631	7.874032
chr7	148500000	148505000	chr7	148960000	148965000	0,0,0	13.193537	1.0	4.7057056	7.450716	9.187584	6.2231927	3.4265327	12.846051
chr7	106055000	106060000	chr7	106150000	106155000	0,0,0	17.15988	1.0	6.0789475	6.83339	8.681524	5.9164333	2.322629	11.990558
chr7	148570000	148575000	chr7	148960000	148965000	0,0,0	5.5915384	0.9992205	3.1212459	2.959537	3.461091	4.5268683	1.6817794	7.1575675
chr7	82605000	82610000	chr7	82725000	82730000	0,0,0	5.195933	1.0	2.7929525	1.9654832	2.523955	3.1056943	1.345021	4.8527904
chr7	35190000	35195000	chr7	35525000	35530000	0,0,0	7.591252	0.9997881	3.4937882	4.134697	5.0679464	4.785101	1.8043168	8.460387
chr7	42935000	42940000	chr7	43440000	43445000	0,0,0	6.633126	1.0	2.5740843	3.6120982	4.1809645	3.0508406	1.8044571	6.2615943
chr7	19710000	19715000	chr7	20310000	20315000	0,0,0	6.0124607	0.9987676	2.3788097	3.951887	4.3504076	3.1867101	1.9951943	6.699498
chr7	70040000	70045000	chr7	70695000	70700000	0,0,0	7.2972803	0.99951285	3.0339596	3.9449587	4.990597	4.1210804	1.8051269	7.62771
chr7	155810000	155815000	chr7	156160000	156165000	0,0,0	6.504328	0.99894595	3.4060302	3.014974	3.5952222	4.175854	1.9403397	6.8558307
chr7	38930000	38935000	chr7	39460000	39465000	0,0,0	6.827017	0.9999864	2.8436399	5.130982	7.6510396	6.6454453	2.4132512	11.206319
chr7	5995000	6000000	chr7	6320000	6325000	0,0,0	13.009914	1.0	5.400807	4.2144623	5.8364086	4.946222	1.9540644	8.69241
chr7	61045000	61050000	chr7	62400000	62405000	0,0,0	8.681733	0.99991846	2.9509141	4.842643	7.289497	5.1105423	2.4342337	9.415113
chr7	134430000	134435000	chr7	134605000	134610000	0,0,0	10.04522	1.0	4.775378	3.1750197	4.3395305	4.408449	1.6203581	7.230689
chr7	74445000	74450000	chr7	74545000	74550000	0,0,0	6.145525	0.9979798	2.9753628	2.9720845	3.515442	3.5633545	1.5064517	6.2052073
chr7	30800000	30805000	chr7	30975000	30980000	0,0,0	6.9947844	1.0	2.7763617	3.3631287	4.1121426	3.1589334	1.6325134	6.1483808
chr7	81500000	81505000	chr7	81715000	81720000	0,0,0	6.193982	0.9987419	2.6124697	3.6373944	4.2155013	3.445631	1.5563122	6.6788707
chr7	116255000	116260000	chr7	116585000	116590000	0,0,0	11.214337	1.0	3.9861565	10.075285	13.177026	9.130329	3.956407	18.086138
chr7	25890000	25895000	chr7	26060000	26065000	0,0,0	9.748341	1.0	4.5660186	3.437581	4.712143	4.6864996	1.414213	7.742127
chr7	127705000	127710000	chr7	128205000	128210000	0,0,0	8.201955	0.99991626	3.6418593	4.1862164	6.0628567	5.6674747	1.9754524	9.388556
chr7	37235000	37240000	chr7	37830000	37835000	0,0,0	10.375743	1.0	4.7832355	4.350286	5.595891	5.3603106	1.9162627	9.227231
chr7	94445000	94450000	chr7	95475000	95480000	0,0,0	7.024865	0.99976444	3.2118402	4.314628	4.9280443	4.5190773	1.9952593	8.354302
chr7	70830000	70835000	chr7	71730000	71735000	0,0,0	12.227757	0.99999994	4.823411	7.8936114	12.13995	9.985787	3.828902	17.00233
chr7	106790000	106795000	chr7	107150000	107155000	0,0,0	18.31282	1.0	5.620809	9.9198675	11.951576	6.7989626	3.5721714	15.616623
chr7	100130000	100135000	chr7	100405000	100410000	0,0,0	6.2739916	1.0	2.5568461	2.9729567	4.138427	3.433537	1.5243356	6.076165
chr7	93250000	93255000	chr7	93545000	93550000	0,0,0	5.098869	0.99479437	2.4718912	2.6530309	2.9066885	2.9003077	1.2636287	5.2585573
chr7	76175000	76180000	chr7	76260000	76265000	0,0,0	6.1890583	0.99940807	2.1431978	4.68978	5.247277	3.264225	1.7478734	7.432918
chr7	22560000	22565000	chr7	22725000	22730000	0,0,0	10.989525	0.99999964	4.3407736	6.7797327	10.647204	8.822504	3.3272812	14.848933
chr7	76175000	76180000	chr7	76315000	76320000	0,0,0	7.6313124	1.0	3.7234142	2.441802	3.8923953	4.22004	2.0969875	6.3905306
chr7	122215000	122220000	chr7	122530000	122535000	0,0,0	10.945276	0.9999984	4.743551	6.0504155	8.781561	7.95784	3.3358517	13.335987
chr7	128905000	128910000	chr7	129090000	129095000	0,0,0	4.979772	0.9969025	2.2811818	2.2809162	3.7517734	3.750279	1.2374431	5.77776
chr7	50465000	50470000	chr7	50675000	50680000	0,0,0	5.886205	1.0	2.7833216	2.251532	3.4722712	3.5810559	1.2926435	5.5824175
chr7	18060000	18065000	chr7	18340000	18345000	0,0,0	5.0152817	0.995264	1.9968764	3.1716921	3.4481025	2.5338323	1.4733031	5.353114
chr7	155185000	155190000	chr7	155345000	155350000	0,0,0	9.173022	1.0	3.8234406	4.034873	5.4566574	4.6156616	2.1984727	8.202215
chr7	117750000	117755000	chr7	118150000	118155000	0,0,0	6.138088	0.99993485	2.6504838	4.896376	6.110286	5.287781	2.4299777	9.640116
chr7	74415000	74420000	chr7	74540000	74545000	0,0,0	12.109535	1.0	5.162717	4.7158017	6.039373	5.176456	2.3050468	9.368279
chr7	85885000	85890000	chr7	86905000	86910000	0,0,0	7.814159	1.0	3.8547611	2.097759	3.7189076	4.157453	1.3305231	6.022127
chr7	140515000	140520000	chr7	140650000	140655000	0,0,0	14.934967	1.0	4.261259	8.721698	10.421932	5.4854627	2.9328587	13.238083
chr7	19120000	19125000	chr7	19440000	19445000	0,0,0	5.3705745	0.997754	2.3703818	3.1925197	3.727554	3.261427	1.3354307	6.099222
chr7	83975000	83980000	chr7	85020000	85025000	0,0,0	9.402291	0.99999964	3.838135	7.1962543	10.081121	8.397024	3.07688	14.793694
chr7	101685000	101690000	chr7	101805000	101810000	0,0,0	5.109168	1.0	2.431846	1.477973	3.0998416	3.3746843	0.90460324	4.6884384
chr7	22105000	22110000	chr7	22485000	22490000	0,0,0	16.759987	1.0	8.770558	7.304715	11.332436	13.625096	4.1907005	20.118177
chr7	145035000	145040000	chr7	146090000	146095000	0,0,0	7.4262915	1.0	3.0172622	3.532776	4.860716	4.0036116	1.7486327	7.143857
chr2	57905000	57910000	chr2	58445000	58450000	0,0,0	5.6064014	0.99992	3.03562	2.7162318	5.401714	7.020415	1.5865684	9.434843
chr2	42095000	42100000	chr2	42365000	42370000	0,0,0	5.82903	1.0	2.8936465	1.8754954	2.6637883	2.9100847	1.0104564	4.577192
chr2	127320000	127325000	chr2	127480000	127485000	0,0,0	5.62202	0.9989054	2.6174552	3.520529	3.9331603	3.688756	1.6346503	6.818115
chr2	218855000	218860000	chr2	219010000	219015000	0,0,0	4.4690237	1.0	2.0721197	2.2807431	2.2993586	2.0772312	0.9178064	4.104558
chr2	175410000	175415000	chr2	176095000	176100000	0,0,0	6.942223	0.9998263	2.7348795	5.0950375	5.6522236	4.1301384	2.5640087	8.6590605
chr2	186860000	186865000	chr2	187450000	187455000	0,0,0	9.332078	0.999975	4.275707	4.5006166	6.7230005	6.598625	3.0222316	10.599173
chr2	3420000	3425000	chr2	3645000	3650000	0,0,0	7.514515	1.0	3.213537	2.629428	3.615291	3.1753888	1.2200475	5.512658
chr2	238365000	238370000	chr2	238460000	238465000	0,0,0	7.584006	1.0	3.7330544	2.5595925	4.369031	4.844624	1.4237037	7.1198173
chr2	102015000	102020000	chr2	102240000	102245000	0,0,0	6.2629485	0.9991426	3.4102066	2.4389863	3.8068235	4.894313	1.6007634	7.0623007
chr2	218725000	218730000	chr2	218845000	218850000	0,0,0	6.1063366	0.99841505	2.8602946	3.2572033	3.7270164	3.552576	1.4658873	6.447868
chr2	171700000	171705000	chr2	172460000	172465000	0,0,0	6.2358932	1.0	2.90278	2.9380813	3.4295976	3.2538571	1.390489	5.865485
chr2	169525000	169530000	chr2	169765000	169770000	0,0,0	4.9269185	0.99763846	1.9703615	3.5352824	3.9041307	2.9065862	1.4947554	6.0490594
chr2	27095000	27100000	chr2	27270000	27275000	0,0,0	5.771218	0.99817765	3.5250018	2.0737777	2.7994375	4.4649286	1.1287746	6.3082867
chr2	110110000	110115000	chr2	110150000	110155000	0,0,0	3.647192	1.0	2.118122	1.3048649	1.6728221	2.389739	0.6330809	3.549619
chr2	127880000	127885000	chr2	128025000	128030000	0,0,0	3.7545547	0.97706836	1.9448369	1.7894248	1.9488435	2.185029	0.87529576	3.7756286
chr2	205370000	205375000	chr2	205670000	205675000	0,0,0	3.9094467	0.98767406	1.9118286	2.1097682	2.4552586	2.5211558	1.1769742	4.3965054
chr2	149090000	149095000	chr2	149570000	149575000	0,0,0	4.1526766	0.9931048	1.83681	2.6751697	2.9996457	2.5995226	1.3755984	4.9774513
chr2	186495000	186500000	chr2	186775000	186780000	0,0,0	5.3094325	0.99513793	3.247472	1.5975472	2.4336088	3.9068074	1.1900402	5.3268495
chr2	196125000	196130000	chr2	196340000	196345000	0,0,0	6.3737473	0.9999689	3.1541564	3.969606	6.2076774	6.851275	2.143356	10.379813
chr2	172125000	172130000	chr2	172465000	172470000	0,0,0	3.6573708	0.99033785	1.8968605	1.7160718	2.6318378	3.114625	1.0244906	4.6400223
chr2	45640000	45645000	chr2	45775000	45780000	0,0,0	6.66436	1.0	2.832065	3.4690104	4.132692	3.4463904	1.5375406	6.5299554
chr2	113135000	113140000	chr2	113365000	113370000	0,0,0	7.4800096	1.0	3.9147432	2.4814363	3.4092693	4.0379777	1.125618	6.243699
chr2	199975000	199980000	chr2	200480000	200485000	0,0,0	8.553398	0.9999987	4.963866	4.881234	6.444666	9.211524	2.2754564	13.550399
chr2	135470000	135475000	chr2	135705000	135710000	0,0,0	8.514625	1.0	3.1438966	4.1821036	5.9790273	4.470806	2.467935	8.188231
chr2	54110000	54115000	chr2	54700000	54705000	0,0,0	7.6726213	0.99992275	4.1101995	3.840242	4.9496136	6.0557613	2.3687868	9.46931
chr2	46655000	46660000	chr2	46775000	46780000	0,0,0	4.680943	0.9942557	1.9056647	3.1217623	3.2193658	2.3851876	1.1210053	5.1600876
chr2	222970000	222975000	chr2	223100000	223105000	0,0,0	4.850542	1.0	2.6753461	1.5038105	2.1290638	2.774876	0.848282	4.1115966
chr2	10070000	10075000	chr2	10435000	10440000	0,0,0	5.672505	0.9992114	3.2939851	1.8761982	3.743671	5.478188	1.3385047	7.14592
chr2	56130000	56135000	chr2	57515000	57520000	0,0,0	5.7285514	0.99989915	2.331684	5.257154	5.897864	4.5296474	2.0902429	9.202673
chr2	55770000	55775000	chr2	55960000	55965000	0,0,0	6.3334026	0.99998057	2.279184	7.4284587	9.815369	6.9237175	2.73947	13.526793
chr2	149595000	149600000	chr2	150610000	150615000	0,0,0	13.3474655	0.9999998	5.0759554	9.450063	10.474012	7.2967114	3.2621818	15.696768
chr2	68120000	68125000	chr2	68290000	68295000	0,0,0	5.5132465	0.9983741	2.151263	3.8661711	4.18624	2.9857752	1.4200963	6.4223714
chr2	147080000	147085000	chr2	147910000	147915000	0,0,0	8.251253	0.9999587	3.5756009	5.196657	6.3409643	5.477017	2.2763348	10.096268
chr2	106635000	106640000	chr2	106865000	106870000	0,0,0	4.768754	1.0	2.6097863	1.3630062	1.7544084	2.2319405	1.044711	3.4435015
chr2	205710000	205715000	chr2	205880000	205885000	0,0,0	4.273447	0.9884404	1.8760451	2.4007838	2.70969	2.3266733	1.043818	4.4607034
chr2	64915000	64920000	chr2	65035000	65040000	0,0,0	12.794555	1.0	5.723399	3.2227714	6.529925	6.5630856	1.9323018	9.427772
chr2	73755000	73760000	chr2	74260000	74265000	0,0,0	3.8008971	0.99079204	1.9769526	2.000402	2.5149937	2.9100401	1.3705088	4.688175
chr2	18745000	18750000	chr2	19360000	19365000	0,0,0	13.717639	1.0	3.9225528	11.956513	16.02	9.088921	4.3287053	19.716932
chr2	69560000	69565000	chr2	69710000	69715000	0,0,0	11.425434	1.0	5.0215063	4.7234573	7.538126	7.105448	2.4931638	11.304076
chr2	232845000	232850000	chr2	233045000	233050000	0,0,0	3.9911344	0.99179643	1.9346379	2.1775103	2.7787092	2.8681214	1.0175719	4.803686
chr2	178795000	178800000	chr2	178915000	178920000	0,0,0	4.605863	0.990327	1.976835	2.6840463	2.7952962	2.253079	1.1123469	4.638898
chr2	223455000	223460000	chr2	223600000	223605000	0,0,0	4.064097	0.99200976	1.8130438	2.5439754	2.9081614	2.5687215	1.1047359	4.830033
chr2	30715000	30720000	chr2	31170000	31175000	0,0,0	7.3787394	0.99989563	2.6208014	5.2675447	6.6036506	4.4861526	2.1608338	9.168414
chr2	230005000	230010000	chr2	230610000	230615000	0,0,0	7.9799676	0.9999867	3.029008	6.085542	7.843999	5.820914	2.7874207	11.230285
chr2	176140000	176145000	chr2	176635000	176640000	0,0,0	16.659676	1.0	7.472	8.993638	11.037878	10.033492	3.718876	18.027838
chr2	29920000	29925000	chr2	30070000	30075000	0,0,0	4.698229	0.9931687	1.9139827	2.884829	3.1751366	2.4224646	1.1507467	4.986757
chr2	224645000	224650000	chr2	224775000	224780000	0,0,0	4.3032303	0.98693967	2.2817092	2.0033288	2.1829426	2.5578885	0.8549961	4.3386254
chr2	119030000	119035000	chr2	119130000	119135000	0,0,0	3.8765574	0.98794544	1.991344	2.2362645	2.2395215	2.4309802	0.9610506	4.418771
chr2	176140000	176145000	chr2	176455000	176460000	0,0,0	9.498949	0.99998003	4.5421968	3.7265475	6.9597425	7.5087137	2.2299712	10.8212
chr2	218400000	218405000	chr2	218650000	218655000	0,0,0	4.9779177	0.9975596	2.0198336	2.4191282	4.3765125	3.8658879	1.6944879	6.016224
chr2	113750000	113755000	chr2	113885000	113890000	0,0,0	4.4156394	0.995416	2.0466232	2.5099072	3.2598555	3.1547058	1.3509561	5.3857346
chr2	46005000	46010000	chr2	46365000	46370000	0,0,0	5.062673	0.9996656	2.9881115	2.4918618	3.8788881	5.789105	1.8438854	8.004093
chr2	86220000	86225000	chr2	86370000	86375000	0,0,0	3.8601341	1.0	2.3178327	1.3429161	1.6883518	2.5862827	0.6760404	3.779986
chr2	187580000	187585000	chr2	188510000	188515000	0,0,0	8.742352	0.9998963	3.1249733	4.522094	6.950207	5.1550913	2.3020236	9.17473
chr2	169450000	169455000	chr2	169925000	169930000	0,0,0	5.556693	1.0	3.1998773	1.9471117	2.5745454	3.623091	0.90033764	5.353857
chr2	168960000	168965000	chr2	169220000	169225000	0,0,0	7.74549	1.0	2.6323833	4.786575	5.0425024	2.9542017	1.8398259	7.2089353
chr2	42845000	42850000	chr2	43540000	43545000	0,0,0	3.8202906	0.9988065	1.9729309	3.3029256	3.434683	3.7955954	1.3058625	6.7315297
chr2	240230000	240235000	chr2	240435000	240440000	0,0,0	9.610116	0.9999994	3.45806	8.114866	10.308075	7.1486	3.139282	14.3618145
chr2	171700000	171705000	chr2	172100000	172105000	0,0,0	10.475841	0.9999994	3.4552429	9.384247	10.336972	6.01095	3.9222863	14.352502
chr2	101035000	101040000	chr2	101205000	101210000	0,0,0	6.44386	0.9989012	2.9593387	3.7390966	3.8879607	3.4906015	1.891233	6.814243
chr2	172805000	172810000	chr2	172930000	172935000	0,0,0	5.7037573	1.0	2.6439981	2.281434	3.3948038	3.3831007	0.8446158	5.411042
chr2	231105000	231110000	chr2	231415000	231420000	0,0,0	6.6607714	1.0	3.4415543	2.2351782	3.4039607	4.0006204	1.4302491	5.987446
chr2	64750000	64755000	chr2	64865000	64870000	0,0,0	4.707509	1.0	2.5834365	1.57296	2.0808675	2.6688874	0.91662097	4.0670743
chr2	118040000	118045000	chr2	118220000	118225000	0,0,0	6.344964	1.0	2.8459058	2.6661475	3.7913835	3.5771992	1.5178223	5.9471083
chr2	64645000	64650000	chr2	64865000	64870000	0,0,0	8.287226	0.99998903	3.7854922	3.8498144	7.7679653	7.997831	2.165462	11.4198885
chr2	238510000	238515000	chr2	238780000	238785000	0,0,0	5.8754735	0.9988278	2.25269	3.9681106	4.5186834	3.2223706	1.9995482	6.74958
chr2	173395000	173400000	chr2	173870000	173875000	0,0,0	5.450843	1.0	2.5005965	2.693549	3.0254598	2.775713	1.337479	5.1699786
chr2	118880000	118885000	chr2	119175000	119180000	0,0,0	9.810988	1.0	3.3320043	4.792279	5.072727	2.9785619	1.7706686	7.238365
chr2	172170000	172175000	chr2	172460000	172465000	0,0,0	7.732943	0.9999931	3.273895	5.1753783	8.1221075	7.2864327	2.785517	11.886769
chr2	245000	250000	chr2	635000	640000	0,0,0	4.1554136	0.9907783	2.1950293	2.1810308	2.3642054	2.7479928	1.0893493	4.686687
chr2	131855000	131860000	chr2	132145000	132150000	0,0,0	8.102578	1.0	4.0499253	3.2409081	4.2924585	4.6851735	1.821495	7.5659804
chr2	229340000	229345000	chr2	229585000	229590000	0,0,0	5.0315857	0.9980661	2.096311	3.2117033	4.0900955	3.39403	1.339025	6.2488775
chr2	10125000	10130000	chr2	10430000	10435000	0,0,0	7.75464	0.99996537	3.7255235	5.0127935	5.832584	5.8159404	2.9031632	10.271757
chr2	79040000	79045000	chr2	79220000	79225000	0,0,0	6.5812974	1.0	2.3326945	3.374962	4.1012764	2.738961	1.2678804	5.7389274
chr2	205325000	205330000	chr2	205675000	205680000	0,0,0	7.3021846	0.9998878	2.9910672	3.992642	6.3948364	5.547285	1.7294052	9.0963
chr2	152035000	152040000	chr2	152170000	152175000	0,0,0	6.217158	1.0	3.4020894	1.5740713	2.4153686	3.1272895	0.97245866	4.526464
chr2	157310000	157315000	chr2	158005000	158010000	0,0,0	5.3259296	1.0	2.6045022	2.3648884	2.9562416	3.081592	1.2177359	5.1837153
chr2	231905000	231910000	chr2	232440000	232445000	0,0,0	8.147647	0.9999882	3.0054228	6.3708925	8.005826	5.685541	2.634421	11.3485565
chr2	181785000	181790000	chr2	181890000	181895000	0,0,0	4.7428145	0.99964875	2.0198157	3.6985826	5.286794	4.6671615	1.7522495	7.95479
chr2	85825000	85830000	chr2	86075000	86080000	0,0,0	8.855865	0.9999955	3.4550815	6.225531	8.624442	6.7835937	3.1243386	12.317399
chr2	178110000	178115000	chr2	178275000	178280000	0,0,0	3.7189856	1.0	1.9683706	1.2945403	1.9795498	2.420744	0.6339318	3.5714464
chr2	120695000	120700000	chr2	121075000	121080000	0,0,0	17.760492	1.0	7.6372423	9.86764	15.116685	13.742123	4.8351226	22.51336
chr2	233975000	233980000	chr2	234540000	234545000	0,0,0	12.087303	1.0	5.6655054	4.886456	6.174323	6.037422	2.9081635	10.380939
chr2	30715000	30720000	chr2	30860000	30865000	0,0,0	5.397701	1.0	2.2757282	2.0797064	2.8103461	2.4116993	0.8712338	4.2603273
chr2	182785000	182790000	chr2	182970000	182975000	0,0,0	4.6302	1.0	2.2632437	2.2841654	2.5349298	2.573093	0.98333377	4.603462
chr2	191050000	191055000	chr2	191150000	191155000	0,0,0	9.831173	1.0	3.4725935	4.142709	4.8767805	3.1929204	1.5848863	6.8753285
chr2	163180000	163185000	chr2	164535000	164540000	0,0,0	4.4856334	0.99716306	2.290751	2.6159413	3.176617	3.5403528	0.9986211	5.865634
chr2	187850000	187855000	chr2	188510000	188515000	0,0,0	4.1375003	0.99511826	2.2045069	1.3946636	3.188221	4.0831027	0.94199914	5.3228035
chr2	42830000	42835000	chr2	43480000	43485000	0,0,0	3.7547011	0.9956203	2.1152947	2.3398154	2.5355186	3.3515024	1.2122325	5.4313383
chr2	181570000	181575000	chr2	182085000	182090000	0,0,0	3.688713	0.9894673	2.3383782	1.4991281	1.8551205	3.221184	0.9572576	4.5537424
chr2	100605000	100610000	chr2	100985000	100990000	0,0,0	15.451107	1.0	6.278371	7.0350943	9.941004	8.255632	3.3472743	14.509049
chr2	209425000	209430000	chr2	209550000	209555000	0,0,0	5.4030447	0.9970814	2.5072417	2.523998	3.6263168	3.5937033	1.2184849	5.8372574
chr2	119405000	119410000	chr2	119475000	119480000	0,0,0	8.407689	1.0	3.0447311	4.530796	6.074094	4.3400497	1.6439222	8.367424
chr2	72985000	72990000	chr2	73170000	73175000	0,0,0	8.014394	1.0	3.66414	4.095736	4.5119348	4.09375	2.009633	7.7344036
chr2	136935000	136940000	chr2	137835000	137840000	0,0,0	4.162537	1.0	2.6071374	1.2401209	1.7212089	2.9076996	0.5774625	4.0100293
chr2	175690000	175695000	chr2	176085000	176090000	0,0,0	12.771723	1.0	4.897022	5.5850034	6.932073	5.129615	2.6230106	10.094063
chr2	42095000	42100000	chr2	42325000	42330000	0,0,0	9.068053	1.0	3.4352808	5.116702	5.9448066	4.2127867	1.8211391	8.760966
chr2	46060000	46065000	chr2	46460000	46465000	0,0,0	4.726247	0.9996556	2.0783184	3.8799071	5.041061	4.525789	1.8452327	7.974595
chr2	154400000	154405000	chr2	155305000	155310000	0,0,0	4.8409696	0.9984357	2.2459376	2.6938324	4.0647187	4.0664573	1.571777	6.4609747
chr2	44390000	44395000	chr2	44955000	44960000	0,0,0	7.9133916	0.9996583	2.8020632	4.837706	5.6371765	3.6821508	1.7596463	7.9823337
chr2	58570000	58575000	chr2	58680000	58685000	0,0,0	6.4977474	0.9988978	2.184546	4.020767	5.054029	3.237115	1.5053962	6.81113
chr2	102015000	102020000	chr2	102450000	102455000	0,0,0	6.634218	1.0	3.0276568	2.65872	3.28822	3.072835	1.0063729	5.4361415
chr2	97805000	97810000	chr2	98265000	98270000	0,0,0	3.6470206	0.9940835	1.931164	1.7766294	2.8832908	3.5513194	1.1769269	5.1305456
chr2	41865000	41870000	chr2	42085000	42090000	0,0,0	20.086967	1.0	7.259836	12.301183	15.323856	10.587821	5.0784636	21.522205
chr2	201235000	201240000	chr2	201640000	201645000	0,0,0	4.3325863	0.990151	1.8024541	2.4969811	2.9678822	2.401323	1.0596858	4.620862
chr2	231905000	231910000	chr2	232325000	232330000	0,0,0	5.962739	0.99995464	3.137665	4.085481	5.361881	6.370736	2.22051	10.0022745
chr2	130795000	130800000	chr2	130870000	130875000	0,0,0	5.5811234	1.0	2.4282365	2.0614622	3.3630195	3.1452878	0.9642257	4.977699
chr2	200900000	200905000	chr2	201175000	201180000	0,0,0	11.115716	0.99999714	5.257396	4.9921536	8.020283	8.333085	2.176108	12.770555
chr2	29210000	29215000	chr2	30020000	30025000	0,0,0	3.9187374	0.9972525	1.8065504	3.0612266	3.4363194	3.1766014	1.430686	5.8976917
chr2	214955000	214960000	chr2	215920000	215925000	0,0,0	5.0728283	0.99805355	2.6531887	2.6939301	3.3053758	3.8477876	1.8542839	6.2423925
chr2	121530000	121535000	chr2	121710000	121715000	0,0,0	6.2053432	0.99823856	3.1773646	3.1720695	3.2495909	3.5226665	1.5294756	6.3422837
chr2	134120000	134125000	chr2	134410000	134415000	0,0,0	8.087802	1.0	3.4418464	3.9640715	4.7060323	3.9277508	1.5161487	7.4513702
chr2	88590000	88595000	chr2	88665000	88670000	0,0,0	9.378396	1.0	3.8012223	3.7664258	5.936842	5.068036	2.3625352	8.41597
chr2	99080000	99085000	chr2	99490000	99495000	0,0,0	7.09716	1.0	2.6059914	3.4119225	4.358668	3.1006954	1.6124281	6.1335154
chr2	47850000	47855000	chr2	48420000	48425000	0,0,0	4.4099784	0.9935566	2.2611	2.2502978	2.7161329	3.044962	1.0850984	5.0452266
chr2	237670000	237675000	chr2	237740000	237745000	0,0,0	6.2987614	0.9988648	2.4445558	3.9255536	4.5211105	3.2922742	1.931844	6.7816553
chr2	530000	535000	chr2	635000	640000	0,0,0	8.039072	1.0	3.1068306	3.3618102	5.570436	4.5758705	1.5812435	7.5641465
chr2	64585000	64590000	chr2	64870000	64875000	0,0,0	6.044027	0.99982953	3.655503	2.8368015	3.9400227	6.1562796	1.6030054	8.677881
chr2	191050000	191055000	chr2	191520000	191525000	0,0,0	12.6605425	1.0	4.287648	6.5382257	7.3547964	4.469378	2.249683	10.281134
chr2	11825000	11830000	chr2	12710000	12715000	0,0,0	5.216767	0.9992684	2.533419	3.6092443	3.9989588	4.012835	1.2513323	7.2210526
chr2	109540000	109545000	chr2	109735000	109740000	0,0,0	15.633517	1.0	8.076916	3.9746454	4.9595942	5.665169	2.340107	9.198187
chr2	31410000	31415000	chr2	31520000	31525000	0,0,0	4.2279253	1.0	1.8734645	2.0397315	2.6220715	2.3724146	0.91311574	4.185509
chr2	20405000	20410000	chr2	20635000	20640000	0,0,0	8.504108	0.9999284	4.8291845	3.5769806	4.6568375	6.36611	1.9474427	9.545649
chr2	207740000	207745000	chr2	208040000	208045000	0,0,0	7.32888	0.99976957	3.9240177	3.1393652	4.5107546	5.5857654	1.8749951	8.376312
chr2	47330000	47335000	chr2	47765000	47770000	0,0,0	13.337115	1.0	5.3641057	4.980209	8.043753	6.8504972	3.0739992	11.277349
chr2	42095000	42100000	chr2	42190000	42195000	0,0,0	3.6356792	1.0	1.9435985	1.2107478	1.938526	2.4219782	0.76847917	3.4981985
chr2	56185000	56190000	chr2	56745000	56750000	0,0,0	5.55537	0.9984777	2.8666348	2.5658085	3.6236951	4.207502	1.0737708	6.48822
chr2	74685000	74690000	chr2	75060000	75065000	0,0,0	4.924927	1.0	2.3483849	2.0167408	2.4105587	2.389809	0.8802285	4.1824675
chr2	57755000	57760000	chr2	58670000	58675000	0,0,0	4.5945973	0.99702126	1.8521702	3.3334951	3.7582157	2.85376	1.242596	5.816867
chr2	148565000	148570000	chr2	148985000	148990000	0,0,0	6.119932	1.0	2.8538878	2.9594288	3.4898586	3.329085	1.2591628	5.9596887
chr2	226655000	226660000	chr2	226770000	226775000	0,0,0	7.0149937	1.0	2.5913332	4.0567837	4.8636737	3.3887632	1.5194892	6.994793
chr2	222315000	222320000	chr2	222610000	222615000	0,0,0	5.67034	0.99950993	2.3420074	3.3221986	5.3291984	4.6687436	1.7946693	7.6218085
chr2	20440000	20445000	chr2	20635000	20640000	0,0,0	19.223322	1.0	5.6615314	12.256515	16.294441	9.446647	4.361349	20.341326
chr2	81325000	81330000	chr2	81890000	81895000	0,0,0	4.1122723	0.99635446	2.0999067	2.2881942	3.1491153	3.5808895	1.1838522	5.6148396
chr2	177165000	177170000	chr2	177415000	177420000	0,0,0	8.728641	1.0	3.6429505	3.0327835	3.837682	3.1853259	1.3007405	5.8811336
chr2	98415000	98420000	chr2	98600000	98605000	0,0,0	7.7764363	1.0	3.9680274	2.5225048	3.1565893	3.5311139	0.9792812	5.7733407
chr2	72580000	72585000	chr2	72745000	72750000	0,0,0	5.2845225	1.0	2.1763058	2.4681811	2.5428467	1.9157999	0.9207066	4.109739
chr2	170235000	170240000	chr2	170810000	170815000	0,0,0	9.013487	0.999985	2.992637	5.944166	8.618955	5.8217754	3.3330142	11.105479
chr2	54110000	54115000	chr2	54505000	54510000	0,0,0	5.932609	1.0	3.1429846	2.2601795	2.8284616	3.3788111	0.8296953	5.3878593
chr2	65260000	65265000	chr2	65550000	65555000	0,0,0	7.491533	0.99991775	4.8209114	1.8418187	4.3185883	7.769326	1.334797	9.406499
chr2	164990000	164995000	chr2	165295000	165300000	0,0,0	5.1326118	0.99466056	2.483626	1.9999913	3.2201383	3.4554024	1.0982887	5.2331724
chr2	176650000	176655000	chr2	177145000	177150000	0,0,0	8.09767	1.0	3.1913896	3.97119	4.3104057	3.1205251	1.829768	6.6504717
chr2	199700000	199705000	chr2	199860000	199865000	0,0,0	6.4386983	1.0	2.339644	3.5141494	4.5318255	3.1985238	1.3350744	6.322212
chr2	42095000	42100000	chr2	42235000	42240000	0,0,0	7.7430596	1.0	3.3977623	3.547526	4.583009	4.0961714	1.4383614	7.249528
chr2	29920000	29925000	chr2	30025000	30030000	0,0,0	3.8672159	0.98769486	1.8170282	1.8382692	2.7241213	2.764178	0.7215893	4.398195
chr2	225665000	225670000	chr2	226985000	226990000	0,0,0	13.152858	1.0	4.830975	12.376882	17.343344	12.801418	7.0987396	23.803091
chr2	231480000	231485000	chr2	231555000	231560000	0,0,0	4.1278853	1.0	2.348585	1.4847672	1.7233285	2.341215	0.569988	3.6610081
chr2	176125000	176130000	chr2	177145000	177150000	0,0,0	16.734146	1.0	7.7037787	4.2021656	4.5104923	4.1059513	2.146012	7.8412094
chr2	227400000	227405000	chr2	227765000	227770000	0,0,0	6.397655	0.999061	3.1562507	2.5180311	4.259877	4.7331443	1.4576621	6.971394
chr2	109610000	109615000	chr2	109735000	109740000	0,0,0	5.3409686	0.9968879	2.1846192	2.2546647	4.2034526	3.7689133	1.6206789	5.77306
chr2	222705000	222710000	chr2	222900000	222905000	0,0,0	6.4476	0.9997601	3.1487834	3.4572227	4.9354916	5.262987	1.6522602	8.336075
chr2	70300000	70305000	chr2	70645000	70650000	0,0,0	11.544985	1.0	4.433177	8.785406	12.69405	9.94298	3.8925202	17.75223
chr2	85825000	85830000	chr2	86365000	86370000	0,0,0	11.888046	1.0	4.0229435	5.197218	5.279861	3.0015304	1.8523959	7.6212797
chr2	222055000	222060000	chr2	222560000	222565000	0,0,0	5.7823343	0.99965274	2.7713094	2.8144212	5.074479	5.4645977	1.7863959	7.9663057
chr2	96550000	96555000	chr2	96800000	96805000	0,0,0	6.504633	1.0	2.6343482	2.8126876	2.9765916	2.2142172	1.0945702	4.714384
chr2	30205000	30210000	chr2	30705000	30710000	0,0,0	17.103403	1.0	5.455363	13.380717	16.853502	10.2312355	4.603598	22.125206
chr2	137460000	137465000	chr2	137840000	137845000	0,0,0	8.424342	0.9999386	3.042066	5.379362	6.99269	4.917452	2.3105555	9.699106
chr2	102750000	102755000	chr2	102805000	102810000	0,0,0	4.3988175	0.98844475	2.0108497	2.105342	2.7313387	2.5896611	0.9758073	4.4610763
chr2	175030000	175035000	chr2	175280000	175285000	0,0,0	7.9150524	0.9997141	2.8624218	4.251815	6.0137157	4.38118	1.6780509	8.160571
chr2	165015000	165020000	chr2	165205000	165210000	0,0,0	6.7626753	0.9996507	2.8661284	4.3944407	4.9694514	4.0542526	2.02968	7.960422
chr2	74910000	74915000	chr2	75400000	75405000	0,0,0	6.929154	1.0	2.9972725	2.5860016	2.9885945	2.5304232	1.0889096	4.829091
chr2	237465000	237470000	chr2	237565000	237570000	0,0,0	3.813388	0.9834945	2.0710137	1.491845	2.1843605	2.7784035	0.7421435	4.104488
chr2	161950000	161955000	chr2	162120000	162125000	0,0,0	5.2998204	1.0	3.0208375	1.8160735	2.398171	3.3064501	1.1428969	4.9207377
chr2	9140000	9145000	chr2	9430000	9435000	0,0,0	4.8881607	0.99778366	2.252965	3.1255448	3.5860498	3.33426	1.7960722	6.112522
chr2	43125000	43130000	chr2	43225000	43230000	0,0,0	9.549915	1.0	3.287333	4.6563644	6.0923133	4.078963	1.8246942	8.217954
chr2	15935000	15940000	chr2	16280000	16285000	0,0,0	6.0682974	0.99954355	2.4246287	3.9380417	5.2483597	4.1923733	1.6848941	7.692855
chr2	143110000	143115000	chr2	143255000	143260000	0,0,0	4.1347055	0.9853519	1.8114048	2.3848448	2.5160313	2.1040218	0.9518218	4.2238836
chr2	65450000	65455000	chr2	65540000	65545000	0,0,0	4.0067153	1.0	2.286437	1.2932273	1.5490136	2.1233315	0.5341138	3.2728667
chr2	58125000	58130000	chr2	58445000	58450000	0,0,0	4.4877257	1.0	2.4902945	1.3230698	2.1355183	2.8458743	0.74244785	4.0219364
chr2	196300000	196305000	chr2	196450000	196455000	0,0,0	5.0139694	1.0	2.5173967	1.5401516	1.764515	1.8887831	0.7181177	3.2578068
chr2	152925000	152930000	chr2	153515000	153520000	0,0,0	4.504123	0.99875695	1.8771574	3.421852	4.3864937	3.649214	1.3688246	6.6908603
chr2	137905000	137910000	chr2	138825000	138830000	0,0,0	7.754024	0.9999981	3.3111084	8.039987	10.301047	8.849426	3.6255004	15.996081
chr2	198310000	198315000	chr2	199485000	199490000	0,0,0	10.2426605	0.9999992	5.2199507	4.798779	8.404195	9.834528	2.0639615	14.10011
chr2	42945000	42950000	chr2	43225000	43230000	0,0,0	6.314445	0.9993943	2.5475326	3.6289577	5.092436	4.1841826	1.5405765	7.4099226
chr2	117470000	117475000	chr2	117770000	117775000	0,0,0	7.1755166	0.9996056	3.6898801	2.7877293	4.5559607	5.3609195	1.7854384	7.838901
chr2	134370000	134375000	chr2	134410000	134415000	0,0,0	3.7503834	0.97764564	1.8189085	1.5749241	2.2713003	2.4011939	0.8673644	3.8011265
chr2	163345000	163350000	chr2	164055000	164060000	0,0,0	5.857395	0.9998864	2.043968	5.468828	6.5058956	4.2223682	2.4341998	9.083549
chr2	38535000	38540000	chr2	38725000	38730000	0,0,0	6.526244	0.99902606	3.2021425	3.077701	3.980287	4.199166	1.4483776	6.9349
chr2	233450000	233455000	chr2	233710000	233715000	0,0,0	3.66239	0.9941771	1.8098843	2.3093522	2.9128122	3.093735	1.2416545	5.1464925
chr2	109125000	109130000	chr2	109505000	109510000	0,0,0	9.959261	0.9999663	3.3682911	5.9687924	7.6653676	4.99347	2.8071737	10.299064
chr2	38075000	38080000	chr2	38275000	38280000	0,0,0	4.0328918	0.98950523	1.8557831	2.1332474	2.7774901	2.6611338	1.2177227	4.5573535
chr2	181740000	181745000	chr2	181900000	181905000	0,0,0	7.1229153	0.99944496	4.1599164	2.7492857	3.4983523	5.053445	1.5386513	7.497254
chr2	199980000	199985000	chr2	200300000	200305000	0,0,0	4.925067	1.0	2.343197	2.2202103	2.8453686	2.8554697	1.0701487	4.82899
chr2	147040000	147045000	chr2	147910000	147915000	0,0,0	10.148951	0.999999	3.766661	7.4701166	9.844477	7.1799445	2.966319	13.820047
chr2	234560000	234565000	chr2	234950000	234955000	0,0,0	4.526189	0.99802005	2.292624	2.7593155	3.4204156	3.7725992	1.6060781	6.2253237
chr2	71220000	71225000	chr2	71510000	71515000	0,0,0	4.5433707	0.98977804	2.2766817	1.5822747	2.7819946	3.1772237	0.69053704	4.58369
chr2	20660000	20665000	chr2	20960000	20965000	0,0,0	9.957338	1.0	4.4725804	3.8551936	6.5775356	6.455206	2.605835	9.882045
chr2	197800000	197805000	chr2	198125000	198130000	0,0,0	4.8755736	0.99619144	2.752433	1.8386776	2.871304	3.9367056	1.5028243	5.5710855
chr2	127320000	127325000	chr2	127645000	127650000	0,0,0	4.8403783	1.0	2.3750353	2.1725774	2.2106366	2.211592	0.9643455	4.1427717
chr2	84020000	84025000	chr2	84300000	84305000	0,0,0	6.5905395	0.9994146	3.330784	2.59329	4.45635	5.138916	1.1764162	7.444062
chr2	241665000	241670000	chr2	241875000	241880000	0,0,0	4.5047784	1.0	2.2363198	1.4120138	2.6545374	3.0159016	0.87256026	4.2710247
chr2	64045000	64050000	chr2	64325000	64330000	0,0,0	8.790923	0.9998764	3.6967838	4.611583	5.8425803	4.900234	1.7705772	8.999419
chr2	101410000	101415000	chr2	101835000	101840000	0,0,0	4.2836566	0.9925585	2.1717536	2.4766278	2.537243	2.6997437	1.3546448	4.9011908
chr2	62785000	62790000	chr2	63485000	63490000	0,0,0	4.851247	0.9963109	2.4625835	2.088332	3.2664428	3.7466588	1.4910836	5.602954
chr2	218660000	218665000	chr2	218840000	218845000	0,0,0	3.8676884	0.9854593	2.038945	1.3072813	2.4723635	3.0692172	0.7039322	4.231245
chr2	174460000	174465000	chr2	174685000	174690000	0,0,0	8.784089	1.0	2.912836	4.033272	5.260497	3.3828385	1.5639102	6.9679694
chr2	157775000	157780000	chr2	158005000	158010000	0,0,0	11.054796	1.0	4.1873536	5.1892004	7.031421	5.3044267	2.342482	9.917049
chr2	97740000	97745000	chr2	98385000	98390000	0,0,0	4.539472	0.99812895	2.0674214	2.9835963	3.8533895	3.6298132	1.6578444	6.281899
chr2	207625000	207630000	chr2	207725000	207730000	0,0,0	3.996312	1.0	2.4386764	1.3451154	1.418872	2.2384722	0.7065215	3.4341302
chr2	85065000	85070000	chr2	85295000	85300000	0,0,0	9.289461	0.9999943	4.485332	6.02986	6.742829	6.715646	2.9495246	12.075521
chr2	198370000	198375000	chr2	199475000	199480000	0,0,0	3.7083395	0.9982683	2.0081465	2.9811969	3.0650403	3.7093642	1.4993753	6.3593173
chr2	17850000	17855000	chr2	18375000	18380000	0,0,0	7.364671	0.99981457	3.72972	3.900946	4.677086	5.1263556	1.9485689	8.593863
chr2	8525000	8530000	chr2	8685000	8690000	0,0,0	5.4933686	1.0	2.6732974	2.3620949	3.136507	3.2830133	1.1636658	5.3826537
chr2	26605000	26610000	chr2	26745000	26750000	0,0,0	14.506678	0.9999998	5.0924225	8.226733	11.604967	8.188663	4.086645	15.501314
chr2	118880000	118885000	chr2	119290000	119295000	0,0,0	9.422757	1.0	3.9362853	3.511021	3.8609524	3.052539	1.4817158	6.1734467
chr2	16610000	16615000	chr2	16755000	16760000	0,0,0	10.701429	1.0	4.270638	4.407573	6.641938	5.503023	2.0190303	9.420866
chr2	54895000	54900000	chr2	55165000	55170000	0,0,0	5.0784693	0.9976673	2.7658844	2.2429843	3.19127	4.0676045	1.5678792	6.061368
chr2	38580000	38585000	chr2	38725000	38730000	0,0,0	5.493776	0.9990516	2.6838078	2.6879601	4.2195435	4.5721474	1.4627385	6.9614453
chr2	137910000	137915000	chr2	138785000	138790000	0,0,0	5.3029566	0.9998192	2.8684726	4.0991445	5.9224195	7.469999	2.6032906	11.113683
chr2	208395000	208400000	chr2	209330000	209335000	0,0,0	7.821603	0.9999993	3.035969	8.013384	9.51692	7.0228405	3.5850556	14.145848
chr2	178120000	178125000	chr2	178415000	178420000	0,0,0	4.3868113	1.0	2.7946413	1.5413574	1.6265346	2.857039	0.9614494	4.227134
chr2	120340000	120345000	chr2	120545000	120550000	0,0,0	6.1022043	1.0	2.8849976	2.2555032	3.8132136	3.9930136	1.1133362	5.997905
chr2	68705000	68710000	chr2	68920000	68925000	0,0,0	7.1795287	0.99969965	4.113123	2.7990556	4.013621	5.62336	1.6475883	8.111409
chr2	146735000	146740000	chr2	147910000	147915000	0,0,0	13.624528	1.0	5.0349245	6.672715	8.059266	5.6369147	3.2179182	11.568217
chr2	59305000	59310000	chr2	60550000	60555000	0,0,0	7.9472866	1.0	3.1836126	3.6553507	4.9525623	3.9901848	1.7058748	7.239386
chr2	235130000	235135000	chr2	235550000	235555000	0,0,0	5.3303585	0.9977359	2.7556207	2.7505105	3.222015	3.6463099	1.309734	6.091208
chr2	181740000	181745000	chr2	181955000	181960000	0,0,0	5.7194448	0.9993651	2.4270306	4.101976	4.5714993	3.716557	2.0764818	7.3627577
chr2	234550000	234555000	chr2	235105000	235110000	0,0,0	24.216986	1.0	10.133738	12.727453	15.725057	12.995815	5.2617183	24.309107
chr2	62195000	62200000	chr2	62410000	62415000	0,0,0	5.45934	0.99685395	2.1676562	3.275824	3.79067	2.8503575	1.2977257	5.762201
chr2	56185000	56190000	chr2	57515000	57520000	0,0,0	6.926477	0.9999672	3.969116	2.8509665	5.464385	7.793397	1.4608951	10.327589
chr2	135015000	135020000	chr2	135465000	135470000	0,0,0	4.498829	0.9924286	1.9416251	2.4883966	3.0934212	2.6719787	1.0793134	4.883887
chr2	97120000	97125000	chr2	97580000	97585000	0,0,0	156.71167	1.0	22.296051	37.16295	45.52459	14.79961	13.71009	47.83334
chr2	48940000	48945000	chr2	50395000	50400000	0,0,0	4.1228733	0.9932664	2.3500545	1.7966003	2.4618235	3.404183	1.1141093	5.0011606
chr2	44980000	44985000	chr2	45495000	45500000	0,0,0	16.537973	1.0	6.478527	10.635389	17.034807	14.065075	5.3857627	23.518755
chr2	222315000	222320000	chr2	222560000	222565000	0,0,0	9.450706	0.999998	3.2661998	7.526886	9.643897	6.421824	2.5456834	13.11239
chr2	69725000	69730000	chr2	69815000	69820000	0,0,0	12.478046	1.0	5.089236	5.4333735	7.3740535	6.076572	2.4986584	10.906238
chr2	229130000	229135000	chr2	229270000	229275000	0,0,0	7.8459053	0.9997831	3.4221425	3.750824	5.5575037	5.1029806	1.7697278	8.437047
chr2	180120000	180125000	chr2	181055000	181060000	0,0,0	8.288058	0.99999404	3.7956753	5.775022	7.2984443	6.8936596	2.5698645	12.027013
chr2	95950000	95955000	chr2	97150000	97155000	0,0,0	67.0245	1.0	9.249388	70.59284	75.77183	19.714481	24.229166	82.46368
chr2	108350000	108355000	chr2	108580000	108585000	0,0,0	7.994406	0.99996763	3.8658912	4.0482736	6.318666	6.7406716	1.8812846	10.339137
chr2	42825000	42830000	chr2	43605000	43610000	0,0,0	4.9362817	0.99928296	2.0005925	3.6769252	4.8902817	3.9727108	1.5025266	7.241089
chr2	42510000	42515000	chr2	42660000	42665000	0,0,0	5.9475265	0.999284	3.044356	3.1697052	3.9391072	4.425082	1.456777	7.2425985
chr2	47435000	47440000	chr2	47770000	47775000	0,0,0	4.346227	0.9928991	2.2548797	1.7522633	2.844081	3.3904815	0.9212905	4.948049
chr2	45020000	45025000	chr2	45495000	45500000	0,0,0	4.492874	0.999705	2.4856956	2.8960423	4.2266207	5.5551057	1.3480477	8.129366
chr2	168770000	168775000	chr2	168920000	168925000	0,0,0	7.568948	1.0	3.594623	2.2487388	3.4475222	3.5735948	0.89231247	5.572474
chr2	197190000	197195000	chr2	197375000	197380000	0,0,0	7.352357	1.0	3.10136	3.0003133	4.9842353	4.510751	1.9341768	7.1776958
chr2	235765000	235770000	chr2	236180000	236185000	0,0,0	11.476204	0.99999094	4.538834	7.2176156	7.3583307	5.19553	2.980307	11.611189
chr2	222055000	222060000	chr2	222610000	222615000	0,0,0	5.322371	0.99867415	2.598551	3.444529	3.5764444	3.5645828	1.3773165	6.6263866
chr2	18885000	18890000	chr2	19360000	19365000	0,0,0	6.581164	0.99952507	2.5022752	4.2661967	5.2782845	3.8609724	2.0412865	7.653147
chr2	205715000	205720000	chr2	205815000	205820000	0,0,0	4.0606604	1.0	2.1229634	1.1541495	2.2857242	2.813651	0.62349033	3.8395617
chr2	29305000	29310000	chr2	30025000	30030000	0,0,0	5.0288186	0.9997613	2.0651338	4.2562313	5.5528183	4.557873	2.0473702	8.341189
chr2	200900000	200905000	chr2	201230000	201235000	0,0,0	6.550379	0.9989756	2.6655903	4.042466	4.3581963	3.2910135	1.8111149	6.884317
chr2	231295000	231300000	chr2	231405000	231410000	0,0,0	8.007064	0.9997276	3.1063247	3.8949938	5.9031277	4.746889	1.7717942	8.2091055
chr2	48110000	48115000	chr2	48420000	48425000	0,0,0	9.10475	0.9999832	3.7939086	5.445585	7.297468	6.1536818	2.409506	10.994202
chr2	10075000	10080000	chr2	10660000	10665000	0,0,0	8.198856	1.0	3.714243	3.561287	3.9208817	3.50554	1.3560314	6.6711283
chr2	112750000	112755000	chr2	112880000	112885000	0,0,0	6.1559396	0.99966717	2.7021806	4.286553	4.877459	4.1984835	1.771316	8.008753
chr2	204325000	204330000	chr2	204690000	204695000	0,0,0	7.6857386	0.99997103	3.1697125	4.9030523	7.1429777	6.092101	2.2899506	10.45037
chr2	160335000	160340000	chr2	160995000	161000000	0,0,0	4.644038	0.99990034	2.4177477	4.2152767	4.794461	5.4676585	2.2383182	9.214572
chr2	99815000	99820000	chr2	100240000	100245000	0,0,0	5.091441	0.9971968	2.5646372	2.8533704	3.1310756	3.3412797	1.2369591	5.877609
chr2	24975000	24980000	chr2	25185000	25190000	0,0,0	4.178768	0.9883264	2.0938764	2.1463704	2.3965921	2.5429988	1.2434767	4.450884
chr2	9140000	9145000	chr2	9380000	9385000	0,0,0	4.046608	0.9927385	1.9027673	2.3844783	2.8852015	2.8061438	1.1891046	4.92568
chr2	200485000	200490000	chr2	200700000	200705000	0,0,0	7.753845	1.0	2.6255748	3.7926807	4.6797915	2.992238	1.3425466	6.3635097
chr2	219055000	219060000	chr2	219150000	219155000	0,0,0	6.2377896	0.99932134	2.816456	3.084268	4.710731	4.554588	1.7042975	7.2961593
chr2	65060000	65065000	chr2	65570000	65575000	0,0,0	7.834401	1.0	4.102795	2.0758395	3.2963762	3.9786386	1.4135802	5.823829
chr2	70340000	70345000	chr2	70645000	70650000	0,0,0	9.366758	0.99999875	3.917703	6.9055014	8.9077635	7.4600754	2.9151955	13.5983
chr2	234285000	234290000	chr2	234495000	234500000	0,0,0	7.9055805	0.99974257	3.6157458	4.0184975	4.998939	4.6936884	2.0866122	8.265686
chr2	225280000	225285000	chr2	225660000	225665000	0,0,0	7.220979	0.99987406	3.0186183	4.3106027	6.01083	5.148823	2.517864	8.98047
chr2	105365000	105370000	chr2	105520000	105525000	0,0,0	16.995935	1.0	7.465542	6.6307573	9.872032	9.157284	3.0868974	15.0512905
chr2	75465000	75470000	chr2	75605000	75610000	0,0,0	9.328173	0.9999715	4.5112414	4.0762815	6.4067407	6.843097	2.0589788	10.466458
chr2	97805000	97810000	chr2	98385000	98390000	0,0,0	5.643487	0.9982119	2.6365583	2.8426268	3.846283	3.8004978	1.3142911	6.327277
chr2	138370000	138375000	chr2	138785000	138790000	0,0,0	4.246541	0.9913087	1.9728248	2.5523674	2.6942816	2.4771492	1.2485567	4.7459207
chr2	97705000	97710000	chr2	98190000	98195000	0,0,0	4.2274537	0.99696255	2.0149217	2.8227565	3.329504	3.2882178	1.3779992	5.7973347
chr2	170365000	170370000	chr2	170810000	170815000	0,0,0	7.28428	0.999994	3.8615737	4.139736	8.779758	11.098103	2.4754226	14.777867
chr2	27700000	27705000	chr2	28450000	28455000	0,0,0	4.1347675	0.99971646	2.064739	4.611304	6.0035563	6.5232606	1.8270853	10.622197
chr2	170235000	170240000	chr2	170365000	170370000	0,0,0	8.340969	1.0	3.4856255	3.4137897	4.0992584	3.3491108	1.9502358	6.3835907
chr2	21040000	21045000	chr2	21310000	21315000	0,0,0	6.2833495	1.0	2.7164392	3.2759113	3.7684698	3.1832972	1.3609037	6.095218
chr2	113080000	113085000	chr2	113195000	113200000	0,0,0	6.491428	0.99936354	1.8705716	5.099784	5.6366606	2.8272145	1.7752136	7.360356
chr2	162890000	162895000	chr2	163130000	163135000	0,0,0	8.802042	1.0	3.7277594	3.5746567	5.604492	5.028692	2.012114	8.206164
chr2	188525000	188530000	chr2	189410000	189415000	0,0,0	9.993024	1.0	4.525101	4.4207845	5.6250515	5.2351108	1.7149972	9.164697
chr2	16770000	16775000	chr2	17310000	17315000	0,0,0	5.1988807	0.99471664	2.8189042	1.6897981	2.9058998	3.7416937	1.2693014	5.2437363
chr2	73820000	73825000	chr2	74260000	74265000	0,0,0	4.6272593	0.99946344	1.9716846	3.5398512	4.9833717	4.384612	1.5723289	7.5311465
chr2	203225000	203230000	chr2	203815000	203820000	0,0,0	5.5666175	0.9986764	2.2907822	3.8552113	4.1669345	3.201265	1.3151913	6.6281195
chr2	112625000	112630000	chr2	112725000	112730000	0,0,0	10.774312	1.0	3.9261434	5.366901	7.3233676	5.3054895	1.9060501	10.076068
chr2	224355000	224360000	chr2	224775000	224780000	0,0,0	11.477245	0.9999994	3.5230732	9.031695	11.059198	6.35491	3.0797908	14.383083
chr2	11130000	11135000	chr2	11580000	11585000	0,0,0	13.344471	1.0	3.6282682	7.838154	10.267849	5.5029416	2.6011453	12.47019
chr2	64330000	64335000	chr2	64570000	64575000	0,0,0	4.8666835	1.0	2.3464153	1.8930135	2.5261087	2.608959	0.9525922	4.2916374
chr2	210620000	210625000	chr2	211160000	211165000	0,0,0	5.1643496	0.99526966	2.1726017	2.8361394	3.428486	2.8333008	1.1948872	5.354314
chr2	118370000	118375000	chr2	118860000	118865000	0,0,0	8.588397	0.9998195	3.7188616	4.362796	5.4558396	4.742626	1.748436	8.6206665
chr2	85725000	85730000	chr2	85815000	85820000	0,0,0	9.574111	1.0	4.0169363	4.5788703	6.0414014	5.115609	2.2019625	9.185716
chr2	230615000	230620000	chr2	230795000	230800000	0,0,0	5.397057	1.0	2.832221	1.8203989	2.6960504	3.2384775	1.3525233	4.85661
chr2	172590000	172595000	chr2	172705000	172710000	0,0,0	6.069535	0.9985892	3.8789184	1.9214039	2.741147	4.8563757	1.4316655	6.5642905
chr2	87225000	87230000	chr2	87340000	87345000	0,0,0	16.074692	1.0	5.7878995	3.8998098	5.46109	3.9452257	1.949513	7.411723
chr2	130155000	130160000	chr2	130330000	130335000	0,0,0	6.502178	1.0	3.0636702	2.9032931	3.6717548	3.6198015	1.2156428	6.200506
chr2	64045000	64050000	chr2	64485000	64490000	0,0,0	6.8376946	0.99909985	2.7999518	3.7245245	4.609057	3.7029572	1.4924448	7.0136456
chr2	85135000	85140000	chr2	85285000	85290000	0,0,0	5.354527	0.9996257	2.7058125	3.2482789	4.4750996	5.003815	2.0606651	7.891174
chr2	170000	175000	chr2	635000	640000	0,0,0	7.1409893	1.0	2.9935243	3.2831323	4.443465	3.7869644	1.5628455	6.7053046
chr2	6895000	6900000	chr2	7080000	7085000	0,0,0	5.665076	1.0	2.5573578	2.4839225	3.4699144	3.289223	1.3050991	5.4971538
chr2	118220000	118225000	chr2	118860000	118865000	0,0,0	13.322019	0.9999991	6.3145337	6.1274176	8.372428	8.467892	3.0147948	13.914485
chr2	203225000	203230000	chr2	203450000	203455000	0,0,0	4.8345675	1.0	2.3395329	2.1503096	2.7407305	2.8207405	0.8129584	4.7321267
chr2	231610000	231615000	chr2	231715000	231720000	0,0,0	5.3339796	1.0	2.2709198	2.696184	3.3723755	2.8643007	1.1688101	5.260909
chr2	118040000	118045000	chr2	118185000	118190000	0,0,0	4.9553103	1.0	2.596203	1.9754324	2.2806246	2.6377614	0.81687653	4.393701
chr2	70865000	70870000	chr2	70950000	70955000	0,0,0	6.074153	0.9977252	3.0146122	1.929296	3.8255856	4.371549	1.2525903	6.0864787
chr2	227405000	227410000	chr2	227655000	227660000	0,0,0	5.523808	0.9977306	1.8952104	3.4858449	4.506764	2.990358	1.3726571	6.088887
chr2	186505000	186510000	chr2	186640000	186645000	0,0,0	5.5872326	0.9971624	2.9687839	2.3853664	3.1023333	3.745073	1.2582512	5.865399
chr2	167260000	167265000	chr2	168115000	168120000	0,0,0	8.932417	0.99997395	3.2346437	6.0462484	7.4984617	5.1821795	2.3420339	10.5566225
chr2	72150000	72155000	chr2	72575000	72580000	0,0,0	7.6559267	0.9999426	2.5087428	6.1935706	7.1624146	4.260713	2.4077232	9.766109
chr2	176460000	176465000	chr2	176635000	176640000	0,0,0	4.7965636	1.0	2.650102	1.8259147	2.3732526	3.076798	1.1519346	4.699833
chr2	189790000	189795000	chr2	190065000	190070000	0,0,0	4.9900374	1.0	2.2827241	2.1318402	3.107199	3.0277605	1.1360025	4.92273
chr2	81000000	81005000	chr2	81895000	81900000	0,0,0	5.501856	0.9987602	1.9877702	4.0849214	4.6375813	3.062501	1.5055627	6.693542
chr2	39060000	39065000	chr2	39225000	39230000	0,0,0	7.6556573	0.9998084	3.6979406	2.7225547	5.5538573	6.140831	2.0262017	8.56088
chr2	225665000	225670000	chr2	227105000	227110000	0,0,0	15.559217	1.0	5.17938	12.868708	17.177359	11.213048	4.8097544	22.6519
chr2	71545000	71550000	chr2	72150000	72155000	0,0,0	9.289515	1.0	3.38101	5.5710335	5.7852793	3.6721258	2.16278	8.624156
chr2	68465000	68470000	chr2	68930000	68935000	0,0,0	7.1277585	0.99926454	3.5441997	3.2286057	4.0541186	4.3458633	1.7873248	7.215735
chr2	46985000	46990000	chr2	47320000	47325000	0,0,0	6.814167	0.99994355	2.9866052	4.6916213	6.2408776	5.613216	1.7602895	9.783546
chr2	231850000	231855000	chr2	232325000	232330000	0,0,0	4.786245	0.9998089	1.9350102	5.2775307	5.332204	3.8723972	2.175745	8.563535
chr2	154620000	154625000	chr2	155310000	155315000	0,0,0	6.3507133	0.99853355	2.8986769	3.1284332	3.9781194	3.7447624	1.6603109	6.525592
chr2	181095000	181100000	chr2	181460000	181465000	0,0,0	4.208488	0.9865694	2.3281987	1.7134994	2.1525323	2.7875545	0.7844412	4.310665
chr2	182240000	182245000	chr2	182645000	182650000	0,0,0	4.5750494	0.9994676	2.7171185	2.0714762	3.7479613	5.6976247	1.4158266	7.5389366
chr2	20015000	20020000	chr2	20095000	20100000	0,0,0	5.3926687	0.99857765	2.4239445	2.9919906	4.1434107	3.896578	1.386744	6.556125
chr2	209340000	209345000	chr2	209965000	209970000	0,0,0	4.4866343	0.9901519	2.4190774	1.769505	2.4425194	3.048058	0.8831888	4.6209517
chr2	191160000	191165000	chr2	191520000	191525000	0,0,0	12.073851	0.99999994	5.1414933	7.4738326	10.924643	9.699338	3.9455342	16.342745
chr2	35970000	35975000	chr2	36320000	36325000	0,0,0	4.3964214	1.0	2.2517147	2.0091498	2.1669455	2.3749087	0.8530883	4.1608195
chr2	42855000	42860000	chr2	43605000	43610000	0,0,0	3.6888185	0.99381465	2.0426614	1.6996853	2.6965656	3.5752666	1.4084942	5.0860977
chr2	41415000	41420000	chr2	41780000	41785000	0,0,0	4.8809395	0.9951905	2.7053978	2.0120182	2.7113967	3.5492606	1.2986916	5.3377213
chr2	147935000	147940000	chr2	148985000	148990000	0,0,0	11.275593	1.0	5.7416134	3.0916014	4.3518057	4.9424634	1.8460578	7.690553
chr2	24970000	24975000	chr2	25130000	25135000	0,0,0	11.356626	0.999998	4.0980167	6.773081	9.711566	7.094971	4.1171203	13.115487
chr2	200710000	200715000	chr2	200810000	200815000	0,0,0	4.73673	1.0	2.122188	2.410361	2.759341	2.4542367	1.0216663	4.59678
chr2	212775000	212780000	chr2	213155000	213160000	0,0,0	4.7022305	0.99930835	1.8678352	4.386789	4.660507	3.377782	1.7546396	7.27715
chr2	150485000	150490000	chr2	150605000	150610000	0,0,0	3.7486846	1.0	1.898917	1.4024713	1.8025882	2.0008307	0.6676023	3.247472
chr2	18145000	18150000	chr2	18375000	18380000	0,0,0	4.265009	1.0	2.0214312	2.0199265	2.4254496	2.3841395	0.9481945	4.17963
chr2	225120000	225125000	chr2	225660000	225665000	0,0,0	15.493163	1.0	4.8869104	11.235795	14.867105	9.163742	4.411572	19.151115
chr2	40245000	40250000	chr2	40550000	40555000	0,0,0	4.9526463	0.9988533	1.9856735	3.2746189	4.701193	3.8608136	1.3469771	6.771586
chr2	69915000	69920000	chr2	70065000	70070000	0,0,0	5.3269887	0.9961225	2.810134	2.0680277	3.065517	3.714882	1.0218612	5.553129
chr2	185205000	185210000	chr2	186250000	186255000	0,0,0	6.029967	0.99990577	2.67302	5.0743933	5.527009	4.7601185	2.3225617	9.27069
chr2	23930000	23935000	chr2	24080000	24085000	0,0,0	3.705909	0.97596085	2.0218654	1.2634295	2.0156138	2.6054084	0.6488913	3.728457
chr2	99720000	99725000	chr2	100240000	100245000	0,0,0	5.42877	0.9984556	2.1343994	3.456035	4.41028	3.4017336	1.4263681	6.4737644
chr2	71545000	71550000	chr2	71795000	71800000	0,0,0	6.288757	1.0	2.8332603	2.281689	3.6145508	3.5106993	1.2605482	5.538867
chr2	113250000	113255000	chr2	113365000	113370000	0,0,0	5.526291	0.9986759	2.5986583	3.3227592	3.8247566	3.6741502	1.7439355	6.6277137
chr2	19955000	19960000	chr2	20095000	20100000	0,0,0	8.265034	0.99991244	3.786119	3.6068528	6.1087914	6.1382785	1.4994292	9.34437
chr2	39910000	39915000	chr2	40550000	40555000	0,0,0	7.4973884	0.9999875	3.3599007	4.6266785	7.4229536	7.1787744	2.8005543	11.291378
chr2	126525000	126530000	chr2	126775000	126780000	0,0,0	9.977865	0.9999736	3.2456892	6.3986764	7.9145803	4.854441	2.246233	10.542153
chr2	71800000	71805000	chr2	72145000	72150000	0,0,0	7.3991137	1.0	3.538299	2.480488	4.27289	4.557185	1.5473003	6.7620635
chr2	37415000	37420000	chr2	37665000	37670000	0,0,0	4.294891	0.99411434	2.1709743	2.2942762	2.821216	3.096408	1.0600754	5.1357646
chr2	201070000	201075000	chr2	201170000	201175000	0,0,0	4.8151674	1.0	2.2498415	2.0556839	2.6147764	2.548576	1.0958521	4.3758507
chr2	85730000	85735000	chr2	86085000	86090000	0,0,0	4.194465	1.0	2.1983142	1.7911544	1.862881	2.1174836	1.0289513	3.7096207
chr2	160110000	160115000	chr2	160315000	160320000	0,0,0	3.9481165	0.99197185	2.0363593	2.1085815	2.5965	2.951004	1.3994136	4.8252983
chr2	187495000	187500000	chr2	187840000	187845000	0,0,0	14.786411	1.0	5.4905605	5.027234	6.809441	5.022348	2.349098	9.491
chr2	97590000	97595000	chr2	97695000	97700000	0,0,0	27.406889	1.0	6.126087	11.748374	13.815339	5.785822	3.837417	16.22882
chr2	173880000	173885000	chr2	174345000	174350000	0,0,0	9.050333	1.0	3.8342974	4.7278805	5.637066	4.68226	2.0743194	8.88482
chr2	130480000	130485000	chr2	130635000	130640000	0,0,0	11.368224	1.0	2.5177002	26.395115	31.83545	13.557519	11.271879	37.019844
chr2	112750000	112755000	chr2	112940000	112945000	0,0,0	7.4904075	0.99988234	3.697304	3.134059	5.59268	6.262871	1.2856342	9.048701
chr2	172465000	172470000	chr2	172710000	172715000	0,0,0	6.5578423	1.0	2.8965387	2.4687145	3.2390842	2.9335744	1.3029932	5.1279874
chr2	234950000	234955000	chr2	235105000	235110000	0,0,0	4.550892	1.0	2.427704	1.3640163	2.2623904	2.8266408	0.9822184	4.0390997
chr2	132545000	132550000	chr2	133170000	133175000	0,0,0	7.8618145	0.9997348	2.4661155	5.277049	6.193363	3.5451431	2.136331	8.235853
chr2	37390000	37395000	chr2	37875000	37880000	0,0,0	8.397621	0.9999999	3.421938	9.1271715	10.187494	7.820318	3.8853095	15.93336
chr2	170970000	170975000	chr2	171410000	171415000	0,0,0	6.323934	0.9998461	2.9205136	3.9453347	5.4104557	5.2729816	2.2015507	8.779945
chr2	175030000	175035000	chr2	175185000	175190000	0,0,0	5.8175497	0.998402	3.0373123	2.567563	3.524895	4.1573944	1.2870252	6.4396725
chr2	237170000	237175000	chr2	237320000	237325000	0,0,0	5.4836216	0.9997588	2.880043	3.2081017	4.576169	5.4790382	1.6365492	8.330685
chr2	224035000	224040000	chr2	224285000	224290000	0,0,0	4.923642	0.9998092	2.1150684	4.8022943	5.2330317	4.2965994	2.3328264	8.565306
chr2	18180000	18185000	chr2	18375000	18380000	0,0,0	4.1966705	0.9907612	1.9720628	2.0497305	2.8554115	2.8628502	1.027407	4.684833
chr2	119005000	119010000	chr2	119290000	119295000	0,0,0	5.4359393	0.9974768	2.5687742	2.8677785	3.496788	3.4337168	1.2971561	5.9828534
chr2	100725000	100730000	chr2	100985000	100990000	0,0,0	7.1434894	0.99961525	3.799879	2.75584	4.373225	5.414104	1.4874913	7.863739
chr2	209335000	209340000	chr2	209420000	209425000	0,0,0	8.418836	1.0	3.0688045	3.6100628	4.3816833	3.0217397	1.5588161	6.2306843
chr2	157490000	157495000	chr2	158010000	158015000	0,0,0	11.656498	0.9999958	4.358328	7.8419046	8.197661	5.417013	3.01516	12.387595
chr2	30165000	30170000	chr2	30705000	30710000	0,0,0	10.829951	0.99999887	5.4229255	3.727508	8.825803	10.389408	2.0290105	13.702749
chr2	64335000	64340000	chr2	64865000	64870000	0,0,0	5.1864705	1.0	3.171366	1.4468188	1.9534844	3.1233995	0.8440314	4.409461
chr2	191555000	191560000	chr2	191810000	191815000	0,0,0	6.7218304	1.0	3.8906488	1.4133227	2.1939712	3.151215	0.7217125	4.4075017
chr2	200710000	200715000	chr2	200885000	200890000	0,0,0	6.4003725	1.0	2.8141198	2.6215804	3.0125165	2.607812	1.4465846	4.9381056
chr2	72890000	72895000	chr2	73165000	73170000	0,0,0	15.154655	1.0	5.174811	6.7503805	7.462969	4.5328	2.8762674	10.533138
chr2	94250000	94255000	chr2	94795000	94800000	0,0,0	12.446069	1.0	3.7567792	5.945705	7.4431496	4.2632933	2.29595	9.548365
chr2	237855000	237860000	chr2	238260000	238265000	0,0,0	9.069272	0.99990493	3.0980668	5.2655487	6.8952484	4.581265	2.2387326	9.261753
chr2	11830000	11835000	chr2	13000000	13005000	0,0,0	10.161013	0.9999935	4.4607615	5.8666434	7.536315	6.7293377	3.1935945	11.944133
chr2	197065000	197070000	chr2	197775000	197780000	0,0,0	4.8067737	0.9951606	2.3914592	2.5927787	2.889524	3.026817	1.4017528	5.3315096
chr2	158890000	158895000	chr2	159960000	159965000	0,0,0	4.656004	0.99811614	1.887148	3.6691651	3.9962032	3.0136113	1.8872396	6.2750916
chr2	62455000	62460000	chr2	62770000	62775000	0,0,0	14.202598	0.99999994	5.090532	8.93738	12.240413	8.723682	3.638749	16.66802
chr2	218300000	218305000	chr2	218395000	218400000	0,0,0	5.6684155	1.0	3.0964124	1.5888339	2.8518107	3.730673	1.3366625	5.14297
chr2	120340000	120345000	chr2	120675000	120680000	0,0,0	12.198442	1.0	4.6275682	6.108695	8.534322	6.520159	2.572346	11.9501095
chr2	27885000	27890000	chr2	28390000	28395000	0,0,0	4.1640754	0.9971663	1.9288416	2.5039191	3.668703	3.6410666	1.6700152	5.8667727
chr2	99555000	99560000	chr2	100240000	100245000	0,0,0	11.785127	0.99999976	4.5302954	8.100458	10.528286	7.9561353	3.4734304	15.156543
chr2	68285000	68290000	chr2	68440000	68445000	0,0,0	3.6820688	1.0	1.9939867	1.3487971	1.4623333	1.783898	0.7185715	2.9828289
chr2	9810000	9815000	chr2	9915000	9920000	0,0,0	4.930341	0.9979974	2.0082402	3.3035142	4.102729	3.277501	1.2400436	6.2139583
chr2	173400000	173405000	chr2	174345000	174350000	0,0,0	10.62589	0.9999974	4.57493	6.218852	8.320859	7.3184323	3.509117	12.846301
chr2	64330000	64335000	chr2	64485000	64490000	0,0,0	9.846259	0.99998075	3.7370133	5.78014	7.6368628	5.7204885	2.0601237	10.858391
chr2	200580000	200585000	chr2	200700000	200705000	0,0,0	5.4639854	0.99668574	2.4480586	2.8477948	3.5007622	3.1787424	1.3477768	5.7101154
chr2	175365000	175370000	chr2	176085000	176090000	0,0,0	9.999511	0.9999974	4.972618	5.5417123	7.3228693	7.924253	3.577007	12.85022
chr2	112595000	112600000	chr2	112725000	112730000	0,0,0	8.10976	1.0	3.7168136	3.7208767	4.873816	4.6490455	2.0460715	7.9564915
chr2	234415000	234420000	chr2	234490000	234495000	0,0,0	4.157075	1.0	1.8573993	1.8132997	2.5731046	2.413956	0.83526796	4.025778
chr2	168345000	168350000	chr2	168915000	168920000	0,0,0	11.140359	0.99999744	4.7365427	6.3033137	8.422519	7.2834187	2.536783	12.886364
chr2	121080000	121085000	chr2	121350000	121355000	0,0,0	5.231293	1.0	2.2646089	2.7312858	3.0190957	2.5205526	1.1756556	4.9483624
chr2	71295000	71300000	chr2	71510000	71515000	0,0,0	10.666652	1.0	4.409089	4.5518785	6.897191	5.9612675	2.2607458	10.007382
chr2	132275000	132280000	chr2	133170000	133175000	0,0,0	5.460558	0.999355	2.8678946	3.4805439	3.7103155	4.2532535	1.6771605	7.3470697
chr2	226800000	226805000	chr2	226980000	226985000	0,0,0	10.242918	1.0	3.2058973	5.2136846	5.9964547	3.3801756	1.9108812	8.014562
chr2	155375000	155380000	chr2	156585000	156590000	0,0,0	7.126291	1.0	3.4980652	3.0544171	3.5882797	3.7153375	1.254971	6.430375
chr2	43235000	43240000	chr2	43485000	43490000	0,0,0	4.14211	0.9961256	2.6877565	1.5727339	2.2606091	4.155949	1.2227961	5.553935
chr2	189090000	189095000	chr2	189285000	189290000	0,0,0	4.494484	0.9978085	2.160735	2.6645622	3.6361191	3.7553186	1.1632551	6.1238184
chr2	230825000	230830000	chr2	230985000	230990000	0,0,0	6.5814853	1.0	3.2182734	2.6428525	3.4853888	3.670943	1.3366399	6.0201454
chr2	220685000	220690000	chr2	221575000	221580000	0,0,0	7.795223	0.9999772	3.4582486	4.6997986	6.9427834	6.512034	1.9093642	10.689632
chr2	108920000	108925000	chr2	108985000	108990000	0,0,0	3.9851937	0.9891728	1.8807992	1.8028461	2.8330383	2.9236338	1.0665419	4.5261636
chr2	237165000	237170000	chr2	237410000	237415000	0,0,0	7.053109	0.9999923	2.8680377	6.5817666	7.6284986	5.927113	2.777409	11.777572
chr2	69910000	69915000	chr2	70300000	70305000	0,0,0	10.545302	1.0	4.026567	5.6237793	6.1156173	4.243935	2.1962953	9.242849
chr2	238365000	238370000	chr2	238785000	238790000	0,0,0	6.6829214	1.0	3.1595047	2.2679179	3.7811024	3.9504573	1.4480114	5.966384
chr2	146735000	146740000	chr2	147045000	147050000	0,0,0	5.8128514	0.997937	2.191795	3.9079924	4.065387	2.7104619	1.3706298	6.184233
chr2	234370000	234375000	chr2	234490000	234495000	0,0,0	5.087194	1.0	2.5109105	2.4281569	2.7372062	2.8351135	1.099859	4.9934754
chr2	155370000	155375000	chr2	157190000	157195000	0,0,0	11.642242	0.9999993	4.859542	6.7829723	9.460126	8.088638	3.3391638	14.117948
chr2	237420000	237425000	chr2	237570000	237575000	0,0,0	6.5531645	1.0	2.7684953	3.5884519	4.099033	3.340949	1.2546052	6.530684
chr2	196080000	196085000	chr2	196455000	196460000	0,0,0	4.318665	0.9895736	2.7181425	1.5320088	1.8768145	3.2021036	0.85531217	4.563889
chr2	60790000	60795000	chr2	60990000	60995000	0,0,0	4.2134905	0.9911001	2.3860013	1.8642013	2.2680993	3.0651305	0.99375266	4.7221985
chr2	216110000	216115000	chr2	216500000	216505000	0,0,0	3.8124552	0.9788389	2.1158764	1.4660505	1.9481504	2.5528352	0.86192125	3.8559911
chr2	177165000	177170000	chr2	177330000	177335000	0,0,0	12.915995	1.0	4.45145	5.899124	7.5627856	5.022398	2.389085	10.266064
chr2	36350000	36355000	chr2	36505000	36510000	0,0,0	6.085011	0.99852824	2.8003416	2.9429047	4.0293956	3.9060626	1.3646442	6.521978
chr2	188980000	188985000	chr2	189410000	189415000	0,0,0	6.2939115	0.998769	2.1571763	4.1500263	4.8062882	3.0116837	1.545563	6.7005963
chr2	17845000	17850000	chr2	18150000	18155000	0,0,0	4.2038937	0.99554586	2.336251	1.9345958	2.791244	3.694847	1.186975	5.4144874
chr2	113975000	113980000	chr2	114550000	114555000	0,0,0	6.9191866	1.0	3.0004544	2.8781164	3.8685129	3.4393816	1.5414281	5.997707
chr2	127195000	127200000	chr2	127650000	127655000	0,0,0	8.243908	1.0	3.1599631	5.113708	5.130163	3.4320414	2.0049934	7.97756
chr2	190380000	190385000	chr2	190505000	190510000	0,0,0	4.2724905	0.9864259	2.0692956	1.8934042	2.5179822	2.617008	0.9234739	4.300034
chr2	55715000	55720000	chr2	56010000	56015000	0,0,0	4.8256726	0.9997174	1.939185	5.012912	7.4245806	6.169906	2.196811	10.625828
chr2	235135000	235140000	chr2	235745000	235750000	0,0,0	13.9765005	1.0	4.831597	5.665538	7.722889	5.2888365	2.4324212	10.32487
chr2	43610000	43615000	chr2	43870000	43875000	0,0,0	4.161243	1.0	2.2647803	1.3760021	1.8812337	2.3848536	0.63349366	3.6079664
chr2	177335000	177340000	chr2	177720000	177725000	0,0,0	6.3862066	0.99920523	2.931129	2.9176092	4.575452	4.5447726	1.1352977	7.138203
chr2	94250000	94255000	chr2	94580000	94585000	0,0,0	5.4165673	0.99894166	2.2583702	2.7792597	4.852592	4.381338	1.6984634	6.851791
chr2	88060000	88065000	chr2	88155000	88160000	0,0,0	6.5119123	1.0	3.1253161	1.8834171	3.4760647	3.7624652	1.3378063	5.4366136
chr2	11475000	11480000	chr2	11580000	11585000	0,0,0	10.785163	1.0	4.311744	4.935177	7.090422	5.804732	2.5052574	10.191556
chr2	178760000	178765000	chr2	178910000	178915000	0,0,0	3.9704103	0.9823831	2.0482984	1.512598	2.2991214	2.6947832	0.8226904	4.0393147
chr2	211085000	211090000	chr2	212565000	212570000	0,0,0	8.771555	1.0	4.1859756	2.1297922	4.1734486	4.5197797	1.3540661	6.4129286
chr2	240060000	240065000	chr2	240140000	240145000	0,0,0	7.1879754	1.0	2.5370727	4.1950912	5.139578	3.4294183	1.7390921	7.158389
chr2	62785000	62790000	chr2	63300000	63305000	0,0,0	4.9736667	1.0	2.4206164	2.0104537	2.7995188	2.9566917	0.78730386	4.743762
chr2	168960000	168965000	chr2	169130000	169135000	0,0,0	10.662452	0.9999882	4.503742	5.503163	7.491691	6.4580436	2.2317846	11.349744
chr2	176135000	176140000	chr2	176550000	176555000	0,0,0	5.667288	0.9991942	2.797316	3.2495553	4.012554	4.235955	1.5423445	7.1244483
chr2	85015000	85020000	chr2	85295000	85300000	0,0,0	3.7362225	0.99105656	2.0113506	2.0584142	2.3736222	2.8876262	1.0055455	4.7173276
chr2	100260000	100265000	chr2	100380000	100385000	0,0,0	8.760546	0.99989665	3.4410238	4.328457	6.543715	5.3306108	2.2238724	9.178128
chr2	236510000	236515000	chr2	237025000	237030000	0,0,0	5.6332407	0.9999796	2.7056758	4.1277986	6.70719	7.1323767	2.2618885	10.801531
chr2	33035000	33040000	chr2	33375000	33380000	0,0,0	4.0579	0.9925765	2.107572	1.9846988	2.6901464	3.1394346	0.8856122	4.903611
chr2	68195000	68200000	chr2	68440000	68445000	0,0,0	4.8023934	1.0	2.3041644	1.9806343	2.3563087	2.3567379	1.0619361	4.1173015
chr2	15635000	15640000	chr2	16500000	16505000	0,0,0	8.783304	0.99997234	4.3910084	5.4529853	5.4757943	5.6502905	2.3919587	10.497389
chr2	11130000	11135000	chr2	11445000	11450000	0,0,0	8.833384	0.99997	3.9104884	4.7102103	6.715208	6.229333	1.9783576	10.416186
chr2	56075000	56080000	chr2	57515000	57520000	0,0,0	5.9533353	0.99949926	2.186937	4.24757	5.3891354	3.8245435	1.6364785	7.6001616
chr2	197190000	197195000	chr2	197775000	197780000	0,0,0	9.796463	1.0	3.8120575	3.6140537	6.813406	5.818955	1.780228	9.031447
chr2	10705000	10710000	chr2	10810000	10815000	0,0,0	4.991588	1.0	2.4035068	1.894218	2.0915933	2.0670936	0.9143802	3.750843
chr2	11130000	11135000	chr2	11410000	11415000	0,0,0	8.956255	0.99995685	3.2985091	5.344588	7.2497497	5.301525	2.0729804	10.05227
chr2	18515000	18520000	chr2	19355000	19360000	0,0,0	7.1671696	0.9997534	2.9518573	4.4462433	5.4123373	4.3564835	2.2341435	8.3087
chr2	197080000	197085000	chr2	197375000	197380000	0,0,0	4.820214	0.99353456	2.6434577	2.2133	2.4508927	3.0744333	1.0288213	5.041811
chr2	46460000	46465000	chr2	46645000	46650000	0,0,0	7.105949	0.99918044	2.8352036	3.9793334	4.684833	3.5703192	1.9341356	7.1075044
chr2	8600000	8605000	chr2	8680000	8685000	0,0,0	5.270217	1.0	2.1759408	2.3761692	3.2482452	2.7237046	1.1116904	4.835855
chr2	201235000	201240000	chr2	201360000	201365000	0,0,0	7.241004	1.0	2.5988412	3.6921072	4.6670957	3.220163	1.6600207	6.5020366
chr2	44980000	44985000	chr2	45570000	45575000	0,0,0	3.9022572	0.99432755	1.8664198	2.5446694	2.9442642	2.9107456	1.13663	5.1726737
chr2	44475000	44480000	chr2	44955000	44960000	0,0,0	9.209052	0.99994093	3.7319303	4.5858707	6.756784	5.661847	1.9771277	9.738176
chr2	97700000	97705000	chr2	98380000	98385000	0,0,0	7.021676	0.9997864	3.2809167	3.6523006	5.209565	5.2057004	1.871516	8.452189
chr2	204255000	204260000	chr2	205925000	205930000	0,0,0	4.8519278	0.9963439	2.269487	2.777125	3.2785614	3.1433876	1.1073514	5.611943
chr2	11690000	11695000	chr2	11780000	11785000	0,0,0	11.464092	1.0	4.1313663	4.702793	6.4567738	4.6330686	2.0428686	8.813329
chr2	72770000	72775000	chr2	72855000	72860000	0,0,0	15.251963	1.0	5.4291906	6.589633	9.309464	6.667893	2.990845	12.525345
chr2	47335000	47340000	chr2	47385000	47390000	0,0,0	7.199744	0.99965197	2.2663162	4.8412795	6.1061215	3.6606607	1.6382487	7.9640203
chr2	84495000	84500000	chr2	84880000	84885000	0,0,0	10.232465	1.0	4.946707	3.9922237	5.775727	6.0802574	1.8270549	9.628901
chr2	98650000	98655000	chr2	98835000	98840000	0,0,0	10.350282	0.99999726	4.67585	5.0259733	8.46695	8.350152	2.6022897	12.817684
chr2	202575000	202580000	chr2	203440000	203445000	0,0,0	4.187195	0.98608935	2.64991	1.3900802	1.7576499	3.039918	0.7622613	4.275545
chr2	41845000	41850000	chr2	42225000	42230000	0,0,0	5.198027	1.0	2.5296147	2.346226	2.50667	2.5020895	1.0961424	4.5876236
chr2	85420000	85425000	chr2	85550000	85555000	0,0,0	10.422669	0.9999978	4.515261	6.1338844	8.47417	7.5796146	3.1656551	13.031957
chr2	46460000	46465000	chr2	46885000	46890000	0,0,0	10.093072	1.0	4.542517	3.8665006	4.903475	4.519483	1.8630977	7.9563723
chr2	47855000	47860000	chr2	48105000	48110000	0,0,0	7.079891	0.9993444	2.623786	4.097638	5.1604977	3.6883512	1.6740525	7.330696
chr2	17475000	17480000	chr2	17670000	17675000	0,0,0	4.956356	0.99811465	2.8817446	2.1136146	3.0467353	4.3955216	1.449918	6.2742906
chr2	19365000	19370000	chr2	19860000	19865000	0,0,0	7.516035	0.999587	4.3956428	2.2484224	3.9309568	5.7942305	1.6581715	7.792828
chr2	18220000	18225000	chr2	18375000	18380000	0,0,0	5.7773747	1.0	2.2868013	3.2735443	3.5665317	2.6019757	1.2163471	5.5117927
chr2	38945000	38950000	chr2	39225000	39230000	0,0,0	3.7458944	0.98820794	2.0828292	1.3511839	2.4049973	3.2397363	0.92085946	4.4407887
chr2	170405000	170410000	chr2	170530000	170535000	0,0,0	3.8108795	1.0	2.2780735	1.2065609	1.7650005	2.6958513	0.6969444	3.7683496
chr2	173070000	173075000	chr2	173210000	173215000	0,0,0	4.239831	0.99714977	1.9527597	2.9956686	3.4420793	3.1981356	1.1155963	5.860952
chr2	227125000	227130000	chr2	227235000	227240000	0,0,0	10.489055	1.0	3.1368546	5.990634	7.377741	4.1462097	2.2522244	9.471217
chr2	182180000	182185000	chr2	182650000	182655000	0,0,0	7.9314127	0.99999475	4.0732083	4.3910675	7.0500298	8.260894	3.5422997	12.164065
chr2	181570000	181575000	chr2	181715000	181720000	0,0,0	8.203926	1.0	2.9083152	4.148877	4.3400865	2.6720076	1.6369123	6.359898
chr2	118490000	118495000	chr2	118855000	118860000	0,0,0	5.190618	0.9972743	2.247619	3.2365267	3.6136193	3.0287266	1.4557437	5.905639
chr2	168345000	168350000	chr2	168755000	168760000	0,0,0	10.879953	1.0	3.560973	9.892809	13.348084	8.6115	4.2268286	17.405107
chr2	221575000	221580000	chr2	221965000	221970000	0,0,0	6.7835355	1.0	2.9194717	2.630229	3.289305	2.8353071	1.5134647	5.1732883
chr2	181105000	181110000	chr2	181715000	181720000	0,0,0	9.539541	1.0	3.5125978	5.1406803	6.259558	4.375212	2.2412374	8.944706
chr2	14965000	14970000	chr2	15575000	15580000	0,0,0	4.8444233	1.0	2.617532	1.5448868	2.3037574	2.9096649	0.9188573	4.2828975
chr2	235595000	235600000	chr2	235740000	235745000	0,0,0	9.486828	1.0	3.661866	3.7333014	6.062071	4.945905	1.7081531	8.264395
chr2	7095000	7100000	chr2	7670000	7675000	0,0,0	9.41993	1.0	2.8174248	5.329014	5.803026	2.9948132	1.8235832	7.7317142
chr2	209420000	209425000	chr2	209955000	209960000	0,0,0	5.489944	0.9962238	2.1772466	2.3937454	4.0637584	3.451838	1.070402	5.579612
chr2	202830000	202835000	chr2	203810000	203815000	0,0,0	5.404248	0.9960177	2.8562531	2.325194	2.9086826	3.4596279	1.5343465	5.526467
chr2	39915000	39920000	chr2	40765000	40770000	0,0,0	4.5774407	0.9989467	2.0362895	3.8040178	4.0455017	3.4752283	1.3950835	6.8565774
chr2	189750000	189755000	chr2	190065000	190070000	0,0,0	5.0556116	0.9951593	2.4339166	2.2757664	3.1818607	3.3083513	1.0953635	5.331255
chr2	152860000	152865000	chr2	153515000	153520000	0,0,0	5.0258203	0.998859	1.8754431	4.387948	4.4432116	2.8761475	1.7409565	6.776546
chr2	121100000	121105000	chr2	121290000	121295000	0,0,0	4.4554086	0.99065334	2.0733306	2.2476616	2.7801232	2.6752985	0.8836391	4.67322
chr2	85640000	85645000	chr2	85815000	85820000	0,0,0	4.699987	1.0	2.4476979	1.2863784	1.7431718	2.0436008	0.53745574	3.1870482
chr2	179420000	179425000	chr2	179745000	179750000	0,0,0	5.720603	0.9992812	2.7237885	3.3162627	4.267045	4.2909546	1.6402178	7.238744
chr2	137910000	137915000	chr2	138370000	138375000	0,0,0	6.5612707	0.9996149	2.6185052	3.857852	5.453626	4.4335313	2.0340025	7.862733
chr2	198770000	198775000	chr2	199460000	199465000	0,0,0	9.203571	0.9999704	3.948711	3.8474169	7.3797545	7.008524	2.304675	10.42845
chr2	98645000	98650000	chr2	99065000	99070000	0,0,0	6.7252502	0.99939245	2.9328187	3.9153423	4.568536	3.9265103	1.9324684	7.4068146
chr2	134110000	134115000	chr2	134205000	134210000	0,0,0	5.4756036	1.0	2.3857594	2.4736214	2.7006595	2.2669568	1.1897846	4.4657316
chr2	168345000	168350000	chr2	168705000	168710000	0,0,0	4.1935015	0.9978641	2.2023265	2.1975644	3.4636278	4.1961355	1.346469	6.149526
chr2	191555000	191560000	chr2	192160000	192165000	0,0,0	20.65367	1.0	9.132784	4.2214184	6.3854547	5.9956	1.9613395	9.747972
chr2	209330000	209335000	chr2	209575000	209580000	0,0,0	7.358688	1.0	3.2807827	3.1036549	4.4572015	4.1810055	1.4465203	6.93981
chr2	19370000	19375000	chr2	19665000	19670000	0,0,0	5.3809867	0.99821496	2.8884172	2.3614202	3.400054	4.2299223	1.435886	6.328963
chr2	158030000	158035000	chr2	158460000	158465000	0,0,0	4.615664	1.0	2.4214468	1.7788745	2.276516	2.6810293	1.0444793	4.262251
chr2	69725000	69730000	chr2	69890000	69895000	0,0,0	5.1961017	1.0	2.8450274	1.6210866	1.9846016	2.51266	0.85226476	3.9536262
chr2	25950000	25955000	chr2	26325000	26330000	0,0,0	5.5459323	1.0	2.6585445	2.2036922	3.2640123	3.4080076	1.184184	5.3668456
chr2	7430000	7435000	chr2	8685000	8690000	0,0,0	7.4968305	1.0	3.4303014	3.2113762	3.9626832	3.7153919	1.7887595	6.569948
chr2	227890000	227895000	chr2	228660000	228665000	0,0,0	5.229287	0.9988119	2.3553772	3.6274796	3.9706728	3.5116742	1.6487802	6.7361007
chr2	166540000	166545000	chr2	167210000	167215000	0,0,0	10.169981	0.99999064	3.5977602	7.05324	8.169388	5.313574	2.5066335	11.583121
chr2	59450000	59455000	chr2	60555000	60560000	0,0,0	4.724746	1.0	2.4959185	2.01525	2.3078601	2.7067654	1.0875542	4.498099
chr2	190085000	190090000	chr2	190315000	190320000	0,0,0	4.995929	0.9958582	2.3934407	2.5245357	3.2039776	3.24316	1.22064	5.4871917
chr2	163185000	163190000	chr2	164060000	164065000	0,0,0	4.452152	0.998597	2.3135762	2.4430647	3.709407	4.398229	1.6409804	6.5698423
chr2	227655000	227660000	chr2	227765000	227770000	0,0,0	9.615705	1.0	3.5618448	5.384968	6.708398	4.769828	2.0077505	9.556466
chr2	134115000	134120000	chr2	134445000	134450000	0,0,0	8.32181	1.0	3.410374	4.0849833	5.426683	4.4684706	1.954747	8.099567
chr2	111480000	111485000	chr2	111700000	111705000	0,0,0	14.981558	1.0	5.881469	5.9980364	6.5222926	4.7004237	2.3900352	10.032011
chr2	71555000	71560000	chr2	71990000	71995000	0,0,0	5.805539	1.0	2.2845294	2.8995347	3.6082876	2.7601478	1.1707857	5.3375115
chr2	234135000	234140000	chr2	234255000	234260000	0,0,0	5.83767	1.0	2.952153	2.3341956	3.179495	3.5530405	1.0623798	5.6278806
chr2	11230000	11235000	chr2	11410000	11415000	0,0,0	5.94135	0.99969125	2.5550241	4.4107294	4.993844	4.1632557	1.761726	8.083904
chr2	58760000	58765000	chr2	60545000	60550000	0,0,0	4.9684863	1.0	2.3961809	1.9744773	2.611553	2.6936615	0.73490536	4.4487524
chr2	69025000	69030000	chr2	69305000	69310000	0,0,0	9.030051	0.9999989	3.6153085	6.852852	9.428963	7.6293163	2.63264	13.72074
chr2	36350000	36355000	chr2	36665000	36670000	0,0,0	8.976629	0.9999824	4.0479984	4.575862	7.105382	6.8818517	2.5868692	10.949285
chr2	62785000	62790000	chr2	63425000	63430000	0,0,0	4.7083335	0.99657446	1.8696434	3.3061228	3.694998	2.7383094	1.1102899	5.6770854
chr2	88875000	88880000	chr2	89150000	89155000	0,0,0	7.7675796	0.9999654	2.754039	5.7630343	7.4788494	5.1502805	2.2006252	10.272977
chr2	187500000	187505000	chr2	187580000	187585000	0,0,0	13.205262	1.0	5.98218	3.3540843	6.6505384	6.762279	2.4317038	9.743688
chr2	155380000	155385000	chr2	156900000	156905000	0,0,0	5.462759	0.99955094	2.2615502	4.5670295	4.775229	3.6495492	2.048237	7.709131
chr2	135910000	135915000	chr2	136375000	136380000	0,0,0	16.90204	1.0	7.032043	11.886534	16.75342	14.309276	6.2286506	24.875082
chr2	69910000	69915000	chr2	70140000	70145000	0,0,0	9.651172	0.99998826	3.0827436	6.92523	8.611451	5.198324	2.3852072	11.354084
chr2	206165000	206170000	chr2	206260000	206265000	0,0,0	5.5629888	1.0	2.077625	2.6106915	3.6264343	2.7172184	1.3713498	5.037833
chr2	63690000	63695000	chr2	63885000	63890000	0,0,0	8.558138	0.9999529	3.4744706	4.537157	6.9800234	5.9315333	1.8813766	9.964561
chr2	70340000	70345000	chr2	70550000	70555000	0,0,0	3.7201111	0.9923858	2.2273638	1.4383266	2.3393788	3.5997365	0.95346135	4.878249
chr2	113525000	113530000	chr2	114540000	114545000	0,0,0	12.840279	1.0	4.361809	5.2193637	6.5029936	4.1930504	2.1333134	8.832485
chr2	175310000	175315000	chr2	176090000	176095000	0,0,0	7.2105603	0.99963313	3.2421887	4.4296355	4.5883265	3.9738176	1.9247243	7.9112716
chr2	158450000	158455000	chr2	158745000	158750000	0,0,0	5.048391	0.9935907	2.2610948	2.8389826	2.9375014	2.5269868	1.2686137	5.050527
chr2	10445000	10450000	chr2	10660000	10665000	0,0,0	7.2526064	1.0	3.6127002	3.2959485	3.7747293	3.9853885	1.4770607	6.91512
chr2	64520000	64525000	chr2	64870000	64875000	0,0,0	5.432732	0.9981025	2.8692706	2.2811267	3.4805744	4.240208	1.3151758	6.267876
chr2	206690000	206695000	chr2	207475000	207480000	0,0,0	10.663855	0.99998546	4.7944307	4.948577	7.106488	6.74163	2.3465676	11.140366
chr2	198315000	198320000	chr2	199595000	199600000	0,0,0	3.8289032	0.9972354	2.0488868	2.7106233	2.924202	3.4820423	1.0280298	5.891485
chr2	165400000	165405000	chr2	165870000	165875000	0,0,0	9.825458	0.99998856	3.606664	6.212825	8.144831	5.854471	2.2737613	11.376983
chr2	233975000	233980000	chr2	234115000	234120000	0,0,0	3.680777	1.0	2.044872	1.4749981	1.6828996	2.174256	1.045465	3.4853654
chr2	67730000	67735000	chr2	68030000	68035000	0,0,0	4.237732	0.99168116	2.2844915	1.7243937	2.5872796	3.2569342	1.0074757	4.7897286
chr2	54520000	54525000	chr2	54700000	54705000	0,0,0	10.61293	1.0	3.9699087	5.3654604	7.3686647	5.5079284	1.9959373	10.277226
chr2	71800000	71805000	chr2	71990000	71995000	0,0,0	5.764746	1.0	2.8550587	2.3397374	3.301562	3.5899365	1.0167364	5.669703
chr2	148510000	148515000	chr2	148985000	148990000	0,0,0	5.083359	1.0	2.9083235	1.8581209	2.0788918	2.847537	0.9086584	4.4992003
chr2	225670000	225675000	chr2	226800000	226805000	0,0,0	15.676303	1.0	4.8669906	11.547908	13.7147875	7.823977	4.65552	18.088783
chr2	108215000	108220000	chr2	108315000	108320000	0,0,0	4.918907	1.0	2.9251223	0.98795605	1.6875355	2.5663328	0.53596514	3.444516
chr2	96305000	96310000	chr2	96505000	96510000	0,0,0	4.485286	0.9951775	1.9642637	2.7214148	3.3246427	2.915977	1.078955	5.3350124
chr2	196130000	196135000	chr2	196455000	196460000	0,0,0	3.7243526	0.9904569	1.9801428	1.9839425	2.4124756	2.8889132	1.1858975	4.6524177
chr2	158180000	158185000	chr2	158745000	158750000	0,0,0	4.1861105	0.99751437	2.3419433	1.7447937	3.2562299	4.446927	0.8881117	5.9978547
chr2	147355000	147360000	chr2	147915000	147920000	0,0,0	4.0844674	0.98625463	2.095962	1.4987781	2.5120935	2.9552488	0.7923063	4.287496
chr2	44555000	44560000	chr2	44955000	44960000	0,0,0	4.822834	1.0	2.1578834	2.5025325	2.7916176	2.4580982	1.106498	4.6825714
chr2	236345000	236350000	chr2	237060000	237065000	0,0,0	7.4827523	0.999991	4.6464763	3.1391053	5.314035	8.832401	2.344644	11.622718
chr2	175205000	175210000	chr2	175280000	175285000	0,0,0	4.1075892	1.0	2.4279876	1.2560982	1.8197477	2.7146785	0.7102347	3.8312101
chr2	160085000	160090000	chr2	160995000	161000000	0,0,0	8.269715	0.9999999	3.0096686	10.450991	10.610931	6.644718	3.9206002	15.934487
chr2	158900000	158905000	chr2	159115000	159120000	0,0,0	11.100627	1.0	4.3884287	4.7525787	7.6722827	6.4112096	2.7777338	10.635724
chr2	196160000	196165000	chr2	196275000	196280000	0,0,0	5.3666744	0.99962807	2.6711516	3.366587	4.5147185	4.905068	1.6976796	7.8975897
chr2	47385000	47390000	chr2	47765000	47770000	0,0,0	6.442752	0.99956477	2.3333325	4.404019	5.51223	3.8257272	1.8207567	7.740411
chr2	121400000	121405000	chr2	121715000	121720000	0,0,0	9.724027	1.0	3.710904	4.1875825	5.052452	3.6738234	1.6312048	7.396119
chr2	32770000	32775000	chr2	32945000	32950000	0,0,0	4.2594	0.9891404	1.9206667	2.2133906	2.7738736	2.5557141	1.1144012	4.5231724
chr2	149015000	149020000	chr2	149315000	149320000	0,0,0	6.3086195	0.9994486	3.2389228	3.0866802	4.161748	4.760084	1.4682499	7.5037994
chr2	224610000	224615000	chr2	224775000	224780000	0,0,0	5.4251475	0.99653214	2.1932845	2.8749316	3.835396	3.1093109	1.3226005	5.6648054
chr2	134115000	134120000	chr2	134240000	134245000	0,0,0	5.0781517	1.0	2.5743794	2.1415348	2.3953724	2.5956306	1.0459014	4.499217
chr2	15640000	15645000	chr2	15925000	15930000	0,0,0	5.2327585	1.0	2.7431386	1.6657214	2.5100944	3.0162065	0.9046568	4.4968476
chr2	173025000	173030000	chr2	173210000	173215000	0,0,0	10.790668	0.9999994	4.007895	7.09017	10.540309	8.038975	2.9987907	14.341349
chr2	26960000	26965000	chr2	27015000	27020000	0,0,0	5.1290994	0.999308	2.2008295	3.2608519	4.860737	4.3781323	1.1775061	7.276667
chr2	16770000	16775000	chr2	17670000	17675000	0,0,0	11.242481	1.0	3.9365692	5.0233035	5.675245	3.5976622	1.9577272	8.062821
chr2	37985000	37990000	chr2	38270000	38275000	0,0,0	7.9777493	0.9999454	3.602731	4.2755337	6.273811	6.0160537	2.247793	9.816528
chr2	203480000	203485000	chr2	203810000	203815000	0,0,0	6.3372526	0.99866796	2.5892124	3.3360798	4.4511437	3.6563072	2.0630815	6.6217117
chr2	112615000	112620000	chr2	112940000	112945000	0,0,0	6.0779977	1.0	2.933897	2.3778877	3.1175194	3.2143297	1.191522	5.3280077
chr2	95235000	95240000	chr2	95315000	95320000	0,0,0	4.242471	1.0	2.490816	1.3529084	1.6527184	2.407787	0.5656901	3.610372
chr2	201115000	201120000	chr2	201150000	201155000	0,0,0	3.693153	0.9871105	1.8688288	1.7365947	2.490569	2.808151	1.132386	4.351791
chr2	233095000	233100000	chr2	233250000	233255000	0,0,0	4.29476	0.98692757	1.9604759	1.7717637	2.7979019	2.7627962	0.9139043	4.3376975
chr2	219400000	219405000	chr2	219530000	219535000	0,0,0	5.815559	1.0	2.697296	2.8704863	3.3567278	3.1681511	1.34643	5.7196946
chr2	160075000	160080000	chr2	161060000	161065000	0,0,0	4.9250813	0.99953824	2.2580173	4.117349	4.4406724	4.021345	1.7236022	7.681211
chr2	179215000	179220000	chr2	179440000	179445000	0,0,0	7.50701	0.99946856	2.3055453	4.6526237	5.837498	3.405079	1.5162514	7.5407443
chr2	203480000	203485000	chr2	203650000	203655000	0,0,0	6.9869046	0.99946475	2.9741652	3.9017253	4.8096356	4.065399	1.6744996	7.5335994
chr2	177335000	177340000	chr2	177415000	177420000	0,0,0	7.14717	1.0	2.651893	3.7361274	5.1535153	3.8238363	1.7590997	7.1448383
chr2	228045000	228050000	chr2	228650000	228655000	0,0,0	6.389226	0.99995816	3.129455	4.0889807	5.9928145	6.4474654	2.6002657	10.082114
chr2	152190000	152195000	chr2	152630000	152635000	0,0,0	10.210414	0.9999999	4.7838035	6.898088	9.803455	9.826884	3.9144256	15.958517
chr2	207765000	207770000	chr2	207970000	207975000	0,0,0	5.613095	0.9993575	2.657006	3.7139885	4.191946	4.0496387	1.7976171	7.350962
chr2	235135000	235140000	chr2	235590000	235595000	0,0,0	11.226742	0.99999243	4.559615	6.2360334	7.825877	6.2510147	2.5383565	11.794156
chr2	233485000	233490000	chr2	233710000	233715000	0,0,0	3.9540944	0.990803	1.8997817	2.257967	2.67776	2.6822836	1.0626032	4.6893654
chr2	28590000	28595000	chr2	28750000	28755000	0,0,0	6.219235	0.9997711	2.7881773	3.4289682	5.5118823	5.335209	1.8899213	8.383181
chr2	190775000	190780000	chr2	191150000	191155000	0,0,0	7.6475573	1.0	3.157089	3.001775	3.4083185	2.682599	1.4874638	5.350844
chr2	216695000	216700000	chr2	217510000	217515000	0,0,0	9.025376	0.9999945	4.3033767	6.444097	6.678071	6.382349	2.4544737	12.1104355
chr2	171580000	171585000	chr2	172125000	172130000	0,0,0	7.3305507	1.0	2.9592462	4.457244	4.5322328	3.2941697	1.9119636	7.256164
chr2	10120000	10125000	chr2	10660000	10665000	0,0,0	7.611046	1.0	3.6895688	3.018345	3.9188313	4.059431	1.7570356	6.7424045
chr2	181740000	181745000	chr2	182075000	182080000	0,0,0	10.927932	0.99999726	3.939612	6.9126377	9.332292	6.654212	3.113529	12.798779
chr2	177160000	177165000	chr2	177725000	177730000	0,0,0	6.383831	1.0	2.9124439	2.8296273	3.4734156	3.2379808	1.2260437	5.7532053
chr2	25950000	25955000	chr2	26140000	26145000	0,0,0	8.444457	0.99999356	3.1645758	6.5313954	8.415577	6.151193	2.9857295	11.956878
chr2	191565000	191570000	chr2	191690000	191695000	0,0,0	17.483135	1.0	7.0748587	6.635105	9.405234	7.779504	2.8338797	13.677375
chr2	191220000	191225000	chr2	191500000	191505000	0,0,0	4.5187683	0.9993842	2.3642216	3.3992639	3.8084526	4.3718405	1.3105322	7.3934083
chr2	211745000	211750000	chr2	212565000	212570000	0,0,0	5.2512183	0.9968519	2.9516368	1.2469625	3.3188148	4.653154	1.0835469	5.7615647
chr2	24410000	24415000	chr2	24825000	24830000	0,0,0	7.59827	0.99994224	3.1412907	5.160529	6.365519	5.17337	2.6768465	9.760508
chr2	37415000	37420000	chr2	37830000	37835000	0,0,0	8.408954	0.9999998	4.079015	6.2199006	9.444842	10.075694	3.1101182	15.604493
chr2	135005000	135010000	chr2	135705000	135710000	0,0,0	7.7574286	0.99999547	3.8906825	4.3994317	7.3867536	8.398056	3.336082	12.308661
chr2	237150000	237155000	chr2	237570000	237575000	0,0,0	6.7601867	0.99947006	3.2278247	3.5845704	4.366598	4.3572607	1.691937	7.5435452
chr2	234555000	234560000	chr2	234915000	234920000	0,0,0	4.523426	0.995063	2.0713613	2.858674	3.0695567	2.7705066	1.073492	5.31155
chr2	185285000	185290000	chr2	186255000	186260000	0,0,0	4.065366	0.99847364	2.1757822	2.379441	3.520402	4.370475	1.4762251	6.4855337
chr2	216695000	216700000	chr2	217165000	217170000	0,0,0	8.509291	0.9998944	3.7015333	4.072703	6.0472875	5.53649	2.0629523	9.156672
chr2	218300000	218305000	chr2	218355000	218360000	0,0,0	3.9880052	0.9896846	1.951285	2.3989344	2.4509926	2.4422014	0.9644617	4.5745873
chr2	138920000	138925000	chr2	139030000	139035000	0,0,0	5.326022	1.0	2.594837	2.0582616	3.1869674	3.4323328	1.1985708	5.2618985
chr2	213800000	213805000	chr2	215925000	215930000	0,0,0	9.86903	1.0	4.390738	3.8756876	4.472604	3.9458492	1.7030349	7.3909044
chr2	202585000	202590000	chr2	203815000	203820000	0,0,0	9.806232	0.9999815	3.591033	5.4879694	8.049892	6.0212545	2.4260907	10.89945
chr2	130220000	130225000	chr2	131450000	131455000	0,0,0	25.164824	1.0	8.425885	14.043583	20.384941	13.8863945	8.069248	26.36958
chr2	46010000	46015000	chr2	46460000	46465000	0,0,0	8.506805	0.9999832	3.8677375	4.892728	6.921583	6.6450233	2.3650773	10.994114
chr2	55770000	55775000	chr2	56010000	56015000	0,0,0	4.1195726	0.9995103	1.8247318	3.148247	5.0605536	4.824092	1.262445	7.6225333
chr2	84490000	84495000	chr2	84630000	84635000	0,0,0	8.056965	0.9998532	4.050986	3.6027653	5.056396	5.6248064	2.3653607	8.827265
chr2	172860000	172865000	chr2	172930000	172935000	0,0,0	4.0414834	0.99334705	1.986191	1.9300827	3.0184953	3.2975817	1.0725267	5.013211
chr2	8875000	8880000	chr2	9135000	9140000	0,0,0	11.27353	1.0	4.8910713	4.3778353	7.397342	6.945392	1.9653895	10.836802
chr2	149595000	149600000	chr2	150490000	150495000	0,0,0	10.582437	0.9999795	4.4142504	6.167346	6.7482486	5.313509	2.1865284	10.795594
chr2	174155000	174160000	chr2	174340000	174345000	0,0,0	5.708985	0.9981699	1.8061501	4.280547	4.593532	2.499114	1.5265192	6.3040447
chr2	224355000	224360000	chr2	224645000	224650000	0,0,0	7.903417	0.9998221	3.658626	3.7163775	5.3883147	5.3316474	2.074246	8.635094
chr2	177335000	177340000	chr2	177760000	177765000	0,0,0	5.941481	0.9983399	2.8801892	3.356855	3.4752254	3.4176798	1.7858778	6.4015512
chr2	158030000	158035000	chr2	158750000	158755000	0,0,0	9.692146	0.9999996	5.7593503	4.9321737	6.8592043	10.32409	2.7581015	14.708244
chr2	233975000	233980000	chr2	234500000	234505000	0,0,0	7.9491754	1.0	3.5271132	3.2729294	5.1812525	4.9343433	1.7090662	7.843614
chr2	175370000	175375000	chr2	175685000	175690000	0,0,0	4.1693597	0.9969485	1.845203	2.6253495	3.7327523	3.4590666	1.4382046	5.792711
chr2	19955000	19960000	chr2	20285000	20290000	0,0,0	4.3742094	0.99271446	2.0652664	2.1793385	2.9701655	2.985185	1.1138786	4.9223747
chr2	217780000	217785000	chr2	218035000	218040000	0,0,0	4.505484	0.9926374	2.670807	1.4786514	2.3859172	3.5974977	0.93491375	4.9118547
chr2	127065000	127070000	chr2	127170000	127175000	0,0,0	3.7725835	1.0	2.0893312	1.3595687	1.5666535	2.0137796	0.6953268	3.222285
chr2	164735000	164740000	chr2	164915000	164920000	0,0,0	14.3644	0.9999998	4.6165805	9.104946	12.094702	7.606746	3.248843	15.700031
chr2	198655000	198660000	chr2	199485000	199490000	0,0,0	11.866369	0.9999937	4.2893224	7.047862	8.419251	5.705889	2.5028844	11.970655
chr2	213245000	213250000	chr2	215930000	215935000	0,0,0	17.597279	1.0	6.409444	6.7374887	10.037701	7.5067477	3.4774034	13.495627
chr2	28955000	28960000	chr2	29195000	29200000	0,0,0	13.774583	0.99999994	6.3087063	6.4509964	10.591067	10.580433	3.0514932	16.314651
chr2	64915000	64920000	chr2	65570000	65575000	0,0,0	9.262613	1.0	4.0354543	3.4288778	3.8562074	3.2697268	1.4122171	6.317618
chr2	68940000	68945000	chr2	69305000	69310000	0,0,0	5.324598	0.99762315	2.9043834	2.187773	3.1976352	4.0979176	1.2733655	6.042605
chr2	54520000	54525000	chr2	54660000	54665000	0,0,0	3.8424895	0.98859334	1.9692646	1.8647424	2.4755974	2.816475	1.0123559	4.474024
chr2	199975000	199980000	chr2	200700000	200705000	0,0,0	11.506914	1.0	4.810384	5.920992	7.3696427	6.097336	2.805036	11.36044
chr2	196130000	196135000	chr2	196275000	196280000	0,0,0	5.687244	0.9999496	2.2121203	5.3673916	6.764842	5.125361	2.1601026	9.896376
chr2	73085000	73090000	chr2	73160000	73165000	0,0,0	5.253838	0.9970233	2.5368524	2.4998019	3.4508746	3.5954866	1.602913	5.8175325
chr2	197110000	197115000	chr2	197375000	197380000	0,0,0	5.7653866	0.9983249	2.9861279	2.1910057	3.7194536	4.444956	1.4363046	6.392517
chr2	96855000	96860000	chr2	96955000	96960000	0,0,0	10.044112	1.0	4.0287533	4.1105723	5.7357016	4.671891	2.024804	8.325733
chr2	210615000	210620000	chr2	211035000	211040000	0,0,0	4.1762195	0.9939007	2.2514532	2.1870494	2.57925	3.1560671	1.1500335	5.100111
chr2	130795000	130800000	chr2	130920000	130925000	0,0,0	5.8148017	1.0	2.399439	2.6546602	3.440285	2.835227	1.2107486	5.1949253
chr2	60705000	60710000	chr2	60995000	61000000	0,0,0	10.145263	0.99997675	4.009331	5.648792	7.2594094	5.6494117	2.1606185	10.67056
chr2	166545000	166550000	chr2	166895000	166900000	0,0,0	4.3165116	0.9959011	2.3134842	2.5520706	2.7100587	3.2290978	1.4258717	5.497605
chr2	161585000	161590000	chr2	162120000	162125000	0,0,0	10.797318	0.9999982	3.9744954	7.199214	9.46475	6.8325257	3.0005577	13.231827
chr2	150615000	150620000	chr2	151235000	151240000	0,0,0	4.8447814	1.0	2.3553321	1.9402059	2.6174836	2.743785	1.0242195	4.4684124
chr2	187580000	187585000	chr2	187840000	187845000	0,0,0	8.92281	1.0	3.2582667	4.995328	6.247531	4.376005	1.9523289	8.816297
chr2	131150000	131155000	chr2	131335000	131340000	0,0,0	7.3883104	1.0	2.9607365	2.5840502	3.4658897	2.7843795	1.364529	5.081313
chr2	111115000	111120000	chr2	111455000	111460000	0,0,0	7.8852406	1.0	3.5725832	3.4727554	4.7199936	4.4681764	1.9825953	7.55507
chr2	230715000	230720000	chr2	230795000	230800000	0,0,0	4.7305756	0.9927482	2.2683952	2.0743043	2.9697633	3.0831935	1.2994953	4.9270196
chr2	98630000	98635000	chr2	99030000	99035000	0,0,0	4.3631167	0.9940761	1.9229927	2.427905	3.2682576	2.9711502	0.9234291	5.129288
chr2	26960000	26965000	chr2	27080000	27085000	0,0,0	6.3769546	1.0	2.950782	2.0240965	3.2810838	3.3147745	1.3424617	5.113971
chr2	84635000	84640000	chr2	84860000	84865000	0,0,0	5.726103	0.9972273	2.2265718	3.6792145	3.783533	2.618135	1.3041232	5.888548
chr2	217785000	217790000	chr2	217985000	217990000	0,0,0	7.670648	0.99985224	3.4299374	3.7278461	5.755894	5.507362	2.4440207	8.821003
chr2	197800000	197805000	chr2	198295000	198300000	0,0,0	14.187282	0.9999994	4.3125124	9.554619	10.852596	5.878718	3.1526477	14.371713
chr2	169450000	169455000	chr2	169765000	169770000	0,0,0	11.808044	0.99999523	4.2695193	6.9862175	8.726562	6.0398855	2.4013488	12.249857
chr2	201860000	201865000	chr2	202175000	202180000	0,0,0	10.2128	0.99999976	3.8983266	7.0245447	11.227998	9.013802	3.2492144	15.257841
chr2	227410000	227415000	chr2	227865000	227870000	0,0,0	3.9338896	1.0	2.2623923	1.4866141	1.8490158	2.583246	0.86340964	3.9046807
chr2	219050000	219055000	chr2	219300000	219305000	0,0,0	6.4111624	0.9994514	2.313482	4.7315135	5.1331506	3.3031166	2.0399604	7.5089064
chr2	162150000	162155000	chr2	162295000	162300000	0,0,0	14.095357	1.0	4.7883043	6.7943535	9.085739	6.059866	2.7776055	12.099292
chr2	158895000	158900000	chr2	159795000	159800000	0,0,0	5.0043807	0.99745	2.32485	3.2466104	3.3732188	3.0863967	1.306838	5.972273
chr2	216695000	216700000	chr2	217710000	217715000	0,0,0	6.325504	0.9998495	3.1984067	3.1171088	5.2409115	6.031787	1.712393	8.80255
chr2	120340000	120345000	chr2	120435000	120440000	0,0,0	9.952182	1.0	3.2223175	5.231369	6.600395	4.0723386	1.7868106	8.722445
chr2	113205000	113210000	chr2	113390000	113395000	0,0,0	5.6481314	0.99914426	2.3686395	3.3615522	4.72823	4.0762496	1.5410724	7.0642962
chr2	6915000	6920000	chr2	7030000	7035000	0,0,0	3.9407034	0.9876021	2.279737	1.3908092	2.1962042	3.1544123	0.9481711	4.390687
chr2	234880000	234885000	chr2	235100000	235105000	0,0,0	7.6043773	1.0	2.9888465	3.1678333	3.8518276	2.9158154	1.5038673	5.7316675
chr2	61915000	61920000	chr2	62410000	62415000	0,0,0	11.3715925	0.9999981	4.353832	6.4443183	9.470879	7.435122	2.666502	13.163405
chr2	88185000	88190000	chr2	88455000	88460000	0,0,0	4.1081114	0.9936627	2.1525612	1.7358212	2.8969998	3.5188816	0.95565224	5.061834
chr2	229130000	229135000	chr2	229585000	229590000	0,0,0	6.3972697	0.9985672	2.6883178	3.4087276	4.2281756	3.5188549	1.6211706	6.548835
chr2	235935000	235940000	chr2	236180000	236185000	0,0,0	8.342355	0.9999634	3.500041	5.0493655	6.741656	5.728686	2.5986779	10.217011
chr2	85635000	85640000	chr2	85705000	85710000	0,0,0	6.4629674	1.0	2.612869	3.1705735	3.4878352	2.6319497	1.1088603	5.4502373
chr2	18745000	18750000	chr2	19860000	19865000	0,0,0	9.721059	0.99994826	3.7832973	5.6009407	6.6198606	4.8918366	2.4071794	9.870451
chr2	231645000	231650000	chr2	231715000	231720000	0,0,0	3.9629405	0.98852354	2.0341887	1.7189531	2.5382159	2.939961	1.0343878	4.467919
chr2	25605000	25610000	chr2	25695000	25700000	0,0,0	3.7483737	0.9813194	1.8556964	1.8134899	2.2338457	2.3686924	0.8118855	3.9806836
chr2	47175000	47180000	chr2	47310000	47315000	0,0,0	4.037231	0.9840279	2.1301188	1.9391947	2.0841556	2.413612	1.0581365	4.1373405
chr2	161585000	161590000	chr2	161945000	161950000	0,0,0	12.475955	0.99999994	4.456647	9.573776	11.638987	7.84478	3.7053769	16.354803
chr2	10830000	10835000	chr2	11125000	11130000	0,0,0	17.269375	1.0	5.370511	10.592608	15.150074	9.576207	4.8447976	18.99186
chr2	38315000	38320000	chr2	38505000	38510000	0,0,0	8.586183	0.99999064	3.8952687	5.058838	7.358348	7.0862484	2.0499501	11.5829935
chr2	220685000	220690000	chr2	221965000	221970000	0,0,0	8.875102	0.99991226	3.2394297	4.7179804	6.9101443	5.148389	2.0367033	9.342149
chr2	68750000	68755000	chr2	68910000	68915000	0,0,0	5.6265354	0.99905187	2.7068794	3.5354114	3.8768365	3.8191557	1.5292798	6.9617434
chr2	234130000	234135000	chr2	234500000	234505000	0,0,0	10.366556	0.9999988	4.169393	6.633053	9.404319	7.7227087	2.7299714	13.618756
chr2	121970000	121975000	chr2	122445000	122450000	0,0,0	7.329373	0.9993853	3.3844776	2.9128993	4.762763	4.8059006	1.8812704	7.3951445
chr2	206980000	206985000	chr2	207470000	207475000	0,0,0	5.4226646	0.9990947	2.7025099	3.501118	3.7422738	3.8959172	1.3065242	7.0080223
chr2	111895000	111900000	chr2	112045000	112050000	0,0,0	14.167246	0.9999995	5.958257	6.9331827	9.755646	8.441468	2.9278126	14.604298
chr2	241705000	241710000	chr2	241870000	241875000	0,0,0	5.559883	1.0	2.2977679	2.8202653	3.6612453	3.0249715	1.0590154	5.5318737
chr2	34090000	34095000	chr2	35410000	35415000	0,0,0	4.169455	0.9986879	1.9230462	3.2551064	3.9595857	3.7433903	1.4573718	6.6368184
chr2	57375000	57380000	chr2	57495000	57500000	0,0,0	6.0382996	1.0	2.179729	3.2311954	4.0478487	2.799993	1.3280165	5.672167
chr2	101035000	101040000	chr2	101150000	101155000	0,0,0	6.5657077	0.9995317	3.017837	3.438902	4.754132	4.610428	1.6386554	7.6672297
chr2	196075000	196080000	chr2	196335000	196340000	0,0,0	3.778253	0.9989496	1.9233327	2.485278	4.019127	4.6501245	1.5971962	6.8592606
chr2	223990000	223995000	chr2	224285000	224290000	0,0,0	13.451578	1.0	5.2946653	9.440107	12.956714	10.265296	4.5207524	18.656502
chr2	152035000	152040000	chr2	152635000	152640000	0,0,0	7.127248	0.9998051	3.4692292	3.2486434	5.227497	5.656329	1.265316	8.544012
chr2	189090000	189095000	chr2	189410000	189415000	0,0,0	7.4183674	0.9999066	3.232538	4.1451244	6.1085434	5.5948215	2.2037244	9.279376
chr2	74710000	74715000	chr2	74875000	74880000	0,0,0	7.7150474	0.999936	4.0752573	3.396195	5.4208803	6.638554	1.5799783	9.657393
chr2	160105000	160110000	chr2	160265000	160270000	0,0,0	4.339007	0.98982924	2.3216062	1.8694553	2.3988686	2.9269776	0.9718581	4.5887156
chr2	165955000	165960000	chr2	166125000	166130000	0,0,0	5.051501	1.0	2.0425048	2.5418496	3.165308	2.507007	0.8782573	4.766429
chr2	149600000	149605000	chr2	151050000	151055000	0,0,0	8.874319	1.0	3.9191327	3.9055953	4.667561	4.1165195	1.988005	7.5881596
chr2	71610000	71615000	chr2	71790000	71795000	0,0,0	4.9611726	1.0	2.7410853	2.047338	2.171394	2.7496974	1.0979506	4.5695534
chr2	174770000	174775000	chr2	174985000	174990000	0,0,0	9.883488	0.9999901	4.257631	4.70855	7.8937235	7.336958	2.6191695	11.522336
chr2	57760000	57765000	chr2	58550000	58555000	0,0,0	4.65302	0.9996522	2.0802631	4.4796734	4.6411657	3.982739	1.6965204	7.9646707
chr2	3955000	3960000	chr2	6770000	6775000	0,0,0	8.738681	0.99999595	3.3440557	6.197345	8.885265	6.9153266	2.710661	12.424077
chr2	106100000	106105000	chr2	106475000	106480000	0,0,0	8.170604	1.0	3.8533814	3.1668153	4.1098347	4.080928	1.760558	6.8958745
chr2	120735000	120740000	chr2	121070000	121075000	0,0,0	7.0033584	0.9999563	3.313046	4.282687	6.1243057	6.232393	2.0369933	10.039226
chr2	59310000	59315000	chr2	60115000	60120000	0,0,0	3.864549	0.9908257	1.9044034	2.396385	2.5201764	2.5617177	0.90777457	4.691838
chr2	209975000	209980000	chr2	210190000	210195000	0,0,0	8.014302	0.9998538	4.018481	2.9053206	5.427304	6.248816	1.6603309	8.831324
chr2	96405000	96410000	chr2	96505000	96510000	0,0,0	9.0407505	0.99994564	3.886624	4.3230343	6.586942	5.9784226	2.5211604	9.82112
chr2	35970000	35975000	chr2	36665000	36670000	0,0,0	3.9009013	0.9945071	2.2851124	1.6715099	2.53282	3.7190428	0.8315701	5.204829
chr2	46630000	46635000	chr2	46890000	46895000	0,0,0	7.286224	0.999753	3.356457	3.8375547	5.081609	4.895716	1.7483628	8.306876
chr2	224355000	224360000	chr2	225000000	225005000	0,0,0	5.654963	0.99860144	2.8317611	2.393714	3.9305067	4.445229	1.7600559	6.572974
chr2	46915000	46920000	chr2	47320000	47325000	0,0,0	8.147285	0.99981105	3.335058	4.275418	5.776125	4.774619	1.8304805	8.574991
chr2	206795000	206800000	chr2	207470000	207475000	0,0,0	6.3695273	0.99975914	3.3855548	3.152049	4.523083	5.530359	1.8057595	8.33218
chr2	43125000	43130000	chr2	43485000	43490000	0,0,0	5.0647078	0.99809456	2.5019045	2.410017	3.7473376	4.1214504	1.4777211	6.2636876
chr2	226030000	226035000	chr2	226805000	226810000	0,0,0	6.9572306	0.9998223	2.1102514	5.942552	6.430129	3.3542366	1.9672221	8.636505
chr2	190090000	190095000	chr2	190370000	190375000	0,0,0	7.6182356	1.0	3.2178364	3.2245054	4.026007	3.3810015	1.4025275	6.247228
chr2	101345000	101350000	chr2	101825000	101830000	0,0,0	5.1836433	0.9950721	2.5514035	2.3209689	3.0553415	3.2503145	1.2570015	5.313398
chr2	38315000	38320000	chr2	38725000	38730000	0,0,0	6.274866	1.0	3.4311738	2.0739486	2.6721935	3.3946438	1.114951	5.238154
chr2	68460000	68465000	chr2	68715000	68720000	0,0,0	5.2484226	0.9974614	2.793201	2.0223577	3.3574734	4.179104	1.4021329	5.976755
chr2	102470000	102475000	chr2	102590000	102595000	0,0,0	10.2492285	0.9999682	3.6924741	6.21884	7.242441	4.828349	2.136413	10.356207
chr2	127195000	127200000	chr2	127475000	127480000	0,0,0	11.499029	0.99999356	3.7479022	6.660539	9.259823	6.033299	2.8847604	11.953778
chr2	35870000	35875000	chr2	36670000	36675000	0,0,0	5.8363805	0.99910986	2.6361318	3.486958	4.2751794	3.925372	2.210201	7.02489
chr2	1550000	1555000	chr2	1765000	1770000	0,0,0	6.425906	1.0	3.5738428	1.946053	3.224999	4.3235865	1.5253357	6.0534115
chr2	206685000	206690000	chr2	206775000	206780000	0,0,0	4.41531	1.0	2.1115248	1.9853517	2.2382495	2.1982622	0.7915422	3.963019
chr2	57755000	57760000	chr2	58445000	58450000	0,0,0	5.4751887	0.9999205	2.7985978	4.0057583	5.2079906	5.8796015	2.16485	9.440275
chr2	68120000	68125000	chr2	68440000	68445000	0,0,0	6.547989	1.0	2.8144362	2.6333637	3.554755	3.1271596	1.0440576	5.467927
chr2	217520000	217525000	chr2	217705000	217710000	0,0,0	3.810936	0.98888534	1.9031867	2.1916122	2.4239933	2.551856	1.2620146	4.4999557
chr2	149015000	149020000	chr2	149560000	149565000	0,0,0	16.460829	1.0	6.183891	9.158447	12.47574	9.342268	3.6441998	17.48311
chr2	180120000	180125000	chr2	181470000	181475000	0,0,0	6.5368986	0.99958825	2.7917912	3.8385072	5.0594935	4.383869	2.0953467	7.7958755
chr2	42975000	42980000	chr2	43480000	43485000	0,0,0	5.3770075	0.9999498	2.1832802	5.011684	6.682921	5.446188	1.9588767	9.901018
chr2	149330000	149335000	chr2	149560000	149565000	0,0,0	8.075608	1.0	3.903767	3.125843	4.031351	4.1520762	1.6783963	6.9306035
chr2	108850000	108855000	chr2	108990000	108995000	0,0,0	3.6438854	1.0	1.950645	1.5460788	1.8521181	2.241317	1.076513	3.6156094
chr2	170400000	170405000	chr2	170680000	170685000	0,0,0	3.8889701	0.99507815	2.0913098	2.250167	2.7134469	3.3144684	1.1271783	5.3146167
chr2	135000000	135005000	chr2	135795000	135800000	0,0,0	8.427336	0.9999996	2.5845642	10.306305	10.719641	5.491102	3.4643595	14.652263
chr2	45640000	45645000	chr2	45935000	45940000	0,0,0	10.543027	0.9999934	3.5424032	7.2062645	8.767052	5.517408	2.570706	11.9229765
chr2	105575000	105580000	chr2	105885000	105890000	0,0,0	11.035394	1.0	4.1723347	6.407657	7.4666386	5.2850933	2.441322	10.980788
chr2	200905000	200910000	chr2	201065000	201070000	0,0,0	9.304405	0.9999902	3.2358563	6.3895845	8.560427	5.8552856	2.1846976	11.534917
chr2	216515000	216520000	chr2	216665000	216670000	0,0,0	28.315363	1.0	8.502606	13.336336	16.608093	9.435222	4.6013846	21.289743
chr2	190780000	190785000	chr2	191030000	191035000	0,0,0	13.023303	0.9999988	5.2505794	6.5753922	9.4311	7.7939353	2.6510684	13.638727
chr2	69915000	69920000	chr2	70250000	70255000	0,0,0	3.6316552	0.9917876	1.8118993	2.131597	2.694354	2.9078531	1.0098647	4.802606
chr2	191810000	191815000	chr2	192160000	192165000	0,0,0	12.956538	0.99999994	4.2187123	9.896341	12.691868	7.943624	3.526742	16.740372
chr2	61990000	61995000	chr2	62410000	62415000	0,0,0	9.528559	0.99999946	3.263922	8.014045	10.881921	7.369968	2.67243	14.493564
chr2	37980000	37985000	chr2	38115000	38120000	0,0,0	4.3281207	0.9965623	2.4529397	1.8860552	2.8977349	3.9970393	1.030188	5.673533
chr2	219155000	219160000	chr2	219295000	219300000	0,0,0	5.7601542	0.99832743	2.5627904	2.9148557	4.0882416	3.8030663	1.4436456	6.394049
chr2	60155000	60160000	chr2	60550000	60555000	0,0,0	3.9698253	0.9836968	2.384421	1.3509389	1.8934525	2.9159892	0.74537766	4.1168237
chr2	9800000	9805000	chr2	10045000	10050000	0,0,0	7.801371	0.9998661	3.6318395	4.3117127	5.292717	5.086789	2.2137837	8.919422
chr2	217785000	217790000	chr2	217885000	217890000	0,0,0	9.348713	1.0	3.613139	4.332968	5.919914	4.583957	1.7069185	8.435485
chr2	55015000	55020000	chr2	55170000	55175000	0,0,0	7.052108	0.99973387	3.9297013	2.6553426	4.3675485	5.87197	1.710034	8.232275
chr2	850000	855000	chr2	1540000	1545000	0,0,0	12.637022	1.0	3.9753609	6.627958	7.618357	4.316384	3.5046992	10.207902
chr2	137945000	137950000	chr2	138090000	138095000	0,0,0	4.624818	0.9923603	2.406995	1.9629719	2.6712487	3.130038	1.101004	4.874902
chr2	29295000	29300000	chr2	29840000	29845000	0,0,0	4.5102954	0.99924576	2.1102257	3.2408159	4.358212	4.3098226	1.4783158	7.190548
chr2	32770000	32775000	chr2	33030000	33035000	0,0,0	5.53319	0.9968212	2.5853736	2.3747587	3.6006045	3.6409569	1.159342	5.7518535
chr2	232330000	232335000	chr2	232440000	232445000	0,0,0	9.470039	1.0	3.7701757	3.8003008	5.533924	4.526814	2.3240821	7.904859
chr2	105115000	105120000	chr2	105235000	105240000	0,0,0	9.653438	1.0	4.083506	4.1786866	6.0241623	5.2851586	1.9624312	8.999546
chr2	32775000	32780000	chr2	33370000	33375000	0,0,0	6.487983	0.9999043	2.9929366	4.0327287	5.7735076	5.6701517	2.3212507	9.2548
chr2	65060000	65065000	chr2	65185000	65190000	0,0,0	5.9557796	1.0	3.0158637	1.9971168	3.2564938	3.7416012	1.3141253	5.516816
chr2	190090000	190095000	chr2	190270000	190275000	0,0,0	3.7461593	0.98116314	2.2513447	1.2361143	1.8586156	2.8735826	0.7565752	3.9723506
chr2	147930000	147935000	chr2	148505000	148510000	0,0,0	12.045184	1.0	3.6209126	6.420405	7.0400333	3.6728024	2.6089785	9.379828
chr2	149595000	149600000	chr2	151235000	151240000	0,0,0	9.923282	1.0	3.9128237	5.9685545	6.1885295	4.3869877	2.8744392	9.692369
chr2	73825000	73830000	chr2	74145000	74150000	0,0,0	7.0185595	0.9999648	2.9646451	5.088599	6.711266	5.73229	2.4205568	10.255488
chr2	54100000	54105000	chr2	54840000	54845000	0,0,0	5.3322005	0.9991268	2.5917897	2.71227	4.300409	4.6331353	1.6004046	7.0440426
chr2	122190000	122195000	chr2	122455000	122460000	0,0,0	3.7248828	0.98168004	2.095999	1.185083	2.1406922	2.946771	0.6576091	4.000178
chr2	216685000	216690000	chr2	217750000	217755000	0,0,0	7.4589224	0.9995721	4.1618743	3.0350342	3.840307	5.0596466	1.8008088	7.7574544
chr2	70485000	70490000	chr2	70615000	70620000	0,0,0	3.8193521	1.0	2.016406	1.7447311	1.7693566	2.030703	0.6142573	3.5815752
chr2	11830000	11835000	chr2	12925000	12930000	0,0,0	4.1890306	0.99837226	2.355138	2.2811024	3.2518106	4.3935766	1.4857988	6.421223
chr2	46065000	46070000	chr2	46365000	46370000	0,0,0	3.6670945	0.9984608	1.9847406	2.8805208	3.202776	3.9167285	1.7053312	6.4771914
chr2	137950000	137955000	chr2	138370000	138375000	0,0,0	5.173643	0.9990704	2.087616	4.0790744	4.467331	3.3556547	1.7485257	6.9814987
chr2	201795000	201800000	chr2	202170000	202175000	0,0,0	6.120723	0.99982256	3.0715764	4.041198	4.7027893	5.0454144	2.0341918	8.63759
chr2	208460000	208465000	chr2	209325000	209330000	0,0,0	5.728873	0.99995655	2.3017564	5.691923	6.543333	4.98559	2.1270628	10.045077
chr3	149120000	149125000	chr3	149335000	149340000	0,0,0	5.794973	1.0	2.9380338	1.8617568	2.6173916	2.95135	0.7617227	4.6062446
chr3	42115000	42120000	chr3	42225000	42230000	0,0,0	7.997667	1.0	3.1774457	3.137631	3.6410491	2.7432563	1.2148303	5.532262
chr3	49165000	49170000	chr3	49335000	49340000	0,0,0	4.7599883	0.99414235	2.1875045	2.085906	3.2979035	3.2863994	1.1160334	5.140538
chr3	141460000	141465000	chr3	141560000	141565000	0,0,0	8.937213	1.0	3.5760596	4.1515074	5.6329184	4.534156	1.5407777	8.224385
chr3	72935000	72940000	chr3	73055000	73060000	0,0,0	9.367284	1.0	4.027936	4.7064004	5.407054	4.529806	1.978378	8.713274
chr3	116130000	116135000	chr3	116750000	116755000	0,0,0	5.821144	1.0	3.4089074	1.4870205	2.5051146	3.6954794	1.3456767	5.0172753
chr3	4655000	4660000	chr3	5055000	5060000	0,0,0	5.229285	0.99936104	2.3581371	2.8747609	4.8736377	4.801071	1.500516	7.3564143
chr3	73095000	73100000	chr3	73500000	73505000	0,0,0	13.218564	1.0	5.2448273	5.7854733	8.608458	7.0597587	3.1428163	12.202401
chr3	150525000	150530000	chr3	151145000	151150000	0,0,0	11.839316	1.0	4.859513	3.763814	4.0892043	3.1365309	1.6082556	6.482143
chr3	150720000	150725000	chr3	151145000	151150000	0,0,0	5.964485	1.0	3.1638381	1.7514693	3.0858955	3.8428247	1.2099669	5.3996863
chr3	69690000	69695000	chr3	69790000	69795000	0,0,0	8.029863	1.0	2.8926303	4.3046856	5.5184298	3.8471918	1.6107323	7.6735787
chr3	98040000	98045000	chr3	98810000	98815000	0,0,0	11.171225	1.0	4.7335114	5.331302	6.4502945	5.3850346	2.3198187	10.12397
chr3	69310000	69315000	chr3	69665000	69670000	0,0,0	7.3051343	1.0	3.383142	3.1649597	4.3597403	4.27024	1.3265635	7.0835376
chr3	169145000	169150000	chr3	169295000	169300000	0,0,0	5.3863187	0.9967535	2.1652222	2.9327836	3.8884275	3.123853	1.1475519	5.7307715
chr3	69115000	69120000	chr3	69305000	69310000	0,0,0	5.224328	0.9990043	2.135053	3.0842042	4.8449306	4.1712704	1.5174121	6.9127846
chr3	179100000	179105000	chr3	179315000	179320000	0,0,0	6.2212415	0.9991306	2.6412115	3.6370087	4.5190463	3.8155239	1.3459464	7.0484204
chr3	55900000	55905000	chr3	56250000	56255000	0,0,0	4.064568	0.9942069	2.2917247	2.2493927	2.3862164	3.1521616	1.0013509	5.151622
chr3	30040000	30045000	chr3	30195000	30200000	0,0,0	5.2514567	1.0	2.613669	2.0704389	2.4234447	2.5664597	0.8621004	4.40685
chr3	195620000	195625000	chr3	195850000	195855000	0,0,0	5.3939896	0.9983415	2.3180108	3.3421092	4.0337834	3.4317424	1.3973439	6.4025064
chr3	39810000	39815000	chr3	40175000	40180000	0,0,0	5.375513	0.99736065	2.0974243	3.5641887	3.8757262	2.7696702	1.4757004	5.937838
chr3	14200000	14205000	chr3	14465000	14470000	0,0,0	4.114624	0.99634045	2.2298489	1.4258602	3.3030262	4.3435593	0.77372247	5.610991
chr3	107235000	107240000	chr3	107420000	107425000	0,0,0	5.2446194	0.9962978	2.4729836	3.0059326	3.1206682	2.9274569	1.3327618	5.599397
chr3	122100000	122105000	chr3	122295000	122300000	0,0,0	4.9900374	0.99744976	2.4075797	2.283615	3.6874714	3.9422998	1.1846983	5.97218
chr3	191415000	191420000	chr3	191810000	191815000	0,0,0	4.441766	0.9898246	2.4653218	2.0827136	2.1486883	2.7369585	1.1375878	4.588259
chr3	159130000	159135000	chr3	159250000	159255000	0,0,0	8.998779	1.0	4.418178	3.0078607	5.3074656	5.890356	1.749754	8.56401
chr3	184430000	184435000	chr3	184780000	184785000	0,0,0	4.641938	0.99154526	2.0722654	2.2452168	3.006321	2.7777746	1.0760287	4.773523
chr3	132255000	132260000	chr3	132340000	132345000	0,0,0	11.20856	0.99999493	4.059951	6.639514	8.833205	6.2934484	2.3656464	12.195239
chr3	192130000	192135000	chr3	192440000	192445000	0,0,0	5.041345	0.995005	2.5003684	2.1159277	3.115907	3.41904	0.9999467	5.299865
chr3	47835000	47840000	chr3	48150000	48155000	0,0,0	7.55757	0.999918	3.340607	4.4080634	5.999602	5.4912663	1.9479961	9.409545
chr3	65780000	65785000	chr3	66140000	66145000	0,0,0	6.386041	0.99992895	2.9513867	4.295913	5.880491	5.7348585	2.237611	9.553449
chr3	70085000	70090000	chr3	70525000	70530000	0,0,0	4.845356	0.9945524	2.0713441	2.8985023	3.2141163	2.6366642	1.2634387	5.2131104
chr3	99835000	99840000	chr3	100250000	100255000	0,0,0	9.73342	0.99996346	4.89468	3.3660996	6.2543736	7.226542	2.0058165	10.218631
chr3	153030000	153035000	chr3	153595000	153600000	0,0,0	7.465492	0.9999359	4.2488637	3.700642	4.650491	6.3667164	2.583973	9.656176
chr3	46085000	46090000	chr3	46205000	46210000	0,0,0	4.3978477	0.99388635	2.1608782	1.8954693	3.103799	3.4129002	0.9186508	5.097762
chr3	64535000	64540000	chr3	65245000	65250000	0,0,0	9.466164	0.99998206	3.6030438	5.249327	7.9517612	6.2625203	3.0995564	10.928589
chr3	193775000	193780000	chr3	194315000	194320000	0,0,0	9.358283	0.9999891	4.5212684	4.3794494	7.040756	7.5365458	2.4822896	11.42939
chr3	58640000	58645000	chr3	59050000	59055000	0,0,0	8.560452	1.0	3.305486	3.619281	5.4076858	4.307455	2.024996	7.524594
chr3	136390000	136395000	chr3	136750000	136755000	0,0,0	5.8869557	0.9976446	2.112222	3.7239034	4.201107	2.7415469	1.4481723	6.051683
chr3	187220000	187225000	chr3	187675000	187680000	0,0,0	5.867752	0.9990027	2.87112	2.909914	4.05988	4.32457	1.8851495	6.9111605
chr3	138595000	138600000	chr3	138915000	138920000	0,0,0	8.870418	0.99998194	3.8341587	4.75616	7.3109574	6.694164	2.4131145	10.921862
chr3	192565000	192570000	chr3	192800000	192805000	0,0,0	8.699472	1.0	4.3828206	2.9408846	4.75068	5.4099483	1.565851	8.024068
chr3	159270000	159275000	chr3	160010000	160015000	0,0,0	6.518025	1.0	3.1810565	2.8831015	3.1742513	3.207446	1.7190105	5.7702026
chr3	121545000	121550000	chr3	122255000	122260000	0,0,0	7.153972	0.9999234	2.484902	5.9295216	6.7007227	4.207395	2.7719588	9.478081
chr3	5300000	5305000	chr3	5730000	5735000	0,0,0	5.25909	0.99628794	2.2910845	2.8788025	3.4958596	3.037815	1.2447727	5.5967507
chr3	120560000	120565000	chr3	120790000	120795000	0,0,0	6.8435206	0.99980414	2.5142002	4.4861965	6.19723	4.551115	2.0890343	8.538845
chr3	32020000	32025000	chr3	32140000	32145000	0,0,0	6.746587	1.0	3.3937848	2.3009593	3.2395442	3.608276	1.2524856	5.653573
chr3	181710000	181715000	chr3	182255000	182260000	0,0,0	10.97482	0.99999946	3.9007947	7.7191734	10.731649	7.6263275	3.694753	14.487815
chr3	17890000	17895000	chr3	18390000	18395000	0,0,0	4.044072	0.9910888	2.175257	2.1236663	2.3469222	2.8332348	1.0654973	4.720938
chr3	69160000	69165000	chr3	69305000	69310000	0,0,0	9.902101	0.9999945	3.9228473	6.0399594	8.410055	6.745714	2.4418426	12.114568
chr3	156675000	156680000	chr3	157085000	157090000	0,0,0	5.8152986	0.9997849	2.1853995	4.419106	6.0271583	4.5171313	2.1606925	8.445226
chr3	189270000	189275000	chr3	189945000	189950000	0,0,0	12.153514	0.9999995	5.407942	6.7714114	9.220174	8.516676	3.2062562	14.535708
chr3	151165000	151170000	chr3	151280000	151285000	0,0,0	9.313677	1.0	2.7762368	5.708011	6.810193	3.737903	1.9340092	8.811691
chr3	42955000	42960000	chr3	43375000	43380000	0,0,0	5.563383	0.9965637	2.565564	3.039938	3.2572088	2.9717753	1.7218037	5.6739426
chr3	16825000	16830000	chr3	17230000	17235000	0,0,0	5.0093164	0.99617815	2.1789858	2.911674	3.4594243	2.9794436	1.0858772	5.5675983
chr3	39535000	39540000	chr3	40180000	40185000	0,0,0	4.4649835	0.99762225	2.045002	2.5559068	3.8389688	3.7703035	1.6565647	6.042221
chr3	196025000	196030000	chr3	196515000	196520000	0,0,0	10.858402	1.0	4.921457	4.735114	6.577367	6.2613196	2.8207943	10.470309
chr3	12135000	12140000	chr3	12555000	12560000	0,0,0	4.7172194	0.99717325	2.1982186	3.0269883	3.3836558	3.1785734	1.2321403	5.86923
chr3	170955000	170960000	chr3	171185000	171190000	0,0,0	7.105634	1.0	3.2530966	2.7296054	3.4612749	3.2704742	1.3387032	5.69679
chr3	141735000	141740000	chr3	141875000	141880000	0,0,0	5.92627	0.99781567	2.3023293	3.0355678	4.3365006	3.4288063	1.7047615	6.1270885
chr3	63665000	63670000	chr3	63790000	63795000	0,0,0	4.2249255	1.0	2.090202	1.8436828	2.386305	2.5514417	0.7999079	4.190271
chr3	160710000	160715000	chr3	160935000	160940000	0,0,0	10.5557785	1.0	4.616111	5.2757487	5.4653974	4.5269976	2.2083318	9.216552
chr3	39705000	39710000	chr3	40175000	40180000	0,0,0	5.6179843	0.99953747	2.525402	4.2275205	4.4916105	3.9217656	1.7388573	7.6795616
chr3	8320000	8325000	chr3	8415000	8420000	0,0,0	5.5865984	1.0	2.6047864	1.8616368	2.7983737	2.8168013	1.1647216	4.4715896
chr3	14790000	14795000	chr3	14920000	14925000	0,0,0	7.138152	0.99923337	2.954281	3.4617567	4.839505	4.0971613	1.8536804	7.174278
chr3	149935000	149940000	chr3	150495000	150500000	0,0,0	7.1793957	1.0	3.100855	3.3479614	3.4408085	2.7862675	1.5065122	5.7622333
chr3	107270000	107275000	chr3	107420000	107425000	0,0,0	6.8183174	0.9991947	2.5781167	4.2665157	4.7900825	3.332568	1.7261333	7.1250257
chr3	171665000	171670000	chr3	172340000	172345000	0,0,0	5.14317	0.9946802	2.278238	2.480253	3.3178778	3.0321941	1.1162107	5.2368636
chr3	15630000	15635000	chr3	15810000	15815000	0,0,0	9.081679	0.9999383	3.6490636	5.267193	6.4273567	5.0122304	2.1555831	9.69418
chr3	52225000	52230000	chr3	52340000	52345000	0,0,0	8.029228	1.0	3.1866503	4.180171	5.2771482	4.102039	1.9627289	7.8177466
chr3	161095000	161100000	chr3	161420000	161425000	0,0,0	7.560688	0.9996369	3.1202655	3.7965713	5.3711433	4.54695	1.6294233	7.92168
chr3	45510000	45515000	chr3	45930000	45935000	0,0,0	6.6727924	1.0	3.0250068	2.3408618	3.0182798	2.823101	1.2181499	4.9038672
chr3	87255000	87260000	chr3	88000000	88005000	0,0,0	4.162297	0.99912447	2.3684585	2.8248832	3.3292255	4.5304217	1.3070256	7.0414295
chr3	169130000	169135000	chr3	169740000	169745000	0,0,0	5.360723	0.9993347	2.4242165	3.876812	4.323408	3.869926	1.8850341	7.3159814
chr3	4720000	4725000	chr3	4975000	4980000	0,0,0	5.3058043	0.99936265	2.2782629	4.186293	4.4679585	3.6378393	1.5862451	7.358989
chr3	193980000	193985000	chr3	194315000	194320000	0,0,0	4.302653	1.0	2.2970765	1.9422944	2.0171773	2.3765478	0.8930941	4.1030316
chr3	129645000	129650000	chr3	129825000	129830000	0,0,0	9.46616	0.9999617	5.1010385	3.9517236	5.352055	6.657755	1.9309188	10.170399
chr3	196605000	196610000	chr3	196970000	196975000	0,0,0	9.072987	1.0	3.1851032	4.6216564	5.5203896	3.6151152	1.818302	7.7232547
chr3	192915000	192920000	chr3	193035000	193040000	0,0,0	4.4989614	0.99277794	2.3451624	1.9214761	2.7278385	3.223145	1.0130769	4.9311237
chr3	111715000	111720000	chr3	111855000	111860000	0,0,0	3.898544	0.9896454	2.350951	1.2192643	2.2254577	3.4870117	0.9311379	4.570802
chr3	168045000	168050000	chr3	168160000	168165000	0,0,0	10.908799	1.0	4.478932	4.583789	6.437285	5.4037747	2.2313235	9.478253
chr3	46085000	46090000	chr3	46375000	46380000	0,0,0	6.476214	0.999649	3.5376735	1.5724387	4.854006	6.5577474	1.3764367	7.9554706
chr3	27710000	27715000	chr3	28325000	28330000	0,0,0	7.571525	0.99998933	3.4869165	4.918523	7.193816	7.07991	2.218964	11.45193
chr3	146220000	146225000	chr3	146380000	146385000	0,0,0	4.4405894	0.9901307	2.230683	1.7599128	2.7116044	3.0544417	0.9504062	4.6188087
chr3	127650000	127655000	chr3	127970000	127975000	0,0,0	7.361648	0.9998018	3.8826864	2.9743989	4.809412	5.883404	1.2752723	8.527314
chr3	71725000	71730000	chr3	71855000	71860000	0,0,0	5.72571	1.0	2.5348668	2.6356163	2.7201798	2.29457	1.175453	4.63734
chr3	73095000	73100000	chr3	73430000	73435000	0,0,0	11.170471	0.9999937	4.453804	6.7869825	7.859326	5.944426	3.4851286	11.9773
chr3	55480000	55485000	chr3	55740000	55745000	0,0,0	5.740606	0.99899656	2.3266742	3.4239802	4.7042975	3.8615103	2.1206744	6.9050484
chr3	154095000	154100000	chr3	154250000	154255000	0,0,0	6.179354	0.9996026	2.592447	3.1305165	5.537687	5.0487537	1.3153967	7.831435
chr3	146215000	146220000	chr3	146635000	146640000	0,0,0	5.754383	0.99925756	2.4890554	3.4727006	4.6530905	4.119497	1.8194566	7.2063413
chr3	129490000	129495000	chr3	129825000	129830000	0,0,0	8.877626	0.9999788	3.1175032	5.5989976	8.111595	5.7856193	3.2002242	10.762506
chr3	137105000	137110000	chr3	137950000	137955000	0,0,0	4.721553	0.9992265	2.3023217	3.2905395	4.09128	4.24044	1.5687535	7.165364
chr3	10760000	10765000	chr3	10940000	10945000	0,0,0	4.2788925	0.994883	2.1945992	2.0773125	2.9767582	3.429233	1.315019	5.275733
chr3	87345000	87350000	chr3	88000000	88005000	0,0,0	5.890243	0.99996084	2.2230735	5.460015	7.1433067	5.2961645	2.5764828	10.149511
chr3	62660000	62665000	chr3	63195000	63200000	0,0,0	4.0567985	0.9975432	2.266051	3.435811	3.9601698	5.178416	1.9063928	8.2324705
chr3	171645000	171650000	chr3	171835000	171840000	0,0,0	4.668705	1.0	2.3753693	1.786387	2.5238256	2.8641107	0.98921007	4.45201
chr3	149930000	149935000	chr3	150180000	150185000	0,0,0	4.486102	0.99654496	2.2663622	2.5083902	3.1282973	3.4388201	1.2545592	5.6685004
chr3	179320000	179325000	chr3	179555000	179560000	0,0,0	5.0270185	1.0	2.3254082	2.385225	2.9687676	2.8355017	1.0167162	4.955702
chr3	169145000	169150000	chr3	169660000	169665000	0,0,0	5.8020453	0.99992156	3.4199748	3.4596395	4.3349123	6.378819	2.007851	9.454054
chr3	183465000	183470000	chr3	183765000	183770000	0,0,0	6.1512094	0.99990207	2.8812175	4.149046	5.594248	5.5444636	1.9618696	9.232505
chr3	150790000	150795000	chr3	150860000	150865000	0,0,0	4.297529	0.9931519	2.1903665	2.1476116	2.74479	3.0753143	0.9819141	4.9843025
chr3	149965000	149970000	chr3	150500000	150505000	0,0,0	5.1479125	1.0	2.7508368	1.7672467	2.1106513	2.5445986	1.5318877	4.1154847
chr3	151225000	151230000	chr3	151835000	151840000	0,0,0	4.6746016	0.9950391	2.4262378	2.4356363	2.770299	3.1417062	1.3739762	5.3067164
chr3	86770000	86775000	chr3	87165000	87170000	0,0,0	7.3752627	0.99954003	3.2241127	3.5249972	4.9962406	4.5518613	1.8438817	7.685192
chr3	15625000	15630000	chr3	16245000	16250000	0,0,0	7.2420564	0.999389	2.6360557	4.736453	4.986773	3.190992	1.626996	7.401172
chr3	66405000	66410000	chr3	66815000	66820000	0,0,0	10.757968	0.9999997	3.8971474	7.804074	11.002268	8.020096	3.05574	14.957049
chr3	70060000	70065000	chr3	71650000	71655000	0,0,0	7.047934	1.0	3.6237822	2.7577336	3.2465715	3.6418283	1.6230582	6.0931473
chr3	99020000	99025000	chr3	99170000	99175000	0,0,0	7.397335	1.0	3.2735298	3.298093	4.5286465	4.160602	1.4429891	7.0922403
chr3	72850000	72855000	chr3	73085000	73090000	0,0,0	9.265788	1.0	3.9515545	3.3952758	4.703489	4.1249347	1.2913408	7.1429577
chr3	33130000	33135000	chr3	33370000	33375000	0,0,0	5.7984767	0.99790317	2.8238475	3.1728365	3.3576117	3.3476703	1.3153218	6.167969
chr3	4350000	4355000	chr3	4630000	4635000	0,0,0	11.379979	1.0	3.56466	7.293329	8.387518	4.731835	2.635941	11.214794
chr3	113050000	113055000	chr3	113285000	113290000	0,0,0	12.336176	0.99999857	5.811068	5.3736763	8.426493	8.670141	2.1538408	13.446742
chr3	161270000	161275000	chr3	161420000	161425000	0,0,0	6.892893	0.99918103	3.7871277	2.1021025	3.9533117	5.2396984	1.4225667	7.1082335
chr3	55485000	55490000	chr3	56250000	56255000	0,0,0	6.398021	0.9987352	2.9685707	3.375486	3.9015238	3.6731045	1.2398107	6.6735363
chr3	148375000	148380000	chr3	148945000	148950000	0,0,0	6.6502266	1.0	3.0217083	3.1359012	3.8761182	3.5982645	1.6579434	6.385732
chr3	136755000	136760000	chr3	137010000	137015000	0,0,0	11.845708	0.9999952	3.9074721	7.680152	8.979932	5.4166927	3.0374587	12.243493
chr3	58185000	58190000	chr3	58415000	58420000	0,0,0	8.842445	1.0	4.2311554	2.4334843	3.5980499	3.7458127	1.2164582	5.9089103
chr3	122390000	122395000	chr3	122675000	122680000	0,0,0	9.616142	1.0	4.0960264	3.6791801	6.782033	6.3417926	1.8890845	9.612175
chr3	129050000	129055000	chr3	129245000	129250000	0,0,0	9.060991	0.9999927	2.3142064	8.614902	9.463575	4.17886	2.8285782	11.83655
chr3	11150000	11155000	chr3	11335000	11340000	0,0,0	4.772464	1.0	2.1996088	1.6280192	2.5409884	2.5357728	0.76111746	3.9829013
chr3	170410000	170415000	chr3	170845000	170850000	0,0,0	5.3051577	0.9986225	2.508965	2.8982291	3.9765372	4.011942	1.6011643	6.5881453
chr3	195635000	195640000	chr3	197650000	197655000	0,0,0	871.2406	1.0	181.96442	82.325554	89.04053	32.15044	39.67691	105.32871
chr3	176515000	176520000	chr3	176935000	176940000	0,0,0	8.432267	0.9998662	3.22388	4.7311096	6.2434177	4.7147236	2.0496604	8.920155
chr3	155380000	155385000	chr3	155700000	155705000	0,0,0	9.904903	0.9999888	5.3741198	3.0659447	6.615821	8.675903	2.3610458	11.401189
chr3	154900000	154905000	chr3	155320000	155325000	0,0,0	5.570403	0.9996402	2.2133982	4.0132627	5.4614406	4.363567	2.1615322	7.930911
chr3	158845000	158850000	chr3	159125000	159130000	0,0,0	4.418354	0.9906194	2.390037	1.6677203	2.515598	3.187177	0.7433334	4.6695952
chr3	189965000	189970000	chr3	190200000	190205000	0,0,0	12.051159	0.9999993	5.303924	6.761219	9.035156	8.182449	2.9706385	14.192422
chr3	124760000	124765000	chr3	124900000	124905000	0,0,0	11.715827	1.0	4.803974	5.45457	7.582605	6.3358874	2.604213	11.184394
chr3	196995000	197000000	chr3	197510000	197515000	0,0,0	5.6450033	0.9967183	2.6276991	2.449871	3.552223	3.5423198	1.1824437	5.719983
chr3	179015000	179020000	chr3	179315000	179320000	0,0,0	6.8661294	0.99970067	3.2263505	3.2904966	5.0762315	5.1899886	1.9087957	8.114874
chr3	50970000	50975000	chr3	51370000	51375000	0,0,0	9.083348	0.999907	3.4563696	4.6437974	6.66469	5.156402	2.1640959	9.284223
chr3	37445000	37450000	chr3	37740000	37745000	0,0,0	4.7743735	0.99980253	2.1645565	4.10604	5.2331743	4.8809333	2.1498513	8.530746
chr3	156145000	156150000	chr3	156540000	156545000	0,0,0	5.6097503	0.999397	2.6225634	3.8320453	4.2528944	4.0080357	2.0857785	7.414298
chr3	172490000	172495000	chr3	172595000	172600000	0,0,0	8.012798	0.99990404	3.5119605	4.002744	6.119012	5.6942554	2.5123394	9.252251
chr3	124925000	124930000	chr3	125435000	125440000	0,0,0	5.502005	0.99736917	2.689855	2.4128208	3.5382266	3.796352	1.384749	5.9410815
chr3	101805000	101810000	chr3	102225000	102230000	0,0,0	15.742277	1.0	7.2169843	8.364987	11.472131	11.064847	4.895799	18.500391
chr3	69120000	69125000	chr3	69670000	69675000	0,0,0	6.8293924	0.9991219	3.581755	2.9810667	3.7392852	4.3886786	1.1683954	7.0385156
chr3	43545000	43550000	chr3	44235000	44240000	0,0,0	4.2800355	0.99699247	2.1659703	2.553588	3.205092	3.537384	1.2389988	5.80724
chr3	136075000	136080000	chr3	136750000	136755000	0,0,0	12.130546	0.9999991	3.9211779	8.221321	10.604046	6.6077685	3.241748	13.91561
chr3	171045000	171050000	chr3	171565000	171570000	0,0,0	3.906853	0.9954498	2.1334057	1.8253217	2.912531	3.770635	1.3588982	5.393143
chr3	183470000	183475000	chr3	183880000	183885000	0,0,0	5.975859	0.9984443	2.847404	3.0499568	3.7645788	3.755433	1.5787092	6.466506
chr3	53940000	53945000	chr3	54370000	54375000	0,0,0	5.420937	1.0	2.7634218	1.8435501	2.682851	3.067146	0.846232	4.7058573
chr3	37450000	37455000	chr3	37780000	37785000	0,0,0	4.464442	0.9987872	2.3747694	1.9112707	3.955823	5.0166078	1.2305511	6.7155156
chr3	62330000	62335000	chr3	63230000	63235000	0,0,0	7.3070893	1.0	3.6766822	2.6702535	4.300719	4.886298	1.2950494	7.259857
chr3	149935000	149940000	chr3	150220000	150225000	0,0,0	6.855392	0.9998803	2.6429088	4.6843715	6.3291717	4.867642	1.9407934	9.0315275
chr3	65780000	65785000	chr3	66195000	66200000	0,0,0	5.034908	0.99777764	2.2340555	3.0257902	3.797751	3.4202318	1.2379594	6.109823
chr3	69120000	69125000	chr3	69415000	69420000	0,0,0	5.9002767	1.0	3.6166942	1.5643791	2.4926565	4.0247903	1.095984	5.4153495
chr3	107935000	107940000	chr3	108480000	108485000	0,0,0	4.555124	0.99813765	2.2125387	3.2053192	3.448948	3.437407	1.573246	6.2865796
chr3	120620000	120625000	chr3	120795000	120800000	0,0,0	5.06553	0.9982177	2.1012733	3.2102864	4.1831274	3.4769106	1.4993776	6.3304987
chr3	45035000	45040000	chr3	45655000	45660000	0,0,0	9.218854	1.0	4.1188393	2.3479393	3.8843935	3.7648234	1.5200894	5.8518806
chr3	120420000	120425000	chr3	120555000	120560000	0,0,0	11.571154	1.0	4.0941377	5.178714	7.4297657	5.320042	2.6484017	9.923343
chr3	129490000	129495000	chr3	129620000	129625000	0,0,0	5.057132	1.0	2.6191092	1.7027287	2.4214172	2.8312004	1.0110554	4.344737
chr3	32175000	32180000	chr3	32395000	32400000	0,0,0	9.983857	1.0	3.0584714	5.380911	6.812024	3.9843776	1.8021494	8.767409
chr3	194470000	194475000	chr3	194570000	194575000	0,0,0	5.059056	0.9960878	2.54813	2.116139	3.2415104	3.6632223	1.1002841	5.5442343
chr3	160575000	160580000	chr3	160940000	160945000	0,0,0	4.3840885	0.9943594	2.1250749	2.1549459	3.0916693	3.2627916	1.2516328	5.178299
chr3	55480000	55485000	chr3	55895000	55900000	0,0,0	7.773792	0.9998066	3.026495	4.763748	5.7780027	4.3172107	1.7250092	8.551654
chr3	112325000	112330000	chr3	112515000	112520000	0,0,0	9.35513	0.99996275	3.1091127	6.9200106	7.1797886	4.0479326	2.5482078	10.199053
chr3	24265000	24270000	chr3	24640000	24645000	0,0,0	3.8965724	0.9983487	2.4750404	1.4797676	2.912188	5.0915127	0.9120962	6.406862
chr3	133040000	133045000	chr3	133370000	133375000	0,0,0	4.8534694	0.99857193	2.1263635	3.652504	3.9261584	3.3054233	1.536836	6.5520935
chr3	99500000	99505000	chr3	99750000	99755000	0,0,0	6.0329223	0.99854964	2.6444564	3.1058104	4.1836348	3.7759204	1.2610269	6.536641
chr3	56705000	56710000	chr3	56800000	56805000	0,0,0	6.6271367	1.0	3.2525797	2.5332038	3.4964817	3.734823	1.3842051	5.98656
chr3	42960000	42965000	chr3	43155000	43160000	0,0,0	6.0295267	1.0	2.7717276	2.609042	3.4177232	3.2743983	1.5191762	5.593547
chr3	12860000	12865000	chr3	12985000	12990000	0,0,0	4.102783	1.0	2.1500115	1.4071374	1.801455	2.1175747	0.753231	3.3683634
chr3	124350000	124355000	chr3	124465000	124470000	0,0,0	4.948853	0.9971439	2.5355353	2.0589476	3.4347641	4.028742	1.099162	5.858917
chr3	62870000	62875000	chr3	63190000	63195000	0,0,0	8.088637	0.9999759	3.3818831	4.93234	7.2042274	6.2516937	2.2670145	10.635996
chr3	179020000	179025000	chr3	179555000	179560000	0,0,0	6.216081	1.0	2.5138025	3.3393838	3.7569747	2.862896	1.3638011	5.8312373
chr3	62555000	62560000	chr3	63230000	63235000	0,0,0	4.9582396	0.9995478	2.3610303	3.3891315	4.609328	4.6895447	1.5047184	7.7021055
chr3	45040000	45045000	chr3	45210000	45215000	0,0,0	16.391956	1.0	6.1728506	7.8482394	10.750128	8.08825	3.7401674	15.064464
chr3	192810000	192815000	chr3	193455000	193460000	0,0,0	4.7826443	0.9941949	2.214856	2.6124582	3.013741	2.8273687	1.0383406	5.149554
chr3	129940000	129945000	chr3	130000000	130005000	0,0,0	4.2825317	0.9883327	2.084235	1.8736899	2.6334572	2.785924	0.90430605	4.4514265
chr3	11375000	11380000	chr3	11650000	11655000	0,0,0	5.9526005	0.99925673	2.4639156	3.8341703	4.681059	3.797061	1.4449122	7.2052126
chr3	142830000	142835000	chr3	142985000	142990000	0,0,0	9.100146	1.0	3.6963878	4.3789654	5.879601	4.8043294	1.6753361	8.696743
chr3	71005000	71010000	chr3	71585000	71590000	0,0,0	5.298738	0.9997323	2.3968158	3.301988	5.388666	5.2914605	1.753853	8.226562
chr3	117015000	117020000	chr3	117530000	117535000	0,0,0	4.087572	0.99722254	2.1089957	2.3523512	3.2761695	3.7958505	1.3136227	5.8868294
chr3	44525000	44530000	chr3	44985000	44990000	0,0,0	5.194962	1.0	2.5984101	2.0304227	2.5730734	2.7898276	0.9951245	4.594648
chr3	32175000	32180000	chr3	32465000	32470000	0,0,0	5.848116	1.0	2.5923436	2.7851722	3.256724	2.869079	1.1965637	5.344788
chr3	132350000	132355000	chr3	132640000	132645000	0,0,0	5.4209366	1.0	2.861287	1.4769272	2.308531	2.8171334	0.73593765	4.1299577
chr3	100065000	100070000	chr3	100255000	100260000	0,0,0	6.306037	0.99915916	2.409484	3.7406793	4.9670568	3.7568016	2.0833695	7.0818496
chr3	153025000	153030000	chr3	153765000	153770000	0,0,0	9.831833	0.999984	3.345025	6.914326	7.9301825	4.899955	2.6521766	11.046022
chr3	151440000	151445000	chr3	151915000	151920000	0,0,0	4.5113173	0.9982536	2.1013992	3.352527	3.6246488	3.3708239	2.039518	6.3508477
chr3	69690000	69695000	chr3	69945000	69950000	0,0,0	10.942861	1.0	4.5371447	4.600618	6.6071825	5.649207	1.7563901	9.738646
chr3	192185000	192190000	chr3	192445000	192450000	0,0,0	6.2012467	0.99878913	2.6799383	3.6076708	4.155925	3.510311	1.8259817	6.717129
chr3	33130000	33135000	chr3	33785000	33790000	0,0,0	5.9663515	0.9995598	3.51788	1.9173898	3.9973693	6.024784	1.8203439	7.7291303
chr3	158845000	158850000	chr3	159255000	159260000	0,0,0	13.88963	0.9999999	5.672139	7.6329756	10.86588	9.09795	3.9740083	15.882818
chr3	160955000	160960000	chr3	161420000	161425000	0,0,0	6.668322	1.0	3.8044355	2.344945	3.034855	4.185308	1.3900219	6.2697034
chr3	153290000	153295000	chr3	153595000	153600000	0,0,0	4.698789	0.99747944	2.0729673	2.971427	3.7392564	3.342634	1.1728253	5.9839025
chr3	121545000	121550000	chr3	122290000	122295000	0,0,0	6.499485	0.9998768	2.8408008	4.495209	5.6707373	5.006864	2.7258759	9.002605
chr3	19050000	19055000	chr3	19870000	19875000	0,0,0	6.505459	1.0	3.144885	2.6158082	3.0377448	3.0587635	1.4711715	5.3839264
chr3	181705000	181710000	chr3	182615000	182620000	0,0,0	8.879344	0.99999815	3.9741511	5.350889	8.711982	8.436254	2.2910016	13.1926
chr3	141575000	141580000	chr3	141645000	141650000	0,0,0	4.689005	0.991286	2.2820945	2.004615	2.8020492	2.9614346	0.8480697	4.7433147
chr3	45510000	45515000	chr3	45660000	45665000	0,0,0	7.5997267	1.0	3.3136935	2.7721014	4.491536	4.205842	1.5115229	6.6699324
chr3	69305000	69310000	chr3	69425000	69430000	0,0,0	4.7203226	1.0	2.3070831	1.9537312	2.07579	2.0848072	0.99008864	3.8214571
chr3	45225000	45230000	chr3	45495000	45500000	0,0,0	8.291154	0.999945	4.0785065	4.2581367	5.6579857	6.023724	2.477829	9.808735
chr3	156150000	156155000	chr3	157080000	157085000	0,0,0	7.3533697	0.99984473	2.7211354	4.984263	6.1412797	4.340728	2.4100997	8.771184
chr3	141300000	141305000	chr3	141455000	141460000	0,0,0	8.921435	0.999874	4.1935534	4.189103	5.341336	5.256447	1.915347	8.980095
chr3	154760000	154765000	chr3	155320000	155325000	0,0,0	7.8757086	0.99995446	3.3869889	5.4443355	6.182024	5.1592455	2.3064072	9.998655
chr3	168205000	168210000	chr3	168840000	168845000	0,0,0	8.623382	0.99994135	4.130823	4.1897287	5.8378315	6.0208597	3.0668857	9.745063
chr3	138700000	138705000	chr3	138915000	138920000	0,0,0	6.149613	0.9986778	3.368884	1.9568404	3.7052794	4.889742	1.0627329	6.6291556
chr3	42245000	42250000	chr3	42440000	42445000	0,0,0	14.245969	0.99999994	5.7523785	8.729388	11.2646	9.017764	3.6620097	16.77722
chr3	141575000	141580000	chr3	142000000	142005000	0,0,0	4.828175	1.0	2.2866821	2.1243453	2.6307955	2.6017272	1.2493161	4.490034
chr3	98040000	98045000	chr3	98325000	98330000	0,0,0	11.815527	1.0	4.5539913	5.861277	7.7574224	5.9201894	2.100264	11.130214
chr3	52740000	52745000	chr3	53070000	53075000	0,0,0	8.23449	1.0	3.0284336	4.037026	5.301518	3.8215756	2.2767344	7.410043
chr3	97795000	97800000	chr3	98020000	98025000	0,0,0	14.135757	1.0	6.3840775	6.0409613	9.048852	8.716217	3.458422	14.085959
chr3	70115000	70120000	chr3	70355000	70360000	0,0,0	6.0287414	0.99987113	2.7006574	4.3767133	5.5380034	5.067099	1.931679	8.957511
chr3	38345000	38350000	chr3	38475000	38480000	0,0,0	4.8127475	1.0	2.8381853	1.9122399	1.9434586	2.8233404	0.96131563	4.5231094
chr3	159270000	159275000	chr3	159585000	159590000	0,0,0	7.1715136	1.0	3.0142133	3.6500332	4.4549866	3.688815	1.7783006	6.9332895
chr3	183900000	183905000	chr3	184010000	184015000	0,0,0	7.707678	0.9998593	3.1921911	4.8316946	5.703205	4.574766	2.1913579	8.869605
chr3	156670000	156675000	chr3	157130000	157135000	0,0,0	5.643775	0.99921864	2.7748196	3.1427307	4.111903	4.361698	1.4805198	7.155237
chr3	3200000	3205000	chr3	4125000	4130000	0,0,0	5.4400935	1.0	2.6034877	2.3237584	3.0633302	3.1204739	1.2601426	5.186037
chr3	43760000	43765000	chr3	44195000	44200000	0,0,0	4.204203	0.99741054	2.3063853	2.3448496	3.0291507	3.8726022	1.6444272	5.956913
chr3	45590000	45595000	chr3	45655000	45660000	0,0,0	3.9958851	0.98858285	2.2133098	1.6939359	2.2709434	2.9673817	0.921566	4.4731026
chr3	69690000	69695000	chr3	69855000	69860000	0,0,0	6.419074	1.0	2.9573631	2.758457	3.9924374	3.9228969	1.5680901	6.3748584
chr3	123325000	123330000	chr3	123485000	123490000	0,0,0	7.140201	0.9996038	2.872024	3.900511	5.367198	4.3673196	1.9276261	7.8344407
chr3	39665000	39670000	chr3	39990000	39995000	0,0,0	4.6215453	0.9973609	2.1885579	2.784597	3.4920592	3.4627285	1.1596936	5.937926
chr3	133035000	133040000	chr3	133420000	133425000	0,0,0	6.7919717	0.99955904	2.747003	3.379217	5.501027	4.7235546	1.7181941	7.727303
chr3	28475000	28480000	chr3	28725000	28730000	0,0,0	5.541238	1.0	2.0844147	2.8592262	3.4121916	2.425725	1.029501	4.9672594
chr3	87295000	87300000	chr3	88000000	88005000	0,0,0	6.911599	0.99998766	3.334312	4.631948	6.8262997	7.187411	2.821051	11.304698
chr3	136075000	136080000	chr3	136390000	136395000	0,0,0	4.961973	1.0	2.735835	1.5284137	2.5509021	3.3705282	0.9309758	4.729118
chr3	63350000	63355000	chr3	63990000	63995000	0,0,0	12.842618	1.0	6.763046	1.5062299	2.4862247	3.0405536	0.9373232	4.3794246
chr3	158660000	158665000	chr3	158785000	158790000	0,0,0	7.5340276	1.0	4.277467	1.7967725	3.6021376	5.066502	1.1185745	6.663633
chr3	126675000	126680000	chr3	127450000	127455000	0,0,0	4.993351	0.99966025	2.3742151	3.6635165	4.7151437	4.731758	1.46019	7.9882174
chr3	148950000	148955000	chr3	149270000	149275000	0,0,0	8.195266	0.9997911	3.546599	4.113121	5.4543977	4.8183126	2.1299448	8.47442
chr3	133930000	133935000	chr3	134205000	134210000	0,0,0	5.5378027	0.99660504	2.884638	2.483743	3.0146763	3.478279	1.1656643	5.686051
chr3	159620000	159625000	chr3	159725000	159730000	0,0,0	3.9549892	1.0	2.3224213	1.124543	1.9277421	2.8610141	0.5289334	3.8606076
chr3	32950000	32955000	chr3	33780000	33785000	0,0,0	8.036288	1.0	3.9211	2.6675436	4.063192	4.374056	1.9205699	6.745206
chr3	19885000	19890000	chr3	20040000	20045000	0,0,0	4.5328035	1.0	2.2331345	1.8984222	2.2055793	2.2922292	0.8872074	3.9797156
chr3	53110000	53115000	chr3	53195000	53200000	0,0,0	10.349801	1.0	3.6129158	4.573459	6.6263094	4.698225	1.6902317	8.763521
chr3	10345000	10350000	chr3	10705000	10710000	0,0,0	5.8178287	0.9984195	2.0507123	3.8158956	4.618483	3.058804	1.4659423	6.4507117
chr3	150525000	150530000	chr3	150865000	150870000	0,0,0	6.1251364	1.0	2.8393943	1.9041328	2.8632514	2.8593414	1.0837368	4.5519037
chr3	16045000	16050000	chr3	16245000	16250000	0,0,0	5.7874055	1.0	2.9507008	1.6583376	3.1498032	3.7213414	0.77197766	5.1954193
chr3	184370000	184375000	chr3	184540000	184545000	0,0,0	6.818701	1.0	3.717751	2.597573	3.4765792	4.411421	1.615175	6.720375
chr3	172335000	172340000	chr3	172665000	172670000	0,0,0	5.8761115	1.0	2.324068	3.490738	3.5709522	2.525755	1.4603338	5.628633
chr3	45760000	45765000	chr3	45830000	45835000	0,0,0	6.429186	0.9996414	2.9486845	3.1989608	5.111875	5.090701	1.3139228	7.934222
chr3	44535000	44540000	chr3	44910000	44915000	0,0,0	6.397534	0.9996167	3.283006	3.2167454	4.3761783	5.008084	2.193858	7.867413
chr3	40190000	40195000	chr3	40315000	40320000	0,0,0	8.619822	1.0	2.9823256	3.8574703	4.9792337	3.3310702	1.4787947	6.7599325
chr3	138065000	138070000	chr3	138115000	138120000	0,0,0	5.831154	0.9997203	2.3162692	3.84831	5.782428	4.761766	1.9843454	8.182486
chr3	27310000	27315000	chr3	27675000	27680000	0,0,0	5.9557633	0.9988461	2.7278748	3.4212399	4.018531	3.7242289	1.4988123	6.765331
chr3	172035000	172040000	chr3	172320000	172325000	0,0,0	4.8307548	0.99528563	2.2178488	3.002922	3.0265403	2.688428	1.1932207	5.357692
chr3	197220000	197225000	chr3	197500000	197505000	0,0,0	6.1623874	0.9999555	2.6766078	5.074573	6.3190274	5.5096	2.3078628	10.020331
chr3	64530000	64535000	chr3	65335000	65340000	0,0,0	5.0408945	0.99744934	2.933485	1.4930944	3.1545165	4.6448317	1.106177	5.972027
chr3	172670000	172675000	chr3	172750000	172755000	0,0,0	4.077781	1.0	2.0917761	1.3542924	1.9088776	2.1944401	0.76520514	3.3982556
chr3	13495000	13500000	chr3	13645000	13650000	0,0,0	17.467514	1.0	6.151227	7.9092016	12.994331	9.7132225	3.53758	16.743624
chr3	27135000	27140000	chr3	27255000	27260000	0,0,0	5.8013263	1.0	3.0914135	2.0489583	2.993638	3.6839235	1.2164644	5.50522
chr3	35965000	35970000	chr3	36700000	36705000	0,0,0	7.73334	0.99983996	4.1838703	3.130637	4.7033696	5.9581957	1.7143453	8.740984
chr3	62665000	62670000	chr3	63225000	63230000	0,0,0	6.539682	0.99998426	2.9355333	5.4674444	6.7904453	6.200197	2.2812932	11.060147
chr3	124925000	124930000	chr3	125580000	125585000	0,0,0	6.584975	0.9995736	3.0491643	3.7200944	4.651233	4.454138	2.121545	7.760889
chr3	156150000	156155000	chr3	156505000	156510000	0,0,0	11.273665	0.9999978	4.234159	7.104724	9.152464	6.7065067	2.7888234	13.021817
chr3	194335000	194340000	chr3	194570000	194575000	0,0,0	6.719131	1.0	2.476327	3.6952271	4.129511	2.773397	1.3231905	6.0580435
chr3	33975000	33980000	chr3	34680000	34685000	0,0,0	6.5127025	0.9999089	3.0838068	4.493127	5.40801	5.3109283	2.3626842	9.304819
chr3	148860000	148865000	chr3	148945000	148950000	0,0,0	8.719539	1.0	2.9632325	4.60706	5.5009894	3.4709995	1.7608789	7.5661635
chr3	3205000	3210000	chr3	3990000	3995000	0,0,0	6.723399	0.9994047	2.5081344	4.3561664	5.0977926	3.5551233	2.0577664	7.4272714
chr3	64025000	64030000	chr3	64395000	64400000	0,0,0	8.462879	0.99998343	2.9313056	6.5168676	7.9834404	5.2147145	2.9845924	11.007486
chr3	166010000	166015000	chr3	167030000	167035000	0,0,0	7.6562304	0.99999017	2.7314572	7.513934	7.8348665	4.854441	2.9280682	11.533494
chr3	49540000	49545000	chr3	49670000	49675000	0,0,0	10.210457	1.0	4.105861	4.5679483	6.5706253	5.418047	2.0614922	9.478446
chr3	156155000	156160000	chr3	157145000	157150000	0,0,0	8.257511	0.9999403	3.0740724	5.9708877	6.5543127	4.418863	2.5126283	9.726318
chr3	16285000	16290000	chr3	16550000	16555000	0,0,0	12.475639	1.0	5.641451	5.6838646	7.635403	7.1883883	2.7938716	12.240712
chr3	124565000	124570000	chr3	124685000	124690000	0,0,0	15.077469	1.0	5.416181	8.222142	10.785	7.5694504	3.863488	14.878021
chr3	149510000	149515000	chr3	149715000	149720000	0,0,0	5.9759855	0.99947065	2.6677928	3.352579	4.849602	4.56457	1.3476305	7.5446405
chr3	46920000	46925000	chr3	46995000	47000000	0,0,0	5.6146593	0.9964934	2.2791526	3.1244195	3.6857514	2.8764307	1.1337987	5.6536927
chr3	158535000	158540000	chr3	158790000	158795000	0,0,0	12.202938	1.0	4.525671	4.9265223	6.3349752	4.5710816	2.1362097	8.9502125
chr3	45935000	45940000	chr3	46380000	46385000	0,0,0	6.2678237	0.99894744	2.5295305	3.5955834	4.592604	3.661195	1.5980042	6.8572693
chr3	190220000	190225000	chr3	190420000	190425000	0,0,0	4.420379	1.0	2.5053933	1.2793123	2.306417	3.21512	0.5363391	4.3522863
chr3	98595000	98600000	chr3	98810000	98815000	0,0,0	15.316837	1.0	5.705656	6.958808	8.218806	5.745802	3.2482135	11.93141
chr3	149120000	149125000	chr3	149270000	149275000	0,0,0	10.804521	0.99999595	4.7212267	5.5153704	8.165921	7.5143356	2.7622745	12.416887
chr3	183900000	183905000	chr3	184235000	184240000	0,0,0	5.793552	0.99916935	2.5531476	3.7033298	4.3480215	3.8022199	1.4759465	7.0940685
chr3	151465000	151470000	chr3	151840000	151845000	0,0,0	5.2984767	0.99974066	2.328641	4.1974564	5.133746	4.527129	1.9751114	8.258202
chr3	136075000	136080000	chr3	137010000	137015000	0,0,0	12.857708	0.99999994	5.0938864	8.471834	11.711206	9.371959	4.9342737	16.902477
chr3	195270000	195275000	chr3	195520000	195525000	0,0,0	14.610167	1.0	5.1433406	9.765638	13.162262	9.142793	3.3675396	17.823359
chr3	139935000	139940000	chr3	140860000	140865000	0,0,0	6.449146	0.99972606	2.2298112	4.764494	6.003887	3.96841	1.6978241	8.203516
chr3	170410000	170415000	chr3	170810000	170815000	0,0,0	8.618839	0.99997294	3.514971	4.797299	7.33379	6.2541647	2.3958073	10.518431
chr3	64530000	64535000	chr3	65670000	65675000	0,0,0	8.676424	1.0	2.7355986	5.626841	5.9866023	3.223777	1.8608507	8.225413
chr3	181700000	181705000	chr3	182685000	182690000	0,0,0	7.6254115	0.9997952	3.10746	4.121741	5.8028116	4.8305316	2.0014627	8.494301
chr3	107205000	107210000	chr3	107420000	107425000	0,0,0	4.860159	1.0	2.2408621	2.503194	2.69491	2.4615467	0.9578369	4.686608
chr3	185980000	185985000	chr3	186535000	186540000	0,0,0	10.819241	0.9999912	4.2950287	5.4652596	8.234549	6.7817416	2.6688027	11.63975
chr3	137115000	137120000	chr3	137785000	137790000	0,0,0	4.320697	0.9960411	2.1584184	2.7597141	2.9461715	3.079295	1.2767493	5.532374
chr3	194680000	194685000	chr3	195135000	195140000	0,0,0	4.672053	0.9969476	2.1267915	3.2303174	3.3155062	2.9210372	1.2913871	5.7924304
chr3	96865000	96870000	chr3	97720000	97725000	0,0,0	6.493808	0.99994826	2.94709	5.1375875	5.854798	5.3040032	2.631365	9.8707485
chr3	94000000	94005000	chr3	94070000	94075000	0,0,0	5.0354614	1.0	2.3221118	2.1149154	2.905317	2.8267355	1.0051591	4.7066603
chr3	58565000	58570000	chr3	58625000	58630000	0,0,0	4.4278398	1.0	2.0824447	1.7379136	2.2237325	2.1919215	0.78833026	3.7367334
chr3	63350000	63355000	chr3	63815000	63820000	0,0,0	11.472435	0.999999	5.3869395	4.386943	9.224366	9.876506	2.3393703	13.7760105
chr3	183120000	183125000	chr3	183380000	183385000	0,0,0	9.5808115	0.9999987	4.139805	5.8904996	9.090659	8.327818	3.5659933	13.563817
chr3	156530000	156535000	chr3	157135000	157140000	0,0,0	4.551552	0.9990111	2.1481872	3.1123126	4.1528797	4.153126	1.3060591	6.9196253
chr3	90540000	90545000	chr3	90680000	90685000	0,0,0	12.579947	1.0	4.805778	4.226416	5.177077	3.7932253	2.0285082	7.5500393
chr3	12290000	12295000	chr3	12475000	12480000	0,0,0	4.523855	0.9948919	2.787192	1.7236758	2.3037367	3.7453105	0.9314995	5.277467
chr3	197000000	197005000	chr3	197185000	197190000	0,0,0	7.976545	0.9997971	2.5965757	5.97447	5.9745917	3.1931295	2.0520804	8.50377
chr3	39120000	39125000	chr3	39285000	39290000	0,0,0	6.674223	0.99974513	2.7166264	3.723174	5.8057985	4.966054	1.5332409	8.275542
chr3	170960000	170965000	chr3	171565000	171570000	0,0,0	11.45566	0.9999989	4.098207	7.7731485	9.926212	6.854828	2.7927248	13.764294
chr3	130760000	130765000	chr3	130890000	130895000	0,0,0	5.3511662	1.0	2.1142483	2.6749878	3.3919258	2.6260872	1.2144758	5.0038543
chr3	140895000	140900000	chr3	141100000	141105000	0,0,0	5.873943	1.0	2.794356	2.4415853	2.8786483	2.8339853	1.3315446	5.004283
chr3	46210000	46215000	chr3	46375000	46380000	0,0,0	4.0371146	0.9935417	2.3445623	1.4942846	2.5563424	3.7146578	1.1236949	5.0429106
chr3	131790000	131795000	chr3	132030000	132035000	0,0,0	6.895633	0.9994608	2.6664038	4.054861	5.18503	3.9218886	1.9028608	7.5262094
chr3	56995000	57000000	chr3	57070000	57075000	0,0,0	4.4851165	1.0	2.2817876	1.6672413	2.0315132	2.2506747	0.7353828	3.7326672
chr3	34105000	34110000	chr3	34680000	34685000	0,0,0	5.998224	0.99857235	2.2663386	3.6691985	4.535195	3.2908807	1.493561	6.5523906
chr3	67110000	67115000	chr3	68875000	68880000	0,0,0	9.078988	0.99997294	3.4979658	5.6469193	7.278579	5.4980216	2.2072523	10.517505
chr3	187740000	187745000	chr3	189145000	189150000	0,0,0	7.351414	0.9998877	3.249192	4.0505934	5.904812	5.4946423	2.0423021	9.09517
chr3	139105000	139110000	chr3	139325000	139330000	0,0,0	7.2302485	0.99930894	3.7096248	2.361168	4.3567553	5.179228	1.6673319	7.278044
chr3	184560000	184565000	chr3	184775000	184780000	0,0,0	18.310316	1.0	5.016707	13.093909	15.644894	7.92356	4.5476213	19.562592
chr3	129940000	129945000	chr3	130095000	130100000	0,0,0	14.131012	1.0	4.9825954	4.915328	5.7310057	3.7258894	1.9964877	8.09507
chr3	129645000	129650000	chr3	129935000	129940000	0,0,0	7.2477765	0.9994308	2.8345487	3.7978423	5.2101083	4.096173	1.9803597	7.4720325
chr3	46485000	46490000	chr3	46555000	46560000	0,0,0	6.5738473	0.9993499	2.4982374	4.0631027	5.077891	3.727448	1.5231781	7.3390946
chr3	177050000	177055000	chr3	177780000	177785000	0,0,0	4.340167	0.99639666	2.4552004	1.8437281	2.896297	3.9876142	1.1899157	5.6264834
chr3	15200000	15205000	chr3	15405000	15410000	0,0,0	4.5089307	0.9975096	2.3774257	2.5448067	3.1564305	3.7338786	1.3672532	5.9959292
chr3	52475000	52480000	chr3	52675000	52680000	0,0,0	5.7228446	0.9983952	2.3540924	3.4629335	4.1876082	3.3572536	1.939092	6.4354167
chr3	10755000	10760000	chr3	10880000	10885000	0,0,0	7.2731833	0.99965507	3.6296303	3.4615405	4.5100307	4.8960395	1.996787	7.972965
chr3	86970000	86975000	chr3	87080000	87085000	0,0,0	4.546032	0.9924567	2.128731	2.2747655	2.923437	2.865584	0.87027043	4.8875976
chr3	64530000	64535000	chr3	65410000	65415000	0,0,0	7.601779	0.9996782	3.4461148	3.5298927	5.1045914	4.9046555	1.9081808	8.042338
chr3	11375000	11380000	chr3	11805000	11810000	0,0,0	6.0844054	1.0	3.2311714	2.4409852	3.009069	3.6026318	1.4431087	5.7723966
chr3	36730000	36735000	chr3	36865000	36870000	0,0,0	7.901373	1.0	3.1092045	3.6214137	4.5300446	3.4719675	1.7496853	6.691002
chr3	128975000	128980000	chr3	129240000	129245000	0,0,0	4.5297704	0.99543154	2.2233236	2.32183	3.1266048	3.325284	0.97384435	5.389133
chr3	119885000	119890000	chr3	120190000	120195000	0,0,0	4.7162175	0.99838763	2.4384365	2.9926631	3.3565297	3.7705774	1.6339146	6.430722
chr3	10340000	10345000	chr3	10735000	10740000	0,0,0	7.2417397	1.0	3.4300387	2.887355	3.9275725	3.9644573	1.3206701	6.530995
chr3	24000000	24005000	chr3	24235000	24240000	0,0,0	4.601738	1.0	2.4549303	1.693973	1.9010847	2.2642057	0.8423112	3.7699594
chr3	13895000	13900000	chr3	14110000	14115000	0,0,0	8.092402	0.99992484	3.2461023	4.5972095	6.587704	5.4102006	1.9364841	9.49661
chr3	70530000	70535000	chr3	71650000	71655000	0,0,0	9.621467	0.9999897	3.4031997	6.920739	8.136887	5.3326	2.4481056	11.484368
chr3	17255000	17260000	chr3	17410000	17415000	0,0,0	6.4635158	1.0	3.205076	1.8628135	3.168056	3.548511	1.0602535	5.204345
chr3	187740000	187745000	chr3	188950000	188955000	0,0,0	14.976413	1.0	5.8383355	8.985811	17.61367	15.200141	5.1175466	23.187529
chr3	157605000	157610000	chr3	158530000	158535000	0,0,0	5.879077	0.9995296	2.7913966	4.108697	4.233848	4.010544	1.6870885	7.662719
chr3	183895000	183900000	chr3	184130000	184135000	0,0,0	6.0413585	0.9988146	2.4146528	3.905053	4.3679705	3.2671912	1.3443396	6.738349
chr3	184415000	184420000	chr3	184520000	184525000	0,0,0	6.384552	0.9985977	3.3252873	2.8947954	3.4717643	3.997138	1.2733738	6.5702896
chr3	168510000	168515000	chr3	168845000	168850000	0,0,0	7.9787364	0.99984616	2.8806267	5.055719	6.2383833	4.286511	1.832159	8.780483
chr3	33880000	33885000	chr3	34680000	34685000	0,0,0	7.545705	0.99991	3.278985	3.7421005	6.360179	5.9901376	1.5986276	9.316449
chr3	132725000	132730000	chr3	133380000	133385000	0,0,0	6.8685684	0.9998395	2.796829	4.5954723	5.796136	4.6533475	3.0464947	8.738212
chr3	151435000	151440000	chr3	151835000	151840000	0,0,0	7.0844955	0.99997723	3.290108	4.6872053	6.6035805	6.524969	2.7663972	10.691374
chr3	123645000	123650000	chr3	123715000	123720000	0,0,0	4.782223	1.0	2.4830422	1.6343937	2.4511833	2.8980074	0.84593904	4.3508015
chr3	140125000	140130000	chr3	140860000	140865000	0,0,0	4.607296	0.9927086	2.465485	1.9368124	2.6064508	3.1999593	1.0035074	4.9215703
chr3	64030000	64035000	chr3	64480000	64485000	0,0,0	15.622474	1.0	6.5141597	6.756752	9.461539	8.0886345	3.6082652	14.094637
chr3	14260000	14265000	chr3	14465000	14470000	0,0,0	6.872577	0.99972844	3.1185632	3.291173	5.3634415	5.2867513	2.1262476	8.212238
chr3	32180000	32185000	chr3	32365000	32370000	0,0,0	4.495727	1.0	2.5441391	1.4349933	2.078616	2.846816	1.0831506	4.1223655
chr3	141360000	141365000	chr3	141450000	141455000	0,0,0	5.25675	0.9980708	2.619563	2.4215174	3.6894238	4.098817	1.3755258	6.2512765
chr3	36120000	36125000	chr3	36700000	36705000	0,0,0	7.7757654	0.9997888	4.193135	2.7830572	4.7015777	5.989864	1.7711071	8.463693
chr3	179145000	179150000	chr3	179315000	179320000	0,0,0	5.2758603	0.9984966	2.2171123	3.0421498	4.3677864	3.796578	1.2405083	6.500711
chr3	131035000	131040000	chr3	131485000	131490000	0,0,0	4.78535	0.99302363	2.3042066	2.488935	2.7784605	2.7533548	1.3797649	4.9657416
chr3	11235000	11240000	chr3	11335000	11340000	0,0,0	5.3555646	1.0	2.6998472	2.0843759	2.819638	3.1314287	1.2320708	4.984207
chr3	39190000	39195000	chr3	39290000	39295000	0,0,0	4.458017	0.9928731	2.170194	2.2294977	2.8499794	2.962614	1.2610438	4.94439
chr3	57175000	57180000	chr3	57555000	57560000	0,0,0	5.639561	0.99731123	2.1288762	3.7568536	3.8790905	2.5798512	1.46664	5.919276
chr3	36590000	36595000	chr3	36700000	36705000	0,0,0	4.6177554	1.0	2.1116574	1.817832	2.5410874	2.4526315	0.7576366	4.068482
chr3	190220000	190225000	chr3	190320000	190325000	0,0,0	6.053049	0.9983357	2.6722848	2.876242	4.1462455	3.842355	1.0965698	6.399015
chr3	8980000	8985000	chr3	9300000	9305000	0,0,0	11.520633	0.99999833	5.1212277	6.44424	8.326712	7.578008	2.7387614	13.306222
chr3	124990000	124995000	chr3	125585000	125590000	0,0,0	5.954378	0.9995716	2.5999954	3.4324732	5.1111584	4.7052875	1.788901	7.756375
chr3	36730000	36735000	chr3	36955000	36960000	0,0,0	8.4324875	1.0	3.4919732	2.8733487	3.1809127	2.4899538	1.3267832	5.0440416
chr3	10945000	10950000	chr3	11055000	11060000	0,0,0	7.8481717	1.0	3.4337957	2.8730402	4.6850142	4.4114804	1.6482011	6.965294
chr3	141300000	141305000	chr3	141560000	141565000	0,0,0	4.989591	1.0	3.020265	1.5592958	2.1733387	3.4023418	0.9141736	4.7883825
chr3	51390000	51395000	chr3	51680000	51685000	0,0,0	5.5288835	1.0	2.6966171	1.5431058	2.9367363	3.2612925	0.89706635	4.632942
chr3	30040000	30045000	chr3	30745000	30750000	0,0,0	8.260952	0.99999857	4.204245	6.193368	7.2216873	7.9424734	2.9110625	13.44769
chr3	167925000	167930000	chr3	168040000	168045000	0,0,0	8.26374	0.9998504	3.6412835	3.5204296	5.9385247	5.6792603	1.9436129	8.808531
chr3	78655000	78660000	chr3	79360000	79365000	0,0,0	10.711626	1.0	3.3208652	5.701005	6.6338162	3.7298002	2.1968274	8.79736
chr3	132730000	132735000	chr3	133035000	133040000	0,0,0	4.4324865	1.0	2.1543753	1.9170778	2.310003	2.366044	0.8131298	4.070113
chr3	194685000	194690000	chr3	195105000	195110000	0,0,0	8.329352	0.99998397	3.6742294	5.8292146	6.7280807	5.860739	3.160101	11.042263
chr3	149965000	149970000	chr3	150180000	150185000	0,0,0	5.276026	0.9991236	2.4107192	3.4723608	4.23803	3.95384	1.5304604	7.040383
chr3	30010000	30015000	chr3	30750000	30755000	0,0,0	7.0931444	0.99999744	3.6098435	5.605626	7.0690956	7.882787	2.2984335	12.865566
chr3	150925000	150930000	chr3	151140000	151145000	0,0,0	5.0973425	0.99755156	2.2424283	2.8786926	3.8227043	3.4540865	1.583911	6.0129247
chr3	15105000	15110000	chr3	15405000	15410000	0,0,0	6.5544505	0.99875456	2.6679616	3.6779664	4.358262	3.4196393	1.3117633	6.688943
chr3	15815000	15820000	chr3	16245000	16250000	0,0,0	7.1701035	1.0	3.341544	2.658193	3.3295875	3.2210057	1.0322986	5.5838437
chr3	42460000	42465000	chr3	42535000	42540000	0,0,0	4.9785867	1.0	2.2560592	2.133701	2.240607	1.9742417	0.76367927	3.8708649
chr3	87295000	87300000	chr3	87500000	87505000	0,0,0	6.2935324	0.9993942	3.3018837	2.6094706	4.1987667	5.0902104	1.3814551	7.40974
chr3	64030000	64035000	chr3	64165000	64170000	0,0,0	6.788949	1.0	2.4177518	3.4626074	4.6073375	3.2226744	1.2709028	6.3005476
chr3	172490000	172495000	chr3	172665000	172670000	0,0,0	5.967945	0.9987558	2.7089486	2.4852505	4.4656305	4.480861	1.5826577	6.689973
chr3	132250000	132255000	chr3	132395000	132400000	0,0,0	7.2124577	0.99955374	2.9897647	3.889509	5.113359	4.2581286	1.5592016	7.7154703
chr3	24770000	24775000	chr3	25595000	25600000	0,0,0	8.8801985	0.9999137	3.9404402	4.4462585	5.910812	5.406092	2.2096117	9.358322
chr3	177195000	177200000	chr3	177360000	177365000	0,0,0	5.7806616	0.99894696	2.622292	2.8542514	4.4265113	4.31967	1.4554329	6.8567824
chr3	132725000	132730000	chr3	133420000	133425000	0,0,0	9.051494	0.99997455	3.84468	4.4286237	7.295391	6.643677	2.1843092	10.580232
chr3	24960000	24965000	chr3	25590000	25595000	0,0,0	4.325298	0.9971364	2.7342792	1.7175939	2.5071087	4.32954	1.2928274	5.85629
chr3	32730000	32735000	chr3	32930000	32935000	0,0,0	8.358903	0.99987954	3.605824	4.1578026	5.9395666	5.329142	2.4365087	9.024966
chr3	41890000	41895000	chr3	42095000	42100000	0,0,0	11.325006	1.0	5.564856	3.4678793	5.1093974	5.5284214	2.846378	8.610981
chr3	196255000	196260000	chr3	196515000	196520000	0,0,0	10.131766	0.99999887	4.6217976	5.7852006	8.731357	8.537093	3.671012	13.679493
chr3	59215000	59220000	chr3	59855000	59860000	0,0,0	4.9740553	0.99353117	2.4200957	1.9520216	3.0684872	3.3061543	1.086823	5.0412846
chr3	142125000	142130000	chr3	142270000	142275000	0,0,0	4.5011277	0.9962047	2.1658924	2.6564057	3.1907785	3.2133183	1.2845976	5.574568
chr3	151290000	151295000	chr3	151835000	151840000	0,0,0	7.6464243	0.99988806	2.4382415	5.292979	7.0365605	4.3935146	1.8319569	9.098385
chr3	108660000	108665000	chr3	108915000	108920000	0,0,0	7.9895306	0.99995255	2.9222476	4.9790835	7.378174	5.531473	2.5717068	9.957325
chr3	113045000	113050000	chr3	113625000	113630000	0,0,0	7.539195	0.9999381	2.7058663	5.470895	6.9715853	4.827458	2.2838693	9.690475
chr3	66275000	66280000	chr3	66815000	66820000	0,0,0	11.621493	0.9999986	5.545167	5.2366757	8.398074	8.829865	2.9011786	13.484689
chr3	27355000	27360000	chr3	27680000	27685000	0,0,0	4.587168	0.99636686	2.4093504	2.168009	3.0836966	3.6911142	1.039048	5.618233
chr3	70530000	70535000	chr3	71585000	71590000	0,0,0	4.851603	0.9993565	2.184454	3.7149572	4.455466	4.047182	1.4182512	7.349366
chr3	129490000	129495000	chr3	129935000	129940000	0,0,0	8.897478	0.9999652	2.7052917	6.502288	7.912196	4.486089	2.380461	10.265901
chr3	184870000	184875000	chr3	185175000	185180000	0,0,0	5.458005	0.999853	2.4722106	3.9887483	5.5499754	5.2806883	2.07811	8.826242
chr3	15265000	15270000	chr3	15375000	15380000	0,0,0	7.867884	0.9999875	2.7617955	6.6936183	8.10231	5.340838	3.0163276	11.290721
chr3	118880000	118885000	chr3	119095000	119100000	0,0,0	12.985785	0.99999946	5.1082425	6.9015036	10.230557	8.299277	3.1927059	14.433948
chr3	112135000	112140000	chr3	112515000	112520000	0,0,0	9.459341	0.99994403	3.4833324	5.8656745	6.732557	4.5775666	2.3117917	9.791499
chr3	56700000	56705000	chr3	56990000	56995000	0,0,0	14.41339	0.99999994	5.571042	7.873246	12.412417	10.057308	4.765009	17.05575
chr3	149965000	149970000	chr3	150225000	150230000	0,0,0	5.325144	0.9991124	2.4730108	3.4593904	4.1516166	3.9527273	1.5673457	7.027741
chr3	149350000	149355000	chr3	149480000	149485000	0,0,0	6.9596996	0.9992693	4.0759554	2.148478	3.6016014	5.312506	1.7389958	7.222265
chr3	150235000	150240000	chr3	150495000	150500000	0,0,0	6.311574	0.9997867	3.4468355	3.3953495	4.2976484	5.4355803	1.2826478	8.453669
chr3	58185000	58190000	chr3	58295000	58300000	0,0,0	9.62426	1.0	3.8205857	3.7382526	5.770612	4.7852783	2.001807	8.10817
chr3	32170000	32175000	chr3	32665000	32670000	0,0,0	6.973914	1.0	3.2779527	2.8193026	3.2990184	3.1802218	1.5655918	5.6862683
chr3	134305000	134310000	chr3	134475000	134480000	0,0,0	17.560577	1.0	5.6712184	9.908725	13.595045	8.726624	3.828281	17.53438
chr3	32510000	32515000	chr3	32665000	32670000	0,0,0	8.5288725	1.0	4.2598963	2.9732354	4.202457	4.6313977	1.8939685	7.2742734
chr3	186255000	186260000	chr3	186540000	186545000	0,0,0	5.1783643	0.99812394	2.4892092	2.6892219	3.7504447	3.8887994	1.5845784	6.279219
chr3	113495000	113500000	chr3	113575000	113580000	0,0,0	6.48695	0.9990908	3.2013717	2.4705474	4.307359	4.8076153	1.3429972	7.0036573
chr3	124355000	124360000	chr3	124540000	124545000	0,0,0	7.0198154	1.0	3.3495286	2.8543446	2.8849666	2.7411573	1.3753469	5.2783527
chr3	182250000	182255000	chr3	182675000	182680000	0,0,0	4.432264	0.9905019	2.415004	2.185252	2.2192657	2.7147002	1.0537163	4.6571465
chr3	51095000	51100000	chr3	51370000	51375000	0,0,0	11.13565	1.0	4.174853	5.3285437	8.147626	6.3332825	2.7142982	11.069766
chr3	86775000	86780000	chr3	87080000	87085000	0,0,0	8.003475	0.99994504	2.9426131	5.7503977	6.817357	4.6986117	2.6556811	9.810077
chr3	152475000	152480000	chr3	152950000	152955000	0,0,0	5.229636	1.0	2.516744	2.009349	2.2010007	2.1688387	0.99791765	3.9549267
chr3	69690000	69695000	chr3	69910000	69915000	0,0,0	3.9130938	1.0	2.0814533	1.6942962	1.8741693	2.2147834	0.7902648	3.7208245
chr3	30775000	30780000	chr3	31130000	31135000	0,0,0	5.842822	1.0	3.1079123	1.6617234	2.879994	3.5967174	0.9418259	5.073805
chr3	47520000	47525000	chr3	47785000	47790000	0,0,0	12.661667	0.9999987	5.2717857	6.127963	9.286414	8.095904	3.3504975	13.542982
chr3	112640000	112645000	chr3	112975000	112980000	0,0,0	6.513232	0.9999218	2.6260192	4.569556	6.534309	5.3953567	2.1957552	9.457185
chr3	30770000	30775000	chr3	31765000	31770000	0,0,0	7.113145	0.99973917	3.7434206	2.95119	4.6329327	5.6291876	2.1287148	8.252468
chr3	146220000	146225000	chr3	146575000	146580000	0,0,0	7.324699	0.99996555	3.4163537	4.647663	6.244978	6.1464767	2.8645544	10.277733
chr3	17430000	17435000	chr3	17840000	17845000	0,0,0	8.913823	0.999982	3.6056304	5.1138697	7.608322	6.3791914	2.939301	10.924854
chr3	193040000	193045000	chr3	193570000	193575000	0,0,0	4.8197236	0.9939519	2.2270846	2.3750315	3.1062365	2.9974043	0.9920872	5.1085434
chr3	185980000	185985000	chr3	186240000	186245000	0,0,0	11.95501	0.999999	3.9347925	8.697342	10.140663	6.091707	2.8810427	13.822679
chr3	191420000	191425000	chr3	192445000	192450000	0,0,0	6.585718	0.9997423	3.023579	3.7913532	5.0891953	4.8946743	1.8732178	8.264767
chr3	45940000	45945000	chr3	46075000	46080000	0,0,0	12.072048	1.0	5.1708913	3.7950869	6.780929	6.3424745	2.0353389	9.715885
chr3	137100000	137105000	chr3	137685000	137690000	0,0,0	4.7506566	0.9956047	2.4764063	2.6532092	2.733408	3.0693789	1.4789624	5.427787
chr3	42245000	42250000	chr3	42545000	42550000	0,0,0	10.042565	1.0	4.85646	4.3425336	5.891027	6.131728	2.4824255	9.991758
chr3	185980000	185985000	chr3	186275000	186280000	0,0,0	9.305456	0.9999725	4.410044	4.58348	6.3425555	6.42981	2.311258	10.504014
chr3	72850000	72855000	chr3	73055000	73060000	0,0,0	6.859006	1.0	2.8018863	2.6906824	4.0992327	3.499257	1.1121949	5.890975
chr3	142585000	142590000	chr3	142835000	142840000	0,0,0	5.359827	0.99710345	2.135272	3.3424563	3.8230636	2.8737688	1.2725687	5.844841
chr3	40580000	40585000	chr3	41880000	41885000	0,0,0	12.570765	0.99999994	4.7859755	9.539811	11.899971	8.747862	3.5559416	17.227694
chr3	30040000	30045000	chr3	30690000	30695000	0,0,0	5.46191	0.99987155	2.3700256	5.726388	7.2958393	6.395476	2.7565732	11.485599
chr3	113835000	113840000	chr3	113910000	113915000	0,0,0	6.6534543	1.0	3.1178794	2.699314	3.886068	3.9064646	1.4402153	6.305855
chr3	42115000	42120000	chr3	42190000	42195000	0,0,0	7.103686	1.0	3.5464392	2.4464488	4.0731425	4.594431	1.2973577	6.7690525
chr3	27130000	27135000	chr3	27680000	27685000	0,0,0	6.733599	1.0	3.4317698	1.9280645	2.5570624	2.881851	1.3038497	4.595686
chr3	159885000	159890000	chr3	160000000	160005000	0,0,0	9.9899	1.0	3.81026	5.4464674	6.5277953	4.7299304	2.1327157	9.571235
chr3	3200000	3205000	chr3	4285000	4290000	0,0,0	20.174898	1.0	9.197049	7.961772	11.538051	11.175944	4.743187	18.253075
chr3	183185000	183190000	chr3	183380000	183385000	0,0,0	10.303481	0.99999994	4.068698	7.443695	11.794444	9.794211	3.4074054	16.41083
chr3	48270000	48275000	chr3	48435000	48440000	0,0,0	7.5234404	0.999899	2.7005022	4.82092	6.8065805	4.9166117	2.0292032	9.201874
chr3	49170000	49175000	chr3	49445000	49450000	0,0,0	7.6787157	0.9998872	2.611071	5.9464793	6.401229	3.8051863	2.393715	9.090945
chr3	53375000	53380000	chr3	53710000	53715000	0,0,0	9.031858	0.9999932	3.6366956	5.0416126	8.585396	7.4177756	2.573892	11.899209
chr3	104585000	104590000	chr3	105370000	105375000	0,0,0	5.6948853	0.99743384	2.5624774	3.4094477	3.4226334	2.935338	1.8473836	5.965958
chr3	111715000	111720000	chr3	111965000	111970000	0,0,0	11.92908	0.9999999	4.71824	7.883731	11.217762	9.042779	3.4696188	16.050539
chr3	43545000	43550000	chr3	43745000	43750000	0,0,0	5.179584	1.0	3.0625231	1.5759902	2.2368286	3.3354442	0.8222813	4.7363243
chr3	8440000	8445000	chr3	8620000	8625000	0,0,0	13.072256	1.0	5.071166	5.96986	8.187273	6.37554	2.8013425	11.682081
chr3	195650000	195655000	chr3	195850000	195855000	0,0,0	5.690052	0.9996159	2.3362484	4.582717	4.9524803	3.7919927	1.866346	7.865519
chr3	189960000	189965000	chr3	190420000	190425000	0,0,0	7.1010785	1.0	2.5495555	3.7973824	4.7054048	3.218731	1.4855222	6.594182
chr3	171185000	171190000	chr3	171565000	171570000	0,0,0	11.385441	0.99999887	3.5549822	8.290543	10.580298	6.3336	3.1370115	13.702971
chr3	192810000	192815000	chr3	193040000	193045000	0,0,0	12.913306	0.9999991	5.817165	5.00128	9.471611	9.49789	2.7457376	13.943473
chr3	138410000	138415000	chr3	138920000	138925000	0,0,0	7.3071265	0.99974585	2.6704838	4.990336	5.7124896	3.842466	1.9834183	8.27832
chr3	38525000	38530000	chr3	38655000	38660000	0,0,0	7.3552675	1.0	3.6565182	2.9270973	4.0969152	4.474897	2.0138474	7.0767617
chr3	71870000	71875000	chr3	72830000	72835000	0,0,0	4.672183	0.9985843	2.4689589	2.5751228	3.546522	4.2717786	1.4952279	6.560776
chr3	182710000	182715000	chr3	182840000	182845000	0,0,0	5.3449855	1.0	2.557177	2.085511	2.8265254	2.8940272	0.9408889	4.747815
chr3	192820000	192825000	chr3	192910000	192915000	0,0,0	5.6097846	1.0	3.0401351	1.8605595	2.5682764	3.2342806	0.80510867	4.888111
chr3	140895000	140900000	chr3	141190000	141195000	0,0,0	8.685459	1.0	3.7211857	3.610653	4.4945135	3.8447123	1.4735221	7.054181
chr3	135915000	135920000	chr3	136040000	136045000	0,0,0	4.68881	1.0	2.7274048	1.3735983	1.3979379	1.968553	0.58748204	3.1895292
chr3	141010000	141015000	chr3	141185000	141190000	0,0,0	7.5469403	1.0	3.190678	4.1811495	4.585545	3.6856253	1.7532376	7.4022026
chr3	150785000	150790000	chr3	151145000	151150000	0,0,0	4.740039	1.0	2.5858903	1.3157899	2.6148162	3.4392724	0.6259495	4.6088634
chr3	16045000	16050000	chr3	16175000	16180000	0,0,0	11.11899	0.99999774	3.9495287	7.4874697	9.354386	6.3452034	2.5624702	13.000732
chr3	12130000	12135000	chr3	12480000	12485000	0,0,0	10.3910475	0.9999977	4.4823275	6.2289968	8.413555	7.43795	3.2587264	12.974836
chr3	124990000	124995000	chr3	125435000	125440000	0,0,0	6.010702	0.99985534	2.844536	3.790886	5.382113	5.472456	1.7811235	8.842133
chr3	195635000	195640000	chr3	195950000	195955000	0,0,0	30.267725	1.0	5.134241	27.107882	29.990593	9.465553	9.745113	33.561447
chr3	192815000	192820000	chr3	193570000	193575000	0,0,0	9.9285965	1.0	4.42817	3.903598	5.1699324	4.757431	1.9532424	8.227296
chr3	158915000	158920000	chr3	159255000	159260000	0,0,0	6.6953154	0.9998696	3.8073916	2.4725285	4.792888	6.748046	1.4249053	8.945849
chr3	134790000	134795000	chr3	135500000	135505000	0,0,0	8.069511	0.9997421	3.2813962	4.4419026	5.440517	4.3153424	1.7738938	8.2637005
chr3	194140000	194145000	chr3	194310000	194315000	0,0,0	8.535263	1.0	3.9084742	3.6746383	4.0311933	3.66225	1.525794	6.9285955
chr3	13090000	13095000	chr3	13450000	13455000	0,0,0	6.766578	1.0	3.3210773	3.1758852	3.7455523	3.8805983	2.229074	6.703607
chr3	122100000	122105000	chr3	122255000	122260000	0,0,0	6.2886434	0.9988992	2.821123	3.1985357	4.2700377	3.9693277	1.4354875	6.812471
chr3	18560000	18565000	chr3	18755000	18760000	0,0,0	4.1594973	0.994247	2.1224818	1.8551269	3.0197587	3.5095654	1.4249285	5.158567
chr3	99020000	99025000	chr3	99750000	99755000	0,0,0	5.88351	0.99796015	3.315163	1.8549801	3.298363	4.546639	1.1745608	6.19551
chr3	127690000	127695000	chr3	127965000	127970000	0,0,0	5.173961	0.99963546	2.4696496	3.4199762	4.7562714	4.8777304	1.7136697	7.917709
chr3	116770000	116775000	chr3	117520000	117525000	0,0,0	6.79431	1.0	3.2583313	2.281889	3.951239	4.23375	1.3399808	6.2620955
chr3	156540000	156545000	chr3	157080000	157085000	0,0,0	4.1746073	0.997643	2.0763867	2.9903245	3.2569027	3.392929	1.4867592	6.0509953
chr3	10415000	10420000	chr3	10735000	10740000	0,0,0	4.155543	0.9958884	2.102558	2.4774833	3.0026445	3.2923124	1.3425231	5.4945197
chr3	23995000	24000000	chr3	24680000	24685000	0,0,0	7.3133383	0.9994673	3.581635	2.8921123	4.564179	4.967646	1.6426356	7.538413
chr3	182260000	182265000	chr3	182615000	182620000	0,0,0	5.3288693	0.9976613	2.7922018	2.3373194	3.337778	3.9811575	1.1715128	6.058775
chr3	25645000	25650000	chr3	25855000	25860000	0,0,0	5.5821533	0.99731153	2.7640467	2.4317205	3.4534624	3.7578769	1.2084188	5.919406
chr3	138475000	138480000	chr3	138915000	138920000	0,0,0	4.731724	0.99878895	2.1475415	3.6503384	3.9067135	3.4722266	1.3145714	6.716972
chr3	128095000	128100000	chr3	128580000	128585000	0,0,0	6.087166	0.9994369	2.5171158	3.4158902	5.149241	4.446498	1.4197695	7.4828444
chr3	159615000	159620000	chr3	159800000	159805000	0,0,0	11.516687	0.9999938	4.665787	6.111312	8.095126	6.5645185	2.7384787	11.996796
chr3	52000000	52005000	chr3	52140000	52145000	0,0,0	14.461206	1.0	5.7553606	5.8954763	8.838178	7.2891674	2.972978	12.529591
chr3	43540000	43545000	chr3	44195000	44200000	0,0,0	9.989582	0.99999547	3.4496124	6.7986317	9.190201	6.264009	3.282527	12.307238
chr3	107235000	107240000	chr3	107740000	107745000	0,0,0	5.1369514	1.0	2.4546354	2.096434	3.1043563	3.2262096	1.1438935	5.089707
chr3	141000000	141005000	chr3	141105000	141110000	0,0,0	4.076038	1.0	2.5127418	1.1571125	1.6165371	2.6343968	0.6393025	3.6629412
chr3	16600000	16605000	chr3	17230000	17235000	0,0,0	14.188593	1.0	5.6283154	8.798751	11.965107	9.53825	4.237913	17.359362
chr3	157615000	157620000	chr3	158430000	158435000	0,0,0	6.2965107	0.9999264	2.9048855	4.63443	5.6933846	5.398318	1.6383629	9.517811
chr3	24265000	24270000	chr3	24680000	24685000	0,0,0	6.040223	0.99981403	2.8361166	3.6270304	5.306947	5.3667855	1.7017523	8.590813
chr3	146065000	146070000	chr3	146185000	146190000	0,0,0	8.889097	1.0	3.015693	5.006725	6.1737814	3.9543238	1.7458799	8.404745
chr3	186850000	186855000	chr3	187160000	187165000	0,0,0	7.43844	0.99989116	3.1593971	4.149153	6.128675	5.438301	2.038644	9.126437
chr3	98815000	98820000	chr3	98995000	99000000	0,0,0	9.959626	1.0	4.1470904	3.964966	6.4846144	5.7608004	2.424416	9.285214
chr3	37855000	37860000	chr3	37965000	37970000	0,0,0	10.387524	1.0	4.4033694	4.9181156	6.5555296	5.6429753	2.385532	10.014634
chr3	13655000	13660000	chr3	13885000	13890000	0,0,0	19.232044	1.0	4.647259	11.283029	13.988446	6.536915	3.999852	16.566273
chr3	139425000	139430000	chr3	139560000	139565000	0,0,0	8.898065	0.9999109	3.6266553	4.099442	6.583378	5.682482	2.0140579	9.32643
chr3	27710000	27715000	chr3	28285000	28290000	0,0,0	6.5760646	0.9998909	2.9046688	4.5007377	5.709034	5.1235557	1.8672154	9.124211
chr3	69440000	69445000	chr3	69670000	69675000	0,0,0	4.8158345	1.0	2.9703023	1.7029308	1.9327481	3.1360657	0.80974495	4.6497817
chr3	120240000	120245000	chr3	120415000	120420000	0,0,0	11.558126	0.99999183	4.416456	6.3175707	8.151511	6.099363	2.640737	11.714981
chr3	126130000	126135000	chr3	126390000	126395000	0,0,0	7.525894	0.99962467	3.203982	4.4088097	4.8739862	3.9695995	2.2845113	7.8885417
chr3	113300000	113305000	chr3	113620000	113625000	0,0,0	4.2590675	0.9892915	2.3343136	2.0222585	2.1926854	2.7396235	0.90675014	4.5371866
chr3	50615000	50620000	chr3	51370000	51375000	0,0,0	13.990865	1.0	4.514584	8.511453	10.022632	5.925908	3.0223658	13.491644
chr3	138935000	138940000	chr3	139330000	139335000	0,0,0	15.223048	1.0	4.083707	9.375029	11.262855	5.6172404	3.448938	13.950599
chr3	197255000	197260000	chr3	197500000	197505000	0,0,0	6.5082836	0.9999766	2.9798064	5.256687	6.4040966	5.9900165	2.2772098	10.662627
chr3	69160000	69165000	chr3	69670000	69675000	0,0,0	7.5242624	1.0	3.2044947	3.7650356	4.4371495	3.6982486	1.5078773	7.0449467
chr3	132535000	132540000	chr3	132640000	132645000	0,0,0	7.4972486	0.99963325	3.1253598	3.608292	5.40459	4.7043667	1.3706797	7.9117384
chr3	130275000	130280000	chr3	130535000	130540000	0,0,0	7.461943	0.9999866	3.2647882	5.0548744	7.3356113	6.7292376	2.4005632	11.22246
chr3	50115000	50120000	chr3	50225000	50230000	0,0,0	4.531955	1.0	2.6717527	1.3573008	1.9365833	2.8712149	1.0671915	4.0777044
chr3	187315000	187320000	chr3	187680000	187685000	0,0,0	11.008527	0.9999987	5.091296	5.477235	8.651283	8.692937	3.2233267	13.56159
chr3	45035000	45040000	chr3	45495000	45500000	0,0,0	9.29866	1.0	3.9377515	3.3939457	6.2314196	5.784464	1.8457592	8.801305
chr3	58320000	58325000	chr3	58415000	58420000	0,0,0	5.877966	1.0	2.4505193	2.9301586	3.3496656	2.6799839	1.0571107	5.2845693
chr3	156155000	156160000	chr3	156455000	156460000	0,0,0	4.5153465	0.99814916	2.0495234	3.496033	3.621474	3.185191	1.6366844	6.2927756
chr3	62625000	62630000	chr3	63230000	63235000	0,0,0	5.7556014	0.99998784	2.9118826	4.269844	6.6019754	7.521844	2.0149999	11.31726
chr3	57970000	57975000	chr3	58165000	58170000	0,0,0	3.925777	0.9852441	2.1199424	1.2620058	2.3996048	3.0947678	0.78367937	4.216551
chr3	19345000	19350000	chr3	19865000	19870000	0,0,0	10.116801	0.99996966	3.7519805	5.0691724	7.692324	5.897617	2.1776454	10.403548
chr3	150720000	150725000	chr3	150860000	150865000	0,0,0	8.610278	1.0	3.3563058	4.1539574	6.066982	4.849306	2.3829257	8.541713
chr3	113735000	113740000	chr3	113910000	113915000	0,0,0	5.7452307	1.0	2.410866	2.430094	3.4362361	2.969087	0.90819645	5.1291704
chr3	43160000	43165000	chr3	43375000	43380000	0,0,0	5.9618497	0.99896556	2.5382857	3.364933	4.4858427	3.883569	1.2442999	6.8746204
chr3	126245000	126250000	chr3	126390000	126395000	0,0,0	4.467014	0.98985004	2.3371341	2.2774553	2.2814019	2.566357	1.2599705	4.5907617
chr3	102230000	102235000	chr3	102535000	102540000	0,0,0	10.245437	0.99999034	5.0648446	3.5067084	7.3715	8.432261	2.2333872	11.5493355
chr3	142580000	142585000	chr3	142995000	143000000	0,0,0	10.81569	0.9999911	3.7715282	6.5160074	8.582296	5.843025	2.9412904	11.635032
chr3	182715000	182720000	chr3	183100000	183105000	0,0,0	6.7538033	1.0	2.768938	3.1593623	3.6589346	2.8740716	1.3251361	5.6823936
chr3	33635000	33640000	chr3	33775000	33780000	0,0,0	5.262537	1.0	2.3319001	2.188278	3.0730925	2.8440385	0.98874253	4.7891746
chr3	105680000	105685000	chr3	106610000	106615000	0,0,0	7.0944734	0.99976045	3.731834	3.6046872	4.372362	5.133338	2.3400333	8.337504
chr3	193460000	193465000	chr3	193570000	193575000	0,0,0	6.105078	1.0	2.6475618	2.77873	3.460265	3.0104594	1.1450355	5.4804416
chr3	117015000	117020000	chr3	117720000	117725000	0,0,0	3.9837127	0.98891985	2.058803	1.7167441	2.5414078	2.9770727	1.1135062	4.5030675
chr3	179925000	179930000	chr3	180590000	180595000	0,0,0	5.934866	0.99935424	2.138199	4.617686	5.0338645	3.2412834	1.9149486	7.3458934
chr3	149390000	149395000	chr3	149480000	149485000	0,0,0	7.1655197	0.99945885	3.2482839	3.2699096	4.790711	4.61598	1.5634717	7.5225663
chr3	14855000	14860000	chr3	14915000	14920000	0,0,0	4.9448915	0.9981314	2.2517343	2.6059349	4.043994	3.9668307	1.2923359	6.2832174
chr3	69160000	69165000	chr3	69425000	69430000	0,0,0	6.0364223	1.0	3.0025792	2.486312	3.3176546	3.5977046	1.483993	5.8077593
chr3	196020000	196025000	chr3	196195000	196200000	0,0,0	6.6416235	0.99938434	3.5857275	2.1374395	4.246703	5.4936123	1.5055995	7.393558
chr3	50435000	50440000	chr3	50540000	50545000	0,0,0	5.863183	0.99725235	2.3966641	2.829714	4.033384	3.38231	1.2254956	5.897611
chr3	193780000	193785000	chr3	194135000	194140000	0,0,0	8.199657	0.99999475	2.9906776	6.1721334	8.983552	6.673182	3.1204722	12.159523
chr3	188035000	188040000	chr3	188745000	188750000	0,0,0	5.198704	0.99660105	2.0863667	2.8519483	3.8918288	3.149806	1.122483	5.684871
chr3	132035000	132040000	chr3	132180000	132185000	0,0,0	5.3104186	1.0	2.4572527	1.7311084	2.8640795	2.903946	0.78985286	4.442709
chr3	50125000	50130000	chr3	50185000	50190000	0,0,0	5.8766036	0.9983735	2.7491837	3.0867422	3.7967243	3.678213	1.6343688	6.4219832
chr3	41895000	41900000	chr3	42225000	42230000	0,0,0	6.200186	1.0	3.69187	1.0994437	1.8240807	2.7780385	0.72462237	3.7553217
chr3	71950000	71955000	chr3	72820000	72825000	0,0,0	4.4478245	0.99960625	2.4040086	3.1922448	4.033267	5.0030107	1.5496923	7.8405614
chr3	99115000	99120000	chr3	99750000	99755000	0,0,0	3.988253	0.9880957	2.1687355	1.7180134	2.2998219	2.9041905	0.9834638	4.4313135
chr3	188955000	188960000	chr3	189230000	189235000	0,0,0	7.699978	1.0	3.1492698	2.540779	3.2763991	2.6652715	1.1093946	4.923742
chr3	4710000	4715000	chr3	5055000	5060000	0,0,0	14.621028	1.0	4.836139	12.904825	15.33344	9.363231	4.6264896	20.834187
chr3	192465000	192470000	chr3	192800000	192805000	0,0,0	11.511369	1.0	3.9507298	4.650817	6.2876816	4.2587514	1.7991952	8.392811
chr3	160640000	160645000	chr3	160940000	160945000	0,0,0	4.0716887	0.9895677	2.1001966	1.9206469	2.492081	2.8560805	0.9996358	4.5633225
chr3	24000000	24005000	chr3	24635000	24640000	0,0,0	5.668416	0.9985369	2.2848608	3.4816263	4.3475957	3.4331026	1.653757	6.527881
chr3	17645000	17650000	chr3	17840000	17845000	0,0,0	4.6197906	1.0	2.25619	1.9426336	2.639624	2.7901983	1.2770035	4.516984
chr3	58315000	58320000	chr3	58530000	58535000	0,0,0	6.4607844	1.0	2.9369695	2.4952857	3.3778615	3.209611	1.2859958	5.427643
chr3	196610000	196615000	chr3	196685000	196690000	0,0,0	6.004258	0.9988204	3.0576475	2.1317804	4.104887	4.8483834	1.8750124	6.743299
chr3	150285000	150290000	chr3	150495000	150500000	0,0,0	5.52084	0.99968433	2.887074	3.1728587	4.422715	5.241269	1.8182944	8.061587
chr3	67380000	67385000	chr3	67790000	67795000	0,0,0	5.79766	0.9996843	2.2385447	4.805972	5.3294973	3.7894108	1.7630513	8.061386
chr3	58005000	58010000	chr3	58175000	58180000	0,0,0	7.115616	0.9998138	2.2505429	5.0875783	6.6325555	4.0673056	2.33759	8.589598
chr3	96860000	96865000	chr3	97660000	97665000	0,0,0	7.655489	0.99999976	3.0844414	7.396553	10.512466	8.657182	3.3643792	15.231895
chr3	159820000	159825000	chr3	160005000	160010000	0,0,0	5.3719435	1.0	2.6837	1.6571577	2.8307247	3.2069216	0.96184194	4.6799507
chr3	154950000	154955000	chr3	155320000	155325000	0,0,0	6.3850293	0.9998226	2.7068841	4.1403437	5.7047524	4.957635	1.5903046	8.63794
chr3	189960000	189965000	chr3	190320000	190325000	0,0,0	5.3801503	1.0	2.809109	1.9710009	2.9959416	3.58019	1.5470876	5.332191
chr3	154035000	154040000	chr3	154250000	154255000	0,0,0	4.8468294	0.99695295	2.8721092	2.1553135	2.610934	3.8783548	1.4484997	5.794189
chr5	64230000	64235000	chr5	64610000	64615000	0,0,0	6.394585	0.999685	2.7032325	4.4137135	5.0663943	4.1404195	1.567875	8.06372
chr5	1505000	1510000	chr5	1640000	1645000	0,0,0	6.163159	0.99822706	2.6895404	3.216026	3.9715345	3.4770918	1.4873163	6.3357816
chr5	141225000	141230000	chr5	141560000	141565000	0,0,0	7.477696	1.0	3.3124688	3.1661878	4.2795105	3.9215736	1.5221301	6.7359624
chr5	51380000	51385000	chr5	52000000	52005000	0,0,0	4.369098	0.9993004	2.3289196	3.2125485	3.6949856	4.4101872	1.7049075	7.2657857
chr5	31580000	31585000	chr5	31805000	31810000	0,0,0	8.556139	1.0	4.2417517	3.1266801	4.2860713	4.644949	1.7801585	7.4242196
chr5	151820000	151825000	chr5	152505000	152510000	0,0,0	8.897699	1.0	3.5530095	3.2274804	4.421832	3.56176	1.2969869	6.430631
chr5	90815000	90820000	chr5	91420000	91425000	0,0,0	5.5501533	0.9982915	2.227737	3.8403118	4.040557	2.9591722	1.7047276	6.3727827
chr5	166960000	166965000	chr5	167565000	167570000	0,0,0	6.21183	0.9992378	2.3744187	4.461596	4.699666	3.2141218	1.7246542	7.179985
chr5	168265000	168270000	chr5	168485000	168490000	0,0,0	7.04617	1.0	3.1725068	3.1309054	3.9106545	3.5920165	1.3446707	6.3750434
chr5	127755000	127760000	chr5	128200000	128205000	0,0,0	8.518712	0.999969	3.8221834	5.859805	6.01381	5.173613	2.7175825	10.382329
chr5	147950000	147955000	chr5	148115000	148120000	0,0,0	6.6064215	0.99970835	3.3818245	3.281764	4.567767	5.2236905	1.5239259	8.140814
chr5	145700000	145705000	chr5	146050000	146055000	0,0,0	5.399086	0.9961199	2.8031273	2.1845076	3.0791643	3.610684	1.0208368	5.552469
chr5	64635000	64640000	chr5	64785000	64790000	0,0,0	6.955662	1.0	3.685751	2.10238	3.8244743	4.768897	1.4552051	6.6376796
chr5	115630000	115635000	chr5	115830000	115835000	0,0,0	8.981181	1.0	4.2891693	2.4834435	4.8063245	5.201662	1.5432647	7.4091673
chr5	94520000	94525000	chr5	94735000	94740000	0,0,0	5.0431585	0.9955991	2.1586096	3.0122619	3.3435798	2.7489433	1.2136079	5.4265094
chr5	163560000	163565000	chr5	164500000	164505000	0,0,0	7.7075057	0.99972004	4.2186337	2.8834271	4.3451114	5.6187572	1.7566063	8.181804
chr5	175725000	175730000	chr5	175900000	175905000	0,0,0	8.808912	1.0	3.933069	2.8634171	5.033909	4.930624	1.794012	7.4758835
chr5	68285000	68290000	chr5	68455000	68460000	0,0,0	6.1992984	0.9982367	2.6806524	3.083699	4.0819244	3.6001832	1.5862304	6.341249
chr5	6775000	6780000	chr5	7740000	7745000	0,0,0	5.1244044	1.0	2.5957294	2.438975	2.4552824	2.5980933	1.2196617	4.766071
chr5	170265000	170270000	chr5	170420000	170425000	0,0,0	5.9434533	0.99833846	2.1968727	3.7364979	4.436134	3.0793517	1.4075905	6.400683
chr5	168990000	168995000	chr5	169580000	169585000	0,0,0	4.6720147	0.99712276	2.1743104	2.88722	3.4443336	3.2851114	1.3720746	5.851529
chr5	33995000	34000000	chr5	34450000	34455000	0,0,0	9.085432	1.0	4.5692096	2.1447906	3.2935367	3.7146955	1.0559663	5.6211762
chr5	71780000	71785000	chr5	72015000	72020000	0,0,0	6.2246733	0.9998883	2.3859608	5.2739754	6.132138	4.412563	1.8851302	9.100541
chr5	16695000	16700000	chr5	17190000	17195000	0,0,0	5.854973	0.99959385	2.2822402	4.483005	5.2045765	3.8247654	2.0345635	7.809659
chr5	53260000	53265000	chr5	53430000	53435000	0,0,0	4.7240653	0.9937241	2.2618206	2.2569394	3.0017865	3.0653925	1.0298926	5.071561
chr5	168985000	168990000	chr5	169195000	169200000	0,0,0	5.5389524	0.99772716	2.74105	2.3777244	3.6156995	3.9738252	1.3507723	6.0873585
chr5	80090000	80095000	chr5	80305000	80310000	0,0,0	11.171075	0.9999999	3.3860252	9.6187315	12.6105175	7.4477615	3.6179237	15.997745
chr5	82350000	82355000	chr5	83560000	83565000	0,0,0	7.066832	0.999997	2.9998481	6.500343	8.190546	6.9448028	2.792678	12.722885
chr5	68285000	68290000	chr5	69005000	69010000	0,0,0	6.9772534	0.9997834	3.1173327	4.4458756	5.0710607	4.486348	1.5601918	8.438237
chr5	50955000	50960000	chr5	52655000	52660000	0,0,0	7.6864557	0.99980295	3.39116	4.8147154	5.042999	4.253025	2.4486287	8.532772
chr5	50960000	50965000	chr5	52010000	52015000	0,0,0	8.219366	0.9999973	3.9827754	5.3979483	7.6404943	8.039904	3.5186274	12.838079
chr5	5140000	5145000	chr5	5415000	5420000	0,0,0	8.124055	1.0	2.9555447	4.1409125	5.885663	4.322851	1.8941011	8.003662
chr5	7390000	7395000	chr5	7745000	7750000	0,0,0	5.3432555	0.99749446	2.0519073	3.6832383	3.9234626	2.7158823	1.3408346	5.9898715
chr5	17215000	17220000	chr5	18280000	18285000	0,0,0	10.089035	1.0	4.340624	4.0954227	6.9316096	6.4457707	2.2547147	10.086146
chr5	145905000	145910000	chr5	146050000	146055000	0,0,0	7.401418	0.99965686	3.0355427	4.27617	5.215221	4.177183	1.7668892	7.978223
chr5	136250000	136255000	chr5	136775000	136780000	0,0,0	7.643529	1.0	3.6956737	3.5465019	4.2782335	4.3460574	1.9751043	7.4985037
chr5	43725000	43730000	chr5	44330000	44335000	0,0,0	6.9953275	0.9999767	2.8151333	5.46772	7.2278495	5.808847	2.2563715	10.669043
chr5	90930000	90935000	chr5	91415000	91420000	0,0,0	8.502199	0.99998194	2.8119369	6.717225	8.063733	4.9519405	2.572082	10.922808
chr5	112550000	112555000	chr5	112845000	112850000	0,0,0	4.3709965	0.98778564	2.580329	1.5192049	2.060467	3.055197	1.0765766	4.4056015
chr5	37410000	37415000	chr5	38190000	38195000	0,0,0	10.947725	1.0	3.9482718	6.2875614	7.7851963	5.351106	2.6660044	10.940049
chr5	80710000	80715000	chr5	81105000	81110000	0,0,0	4.8079376	0.9993128	2.1898708	3.2595892	4.567364	4.3862643	1.5556618	7.2836766
chr5	90440000	90445000	chr5	90785000	90790000	0,0,0	6.1600227	1.0	3.2883282	2.2320497	2.842246	3.4500806	1.2613723	5.434125
chr5	102580000	102585000	chr5	103040000	103045000	0,0,0	4.553343	0.9979298	2.227149	2.5964746	3.6355195	3.872787	1.2602506	6.1807647
chr5	32230000	32235000	chr5	32610000	32615000	0,0,0	8.496463	1.0	2.6410942	4.8649015	5.6997633	3.2278292	1.6909859	7.5521865
chr5	53170000	53175000	chr5	54225000	54230000	0,0,0	7.2397566	0.99994123	3.3435564	4.562053	5.911285	5.6873136	2.602809	9.742472
chr5	112550000	112555000	chr5	112755000	112760000	0,0,0	9.515748	0.99997675	3.1794007	5.558881	8.321383	5.728152	2.1156104	10.669379
chr5	140070000	140075000	chr5	140150000	140155000	0,0,0	5.216747	1.0	3.4414473	1.408354	2.0447586	3.9179165	0.78507686	5.169787
chr5	146540000	146545000	chr5	146965000	146970000	0,0,0	9.102365	0.9999995	5.172935	5.435387	7.0669017	9.674542	2.668556	14.505998
chr5	159155000	159160000	chr5	159985000	159990000	0,0,0	11.554948	1.0	5.6483927	2.5507863	2.7932107	2.8266363	1.40659	5.0940022
chr5	148180000	148185000	chr5	148725000	148730000	0,0,0	7.509008	0.99949485	3.6627378	2.7503128	4.700654	5.1467657	2.090043	7.5914884
chr5	79020000	79025000	chr5	79130000	79135000	0,0,0	8.338533	1.0	2.9308681	3.9495194	5.3110394	3.679451	1.4590743	7.1901345
chr5	67155000	67160000	chr5	67205000	67210000	0,0,0	6.4107327	0.9996338	2.204787	4.7093153	5.757259	3.7270563	1.8045366	7.9131145
chr5	62455000	62460000	chr5	62775000	62780000	0,0,0	7.633129	1.0	3.9375274	2.1731408	3.1497838	3.6683414	1.2416888	5.600022
chr5	170810000	170815000	chr5	171340000	171345000	0,0,0	4.6642637	0.99288136	2.0746114	2.7604146	2.910145	2.4918487	1.340784	4.9455504
chr5	39375000	39380000	chr5	39545000	39550000	0,0,0	8.795656	1.0	3.5589778	4.2417336	5.8490767	4.7969413	1.5817866	8.56737
chr5	95860000	95865000	chr5	96335000	96340000	0,0,0	10.54601	0.99999523	5.0584297	4.833423	7.5473466	7.9589148	3.177694	12.25529
chr5	113335000	113340000	chr5	113510000	113515000	0,0,0	7.482928	0.99983203	2.1607494	5.6272225	6.8468466	3.690827	2.0044541	8.692802
chr5	127750000	127755000	chr5	128845000	128850000	0,0,0	5.5755315	1.0	2.447481	3.1208441	3.3258874	2.7999997	1.5554364	5.5740833
chr5	114800000	114805000	chr5	115070000	115075000	0,0,0	4.5465417	1.0	2.301739	2.0815067	2.2228951	2.3802187	1.0848676	4.230447
chr5	154465000	154470000	chr5	154610000	154615000	0,0,0	13.007534	1.0	4.8440375	5.5432706	7.7836714	5.8365483	2.001437	10.7639
chr5	170100000	170105000	chr5	170180000	170185000	0,0,0	9.1161585	1.0	3.342606	5.328647	5.9660006	3.9846163	2.1889763	8.721191
chr5	16935000	16940000	chr5	17185000	17190000	0,0,0	4.5401134	0.99426085	2.107535	2.3818042	3.1297793	3.043819	1.1852115	5.1609783
chr5	147885000	147890000	chr5	147930000	147935000	0,0,0	5.2184668	0.9982527	2.0709937	3.2684565	4.3503704	3.445029	1.2592868	6.3503237
chr5	138640000	138645000	chr5	139260000	139265000	0,0,0	7.206478	0.99995744	2.6548038	6.0790634	6.8942003	4.662096	2.8100266	10.065707
chr5	79135000	79140000	chr5	79465000	79470000	0,0,0	5.2414193	0.9951243	2.4438913	2.5694337	3.1553242	3.0401013	1.4118007	5.3240423
chr5	157325000	157330000	chr5	157740000	157745000	0,0,0	9.054699	1.0	2.7505727	5.0085187	6.554889	3.8755178	1.7949841	8.327535
chr5	59385000	59390000	chr5	59670000	59675000	0,0,0	6.405446	0.99883604	3.1982894	2.1738083	4.199029	4.824366	1.4546226	6.7566404
chr5	149125000	149130000	chr5	149265000	149270000	0,0,0	6.458571	1.0	2.7865894	3.3646035	3.490699	2.8323984	1.2160934	5.823157
chr5	140765000	140770000	chr5	141255000	141260000	0,0,0	4.6214843	0.99499094	2.1679723	2.8441944	2.9719214	2.7688901	1.3085243	5.297063
chr5	129770000	129775000	chr5	131105000	131110000	0,0,0	11.46608	1.0	4.0662003	5.680137	8.2170725	5.916102	2.969294	10.965114
chr5	146530000	146535000	chr5	147185000	147190000	0,0,0	8.942221	0.9999786	4.689777	4.497071	5.74217	6.7566495	2.524912	10.754046
chr5	58495000	58500000	chr5	58850000	58855000	0,0,0	14.439623	1.0	6.9910884	4.3441243	6.62149	7.048671	1.9696971	10.910114
chr5	36505000	36510000	chr5	36690000	36695000	0,0,0	5.517184	1.0	2.9547317	2.0704064	2.769457	3.4023702	1.3557644	5.2427316
chr5	112990000	112995000	chr5	113505000	113510000	0,0,0	6.0507607	0.9996416	2.9251595	3.4396942	4.6844983	4.8772044	1.7900323	7.9347105
chr5	95855000	95860000	chr5	96600000	96605000	0,0,0	7.61721	1.0	3.586054	2.379171	4.082745	4.2611904	1.1630615	6.376009
chr5	128210000	128215000	chr5	128840000	128845000	0,0,0	10.640237	1.0	4.76789	3.9076905	5.8152366	5.535761	2.0401099	9.009263
chr5	154650000	154655000	chr5	154935000	154940000	0,0,0	6.069589	1.0	2.4169383	3.438771	3.5488753	2.546028	1.2025989	5.602713
chr5	108640000	108645000	chr5	109475000	109480000	0,0,0	6.402102	0.9999213	2.6564915	5.1208453	6.0793962	4.899285	2.2884016	9.451147
chr5	140240000	140245000	chr5	140350000	140355000	0,0,0	11.132579	0.99998873	4.453443	5.22157	8.072182	6.7544713	2.0102718	11.395866
chr5	133110000	133115000	chr5	133460000	133465000	0,0,0	9.4491415	0.9999872	3.5107327	6.68132	7.720501	5.3253164	2.2135026	11.264268
chr5	72365000	72370000	chr5	72820000	72825000	0,0,0	5.556217	0.9981328	2.4916892	2.913076	3.9589665	3.694574	1.267047	6.283975
chr5	147225000	147230000	chr5	147365000	147370000	0,0,0	4.2688055	1.0	2.3384926	1.6909069	2.0942602	2.6576452	0.8085703	4.1606736
chr5	167580000	167585000	chr5	168045000	168050000	0,0,0	5.878465	0.9990201	2.8460336	3.3764353	3.8965192	3.9274864	1.8131812	6.9287624
chr5	95660000	95665000	chr5	95730000	95735000	0,0,0	4.5595264	0.995634	2.319383	2.3560774	2.9938557	3.3401794	1.2043027	5.4344707
chr5	142715000	142720000	chr5	142880000	142885000	0,0,0	9.875178	0.99999046	4.4744186	4.494197	7.6353054	7.569814	2.1208532	11.564655
chr5	131425000	131430000	chr5	132005000	132010000	0,0,0	7.0505633	0.99986917	2.3406112	5.036774	6.815483	4.4651647	2.1178262	8.942297
chr5	126675000	126680000	chr5	126780000	126785000	0,0,0	5.148159	1.0	2.6948807	1.9318156	2.3075154	2.6791306	1.1044664	4.3963
chr5	122515000	122520000	chr5	123610000	123615000	0,0,0	6.980639	1.0	3.5357897	2.7605934	2.876029	3.0661478	1.8340772	5.5200086
chr5	144200000	144205000	chr5	145235000	145240000	0,0,0	5.583876	1.0	2.6874514	2.6622858	3.1595278	3.1742249	1.3566543	5.540701
chr5	32485000	32490000	chr5	32610000	32615000	0,0,0	5.140972	1.0	2.7345457	1.3103565	2.2444339	2.799776	0.8387953	3.9645374
chr5	36265000	36270000	chr5	36690000	36695000	0,0,0	9.426936	1.0	3.284421	5.0086603	6.552722	4.443784	1.8276197	8.895926
chr5	159515000	159520000	chr5	159980000	159985000	0,0,0	6.880302	0.9998899	3.4449844	4.732113	4.7451267	4.9087987	2.2566805	9.115121
chr5	127875000	127880000	chr5	128205000	128210000	0,0,0	5.842581	0.9982092	2.6606593	3.2208436	3.7724798	3.4627733	1.3848339	6.325745
chr5	90440000	90445000	chr5	90595000	90600000	0,0,0	4.5364637	1.0	2.5476878	1.5698884	2.2919135	3.0963285	0.7072763	4.491785
chr5	136245000	136250000	chr5	136425000	136430000	0,0,0	6.1882653	1.0	2.8984802	1.8723886	2.7836874	2.8139272	0.9351826	4.4782724
chr5	158695000	158700000	chr5	159105000	159110000	0,0,0	8.227611	0.99986964	4.144586	3.4229996	5.225231	5.9032845	2.2236857	8.9459505
chr5	150160000	150165000	chr5	150215000	150220000	0,0,0	5.3314843	0.999092	2.1115644	3.7688627	4.725908	3.654878	1.4347391	7.004978
chr5	53170000	53175000	chr5	53425000	53430000	0,0,0	4.824255	1.0	2.0473866	2.5301776	2.8382328	2.3133225	0.9844247	4.5623693
chr5	96610000	96615000	chr5	96745000	96750000	0,0,0	4.363688	1.0	2.0718277	1.9234715	2.303036	2.2685547	0.9347677	3.9783072
chr5	76865000	76870000	chr5	77015000	77020000	0,0,0	5.3843846	1.0	2.8145218	1.9968288	2.802221	3.3214273	1.1026934	5.0963864
chr5	176415000	176420000	chr5	176575000	176580000	0,0,0	7.3083396	0.99981654	2.1999633	5.440856	6.6769986	3.7681665	2.0739357	8.604483
chr5	56265000	56270000	chr5	56840000	56845000	0,0,0	10.227741	0.99999994	5.123932	6.40928	9.879848	11.084021	3.7185364	16.781158
chr5	88725000	88730000	chr5	89725000	89730000	0,0,0	7.7919827	1.0	4.1513834	1.7983075	3.3214784	4.1828985	1.25388	5.7813945
chr5	16160000	16165000	chr5	16455000	16460000	0,0,0	7.778472	1.0	2.6878183	3.8965101	4.9855213	3.3170729	1.5457361	6.7806373
chr5	34485000	34490000	chr5	34895000	34900000	0,0,0	8.591283	0.99997574	4.6794553	3.7930245	5.664231	7.2557187	1.9309072	10.627296
chr5	66805000	66810000	chr5	67150000	67155000	0,0,0	6.086025	1.0	2.8677409	2.42201	3.4900072	3.5366883	1.4181925	5.6895857
chr5	138580000	138585000	chr5	139260000	139265000	0,0,0	6.9291673	0.9999247	2.6038427	5.0836287	6.7191844	4.9763327	2.7811947	9.495113
chr5	44535000	44540000	chr5	44770000	44775000	0,0,0	11.078999	0.9999954	3.9525437	7.127681	8.794719	5.9605923	2.7077465	12.2963085
chr5	131585000	131590000	chr5	132005000	132010000	0,0,0	6.547574	0.9997992	3.0538895	3.3231397	5.43676	5.5600834	1.7641771	8.513986
chr5	102680000	102685000	chr5	103040000	103045000	0,0,0	4.8235	0.9975894	2.3510642	2.242257	3.707149	4.035386	1.3914404	6.0285034
chr5	135560000	135565000	chr5	135830000	135835000	0,0,0	15.408326	1.0	4.4639854	9.140926	11.513273	6.366881	3.5971456	14.492149
chr5	150460000	150465000	chr5	150520000	150525000	0,0,0	4.8827806	1.0	2.6993349	1.6675545	2.3534436	3.0793266	1.0597103	4.5615973
chr5	146965000	146970000	chr5	147185000	147190000	0,0,0	8.171893	0.9997612	3.1073575	4.907982	5.622926	3.978168	1.8495878	8.340818
chr5	149135000	149140000	chr5	149230000	149235000	0,0,0	4.974142	1.0	3.1001785	1.448948	2.1173258	3.5396369	0.75413156	4.8275905
chr5	112995000	113000000	chr5	113600000	113605000	0,0,0	7.571502	0.99981904	3.1643405	4.312513	5.681872	4.784834	1.8542167	8.618178
chr5	149035000	149040000	chr5	149110000	149115000	0,0,0	4.9995985	1.0	2.3264601	1.8927829	2.8057833	2.8088746	1.1915423	4.4913483
chr5	103805000	103810000	chr5	104175000	104180000	0,0,0	10.011498	0.99999166	3.5045204	6.7674956	8.494716	5.681059	2.458914	11.69661
chr5	80345000	80350000	chr5	80670000	80675000	0,0,0	7.2732825	1.0	2.9862134	3.3192635	3.4987473	2.6505132	1.1798084	5.60097
chr5	690000	695000	chr5	780000	785000	0,0,0	15.178797	1.0	3.617916	23.964746	30.64248	14.515011	11.968551	35.81701
chr5	146145000	146150000	chr5	146430000	146435000	0,0,0	4.538811	1.0	2.4043581	1.827754	2.0795884	2.449224	0.8494581	4.0738945
chr5	179165000	179170000	chr5	179490000	179495000	0,0,0	9.156148	1.0	3.811558	4.524063	5.96524	4.9991856	2.4110446	9.020576
chr5	1760000	1765000	chr5	2015000	2020000	0,0,0	7.990837	1.0	3.4195595	3.1856358	4.4108124	3.88491	1.1750205	6.716586
chr5	130110000	130115000	chr5	130715000	130720000	0,0,0	4.4730153	0.99831367	2.0995166	2.9000206	3.8445194	3.8080537	2.0566454	6.38585
chr5	139420000	139425000	chr5	139510000	139515000	0,0,0	9.601487	1.0	3.9846387	4.1234713	6.5609107	5.768051	2.1155121	9.433359
chr5	115630000	115635000	chr5	116065000	116070000	0,0,0	15.647056	1.0	6.281631	5.2677035	8.335464	7.046694	2.611047	11.729097
chr5	88730000	88735000	chr5	88880000	88885000	0,0,0	6.551608	1.0	3.01629	2.4332652	3.180157	3.0518675	1.0036205	5.21477
chr5	149315000	149320000	chr5	149560000	149565000	0,0,0	7.84552	0.9997552	3.0033627	3.928039	6.055576	4.8244247	1.8107295	8.316015
chr5	72605000	72610000	chr5	72815000	72820000	0,0,0	5.4018083	0.99927837	2.280967	3.7225735	4.6696725	3.9258106	1.6754616	7.234765
chr5	153975000	153980000	chr5	154470000	154475000	0,0,0	6.792665	1.0	2.4676032	3.474869	3.927526	2.6053228	1.3870825	5.694095
chr5	149635000	149640000	chr5	149990000	149995000	0,0,0	6.930943	1.0	3.607919	2.4540584	3.6584926	4.3401494	1.2170675	6.521535
chr5	122190000	122195000	chr5	122490000	122495000	0,0,0	8.474719	0.999884	4.287429	3.2372136	5.378148	6.185412	1.6355183	9.062936
chr5	174330000	174335000	chr5	174410000	174415000	0,0,0	5.8029294	1.0	3.2027712	1.7648629	2.093868	2.6823606	0.83070177	4.2511277
chr5	77555000	77560000	chr5	78160000	78165000	0,0,0	5.3741865	0.99762815	2.4884424	3.121313	3.5108972	3.270216	1.5393119	6.0447164
chr5	137625000	137630000	chr5	137740000	137745000	0,0,0	7.778175	1.0	2.682305	4.03013	5.029325	3.2991567	1.4952123	6.881494
chr5	177115000	177120000	chr5	177310000	177315000	0,0,0	4.6246133	0.9953642	2.408064	2.1691036	2.9403906	3.446403	1.0337334	5.374495
chr5	62225000	62230000	chr5	62355000	62360000	0,0,0	8.885212	1.0	3.5858836	4.1278334	5.0959196	4.013801	1.8946283	7.6829863
chr5	65100000	65105000	chr5	65480000	65485000	0,0,0	4.392679	0.99678797	2.672047	2.0496936	2.4891376	3.9194956	1.3261629	5.741445
chr5	111685000	111690000	chr5	112145000	112150000	0,0,0	6.3030477	0.99924254	2.507588	4.248011	4.6374617	3.4103196	1.9737484	7.1863294
chr5	160205000	160210000	chr5	160340000	160345000	0,0,0	4.7499843	0.99798715	2.5009491	3.0155756	3.0856316	3.52835	1.6218629	6.208862
chr5	151445000	151450000	chr5	151740000	151745000	0,0,0	6.607792	1.0	2.176382	4.0465503	4.2763352	2.4149165	1.5030836	6.0118504
chr5	54905000	54910000	chr5	55145000	55150000	0,0,0	11.233151	1.0	5.5608764	3.8935866	6.0772433	6.7089453	1.7379657	10.169911
chr5	57495000	57500000	chr5	57775000	57780000	0,0,0	4.5036893	1.0	2.390924	2.0518599	2.261284	2.6607394	1.0554622	4.484615
chr5	75235000	75240000	chr5	75680000	75685000	0,0,0	5.56173	1.0	2.2833202	3.147408	3.4117355	2.615205	1.722982	5.412901
chr5	135885000	135890000	chr5	136210000	136215000	0,0,0	5.0746913	0.9994324	2.7897513	1.9383478	4.289671	5.751918	1.576808	7.474894
chr5	53475000	53480000	chr5	54215000	54220000	0,0,0	6.4537063	0.99899536	2.7239292	3.94111	4.2637277	3.4006643	1.536988	6.903873
chr5	72135000	72140000	chr5	72265000	72270000	0,0,0	6.236162	0.9992218	3.0037196	3.5483913	4.0240993	4.0051136	1.8109553	7.15924
chr5	78895000	78900000	chr5	78965000	78970000	0,0,0	5.387433	1.0	2.8823843	1.6318071	2.9560184	3.741191	1.2206873	5.191686
chr5	78465000	78470000	chr5	78965000	78970000	0,0,0	7.2704678	0.99942195	2.555548	4.071499	5.5199957	3.8375664	1.6991388	7.4566765
chr5	151825000	151830000	chr5	152270000	152275000	0,0,0	4.911934	1.0	2.8981557	1.2682112	2.3812742	3.5799031	0.6634305	4.707202
chr5	35090000	35095000	chr5	35180000	35185000	0,0,0	8.821402	1.0	3.139822	4.9056754	6.0954847	4.1337337	1.9077467	8.494334
chr5	39710000	39715000	chr5	40685000	40690000	0,0,0	7.1181746	0.9999963	2.4638605	7.180607	9.185681	6.122343	3.036249	12.505105
chr5	164010000	164015000	chr5	164470000	164475000	0,0,0	4.2845993	0.9995939	2.318109	3.0962608	4.052548	5.057552	1.4024665	7.8097835
chr5	148175000	148180000	chr5	148375000	148380000	0,0,0	6.7579613	0.99892753	2.7197623	3.2541902	4.7578106	3.945911	1.3140863	6.838525
chr5	6290000	6295000	chr5	6575000	6580000	0,0,0	4.8080525	0.9926766	2.0808983	2.762372	2.9767194	2.461751	1.2530819	4.917193
chr5	153975000	153980000	chr5	154635000	154640000	0,0,0	10.398719	1.0	3.8796253	4.2500954	5.725913	4.236988	2.1667576	8.014851
chr5	82640000	82645000	chr5	83565000	83570000	0,0,0	5.1603374	0.99890167	2.8743296	2.1392846	3.6473465	4.91309	1.435414	6.8146763
chr5	87780000	87785000	chr5	88690000	88695000	0,0,0	14.874531	1.0	6.7768364	7.305236	11.572328	11.404996	3.8391764	17.898539
chr5	77560000	77565000	chr5	78265000	78270000	0,0,0	6.4344077	0.9993442	2.8748322	3.5701876	4.5513134	4.156997	1.841228	7.3304973
chr5	34520000	34525000	chr5	34895000	34900000	0,0,0	8.962432	0.9999984	4.527885	4.7439957	7.95104	9.135665	2.5591185	13.35255
chr5	141415000	141420000	chr5	141555000	141560000	0,0,0	5.430539	0.9985238	2.7917695	2.6151602	3.6418657	4.19437	1.56267	6.5189567
chr5	13975000	13980000	chr5	14645000	14650000	0,0,0	9.413149	1.0	4.665737	4.0213537	4.462686	4.640093	1.8607239	8.214629
chr5	13985000	13990000	chr5	14355000	14360000	0,0,0	7.816911	0.9998668	3.6096272	4.6423273	5.184086	4.797875	1.8964558	8.924388
chr5	95640000	95645000	chr5	95845000	95850000	0,0,0	12.772197	0.9999976	4.99746	6.511442	9.061071	7.1616845	2.7562919	12.949634
chr5	154650000	154655000	chr5	155000000	155005000	0,0,0	6.229971	1.0	3.3059661	2.121806	3.1409745	3.8436422	1.0743314	5.729692
chr5	154185000	154190000	chr5	154400000	154405000	0,0,0	4.9690166	0.9969635	2.218606	2.7877026	3.620316	3.3196893	1.2042437	5.797647
chr5	41265000	41270000	chr5	41645000	41650000	0,0,0	4.410398	0.9960128	2.1357203	2.346332	3.279433	3.439615	1.0281392	5.5252438
chr5	74400000	74405000	chr5	74635000	74640000	0,0,0	8.647704	1.0	4.4449472	4.199139	4.3010855	4.6963325	1.9822284	8.428901
chr5	149635000	149640000	chr5	149825000	149830000	0,0,0	15.930175	1.0	5.334069	9.010897	11.9938545	7.8655343	3.2690308	15.875221
chr5	41855000	41860000	chr5	42770000	42775000	0,0,0	9.167312	0.99991924	2.8261025	5.998231	7.187525	4.093229	2.7909863	9.42499
chr5	134180000	134185000	chr5	134285000	134290000	0,0,0	12.04227	1.0	5.1972814	4.3022847	7.176847	6.6785126	2.1037328	10.502766
chr5	142150000	142155000	chr5	142545000	142550000	0,0,0	14.498396	1.0	5.174946	10.205003	14.606474	10.543842	4.304123	19.614956
chr5	128210000	128215000	chr5	128495000	128500000	0,0,0	8.254693	1.0	3.7977433	3.4414346	4.983285	4.887474	1.7730705	7.946527
chr5	132415000	132420000	chr5	132495000	132500000	0,0,0	5.4621954	0.99654317	2.5187204	2.760273	3.3923202	3.2144108	1.0612429	5.667987
chr5	150270000	150275000	chr5	150350000	150355000	0,0,0	7.023164	0.9997961	2.2175486	5.6902776	6.241255	3.4407313	2.0559838	8.498755
chr5	79560000	79565000	chr5	80080000	80085000	0,0,0	8.278438	1.0	3.9054923	1.7362068	3.160472	3.3376706	0.860695	4.880965
chr5	55705000	55710000	chr5	56200000	56205000	0,0,0	8.226732	1.0	3.3077374	4.0710907	4.1692314	3.0226133	1.5007435	6.6413608
chr5	127755000	127760000	chr5	127870000	127875000	0,0,0	5.575972	1.0	2.7631493	1.5504789	3.3702059	3.8811145	0.72279257	5.259318
chr5	56900000	56905000	chr5	57140000	57145000	0,0,0	6.772265	0.99996793	3.2771354	3.901393	6.393933	6.8801255	2.492624	10.348031
chr5	180870000	180875000	chr5	181150000	181155000	0,0,0	5.756928	0.9970434	2.1718047	3.1111503	4.111743	3.0588398	1.2488679	5.824307
chr5	75735000	75740000	chr5	76255000	76260000	0,0,0	8.127177	1.0	3.8936224	3.3723898	4.6038556	4.7303476	1.478038	7.728027
chr5	81425000	81430000	chr5	82225000	82230000	0,0,0	7.5030255	0.9999005	2.898533	4.4503465	6.6126285	5.2609096	2.465116	9.216773
chr5	1170000	1175000	chr5	1640000	1645000	0,0,0	10.795779	1.0	3.6965752	5.933967	6.924323	4.3520737	2.978113	9.626711
chr5	39580000	39585000	chr5	40685000	40690000	0,0,0	7.407489	0.999989	3.1753955	5.369578	7.5064125	6.64323	2.6262515	11.416188
chr5	68285000	68290000	chr5	68645000	68650000	0,0,0	6.2727327	1.0	2.6955879	3.1548777	3.3669503	2.7446406	1.2811575	5.5489764
chr5	73080000	73085000	chr5	73450000	73455000	0,0,0	6.898846	0.99996626	2.4350598	5.9964414	7.413006	4.967879	2.4882114	10.298049
chr5	7260000	7265000	chr5	7390000	7395000	0,0,0	5.638789	1.0	2.3572788	2.8928611	3.5219963	2.8925712	1.203708	5.464003
chr5	110755000	110760000	chr5	111060000	111065000	0,0,0	4.606691	0.9924166	2.196121	2.5318923	2.7259114	2.6317277	0.9122387	4.882299
chr5	154070000	154075000	chr5	154180000	154185000	0,0,0	7.0092216	1.0	2.6436985	3.426219	4.383182	3.2188675	1.3733257	6.264395
chr5	53120000	53125000	chr5	54225000	54230000	0,0,0	5.560004	0.99865913	2.7713175	3.309809	3.5293157	3.6730847	1.4062028	6.6151366
chr5	39575000	39580000	chr5	40735000	40740000	0,0,0	5.5421624	0.9996339	2.7918952	2.9818273	4.6450562	5.262968	2.1201007	7.9134808
chr5	151005000	151010000	chr5	151105000	151110000	0,0,0	4.38419	1.0	2.1072528	2.175536	2.3816261	2.3415427	0.89491385	4.2753525
chr5	150130000	150135000	chr5	150435000	150440000	0,0,0	7.556907	1.0	3.3549507	3.1989517	3.4939506	3.018983	1.2571177	5.8624954
chr5	124655000	124660000	chr5	124745000	124750000	0,0,0	7.087131	1.0	2.723364	3.51861	4.6575756	3.542147	1.6981374	6.6698003
chr5	142750000	142755000	chr5	142880000	142885000	0,0,0	9.372783	1.0	5.40048	2.9693277	4.622731	6.5833845	1.991355	9.222787
chr5	172715000	172720000	chr5	172930000	172935000	0,0,0	15.865671	1.0	6.3512588	7.755453	10.281421	8.217275	3.8477683	15.1110115
chr5	57885000	57890000	chr5	58460000	58465000	0,0,0	6.9433384	0.99997354	2.6412432	5.8643975	7.2733517	5.328757	2.4255114	10.541555
chr5	88725000	88730000	chr5	90180000	90185000	0,0,0	8.728193	1.0	3.9855719	3.4897244	4.424168	4.1641464	1.3588636	7.266124
chr5	177400000	177405000	chr5	177500000	177505000	0,0,0	5.46212	1.0	2.2103329	2.8597944	3.3032312	2.546198	1.0776861	5.0882373
chr5	16485000	16490000	chr5	17200000	17205000	0,0,0	7.7826085	1.0	3.9170847	3.5152884	4.0347757	4.3390446	2.1026528	7.4637456
chr5	55935000	55940000	chr5	56200000	56205000	0,0,0	12.966586	0.99999994	4.69986	9.432113	12.33985	8.737598	3.2482584	17.1217
chr5	43730000	43735000	chr5	44770000	44775000	0,0,0	6.0279593	0.99906605	2.597857	3.0664177	4.6699457	4.2510886	1.6263182	6.9767933
chr5	17210000	17215000	chr5	18310000	18315000	0,0,0	18.2452	1.0	8.873952	5.437569	8.511484	9.159945	2.9102435	13.993339
chr5	122190000	122195000	chr5	122415000	122420000	0,0,0	8.788102	0.9999247	3.7621691	4.4108562	6.279769	5.5747933	2.2988677	9.495555
chr5	90865000	90870000	chr5	91225000	91230000	0,0,0	4.84415	0.9923691	2.438176	1.9326177	2.8177881	3.1581762	1.094696	4.8760586
chr5	35230000	35235000	chr5	35925000	35930000	0,0,0	9.414352	1.0	3.4558654	5.2657595	5.5363126	3.5799625	2.0085285	8.260637
chr5	146540000	146545000	chr5	147370000	147375000	0,0,0	5.1152744	1.0	2.7280462	2.0506427	2.2768645	2.7057283	1.0004293	4.528522
chr5	77135000	77140000	chr5	77495000	77500000	0,0,0	5.993902	0.9987799	2.8680108	3.5041826	3.7152414	3.5946894	1.3772074	6.709518
chr5	73900000	73905000	chr5	74900000	74905000	0,0,0	7.163778	0.9995909	3.1909437	4.4072204	4.5571713	3.8846974	2.1774867	7.8022265
chr5	159440000	159445000	chr5	159990000	159995000	0,0,0	7.431289	0.99997145	3.9944317	4.0158644	5.5549817	6.896129	2.7163262	10.465786
chr5	150130000	150135000	chr5	150215000	150220000	0,0,0	4.770642	1.0	2.240335	2.072768	2.8302512	2.8232398	0.98910797	4.6657
chr5	127745000	127750000	chr5	128495000	128500000	0,0,0	9.19959	1.0	3.3478773	4.508538	6.360278	4.6599913	2.426083	8.667581
chr5	147225000	147230000	chr5	147575000	147580000	0,0,0	8.43547	1.0	3.7939591	2.6319292	4.3335195	4.231617	1.2521441	6.57111
chr5	14360000	14365000	chr5	14650000	14655000	0,0,0	6.426323	0.99952734	3.1970892	3.641783	4.1917725	4.420765	1.6156029	7.6579056
chr5	81505000	81510000	chr5	82225000	82230000	0,0,0	6.6077223	0.99977386	2.7517045	3.8609588	5.7243752	4.963211	1.5325359	8.395174
chr5	55165000	55170000	chr5	55690000	55695000	0,0,0	8.753304	1.0	3.9215364	4.019323	5.501477	5.1359363	2.2315736	8.708668
chr5	40900000	40905000	chr5	41640000	41645000	0,0,0	5.9044466	0.9998277	2.6250646	3.7768779	5.633159	5.309945	1.8507168	8.66717
chr5	132060000	132065000	chr5	132135000	132140000	0,0,0	4.8508387	1.0	2.4708269	1.9293777	2.3089976	2.5552623	1.0905204	4.2702646
chr5	73215000	73220000	chr5	73435000	73440000	0,0,0	8.213016	0.9998867	3.627544	4.268552	5.792383	5.2920675	1.9787632	9.086335
chr5	59805000	59810000	chr5	60665000	60670000	0,0,0	9.711076	1.0	3.423943	5.5326834	5.666095	3.4178681	1.8534576	8.335809
chr5	158175000	158180000	chr5	159095000	159100000	0,0,0	5.3786454	0.9982498	2.8517132	2.3857145	3.467563	4.2280583	1.292348	6.3486934
chr5	139630000	139635000	chr5	139765000	139770000	0,0,0	10.238673	1.0	4.155046	3.557781	5.974421	5.1887174	1.5072651	8.35119
chr5	36410000	36415000	chr5	36690000	36695000	0,0,0	11.9906645	0.99999887	4.733885	6.611537	9.623891	7.796157	3.2761283	13.6730795
chr5	132385000	132390000	chr5	132500000	132505000	0,0,0	8.93146	1.0	3.6541235	3.9233422	5.7454615	4.860548	2.151644	8.347963
chr5	142170000	142175000	chr5	142315000	142320000	0,0,0	4.6780396	1.0	2.3179512	2.3492703	2.3541722	2.3883111	1.2754581	4.4765515
chr5	148740000	148745000	chr5	149115000	149120000	0,0,0	7.8890243	0.9998398	4.499149	3.0184364	4.3586345	6.056689	2.3571088	8.739743
chr5	148740000	148745000	chr5	149265000	149270000	0,0,0	5.322089	1.0	3.3688416	1.1672379	1.684549	2.917762	0.7067688	3.9553068
chr5	31925000	31930000	chr5	32075000	32080000	0,0,0	6.888749	0.9994816	2.2092662	4.813064	5.6235247	3.2872803	1.673034	7.56556
chr5	315000	320000	chr5	425000	430000	0,0,0	6.519408	1.0	2.9036088	2.8036568	3.282387	2.9131722	1.1183771	5.4053116
chr5	55340000	55345000	chr5	55690000	55695000	0,0,0	11.091013	0.9999995	4.6045947	7.4403625	9.620878	7.9857965	3.4704301	14.599452
chr5	134920000	134925000	chr5	135195000	135200000	0,0,0	5.5164313	0.99653995	2.9040656	2.4368827	2.974839	3.5009468	1.0075014	5.6670647
chr5	115310000	115315000	chr5	115570000	115575000	0,0,0	11.720069	0.99999994	5.184188	7.615354	11.1743355	10.424765	3.6566467	17.193968
chr5	174420000	174425000	chr5	174795000	174800000	0,0,0	5.780678	0.9997948	2.24215	4.7238426	5.7605443	4.2933025	2.0678952	8.492274
chr5	39715000	39720000	chr5	40735000	40740000	0,0,0	4.9447036	0.99945676	2.4467819	2.6579764	4.605824	5.156152	1.5410323	7.5187974
chr5	74675000	74680000	chr5	74915000	74920000	0,0,0	10.72855	1.0	5.31719	3.1839046	4.7443132	5.2097125	2.1132898	8.03985
chr5	33430000	33435000	chr5	33930000	33935000	0,0,0	9.686582	0.99998754	3.581395	5.399021	8.424753	6.4968233	2.5076368	11.295953
chr5	176235000	176240000	chr5	177670000	177675000	0,0,0	91.478264	1.0	21.597721	38.577457	51.6386	25.132013	17.049723	59.423088
chr5	39600000	39605000	chr5	39690000	39695000	0,0,0	4.576099	1.0	2.1248164	1.932869	2.2843213	2.165779	0.9631994	3.883885
chr5	151655000	151660000	chr5	151740000	151745000	0,0,0	12.763763	1.0	3.9839268	6.534416	8.739356	5.3626027	2.5381303	11.170973
chr5	88725000	88730000	chr5	89390000	89395000	0,0,0	6.0669656	1.0	2.9261906	1.836252	2.402839	2.4733982	0.68104714	4.1056223
chr5	920000	925000	chr5	1165000	1170000	0,0,0	9.514773	1.0	4.554799	3.5446339	4.613112	4.6887264	1.6043978	7.839512
chr5	139420000	139425000	chr5	139765000	139770000	0,0,0	7.9841657	1.0	3.4005296	2.483869	2.8826377	2.390216	1.4331319	4.5980997
chr5	160030000	160035000	chr5	160200000	160205000	0,0,0	4.2368364	0.98900795	2.0067933	2.3614714	2.5292246	2.4119647	1.2108963	4.51105
chr5	151825000	151830000	chr5	152140000	152145000	0,0,0	9.106837	0.9999286	3.7586794	4.4477324	6.537172	5.594162	1.9248198	9.547702
chr5	87420000	87425000	chr5	88690000	88695000	0,0,0	12.836113	1.0	5.713165	4.0266294	5.409528	4.981764	2.0328887	8.56099
chr5	53420000	53425000	chr5	54215000	54220000	0,0,0	4.8976746	0.9971502	2.583498	2.2753437	3.1895165	3.8385735	1.3547947	5.861101
chr5	58890000	58895000	chr5	59170000	59175000	0,0,0	6.8289113	1.0	3.0656214	2.8445387	4.247056	4.055601	1.5218837	6.5840807
chr5	167725000	167730000	chr5	168045000	168050000	0,0,0	5.043738	0.9977439	2.1632829	3.11352	3.8818016	3.3271706	1.6928767	6.0947437
chr5	141690000	141695000	chr5	141960000	141965000	0,0,0	10.661839	0.999998	4.1704383	6.7847996	9.07303	7.072375	2.7140512	13.103309
chr5	126350000	126355000	chr5	126540000	126545000	0,0,0	11.538341	0.9999992	4.6280346	7.4022503	9.491115	7.5178027	3.6424487	14.09758
chr5	167580000	167585000	chr5	168220000	168225000	0,0,0	10.683829	1.0	4.156917	3.869408	4.3592052	3.1540797	1.5201195	6.5935535
chr5	108915000	108920000	chr5	109480000	109485000	0,0,0	4.8602633	0.9960698	2.2516456	2.8128533	3.239276	3.0393155	1.3078601	5.5396295
chr5	160510000	160515000	chr5	160785000	160790000	0,0,0	4.4027805	1.0	2.0561361	2.1632617	2.3873103	2.2425003	0.92813224	4.1653996
chr5	176670000	176675000	chr5	176950000	176955000	0,0,0	6.497237	0.9987665	2.35461	4.447377	4.449733	2.7453349	1.5162959	6.6985593
chr5	142915000	142920000	chr5	143965000	143970000	0,0,0	9.272483	1.0	3.856128	3.6916935	4.9038506	4.11375	2.11692	7.3952556
chr5	88265000	88270000	chr5	88670000	88675000	0,0,0	4.2219124	1.0	2.2985368	1.6278077	2.1718736	2.7475815	1.0366173	4.194522
chr5	81750000	81755000	chr5	81850000	81855000	0,0,0	6.282701	0.9994449	2.8866868	3.0054383	4.8292155	4.8256	1.3643941	7.497101
chr5	113375000	113380000	chr5	113510000	113515000	0,0,0	6.334384	0.9994582	2.418374	4.168193	5.1813054	3.816366	1.4430134	7.521426
chr5	151445000	151450000	chr5	151655000	151660000	0,0,0	6.735627	0.9988639	2.9655304	3.3287296	4.2659655	3.8219838	1.7465904	6.7808547
chr5	141990000	141995000	chr5	142140000	142145000	0,0,0	10.88219	1.0	4.606063	4.8672094	6.3778	5.451584	2.3553221	9.777992
chr5	152530000	152535000	chr5	153965000	153970000	0,0,0	14.000216	0.9999997	5.212639	8.002565	10.671419	7.847437	4.0257335	14.960828
chr5	71460000	71465000	chr5	71750000	71755000	0,0,0	7.110375	1.0	2.8655484	3.916027	4.401091	3.3363254	1.5552784	6.8172383
chr5	145940000	145945000	chr5	146045000	146050000	0,0,0	4.649342	0.99365574	2.2945893	1.8589296	3.0753956	3.4083521	1.2167976	5.060734
chr5	10450000	10455000	chr5	10630000	10635000	0,0,0	7.0264645	0.9996382	3.410264	3.368876	4.688578	4.9306264	1.8102753	7.925183
chr5	170740000	170745000	chr5	171335000	171340000	0,0,0	7.015613	0.99946445	2.6883962	4.266154	5.126792	3.7408235	2.041479	7.5329604
chr5	133110000	133115000	chr5	133345000	133350000	0,0,0	4.988886	0.99710006	2.2020128	2.7399716	3.7305896	3.4081373	1.0823305	5.8436675
chr5	54245000	54250000	chr5	54415000	54420000	0,0,0	7.213463	1.0	2.9393005	4.093792	4.3762183	3.2988203	1.8930539	6.9377465
chr5	79025000	79030000	chr5	79465000	79470000	0,0,0	6.2933683	1.0	2.9655838	3.2327209	3.583079	3.4195676	1.9646417	6.2930975
chr5	88140000	88145000	chr5	88680000	88685000	0,0,0	7.12878	0.9997455	3.7568684	2.723526	4.755404	5.85602	1.4055961	8.276932
chr5	174040000	174045000	chr5	174315000	174320000	0,0,0	10.040382	0.99999154	4.634627	4.7241073	7.4630384	7.4799194	2.815331	11.679127
chr5	126655000	126660000	chr5	127310000	127315000	0,0,0	13.46185	1.0	4.447226	7.518648	9.724351	6.2035656	2.9366179	12.886808
chr5	60955000	60960000	chr5	61655000	61660000	0,0,0	5.328705	0.9963029	2.9879038	2.3340135	2.6772513	3.5261161	1.2728895	5.600795
chr5	96680000	96685000	chr5	97170000	97175000	0,0,0	4.5902157	0.9915169	2.0830243	2.6559343	2.7431056	2.4093451	1.2136931	4.770176
chr5	52945000	52950000	chr5	53095000	53100000	0,0,0	12.786738	1.0	5.50486	5.1935973	8.520115	7.876866	2.5081167	12.493398
chr5	120655000	120660000	chr5	121945000	121950000	0,0,0	9.750077	0.99995273	3.8846636	5.318383	6.703146	5.2328763	2.4455488	9.960328
chr5	111545000	111550000	chr5	112145000	112150000	0,0,0	13.709104	1.0	5.7764196	7.664997	12.638666	11.404354	3.4643042	18.217686
chr5	134300000	134305000	chr5	134575000	134580000	0,0,0	10.277457	0.99999815	3.9450257	7.0291157	9.201949	6.960686	3.5660174	13.208789
chr5	150560000	150565000	chr5	150655000	150660000	0,0,0	8.88636	0.9999253	3.3614197	4.871271	6.796244	5.1731067	2.2501867	9.503125
chr5	175970000	175975000	chr5	177870000	177875000	0,0,0	8.404538	1.0	2.1202667	82.540886	101.88592	49.162334	38.16332	122.532005
chr5	150455000	150460000	chr5	150655000	150660000	0,0,0	8.260728	1.0	2.971898	3.3940926	4.493981	3.1717575	1.225196	6.1887283
chr5	103580000	103585000	chr5	104180000	104185000	0,0,0	8.438485	0.9999448	3.7943633	4.463489	6.2007265	5.838541	2.3399904	9.8060875
chr5	173165000	173170000	chr5	173280000	173285000	0,0,0	9.212754	1.0	2.6607177	5.3220644	5.964834	3.031674	1.7470752	7.762398
chr5	38440000	38445000	chr5	38810000	38815000	0,0,0	10.189547	0.9999996	4.114086	7.4413457	9.9836645	8.095503	3.1548982	14.710033
chr5	32230000	32235000	chr5	32325000	32330000	0,0,0	4.7303104	0.99319434	2.110248	2.4903512	3.07387	2.7768745	0.99072963	4.99052
chr5	126655000	126660000	chr5	127490000	127495000	0,0,0	8.1362705	0.999959	3.3293338	5.275009	6.6886425	5.413843	1.9909204	10.10274
chr5	42910000	42915000	chr5	43005000	43010000	0,0,0	5.4077744	1.0	2.6100426	2.5285263	2.5933394	2.5245256	0.83491385	4.7721047
chr5	13980000	13985000	chr5	14575000	14580000	0,0,0	4.4912333	1.0	2.4368212	1.9938684	2.1077085	2.5714712	0.72878397	4.343799
chr5	178280000	178285000	chr5	178545000	178550000	0,0,0	13.978662	0.99999946	3.8874524	9.944445	11.355816	5.6360865	3.8839638	14.475593
chr5	172975000	172980000	chr5	173280000	173285000	0,0,0	10.379214	1.0	3.5492566	5.769547	6.647307	4.142248	2.3224812	9.270734
chr5	57775000	57780000	chr5	58460000	58465000	0,0,0	16.2215	1.0	5.15987	11.682345	14.668598	8.864894	4.869436	19.2492
chr5	53265000	53270000	chr5	54215000	54220000	0,0,0	6.6929154	0.9997911	2.9639678	3.7236302	5.515523	5.1645026	2.3485458	8.474396
chr5	7260000	7265000	chr5	7740000	7745000	0,0,0	10.488131	0.9999818	3.4785688	6.984106	7.9072556	4.70796	3.0165622	10.916055
chr5	32705000	32710000	chr5	33180000	33185000	0,0,0	4.6887226	0.9970724	1.9894305	2.9582634	3.7688851	3.2046132	1.64604	5.8341804
chr5	96610000	96615000	chr5	97155000	97160000	0,0,0	9.290254	1.0	4.2108865	3.9592004	5.483317	5.216589	1.7799394	8.735878
chr5	130105000	130110000	chr5	131110000	131115000	0,0,0	5.097764	0.9993273	2.450415	3.4714186	4.191753	4.219244	1.8548821	7.3049498
chr5	135460000	135465000	chr5	135550000	135555000	0,0,0	9.594451	1.0	4.424065	3.0471025	5.5987344	5.750025	1.6376458	8.45856
chr5	170225000	170230000	chr5	170420000	170425000	0,0,0	7.0409474	1.0	3.0613458	3.1707077	4.4989557	4.0710144	1.5130305	6.8894215
chr5	61055000	61060000	chr5	61655000	61660000	0,0,0	11.063245	0.9999971	2.7019732	9.329916	10.376775	4.444353	3.2191443	12.737612
chr5	118985000	118990000	chr5	119410000	119415000	0,0,0	7.3668723	0.99992937	3.5785518	3.6742058	5.8436084	6.293159	2.0301087	9.559119
chr5	51380000	51385000	chr5	51960000	51965000	0,0,0	7.4354744	0.9999883	2.8422682	6.6198587	7.654335	5.4749985	2.228623	11.359318
chr5	36735000	36740000	chr5	36870000	36875000	0,0,0	7.7836585	1.0	4.144179	1.9413586	4.199244	5.350685	1.2866738	7.076338
chr5	126655000	126660000	chr5	127445000	127450000	0,0,0	4.2404504	0.99677426	2.0303795	2.678363	3.3329377	3.3564284	1.234378	5.7371955
chr5	134040000	134045000	chr5	134140000	134145000	0,0,0	7.6536407	1.0	3.7055194	2.533053	3.8569682	4.104983	1.4827083	6.356585
chr5	163695000	163700000	chr5	164010000	164015000	0,0,0	5.467247	0.99833846	2.4149003	3.5749936	3.7960513	3.2228925	1.2903874	6.400665
chr5	80090000	80095000	chr5	80270000	80275000	0,0,0	5.0978656	0.9981256	3.023429	2.239002	2.8735135	4.2899127	1.5603192	6.280137
chr5	178075000	178080000	chr5	178145000	178150000	0,0,0	8.212043	1.0	3.643872	2.835926	4.393329	4.1651034	1.7023171	6.685926
chr5	103230000	103235000	chr5	103475000	103480000	0,0,0	8.648317	0.9999231	4.105431	4.1083965	5.7220726	5.8224773	2.1196048	9.474386
chr5	59505000	59510000	chr5	59670000	59675000	0,0,0	9.886561	0.9999955	3.9866877	6.8043656	8.081969	6.2680106	2.586757	12.316335
chr5	82310000	82315000	chr5	83560000	83565000	0,0,0	9.384096	0.99999386	3.4797132	7.275797	8.161922	5.535169	2.7652304	12.002543
chr5	113340000	113345000	chr5	113600000	113605000	0,0,0	5.100653	0.994581	2.8077445	2.0729785	2.6288767	3.3757389	1.1290374	5.2183867
chr5	32705000	32710000	chr5	33295000	33300000	0,0,0	4.6513114	0.9971241	2.0034	3.3604405	3.5251565	2.8649397	1.5476353	5.851998
chr5	39945000	39950000	chr5	40735000	40740000	0,0,0	6.8719916	0.99930507	2.8964813	4.244976	4.451226	3.4991343	1.4537299	7.272446
chr5	16790000	16795000	chr5	17185000	17190000	0,0,0	11.490866	0.99999964	4.49056	7.951496	10.191054	7.814904	4.0673394	14.8829
chr5	91225000	91230000	chr5	91385000	91390000	0,0,0	11.996221	0.99999803	4.6177273	6.703168	9.290131	7.1957755	3.1580002	13.154147
chr5	90865000	90870000	chr5	91415000	91420000	0,0,0	6.966638	0.9998122	3.4601643	3.7729084	4.861873	5.2271223	1.9416586	8.580819
chr5	135940000	135945000	chr5	136060000	136065000	0,0,0	7.112485	0.99987584	3.3139732	3.4038465	5.803936	5.9690924	1.8906758	8.994734
chr5	148440000	148445000	chr5	148725000	148730000	0,0,0	7.0364556	0.99923635	3.1764328	2.988386	4.658532	4.521792	1.7893863	7.178135
chr5	99495000	99500000	chr5	100075000	100080000	0,0,0	36.654102	1.0	5.8155313	25.61227	29.28432	9.251372	9.1721	32.017834
chr5	57295000	57300000	chr5	58460000	58465000	0,0,0	21.17618	1.0	6.389415	10.00958	15.000358	9.438242	4.222194	18.335646
chr5	40900000	40905000	chr5	41520000	41525000	0,0,0	4.7045283	0.9968806	2.0279548	3.2886586	3.485616	2.8474634	1.5248148	5.770715
chr5	150560000	150565000	chr5	150845000	150850000	0,0,0	8.295248	1.0	3.7981157	2.6539872	4.6023507	4.6406155	1.3740059	6.999715
chr5	157325000	157330000	chr5	157475000	157480000	0,0,0	6.525235	0.9988043	2.9043093	3.4577398	4.1061273	3.6561759	1.5086349	6.729722
chr5	159285000	159290000	chr5	159985000	159990000	0,0,0	6.1865625	0.99881595	2.2397454	4.355014	4.5405955	2.8683977	1.4638276	6.7395205
chr5	54515000	54520000	chr5	54840000	54845000	0,0,0	8.066879	0.9999801	3.788345	5.12757	6.4066358	6.2665477	3.097556	10.824388
chr5	59810000	59815000	chr5	60375000	60380000	0,0,0	4.953556	1.0	2.396281	1.8766991	2.470917	2.5583208	0.9006341	4.2264977
chr5	57295000	57300000	chr5	57495000	57500000	0,0,0	7.7194753	1.0	3.16662	3.259793	4.18327	3.410478	1.3203946	6.308072
chr5	13985000	13990000	chr5	14265000	14270000	0,0,0	6.6261344	1.0	3.50947	2.2889695	3.493869	4.276592	1.6980203	6.311231
chr5	160020000	160025000	chr5	160390000	160395000	0,0,0	9.117473	1.0	4.139571	3.9692822	5.791735	5.5873537	1.6303011	9.115604
chr5	57290000	57295000	chr5	57875000	57880000	0,0,0	13.518556	1.0	5.3174224	3.6306093	3.8070521	2.7041593	1.2437061	5.9313674
chr5	17215000	17220000	chr5	18110000	18115000	0,0,0	12.292881	1.0	5.2098427	4.7205133	6.3514085	5.4804196	2.2079163	9.676431
chr5	95660000	95665000	chr5	95770000	95775000	0,0,0	4.945821	0.9953779	2.9036725	1.9819056	2.4783812	3.6157668	1.4405549	5.3774605
chr5	68285000	68290000	chr5	68965000	68970000	0,0,0	6.5912356	0.9998708	3.390457	3.8032804	4.8929005	5.574011	2.8114715	8.954704
chr5	154520000	154525000	chr5	154605000	154610000	0,0,0	4.410284	0.989788	2.337982	1.9660757	2.3829634	2.8370435	0.9141966	4.5846663
chr5	36740000	36745000	chr5	37010000	37015000	0,0,0	7.9604716	1.0	3.0524437	4.21492	4.513691	3.1263866	1.8123238	6.872982
chr5	173290000	173295000	chr5	173570000	173575000	0,0,0	10.478764	1.0	4.5397577	5.7048497	6.317138	5.2834187	2.2450423	10.354397
chr5	115835000	115840000	chr5	116065000	116070000	0,0,0	5.253819	0.9949938	2.0391686	2.764032	3.6827612	2.840713	1.109597	5.2976303
chr5	95635000	95640000	chr5	96330000	96335000	0,0,0	6.6391926	1.0	2.8505857	2.7007105	3.375966	2.9001381	1.0540508	5.30077
chr5	132380000	132385000	chr5	132820000	132825000	0,0,0	8.594413	1.0	2.9089422	5.3736954	6.1443543	3.7671535	1.9258162	8.543772
chr5	126350000	126355000	chr5	126490000	126495000	0,0,0	4.7948813	0.99401104	2.788577	1.8655641	2.4135587	3.4600856	0.9973911	5.118365
chr5	150160000	150165000	chr5	150345000	150350000	0,0,0	6.216852	0.99906194	2.4297163	3.6810374	4.79608	3.7004132	1.3725574	6.9724464
chr5	142605000	142610000	chr5	142700000	142705000	0,0,0	6.8064494	1.0	3.7135382	1.7079786	2.838691	3.6826525	1.118093	5.2008557
chr5	142920000	142925000	chr5	143825000	143830000	0,0,0	7.8834033	1.0	3.7675862	3.5422215	3.963983	3.8817282	1.5541282	7.0303698
chr5	174420000	174425000	chr5	174595000	174600000	0,0,0	4.271402	0.99205804	2.0703146	2.3929148	2.6974163	2.7090616	1.1211336	4.836097
chr5	76605000	76610000	chr5	76775000	76780000	0,0,0	6.8926144	1.0	3.082254	3.0634143	3.7973309	3.4464197	1.6637955	6.1694546
chr5	143005000	143010000	chr5	143965000	143970000	0,0,0	5.1691833	0.99885255	2.2519257	3.026051	4.457619	4.0811076	1.3275723	6.770931
chr5	139785000	139790000	chr5	139965000	139970000	0,0,0	5.328397	0.9967208	2.6538951	2.08526	3.4439862	3.8671808	1.1000642	5.720745
chr5	112990000	112995000	chr5	113330000	113335000	0,0,0	5.0995555	0.99934	2.7177122	3.0780382	3.8060412	4.588024	1.72488	7.3240576
chr5	96615000	96620000	chr5	96685000	96690000	0,0,0	7.4050517	1.0	3.1984417	3.3079667	4.6903515	4.2072124	1.6202018	7.1476274
chr5	147095000	147100000	chr5	147185000	147190000	0,0,0	5.148637	0.9947703	2.2257795	2.6947982	3.312972	2.8585646	0.9409706	5.2539406
chr5	122515000	122520000	chr5	123210000	123215000	0,0,0	5.1451783	0.99761444	2.1484342	3.2521195	3.8697383	3.1481776	1.8078426	6.0389504
chr5	74035000	74040000	chr5	74640000	74645000	0,0,0	9.643816	0.9999993	3.3684843	8.475041	10.124236	6.5919976	3.2261505	14.125368
chr5	102580000	102585000	chr5	102670000	102675000	0,0,0	5.9500012	1.0	2.383712	3.3415802	3.7146473	2.7801526	1.2537129	5.750446
chr5	111155000	111160000	chr5	111275000	111280000	0,0,0	4.369749	1.0	2.0295856	2.020135	2.3405852	2.2085595	0.91560656	4.0042353
chr5	37770000	37775000	chr5	38190000	38195000	0,0,0	7.7656918	0.9998301	3.0979555	4.504183	5.90119	4.6776114	1.645779	8.68133
chr5	32940000	32945000	chr5	33420000	33425000	0,0,0	5.1176643	1.0	2.377854	1.9295087	2.7075112	2.6748888	0.92465997	4.390008
chr5	59510000	59515000	chr5	59800000	59805000	0,0,0	6.4822426	1.0	3.040214	2.9273503	3.7224767	3.648717	1.2014588	6.250806
chr5	76600000	76605000	chr5	77015000	77020000	0,0,0	8.125167	1.0	3.3322308	4.0348873	5.055935	4.08771	1.761886	7.6742773
chr5	76335000	76340000	chr5	76580000	76585000	0,0,0	4.467577	0.99528867	2.038884	2.5860257	3.2584503	3.0596523	1.2449207	5.3583417
chr5	41855000	41860000	chr5	42055000	42060000	0,0,0	8.678201	1.0	3.6279683	2.9808059	4.521368	3.9619064	1.8144133	6.611511
chr5	175530000	175535000	chr5	175700000	175705000	0,0,0	7.908326	1.0	3.1533237	3.7246995	4.2118583	3.154676	1.5857854	6.46552
chr5	141215000	141220000	chr5	141520000	141525000	0,0,0	5.802924	1.0	2.690967	2.410996	3.1500702	3.0549147	0.99541485	5.1980224
chr5	14400000	14405000	chr5	14645000	14650000	0,0,0	5.6557045	0.9991459	2.7931063	3.1507788	4.012922	4.2655234	1.8226848	7.066215
chr5	88010000	88015000	chr5	88675000	88680000	0,0,0	4.396235	1.0	1.996886	2.2359557	2.479905	2.2315319	1.0744523	4.219048
chr5	59390000	59395000	chr5	59795000	59800000	0,0,0	9.760578	1.0	4.162387	4.372144	6.2573953	5.5353355	2.250072	9.421686
chr5	58885000	58890000	chr5	59005000	59010000	0,0,0	4.9074283	1.0	2.8344774	1.1880116	1.9212799	2.7549312	0.85994697	3.8109415
chr5	36410000	36415000	chr5	36505000	36510000	0,0,0	7.8792844	0.99969614	3.503893	3.3574867	5.34903	5.115244	1.8672173	8.099676
chr5	57295000	57300000	chr5	57775000	57780000	0,0,0	10.624208	1.0	4.429708	4.8395205	5.396709	4.278078	1.795739	8.579874
chr5	113680000	113685000	chr5	114450000	114455000	0,0,0	9.065688	0.99995863	3.6681242	5.275221	6.7531238	5.4053607	2.5118208	10.094446
chr5	96865000	96870000	chr5	97160000	97165000	0,0,0	5.807582	0.9973153	2.746742	2.2864082	3.7325864	3.888429	1.2337453	5.9207916
chr5	94965000	94970000	chr5	95260000	95265000	0,0,0	5.336824	0.9991117	2.4683986	3.2744312	4.264079	4.1163406	1.4155802	7.026946
chr5	128905000	128910000	chr5	129765000	129770000	0,0,0	7.9846873	1.0	3.5799963	3.4453537	4.0291543	3.610577	1.6719893	6.673114
chr5	98900000	98905000	chr5	99030000	99035000	0,0,0	7.8455367	0.9996973	3.9260871	2.9300761	4.860587	5.4991436	1.8199688	8.103656
chr5	72135000	72140000	chr5	72305000	72310000	0,0,0	7.6453776	0.9997747	2.5893044	5.516692	5.920319	3.4950979	2.05431	8.398825
chr5	160020000	160025000	chr5	160345000	160350000	0,0,0	6.2757916	0.99974114	3.1958632	3.1119068	4.777952	5.493849	1.9821314	8.259989
chr5	168270000	168275000	chr5	168415000	168420000	0,0,0	5.1910596	0.9954461	2.8805401	1.8993338	2.800496	3.7040324	1.24165	5.392329
chr5	139780000	139785000	chr5	140155000	140160000	0,0,0	7.686191	1.0	3.4725316	2.230836	3.5486212	3.461985	1.5089773	5.44495
chr5	66305000	66310000	chr5	66755000	66760000	0,0,0	12.5354805	1.0	3.976399	12.14031	14.054845	8.072435	4.108063	18.863821
chr5	100480000	100485000	chr5	101385000	101390000	0,0,0	5.487516	0.9988295	2.32884	3.7214937	4.2110457	3.442998	1.4176488	6.7509923
chr5	96340000	96345000	chr5	96600000	96605000	0,0,0	11.831001	1.0	4.8173785	4.876889	6.8228054	5.6633453	2.3897948	9.998358
chr5	178280000	178285000	chr5	178835000	178840000	0,0,0	14.877803	1.0	5.8190536	6.668355	9.1728525	7.2189093	3.6631134	13.146337
chr5	135885000	135890000	chr5	136080000	136085000	0,0,0	6.2052555	0.99946254	2.60763	3.4737945	5.083928	4.4415874	1.3312498	7.529405
chr5	91100000	91105000	chr5	91415000	91420000	0,0,0	7.3484097	0.9998224	2.6886356	4.2756214	6.4196577	4.836266	1.8482674	8.636818
chr5	64955000	64960000	chr5	65480000	65485000	0,0,0	4.8997912	0.9986503	2.4400108	2.7514043	3.8080668	4.1628675	1.6255412	6.60856
chr5	35775000	35780000	chr5	35920000	35925000	0,0,0	5.309287	0.9965387	2.3889632	2.7710881	3.4846368	3.2035108	1.3376817	5.6667
chr5	147855000	147860000	chr5	147935000	147940000	0,0,0	5.8236465	1.0	2.5784817	2.4376612	3.3466246	3.076702	1.0127367	5.243512
chr5	83710000	83715000	chr5	85050000	85055000	0,0,0	6.888823	0.999784	2.6703634	5.253916	5.449586	3.7709057	2.4975803	8.441053
chr5	73980000	73985000	chr5	74645000	74650000	0,0,0	6.2535043	0.99998724	2.7907934	4.2459197	7.6300488	7.498496	2.5869508	11.272648
chr5	73900000	73905000	chr5	74645000	74650000	0,0,0	17.8307	1.0	5.9537177	14.150156	19.79609	13.240452	7.3880053	25.818369
chr5	1475000	1480000	chr5	1640000	1645000	0,0,0	6.012571	0.99919105	2.3484592	3.37109	5.09461	4.1239853	1.8530434	7.120509
chr5	180295000	180300000	chr5	180470000	180475000	0,0,0	5.205996	0.99840045	2.1766186	3.2280426	4.240194	3.569342	1.4805917	6.4387126
chr5	163695000	163700000	chr5	164500000	164505000	0,0,0	4.3971534	0.9972084	2.6820712	1.6759968	2.7465963	4.3919764	1.0569235	5.881751
chr5	88730000	88735000	chr5	89300000	89305000	0,0,0	5.6554646	1.0	3.106887	1.5634909	1.9862046	2.541281	0.9491134	3.9310505
chr5	164010000	164015000	chr5	164500000	164505000	0,0,0	6.468933	0.9999846	2.7585654	5.3327475	7.2674203	6.344145	2.1048481	11.084365
chr5	172475000	172480000	chr5	172695000	172700000	0,0,0	16.518938	1.0	6.3252387	8.042962	11.660975	9.115335	3.3680604	16.264635
chr5	137775000	137780000	chr5	138125000	138130000	0,0,0	5.702937	0.9987581	2.6495857	3.4153037	3.8904629	3.655984	1.8368672	6.6918097
chr5	154070000	154075000	chr5	154405000	154410000	0,0,0	5.238712	0.9990222	2.8041184	2.4968429	3.784389	4.7114687	1.6236758	6.9308844
chr5	149835000	149840000	chr5	149985000	149990000	0,0,0	9.237226	0.99996215	4.369883	4.34356	6.212125	6.322063	2.6575596	10.183005
chr5	14680000	14685000	chr5	15010000	15015000	0,0,0	5.130239	0.9986416	2.6854239	2.93374	3.449147	3.994375	1.3107922	6.602144
chr5	64805000	64810000	chr5	65480000	65485000	0,0,0	7.0098596	0.99974674	3.3124027	3.026765	5.3123083	5.5914955	1.7958484	8.281954
chr5	66815000	66820000	chr5	67205000	67210000	0,0,0	7.0743823	1.0	3.3450904	3.1013722	3.4321012	3.2926545	1.6947693	6.04943
chr5	84090000	84095000	chr5	85040000	85045000	0,0,0	4.5929713	0.9968126	2.1377606	2.7791414	3.4123828	3.2787921	1.4005059	5.74914
chr5	154650000	154655000	chr5	154810000	154815000	0,0,0	9.339558	1.0	3.2218869	4.580561	6.1221905	4.1478596	1.8230889	8.219469
chr5	86880000	86885000	chr5	87010000	87015000	0,0,0	9.544194	1.0	2.9893157	4.4373116	6.0338106	3.7459352	1.6695523	7.6902122
chr5	148735000	148740000	chr5	149000000	149005000	0,0,0	7.3198347	0.9999278	3.1667118	4.4074044	6.251698	5.6199393	1.9789772	9.537632
chr5	96750000	96755000	chr5	97160000	97165000	0,0,0	9.505043	1.0	4.746308	4.1353593	4.883359	5.209837	1.7998823	8.885712
chr5	173615000	173620000	chr5	173970000	173975000	0,0,0	16.417217	1.0	5.4502645	13.835136	17.44308	11.041112	5.608002	23.33901
chr5	140355000	140360000	chr5	140720000	140725000	0,0,0	10.916177	1.0	4.2121015	5.4601407	6.516539	4.782484	2.2522604	9.635942
chr5	126340000	126345000	chr5	126595000	126600000	0,0,0	8.172755	0.9997591	4.1442585	2.7169962	5.058586	5.916776	1.3348668	8.331883
chr5	79555000	79560000	chr5	79855000	79860000	0,0,0	9.044363	1.0	3.7416887	4.6097965	5.8625793	4.8180103	1.6932671	8.915607
chr5	80705000	80710000	chr5	81165000	81170000	0,0,0	5.9780545	0.9998487	3.0250657	3.808992	4.88544	5.411414	1.9997523	8.797185
chr5	152560000	152565000	chr5	153145000	153150000	0,0,0	9.061813	0.999984	3.1662686	6.517309	7.9704905	5.253162	2.9511254	11.046326
chr5	35960000	35965000	chr5	36085000	36090000	0,0,0	4.2044125	1.0	2.1154926	1.4793769	1.9096096	2.0976691	0.8158671	3.412671
chr5	91100000	91105000	chr5	91385000	91390000	0,0,0	7.3432655	0.9998668	3.2267623	4.377825	5.628015	5.0329547	2.0697796	8.924355
chr5	148180000	148185000	chr5	148690000	148695000	0,0,0	5.6176686	0.99742967	2.4054403	3.0103662	3.8236568	3.2884586	1.0539976	5.9643397
chr5	39580000	39585000	chr5	39710000	39715000	0,0,0	5.5855794	1.0	2.4183722	2.3324852	2.835561	2.4434443	0.8056938	4.5167646
chr5	113375000	113380000	chr5	113605000	113610000	0,0,0	6.031836	0.9981754	2.5244746	3.3567731	4.051915	3.3232532	1.3333107	6.307052
chr5	14725000	14730000	chr5	15010000	15015000	0,0,0	12.947414	0.9999999	5.2527504	8.271837	10.502039	8.410799	2.972244	15.763544
chr5	86880000	86885000	chr5	86965000	86970000	0,0,0	4.6977224	0.9911715	2.2504632	2.0083826	2.846134	2.945028	0.9176912	4.730257
chr5	56900000	56905000	chr5	57220000	57225000	0,0,0	5.3919344	0.99991125	2.3016684	4.9924617	5.8592534	4.8926587	2.0111203	9.330402
chr5	163570000	163575000	chr5	164010000	164015000	0,0,0	5.8095174	0.99754256	2.5035503	3.1978254	3.7442682	3.1667535	1.5537492	6.009265
chr5	58885000	58890000	chr5	59370000	59375000	0,0,0	13.031014	1.0	5.7270565	6.6506004	7.6451383	6.614687	2.4348483	12.526332
chr5	159580000	159585000	chr5	159985000	159990000	0,0,0	5.386751	0.99889433	1.9949291	4.445895	4.4750934	2.8561249	1.5769064	6.8080316
chr5	127565000	127570000	chr5	128205000	128210000	0,0,0	7.629746	1.0	3.25206	3.7280085	4.5300336	3.818367	2.003939	7.132152
chr5	77560000	77565000	chr5	78005000	78010000	0,0,0	6.462473	0.9996727	3.0268044	3.2037935	5.064745	5.1777296	1.9495565	8.025546
chr5	57650000	57655000	chr5	58460000	58465000	0,0,0	5.5158887	0.9973511	2.5501637	2.7271886	3.6217973	3.5100563	1.1847144	5.9342237
chr5	39950000	39955000	chr5	40685000	40690000	0,0,0	8.696214	0.9999805	3.8626852	4.378639	7.2304044	6.954237	2.414047	10.846361
chr5	920000	925000	chr5	1015000	1020000	0,0,0	4.7282476	1.0	2.3664587	1.7693657	2.342316	2.561873	1.29073	4.1346426
chr5	114100000	114105000	chr5	114445000	114450000	0,0,0	5.6219726	0.99941134	2.6247516	2.9255495	4.733552	4.8379917	1.5354043	7.4384804
chr5	148735000	148740000	chr5	149030000	149035000	0,0,0	10.623268	0.9999967	4.154354	5.964131	9.035786	7.3294277	2.5023239	12.6308775
chr5	58500000	58505000	chr5	58815000	58820000	0,0,0	5.493437	0.9979936	2.9037645	2.5291803	3.311097	3.9638982	1.2744925	6.2120585
chr5	31580000	31585000	chr5	32075000	32080000	0,0,0	6.948194	0.999386	3.1542838	3.8631456	4.3787627	3.9624395	1.9503714	7.3963466
chr5	174325000	174330000	chr5	174790000	174795000	0,0,0	6.695648	0.9999844	2.6034331	5.774587	7.682838	5.9356813	2.3061018	11.068647
chr5	122515000	122520000	chr5	123365000	123370000	0,0,0	7.734723	0.9999797	3.420079	5.42885	6.702087	5.9779906	2.4223535	10.803635
chr5	174325000	174330000	chr5	174740000	174745000	0,0,0	5.7518425	0.9996615	2.685033	3.2239256	5.0460134	5.1260476	1.3154845	7.9917593
chr5	119015000	119020000	chr5	119410000	119415000	0,0,0	5.4842606	0.9998004	2.8996208	3.8881714	4.3298655	5.0638394	2.15064	8.519992
chr5	82315000	82320000	chr5	83425000	83430000	0,0,0	5.164617	0.9962074	2.7129538	2.5533178	2.8586679	3.3056693	1.1686165	5.5752854
chr5	149380000	149385000	chr5	149560000	149565000	0,0,0	7.158581	0.9999445	3.8050866	3.0000415	5.673243	7.1333	2.1662934	9.800003
chr5	69415000	69420000	chr5	69555000	69560000	0,0,0	6.336696	1.0	2.461071	2.8917828	3.898899	3.0223591	1.759621	5.5928326
chr5	54240000	54245000	chr5	54490000	54495000	0,0,0	7.3775115	1.0	2.9327326	3.0042415	4.9612193	4.1954513	1.3837051	6.865888
chr5	80480000	80485000	chr5	80670000	80675000	0,0,0	7.8704476	0.9997574	3.4028378	3.8789504	5.4443645	4.877086	1.7120309	8.325042
chr5	174415000	174420000	chr5	174735000	174740000	0,0,0	10.469455	0.9999998	4.262042	7.753541	10.648102	8.7865095	3.1623733	15.678546
chr5	55405000	55410000	chr5	55690000	55695000	0,0,0	6.3835883	0.9999102	2.9538043	4.276992	5.6847243	5.5171065	2.36254	9.318877
chr5	710000	715000	chr5	795000	800000	0,0,0	19.680998	1.0	3.635554	27.736	28.089928	8.283183	9.414687	32.937405
chr5	147450000	147455000	chr5	147575000	147580000	0,0,0	6.1518674	0.99840796	2.934185	3.0957515	3.7180247	3.6916406	1.2942307	6.44342
chr5	142155000	142160000	chr5	142695000	142700000	0,0,0	6.6249843	1.0	3.1493745	2.0195434	3.383357	3.5641463	1.2938541	5.359296
chr5	57495000	57500000	chr5	58460000	58465000	0,0,0	11.731866	0.9999967	3.9580216	7.0594935	9.543414	6.3516526	3.038099	12.626759
chr5	88725000	88730000	chr5	90265000	90270000	0,0,0	11.132045	0.9999868	4.1101613	5.997985	8.079629	5.9089937	2.609482	11.240536
chr5	132525000	132530000	chr5	132820000	132825000	0,0,0	7.5153823	0.9997478	2.6008976	4.5779724	6.1775	4.2169065	1.826734	8.286216
chr5	140870000	140875000	chr5	141040000	141045000	0,0,0	5.7507296	0.9998873	3.1752958	3.4977384	4.6129866	5.9824176	1.9354854	9.091518
chr5	59185000	59190000	chr5	59380000	59385000	0,0,0	10.686012	1.0	5.514256	3.5202432	5.9972	7.1290503	2.0772462	10.258156
chr5	50955000	50960000	chr5	51970000	51975000	0,0,0	4.953575	0.9995881	2.703198	3.6532376	3.7068906	4.54818	1.3324047	7.7955027
chr5	159155000	159160000	chr5	159315000	159320000	0,0,0	9.074275	1.0	3.8238819	3.532833	5.397327	4.7836246	1.4241767	7.923921
chr5	72365000	72370000	chr5	72515000	72520000	0,0,0	7.3944764	0.99945533	3.2700546	3.5063407	4.7972927	4.399418	1.8346184	7.5161653
chr5	16485000	16490000	chr5	16550000	16555000	0,0,0	4.2688236	0.9887177	2.063784	1.6661948	2.7867372	3.0039184	0.979574	4.4849806
chr5	57300000	57305000	chr5	57695000	57700000	0,0,0	4.3106995	1.0	2.2765357	1.4633461	2.206663	2.684385	0.54308414	3.985137
chr5	174950000	174955000	chr5	175445000	175450000	0,0,0	13.169218	1.0	5.18694	11.05303	13.391722	10.150406	4.379775	19.97532
chr5	30040000	30045000	chr5	31230000	31235000	0,0,0	7.790212	0.99994004	2.6327808	6.2089386	6.952927	4.2035203	2.1806161	9.722577
chr5	113675000	113680000	chr5	114790000	114795000	0,0,0	5.0355635	0.99841064	2.0559423	3.446751	4.2354603	3.381303	1.2868518	6.4450817
chr5	31825000	31830000	chr5	32075000	32080000	0,0,0	10.109983	0.9999902	4.753881	4.9564624	7.0739813	7.133717	2.7366788	11.539461
chr5	135460000	135465000	chr5	135825000	135830000	0,0,0	5.737988	1.0	2.9873974	1.7494688	2.2932622	2.6745071	1.1841754	4.2295904
chr5	147625000	147630000	chr5	147820000	147825000	0,0,0	12.2155485	1.0	5.408239	4.6052284	7.231298	6.8558197	2.1015127	10.949356
chr5	171205000	171210000	chr5	171340000	171345000	0,0,0	7.5063787	1.0	3.092593	2.7934282	3.1415446	2.456515	1.1889632	4.9395623
chr5	115095000	115100000	chr5	115245000	115250000	0,0,0	11.433438	1.0	4.7624836	4.2257686	5.436393	4.5245976	1.9420063	8.280836
chr5	111155000	111160000	chr5	112145000	112150000	0,0,0	12.040653	0.9999952	3.6786854	8.306037	9.128129	4.856171	2.8355975	12.239315
chr5	73590000	73595000	chr5	73790000	73795000	0,0,0	15.675813	0.99999994	5.135867	10.322823	12.910011	8.025566	3.8862994	17.201408
chr5	170435000	170440000	chr5	170625000	170630000	0,0,0	9.8537	0.99998015	4.2361155	5.258752	7.015427	6.1529264	2.4233785	10.827373
chr5	145695000	145700000	chr5	145890000	145895000	0,0,0	5.6095643	1.0	3.2952027	1.4605231	1.5746524	2.277224	0.7569011	3.5754669
