chr	pos1	pos2	chr2	pos3	pos4	length	width	Mean	maxpixel	pvalue	Stripiness
chr16	34575001	34595000	chr16	34575001	36340000	1765000	20000	61.34375	95.0%	0.001	2093.5029478596825
chr2	90380001	90400000	chr2	89590001	90400000	810000	20000	91.23666666666666	95.0%	0.001	148.45746235061407
chr20	31050001	31070000	chr20	29505001	31070000	1565000	20000	17.92562724014337	95.0%	0.004	48.094253330386316
chr3	93445001	93485000	chr3	93445001	94490000	1045000	40000	37.50702702702703	95.0%	0.001	34.92097297844926
chr20	31050001	31070000	chr20	31050001	31515000	465000	20000	73.12202380952381	95.0%	0.001	30.679566066323797
chr10	42065001	42085000	chr10	42065001	42775000	710000	20000	23.130281690140844	95.0%	0.001	22.100451760463592
chr21	9245001	9265000	chr21	9245001	9370000	125000	20000	112.11	99.0%	0.027	16.33820216178549
chr1	219800001	219825000	chr1	218860001	219825000	965000	25000	7.61761658031088	95.0%	0.005	15.601751022697098
chr16	77220001	77245000	chr16	77220001	77670000	450000	25000	10.182222222222222	96.0%	0.034	14.88212260640324
chr8	64245001	64265000	chr8	63460001	64265000	805000	20000	7.990683229813665	95.0%	0.01	13.313409993375718
chr1	94785001	94810000	chr1	94470001	94810000	340000	25000	14.96764705882353	98.0%	0.013999999999999999	12.775263472161255
chr15	97895001	97915000	chr15	97895001	98210000	315000	20000	12.948412698412698	96.0%	0.019	12.411767788176975
chr1	192475001	192495000	chr1	192475001	193035000	560000	20000	9.205357142857142	95.0%	0.007	12.243575374803422
chr2	225665001	225685000	chr2	225665001	227120000	1455000	20000	4.262027491408935	96.0%	0.026	11.950779912212921
chr1	172390001	172410000	chr1	171990001	172410000	420000	20000	12.380952380952381	98.0%	0.006	11.751187932897913
chr14	35395001	35420000	chr14	35130001	35420000	290000	25000	13.255172413793105	95.0%	0.0085	11.218072469242356
chr14	54325001	54345000	chr14	53925001	54345000	420000	20000	9.366071428571429	98.0%	0.012	11.11662361913236
chr2	37405001	37425000	chr2	37405001	37890000	485000	20000	15.724226804123711	98.0%	0.024	10.803135401719867
chr15	32655001	32675000	chr15	32655001	33000000	345000	20000	12.03623188405797	96.0%	0.058	10.766382979036218
chr1	107740001	107760000	chr1	107090001	107760000	670000	20000	7.263059701492537	95.0%	0.006500000000000001	10.521521322690027
chr20	29880001	29900000	chr20	29205001	29900000	695000	20000	10.235611510791367	99.0%	0.099	10.213953608333927
chr9	112050001	112080000	chr9	111740001	112080000	340000	30000	13.659313725490195	95.0%	0.009000000000000001	10.154143917868373
chr12	76025001	76045000	chr12	75485001	76045000	560000	20000	7.683035714285714	96.0%	0.009	9.68282491119607
chr13	108875001	108900000	chr13	108275001	108900000	625000	25000	7.937600000000001	96.0%	0.01	9.569421681767373
chr7	80690001	80710000	chr7	80690001	81475000	785000	20000	6.401273885350318	96.0%	0.029	9.045326481926201
chr12	88980001	89005000	chr12	88100001	89005000	905000	25000	6.450828729281769	95.0%	0.023	9.006596097081975
chr7	37890001	37915000	chr7	37890001	38370000	480000	25000	9.654166666666667	95.0%	0.012	8.938799997620785
chr9	3720001	3740000	chr9	3720001	4375000	655000	20000	7.061068702290076	96.0%	0.032	8.86440243181814
chr8	17895001	17915000	chr8	17565001	17915000	350000	20000	14.678571428571429	96.0%	0.009	8.824164199163906
chr5	55675001	55695000	chr5	55315001	55695000	380000	20000	12.273026315789474	97.0%	0.007	8.781989928019591
chr16	82220001	82240000	chr16	81885001	82240000	355000	20000	11.549295774647888	97.0%	0.012	8.776315017595111
chr5	34175001	34195000	chr5	34175001	35090000	915000	20000	8.135245901639344	95.0%	0.004	8.756789168201948
chr5	17180001	17200000	chr5	16450001	17200000	750000	20000	6.57	98.0%	0.0085	8.636212959334866
chr1	94320001	94340000	chr1	94015001	94340000	325000	20000	13.692307692307692	95.0%	0.028	8.499085798739193
chr14	24795001	24815000	chr14	24795001	25155000	360000	20000	12.04861111111111	96.0%	0.0235	8.428025868752943
chr18	22550001	22570000	chr18	22165001	22570000	405000	20000	9.080246913580247	99.0%	0.012	8.370730822182871
chr21	38725001	38745000	chr21	38725001	39145000	420000	20000	9.360119047619047	95.0%	0.023	8.322455151577929
chr1	232630001	232650000	chr1	232630001	233245000	615000	20000	7.5060975609756095	96.0%	0.008	8.275024529394846
chr15	64050001	64080000	chr15	63455001	64080000	625000	30000	7.042666666666666	96.0%	0.02	8.258930689010919
chr6	83040001	83060000	chr6	82250001	83060000	810000	20000	6.7515432098765435	95.0%	0.01	8.213821736100856
chr2	42085001	42115000	chr2	42085001	42370000	285000	30000	21.973684210526315	97.0%	0.005	8.195255417204756
chr12	22440001	22460000	chr12	21950001	22460000	510000	20000	8.901960784313726	97.0%	0.01	8.176009154935539
chr16	13920001	13940000	chr16	13920001	14290000	370000	20000	11.010135135135135	95.0%	0.0235	8.141168688676759
chr9	83925001	83945000	chr9	83925001	84325000	400000	20000	9.99375	95.0%	0.0195	8.059243733143669
chr14	60615001	60635000	chr14	60615001	61265000	650000	20000	7.198076923076923	97.0%	0.0385	8.053135286028013
chr17	66155001	66175000	chr17	65210001	66175000	965000	20000	4.516839378238342	95.0%	0.057	7.930867566911368
chr13	102575001	102595000	chr13	102575001	102855000	280000	20000	14.366071428571429	97.0%	0.008	7.921953920026556
chr1	172705001	172725000	chr1	172425001	172725000	300000	20000	15.141666666666667	96.0%	0.006500000000000001	7.847332850043419
chr9	21805001	21825000	chr9	21805001	22255000	450000	20000	9.191666666666666	96.0%	0.012	7.84476514221619
chr3	4275001	4295000	chr3	3240001	4295000	1055000	20000	4.674170616113744	97.0%	0.006	7.793344375568219
chr4	173010001	173030000	chr4	173010001	173420000	410000	20000	12.503048780487806	98.0%	0.011	7.782123596955446
chr1	200490001	200515000	chr1	199845001	200515000	670000	25000	7.208955223880596	95.0%	0.010499999999999999	7.758078268087651
chr2	36345001	36370000	chr2	36345001	36615000	270000	25000	21.714814814814815	99.0%	0.004	7.7192350556791585
chr1	162050001	162070000	chr1	162050001	162410000	360000	20000	11.51736111111111	97.0%	0.0205	7.712397963745586
chr1	78130001	78150000	chr1	78130001	78685000	555000	20000	7.918918918918919	95.0%	0.026	7.6794026245884695
chr7	85040001	85055000	chr7	85040001	85865000	825000	15000	6.545454545454546	96.0%	0.031	7.566004743435256
chr17	72120001	72145000	chr17	72120001	72545000	425000	25000	10.341176470588234	96.0%	0.031	7.2923084952460195
chr5	57290001	57315000	chr5	57290001	57790000	500000	25000	8.89	98.0%	0.006500000000000001	7.216231631674878
chr7	85000001	85020000	chr7	83925001	85020000	1095000	20000	5.079908675799087	97.0%	0.02	7.18453578348407
chr11	4185001	4210000	chr11	4185001	4620000	435000	25000	13.487356321839082	97.0%	0.021	7.160936344846846
chr11	108635001	108655000	chr11	108225001	108655000	430000	20000	11.046511627906977	95.0%	0.008	7.152322256396022
chr10	55905001	55925000	chr10	55905001	56500000	595000	20000	9.243697478991596	95.0%	0.016	7.141642082203041
chr2	55165001	55185000	chr2	54740001	55185000	445000	20000	15.741573033707866	95.0%	0.01	7.130064645180349
chr8	100515001	100535000	chr8	100245001	100535000	290000	20000	15.508620689655173	99.0%	0.006500000000000001	7.033189403271528
chr17	55520001	55540000	chr17	55520001	55825000	305000	20000	12.848360655737705	96.0%	0.03	7.033049785829555
chr22	41935001	41955000	chr22	41655001	41955000	300000	20000	10.229166666666666	97.0%	0.028999999999999998	7.029399402055061
chr11	128155001	128175000	chr11	128155001	128855000	700000	20000	7.316071428571429	97.0%	0.019	6.939511919909623
chr9	74760001	74780000	chr9	74760001	75190000	430000	20000	10.456395348837209	95.0%	0.032	6.923484341783768
chr5	122185001	122205000	chr5	122185001	122505000	320000	20000	14.48828125	96.0%	0.0275	6.8693345457256
chr12	12365001	12390000	chr12	12365001	12710000	345000	25000	12.843478260869565	95.0%	0.007	6.854845492996289
chr1	212060001	212080000	chr1	212060001	212455000	395000	20000	12.037974683544304	95.0%	0.028	6.787729724630261
chr4	165120001	165140000	chr4	165120001	165475000	355000	20000	12.834507042253522	98.0%	0.018	6.778605215032256
chr17	61410001	61435000	chr17	61410001	61595000	185000	25000	18.427027027027027	95.0%	0.027	6.7476884911444595
chr9	100000001	100020000	chr9	99175001	100020000	845000	20000	5.483727810650888	97.0%	0.055	6.731467082617006
chr8	100810001	100835000	chr8	100555001	100835000	280000	25000	15.971428571428572	97.0%	0.0115	6.652837493098774
chr1	240720001	240740000	chr1	240720001	240960000	240000	20000	16.869791666666668	96.0%	0.013	6.592868991450014
chr9	114640001	114660000	chr9	114395001	114660000	265000	20000	15.014150943396226	98.0%	0.014	6.558130350534408
chr18	54675001	54700000	chr18	54675001	55135000	460000	25000	10.258695652173913	96.0%	0.016	6.528559114262748
chr8	101320001	101340000	chr8	101320001	102205000	885000	20000	5.879943502824859	95.0%	0.009	6.49081674406961
chr2	64330001	64350000	chr2	64330001	64600000	270000	20000	23.912037037037038	97.0%	0.0305	6.395555626397502
chr1	84105001	84130000	chr1	83900001	84130000	230000	25000	17.369565217391305	95.0%	0.0045000000000000005	6.303469518648499
chr15	77100001	77125000	chr15	77100001	77700000	600000	25000	7.4783333333333335	96.0%	0.0505	6.264061052462506
chr8	94070001	94090000	chr8	94070001	94365000	295000	20000	15.296610169491526	98.0%	0.009	6.261603763937493
chr22	36460001	36485000	chr22	36290001	36485000	195000	25000	14.225641025641025	98.0%	0.02	6.242391949621002
chr12	14980001	15005000	chr12	14715001	15005000	290000	25000	15.668965517241379	97.0%	0.0125	6.221618074055313
chr15	97225001	97245000	chr15	96355001	97245000	890000	20000	4.911516853932584	95.0%	0.0945	6.219916905213695
chr21	17380001	17405000	chr21	17380001	17605000	225000	25000	14.884444444444444	95.0%	0.029	6.1985127191672404
chr20	53570001	53590000	chr20	53570001	53950000	380000	20000	8.796052631578947	95.0%	0.036000000000000004	6.165009971001754
chr3	189260001	189285000	chr3	189260001	189955000	695000	25000	8.015827338129496	98.0%	0.01	6.162553554307062
chr17	60035001	60060000	chr17	59275001	60060000	785000	25000	4.9515923566878985	96.0%	0.024	6.1547941203355485
chr6	158960001	158980000	chr6	158650001	158980000	330000	20000	13.731060606060606	98.0%	0.0115	6.151014103120873
chr5	74635001	74665000	chr5	73890001	74665000	775000	30000	6.044086021505376	99.0%	0.029	6.140337950260947
chr22	30070001	30090000	chr22	29590001	30090000	500000	20000	8.125	95.0%	0.0665	6.122008745027079
chr3	189930001	189955000	chr3	189130001	189955000	825000	25000	6.242424242424242	96.0%	0.02	6.066781781857311
chr4	144160001	144185000	chr4	144160001	145105000	945000	25000	5.906878306878307	95.0%	0.029	5.9913466303066185
chr16	10955001	10975000	chr16	10955001	11410000	455000	20000	8.307692307692308	95.0%	0.036	5.985251996695169
chr1	151995001	152030000	chr1	151875001	152030000	155000	35000	25.557603686635947	97.0%	0.001	5.918096800014778
chr19	47960001	47980000	chr19	47960001	48255000	295000	20000	13.224576271186441	96.0%	0.027	5.777071769721211
chr14	70800001	70820000	chr14	70600001	70820000	220000	20000	16.142045454545453	95.0%	0.01	5.743765631254332
chr2	38305001	38325000	chr2	38305001	38625000	320000	20000	21.140625	97.0%	0.0195	5.728592274837445
chr7	108170001	108195000	chr7	108170001	108500000	330000	25000	13.666666666666666	97.0%	0.033	5.724387852378294
chr3	194300001	194325000	chr3	193735001	194325000	590000	25000	7.715254237288136	95.0%	0.0095	5.702427237308519
chr8	95235001	95260000	chr8	94875001	95260000	385000	25000	11.953246753246754	95.0%	0.008	5.668154772437977
chr1	67750001	67770000	chr1	67505001	67770000	265000	20000	15.235849056603774	96.0%	0.02	5.636826696322767
chr15	50870001	50890000	chr15	50400001	50890000	490000	20000	8.775510204081632	95.0%	0.0295	5.620050121439205
chr8	74330001	74350000	chr8	73985001	74350000	365000	20000	11.886986301369863	96.0%	0.013	5.572336718622096
chr6	131915001	131935000	chr6	131915001	132300000	385000	20000	12.178571428571429	97.0%	0.042	5.552540843458515
chr11	19555001	19575000	chr11	19555001	19915000	360000	20000	11.934027777777779	95.0%	0.026000000000000002	5.525461327965721
chr5	68270001	68295000	chr5	68270001	69015000	745000	25000	6.389261744966443	95.0%	0.021	5.521901374296318
chr1	40070001	40090000	chr1	40070001	40415000	345000	20000	12.717391304347826	95.0%	0.012	5.521280124807346
chr10	110125001	110145000	chr10	110125001	110295000	170000	20000	21.610294117647058	98.0%	0.0035	5.503442494914418
chr15	67290001	67310000	chr15	66900001	67310000	410000	20000	10.658536585365853	95.0%	0.041	5.487429587760877
chr2	46870001	46895000	chr2	46505001	46895000	390000	25000	15.441025641025641	98.0%	0.0225	5.463474474518861
chr9	105140001	105160000	chr9	104770001	105160000	390000	20000	10.692307692307692	97.0%	0.016	5.4541755539440215
chr16	32805001	32840000	chr16	32330001	32840000	510000	35000	7.8125	96.0%	0.021	5.445468926937432
chr11	8545001	8575000	chr11	8165001	8575000	410000	30000	14.6869918699187	95.0%	0.0245	5.441827373073399
chr5	142145001	142165000	chr5	142145001	142650000	505000	20000	9.324257425742575	97.0%	0.022	5.42378474139043
chr20	47375001	47395000	chr20	47185001	47395000	210000	20000	14.958333333333334	98.0%	0.013	5.40385949772122
chr2	69715001	69735000	chr2	69715001	69905000	190000	20000	29.69736842105263	98.0%	0.0045000000000000005	5.389488318804886
chr9	12705001	12725000	chr9	12705001	13130000	425000	20000	10.897058823529411	95.0%	0.027	5.377155095634871
chr6	115970001	115990000	chr6	115970001	116275000	305000	20000	20.557377049180328	98.0%	0.013	5.37276878614404
chr7	82720001	82740000	chr7	82030001	82740000	710000	20000	7.191901408450704	95.0%	0.02	5.362621227823275
chr15	85285001	85310000	chr15	85285001	85735000	450000	25000	9.211111111111112	95.0%	0.025500000000000002	5.356221292783283
chr15	56485001	56505000	chr15	56485001	57355000	870000	20000	4.844827586206897	95.0%	0.068	5.338907184017303
chr11	27465001	27490000	chr11	27185001	27490000	305000	25000	13.452459016393442	95.0%	0.009	5.320437886207982
chr6	56355001	56375000	chr6	56355001	56755000	400000	20000	12.271875	95.0%	0.0325	5.30656870538807
chr5	148730001	148750000	chr5	148730001	149290000	560000	20000	8.944196428571429	97.0%	0.0285	5.2909009871516
chr11	27175001	27205000	chr11	27175001	27500000	325000	30000	13.035897435897438	95.0%	0.019	5.23696742775569
chr12	91370001	91390000	chr12	91370001	92445000	1075000	20000	5.013953488372093	96.0%	0.023	5.224501363116826
chr6	143565001	143600000	chr6	143565001	144020000	455000	35000	10.63265306122449	96.0%	0.04	5.197741061927997
chr17	57975001	58000000	chr17	57840001	58000000	160000	25000	23.4	98.0%	0.022	5.173366213184495
chr2	69695001	69720000	chr2	69270001	69720000	450000	25000	15.104444444444445	96.0%	0.0075	5.159713855240157
chr6	121425001	121445000	chr6	121425001	122190000	765000	20000	6.531045751633987	95.0%	0.029	5.135479069897179
chr4	77585001	77615000	chr4	77360001	77615000	255000	30000	17.6078431372549	96.0%	0.005	5.124125638542359
chr1	67475001	67510000	chr1	67205001	67510000	305000	35000	13.920374707259953	96.0%	0.016	5.111188399775555
chr3	183370001	183400000	chr3	183095001	183400000	305000	30000	14.762295081967212	96.0%	0.013	5.108977080180296
chr11	6370001	6390000	chr11	6370001	6710000	340000	20000	16.18014705882353	95.0%	0.020999999999999998	5.107733190799513
chr9	109560001	109585000	chr9	109560001	109890000	330000	25000	13.342424242424244	97.0%	0.0315	5.10441045588711
chr1	185660001	185690000	chr1	185170001	185690000	520000	30000	9.306089743589743	95.0%	0.029	5.103705895773597
chr9	114890001	114915000	chr9	114665001	114915000	250000	25000	16.856	96.0%	0.013000000000000001	5.088249562514948
chr12	105410001	105430000	chr12	105410001	106230000	820000	20000	6.1067073170731705	96.0%	0.0375	5.081706156396369
chr4	159430001	159455000	chr4	159180001	159455000	275000	25000	14.876363636363635	98.0%	0.014	5.07944748274672
chr8	18670001	18690000	chr8	18180001	18690000	510000	20000	9.073529411764707	96.0%	0.02	5.073216225503688
chr10	120935001	120955000	chr10	120935001	121755000	820000	20000	5.077743902439025	95.0%	0.0305	5.03237682843999
chr20	44210001	44230000	chr20	44210001	44480000	270000	20000	12.958333333333334	98.0%	0.011	5.028198684268556
chr4	157980001	158000000	chr4	157980001	158260000	280000	20000	15.151785714285714	97.0%	0.0275	5.022301705474996
chr2	149550001	149570000	chr2	148915001	149570000	655000	20000	7.343511450381679	95.0%	0.009	5.010660796736414
chr4	74120001	74145000	chr4	73655001	74145000	490000	25000	10.406122448979591	97.0%	0.0115	4.988654232254429
chr11	11000001	11025000	chr11	10755001	11025000	270000	25000	15.974074074074073	95.0%	0.0075	4.983824110551748
chr2	147895001	147920000	chr2	146875001	147920000	1045000	25000	5.234449760765551	95.0%	0.024	4.963307268409992
chr10	114690001	114710000	chr10	114440001	114710000	270000	20000	14.962962962962964	95.0%	0.0085	4.9604783301230695
chr10	95350001	95370000	chr10	95125001	95370000	245000	20000	16.816326530612244	97.0%	0.006	4.9590387313152196
chr2	64035001	64055000	chr2	64035001	64320000	285000	20000	19.842105263157894	98.0%	0.007	4.953760874168962
chr6	145615001	145645000	chr6	145030001	145645000	615000	30000	8.658536585365853	95.0%	0.024	4.946806084337688
chr4	20675001	20695000	chr4	20395001	20695000	300000	20000	13.208333333333334	97.0%	0.010499999999999999	4.944967775514065
chr16	55685001	55705000	chr16	55450001	55705000	255000	20000	15.205882352941176	95.0%	0.026	4.937212581554248
chr2	181735001	181755000	chr2	181735001	182095000	360000	20000	14.15625	98.0%	0.0265	4.909261877113307
chr2	168945001	168965000	chr2	168945001	169230000	285000	20000	15.640350877192983	98.0%	0.017	4.908682761439881
chr5	96320001	96340000	chr5	95845001	96340000	495000	20000	9.633838383838384	96.0%	0.031	4.907987966472308
chr2	60985001	61005000	chr2	60560001	61005000	445000	20000	14.393258426966293	95.0%	0.008	4.907024873904626
chr9	115585001	115605000	chr9	115585001	116590000	1005000	20000	4.842039800995025	95.0%	0.07	4.903340858904547
chr7	100950001	100970000	chr7	100950001	101075000	125000	20000	52.58	98.0%	0.001	4.888082228465218
chr20	18265001	18285000	chr20	17915001	18285000	370000	20000	10.739864864864865	95.0%	0.022	4.872406759665409
chr21	36140001	36160000	chr21	36140001	36400000	260000	20000	11.822115384615385	98.0%	0.020499999999999997	4.86774780740469
chr3	69680001	69710000	chr3	69680001	69955000	275000	30000	16.596969696969698	96.0%	0.01	4.867481061894845
chr6	138110001	138145000	chr6	138110001	138640000	530000	35000	9.735849056603772	97.0%	0.016	4.8671420161559285
chr16	21550001	21575000	chr16	21135001	21575000	440000	25000	12.087058823529413	96.0%	0.024	4.833533311912777
chr3	189960001	189985000	chr3	189960001	190445000	485000	25000	10.872164948453609	97.0%	0.017	4.810837534273004
chr3	168025001	168045000	chr3	167880001	168045000	165000	20000	24.65909090909091	98.0%	0.014	4.766038355513546
chr8	125105001	125130000	chr8	125105001	125725000	620000	25000	7.16774193548387	96.0%	0.0315	4.752410722952211
chr3	111955001	111975000	chr3	111665001	111975000	310000	20000	15.213709677419354	98.0%	0.0185	4.749978319196432
chr1	211640001	211665000	chr1	211305001	211665000	360000	25000	11.325	95.0%	0.009	4.70623399018571
chr2	38255001	38280000	chr2	37955001	38280000	325000	25000	19.833846153846153	97.0%	0.022	4.701481967845092
chr1	68115001	68135000	chr1	68115001	68450000	335000	20000	13.753731343283581	95.0%	0.046	4.70048033640337
chr5	141025001	141050000	chr5	140845001	141050000	205000	25000	20.282926829268295	98.0%	0.03	4.680293354287213
chr1	169330001	169355000	chr1	168585001	169355000	770000	25000	6.067532467532468	96.0%	0.078	4.660975924969019
chr22	39100001	39125000	chr22	38845001	39125000	280000	25000	11.567857142857143	96.0%	0.087	4.636829860898522
chr7	134935001	134960000	chr7	134505001	134960000	455000	25000	10.246153846153847	95.0%	0.033	4.631521244861927
chr8	18900001	18925000	chr8	18900001	19350000	450000	25000	9.45111111111111	98.0%	0.0215	4.593228731568775
chr22	29230001	29250000	chr22	28590001	29250000	660000	20000	5.420454545454546	95.0%	0.094	4.591021371649006
chr15	91050001	91075000	chr15	91050001	91275000	225000	25000	16.0	97.0%	0.032	4.5893850194585255
chr7	111750001	111770000	chr7	111750001	112490000	740000	20000	6.548986486486487	96.0%	0.0465	4.582565072832412
chr17	45375001	45395000	chr17	45215001	45395000	180000	20000	18.67361111111111	95.0%	0.0025	4.573152786265767
chr3	154240001	154260000	chr3	153950001	154260000	310000	20000	14.875	95.0%	0.0085	4.566090174772382
chr9	68575001	68605000	chr9	68575001	69025000	450000	30000	9.325925925925926	96.0%	0.044	4.5331378822024
chr5	174945001	174965000	chr5	174945001	175535000	590000	20000	8.398305084745763	96.0%	0.025500000000000002	4.52782682702708
chr12	13265001	13285000	chr12	13265001	13990000	725000	20000	7.189655172413793	96.0%	0.015	4.51334520840075
chr15	39160001	39185000	chr15	39160001	39765000	605000	25000	6.965289256198348	95.0%	0.039	4.50694358386312
chr9	121380001	121405000	chr9	121205001	121405000	200000	25000	19.475	98.0%	0.012	4.48403625707391
chr12	90970001	90990000	chr12	90970001	91360000	390000	20000	11.919871794871796	96.0%	0.018500000000000003	4.4707808036279
chr4	86910001	86935000	chr4	86910001	87165000	255000	25000	14.811764705882354	97.0%	0.004	4.432902181593978
chr11	86795001	86815000	chr11	86570001	86815000	245000	20000	15.571428571428571	97.0%	0.005	4.425443352328211
chr4	119280001	119300000	chr4	118970001	119300000	330000	20000	13.651515151515152	97.0%	0.0195	4.421363477242847
chr11	34875001	34895000	chr11	34525001	34895000	370000	20000	12.344594594594595	97.0%	0.034	4.419793082159678
chr6	85340001	85360000	chr6	85340001	85600000	260000	20000	15.432692307692308	98.0%	0.011	4.419245400198593
chr20	47610001	47630000	chr20	47185001	47630000	445000	20000	8.803370786516854	96.0%	0.022	4.405729077116385
chr11	13760001	13780000	chr11	13760001	14250000	490000	20000	9.400510204081632	95.0%	0.020999999999999998	4.395002501923591
chr1	241520001	241540000	chr1	241520001	241905000	385000	20000	12.084415584415584	97.0%	0.036	4.389073007696875
chr6	83505001	83525000	chr6	83090001	83525000	435000	20000	11.413793103448276	96.0%	0.011	4.388787850421153
chr1	181150001	181170000	chr1	180875001	181170000	295000	20000	13.063559322033898	96.0%	0.011	4.380292312576326
chr19	12130001	12150000	chr19	11865001	12150000	285000	20000	11.491228070175438	95.0%	0.037	4.380079720711884
chr12	58340001	58360000	chr12	58340001	59165000	825000	20000	6.13030303030303	95.0%	0.013	4.364037162484742
chr15	83235001	83265000	chr15	83235001	83570000	335000	30000	11.395522388059701	95.0%	0.038	4.361488254145464
chr5	174410001	174430000	chr5	174410001	174805000	395000	20000	11.420886075949367	98.0%	0.023	4.350655909854456
chr6	45700001	45720000	chr6	45415001	45720000	305000	20000	13.364754098360656	98.0%	0.01	4.321036853980417
chr2	70335001	70355000	chr2	70335001	70650000	315000	20000	21.28968253968254	98.0%	0.021	4.298512356684101
chr4	80355001	80380000	chr4	80355001	81055000	700000	25000	6.975714285714285	98.0%	0.0565	4.287866762461579
chr11	4060001	4080000	chr11	3775001	4080000	305000	20000	19.827868852459016	96.0%	0.032	4.286008148941676
chr21	42800001	42825000	chr21	42580001	42825000	245000	25000	14.877551020408163	95.0%	0.032	4.28113431396135
chr6	60230001	60250000	chr6	60230001	61420000	1190000	20000	4.424242424242424	96.0%	0.010499999999999999	4.277826321098882
chr6	142100001	142125000	chr6	141600001	142125000	525000	25000	10.064761904761905	96.0%	0.02	4.272355878378821
chr9	21770001	21790000	chr9	21455001	21790000	335000	20000	12.992537313432836	95.0%	0.049	4.251782315154525
chr18	8965001	8990000	chr18	8645001	8990000	345000	25000	12.01449275362319	96.0%	0.012	4.249071838619612
chr14	54160001	54180000	chr14	53925001	54180000	255000	20000	14.009803921568627	95.0%	0.034	4.243375714242806
chr5	95640001	95665000	chr5	95640001	95845000	205000	25000	20.06829268292683	97.0%	0.013	4.237393584887894
chr22	29025001	29045000	chr22	28845001	29045000	200000	20000	15.56875	96.0%	0.036500000000000005	4.235399976041976
chr5	34885001	34905000	chr5	34470001	34905000	435000	20000	10.479885057471265	98.0%	0.08	4.233850183671469
chr3	46360001	46385000	chr3	45840001	46385000	545000	25000	8.935779816513762	96.0%	0.015	4.201004805813761
chr17	36620001	36640000	chr17	36620001	37250000	630000	20000	6.2063492063492065	95.0%	0.048	4.1998053939343
chr6	125945001	125970000	chr6	125775001	125970000	195000	25000	22.035897435897436	97.0%	0.004	4.186788308525465
chr1	227420001	227445000	chr1	226910001	227445000	535000	25000	8.508411214953272	95.0%	0.018	4.185058967395619
chr21	29080001	29105000	chr21	29080001	29515000	435000	25000	9.701149425287356	95.0%	0.089	4.1844663731406095
chr2	235100001	235120000	chr2	234505001	235120000	615000	20000	7.579268292682927	97.0%	0.019	4.179367736165738
chr12	30800001	30820000	chr12	29580001	30820000	1240000	20000	3.6441532258064515	95.0%	0.0165	4.175629116375108
chr20	37525001	37545000	chr20	37185001	37545000	360000	20000	9.395833333333334	95.0%	0.0285	4.170184209795248
chr9	76975001	77000000	chr9	76745001	77000000	255000	25000	16.0	95.0%	0.026	4.1646176625135025
chrX	154590001	154610000	chrX	154590001	154865000	275000	20000	5.382075471698113	98.0%	0.068	4.1643421343219105
chr6	138750001	138770000	chr6	138415001	138770000	355000	20000	12.919014084507042	96.0%	0.011	4.142619393253734
chr11	13950001	13975000	chr11	13950001	14255000	305000	25000	13.737704918032787	96.0%	0.016	4.141047080304505
chr22	40915001	40935000	chr22	40915001	41305000	390000	20000	9.080128205128204	95.0%	0.052000000000000005	4.131248409549906
chr3	66805001	66830000	chr3	66240001	66830000	590000	25000	7.950847457627118	95.0%	0.064	4.128421911470562
chr16	19905001	19925000	chr16	19905001	20345000	440000	20000	8.005681818181818	96.0%	0.043	4.1260629828636946
chr11	130430001	130455000	chr11	130430001	130895000	465000	25000	9.415053763440861	98.0%	0.071	4.118063129483708
chr11	10720001	10745000	chr11	10330001	10745000	415000	25000	10.15421686746988	95.0%	0.02	4.116563310457312
chr2	32760001	32785000	chr2	32760001	33385000	625000	25000	11.120000000000001	95.0%	0.019	4.110621201315314
chr10	54685001	54705000	chr10	54685001	55155000	470000	20000	16.231382978723403	96.0%	0.0235	4.107179459002855
chr14	99870001	99890000	chr14	99635001	99890000	255000	20000	14.995098039215685	95.0%	0.03	4.105931204708382
chr11	34575001	34595000	chr11	34575001	34900000	325000	20000	13.580769230769231	97.0%	0.028	4.0947021518837206
chr8	8745001	8780000	chr8	8745001	9035000	290000	35000	14.219211822660098	96.0%	0.0215	4.093042189570544
chr17	71465001	71495000	chr17	71465001	71925000	460000	30000	9.010869565217392	95.0%	0.051500000000000004	4.066877654857663
chr11	4615001	4645000	chr11	4615001	5385000	770000	30000	8.673160173160174	97.0%	0.05	4.063987718338931
chr3	64020001	64040000	chr3	64020001	64495000	475000	20000	9.25263157894737	95.0%	0.03	4.05859879506536
chr6	52410001	52435000	chr6	52410001	52670000	260000	25000	15.573076923076922	98.0%	0.0115	4.05253875152758
chr13	27370001	27390000	chr13	27370001	28000000	630000	20000	6.75	96.0%	0.03	4.047136736707173
chr18	6535001	6555000	chr18	6535001	6895000	360000	20000	10.649305555555555	97.0%	0.087	4.046901400606742
chr3	183885001	183905000	chr3	183885001	184295000	410000	20000	10.021341463414634	95.0%	0.014499999999999999	4.043062424295266
chr13	73690001	73715000	chr13	72825001	73715000	890000	25000	5.228089887640449	97.0%	0.036000000000000004	4.03621958709364
chr4	74665001	74685000	chr4	74185001	74685000	500000	20000	9.72	98.0%	0.009999999999999998	4.035656163934158
chr1	66755001	66775000	chr1	66755001	67220000	465000	20000	9.06989247311828	96.0%	0.041	4.03384557370984
chr9	90905001	90925000	chr9	90905001	91740000	835000	20000	5.517964071856287	95.0%	0.03	4.005458889613207
chr16	75745001	75770000	chr16	75375001	75770000	395000	25000	9.253164556962025	95.0%	0.025	3.9852640260735908
chr1	225755001	225775000	chr1	225465001	225775000	310000	20000	13.040322580645162	96.0%	0.015	3.9628983156347766
chr2	207745001	207770000	chr2	207745001	208205000	460000	25000	10.015217391304349	95.0%	0.018000000000000002	3.9542243189642554
chr19	46270001	46290000	chr19	46270001	46565000	295000	20000	10.822033898305085	95.0%	0.032	3.939673745189584
chr15	101280001	101305000	chr15	101280001	101660000	380000	25000	9.389473684210525	96.0%	0.055999999999999994	3.9289793047764463
chr3	12465001	12485000	chr3	12115001	12485000	370000	20000	11.405405405405405	96.0%	0.0195	3.9252355838839814
chr2	170395001	170415000	chr2	170395001	170810000	415000	20000	11.94277108433735	98.0%	0.011	3.915762749870249
chr3	195505001	195530000	chr3	195260001	195530000	270000	25000	14.2	98.0%	0.010499999999999999	3.9106376255709763
chrX	19890001	19925000	chrX	19890001	20140000	250000	35000	7.625714285714286	95.0%	0.0635	3.9091007647762086
chr18	35380001	35415000	chr18	35380001	35750000	370000	35000	10.534749034749035	98.0%	0.025	3.908906366359129
chr12	94090001	94110000	chr12	93405001	94110000	705000	20000	6.652482269503546	97.0%	0.044	3.9084421710669397
chr12	65290001	65315000	chr12	65290001	66120000	830000	25000	6.093975903614458	96.0%	0.087	3.9035736676938453
chr6	137630001	137650000	chr6	137065001	137650000	585000	20000	8.271367521367521	96.0%	0.036	3.9029014849231882
chr12	7215001	7235000	chr12	7215001	7650000	435000	20000	10.298850574712644	95.0%	0.037	3.8967957481921607
chr4	123645001	123665000	chr4	123340001	123665000	325000	20000	13.988461538461538	97.0%	0.018	3.8878963015035963
chr4	76510001	76530000	chr4	76510001	76750000	240000	20000	18.151041666666668	98.0%	0.018500000000000003	3.8857576411994
chr9	72575001	72600000	chr9	72305001	72600000	295000	25000	13.04406779661017	96.0%	0.031	3.8829776616763327
chr1	22965001	22985000	chr1	22965001	23285000	320000	20000	11.5390625	95.0%	0.0165	3.880744286482545
chr5	58490001	58510000	chr5	58490001	58855000	365000	20000	11.784246575342467	97.0%	0.029	3.8709441130350193
chr1	91505001	91530000	chr1	91505001	92110000	605000	25000	8.277685950413224	96.0%	0.039	3.8140640315796888
chr6	157305001	157325000	chr6	157305001	158005000	700000	20000	7.939285714285714	95.0%	0.0165	3.807139054314269
chr14	67935001	67955000	chr14	67935001	68845000	910000	20000	5.7651098901098905	97.0%	0.0315	3.8011863284969705
chr12	21690001	21710000	chr12	21690001	22085000	395000	20000	10.806962025316455	98.0%	0.037	3.8001061994899668
chr1	183895001	183920000	chr1	183640001	183920000	280000	25000	16.02857142857143	95.0%	0.015	3.7950496238609874
chr16	74295001	74320000	chr16	74295001	74875000	580000	25000	6.517241379310344	95.0%	0.047	3.7878806036897585
chr12	89535001	89555000	chr12	89535001	90950000	1415000	20000	4.318021201413427	95.0%	0.034	3.7843927406156705
chr14	22555001	22575000	chr14	22555001	22910000	355000	20000	11.105633802816902	95.0%	0.022	3.778230806964476
chr16	84465001	84495000	chr16	84220001	84495000	275000	30000	12.815151515151515	95.0%	0.03	3.77765544542472
chr5	34175001	34195000	chr5	33630001	34195000	565000	20000	11.811946902654867	97.0%	0.011	3.772832179027378
chr7	97820001	97850000	chr7	97095001	97850000	755000	30000	5.970198675496689	97.0%	0.062	3.7715772644757086
chr6	29840001	29875000	chr6	29840001	30035000	195000	35000	19.131868131868135	98.0%	0.006	3.768762391969464
chr10	28365001	28390000	chr10	28235001	28390000	155000	25000	22.8	98.0%	0.001	3.760570557151957
chr7	143720001	143740000	chr7	143720001	144150000	430000	20000	4.895348837209302	95.0%	0.012	3.755169251821029
chr10	101995001	102020000	chr10	101830001	102020000	190000	25000	22.2	99.0%	0.012	3.7465916213976644
chr6	141980001	142000000	chr6	141980001	142120000	140000	20000	27.714285714285715	98.0%	0.026000000000000002	3.74432054376243
chr8	38950001	38985000	chr8	38810001	38985000	175000	35000	21.41224489795918	97.0%	0.03	3.7213858460414526
chr8	130660001	130685000	chr8	130120001	130685000	565000	25000	8.251327433628319	96.0%	0.025	3.7162376244597795
chr3	43530001	43550000	chr3	43530001	44245000	715000	20000	6.3024475524475525	95.0%	0.019	3.714694100171734
chr1	13225001	13245000	chr1	12655001	13245000	590000	20000	7.025	96.0%	0.020999999999999998	3.7141751092507627
chr11	121575001	121595000	chr11	121190001	121595000	405000	20000	11.358024691358025	95.0%	0.02	3.711339867490657
chr2	68915001	68930000	chr2	68530001	68930000	400000	15000	16.1375	96.0%	0.022	3.7043727492414744
chr10	16835001	16855000	chr10	16835001	17480000	645000	20000	7.213178294573644	95.0%	0.073	3.700936838245739
chr12	27420001	27440000	chr12	27420001	27710000	290000	20000	15.043103448275861	97.0%	0.033	3.6863915145193165
chr7	103030001	103065000	chr7	102750001	103065000	315000	35000	13.43310657596372	95.0%	0.024	3.6858421557126846
chr15	48855001	48875000	chr15	48855001	49230000	375000	20000	9.723333333333333	97.0%	0.058	3.6676101678023962
chr14	58490001	58510000	chr14	58490001	59130000	640000	20000	6.556640625	97.0%	0.068	3.664830572655395
chr11	95830001	95850000	chr11	95830001	96435000	605000	20000	8.477272727272727	95.0%	0.033	3.6429126202538926
chr3	159610001	159630000	chr3	159610001	159820000	210000	20000	18.49404761904762	97.0%	0.0345	3.6320564043848176
chr5	36685001	36705000	chr5	36175001	36705000	530000	20000	8.60377358490566	95.0%	0.023	3.627521575073189
chr4	68155001	68180000	chr4	67875001	68180000	305000	25000	14.662295081967212	96.0%	0.012	3.6267625293391026
chr7	23050001	23075000	chr7	22510001	23075000	565000	25000	7.732743362831859	97.0%	0.035	3.612587313379387
chr10	117155001	117180000	chr10	116620001	117180000	560000	25000	7.517857142857143	98.0%	0.0195	3.606453820970562
chr8	8650001	8670000	chr8	8265001	8670000	405000	20000	11.37037037037037	97.0%	0.025	3.60624969107567
chr10	77165001	77195000	chr10	77165001	77710000	545000	30000	8.790519877675841	95.0%	0.036	3.591531516106001
chr1	159995001	160020000	chr1	159785001	160020000	235000	25000	17.927659574468088	95.0%	0.01	3.5884994650146846
chr8	81215001	81235000	chr8	81000001	81235000	235000	20000	18.606382978723403	98.0%	0.018	3.5870482908558765
chr5	97145001	97165000	chr5	96625001	97165000	540000	20000	9.07638888888889	95.0%	0.020999999999999998	3.583101990234988
chr4	169475001	169495000	chr4	168915001	169495000	580000	20000	8.189655172413794	97.0%	0.0645	3.5824885295870756
chr12	13205001	13235000	chr12	12905001	13235000	330000	30000	12.929292929292929	98.0%	0.011	3.582231535989642
chr11	10400001	10420000	chr11	10400001	10740000	340000	20000	12.143382352941176	97.0%	0.025500000000000002	3.5789778927783393
chr4	110950001	110970000	chr4	110580001	110970000	390000	20000	10.775641025641026	98.0%	0.023	3.5754093414779216
chr6	32465001	32485000	chr6	32465001	32590000	125000	20000	27.416666666666668	98.0%	0.001	3.5692636025334883
chr5	135180001	135205000	chr5	134905001	135205000	300000	25000	13.146666666666667	96.0%	0.018000000000000002	3.567940306317791
chr17	970001	990000	chr17	710001	990000	280000	20000	10.575892857142858	96.0%	0.018500000000000003	3.566348779913613
chr14	37135001	37155000	chr14	36575001	37155000	580000	20000	7.206896551724138	96.0%	0.0335	3.5628119065068615
chr7	148950001	148970000	chr7	148260001	148970000	710000	20000	5.992957746478873	95.0%	0.02	3.5623633819248424
chr1	147875001	147895000	chr1	147630001	147895000	265000	20000	14.14622641509434	96.0%	0.029	3.5551944746970845
chr6	124860001	124880000	chr6	124860001	125320000	460000	20000	9.611413043478262	96.0%	0.036000000000000004	3.546536481435295
chr2	54100001	54125000	chr2	54100001	54845000	745000	25000	8.994630872483222	97.0%	0.095	3.540111668710257
chr2	57750001	57770000	chr2	57750001	58830000	1080000	20000	7.503472222222222	95.0%	0.04	3.5268018050670653
chr7	28910001	28930000	chr7	28910001	29420000	510000	20000	8.098039215686274	97.0%	0.0655	3.521440285657779
chr2	54510001	54540000	chr2	54510001	54845000	335000	30000	19.256218905472636	97.0%	0.028	3.519774910508335
chr17	49990001	50010000	chr17	49675001	50010000	335000	20000	10.08955223880597	95.0%	0.029	3.510386758153939
chr3	158775001	158795000	chr3	158525001	158795000	270000	20000	15.791666666666666	95.0%	0.0215	3.506255150398812
chr9	83325001	83350000	chr9	83325001	83600000	275000	25000	14.483636363636364	98.0%	0.041	3.506044582876577
chr15	62780001	62795000	chr15	62780001	63105000	325000	15000	11.558974358974359	97.0%	0.042	3.497197697384975
chr20	4075001	4095000	chr20	3875001	4095000	220000	20000	14.505681818181818	96.0%	0.01	3.4953891151057337
chr1	85300001	85325000	chr1	85300001	85910000	610000	25000	8.247540983606559	96.0%	0.017	3.4749705884987567
chr2	69910001	69930000	chr2	69910001	70280000	370000	20000	16.80743243243243	95.0%	0.026000000000000002	3.4727576683596797
chr7	106165001	106190000	chr7	106165001	106795000	630000	25000	7.571428571428571	96.0%	0.039	3.4700900992722294
chr1	93800001	93820000	chr1	93630001	93820000	190000	20000	20.06578947368421	98.0%	0.008	3.4669131673095857
chr1	182770001	182790000	chr1	182455001	182790000	335000	20000	13.294776119402986	97.0%	0.028	3.45312087494768
chr5	88720001	88740000	chr5	88720001	89485000	765000	20000	5.84640522875817	96.0%	0.021	3.4376453626867165
chr1	245025001	245045000	chr1	244790001	245045000	255000	20000	16.034313725490197	95.0%	0.021	3.4366758520076273
chr2	152175001	152200000	chr2	152175001	152745000	570000	25000	8.440350877192982	98.0%	0.0465	3.4204982990815176
chr9	69040001	69075000	chr9	69040001	69400000	360000	35000	11.019841269841269	95.0%	0.032	3.407153941564343
chr1	84935001	84955000	chr1	84935001	85270000	335000	20000	12.003731343283581	95.0%	0.022	3.3976360366752014
chr5	92305001	92330000	chr5	92305001	93085000	780000	25000	6.365384615384615	95.0%	0.028	3.392338267281404
chr4	41205001	41225000	chr4	40900001	41225000	325000	20000	12.188461538461539	97.0%	0.015	3.3781192753685554
chr7	116250001	116270000	chr7	116250001	116595000	345000	20000	13.460144927536232	98.0%	0.076	3.374628178917954
chr2	136365001	136390000	chr2	135740001	136390000	650000	25000	7.6523076923076925	95.0%	0.0275	3.368222837695187
chr10	110310001	110325000	chr10	110310001	110685000	375000	15000	13.351111111111111	96.0%	0.047	3.362735146091998
chr3	142575001	142595000	chr3	142575001	143005000	430000	20000	9.773255813953488	95.0%	0.0275	3.358453280912898
chr10	58770001	58790000	chr10	58770001	59670000	900000	20000	5.651388888888889	95.0%	0.0225	3.3542087963364726
chr4	41680001	41700000	chr4	41680001	41975000	295000	20000	13.724576271186441	96.0%	0.029	3.3494921009632987
chr1	207780001	207800000	chr1	207570001	207800000	230000	20000	16.967391304347824	95.0%	0.018500000000000003	3.3404752055889557
chr4	88215001	88240000	chr4	88215001	88525000	310000	25000	14.203225806451613	97.0%	0.0825	3.3403555137252177
chr2	19360001	19380000	chr2	19360001	19875000	515000	20000	8.725728155339805	95.0%	0.035	3.3345069020343474
chr18	46270001	46290000	chr18	46270001	46665000	395000	20000	9.873417721518987	98.0%	0.032	3.329149166116627
chr3	134295001	134315000	chr3	134295001	134495000	200000	20000	19.08125	97.0%	0.0075	3.328263046121792
chr17	17350001	17370000	chr17	17350001	17660000	310000	20000	11.15725806451613	96.0%	0.028	3.3233065490736373
chr16	20835001	20855000	chr16	20835001	21190000	355000	20000	11.43661971830986	95.0%	0.036	3.3193899349566767
chr2	39505001	39525000	chr2	39505001	39735000	230000	20000	26.168478260869566	98.0%	0.0295	3.3158204010796384
chr13	51780001	51800000	chr13	51110001	51800000	690000	20000	5.9855072463768115	95.0%	0.067	3.3140608043636743
chrX	23880001	23905000	chrX	23690001	23905000	215000	25000	8.246511627906976	98.0%	0.074	3.3133281051080243
chr5	59345001	59375000	chr5	59175001	59375000	200000	30000	20.345833333333335	97.0%	0.0055	3.312138897535722
chr14	61240001	61260000	chr14	60540001	61260000	720000	20000	6.28125	95.0%	0.07300000000000001	3.2939536322871605
chr3	190185001	190215000	chr3	189955001	190215000	260000	30000	16.131410256410255	97.0%	0.0345	3.288810906893342
chr1	167065001	167085000	chr1	167065001	167455000	390000	20000	11.067307692307692	98.0%	0.0275	3.288603132292387
chr17	67675001	67695000	chr17	67450001	67695000	245000	20000	14.489795918367347	95.0%	0.028	3.28500883136205
chr1	20205001	20225000	chr1	20205001	20500000	295000	20000	12.652542372881356	95.0%	0.022	3.282051318112148
chr3	141435001	141455000	chr3	141290001	141455000	165000	20000	25.242424242424242	97.0%	0.002	3.2786392700108755
chr1	199670001	199690000	chr1	199670001	200515000	845000	20000	5.615384615384615	97.0%	0.081	3.2775477607838814
chr4	155350001	155370000	chr4	154795001	155370000	575000	20000	7.7	95.0%	0.027	3.2767189114322894
chr2	177105001	177140000	chr2	176660001	177140000	480000	35000	9.619047619047619	97.0%	0.0125	3.2596696888285366
chr12	52150001	52170000	chr12	52150001	52385000	235000	20000	14.398936170212766	96.0%	0.01	3.253608489182466
chr3	64520001	64540000	chr3	64520001	65440000	920000	20000	5.115489130434782	95.0%	0.0625	3.243582829558575
chr2	47300001	47330000	chr2	46720001	47330000	610000	30000	11.404371584699454	95.0%	0.026000000000000002	3.232792784955493
chr2	58430001	58450000	chr2	57850001	58450000	600000	20000	11.820833333333333	96.0%	0.022	3.224569854552607
chr17	43305001	43325000	chr17	42945001	43325000	380000	20000	6.664285714285715	96.0%	0.027	3.2196086826185635
chr16	31425001	31450000	chr16	30960001	31450000	490000	25000	7.1775510204081625	95.0%	0.06	3.210734124984151
chr6	142685001	142705000	chr6	142685001	143445000	760000	20000	7.3355263157894735	95.0%	0.025	3.2063024428348283
chr3	113040001	113070000	chr3	113040001	113635000	595000	30000	7.80812324929972	96.0%	0.035	3.20246321896207
chr9	98255001	98275000	chr9	97915001	98275000	360000	20000	10.159722222222221	96.0%	0.0235	3.197426218397672
chr9	32365001	32390000	chr9	32365001	32600000	235000	25000	15.92340425531915	95.0%	0.048	3.193063365558311
chr4	107895001	107915000	chr4	107745001	107915000	170000	20000	24.705882352941178	98.0%	0.002	3.191026995234093
chr12	76605001	76630000	chr12	76605001	76935000	330000	25000	12.66969696969697	95.0%	0.0465	3.188877277210935
chr11	86440001	86460000	chr11	86440001	86925000	485000	20000	9.551546391752577	96.0%	0.014	3.187903001959172
chr19	16165001	16185000	chr19	16045001	16185000	140000	20000	20.276785714285715	95.0%	0.026	3.1858130481407168
chr1	198675001	198695000	chr1	198075001	198695000	620000	20000	7.705645161290323	95.0%	0.026000000000000002	3.183576598869896
chr8	48915001	48940000	chr8	48120001	48940000	820000	25000	5.221951219512195	97.0%	0.0395	3.1834127933054615
chr3	150480001	150505000	chr3	150220001	150505000	285000	25000	15.452631578947367	97.0%	0.023	3.181047245415441
chr2	197765001	197785000	chr2	197000001	197785000	785000	20000	5.409235668789809	97.0%	0.024	3.180512694031879
chr15	69055001	69080000	chr15	69055001	69470000	415000	25000	10.004819277108433	96.0%	0.041	3.1773802176852493
chr6	137695001	137710000	chr6	137695001	138005000	310000	15000	14.833333333333334	98.0%	0.052500000000000005	3.1756535694857315
chr7	48865001	48895000	chr7	48295001	48895000	600000	30000	6.751388888888889	95.0%	0.053	3.1738901544672573
chr6	150400001	150425000	chr6	150400001	150890000	490000	25000	9.087755102040816	96.0%	0.0325	3.1653979524128903
chr7	90405001	90435000	chr7	90145001	90435000	290000	30000	14.10344827586207	96.0%	0.019	3.160473432279471
chr12	62775001	62795000	chr12	62565001	62795000	230000	20000	16.918478260869566	96.0%	0.01	3.151338354301379
chr20	40965001	40985000	chr20	40965001	41240000	275000	20000	12.85	96.0%	0.017	3.148172414747557
chr3	159240001	159260000	chr3	158810001	159260000	450000	20000	11.91388888888889	96.0%	0.016	3.147663717158915
chr2	202170001	202190000	chr2	201670001	202190000	520000	20000	9.139423076923077	95.0%	0.022	3.144841435158282
chr15	71715001	71740000	chr15	71495001	71740000	245000	25000	15.465306122448979	95.0%	0.019	3.143235579856726
chr20	45275001	45295000	chr20	45005001	45295000	290000	20000	13.120689655172415	95.0%	0.035500000000000004	3.1423686494547862
chr7	105745001	105765000	chr7	105745001	106050000	305000	20000	13.831967213114755	96.0%	0.025	3.138477944402062
chr3	32170001	32190000	chr3	32170001	32510000	340000	20000	11.797794117647058	98.0%	0.016	3.1375695872723215
chr13	75675001	75695000	chr13	75675001	76095000	420000	20000	9.232142857142858	95.0%	0.026000000000000002	3.131291813750912
chr21	39110001	39130000	chr21	38775001	39130000	355000	20000	10.105633802816902	96.0%	0.034	3.1156056155707996
chr15	80765001	80790000	chr15	80405001	80790000	385000	25000	9.706493506493507	95.0%	0.042	3.114449219681779
chr5	72125001	72145000	chr5	72125001	72315000	190000	20000	20.19736842105263	99.0%	0.02	3.112207947569356
chr7	143195001	143225000	chr7	142845001	143225000	380000	30000	12.024122807017543	96.0%	0.0325	3.1095804281998443
chr12	47030001	47050000	chr12	47030001	47700000	670000	20000	9.472014925373134	97.0%	0.045	3.1021403487770525
chr6	133895001	133920000	chr6	133525001	133920000	395000	25000	11.979746835443038	95.0%	0.05	3.0972611666388183
chr7	134420001	134445000	chr7	134420001	134615000	195000	25000	18.93846153846154	95.0%	0.009	3.092610130280247
chr21	39775001	39795000	chr21	39775001	40135000	360000	20000	8.82986111111111	95.0%	0.040499999999999994	3.0920850449658
chr7	81445001	81465000	chr7	80740001	81465000	725000	20000	6.294827586206897	97.0%	0.027	3.0861772626314243
chr18	48015001	48035000	chr18	48015001	48475000	460000	20000	7.497282608695652	95.0%	0.0455	3.080071667001676
chr18	50805001	50830000	chr18	50805001	51105000	300000	25000	11.916666666666668	95.0%	0.0325	3.0784780809595715
chr8	109335001	109355000	chr8	109335001	110030000	695000	20000	7.318345323741007	95.0%	0.03	3.0757943579385394
chr16	19075001	19100000	chr16	19075001	19520000	445000	25000	8.64494382022472	95.0%	0.037	3.0742996553298374
chr1	182950001	182970000	chr1	182950001	183280000	330000	20000	11.522727272727273	98.0%	0.019	3.071471045527599
chr1	176360001	176380000	chr1	176360001	176885000	525000	20000	8.25	96.0%	0.041	3.0689339837314824
chr5	139415001	139435000	chr5	139415001	139635000	220000	20000	18.40909090909091	96.0%	0.013999999999999999	3.0672680344396777
chr3	13890001	13910000	chr3	13890001	14265000	375000	20000	11.173333333333334	95.0%	0.031	3.064674946770202
chr12	10125001	10145000	chr12	9740001	10145000	405000	20000	10.354938271604938	95.0%	0.027	3.058577306840853
chr8	42655001	42675000	chr8	42400001	42675000	275000	20000	13.722727272727273	97.0%	0.034	3.0544091115461236
chr20	4580001	4600000	chr20	4095001	4600000	505000	20000	8.415841584158416	95.0%	0.033	3.0542653121215366
chr17	27585001	27605000	chr17	27335001	27605000	270000	20000	11.476851851851851	95.0%	0.031	3.053359930103111
chr15	81240001	81260000	chr15	81095001	81260000	165000	20000	20.757575757575758	97.0%	0.029	3.0442556129878366
chr6	24850001	24870000	chr6	24850001	25085000	235000	20000	17.319148936170212	96.0%	0.018	3.0361435768550664
chr9	69180001	69200000	chr9	69030001	69200000	170000	20000	21.11764705882353	96.0%	0.006500000000000001	3.031876779726914
chr3	149255001	149275000	chr3	148935001	149275000	340000	20000	13.382352941176471	95.0%	0.0315	3.0284522702710985
chr2	164720001	164750000	chr2	164720001	165020000	300000	30000	14.758333333333333	95.0%	0.022	3.0240215076098296
chr15	67855001	67875000	chr15	67855001	68135000	280000	20000	13.107142857142858	95.0%	0.032	3.018596012822067
chr2	175020001	175040000	chr2	175020001	175330000	310000	20000	13.78225806451613	98.0%	0.0265	3.011008315854535
chr12	71405001	71425000	chr12	71405001	71760000	355000	20000	12.07394366197183	95.0%	0.026	3.0103517378123548
chr8	93955001	93975000	chr8	93580001	93975000	395000	20000	10.962025316455696	96.0%	0.018	3.006773699798235
chr4	176330001	176350000	chr4	175900001	176350000	450000	20000	9.097222222222221	95.0%	0.0215	3.0035061940555354
chr14	53530001	53550000	chr14	53530001	54175000	645000	20000	6.653100775193798	95.0%	0.062	2.996711192974072
chr7	44580001	44600000	chr7	44580001	44940000	360000	20000	10.069444444444445	95.0%	0.032	2.989442710516384
chr4	162490001	162515000	chr4	162490001	163345000	855000	25000	5.987134502923977	97.0%	0.047	2.985350699688555
chr5	113315001	113335000	chr5	112985001	113335000	350000	20000	12.542857142857143	98.0%	0.033	2.984688597382301
chr4	83250001	83280000	chr4	83010001	83280000	270000	30000	14.780864197530866	97.0%	0.0245	2.9584744898844915
chr1	26600001	26620000	chr1	26600001	26885000	285000	20000	14.206140350877194	96.0%	0.02	2.9552573714694903
chr3	160925001	160950000	chr3	160575001	160950000	375000	25000	12.08	97.0%	0.047	2.9463869588400673
chr11	130115001	130135000	chr11	129865001	130135000	270000	20000	16.15277777777778	97.0%	0.04	2.939183562047572
chr15	77950001	77970000	chr15	77950001	78255000	305000	20000	9.704918032786885	97.0%	0.04	2.938160043369017
chr21	34890001	34910000	chr21	34890001	35410000	520000	20000	7.012019230769231	95.0%	0.055	2.93488557134267
chr12	89445001	89465000	chr12	89020001	89465000	445000	20000	10.196629213483146	96.0%	0.037	2.926603580826129
chr6	131095001	131120000	chr6	130865001	131120000	255000	25000	17.937254901960785	98.0%	0.052	2.9263562986057154
chr1	210305001	210325000	chr1	209995001	210325000	330000	20000	13.015151515151516	95.0%	0.025500000000000002	2.9200924367269696
chr11	61165001	61190000	chr11	60765001	61190000	425000	25000	9.108235294117646	96.0%	0.014	2.9083817435489774
chr15	60340001	60360000	chr15	60340001	60525000	185000	20000	17.35135135135135	97.0%	0.027	2.903112508758375
chr4	76165001	76185000	chr4	76165001	76510000	345000	20000	13.177536231884059	97.0%	0.03	2.8992249946910023
chr1	235510001	235530000	chr1	235510001	235940000	430000	20000	10.011627906976743	97.0%	0.0325	2.8931557079705867
chr1	84920001	84940000	chr1	84435001	84940000	505000	20000	8.485148514851485	96.0%	0.031	2.8906215639533053
chr2	46430001	46460000	chr2	46010001	46460000	450000	30000	15.651851851851852	95.0%	0.03	2.8856645946342483
chr5	127750001	127770000	chr5	127750001	128215000	465000	20000	10.0	95.0%	0.025	2.880161051383112
chr11	113295001	113315000	chr11	113295001	113800000	505000	20000	8.07920792079208	96.0%	0.033	2.8794677554009103
chr13	59660001	59680000	chr13	59385001	59680000	295000	20000	12.690677966101696	97.0%	0.064	2.8690452169139267
chr20	57325001	57345000	chr20	57075001	57345000	270000	20000	12.875	95.0%	0.018000000000000002	2.868480308226395
chr6	47085001	47110000	chr6	47085001	47410000	325000	25000	13.91076923076923	95.0%	0.03	2.8636828577263285
chr10	23980001	24000000	chr10	23980001	24555000	575000	20000	7.706521739130435	97.0%	0.041	2.862494873609515
chr16	77570001	77590000	chr16	77250001	77590000	340000	20000	11.125	96.0%	0.041	2.860925523787143
chr17	64300001	64325000	chr17	64300001	64495000	195000	25000	17.297435897435896	95.0%	0.027	2.8593292683419125
chr1	46710001	46735000	chr1	46445001	46735000	290000	25000	13.0	97.0%	0.0285	2.8571661161747848
chr14	67155001	67180000	chr14	67155001	67355000	200000	25000	17.81	96.0%	0.03	2.8546671171191327
chr7	20295001	20330000	chr7	19715001	20330000	615000	35000	8.40650406504065	95.0%	0.02	2.8467044563025308
chr1	89970001	89990000	chr1	89775001	89990000	215000	20000	18.877906976744185	98.0%	0.021	2.8455700279617053
chr19	37900001	37915000	chr19	37900001	38185000	285000	15000	10.426900584795321	95.0%	0.035	2.8400111420000025
chr9	112090001	112110000	chr9	112090001	112825000	735000	20000	6.4523809523809526	96.0%	0.048	2.8382731734164324
chr1	119465001	119485000	chr1	119465001	119680000	215000	20000	16.802325581395348	98.0%	0.016	2.837497708205842
chr22	30755001	30790000	chr22	30755001	30955000	200000	35000	16.04285714285714	95.0%	0.0665	2.837314943945832
chr5	151630001	151655000	chr5	151430001	151655000	225000	25000	17.622222222222224	97.0%	0.015	2.835803207619345
chr6	11055001	11075000	chr6	10805001	11075000	270000	20000	14.421296296296296	95.0%	0.0275	2.83419154526695
chr15	59475001	59495000	chr15	59130001	59495000	365000	20000	10.845890410958905	95.0%	0.074	2.8327348043852325
chr2	57900001	57920000	chr2	57900001	58490000	590000	20000	12.538135593220339	96.0%	0.0175	2.832496130875198
chr15	71425001	71450000	chr15	70955001	71450000	495000	25000	8.034343434343434	96.0%	0.061	2.8316096643561184
chr6	57305001	57330000	chr6	56600001	57330000	730000	25000	5.6876712328767125	95.0%	0.02	2.8308041860053827
chr12	31665001	31690000	chr12	31665001	32215000	550000	25000	7.410909090909091	95.0%	0.028	2.8307466693934638
chr2	63675001	63700000	chr2	63675001	64040000	365000	25000	16.52054794520548	97.0%	0.066	2.83015408486785
chr2	69020001	69050000	chr2	69020001	69320000	300000	30000	21.919444444444448	97.0%	0.07	2.8284228997561716
chr15	52710001	52740000	chr15	52180001	52740000	560000	30000	7.8273809523809526	95.0%	0.0605	2.8252610659008406
chr2	166525001	166550000	chr2	166525001	167265000	740000	25000	6.371621621621622	98.0%	0.0775	2.8171950129274204
chr17	47595001	47620000	chr17	47240001	47620000	380000	25000	10.121052631578948	95.0%	0.032	2.8132709361772306
chr3	156140001	156165000	chr3	156140001	156545000	405000	25000	10.935802469135803	97.0%	0.041	2.8093796904845196
chr13	24210001	24235000	chr13	23915001	24235000	320000	25000	11.903125	96.0%	0.0435	2.8070901322652575
chr1	182380001	182405000	chr1	182080001	182405000	325000	25000	12.196923076923076	96.0%	0.052	2.8065271911674476
chr8	29305001	29325000	chr8	28710001	29325000	615000	20000	6.658536585365853	95.0%	0.027	2.8062344330812894
chr17	7860001	7880000	chr17	7860001	8060000	200000	20000	18.325	95.0%	0.025	2.804977521011687
chr5	13975001	13995000	chr5	13975001	14400000	425000	20000	8.897058823529411	98.0%	0.035	2.8033551758298114
chr21	35045001	35065000	chr21	35045001	35405000	360000	20000	9.947916666666666	96.0%	0.07050000000000001	2.7957385712261447
chr1	64130001	64150000	chr1	63630001	64150000	520000	20000	9.475961538461538	96.0%	0.039	2.790469605075426
chr18	74325001	74350000	chr18	74035001	74350000	315000	25000	13.095238095238097	95.0%	0.032	2.788298660514732
chr6	47290001	47315000	chr6	47080001	47315000	235000	25000	17.080851063829787	95.0%	0.019	2.7881659985839344
chr6	55050001	55075000	chr6	54690001	55075000	385000	25000	11.233766233766234	96.0%	0.029	2.7798078193480324
chr1	109770001	109790000	chr1	109770001	110020000	250000	20000	14.01	95.0%	0.0485	2.778619712659834
chr13	100225001	100245000	chr13	99895001	100245000	350000	20000	11.532142857142857	96.0%	0.031	2.7765765911375966
chr7	130005001	130030000	chr7	129360001	130030000	670000	25000	5.950746268656717	96.0%	0.025	2.772205075402266
chr12	95520001	95540000	chr12	95000001	95540000	540000	20000	8.386574074074074	95.0%	0.027	2.7720783155458686
chr7	71715001	71735000	chr7	70815001	71735000	920000	20000	4.7228260869565215	95.0%	0.033	2.771731316995966
chr3	111705001	111730000	chr3	111705001	112045000	340000	25000	12.76470588235294	96.0%	0.017	2.770628968397068
chr10	24495001	24515000	chr10	24335001	24515000	180000	20000	20.375	99.0%	0.016	2.770605261501524
chr9	985001	1015000	chr9	340001	1015000	675000	30000	6.125925925925926	95.0%	0.049	2.76881755856345
chr4	174345001	174365000	chr4	174345001	174815000	470000	20000	10.86968085106383	95.0%	0.01	2.7668177968940766
chr17	68745001	68770000	chr17	68160001	68770000	610000	25000	6.49672131147541	95.0%	0.039	2.7503769914379643
chr14	64655001	64675000	chr14	64655001	64925000	270000	20000	13.12037037037037	95.0%	0.028	2.7503136520718887
chr20	50440001	50465000	chr20	50175001	50465000	290000	25000	12.010344827586206	95.0%	0.0305	2.747743270176681
chr3	127945001	127975000	chr3	127565001	127975000	410000	30000	11.254065040650408	95.0%	0.0175	2.7441833069500814
chr10	6385001	6405000	chr10	6105001	6405000	300000	20000	12.957627118644067	96.0%	0.0125	2.7424773908823514
chr9	18240001	18265000	chr9	18240001	19035000	795000	25000	5.879245283018868	95.0%	0.061	2.7385707075942607
chr7	92605001	92625000	chr7	92605001	93065000	460000	20000	10.067934782608695	96.0%	0.033	2.7357383309251975
chr20	340001	360000	chr20	340001	490000	150000	20000	19.8	97.0%	0.003	2.735667468552075
chr17	65280001	65305000	chr17	65280001	65460000	180000	25000	18.06111111111111	98.0%	0.0175	2.711755911131733
chr13	44420001	44440000	chr13	44075001	44440000	365000	20000	10.955479452054794	97.0%	0.028	2.711050890505039
chr3	69655001	69680000	chr3	69110001	69680000	570000	25000	7.296491228070176	95.0%	0.0405	2.7101984518008857
chr7	108130001	108160000	chr7	107120001	108160000	1040000	30000	4.986378205128205	96.0%	0.0195	2.707984507140572
chr2	26735001	26755000	chr2	26505001	26755000	250000	20000	15.66	95.0%	0.018	2.706698877581517
chr6	44065001	44085000	chr6	43665001	44085000	420000	20000	8.943452380952381	95.0%	0.014499999999999999	2.700179507411789
chr12	110585001	110610000	chr12	110430001	110610000	180000	25000	18.83888888888889	95.0%	0.003	2.6977668439434894
chr1	224320001	224340000	chr1	224110001	224340000	230000	20000	16.5	95.0%	0.035	2.688302565211947
chr9	124540001	124560000	chr9	124540001	124765000	225000	20000	17.57777777777778	97.0%	0.027	2.680897823964481
chr20	5540001	5570000	chr20	5540001	6040000	500000	30000	8.788333333333332	96.0%	0.036500000000000005	2.680039012729899
chr12	15835001	15865000	chr12	15535001	15865000	330000	30000	14.16161616161616	96.0%	0.0905	2.6666654232303535
chrX	13475001	13495000	chrX	12910001	13495000	585000	20000	3.9380341880341883	95.0%	0.069	2.653517675027898
chr8	27845001	27865000	chr8	27845001	28150000	305000	20000	11.663934426229508	98.0%	0.03	2.6524472785170934
chr7	12060001	12080000	chr7	12060001	12495000	435000	20000	10.841954022988507	97.0%	0.05	2.6459046045324306
chr8	98015001	98040000	chr8	97670001	98040000	370000	25000	11.835135135135136	95.0%	0.024	2.64466925753057
chr11	121650001	121670000	chr11	121650001	122520000	870000	20000	5.602011494252873	95.0%	0.0955	2.6307523346475725
chr19	2950001	2970000	chr19	2950001	3170000	220000	20000	12.267045454545455	95.0%	0.029	2.6307258405611584
chr1	160940001	160960000	chr1	160705001	160960000	255000	20000	14.436274509803921	96.0%	0.025	2.6302323665658136
chr11	6015001	6035000	chr11	6015001	6355000	340000	20000	17.470588235294116	97.0%	0.041999999999999996	2.6272524114624676
chr8	80975001	80990000	chr8	80605001	80990000	385000	15000	11.441558441558442	97.0%	0.023	2.622790723169091
chr20	58860001	58880000	chr20	58860001	59490000	630000	20000	6.154761904761905	97.0%	0.0595	2.617841347320886
chr15	75300001	75325000	chr15	74850001	75325000	475000	25000	6.381052631578948	96.0%	0.052	2.616495694774811
chr4	39455001	39480000	chr4	39455001	39985000	530000	25000	8.09433962264151	97.0%	0.034	2.6159333569618997
chr5	149095001	149125000	chr5	148740001	149125000	385000	30000	11.694805194805197	95.0%	0.025	2.6077448027592074
chr3	42085001	42110000	chr3	41880001	42110000	230000	25000	16.008695652173913	95.0%	0.0345	2.605739142099547
chr12	30840001	30865000	chr12	30840001	31285000	445000	25000	8.438202247191011	98.0%	0.019	2.605491574473805
chr4	41275001	41295000	chr4	41275001	41900000	625000	20000	7.862	95.0%	0.053	2.5873219764335436
chr4	114385001	114405000	chr4	114385001	114815000	430000	20000	10.880813953488373	97.0%	0.061	2.584163495172035
chr21	28720001	28750000	chr21	28040001	28750000	710000	30000	6.188967136150235	97.0%	0.08349999999999999	2.5836429921193584
chr15	53800001	53820000	chr15	53800001	53980000	180000	20000	17.27777777777778	98.0%	0.033	2.582135770928813
chr7	55240001	55255000	chr7	54790001	55255000	465000	15000	9.232974910394265	97.0%	0.025	2.582016562437866
chr19	42780001	42800000	chr19	42780001	43100000	320000	20000	9.7109375	96.0%	0.035	2.578484658375069
chr4	88190001	88210000	chr4	88020001	88210000	190000	20000	19.736842105263158	98.0%	0.0045000000000000005	2.5737082137145006
chr13	44480001	44505000	chr13	44480001	44920000	440000	25000	9.64318181818182	96.0%	0.0485	2.55786127810254
chr3	10750001	10780000	chr3	10750001	11060000	310000	30000	13.18279569892473	95.0%	0.0225	2.556624763523661
chr15	44205001	44225000	chr15	43865001	44225000	360000	20000	11.0625	96.0%	0.0285	2.554763703113159
chr4	123390001	123410000	chr4	123390001	123615000	225000	20000	16.066666666666666	97.0%	0.027	2.545952020583301
chr15	30655001	30680000	chr15	30655001	31150000	495000	25000	5.947474747474748	97.0%	0.039	2.5348345134349
chr17	18020001	18040000	chr17	17865001	18040000	175000	20000	18.15714285714286	96.0%	0.016	2.533970413397822
chr11	65810001	65835000	chr11	65695001	65835000	140000	25000	24.664285714285715	98.0%	0.029	2.531631963689605
chr1	53860001	53885000	chr1	53860001	54100000	240000	25000	16.725	97.0%	0.022	2.529928694699687
chr13	49595001	49615000	chr13	49230001	49615000	385000	20000	9.457792207792208	95.0%	0.055	2.529052233973662
chr14	58055001	58080000	chr14	57425001	58080000	655000	25000	6.622900763358778	96.0%	0.076	2.5170183377822677
chr11	12020001	12045000	chr11	11785001	12045000	260000	25000	15.919230769230769	97.0%	0.0225	2.5162877526074965
chr8	120930001	120950000	chr8	120085001	120950000	865000	20000	5.690751445086705	97.0%	0.025	2.511950534384477
chr12	54945001	54970000	chr12	54690001	54970000	280000	25000	14.917857142857141	98.0%	0.0275	2.5114168122101534
chr4	186925001	186945000	chr4	186655001	186945000	290000	20000	12.163793103448276	97.0%	0.017	2.5043167130978174
chr18	59985001	60010000	chr18	59985001	60420000	435000	25000	8.595402298850574	95.0%	0.064	2.5036675723742046
chr14	61820001	61840000	chr14	61275001	61840000	565000	20000	7.982300884955753	96.0%	0.033	2.496858850634698
chr7	95905001	95925000	chr7	95905001	97185000	1280000	20000	4.109375	95.0%	0.073	2.496723825317229
chr1	63675001	63700000	chr1	63675001	64125000	450000	25000	9.620000000000001	95.0%	0.035	2.496455813094659
chr1	110190001	110210000	chr1	110190001	110500000	310000	20000	10.935483870967742	96.0%	0.0295	2.496253872020227
chr2	38500001	38520000	chr2	38110001	38520000	410000	20000	16.789634146341463	96.0%	0.0225	2.4905892494778765
chr7	81490001	81515000	chr7	81490001	82025000	535000	25000	8.809345794392524	98.0%	0.079	2.489553892438066
chr6	13330001	13350000	chr6	13330001	13620000	290000	20000	13.426724137931034	95.0%	0.025500000000000002	2.48755253957833
chr20	48600001	48625000	chr20	47655001	48625000	970000	25000	4.010309278350515	95.0%	0.0465	2.486589219696648
chr10	71295001	71320000	chr10	71295001	71815000	520000	25000	6.975	95.0%	0.0315	2.4827870766663844
chr9	96200001	96225000	chr9	95740001	96225000	485000	25000	7.952577319587628	95.0%	0.032	2.478121641353825
chr10	21270001	21290000	chr10	21270001	21690000	420000	20000	8.717261904761905	95.0%	0.027	2.477309959865991
chr11	129320001	129340000	chr11	128955001	129340000	385000	20000	11.493506493506494	96.0%	0.032	2.4760773619635197
chr8	86345001	86365000	chr8	86035001	86365000	330000	20000	11.984848484848484	99.0%	0.049	2.475351205029793
chr6	142380001	142405000	chr6	142145001	142405000	260000	25000	15.957692307692307	95.0%	0.0135	2.4698151769559296
chr22	18065001	18085000	chr22	17735001	18085000	350000	20000	9.3	95.0%	0.075	2.465570679283388
chr16	32255001	32275000	chr16	32255001	32645000	390000	20000	6.4743589743589745	95.0%	0.0775	2.465372782666712
chr20	34310001	34330000	chr20	34310001	34515000	205000	20000	17.323170731707318	97.0%	0.027	2.4634924073170446
chr16	86510001	86535000	chr16	86010001	86535000	525000	25000	6.43047619047619	97.0%	0.05	2.462795460137587
chr5	14995001	15020000	chr5	14670001	15020000	350000	25000	11.731428571428571	96.0%	0.0325	2.462263145055303
chr1	235065001	235085000	chr1	234555001	235085000	530000	20000	7.334905660377358	97.0%	0.0275	2.461314125201973
chr8	37705001	37740000	chr8	37150001	37740000	590000	35000	7.15859564164649	97.0%	0.04	2.4594096443290416
chr3	45195001	45215000	chr3	45025001	45215000	190000	20000	18.24342105263158	97.0%	0.0215	2.4554965626831065
chr14	90285001	90310000	chr14	90285001	90760000	475000	25000	8.383157894736843	98.0%	0.057	2.4543501091855693
chr18	48470001	48490000	chr18	48470001	48670000	200000	20000	17.725	97.0%	0.025	2.4513967572931974
chr7	7095001	7115000	chr7	7095001	7425000	330000	20000	11.890151515151516	97.0%	0.0315	2.4472382557708525
chr15	97720001	97755000	chr15	97210001	97755000	545000	35000	8.35386631716907	95.0%	0.099	2.4429823664992547
chr12	105360001	105390000	chr12	105045001	105390000	345000	30000	11.79951690821256	97.0%	0.034	2.4386190896920485
chr9	97595001	97615000	chr9	97385001	97615000	230000	20000	15.923913043478262	96.0%	0.028	2.4384158838581005
chr8	61085001	61105000	chr8	60555001	61105000	550000	20000	8.00909090909091	97.0%	0.061	2.436520755086825
chr3	70345001	70365000	chr3	70060001	70365000	305000	20000	13.75	95.0%	0.032	2.4363479825945578
chr4	183245001	183270000	chr4	182930001	183270000	340000	25000	12.947058823529412	95.0%	0.0545	2.43258538597206
chr6	127525001	127550000	chr6	127265001	127550000	285000	25000	15.47719298245614	95.0%	0.023	2.4320268582069233
chr4	76060001	76085000	chr4	75890001	76085000	195000	25000	21.471794871794874	97.0%	0.009	2.431745685603558
chr18	34865001	34885000	chr18	34865001	35150000	285000	20000	14.403508771929825	95.0%	0.033	2.4316018184411194
chr3	8090001	8115000	chr3	7300001	8115000	815000	25000	6.262576687116565	95.0%	0.056	2.429164847380462
chr13	23855001	23875000	chr13	23660001	23875000	215000	20000	14.709302325581396	97.0%	0.024	2.4254727353028147
chr11	100565001	100590000	chr11	100565001	100995000	430000	25000	10.546511627906977	95.0%	0.0505	2.423962346557119
chr3	196505001	196525000	chr3	196010001	196525000	515000	20000	8.754854368932039	95.0%	0.082	2.4222623018106266
chr8	108905001	108925000	chr8	108905001	109325000	420000	20000	10.892857142857142	97.0%	0.0485	2.4192394929812364
chr3	155310001	155330000	chr3	154765001	155330000	565000	20000	7.991150442477876	96.0%	0.023	2.415461099529002
chr6	109175001	109200000	chr6	109175001	109535000	360000	25000	12.019444444444444	96.0%	0.0345	2.413959584535188
chr1	98455001	98475000	chr1	97805001	98475000	670000	20000	7.251865671641791	95.0%	0.0625	2.412458248147534
chr18	22970001	22990000	chr18	22795001	22990000	195000	20000	18.403846153846153	98.0%	0.032	2.4090575697867114
chr15	43625001	43650000	chr15	43335001	43650000	315000	25000	7.482539682539683	96.0%	0.035	2.4072843071166825
chr17	19510001	19530000	chr17	19510001	19740000	230000	20000	14.326086956521738	95.0%	0.027	2.406938828352525
chr3	122665001	122685000	chr3	122380001	122685000	305000	20000	12.34016393442623	98.0%	0.045	2.4024249219828424
chr5	163550001	163570000	chr5	163550001	164080000	530000	20000	7.783018867924528	96.0%	0.077	2.3947323594022274
chr2	134985001	135015000	chr2	134985001	135905000	920000	30000	5.386775362318841	96.0%	0.0795	2.3877598728868565
chr11	36250001	36270000	chr11	35470001	36270000	800000	20000	5.64375	97.0%	0.04	2.3859039995599036
chr1	169795001	169815000	chr1	169545001	169815000	270000	20000	14.648148148148149	98.0%	0.028999999999999998	2.382522753725849
chr7	93800001	93825000	chr7	93800001	94315000	515000	25000	12.596116504854368	95.0%	0.033	2.3822305885978268
chr7	86885001	86910000	chr7	86480001	86910000	430000	25000	10.204651162790698	96.0%	0.033	2.3797258131677927
chr2	186485001	186510000	chr2	186485001	186890000	405000	25000	12.4	95.0%	0.036	2.376039590235308
chr3	65775001	65795000	chr3	65775001	66200000	425000	20000	9.814705882352941	95.0%	0.027	2.374607574793108
chr4	9095001	9125000	chr4	8940001	9125000	185000	30000	15.887387387387387	97.0%	0.005	2.3706739423063734
chr1	100445001	100465000	chr1	99790001	100465000	675000	20000	6.714814814814815	98.0%	0.061	2.370436105395132
chr8	23675001	23695000	chr8	23455001	23695000	240000	20000	16.385416666666668	97.0%	0.014499999999999999	2.3671364321736084
chr1	200615001	200635000	chr1	200615001	200860000	245000	20000	16.4234693877551	98.0%	0.044	2.363056307672931
chr4	16015001	16045000	chr4	16015001	16270000	255000	30000	15.983660130718954	96.0%	0.064	2.3604309635310194
chr2	192150001	192170000	chr2	191600001	192170000	570000	20000	8.664473684210526	95.0%	0.034	2.3579692840219177
chr10	21985001	22010000	chr10	21985001	23080000	1095000	25000	4.302283105022831	95.0%	0.087	2.354982041189866
chr7	139990001	140010000	chr7	139465001	140010000	545000	20000	7.747706422018348	95.0%	0.063	2.3543817420444264
chr7	35980001	36005000	chr7	35980001	36325000	345000	25000	11.626086956521739	98.0%	0.065	2.3529315434003206
chr9	120750001	120770000	chr9	120750001	121070000	320000	20000	13.69921875	95.0%	0.035500000000000004	2.3519606183444997
chr2	237160001	237175000	chr2	237160001	237415000	255000	15000	16.516339869281044	98.0%	0.017	2.3512120013539954
chr11	74430001	74450000	chr11	74235001	74450000	215000	20000	18.098837209302324	96.0%	0.031	2.33940803860487
chr5	146935001	146965000	chr5	146530001	146965000	435000	30000	11.266283524904216	96.0%	0.034	2.3376488122036236
chr1	37670001	37690000	chr1	37440001	37690000	250000	20000	14.145	95.0%	0.0285	2.3337861554414467
chr2	199980001	200000000	chr2	199980001	200515000	535000	20000	9.785046728971963	97.0%	0.037	2.3323574917682195
chr5	36400001	36430000	chr5	36400001	36695000	295000	30000	13.94915254237288	97.0%	0.027	2.331628807914385
chr2	182630001	182660000	chr2	182155001	182660000	505000	30000	9.714521452145215	96.0%	0.078	2.3296081649435574
chr7	22540001	22560000	chr7	22540001	23025000	485000	20000	8.70360824742268	95.0%	0.023	2.3292502928751175
chr7	143225001	143245000	chr7	143225001	143425000	200000	20000	18.7875	97.0%	0.0075	2.3263174277361793
chr6	113980001	114000000	chr6	113980001	114315000	335000	20000	12.10820895522388	98.0%	0.027	2.3185234342269263
chr19	38230001	38245000	chr19	38230001	38405000	175000	15000	16.504761904761903	96.0%	0.018	2.3137535944170744
chr3	30030001	30050000	chr3	30030001	30745000	715000	20000	7.04020979020979	95.0%	0.036	2.3133386559264086
chr9	92780001	92800000	chr9	92575001	92800000	225000	20000	15.3	95.0%	0.06	2.3129067347368717
chr6	135415001	135430000	chr6	135005001	135430000	425000	15000	10.443137254901961	95.0%	0.077	2.3102369440370785
chr13	34065001	34085000	chr13	33790001	34085000	295000	20000	12.73728813559322	95.0%	0.044	2.3053596220080808
chr8	89970001	89990000	chr8	89720001	89990000	270000	20000	14.63888888888889	96.0%	0.028999999999999998	2.302440143347141
chr4	87825001	87845000	chr4	87265001	87845000	580000	20000	8.355603448275861	95.0%	0.022	2.301602392022826
chr14	75305001	75325000	chr14	75305001	75560000	255000	20000	14.313725490196079	95.0%	0.032	2.299405318615857
chr9	69955001	69985000	chr9	69955001	70280000	325000	30000	13.04102564102564	96.0%	0.058	2.2988594668910753
chr2	134105001	134130000	chr2	134105001	134495000	390000	25000	9.543589743589743	98.0%	0.0205	2.298491620184574
chr1	179355001	179375000	chr1	179055001	179375000	320000	20000	11.1328125	96.0%	0.022	2.2977660159939592
chr7	82025001	82050000	chr7	82025001	82635000	610000	25000	7.224590163934427	95.0%	0.0665	2.296979030316476
chr2	231400001	231435000	chr2	230820001	231435000	615000	35000	7.185830429732869	95.0%	0.018	2.296433967077339
chr21	38330001	38355000	chr21	38145001	38355000	210000	25000	17.41904761904762	95.0%	0.0325	2.2882877402285065
chr18	41360001	41390000	chr18	40855001	41390000	535000	30000	8.121495327102805	97.0%	0.038	2.2871707617229364
chr7	142985001	143005000	chr7	142590001	143005000	415000	20000	10.36144578313253	96.0%	0.032	2.273376941123315
chr2	62790001	62820000	chr2	62790001	63400000	610000	30000	10.688524590163935	96.0%	0.035	2.2730589132010435
chr15	79025001	79045000	chr15	79025001	79210000	185000	20000	18.16891891891892	96.0%	0.027	2.2689237653600745
chr22	39320001	39350000	chr22	39320001	39520000	200000	30000	15.504166666666668	96.0%	0.0455	2.2683637650808786
chr11	59790001	59810000	chr11	59525001	59810000	285000	20000	14.232456140350877	96.0%	0.021	2.264589894080522
chr14	96095001	96120000	chr14	96095001	96285000	190000	25000	18.3	95.0%	0.033	2.2615833778377996
chr1	18590001	18610000	chr1	18590001	18880000	290000	20000	11.366379310344827	96.0%	0.034	2.260771708914786
chr5	14635001	14655000	chr5	14320001	14655000	335000	20000	11.014925373134329	96.0%	0.06	2.2599338195594645
chr1	45015001	45035000	chr1	45015001	45305000	290000	20000	13.831896551724139	96.0%	0.0715	2.255423643572883
chr5	115565001	115585000	chr5	115195001	115585000	390000	20000	12.862179487179487	95.0%	0.0345	2.253166820120088
chr5	126345001	126365000	chr5	126345001	126650000	305000	20000	15.311475409836065	96.0%	0.026	2.2531098125607376
chr11	17050001	17070000	chr11	16780001	17070000	290000	20000	12.879310344827585	96.0%	0.03	2.2481426176192785
chr10	113375001	113395000	chr10	112510001	113395000	885000	20000	5.47457627118644	97.0%	0.033	2.246382677102727
chr14	31335001	31360000	chr14	30880001	31360000	480000	25000	8.14375	95.0%	0.043	2.245460548919334
chr20	40935001	40955000	chr20	40695001	40955000	260000	20000	13.04326923076923	98.0%	0.025500000000000002	2.2425310732579287
chr9	72275001	72295000	chr9	72275001	72820000	545000	20000	8.096330275229358	95.0%	0.036	2.2385096379415694
chr1	248605001	248625000	chr1	248605001	248815000	210000	20000	15.946428571428571	95.0%	0.0215	2.2335841029515637
chr2	46350001	46375000	chr2	46000001	46375000	375000	25000	16.789333333333335	99.0%	0.036	2.232128724251563
chr4	22685001	22705000	chr4	22320001	22705000	385000	20000	11.019480519480519	96.0%	0.034	2.223929895064166
chr18	58310001	58330000	chr18	58085001	58330000	245000	20000	13.301020408163266	97.0%	0.027	2.2229491685717964
chr1	8550001	8570000	chr1	8550001	8735000	185000	20000	20.405405405405407	98.0%	0.053	2.220613327235104
chr8	52720001	52740000	chr8	52720001	52970000	250000	20000	13.65	98.0%	0.0315	2.219101323853733
chr2	11400001	11430000	chr2	11155001	11430000	275000	30000	15.566666666666668	97.0%	0.009	2.213313295027953
chr17	28755001	28780000	chr17	28755001	28935000	180000	25000	20.372222222222224	95.0%	0.032	2.2092277697974576
chr2	200685001	200705000	chr2	200480001	200705000	225000	20000	18.622222222222224	96.0%	0.032	2.203583642478361
chr7	16105001	16130000	chr7	16105001	16920000	815000	25000	6.58282208588957	96.0%	0.055	2.202579340770787
chr12	9030001	9050000	chr12	8645001	9050000	405000	20000	10.145061728395062	95.0%	0.026	2.2008084789755182
chr8	38690001	38710000	chr8	38415001	38710000	295000	20000	13.932203389830509	95.0%	0.033	2.1973242124797783
chr12	64890001	64910000	chr12	64890001	65315000	425000	20000	11.032352941176471	95.0%	0.052	2.197294497202307
chr12	46650001	46675000	chr12	46115001	46675000	560000	25000	8.3625	97.0%	0.0435	2.1941642635201686
chr10	18200001	18220000	chr10	17840001	18220000	380000	20000	11.19078947368421	97.0%	0.028	2.191650132018583
chr9	27520001	27550000	chr9	27270001	27550000	280000	30000	13.901785714285715	97.0%	0.0685	2.1896849311559388
chr17	64125001	64145000	chr17	63900001	64145000	245000	20000	13.535714285714286	97.0%	0.033	2.18407935277936
chr3	69280001	69310000	chr3	69145001	69310000	165000	30000	25.075757575757578	96.0%	0.04	2.182517173691715
chr17	67370001	67395000	chr17	67370001	67695000	325000	25000	10.615384615384617	95.0%	0.046	2.179951290031165
chr19	12970001	12990000	chr19	12970001	13100000	130000	20000	19.96153846153846	98.0%	0.0265	2.175419322066578
chr7	123855001	123880000	chr7	123555001	123880000	325000	25000	13.436923076923076	95.0%	0.024	2.170894856053118
chr2	190775001	190795000	chr2	190775001	191035000	260000	20000	16.23076923076923	98.0%	0.0335	2.1697580698503383
chr13	92170001	92195000	chr13	92170001	92740000	570000	25000	7.210526315789474	95.0%	0.035500000000000004	2.16417790349806
chr22	30085001	30120000	chr22	30085001	30385000	300000	35000	11.911904761904763	96.0%	0.03	2.159297093717093
chr1	163300001	163320000	chr1	162830001	163320000	490000	20000	8.91326530612245	95.0%	0.096	2.157472175636021
chr6	138790001	138815000	chr6	138790001	139350000	560000	25000	8.12857142857143	97.0%	0.035	2.1571227670439455
chr7	39735001	39755000	chr7	39570001	39755000	185000	20000	18.905405405405407	98.0%	0.037	2.1498885614779266
chr18	62115001	62140000	chr18	61540001	62140000	600000	25000	6.826666666666666	97.0%	0.0565	2.1428502347860334
chr1	219565001	219585000	chr1	219565001	219820000	255000	20000	13.848039215686274	95.0%	0.039	2.1425292516081527
chr1	40395001	40415000	chr1	40135001	40415000	280000	20000	13.459821428571429	95.0%	0.0395	2.1404961239142373
chr6	145015001	145035000	chr6	144565001	145035000	470000	20000	9.726063829787234	95.0%	0.052000000000000005	2.1333417577179055
chr13	43890001	43915000	chr13	43890001	44460000	570000	25000	7.677192982456139	95.0%	0.0805	2.1249712614681333
chr4	40290001	40315000	chr4	40065001	40315000	250000	25000	16.208000000000002	97.0%	0.03	2.1217034889297355
chr14	73490001	73520000	chr14	73490001	73695000	205000	30000	15.901709401709402	96.0%	0.027	2.1159403603877958
chr4	152625001	152645000	chr4	152395001	152645000	250000	20000	16.51	98.0%	0.0115	2.114133961472001
chr13	96955001	96980000	chr13	95630001	96980000	1350000	25000	3.7562962962962962	95.0%	0.047	2.1027700633243196
chr10	93660001	93685000	chr10	93505001	93685000	180000	25000	21.577777777777776	96.0%	0.032	2.097457749989985
chr4	48075001	48095000	chr4	47660001	48095000	435000	20000	9.741379310344827	96.0%	0.027	2.0956371209762485
chr14	55410001	55430000	chr14	55200001	55430000	230000	20000	16.032608695652176	95.0%	0.041999999999999996	2.0925476315739746
chr14	59425001	59445000	chr14	59025001	59445000	420000	20000	10.860119047619047	95.0%	0.033	2.0911364595652087
chr12	27920001	27950000	chr12	27720001	27950000	230000	30000	17.275362318840582	95.0%	0.031	2.090572363493202
chr20	54210001	54230000	chr20	54210001	54660000	450000	20000	8.96111111111111	95.0%	0.0885	2.0891065360517986
chr13	33710001	33730000	chr13	33460001	33730000	270000	20000	13.356481481481481	97.0%	0.048	2.0869117791455953
chr7	113155001	113190000	chr7	113155001	113630000	475000	35000	14.069172932330828	95.0%	0.024	2.086127595880587
chr9	87310001	87330000	chr9	86410001	87330000	920000	20000	4.9103260869565215	98.0%	0.0645	2.085870986405562
chr13	39600001	39625000	chr13	39040001	39625000	585000	25000	7.015384615384616	96.0%	0.051	2.0835064022262695
chr14	67415001	67435000	chr14	67415001	67705000	290000	20000	11.948275862068966	96.0%	0.0305	2.082607416144584
chr19	32555001	32580000	chr19	32275001	32580000	305000	25000	10.481967213114753	95.0%	0.048	2.0824622241218074
chr7	138725001	138745000	chr7	138075001	138745000	670000	20000	6.277985074626866	96.0%	0.093	2.0817706696033507
chr2	236170001	236195000	chr2	235770001	236195000	425000	25000	8.83529411764706	98.0%	0.054	2.077657729325984
chr15	52245001	52265000	chr15	52245001	52745000	500000	20000	7.8725	95.0%	0.0605	2.075271541638759
chr9	113445001	113465000	chr9	113445001	113665000	220000	20000	16.09090909090909	95.0%	0.025500000000000002	2.070265212259363
chr1	175135001	175160000	chr1	175135001	175490000	355000	25000	11.11549295774648	95.0%	0.036	2.069322327519439
chr8	25165001	25185000	chr8	25165001	25490000	325000	20000	9.946153846153846	96.0%	0.036	2.067263164812879
chr4	84960001	84980000	chr4	84480001	84980000	500000	20000	7.885	95.0%	0.027999999999999997	2.065051675940844
chr5	150545001	150570000	chr5	150545001	150850000	305000	25000	12.18360655737705	96.0%	0.027	2.0636978728058075
chr9	85250001	85270000	chr9	84670001	85270000	600000	20000	6.404166666666667	95.0%	0.0905	2.063683260473917
chr4	119030001	119050000	chr4	119030001	119300000	270000	20000	17.305555555555557	97.0%	0.016	2.0589568395633027
chr7	98145001	98180000	chr7	98010001	98180000	170000	35000	23.176470588235297	96.0%	0.073	2.0562396576275983
chr8	100145001	100165000	chr8	100145001	100510000	365000	20000	10.400684931506849	95.0%	0.032	2.0561677847687645
chr2	18360001	18380000	chr2	18135001	18380000	245000	20000	16.193877551020407	98.0%	0.029	2.0525584049388894
chr3	37440001	37465000	chr3	37440001	37815000	375000	25000	11.272	96.0%	0.027	2.049112177818891
chr2	20625001	20640000	chr2	20345001	20640000	295000	15000	12.909604519774012	95.0%	0.033	2.0439634666772535
chr4	103195001	103225000	chr4	103195001	103930000	735000	30000	6.327664399092971	96.0%	0.068	2.042401512094391
chr6	144925001	144945000	chr6	144575001	144945000	370000	20000	12.219594594594595	96.0%	0.025	2.039096078813137
chr13	20490001	20510000	chr13	20490001	20855000	365000	20000	9.66095890410959	96.0%	0.078	2.0367113124181597
chr3	193020001	193045000	chr3	192815001	193045000	230000	25000	17.295652173913044	96.0%	0.0075	2.034000303307497
chr2	45630001	45650000	chr2	45630001	46010000	380000	20000	14.894736842105264	96.0%	0.066	2.0330398912305108
chr18	23400001	23425000	chr18	22800001	23425000	625000	25000	6.3984000000000005	95.0%	0.036	2.0305768164123874
chr6	122710001	122730000	chr6	122480001	122730000	250000	20000	17.45	95.0%	0.022	2.0295119453892907
chr11	114250001	114270000	chr11	113800001	114270000	470000	20000	8.837765957446809	95.0%	0.044	2.026016527881165
chr14	102685001	102720000	chr14	102685001	103095000	410000	35000	9.590592334494774	96.0%	0.07150000000000001	2.0257532388445014
chr5	73585001	73605000	chr5	73585001	73900000	315000	20000	13.238095238095237	95.0%	0.084	2.0256521802098506
chr18	3280001	3300000	chr18	3280001	3875000	595000	20000	7.682773109243698	95.0%	0.042	2.025593638343269
chr9	36990001	37010000	chr9	36990001	37455000	465000	20000	7.809139784946237	95.0%	0.054	2.025054357915427
chr6	148570001	148590000	chr6	148570001	149030000	460000	20000	10.173913043478262	97.0%	0.051000000000000004	2.024463875256548
chr1	24810001	24840000	chr1	24540001	24840000	300000	30000	11.944444444444445	98.0%	0.0245	2.023664087010696
chr12	8200001	8235000	chr12	7845001	8235000	390000	35000	12.256410256410257	96.0%	0.025500000000000002	2.0201444497539867
chr5	168260001	168280000	chr5	168260001	168490000	230000	20000	15.043478260869565	98.0%	0.031	2.019905614168495
chr8	66400001	66425000	chr8	66030001	66425000	395000	25000	10.627848101265823	98.0%	0.047	2.0172131737515184
chr3	120225001	120260000	chr3	120225001	120565000	340000	35000	12.470588235294118	95.0%	0.0725	2.0156622167167844
chr15	90065001	90080000	chr15	89905001	90080000	175000	15000	17.619047619047617	97.0%	0.053	2.0097697164845005
chr3	190210001	190230000	chr3	190210001	190435000	225000	20000	16.805555555555557	97.0%	0.03	2.008839269235215
chr7	24810001	24830000	chr7	24810001	25105000	295000	20000	13.046610169491526	97.0%	0.035	2.0068753206548178
chr10	73875001	73895000	chr10	73875001	74115000	240000	20000	14.666666666666666	95.0%	0.0345	2.006595037201375
chr4	189220001	189240000	chr4	189220001	189935000	715000	20000	7.1975524475524475	95.0%	0.026	2.0050575162655946
chr7	141960001	141980000	chr7	141960001	142200000	240000	20000	14.234375	98.0%	0.07400000000000001	2.004038073937266
chr5	159145001	159165000	chr5	159145001	159455000	310000	20000	12.741935483870968	96.0%	0.026000000000000002	2.0032735318180106
chr3	159105001	159125000	chr3	158840001	159125000	285000	20000	14.614035087719298	95.0%	0.031	2.0029510088468867
chr1	172435001	172460000	chr1	172435001	172680000	245000	25000	14.355102040816325	96.0%	0.036	2.002573923770095
chr9	121980001	122000000	chr9	121590001	122000000	410000	20000	9.310975609756097	95.0%	0.051500000000000004	2.001397828384273
chr11	44890001	44910000	chr11	44610001	44910000	300000	20000	12.15	95.0%	0.0195	1.9985120410733508
chr12	117865001	117890000	chr12	117865001	118055000	190000	25000	18.54736842105263	96.0%	0.0365	1.9924998155426363
chr16	87770001	87790000	chr16	87770001	87925000	155000	20000	19.016129032258064	97.0%	0.023	1.988005260844583
chr2	172700001	172715000	chr2	172465001	172715000	250000	15000	14.966666666666667	96.0%	0.023	1.9874319681876527
chr3	24250001	24270000	chr3	24250001	24690000	440000	20000	10.315340909090908	95.0%	0.093	1.9841295712632114
chr3	36680001	36700000	chr3	35990001	36700000	710000	20000	7.25	95.0%	0.0165	1.983858671422333
chr1	51170001	51190000	chr1	50735001	51190000	455000	20000	9.285714285714286	95.0%	0.033	1.9825046044769201
chr14	22360001	22385000	chr14	22115001	22385000	270000	25000	15.177777777777777	95.0%	0.0315	1.9807265618854306
chr6	33230001	33250000	chr6	33100001	33250000	150000	20000	23.891666666666666	97.0%	0.0295	1.9786873545744543
chr15	35275001	35300000	chr15	35275001	35560000	285000	25000	11.817543859649124	96.0%	0.04	1.9767732645434382
chr11	33660001	33685000	chr11	33345001	33685000	340000	25000	12.794117647058822	95.0%	0.024	1.9707974798901187
chr12	32910001	32930000	chr12	32750001	32930000	180000	20000	19.493055555555557	96.0%	0.0305	1.9704446619337619
chr2	165005001	165025000	chr2	165005001	165315000	310000	20000	13.830645161290322	97.0%	0.033	1.968294435661177
chr8	133425001	133455000	chr8	133115001	133455000	340000	30000	12.348039215686276	95.0%	0.0395	1.9682077914942662
chr5	142875001	142900000	chr5	142645001	142900000	255000	25000	16.615686274509805	95.0%	0.033	1.9681028252268036
chr11	124660001	124680000	chr11	124660001	124845000	185000	20000	20.243243243243242	97.0%	0.007	1.9654120641595563
chr2	181695001	181720000	chr2	181060001	181720000	660000	25000	7.474242424242425	95.0%	0.06	1.9522636319354827
chr10	99840001	99860000	chr10	99840001	100270000	430000	20000	10.046511627906977	95.0%	0.028	1.9512501771122002
chr7	94430001	94465000	chr7	94430001	95315000	885000	35000	5.623083131557707	96.0%	0.046	1.9462875326592486
chr6	24685001	24705000	chr6	24485001	24705000	220000	20000	18.551136363636363	97.0%	0.0275	1.9444043748901396
chr2	64860001	64880000	chr2	64490001	64880000	390000	20000	15.977564102564102	98.0%	0.022	1.944367699035508
chr1	24385001	24405000	chr1	24080001	24405000	325000	20000	10.834615384615384	97.0%	0.038	1.9375993931870579
chr1	224500001	224525000	chr1	224500001	224920000	420000	25000	9.826190476190476	97.0%	0.047	1.9333339492343848
chr17	18600001	18620000	chr17	18600001	18945000	345000	20000	5.456521739130435	97.0%	0.059	1.9331353969594076
chr18	59055001	59080000	chr18	58395001	59080000	685000	25000	6.213138686131387	95.0%	0.099	1.9138500754013614
chr5	154635001	154655000	chr5	154635001	155050000	415000	20000	8.63855421686747	95.0%	0.037	1.9118286416943304
chr11	12045001	12065000	chr11	12045001	12285000	240000	20000	16.302083333333332	97.0%	0.027	1.9112625578025273
chr15	80960001	80980000	chr15	80615001	80980000	365000	20000	9.702054794520548	95.0%	0.045	1.9085849947225395
chr11	129105001	129140000	chr11	129105001	129360000	255000	35000	16.42016806722689	95.0%	0.044	1.90750512208712
chr8	101285001	101310000	chr8	100565001	101310000	745000	25000	6.536912751677852	96.0%	0.031	1.9067165704419877
chr7	47260001	47280000	chr7	47260001	47980000	720000	20000	6.112847222222222	96.0%	0.031	1.904214758571527
chr3	16030001	16055000	chr3	16030001	16255000	225000	25000	17.662222222222223	96.0%	0.032	1.903804865220394
chr13	100495001	100515000	chr13	100225001	100515000	290000	20000	14.081896551724139	97.0%	0.0265	1.9035250322953239
chr3	15100001	15120000	chr3	15100001	15415000	315000	20000	12.130952380952381	96.0%	0.027	1.8976142304424748
chr19	33775001	33800000	chr19	33775001	34150000	375000	25000	8.208	97.0%	0.051	1.897169047596186
chr15	70670001	70690000	chr15	70670001	71020000	350000	20000	10.496428571428572	95.0%	0.07250000000000001	1.8965925014098508
chr21	36005001	36030000	chr21	35840001	36030000	190000	25000	16.6	95.0%	0.0905	1.8965220481867613
chr22	32515001	32535000	chr22	32515001	32830000	315000	20000	9.301587301587302	95.0%	0.087	1.895085441310806
chr9	98840001	98865000	chr9	98840001	99150000	310000	25000	12.387096774193548	95.0%	0.041	1.8911842082626718
chr9	91760001	91780000	chr9	91760001	92015000	255000	20000	13.980392156862745	95.0%	0.031	1.8911808396374523
chr3	14455001	14475000	chr3	14175001	14475000	300000	20000	11.2375	96.0%	0.016	1.8881566756380466
chr2	85275001	85300000	chr2	84875001	85300000	425000	25000	10.362352941176471	95.0%	0.033	1.8863068170396085
chr5	59780001	59805000	chr5	59375001	59805000	430000	25000	9.97906976744186	96.0%	0.0325	1.880411832314531
chr15	61860001	61880000	chr15	61860001	62320000	460000	20000	7.744565217391305	95.0%	0.0695	1.8788679593349966
chr6	142150001	142170000	chr6	142150001	142475000	325000	20000	13.076923076923077	96.0%	0.027	1.8787783558847693
chr6	99455001	99475000	chr6	99455001	99830000	375000	20000	10.53	97.0%	0.084	1.873060059339474
chr11	45105001	45130000	chr11	45105001	45335000	230000	25000	13.691304347826087	95.0%	0.0335	1.8721987445481114
chr10	86885001	86905000	chr10	86680001	86905000	225000	20000	16.95	98.0%	0.035	1.8706625065380393
chr3	87990001	88010000	chr3	87250001	88010000	760000	20000	6.027960526315789	95.0%	0.07100000000000001	1.8681454529312729
chr21	42095001	42120000	chr21	41780001	42120000	340000	25000	8.597058823529412	96.0%	0.0465	1.8680079063292612
chr12	27290001	27310000	chr12	26845001	27310000	465000	20000	9.46236559139785	95.0%	0.064	1.8674857956489241
chr12	55605001	55625000	chr12	55075001	55625000	550000	20000	7.611363636363636	95.0%	0.0435	1.8661783645385883
chr3	118870001	118900000	chr3	118870001	119120000	250000	30000	15.653333333333334	96.0%	0.035500000000000004	1.865383112150287
chr12	84865001	84885000	chr12	84865001	85060000	195000	20000	17.371794871794872	97.0%	0.085	1.8630097705711546
chr8	118730001	118750000	chr8	118730001	119440000	710000	20000	7.019366197183099	95.0%	0.0495	1.8600341647157856
chr10	11970001	11990000	chr10	11775001	11990000	215000	20000	17.441860465116278	96.0%	0.032	1.8591328031591694
chr15	31105001	31130000	chr15	30845001	31130000	285000	25000	11.929824561403509	97.0%	0.051	1.8582619796648985
chr10	60415001	60435000	chr10	60105001	60435000	330000	20000	12.837121212121213	95.0%	0.037	1.8552000096607364
chr1	27265001	27285000	chr1	27055001	27285000	230000	20000	16.391304347826086	96.0%	0.0485	1.854238272224834
chr1	117265001	117290000	chr1	117055001	117290000	235000	25000	15.336170212765959	95.0%	0.039	1.8541155017555737
chr20	25390001	25410000	chr20	25130001	25410000	280000	20000	10.6875	95.0%	0.031	1.8479803494093943
chr10	34670001	34685000	chr10	34670001	34990000	320000	15000	11.838541666666666	96.0%	0.0295	1.847596532051115
chr7	127700001	127720000	chr7	127700001	128235000	535000	20000	8.768691588785046	95.0%	0.099	1.846078406178758
chr9	94770001	94790000	chr9	94770001	95130000	360000	20000	10.697916666666666	95.0%	0.044	1.8397823608420143
chr2	160085001	160105000	chr2	160085001	161075000	990000	20000	5.554292929292929	96.0%	0.081	1.8391490854909645
chr1	174755001	174780000	chr1	174755001	175150000	395000	25000	10.09620253164557	97.0%	0.078	1.8388127576139957
chr9	19440001	19460000	chr9	19030001	19460000	430000	20000	9.76453488372093	95.0%	0.0475	1.8375842045534923
chr3	62860001	62885000	chr3	62860001	63195000	335000	25000	12.4	97.0%	0.034	1.8367142417694415
chr2	230785001	230805000	chr2	230605001	230805000	200000	20000	18.74375	95.0%	0.0155	1.836369452646761
chr14	100635001	100655000	chr14	100375001	100655000	280000	20000	11.482142857142858	95.0%	0.077	1.8335601263045014
chr5	147180001	147205000	chr5	146630001	147205000	575000	25000	7.852173913043478	95.0%	0.076	1.831364171569531
chr18	6875001	6895000	chr18	6410001	6895000	485000	20000	8.61340206185567	95.0%	0.083	1.8288437129602133
chr6	42050001	42085000	chr6	42050001	42235000	185000	35000	19.28185328185328	95.0%	0.004	1.8250790522828133
chr4	102430001	102455000	chr4	102430001	103095000	665000	25000	7.157894736842105	96.0%	0.07	1.8219967588744324
chr20	11520001	11550000	chr20	10585001	11550000	965000	30000	4.796200345423143	95.0%	0.057	1.8211067269257428
chr2	102580001	102615000	chr2	102420001	102615000	195000	35000	19.637362637362635	96.0%	0.014	1.8155475852960041
chr3	17825001	17845000	chr3	17245001	17845000	600000	20000	7.722916666666666	95.0%	0.033	1.8155332322137239
chr16	67245001	67270000	chr16	67245001	67475000	230000	25000	14.943478260869565	95.0%	0.038	1.812606190479137
chr14	62110001	62135000	chr14	61260001	62135000	875000	25000	5.093714285714286	95.0%	0.066	1.8118585465658628
chr7	83400001	83420000	chr7	83400001	83870000	470000	20000	9.837765957446809	96.0%	0.047	1.8079271483305213
chr12	124750001	124770000	chr12	124295001	124770000	475000	20000	8.005263157894737	95.0%	0.029	1.8036932636796923
chr7	51340001	51370000	chr7	51150001	51370000	220000	30000	17.1969696969697	98.0%	0.0155	1.8026156012719934
chr1	22625001	22655000	chr1	22080001	22655000	575000	30000	6.428985507246377	95.0%	0.049	1.7994247864256523
chr1	36275001	36300000	chr1	36090001	36300000	210000	25000	17.371428571428574	95.0%	0.020999999999999998	1.7987616432331948
chr16	69380001	69400000	chr16	69380001	69760000	380000	20000	8.615131578947368	95.0%	0.035	1.7945481779356736
chr9	115880001	115900000	chr9	115880001	116395000	515000	20000	8.861650485436893	95.0%	0.048	1.7940117876404214
chr10	84250001	84270000	chr10	84250001	84445000	195000	20000	15.602564102564102	97.0%	0.015	1.793758753727307
chr6	47405001	47425000	chr6	47405001	47785000	380000	20000	10.157894736842104	95.0%	0.044	1.793532730711274
chr9	4745001	4775000	chr9	4745001	5235000	490000	30000	8.284013605442178	96.0%	0.0595	1.7926861775754062
chr1	161725001	161745000	chr1	161475001	161745000	270000	20000	12.791666666666666	95.0%	0.0205	1.7918332215383586
chr16	75370001	75390000	chr16	75195001	75390000	195000	20000	21.147435897435898	98.0%	0.021	1.7914538166140634
chr8	104750001	104770000	chr8	104455001	104770000	315000	20000	12.369047619047619	95.0%	0.032	1.789548318131449
chr1	58505001	58530000	chr1	58505001	58770000	265000	25000	14.996226415094338	96.0%	0.024	1.789257747617263
chr8	89605001	89625000	chr8	89040001	89625000	585000	20000	7.034188034188034	98.0%	0.063	1.788874838794312
chr10	58040001	58070000	chr10	57665001	58070000	405000	30000	11.129629629629628	97.0%	0.072	1.7851283041989234
chr1	185805001	185825000	chr1	185805001	186220000	415000	20000	10.710843373493976	96.0%	0.039	1.7828061152425403
chr4	25435001	25460000	chr4	25435001	25800000	365000	25000	11.106849315068493	98.0%	0.072	1.7748253349837826
chr15	100855001	100875000	chr15	100615001	100875000	260000	20000	14.23076923076923	95.0%	0.0375	1.7743670818828767
chr7	135270001	135290000	chr7	135270001	135725000	455000	20000	8.637362637362637	97.0%	0.045	1.7718114859907566
chr9	110605001	110625000	chr9	110170001	110625000	455000	20000	8.763736263736265	96.0%	0.032	1.7710883888663742
chr18	62415001	62440000	chr18	62415001	62655000	240000	25000	15.608333333333334	95.0%	0.0335	1.765849804781916
chr12	20915001	20945000	chr12	20645001	20945000	300000	30000	19.508333333333333	95.0%	0.0385	1.7638439959413783
chr12	12015001	12035000	chr12	11550001	12035000	485000	20000	8.896907216494846	96.0%	0.082	1.7634231218485075
chr7	26045001	26065000	chr7	25880001	26065000	185000	20000	20.993243243243242	97.0%	0.055	1.7627837881326291
chr10	17590001	17615000	chr10	17590001	17905000	315000	25000	11.365079365079364	98.0%	0.035	1.756837340170685
chr1	230625001	230650000	chr1	230625001	230785000	160000	25000	22.64375	98.0%	0.031	1.754251583642177
chr3	186830001	186855000	chr3	186830001	187215000	385000	25000	11.0	98.0%	0.052	1.7508302427787141
chr3	148955001	148975000	chr3	148955001	149340000	385000	20000	11.795454545454545	95.0%	0.037	1.7469488031090572
chr5	113590001	113610000	chr5	112980001	113610000	630000	20000	7.386904761904762	95.0%	0.0405	1.7454592024394746
chr10	60095001	60120000	chr10	60095001	60310000	215000	25000	17.98139534883721	95.0%	0.031	1.7450357285518676
chr10	63615001	63635000	chr10	63165001	63635000	470000	20000	8.367021276595745	95.0%	0.0565	1.7449539002346692
chr18	47735001	47755000	chr18	47045001	47755000	710000	20000	5.834507042253521	95.0%	0.0495	1.7431835493951349
chr15	68545001	68570000	chr15	68545001	68935000	390000	25000	9.064102564102564	98.0%	0.052000000000000005	1.7418241124893075
chr1	214565001	214590000	chr1	214325001	214590000	265000	25000	17.554716981132074	98.0%	0.032	1.7410729865681709
chr1	113040001	113060000	chr1	112715001	113060000	345000	20000	11.021739130434783	95.0%	0.016	1.7405248441944339
chr15	51755001	51775000	chr15	51510001	51775000	265000	20000	15.278301886792454	95.0%	0.053	1.738869066811771
chr8	59205001	59225000	chr8	59205001	59925000	720000	20000	7.088541666666667	96.0%	0.0575	1.738282088073742
chr10	89250001	89270000	chr10	89250001	89420000	170000	20000	20.28676470588235	99.0%	0.034	1.7373091968287186
chr11	61375001	61395000	chr11	61125001	61395000	270000	20000	17.528301886792452	96.0%	0.037000000000000005	1.7299666141726942
chr4	147840001	147870000	chr4	147610001	147870000	260000	30000	16.506410256410255	97.0%	0.027	1.7291238222531393
chr7	6305001	6330000	chr7	6110001	6330000	220000	25000	15.545454545454547	97.0%	0.0335	1.7281577780367552
chr13	79405001	79425000	chr13	79405001	79640000	235000	20000	17.175531914893618	96.0%	0.031	1.7280892275026103
chr3	69400001	69435000	chr3	69100001	69435000	335000	35000	12.422174840085288	96.0%	0.046	1.7274847825544384
chr6	109060001	109080000	chr6	108770001	109080000	310000	20000	12.818548387096774	96.0%	0.039	1.7271673464882196
chr8	61010001	61030000	chr8	60610001	61030000	420000	20000	10.547619047619047	96.0%	0.0285	1.7265661982862863
chr3	42955001	42975000	chr3	42955001	43540000	585000	20000	7.3739316239316235	96.0%	0.035	1.722241085329143
chr10	93495001	93515000	chr10	92880001	93515000	635000	20000	6.425196850393701	96.0%	0.026	1.7208254327273294
chr2	42495001	42515000	chr2	42495001	42785000	290000	20000	20.185344827586206	97.0%	0.0345	1.7198841331443009
chr6	129590001	129610000	chr6	129590001	129940000	350000	20000	13.664285714285715	97.0%	0.049	1.717940000894575
chr1	88865001	88885000	chr1	88615001	88885000	270000	20000	14.518518518518519	95.0%	0.035500000000000004	1.7173768967185448
chr4	56785001	56805000	chr4	56550001	56805000	255000	20000	14.455882352941176	97.0%	0.031	1.7156877159329087
chr16	21800001	21825000	chr16	21800001	22190000	390000	25000	4.825641025641025	95.0%	0.0615	1.7112095805323437
chr4	94570001	94605000	chr4	94305001	94605000	300000	35000	16.085714285714285	98.0%	0.063	1.7104967353796028
chr1	8295001	8315000	chr1	7970001	8315000	345000	20000	12.41304347826087	97.0%	0.032	1.7025968516681258
chr11	63470001	63495000	chr11	63470001	63745000	275000	25000	13.752727272727274	95.0%	0.031	1.701529078912836
chr7	137895001	137915000	chr7	137895001	138110000	215000	20000	17.46511627906977	96.0%	0.035	1.6945394973069046
chr4	20410001	20430000	chr4	20410001	20690000	280000	20000	13.348214285714286	96.0%	0.0435	1.6885125113496264
chr2	16470001	16495000	chr2	16185001	16495000	310000	25000	13.316129032258065	98.0%	0.0185	1.6830657085526357
chr17	40525001	40545000	chr17	40360001	40545000	185000	20000	19.22972972972973	98.0%	0.019	1.6824700868883462
chr8	42155001	42180000	chr8	42155001	42395000	240000	25000	15.829166666666666	96.0%	0.045	1.6808884194773146
chr2	48085001	48105000	chr2	47760001	48105000	345000	20000	18.717391304347824	96.0%	0.042	1.6792123287499237
chr6	165845001	165870000	chr6	165395001	165870000	475000	25000	8.124210526315789	95.0%	0.032	1.6764945557044741
chr17	19760001	19780000	chr17	19445001	19780000	335000	20000	10.503731343283581	95.0%	0.048	1.6757510826261648
chr1	44585001	44605000	chr1	44165001	44605000	440000	20000	8.846590909090908	95.0%	0.025	1.669808811652421
chr20	19680001	19705000	chr20	19680001	20025000	345000	25000	10.48695652173913	96.0%	0.031	1.6688356001636742
chr2	54495001	54515000	chr2	54120001	54515000	395000	20000	15.167721518987342	97.0%	0.033	1.668612080155007
chr19	2460001	2485000	chr19	2460001	2620000	160000	25000	16.2	97.0%	0.019	1.6678025472380402
chr5	134290001	134315000	chr5	134290001	134750000	460000	25000	8.941304347826087	95.0%	0.0265	1.665510114946365
chr16	10710001	10730000	chr16	10505001	10730000	225000	20000	15.05	95.0%	0.05	1.6646444202288013
chr15	100990001	101010000	chr15	100620001	101010000	390000	20000	9.657051282051283	95.0%	0.093	1.664103697696472
chr14	70610001	70630000	chr14	70610001	70900000	290000	20000	14.189655172413794	97.0%	0.036	1.6634868861780996
chr2	158885001	158910000	chr2	158885001	159335000	450000	25000	9.64	95.0%	0.0415	1.6595995929820924
chr5	114440001	114460000	chr5	113615001	114460000	845000	20000	6.28698224852071	95.0%	0.04	1.6564877415323669
chr1	182070001	182095000	chr1	182070001	182455000	385000	25000	10.558441558441558	96.0%	0.033	1.6548288571518324
chr11	70175001	70195000	chr11	69755001	70195000	440000	20000	7.948863636363637	95.0%	0.037500000000000006	1.6540389553391226
chr8	27070001	27090000	chr8	26670001	27090000	420000	20000	10.5625	95.0%	0.07200000000000001	1.651445893619453
chr10	60020001	60040000	chr10	59815001	60040000	225000	20000	17.333333333333332	98.0%	0.042	1.6505787777453107
chr4	48565001	48585000	chr4	48565001	48970000	405000	20000	10.549382716049383	97.0%	0.037	1.6492104402429857
chr16	19495001	19520000	chr16	19145001	19520000	375000	25000	10.216	96.0%	0.047	1.6481156984138403
chr12	50495001	50515000	chr12	50495001	50780000	285000	20000	13.157894736842104	95.0%	0.028	1.6473260817166324
chr1	226810001	226830000	chr1	226620001	226830000	210000	20000	17.166666666666668	97.0%	0.0225	1.6438048432435757
chr15	40035001	40055000	chr15	40035001	40320000	285000	20000	11.87719298245614	96.0%	0.033	1.6428630648844145
chr11	100670001	100695000	chr11	100670001	100950000	280000	25000	14.946428571428573	96.0%	0.0245	1.6423558330499712
chr10	89545001	89575000	chr10	89215001	89575000	360000	30000	11.671296296296296	95.0%	0.041999999999999996	1.641403688066076
chr2	217770001	217790000	chr2	217770001	218095000	325000	20000	11.069230769230769	95.0%	0.026	1.6406024171141187
chr2	62760001	62780000	chr2	61950001	62780000	830000	20000	8.381024096385541	96.0%	0.0925	1.6282073147409826
chr14	64335001	64360000	chr14	64335001	64515000	180000	25000	18.755555555555553	98.0%	0.08249999999999999	1.6261533793914202
chr17	10825001	10855000	chr17	10730001	10855000	125000	30000	22.69333333333333	96.0%	0.035	1.613850625420798
chr8	30655001	30680000	chr8	30655001	30870000	215000	25000	17.372093023255815	95.0%	0.027	1.6128234138068038
chr1	204105001	204130000	chr1	203850001	204130000	280000	25000	13.646428571428572	96.0%	0.033	1.6093303012088462
chr1	178270001	178295000	chr1	177975001	178295000	320000	25000	13.103125	96.0%	0.065	1.6068316284243573
chr15	38800001	38825000	chr15	38800001	39615000	815000	25000	5.553374233128834	96.0%	0.085	1.6039085191767812
chr7	107115001	107150000	chr7	106825001	107150000	325000	35000	12.604395604395604	96.0%	0.047	1.6036049673268669
chr7	16975001	17000000	chr7	16975001	17715000	740000	25000	6.743243243243244	97.0%	0.033	1.6035526306300862
chr12	71735001	71760000	chr12	71115001	71760000	645000	25000	6.8930232558139535	95.0%	0.034	1.6023320218811612
chr3	32120001	32150000	chr3	31660001	32150000	490000	30000	8.97108843537415	95.0%	0.0335	1.5969984170711145
chr5	145680001	145705000	chr5	145680001	146115000	435000	25000	9.871264367816092	96.0%	0.033	1.5950138512081284
chr15	51365001	51395000	chr15	51150001	51395000	245000	30000	14.687074829931973	95.0%	0.038	1.593396884940195
chr6	7270001	7300000	chr6	7270001	7620000	350000	30000	12.040476190476191	95.0%	0.07100000000000001	1.5917029719477922
chr6	75515001	75535000	chr6	75240001	75535000	295000	20000	14.652542372881356	97.0%	0.031	1.5914157636640116
chr5	149550001	149570000	chr5	149300001	149570000	270000	20000	13.814814814814815	97.0%	0.028999999999999998	1.5884679648173263
chr7	98010001	98030000	chr7	98010001	98265000	255000	20000	13.916666666666666	95.0%	0.044	1.5786032352328103
chr6	145200001	145225000	chr6	144565001	145225000	660000	25000	7.451515151515151	95.0%	0.0435	1.5768646765858816
chr7	93045001	93065000	chr7	92600001	93065000	465000	20000	8.438172043010752	95.0%	0.042	1.5752122832159872
chr6	122475001	122495000	chr6	122475001	122865000	390000	20000	11.03525641025641	96.0%	0.0325	1.571586822823424
chr2	222965001	222985000	chr2	222965001	223845000	880000	20000	5.630681818181818	95.0%	0.023	1.571515624543601
chr7	37175001	37190000	chr7	36675001	37190000	515000	15000	7.967637540453075	97.0%	0.059	1.5642688093743629
chr1	184805001	184825000	chr1	184805001	184985000	180000	20000	21.131944444444443	98.0%	0.035	1.5639132298410328
chr7	122205001	122225000	chr7	122205001	122555000	350000	20000	11.867857142857142	97.0%	0.094	1.5605469260387042
chr2	118030001	118050000	chr2	118030001	118385000	355000	20000	11.725352112676056	96.0%	0.027	1.560269621264857
chr1	67840001	67860000	chr1	67840001	68360000	520000	20000	8.475961538461538	95.0%	0.052	1.5581906441448183
chr2	222040001	222075000	chr2	222040001	222625000	585000	35000	8.282051282051281	96.0%	0.051	1.5557577456634906
chr5	148170001	148195000	chr5	148170001	148490000	320000	25000	12.921875	95.0%	0.032	1.5553225827451875
chr11	5790001	5810000	chr11	5290001	5810000	520000	20000	11.879807692307692	96.0%	0.017	1.5539989099104798
chr6	7230001	7250000	chr6	6670001	7250000	580000	20000	6.767241379310345	96.0%	0.0275	1.5532707449275003
chr8	100830001	100855000	chr8	100830001	101265000	435000	25000	8.937931034482759	96.0%	0.033	1.5531929961552895
chr1	43755001	43770000	chr1	43755001	43990000	235000	15000	15.560283687943262	97.0%	0.064	1.5527798080339628
chr9	88980001	89005000	chr9	88590001	89005000	415000	25000	9.038554216867471	95.0%	0.05	1.5509158597435873
chr20	51630001	51650000	chr20	51630001	52115000	485000	20000	7.801546391752577	95.0%	0.048	1.550402595385975
chr3	86760001	86785000	chr3	86760001	87350000	590000	25000	7.467796610169492	95.0%	0.038	1.5483990697743442
chr11	2180001	2205000	chr11	2180001	2425000	245000	25000	17.97959183673469	95.0%	0.016	1.5474979717148674
chr1	40945001	40970000	chr1	40710001	40970000	260000	25000	13.861538461538462	96.0%	0.0305	1.5466845881949252
chr20	20555001	20575000	chr20	20335001	20575000	240000	20000	13.802083333333334	97.0%	0.037000000000000005	1.5438549218843203
chr6	26340001	26360000	chr6	26340001	26595000	255000	20000	16.598039215686274	98.0%	0.032	1.543460001611601
chr19	56055001	56080000	chr19	56055001	56350000	295000	25000	10.210169491525424	96.0%	0.059	1.5431514776428856
chr8	119070001	119090000	chr8	119070001	119410000	340000	20000	11.908088235294118	97.0%	0.0435	1.541315766355332
chr16	19360001	19385000	chr16	19085001	19385000	300000	25000	11.926666666666666	95.0%	0.057499999999999996	1.5390540320823136
chr8	71825001	71845000	chr8	71825001	72180000	355000	20000	10.830985915492958	96.0%	0.041	1.5367768144354532
chr3	141545001	141570000	chr3	141230001	141570000	340000	25000	13.335294117647058	97.0%	0.055999999999999994	1.5317797499867054
chr1	52115001	52135000	chr1	52115001	52465000	350000	20000	11.153571428571428	95.0%	0.0595	1.5308696715920844
chr1	169535001	169560000	chr1	169360001	169560000	200000	25000	18.884999999999998	97.0%	0.031	1.5289670001237705
chr16	74700001	74725000	chr16	74700001	74870000	170000	25000	18.264705882352942	95.0%	0.0615	1.528190414891444
chr1	231350001	231380000	chr1	231350001	231615000	265000	30000	16.238993710691826	95.0%	0.037	1.527130145884286
chr1	36410001	36435000	chr1	36275001	36435000	160000	25000	20.43125	97.0%	0.0325	1.5270020843981045
chr6	61375001	61410000	chr6	61375001	61650000	275000	35000	13.416909620991254	96.0%	0.03	1.526324902786079
chr7	88230001	88250000	chr7	88230001	88845000	615000	20000	7.41869918699187	96.0%	0.053	1.5253565499547508
chr10	49500001	49525000	chr10	49135001	49525000	390000	25000	10.471794871794872	95.0%	0.045	1.5239147434754756
chr5	154065001	154085000	chr5	154065001	154470000	405000	20000	10.555555555555555	97.0%	0.073	1.5235816886062485
chr11	7875001	7900000	chr11	7875001	8115000	240000	25000	21.533333333333335	95.0%	0.0305	1.5233101574511851
chr11	115320001	115340000	chr11	115320001	116275000	955000	20000	4.641361256544503	96.0%	0.054	1.5204037221217857
chr11	123015001	123035000	chr11	122560001	123035000	475000	20000	8.794736842105262	96.0%	0.028	1.5176642934127087
chr1	18890001	18910000	chr1	18890001	19250000	360000	20000	10.07986111111111	95.0%	0.063	1.5170414268817292
chr2	85540001	85560000	chr2	85295001	85560000	265000	20000	16.06132075471698	95.0%	0.03	1.5158951502381082
chr2	73810001	73830000	chr2	73810001	74485000	675000	20000	6.472222222222222	95.0%	0.029	1.5154746924043097
chr14	34085001	34105000	chr14	33825001	34105000	280000	20000	13.428571428571429	96.0%	0.057499999999999996	1.5138355721963304
chr2	171400001	171425000	chr2	170925001	171425000	500000	25000	9.714	95.0%	0.034	1.512510161677146
chr7	35885001	35910000	chr7	35585001	35910000	325000	25000	12.458461538461538	96.0%	0.038	1.5100083366915362
chr12	63055001	63075000	chr12	62570001	63075000	505000	20000	8.138613861386139	97.0%	0.054	1.5084942583147227
chr6	111985001	112010000	chr6	111705001	112010000	305000	25000	14.924590163934425	97.0%	0.024	1.50422992597188
chr4	38175001	38190000	chr4	38175001	38735000	560000	15000	7.4940476190476195	98.0%	0.0565	1.500487459533036
chr6	106330001	106350000	chr6	106330001	106865000	535000	20000	8.14018691588785	95.0%	0.02	1.497890654164386
chr13	77555001	77585000	chr13	77080001	77585000	505000	30000	9.12046204620462	96.0%	0.054	1.4926796596338745
chr17	79380001	79400000	chr17	79040001	79400000	360000	20000	9.052083333333334	95.0%	0.087	1.4903139906511684
chr4	121720001	121745000	chr4	121365001	121745000	380000	25000	11.557894736842105	97.0%	0.049	1.489909128686222
chr8	8265001	8290000	chr8	8265001	8625000	360000	25000	10.602777777777778	97.0%	0.0405	1.4865934311634246
chr5	175415001	175445000	chr5	175180001	175445000	265000	30000	14.679245283018867	98.0%	0.037	1.4857271313199663
chr4	75280001	75300000	chr4	74835001	75300000	465000	20000	9.102150537634408	97.0%	0.032	1.4837794970156748
chr7	26345001	26365000	chr7	25865001	26365000	500000	20000	9.376262626262626	95.0%	0.0395	1.4826469501112316
chr6	97385001	97405000	chr6	97060001	97405000	345000	20000	11.981884057971014	96.0%	0.037	1.4826281621563304
chr12	49505001	49525000	chr12	49275001	49525000	250000	20000	15.755	98.0%	0.0385	1.476960678441412
chr3	40320001	40345000	chr3	40320001	40585000	265000	25000	14.290566037735848	96.0%	0.026	1.4758266086682388
chr4	26400001	26420000	chr4	25975001	26420000	445000	20000	9.651685393258427	98.0%	0.059	1.4741324263478952
chr10	54675001	54705000	chr10	54355001	54705000	350000	30000	16.81190476190476	97.0%	0.08	1.4707696174507405
chr20	50180001	50195000	chr20	50180001	50475000	295000	15000	9.40677966101695	96.0%	0.041	1.470593944628641
chr2	38100001	38120000	chr2	37970001	38120000	150000	20000	37.075	98.0%	0.093	1.4689254051246017
chr19	17055001	17075000	chr19	17055001	17290000	235000	20000	12.25531914893617	95.0%	0.039	1.4684630886324608
chr3	122100001	122120000	chr3	122100001	122365000	265000	20000	15.34433962264151	95.0%	0.028	1.4681781720195108
chr4	81825001	81845000	chr4	81420001	81845000	425000	20000	10.841176470588236	97.0%	0.039	1.4620037026284725
chr20	59770001	59790000	chr20	59770001	59965000	195000	20000	16.307692307692307	95.0%	0.031	1.4602080832090825
chr6	129485001	129510000	chr6	129485001	129955000	470000	25000	9.72127659574468	97.0%	0.036000000000000004	1.4506705272056528
chr4	15465001	15490000	chr4	15465001	15995000	530000	25000	7.939622641509433	95.0%	0.042499999999999996	1.4474339531012512
chr20	49325001	49350000	chr20	49325001	49540000	215000	25000	16.027906976744184	98.0%	0.098	1.4444711358341509
chr2	133875001	133895000	chr2	133875001	134500000	625000	20000	6.298	95.0%	0.04	1.4422394410157482
chr6	32570001	32590000	chr6	32305001	32590000	285000	20000	13.933035714285714	97.0%	0.025	1.4398457210907243
chr4	111640001	111660000	chr4	111640001	112055000	415000	20000	11.096385542168674	95.0%	0.06	1.4398220831182094
chr12	93735001	93760000	chr12	93495001	93760000	265000	25000	14.79245283018868	95.0%	0.039	1.4377171671237126
chr5	141530001	141565000	chr5	141320001	141565000	245000	35000	16.784256559766764	97.0%	0.022	1.4371101266259352
chr4	8390001	8410000	chr4	8235001	8410000	175000	20000	18.364285714285714	96.0%	0.024	1.435959411647229
chr17	51755001	51785000	chr17	51755001	52110000	355000	30000	11.44131455399061	95.0%	0.038	1.435842182702328
chr11	94310001	94330000	chr11	94310001	94505000	195000	20000	16.71794871794872	95.0%	0.024	1.4328803184935248
chr4	42555001	42575000	chr4	42555001	42865000	310000	20000	12.137096774193548	97.0%	0.033	1.4270774521737684
chr12	101405001	101425000	chr12	101405001	101800000	395000	20000	9.16139240506329	96.0%	0.046	1.4259621492599157
chr9	132790001	132810000	chr9	132395001	132810000	415000	20000	8.701807228915662	95.0%	0.048	1.4257342249170206
chr7	43685001	43715000	chr7	43255001	43715000	460000	30000	9.077898550724639	95.0%	0.069	1.4195587198674982
chr2	74870001	74905000	chr2	74675001	74905000	230000	35000	16.332298136645964	95.0%	0.049	1.4177900234965215
chr20	50735001	50760000	chr20	50575001	50760000	185000	25000	17.524324324324326	98.0%	0.027	1.4150724312729253
chr22	46525001	46545000	chr22	46305001	46545000	240000	20000	10.010416666666666	96.0%	0.0955	1.4122531664458753
chr2	188525001	188545000	chr2	188525001	189355000	830000	20000	5.98644578313253	96.0%	0.048	1.4120430454348818
chr7	78015001	78040000	chr7	78015001	78255000	240000	25000	15.775	97.0%	0.0445	1.4105034716673217
chr17	50280001	50300000	chr17	50085001	50300000	215000	20000	16.656976744186046	97.0%	0.032	1.4100598499377603
chr8	120970001	120990000	chr8	120970001	121645000	675000	20000	6.833333333333333	97.0%	0.033	1.4061569162306609
chr12	12970001	12990000	chr12	12720001	12990000	270000	20000	14.231481481481481	95.0%	0.0325	1.4053447602947897
chr6	136775001	136805000	chr6	136545001	136805000	260000	30000	15.605769230769232	95.0%	0.053	1.4026802608115436
chr6	110375001	110395000	chr6	110035001	110395000	360000	20000	11.07986111111111	95.0%	0.0785	1.4001006437778334
chr15	59165001	59185000	chr15	59165001	59500000	335000	20000	11.787313432835822	96.0%	0.045	1.3995951174615247
chr2	224350001	224375000	chr2	224350001	225020000	670000	25000	7.322388059701493	95.0%	0.0685	1.398596039560024
chr4	165455001	165475000	chr4	164990001	165475000	485000	20000	9.577319587628866	95.0%	0.07	1.3973229673250065
chr6	14450001	14470000	chr6	14450001	14685000	235000	20000	22.74468085106383	98.0%	0.084	1.3926716483631834
chr12	105035001	105060000	chr12	104730001	105060000	330000	25000	11.357575757575757	96.0%	0.051	1.3926038526891293
chr4	111465001	111485000	chr4	111115001	111485000	370000	20000	11.388513513513514	97.0%	0.053	1.3924796935449035
chr4	53185001	53205000	chr4	53185001	54255000	1070000	20000	4.113317757009346	95.0%	0.0745	1.3923946455353449
chr9	120920001	120940000	chr9	120765001	120940000	175000	20000	20.107142857142858	97.0%	0.048	1.3913742733815406
chr2	26130001	26155000	chr2	25940001	26155000	215000	25000	18.502325581395347	99.0%	0.045	1.3839660241779925
chr2	48570001	48595000	chr2	48375001	48595000	220000	25000	21.986363636363638	97.0%	0.07050000000000001	1.3831193957325087
chr5	168980001	169000000	chr5	168980001	169330000	350000	20000	10.871428571428572	98.0%	0.066	1.3778774127969886
chr6	55435001	55455000	chr6	55435001	56350000	915000	20000	5.724043715846994	96.0%	0.048	1.3771689548181805
chr16	78110001	78130000	chr16	78110001	78520000	410000	20000	8.762195121951219	96.0%	0.0505	1.3741481223729304
chr13	30790001	30810000	chr13	30405001	30810000	405000	20000	8.75	96.0%	0.095	1.370503166389858
chr18	63425001	63445000	chr18	63065001	63445000	380000	20000	9.891447368421053	96.0%	0.0595	1.369047899854126
chr7	65720001	65745000	chr7	65720001	66020000	300000	25000	9.826666666666666	98.0%	0.0375	1.3648092926384312
chr1	47695001	47720000	chr1	47385001	47720000	335000	25000	11.659701492537312	96.0%	0.023	1.3633213057413267
chr17	2840001	2860000	chr17	2840001	3020000	180000	20000	16.291666666666668	96.0%	0.025	1.3619776405027546
chr14	90895001	90915000	chr14	90895001	91180000	285000	20000	13.355263157894736	97.0%	0.099	1.3606706099644867
chr11	113720001	113745000	chr11	113455001	113745000	290000	25000	13.148275862068965	97.0%	0.035500000000000004	1.3589119743057958
chr3	63175001	63195000	chr3	62710001	63195000	485000	20000	9.280927835051546	96.0%	0.028	1.358731250676038
chr19	54010001	54035000	chr19	53790001	54035000	245000	25000	11.987755102040817	95.0%	0.047	1.3584547346631148
chr11	128875001	128895000	chr11	128875001	129365000	490000	20000	7.686224489795919	95.0%	0.037	1.3570783620425366
chr14	73715001	73735000	chr14	73715001	73955000	240000	20000	13.494791666666666	95.0%	0.057999999999999996	1.353512096905468
chr8	133215001	133235000	chr8	133215001	133400000	185000	20000	19.60810810810811	97.0%	0.033	1.353414162437562
chr4	37585001	37610000	chr4	37585001	38045000	460000	25000	9.117391304347827	95.0%	0.0825	1.3495791194844928
chr14	90220001	90240000	chr14	89930001	90240000	310000	20000	11.330645161290322	95.0%	0.058499999999999996	1.349491080912289
chr5	112535001	112565000	chr5	112535001	112930000	395000	30000	10.675105485232066	95.0%	0.041	1.3427660613162888
chr11	61620001	61645000	chr11	61445001	61645000	200000	25000	15.694999999999999	96.0%	0.018	1.3409404825787603
chr12	9745001	9765000	chr12	9745001	9935000	190000	20000	20.67763157894737	95.0%	0.045	1.3407172263967622
chr2	162110001	162145000	chr2	161555001	162145000	590000	35000	8.46004842615012	96.0%	0.0545	1.337368372667238
chr19	55410001	55430000	chr19	55125001	55430000	305000	20000	10.331967213114755	95.0%	0.056	1.3368625883043725
chr16	8650001	8670000	chr16	8650001	8890000	240000	20000	13.244791666666666	95.0%	0.0305	1.3365712837539148
chr2	119005001	119040000	chr2	119005001	119305000	300000	35000	12.62857142857143	95.0%	0.03	1.3360327062937132
chr3	171820001	171840000	chr3	171575001	171840000	265000	20000	14.995283018867925	96.0%	0.027	1.333095452880657
chr6	82255001	82280000	chr6	82255001	82825000	570000	25000	7.471929824561404	95.0%	0.032	1.332423461927336
chr1	208230001	208250000	chr1	208025001	208250000	225000	20000	14.944444444444445	96.0%	0.029	1.3272971291049245
chr12	55055001	55075000	chr12	54660001	55075000	415000	20000	10.183734939759036	96.0%	0.076	1.3261443999584865
chr8	100560001	100590000	chr8	100560001	100820000	260000	30000	15.971153846153847	95.0%	0.038	1.3239539547436763
chr11	82900001	82925000	chr11	82900001	83295000	395000	25000	11.075949367088608	95.0%	0.065	1.320365286716598
chr1	108885001	108905000	chr1	108680001	108905000	225000	20000	17.316666666666666	97.0%	0.041	1.3195909913164632
chr13	98410001	98430000	chr13	98035001	98430000	395000	20000	9.791139240506329	95.0%	0.04	1.3195438099203551
chr10	50625001	50655000	chr10	50325001	50655000	330000	30000	12.005050505050505	96.0%	0.043	1.318435910037121
chr3	139420001	139440000	chr3	139420001	139670000	250000	20000	15.255	96.0%	0.028999999999999998	1.317798551345123
chr14	59960001	59980000	chr14	59960001	60210000	250000	20000	13.76	95.0%	0.034	1.3171648858276903
chr8	52390001	52410000	chr8	52090001	52410000	320000	20000	11.65234375	95.0%	0.055	1.3158005560122639
chr16	56695001	56725000	chr16	56310001	56725000	415000	30000	9.606425702811245	95.0%	0.091	1.3156207260276795
chr2	177330001	177350000	chr2	177330001	177765000	435000	20000	10.577586206896552	95.0%	0.037	1.3146669881327382
chr6	30220001	30240000	chr6	30220001	30400000	180000	20000	21.01388888888889	98.0%	0.03	1.314324307145231
chr4	7975001	7995000	chr4	7790001	7995000	205000	20000	14.963414634146341	97.0%	0.037	1.3132122010172766
chr13	90855001	90875000	chr13	90435001	90875000	440000	20000	8.838068181818182	98.0%	0.0315	1.3109724125422542
chr7	38095001	38115000	chr7	38095001	38375000	280000	20000	13.647321428571429	95.0%	0.0305	1.3095212676867327
chr3	146050001	146075000	chr3	146050001	146360000	310000	25000	13.329032258064515	95.0%	0.044	1.3075796451185888
chr7	14710001	14730000	chr7	14710001	15315000	605000	20000	7.301652892561983	95.0%	0.07	1.3075317445885954
chr8	56915001	56940000	chr8	56410001	56940000	530000	25000	7.877358490566037	95.0%	0.040499999999999994	1.3063622319353858
chr3	45035001	45055000	chr3	45035001	45505000	470000	20000	8.88031914893617	95.0%	0.036500000000000005	1.3061126784571409
chr3	4105001	4130000	chr3	3185001	4130000	945000	25000	5.0169312169312175	96.0%	0.038	1.3052782176986035
chr8	10030001	10050000	chr8	10030001	10340000	310000	20000	11.741935483870968	98.0%	0.0955	1.305260891497644
chr11	73910001	73935000	chr11	73625001	73935000	310000	25000	11.883870967741936	97.0%	0.054	1.3044379377627324
chr8	11715001	11745000	chr8	11570001	11745000	175000	30000	19.7	96.0%	0.035	1.3042862002074556
chr10	25070001	25095000	chr10	24625001	25095000	470000	25000	8.914893617021276	95.0%	0.036000000000000004	1.3024160281766344
chr18	28180001	28200000	chr18	27595001	28200000	605000	20000	6.4958677685950414	95.0%	0.039	1.300698551662345
chr4	140840001	140860000	chr4	140410001	140860000	450000	20000	9.863888888888889	97.0%	0.025500000000000002	1.3006976943066901
chr2	36655001	36675000	chr2	35910001	36675000	765000	20000	10.56045751633987	98.0%	0.026	1.2992652007240035
chr1	50355001	50375000	chr1	50355001	50745000	390000	20000	9.631410256410257	95.0%	0.0635	1.2887155713543779
chr9	109800001	109825000	chr9	109585001	109825000	240000	25000	15.954166666666666	95.0%	0.0375	1.287926539821782
chr17	47305001	47325000	chr17	46935001	47325000	390000	20000	9.782051282051283	95.0%	0.05	1.2872836986769631
chr16	53045001	53065000	chr16	53045001	53520000	475000	20000	7.302631578947368	95.0%	0.042	1.286389538299967
chr3	5290001	5315000	chr3	5290001	5910000	620000	25000	7.275806451612904	95.0%	0.049	1.2813742070625078
chr1	207385001	207410000	chr1	207065001	207410000	345000	25000	13.142028985507247	95.0%	0.032	1.2810979167805259
chr1	115120001	115140000	chr1	115120001	115600000	480000	20000	8.471354166666666	95.0%	0.0455	1.2806650667318487
chr8	36845001	36870000	chr8	36845001	37855000	1010000	25000	4.472277227722772	96.0%	0.0785	1.2770549838175933
chr8	11405001	11425000	chr8	11405001	11565000	160000	20000	19.3984375	96.0%	0.049	1.2749134764095438
chr11	76715001	76745000	chr11	76715001	76925000	210000	30000	16.583333333333332	96.0%	0.022	1.2734040473993276
chr10	70210001	70230000	chr10	70210001	70395000	185000	20000	18.195945945945947	97.0%	0.068	1.273278554168374
chr6	151300001	151330000	chr6	150885001	151330000	445000	30000	10.237827715355804	95.0%	0.04	1.2722555202476122
chr2	149585001	149610000	chr2	149585001	150880000	1295000	25000	4.075675675675676	95.0%	0.081	1.272170738268418
chr11	129765001	129790000	chr11	129765001	130135000	370000	25000	11.345945945945946	95.0%	0.0345	1.2713399527665323
chr4	71695001	71715000	chr4	71160001	71715000	555000	20000	7.887387387387387	96.0%	0.035	1.2709488734588417
chr5	43375001	43395000	chr5	43000001	43395000	395000	20000	9.082278481012658	95.0%	0.032	1.2697716009237907
chr1	212980001	213000000	chr1	212660001	213000000	340000	20000	10.827205882352942	95.0%	0.0785	1.2695810218920902
chr10	13760001	13780000	chr10	13520001	13780000	260000	20000	13.64423076923077	95.0%	0.057999999999999996	1.2677059535707655
chr17	15825001	15845000	chr17	15825001	16020000	195000	20000	12.397435897435898	95.0%	0.03	1.2632823844926435
chr2	33365001	33395000	chr2	32565001	33395000	830000	30000	8.809236947791165	95.0%	0.044	1.258562448315225
chr6	160445001	160465000	chr6	160045001	160465000	420000	20000	9.508928571428571	95.0%	0.0345	1.2582837259370254
chr1	245135001	245165000	chr1	245135001	246010000	875000	30000	4.828571428571428	95.0%	0.067	1.2578812811511522
chr3	130085001	130105000	chr3	129910001	130105000	195000	20000	13.570512820512821	97.0%	0.025	1.2578421555268144
chr12	108660001	108680000	chr12	108660001	108810000	150000	20000	25.0	97.0%	0.018	1.2575281284742876
chr9	109510001	109530000	chr9	109160001	109530000	370000	20000	10.199324324324325	95.0%	0.062	1.2566671867356412
chr4	142345001	142365000	chr4	142345001	142845000	500000	20000	9.24	97.0%	0.051500000000000004	1.2540929694130363
chr1	66220001	66240000	chr1	65965001	66240000	275000	20000	14.563636363636364	96.0%	0.08	1.2521175742962474
chr17	57230001	57250000	chr17	57230001	57560000	330000	20000	10.859848484848484	95.0%	0.049	1.2458018810003755
chr5	136755001	136775000	chr5	136220001	136775000	555000	20000	7.923423423423423	95.0%	0.038	1.245402655532537
chr2	102010001	102030000	chr2	102010001	102455000	445000	20000	9.264044943820224	95.0%	0.038	1.2423030830839137
chr4	26990001	27015000	chr4	26410001	27015000	605000	25000	7.046280991735538	96.0%	0.033	1.2411370606946783
chr14	23105001	23130000	chr14	23105001	23300000	195000	25000	17.333333333333336	96.0%	0.027	1.2385077763040877
chr5	160010001	160035000	chr5	160010001	160395000	385000	25000	11.664935064935065	97.0%	0.042	1.2349746785534343
chr2	28745001	28765000	chr2	28555001	28765000	210000	20000	18.029761904761905	96.0%	0.0315	1.2344101014065636
chr10	123575001	123605000	chr10	123575001	123970000	395000	30000	10.274261603375527	95.0%	0.062	1.23288102649522
chr6	27500001	27520000	chr6	27500001	27800000	300000	20000	12.195833333333333	96.0%	0.0465	1.2324324851823536
chr4	49500001	49520000	chr4	49500001	49655000	155000	20000	45.435483870967744	97.0%	0.011	1.2318737180607153
chr9	6570001	6595000	chr9	6570001	6745000	175000	25000	19.245714285714286	95.0%	0.027	1.2313501182716284
chr12	56975001	57000000	chr12	56625001	57000000	375000	25000	9.906666666666666	95.0%	0.039	1.2302855927588763
chr10	26325001	26350000	chr10	26325001	26740000	415000	25000	10.163855421686748	95.0%	0.057	1.2282979919373775
chr11	123465001	123485000	chr11	123290001	123485000	195000	20000	17.685897435897434	96.0%	0.048	1.2280174307255207
chr8	73295001	73325000	chr8	73295001	73665000	370000	30000	11.380630630630632	95.0%	0.086	1.2257629833049595
chr2	68420001	68440000	chr2	68125001	68440000	315000	20000	18.24206349206349	97.0%	0.036	1.2242365692246828
chr6	21570001	21590000	chr6	20580001	21590000	1010000	20000	4.672029702970297	96.0%	0.0515	1.2233568070727336
chr7	45915001	45935000	chr7	45915001	47105000	1190000	20000	4.102941176470588	95.0%	0.0395	1.2228799356271078
chr3	184770001	184795000	chr3	184375001	184795000	420000	25000	9.538095238095238	97.0%	0.0495	1.222550820153054
chr4	6700001	6725000	chr4	6700001	6995000	295000	25000	11.769491525423728	96.0%	0.025	1.2205973863226658
chr2	186765001	186785000	chr2	186495001	186785000	290000	20000	13.857758620689655	97.0%	0.0315	1.2180715700408062
chr2	96500001	96520000	chr2	96255001	96520000	265000	20000	12.599056603773585	97.0%	0.03	1.2177149575406063
chr13	28625001	28650000	chr13	28030001	28650000	620000	25000	6.643548387096774	96.0%	0.0815	1.2159713840151007
chr1	8015001	8035000	chr1	8015001	8250000	235000	20000	22.53191489361702	97.0%	0.019	1.2148619696500995
chr7	43570001	43590000	chr7	43570001	43850000	280000	20000	12.290178571428571	96.0%	0.031	1.2141063202114666
chr4	85360001	85380000	chr4	85070001	85380000	310000	20000	13.935483870967742	96.0%	0.095	1.2115015659873858
chr5	91380001	91410000	chr5	91060001	91410000	350000	30000	12.185714285714285	95.0%	0.023	1.2103492959005833
chr7	100945001	100965000	chr7	100695001	100965000	270000	20000	22.662037037037038	96.0%	0.0875	1.204479532137479
chr6	71330001	71355000	chr6	70945001	71355000	410000	25000	10.736585365853658	95.0%	0.038	1.2037984370589412
chr9	20350001	20370000	chr9	20350001	20950000	600000	20000	7.654166666666667	96.0%	0.064	1.2036431807262684
chr16	71950001	71970000	chr16	71700001	71970000	270000	20000	12.875	96.0%	0.0685	1.1938145961394266
chr3	32910001	32945000	chr3	32525001	32945000	420000	35000	9.528911564625849	95.0%	0.0595	1.1928778602682124
chr1	109385001	109405000	chr1	109205001	109405000	200000	20000	18.6375	97.0%	0.0385	1.190631171614793
chr4	54940001	54960000	chr4	54300001	54960000	660000	20000	7.490530303030303	97.0%	0.0335	1.190398552442764
chr5	178275001	178295000	chr5	178275001	178845000	570000	20000	6.543859649122807	95.0%	0.0465	1.190174831789014
chr6	53935001	53960000	chr6	53670001	53960000	290000	25000	14.155172413793105	96.0%	0.0435	1.182936425433536
chr1	147485001	147520000	chr1	147485001	147790000	305000	35000	12.880562060889929	96.0%	0.097	1.1823684195225896
chr5	154595001	154620000	chr5	154460001	154620000	160000	25000	20.21875	97.0%	0.0325	1.1805640426745614
chr11	118550001	118570000	chr11	118135001	118570000	435000	20000	9.46551724137931	95.0%	0.039	1.177542687529116
chr7	36970001	37000000	chr7	36970001	37205000	235000	30000	16.5	96.0%	0.042	1.1743350318354402
chr19	40125001	40150000	chr19	40125001	40425000	300000	25000	10.886666666666667	95.0%	0.053	1.173332913026562
chr8	31240001	31260000	chr8	31240001	31620000	380000	20000	10.375	95.0%	0.064	1.1713180130051328
chr2	237390001	237415000	chr2	237105001	237415000	310000	25000	13.890322580645162	96.0%	0.0635	1.169703949427701
chr2	176625001	176650000	chr2	176225001	176650000	425000	25000	9.974117647058822	95.0%	0.047	1.1678841046242914
chr20	13100001	13120000	chr20	12960001	13120000	160000	20000	20.6875	98.0%	0.034	1.1625939889465249
chr14	87930001	87950000	chr14	87930001	88260000	330000	20000	11.147727272727273	95.0%	0.077	1.1625444216341527
chr10	43450001	43470000	chr10	43175001	43470000	295000	20000	9.610169491525424	97.0%	0.029	1.1610469407620354
chr10	119190001	119215000	chr10	119190001	119510000	320000	25000	11.13125	98.0%	0.072	1.1523610712981383
chr12	107390001	107410000	chr12	107120001	107410000	290000	20000	13.129310344827585	96.0%	0.0465	1.148251398460415
chr3	33770001	33790000	chr3	33080001	33790000	710000	20000	6.720070422535211	95.0%	0.063	1.1480662007506712
chr2	205660001	205685000	chr2	204840001	205685000	845000	25000	5.766863905325444	97.0%	0.059	1.147730307628011
chr6	10785001	10805000	chr6	10470001	10805000	335000	20000	11.567164179104477	96.0%	0.054	1.1472332402840326
chr7	28005001	28030000	chr7	27525001	28030000	505000	25000	8.865346534653465	96.0%	0.051	1.1462890377007033
chr19	8340001	8360000	chr19	8340001	8515000	175000	20000	15.32857142857143	95.0%	0.049	1.1461223168671573
chr11	118035001	118060000	chr11	117795001	118060000	265000	25000	14.403773584905661	98.0%	0.077	1.1440348746051796
chr10	70345001	70365000	chr10	70085001	70365000	280000	20000	14.691964285714286	95.0%	0.035	1.1436716728100247
chr5	150445001	150475000	chr5	150445001	150885000	440000	30000	8.53030303030303	96.0%	0.034	1.1434498963266995
chr18	3660001	3680000	chr18	3305001	3680000	375000	20000	9.156666666666666	96.0%	0.029	1.1419533857173296
chr6	130005001	130030000	chr6	129620001	130030000	410000	25000	10.31219512195122	96.0%	0.069	1.1404721079404263
chr8	19740001	19760000	chr8	19385001	19760000	375000	20000	11.18	95.0%	0.04	1.1401586535185453
chr1	173420001	173440000	chr1	173420001	173845000	425000	20000	9.83235294117647	95.0%	0.061	1.1363136526963866
chr7	135790001	135815000	chr7	135790001	136160000	370000	25000	10.794594594594596	95.0%	0.0525	1.134366539718463
chr3	45820001	45840000	chr3	45650001	45840000	190000	20000	21.467105263157894	98.0%	0.048	1.1339615214557472
chr1	61840001	61865000	chr1	61415001	61865000	450000	25000	9.364444444444445	95.0%	0.045	1.1330582023031295
chr10	96000001	96030000	chr10	96000001	96340000	340000	30000	11.892156862745098	96.0%	0.0915	1.130635458115492
chr5	99020001	99040000	chr5	98840001	99040000	200000	20000	19.78125	97.0%	0.0315	1.1303356981555954
chr3	46080001	46105000	chr3	46080001	46435000	355000	25000	12.014084507042252	95.0%	0.035	1.123406917061565
chr3	44520001	44540000	chr3	44520001	45035000	515000	20000	7.813106796116505	95.0%	0.069	1.117844626649925
chr8	122220001	122245000	chr8	122065001	122245000	180000	25000	20.56111111111111	96.0%	0.0475	1.1174800848000017
chr2	62435001	62465000	chr2	62435001	62995000	560000	30000	11.223214285714285	95.0%	0.091	1.1146529665651093
chr12	45155001	45180000	chr12	45155001	45675000	520000	25000	8.592307692307692	95.0%	0.038	1.114244877976436
chr7	129625001	129645000	chr7	129355001	129645000	290000	20000	13.25	96.0%	0.048	1.1133088436249359
chr2	234130001	234150000	chr2	234130001	234540000	410000	20000	10.637195121951219	97.0%	0.0245	1.1126879737175863
chr3	124890001	124915000	chr3	124605001	124915000	310000	25000	12.851612903225808	95.0%	0.0385	1.1115567763874645
chr2	224765001	224785000	chr2	224520001	224785000	265000	20000	14.575471698113208	96.0%	0.035	1.1111330271903312
chr4	22395001	22420000	chr4	22395001	22700000	305000	25000	13.190163934426229	95.0%	0.075	1.1083123484962023
chr4	15795001	15825000	chr4	15795001	16015000	220000	30000	16.734848484848484	97.0%	0.0335	1.1079776360200617
chr11	48090001	48110000	chr11	47930001	48110000	180000	20000	19.07638888888889	95.0%	0.0445	1.1018587793147538
chr6	46415001	46440000	chr6	46415001	46995000	580000	25000	7.956896551724138	95.0%	0.078	1.0993753399574147
chr9	127930001	127955000	chr9	127930001	128120000	190000	25000	15.847368421052632	95.0%	0.026500000000000003	1.0991591852460922
chr10	32785001	32805000	chr10	32785001	33180000	395000	20000	9.927215189873417	97.0%	0.081	1.0986765290822513
chr4	27035001	27055000	chr4	27035001	27335000	300000	20000	12.141666666666667	96.0%	0.031	1.0976783528698077
chr5	10680001	10700000	chr5	10680001	11210000	530000	20000	6.893867924528302	95.0%	0.040499999999999994	1.0976769890889204
chr3	120530001	120560000	chr3	120245001	120560000	315000	30000	13.941798941798941	95.0%	0.04	1.0961297067882767
chr8	56965001	56980000	chr8	56965001	57230000	265000	15000	14.81132075471698	95.0%	0.03	1.0935415373691693
chr8	80225001	80245000	chr8	80030001	80245000	215000	20000	15.494186046511627	97.0%	0.067	1.0920768257245548
chr7	50460001	50480000	chr7	50460001	50680000	220000	20000	15.857954545454545	98.0%	0.031	1.0918050987979522
chr8	23455001	23480000	chr8	23455001	24240000	785000	25000	5.514649681528662	96.0%	0.054	1.0909002444792328
chr18	10845001	10865000	chr18	10845001	11590000	745000	20000	6.0855704697986575	96.0%	0.046	1.086557444593289
chr11	102485001	102505000	chr11	102335001	102505000	170000	20000	21.323529411764707	98.0%	0.031	1.0860669893439852
chr2	191540001	191565000	chr2	191540001	191925000	385000	25000	11.535064935064934	97.0%	0.014	1.0858832630098048
chr17	59735001	59755000	chr17	59735001	59965000	230000	20000	14.130434782608695	96.0%	0.0365	1.0846881334362115
chr8	93810001	93835000	chr8	93810001	93965000	155000	25000	22.05161290322581	98.0%	0.027	1.0839284141702072
chr2	190075001	190095000	chr2	190075001	190390000	315000	20000	12.662698412698413	95.0%	0.086	1.0824165756772384
chr1	209680001	209700000	chr1	209565001	209700000	135000	20000	29.25	98.0%	0.014	1.0808413801083037
chr4	153130001	153155000	chr4	153130001	153660000	530000	25000	8.166037735849056	96.0%	0.031	1.0770868408549483
chr9	125360001	125380000	chr9	124765001	125380000	615000	20000	6.67479674796748	95.0%	0.061	1.0763543612429867
chr13	99165001	99185000	chr13	99165001	99445000	280000	20000	12.375	95.0%	0.099	1.0762959186540892
chr3	99010001	99035000	chr3	99010001	99755000	745000	25000	5.832214765100671	95.0%	0.054	1.0734963581469628
chr6	122720001	122745000	chr6	122720001	122930000	210000	25000	17.452380952380953	95.0%	0.0345	1.0693917651092262
chr11	6515001	6540000	chr11	6515001	6755000	240000	25000	23.908333333333335	95.0%	0.0175	1.0624134107646315
chr3	48135001	48155000	chr3	47795001	48155000	360000	20000	10.5625	95.0%	0.0995	1.0589598259897743
chr8	19255001	19275000	chr8	18910001	19275000	365000	20000	11.33904109589041	97.0%	0.042	1.057367429552979
chr14	34320001	34345000	chr14	34320001	34535000	215000	25000	16.088372093023256	95.0%	0.035	1.0533996246923822
chr12	32760001	32780000	chr12	32760001	33095000	335000	20000	11.716417910447761	95.0%	0.031	1.0419383843488677
chr4	72695001	72715000	chr4	72695001	73025000	330000	20000	12.348484848484848	96.0%	0.095	1.0365486063575478
chr5	172700001	172720000	chr5	172700001	173340000	640000	20000	5.865234375	95.0%	0.062	1.0339637838834679
chr11	94485001	94505000	chr11	94125001	94505000	380000	20000	11.37171052631579	95.0%	0.035	1.0323256080878467
chr2	44945001	44965000	chr2	44220001	44965000	745000	20000	7.639261744966443	95.0%	0.068	1.0308608953330005
chr4	149870001	149900000	chr4	149360001	149900000	540000	30000	8.679012345679013	95.0%	0.095	1.0298716021019032
chr7	27910001	27930000	chr7	27630001	27930000	300000	20000	12.475	96.0%	0.046	1.0291966967793404
chr11	118290001	118315000	chr11	118290001	118575000	285000	25000	14.245614035087721	96.0%	0.067	1.0242714390773189
chr7	36470001	36495000	chr7	36470001	36985000	515000	25000	7.866019417475728	95.0%	0.068	1.0235979795255188
chr5	119385001	119415000	chr5	119090001	119415000	325000	30000	12.928205128205128	95.0%	0.073	1.0225779016520666
chr2	45920001	45945000	chr2	45610001	45945000	335000	25000	16.61492537313433	98.0%	0.097	1.0211664079257348
chr20	22665001	22685000	chr20	22330001	22685000	355000	20000	10.443661971830986	95.0%	0.045	1.0204603874925606
chr3	38510001	38535000	chr3	38510001	38715000	205000	25000	17.082926829268295	95.0%	0.033	1.0177307358959293
chr9	34885001	34910000	chr9	34885001	35120000	235000	25000	14.89787234042553	97.0%	0.049	1.0169236819936407
chr7	107860001	107880000	chr7	107140001	107880000	740000	20000	5.890202702702703	95.0%	0.057999999999999996	1.016747625633743
chr11	65505001	65525000	chr11	65320001	65525000	205000	20000	15.359756097560975	96.0%	0.024	1.0142430536917526
chr12	103860001	103880000	chr12	103565001	103880000	315000	20000	12.226190476190476	95.0%	0.036	1.0124445066365313
chr2	62385001	62415000	chr2	61935001	62415000	480000	30000	13.619791666666666	95.0%	0.0605	1.0097056749558462
chr4	112095001	112120000	chr4	112095001	112330000	235000	25000	17.65531914893617	97.0%	0.028	1.007365608489769
chr1	31525001	31555000	chr1	31180001	31555000	375000	30000	10.522222222222222	96.0%	0.065	1.0044099000514803
chr16	46835001	46860000	chr16	46835001	47060000	225000	25000	14.182222222222222	95.0%	0.05	1.0043982922029724
chr11	35365001	35390000	chr11	35090001	35390000	300000	25000	13.36	95.0%	0.0595	1.0035892516538758
chr8	41690001	41710000	chr8	41690001	41985000	295000	20000	11.817796610169491	95.0%	0.031	1.0025545125295061
chr4	48295001	48320000	chr4	48295001	48560000	265000	25000	13.29433962264151	95.0%	0.064	0.9998016735300097
chr17	74365001	74385000	chr17	74365001	74530000	165000	20000	17.606060606060606	96.0%	0.022	0.9989477505973383
chr2	118870001	118890000	chr2	118870001	119305000	435000	20000	7.977011494252873	96.0%	0.034	0.9966271652673948
chr6	111195001	111215000	chr6	111000001	111215000	215000	20000	18.28488372093023	97.0%	0.046	0.9957681097098569
chr8	140820001	140845000	chr8	140820001	141180000	360000	25000	11.569444444444445	96.0%	0.08449999999999999	0.995435422600704
chr4	2755001	2780000	chr4	2755001	2985000	230000	25000	14.247826086956522	95.0%	0.0285	0.9952426183894458
chr12	27625001	27655000	chr12	27440001	27655000	215000	30000	17.43798449612403	96.0%	0.076	0.9944956240190705
chr20	41310001	41340000	chr20	40975001	41340000	365000	30000	9.666666666666666	95.0%	0.073	0.9942068415479148
chr1	64220001	64240000	chr1	63625001	64240000	615000	20000	7.837398373983739	97.0%	0.044	0.9927048826929044
chr2	157990001	158015000	chr2	157515001	158015000	500000	25000	9.118	95.0%	0.0445	0.9923305035554677
chr2	85795001	85820000	chr2	85630001	85820000	190000	25000	19.63157894736842	95.0%	0.041999999999999996	0.9920029867964395
chr14	73455001	73480000	chr14	72960001	73480000	520000	25000	7.411538461538461	95.0%	0.056999999999999995	0.9918832445400397
chr11	16925001	16950000	chr11	16925001	17280000	355000	25000	10.895774647887324	95.0%	0.048	0.9914846309578369
chr12	47705001	47730000	chr12	47705001	47965000	260000	25000	14.669230769230769	95.0%	0.0265	0.9885347919633248
chr12	104200001	104225000	chr12	104200001	104360000	160000	25000	21.0875	99.0%	0.008	0.9872925227278093
chr11	10790001	10810000	chr11	10790001	10930000	140000	20000	25.794642857142858	97.0%	0.027	0.9856479188670426
chr13	52115001	52130000	chr13	51815001	52130000	315000	15000	11.576719576719576	95.0%	0.037	0.9851812040775844
chr4	186715001	186735000	chr4	186715001	186950000	235000	20000	14.388297872340425	95.0%	0.026	0.9834042248822774
chr7	106455001	106475000	chr7	106055001	106475000	420000	20000	10.476190476190476	96.0%	0.035500000000000004	0.9830546745913895
chr3	134450001	134475000	chr3	134205001	134475000	270000	25000	16.603703703703705	97.0%	0.019	0.9820693909472967
chr18	24165001	24185000	chr18	24165001	24405000	240000	20000	15.916666666666666	96.0%	0.057999999999999996	0.9796772127823569
chr9	70665001	70685000	chr9	70665001	70905000	240000	20000	15.928571428571429	96.0%	0.063	0.979270976724846
chr4	55725001	55745000	chr4	55285001	55745000	460000	20000	8.540760869565217	95.0%	0.046	0.9785302777017628
chr4	185580001	185605000	chr4	185370001	185605000	235000	25000	15.774468085106383	95.0%	0.035	0.9741908718068739
chr16	2130001	2150000	chr16	1915001	2150000	235000	20000	9.48936170212766	95.0%	0.052	0.9739531266810383
chr15	41450001	41475000	chr15	41450001	41810000	360000	25000	9.261111111111111	96.0%	0.0765	0.9734379927761888
chr1	233775001	233800000	chr1	233360001	233800000	440000	25000	10.238636363636363	97.0%	0.0985	0.9717362886662805
chr3	182700001	182725000	chr3	182700001	183120000	420000	25000	9.704761904761906	95.0%	0.049	0.9704381570218735
chr10	103845001	103865000	chr10	103715001	103865000	150000	20000	22.675	97.0%	0.015	0.9694025439114025
chr10	95240001	95260000	chr10	95240001	95370000	130000	20000	27.182692307692307	98.0%	0.027	0.9689467072556432
chr4	90275001	90290000	chr4	89915001	90290000	375000	15000	11.737777777777778	97.0%	0.031	0.9681244098710992
chr4	40700001	40725000	chr4	40320001	40725000	405000	25000	9.851851851851851	96.0%	0.051	0.9668067373982357
chr6	167345001	167365000	chr6	167185001	167365000	180000	20000	16.51388888888889	97.0%	0.054	0.9645639026026486
chr4	128560001	128590000	chr4	128560001	128870000	310000	30000	13.21236559139785	97.0%	0.0675	0.959547439909545
chr8	23385001	23415000	chr8	23050001	23415000	365000	30000	10.463470319634704	95.0%	0.042	0.9593813682996549
chr1	3605001	3625000	chr1	3460001	3625000	165000	20000	15.795454545454545	95.0%	0.099	0.9467132532742022
chr9	42245001	42270000	chr9	42245001	42395000	150000	25000	21.793333333333333	95.0%	0.0775	0.9441469299520413
chr2	158030001	158050000	chr2	158030001	158690000	660000	20000	7.104166666666667	95.0%	0.05	0.9432836583525864
chr2	28945001	28965000	chr2	28945001	30085000	1140000	20000	4.218201754385965	95.0%	0.0605	0.9416618455039716
chr5	31580001	31600000	chr5	31580001	32095000	515000	20000	7.441747572815534	95.0%	0.079	0.9414651436082457
chr3	99825001	99845000	chr3	99825001	100445000	620000	20000	7.399193548387097	95.0%	0.099	0.9398280725507447
chr3	54405001	54435000	chr3	54405001	54925000	520000	30000	7.185897435897435	95.0%	0.0955	0.9366405247915648
chr10	88815001	88840000	chr10	88815001	89090000	275000	25000	15.621818181818181	97.0%	0.031	0.9319609955149198
chr1	167050001	167065000	chr1	166895001	167065000	170000	15000	20.441176470588236	98.0%	0.035	0.9318397529325586
chr11	32775001	32800000	chr11	32315001	32800000	485000	25000	8.216494845360824	95.0%	0.064	0.9280095909515482
chr11	112280001	112300000	chr11	112280001	112585000	305000	20000	12.364754098360656	95.0%	0.076	0.9247710231837347
chr12	3790001	3810000	chr12	3100001	3810000	710000	20000	6.359154929577465	95.0%	0.07100000000000001	0.9229785813039211
chr1	203495001	203515000	chr1	203495001	203855000	360000	20000	10.01736111111111	95.0%	0.0625	0.9226537116855449
chr20	38635001	38655000	chr20	38635001	38825000	190000	20000	16.18421052631579	95.0%	0.0265	0.9217004365307484
chr9	33070001	33095000	chr9	33070001	33510000	440000	25000	8.986363636363636	95.0%	0.0645	0.9202266098467371
chr1	43225001	43245000	chr1	43225001	43415000	190000	20000	17.907894736842106	98.0%	0.0615	0.9199631775149067
chr3	185985001	186005000	chr3	185985001	186280000	295000	20000	13.809322033898304	98.0%	0.046	0.91826802660965
chr3	32650001	32675000	chr3	32175001	32675000	500000	25000	8.145999999999999	95.0%	0.05	0.9171621463441907
chr14	91650001	91670000	chr14	91650001	91920000	270000	20000	13.953703703703704	95.0%	0.08399999999999999	0.9146381038157162
chr8	129810001	129835000	chr8	129810001	130110000	300000	25000	12.72	95.0%	0.053	0.9146322616218832
chr2	148970001	148990000	chr2	147920001	148990000	1070000	20000	4.793224299065421	95.0%	0.0365	0.9132023481962326
chr2	226800001	226820000	chr2	225670001	226820000	1150000	20000	4.285869565217391	95.0%	0.065	0.9129921321217593
chr1	25195001	25220000	chr1	24840001	25220000	380000	25000	9.41578947368421	95.0%	0.0685	0.9109298488696982
chr1	17485001	17505000	chr1	17485001	17700000	215000	20000	14.395348837209303	96.0%	0.022	0.9108460136788981
chr11	34915001	34935000	chr11	34915001	35365000	450000	20000	8.744444444444444	95.0%	0.032	0.9106803343280562
chr3	197490001	197510000	chr3	197200001	197510000	310000	20000	12.39516129032258	96.0%	0.05450000000000001	0.9090067034888774
chr20	35980001	36000000	chr20	35980001	36205000	225000	20000	15.055555555555555	95.0%	0.038	0.9082578125611707
chr17	58435001	58460000	chr17	58115001	58460000	345000	25000	11.730434782608695	95.0%	0.033	0.9054689720173115
chr7	77065001	77085000	chr7	77065001	77365000	300000	20000	7.575	96.0%	0.0315	0.9049791434476574
chr19	7320001	7340000	chr19	7095001	7340000	245000	20000	13.525510204081632	96.0%	0.039	0.9020528824645304
chr2	95995001	96015000	chr2	95995001	96265000	270000	20000	9.697115384615385	95.0%	0.028	0.9005474800743964
chr3	194120001	194140000	chr3	193810001	194140000	330000	20000	10.136363636363637	96.0%	0.067	0.8991484126268742
chr19	40655001	40675000	chr19	40655001	41155000	500000	20000	6.02	95.0%	0.094	0.8906436942303556
chr8	140630001	140645000	chr8	140360001	140645000	285000	15000	10.701754385964913	95.0%	0.063	0.8894757748742838
chr7	26680001	26705000	chr7	26680001	27175000	495000	25000	8.555555555555555	95.0%	0.069	0.8881185331459762
chr5	128185001	128205000	chr5	127800001	128205000	405000	20000	10.848765432098766	96.0%	0.055	0.8847161999720888
chr6	125290001	125315000	chr6	125140001	125315000	175000	25000	21.285714285714285	97.0%	0.044	0.8808164866357603
chr9	92615001	92635000	chr9	92270001	92635000	365000	20000	10.804794520547945	96.0%	0.036	0.8802708878239036
chr5	146415001	146435000	chr5	146035001	146435000	400000	20000	9.353125	95.0%	0.0345	0.8768554848580384
chr9	90225001	90250000	chr9	90225001	90765000	540000	25000	8.374074074074075	96.0%	0.065	0.8740964822720437
chr11	72460001	72485000	chr11	72460001	72685000	225000	25000	16.093333333333334	95.0%	0.027	0.8731808787078755
chr11	78635001	78655000	chr11	78635001	79100000	465000	20000	7.940860215053763	96.0%	0.064	0.8726119185998961
chr4	10575001	10595000	chr4	10575001	11630000	1055000	20000	4.580568720379147	95.0%	0.084	0.8711956043136206
chr6	56625001	56645000	chr6	56625001	56855000	230000	20000	17.33695652173913	96.0%	0.03	0.8700209960718004
chr3	90525001	90545000	chr3	90525001	90710000	185000	20000	20.824324324324323	97.0%	0.023	0.8698136559175311
chr6	110515001	110535000	chr6	110515001	111040000	525000	20000	8.326190476190476	95.0%	0.054	0.8693193402758814
chr5	72505001	72535000	chr5	72330001	72535000	205000	30000	18.495934959349594	95.0%	0.04	0.8622905813625673
chr5	80655001	80680000	chr5	80310001	80680000	370000	25000	10.402702702702703	96.0%	0.095	0.8589317915161493
chr2	39200001	39235000	chr2	38530001	39235000	705000	35000	10.261398176291793	95.0%	0.056	0.8572295693251605
chr4	82190001	82215000	chr4	81390001	82215000	825000	25000	6.57939393939394	97.0%	0.026	0.8548486849462011
chr2	108570001	108590000	chr2	108220001	108590000	370000	20000	11.087837837837839	95.0%	0.034	0.8547005468013443
chr2	235130001	235150000	chr2	235130001	235595000	465000	20000	8.540322580645162	96.0%	0.039	0.8544903251751746
chr5	148685001	148720000	chr5	148170001	148720000	550000	35000	8.851948051948051	96.0%	0.0315	0.8531387685166967
chr2	106625001	106645000	chr2	106625001	107665000	1040000	20000	4.331730769230769	95.0%	0.067	0.8525532003679653
chr7	76000001	76025000	chr7	75750001	76025000	275000	25000	12.061818181818182	97.0%	0.047	0.8493701359819632
chr10	91905001	91930000	chr10	91620001	91930000	310000	25000	11.109677419354838	97.0%	0.0455	0.8491854118297535
chr18	49850001	49875000	chr18	49520001	49875000	355000	25000	9.47887323943662	96.0%	0.071	0.8478435724871891
chr5	80090001	80105000	chr5	80090001	80330000	240000	15000	15.798611111111112	97.0%	0.05	0.8453894013465738
chr2	85125001	85145000	chr2	85125001	85295000	170000	20000	24.808823529411764	97.0%	0.028999999999999998	0.8451720009300834
chr5	141685001	141705000	chr5	141685001	141965000	280000	20000	14.040178571428571	97.0%	0.0665	0.8449556928160121
chr2	46975001	46995000	chr2	46975001	47325000	350000	20000	15.667857142857143	98.0%	0.035	0.8438865493036745
chr5	96595001	96625000	chr5	96595001	97015000	420000	30000	9.972222222222223	95.0%	0.0555	0.8388430086944128
chr1	165890001	165920000	chr1	165605001	165920000	315000	30000	12.351851851851853	97.0%	0.095	0.8386610615011452
chr1	211685001	211705000	chr1	211685001	212055000	370000	20000	10.95608108108108	98.0%	0.0905	0.8380259222076507
chr6	122600001	122620000	chr6	122600001	122860000	260000	20000	15.004807692307692	95.0%	0.0385	0.8372837011406825
chr18	55225001	55250000	chr18	55225001	55875000	650000	25000	6.303076923076923	97.0%	0.0475	0.8372642987048825
chr7	106535001	106555000	chr7	106535001	106790000	255000	20000	15.230392156862745	97.0%	0.058	0.834984713706015
chr18	15380001	15410000	chr18	14865001	15410000	545000	30000	6.391437308868501	95.0%	0.031	0.8348073951828632
chr13	95815001	95840000	chr13	95385001	95840000	455000	25000	8.694505494505496	95.0%	0.098	0.8339498189810192
chr13	26985001	27005000	chr13	26985001	27360000	375000	20000	10.75	95.0%	0.083	0.8321974807423325
chr2	111885001	111905000	chr2	111885001	112135000	250000	20000	14.7	97.0%	0.0335	0.8309386415237269
chr6	39305001	39330000	chr6	38960001	39330000	370000	25000	9.378378378378379	98.0%	0.04	0.830769357876265
chr7	45110001	45140000	chr7	44795001	45140000	345000	30000	9.490338164251208	96.0%	0.037	0.827591975425306
chr3	132235001	132260000	chr3	132235001	132545000	310000	25000	13.819354838709677	95.0%	0.0315	0.8257939144203019
chr6	135525001	135545000	chr6	135525001	136220000	695000	20000	7.073741007194244	95.0%	0.047	0.820933335484499
chr8	122060001	122090000	chr8	122060001	122650000	590000	30000	7.77683615819209	95.0%	0.07500000000000001	0.8202695539690811
chr5	146040001	146060000	chr5	145690001	146060000	370000	20000	11.030405405405405	96.0%	0.0305	0.8181251672327552
chr3	129635001	129655000	chr3	129635001	129940000	305000	20000	13.336065573770492	96.0%	0.083	0.8177553061564465
chr12	25370001	25390000	chr12	25200001	25390000	190000	20000	19.138157894736842	97.0%	0.046	0.815393378216607
chr10	70540001	70560000	chr10	70540001	70825000	285000	20000	11.241228070175438	96.0%	0.069	0.8133037928649925
chr3	170945001	170970000	chr3	170945001	171210000	265000	25000	14.222641509433961	95.0%	0.044	0.8131786526607951
chr2	84295001	84320000	chr2	83780001	84320000	540000	25000	7.946296296296296	95.0%	0.065	0.8118967452044642
chr2	44975001	44995000	chr2	44975001	45470000	495000	20000	11.44949494949495	96.0%	0.048	0.8078517554749224
chr8	2340001	2375000	chr8	2060001	2375000	315000	35000	8.451127819548871	97.0%	0.081	0.8074097573304222
chr5	121960001	121980000	chr5	121960001	122190000	230000	20000	15.423913043478262	95.0%	0.038	0.806773824242791
chr10	52200001	52225000	chr10	51005001	52225000	1220000	25000	3.9196721311475407	95.0%	0.079	0.8030160000558656
chr8	73160001	73180000	chr8	72860001	73180000	320000	20000	12.9296875	95.0%	0.034	0.8029926313235121
chr2	16740001	16765000	chr2	16520001	16765000	245000	25000	15.416326530612244	96.0%	0.045	0.7954233173914803
chr10	14180001	14205000	chr10	14180001	14490000	310000	25000	11.13225806451613	96.0%	0.069	0.7952894413346429
chr11	63625001	63650000	chr11	63125001	63650000	525000	25000	7.4438095238095245	95.0%	0.062	0.7945095395866644
chr6	106965001	106985000	chr6	106570001	106985000	415000	20000	9.286144578313253	96.0%	0.04	0.7923645273968004
chr12	70555001	70580000	chr12	70040001	70580000	540000	25000	7.9981481481481485	95.0%	0.08399999999999999	0.7920591378470299
chr17	36110001	36145000	chr17	35915001	36145000	230000	35000	21.50621118012422	96.0%	0.056999999999999995	0.791330183206104
chr19	42100001	42135000	chr19	42100001	42350000	250000	35000	12.622857142857143	95.0%	0.08	0.7898421454127491
chr2	60535001	60555000	chr2	60155001	60555000	400000	20000	14.321875	96.0%	0.035500000000000004	0.7888809375842865
chr2	71795001	71815000	chr2	71795001	72155000	360000	20000	15.743055555555555	97.0%	0.0465	0.7864957455895373
chr2	222700001	222715000	chr2	222700001	222945000	245000	15000	16.102040816326532	97.0%	0.03	0.7813938927528504
chr7	143010001	143030000	chr7	143010001	143215000	205000	20000	18.78048780487805	97.0%	0.092	0.7802795532764055
chr6	42035001	42055000	chr6	41775001	42055000	280000	20000	11.214285714285714	97.0%	0.042499999999999996	0.777224292185978
chr2	210180001	210205000	chr2	209330001	210205000	875000	25000	5.88	95.0%	0.052	0.7768668856009268
chr1	17050001	17070000	chr1	17050001	17405000	355000	20000	9.320422535211268	97.0%	0.072	0.7758808333455907
chr2	127190001	127215000	chr2	127190001	127490000	300000	25000	12.393333333333334	96.0%	0.0965	0.7747377144033756
chr11	36560001	36580000	chr11	36560001	36755000	195000	20000	17.98076923076923	95.0%	0.031	0.7733659816352028
chr2	146730001	146755000	chr2	146730001	147125000	395000	25000	10.346835443037975	96.0%	0.095	0.7730877556766933
chr6	139335001	139360000	chr6	138990001	139360000	370000	25000	10.875675675675677	95.0%	0.0435	0.7717469651071038
chr15	65260001	65285000	chr15	65045001	65285000	240000	25000	14.725	95.0%	0.049	0.7716128318237365
chr2	17655001	17680000	chr2	17105001	17680000	575000	25000	7.930434782608695	95.0%	0.049	0.7709701919958697
chr5	133100001	133120000	chr5	133100001	133560000	460000	20000	8.328804347826088	96.0%	0.0635	0.7686207922209825
chr7	28615001	28635000	chr7	28300001	28635000	335000	20000	12.462686567164178	96.0%	0.077	0.76810659802238
chr1	156075001	156095000	chr1	156075001	156235000	160000	20000	18.9921875	98.0%	0.0225	0.7666721593046202
chr5	1635001	1655000	chr5	1160001	1655000	495000	20000	5.638888888888889	96.0%	0.075	0.7661639576866603
chr17	58100001	58120000	chr17	57745001	58120000	375000	20000	10.23	95.0%	0.042	0.757522261267946
chr2	227645001	227665000	chr2	227645001	227905000	260000	20000	14.5625	96.0%	0.028999999999999998	0.7566316329596955
chr11	11790001	11820000	chr11	11790001	12050000	260000	30000	14.955128205128204	95.0%	0.087	0.7562262080911589
chr2	170790001	170810000	chr2	170440001	170810000	370000	20000	11.337837837837839	95.0%	0.0685	0.7560162767756937
chr2	10650001	10670000	chr2	10065001	10670000	605000	20000	6.81198347107438	95.0%	0.06	0.7550442830015781
chr12	50305001	50325000	chr12	50075001	50325000	250000	20000	13.575	96.0%	0.0375	0.7543576851299624
chr9	6185001	6210000	chr9	6185001	6410000	225000	25000	17.035555555555554	95.0%	0.062	0.7495357124554489
chr12	71215001	71235000	chr12	71215001	71650000	435000	20000	10.031609195402298	95.0%	0.085	0.7482397460720825
chr5	159950001	159970000	chr5	159515001	159970000	455000	20000	9.472527472527473	96.0%	0.076	0.747765695729981
chr5	174725001	174745000	chr5	174325001	174745000	420000	20000	9.770833333333334	95.0%	0.022	0.7459427569426103
chr11	14285001	14305000	chr11	14285001	14470000	185000	20000	19.39189189189189	98.0%	0.03	0.7444200501665372
chr2	188500001	188515000	chr2	187580001	188515000	935000	15000	5.53475935828877	95.0%	0.086	0.7437179416027075
chr12	19740001	19765000	chr12	19740001	20455000	715000	25000	6.07972027972028	95.0%	0.069	0.7431073548764066
chr13	50515001	50535000	chr13	50080001	50535000	455000	20000	8.37912087912088	97.0%	0.089	0.7430918425998926
chr6	157745001	157765000	chr6	157745001	157965000	220000	20000	15.6875	98.0%	0.025	0.7402983847757683
chr1	30910001	30935000	chr1	30735001	30935000	200000	25000	16.04	97.0%	0.0465	0.740254084077751
chr6	148455001	148475000	chr6	148180001	148475000	295000	20000	12.940677966101696	98.0%	0.052	0.7402110275573109
chr2	21290001	21325000	chr2	21035001	21325000	290000	35000	13.995073891625617	95.0%	0.048	0.7369347107903804
chr3	129230001	129250000	chr3	128970001	129250000	280000	20000	13.433035714285714	95.0%	0.036500000000000005	0.7363738426753519
chr4	39130001	39150000	chr4	38745001	39150000	405000	20000	10.367283950617283	96.0%	0.074	0.7343570318571174
chr15	74350001	74375000	chr15	74350001	74690000	340000	25000	9.358823529411765	96.0%	0.055	0.7330523504809786
chr14	34655001	34690000	chr14	34655001	35145000	490000	35000	8.269679300291545	95.0%	0.0805	0.728267001276022
chr10	59555001	59585000	chr10	59280001	59585000	305000	30000	13.01639344262295	95.0%	0.087	0.7271810767261861
chr7	121535001	121555000	chr7	121120001	121555000	435000	20000	10.21264367816092	96.0%	0.052	0.7269014258225894
chr2	216390001	216415000	chr2	216105001	216415000	310000	25000	13.48709677419355	98.0%	0.0895	0.7263689986011899
chr12	21150001	21185000	chr12	20645001	21185000	540000	35000	7.958994708994709	95.0%	0.0995	0.7258396132397072
chr1	53480001	53500000	chr1	53480001	53765000	285000	20000	11.763157894736842	95.0%	0.063	0.7255272831442001
chr7	7415001	7435000	chr7	7415001	8230000	815000	20000	5.754601226993865	96.0%	0.054	0.7251176021828167
chr11	29330001	29350000	chr11	28890001	29350000	460000	20000	8.730978260869565	95.0%	0.036500000000000005	0.7249339737523155
chr7	5485001	5505000	chr7	5485001	5710000	225000	20000	11.71111111111111	98.0%	0.032	0.7228282701129003
chr10	114455001	114480000	chr10	114455001	114825000	370000	25000	10.924324324324324	97.0%	0.07	0.7221949493997424
chr11	122615001	122650000	chr11	122615001	122865000	250000	35000	14.894285714285715	96.0%	0.022	0.7173233707038243
chr1	246485001	246505000	chr1	246485001	246765000	280000	20000	12.058035714285714	95.0%	0.07400000000000001	0.7154550648784316
chr6	42530001	42550000	chr6	42130001	42550000	420000	20000	9.55952380952381	95.0%	0.08349999999999999	0.7152858442569643
chr3	40165001	40185000	chr3	39635001	40185000	550000	20000	7.445454545454545	95.0%	0.0865	0.7151050308555592
chr6	134800001	134825000	chr6	134410001	134825000	415000	25000	10.43855421686747	96.0%	0.078	0.711814089402931
chr14	106250001	106270000	chr14	105935001	106270000	335000	20000	16.32377049180328	95.0%	0.046	0.7106636692122396
chr1	33445001	33465000	chr1	33235001	33465000	230000	20000	15.701086956521738	96.0%	0.0775	0.7106252093006274
chr3	53370001	53390000	chr3	53370001	53920000	550000	20000	7.4	95.0%	0.076	0.7104220344264583
chr3	87490001	87515000	chr3	87255001	87515000	260000	25000	13.523076923076923	96.0%	0.052000000000000005	0.7099613799009523
chr9	124115001	124140000	chr9	124115001	124400000	285000	25000	12.056140350877193	97.0%	0.097	0.7080633526816266
chr10	75000001	75025000	chr10	74700001	75025000	325000	25000	12.95076923076923	96.0%	0.085	0.7070283219834093
chr4	2165001	2190000	chr4	1910001	2190000	280000	25000	13.946428571428573	96.0%	0.0475	0.7069303777692819
chr12	96980001	97005000	chr12	96980001	98010000	1030000	25000	5.167961165048544	95.0%	0.054	0.705604656412916
chr3	34670001	34690000	chr3	33940001	34690000	750000	20000	5.973333333333334	97.0%	0.0755	0.704041699407645
chr9	22110001	22130000	chr9	21865001	22130000	265000	20000	14.44811320754717	96.0%	0.093	0.7024529538829662
chr12	53330001	53360000	chr12	53330001	53520000	190000	30000	17.399122807017545	95.0%	0.047	0.7018647571913657
chr3	141565001	141585000	chr3	141565001	141925000	360000	20000	11.14236111111111	95.0%	0.039	0.7017890142856616
chr2	172450001	172470000	chr2	172160001	172470000	310000	20000	12.983870967741936	98.0%	0.06	0.70151726308613
chr1	205235001	205260000	chr1	204865001	205260000	395000	25000	9.620253164556962	97.0%	0.079	0.6962449290356671
chr18	31410001	31435000	chr18	31410001	31570000	160000	25000	21.53125	98.0%	0.0315	0.6960534036796673
chr7	87785001	87805000	chr7	87785001	88180000	395000	20000	10.262658227848101	96.0%	0.058	0.6960378814674928
chr10	58155001	58185000	chr10	58155001	58395000	240000	30000	16.333333333333332	95.0%	0.039	0.6942534478824893
chr8	18200001	18220000	chr8	18200001	18880000	680000	20000	7.485294117647059	95.0%	0.07450000000000001	0.6904456500672616
chr5	141205001	141230000	chr5	141205001	141570000	365000	25000	9.205479452054794	95.0%	0.07	0.688917715055709
chr4	140245001	140265000	chr4	140005001	140265000	260000	20000	15.004807692307692	96.0%	0.055	0.6852195121721637
chr10	91230001	91255000	chr10	90900001	91255000	355000	25000	12.833802816901407	95.0%	0.033	0.6848733617814321
chr4	7065001	7085000	chr4	6865001	7085000	220000	20000	13.215909090909092	98.0%	0.0395	0.6825625143968981
chr3	42240001	42260000	chr3	42240001	42560000	320000	20000	11.94921875	95.0%	0.047	0.6814464214357032
chr14	101685001	101705000	chr14	101685001	101930000	245000	20000	12.954081632653061	95.0%	0.086	0.6790921800922256
chr2	108210001	108235000	chr2	108210001	108455000	245000	25000	15.746938775510205	96.0%	0.03	0.6780518555307413
chr7	117115001	117135000	chr7	116570001	117135000	565000	20000	7.522123893805309	95.0%	0.078	0.677034254798748
chr7	47805001	47825000	chr7	47455001	47825000	370000	20000	10.388513513513514	96.0%	0.067	0.6750260760175404
chr12	12695001	12715000	chr12	11545001	12715000	1170000	20000	4.147435897435898	95.0%	0.0485	0.674694265838884
chr1	152050001	152065000	chr1	152050001	152525000	475000	15000	9.536842105263158	95.0%	0.068	0.6742053000574187
chr9	92135001	92155000	chr9	92135001	92485000	350000	20000	9.45357142857143	97.0%	0.098	0.673370597984184
chr8	56775001	56795000	chr8	56775001	56940000	165000	20000	19.96969696969697	95.0%	0.086	0.6732943324313361
chr7	117705001	117725000	chr7	117210001	117725000	515000	20000	8.983009708737864	95.0%	0.044	0.6713657576551215
chr6	16170001	16200000	chr6	15740001	16200000	460000	30000	8.432971014492754	96.0%	0.07250000000000001	0.6699639406644867
chr2	19940001	19970000	chr2	19940001	20350000	410000	30000	11.347560975609754	95.0%	0.0595	0.6697392925471131
chr2	130320001	130340000	chr2	129945001	130340000	395000	20000	8.933544303797468	96.0%	0.033	0.668428269085063
chr11	82305001	82325000	chr11	82305001	82625000	320000	20000	11.234375	96.0%	0.0885	0.6673797708822385
chr6	144095001	144125000	chr6	144095001	144410000	315000	30000	12.96031746031746	95.0%	0.081	0.6658653628312756
chr6	113100001	113120000	chr6	113100001	113800000	700000	20000	8.871428571428572	95.0%	0.0435	0.6621233370567114
chr12	123220001	123240000	chr12	122950001	123240000	290000	20000	12.362068965517242	97.0%	0.053000000000000005	0.6616559820538092
chr1	228110001	228130000	chr1	228110001	228440000	330000	20000	11.518939393939394	95.0%	0.075	0.6613313838563368
chr2	75395001	75415000	chr2	74910001	75415000	505000	20000	8.410891089108912	95.0%	0.081	0.6612617408318171
chr5	65730001	65750000	chr5	65730001	66225000	495000	20000	8.696969696969697	95.0%	0.053	0.6606424814095815
chr18	5865001	5885000	chr18	5865001	6475000	610000	20000	6.202868852459017	96.0%	0.07100000000000001	0.6604442058473495
chr7	121125001	121145000	chr7	121125001	121400000	275000	20000	14.981818181818182	96.0%	0.064	0.6599057843451676
chr3	142260001	142280000	chr3	141950001	142280000	330000	20000	12.594696969696969	95.0%	0.043	0.6583156992716029
chr11	2040001	2065000	chr11	2040001	2375000	335000	25000	19.859701492537315	95.0%	0.043	0.6564166917217367
chr1	31645001	31670000	chr1	31645001	31795000	150000	25000	19.9	95.0%	0.0285	0.6507297629933069
chr14	102295001	102320000	chr14	102045001	102320000	275000	25000	11.963636363636365	97.0%	0.082	0.6487953851478881
chr20	20075001	20095000	chr20	20075001	20460000	385000	20000	9.457792207792208	95.0%	0.085	0.6486430691484321
chr7	102215001	102240000	chr7	101815001	102240000	425000	25000	8.317647058823528	96.0%	0.066	0.646825011294299
chr12	48155001	48175000	chr12	47855001	48175000	320000	20000	11.140625	95.0%	0.035500000000000004	0.6438932333241597
chr8	100935001	100955000	chr8	100935001	101215000	280000	20000	12.522321428571429	97.0%	0.044	0.6431175436712563
chr18	23500001	23525000	chr18	23500001	23920000	420000	25000	8.792857142857143	95.0%	0.077	0.6417640715051152
chr18	3565001	3590000	chr18	3275001	3590000	315000	25000	11.714285714285714	95.0%	0.061	0.6411498428563343
chr4	3975001	3995000	chr4	3975001	4170000	195000	20000	12.75	98.0%	0.034	0.6405538099874792
chr3	138910001	138935000	chr3	138320001	138935000	615000	25000	6.765853658536585	95.0%	0.073	0.6392987657445067
chr6	46835001	46860000	chr6	46835001	47060000	225000	25000	16.462222222222223	98.0%	0.052	0.6386292315779801
chr9	15200001	15220000	chr9	15200001	15620000	420000	20000	9.735119047619047	96.0%	0.07150000000000001	0.6365889727712748
chr11	10315001	10335000	chr11	9625001	10335000	710000	20000	6.286971830985915	96.0%	0.045	0.6355256283519365
chr2	138355001	138375000	chr2	137890001	138375000	485000	20000	9.301546391752577	95.0%	0.046	0.6293011827025937
chr3	15610001	15635000	chr3	15610001	16040000	430000	25000	10.06279069767442	95.0%	0.07400000000000001	0.6288134266348352
chr4	128175001	128200000	chr4	128175001	128670000	495000	25000	7.816161616161617	95.0%	0.082	0.624209048246687
chr4	10530001	10550000	chr4	10250001	10550000	300000	20000	11.258333333333333	96.0%	0.0315	0.6233983743861546
chr1	2640001	2660000	chr1	2640001	3010000	370000	20000	11.416666666666666	95.0%	0.056	0.6215476862798159
chr3	146550001	146580000	chr3	146335001	146580000	245000	30000	15.537414965986395	98.0%	0.057	0.6211492064861058
chr18	49165001	49185000	chr18	48895001	49185000	290000	20000	12.116379310344827	96.0%	0.0635	0.62109750845695
chr4	2210001	2235000	chr4	2210001	2730000	520000	25000	7.3538461538461535	95.0%	0.0915	0.6207923310693046
chr3	153030001	153045000	chr3	153030001	153485000	455000	15000	8.098901098901099	96.0%	0.04	0.616796108507903
chr3	87285001	87305000	chr3	87285001	88035000	750000	20000	6.51	95.0%	0.033	0.6161696518362646
chr2	158735001	158755000	chr2	158110001	158755000	645000	20000	7.187984496124031	95.0%	0.066	0.6153645717714211
chr7	63360001	63380000	chr7	62785001	63380000	595000	20000	2.700854700854701	95.0%	0.098	0.6152166761654585
chr2	98400001	98420000	chr2	98400001	98610000	210000	20000	16.077380952380953	97.0%	0.0445	0.6140229577598699
chr8	102805001	102830000	chr8	102140001	102830000	690000	25000	5.407246376811594	97.0%	0.039	0.6110270345876095
chr4	153765001	153785000	chr4	153765001	154470000	705000	20000	6.620567375886525	95.0%	0.083	0.6108209489170527
chr4	127600001	127635000	chr4	127600001	127895000	295000	35000	13.096852300242132	95.0%	0.076	0.6064977921533614
chr2	105565001	105585000	chr2	105565001	106095000	530000	20000	7.558962264150943	96.0%	0.0875	0.606458293100337
chr5	35915001	35935000	chr5	35585001	35935000	350000	20000	9.6	97.0%	0.061	0.6043731337896865
chr11	59810001	59835000	chr11	59810001	60255000	445000	25000	9.541573033707866	95.0%	0.058	0.6033365875230715
chr8	144115001	144135000	chr8	144115001	144360000	245000	20000	14.408163265306122	95.0%	0.028	0.6018161111411825
chr2	191815001	191835000	chr2	191815001	192120000	305000	20000	14.881147540983607	97.0%	0.059	0.5989068665777166
chr10	58400001	58420000	chr10	58400001	58645000	245000	20000	14.35204081632653	96.0%	0.065	0.5980520612980499
chr17	4195001	4220000	chr17	4195001	4415000	220000	25000	15.313636363636363	95.0%	0.069	0.5940526504130814
chr5	150420001	150440000	chr5	150115001	150440000	325000	20000	11.007692307692308	96.0%	0.036	0.5937406881004877
chr10	110735001	110755000	chr10	110735001	111415000	680000	20000	6.711397058823529	95.0%	0.0565	0.5934489613401525
chr1	119365001	119385000	chr1	119365001	119610000	245000	20000	13.438775510204081	96.0%	0.029	0.5926865086543802
chr18	63315001	63335000	chr18	63000001	63335000	335000	20000	10.832089552238806	98.0%	0.062	0.5911033748024528
chr2	227375001	227410000	chr2	227375001	227785000	410000	35000	11.71602787456446	96.0%	0.093	0.5896134853617498
chr7	74380001	74400000	chr7	74195001	74400000	205000	20000	14.725609756097562	97.0%	0.022	0.5869207975292362
chr3	98565001	98595000	chr3	98340001	98595000	255000	30000	14.624183006535949	96.0%	0.077	0.5829191914350915
chr1	19860001	19880000	chr1	19715001	19880000	165000	20000	20.515151515151516	96.0%	0.031	0.5817785705203052
chr5	73210001	73230000	chr5	73210001	73545000	335000	20000	11.059701492537313	95.0%	0.064	0.5714380501043073
chr11	75900001	75920000	chr11	75900001	76215000	315000	20000	12.920634920634921	98.0%	0.08	0.5706159470042353
chr7	55630001	55655000	chr7	55630001	56120000	490000	25000	6.948979591836735	95.0%	0.0815	0.5702702177915518
chr2	85715001	85735000	chr2	85715001	86120000	405000	20000	9.845679012345679	95.0%	0.098	0.5690195753863992
chr11	34355001	34390000	chr11	34355001	34655000	300000	35000	11.316666666666666	95.0%	0.0825	0.5638360183151322
chr7	140650001	140670000	chr7	140335001	140670000	335000	20000	10.291044776119403	96.0%	0.062	0.562432276216598
chr7	99035001	99055000	chr7	99035001	99320000	285000	20000	13.31140350877193	96.0%	0.081	0.5569999839113761
chr11	14775001	14795000	chr11	14775001	15095000	320000	20000	11.42578125	95.0%	0.0895	0.5546715267202748
chr8	9020001	9055000	chr8	9020001	9340000	320000	35000	12.008928571428571	95.0%	0.07200000000000001	0.5540686474264407
chr9	17555001	17585000	chr9	17555001	17790000	235000	30000	15.826241134751774	95.0%	0.06	0.5527385406369584
chr1	152645001	152670000	chr1	152645001	153230000	585000	25000	6.915517241379311	96.0%	0.078	0.5514052569468713
chr7	5985001	6010000	chr7	5985001	6225000	240000	25000	12.429166666666667	97.0%	0.026	0.5512876325080299
chr5	56890001	56910000	chr5	56890001	57285000	395000	20000	10.449367088607595	97.0%	0.082	0.5466369613748867
chr1	21360001	21380000	chr1	21210001	21380000	170000	20000	16.933823529411764	96.0%	0.0615	0.5444494693536439
chr4	169010001	169030000	chr4	169010001	169340000	330000	20000	11.946969696969697	96.0%	0.0965	0.544195353162204
chr15	65015001	65035000	chr15	65015001	65245000	230000	20000	14.0	96.0%	0.0625	0.542995897853025
chr7	135660001	135680000	chr7	135660001	136030000	370000	20000	10.037162162162161	95.0%	0.07150000000000001	0.5427840996922113
chr1	39085001	39105000	chr1	39085001	39610000	525000	20000	7.0	95.0%	0.052	0.5395348879661527
chr2	8670001	8690000	chr2	8430001	8690000	260000	20000	11.947115384615385	95.0%	0.0545	0.5394366193789268
chr5	56185001	56205000	chr5	55705001	56205000	500000	20000	8.52	95.0%	0.041	0.5380779044655218
chr4	164770001	164795000	chr4	164770001	165095000	325000	25000	11.258461538461539	95.0%	0.098	0.5354399950914128
chr5	42895001	42915000	chr5	42895001	43115000	220000	20000	15.232954545454545	97.0%	0.0295	0.534821448367107
chr1	15790001	15815000	chr1	15790001	16060000	270000	25000	11.514814814814816	96.0%	0.0785	0.5344390369569983
chr10	32985001	33015000	chr10	32780001	33015000	235000	30000	14.702127659574467	95.0%	0.068	0.5328059158235813
chr6	167900001	167925000	chr6	167900001	168140000	240000	25000	15.791666666666666	95.0%	0.047	0.5295692088761098
chr15	33950001	33975000	chr15	33740001	33975000	235000	25000	13.974468085106384	97.0%	0.094	0.5284559421888627
chr3	132620001	132655000	chr3	132345001	132655000	310000	35000	13.11520737327189	95.0%	0.068	0.5261350294158278
chr12	112370001	112390000	chr12	112000001	112390000	390000	20000	9.868589743589743	95.0%	0.0665	0.5248164704428744
chr11	34460001	34490000	chr11	33795001	34490000	695000	30000	6.780575539568345	95.0%	0.085	0.5200691710061895
chr7	73840001	73860000	chr7	73595001	73860000	265000	20000	11.358490566037736	95.0%	0.078	0.5197530265929188
chr6	106285001	106305000	chr6	105420001	106305000	885000	20000	5.862994350282486	97.0%	0.058	0.5182790777628166
chr6	119700001	119720000	chr6	119420001	119720000	300000	20000	14.208333333333334	96.0%	0.0655	0.5150108426533226
chr1	43515001	43535000	chr1	43515001	43770000	255000	20000	12.058823529411764	95.0%	0.081	0.5120176260368035
chr2	169435001	169455000	chr2	169435001	170390000	955000	20000	4.781413612565445	95.0%	0.09	0.5099749054574145
chr4	128445001	128465000	chr4	128445001	128875000	430000	20000	10.142441860465116	96.0%	0.064	0.5098623437225813
chr12	108555001	108575000	chr12	108555001	108960000	405000	20000	8.024691358024691	95.0%	0.089	0.5091929824412919
chr13	21460001	21480000	chr13	21120001	21480000	360000	20000	10.145833333333334	95.0%	0.041999999999999996	0.5066045415349024
chr14	22645001	22665000	chr14	22645001	22865000	220000	20000	15.244318181818182	95.0%	0.038000000000000006	0.506405230173203
chr2	11765001	11790000	chr2	11470001	11790000	320000	25000	11.7875	95.0%	0.08449999999999999	0.49906358681329155
chr7	138000001	138020000	chr7	137600001	138020000	420000	20000	9.696428571428571	96.0%	0.0685	0.49726628146529883
chr17	56710001	56730000	chr17	56495001	56730000	235000	20000	15.090425531914894	96.0%	0.06	0.49672817950968773
chr3	58305001	58330000	chr3	58305001	58635000	330000	25000	11.781818181818181	95.0%	0.0455	0.49636951765184456
chr6	119090001	119115000	chr6	118555001	119115000	560000	25000	7.7625	95.0%	0.072	0.4962158858283697
chr11	2530001	2560000	chr11	2530001	3030000	500000	30000	10.251666666666667	95.0%	0.08549999999999999	0.4957975553474562
chr12	27000001	27025000	chr12	26840001	27025000	185000	25000	17.745945945945945	97.0%	0.032	0.4949496971336401
chr6	52220001	52240000	chr6	52040001	52240000	200000	20000	19.86875	98.0%	0.0455	0.4944322983237926
chr1	93430001	93450000	chr1	93430001	93860000	430000	20000	8.287790697674419	96.0%	0.0815	0.49282299257626283
chr2	226970001	226995000	chr2	226070001	226995000	925000	25000	4.697297297297298	95.0%	0.062	0.4923739534421951
chr11	1990001	2015000	chr11	1610001	2015000	405000	25000	10.498765432098766	97.0%	0.069	0.48316655413335813
chr8	42135001	42160000	chr8	41830001	42160000	330000	25000	10.818181818181818	95.0%	0.079	0.48054444830267945
chr6	27180001	27205000	chr6	27180001	27715000	535000	25000	7.930841121495327	96.0%	0.05	0.4802460736051768
chr12	113190001	113210000	chr12	113190001	113435000	245000	20000	13.168367346938776	95.0%	0.052	0.4779260636438942
chr2	100965001	100985000	chr2	100590001	100985000	395000	20000	10.275316455696203	95.0%	0.044	0.4766698421080344
chr13	70555001	70580000	chr13	69565001	70580000	1015000	25000	4.226600985221674	96.0%	0.08	0.4764963655693313
chr5	126645001	126665000	chr5	126645001	127490000	845000	20000	5.341715976331361	96.0%	0.061	0.47391064058684756
chr8	117295001	117315000	chr8	116725001	117315000	590000	20000	6.798728813559322	95.0%	0.087	0.473337318064734
chr7	129445001	129475000	chr7	129170001	129475000	305000	30000	14.120218579234972	95.0%	0.075	0.47234384941541036
chr12	69545001	69575000	chr12	69350001	69575000	225000	30000	18.32962962962963	95.0%	0.095	0.47110465334602514
chr22	40680001	40700000	chr22	40680001	40895000	215000	20000	15.372093023255815	96.0%	0.046	0.46988466684611885
chr12	97395001	97410000	chr12	97010001	97410000	400000	15000	9.545833333333333	95.0%	0.0765	0.46938878057788463
chr19	50910001	50935000	chr19	50665001	50935000	270000	25000	10.837037037037037	95.0%	0.089	0.46837579743116065
chr11	112095001	112115000	chr11	112095001	112285000	190000	20000	19.29605263157895	96.0%	0.028999999999999998	0.46782354713883556
chr8	240001	270000	chr8	240001	535000	295000	30000	10.878531073446327	95.0%	0.068	0.4677921969660916
chr2	237555001	237580000	chr2	237320001	237580000	260000	25000	12.707692307692309	95.0%	0.057999999999999996	0.4667829587024225
chr5	910001	930000	chr5	910001	1175000	265000	20000	11.391509433962264	96.0%	0.038	0.4656673240715594
chr1	212460001	212480000	chr1	212460001	212790000	330000	20000	10.344696969696969	96.0%	0.0495	0.46527881289958406
chr6	170505001	170525000	chr6	169675001	170525000	850000	20000	5.086764705882353	95.0%	0.0635	0.4632701093263902
chr18	41885001	41915000	chr18	41525001	41915000	390000	30000	10.737179487179487	95.0%	0.0875	0.46324849723681427
chr2	43600001	43620000	chr2	43600001	44040000	440000	20000	12.897727272727273	95.0%	0.0645	0.4619231866629685
chr2	64640001	64665000	chr2	64640001	64850000	210000	25000	24.64761904761905	97.0%	0.018	0.4615496806744301
chr18	70185001	70205000	chr18	70185001	70435000	250000	20000	14.075	95.0%	0.092	0.46101782032295163
chr11	12885001	12905000	chr11	12365001	12905000	540000	20000	8.06712962962963	95.0%	0.0345	0.4608525089533201
chr12	95105001	95125000	chr12	95105001	95360000	255000	20000	14.22549019607843	95.0%	0.042	0.45780602522696706
chr3	53930001	53965000	chr3	53930001	54475000	545000	35000	7.148099606815203	95.0%	0.09	0.4554341034124068
chr8	100110001	100130000	chr8	99810001	100130000	320000	20000	11.921875	96.0%	0.0685	0.45470303382625044
chr1	32695001	32715000	chr1	32695001	32895000	200000	20000	15.06875	95.0%	0.040499999999999994	0.4533669528187522
chr10	118550001	118575000	chr10	118550001	118850000	300000	25000	12.676666666666666	96.0%	0.08299999999999999	0.4527893357053947
chr3	126380001	126400000	chr3	125910001	126400000	490000	20000	7.160714285714286	95.0%	0.0645	0.4526588284427023
chr18	10535001	10565000	chr18	10535001	10790000	255000	30000	12.732026143790849	95.0%	0.072	0.4525889927183311
chr12	17775001	17795000	chr12	17775001	17995000	220000	20000	15.528409090909092	95.0%	0.055	0.44973131813843037
chr9	128280001	128300000	chr9	128280001	128460000	180000	20000	15.729166666666666	95.0%	0.08249999999999999	0.4493901870191867
chr10	123945001	123965000	chr10	123615001	123965000	350000	20000	10.603571428571428	95.0%	0.046	0.4488357915987796
chr6	143405001	143435000	chr6	142480001	143435000	955000	30000	5.44153577661431	95.0%	0.073	0.4481916884199612
chr9	133170001	133190000	chr9	133170001	133495000	325000	20000	10.330769230769231	95.0%	0.052	0.44590426206240064
chr2	191015001	191035000	chr2	190640001	191035000	395000	20000	11.012658227848101	95.0%	0.094	0.44038415491631455
chr17	79960001	79995000	chr17	79730001	79995000	265000	35000	11.95687331536388	95.0%	0.09	0.4401067270811406
chr3	122380001	122405000	chr3	122380001	123070000	690000	25000	6.576811594202899	96.0%	0.053	0.4385109285768158
chr8	129290001	129310000	chr8	129290001	129740000	450000	20000	9.030555555555555	96.0%	0.0785	0.4362428950001535
chr4	78850001	78875000	chr4	78520001	78875000	355000	25000	11.523943661971831	98.0%	0.068	0.43564647501490217
chr6	107830001	107850000	chr6	107665001	107850000	185000	20000	19.716216216216218	98.0%	0.078	0.4342317783629262
chr12	69060001	69080000	chr12	68845001	69080000	235000	20000	14.914893617021276	95.0%	0.057	0.43386230537994414
chr18	24340001	24370000	chr18	24340001	24600000	260000	30000	12.480769230769232	95.0%	0.089	0.4315658242294777
chr3	183750001	183775000	chr3	183450001	183775000	325000	25000	12.430769230769231	98.0%	0.061	0.4306976973950883
chr17	1045001	1065000	chr17	1045001	1195000	150000	20000	17.241666666666667	96.0%	0.035500000000000004	0.42718540066909083
chr8	121820001	121840000	chr8	121530001	121840000	310000	20000	12.112903225806452	95.0%	0.043	0.42362079930186397
chr8	53795001	53815000	chr8	52960001	53815000	855000	20000	5.092105263157895	95.0%	0.066	0.42316636625400683
chr5	7245001	7270000	chr5	7245001	7855000	610000	25000	5.057377049180328	96.0%	0.0745	0.4211088058499724
chr6	137305001	137325000	chr6	137115001	137325000	210000	20000	17.952380952380953	97.0%	0.0595	0.42000409476714207
chr6	160650001	160675000	chr6	160480001	160675000	195000	25000	14.805263157894737	95.0%	0.084	0.41946713332015867
chr5	76860001	76880000	chr5	76860001	77135000	275000	20000	12.336363636363636	97.0%	0.055	0.41802284060824074
chr4	54825001	54845000	chr4	54305001	54845000	540000	20000	7.847222222222222	95.0%	0.0325	0.417451693669786
chr3	93990001	94015000	chr3	93990001	94300000	310000	25000	11.635483870967743	95.0%	0.092	0.41657385260549595
chr7	2325001	2350000	chr7	2005001	2350000	345000	25000	9.217391304347826	95.0%	0.076	0.41625596932552145
chr2	228635001	228660000	chr2	227885001	228660000	775000	25000	6.698064516129032	95.0%	0.052	0.41433555717569187
chr14	20320001	20340000	chr14	20320001	20550000	230000	20000	13.059782608695652	95.0%	0.0625	0.4137346063489426
chr1	5620001	5640000	chr1	5620001	5975000	355000	20000	9.517605633802816	95.0%	0.08	0.4126526920412663
chr12	114680001	114695000	chr12	114680001	115235000	555000	15000	6.486486486486487	95.0%	0.063	0.40674492516214467
chr2	37805001	37835000	chr2	37405001	37835000	430000	30000	17.511627906976745	97.0%	0.0135	0.40416324722417735
chr2	235730001	235755000	chr2	235270001	235755000	485000	25000	7.655670103092784	95.0%	0.06	0.39905066084365776
chr6	10930001	10960000	chr6	10930001	11585000	655000	30000	6.388040712468193	95.0%	0.088	0.3986573541159022
chr8	10575001	10595000	chr8	10575001	10825000	250000	20000	12.125	96.0%	0.041	0.39784327579274914
chr3	179540001	179560000	chr3	179045001	179560000	515000	20000	7.633495145631068	96.0%	0.057	0.39691051355407814
chrX	106865001	106895000	chrX	106865001	107060000	195000	30000	9.478632478632479	98.0%	0.068	0.39410143158119126
chr2	20065001	20095000	chr2	19945001	20095000	150000	30000	26.355555555555554	98.0%	0.0325	0.3934028258443676
chr17	4865001	4890000	chr17	4690001	4890000	200000	25000	14.985	96.0%	0.058	0.3927923225865611
chr6	127055001	127075000	chr6	126810001	127075000	265000	20000	15.679245283018869	98.0%	0.055	0.3926311624323972
chr12	42120001	42140000	chr12	42120001	42480000	360000	20000	10.371527777777779	95.0%	0.075	0.39198324673703494
chr10	73640001	73660000	chr10	73255001	73660000	405000	20000	9.0	98.0%	0.082	0.391051509495217
chr11	102715001	102735000	chr11	102715001	102950000	235000	20000	16.52659574468085	96.0%	0.098	0.39013539744092735
chr2	138905001	138930000	chr2	138905001	139215000	310000	25000	12.377419354838711	96.0%	0.0575	0.3894304948632298
chr19	755001	780000	chr19	755001	925000	170000	25000	14.558823529411764	95.0%	0.045	0.3884153212156103
chr5	7235001	7255000	chr5	6765001	7255000	490000	20000	7.099489795918367	95.0%	0.0895	0.38763984097933185
chr17	75040001	75065000	chr17	75040001	75260000	220000	25000	14.709090909090909	97.0%	0.096	0.3862085321671754
chr12	122735001	122755000	chr12	122300001	122755000	455000	20000	8.288461538461538	95.0%	0.048	0.3852343377455627
chr4	154605001	154630000	chr4	154320001	154630000	310000	25000	13.932258064516128	97.0%	0.092	0.38465086161016515
chr2	131400001	131425000	chr2	131400001	131735000	335000	25000	9.077611940298507	95.0%	0.095	0.3802983112180033
chr14	105655001	105675000	chr14	105655001	106270000	615000	20000	8.739406779661017	95.0%	0.085	0.37985393067014556
chr6	130315001	130335000	chr6	130315001	130760000	445000	20000	10.747191011235955	95.0%	0.077	0.378501319084144
chr13	99430001	99455000	chr13	99430001	99920000	490000	25000	7.369387755102041	95.0%	0.0835	0.3780890338757278
chr7	99900001	99925000	chr7	99900001	100085000	185000	25000	18.854054054054053	98.0%	0.03	0.3771123560732091
chr6	148920001	148950000	chr6	148605001	148950000	345000	30000	13.38647342995169	95.0%	0.049	0.37693736095132235
chr15	45790001	45810000	chr15	45790001	46320000	530000	20000	7.589622641509434	96.0%	0.0575	0.3769339245770689
chr11	118175001	118210000	chr11	118175001	118495000	320000	35000	13.589285714285714	95.0%	0.098	0.3745089867753652
chr14	106775001	106800000	chr14	106405001	106800000	395000	25000	8.245569620253164	96.0%	0.089	0.37135580098649257
chr4	83490001	83510000	chr4	83490001	83880000	390000	20000	9.881410256410257	96.0%	0.07	0.370877592883634
chr3	177040001	177065000	chr3	177040001	177580000	540000	25000	8.474074074074075	95.0%	0.07100000000000001	0.3693231656041067
chr9	113090001	113110000	chr9	112870001	113110000	240000	20000	10.111702127659575	97.0%	0.07350000000000001	0.36837161149348535
chr20	58160001	58185000	chr20	57635001	58185000	550000	25000	6.959999999999999	97.0%	0.0825	0.3678560456573543
chr7	39570001	39590000	chr7	39570001	39850000	280000	20000	13.379464285714286	96.0%	0.08	0.36702569698596466
chr12	4740001	4760000	chr12	4360001	4760000	400000	20000	9.80625	95.0%	0.08499999999999999	0.3670150723459563
chr6	28665001	28690000	chr6	28465001	28690000	225000	25000	14.453333333333333	95.0%	0.074	0.36493967695240986
chr20	46650001	46675000	chr20	46525001	46675000	150000	25000	20.68	95.0%	0.097	0.36307847070302424
chr11	5720001	5745000	chr11	5120001	5745000	625000	25000	10.232	95.0%	0.047	0.3613227865617405
chr6	39135001	39165000	chr6	38955001	39165000	210000	30000	16.63888888888889	95.0%	0.08349999999999999	0.3600383161914093
chr2	15625001	15645000	chr2	15625001	16310000	685000	20000	6.043795620437956	95.0%	0.069	0.35967338957370343
chr4	78505001	78525000	chr4	77945001	78525000	580000	20000	7.926724137931035	97.0%	0.0945	0.357340780295127
chr4	145225001	145245000	chr4	145225001	145615000	390000	20000	11.128205128205128	98.0%	0.0665	0.35637771179221817
chr14	106370001	106395000	chr14	105960001	106395000	435000	25000	8.595	97.0%	0.058	0.3548548453195152
chr3	32510001	32535000	chr3	32510001	32920000	410000	25000	10.251219512195123	95.0%	0.089	0.3534498994363939
chr20	17885001	17910000	chr20	17510001	17910000	400000	25000	9.147499999999999	96.0%	0.05499999999999999	0.35222711625908065
chr2	156570001	156600000	chr2	155670001	156600000	930000	30000	5.670250896057348	95.0%	0.0315	0.35200268235506676
chr18	50205001	50235000	chr18	50205001	50430000	225000	30000	15.866666666666667	96.0%	0.038	0.35200051325457826
chr4	17790001	17810000	chr4	17510001	17810000	300000	20000	11.625	95.0%	0.089	0.3506500058526073
chr6	36340001	36360000	chr6	36005001	36360000	355000	20000	11.066901408450704	95.0%	0.093	0.3497026277856237
chr4	69680001	69700000	chr4	69680001	70570000	890000	20000	5.165730337078652	95.0%	0.0895	0.3494324681306321
chr10	90900001	90920000	chr10	90900001	91290000	390000	20000	10.60897435897436	96.0%	0.042499999999999996	0.34596683172334053
chr20	58230001	58250000	chr20	58230001	58445000	215000	20000	14.813953488372093	97.0%	0.032	0.34505147023634847
chr7	99295001	99315000	chr7	98880001	99315000	435000	20000	9.201149425287356	96.0%	0.09	0.3430566284251924
chr2	39370001	39395000	chr2	39370001	39825000	455000	25000	14.01978021978022	96.0%	0.079	0.3387675422600742
chr9	112815001	112835000	chr9	112355001	112835000	480000	20000	8.153645833333334	96.0%	0.081	0.3364577052897249
chr2	121970001	121990000	chr2	121970001	122455000	485000	20000	7.920103092783505	96.0%	0.072	0.33617678274862295
chr5	10450001	10470000	chr5	10450001	10690000	240000	20000	14.234375	96.0%	0.07849999999999999	0.3333153400440556
chr1	8905001	8930000	chr1	8905001	9285000	380000	25000	9.610526315789475	95.0%	0.089	0.33300173388785786
chr13	33220001	33240000	chr13	33220001	33535000	315000	20000	11.738095238095237	95.0%	0.075	0.33204593797165527
chr2	209545001	209565000	chr2	209325001	209565000	240000	20000	17.932291666666668	96.0%	0.039	0.3257379734985993
chr6	34975001	35000000	chr6	34975001	35250000	275000	25000	13.963636363636363	95.0%	0.06	0.32110043346315675
chr10	132210001	132235000	chr10	132210001	132505000	295000	25000	9.24406779661017	96.0%	0.085	0.31943590267079125
chr9	123330001	123350000	chr9	123005001	123350000	345000	20000	10.503623188405797	95.0%	0.067	0.3191005622010143
chr2	201235001	201265000	chr2	201235001	201485000	250000	30000	15.543333333333335	95.0%	0.067	0.31540609857421625
chr5	32225001	32245000	chr5	32225001	32620000	395000	20000	9.563291139240507	95.0%	0.087	0.3149386437548251
chr10	97855001	97875000	chr10	97695001	97875000	180000	20000	19.42361111111111	95.0%	0.045	0.31478985271827503
chr2	97090001	97110000	chr2	96785001	97110000	325000	20000	7.792307692307692	96.0%	0.06	0.3121962575107299
chr16	57575001	57600000	chr16	57575001	57735000	160000	25000	20.40625	96.0%	0.038000000000000006	0.3093788107952482
chr10	63705001	63730000	chr10	63150001	63730000	580000	25000	6.948275862068965	95.0%	0.0735	0.3060269012206902
chr10	52295001	52315000	chr10	52295001	52595000	300000	20000	12.55	95.0%	0.073	0.30542374962526786
chr1	29230001	29255000	chr1	29230001	29505000	275000	25000	10.749090909090908	95.0%	0.056	0.2996305383477244
chr7	30065001	30085000	chr7	29725001	30085000	360000	20000	10.833333333333334	95.0%	0.077	0.2956244965875554
chr6	51845001	51870000	chr6	51845001	52025000	180000	25000	20.93888888888889	97.0%	0.03	0.2953892431246701
chr8	107765001	107790000	chr8	106720001	107790000	1070000	25000	4.333644859813084	96.0%	0.091	0.29273634578726654
chr1	93290001	93315000	chr1	93290001	93440000	150000	25000	22.553333333333335	96.0%	0.047	0.2918951295494452
chr19	11285001	11305000	chr19	11285001	11455000	170000	20000	15.816176470588236	96.0%	0.0435	0.29020986529303244
chr11	49740001	49765000	chr11	49565001	49765000	200000	25000	13.615	95.0%	0.064	0.2900072329060304
chr8	33330001	33350000	chr8	32950001	33350000	400000	20000	8.7625	96.0%	0.091	0.28930775508467077
chr5	122485001	122510000	chr5	122240001	122510000	270000	25000	13.885185185185184	97.0%	0.0935	0.28570895792516915
chr5	142135001	142150000	chr5	141995001	142150000	155000	15000	21.279569892473116	97.0%	0.062	0.2808660192114553
chr7	27060001	27085000	chr7	26875001	27085000	210000	25000	17.414285714285715	97.0%	0.082	0.2794385239000904
chr18	11290001	11315000	chr18	11290001	11565000	275000	25000	13.996363636363636	97.0%	0.052	0.27861420441201723
chr7	17295001	17315000	chr7	17295001	17685000	390000	20000	9.365384615384615	95.0%	0.062	0.2782873103782013
chr3	189210001	189240000	chr3	188945001	189240000	295000	30000	13.847457627118644	95.0%	0.084	0.2780607632826493
chr5	72355001	72375000	chr5	72355001	72945000	590000	20000	7.701271186440678	96.0%	0.07250000000000001	0.2726948903823919
chr1	221420001	221440000	chr1	220880001	221440000	560000	20000	7.569196428571429	95.0%	0.089	0.2713168609106171
chr2	98375001	98395000	chr2	97690001	98395000	705000	20000	5.7322695035460995	95.0%	0.071	0.27080640452370863
chr4	184735001	184760000	chr4	184735001	185135000	400000	25000	9.7825	95.0%	0.0625	0.2669460562557113
chr10	109875001	109895000	chr10	109875001	110140000	265000	20000	13.900943396226415	97.0%	0.073	0.26610575937171704
chr6	52155001	52175000	chr6	52155001	52405000	250000	20000	15.44	95.0%	0.051000000000000004	0.26573726170353645
chr2	97545001	97575000	chr2	97545001	98340000	795000	30000	2.925576519916143	95.0%	0.064	0.26534861425198913
chr5	75660001	75680000	chr5	75400001	75680000	280000	20000	13.308035714285714	97.0%	0.0435	0.2637299397397824
chr8	138920001	138945000	chr8	138720001	138945000	225000	25000	13.826666666666668	96.0%	0.079	0.2631468911939307
chr2	29825001	29845000	chr2	29285001	29845000	560000	20000	7.796875	95.0%	0.0895	0.2613343159274086
chr17	4555001	4575000	chr17	4555001	4705000	150000	20000	19.55	95.0%	0.039	0.25726536287030444
chr15	88805001	88835000	chr15	88660001	88835000	175000	30000	19.595238095238095	95.0%	0.091	0.2568291583606649
chr4	48950001	48970000	chr4	48245001	48970000	725000	20000	6.110344827586207	96.0%	0.068	0.25659734236300197
chr1	203205001	203225000	chr1	203030001	203225000	195000	20000	19.275641025641026	96.0%	0.034	0.25585093019975763
chr13	31530001	31550000	chr13	31530001	31805000	275000	20000	13.277272727272727	98.0%	0.061	0.2548738155457268
chr2	120335001	120355000	chr2	120335001	120555000	220000	20000	13.346590909090908	96.0%	0.0275	0.24863250930942615
chr1	235950001	235980000	chr1	235525001	235980000	455000	30000	9.793040293040294	96.0%	0.064	0.24764162295223757
chr10	110275001	110295000	chr10	110030001	110295000	265000	20000	15.641509433962264	96.0%	0.032	0.24629401786017094
chr11	46520001	46545000	chr11	46370001	46545000	175000	25000	19.565714285714286	96.0%	0.061	0.24287849854378188
chr6	27885001	27910000	chr6	27760001	27910000	150000	25000	18.546666666666667	98.0%	0.020999999999999998	0.24258065681865906
chr6	165220001	165240000	chr6	164915001	165240000	325000	20000	11.323076923076924	95.0%	0.077	0.24085520493837095
chr8	9320001	9345000	chr8	9035001	9345000	310000	25000	11.483870967741936	96.0%	0.0505	0.2404333703678464
chr6	160130001	160150000	chr6	160130001	160475000	345000	20000	11.380434782608695	95.0%	0.062	0.2377773170879536
chr2	137825001	137845000	chr2	136940001	137845000	905000	20000	5.357734806629834	96.0%	0.043	0.23689022230249593
chr3	73045001	73065000	chr3	72850001	73065000	215000	20000	16.6453488372093	97.0%	0.032	0.2368834977189676
chr4	73855001	73880000	chr4	73855001	74095000	240000	25000	16.1875	97.0%	0.077	0.23540492929242413
chr2	126510001	126535000	chr2	126510001	126805000	295000	25000	12.905084745762712	95.0%	0.069	0.23444045680144315
chr2	157770001	157795000	chr2	157770001	158015000	245000	25000	16.746938775510205	96.0%	0.08	0.23442289019868864
chr6	149715001	149740000	chr6	149715001	149935000	220000	25000	15.668181818181818	97.0%	0.0725	0.23375000604871915
chr20	8375001	8395000	chr20	7910001	8395000	485000	20000	8.97938144329897	95.0%	0.058	0.23347579370372362
chr5	149965001	149990000	chr5	149680001	149990000	310000	25000	14.119354838709677	96.0%	0.069	0.23046852352115255
chr12	80745001	80765000	chr12	80400001	80765000	365000	20000	11.26027397260274	95.0%	0.044	0.2303095382295189
chr15	84575001	84595000	chr15	84575001	84945000	370000	20000	8.547297297297296	95.0%	0.0905	0.22637000903277327
chr7	75745001	75765000	chr7	75530001	75765000	235000	20000	12.867021276595745	95.0%	0.057	0.2259073951313468
chr16	30435001	30455000	chr16	30435001	30630000	195000	20000	15.320512820512821	96.0%	0.083	0.2244791842212255
chr7	54235001	54260000	chr7	54235001	54570000	335000	25000	11.528358208955224	96.0%	0.048	0.22328582036103128
chr7	30725001	30745000	chr7	30505001	30745000	240000	20000	12.473958333333334	96.0%	0.0935	0.22222420737457593
chr2	238350001	238375000	chr2	238350001	238800000	450000	25000	8.706666666666667	95.0%	0.06	0.21906053958980443
chr11	2865001	2885000	chr11	2570001	2885000	315000	20000	14.825396825396826	95.0%	0.08	0.21833069468739458
chr6	97060001	97080000	chr6	97060001	97500000	440000	20000	9.639204545454545	95.0%	0.0815	0.2174172222383242
chr15	90135001	90155000	chr15	90135001	90345000	210000	20000	15.19047619047619	95.0%	0.036000000000000004	0.21564888664798232
chr9	33610001	33635000	chr9	33610001	33935000	325000	25000	11.415384615384616	95.0%	0.084	0.21552242293188315
chr13	94350001	94370000	chr13	92950001	94370000	1420000	20000	3.7403169014084505	95.0%	0.038	0.21513019058600652
chr3	31760001	31785000	chr3	31605001	31785000	180000	25000	18.916666666666664	95.0%	0.053	0.21509979098034704
chr7	51425001	51445000	chr7	51425001	52180000	755000	20000	5.448675496688741	95.0%	0.079	0.2146883302730939
chr6	16505001	16530000	chr6	16505001	16790000	285000	25000	12.849122807017546	98.0%	0.095	0.20939857480386453
chr8	26370001	26390000	chr8	26370001	26570000	200000	20000	15.9875	97.0%	0.039	0.2084088076503747
chr4	169600001	169620000	chr4	169600001	170060000	460000	20000	7.9103260869565215	97.0%	0.086	0.20826693420733194
chr3	195220001	195255000	chr3	194890001	195255000	365000	35000	10.5146771037182	96.0%	0.089	0.20264912507040253
chr10	69235001	69265000	chr10	69235001	69395000	160000	30000	21.776041666666668	97.0%	0.055	0.199847093239303
chr7	17635001	17660000	chr7	16975001	17660000	685000	25000	7.287591240875912	95.0%	0.068	0.19898891605993382
chr5	136160001	136180000	chr5	135885001	136180000	295000	20000	14.40677966101695	96.0%	0.034	0.1963171805300593
chr7	112395001	112415000	chr7	111830001	112415000	585000	20000	7.901709401709402	95.0%	0.063	0.18866390353059653
chr18	75470001	75490000	chr18	74880001	75490000	610000	20000	6.426229508196721	95.0%	0.0965	0.18683381147900754
chr8	26115001	26140000	chr8	26115001	26560000	445000	25000	8.932584269662922	95.0%	0.078	0.18656950329923622
chr10	72205001	72230000	chr10	72055001	72230000	175000	25000	18.011428571428574	97.0%	0.038	0.1862642731167154
chr5	180460001	180485000	chr5	180280001	180485000	205000	25000	14.809756097560975	98.0%	0.062	0.18466437802918004
chr5	87385001	87405000	chr5	86970001	87405000	435000	20000	9.988505747126437	95.0%	0.071	0.1824559940603614
chr5	52680001	52705000	chr5	52680001	52925000	245000	25000	14.546938775510204	96.0%	0.095	0.1815158909487405
chr1	47425001	47445000	chr1	47425001	47740000	315000	20000	10.833333333333334	95.0%	0.036	0.18106136280846805
chr9	93150001	93170000	chr9	93150001	93445000	295000	20000	10.927966101694915	95.0%	0.092	0.17654883797802373
chr8	9815001	9840000	chr8	9030001	9840000	810000	25000	5.01604938271605	95.0%	0.07300000000000001	0.17532787238652092
chr18	11730001	11750000	chr18	11730001	12045000	315000	20000	11.420634920634921	95.0%	0.065	0.1739643694921552
chr4	52020001	52040000	chr4	51820001	52040000	220000	20000	14.221590909090908	96.0%	0.08549999999999999	0.17209867850525626
chr10	131780001	131805000	chr10	131450001	131805000	355000	25000	9.391549295774649	96.0%	0.083	0.17059243525508944
chr15	60305001	60325000	chr15	59700001	60325000	625000	20000	6.97	96.0%	0.089	0.16988728196618527
chr12	69885001	69910000	chr12	69885001	70400000	515000	25000	8.244660194174758	95.0%	0.081	0.16766454874494263
chr15	81265001	81295000	chr15	81265001	81405000	140000	30000	23.2202380952381	96.0%	0.048	0.16649828557023047
chr3	106595001	106625000	chr3	105755001	106625000	870000	30000	5.135057471264368	95.0%	0.099	0.16588164277787923
chr2	108980001	109000000	chr2	108845001	109000000	155000	20000	20.266129032258064	97.0%	0.052	0.16578354021596975
chr4	68365001	68385000	chr4	68265001	68385000	120000	20000	27.395833333333332	98.0%	0.069	0.163623763727787
chr5	35955001	35975000	chr5	35955001	36265000	310000	20000	10.911290322580646	96.0%	0.0685	0.1633485505919792
chr6	21590001	21610000	chr6	21590001	22045000	455000	20000	7.313186813186813	96.0%	0.077	0.1532853981029022
chr7	121975001	122000000	chr7	121550001	122000000	450000	25000	9.875555555555556	95.0%	0.08499999999999999	0.1524479068227846
chr6	46085001	46105000	chr6	46085001	46360000	275000	20000	13.445454545454545	95.0%	0.088	0.15220847398536208
chr1	203330001	203355000	chr1	203330001	203745000	415000	25000	9.113253012048194	95.0%	0.097	0.14693827838332366
chr7	114845001	114875000	chr7	114845001	115330000	485000	30000	9.072164948453608	95.0%	0.072	0.1468534127209315
chr7	100690001	100710000	chr7	100690001	100855000	165000	20000	16.96969696969697	97.0%	0.035	0.1461870098816206
chr12	48590001	48620000	chr12	48185001	48620000	435000	30000	9.722222222222223	95.0%	0.086	0.14466222723873276
chr1	185320001	185340000	chr1	185320001	185605000	285000	20000	14.416666666666666	97.0%	0.08	0.1436957994996244
chr12	54830001	54860000	chr12	54830001	55075000	245000	30000	14.646258503401361	95.0%	0.084	0.14258352955134534
chr11	45850001	45880000	chr11	45850001	46015000	165000	30000	20.55050505050505	96.0%	0.054	0.14215471572213442
chr8	18790001	18810000	chr8	18310001	18810000	500000	20000	7.295	95.0%	0.0735	0.14092128921585415
chr7	75415001	75440000	chr7	75415001	75825000	410000	25000	3.8512195121951223	96.0%	0.082	0.1386298133590152
chr8	144550001	144570000	chr8	144550001	144740000	190000	20000	16.598684210526315	96.0%	0.065	0.1375855751513928
chr12	7790001	7810000	chr12	7645001	7810000	165000	20000	15.916666666666666	95.0%	0.046	0.13333306789489016
chr1	10495001	10515000	chr1	10495001	10970000	475000	20000	7.713157894736842	95.0%	0.085	0.12998696832709214
chr14	45420001	45445000	chr14	45420001	45865000	445000	25000	8.298876404494383	96.0%	0.089	0.12567609762322762
chr4	55625001	55645000	chr4	55390001	55645000	255000	20000	13.053921568627452	95.0%	0.06	0.12407060693531197
chr1	91615001	91635000	chr1	91615001	91935000	320000	20000	13.25	97.0%	0.036	0.11787665449185049
chr3	11310001	11335000	chr3	11050001	11335000	285000	25000	14.298245614035087	95.0%	0.076	0.11714804976894896
chr8	125620001	125645000	chr8	125270001	125645000	375000	25000	10.781333333333333	95.0%	0.087	0.11588050063660867
chr2	232600001	232620000	chr2	232600001	232790000	190000	20000	15.723684210526315	97.0%	0.07300000000000001	0.11485827573162705
chr1	168555001	168580000	chr1	168340001	168580000	240000	25000	15.841666666666665	97.0%	0.052000000000000005	0.1139907870256452
chr10	125855001	125875000	chr10	125855001	126030000	175000	20000	18.40714285714286	97.0%	0.038	0.11396678292816922
chr2	30195001	30215000	chr2	30195001	30710000	515000	20000	8.216019417475728	96.0%	0.056	0.11028122967924502
chr6	85110001	85130000	chr6	84925001	85130000	205000	20000	18.054878048780488	97.0%	0.058	0.11002914224095328
chr12	47290001	47320000	chr12	47025001	47320000	295000	30000	14.23728813559322	95.0%	0.082	0.10888646653149514
chr2	222320001	222340000	chr2	222320001	222605000	285000	20000	15.267543859649123	97.0%	0.05	0.1073187986993171
chr7	47075001	47095000	chr7	46455001	47095000	640000	20000	6.302734375	95.0%	0.0945	0.10591823144493946
chr11	72400001	72420000	chr11	72275001	72420000	145000	20000	24.25	96.0%	0.095	0.10045497175127643
chr10	72375001	72390000	chr10	72375001	72885000	510000	15000	8.34967320261438	97.0%	0.052000000000000005	0.10044256571807611
chr7	35020001	35040000	chr7	34745001	35040000	295000	20000	11.779661016949152	95.0%	0.057	0.09940709349402041
chr3	141455001	141475000	chr3	141455001	142005000	550000	20000	7.95	95.0%	0.0515	0.09510204702888597
chr12	122035001	122060000	chr12	122035001	122195000	160000	25000	18.8625	95.0%	0.0235	0.09483348332104444
chr7	55260001	55290000	chr7	55260001	55605000	345000	30000	10.234299516908212	96.0%	0.098	0.09170690244326277
chr2	27270001	27290000	chr2	26905001	27290000	385000	20000	10.64935064935065	96.0%	0.093	0.09126418937728684
chr6	62760001	62780000	chr6	62335001	62780000	445000	20000	9.0561797752809	96.0%	0.052	0.08596251389655266
chr2	127865001	127885000	chr2	127865001	128245000	380000	20000	10.289473684210526	95.0%	0.051000000000000004	0.08198464184983864
chr8	33665001	33685000	chr8	33665001	33855000	190000	20000	14.486842105263158	96.0%	0.0605	0.08174006250966509
chr11	47335001	47360000	chr11	47160001	47360000	200000	25000	14.265	96.0%	0.0465	0.08053918916845403
chr11	102600001	102620000	chr11	102295001	102620000	325000	20000	12.707692307692307	96.0%	0.023	0.0805304469760369
chr7	73715001	73740000	chr7	73585001	73740000	155000	25000	17.193548387096776	97.0%	0.039	0.07995057243542894
chr3	120390001	120410000	chr3	120230001	120410000	180000	20000	21.21527777777778	98.0%	0.038	0.07963747185563363
chr12	131840001	131860000	chr12	131840001	132010000	170000	20000	14.948529411764707	96.0%	0.065	0.07759901974748648
chr7	61730001	61750000	chr7	61730001	61915000	185000	20000	13.412162162162161	95.0%	0.071	0.07389061071460307
chr6	128465001	128485000	chr6	127720001	128485000	765000	20000	8.549019607843137	96.0%	0.049	0.07197207340569528
chr11	120160001	120185000	chr11	120160001	120310000	150000	25000	22.033333333333335	95.0%	0.063	0.07095785166924298
chr2	106100001	106120000	chr2	106100001	106590000	490000	20000	7.270408163265306	95.0%	0.058499999999999996	0.07063752754324887
chr5	40895001	40915000	chr5	40895001	41850000	955000	20000	4.884816753926701	95.0%	0.089	0.07028228089685885
chr15	92780001	92800000	chr15	92780001	93025000	245000	20000	12.668367346938776	95.0%	0.041	0.07014973753232051
chr14	31915001	31935000	chr14	31915001	32475000	560000	20000	7.029017857142857	95.0%	0.0645	0.0679455315884282
chr3	136070001	136090000	chr3	136070001	136575000	505000	20000	7.297029702970297	95.0%	0.099	0.0674984911190423
chr1	1100001	1125000	chr1	1100001	1300000	200000	25000	12.595	96.0%	0.0625	0.06396882658068759
chr8	1890001	1925000	chr8	1890001	2135000	245000	35000	14.148688046647232	96.0%	0.086	0.061790627521200146
chr18	12095001	12120000	chr18	12095001	12370000	275000	25000	13.036363636363637	95.0%	0.085	0.058797905295691795
chr4	26065001	26090000	chr4	26065001	26310000	245000	25000	14.971428571428572	97.0%	0.067	0.05620632473401413
chr10	91380001	91400000	chr10	91380001	91805000	425000	20000	8.75294117647059	95.0%	0.097	0.05592234316239351
chr7	35410001	35435000	chr7	35410001	35660000	250000	25000	13.76	96.0%	0.07	0.0546815085419172
chr6	2775001	2795000	chr6	2775001	2930000	155000	20000	11.42741935483871	96.0%	0.091	0.04708372697308466
chr5	60950001	60970000	chr5	60950001	61185000	235000	20000	13.132978723404255	96.0%	0.065	0.045219956166817794
chr5	133860001	133880000	chr5	133440001	133880000	440000	20000	9.670454545454545	96.0%	0.0315	0.04371822636900212
chr8	30365001	30380000	chr8	30175001	30380000	205000	15000	16.878048780487806	98.0%	0.052	0.043254278808118704
chr18	77695001	77715000	chr18	76865001	77715000	850000	20000	4.451470588235294	95.0%	0.08	0.041964690466623746
chr13	110920001	110940000	chr13	110920001	111225000	305000	20000	12.438524590163935	95.0%	0.09	0.04094048644961639
chr9	100700001	100720000	chr9	100700001	101320000	620000	20000	7.32258064516129	95.0%	0.08099999999999999	0.0388615336370251
chr4	170365001	170385000	chr4	170135001	170385000	250000	20000	14.015	95.0%	0.087	0.03637816792803112
chr1	149950001	149970000	chr1	149950001	150190000	240000	20000	15.067708333333334	95.0%	0.0505	0.03529237448666841
chr3	55485001	55505000	chr3	55485001	55755000	270000	20000	12.11111111111111	97.0%	0.0795	0.03520045685281848
chr3	136760001	136780000	chr3	136760001	137075000	315000	20000	11.48015873015873	95.0%	0.082	0.034860472274091316
chr3	185345001	185365000	chr3	185345001	185580000	235000	20000	15.808510638297872	97.0%	0.039	0.033826782031199654
chr2	20675001	20695000	chr2	20675001	21020000	345000	20000	12.5	97.0%	0.052	0.03346393872015446
chr7	12305001	12325000	chr7	11965001	12325000	360000	20000	12.291666666666666	96.0%	0.0895	0.03246977847141918
chr7	140155001	140175000	chr7	140155001	140490000	335000	20000	10.593283582089553	95.0%	0.065	0.02637344668864592
chr5	78880001	78905000	chr5	78880001	79140000	260000	25000	14.169230769230769	95.0%	0.08349999999999999	0.02251150410619186
chr3	99750001	99770000	chr3	99435001	99770000	335000	20000	10.921641791044776	96.0%	0.095	0.018065775970494632
chr5	16785001	16805000	chr5	16785001	17080000	295000	20000	11.88135593220339	95.0%	0.09	0.017537480449466222
chr12	99385001	99405000	chr12	99385001	99770000	385000	20000	13.204545454545455	96.0%	0.048	0.00644746844511218
chr13	111040001	111060000	chr13	110825001	111060000	235000	20000	14.73936170212766	96.0%	0.047	0.005515888973839217
chr10	24625001	24645000	chr10	24625001	25020000	395000	20000	8.89873417721519	96.0%	0.098	0.0040805923108188326
chr17	16985001	17005000	chr17	16985001	17210000	225000	20000	11.35	96.0%	0.058	0.0019625595494530026
chr12	64680001	64700000	chr12	64550001	64700000	150000	20000	23.116666666666667	98.0%	0.033	0.0009975240906866455
chr1	46730001	46755000	chr1	46730001	47155000	425000	25000	9.465882352941176	95.0%	0.073	-0.00035866546359457845
chr1	42570001	42590000	chr1	42570001	42755000	185000	20000	18.114864864864863	97.0%	0.061	-0.002941566593771078
chr10	118230001	118245000	chr10	117425001	118245000	820000	15000	5.794715447154471	95.0%	0.0665	-0.004877068004653102
chr7	4840001	4865000	chr7	4840001	5200000	360000	25000	10.1	95.0%	0.0985	-0.005816054479121355
chr10	62025001	62045000	chr10	62025001	62435000	410000	20000	9.707317073170731	95.0%	0.048	-0.00984848225005463
chr2	9135001	9155000	chr2	9135001	9400000	265000	20000	12.287735849056604	95.0%	0.085	-0.011513718292200563
chr12	15590001	15610000	chr12	15590001	15865000	275000	20000	16.836363636363636	96.0%	0.049	-0.01240264948161226
chr10	91620001	91640000	chr10	91470001	91640000	170000	20000	22.448529411764707	97.0%	0.0275	-0.012586739081929602
chr4	147700001	147735000	chr4	147700001	147875000	175000	35000	21.66122448979592	96.0%	0.058	-0.016505405852496977
chr13	73395001	73415000	chr13	72795001	73415000	620000	20000	6.959677419354839	95.0%	0.0885	-0.017340587550200667
chr6	42895001	42915000	chr6	42895001	43155000	260000	20000	11.788461538461538	95.0%	0.0805	-0.01796494560564952
chr5	172965001	172985000	chr5	172965001	173280000	315000	20000	10.817460317460318	96.0%	0.058	-0.018030518093606344
chr14	95600001	95620000	chr14	95600001	95860000	260000	20000	13.875	95.0%	0.041999999999999996	-0.01815540217347338
chr3	14255001	14275000	chr3	14255001	14505000	250000	20000	13.765	97.0%	0.0305	-0.018286393798969354
chr3	58635001	58655000	chr3	58635001	59055000	420000	20000	8.43452380952381	97.0%	0.095	-0.02136539279385268
chr1	171800001	171830000	chr1	171800001	171970000	170000	30000	22.299019607843135	96.0%	0.093	-0.02230294578540826
chr8	37380001	37400000	chr8	37380001	37680000	300000	20000	12.3	96.0%	0.056	-0.023266938043619373
chr2	98640001	98660000	chr2	98640001	99070000	430000	20000	9.901162790697674	97.0%	0.056	-0.02585261570000779
chr1	6235001	6260000	chr1	6235001	6490000	255000	25000	10.03921568627451	96.0%	0.082	-0.02628884636151555
chr20	49610001	49625000	chr20	49610001	49930000	320000	15000	10.682291666666666	95.0%	0.059000000000000004	-0.02683311429202802
chr1	44200001	44230000	chr1	44200001	44410000	210000	30000	15.972222222222221	96.0%	0.081	-0.026930341379810804
chr10	114765001	114785000	chr10	114585001	114785000	200000	20000	17.375	97.0%	0.06	-0.028727011753099385
chr2	74690001	74710000	chr2	74690001	75115000	425000	20000	10.226470588235294	95.0%	0.039	-0.03158102139043679
chr6	42855001	42875000	chr6	42505001	42875000	370000	20000	10.155405405405405	95.0%	0.08399999999999999	-0.03576513878363708
chr20	55410001	55435000	chr20	55410001	55675000	265000	25000	12.61509433962264	96.0%	0.083	-0.0360265890734669
chr3	5025001	5055000	chr3	4710001	5055000	345000	30000	11.36473429951691	97.0%	0.073	-0.036346975830187214
chr11	96040001	96060000	chr11	96040001	96425000	385000	20000	11.584415584415584	97.0%	0.089	-0.039769949313846885
chr3	198050001	198080000	chr3	197935001	198080000	145000	30000	23.64367816091954	96.0%	0.095	-0.04427867583888593
chr1	20615001	20645000	chr1	20515001	20645000	130000	30000	25.128205128205128	97.0%	0.0415	-0.04446338295544699
chr4	121635001	121660000	chr4	121240001	121660000	420000	25000	10.307142857142857	96.0%	0.0515	-0.046844079058335396
chr11	107880001	107905000	chr11	107645001	107905000	260000	25000	13.51153846153846	95.0%	0.0955	-0.047205425552548023
chr6	152110001	152135000	chr6	151625001	152135000	510000	25000	9.217647058823529	95.0%	0.057999999999999996	-0.048532008633081755
chr5	102570001	102590000	chr5	102570001	102810000	240000	20000	15.546875	97.0%	0.07550000000000001	-0.052386387228905165
chr8	124590001	124610000	chr8	124590001	124995000	405000	20000	9.808641975308642	97.0%	0.049	-0.05386348636681297
chr20	24980001	25000000	chr20	24980001	25310000	330000	20000	9.81060606060606	95.0%	0.044	-0.054347764792005475
chr8	2010001	2030000	chr8	1890001	2030000	140000	20000	19.651785714285715	96.0%	0.0685	-0.056312025696023775
chr1	118065001	118085000	chr1	118065001	118265000	200000	20000	16.01875	95.0%	0.081	-0.05982368568297553
chr7	21990001	22015000	chr7	21495001	22015000	520000	25000	7.7980769230769225	95.0%	0.07250000000000001	-0.07685720701739387
chr11	67845001	67875000	chr11	67845001	67985000	140000	30000	16.916666666666668	96.0%	0.0465	-0.08072989945165435
chr12	4520001	4545000	chr12	4290001	4545000	255000	25000	12.48235294117647	96.0%	0.092	-0.08210916205853955
chr7	31355001	31375000	chr7	31355001	31740000	385000	20000	10.084415584415584	96.0%	0.072	-0.08331753457673104
chr3	43150001	43175000	chr3	43150001	43545000	395000	25000	10.106329113924051	96.0%	0.064	-0.08532145077203358
chr8	24875001	24900000	chr8	24875001	25070000	195000	25000	17.512820512820515	96.0%	0.038	-0.08545005017432641
chr7	101500001	101520000	chr7	101320001	101520000	200000	20000	15.5375	96.0%	0.06	-0.09090966105294693
chr7	70685001	70705000	chr7	70150001	70705000	555000	20000	6.59009009009009	95.0%	0.076	-0.09138072745551419
chr14	50750001	50775000	chr14	50585001	50775000	190000	25000	20.231578947368423	97.0%	0.035500000000000004	-0.09156877567307568
chr4	139085001	139105000	chr4	139085001	139305000	220000	20000	16.460227272727273	96.0%	0.08	-0.09488366728364711
chr4	155435001	155460000	chr4	155435001	155795000	360000	25000	12.688888888888888	97.0%	0.0945	-0.09618299578838096
chr6	117335001	117360000	chr6	117335001	117725000	390000	25000	10.669230769230769	95.0%	0.07300000000000001	-0.09709461106491346
chr10	77835001	77855000	chr10	77835001	78030000	195000	20000	16.58974358974359	98.0%	0.048	-0.09983526990707126
chr14	71850001	71875000	chr14	71710001	71875000	165000	25000	17.8	97.0%	0.061	-0.10658136409092327
chr7	149300001	149325000	chr7	149300001	149530000	230000	25000	15.908695652173913	96.0%	0.082	-0.11304967834942703
chr3	41860001	41885000	chr3	40675001	41885000	1210000	25000	3.8462809917355374	95.0%	0.031	-0.11408704392807072
chr5	102210001	102230000	chr5	101940001	102230000	290000	20000	11.827586206896552	97.0%	0.0595	-0.12194216010149114
chr8	127385001	127410000	chr8	127165001	127410000	245000	25000	14.795918367346939	96.0%	0.091	-0.12417823634219056
chr1	87075001	87095000	chr1	86395001	87095000	700000	20000	6.758928571428571	95.0%	0.07350000000000001	-0.1251002079720777
chr2	233970001	233990000	chr2	233970001	234375000	405000	20000	9.033950617283951	95.0%	0.099	-0.1273965561256665
chr2	37975001	37995000	chr2	37975001	38265000	290000	20000	20.629310344827587	97.0%	0.0405	-0.13361852836171906
chr9	110160001	110185000	chr9	110160001	110630000	470000	25000	8.12127659574468	95.0%	0.08299999999999999	-0.13947808133356596
chr1	112375001	112400000	chr1	112375001	112715000	340000	25000	10.552941176470588	96.0%	0.0725	-0.1394804746536094
chr3	62220001	62250000	chr3	62220001	62435000	215000	30000	16.697674418604652	97.0%	0.079	-0.13977045344412206
chr6	119140001	119160000	chr6	119140001	120080000	940000	20000	5.281914893617022	95.0%	0.054	-0.14068666955441655
chr2	25975001	25995000	chr2	25975001	26150000	175000	20000	20.135714285714286	97.0%	0.029	-0.14932719714188925
chr1	153505001	153530000	chr1	153505001	153660000	155000	25000	20.18064516129032	96.0%	0.058	-0.15188798870968617
chr6	45415001	45440000	chr6	45415001	45615000	200000	25000	15.190000000000001	96.0%	0.0685	-0.15662612087133576
chr7	76165001	76185000	chr7	76165001	76325000	160000	20000	17.875	97.0%	0.08399999999999999	-0.15723963450320738
chr3	132390001	132410000	chr3	132075001	132410000	335000	20000	12.167910447761194	95.0%	0.097	-0.15804265069923734
chr5	90930001	90950000	chr5	90930001	91425000	495000	20000	9.446969696969697	95.0%	0.038	-0.15814642134317627
chr8	123675001	123695000	chr8	123470001	123695000	225000	20000	17.4	97.0%	0.041	-0.16177629243165334
chr3	127435001	127460000	chr3	127190001	127460000	270000	25000	12.31851851851852	95.0%	0.09	-0.16706489500074145
chr17	44525001	44545000	chr17	44525001	44680000	155000	20000	18.35483870967742	97.0%	0.058	-0.17092455509563462
chr11	59525001	59555000	chr11	59525001	59805000	280000	30000	11.300595238095239	97.0%	0.0725	-0.17644880159870757
chr10	132450001	132480000	chr10	132450001	132640000	190000	30000	13.166666666666666	95.0%	0.0755	-0.18510481646059784
chr5	90770001	90790000	chr5	90505001	90790000	285000	20000	13.837719298245615	95.0%	0.084	-0.18520427887541235
chr14	55075001	55100000	chr14	55075001	55220000	145000	25000	24.186206896551724	98.0%	0.092	-0.18591979079474755
chr2	48410001	48430000	chr2	47855001	48430000	575000	20000	11.502173913043478	95.0%	0.07	-0.18616058784172337
chr20	2210001	2230000	chr20	2210001	2460000	250000	20000	14.58	95.0%	0.058499999999999996	-0.19398538260404288
chr16	18790001	18810000	chr16	18790001	18975000	185000	20000	18.006756756756758	95.0%	0.043	-0.19846961565416532
chr9	101965001	101985000	chr9	101965001	102450000	485000	20000	8.378865979381443	95.0%	0.055	-0.19895442514344122
chr12	121540001	121565000	chr12	121540001	121680000	140000	25000	22.478571428571428	97.0%	0.051500000000000004	-0.20159004668303993
chr2	205875001	205900000	chr2	205705001	205900000	195000	25000	17.974358974358974	97.0%	0.089	-0.20230599135029353
chr3	193765001	193785000	chr3	193765001	194315000	550000	20000	7.959090909090909	95.0%	0.036000000000000004	-0.20655234352193116
chr1	67555001	67580000	chr1	67555001	67760000	205000	25000	18.434146341463414	96.0%	0.053	-0.20957843282836672
chr3	149120001	149145000	chr3	149120001	149415000	295000	25000	13.908474576271185	95.0%	0.055	-0.21898430877755298
chr5	127555001	127580000	chr5	127555001	128485000	930000	25000	5.159139784946237	95.0%	0.089	-0.22258775860760432
chr2	170220001	170240000	chr2	170220001	170395000	175000	20000	19.571428571428573	98.0%	0.046	-0.22348968566717364
chr2	201155001	201175000	chr2	200890001	201175000	285000	20000	14.302631578947368	96.0%	0.031	-0.22892778804460612
chr14	36195001	36215000	chr14	36195001	36620000	425000	20000	9.361764705882353	95.0%	0.061	-0.2303721409461519
chr15	90320001	90340000	chr15	90320001	90695000	375000	20000	10.923333333333334	95.0%	0.079	-0.23415829667711313
chr17	27220001	27240000	chr17	27220001	27605000	385000	20000	8.61038961038961	95.0%	0.089	-0.23451910350615046
chr8	105995001	106015000	chr8	105995001	106205000	210000	20000	16.80952380952381	98.0%	0.0935	-0.23554354239390235
chr4	45445001	45465000	chr4	45445001	45945000	500000	20000	7.3925	96.0%	0.0605	-0.23577296575530907
chr8	119490001	119515000	chr8	119490001	119805000	315000	25000	12.593650793650793	95.0%	0.048	-0.24233643443978947
chr12	102465001	102485000	chr12	102085001	102485000	400000	20000	10.384375	95.0%	0.077	-0.24680157647965464
chr1	42175001	42195000	chr1	42175001	42655000	480000	20000	9.247395833333334	95.0%	0.088	-0.24740354105677417
chr2	240840001	240865000	chr2	240840001	240995000	155000	25000	18.25161290322581	97.0%	0.082	-0.2511817892764285
chr18	58020001	58050000	chr18	58020001	58220000	200000	30000	17.054166666666667	95.0%	0.07150000000000001	-0.2512375979024799
chr13	98130001	98150000	chr13	98130001	98380000	250000	20000	12.5	96.0%	0.0825	-0.2558326822245338
chr13	106065001	106090000	chr13	106065001	106530000	465000	25000	8.709677419354838	95.0%	0.083	-0.2565439413278674
chr3	32285001	32315000	chr3	32285001	32485000	200000	30000	17.974999999999998	95.0%	0.0675	-0.2606554046709889
chr5	111145001	111165000	chr5	111145001	111545000	400000	20000	9.9625	96.0%	0.098	-0.26732766429878074
chr3	156675001	156695000	chr3	156675001	157145000	470000	20000	9.88031914893617	95.0%	0.0935	-0.2678850505463084
chr5	141870001	141900000	chr5	141690001	141900000	210000	30000	15.551587301587302	96.0%	0.0335	-0.26972577750618854
chr3	161090001	161110000	chr3	161090001	161270000	180000	20000	18.9375	97.0%	0.06	-0.2713775354335834
chr2	191490001	191510000	chr2	191185001	191510000	325000	20000	12.784615384615385	96.0%	0.08	-0.27258539047629055
chr3	177510001	177530000	chr3	177510001	177780000	270000	20000	13.699074074074074	95.0%	0.064	-0.2853132937486851
chr1	26380001	26400000	chr1	26105001	26400000	295000	20000	11.389830508474576	95.0%	0.078	-0.2861234953120589
chr2	161930001	161950000	chr2	161220001	161950000	730000	20000	6.700342465753424	96.0%	0.0825	-0.28803130194689663
chr7	75855001	75875000	chr7	75855001	76025000	170000	20000	18.03676470588235	97.0%	0.066	-0.28992826989666415
chr3	112625001	112645000	chr3	112625001	113080000	455000	20000	9.263736263736265	96.0%	0.05	-0.2919365923388038
chr20	13765001	13785000	chr20	12945001	13785000	840000	20000	4.991071428571429	95.0%	0.095	-0.29727070454537186
chr7	116785001	116810000	chr7	116595001	116810000	215000	25000	19.995348837209303	97.0%	0.04	-0.3082251669029074
chr8	134700001	134720000	chr8	134700001	134890000	190000	20000	17.032894736842106	97.0%	0.043	-0.30864354701938557
chr3	10215001	10240000	chr3	10065001	10240000	175000	25000	18.759999999999998	98.0%	0.058	-0.311588196049161
chr3	123245001	123265000	chr3	122715001	123265000	550000	20000	7.552272727272728	95.0%	0.0915	-0.3127607950304399
chr2	26945001	26970000	chr2	26945001	27090000	145000	25000	22.151724137931033	96.0%	0.027	-0.31420483937954247
chr3	69150001	69170000	chr3	69150001	69425000	275000	20000	15.163636363636364	96.0%	0.047	-0.32255043709095954
chr5	115625001	115645000	chr5	115625001	115870000	245000	20000	14.403061224489797	97.0%	0.099	-0.3278014277316179
chr2	173020001	173040000	chr2	173020001	173400000	380000	20000	11.506578947368421	96.0%	0.097	-0.33765091913373513
chr3	192565001	192580000	chr3	192565001	193085000	520000	15000	8.903846153846153	96.0%	0.0865	-0.33818168906714396
chr6	99735001	99755000	chr6	99420001	99755000	335000	20000	11.395522388059701	95.0%	0.043	-0.3394766730165823
chr18	41745001	41765000	chr18	41745001	41925000	180000	20000	18.333333333333332	95.0%	0.08549999999999999	-0.3404490609849581
chr1	151720001	151745000	chr1	151300001	151745000	445000	25000	9.098876404494382	95.0%	0.094	-0.34543759921853473
chr9	94055001	94075000	chr9	94055001	94220000	165000	20000	21.333333333333332	97.0%	0.03	-0.3553073444839461
chr20	6625001	6645000	chr20	6625001	6825000	200000	20000	17.75625	96.0%	0.0345	-0.3558932425571913
chr7	51060001	51085000	chr7	50690001	51085000	395000	25000	9.886075949367088	97.0%	0.085	-0.3566211076927614
chr3	169145001	169165000	chr3	169145001	169430000	285000	20000	13.807017543859649	95.0%	0.088	-0.36585121913138996
chr14	94125001	94145000	chr14	93915001	94145000	230000	20000	12.71195652173913	95.0%	0.0915	-0.36901221660768957
chr6	24570001	24595000	chr6	24570001	24770000	200000	25000	18.95	96.0%	0.032	-0.3702078021073755
chr5	72600001	72620000	chr5	72600001	72925000	325000	20000	12.184615384615384	95.0%	0.073	-0.37174126700695637
chr4	63860001	63895000	chr4	63625001	63895000	270000	35000	12.84593837535014	96.0%	0.0965	-0.3746662308321701
chr9	79460001	79485000	chr9	79460001	79715000	255000	25000	13.494117647058824	95.0%	0.095	-0.37755400297388964
chr13	45700001	45725000	chr13	45505001	45725000	220000	25000	16.086363636363636	96.0%	0.089	-0.37784190088612324
chr2	20440001	20460000	chr2	20440001	20645000	205000	20000	17.182926829268293	97.0%	0.058	-0.37972376078624437
chr8	123810001	123825000	chr8	123810001	124035000	225000	15000	16.014814814814816	98.0%	0.034	-0.3823934648568617
chr13	104555001	104575000	chr13	104555001	105215000	660000	20000	6.395833333333333	95.0%	0.057	-0.3958601090717882
chr6	49510001	49530000	chr6	49510001	49760000	250000	20000	14.66	96.0%	0.0865	-0.4013256084905621
chr12	50630001	50650000	chr12	50430001	50650000	220000	20000	17.113636363636363	95.0%	0.056	-0.4050909396074777
chr5	145900001	145920000	chr5	145900001	146135000	235000	20000	16.68617021276596	96.0%	0.091	-0.4138409278520301
chr12	93370001	93390000	chr12	92980001	93390000	410000	20000	10.387195121951219	95.0%	0.0475	-0.4168410377126782
chr2	113740001	113760000	chr2	113740001	113955000	215000	20000	16.00581395348837	95.0%	0.086	-0.4216855395693145
chr18	76405001	76425000	chr18	76405001	76715000	310000	20000	11.709677419354838	97.0%	0.079	-0.4273209702079129
chr2	234490001	234510000	chr2	233975001	234510000	535000	20000	8.521028037383177	97.0%	0.033	-0.42996012954763685
chr5	14265001	14290000	chr5	13975001	14290000	315000	25000	11.22857142857143	96.0%	0.071	-0.43439986012018345
chr6	110675001	110695000	chr6	110675001	111040000	365000	20000	10.863013698630137	96.0%	0.084	-0.43498730509166794
chr9	115010001	115030000	chr9	114665001	115030000	365000	20000	10.54109589041096	95.0%	0.066	-0.4570452768497926
chr4	51815001	51835000	chr4	51815001	52210000	395000	20000	9.060126582278482	96.0%	0.059	-0.4581438941715117
chr17	60080001	60105000	chr17	60080001	60685000	605000	25000	6.084297520661157	96.0%	0.089	-0.46738356415025845
chr5	136055001	136075000	chr5	135905001	136075000	170000	20000	20.845588235294116	97.0%	0.044	-0.4685751827156245
chr19	10930001	10960000	chr19	10930001	11140000	210000	30000	13.21031746031746	96.0%	0.068	-0.46891428221206205
chr8	57330001	57350000	chr8	57130001	57350000	220000	20000	15.545454545454545	96.0%	0.029	-0.4713304219360347
chr2	43215001	43245000	chr2	42960001	43245000	285000	30000	16.160818713450293	95.0%	0.041	-0.4736033093354612
chr5	132495001	132515000	chr5	132370001	132515000	145000	20000	19.879310344827587	97.0%	0.035	-0.4764357343553282
chr6	14200001	14225000	chr6	14200001	15490000	1290000	25000	3.7147286821705428	95.0%	0.097	-0.4785727913634852
chr8	22415001	22440000	chr8	22415001	22655000	240000	25000	14.970833333333335	96.0%	0.091	-0.48256888969372463
chr11	72015001	72035000	chr11	72015001	72195000	180000	20000	19.76388888888889	98.0%	0.0435	-0.4847268247894288
chr3	15380001	15415000	chr3	15110001	15415000	305000	35000	12.793911007025761	95.0%	0.099	-0.4978784812878772
chr13	49295001	49315000	chr13	49295001	49525000	230000	20000	14.608695652173912	97.0%	0.07450000000000001	-0.49831670412507645
chr9	750001	775000	chr9	340001	775000	435000	25000	9.648275862068965	97.0%	0.071	-0.503704456705751
chr5	143950001	143970000	chr5	143625001	143970000	345000	20000	11.18840579710145	96.0%	0.098	-0.5079723710866754
chr11	128630001	128650000	chr11	128025001	128650000	625000	20000	7.388	95.0%	0.058	-0.5112892443569128
chr8	86120001	86140000	chr8	86120001	86490000	370000	20000	11.14527027027027	95.0%	0.095	-0.511953173761787
chr14	22305001	22325000	chr14	22305001	22535000	230000	20000	16.39673913043478	97.0%	0.0525	-0.513809301940049
chr11	1025001	1055000	chr11	830001	1055000	225000	30000	16.122222222222224	97.0%	0.078	-0.5169059258871609
chr16	84620001	84650000	chr16	84620001	84765000	145000	30000	20.770114942528735	96.0%	0.097	-0.5220037353289662
chr4	174365001	174385000	chr4	174365001	174720000	355000	20000	15.288732394366198	98.0%	0.036	-0.5261370493608126
chr2	65615001	65645000	chr2	65615001	66495000	880000	30000	7.417613636363637	95.0%	0.0885	-0.5282345946972032
chr4	83765001	83785000	chr4	83765001	84220000	455000	20000	9.667582417582418	95.0%	0.099	-0.533263725408415
chr1	160090001	160105000	chr1	160090001	160305000	215000	15000	14.728682170542635	97.0%	0.064	-0.5346184043671782
chr10	101435001	101455000	chr10	101210001	101455000	245000	20000	15.479591836734693	95.0%	0.095	-0.5415360002231759
chr17	7035001	7050000	chr17	7035001	7265000	230000	15000	10.434782608695652	95.0%	0.035	-0.5462740924139305
chr10	110240001	110275000	chr10	110030001	110275000	245000	35000	17.685131195335277	96.0%	0.067	-0.5467028618220264
chr5	148095001	148120000	chr5	147855001	148120000	265000	25000	16.59245283018868	97.0%	0.033	-0.5489009467597632
chr17	77075001	77090000	chr17	77075001	77245000	170000	15000	15.607843137254902	95.0%	0.077	-0.5497873206930021
chr18	70420001	70440000	chr18	70075001	70440000	365000	20000	11.178082191780822	95.0%	0.066	-0.5615061523633414
chr1	74460001	74480000	chr1	73805001	74480000	675000	20000	6.222222222222222	96.0%	0.094	-0.5645077158236995
chr3	50195001	50225000	chr3	50105001	50225000	120000	30000	24.472222222222225	97.0%	0.064	-0.5695793304960924
chr5	109465001	109480000	chr5	108440001	109480000	1040000	15000	4.572115384615384	96.0%	0.0895	-0.5733634367610424
chr3	55705001	55725000	chr3	55455001	55725000	270000	20000	13.75	96.0%	0.0945	-0.581270347072776
chr7	31625001	31645000	chr7	31135001	31645000	510000	20000	7.877450980392157	95.0%	0.087	-0.5851048224399888
chr6	119340001	119365000	chr6	119340001	119990000	650000	25000	6.852307692307693	96.0%	0.07150000000000001	-0.599673398221371
chr10	100000001	100025000	chr10	99855001	100025000	170000	25000	19.51764705882353	97.0%	0.07700000000000001	-0.6097149263884726
chr6	73120001	73140000	chr6	72780001	73140000	360000	20000	10.958333333333334	97.0%	0.074	-0.6172603269345298
chr6	117600001	117620000	chr6	117310001	117620000	310000	20000	12.89516129032258	96.0%	0.048	-0.6196277866424489
chr9	4375001	4395000	chr9	4375001	4660000	285000	20000	12.162280701754385	95.0%	0.079	-0.6230351984450571
chr6	72945001	72970000	chr6	72945001	73130000	185000	25000	18.43783783783784	97.0%	0.06	-0.6341759701772425
chr21	29160001	29180000	chr21	29160001	29375000	215000	20000	16.3546511627907	97.0%	0.044	-0.6418935605440131
chr7	25065001	25085000	chr7	24660001	25085000	425000	20000	9.255882352941176	96.0%	0.052	-0.6446505658324854
chr6	139360001	139380000	chr6	139360001	140455000	1095000	20000	3.8995433789954337	95.0%	0.076	-0.6507566678599956
chr2	41865001	41880000	chr2	41865001	42210000	345000	15000	19.7487922705314	95.0%	0.051	-0.6686263225960037
chr10	63075001	63095000	chr10	62440001	63095000	655000	20000	6.477099236641221	97.0%	0.08	-0.6691994827717582
chr8	29345001	29365000	chr8	29345001	30055000	710000	20000	6.568661971830986	95.0%	0.0625	-0.6738371589612959
chr3	133560001	133590000	chr3	133425001	133590000	165000	30000	19.79292929292929	96.0%	0.095	-0.6741725512054306
chr3	30685001	30700000	chr3	30065001	30700000	635000	15000	7.766404199475065	98.0%	0.045	-0.6766732646522545
chr1	92845001	92860000	chr1	92845001	92995000	150000	15000	22.92222222222222	98.0%	0.054	-0.6781986479329228
chr2	44075001	44095000	chr2	44075001	44390000	315000	20000	18.702380952380953	98.0%	0.033	-0.6782780053652178
chr10	78020001	78040000	chr10	77835001	78040000	205000	20000	14.99390243902439	97.0%	0.065	-0.6851519593733434
chr2	97790001	97810000	chr2	97790001	98390000	600000	20000	7.55	95.0%	0.0435	-0.6957171776492632
chr19	54760001	54780000	chr19	54760001	54965000	205000	20000	23.134146341463413	96.0%	0.018	-0.6990959965379991
chr9	22300001	22335000	chr9	22300001	22545000	245000	35000	16.02332361516035	95.0%	0.058	-0.7053741019869312
chr6	105475001	105500000	chr6	105475001	106095000	620000	25000	7.970967741935484	95.0%	0.08149999999999999	-0.7253159752678763
chr18	62945001	62965000	chr18	62580001	62965000	385000	20000	10.938311688311689	96.0%	0.074	-0.7271483251845544
chr21	42160001	42180000	chr21	42160001	42305000	145000	20000	19.362068965517242	96.0%	0.063	-0.7333304565978381
chr1	16065001	16080000	chr1	16065001	16245000	180000	15000	15.314814814814815	95.0%	0.0335	-0.7534767656137856
chr1	157975001	157995000	chr1	157975001	158130000	155000	20000	21.822580645161292	98.0%	0.032	-0.7546948449685172
chr5	80710001	80730000	chr5	80710001	81175000	465000	20000	9.338709677419354	96.0%	0.074	-0.7565584653233207
chr11	86210001	86230000	chr11	85855001	86230000	375000	20000	12.23	95.0%	0.033	-0.7638670319598745
chr9	36230001	36250000	chr9	36230001	36495000	265000	20000	14.0	96.0%	0.038	-0.7642032920904702
chr3	152425001	152450000	chr3	151950001	152450000	500000	25000	9.158	95.0%	0.074	-0.768774419933606
chr17	64960001	64980000	chr17	64960001	65140000	180000	20000	16.47222222222222	95.0%	0.064	-0.8146670296094568
chr17	66550001	66575000	chr17	66245001	66575000	330000	25000	11.257575757575758	96.0%	0.0565	-0.8294145152148603
chr4	118760001	118780000	chr4	118760001	118970000	210000	20000	19.029761904761905	96.0%	0.039	-0.8455262975711416
chr20	20850001	20870000	chr20	20850001	21630000	780000	20000	5.693910256410256	96.0%	0.0665	-0.8503795235719217
chr1	161550001	161570000	chr1	161550001	161755000	205000	20000	10.878048780487806	95.0%	0.07	-0.8557940295045524
chr1	43060001	43080000	chr1	42785001	43080000	295000	20000	12.872881355932204	96.0%	0.074	-0.8603770122882574
chr3	18980001	19000000	chr3	17825001	19000000	1175000	20000	3.617021276595745	95.0%	0.067	-0.8807200650721051
chr1	63930001	63955000	chr1	63930001	64230000	300000	25000	14.559999999999999	95.0%	0.0935	-0.8807781952338005
chr14	50085001	50105000	chr14	49635001	50105000	470000	20000	9.590425531914894	95.0%	0.08549999999999999	-0.902517427338538
chr5	135935001	135955000	chr5	135935001	136180000	245000	20000	17.8265306122449	98.0%	0.029	-0.9143259804787546
chr6	106205001	106225000	chr6	105430001	106225000	795000	20000	6.536163522012578	95.0%	0.075	-0.9251182709718706
chr6	127625001	127650000	chr6	127465001	127650000	185000	25000	20.221621621621622	95.0%	0.064	-0.9345588062546731
chr6	149075001	149090000	chr6	149075001	149530000	455000	15000	10.82051282051282	96.0%	0.066	-0.9528379464157536
chr8	95045001	95065000	chr8	95045001	95235000	190000	20000	18.67105263157895	95.0%	0.0665	-0.9682409817527918
chr2	160810001	160835000	chr2	160525001	160835000	310000	25000	13.3	97.0%	0.0975	-0.9772730645102664
chr15	58265001	58280000	chr15	58265001	58835000	570000	15000	7.678362573099416	96.0%	0.07300000000000001	-1.007003027513922
chr7	19745001	19765000	chr7	19745001	20550000	805000	20000	6.413043478260869	96.0%	0.072	-1.0084063275723856
chr8	127715001	127735000	chr8	127080001	127735000	655000	20000	6.547709923664122	95.0%	0.095	-1.0085878259428398
chr1	16600001	16635000	chr1	16355001	16635000	280000	35000	34.69387755102041	96.0%	0.0505	-1.0174532140785997
chr2	225635001	225655000	chr2	225000001	225655000	655000	20000	7.427480916030534	95.0%	0.077	-1.029549328885525
chr1	85710001	85735000	chr1	85710001	85890000	180000	25000	20.166666666666664	95.0%	0.097	-1.0296024895083764
chr3	36720001	36735000	chr3	36720001	36870000	150000	15000	20.633333333333333	97.0%	0.08549999999999999	-1.0445828972531204
chr3	30001	50000	chr3	30001	405000	375000	20000	9.813333333333333	95.0%	0.001	-1.046217686148321
chr10	103240001	103260000	chr10	102810001	103260000	450000	20000	8.286111111111111	97.0%	0.045	-1.056783364263766
chr6	108470001	108500000	chr6	107995001	108500000	505000	30000	9.283828382838283	95.0%	0.085	-1.0571969564442845
chr7	92825001	92845000	chr7	92680001	92845000	165000	20000	19.204545454545453	98.0%	0.092	-1.08291093560198
chr9	36325001	36345000	chr9	36180001	36345000	165000	20000	19.954545454545453	97.0%	0.036	-1.087479651476899
chr16	67650001	67670000	chr16	67490001	67670000	180000	20000	12.881944444444445	95.0%	0.0615	-1.0992221871672991
chr14	50595001	50615000	chr14	50595001	50885000	290000	20000	14.219827586206897	95.0%	0.08199999999999999	-1.1264517765176196
chr3	186220001	186245000	chr3	185975001	186245000	270000	25000	15.222222222222223	95.0%	0.0865	-1.155148080337615
chr11	122195001	122215000	chr11	121835001	122215000	380000	20000	10.664473684210526	95.0%	0.074	-1.1954152687783792
chr9	86480001	86505000	chr9	86480001	86900000	420000	25000	9.073809523809524	95.0%	0.0935	-1.2300456837469171
chr5	59655001	59675000	chr5	59385001	59675000	290000	20000	14.543103448275861	95.0%	0.0315	-1.2308541507260948
chr11	62210001	62230000	chr11	62210001	62385000	175000	20000	20.97142857142857	97.0%	0.05	-1.2464789904128286
chr4	47700001	47725000	chr4	47700001	47940000	240000	25000	16.7	96.0%	0.0565	-1.2551514047597137
chr1	119790001	119810000	chr1	119790001	119975000	185000	20000	18.60135135135135	95.0%	0.089	-1.2577637357184244
chr4	159165001	159185000	chr4	158700001	159185000	485000	20000	10.061855670103093	96.0%	0.034	-1.2630396773450958
chr5	49645001	49665000	chr5	49645001	50645000	1000000	20000	58.752252252252255	95.0%	0.0385	-1.2876682151412688
chr1	16715001	16735000	chr1	16525001	16735000	210000	20000	25.865853658536587	98.0%	0.0135	-1.2919216895148178
chr17	40905001	40925000	chr17	40905001	41490000	585000	20000	7.27991452991453	95.0%	0.046	-1.346329355731871
chr1	163160001	163175000	chr1	162840001	163175000	335000	15000	12.890547263681592	96.0%	0.077	-1.3469626376645105
chr10	4850001	4870000	chr10	4850001	5435000	585000	20000	8.021367521367521	95.0%	0.079	-1.3547985529336029
chr20	1430001	1450000	chr20	1205001	1450000	245000	20000	14.964285714285714	97.0%	0.099	-1.3681668207252762
chr20	50175001	50190000	chr20	50075001	50190000	115000	15000	21.55072463768116	96.0%	0.073	-1.3765123775529666
chr20	13120001	13140000	chr20	13120001	13305000	185000	20000	19.013513513513512	96.0%	0.097	-1.3798559759601794
chr11	12220001	12245000	chr11	12050001	12245000	195000	25000	18.16923076923077	96.0%	0.039	-1.4059772238116774
chr2	181870001	181905000	chr2	181735001	181905000	170000	35000	24.533613445378155	97.0%	0.0915	-1.4314416352391452
chr2	34515001	34535000	chr2	34040001	34535000	495000	20000	11.575757575757576	95.0%	0.048	-1.4360065159587485
chr12	47070001	47090000	chr12	47070001	47315000	245000	20000	13.540816326530612	98.0%	0.098	-1.4373716087587032
chr6	7975001	8005000	chr6	7625001	8005000	380000	30000	11.383771929824562	95.0%	0.06	-1.4421256235185145
chr9	69525001	69550000	chr9	69405001	69550000	145000	25000	24.255172413793105	97.0%	0.032	-1.4480046714766082
chr11	110350001	110375000	chr11	110200001	110375000	175000	25000	20.080000000000002	97.0%	0.03	-1.5127171301166409
chr2	47260001	47290000	chr2	47015001	47290000	275000	30000	22.627272727272725	95.0%	0.067	-1.5206453111225384
chr3	192795001	192815000	chr3	192795001	193585000	790000	20000	6.112341772151899	95.0%	0.0935	-1.5370637069072806
chr18	45710001	45730000	chr18	45710001	45910000	200000	20000	17.8375	98.0%	0.0875	-1.5509527610262839
chr12	89045001	89065000	chr12	89045001	89525000	480000	20000	11.385416666666666	98.0%	0.0435	-1.6006258016735315
chr2	57485001	57505000	chr2	56730001	57505000	775000	20000	10.109677419354838	97.0%	0.034	-1.6161053869478128
chr6	129725001	129740000	chr6	129495001	129740000	245000	15000	18.312925170068027	97.0%	0.048	-1.630274288461374
chr14	60170001	60190000	chr14	59635001	60190000	555000	20000	7.513513513513513	96.0%	0.063	-1.6637832143152083
chr22	42655001	42680000	chr22	42655001	42840000	185000	25000	15.156756756756758	95.0%	0.078	-1.6683849835075308
chr1	113130001	113145000	chr1	113130001	113800000	670000	15000	7.186567164179105	95.0%	0.07300000000000001	-1.6771202302131503
chr8	59900001	59930000	chr8	58710001	59930000	1220000	30000	4.48087431693989	96.0%	0.08	-1.7168348009211363
chr11	93910001	93930000	chr11	93910001	94320000	410000	20000	9.771341463414634	96.0%	0.057499999999999996	-1.7718764017324438
chr16	19210001	19230000	chr16	19210001	19380000	170000	20000	19.735294117647058	97.0%	0.062	-1.7782232438337628
chr3	192755001	192775000	chr3	192475001	192775000	300000	20000	13.5875	95.0%	0.0895	-1.8147568252261723
chr20	9345001	9365000	chr20	8760001	9365000	605000	20000	7.882231404958677	95.0%	0.029	-1.834520734344698
chr15	89055001	89080000	chr15	89055001	89180000	125000	25000	28.439999999999998	98.0%	0.033	-1.9013583685913136
chr7	47975001	48000000	chr7	47975001	48165000	190000	25000	19.142105263157895	97.0%	0.0965	-1.9027804882115902
chr9	72350001	72375000	chr9	72350001	72605000	255000	25000	14.564705882352943	96.0%	0.066	-1.9144341702979994
chr20	59390001	59410000	chr20	58845001	59410000	565000	20000	6.70353982300885	95.0%	0.056	-1.9151135210200878
chr1	197850001	197875000	chr1	197520001	197875000	355000	25000	13.574647887323943	97.0%	0.033	-1.9174317051331247
chr1	201560001	201580000	chr1	201560001	201800000	240000	20000	15.708333333333334	95.0%	0.086	-1.9234508061332292
chr2	43470001	43490000	chr2	42820001	43490000	670000	20000	11.860074626865671	95.0%	0.015	-1.9702562683907412
chr6	129235001	129255000	chr6	128720001	129255000	535000	20000	9.621495327102803	97.0%	0.059	-1.9935697866553737
chr3	24630001	24655000	chr3	24195001	24655000	460000	25000	9.747826086956522	97.0%	0.0875	-1.996563945586456
chr3	150270001	150300000	chr3	150270001	150490000	220000	30000	19.776515151515152	95.0%	0.095	-2.013786382245381
chr8	30540001	30560000	chr8	30170001	30560000	390000	20000	10.824675324675324	98.0%	0.079	-2.135929757057454
chr12	85845001	85870000	chr12	85490001	85870000	380000	25000	11.381578947368421	95.0%	0.092	-2.175389649738749
chr4	114070001	114085000	chr4	113210001	114085000	875000	15000	6.041904761904761	95.0%	0.085	-2.2235625686847866
chr7	112555001	112575000	chr7	112555001	112890000	335000	20000	11.966417910447761	96.0%	0.092	-2.2322013514761045
chr11	62055001	62080000	chr11	61795001	62080000	285000	25000	13.628070175438598	95.0%	0.083	-2.246990552283129
chr1	153175001	153195000	chr1	152855001	153195000	340000	20000	11.514705882352942	95.0%	0.0775	-2.3433817222999465
chr4	173260001	173275000	chr4	172890001	173275000	385000	15000	11.164502164502165	96.0%	0.062	-2.375602667489525
chr5	160335001	160355000	chr5	160015001	160355000	340000	20000	11.974264705882353	95.0%	0.0925	-2.399902531844422
chr1	12610001	12630000	chr1	12270001	12630000	360000	20000	9.92361111111111	96.0%	0.0695	-2.4296274087227423
chr2	186245001	186265000	chr2	185215001	186265000	1050000	20000	4.969047619047619	96.0%	0.0975	-2.4326584811598013
chr9	73185001	73200000	chr9	73005001	73200000	195000	15000	13.615384615384615	96.0%	0.058	-2.451986571460836
chr14	55260001	55280000	chr14	55260001	55430000	170000	20000	19.691176470588236	96.0%	0.0805	-2.4611958724281373
chr5	115370001	115390000	chr5	115370001	115565000	195000	20000	20.564102564102566	98.0%	0.082	-2.6074056469775155
chr13	27525001	27550000	chr13	27525001	27800000	275000	25000	12.792727272727273	96.0%	0.09	-2.6551774458243838
chr8	61810001	61830000	chr8	61810001	63115000	1305000	20000	4.187739463601533	95.0%	0.079	-2.7208563099179526
chr11	7675001	7695000	chr11	7135001	7695000	560000	20000	11.301339285714286	96.0%	0.046	-2.798950056717862
chr10	98790001	98810000	chr10	98790001	99280000	490000	20000	8.22704081632653	95.0%	0.09	-2.8495532945106605
chr2	60105001	60125000	chr2	59350001	60125000	775000	20000	8.293548387096774	97.0%	0.078	-2.9037250919712294
chr16	86565001	86585000	chr16	86565001	87180000	615000	20000	5.888211382113822	96.0%	0.079	-2.9520020919671084
chr11	1690001	1710000	chr11	1690001	2005000	315000	20000	15.428571428571429	95.0%	0.047	-3.0664478697035586
chr6	55875001	55895000	chr6	55420001	55895000	475000	20000	10.0	95.0%	0.063	-3.0842306366942998
chr22	38855001	38875000	chr22	38855001	39010000	155000	20000	15.516129032258064	96.0%	0.082	-3.2515087843000963
chr8	109645001	109660000	chr8	109400001	109660000	260000	15000	15.102564102564102	98.0%	0.0535	-3.5340923329618685
chr1	218335001	218360000	chr1	218335001	219440000	1105000	25000	5.072398190045249	95.0%	0.039	-4.113745643732195
chr10	41880001	41900000	chr10	41725001	41900000	175000	20000	69.63571428571429	95.0%	0.022	-4.144574319882585
chr10	110325001	110360000	chr10	110325001	110605000	280000	35000	15.334183673469386	99.0%	0.0815	-4.147203990121384
chr8	17850001	17870000	chr8	17710001	17870000	160000	20000	23.6171875	99.0%	0.0335	-4.296521568298656
chr17	48345001	48370000	chr17	48345001	48620000	275000	25000	15.516363636363636	95.0%	0.083	-6.0561608972234335
chr1	94515001	94540000	chr1	94515001	94805000	290000	25000	23.513793103448275	98.0%	0.038	-7.514208789949987
chr1	16550001	16570000	chr1	16550001	16725000	175000	20000	40.845588235294116	98.0%	0.054	-8.08397449901917
