chr	pos1	pos2	chr2	pos3	pos4	length	width	Mean	maxpixel	pvalue	Stripiness	pvalue_added	Stripiness_added	O_Mean_added	O_Sum_added	O/E_Mean_added	O/E_Total_added
chr16	34575001	34595000	chr16	34575001	36340000	1765000	20000	61.34375	95.0%	0.001	2093.5029478596825	0.001	2093.5029478596825	56.99929178470255	80483	28.174671210793708	159130.54299856286
chr2	90380001	90400000	chr2	89590001	90400000	810000	20000	91.23666666666666	95.0%	0.001	148.4574623506141	0.001	148.45746235061407	84.47839506172839	54742	8.954797638376412	23210.835478671663
chr20	31050001	31070000	chr20	29505001	31070000	1565000	20000	17.92562724014337	95.0%	0.004	48.09425333038632	0.004	48.094253330386316	15.978434504792332	20005	7.839353118415121	39259.480417022925
chr3	93445001	93485000	chr3	93445001	94490000	1045000	40000	37.50702702702703	95.0%	0.001	34.92097297844926	0.001	34.92097297844926	20.75	34694	3.1967862740490003	42760.21320167943
chr20	31050001	31070000	chr20	31050001	31515000	465000	20000	73.12202380952381	95.0%	0.001	30.6795660663238	0.002	30.679566066323797	66.04569892473118	24569	5.372045112700466	7993.603127698293
chr10	42065001	42085000	chr10	42065001	42775000	710000	20000	23.130281690140844	95.0%	0.001	22.100451760463592	0.001	22.100451760463592	23.130281690140844	13138	3.2028702208303192	7276.921141726485
chr21	9245001	9265000	chr21	9245001	9370000	125000	20000	112.11	99.0%	0.027	16.33820216178549	0.031	16.33820216178549	112.11	11211	3.6011666706155974	1440.466668246239
chr1	219800001	219825000	chr1	218860001	219825000	965000	25000	7.61761658031088	95.0%	0.005	15.601751022697098	0.005	15.601751022697098	7.617616580310881	7351	4.298184899457	20738.742139880025
chr16	77220001	77245000	chr16	77220001	77670000	450000	25000	10.182222222222222	96.0%	0.034	14.88212260640324	0.035	14.88212260640324	10.182222222222222	4582	5.190840890492399	11679.392003607896
chr8	64245001	64265000	chr8	63460001	64265000	805000	20000	7.990683229813665	95.0%	0.01	13.313409993375718	0.01	13.313409993375718	7.990683229813665	5146	4.903632581961526	12631.757531132891
chr1	94785001	94810000	chr1	94470001	94810000	340000	25000	14.96764705882353	98.0%	0.0139999999999999	12.775263472161257	0.015	12.775263472161255	14.967647058823529	5089	4.736783299430727	8052.531609032237
chr15	97895001	97915000	chr15	97895001	98210000	315000	20000	12.948412698412698	96.0%	0.019	12.411767788176975	0.019	12.411767788176975	12.948412698412698	3263	4.663345540624766	4700.652304949764
chr1	192475001	192495000	chr1	192475001	193035000	560000	20000	9.205357142857142	95.0%	0.007	12.243575374803422	0.008	12.243575374803422	9.205357142857142	4124	4.067526787088032	7289.008002461753
chr2	225665001	225685000	chr2	225665001	227120000	1455000	20000	4.262027491408935	96.0%	0.026	11.95077991221292	0.025	11.950779912212921	4.262027491408935	4961	6.25421637106357	29119.63142367198
chr1	172390001	172410000	chr1	171990001	172410000	420000	20000	12.38095238095238	98.0%	0.006	11.751187932897912	0.006	11.751187932897913	12.380952380952381	4160	4.711511208868384	6332.271064719108
chr14	35395001	35420000	chr14	35130001	35420000	290000	25000	13.255172413793105	95.0%	0.0085	11.218072469242356	0.009	11.218072469242356	13.255172413793103	3844	3.749521501302741	5436.806176888975
chr14	54325001	54345000	chr14	53925001	54345000	420000	20000	9.366071428571429	98.0%	0.012	11.11662361913236	0.013000000000000001	11.11662361913236	9.366071428571429	3147	3.3216065298009516	4464.239176052479
chr2	37405001	37425000	chr2	37405001	37890000	485000	20000	15.724226804123711	98.0%	0.024	10.803135401719867	0.026	10.803135401719867	15.724226804123711	6101	5.52811181500477	8579.629536887403
chr15	32655001	32675000	chr15	32655001	33000000	345000	20000	12.03623188405797	96.0%	0.058	10.766382979036218	0.061	10.766382979036218	12.03623188405797	3322	4.080767504169375	4505.16732460299
chr1	107740001	107760000	chr1	107090001	107760000	670000	20000	7.263059701492537	95.0%	0.0065	10.521521322690027	0.006500000000000001	10.521521322690027	7.263059701492537	3893	3.852282941321796	8259.29462619393
chr20	29880001	29900000	chr20	29205001	29900000	695000	20000	10.235611510791369	99.0%	0.099	10.213953608333927	0.104	10.213953608333927	10.235611510791367	5691	5.592028881871827	12436.672233282943
chr9	112050001	112080000	chr9	111740001	112080000	340000	30000	13.659313725490197	95.0%	0.009	10.154143917868373	0.0095	10.154143917868373	13.659313725490197	5573	3.7800115554261278	9253.468287683161
chr12	76025001	76045000	chr12	75485001	76045000	560000	20000	7.683035714285714	96.0%	0.009	9.68282491119607	0.009	9.68282491119607	7.683035714285714	3442	3.71192249487988	6651.7651108247455
chr13	108875001	108900000	chr13	108275001	108900000	625000	25000	7.937600000000001	96.0%	0.01	9.569421681767372	0.01	9.569421681767373	7.9376	4961	3.8569198186118943	12052.87443316217
chr7	80690001	80710000	chr7	80690001	81475000	785000	20000	6.401273885350318	96.0%	0.029	9.0453264819262	0.031	9.045326481926201	6.401273885350318	4020	4.198125184776031	10545.69046415739
chr12	88980001	89005000	chr12	88100001	89005000	905000	25000	6.450828729281769	95.0%	0.023	9.006596097081975	0.024	9.006596097081975	6.450828729281768	5838	4.2605635906234705	19279.050247571202
chr7	37890001	37915000	chr7	37890001	38370000	480000	25000	9.654166666666669	95.0%	0.012	8.938799997620785	0.0125	8.938799997620785	9.654166666666667	4634	3.4015651661319284	8163.756398716629
chr9	3720001	3740000	chr9	3720001	4375000	655000	20000	7.061068702290076	96.0%	0.032	8.86440243181814	0.034	8.86440243181814	7.061068702290076	3700	4.389810192077847	9201.042162595168
chr8	17895001	17915000	chr8	17565001	17915000	350000	20000	14.678571428571429	96.0%	0.009	8.824164199163906	0.008	8.824164199163906	14.678571428571429	4110	3.6342035926944294	4070.308023817761
chr5	55675001	55695000	chr5	55315001	55695000	380000	20000	12.273026315789474	97.0%	0.007	8.781989928019591	0.007	8.781989928019591	12.273026315789474	3731	3.611460112694646	4391.53549703669
chr16	82220001	82240000	chr16	81885001	82240000	355000	20000	11.549295774647888	97.0%	0.012	8.776315017595111	0.013	8.776315017595111	11.549295774647888	3280	3.9396900850020375	4475.487936562315
chr5	34175001	34195000	chr5	34175001	35090000	915000	20000	8.135245901639344	95.0%	0.004	8.756789168201948	0.004	8.756789168201948	8.135245901639344	5955	2.2751160831147934	6661.539891360115
chr5	17180001	17200000	chr5	16450001	17200000	750000	20000	6.57	98.0%	0.0085	8.636212959334866	0.009000000000000001	8.636212959334866	6.57	3942	3.46733060750813	8321.593458019512
chr1	94320001	94340000	chr1	94015001	94340000	325000	20000	13.692307692307692	95.0%	0.028	8.499085798739193	0.031	8.499085798739193	13.692307692307692	3560	4.048121322424427	4210.046175321404
chr14	24795001	24815000	chr14	24795001	25155000	360000	20000	12.04861111111111	96.0%	0.0235	8.428025868752943	0.0245	8.428025868752943	12.04861111111111	3470	4.0763458861772985	4695.950460876248
chr18	22550001	22570000	chr18	22165001	22570000	405000	20000	9.080246913580249	99.0%	0.012	8.370730822182871	0.013	8.370730822182871	9.080246913580247	2942	2.7159794874721155	3519.909415763862
chr21	38725001	38745000	chr21	38725001	39145000	420000	20000	9.360119047619047	95.0%	0.023	8.322455151577929	0.024	8.322455151577929	9.360119047619047	3145	4.093476764616329	5501.632771644347
chr1	232630001	232650000	chr1	232630001	233245000	615000	20000	7.5060975609756095	96.0%	0.008	8.275024529394846	0.009	8.275024529394846	7.5060975609756095	3693	3.1051296733928635	6110.895197237155
chr15	64050001	64080000	chr15	63455001	64080000	625000	30000	7.042666666666666	96.0%	0.02	8.258930689010919	0.021	8.258930689010919	7.042666666666666	5282	3.8518190507401626	17333.185728330733
chr6	83040001	83060000	chr6	82250001	83060000	810000	20000	6.751543209876544	95.0%	0.01	8.213821736100856	0.0115	8.213821736100856	6.7515432098765435	4375	4.162461724447342	10789.10078976751
chr2	42085001	42115000	chr2	42085001	42370000	285000	30000	21.973684210526315	97.0%	0.005	8.195255417204756	0.005	8.195255417204756	21.973684210526315	7515	3.0688418308512753	6297.263436906816
chr12	22440001	22460000	chr12	21950001	22460000	510000	20000	8.901960784313726	97.0%	0.01	8.176009154935539	0.01	8.176009154935539	8.901960784313726	3632	3.3091767812390547	5400.576506982137
chr16	13920001	13940000	chr16	13920001	14290000	370000	20000	11.010135135135137	95.0%	0.0235	8.141168688676759	0.0235	8.141168688676759	11.010135135135135	3259	3.811526726725366	4512.847644442833
chr9	83925001	83945000	chr9	83925001	84325000	400000	20000	9.99375	95.0%	0.0195	8.059243733143669	0.0195	8.059243733143669	9.99375	3198	3.6376099558906567	4656.140743540041
chr14	60615001	60635000	chr14	60615001	61265000	650000	20000	7.198076923076923	97.0%	0.0385	8.053135286028013	0.04	8.053135286028013	7.198076923076923	3743	4.955201517052432	10306.819155469058
chr17	66155001	66175000	chr17	65210001	66175000	965000	20000	4.516839378238342	95.0%	0.057	7.930867566911368	0.06	7.930867566911368	4.516839378238342	3487	4.927968383469924	15217.566368155125
chr13	102575001	102595000	chr13	102575001	102855000	280000	20000	14.366071428571429	97.0%	0.008	7.921953920026556	0.008	7.921953920026556	14.366071428571429	3218	3.5144822357720593	3148.976083251765
chr1	172705001	172725000	chr1	172425001	172725000	300000	20000	15.141666666666667	96.0%	0.0065	7.847332850043419	0.007	7.847332850043419	15.141666666666667	3634	3.207551007309829	3079.2489670174355
chr9	21805001	21825000	chr9	21805001	22255000	450000	20000	9.191666666666666	96.0%	0.012	7.84476514221619	0.0125	7.84476514221619	9.191666666666666	3309	3.9011391443579155	5617.640367875399
chr3	4275001	4295000	chr3	3240001	4295000	1055000	20000	4.674170616113744	97.0%	0.006	7.793344375568219	0.006	7.793344375568219	4.674170616113744	3945	3.22508258602231	10887.878810411317
chr4	173010001	173030000	chr4	173010001	173420000	410000	20000	12.503048780487806	98.0%	0.011	7.782123596955446	0.012	7.782123596955446	12.503048780487806	4101	3.5668146619363665	4679.660836460513
chr1	200490001	200515000	chr1	199845001	200515000	670000	25000	7.208955223880596	95.0%	0.0104999999999999	7.758078268087651	0.01	7.758078268087651	7.208955223880597	4830	3.2429915340035125	10864.021638911767
chr2	36345001	36370000	chr2	36345001	36615000	270000	25000	21.71481481481481	99.0%	0.004	7.7192350556791585	0.0045000000000000005	7.7192350556791585	21.714814814814815	5863	3.1020297836582205	4187.740207938597
chr1	162050001	162070000	chr1	162050001	162410000	360000	20000	11.51736111111111	97.0%	0.0205	7.712397963745586	0.0215	7.712397963745586	11.51736111111111	3317	3.2853994924111474	3784.780215257642
chr1	78130001	78150000	chr1	78130001	78685000	555000	20000	7.918918918918919	95.0%	0.026	7.679402624588469	0.027	7.6794026245884695	7.918918918918919	3516	3.833245361632545	6807.8437622594
chr7	85040001	85055000	chr7	85040001	85865000	825000	15000	6.545454545454546	96.0%	0.031	7.566004743435256	0.035	7.566004743435256	6.545454545454546	3240	4.7424067748110135	7042.474060594355
chr17	72120001	72145000	chr17	72120001	72545000	425000	25000	10.341176470588234	96.0%	0.031	7.2923084952460195	0.035	7.2923084952460195	10.341176470588236	4395	3.5433414662126834	7529.600615701952
chr5	57290001	57315000	chr5	57290001	57790000	500000	25000	8.89	98.0%	0.0065	7.216231631674878	0.007	7.216231631674878	8.89	4445	2.528031548123209	6320.0788703080225
chr7	85000001	85020000	chr7	83925001	85020000	1095000	20000	5.079908675799087	97.0%	0.02	7.18453578348407	0.018	7.18453578348407	5.079908675799087	4450	4.977816676017751	17442.269632766198
chr11	4185001	4210000	chr11	4185001	4620000	435000	25000	13.487356321839082	97.0%	0.021	7.160936344846846	0.021	7.160936344846846	13.48735632183908	5867	3.704758575204045	8057.849901068797
chr11	108635001	108655000	chr11	108225001	108655000	430000	20000	11.046511627906977	95.0%	0.008	7.152322256396022	0.008	7.152322256396022	11.046511627906977	3800	2.754546543524005	3790.256043889031
chr10	55905001	55925000	chr10	55905001	56500000	595000	20000	9.243697478991596	95.0%	0.016	7.141642082203041	0.017	7.141642082203041	9.243697478991596	4400	2.6975481836255364	5136.131741623021
chr2	55165001	55185000	chr2	54740001	55185000	445000	20000	15.741573033707866	95.0%	0.01	7.130064645180349	0.01	7.130064645180349	15.741573033707866	5604	3.6519866748079397	5200.429024926506
chr8	100515001	100535000	chr8	100245001	100535000	290000	20000	15.508620689655173	99.0%	0.0065	7.033189403271528	0.007	7.033189403271528	15.508620689655173	3598	3.0090087394640657	2792.360110222653
chr17	55520001	55540000	chr17	55520001	55825000	305000	20000	12.848360655737704	96.0%	0.03	7.033049785829555	0.034	7.033049785829555	12.848360655737705	3135	3.3764889704073786	3295.4532351176017
chr22	41935001	41955000	chr22	41655001	41955000	300000	20000	10.229166666666666	97.0%	0.0289999999999999	7.029399402055061	0.032	7.029399402055061	10.229166666666666	2455	3.2023090827807192	3074.2167194694903
chr11	128155001	128175000	chr11	128155001	128855000	700000	20000	7.316071428571429	97.0%	0.019	6.939511919909623	0.0195	6.939511919909623	7.316071428571429	4097	3.886375480586144	8705.481076512962
chr9	74760001	74780000	chr9	74760001	75190000	430000	20000	10.456395348837209	95.0%	0.032	6.923484341783768	0.031	6.923484341783768	10.456395348837209	3597	3.6602964421447832	5036.567904391221
chr5	122185001	122205000	chr5	122185001	122505000	320000	20000	14.48828125	96.0%	0.0275	6.8693345457256	0.0305	6.8693345457256	14.48828125	3709	3.204880117596045	3281.79724041835
chr12	12365001	12390000	chr12	12365001	12710000	345000	25000	12.843478260869563	95.0%	0.007	6.854845492996289	0.008	6.854845492996289	12.843478260869565	4431	3.065333453935361	5287.700208038498
chr1	212060001	212080000	chr1	212060001	212455000	395000	20000	12.037974683544304	95.0%	0.028	6.787729724630261	0.028	6.787729724630261	12.037974683544304	3804	3.7414725277394623	4729.22127506268
chr4	165120001	165140000	chr4	165120001	165475000	355000	20000	12.834507042253522	98.0%	0.018	6.778605215032256	0.019	6.778605215032256	12.834507042253522	3645	3.137404818927723	3564.0918743018933
chr17	61410001	61435000	chr17	61410001	61595000	185000	25000	18.427027027027027	95.0%	0.027	6.74768849114446	0.031	6.7476884911444595	18.427027027027027	3409	2.8332446176684707	2620.7512713433352
chr9	100000001	100020000	chr9	99175001	100020000	845000	20000	5.483727810650888	97.0%	0.055	6.731467082617006	0.059	6.731467082617006	5.483727810650888	3707	4.353291613284387	11771.300522320984
chr8	100810001	100835000	chr8	100555001	100835000	280000	25000	15.971428571428572	97.0%	0.0115	6.652837493098774	0.013000000000000001	6.652837493098774	15.971428571428572	4472	2.669261547189529	3736.9661660653405
chr1	240720001	240740000	chr1	240720001	240960000	240000	20000	16.869791666666668	96.0%	0.013	6.592868991450014	0.0135	6.592868991450014	16.869791666666668	3239	3.0426972046335723	2336.7914531585834
chr9	114640001	114660000	chr9	114395001	114660000	265000	20000	15.014150943396226	98.0%	0.014	6.558130350534408	0.014	6.558130350534408	15.014150943396226	3183	3.2636146056601136	2767.5451855997762
chr18	54675001	54700000	chr18	54675001	55135000	460000	25000	10.258695652173913	96.0%	0.016	6.528559114262748	0.017	6.528559114262748	10.258695652173913	4719	3.019478097007688	6944.799623117682
chr8	101320001	101340000	chr8	101320001	102205000	885000	20000	5.879943502824859	95.0%	0.009	6.49081674406961	0.01	6.49081674406961	5.879943502824859	4163	3.587429945429433	10159.601605456155
chr2	64330001	64350000	chr2	64330001	64600000	270000	20000	23.91203703703704	97.0%	0.0305	6.395555626397502	0.033	6.395555626397502	23.912037037037038	5165	3.14273979461879	2715.3271825506345
chr1	84105001	84130000	chr1	83900001	84130000	230000	25000	17.369565217391305	95.0%	0.0045	6.303469518648499	0.0055	6.303469518648499	17.369565217391305	3995	3.0035448670710716	3454.0765971317323
chr15	77100001	77125000	chr15	77100001	77700000	600000	25000	7.478333333333333	96.0%	0.0505	6.264061052462506	0.051500000000000004	6.264061052462506	7.4783333333333335	4487	3.82139525172686	11464.18575518058
chr8	94070001	94090000	chr8	94070001	94365000	295000	20000	15.296610169491526	98.0%	0.009	6.261603763937493	0.009	6.261603763937493	15.296610169491526	3610	3.4008865099065484	3210.4368653517818
chr22	36460001	36485000	chr22	36290001	36485000	195000	25000	14.225641025641025	98.0%	0.02	6.242391949621002	0.02	6.242391949621002	14.225641025641025	2774	3.047722762362476	2971.529693303414
chr12	14980001	15005000	chr12	14715001	15005000	290000	25000	15.66896551724138	97.0%	0.0125	6.221618074055313	0.014	6.221618074055313	15.668965517241379	4544	2.9718725928244876	4309.215259595507
chr15	97225001	97245000	chr15	96355001	97245000	890000	20000	4.911516853932584	95.0%	0.0945	6.219916905213695	0.096	6.219916905213695	4.911516853932584	3497	5.147641500511038	14660.482993455436
chr21	17380001	17405000	chr21	17380001	17605000	225000	25000	14.884444444444444	95.0%	0.029	6.19851271916724	0.033	6.1985127191672404	14.884444444444444	3349	3.3595724386323647	3779.5189934614104
chr20	53570001	53590000	chr20	53570001	53950000	380000	20000	8.796052631578947	95.0%	0.036	6.165009971001754	0.039	6.165009971001754	8.796052631578947	2674	3.344383517524171	4066.7703573093922
chr3	189260001	189285000	chr3	189260001	189955000	695000	25000	8.015827338129496	98.0%	0.01	6.162553554307062	0.009	6.162553554307062	8.015827338129496	5571	3.6350825658677377	12631.911916390389
chr17	60035001	60060000	chr17	59275001	60060000	785000	25000	4.9515923566878985	96.0%	0.024	6.1547941203355485	0.025	6.1547941203355485	4.951592356687898	3887	2.9924492656608503	11745.363367718837
chr6	158960001	158980000	chr6	158650001	158980000	330000	20000	13.731060606060606	98.0%	0.0115	6.151014103120873	0.012	6.151014103120873	13.731060606060606	3625	3.0033958125734004	3171.585978077511
chr5	74635001	74665000	chr5	73890001	74665000	775000	30000	6.044086021505376	99.0%	0.029	6.140337950260947	0.031	6.140337950260947	6.044086021505376	5621	4.035814561076755	22519.845250808292
chr22	30070001	30090000	chr22	29590001	30090000	500000	20000	8.125	95.0%	0.0665	6.122008745027079	0.069	6.122008745027079	8.125	3250	5.451141109273482	8721.82577483757
chr3	189930001	189955000	chr3	189130001	189955000	825000	25000	6.242424242424242	96.0%	0.02	6.066781781857311	0.02	6.066781781857311	6.242424242424242	5150	3.430223510019928	14149.671978832203
chr4	144160001	144185000	chr4	144160001	145105000	945000	25000	5.906878306878307	95.0%	0.029	5.9913466303066185	0.028	5.9913466303066185	5.906878306878307	5582	4.132968728414564	19528.277241758817
chr16	10955001	10975000	chr16	10955001	11410000	455000	20000	8.307692307692308	95.0%	0.036	5.985251996695169	0.039	5.985251996695169	8.307692307692308	3024	3.5791005877354305	5211.1704557427865
chr1	151995001	152030000	chr1	151875001	152030000	155000	35000	25.557603686635947	97.0%	0.001	5.918096800014778	0.001	5.918096800014778	25.557603686635943	5546	2.591324815140962	3936.222394199121
chr19	47960001	47980000	chr19	47960001	48255000	295000	20000	13.22457627118644	96.0%	0.027	5.777071769721211	0.031	5.777071769721211	13.224576271186441	3121	3.2070267424883414	3027.4332449089943
chr14	70800001	70820000	chr14	70600001	70820000	220000	20000	16.142045454545453	95.0%	0.01	5.743765631254332	0.010499999999999999	5.743765631254332	16.142045454545453	2841	2.9153327565875133	2052.3942606376095
chr2	38305001	38325000	chr2	38305001	38625000	320000	20000	21.140625	97.0%	0.0195	5.728592274837445	0.02	5.728592274837445	21.140625	5412	3.7329553478538644	3822.546276202357
chr7	108170001	108195000	chr7	108170001	108500000	330000	25000	13.666666666666666	97.0%	0.033	5.724387852378294	0.035500000000000004	5.724387852378294	13.666666666666666	4510	3.336641404814027	5505.458317943145
chr3	194300001	194325000	chr3	193735001	194325000	590000	25000	7.715254237288136	95.0%	0.0095	5.702427237308519	0.0095	5.702427237308519	7.715254237288136	4552	2.6152913825014745	7715.10957837935
chr8	95235001	95260000	chr8	94875001	95260000	385000	25000	11.953246753246754	95.0%	0.008	5.668154772437977	0.01	5.668154772437977	11.953246753246754	4602	2.5394737141982415	4888.486899831615
chr1	67750001	67770000	chr1	67505001	67770000	265000	20000	15.235849056603774	96.0%	0.02	5.636826696322767	0.022	5.636826696322767	15.235849056603774	3230	3.3601206693568133	2849.3823276145777
chr15	50870001	50890000	chr15	50400001	50890000	490000	20000	8.775510204081632	95.0%	0.0295	5.620050121439205	0.03	5.620050121439205	8.775510204081632	3440	3.5260463985704007	5528.840752958388
chr8	74330001	74350000	chr8	73985001	74350000	365000	20000	11.886986301369864	96.0%	0.013	5.572336718622096	0.014	5.572336718622096	11.886986301369863	3471	2.7575782810417744	3220.8514322567926
chr6	131915001	131935000	chr6	131915001	132300000	385000	20000	12.178571428571429	97.0%	0.042	5.552540843458515	0.043	5.552540843458515	12.178571428571429	3751	3.6123991975275445	4450.475811353935
chr11	19555001	19575000	chr11	19555001	19915000	360000	20000	11.93402777777778	95.0%	0.026	5.525461327965721	0.028999999999999998	5.525461327965721	11.934027777777779	3437	2.9753917479099874	3427.6512935923056
chr5	68270001	68295000	chr5	68270001	69015000	745000	25000	6.389261744966443	95.0%	0.021	5.521901374296318	0.022	5.521901374296318	6.389261744966443	4760	3.2408984980857154	12072.34690536929
chr1	40070001	40090000	chr1	40070001	40415000	345000	20000	12.717391304347826	95.0%	0.012	5.521280124807346	0.013	5.521280124807346	12.717391304347826	3510	2.9557357795150225	3263.1323005845848
chr10	110125001	110145000	chr10	110125001	110295000	170000	20000	21.610294117647054	98.0%	0.0035	5.503442494914418	0.004	5.503442494914418	21.610294117647058	2939	2.6885302394436605	1462.5604502573512
chr15	67290001	67310000	chr15	66900001	67310000	410000	20000	10.658536585365852	95.0%	0.041	5.487429587760877	0.041499999999999995	5.487429587760877	10.658536585365853	3496	4.045433125462784	5307.608260607173
chr2	46870001	46895000	chr2	46505001	46895000	390000	25000	15.44102564102564	98.0%	0.0225	5.463474474518861	0.0235	5.463474474518861	15.441025641025641	6022	2.942048894805171	5736.9953448700835
chr9	105140001	105160000	chr9	104770001	105160000	390000	20000	10.692307692307692	97.0%	0.016	5.4541755539440215	0.0175	5.4541755539440215	10.692307692307692	3336	3.107875957398059	3878.6291948327776
chr16	32805001	32840000	chr16	32330001	32840000	510000	35000	7.8125	96.0%	0.021	5.445468926937432	0.021	5.445468926937432	7.352941176470588	5250	1.7184851629497846	8588.988844423024
chr11	8545001	8575000	chr11	8165001	8575000	410000	30000	14.6869918699187	95.0%	0.0245	5.441827373073399	0.026000000000000002	5.441827373073399	14.6869918699187	7226	3.4872070209769386	10294.235125923922
chr5	142145001	142165000	chr5	142145001	142650000	505000	20000	9.324257425742577	97.0%	0.022	5.42378474139043	0.024	5.42378474139043	9.324257425742575	3767	3.1202216250837056	5042.278146135268
chr20	47375001	47395000	chr20	47185001	47395000	210000	20000	14.958333333333334	98.0%	0.013	5.40385949772122	0.0145	5.40385949772122	14.958333333333334	2513	2.6069459091469978	1751.8676509467825
chr2	69715001	69735000	chr2	69715001	69905000	190000	20000	29.69736842105263	98.0%	0.0045	5.389488318804886	0.0045000000000000005	5.389488318804886	29.69736842105263	4514	2.928324249953992	1780.4211439720273
chr9	12705001	12725000	chr9	12705001	13130000	425000	20000	10.897058823529411	95.0%	0.027	5.377155095634871	0.029	5.377155095634871	10.897058823529411	3705	4.350438021011377	5916.595708575473
chr6	115970001	115990000	chr6	115970001	116275000	305000	20000	20.557377049180328	98.0%	0.013	5.37276878614404	0.014	5.37276878614404	20.557377049180328	5016	2.556449822700769	2495.0950269559507
chr7	82720001	82740000	chr7	82030001	82740000	710000	20000	7.191901408450704	95.0%	0.02	5.362621227823275	0.020999999999999998	5.362621227823275	7.191901408450704	4085	3.5107410253475733	7976.403609589686
chr15	85285001	85310000	chr15	85285001	85735000	450000	25000	9.211111111111112	95.0%	0.0255	5.356221292783283	0.0265	5.356221292783283	9.21111111111111	4145	3.0296395373601297	6816.688959060291
chr15	56485001	56505000	chr15	56485001	57355000	870000	20000	4.844827586206897	95.0%	0.068	5.338907184017303	0.07200000000000001	5.338907184017303	4.844827586206897	3372	3.508816993797039	9768.546510730956
chr11	27465001	27490000	chr11	27185001	27490000	305000	25000	13.452459016393442	95.0%	0.009	5.320437886207982	0.011	5.320437886207982	13.452459016393442	4103	2.8721822647066615	4380.077953677659
chr6	56355001	56375000	chr6	56355001	56755000	400000	20000	12.271875	95.0%	0.0325	5.30656870538807	0.036	5.30656870538807	12.271875	3927	3.333482152385682	4266.857155053673
chr5	148730001	148750000	chr5	148730001	149290000	560000	20000	8.944196428571429	97.0%	0.0285	5.2909009871516	0.0315	5.2909009871516	8.944196428571429	4007	3.318732186479327	5947.168078170954
chr11	27175001	27205000	chr11	27175001	27500000	325000	30000	13.035897435897438	95.0%	0.019	5.23696742775569	0.02	5.23696742775569	13.035897435897436	5084	2.830740199676019	6623.932067241884
chr12	91370001	91390000	chr12	91370001	92445000	1075000	20000	5.013953488372093	96.0%	0.023	5.224501363116826	0.024	5.224501363116826	5.013953488372093	4312	3.8587100866329545	13273.962698017363
chr6	143565001	143600000	chr6	143565001	144020000	455000	35000	10.63265306122449	96.0%	0.04	5.197741061927997	0.042	5.197741061927997	10.63265306122449	6773	2.954771692419483	13175.326976498474
chr17	57975001	58000000	chr17	57840001	58000000	160000	25000	23.4	98.0%	0.022	5.173366213184495	0.023	5.173366213184495	23.4	3744	2.623054566669999	2098.4436533359994
chr2	69695001	69720000	chr2	69270001	69720000	450000	25000	15.104444444444445	96.0%	0.0075	5.159713855240157	0.008	5.159713855240157	15.104444444444445	6797	2.650554799570582	5963.748299033809
chr6	121425001	121445000	chr6	121425001	122190000	765000	20000	6.531045751633987	95.0%	0.029	5.135479069897179	0.033	5.135479069897179	6.531045751633987	3997	3.3279325440378047	8146.778867804545
chr4	77585001	77615000	chr4	77360001	77615000	255000	30000	17.6078431372549	96.0%	0.005	5.124125638542359	0.006	5.124125638542359	17.607843137254903	5388	2.721481549118156	4996.640124180934
chr1	67475001	67510000	chr1	67205001	67510000	305000	35000	13.920374707259953	96.0%	0.016	5.111188399775555	0.018	5.111188399775555	13.920374707259953	5944	2.5127411612431394	7510.583330955744
chr3	183370001	183400000	chr3	183095001	183400000	305000	30000	14.762295081967212	96.0%	0.013	5.108977080180296	0.014	5.108977080180296	14.762295081967213	5403	3.025845652226148	6644.757052288621
chr11	6370001	6390000	chr11	6370001	6710000	340000	20000	16.18014705882353	95.0%	0.0209999999999999	5.107733190799513	0.0215	5.107733190799513	16.18014705882353	4401	2.677554318988365	2913.179099059341
chr9	109560001	109585000	chr9	109560001	109890000	330000	25000	13.342424242424244	97.0%	0.0315	5.10441045588711	0.035	5.10441045588711	13.342424242424242	4403	3.3966588590182796	5604.487117380161
chr1	185660001	185690000	chr1	185170001	185690000	520000	30000	9.306089743589745	95.0%	0.029	5.103705895773597	0.0305	5.103705895773597	9.306089743589743	5807	3.2940994427161208	12333.108313529156
chr9	114890001	114915000	chr9	114665001	114915000	250000	25000	16.856	96.0%	0.013	5.088249562514948	0.014499999999999999	5.088249562514948	16.856	4214	3.610154085434987	4512.692606793734
chr12	105410001	105430000	chr12	105410001	106230000	820000	20000	6.1067073170731705	96.0%	0.0375	5.081706156396369	0.0395	5.081706156396369	6.1067073170731705	4006	3.621531523826662	9502.89871852116
chr4	159430001	159455000	chr4	159180001	159455000	275000	25000	14.876363636363635	98.0%	0.014	5.07944748274672	0.015	5.07944748274672	14.876363636363637	4091	2.23145919593504	3068.2563944106796
chr8	18670001	18690000	chr8	18180001	18690000	510000	20000	9.073529411764708	96.0%	0.02	5.073216225503688	0.0225	5.073216225503688	9.073529411764707	3702	3.2976658586937915	5381.790681388267
chr10	120935001	120955000	chr10	120935001	121755000	820000	20000	5.077743902439025	95.0%	0.0305	5.03237682843999	0.033	5.03237682843999	5.077743902439025	3331	3.429838673077549	8999.896678155488
chr20	44210001	44230000	chr20	44210001	44480000	270000	20000	12.958333333333334	98.0%	0.011	5.028198684268556	0.012	5.028198684268556	12.958333333333334	2799	2.4500007184120483	2116.80062070801
chr4	157980001	158000000	chr4	157980001	158260000	280000	20000	15.151785714285714	97.0%	0.0275	5.022301705474996	0.030000000000000002	5.022301705474996	15.151785714285714	3394	3.104658071685285	2781.773632230015
chr2	149550001	149570000	chr2	148915001	149570000	655000	20000	7.343511450381679	95.0%	0.009	5.010660796736414	0.01	5.010660796736414	7.343511450381679	3848	3.0068264140336214	6302.30816381447
chr4	74120001	74145000	chr4	73655001	74145000	490000	25000	10.406122448979591	97.0%	0.0115	4.988654232254429	0.0115	4.988654232254429	10.406122448979591	5099	2.957889795311129	7246.829998512267
chr11	11000001	11025000	chr11	10755001	11025000	270000	25000	15.974074074074071	95.0%	0.0075	4.983824110551748	0.0075	4.983824110551748	15.974074074074075	4313	2.702431700816353	3648.2827961020766
chr2	147895001	147920000	chr2	146875001	147920000	1045000	25000	5.234449760765551	95.0%	0.024	4.963307268409992	0.025	4.963307268409992	5.23444976076555	5470	3.6137207328098793	18881.69082893162
chr10	114690001	114710000	chr10	114440001	114710000	270000	20000	14.962962962962964	95.0%	0.0085	4.9604783301230695	0.009	4.9604783301230695	14.962962962962964	3232	2.8044884895633664	2423.0780549827487
chr10	95350001	95370000	chr10	95125001	95370000	245000	20000	16.816326530612244	97.0%	0.006	4.95903873131522	0.007	4.9590387313152196	16.816326530612244	3296	2.778734564569125	2178.527898622194
chr2	64035001	64055000	chr2	64035001	64320000	285000	20000	19.84210526315789	98.0%	0.007	4.953760874168962	0.009	4.953760874168962	19.842105263157894	4524	2.817055216622355	2569.154357559588
chr6	145615001	145645000	chr6	145030001	145645000	615000	30000	8.658536585365853	95.0%	0.024	4.946806084337688	0.025	4.946806084337688	8.658536585365853	6390	2.8599694190629656	12663.944587610811
chr4	20675001	20695000	chr4	20395001	20695000	300000	20000	13.208333333333334	97.0%	0.0104999999999999	4.944967775514065	0.011	4.944967775514065	13.208333333333334	3170	2.5697050526054	2466.916850501184
chr16	55685001	55705000	chr16	55450001	55705000	255000	20000	15.205882352941176	95.0%	0.026	4.937212581554248	0.028	4.937212581554248	15.205882352941176	3102	3.486176951429286	2844.7203923662973
chr2	181735001	181755000	chr2	181735001	182095000	360000	20000	14.15625	98.0%	0.0265	4.909261877113307	0.0295	4.909261877113307	14.15625	4077	3.1584562237966116	3638.5415698136967
chr2	168945001	168965000	chr2	168945001	169230000	285000	20000	15.640350877192985	98.0%	0.017	4.908682761439881	0.019	4.908682761439881	15.640350877192983	3566	2.674143725236645	2438.81907741582
chr5	96320001	96340000	chr5	95845001	96340000	495000	20000	9.633838383838384	96.0%	0.031	4.907987966472308	0.033	4.907987966472308	9.633838383838384	3815	3.425233714710883	5425.570204102039
chr2	60985001	61005000	chr2	60560001	61005000	445000	20000	14.393258426966293	95.0%	0.008	4.907024873904626	0.009	4.907024873904626	14.393258426966293	5124	3.012402357308527	4289.660956807343
chr9	115585001	115605000	chr9	115585001	116590000	1005000	20000	4.842039800995025	95.0%	0.07	4.903340858904547	0.07	4.903340858904547	4.842039800995025	3893	4.429854831477812	14246.413138032642
chr7	100950001	100970000	chr7	100950001	101075000	125000	20000	52.58	98.0%	0.001	4.888082228465218	0.001	4.888082228465218	52.58	5258	2.704781368955318	1081.9125475821272
chr20	18265001	18285000	chr20	17915001	18285000	370000	20000	10.739864864864863	95.0%	0.022	4.872406759665409	0.023	4.872406759665409	10.739864864864865	3179	2.571902103949599	3045.132091076325
chr21	36140001	36160000	chr21	36140001	36400000	260000	20000	11.822115384615383	98.0%	0.0204999999999999	4.86774780740469	0.022	4.86774780740469	11.822115384615385	2459	2.833444835170167	2357.426102861579
chr3	69680001	69710000	chr3	69680001	69955000	275000	30000	16.596969696969698	96.0%	0.01	4.867481061894845	0.011	4.867481061894845	16.596969696969698	5477	2.4536652345827337	4858.257164473813
chr6	138110001	138145000	chr6	138110001	138640000	530000	35000	9.735849056603772	97.0%	0.016	4.8671420161559285	0.0165	4.8671420161559285	9.735849056603774	7224	2.4507817080059393	12729.36019138285
chr16	21550001	21575000	chr16	21135001	21575000	440000	25000	12.087058823529413	96.0%	0.024	4.833533311912777	0.024	4.833533311912777	11.675	5137	2.1786767829474756	4793.088922484446
chr3	189960001	189985000	chr3	189960001	190445000	485000	25000	10.872164948453609	97.0%	0.017	4.810837534273004	0.019	4.810837534273004	10.872164948453609	5273	2.962828064301988	7184.858055932322
chr3	168025001	168045000	chr3	167880001	168045000	165000	20000	24.65909090909091	98.0%	0.014	4.766038355513546	0.016	4.766038355513546	24.65909090909091	3255	2.5819344034632796	1363.2613650286116
chr8	125105001	125130000	chr8	125105001	125725000	620000	25000	7.16774193548387	96.0%	0.0315	4.752410722952211	0.0335	4.752410722952211	7.167741935483871	4444	3.307060634543603	10251.88796708517
chr3	111955001	111975000	chr3	111665001	111975000	310000	20000	15.213709677419354	98.0%	0.0185	4.749978319196432	0.0205	4.749978319196432	15.213709677419354	3773	3.103308111861011	3078.4816469661228
chr1	211640001	211665000	chr1	211305001	211665000	360000	25000	11.325	95.0%	0.009	4.70623399018571	0.009	4.70623399018571	11.325	4077	2.192309522794375	3946.1571410298757
chr2	38255001	38280000	chr2	37955001	38280000	325000	25000	19.833846153846157	97.0%	0.022	4.701481967845092	0.025	4.701481967845092	19.833846153846153	6446	3.300308631969233	5363.001526950004
chr1	68115001	68135000	chr1	68115001	68450000	335000	20000	13.75373134328358	95.0%	0.046	4.70048033640337	0.049	4.70048033640337	13.753731343283581	3686	3.545045920201295	3800.2892264557886
chr5	141025001	141050000	chr5	140845001	141050000	205000	25000	20.28292682926829	98.0%	0.03	4.680293354287213	0.032	4.680293354287213	20.28292682926829	4158	2.9870670058013578	3061.7436809463916
chr1	169330001	169355000	chr1	168585001	169355000	770000	25000	6.067532467532468	96.0%	0.078	4.660975924969019	0.08	4.660975924969019	6.067532467532468	4672	4.126999735683003	15888.948982379563
chr22	39100001	39125000	chr22	38845001	39125000	280000	25000	11.567857142857145	96.0%	0.087	4.636829860898522	0.0905	4.636829860898522	11.567857142857143	3239	2.8684858600661935	4015.8802040926707
chr7	134935001	134960000	chr7	134505001	134960000	455000	25000	10.246153846153849	95.0%	0.033	4.631521244861927	0.033	4.631521244861927	10.246153846153845	4662	2.8712566703994984	6532.108925158859
chr8	18900001	18925000	chr8	18900001	19350000	450000	25000	9.45111111111111	98.0%	0.0215	4.593228731568775	0.0235	4.593228731568775	9.45111111111111	4253	3.0208868303541525	6796.9953682968435
chr22	29230001	29250000	chr22	28590001	29250000	660000	20000	5.420454545454546	95.0%	0.094	4.591021371649006	0.0985	4.591021371649006	5.420454545454546	2862	3.787065844965367	7998.2830645668555
chr15	91050001	91075000	chr15	91050001	91275000	225000	25000	16.0	97.0%	0.032	4.5893850194585255	0.036	4.5893850194585255	16.0	3600	3.400355699464882	3825.400161897992
chr7	111750001	111770000	chr7	111750001	112490000	740000	20000	6.548986486486487	96.0%	0.0465	4.582565072832412	0.0485	4.582565072832412	6.548986486486487	3877	3.6292131927046767	8593.976840324674
chr17	45375001	45395000	chr17	45215001	45395000	180000	20000	18.67361111111111	95.0%	0.0025	4.573152786265767	0.003	4.573152786265767	18.67361111111111	2689	2.661528329235398	1533.0403176395894
chr3	154240001	154260000	chr3	153950001	154260000	310000	20000	14.875	95.0%	0.0085	4.566090174772382	0.009	4.566090174772382	14.875	3689	2.5658819877495405	2545.3549318475443
chr9	68575001	68605000	chr9	68575001	69025000	450000	30000	9.325925925925926	96.0%	0.044	4.5331378822024	0.049	4.5331378822024	9.325925925925926	5036	3.489844700780888	11307.096830530078
chr5	174945001	174965000	chr5	174945001	175535000	590000	20000	8.398305084745763	96.0%	0.0255	4.52782682702708	0.027	4.52782682702708	8.398305084745763	3964	3.38324312117424	6387.5630127769655
chr12	13265001	13285000	chr12	13265001	13990000	725000	20000	7.189655172413793	96.0%	0.015	4.51334520840075	0.017	4.51334520840075	7.189655172413793	4170	3.789967276418403	8792.724081290695
chr15	39160001	39185000	chr15	39160001	39765000	605000	25000	6.965289256198348	95.0%	0.039	4.50694358386312	0.04	4.50694358386312	6.965289256198347	4214	3.7362449712088197	11302.14103790668
chr9	121380001	121405000	chr9	121205001	121405000	200000	25000	19.475	98.0%	0.012	4.48403625707391	0.013500000000000002	4.48403625707391	19.475	3895	3.007170580653084	3007.170580653084
chr12	90970001	90990000	chr12	90970001	91360000	390000	20000	11.919871794871796	96.0%	0.0185	4.4707808036279	0.0195	4.4707808036279	11.919871794871796	3719	3.2177115618575733	4015.7040291982516
chr4	86910001	86935000	chr4	86910001	87165000	255000	25000	14.811764705882354	97.0%	0.004	4.432902181593978	0.004	4.432902181593978	14.811764705882354	3777	2.1064013029409128	2685.6616612496637
chr11	86795001	86815000	chr11	86570001	86815000	245000	20000	15.571428571428571	97.0%	0.005	4.425443352328211	0.005	4.425443352328211	15.571428571428571	3052	2.5923289706381425	2032.3859129803038
chr4	119280001	119300000	chr4	118970001	119300000	330000	20000	13.651515151515152	97.0%	0.0195	4.421363477242847	0.0215	4.421363477242847	13.651515151515152	3604	3.216486003008814	3396.6092191773073
chr11	34875001	34895000	chr11	34525001	34895000	370000	20000	12.344594594594597	97.0%	0.034	4.419793082159678	0.0375	4.419793082159678	12.344594594594595	3654	3.656184941908672	4328.922971219868
chr6	85340001	85360000	chr6	85340001	85600000	260000	20000	15.432692307692308	98.0%	0.011	4.419245400198593	0.012	4.419245400198593	15.432692307692308	3210	2.5249539818601243	2100.7617129076234
chr20	47610001	47630000	chr20	47185001	47630000	445000	20000	8.803370786516854	96.0%	0.022	4.405729077116385	0.023	4.405729077116385	8.803370786516854	3134	2.7904826175499653	3973.647247391151
chr11	13760001	13780000	chr11	13760001	14250000	490000	20000	9.400510204081632	95.0%	0.0209999999999999	4.395002501923591	0.023	4.395002501923591	9.400510204081632	3685	3.0156907792816114	4728.603141913567
chr1	241520001	241540000	chr1	241520001	241905000	385000	20000	12.084415584415584	97.0%	0.036	4.389073007696875	0.038	4.389073007696875	12.084415584415584	3722	2.993610094586332	3688.127636530361
chr6	83505001	83525000	chr6	83090001	83525000	435000	20000	11.413793103448276	96.0%	0.011	4.388787850421153	0.013	4.388787850421153	11.413793103448276	3972	3.062792584349094	4263.407277413939
chr1	181150001	181170000	chr1	180875001	181170000	295000	20000	13.063559322033898	96.0%	0.011	4.380292312576326	0.011	4.380292312576326	13.063559322033898	3083	2.6163103147453346	2469.796937119596
chr19	12130001	12150000	chr19	11865001	12150000	285000	20000	11.491228070175438	95.0%	0.037	4.380079720711884	0.041	4.380079720711884	11.491228070175438	2620	2.967978905758871	2706.7967620520903
chr12	58340001	58360000	chr12	58340001	59165000	825000	20000	6.13030303030303	95.0%	0.013	4.364037162484742	0.014	4.364037162484742	6.13030303030303	4046	3.120425613755617	8237.923620314828
chr15	83235001	83265000	chr15	83235001	83570000	335000	30000	11.3955223880597	95.0%	0.038	4.361488254145464	0.04	4.361488254145464	11.395522388059701	4581	2.9297519472596973	7066.56169679039
chr5	174410001	174430000	chr5	174410001	174805000	395000	20000	11.420886075949369	98.0%	0.023	4.350655909854456	0.026	4.350655909854456	11.420886075949367	3609	3.012372807651314	3807.639228871261
chr6	45700001	45720000	chr6	45415001	45720000	305000	20000	13.364754098360656	98.0%	0.01	4.321036853980417	0.011	4.321036853980417	13.364754098360656	3261	2.202443503289112	2149.5848592101734
chr2	70335001	70355000	chr2	70335001	70650000	315000	20000	21.28968253968254	98.0%	0.021	4.298512356684101	0.023	4.298512356684101	21.28968253968254	5365	3.9521666171140533	3983.783950050966
chr4	80355001	80380000	chr4	80355001	81055000	700000	25000	6.975714285714285	98.0%	0.0565	4.287866762461579	0.056499999999999995	4.287866762461579	6.975714285714286	4883	3.3957505129307983	11885.126795257795
chr11	4060001	4080000	chr11	3775001	4080000	305000	20000	19.827868852459016	96.0%	0.032	4.286008148941676	0.035	4.286008148941676	19.827868852459016	4838	3.732437254244441	3642.8587601425743
chr21	42800001	42825000	chr21	42580001	42825000	245000	25000	14.877551020408164	95.0%	0.032	4.28113431396135	0.035	4.28113431396135	14.877551020408163	3645	2.904406638701809	3557.8981324097163
chr6	60230001	60250000	chr6	60230001	61420000	1190000	20000	4.424242424242424	96.0%	0.0104999999999999	4.277826321098882	0.011	4.277826321098882	4.294117647058823	4088	2.204955243237395	8396.469566248
chr6	142100001	142125000	chr6	141600001	142125000	525000	25000	10.064761904761903	96.0%	0.02	4.272355878378821	0.022	4.272355878378821	10.064761904761905	5284	3.0289078825449525	7950.8831916805
chr9	21770001	21790000	chr9	21455001	21790000	335000	20000	12.992537313432836	95.0%	0.049	4.251782315154525	0.052	4.251782315154525	12.992537313432836	3482	3.5993442852648134	3858.49707380388
chr18	8965001	8990000	chr18	8645001	8990000	345000	25000	12.01449275362319	96.0%	0.012	4.249071838619612	0.013	4.249071838619612	12.014492753623188	4145	2.625484654433052	4528.961028897014
chr14	54160001	54180000	chr14	53925001	54180000	255000	20000	14.009803921568627	95.0%	0.034	4.243375714242806	0.038	4.243375714242806	14.009803921568627	2858	2.8055912243051147	2289.3624390329737
chr5	95640001	95665000	chr5	95640001	95845000	205000	25000	20.06829268292683	97.0%	0.013	4.237393584887894	0.013	4.237393584887894	20.068292682926828	4114	2.6858659497857933	2753.012598530438
chr22	29025001	29045000	chr22	28845001	29045000	200000	20000	15.56875	96.0%	0.0365	4.235399976041976	0.0385	4.235399976041976	15.56875	2491	4.164435435966732	2665.2386790187084
chr5	34885001	34905000	chr5	34470001	34905000	435000	20000	10.479885057471265	98.0%	0.08	4.233850183671469	0.084	4.233850183671469	10.479885057471265	3647	3.176703686234683	4421.971531238679
chr3	46360001	46385000	chr3	45840001	46385000	545000	25000	8.935779816513762	96.0%	0.015	4.201004805813761	0.017	4.201004805813761	8.935779816513762	4870	2.560603114774192	6977.643487759673
chr17	36620001	36640000	chr17	36620001	37250000	630000	20000	6.206349206349207	95.0%	0.048	4.1998053939343	0.0525	4.1998053939343	6.2063492063492065	3128	3.3764032505692514	6806.828953147611
chr6	125945001	125970000	chr6	125775001	125970000	195000	25000	22.03589743589744	97.0%	0.004	4.186788308525465	0.004	4.186788308525465	22.035897435897436	4297	2.706403957289761	2638.743858357517
chr1	227420001	227445000	chr1	226910001	227445000	535000	25000	8.508411214953272	95.0%	0.018	4.185058967395619	0.019	4.185058967395619	8.508411214953272	4552	2.5819215895581427	6906.640252068031
chr21	29080001	29105000	chr21	29080001	29515000	435000	25000	9.701149425287356	95.0%	0.089	4.1844663731406095	0.094	4.1844663731406095	9.701149425287356	4220	3.8950818540544474	8471.803032568423
chr2	235100001	235120000	chr2	234505001	235120000	615000	20000	7.579268292682927	97.0%	0.019	4.179367736165738	0.02	4.179367736165738	7.579268292682927	3729	2.999861812764081	5903.728047519711
chr12	30800001	30820000	chr12	29580001	30820000	1240000	20000	3.644153225806452	95.0%	0.0165	4.175629116375108	0.016	4.175629116375108	3.6441532258064515	3615	2.981655907143158	11831.21063954405
chr20	37525001	37545000	chr20	37185001	37545000	360000	20000	9.395833333333334	95.0%	0.0285	4.170184209795248	0.032	4.170184209795248	9.395833333333334	2706	2.769675667381101	3190.6663688230283
chr9	76975001	77000000	chr9	76745001	77000000	255000	25000	16.0	95.0%	0.026	4.164617662513503	0.028	4.1646176625135025	16.0	4080	3.1172412629993356	3974.482610324153
chrX	154590001	154610000	chrX	154590001	154865000	275000	20000	5.382075471698113	98.0%	0.068	4.164342134321911	0.071	4.1643421343219105	5.1863636363636365	1141	1.5395955233376846	1354.8440605371625
chr6	138750001	138770000	chr6	138415001	138770000	355000	20000	12.919014084507042	96.0%	0.011	4.142619393253734	0.011	4.142619393253734	12.919014084507042	3669	2.227539011164464	2530.4843166828314
chr11	13950001	13975000	chr11	13950001	14255000	305000	25000	13.737704918032788	96.0%	0.016	4.141047080304505	0.017	4.141047080304505	13.737704918032787	4190	2.5636638059098584	3909.587304012534
chr22	40915001	40935000	chr22	40915001	41305000	390000	20000	9.080128205128204	95.0%	0.052	4.131248409549906	0.056	4.131248409549906	9.080128205128204	2833	3.6669364719824853	4576.336717034142
chr3	66805001	66830000	chr3	66240001	66830000	590000	25000	7.950847457627118	95.0%	0.064	4.128421911470562	0.067	4.128421911470562	7.950847457627119	4691	3.22005364734883	9499.158259679049
chr16	19905001	19925000	chr16	19905001	20345000	440000	20000	8.005681818181818	96.0%	0.043	4.126062982863695	0.0485	4.1260629828636946	8.005681818181818	2818	2.9102944101637465	4097.694529510555
chr11	130430001	130455000	chr11	130430001	130895000	465000	25000	9.41505376344086	98.0%	0.071	4.118063129483708	0.072	4.118063129483708	9.415053763440861	4378	3.447589689681021	8015.646028508374
chr11	10720001	10745000	chr11	10330001	10745000	415000	25000	10.15421686746988	95.0%	0.02	4.116563310457312	0.02	4.116563310457312	10.154216867469879	4214	2.537088015582985	5264.457632334694
chr2	32760001	32785000	chr2	32760001	33385000	625000	25000	11.12	95.0%	0.019	4.110621201315314	0.02	4.110621201315314	11.12	6950	3.3485834455030083	10464.323267196902
chr10	54685001	54705000	chr10	54685001	55155000	470000	20000	16.231382978723403	96.0%	0.0235	4.107179459002855	0.025	4.107179459002855	16.231382978723403	6103	2.2622396006936776	3402.4083594432914
chr14	99870001	99890000	chr14	99635001	99890000	255000	20000	14.995098039215684	95.0%	0.03	4.105931204708382	0.032	4.105931204708382	14.995098039215685	3059	2.714032465192472	2214.650491597057
chr11	34575001	34595000	chr11	34575001	34900000	325000	20000	13.580769230769231	97.0%	0.028	4.0947021518837206	0.029	4.0947021518837206	13.580769230769231	3531	3.4004375536881515	3536.4550558356777
chr8	8745001	8780000	chr8	8745001	9035000	290000	35000	14.219211822660098	96.0%	0.0215	4.093042189570544	0.024	4.093042189570544	14.219211822660098	5773	2.3520882003527674	6684.634665402566
chr17	71465001	71495000	chr17	71465001	71925000	460000	30000	9.010869565217392	95.0%	0.0515	4.066877654857663	0.0555	4.066877654857663	9.01086956521739	4974	2.809122678828901	9303.81431228132
chr11	4615001	4645000	chr11	4615001	5385000	770000	30000	8.673160173160174	97.0%	0.05	4.063987718338931	0.051000000000000004	4.063987718338931	8.673160173160174	8014	4.00238674512377	22189.23211496618
chr3	64020001	64040000	chr3	64020001	64495000	475000	20000	9.25263157894737	95.0%	0.03	4.05859879506536	0.032	4.05859879506536	9.25263157894737	3516	2.884554786438499	4384.523275386518
chr6	52410001	52435000	chr6	52410001	52670000	260000	25000	15.573076923076922	98.0%	0.0115	4.05253875152758	0.0125	4.05253875152758	15.573076923076924	4049	2.794619962207448	3633.0059508696822
chr13	27370001	27390000	chr13	27370001	28000000	630000	20000	6.75	96.0%	0.03	4.047136736707173	0.031	4.047136736707173	6.75	3402	3.2579019862186964	6567.930404216892
chr18	6535001	6555000	chr18	6535001	6895000	360000	20000	10.649305555555555	97.0%	0.087	4.046901400606742	0.091	4.046901400606742	10.649305555555555	3067	3.0410335418860543	3503.2706402527347
chr3	183885001	183905000	chr3	183885001	184295000	410000	20000	10.021341463414634	95.0%	0.0144999999999999	4.043062424295266	0.0155	4.043062424295266	10.021341463414634	3287	2.3693292535919914	3108.559980712693
chr13	73690001	73715000	chr13	72825001	73715000	890000	25000	5.228089887640449	97.0%	0.036	4.03621958709364	0.039	4.03621958709364	5.22808988764045	4653	3.6225907500116974	16120.528837552054
chr4	74665001	74685000	chr4	74185001	74685000	500000	20000	9.72	98.0%	0.0099999999999999	4.035656163934158	0.009999999999999998	4.035656163934158	9.72	3888	3.496201142832106	5593.921828531369
chr1	66755001	66775000	chr1	66755001	67220000	465000	20000	9.06989247311828	96.0%	0.041	4.03384557370984	0.041	4.03384557370984	9.06989247311828	3374	2.928557037934196	4357.692872446083
chr9	90905001	90925000	chr9	90905001	91740000	835000	20000	5.517964071856287	95.0%	0.03	4.005458889613207	0.031	4.005458889613207	5.517964071856287	3686	3.769989731936241	10073.412563733636
chr16	75745001	75770000	chr16	75375001	75770000	395000	25000	9.253164556962023	95.0%	0.025	3.985264026073591	0.028	3.9852640260735908	9.253164556962025	3655	2.254932240249135	4453.491174492042
chr1	225755001	225775000	chr1	225465001	225775000	310000	20000	13.040322580645162	96.0%	0.015	3.962898315634777	0.0165	3.9628983156347766	13.040322580645162	3234	2.8696465110524554	2846.689338964036
chr2	207745001	207770000	chr2	207745001	208205000	460000	25000	10.015217391304349	95.0%	0.018	3.954224318964256	0.019000000000000003	3.9542243189642554	10.015217391304347	4607	2.521725018239834	5799.967541951619
chr19	46270001	46290000	chr19	46270001	46565000	295000	20000	10.822033898305085	95.0%	0.032	3.939673745189584	0.033	3.939673745189584	10.822033898305085	2554	2.7736642948307098	2618.33909432019
chr15	101280001	101305000	chr15	101280001	101660000	380000	25000	9.389473684210524	96.0%	0.0559999999999999	3.9289793047764463	0.059	3.9289793047764463	9.389473684210527	3568	3.226780696533933	6130.883323414472
chr3	12465001	12485000	chr3	12115001	12485000	370000	20000	11.405405405405403	96.0%	0.0195	3.925235583883981	0.020999999999999998	3.9252355838839814	11.405405405405405	3376	2.8395700015605487	3362.0508818476897
chr2	170395001	170415000	chr2	170395001	170810000	415000	20000	11.94277108433735	98.0%	0.011	3.915762749870249	0.011	3.915762749870249	11.94277108433735	3965	3.0150239875886027	4003.951855517664
chr3	195505001	195530000	chr3	195260001	195530000	270000	25000	14.2	98.0%	0.0104999999999999	3.910637625570976	0.0115	3.9106376255709763	14.2	3834	2.39760350654981	3236.764733842243
chrX	19890001	19925000	chrX	19890001	20140000	250000	35000	7.625714285714286	95.0%	0.0635	3.9091007647762086	0.07050000000000001	3.9091007647762086	7.6257142857142854	2669	2.29444459984936	5621.389269630932
chr18	35380001	35415000	chr18	35380001	35750000	370000	35000	10.534749034749035	98.0%	0.025	3.908906366359129	0.026000000000000002	3.908906366359129	10.534749034749035	5457	2.316559006837767	8399.842958793743
chr12	94090001	94110000	chr12	93405001	94110000	705000	20000	6.652482269503546	97.0%	0.044	3.90844217106694	0.046	3.9084421710669397	6.652482269503546	3752	3.3065189962931996	7459.506855637458
chr12	65290001	65315000	chr12	65290001	66120000	830000	25000	6.093975903614458	96.0%	0.087	3.903573667693845	0.0905	3.9035736676938453	6.093975903614457	5058	4.162738146350807	17275.36330735585
chr6	137630001	137650000	chr6	137065001	137650000	585000	20000	8.271367521367521	96.0%	0.036	3.902901484923188	0.037	3.9029014849231882	8.271367521367521	3871	3.174042896828274	5941.808302862529
chr12	7215001	7235000	chr12	7215001	7650000	435000	20000	10.298850574712644	95.0%	0.037	3.8967957481921607	0.042	3.8967957481921607	10.298850574712644	3584	3.0636357290895537	4264.580934892659
chr4	123645001	123665000	chr4	123340001	123665000	325000	20000	13.988461538461538	97.0%	0.018	3.887896301503596	0.02	3.8878963015035963	13.988461538461538	3637	2.7437531234454835	2853.503248383303
chr4	76510001	76530000	chr4	76510001	76750000	240000	20000	18.151041666666668	98.0%	0.0185	3.8857576411994	0.0205	3.8857576411994	18.151041666666668	3485	2.599860499742211	1996.6928638020179
chr9	72575001	72600000	chr9	72305001	72600000	295000	25000	13.04406779661017	96.0%	0.031	3.8829776616763327	0.033	3.8829776616763327	13.04406779661017	3848	2.9738778146980387	4386.469776679607
chr1	22965001	22985000	chr1	22965001	23285000	320000	20000	11.5390625	95.0%	0.0165	3.880744286482545	0.0175	3.880744286482545	11.5390625	2954	2.38067861784954	2437.814904677929
chr5	58490001	58510000	chr5	58490001	58855000	365000	20000	11.784246575342468	97.0%	0.029	3.8709441130350193	0.033	3.8709441130350193	11.784246575342467	3441	2.8182769279397015	3291.747451833571
chr1	91505001	91530000	chr1	91505001	92110000	605000	25000	8.277685950413224	96.0%	0.039	3.8140640315796888	0.043	3.8140640315796888	8.277685950413224	5008	3.45536408398898	10452.476354066664
chr6	157305001	157325000	chr6	157305001	158005000	700000	20000	7.939285714285714	95.0%	0.0165	3.807139054314269	0.017	3.807139054314269	7.939285714285714	4446	2.2232094709130146	4979.989214845153
chr14	67935001	67955000	chr14	67935001	68845000	910000	20000	5.7651098901098905	97.0%	0.0315	3.8011863284969705	0.031	3.8011863284969705	5.7651098901098905	4197	5.331332626482076	15524.840608315804
chr12	21690001	21710000	chr12	21690001	22085000	395000	20000	10.806962025316457	98.0%	0.037	3.800106199489967	0.039	3.8001061994899668	10.806962025316455	3415	3.221807894682303	4072.365178878431
chr1	183895001	183920000	chr1	183640001	183920000	280000	25000	16.02857142857143	95.0%	0.015	3.795049623860987	0.0155	3.7950496238609874	16.02857142857143	4488	2.9028489143891036	4063.988480144745
chr16	74295001	74320000	chr16	74295001	74875000	580000	25000	6.517241379310344	95.0%	0.047	3.787880603689759	0.0485	3.7878806036897585	6.517241379310345	3780	2.620842736197413	7600.443934972498
chr12	89535001	89555000	chr12	89535001	90950000	1415000	20000	4.318021201413427	95.0%	0.034	3.784392740615671	0.036	3.7843927406156705	4.318021201413427	4888	4.747064733426019	21494.709112953016
chr14	22555001	22575000	chr14	22555001	22910000	355000	20000	11.105633802816902	95.0%	0.022	3.778230806964476	0.024	3.778230806964476	11.105633802816902	3154	3.030071376942239	3442.1610842063837
chr16	84465001	84495000	chr16	84220001	84495000	275000	30000	12.815151515151516	95.0%	0.03	3.77765544542472	0.032	3.77765544542472	12.815151515151515	4229	2.447776599782575	4846.597667569498
chr5	34175001	34195000	chr5	33630001	34195000	565000	20000	11.811946902654867	97.0%	0.011	3.772832179027378	0.012	3.772832179027378	11.811946902654867	5339	1.5289694164533407	2764.37670494764
chr7	97820001	97850000	chr7	97095001	97850000	755000	30000	5.970198675496689	97.0%	0.062	3.7715772644757086	0.065	3.7715772644757086	5.970198675496689	5409	3.2523115938294462	17679.56582405687
chr6	29840001	29875000	chr6	29840001	30035000	195000	35000	19.13186813186813	98.0%	0.006	3.768762391969464	0.006	3.768762391969464	19.13186813186813	5223	2.3040457800103518	4403.031485599782
chr10	28365001	28390000	chr10	28235001	28390000	155000	25000	22.8	98.0%	0.001	3.760570557151957	0.002	3.760570557151957	22.8	3534	2.3901852510691253	1852.3935695785722
chr7	143720001	143740000	chr7	143720001	144150000	430000	20000	4.895348837209302	95.0%	0.012	3.755169251821029	0.013	3.755169251821029	4.895348837209302	1684	1.614313738052284	2221.295703559943
chr10	101995001	102020000	chr10	101830001	102020000	190000	25000	22.2	99.0%	0.012	3.746591621397664	0.0135	3.7465916213976644	22.2	4218	2.7049445513800627	2569.6973238110595
chr6	141980001	142000000	chr6	141980001	142120000	140000	20000	27.714285714285715	98.0%	0.026	3.74432054376243	0.028999999999999998	3.74432054376243	27.714285714285715	3104	2.67609879419323	1198.892259798567
chr8	38950001	38985000	chr8	38810001	38985000	175000	35000	21.41224489795918	97.0%	0.03	3.7213858460414526	0.032	3.7213858460414526	21.412244897959184	5246	2.172211154754804	3725.342130404489
chr8	130660001	130685000	chr8	130120001	130685000	565000	25000	8.251327433628319	96.0%	0.025	3.71623762445978	0.026	3.7162376244597795	8.251327433628319	4662	2.711277392226486	7659.358633039822
chr3	43530001	43550000	chr3	43530001	44245000	715000	20000	6.3024475524475525	95.0%	0.019	3.714694100171734	0.02	3.714694100171734	6.3024475524475525	3605	2.575067701132875	5891.754900192018
chr1	13225001	13245000	chr1	12655001	13245000	590000	20000	7.025	96.0%	0.0209999999999999	3.714175109250762	0.020999999999999998	3.7141751092507627	5.953389830508475	2810	1.6310987547406757	3079.5144489503955
chr11	121575001	121595000	chr11	121190001	121595000	405000	20000	11.358024691358024	95.0%	0.02	3.711339867490657	0.023	3.711339867490657	11.358024691358025	3680	2.912782088841575	3774.9655871386813
chr2	68915001	68930000	chr2	68530001	68930000	400000	15000	16.1375	96.0%	0.022	3.7043727492414735	0.0225	3.7043727492414744	16.1375	3873	3.2389818095827057	2332.066902899548
chr10	16835001	16855000	chr10	16835001	17480000	645000	20000	7.213178294573644	95.0%	0.073	3.700936838245739	0.08	3.700936838245739	7.213178294573644	3722	3.401727007941697	7021.164544391662
chr12	27420001	27440000	chr12	27420001	27710000	290000	20000	15.04310344827586	97.0%	0.033	3.686391514519317	0.035	3.6863915145193165	15.043103448275861	3490	3.185802824760459	2956.425021377706
chr7	103030001	103065000	chr7	102750001	103065000	315000	35000	13.43310657596372	95.0%	0.024	3.6858421557126846	0.025	3.6858421557126846	13.433106575963718	5924	2.520431667094138	7780.572556319605
chr15	48855001	48875000	chr15	48855001	49230000	375000	20000	9.723333333333333	97.0%	0.058	3.667610167802396	0.061	3.6676101678023962	9.723333333333333	2917	2.915067459116301	3498.0809509395613
chr14	58490001	58510000	chr14	58490001	59130000	640000	20000	6.556640625	97.0%	0.068	3.664830572655395	0.0715	3.664830572655395	6.556640625	3357	3.3645338747333	6890.565375453798
chr11	95830001	95850000	chr11	95830001	96435000	605000	20000	8.477272727272727	95.0%	0.033	3.6429126202538926	0.037	3.6429126202538926	8.477272727272727	4103	3.6238999397358063	7015.870283328521
chr3	159610001	159630000	chr3	159610001	159820000	210000	20000	18.49404761904762	97.0%	0.0345	3.6320564043848176	0.036500000000000005	3.6320564043848176	18.49404761904762	3107	2.7140793080602417	1823.8612950164825
chr5	36685001	36705000	chr5	36175001	36705000	530000	20000	8.60377358490566	95.0%	0.023	3.627521575073189	0.0245	3.627521575073189	8.60377358490566	3648	2.7063502666770325	4589.970052284247
chr4	68155001	68180000	chr4	67875001	68180000	305000	25000	14.662295081967212	96.0%	0.012	3.626762529339103	0.013	3.6267625293391026	14.662295081967214	4472	2.539988264092456	3873.4821027409953
chr7	23050001	23075000	chr7	22510001	23075000	565000	25000	7.732743362831859	97.0%	0.035	3.612587313379387	0.037	3.612587313379387	7.732743362831858	4369	2.472350633209132	6984.390538815797
chr10	117155001	117180000	chr10	116620001	117180000	560000	25000	7.517857142857143	98.0%	0.0195	3.606453820970562	0.0215	3.606453820970562	7.517857142857143	4210	2.9814473964013026	8348.052709923648
chr8	8650001	8670000	chr8	8265001	8670000	405000	20000	11.37037037037037	97.0%	0.025	3.60624969107567	0.025	3.60624969107567	11.37037037037037	3684	2.8780435665246507	3729.944462215947
chr10	77165001	77195000	chr10	77165001	77710000	545000	30000	8.790519877675841	95.0%	0.036	3.591531516106001	0.04	3.591531516106001	8.790519877675841	5749	3.2353906612378984	12695.672954697513
chr1	159995001	160020000	chr1	159785001	160020000	235000	25000	17.927659574468088	95.0%	0.01	3.5884994650146846	0.011	3.5884994650146846	17.927659574468084	4213	2.3190015785239373	2724.826854765626
chr8	81215001	81235000	chr8	81000001	81235000	235000	20000	18.606382978723403	98.0%	0.018	3.5870482908558765	0.018	3.5870482908558765	18.606382978723403	3498	2.683799762604718	2018.217421478748
chr5	97145001	97165000	chr5	96625001	97165000	540000	20000	9.07638888888889	95.0%	0.0209999999999999	3.583101990234988	0.0215	3.583101990234988	9.07638888888889	3921	2.9767806953359974	5143.877041540603
chr4	169475001	169495000	chr4	168915001	169495000	580000	20000	8.189655172413794	97.0%	0.0645	3.582488529587076	0.068	3.5824885295870756	8.189655172413794	3800	3.5663596675644995	6619.163542999711
chr12	13205001	13235000	chr12	12905001	13235000	330000	30000	12.929292929292927	98.0%	0.011	3.582231535989642	0.011	3.582231535989642	12.929292929292929	5120	2.213226021975019	5258.625028212645
chr11	10400001	10420000	chr11	10400001	10740000	340000	20000	12.143382352941176	97.0%	0.0255	3.5789778927783398	0.0275	3.5789778927783393	12.143382352941176	3303	2.619466067896703	2849.979081871613
chr4	110950001	110970000	chr4	110580001	110970000	390000	20000	10.775641025641026	98.0%	0.023	3.5754093414779216	0.025500000000000002	3.5754093414779216	10.775641025641026	3362	2.845126921471392	3550.7183979962974
chr6	32465001	32485000	chr6	32465001	32590000	125000	20000	27.416666666666668	98.0%	0.001	3.5692636025334883	0.001	3.5692636025334883	26.32	2632	2.4119823274268493	964.7929309707397
chr5	135180001	135205000	chr5	134905001	135205000	300000	25000	13.146666666666668	96.0%	0.018	3.567940306317791	0.0195	3.567940306317791	13.146666666666667	3944	2.1347574707090353	3202.136206063553
chr17	970001	990000	chr17	710001	990000	280000	20000	10.575892857142858	96.0%	0.0185	3.566348779913613	0.018500000000000003	3.566348779913613	10.575892857142858	2369	2.5166863317895385	2254.9509532834263
chr14	37135001	37155000	chr14	36575001	37155000	580000	20000	7.206896551724138	96.0%	0.0335	3.562811906506861	0.035	3.5628119065068615	7.206896551724138	3344	3.1472452964107682	5841.287270138386
chr7	148950001	148970000	chr7	148260001	148970000	710000	20000	5.992957746478873	95.0%	0.02	3.5623633819248424	0.021	3.5623633819248424	5.992957746478873	3404	2.564561661592193	5826.6840951374625
chr1	147875001	147895000	chr1	147630001	147895000	265000	20000	14.14622641509434	96.0%	0.029	3.5551944746970845	0.031	3.5551944746970845	14.14622641509434	2999	2.571333388421131	2180.490713381119
chr6	124860001	124880000	chr6	124860001	125320000	460000	20000	9.611413043478262	96.0%	0.036	3.546536481435295	0.0385	3.546536481435295	9.611413043478262	3537	2.590209425194007	3812.788273885578
chr2	54100001	54125000	chr2	54100001	54845000	745000	25000	8.994630872483222	97.0%	0.095	3.540111668710257	0.099	3.540111668710257	8.99463087248322	6701	3.6630294965116255	13644.784874505805
chr2	57750001	57770000	chr2	57750001	58830000	1080000	20000	7.503472222222222	95.0%	0.04	3.5268018050670653	0.0435	3.5268018050670653	7.503472222222222	6483	5.002213029031343	17287.64822833232
chr7	28910001	28930000	chr7	28910001	29420000	510000	20000	8.098039215686274	97.0%	0.0655	3.521440285657779	0.068	3.521440285657779	8.098039215686274	3304	3.0699536900621465	5010.164422181423
chr2	54510001	54540000	chr2	54510001	54845000	335000	30000	19.25621890547264	97.0%	0.028	3.519774910508335	0.029	3.519774910508335	19.256218905472636	7741	2.5690874320050843	6196.6388859962635
chr17	49990001	50010000	chr17	49675001	50010000	335000	20000	10.08955223880597	95.0%	0.029	3.510386758153939	0.031	3.510386758153939	10.08955223880597	2704	2.210187671373478	2369.3211837123686
chr3	158775001	158795000	chr3	158525001	158795000	270000	20000	15.791666666666666	95.0%	0.0215	3.506255150398812	0.0235	3.506255150398812	15.791666666666666	3411	2.4315660041156355	2100.873027555909
chr9	83325001	83350000	chr9	83325001	83600000	275000	25000	14.483636363636364	98.0%	0.041	3.506044582876577	0.042	3.506044582876577	14.483636363636364	3983	3.091711143599255	4251.1028224489755
chr15	62780001	62795000	chr15	62780001	63105000	325000	15000	11.55897435897436	97.0%	0.042	3.497197697384975	0.046	3.497197697384975	11.558974358974359	2254	3.3256210416353227	1945.4883093566636
chr20	4075001	4095000	chr20	3875001	4095000	220000	20000	14.505681818181818	96.0%	0.01	3.4953891151057337	0.010499999999999999	3.4953891151057337	14.505681818181818	2553	2.07906410259874	1463.661128229513
chr1	85300001	85325000	chr1	85300001	85910000	610000	25000	8.247540983606559	96.0%	0.017	3.4749705884987567	0.0185	3.4749705884987567	8.247540983606557	5031	2.9611793595005302	9031.597046476618
chr2	69910001	69930000	chr2	69910001	70280000	370000	20000	16.80743243243243	95.0%	0.026	3.47275766835968	0.028499999999999998	3.4727576683596797	16.80743243243243	4975	2.9087165563618353	3443.920402732413
chr7	106165001	106190000	chr7	106165001	106795000	630000	25000	7.571428571428571	96.0%	0.039	3.470090099272229	0.042499999999999996	3.4700900992722294	7.571428571428571	4770	2.8303323497234403	8915.546901628837
chr1	93800001	93820000	chr1	93630001	93820000	190000	20000	20.06578947368421	98.0%	0.008	3.4669131673095857	0.009000000000000001	3.4669131673095857	20.06578947368421	3050	2.753330189486269	1674.0247552076517
chr1	182770001	182790000	chr1	182455001	182790000	335000	20000	13.294776119402986	97.0%	0.028	3.45312087494768	0.03	3.45312087494768	13.294776119402986	3563	3.0186550379823633	3235.9982007170934
chr5	88720001	88740000	chr5	88720001	89485000	765000	20000	5.84640522875817	96.0%	0.021	3.4376453626867165	0.022	3.4376453626867165	5.84640522875817	3578	2.6068059631170075	6381.460997710435
chr1	245025001	245045000	chr1	244790001	245045000	255000	20000	16.034313725490197	95.0%	0.021	3.4366758520076277	0.022	3.4366758520076273	16.034313725490197	3271	2.3143682837312447	1888.5245195246957
chr2	152175001	152200000	chr2	152175001	152745000	570000	25000	8.440350877192982	98.0%	0.0465	3.4204982990815176	0.0475	3.4204982990815176	8.440350877192982	4811	3.0135455589256734	8588.60484293817
chr9	69040001	69075000	chr9	69040001	69400000	360000	35000	11.019841269841269	95.0%	0.032	3.407153941564343	0.0345	3.407153941564343	11.01984126984127	5554	2.26535714888094	7992.180021251956
chr1	84935001	84955000	chr1	84935001	85270000	335000	20000	12.00373134328358	95.0%	0.022	3.3976360366752014	0.025	3.3976360366752014	12.003731343283581	3217	2.5988729519639113	2785.9918045053128
chr5	92305001	92330000	chr5	92305001	93085000	780000	25000	6.365384615384615	95.0%	0.028	3.392338267281404	0.031	3.392338267281404	6.365384615384615	4965	2.7265986957858597	10633.734913564853
chr4	41205001	41225000	chr4	40900001	41225000	325000	20000	12.18846153846154	97.0%	0.015	3.3781192753685554	0.018	3.3781192753685554	12.188461538461539	3169	2.6828538118626817	2790.167964337189
chr7	116250001	116270000	chr7	116250001	116595000	345000	20000	13.460144927536232	98.0%	0.076	3.374628178917954	0.083	3.374628178917954	13.460144927536232	3715	3.72876328936991	4116.554671464381
chr2	136365001	136390000	chr2	135740001	136390000	650000	25000	7.6523076923076925	95.0%	0.0275	3.368222837695187	0.028	3.368222837695187	7.6523076923076925	4974	2.978484695909969	9680.0752617074
chr10	110310001	110325000	chr10	110310001	110685000	375000	15000	13.351111111111113	96.0%	0.047	3.362735146091998	0.048	3.362735146091998	13.351111111111111	3004	3.6176948622940635	2441.9440320484928
chr3	142575001	142595000	chr3	142575001	143005000	430000	20000	9.773255813953488	95.0%	0.0275	3.358453280912898	0.03	3.358453280912898	9.773255813953488	3362	2.385941984213287	3283.056170277483
chr10	58770001	58790000	chr10	58770001	59670000	900000	20000	5.651388888888889	95.0%	0.0225	3.3542087963364726	0.023	3.3542087963364726	5.651388888888889	4069	3.610884028913809	10399.34600327177
chr4	41680001	41700000	chr4	41680001	41975000	295000	20000	13.72457627118644	96.0%	0.029	3.3494921009632987	0.031	3.3494921009632987	13.724576271186441	3239	2.4850887806540007	2345.9238089373766
chr1	207780001	207800000	chr1	207570001	207800000	230000	20000	16.967391304347824	95.0%	0.0185	3.340475205588956	0.020999999999999998	3.3404752055889557	16.967391304347824	3122	2.006055643189301	1476.4569533873255
chr4	88215001	88240000	chr4	88215001	88525000	310000	25000	14.203225806451613	97.0%	0.0825	3.3403555137252177	0.087	3.3403555137252177	14.203225806451613	4403	2.60914020796205	4044.167322341177
chr2	19360001	19380000	chr2	19360001	19875000	515000	20000	8.725728155339805	95.0%	0.035	3.3345069020343474	0.038	3.3345069020343474	8.725728155339805	3595	2.634511733118169	4341.675336178742
chr18	46270001	46290000	chr18	46270001	46665000	395000	20000	9.873417721518988	98.0%	0.032	3.329149166116627	0.035	3.329149166116627	9.873417721518987	3120	2.355994257710073	2977.9767417455323
chr3	134295001	134315000	chr3	134295001	134495000	200000	20000	19.08125	97.0%	0.0075	3.328263046121792	0.0085	3.328263046121792	19.08125	3053	2.7136441346062563	1736.732246148004
chr17	17350001	17370000	chr17	17350001	17660000	310000	20000	11.15725806451613	96.0%	0.028	3.3233065490736373	0.031	3.3233065490736373	11.15725806451613	2767	3.014364013416457	2990.2491013091253
chr16	20835001	20855000	chr16	20835001	21190000	355000	20000	11.43661971830986	95.0%	0.036	3.3193899349566767	0.037	3.3193899349566767	11.43661971830986	3248	3.6053507898773187	4095.6784973006343
chr2	39505001	39525000	chr2	39505001	39735000	230000	20000	26.168478260869566	98.0%	0.0295	3.3158204010796384	0.0325	3.3158204010796384	26.168478260869566	4815	2.8415068613821055	2091.3490499772297
chr13	51780001	51800000	chr13	51110001	51800000	690000	20000	5.985507246376812	95.0%	0.067	3.3140608043636743	0.07100000000000001	3.3140608043636743	5.9855072463768115	3304	2.7764473957667604	6130.395849853007
chrX	23880001	23905000	chrX	23690001	23905000	215000	25000	8.246511627906976	98.0%	0.074	3.3133281051080243	0.079	3.3133281051080243	8.246511627906976	1773	2.635928042270819	2833.6226454411303
chr5	59345001	59375000	chr5	59175001	59375000	200000	30000	20.34583333333333	97.0%	0.0055	3.312138897535722	0.0055	3.312138897535722	20.345833333333335	4883	2.5736198762336735	3706.0126217764896
chr14	61240001	61260000	chr14	60540001	61260000	720000	20000	6.28125	95.0%	0.073	3.2939536322871605	0.0755	3.2939536322871605	6.28125	3618	4.093920836885998	9432.393608185339
chr3	190185001	190215000	chr3	189955001	190215000	260000	30000	16.131410256410255	97.0%	0.0345	3.288810906893342	0.035	3.288810906893342	16.131410256410255	5033	2.6190843864460684	4902.92597142704
chr1	167065001	167085000	chr1	167065001	167455000	390000	20000	11.067307692307692	98.0%	0.0275	3.288603132292387	0.0295	3.288603132292387	11.067307692307692	3453	2.5820766774342685	3222.431693437967
chr17	67675001	67695000	chr17	67450001	67695000	245000	20000	14.489795918367347	95.0%	0.028	3.28500883136205	0.03	3.28500883136205	14.489795918367347	2840	2.254753320569748	1767.7266033266826
chr1	20205001	20225000	chr1	20205001	20500000	295000	20000	12.652542372881356	95.0%	0.022	3.282051318112148	0.023	3.282051318112148	12.652542372881356	2986	2.4975475907108926	2357.6849256310825
chr3	141435001	141455000	chr3	141290001	141455000	165000	20000	25.24242424242424	97.0%	0.002	3.2786392700108755	0.003	3.2786392700108755	25.242424242424242	3332	2.558391823531485	1350.830882824624
chr1	199670001	199690000	chr1	199670001	200515000	845000	20000	5.615384615384615	97.0%	0.081	3.277547760783881	0.085	3.2775477607838814	5.615384615384615	3796	3.491528079204987	9441.091926170286
chr4	155350001	155370000	chr4	154795001	155370000	575000	20000	7.7	95.0%	0.027	3.276718911432289	0.03	3.2767189114322894	7.7	3542	3.108238444519897	5719.15873791661
chr2	177105001	177140000	chr2	176660001	177140000	480000	35000	9.61904761904762	97.0%	0.0125	3.2596696888285366	0.013	3.2596696888285366	9.619047619047619	6464	1.812377451786134	8525.423533201974
chr12	52150001	52170000	chr12	52150001	52385000	235000	20000	14.398936170212766	96.0%	0.01	3.253608489182466	0.01	3.253608489182466	14.398936170212766	2707	2.2521797224071802	1693.6391512501996
chr3	64520001	64540000	chr3	64520001	65440000	920000	20000	5.115489130434782	95.0%	0.0625	3.243582829558575	0.0655	3.243582829558575	5.115489130434782	3765	3.4340855037786118	10109.947723124233
chr2	47300001	47330000	chr2	46720001	47330000	610000	30000	11.404371584699454	95.0%	0.026	3.232792784955493	0.027	3.232792784955493	11.404371584699453	8348	2.846128535882151	12500.196529594406
chr2	58430001	58450000	chr2	57850001	58450000	600000	20000	11.820833333333333	96.0%	0.022	3.224569854552607	0.0235	3.224569854552607	11.820833333333333	5674	3.663635561105534	7034.1802773226245
chr17	43305001	43325000	chr17	42945001	43325000	380000	20000	6.664285714285715	96.0%	0.027	3.2196086826185635	0.0295	3.2196086826185635	6.1381578947368425	1866	1.4392818982684845	1750.166788294477
chr16	31425001	31450000	chr16	30960001	31450000	490000	25000	7.1775510204081625	95.0%	0.06	3.210734124984151	0.061	3.210734124984151	7.177551020408163	3517	2.402423610925921	5885.9378467685065
chr6	142685001	142705000	chr6	142685001	143445000	760000	20000	7.3355263157894735	95.0%	0.025	3.2063024428348283	0.025500000000000002	3.2063024428348283	7.3355263157894735	4460	3.445870786608801	8380.357753032604
chr3	113040001	113070000	chr3	113040001	113635000	595000	30000	7.80812324929972	96.0%	0.035	3.20246321896207	0.036	3.20246321896207	7.80812324929972	5575	2.4555536022200144	10519.591631910542
chr9	98255001	98275000	chr9	97915001	98275000	360000	20000	10.15972222222222	96.0%	0.0235	3.197426218397672	0.0245	3.197426218397672	10.159722222222221	2926	2.3971187066551685	2761.480750066754
chr9	32365001	32390000	chr9	32365001	32600000	235000	25000	15.92340425531915	95.0%	0.048	3.193063365558311	0.052	3.193063365558311	15.923404255319149	3742	3.134003826716679	3682.454496392098
chr4	107895001	107915000	chr4	107745001	107915000	170000	20000	24.705882352941178	98.0%	0.002	3.191026995234093	0.003	3.191026995234093	24.705882352941178	3360	2.965612847795598	1613.2933892008052
chr12	76605001	76630000	chr12	76605001	76935000	330000	25000	12.66969696969697	95.0%	0.0465	3.188877277210935	0.05	3.188877277210935	12.66969696969697	4181	2.457424854155828	4054.7510093571163
chr11	86440001	86460000	chr11	86440001	86925000	485000	20000	9.551546391752575	96.0%	0.014	3.187903001959172	0.014	3.187903001959172	9.551546391752577	3706	3.043661593921516	4723.762793766193
chr19	16165001	16185000	chr19	16045001	16185000	140000	20000	20.276785714285715	95.0%	0.026	3.1858130481407168	0.027	3.1858130481407168	20.276785714285715	2271	2.2826852971866436	1022.6430131396164
chr1	198675001	198695000	chr1	198075001	198695000	620000	20000	7.705645161290323	95.0%	0.026	3.183576598869896	0.0275	3.183576598869896	7.705645161290323	3822	3.2718902881945464	6491.43033177798
chr8	48915001	48940000	chr8	48120001	48940000	820000	25000	5.221951219512195	97.0%	0.0395	3.183412793305461	0.0435	3.1834127933054615	5.221951219512195	4282	3.106900271716907	12738.291114039319
chr3	150480001	150505000	chr3	150220001	150505000	285000	25000	15.452631578947368	97.0%	0.023	3.181047245415441	0.025	3.181047245415441	15.452631578947368	4404	2.739894695313172	3904.34994082127
chr2	197765001	197785000	chr2	197000001	197785000	785000	20000	5.409235668789809	97.0%	0.024	3.180512694031879	0.027	3.180512694031879	5.409235668789809	3397	2.394492530711063	6014.965237146191
chr15	69055001	69080000	chr15	69055001	69470000	415000	25000	10.004819277108432	96.0%	0.041	3.1773802176852493	0.046	3.1773802176852493	10.004819277108433	4152	3.24259652930118	6728.387798299948
chr6	137695001	137710000	chr6	137695001	138005000	310000	15000	14.833333333333334	98.0%	0.0525	3.1756535694857315	0.057999999999999996	3.1756535694857315	14.833333333333334	2759	3.4650933540421778	1933.522091555535
chr7	48865001	48895000	chr7	48295001	48895000	600000	30000	6.751388888888889	95.0%	0.053	3.1738901544672573	0.0545	3.1738901544672573	6.751388888888889	4861	2.885115233860265	12463.697810276344
chr6	150400001	150425000	chr6	150400001	150890000	490000	25000	9.087755102040816	96.0%	0.0325	3.1653979524128903	0.036000000000000004	3.1653979524128903	9.087755102040816	4453	2.712122514848728	6644.700161379384
chr7	90405001	90435000	chr7	90145001	90435000	290000	30000	14.10344827586207	96.0%	0.019	3.160473432279471	0.020499999999999997	3.160473432279471	14.10344827586207	4908	2.2490413659207675	4695.998372042563
chr12	62775001	62795000	chr12	62565001	62795000	230000	20000	16.918478260869566	96.0%	0.01	3.151338354301379	0.011	3.151338354301379	16.918478260869566	3113	2.3055474074071016	1696.8828918516267
chr20	40965001	40985000	chr20	40965001	41240000	275000	20000	12.85	96.0%	0.017	3.148172414747557	0.018	3.148172414747557	12.85	2827	2.3932156630539225	2106.029783487452
chr3	159240001	159260000	chr3	158810001	159260000	450000	20000	11.91388888888889	96.0%	0.016	3.147663717158915	0.0165	3.147663717158915	11.91388888888889	4289	3.6812578595242926	5301.0113177149815
chr2	202170001	202190000	chr2	201670001	202190000	520000	20000	9.139423076923077	95.0%	0.022	3.144841435158282	0.0225	3.144841435158282	9.139423076923077	3802	2.7954366289965953	4651.606550650335
chr15	71715001	71740000	chr15	71495001	71740000	245000	25000	15.46530612244898	95.0%	0.019	3.143235579856726	0.02	3.143235579856726	15.465306122448979	3789	2.7098333682273035	3319.545876078447
chr20	45275001	45295000	chr20	45005001	45295000	290000	20000	13.120689655172416	95.0%	0.0355	3.1423686494547862	0.04	3.1423686494547862	13.120689655172415	3044	2.3833822773956177	2211.7787534231334
chr7	105745001	105765000	chr7	105745001	106050000	305000	20000	13.831967213114757	96.0%	0.025	3.138477944402062	0.026	3.138477944402062	13.831967213114755	3375	2.735556679483317	2669.9033191757176
chr3	32170001	32190000	chr3	32170001	32510000	340000	20000	11.797794117647058	98.0%	0.016	3.137569587272321	0.017	3.1375695872723215	11.797794117647058	3209	2.094043878090553	2278.3197393625214
chr13	75675001	75695000	chr13	75675001	76095000	420000	20000	9.232142857142858	95.0%	0.026	3.131291813750912	0.026000000000000002	3.131291813750912	9.232142857142858	3102	2.3284948764875977	3129.4971139993313
chr21	39110001	39130000	chr21	38775001	39130000	355000	20000	10.105633802816902	96.0%	0.034	3.1156056155708	0.037	3.1156056155707996	10.105633802816902	2870	2.9030459211112927	3297.8601663824284
chr15	80765001	80790000	chr15	80405001	80790000	385000	25000	9.706493506493509	95.0%	0.042	3.114449219681779	0.044	3.114449219681779	9.706493506493507	3737	3.043394821890052	5858.53503213835
chr5	72125001	72145000	chr5	72125001	72315000	190000	20000	20.19736842105263	99.0%	0.02	3.112207947569356	0.022	3.112207947569356	20.19736842105263	3070	2.3320823584967947	1417.9060739660513
chr7	143195001	143225000	chr7	142845001	143225000	380000	30000	12.024122807017545	96.0%	0.0325	3.1095804281998443	0.034	3.1095804281998443	12.024122807017545	5483	2.543592907591626	6959.270195170689
chr12	47030001	47050000	chr12	47030001	47700000	670000	20000	9.472014925373134	97.0%	0.045	3.1021403487770525	0.051000000000000004	3.1021403487770525	9.472014925373134	5077	3.6381455224578767	7800.184000149688
chr6	133895001	133920000	chr6	133525001	133920000	395000	25000	11.979746835443038	95.0%	0.05	3.0972611666388183	0.054	3.0972611666388183	11.979746835443038	4732	2.68706699533014	5306.957315777026
chr7	134420001	134445000	chr7	134420001	134615000	195000	25000	18.93846153846154	95.0%	0.009	3.092610130280247	0.01	3.092610130280247	18.93846153846154	3693	2.3372691573747586	2278.8374284403894
chr21	39775001	39795000	chr21	39775001	40135000	360000	20000	8.82986111111111	95.0%	0.0404999999999999	3.0920850449658	0.044	3.0920850449658	8.82986111111111	2543	3.213977343091672	3702.5018992416058
chr7	81445001	81465000	chr7	80740001	81465000	725000	20000	6.294827586206897	97.0%	0.027	3.0861772626314243	0.029	3.0861772626314243	6.294827586206897	3651	2.9019781667940148	6732.589346962114
chr18	48015001	48035000	chr18	48015001	48475000	460000	20000	7.497282608695652	95.0%	0.0455	3.080071667001676	0.0495	3.080071667001676	7.497282608695652	2759	2.590311932823234	3812.9391651158007
chr18	50805001	50830000	chr18	50805001	51105000	300000	25000	11.916666666666668	95.0%	0.0325	3.0784780809595715	0.034	3.0784780809595715	11.916666666666666	3575	2.2518611485506033	3377.791722825905
chr8	109335001	109355000	chr8	109335001	110030000	695000	20000	7.318345323741007	95.0%	0.03	3.0757943579385394	0.031	3.0757943579385394	7.318345323741007	4069	2.8024967406113825	6232.752751119715
chr16	19075001	19100000	chr16	19075001	19520000	445000	25000	8.64494382022472	95.0%	0.037	3.0742996553298374	0.04	3.0742996553298374	8.64494382022472	3847	2.7451695383825494	6108.002222901173
chr1	182950001	182970000	chr1	182950001	183280000	330000	20000	11.522727272727272	98.0%	0.019	3.071471045527599	0.020999999999999998	3.071471045527599	11.522727272727273	3042	2.647972914799813	2796.2593980286024
chr1	176360001	176380000	chr1	176360001	176885000	525000	20000	8.25	96.0%	0.041	3.0689339837314824	0.043	3.0689339837314824	8.25	3465	2.8634730404535884	4810.634707962028
chr5	139415001	139435000	chr5	139415001	139635000	220000	20000	18.40909090909091	96.0%	0.0139999999999999	3.0672680344396777	0.014499999999999999	3.0672680344396777	18.40909090909091	3240	1.8682469267816166	1315.245836454258
chr3	13890001	13910000	chr3	13890001	14265000	375000	20000	11.173333333333334	95.0%	0.031	3.064674946770202	0.033	3.064674946770202	11.173333333333334	3352	2.2727814731667135	2727.337767800056
chr12	10125001	10145000	chr12	9740001	10145000	405000	20000	10.354938271604938	95.0%	0.027	3.058577306840853	0.028	3.058577306840853	10.354938271604938	3355	2.2313899109822826	2891.8813246330383
chr8	42655001	42675000	chr8	42400001	42675000	275000	20000	13.722727272727273	97.0%	0.034	3.054409111546124	0.038	3.0544091115461236	13.722727272727273	3019	2.365040525723901	2081.235662637033
chr20	4580001	4600000	chr20	4095001	4600000	505000	20000	8.415841584158416	95.0%	0.033	3.0542653121215366	0.034	3.0542653121215366	8.415841584158416	3400	3.1726498587264396	5127.002171701926
chr17	27585001	27605000	chr17	27335001	27605000	270000	20000	11.476851851851851	95.0%	0.031	3.053359930103111	0.033	3.053359930103111	11.476851851851851	2479	2.2989394920865154	1986.2837211627493
chr15	81240001	81260000	chr15	81095001	81260000	165000	20000	20.75757575757576	97.0%	0.029	3.0442556129878366	0.031	3.0442556129878366	20.757575757575758	2740	2.724093788062073	1438.3215200967745
chr6	24850001	24870000	chr6	24850001	25085000	235000	20000	17.319148936170212	96.0%	0.018	3.0361435768550664	0.018	3.0361435768550664	17.319148936170212	3256	2.5565805049045522	1922.5485396882234
chr9	69180001	69200000	chr9	69030001	69200000	170000	20000	21.11764705882353	96.0%	0.0065	3.031876779726914	0.0075	3.031876779726914	21.11764705882353	2872	2.8564303780954896	1553.8981256839463
chr3	149255001	149275000	chr3	148935001	149275000	340000	20000	13.382352941176473	95.0%	0.0315	3.0284522702710985	0.034	3.0284522702710985	13.382352941176471	3640	2.718075015086021	2957.265616413591
chr2	164720001	164750000	chr2	164720001	165020000	300000	30000	14.758333333333333	95.0%	0.022	3.0240215076098296	0.0225	3.0240215076098296	14.758333333333333	5313	2.3760362948775327	5132.2383969354705
chr15	67855001	67875000	chr15	67855001	68135000	280000	20000	13.107142857142858	95.0%	0.032	3.018596012822067	0.035500000000000004	3.018596012822067	13.107142857142858	2936	2.909885173678588	2607.2571156160147
chr2	175020001	175040000	chr2	175020001	175330000	310000	20000	13.78225806451613	98.0%	0.0265	3.011008315854535	0.0305	3.011008315854535	13.78225806451613	3418	2.265377737895289	2247.2547159921264
chr12	71405001	71425000	chr12	71405001	71760000	355000	20000	12.07394366197183	95.0%	0.026	3.0103517378123548	0.029	3.0103517378123548	12.07394366197183	3429	2.5644923768315064	2913.263340080591
chr8	93955001	93975000	chr8	93580001	93975000	395000	20000	10.962025316455696	96.0%	0.018	3.006773699798235	0.019	3.006773699798235	10.962025316455696	3464	2.8595002779524923	3614.40835133195
chr4	176330001	176350000	chr4	175900001	176350000	450000	20000	9.09722222222222	95.0%	0.0215	3.0035061940555354	0.023	3.0035061940555354	9.097222222222221	3275	2.089741545228401	3009.2278251288976
chr14	53530001	53550000	chr14	53530001	54175000	645000	20000	6.653100775193798	95.0%	0.062	2.996711192974072	0.064	2.996711192974072	6.653100775193798	3433	2.975297727275125	6141.014509095858
chr7	44580001	44600000	chr7	44580001	44940000	360000	20000	10.069444444444445	95.0%	0.032	2.989442710516384	0.035	2.989442710516384	10.069444444444445	2900	2.267643820645738	2612.3256813838902
chr4	162490001	162515000	chr4	162490001	163345000	855000	25000	5.987134502923977	97.0%	0.047	2.985350699688555	0.048	2.985350699688555	5.987134502923976	5119	3.2289532318166563	13803.775066016206
chr5	113315001	113335000	chr5	112985001	113335000	350000	20000	12.542857142857144	98.0%	0.033	2.984688597382301	0.0345	2.984688597382301	12.542857142857143	3512	2.8605022581340656	3203.7625291101535
chr4	83250001	83280000	chr4	83010001	83280000	270000	30000	14.780864197530866	97.0%	0.0245	2.9584744898844915	0.025	2.9584744898844915	14.780864197530864	4789	2.309013623704417	4488.722484481387
chr1	26600001	26620000	chr1	26600001	26885000	285000	20000	14.206140350877194	96.0%	0.02	2.9552573714694903	0.022	2.9552573714694903	14.206140350877194	3239	2.6633232739997728	2428.9508258877927
chr3	160925001	160950000	chr3	160575001	160950000	375000	25000	12.08	97.0%	0.047	2.9463869588400677	0.049	2.9463869588400673	12.08	4530	2.5691568178685387	4817.16903350351
chr11	130115001	130135000	chr11	129865001	130135000	270000	20000	16.15277777777778	97.0%	0.04	2.939183562047572	0.0405	2.939183562047572	16.15277777777778	3489	2.4668073609814267	2131.321559887953
chr15	77950001	77970000	chr15	77950001	78255000	305000	20000	9.704918032786884	97.0%	0.04	2.938160043369017	0.042	2.938160043369017	9.704918032786885	2368	2.488353063590824	2428.6325900646443
chr21	34890001	34910000	chr21	34890001	35410000	520000	20000	7.012019230769231	95.0%	0.055	2.93488557134267	0.0565	2.93488557134267	7.012019230769231	2917	3.3038150733764007	5497.548282098331
chr12	89445001	89465000	chr12	89020001	89465000	445000	20000	10.196629213483146	96.0%	0.037	2.926603580826129	0.039	2.926603580826129	10.196629213483146	3630	3.655084576525263	5204.840436971975
chr6	131095001	131120000	chr6	130865001	131120000	255000	25000	17.937254901960785	98.0%	0.052	2.9263562986057154	0.055	2.9263562986057154	17.937254901960785	4574	3.053137796341062	3892.750690334854
chr1	210305001	210325000	chr1	209995001	210325000	330000	20000	13.015151515151516	95.0%	0.0255	2.9200924367269696	0.027999999999999997	2.9200924367269696	13.015151515151516	3436	2.9079209738422973	3070.764548377466
chr11	61165001	61190000	chr11	60765001	61190000	425000	25000	9.108235294117646	96.0%	0.014	2.9083817435489774	0.015	2.9083817435489774	9.108235294117646	3871	2.032302101974445	4318.641966695695
chr15	60340001	60360000	chr15	60340001	60525000	185000	20000	17.35135135135135	97.0%	0.027	2.903112508758375	0.031	2.903112508758375	17.35135135135135	2568	2.2471453493924693	1330.3100468403418
chr4	76165001	76185000	chr4	76165001	76510000	345000	20000	13.17753623188406	97.0%	0.03	2.8992249946910023	0.032	2.8992249946910023	13.177536231884059	3637	2.410201046221044	2660.8619550280328
chr1	235510001	235530000	chr1	235510001	235940000	430000	20000	10.011627906976743	97.0%	0.0325	2.8931557079705867	0.035	2.8931557079705867	10.011627906976743	3444	2.594433645827715	3569.9406966589354
chr1	84920001	84940000	chr1	84435001	84940000	505000	20000	8.485148514851485	96.0%	0.031	2.8906215639533053	0.033	2.8906215639533053	8.485148514851485	3428	2.201088477080773	3556.9589789625293
chr2	46430001	46460000	chr2	46010001	46460000	450000	30000	15.651851851851852	95.0%	0.03	2.8856645946342483	0.0315	2.8856645946342483	15.651851851851852	8452	2.8387981761300956	9197.70609066151
chr5	127750001	127770000	chr5	127750001	128215000	465000	20000	10.0	95.0%	0.025	2.880161051383112	0.028	2.880161051383112	10.0	3720	2.64329390292114	3933.2213275466565
chr11	113295001	113315000	chr11	113295001	113800000	505000	20000	8.07920792079208	96.0%	0.033	2.8794677554009103	0.037	2.8794677554009103	8.07920792079208	3264	2.637425080760539	4262.078930509031
chr13	59660001	59680000	chr13	59385001	59680000	295000	20000	12.690677966101696	97.0%	0.064	2.8690452169139267	0.066	2.8690452169139267	12.690677966101696	2995	2.577143828714052	2432.823774306065
chr20	57325001	57345000	chr20	57075001	57345000	270000	20000	12.875	95.0%	0.018	2.868480308226395	0.0195	2.868480308226395	12.875	2781	2.975882544666374	2571.1625185917474
chr6	47085001	47110000	chr6	47085001	47410000	325000	25000	13.91076923076923	95.0%	0.03	2.8636828577263285	0.032	2.8636828577263285	13.910769230769231	4521	2.566130741260565	4169.9624545484185
chr10	23980001	24000000	chr10	23980001	24555000	575000	20000	7.706521739130435	97.0%	0.041	2.862494873609515	0.044	2.862494873609515	7.706521739130435	3545	2.822223425902354	5192.891103660331
chr16	77570001	77590000	chr16	77250001	77590000	340000	20000	11.125	96.0%	0.041	2.860925523787143	0.044	2.860925523787143	11.125	3026	3.3298179747613177	3622.8419565403137
chr17	64300001	64325000	chr17	64300001	64495000	195000	25000	17.297435897435896	95.0%	0.027	2.8593292683419125	0.031	2.8593292683419125	17.297435897435896	3373	2.4264543739359987	2365.793014587599
chr1	46710001	46735000	chr1	46445001	46735000	290000	25000	13.0	97.0%	0.0285	2.8571661161747848	0.0305	2.8571661161747848	13.0	3770	2.07107730618173	3003.0620939635082
chr14	67155001	67180000	chr14	67155001	67355000	200000	25000	17.81	96.0%	0.03	2.8546671171191327	0.0335	2.8546671171191327	17.81	3562	2.7117680268138247	2711.7680268138247
chr7	20295001	20330000	chr7	19715001	20330000	615000	35000	8.40650406504065	95.0%	0.02	2.8467044563025308	0.022	2.8467044563025308	8.40650406504065	7238	2.9314798135534756	17668.028836286798
chr1	89970001	89990000	chr1	89775001	89990000	215000	20000	18.877906976744185	98.0%	0.021	2.8455700279617053	0.022	2.8455700279617053	18.877906976744185	3247	2.812165385728714	1934.7697853813554
chr19	37900001	37915000	chr19	37900001	38185000	285000	15000	10.42690058479532	95.0%	0.035	2.8400111420000025	0.037	2.8400111420000025	10.426900584795321	1783	2.3845649053187437	1223.2817964285155
chr9	112090001	112110000	chr9	112090001	112825000	735000	20000	6.4523809523809526	96.0%	0.048	2.8382731734164324	0.051	2.8382731734164324	6.4523809523809526	3794	3.3840428935003826	7959.2688855129
chr1	119465001	119485000	chr1	119465001	119680000	215000	20000	16.802325581395348	98.0%	0.016	2.837497708205842	0.016	2.837497708205842	16.802325581395348	2890	2.0852370888252882	1434.6431171117983
chr22	30755001	30790000	chr22	30755001	30955000	200000	35000	16.04285714285714	95.0%	0.0665	2.837314943945832	0.07050000000000001	2.837314943945832	16.042857142857144	4492	2.8525597648244094	5591.017139055843
chr5	151630001	151655000	chr5	151430001	151655000	225000	25000	17.622222222222224	97.0%	0.015	2.835803207619345	0.017	2.835803207619345	17.622222222222224	3965	2.062230554858	2320.00937421525
chr6	11055001	11075000	chr6	10805001	11075000	270000	20000	14.421296296296296	95.0%	0.0275	2.83419154526695	0.0285	2.83419154526695	14.421296296296296	3115	2.0352657191770076	1758.4695813689345
chr15	59475001	59495000	chr15	59130001	59495000	365000	20000	10.845890410958903	95.0%	0.074	2.8327348043852325	0.08	2.8327348043852325	10.845890410958905	3167	3.7280000716373936	4354.304083672476
chr2	57900001	57920000	chr2	57900001	58490000	590000	20000	12.53813559322034	96.0%	0.0175	2.832496130875198	0.019	2.832496130875198	12.538135593220339	5918	4.25433667933741	8032.1876505890295
chr15	71425001	71450000	chr15	70955001	71450000	495000	25000	8.034343434343434	96.0%	0.061	2.8316096643561184	0.068	2.8316096643561184	8.034343434343434	3977	3.7185451072112397	9203.399140347818
chr6	57305001	57330000	chr6	56600001	57330000	730000	25000	5.6876712328767125	95.0%	0.02	2.8308041860053827	0.020999999999999998	2.8308041860053827	5.6876712328767125	4152	2.160109239481927	7884.3987241090335
chr12	31665001	31690000	chr12	31665001	32215000	550000	25000	7.410909090909091	95.0%	0.028	2.830746669393464	0.0315	2.8307466693934638	7.410909090909091	4076	2.3639570754464003	6500.881957477601
chr2	63675001	63700000	chr2	63675001	64040000	365000	25000	16.52054794520548	97.0%	0.066	2.83015408486785	0.069	2.83015408486785	16.52054794520548	6030	2.906055512205345	5303.551309774754
chr2	69020001	69050000	chr2	69020001	69320000	300000	30000	21.919444444444448	97.0%	0.07	2.828422899756172	0.075	2.8284228997561716	21.919444444444444	7891	3.3418376043851263	7218.369225471873
chr15	52710001	52740000	chr15	52180001	52740000	560000	30000	7.827380952380952	95.0%	0.0605	2.8252610659008406	0.0625	2.8252610659008406	7.8273809523809526	5260	3.747900349261277	15111.534208221468
chr2	166525001	166550000	chr2	166525001	167265000	740000	25000	6.371621621621622	98.0%	0.0775	2.8171950129274204	0.0815	2.8171950129274204	6.371621621621622	4715	2.740851101092801	10141.149074043364
chr17	47595001	47620000	chr17	47240001	47620000	380000	25000	10.121052631578948	95.0%	0.032	2.8132709361772306	0.0345	2.8132709361772306	10.121052631578948	3846	2.1400106622155923	4066.020258209626
chr3	156140001	156165000	chr3	156140001	156545000	405000	25000	10.935802469135805	97.0%	0.041	2.80937969048452	0.043	2.8093796904845196	10.935802469135803	4429	2.825102657143903	5720.832880716403
chr13	24210001	24235000	chr13	23915001	24235000	320000	25000	11.903125	96.0%	0.0435	2.807090132265257	0.046	2.8070901322652575	11.903125	3809	3.1085015291442426	4973.602446630788
chr1	182380001	182405000	chr1	182080001	182405000	325000	25000	12.196923076923076	96.0%	0.052	2.806527191167448	0.058	2.8065271911674476	12.196923076923078	3964	2.7995022416333795	4549.191142654242
chr8	29305001	29325000	chr8	28710001	29325000	615000	20000	6.658536585365853	95.0%	0.027	2.8062344330812894	0.03	2.8062344330812894	6.658536585365853	3276	1.976951130502293	3890.6398248285127
chr17	7860001	7880000	chr17	7860001	8060000	200000	20000	18.325	95.0%	0.025	2.804977521011687	0.027999999999999997	2.804977521011687	18.325	2932	2.3700116544285015	1516.807458834241
chr5	13975001	13995000	chr5	13975001	14400000	425000	20000	8.897058823529411	98.0%	0.035	2.8033551758298114	0.036	2.8033551758298114	8.897058823529411	3025	2.379201866898658	3235.714538982175
chr21	35045001	35065000	chr21	35045001	35405000	360000	20000	9.947916666666666	96.0%	0.0705	2.7957385712261447	0.075	2.7957385712261447	9.947916666666666	2865	3.3284432205749535	3834.3665901023464
chr1	64130001	64150000	chr1	63630001	64150000	520000	20000	9.475961538461538	96.0%	0.039	2.790469605075426	0.040999999999999995	2.790469605075426	9.475961538461538	3942	3.741007392876848	6225.036301747075
chr18	74325001	74350000	chr18	74035001	74350000	315000	25000	13.095238095238097	95.0%	0.032	2.788298660514732	0.035	2.788298660514732	13.095238095238095	4125	2.1977485982374265	3461.454042223947
chr6	47290001	47315000	chr6	47080001	47315000	235000	25000	17.080851063829787	95.0%	0.019	2.7881659985839344	0.021	2.7881659985839344	17.080851063829787	4014	2.4640473642055984	2895.2556529415783
chr6	55050001	55075000	chr6	54690001	55075000	385000	25000	11.233766233766234	96.0%	0.029	2.7798078193480324	0.03	2.7798078193480324	11.233766233766234	4325	2.6362217569622617	5074.726882152354
chr1	109770001	109790000	chr1	109770001	110020000	250000	20000	14.01	95.0%	0.0485	2.778619712659834	0.051500000000000004	2.778619712659834	14.01	2802	2.7106125008875024	2168.490000710002
chr13	100225001	100245000	chr13	99895001	100245000	350000	20000	11.532142857142857	96.0%	0.031	2.7765765911375966	0.035	2.7765765911375966	11.532142857142857	3229	2.960184361148995	3315.4064844868744
chr7	130005001	130030000	chr7	129360001	130030000	670000	25000	5.950746268656717	96.0%	0.025	2.772205075402266	0.025500000000000002	2.772205075402266	5.950746268656716	3987	2.06908833432112	6931.445919975751
chr12	95520001	95540000	chr12	95000001	95540000	540000	20000	8.386574074074074	95.0%	0.027	2.7720783155458686	0.028	2.7720783155458686	8.386574074074074	3623	2.7065603251328665	4676.936241829593
chr7	71715001	71735000	chr7	70815001	71735000	920000	20000	4.7228260869565215	95.0%	0.033	2.771731316995966	0.0325	2.771731316995966	4.7228260869565215	3476	3.3468929720552625	9853.252909730692
chr3	111705001	111730000	chr3	111705001	112045000	340000	25000	12.76470588235294	96.0%	0.017	2.770628968397068	0.018000000000000002	2.770628968397068	12.764705882352942	4340	2.832708080177289	4815.603736301391
chr10	24495001	24515000	chr10	24335001	24515000	180000	20000	20.375	99.0%	0.016	2.770605261501524	0.0175	2.770605261501524	20.375	2934	2.1683042790700324	1248.9432647443386
chr9	985001	1015000	chr9	340001	1015000	675000	30000	6.125925925925926	95.0%	0.049	2.76881755856345	0.05	2.76881755856345	6.125925925925926	4962	2.1199728489732528	10303.068046010008
chr4	174345001	174365000	chr4	174345001	174815000	470000	20000	10.86968085106383	95.0%	0.01	2.7668177968940766	0.01	2.7668177968940766	10.86968085106383	4087	3.3944132666346922	5105.197553018577
chr17	68745001	68770000	chr17	68160001	68770000	610000	25000	6.49672131147541	95.0%	0.039	2.7503769914379643	0.041999999999999996	2.7503769914379643	6.49672131147541	3963	2.415251189433186	7366.516127771218
chr14	64655001	64675000	chr14	64655001	64925000	270000	20000	13.12037037037037	95.0%	0.028	2.7503136520718887	0.0305	2.7503136520718887	13.12037037037037	2834	2.283415228614061	1972.8707575225487
chr20	50440001	50465000	chr20	50175001	50465000	290000	25000	12.010344827586206	95.0%	0.0305	2.747743270176681	0.0325	2.747743270176681	12.010344827586207	3483	2.416523005472604	3503.9583579352757
chr3	127945001	127975000	chr3	127565001	127975000	410000	30000	11.254065040650408	95.0%	0.0175	2.7441833069500814	0.019	2.7441833069500814	11.254065040650406	5537	2.204650356478727	6508.127852325202
chr10	6385001	6405000	chr10	6105001	6405000	300000	20000	12.957627118644067	96.0%	0.0125	2.7424773908823514	0.013	2.7424773908823514	12.741666666666667	3058	2.2918456430929894	2200.17181736927
chr9	18240001	18265000	chr9	18240001	19035000	795000	25000	5.879245283018868	95.0%	0.061	2.7385707075942607	0.067	2.7385707075942607	5.879245283018868	4674	3.681626889072947	14634.466884064965
chr7	92605001	92625000	chr7	92605001	93065000	460000	20000	10.067934782608695	96.0%	0.033	2.735738330925197	0.036	2.7357383309251975	10.067934782608695	3705	2.776486668491476	4086.988376019453
chr20	340001	360000	chr20	340001	490000	150000	20000	19.8	97.0%	0.003	2.735667468552075	0.003	2.735667468552075	19.8	2376	1.978432032984469	949.6473758325451
chr17	65280001	65305000	chr17	65280001	65460000	180000	25000	18.06111111111111	98.0%	0.0175	2.711755911131733	0.018000000000000002	2.711755911131733	18.06111111111111	3251	2.42238706151285	2180.148355361565
chr13	44420001	44440000	chr13	44075001	44440000	365000	20000	10.955479452054794	97.0%	0.028	2.711050890505039	0.03	2.711050890505039	10.955479452054794	3199	2.7362435672109253	3195.932486502361
chr3	69655001	69680000	chr3	69110001	69680000	570000	25000	7.296491228070176	95.0%	0.0405	2.7101984518008857	0.041499999999999995	2.7101984518008857	7.296491228070176	4159	2.311418928823166	6587.543947146023
chr7	108130001	108160000	chr7	107120001	108160000	1040000	30000	4.986378205128205	96.0%	0.0195	2.707984507140572	0.0195	2.707984507140572	4.986378205128205	6223	2.502176172473347	18736.295179480425
chr2	26735001	26755000	chr2	26505001	26755000	250000	20000	15.66	95.0%	0.018	2.706698877581517	0.0205	2.706698877581517	15.66	3132	1.934112085981871	1547.2896687854968
chr6	44065001	44085000	chr6	43665001	44085000	420000	20000	8.943452380952381	95.0%	0.0144999999999999	2.700179507411789	0.016	2.700179507411789	8.943452380952381	3005	2.4493891520293474	3291.979020327443
chr12	110585001	110610000	chr12	110430001	110610000	180000	25000	18.83888888888889	95.0%	0.003	2.697766843943489	0.0035	2.6977668439434894	18.83888888888889	3391	1.8766857905060275	1689.0172114554248
chr1	224320001	224340000	chr1	224110001	224340000	230000	20000	16.5	95.0%	0.035	2.688302565211947	0.0385	2.688302565211947	16.5	3036	2.7646692709146943	2034.796583393215
chr9	124540001	124560000	chr9	124540001	124765000	225000	20000	17.57777777777778	97.0%	0.027	2.680897823964481	0.031	2.680897823964481	17.57777777777778	3164	2.7029442800913146	1946.1198816657466
chr20	5540001	5570000	chr20	5540001	6040000	500000	30000	8.788333333333332	96.0%	0.0365	2.680039012729899	0.037000000000000005	2.680039012729899	8.788333333333334	5273	3.064833769712597	11033.401570965349
chr12	15835001	15865000	chr12	15535001	15865000	330000	30000	14.16161616161616	96.0%	0.0905	2.666665423230353	0.0955	2.6666654232303535	14.16161616161616	5608	3.08167014086121	7322.048254686236
chrX	13475001	13495000	chrX	12910001	13495000	585000	20000	3.938034188034188	95.0%	0.069	2.653517675027898	0.069	2.653517675027898	3.9380341880341883	1843	3.440172510089971	6440.002938888426
chr8	27845001	27865000	chr8	27845001	28150000	305000	20000	11.663934426229508	98.0%	0.03	2.6524472785170934	0.034	2.6524472785170934	11.663934426229508	2846	2.0795077977259533	2029.5996105805305
chr7	12060001	12080000	chr7	12060001	12495000	435000	20000	10.841954022988508	97.0%	0.05	2.6459046045324306	0.052	2.6459046045324306	10.841954022988507	3773	3.0037740756588627	4181.253513317137
chr8	98015001	98040000	chr8	97670001	98040000	370000	25000	11.835135135135136	95.0%	0.024	2.64466925753057	0.026	2.64466925753057	11.835135135135134	4379	2.33161405301478	4313.4859980773435
chr11	121650001	121670000	chr11	121650001	122520000	870000	20000	5.602011494252873	95.0%	0.0955	2.6307523346475725	0.10200000000000001	2.6307523346475725	5.602011494252873	3899	3.8331555725727546	10671.50511404255
chr19	2950001	2970000	chr19	2950001	3170000	220000	20000	12.267045454545457	95.0%	0.029	2.6307258405611584	0.029	2.6307258405611584	12.267045454545455	2159	2.1557066054947587	1517.6174502683102
chr1	160940001	160960000	chr1	160705001	160960000	255000	20000	14.43627450980392	96.0%	0.025	2.6302323665658136	0.027	2.6302323665658136	14.436274509803921	2945	2.4661960886122376	2012.4160083075858
chr11	6015001	6035000	chr11	6015001	6355000	340000	20000	17.470588235294116	97.0%	0.0419999999999999	2.627252411462468	0.045	2.6272524114624676	17.470588235294116	4752	3.252102892320003	3538.2879468441633
chr8	80975001	80990000	chr8	80605001	80990000	385000	15000	11.441558441558442	97.0%	0.023	2.622790723169091	0.024	2.622790723169091	11.441558441558442	2643	2.780968108945174	1927.2108994990056
chr20	58860001	58880000	chr20	58860001	59490000	630000	20000	6.154761904761905	97.0%	0.0595	2.617841347320886	0.062	2.617841347320886	6.154761904761905	3102	2.8258825716726044	5696.979264491971
chr15	75300001	75325000	chr15	74850001	75325000	475000	25000	6.381052631578948	96.0%	0.052	2.616495694774811	0.056	2.616495694774811	6.381052631578948	3031	1.6153902766862045	3836.551907129736
chr4	39455001	39480000	chr4	39455001	39985000	530000	25000	8.09433962264151	97.0%	0.034	2.6159333569619	0.036	2.6159333569618997	8.09433962264151	4290	2.2320092487549408	5914.824509200594
chr5	149095001	149125000	chr5	148740001	149125000	385000	30000	11.694805194805197	95.0%	0.025	2.6077448027592074	0.026	2.6077448027592074	11.694805194805195	5403	2.1320703252798956	5910.098941675871
chr3	42085001	42110000	chr3	41880001	42110000	230000	25000	16.008695652173913	95.0%	0.0345	2.605739142099547	0.038	2.605739142099547	16.008695652173913	3682	2.018180715535517	2320.9078228658445
chr12	30840001	30865000	chr12	30840001	31285000	445000	25000	8.438202247191011	98.0%	0.019	2.605491574473805	0.02	2.605491574473805	8.438202247191011	3755	2.000986536428391	4452.195043553171
chr4	41275001	41295000	chr4	41275001	41900000	625000	20000	7.862	95.0%	0.053	2.587321976433544	0.059	2.5873219764335436	7.862	3931	2.9916235948710397	5983.247189742079
chr4	114385001	114405000	chr4	114385001	114815000	430000	20000	10.880813953488373	97.0%	0.061	2.584163495172035	0.0655	2.584163495172035	10.880813953488373	3743	3.013445423844559	4146.500903210113
chr21	28720001	28750000	chr21	28040001	28750000	710000	30000	6.188967136150235	97.0%	0.0834999999999999	2.5836429921193584	0.0835	2.5836429921193584	6.188967136150235	5273	3.8322976314660826	19590.705492054614
chr15	53800001	53820000	chr15	53800001	53980000	180000	20000	17.27777777777778	98.0%	0.033	2.582135770928813	0.035	2.582135770928813	17.27777777777778	2488	2.5513398617910954	1469.571760391671
chr7	55240001	55255000	chr7	54790001	55255000	465000	15000	9.232974910394264	97.0%	0.025	2.582016562437866	0.025	2.582016562437866	9.232974910394265	2576	2.4867863910157455	2081.440209280179
chr19	42780001	42800000	chr19	42780001	43100000	320000	20000	9.7109375	96.0%	0.035	2.578484658375069	0.035500000000000004	2.578484658375069	9.7109375	2486	2.3993786794834002	2456.963767791002
chr4	88190001	88210000	chr4	88020001	88210000	190000	20000	19.73684210526316	98.0%	0.0045	2.5737082137145006	0.006500000000000001	2.5737082137145006	19.736842105263158	3000	2.4140066304902565	1467.716031338076
chr13	44480001	44505000	chr13	44480001	44920000	440000	25000	9.64318181818182	96.0%	0.0485	2.55786127810254	0.0525	2.55786127810254	9.643181818181818	4243	2.8530816077400725	6276.779537028159
chr3	10750001	10780000	chr3	10750001	11060000	310000	30000	13.18279569892473	95.0%	0.0225	2.556624763523661	0.0235	2.556624763523661	13.182795698924732	4904	1.982855214092825	4425.732837855186
chr15	44205001	44225000	chr15	43865001	44225000	360000	20000	11.0625	96.0%	0.0285	2.554763703113159	0.0305	2.554763703113159	11.0625	3186	3.4583450933435107	3984.0135475317243
chr4	123390001	123410000	chr4	123390001	123615000	225000	20000	16.066666666666666	97.0%	0.027	2.545952020583301	0.031	2.545952020583301	16.066666666666666	2892	2.2086278633993324	1590.2120616475192
chr15	30655001	30680000	chr15	30655001	31150000	495000	25000	5.947474747474748	97.0%	0.039	2.5348345134349	0.042	2.5348345134349	5.947474747474748	2944	1.6762049481758379	4148.607246735199
chr17	18020001	18040000	chr17	17865001	18040000	175000	20000	18.15714285714286	96.0%	0.016	2.533970413397822	0.017	2.533970413397822	18.15714285714286	2542	2.187186719170025	1224.824562735214
chr11	65810001	65835000	chr11	65695001	65835000	140000	25000	24.664285714285715	98.0%	0.029	2.531631963689605	0.0315	2.531631963689605	24.664285714285715	3453	1.7641204190397575	1234.8842933278302
chr1	53860001	53885000	chr1	53860001	54100000	240000	25000	16.725	97.0%	0.022	2.529928694699687	0.024	2.529928694699687	16.725	4014	2.3051770190505065	2766.212422860608
chr13	49595001	49615000	chr13	49230001	49615000	385000	20000	9.457792207792208	95.0%	0.055	2.529052233973662	0.058	2.529052233973662	9.457792207792208	2913	2.545404161141954	3135.937926526887
chr14	58055001	58080000	chr14	57425001	58080000	655000	25000	6.622900763358778	96.0%	0.076	2.517018337782268	0.079	2.5170183377822677	6.622900763358778	4338	3.1105676083729996	10187.108917421574
chr11	12020001	12045000	chr11	11785001	12045000	260000	25000	15.919230769230769	97.0%	0.0225	2.5162877526074965	0.0235	2.5162877526074965	15.919230769230769	4139	1.9356634579726444	2516.3624953644376
chr8	120930001	120950000	chr8	120085001	120950000	865000	20000	5.690751445086705	97.0%	0.025	2.511950534384477	0.028	2.511950534384477	5.690751445086705	3938	2.949205276238584	8163.4002046284
chr12	54945001	54970000	chr12	54690001	54970000	280000	25000	14.91785714285714	98.0%	0.0275	2.511416812210153	0.029	2.5114168122101534	14.917857142857143	4177	2.991159855812939	4187.623798138115
chr4	186925001	186945000	chr4	186655001	186945000	290000	20000	12.163793103448276	97.0%	0.017	2.504316713097817	0.0175	2.5043167130978174	12.163793103448276	2822	2.0797783728972035	1930.0343300486047
chr18	59985001	60010000	chr18	59985001	60420000	435000	25000	8.595402298850574	95.0%	0.064	2.503667572374205	0.065	2.5036675723742046	8.595402298850574	3739	2.1898564229439	4762.937719902983
chr14	61820001	61840000	chr14	61275001	61840000	565000	20000	7.982300884955753	96.0%	0.033	2.496858850634698	0.033	2.496858850634698	7.982300884955753	3608	3.62392149336229	6552.05005999902
chr7	95905001	95925000	chr7	95905001	97185000	1280000	20000	4.109375	95.0%	0.073	2.496723825317229	0.0725	2.496723825317229	4.109375	4208	4.773962214256408	19554.149229594248
chr1	63675001	63700000	chr1	63675001	64125000	450000	25000	9.62	95.0%	0.035	2.496455813094659	0.037000000000000005	2.496455813094659	9.62	4329	2.462454730527052	5540.523143685867
chr1	110190001	110210000	chr1	110190001	110500000	310000	20000	10.935483870967742	96.0%	0.0295	2.496253872020227	0.032	2.496253872020227	10.935483870967742	2712	2.460462966823923	2440.7792630893314
chr2	38500001	38520000	chr2	38110001	38520000	410000	20000	16.789634146341463	96.0%	0.0225	2.4905892494778765	0.024	2.4905892494778765	16.789634146341463	5507	3.2078009324056507	4208.634823316213
chr7	81490001	81515000	chr7	81490001	82025000	535000	25000	8.809345794392524	98.0%	0.079	2.489553892438066	0.086	2.489553892438066	8.809345794392524	4713	3.390302792404801	9069.059969682843
chr6	13330001	13350000	chr6	13330001	13620000	290000	20000	13.426724137931034	95.0%	0.0255	2.48755253957833	0.0275	2.48755253957833	13.426724137931034	3115	2.1176399126210517	1965.169838912336
chr20	48600001	48625000	chr20	47655001	48625000	970000	25000	4.010309278350515	95.0%	0.0465	2.486589219696648	0.047	2.486589219696648	4.010309278350515	3890	2.9583269025080488	14347.885477164036
chr10	71295001	71320000	chr10	71295001	71815000	520000	25000	6.975	95.0%	0.0315	2.4827870766663844	0.034	2.4827870766663844	6.975	3627	2.0531294294466584	5338.1365165613115
chr9	96200001	96225000	chr9	95740001	96225000	485000	25000	7.952577319587628	95.0%	0.032	2.478121641353825	0.035	2.478121641353825	7.952577319587629	3857	2.320859520478179	5628.084337159584
chr10	21270001	21290000	chr10	21270001	21690000	420000	20000	8.717261904761905	95.0%	0.027	2.477309959865991	0.0305	2.477309959865991	8.717261904761905	2929	1.9210290626088349	2581.863060146274
chr11	129320001	129340000	chr11	128955001	129340000	385000	20000	11.493506493506494	96.0%	0.032	2.47607736196352	0.036	2.4760773619635197	11.493506493506494	3540	2.5797256855371735	3178.222044581798
chr8	86345001	86365000	chr8	86035001	86365000	330000	20000	11.984848484848484	99.0%	0.049	2.475351205029793	0.052500000000000005	2.475351205029793	11.984848484848484	3164	2.9874244429952004	3154.7202118029318
chr6	142380001	142405000	chr6	142145001	142405000	260000	25000	15.957692307692309	95.0%	0.0135	2.4698151769559296	0.015	2.4698151769559296	15.957692307692307	4149	2.5871717823358966	3363.3233170366657
chr22	18065001	18085000	chr22	17735001	18085000	350000	20000	9.3	95.0%	0.075	2.465570679283388	0.0805	2.465570679283388	9.3	2604	3.4804359327552707	3898.088244685903
chr16	32255001	32275000	chr16	32255001	32645000	390000	20000	6.474358974358975	95.0%	0.0775	2.465372782666712	0.0805	2.465372782666712	6.4743589743589745	2020	1.7764629768278757	2217.025795081189
chr20	34310001	34330000	chr20	34310001	34515000	205000	20000	17.323170731707318	97.0%	0.027	2.463492407317045	0.031	2.4634924073170446	17.323170731707318	2841	2.3269880240436356	1526.504143772625
chr16	86510001	86535000	chr16	86010001	86535000	525000	25000	6.43047619047619	97.0%	0.05	2.462795460137587	0.054	2.462795460137587	6.430476190476191	3376	2.976918545984263	7814.411183208691
chr5	14995001	15020000	chr5	14670001	15020000	350000	25000	11.731428571428571	96.0%	0.0325	2.462263145055303	0.035	2.462263145055303	11.731428571428571	4106	2.6762187914421283	4683.382885023724
chr1	235065001	235085000	chr1	234555001	235085000	530000	20000	7.334905660377358	97.0%	0.0275	2.461314125201973	0.027	2.461314125201973	7.334905660377358	3110	2.663114015771048	4516.641370747697
chr8	37705001	37740000	chr8	37150001	37740000	590000	35000	7.15859564164649	97.0%	0.04	2.4594096443290416	0.0415	2.4594096443290416	7.158595641646489	5913	2.4915068756086107	14405.892754768987
chr3	45195001	45215000	chr3	45025001	45215000	190000	20000	18.24342105263158	97.0%	0.0215	2.4554965626831065	0.024	2.4554965626831065	18.24342105263158	2773	2.2782409008243896	1385.1704677012287
chr14	90285001	90310000	chr14	90285001	90760000	475000	25000	8.383157894736843	98.0%	0.057	2.4543501091855693	0.06	2.4543501091855693	8.383157894736842	3982	2.448190511339563	5814.452464431462
chr18	48470001	48490000	chr18	48470001	48670000	200000	20000	17.725	97.0%	0.025	2.4513967572931974	0.027	2.4513967572931974	17.725	2836	2.3617538117472185	1511.52243951822
chr7	7095001	7115000	chr7	7095001	7425000	330000	20000	11.890151515151516	97.0%	0.0315	2.4472382557708525	0.034	2.4472382557708525	11.890151515151516	3139	2.4081027041797523	2542.9564556138184
chr15	97720001	97755000	chr15	97210001	97755000	545000	35000	8.35386631716907	95.0%	0.099	2.4429823664992547	0.108	2.4429823664992547	8.35386631716907	6374	3.4185761427856027	18258.615178617903
chr12	105360001	105390000	chr12	105045001	105390000	345000	30000	11.79951690821256	97.0%	0.034	2.4386190896920485	0.037	2.4386190896920485	11.79951690821256	4885	1.9389340555250911	4816.3121939243265
chr9	97595001	97615000	chr9	97385001	97615000	230000	20000	15.923913043478262	96.0%	0.028	2.4384158838581005	0.0305	2.4384158838581005	15.923913043478262	2930	2.3909101871943883	1759.7098977750697
chr8	61085001	61105000	chr8	60555001	61105000	550000	20000	8.00909090909091	97.0%	0.061	2.436520755086825	0.0665	2.436520755086825	8.00909090909091	3524	2.717958796701094	4783.6074821939255
chr3	70345001	70365000	chr3	70060001	70365000	305000	20000	13.75	95.0%	0.032	2.4363479825945578	0.034	2.4363479825945578	13.75	3355	2.758890652964864	2692.6772772937074
chr4	183245001	183270000	chr4	182930001	183270000	340000	25000	12.947058823529412	95.0%	0.0545	2.43258538597206	0.057999999999999996	2.43258538597206	12.947058823529412	4402	2.8815064637951915	4898.560988451825
chr6	127525001	127550000	chr6	127265001	127550000	285000	25000	15.47719298245614	95.0%	0.023	2.4320268582069238	0.025	2.4320268582069233	15.47719298245614	4411	2.1031859058674818	2997.0399158611617
chr4	76060001	76085000	chr4	75890001	76085000	195000	25000	21.471794871794877	97.0%	0.009	2.431745685603558	0.009	2.431745685603558	21.47179487179487	4187	2.1857320747370057	2131.0887728685807
chr18	34865001	34885000	chr18	34865001	35150000	285000	20000	14.403508771929824	95.0%	0.033	2.4316018184411194	0.037	2.4316018184411194	14.403508771929825	3284	2.228758418285632	2032.6276774764965
chr3	8090001	8115000	chr3	7300001	8115000	815000	25000	6.262576687116565	95.0%	0.056	2.429164847380462	0.059	2.429164847380462	6.262576687116565	5104	3.138972328470296	12791.312238516457
chr13	23855001	23875000	chr13	23660001	23875000	215000	20000	14.709302325581396	97.0%	0.024	2.4254727353028147	0.027	2.4254727353028147	14.709302325581396	2530	2.0761754330423323	1428.4086979331246
chr11	100565001	100590000	chr11	100565001	100995000	430000	25000	10.546511627906977	95.0%	0.0505	2.423962346557119	0.052000000000000005	2.423962346557119	10.546511627906977	4535	3.1645440792806845	6803.769770453472
chr3	196505001	196525000	chr3	196010001	196525000	515000	20000	8.754854368932039	95.0%	0.082	2.422262301810626	0.087	2.4222623018106266	8.754854368932039	3607	2.7074344303457534	4461.851941209801
chr8	108905001	108925000	chr8	108905001	109325000	420000	20000	10.892857142857142	97.0%	0.0485	2.4192394929812364	0.0535	2.4192394929812364	10.892857142857142	3660	3.1541559019027083	4239.18553215724
chr3	155310001	155330000	chr3	154765001	155330000	565000	20000	7.991150442477876	96.0%	0.023	2.415461099529002	0.024	2.415461099529002	7.991150442477876	3612	2.9651682401706623	5361.0241782285575
chr6	109175001	109200000	chr6	109175001	109535000	360000	25000	12.019444444444444	96.0%	0.0345	2.413959584535188	0.036500000000000005	2.413959584535188	12.019444444444444	4327	2.0935699784054598	3768.4259611298276
chr1	98455001	98475000	chr1	97805001	98475000	670000	20000	7.251865671641791	95.0%	0.0625	2.412458248147534	0.066	2.412458248147534	7.251865671641791	3887	3.904999647991585	8372.319245293958
chr18	22970001	22990000	chr18	22795001	22990000	195000	20000	18.403846153846157	98.0%	0.032	2.409057569786712	0.035	2.4090575697867114	18.403846153846153	2871	2.2957476786374067	1432.5465514697419
chr15	43625001	43650000	chr15	43335001	43650000	315000	25000	7.482539682539683	96.0%	0.035	2.4072843071166825	0.039	2.4072843071166825	7.482539682539683	2357	1.1929280912988516	1878.8617437956912
chr17	19510001	19530000	chr17	19510001	19740000	230000	20000	14.326086956521738	95.0%	0.027	2.406938828352525	0.028	2.406938828352525	14.326086956521738	2636	2.232696895514877	1643.2649150989496
chr3	122665001	122685000	chr3	122380001	122685000	305000	20000	12.34016393442623	98.0%	0.045	2.4024249219828424	0.049	2.4024249219828424	12.34016393442623	3011	2.3555330050611603	2299.0002129396926
chr5	163550001	163570000	chr5	163550001	164080000	530000	20000	7.783018867924528	96.0%	0.077	2.3947323594022274	0.07999999999999999	2.3947323594022274	7.783018867924528	3300	2.260241538885222	3833.3696499493362
chr2	134985001	135015000	chr2	134985001	135905000	920000	30000	5.386775362318841	96.0%	0.0795	2.3877598728868565	0.083	2.3877598728868565	5.386775362318841	5947	2.98150745262301	19749.505366174817
chr11	36250001	36270000	chr11	35470001	36270000	800000	20000	5.64375	97.0%	0.04	2.385903999559904	0.0435	2.3859039995599036	5.64375	3612	3.0228282401934385	7738.440294895203
chr1	169795001	169815000	chr1	169545001	169815000	270000	20000	14.648148148148149	98.0%	0.0289999999999999	2.382522753725849	0.0315	2.382522753725849	14.648148148148149	3164	2.8188507543437233	2435.487051752977
chr7	93800001	93825000	chr7	93800001	94315000	515000	25000	12.596116504854368	95.0%	0.033	2.3822305885978268	0.036	2.3822305885978268	12.596116504854368	6487	2.7456647801497263	7070.086808885545
chr7	86885001	86910000	chr7	86480001	86910000	430000	25000	10.204651162790698	96.0%	0.033	2.3797258131677927	0.035500000000000004	2.3797258131677927	10.204651162790698	4388	2.2374854224652143	4810.593658300211
chr2	186485001	186510000	chr2	186485001	186890000	405000	25000	12.4	95.0%	0.036	2.376039590235308	0.04	2.376039590235308	12.4	5022	2.2600782023231227	4576.658359704324
chr3	65775001	65795000	chr3	65775001	66200000	425000	20000	9.81470588235294	95.0%	0.027	2.374607574793108	0.029	2.374607574793108	9.814705882352941	3337	2.5089326099312577	3412.1483495065104
chr4	9095001	9125000	chr4	8940001	9125000	185000	30000	15.887387387387388	97.0%	0.005	2.3706739423063734	0.005	2.3706739423063734	15.887387387387387	3527	1.546777252523059	2060.3073003607146
chr1	100445001	100465000	chr1	99790001	100465000	675000	20000	6.714814814814815	98.0%	0.061	2.370436105395132	0.064	2.370436105395132	6.714814814814815	3626	3.5265059254308087	7617.252798930546
chr8	23675001	23695000	chr8	23455001	23695000	240000	20000	16.385416666666668	97.0%	0.0144999999999999	2.3671364321736084	0.0165	2.3671364321736084	16.385416666666668	3146	2.6262491663227308	2016.959359735857
chr1	200615001	200635000	chr1	200615001	200860000	245000	20000	16.4234693877551	98.0%	0.044	2.363056307672931	0.045	2.363056307672931	16.4234693877551	3219	3.024404475229907	2371.133108580247
chr4	16015001	16045000	chr4	16015001	16270000	255000	30000	15.983660130718954	96.0%	0.064	2.3604309635310194	0.07	2.3604309635310194	15.983660130718954	4891	2.3851768276348553	4379.184655537594
chr2	192150001	192170000	chr2	191600001	192170000	570000	20000	8.664473684210526	95.0%	0.034	2.3579692840219177	0.037	2.3579692840219177	8.664473684210526	3951	2.711824714614427	4946.368279456715
chr10	21985001	22010000	chr10	21985001	23080000	1095000	25000	4.302283105022831	95.0%	0.087	2.354982041189866	0.093	2.354982041189866	4.302283105022831	4711	4.080850605628143	22342.657065814084
chr7	139990001	140010000	chr7	139465001	140010000	545000	20000	7.747706422018348	95.0%	0.063	2.3543817420444264	0.067	2.3543817420444264	7.747706422018348	3378	2.9234124209926353	5098.431262211156
chr7	35980001	36005000	chr7	35980001	36325000	345000	25000	11.62608695652174	98.0%	0.065	2.3529315434003206	0.068	2.3529315434003206	11.626086956521739	4011	2.607568509984744	4498.055679723683
chr9	120750001	120770000	chr9	120750001	121070000	320000	20000	13.69921875	95.0%	0.0355	2.3519606183445	0.039	2.3519606183444997	13.69921875	3507	3.450485330306143	3533.2969782334903
chr2	237160001	237175000	chr2	237160001	237415000	255000	15000	16.516339869281044	98.0%	0.017	2.3512120013539954	0.018	2.3512120013539954	16.516339869281047	2527	2.8071545084897127	1288.4839193967782
chr11	74430001	74450000	chr11	74235001	74450000	215000	20000	18.098837209302324	96.0%	0.031	2.33940803860487	0.033	2.33940803860487	18.098837209302324	3113	1.9233659266663738	1323.2757575464652
chr5	146935001	146965000	chr5	146530001	146965000	435000	30000	11.266283524904216	96.0%	0.034	2.337648812203624	0.035	2.3376488122036236	11.266283524904214	5881	3.228306001566151	10111.054396905185
chr1	37670001	37690000	chr1	37440001	37690000	250000	20000	14.145	95.0%	0.0285	2.3337861554414467	0.0305	2.3337861554414467	14.145	2829	1.9016842457729768	1521.3473966183815
chr2	199980001	200000000	chr2	199980001	200515000	535000	20000	9.785046728971963	97.0%	0.037	2.3323574917682195	0.04	2.3323574917682195	9.785046728971963	4188	3.076553138455512	5267.058973035837
chr5	36400001	36430000	chr5	36400001	36695000	295000	30000	13.94915254237288	97.0%	0.027	2.331628807914385	0.03	2.331628807914385	13.94915254237288	4938	2.3133363574280703	4913.526423177222
chr2	182630001	182660000	chr2	182155001	182660000	505000	30000	9.714521452145217	96.0%	0.078	2.3296081649435574	0.08	2.3296081649435574	9.714521452145215	5887	2.9212783670309044	10621.768142524368
chr7	22540001	22560000	chr7	22540001	23025000	485000	20000	8.70360824742268	95.0%	0.023	2.329250292875117	0.024	2.3292502928751175	8.70360824742268	3377	2.4884043671734197	3862.0035778531474
chr7	143225001	143245000	chr7	143225001	143425000	200000	20000	18.7875	97.0%	0.0075	2.3263174277361798	0.0085	2.3263174277361793	18.7875	3006	1.9568743606093624	1252.3995907899919
chr6	113980001	114000000	chr6	113980001	114315000	335000	20000	12.10820895522388	98.0%	0.027	2.3185234342269263	0.028	2.3185234342269263	12.10820895522388	3245	2.301456872572398	2467.1617673976107
chr19	38230001	38245000	chr19	38230001	38405000	175000	15000	16.504761904761903	96.0%	0.018	2.3137535944170744	0.019	2.3137535944170744	16.504761904761907	1733	2.4525691416349837	772.5592796150198
chr3	30030001	30050000	chr3	30030001	30745000	715000	20000	7.04020979020979	95.0%	0.036	2.3133386559264086	0.039	2.3133386559264086	7.04020979020979	4027	3.2902284363089134	7528.042662274794
chr9	92780001	92800000	chr9	92575001	92800000	225000	20000	15.3	95.0%	0.06	2.312906734736872	0.063	2.3129067347368717	15.3	2754	1.7761522594213122	1278.8296267833448
chr6	135415001	135430000	chr6	135005001	135430000	425000	15000	10.44313725490196	95.0%	0.077	2.3102369440370785	0.081	2.3102369440370785	10.443137254901961	2663	2.6529275470439098	2029.489573488591
chr13	34065001	34085000	chr13	33790001	34085000	295000	20000	12.73728813559322	95.0%	0.044	2.3053596220080808	0.045	2.3053596220080808	12.73728813559322	3006	2.5566017272048733	2413.4320304814005
chr8	89970001	89990000	chr8	89720001	89990000	270000	20000	14.63888888888889	96.0%	0.0289999999999999	2.302440143347141	0.031	2.302440143347141	14.63888888888889	3162	2.389223462192013	2064.2890713338993
chr4	87825001	87845000	chr4	87265001	87845000	580000	20000	8.355603448275861	95.0%	0.022	2.301602392022826	0.0235	2.301602392022826	8.355603448275861	3877	2.3341945611038257	4332.265105408701
chr14	75305001	75325000	chr14	75305001	75560000	255000	20000	14.31372549019608	95.0%	0.032	2.299405318615857	0.036	2.299405318615857	14.313725490196079	2920	2.6149065900202797	2133.7637774565483
chr9	69955001	69985000	chr9	69955001	70280000	325000	30000	13.04102564102564	96.0%	0.058	2.298859466891076	0.06	2.2988594668910753	13.04102564102564	5086	2.579636599316995	6036.3496424017685
chr2	134105001	134130000	chr2	134105001	134495000	390000	25000	9.543589743589743	98.0%	0.0205	2.298491620184574	0.021	2.298491620184574	9.543589743589743	3722	1.8648447421154173	3636.4472471250638
chr1	179355001	179375000	chr1	179055001	179375000	320000	20000	11.1328125	96.0%	0.022	2.2977660159939592	0.024	2.2977660159939592	11.1328125	2850	2.3817389834905653	2438.900719094339
chr7	82025001	82050000	chr7	82025001	82635000	610000	25000	7.224590163934427	95.0%	0.0665	2.296979030316476	0.0695	2.296979030316476	7.224590163934426	4407	2.836468631719294	8651.229326743847
chr2	231400001	231435000	chr2	230820001	231435000	615000	35000	7.185830429732869	95.0%	0.018	2.296433967077339	0.018	2.296433967077339	7.185830429732869	6187	1.6724683139317682	10079.966528066767
chr21	38330001	38355000	chr21	38145001	38355000	210000	25000	17.41904761904762	95.0%	0.0325	2.2882877402285065	0.034	2.2882877402285065	17.419047619047618	3658	3.5522351375943626	3729.8468944740807
chr18	41360001	41390000	chr18	40855001	41390000	535000	30000	8.121495327102805	97.0%	0.038	2.2871707617229364	0.043	2.2871707617229364	8.121495327102803	5214	2.348078182011555	9044.797157108509
chr7	142985001	143005000	chr7	142590001	143005000	415000	20000	10.36144578313253	96.0%	0.032	2.273376941123315	0.034	2.273376941123315	10.36144578313253	3440	2.1261115596648024	2823.4761512348578
chr2	62790001	62820000	chr2	62790001	63400000	610000	30000	10.688524590163937	96.0%	0.035	2.2730589132010435	0.036000000000000004	2.2730589132010435	10.688524590163935	7824	2.3718554652575174	10417.189203411017
chr15	79025001	79045000	chr15	79025001	79210000	185000	20000	18.16891891891892	96.0%	0.027	2.2689237653600745	0.031	2.2689237653600745	18.16891891891892	2689	2.7154779388348027	1607.5629397902032
chr22	39320001	39350000	chr22	39320001	39520000	200000	30000	15.504166666666668	96.0%	0.0455	2.2683637650808786	0.051000000000000004	2.2683637650808786	15.504166666666666	3721	2.1287174599780863	3065.353142368444
chr11	59790001	59810000	chr11	59525001	59810000	285000	20000	14.232456140350877	96.0%	0.021	2.264589894080522	0.023	2.264589894080522	14.232456140350877	3245	1.904804609114229	1737.1818035121769
chr14	96095001	96120000	chr14	96095001	96285000	190000	25000	18.3	95.0%	0.033	2.2615833778378	0.037	2.2615833778377996	18.3	3477	2.7236825866514374	2587.4984573188653
chr1	18590001	18610000	chr1	18590001	18880000	290000	20000	11.366379310344827	96.0%	0.034	2.260771708914786	0.035500000000000004	2.260771708914786	11.366379310344827	2637	2.0433883132171733	1896.2643546655368
chr5	14635001	14655000	chr5	14320001	14655000	335000	20000	11.014925373134329	96.0%	0.06	2.2599338195594645	0.065	2.2599338195594645	11.014925373134329	2952	2.225636495521624	2385.882323199181
chr1	45015001	45035000	chr1	45015001	45305000	290000	20000	13.83189655172414	96.0%	0.0715	2.255423643572883	0.0765	2.255423643572883	13.831896551724139	3209	2.90310236467548	2694.0789944188455
chr5	115565001	115585000	chr5	115195001	115585000	390000	20000	12.862179487179487	95.0%	0.0345	2.253166820120088	0.0385	2.253166820120088	12.862179487179487	4013	3.441863939564038	4295.446196575919
chr5	126345001	126365000	chr5	126345001	126650000	305000	20000	15.311475409836063	96.0%	0.026	2.2531098125607376	0.027	2.2531098125607376	15.311475409836065	3736	3.132970698501203	3057.779401737174
chr11	17050001	17070000	chr11	16780001	17070000	290000	20000	12.879310344827584	96.0%	0.03	2.2481426176192785	0.0315	2.2481426176192785	12.879310344827585	2988	2.1408007018559347	1986.6630513223076
chr10	113375001	113395000	chr10	112510001	113395000	885000	20000	5.47457627118644	97.0%	0.033	2.246382677102727	0.033	2.246382677102727	5.47457627118644	3876	3.0264236479749176	8570.831771064966
chr14	31335001	31360000	chr14	30880001	31360000	480000	25000	8.14375	95.0%	0.043	2.245460548919334	0.046	2.245460548919334	8.14375	3909	2.5753747882012137	6180.899491682912
chr20	40935001	40955000	chr20	40695001	40955000	260000	20000	13.04326923076923	98.0%	0.0255	2.2425310732579287	0.0265	2.2425310732579287	13.04326923076923	2713	2.344589953348358	1950.6988411858338
chr9	72275001	72295000	chr9	72275001	72820000	545000	20000	8.096330275229358	95.0%	0.036	2.238509637941569	0.04	2.2385096379415694	8.096330275229358	3530	4.009256512046191	6992.143357008557
chr1	248605001	248625000	chr1	248605001	248815000	210000	20000	15.946428571428571	95.0%	0.0215	2.233584102951564	0.0235	2.2335841029515637	15.946428571428571	2679	1.807904351411592	1214.9117241485899
chr2	46350001	46375000	chr2	46000001	46375000	375000	25000	16.789333333333335	99.0%	0.036	2.232128724251563	0.04	2.232128724251563	16.78933333333333	6296	3.2369839448679456	6069.344896627398
chr4	22685001	22705000	chr4	22320001	22705000	385000	20000	11.01948051948052	96.0%	0.034	2.223929895064166	0.036	2.223929895064166	11.019480519480519	3394	2.4388134313655527	3004.618147442361
chr18	58310001	58330000	chr18	58085001	58330000	245000	20000	13.301020408163266	97.0%	0.027	2.2229491685717964	0.03	2.2229491685717964	13.301020408163266	2607	1.9562576728336243	1533.7060155015615
chr1	8550001	8570000	chr1	8550001	8735000	185000	20000	20.405405405405407	98.0%	0.053	2.220613327235104	0.059	2.220613327235104	20.405405405405407	3020	2.7012199228196114	1599.12219430921
chr8	52720001	52740000	chr8	52720001	52970000	250000	20000	13.65	98.0%	0.0315	2.219101323853733	0.034	2.219101323853733	13.65	2730	1.9712859978677852	1577.0287982942282
chr2	11400001	11430000	chr2	11155001	11430000	275000	30000	15.566666666666668	97.0%	0.009	2.213313295027953	0.009	2.213313295027953	15.566666666666666	5137	2.113508646268938	4184.747119612497
chr17	28755001	28780000	chr17	28755001	28935000	180000	25000	20.372222222222224	95.0%	0.032	2.2092277697974576	0.036	2.2092277697974576	20.372222222222224	3667	2.1074160877595167	1896.674478983565
chr2	200685001	200705000	chr2	200480001	200705000	225000	20000	18.622222222222224	96.0%	0.032	2.203583642478361	0.035	2.203583642478361	18.622222222222224	3352	1.9739407568064513	1421.237344900645
chr7	16105001	16130000	chr7	16105001	16920000	815000	25000	6.58282208588957	96.0%	0.055	2.202579340770787	0.056	2.202579340770787	6.58282208588957	5365	3.371746701354695	13739.867808020383
chr12	9030001	9050000	chr12	8645001	9050000	405000	20000	10.145061728395062	95.0%	0.026	2.2008084789755182	0.028	2.2008084789755182	10.145061728395062	3287	2.2200246746088546	2877.1519782930754
chr8	38690001	38710000	chr8	38415001	38710000	295000	20000	13.932203389830509	95.0%	0.033	2.1973242124797783	0.037	2.1973242124797783	13.932203389830509	3288	2.2790598798719315	2151.4325265991033
chr12	64890001	64910000	chr12	64890001	65315000	425000	20000	11.032352941176471	95.0%	0.052	2.197294497202307	0.056	2.197294497202307	11.032352941176471	3751	2.7532526009900433	3744.423537346459
chr12	46650001	46675000	chr12	46115001	46675000	560000	25000	8.3625	97.0%	0.0435	2.1941642635201686	0.0455	2.1941642635201686	8.3625	4683	2.85749585028896	8000.988380809087
chr10	18200001	18220000	chr10	17840001	18220000	380000	20000	11.19078947368421	97.0%	0.028	2.191650132018583	0.03	2.191650132018583	11.19078947368421	3402	2.9785632805574283	3621.932949157833
chr9	27520001	27550000	chr9	27270001	27550000	280000	30000	13.901785714285715	97.0%	0.0685	2.1896849311559388	0.07200000000000001	2.1896849311559388	13.901785714285714	4671	2.8089884330429506	5662.920681014589
chr17	64125001	64145000	chr17	63900001	64145000	245000	20000	13.535714285714286	97.0%	0.033	2.18407935277936	0.034	2.18407935277936	13.535714285714286	2653	2.3670365219635663	1855.756633219436
chr3	69280001	69310000	chr3	69145001	69310000	165000	30000	25.075757575757574	96.0%	0.04	2.182517173691715	0.045	2.182517173691715	25.075757575757574	4965	2.2777327970132033	2705.9465628516855
chr17	67370001	67395000	chr17	67370001	67695000	325000	25000	10.615384615384617	95.0%	0.046	2.179951290031165	0.048	2.179951290031165	10.615384615384615	3450	2.299423161259515	3736.5626370467116
chr19	12970001	12990000	chr19	12970001	13100000	130000	20000	19.96153846153846	98.0%	0.0265	2.175419322066578	0.03	2.175419322066578	19.96153846153846	2076	2.3150410274407114	963.057067415336
chr7	123855001	123880000	chr7	123555001	123880000	325000	25000	13.436923076923076	95.0%	0.024	2.170894856053118	0.025	2.170894856053118	13.436923076923076	4367	2.284892255333253	3712.9499149165363
chr2	190775001	190795000	chr2	190775001	191035000	260000	20000	16.23076923076923	98.0%	0.0335	2.1697580698503383	0.037	2.1697580698503383	16.23076923076923	3376	2.4350124158312627	2025.9303299716105
chr13	92170001	92195000	chr13	92170001	92740000	570000	25000	7.210526315789474	95.0%	0.0355	2.16417790349806	0.037000000000000005	2.16417790349806	7.2105263157894735	4110	2.6673721659076963	7602.010672836935
chr22	30085001	30120000	chr22	30085001	30385000	300000	35000	11.911904761904765	96.0%	0.03	2.159297093717093	0.0325	2.159297093717093	11.911904761904761	5003	3.2451117719655533	9540.628609578727
chr1	163300001	163320000	chr1	162830001	163320000	490000	20000	8.91326530612245	95.0%	0.096	2.157472175636021	0.1005	2.157472175636021	8.91326530612245	3494	2.698202972076035	4230.782260215223
chr6	138790001	138815000	chr6	138790001	139350000	560000	25000	8.12857142857143	97.0%	0.035	2.157122767043945	0.037000000000000005	2.1571227670439455	8.128571428571428	4552	2.100078627831355	5880.2201579277935
chr7	39735001	39755000	chr7	39570001	39755000	185000	20000	18.905405405405407	98.0%	0.037	2.1498885614779266	0.041	2.1498885614779266	18.905405405405407	2798	2.4442038008587823	1446.968650108399
chr18	62115001	62140000	chr18	61540001	62140000	600000	25000	6.826666666666666	97.0%	0.0565	2.142850234786033	0.057	2.1428502347860334	6.826666666666667	4096	2.52606468554704	7578.1940566411195
chr1	219565001	219585000	chr1	219565001	219820000	255000	20000	13.848039215686274	95.0%	0.039	2.1425292516081527	0.042	2.1425292516081527	13.848039215686274	2825	2.407180949891577	1964.2596551115266
chr1	40395001	40415000	chr1	40135001	40415000	280000	20000	13.459821428571429	95.0%	0.0395	2.1404961239142373	0.0415	2.1404961239142373	13.459821428571429	3015	2.1066569697037587	1887.5646448545676
chr6	145015001	145035000	chr6	144565001	145035000	470000	20000	9.726063829787234	95.0%	0.052	2.133341757717905	0.054	2.1333417577179055	9.726063829787234	3657	2.777520416979329	4177.39070713691
chr13	43890001	43915000	chr13	43890001	44460000	570000	25000	7.677192982456139	95.0%	0.0805	2.1249712614681333	0.08	2.1249712614681333	7.67719298245614	4376	3.113780995444672	8874.275837017314
chr4	40290001	40315000	chr4	40065001	40315000	250000	25000	16.208000000000002	97.0%	0.03	2.1217034889297355	0.032	2.1217034889297355	16.208	4052	2.0518528456789165	2564.8160570986456
chr14	73490001	73520000	chr14	73490001	73695000	205000	30000	15.901709401709402	96.0%	0.027	2.115940360387796	0.028	2.1159403603877958	15.126016260162602	3721	1.7058924546353016	2517.897263041705
chr4	152625001	152645000	chr4	152395001	152645000	250000	20000	16.51	98.0%	0.0115	2.114133961472001	0.012	2.114133961472001	16.51	3302	2.216591805181038	1773.2734441448304
chr13	96955001	96980000	chr13	95630001	96980000	1350000	25000	3.756296296296296	95.0%	0.047	2.10277006332432	0.049	2.1027700633243196	3.7562962962962962	5071	3.296527021097697	22251.557392409457
chr10	93660001	93685000	chr10	93505001	93685000	180000	25000	21.577777777777776	96.0%	0.032	2.097457749989985	0.035	2.097457749989985	21.57777777777778	3884	2.0545100498433073	1849.0590448589764
chr4	48075001	48095000	chr4	47660001	48095000	435000	20000	9.741379310344827	96.0%	0.027	2.0956371209762485	0.027	2.0956371209762485	9.741379310344827	3390	1.9027568463410842	2648.637530106789
chr14	55410001	55430000	chr14	55200001	55430000	230000	20000	16.032608695652176	95.0%	0.0419999999999999	2.0925476315739746	0.0445	2.0925476315739746	16.032608695652176	2950	2.4013853449464877	1767.4196138806149
chr14	59425001	59445000	chr14	59025001	59445000	420000	20000	10.860119047619047	95.0%	0.033	2.0911364595652087	0.033	2.0911364595652087	10.860119047619047	3649	3.8799446528441917	5214.645613422594
chr12	27920001	27950000	chr12	27720001	27950000	230000	30000	17.275362318840582	95.0%	0.031	2.090572363493202	0.0315	2.090572363493202	17.27536231884058	4768	2.153167117673876	3565.644746867938
chr20	54210001	54230000	chr20	54210001	54660000	450000	20000	8.96111111111111	95.0%	0.0885	2.089106536051798	0.093	2.0891065360517986	8.96111111111111	3226	3.0892468517121965	4448.515466465563
chr13	33710001	33730000	chr13	33460001	33730000	270000	20000	13.35648148148148	97.0%	0.048	2.086911779145596	0.051000000000000004	2.0869117791455953	13.356481481481481	2885	2.182725518200503	1885.8748477252348
chr7	113155001	113190000	chr7	113155001	113630000	475000	35000	14.069172932330828	95.0%	0.024	2.086127595880587	0.024	2.086127595880587	14.069172932330828	9356	2.253112744564726	10488.2398259488
chr9	87310001	87330000	chr9	86410001	87330000	920000	20000	4.9103260869565215	98.0%	0.0645	2.085870986405562	0.0645	2.085870986405562	4.9103260869565215	3614	4.31146981393912	12692.96713223677
chr13	39600001	39625000	chr13	39040001	39625000	585000	25000	7.015384615384616	96.0%	0.051	2.083506402226269	0.052	2.0835064022262695	7.015384615384615	4104	2.94644708997237	8618.357738169183
chr14	67415001	67435000	chr14	67415001	67705000	290000	20000	11.948275862068966	96.0%	0.0305	2.082607416144584	0.0315	2.082607416144584	11.948275862068966	2772	2.169499319202788	2013.295368220187
chr19	32555001	32580000	chr19	32275001	32580000	305000	25000	10.481967213114752	95.0%	0.048	2.082462224121808	0.05	2.0824622241218074	10.481967213114753	3197	2.6337811410666623	4016.51624012666
chr7	138725001	138745000	chr7	138075001	138745000	670000	20000	6.277985074626866	96.0%	0.093	2.0817706696033507	0.0965	2.0817706696033507	6.277985074626866	3365	2.744339232378642	5883.863314219809
chr2	236170001	236195000	chr2	235770001	236195000	425000	25000	8.83529411764706	98.0%	0.054	2.077657729325984	0.058	2.077657729325984	8.83529411764706	3755	2.0593762466015906	4376.17452402838
chr15	52245001	52265000	chr15	52245001	52745000	500000	20000	7.8725	95.0%	0.0605	2.075271541638759	0.0645	2.075271541638759	7.8725	3149	3.527312258535781	5643.69961365725
chr9	113445001	113465000	chr9	113445001	113665000	220000	20000	16.09090909090909	95.0%	0.0255	2.070265212259363	0.028999999999999998	2.070265212259363	16.09090909090909	2832	2.9184808629299654	2054.6105275026957
chr1	175135001	175160000	chr1	175135001	175490000	355000	25000	11.11549295774648	95.0%	0.036	2.069322327519439	0.04	2.069322327519439	11.11549295774648	3946	2.456580844352384	4360.430998725482
chr8	25165001	25185000	chr8	25165001	25490000	325000	20000	9.946153846153846	96.0%	0.036	2.067263164812879	0.04	2.067263164812879	9.946153846153846	2586	2.011519832063279	2091.98062534581
chr4	84960001	84980000	chr4	84480001	84980000	500000	20000	7.885	95.0%	0.0279999999999999	2.065051675940844	0.0295	2.065051675940844	7.885	3154	2.4275683076412147	3884.109292225943
chr5	150545001	150570000	chr5	150545001	150850000	305000	25000	12.18360655737705	96.0%	0.027	2.0636978728058075	0.03	2.0636978728058075	12.183606557377049	3716	1.9277471570941802	2939.8144145686247
chr9	85250001	85270000	chr9	84670001	85270000	600000	20000	6.404166666666667	95.0%	0.0905	2.063683260473917	0.0935	2.063683260473917	6.404166666666667	3074	3.2019910798267324	6147.822873267326
chr4	119030001	119050000	chr4	119030001	119300000	270000	20000	17.305555555555557	97.0%	0.016	2.0589568395633027	0.0165	2.0589568395633027	17.305555555555557	3738	3.1348881019554913	2708.5433200895445
chr7	98145001	98180000	chr7	98010001	98180000	170000	35000	23.176470588235297	96.0%	0.073	2.0562396576275983	0.078	2.0562396576275983	23.176470588235293	5516	2.1387917147874407	3563.2269968358764
chr8	100145001	100165000	chr8	100145001	100510000	365000	20000	10.400684931506849	95.0%	0.032	2.0561677847687645	0.033	2.0561677847687645	10.400684931506849	3037	1.8629369368254274	2175.9103422120993
chr2	18360001	18380000	chr2	18135001	18380000	245000	20000	16.193877551020407	98.0%	0.029	2.0525584049388894	0.03	2.0525584049388894	16.193877551020407	3174	1.9368861069258214	1518.518707829844
chr3	37440001	37465000	chr3	37440001	37815000	375000	25000	11.272	96.0%	0.027	2.049112177818891	0.028	2.049112177818891	11.272	4227	2.498912131354663	4685.460246289993
chr2	20625001	20640000	chr2	20345001	20640000	295000	15000	12.909604519774012	95.0%	0.033	2.043963466677253	0.034	2.0439634666772535	12.909604519774012	2285	2.291155720431188	1216.6036875489608
chr4	103195001	103225000	chr4	103195001	103930000	735000	30000	6.327664399092971	96.0%	0.068	2.042401512094391	0.073	2.042401512094391	6.327664399092971	5581	2.625106553482869	13892.063881031343
chr6	144925001	144945000	chr6	144575001	144945000	370000	20000	12.219594594594597	96.0%	0.025	2.039096078813137	0.026	2.039096078813137	12.219594594594595	3617	2.7558695796547354	3262.949582311207
chr13	20490001	20510000	chr13	20490001	20855000	365000	20000	9.66095890410959	96.0%	0.078	2.03671131241816	0.08	2.0367113124181597	9.66095890410959	2821	2.507553464887667	2928.8224469887955
chr3	193020001	193045000	chr3	192815001	193045000	230000	25000	17.295652173913044	96.0%	0.0075	2.034000303307497	0.0085	2.034000303307497	17.295652173913044	3978	2.241606572741806	2577.8475586530767
chr2	45630001	45650000	chr2	45630001	46010000	380000	20000	14.894736842105264	96.0%	0.066	2.0330398912305108	0.07100000000000001	2.0330398912305108	14.894736842105264	4528	2.736159464008626	3327.169908234489
chr18	23400001	23425000	chr18	22800001	23425000	625000	25000	6.3984000000000005	95.0%	0.036	2.0305768164123874	0.038	2.0305768164123874	6.3984	3999	2.531597522434399	7911.242257607497
chr6	122710001	122730000	chr6	122480001	122730000	250000	20000	17.45	95.0%	0.022	2.0295119453892907	0.024	2.0295119453892907	17.45	3490	2.245587489196131	1796.469991356905
chr11	114250001	114270000	chr11	113800001	114270000	470000	20000	8.837765957446809	95.0%	0.044	2.026016527881165	0.0455	2.026016527881165	8.837765957446809	3323	2.609967488684084	3925.3911029808623
chr14	102685001	102720000	chr14	102685001	103095000	410000	35000	9.590592334494774	96.0%	0.0715	2.025753238844501	0.0765	2.0257532388445014	9.590592334494774	5505	1.9475649637011971	7825.31602415141
chr5	73585001	73605000	chr5	73585001	73900000	315000	20000	13.238095238095235	95.0%	0.084	2.0256521802098506	0.087	2.0256521802098506	13.238095238095237	3336	2.478673225768926	2498.5026115750775
chr18	3280001	3300000	chr18	3280001	3875000	595000	20000	7.682773109243698	95.0%	0.042	2.025593638343269	0.043	2.025593638343269	7.682773109243698	3657	2.9307470345411484	5580.142353766347
chr9	36990001	37010000	chr9	36990001	37455000	465000	20000	7.809139784946237	95.0%	0.054	2.025054357915427	0.06	2.025054357915427	7.809139784946237	2905	2.3253613024759474	3460.13761808421
chr6	148570001	148590000	chr6	148570001	149030000	460000	20000	10.173913043478262	97.0%	0.051	2.024463875256548	0.053500000000000006	2.024463875256548	10.173913043478262	3744	2.7960629632029534	4115.8046818347475
chr1	24810001	24840000	chr1	24540001	24840000	300000	30000	11.944444444444445	98.0%	0.0245	2.023664087010696	0.0265	2.023664087010696	11.944444444444445	4300	2.0927925105062637	4520.431822693529
chr12	8200001	8235000	chr12	7845001	8235000	390000	35000	12.256410256410255	96.0%	0.0255	2.0201444497539867	0.0275	2.0201444497539867	12.256410256410257	6692	1.403110199105206	5362.687180980097
chr5	168260001	168280000	chr5	168260001	168490000	230000	20000	15.043478260869565	98.0%	0.031	2.019905614168495	0.0345	2.019905614168495	15.043478260869565	2768	2.027897761491696	1492.5327524578884
chr8	66400001	66425000	chr8	66030001	66425000	395000	25000	10.627848101265824	98.0%	0.047	2.0172131737515184	0.052	2.0172131737515184	10.627848101265823	4198	2.208830440880944	4362.440120739864
chr3	120225001	120260000	chr3	120225001	120565000	340000	35000	12.470588235294118	95.0%	0.0725	2.0156622167167844	0.0755	2.0156622167167844	12.470588235294118	5936	2.0877416037938548	6956.355023841124
chr15	90065001	90080000	chr15	89905001	90080000	175000	15000	17.619047619047617	97.0%	0.053	2.0097697164845005	0.058	2.0097697164845005	17.61904761904762	1850	2.218288921620672	698.7610103105117
chr3	190210001	190230000	chr3	190210001	190435000	225000	20000	16.805555555555557	97.0%	0.03	2.008839269235215	0.033	2.008839269235215	16.805555555555557	3025	2.2016758351117547	1585.2066012804632
chr7	24810001	24830000	chr7	24810001	25105000	295000	20000	13.046610169491526	97.0%	0.035	2.0068753206548178	0.039	2.0068753206548178	13.046610169491526	3079	2.883153833932011	2721.6972192318185
chr10	73875001	73895000	chr10	73875001	74115000	240000	20000	14.666666666666666	95.0%	0.0345	2.006595037201375	0.038	2.006595037201375	14.666666666666666	2816	1.9760200132409491	1517.583370169049
chr4	189220001	189240000	chr4	189220001	189935000	715000	20000	7.197552447552448	95.0%	0.026	2.0050575162655946	0.029	2.0050575162655946	7.1975524475524475	4117	1.9800975084250758	4530.463099276573
chr7	141960001	141980000	chr7	141960001	142200000	240000	20000	14.234375	98.0%	0.074	2.004038073937266	0.08	2.004038073937266	14.234375	2733	2.267403254350015	1741.3656993408115
chr5	159145001	159165000	chr5	159145001	159455000	310000	20000	12.741935483870968	96.0%	0.026	2.0032735318180106	0.028999999999999998	2.0032735318180106	12.741935483870968	3160	1.9916959369080123	1975.7623694127483
chr3	159105001	159125000	chr3	158840001	159125000	285000	20000	14.614035087719298	95.0%	0.031	2.0029510088468867	0.033	2.0029510088468867	14.614035087719298	3332	2.072327277222605	1889.9624768270155
chr1	172435001	172460000	chr1	172435001	172680000	245000	25000	14.355102040816323	96.0%	0.036	2.002573923770095	0.038	2.002573923770095	14.355102040816327	3517	2.084464970254424	2553.4695885616693
chr9	121980001	122000000	chr9	121590001	122000000	410000	20000	9.310975609756095	95.0%	0.0515	2.001397828384273	0.054	2.001397828384273	9.310975609756097	3054	2.5027365376572397	3283.590337406298
chr11	44890001	44910000	chr11	44610001	44910000	300000	20000	12.15	95.0%	0.0195	1.9985120410733508	0.022	1.9985120410733508	12.15	2916	2.053597557373928	1971.4536550789708
chr12	117865001	117890000	chr12	117865001	118055000	190000	25000	18.54736842105263	96.0%	0.0365	1.9924998155426363	0.0405	1.9924998155426363	18.54736842105263	3524	1.9995771356538883	1899.5982788711938
chr16	87770001	87790000	chr16	87770001	87925000	155000	20000	19.016129032258064	97.0%	0.023	1.988005260844583	0.024	1.988005260844583	19.016129032258064	2358	2.1974172879218847	1089.918974809255
chr2	172700001	172715000	chr2	172465001	172715000	250000	15000	14.966666666666669	96.0%	0.023	1.9874319681876529	0.025500000000000002	1.9874319681876527	14.966666666666667	2245	2.166135016102491	974.760757246121
chr3	24250001	24270000	chr3	24250001	24690000	440000	20000	10.315340909090908	95.0%	0.093	1.9841295712632117	0.0985	1.9841295712632114	10.315340909090908	3631	2.8073754984157375	3952.7847017693584
chr3	36680001	36700000	chr3	35990001	36700000	710000	20000	7.25	95.0%	0.0165	1.983858671422333	0.0175	1.983858671422333	7.25	4118	2.6557559312227466	6033.877475738081
chr1	51170001	51190000	chr1	50735001	51190000	455000	20000	9.285714285714286	95.0%	0.033	1.98250460447692	0.034	1.9825046044769201	9.285714285714286	3380	2.7154035429736236	3953.627558569596
chr14	22360001	22385000	chr14	22115001	22385000	270000	25000	15.177777777777775	95.0%	0.0315	1.9807265618854304	0.0345	1.9807265618854306	15.177777777777777	4098	2.607935145517025	3520.712446447984
chr6	33230001	33250000	chr6	33100001	33250000	150000	20000	23.891666666666666	97.0%	0.0295	1.9786873545744543	0.0335	1.9786873545744543	23.891666666666666	2867	1.6384871883599852	786.4738504127929
chr15	35275001	35300000	chr15	35275001	35560000	285000	25000	11.817543859649124	96.0%	0.04	1.9767732645434384	0.043	1.9767732645434382	11.817543859649122	3368	2.6556182360955964	3784.2559864362247
chr11	33660001	33685000	chr11	33345001	33685000	340000	25000	12.794117647058822	95.0%	0.024	1.9707974798901189	0.025	1.9707974798901187	12.794117647058824	4350	2.238884154452101	3806.1030625685717
chr12	32910001	32930000	chr12	32750001	32930000	180000	20000	19.49305555555556	96.0%	0.0305	1.9704446619337617	0.0325	1.9704446619337619	19.493055555555557	2807	2.018732577985641	1162.7899649197293
chr2	165005001	165025000	chr2	165005001	165315000	310000	20000	13.830645161290322	97.0%	0.033	1.968294435661177	0.035	1.968294435661177	13.830645161290322	3430	2.4350908375173757	2415.6101108172365
chr8	133425001	133455000	chr8	133115001	133455000	340000	30000	12.348039215686276	95.0%	0.0395	1.9682077914942664	0.043	1.9682077914942662	12.348039215686274	5038	2.2182755920099306	5430.33864924031
chr5	142875001	142900000	chr5	142645001	142900000	255000	25000	16.615686274509805	95.0%	0.033	1.968102825226804	0.036	1.9681028252268036	16.615686274509805	4237	2.790139628436148	3557.4280262560887
chr11	124660001	124680000	chr11	124660001	124845000	185000	20000	20.24324324324324	97.0%	0.007	1.9654120641595565	0.008	1.9654120641595563	20.243243243243242	2996	2.368262242937953	1402.0112478192682
chr2	181695001	181720000	chr2	181060001	181720000	660000	25000	7.474242424242425	95.0%	0.06	1.9522636319354827	0.066	1.9522636319354827	7.474242424242425	4933	2.2351896518358707	7376.125851058374
chr10	99840001	99860000	chr10	99840001	100270000	430000	20000	10.046511627906977	95.0%	0.028	1.9512501771122	0.031	1.9512501771122002	10.046511627906977	3456	2.426931975071052	3339.4583976977674
chr7	94430001	94465000	chr7	94430001	95315000	885000	35000	5.623083131557707	96.0%	0.046	1.9462875326592488	0.046	1.9462875326592486	5.623083131557708	6967	3.1609156664964226	27414.621575523473
chr6	24685001	24705000	chr6	24485001	24705000	220000	20000	18.551136363636363	97.0%	0.0275	1.94440437489014	0.03	1.9444043748901396	18.551136363636363	3265	2.180601618865576	1535.1435396813654
chr2	64860001	64880000	chr2	64490001	64880000	390000	20000	15.977564102564102	98.0%	0.022	1.944367699035508	0.023	1.944367699035508	15.977564102564102	4985	3.9896385184983854	4979.068871085985
chr1	24385001	24405000	chr1	24080001	24405000	325000	20000	10.834615384615384	97.0%	0.038	1.9375993931870577	0.04	1.9375993931870579	10.834615384615384	2817	2.27956577511181	2370.7484061162827
chr1	224500001	224525000	chr1	224500001	224920000	420000	25000	9.826190476190476	97.0%	0.047	1.9333339492343848	0.05	1.9333339492343848	9.826190476190476	4127	2.485304869021464	5219.140224945074
chr17	18600001	18620000	chr17	18600001	18945000	345000	20000	5.456521739130435	97.0%	0.059	1.933135396959408	0.06	1.9331353969594076	5.456521739130435	1506	1.7737236895924604	1958.1909533100763
chr18	59055001	59080000	chr18	58395001	59080000	685000	25000	6.213138686131387	95.0%	0.099	1.9138500754013612	0.102	1.9138500754013614	6.213138686131387	4256	2.4624956574447654	8434.04762674832
chr5	154635001	154655000	chr5	154635001	155050000	415000	20000	8.63855421686747	95.0%	0.037	1.9118286416943304	0.039	1.9118286416943304	8.63855421686747	2868	2.104549096619818	2794.841200311118
chr11	12045001	12065000	chr11	12045001	12285000	240000	20000	16.302083333333332	97.0%	0.027	1.9112625578025275	0.031	1.9112625578025273	16.302083333333332	3130	2.5184918287097116	1934.2017244490585
chr15	80960001	80980000	chr15	80615001	80980000	365000	20000	9.702054794520548	95.0%	0.045	1.9085849947225395	0.047	1.9085849947225395	9.702054794520548	2833	2.4517973770477512	2863.6993363917736
chr11	129105001	129140000	chr11	129105001	129360000	255000	35000	16.42016806722689	95.0%	0.044	1.90750512208712	0.048	1.90750512208712	16.42016806722689	5862	2.4456941315205913	6111.789634669958
chr8	101285001	101310000	chr8	100565001	101310000	745000	25000	6.536912751677852	96.0%	0.031	1.906716570441988	0.032	1.9067165704419877	6.5369127516778525	4870	2.5819747324051185	9617.855878209066
chr7	47260001	47280000	chr7	47260001	47980000	720000	20000	6.112847222222222	96.0%	0.031	1.904214758571527	0.035	1.904214758571527	6.112847222222222	3521	2.3887633725917437	5503.710810451377
chr3	16030001	16055000	chr3	16030001	16255000	225000	25000	17.662222222222223	96.0%	0.032	1.903804865220394	0.036	1.903804865220394	17.662222222222223	3974	2.225651107680843	2503.8574961409486
chr13	100495001	100515000	chr13	100225001	100515000	290000	20000	14.08189655172414	97.0%	0.0265	1.903525032295324	0.028999999999999998	1.9035250322953239	14.081896551724139	3267	2.41497116176746	2241.093238120203
chr3	15100001	15120000	chr3	15100001	15415000	315000	20000	12.13095238095238	96.0%	0.027	1.8976142304424748	0.028	1.8976142304424748	12.130952380952381	3057	1.6692963850230533	1682.6507561032377
chr19	33775001	33800000	chr19	33775001	34150000	375000	25000	8.208	97.0%	0.051	1.897169047596186	0.054	1.897169047596186	8.208	3078	2.5691964663041316	4817.243374320246
chr15	70670001	70690000	chr15	70670001	71020000	350000	20000	10.496428571428572	95.0%	0.0725	1.8965925014098508	0.076	1.8965925014098508	10.496428571428572	2939	2.571387894790651	2879.954442165529
chr21	36005001	36030000	chr21	35840001	36030000	190000	25000	16.6	95.0%	0.0905	1.8965220481867613	0.098	1.8965220481867613	16.6	3154	1.997655044743295	1897.7722925061303
chr22	32515001	32535000	chr22	32515001	32830000	315000	20000	9.301587301587302	95.0%	0.087	1.895085441310806	0.091	1.895085441310806	9.301587301587302	2344	2.8878350122749845	2910.9376923731843
chr9	98840001	98865000	chr9	98840001	99150000	310000	25000	12.387096774193548	95.0%	0.041	1.891184208262672	0.0445	1.8911842082626718	12.387096774193548	3840	2.6602583889605205	4123.400502888807
chr9	91760001	91780000	chr9	91760001	92015000	255000	20000	13.980392156862743	95.0%	0.031	1.8911808396374523	0.034	1.8911808396374523	13.980392156862745	2852	2.121553239347909	1731.1874433078938
chr3	14455001	14475000	chr3	14175001	14475000	300000	20000	11.2375	96.0%	0.016	1.8881566756380463	0.0165	1.8881566756380466	11.2375	2697	1.8502267440682196	1776.2176743054908
chr2	85275001	85300000	chr2	84875001	85300000	425000	25000	10.362352941176471	95.0%	0.033	1.8863068170396085	0.035	1.8863068170396085	10.362352941176471	4404	2.108894043274252	4481.399841957786
chr5	59780001	59805000	chr5	59375001	59805000	430000	25000	9.97906976744186	96.0%	0.0325	1.880411832314531	0.036000000000000004	1.880411832314531	9.97906976744186	4291	2.2790399755950914	4899.935947529447
chr15	61860001	61880000	chr15	61860001	62320000	460000	20000	7.744565217391305	95.0%	0.0695	1.8788679593349968	0.07150000000000001	1.8788679593349966	7.744565217391305	2850	2.7430758890305422	4037.8077086529584
chr6	142150001	142170000	chr6	142150001	142475000	325000	20000	13.076923076923077	96.0%	0.027	1.8787783558847693	0.03	1.8787783558847693	13.076923076923077	3400	2.3752097361137925	2470.218125558344
chr6	99455001	99475000	chr6	99455001	99830000	375000	20000	10.53	97.0%	0.084	1.873060059339474	0.091	1.873060059339474	10.53	3159	2.1586958737848083	2590.43504854177
chr11	45105001	45130000	chr11	45105001	45335000	230000	25000	13.691304347826089	95.0%	0.0335	1.8721987445481116	0.035500000000000004	1.8721987445481114	13.691304347826087	3149	2.072295517489189	2383.1398451125674
chr10	86885001	86905000	chr10	86680001	86905000	225000	20000	16.95	98.0%	0.035	1.8706625065380396	0.038	1.8706625065380393	16.95	3051	2.205188564351879	1587.735766333353
chr3	87990001	88010000	chr3	87250001	88010000	760000	20000	6.027960526315789	95.0%	0.071	1.8681454529312729	0.0755	1.8681454529312729	6.027960526315789	3665	3.123397760016651	7596.103352360496
chr21	42095001	42120000	chr21	41780001	42120000	340000	25000	8.597058823529412	96.0%	0.0465	1.8680079063292607	0.048	1.8680079063292612	8.597058823529412	2923	2.1456609598230276	3647.623631699147
chr12	27290001	27310000	chr12	26845001	27310000	465000	20000	9.46236559139785	95.0%	0.064	1.867485795648924	0.068	1.8674857956489241	9.46236559139785	3520	2.31192256623025	3440.1407785506117
chr12	55605001	55625000	chr12	55075001	55625000	550000	20000	7.611363636363636	95.0%	0.0435	1.8661783645385883	0.047	1.8661783645385883	7.611363636363636	3349	2.7223222555669824	4791.287169797889
chr3	118870001	118900000	chr3	118870001	119120000	250000	30000	15.653333333333334	96.0%	0.0355	1.865383112150287	0.0375	1.865383112150287	15.653333333333334	4696	2.3855124519023128	4293.922413424163
chr12	84865001	84885000	chr12	84865001	85060000	195000	20000	17.371794871794872	97.0%	0.085	1.8630097705711544	0.094	1.8630097705711546	17.371794871794872	2710	2.364079909439859	1475.185863490472
chr8	118730001	118750000	chr8	118730001	119440000	710000	20000	7.019366197183099	95.0%	0.0495	1.8600341647157856	0.051000000000000004	1.8600341647157856	7.019366197183099	3987	2.922805576773726	6640.614270429905
chr10	11970001	11990000	chr10	11775001	11990000	215000	20000	17.441860465116278	96.0%	0.032	1.8591328031591692	0.034	1.8591328031591694	17.441860465116278	3000	2.303200207660254	1584.6017428702546
chr15	31105001	31130000	chr15	30845001	31130000	285000	25000	11.929824561403509	97.0%	0.051	1.8582619796648985	0.054	1.8582619796648985	11.929824561403509	3400	2.4598928276667853	3505.3472794251693
chr10	60415001	60435000	chr10	60105001	60435000	330000	20000	12.837121212121213	95.0%	0.037	1.8552000096607364	0.04	1.8552000096607364	12.837121212121213	3389	2.3278144621994943	2458.172072082666
chr1	27265001	27285000	chr1	27055001	27285000	230000	20000	16.391304347826086	96.0%	0.0485	1.854238272224834	0.052000000000000005	1.854238272224834	16.391304347826086	3016	2.145976717421633	1579.438864022322
chr1	117265001	117290000	chr1	117055001	117290000	235000	25000	15.33617021276596	95.0%	0.039	1.8541155017555735	0.039	1.8541155017555737	15.336170212765957	3604	2.2249593625130046	2614.3272509527806
chr20	25390001	25410000	chr20	25130001	25410000	280000	20000	10.6875	95.0%	0.031	1.8479803494093945	0.033	1.8479803494093943	10.6875	2394	1.815886477560619	1627.0342838943145
chr10	34670001	34685000	chr10	34670001	34990000	320000	15000	11.838541666666666	96.0%	0.0295	1.847596532051115	0.033	1.847596532051115	11.838541666666666	2273	2.2568840511377792	1299.9652134553608
chr7	127700001	127720000	chr7	127700001	128235000	535000	20000	8.768691588785046	95.0%	0.099	1.846078406178758	0.108	1.846078406178758	8.768691588785046	3753	2.6078850515787506	4464.699208302821
chr9	94770001	94790000	chr9	94770001	95130000	360000	20000	10.697916666666666	95.0%	0.044	1.8397823608420143	0.0475	1.8397823608420143	10.697916666666666	3081	3.23907190828445	3731.4108383436865
chr2	160085001	160105000	chr2	160085001	161075000	990000	20000	5.554292929292929	96.0%	0.081	1.8391490854909645	0.087	1.8391490854909645	5.554292929292929	4399	3.5371686988997713	11205.750438114475
chr1	174755001	174780000	chr1	174755001	175150000	395000	25000	10.09620253164557	97.0%	0.078	1.838812757613996	0.083	1.8388127576139957	10.09620253164557	3988	2.2498561267528006	4443.465850336781
chr9	19440001	19460000	chr9	19030001	19460000	430000	20000	9.76453488372093	95.0%	0.0475	1.8375842045534925	0.049	1.8375842045534923	9.76453488372093	3359	2.3953015644518683	3295.9349526857704
chr3	62860001	62885000	chr3	62860001	63195000	335000	25000	12.4	97.0%	0.034	1.836714241769441	0.038	1.8367142417694415	12.4	4154	2.4181719243440742	4050.437973276324
chr2	230785001	230805000	chr2	230605001	230805000	200000	20000	18.74375	95.0%	0.0155	1.836369452646761	0.017	1.836369452646761	18.74375	2999	1.7705734213439563	1133.166989660132
chr14	100635001	100655000	chr14	100375001	100655000	280000	20000	11.482142857142858	95.0%	0.077	1.8335601263045012	0.0805	1.8335601263045014	11.482142857142858	2572	2.4592710338608836	2203.506846339352
chr5	147180001	147205000	chr5	146630001	147205000	575000	25000	7.852173913043478	95.0%	0.076	1.831364171569531	0.077	1.831364171569531	7.852173913043479	4515	2.0938096574072707	6019.702765045903
chr18	6875001	6895000	chr18	6410001	6895000	485000	20000	8.61340206185567	95.0%	0.083	1.8288437129602133	0.087	1.8288437129602133	8.61340206185567	3342	3.037089231280205	4713.562486946878
chr6	42050001	42085000	chr6	42050001	42235000	185000	35000	19.28185328185328	95.0%	0.004	1.8250790522828133	0.004	1.8250790522828133	19.28185328185328	4994	1.6544534385015388	2999.5240840032898
chr4	102430001	102455000	chr4	102430001	103095000	665000	25000	7.157894736842105	96.0%	0.07	1.8219967588744324	0.072	1.8219967588744324	7.157894736842105	4760	2.711109625386448	9014.43950440994
chr20	11520001	11550000	chr20	10585001	11550000	965000	30000	4.796200345423143	95.0%	0.057	1.8211067269257428	0.057	1.8211067269257428	4.796200345423143	5554	2.8841170083572836	20038.844974066407
chr2	102580001	102615000	chr2	102420001	102615000	195000	35000	19.637362637362635	96.0%	0.014	1.815547585296004	0.015	1.8155475852960041	19.63736263736264	5361	1.824499033164269	3486.617652376918
chr3	17825001	17845000	chr3	17245001	17845000	600000	20000	7.722916666666666	95.0%	0.033	1.815533232213724	0.035	1.8155332322137239	7.722916666666666	3707	2.5791338440039997	4951.93698048768
chr16	67245001	67270000	chr16	67245001	67475000	230000	25000	14.943478260869565	95.0%	0.038	1.812606190479137	0.040999999999999995	1.812606190479137	14.943478260869565	3437	2.241383703729473	2577.5912592888935
chr14	62110001	62135000	chr14	61260001	62135000	875000	25000	5.093714285714286	95.0%	0.066	1.8118585465658628	0.065	1.8118585465658628	5.093714285714285	4457	2.4664517232053553	10790.726289023429
chr7	83400001	83420000	chr7	83400001	83870000	470000	20000	9.837765957446807	96.0%	0.047	1.8079271483305213	0.0495	1.8079271483305213	9.837765957446809	3699	2.9789734794287415	4480.376113060827
chr12	124750001	124770000	chr12	124295001	124770000	475000	20000	8.005263157894737	95.0%	0.029	1.8036932636796923	0.03	1.8036932636796923	8.005263157894737	3042	1.9367184183973862	2943.811995964027
chr7	51340001	51370000	chr7	51150001	51370000	220000	30000	17.1969696969697	98.0%	0.0155	1.8026156012719932	0.017	1.8026156012719934	17.196969696969695	4540	2.0147291702877808	3191.3310057358444
chr1	22625001	22655000	chr1	22080001	22655000	575000	30000	6.428985507246377	95.0%	0.049	1.7994247864256523	0.052	1.7994247864256523	6.428985507246376	4436	1.8992491095429482	7862.8913135078055
chr1	36275001	36300000	chr1	36090001	36300000	210000	25000	17.371428571428574	95.0%	0.0209999999999999	1.7987616432331948	0.0235	1.7987616432331948	17.37142857142857	3648	1.8551022696527795	1947.8573831354183
chr16	69380001	69400000	chr16	69380001	69760000	380000	20000	8.615131578947368	95.0%	0.035	1.7945481779356736	0.037	1.7945481779356736	8.615131578947368	2619	3.0162251205250508	3667.7297465584616
chr9	115880001	115900000	chr9	115880001	116395000	515000	20000	8.861650485436893	95.0%	0.048	1.7940117876404214	0.053	1.7940117876404214	8.861650485436893	3651	3.372706892171468	5558.220958298579
chr10	84250001	84270000	chr10	84250001	84445000	195000	20000	15.602564102564102	97.0%	0.015	1.793758753727307	0.016	1.793758753727307	15.602564102564102	2434	1.685157001815574	1051.537969132918
chr6	47405001	47425000	chr6	47405001	47785000	380000	20000	10.157894736842104	95.0%	0.044	1.793532730711274	0.0455	1.793532730711274	10.157894736842104	3088	2.0768315582188457	2525.427174794116
chr9	4745001	4775000	chr9	4745001	5235000	490000	30000	8.284013605442178	96.0%	0.0595	1.7926861775754062	0.0625	1.7926861775754062	8.284013605442176	4871	2.3760191908255033	8382.595705232376
chr1	161725001	161745000	chr1	161475001	161745000	270000	20000	12.791666666666666	95.0%	0.0205	1.7918332215383586	0.023	1.7918332215383586	12.791666666666666	2763	2.2053640952462357	1905.4345782927476
chr16	75370001	75390000	chr16	75195001	75390000	195000	20000	21.147435897435894	98.0%	0.021	1.7914538166140634	0.024	1.7914538166140634	21.147435897435898	3299	3.497818429753148	2182.638700165964
chr8	104750001	104770000	chr8	104455001	104770000	315000	20000	12.36904761904762	95.0%	0.032	1.789548318131449	0.034	1.789548318131449	12.369047619047619	3117	2.279814984838658	2298.0535047173676
chr1	58505001	58530000	chr1	58505001	58770000	265000	25000	14.996226415094338	96.0%	0.024	1.789257747617263	0.025	1.789257747617263	14.99622641509434	3974	2.479564553931959	3285.4230339598453
chr8	89605001	89625000	chr8	89040001	89625000	585000	20000	7.034188034188034	98.0%	0.063	1.788874838794312	0.064	1.788874838794312	7.034188034188034	3292	2.4686467729997448	4621.306759055522
chr10	58040001	58070000	chr10	57665001	58070000	405000	30000	11.129629629629628	97.0%	0.072	1.7851283041989234	0.077	1.7851283041989234	11.12962962962963	5409	2.710545360490729	7903.950271190966
chr1	185805001	185825000	chr1	185805001	186220000	415000	20000	10.710843373493976	96.0%	0.039	1.7828061152425403	0.041	1.7828061152425403	10.710843373493976	3556	3.3682360300382252	4473.017447890763
chr4	25435001	25460000	chr4	25435001	25800000	365000	25000	11.106849315068493	98.0%	0.072	1.7748253349837826	0.079	1.7748253349837826	11.106849315068493	4054	2.384769577697014	4352.204479297051
chr15	100855001	100875000	chr15	100615001	100875000	260000	20000	14.23076923076923	95.0%	0.0375	1.7743670818828767	0.040999999999999995	1.7743670818828767	14.23076923076923	2960	3.3840290866494365	2815.512200092331
chr7	135270001	135290000	chr7	135270001	135725000	455000	20000	8.637362637362637	97.0%	0.045	1.7718114859907566	0.047	1.7718114859907566	8.637362637362637	3144	2.0511157339440333	2986.424508622513
chr9	110605001	110625000	chr9	110170001	110625000	455000	20000	8.763736263736265	96.0%	0.032	1.7710883888663742	0.034	1.7710883888663742	8.763736263736265	3190	2.7133661306094945	3950.661086167424
chr18	62415001	62440000	chr18	62415001	62655000	240000	25000	15.608333333333334	95.0%	0.0335	1.765849804781916	0.037	1.765849804781916	15.608333333333333	3746	1.893190219268303	2271.8282631219636
chr12	20915001	20945000	chr12	20645001	20945000	300000	30000	19.508333333333333	95.0%	0.0385	1.7638439959413783	0.0395	1.7638439959413783	19.508333333333333	7023	2.0047816758743604	4330.328419888619
chr12	12015001	12035000	chr12	11550001	12035000	485000	20000	8.896907216494846	96.0%	0.082	1.7634231218485077	0.083	1.7634231218485075	8.896907216494846	3452	3.051620206530136	4736.114560534771
chr7	26045001	26065000	chr7	25880001	26065000	185000	20000	20.99324324324324	97.0%	0.055	1.7627837881326291	0.06	1.7627837881326291	20.993243243243242	3107	2.211543088788882	1309.233508563018
chr10	17590001	17615000	chr10	17590001	17905000	315000	25000	11.365079365079364	98.0%	0.035	1.756837340170685	0.035	1.756837340170685	11.365079365079366	3580	2.013451646671769	3171.1863435080363
chr1	230625001	230650000	chr1	230625001	230785000	160000	25000	22.64375	98.0%	0.031	1.754251583642177	0.034	1.754251583642177	22.64375	3623	2.3270985327539555	1861.6788262031644
chr3	186830001	186855000	chr3	186830001	187215000	385000	25000	11.0	98.0%	0.052	1.750830242778714	0.058	1.7508302427787141	11.0	4235	2.0834892780781598	4010.716860300458
chr3	148955001	148975000	chr3	148955001	149340000	385000	20000	11.795454545454543	95.0%	0.037	1.7469488031090572	0.04	1.7469488031090572	11.795454545454545	3633	2.0750528466914577	2556.465107123876
chr5	113590001	113610000	chr5	112980001	113610000	630000	20000	7.386904761904762	95.0%	0.0405	1.7454592024394746	0.040999999999999995	1.7454592024394746	7.386904761904762	3723	2.451010930902329	4941.238036699096
chr10	60095001	60120000	chr10	60095001	60310000	215000	25000	17.98139534883721	95.0%	0.031	1.7450357285518676	0.033	1.7450357285518676	17.98139534883721	3866	2.1913941711787444	2355.74873401715
chr10	63615001	63635000	chr10	63165001	63635000	470000	20000	8.367021276595745	95.0%	0.0565	1.7449539002346692	0.059000000000000004	1.7449539002346692	8.367021276595745	3146	2.700666941545276	4061.8030800840947
chr18	47735001	47755000	chr18	47045001	47755000	710000	20000	5.834507042253521	95.0%	0.0495	1.7431835493951349	0.054	1.7431835493951349	5.834507042253521	3314	2.936836902579152	6672.493442659833
chr15	68545001	68570000	chr15	68545001	68935000	390000	25000	9.064102564102564	98.0%	0.052	1.7418241124893077	0.0555	1.7418241124893075	9.064102564102564	3535	2.7594327935993084	5380.893947518652
chr1	214565001	214590000	chr1	214325001	214590000	265000	25000	17.554716981132074	98.0%	0.032	1.7410729865681709	0.032	1.7410729865681709	17.554716981132074	4652	3.242763222492087	4296.661269802015
chr1	113040001	113060000	chr1	112715001	113060000	345000	20000	11.021739130434783	95.0%	0.016	1.740524844194434	0.017	1.7405248441944339	11.021739130434783	3042	2.4538388708832946	2709.038113455157
chr15	51755001	51775000	chr15	51510001	51775000	265000	20000	15.278301886792454	95.0%	0.053	1.738869066811771	0.056	1.738869066811771	15.278301886792454	3239	2.6589800755334716	2254.815104052384
chr8	59205001	59225000	chr8	59205001	59925000	720000	20000	7.088541666666667	96.0%	0.0575	1.738282088073742	0.059	1.738282088073742	7.088541666666667	4083	2.775522538668165	6394.803929091451
chr10	89250001	89270000	chr10	89250001	89420000	170000	20000	20.28676470588235	99.0%	0.034	1.7373091968287186	0.038	1.7373091968287186	20.28676470588235	2759	2.25901442831535	1228.9038490035505
chr11	61375001	61395000	chr11	61125001	61395000	270000	20000	17.528301886792452	96.0%	0.037	1.7299666141726942	0.041499999999999995	1.7299666141726942	17.203703703703702	3716	1.4342067282661022	1239.1546132219123
chr4	147840001	147870000	chr4	147610001	147870000	260000	30000	16.506410256410255	97.0%	0.027	1.729123822253139	0.0295	1.7291238222531393	16.506410256410255	5150	2.130569973875084	3988.4269910941575
chr7	6305001	6330000	chr7	6110001	6330000	220000	25000	15.545454545454549	97.0%	0.0335	1.7281577780367552	0.036000000000000004	1.7281577780367552	15.545454545454545	3420	1.8381377602194044	2021.951536241345
chr13	79405001	79425000	chr13	79405001	79640000	235000	20000	17.175531914893618	96.0%	0.031	1.7280892275026103	0.035	1.7280892275026103	17.175531914893618	3229	2.681321846092674	2016.354028261691
chr3	69400001	69435000	chr3	69100001	69435000	335000	35000	12.422174840085288	96.0%	0.046	1.7274847825544384	0.049	1.7274847825544384	12.422174840085288	5826	1.9239471975664921	6316.318649610794
chr6	109060001	109080000	chr6	108770001	109080000	310000	20000	12.818548387096774	96.0%	0.039	1.7271673464882196	0.042499999999999996	1.7271673464882196	12.818548387096774	3179	1.8829143349747757	1867.8510202949774
chr8	61010001	61030000	chr8	60610001	61030000	420000	20000	10.547619047619047	96.0%	0.0285	1.7265661982862863	0.031	1.7265661982862863	10.547619047619047	3544	2.825060030370715	3796.8806808182408
chr3	42955001	42975000	chr3	42955001	43540000	585000	20000	7.373931623931623	96.0%	0.035	1.722241085329143	0.036	1.722241085329143	7.3739316239316235	3451	2.2456629912442314	4203.881119609201
chr10	93495001	93515000	chr10	92880001	93515000	635000	20000	6.425196850393701	96.0%	0.026	1.7208254327273294	0.027	1.7208254327273294	6.425196850393701	3264	2.3638911264890408	4803.426769025731
chr2	42495001	42515000	chr2	42495001	42785000	290000	20000	20.185344827586206	97.0%	0.0345	1.7198841331443009	0.0375	1.7198841331443009	20.185344827586206	4683	2.6481150382272687	2457.4507554749052
chr6	129590001	129610000	chr6	129590001	129940000	350000	20000	13.664285714285716	97.0%	0.049	1.717940000894575	0.052	1.717940000894575	13.664285714285715	3826	2.566587891302863	2874.5784382592065
chr1	88865001	88885000	chr1	88615001	88885000	270000	20000	14.51851851851852	95.0%	0.0355	1.7173768967185448	0.039	1.7173768967185448	14.518518518518519	3136	2.254310001488576	1947.7238412861298
chr4	56785001	56805000	chr4	56550001	56805000	255000	20000	14.455882352941176	97.0%	0.031	1.7156877159329087	0.033	1.7156877159329087	14.455882352941176	2949	2.035445595172218	1660.9236056605298
chr16	21800001	21825000	chr16	21800001	22190000	390000	25000	4.825641025641025	95.0%	0.0615	1.7112095805323435	0.064	1.7112095805323437	4.825641025641025	1882	1.1697859709246559	2281.082643303079
chr4	94570001	94605000	chr4	94305001	94605000	300000	35000	16.085714285714285	98.0%	0.063	1.7104967353796028	0.0665	1.7104967353796028	16.085714285714285	6756	2.521327771258648	7412.703647500424
chr1	8295001	8315000	chr1	7970001	8315000	345000	20000	12.41304347826087	97.0%	0.032	1.7025968516681258	0.033	1.7025968516681258	12.41304347826087	3426	3.273556015043696	3614.0058406082408
chr11	63470001	63495000	chr11	63470001	63745000	275000	25000	13.752727272727274	95.0%	0.031	1.701529078912836	0.034	1.701529078912836	13.752727272727272	3782	2.0111130187953936	2765.280400843666
chr7	137895001	137915000	chr7	137895001	138110000	215000	20000	17.46511627906977	96.0%	0.035	1.6945394973069046	0.039	1.6945394973069046	17.46511627906977	3004	2.1527902662445544	1481.1197031762536
chr4	20410001	20430000	chr4	20410001	20690000	280000	20000	13.348214285714286	96.0%	0.0435	1.6885125113496264	0.0465	1.6885125113496264	13.348214285714286	2990	2.4807785858802274	2222.777612948684
chr2	16470001	16495000	chr2	16185001	16495000	310000	25000	13.316129032258065	98.0%	0.0185	1.6830657085526357	0.02	1.6830657085526357	13.316129032258065	4128	1.8058802015648268	2799.1143124254813
chr17	40525001	40545000	chr17	40360001	40545000	185000	20000	19.22972972972973	98.0%	0.019	1.6824700868883462	0.022	1.6824700868883462	19.22972972972973	2846	2.6614817414624583	1575.5971909457753
chr8	42155001	42180000	chr8	42155001	42395000	240000	25000	15.829166666666666	96.0%	0.045	1.6808884194773146	0.0495	1.6808884194773146	15.829166666666667	3799	2.1305593913252863	2556.6712695903434
chr2	48085001	48105000	chr2	47760001	48105000	345000	20000	18.717391304347824	96.0%	0.042	1.6792123287499237	0.043	1.6792123287499237	18.717391304347824	5166	2.4638941024300856	2720.1390890828143
chr6	165845001	165870000	chr6	165395001	165870000	475000	25000	8.124210526315789	95.0%	0.032	1.676494555704474	0.034	1.6764945557044741	8.124210526315789	3859	2.036788818348621	4837.373443577974
chr17	19760001	19780000	chr17	19445001	19780000	335000	20000	10.50373134328358	95.0%	0.048	1.6757510826261648	0.053	1.6757510826261648	10.503731343283581	2815	2.858923115142598	3064.7655794328653
chr1	44585001	44605000	chr1	44165001	44605000	440000	20000	8.846590909090908	95.0%	0.025	1.669808811652421	0.0275	1.669808811652421	8.846590909090908	3114	2.508842982094293	3532.4509187887643
chr20	19680001	19705000	chr20	19680001	20025000	345000	25000	10.48695652173913	96.0%	0.031	1.6688356001636742	0.033	1.6688356001636742	10.486956521739131	3618	1.8754852122691235	3235.211991164238
chr2	54495001	54515000	chr2	54120001	54515000	395000	20000	15.167721518987342	97.0%	0.033	1.668612080155007	0.036	1.668612080155007	15.167721518987342	4793	2.1717407665152306	2745.0803288752513
chr19	2460001	2485000	chr19	2460001	2620000	160000	25000	16.2	97.0%	0.019	1.6678025472380402	0.0205	1.6678025472380402	16.2	2592	2.0977436699133745	1678.1949359306996
chr5	134290001	134315000	chr5	134290001	134750000	460000	25000	8.941304347826087	95.0%	0.0265	1.665510114946365	0.0295	1.665510114946365	8.941304347826087	4113	2.043481111149676	4700.006555644255
chr16	10710001	10730000	chr16	10505001	10730000	225000	20000	15.05	95.0%	0.05	1.664644420228801	0.054	1.6646444202288013	15.05	2709	2.4528018269262057	1766.0173153868682
chr15	100990001	101010000	chr15	100620001	101010000	390000	20000	9.657051282051285	95.0%	0.093	1.664103697696472	0.0955	1.664103697696472	9.657051282051283	3013	2.6756072505645534	3339.1578487045626
chr14	70610001	70630000	chr14	70610001	70900000	290000	20000	14.189655172413794	97.0%	0.036	1.6634868861780996	0.0385	1.6634868861780996	14.189655172413794	3292	2.806598077978491	2604.5230163640394
chr2	158885001	158910000	chr2	158885001	159335000	450000	25000	9.64	95.0%	0.0415	1.6595995929820924	0.043	1.6595995929820924	9.64	4338	1.9361959262135287	4356.4408339804395
chr5	114440001	114460000	chr5	113615001	114460000	845000	20000	6.28698224852071	95.0%	0.04	1.6564877415323669	0.041	1.6564877415323669	6.28698224852071	4250	3.3634760375443205	9094.839205519842
chr1	182070001	182095000	chr1	182070001	182455000	385000	25000	10.558441558441558	96.0%	0.033	1.6548288571518324	0.036	1.6548288571518324	10.558441558441558	4065	2.691202755874044	5180.565305057535
chr11	70175001	70195000	chr11	69755001	70195000	440000	20000	7.948863636363637	95.0%	0.0375	1.6540389553391226	0.040999999999999995	1.6540389553391226	7.948863636363637	2798	1.7538081655326208	2469.36189706993
chr8	27070001	27090000	chr8	26670001	27090000	420000	20000	10.5625	95.0%	0.072	1.651445893619453	0.0745	1.651445893619453	10.5625	3549	2.536715919371266	3409.3461956349815
chr10	60020001	60040000	chr10	59815001	60040000	225000	20000	17.333333333333332	98.0%	0.042	1.6505787777453107	0.046	1.6505787777453107	17.333333333333332	3120	2.436646345325737	1754.3853686345308
chr4	48565001	48585000	chr4	48565001	48970000	405000	20000	10.549382716049385	97.0%	0.037	1.6492104402429857	0.041	1.6492104402429857	10.549382716049383	3418	2.575209968703964	3337.472119440337
chr16	19495001	19520000	chr16	19145001	19520000	375000	25000	10.216	96.0%	0.047	1.6481156984138403	0.052	1.6481156984138403	10.216	3831	2.260446493261457	4238.337174865232
chr12	50495001	50515000	chr12	50495001	50780000	285000	20000	13.157894736842104	95.0%	0.028	1.6473260817166324	0.029	1.6473260817166324	13.157894736842104	3000	2.4179318806904977	2205.1538751897338
chr1	226810001	226830000	chr1	226620001	226830000	210000	20000	17.166666666666668	97.0%	0.0225	1.6438048432435757	0.0245	1.6438048432435757	17.166666666666668	2884	2.149911018416126	1444.7402043756365
chr15	40035001	40055000	chr15	40035001	40320000	285000	20000	11.87719298245614	96.0%	0.033	1.6428630648844145	0.034	1.6428630648844145	11.87719298245614	2708	2.5174647744420513	2295.9278742911506
chr11	100670001	100695000	chr11	100670001	100950000	280000	25000	14.946428571428571	96.0%	0.0245	1.6423558330499712	0.0265	1.6423558330499712	14.946428571428571	4185	2.747874569189475	3847.024396865265
chr10	89545001	89575000	chr10	89215001	89575000	360000	30000	11.671296296296296	95.0%	0.0419999999999999	1.641403688066076	0.045	1.641403688066076	11.671296296296296	5042	2.2799862089485137	5909.724253594547
chr2	217770001	217790000	chr2	217770001	218095000	325000	20000	11.069230769230767	95.0%	0.026	1.6406024171141187	0.029	1.6406024171141187	11.069230769230769	2878	1.7976813901424002	1869.5886457480963
chr2	62760001	62780000	chr2	61950001	62780000	830000	20000	8.381024096385541	96.0%	0.0925	1.6282073147409826	0.093	1.6282073147409826	8.381024096385541	5565	2.9506940003508086	7837.043264931748
chr14	64335001	64360000	chr14	64335001	64515000	180000	25000	18.755555555555556	98.0%	0.0824999999999999	1.6261533793914202	0.09	1.6261533793914202	18.755555555555556	3376	2.195690849362741	1976.121764426467
chr17	10825001	10855000	chr17	10730001	10855000	125000	30000	22.69333333333333	96.0%	0.035	1.613850625420798	0.035	1.613850625420798	22.69333333333333	3404	1.6494039402834748	1484.4635462551273
chr8	30655001	30680000	chr8	30655001	30870000	215000	25000	17.372093023255815	95.0%	0.027	1.6128234138068038	0.031	1.6128234138068038	17.372093023255815	3735	1.8288494169834892	1966.013123257251
chr1	204105001	204130000	chr1	203850001	204130000	280000	25000	13.646428571428572	96.0%	0.033	1.6093303012088462	0.036	1.6093303012088462	13.646428571428572	3821	2.4058429014439953	3368.180062021593
chr1	178270001	178295000	chr1	177975001	178295000	320000	25000	13.103125	96.0%	0.065	1.6068316284243571	0.07	1.6068316284243573	13.103125	4193	2.3573515403516905	3771.7624645627047
chr15	38800001	38825000	chr15	38800001	39615000	815000	25000	5.553374233128834	96.0%	0.085	1.6039085191767812	0.082	1.6039085191767812	5.553374233128834	4526	3.9237928471196173	15989.455852012441
chr7	107115001	107150000	chr7	106825001	107150000	325000	35000	12.604395604395604	96.0%	0.047	1.6036049673268669	0.049	1.6036049673268669	12.604395604395604	5735	1.971201149802096	6278.275662119676
chr7	16975001	17000000	chr7	16975001	17715000	740000	25000	6.743243243243244	97.0%	0.033	1.6035526306300862	0.0345	1.6035526306300862	6.743243243243243	4990	3.3051861683042776	12229.188822725828
chr12	71735001	71760000	chr12	71115001	71760000	645000	25000	6.8930232558139535	95.0%	0.034	1.6023320218811612	0.037	1.6023320218811612	6.8930232558139535	4446	2.0886353904116595	6735.849134077602
chr3	32120001	32150000	chr3	31660001	32150000	490000	30000	8.97108843537415	95.0%	0.0335	1.5969984170711145	0.035500000000000004	1.5969984170711145	8.97108843537415	5275	1.6693205059372063	5889.362744946464
chr5	145680001	145705000	chr5	145680001	146115000	435000	25000	9.871264367816092	96.0%	0.033	1.5950138512081284	0.034	1.5950138512081284	9.871264367816092	4294	2.011979488697295	4376.055387916616
chr15	51365001	51395000	chr15	51150001	51395000	245000	30000	14.687074829931973	95.0%	0.038	1.593396884940195	0.042	1.593396884940195	14.687074829931973	4318	2.575546200237436	4543.263497218837
chr6	7270001	7300000	chr6	7270001	7620000	350000	30000	12.040476190476191	95.0%	0.071	1.5917029719477922	0.078	1.5917029719477922	12.040476190476191	5057	2.245431414958289	5658.487165694888
chr6	75515001	75535000	chr6	75240001	75535000	295000	20000	14.652542372881356	97.0%	0.031	1.5914157636640116	0.032	1.5914157636640116	14.652542372881356	3458	3.0596715388794555	2888.329932702206
chr5	149550001	149570000	chr5	149300001	149570000	270000	20000	13.814814814814817	97.0%	0.0289999999999999	1.5884679648173263	0.03	1.5884679648173263	13.814814814814815	2984	2.5771037148245	2226.617609608368
chr7	98010001	98030000	chr7	98010001	98265000	255000	20000	13.916666666666666	95.0%	0.044	1.5786032352328103	0.046	1.5786032352328103	13.916666666666666	2839	1.9934895583655088	1626.6874796262553
chr6	145200001	145225000	chr6	144565001	145225000	660000	25000	7.451515151515151	95.0%	0.0435	1.5768646765858816	0.0435	1.5768646765858816	7.451515151515151	4918	2.5504770212342796	8416.574170073123
chr7	93045001	93065000	chr7	92600001	93065000	465000	20000	8.438172043010752	95.0%	0.042	1.5752122832159872	0.043	1.5752122832159872	8.438172043010752	3139	2.5131880112356497	3739.6237607186467
chr6	122475001	122495000	chr6	122475001	122865000	390000	20000	11.03525641025641	96.0%	0.0325	1.571586822823424	0.036	1.571586822823424	11.03525641025641	3443	2.096306220177133	2616.190162781062
chr2	222965001	222985000	chr2	222965001	223845000	880000	20000	5.630681818181818	95.0%	0.023	1.571515624543601	0.0235	1.571515624543601	5.630681818181818	3964	2.312912600951502	6513.1618842794305
chr7	37175001	37190000	chr7	36675001	37190000	515000	15000	7.967637540453075	97.0%	0.059	1.5642688093743629	0.06	1.5642688093743629	7.967637540453074	2462	2.5640709058534363	2376.8937297261355
chr1	184805001	184825000	chr1	184805001	184985000	180000	20000	21.131944444444443	98.0%	0.035	1.5639132298410328	0.039	1.5639132298410328	21.131944444444443	3043	2.63158747651074	1515.7943864701863
chr7	122205001	122225000	chr7	122205001	122555000	350000	20000	11.867857142857142	97.0%	0.094	1.5605469260387042	0.095	1.5605469260387042	11.867857142857142	3323	2.9301798427066856	3281.801423831488
chr2	118030001	118050000	chr2	118030001	118385000	355000	20000	11.725352112676056	96.0%	0.027	1.560269621264857	0.031	1.560269621264857	11.725352112676056	3330	1.8603512188383744	2113.3589846003933
chr1	67840001	67860000	chr1	67840001	68360000	520000	20000	8.475961538461538	95.0%	0.052	1.5581906441448183	0.053	1.5581906441448183	8.475961538461538	3526	2.638014036445031	4389.655356644532
chr2	222040001	222075000	chr2	222040001	222625000	585000	35000	8.282051282051281	96.0%	0.051	1.5557577456634906	0.052	1.5557577456634906	8.282051282051283	6783	2.2731860135675555	13032.175415782795
chr5	148170001	148195000	chr5	148170001	148490000	320000	25000	12.921875	95.0%	0.032	1.5553225827451875	0.033	1.5553225827451875	12.921875	4135	2.1754067352126016	3480.650776340163
chr11	5790001	5810000	chr11	5290001	5810000	520000	20000	11.879807692307692	96.0%	0.017	1.5539989099104798	0.0195	1.5539989099104798	11.879807692307692	4942	3.662693824318523	6094.722523666022
chr6	7230001	7250000	chr6	6670001	7250000	580000	20000	6.767241379310345	96.0%	0.0275	1.5532707449275005	0.028	1.5532707449275003	6.767241379310345	3140	2.623900248447522	4869.958861118601
chr8	100830001	100855000	chr8	100830001	101265000	435000	25000	8.937931034482759	96.0%	0.033	1.5531929961552895	0.035	1.5531929961552895	8.937931034482759	3888	1.8075991048155249	3931.5280529737665
chr1	43755001	43770000	chr1	43755001	43990000	235000	15000	15.560283687943262	97.0%	0.064	1.5527798080339628	0.069	1.5527798080339628	15.560283687943262	2194	2.509483023468621	1061.5113189272267
chr9	88980001	89005000	chr9	88590001	89005000	415000	25000	9.038554216867473	95.0%	0.05	1.5509158597435873	0.052	1.5509158597435873	9.03855421686747	3751	2.6230219322747867	5442.770509470182
chr20	51630001	51650000	chr20	51630001	52115000	485000	20000	7.801546391752577	95.0%	0.048	1.550402595385975	0.051	1.550402595385975	7.801546391752577	3027	2.7122028744092326	4209.338861083129
chr3	86760001	86785000	chr3	86760001	87350000	590000	25000	7.467796610169492	95.0%	0.038	1.5483990697743442	0.0395	1.5483990697743442	7.467796610169492	4406	2.1906397394623003	6462.387231413786
chr11	2180001	2205000	chr11	2180001	2425000	245000	25000	17.97959183673469	95.0%	0.016	1.5474979717148674	0.016	1.5474979717148674	17.979591836734695	4405	2.153849077133949	2638.4651194890876
chr1	40945001	40970000	chr1	40710001	40970000	260000	25000	13.861538461538462	96.0%	0.0305	1.5466845881949252	0.0325	1.5466845881949252	13.861538461538462	3604	2.0349828467533313	2645.4777007793305
chr20	20555001	20575000	chr20	20335001	20575000	240000	20000	13.802083333333334	97.0%	0.037	1.5438549218843205	0.0385	1.5438549218843203	13.802083333333334	2650	2.1757453573149284	1670.972434417865
chr6	26340001	26360000	chr6	26340001	26595000	255000	20000	16.598039215686274	98.0%	0.032	1.543460001611601	0.036	1.543460001611601	16.598039215686274	3386	2.3366755141007203	1906.7272195061878
chr19	56055001	56080000	chr19	56055001	56350000	295000	25000	10.210169491525424	96.0%	0.059	1.5431514776428856	0.062	1.5431514776428856	10.210169491525424	3012	2.149035115810696	3169.8267958207766
chr8	119070001	119090000	chr8	119070001	119410000	340000	20000	11.908088235294118	97.0%	0.0435	1.541315766355332	0.045	1.541315766355332	11.908088235294118	3239	2.48365708828467	2702.218912053721
chr16	19360001	19385000	chr16	19085001	19385000	300000	25000	11.926666666666666	95.0%	0.0574999999999999	1.5390540320823136	0.0625	1.5390540320823136	11.926666666666666	3578	2.8322953218459257	4248.442982768888
chr8	71825001	71845000	chr8	71825001	72180000	355000	20000	10.830985915492958	96.0%	0.041	1.5367768144354532	0.042	1.5367768144354532	10.830985915492958	3076	2.257471424677673	2564.487538433836
chr3	141545001	141570000	chr3	141230001	141570000	340000	25000	13.335294117647058	97.0%	0.0559999999999999	1.5317797499867054	0.0605	1.5317797499867054	13.33529411764706	4534	1.8753586532187996	3188.1097104719593
chr1	52115001	52135000	chr1	52115001	52465000	350000	20000	11.153571428571428	95.0%	0.0595	1.5308696715920844	0.064	1.5308696715920844	11.153571428571428	3123	2.3393493287935576	2620.0712482487847
chr1	169535001	169560000	chr1	169360001	169560000	200000	25000	18.885	97.0%	0.031	1.5289670001237703	0.0345	1.5289670001237705	18.885	3777	2.1374576827971628	2137.4576827971628
chr16	74700001	74725000	chr16	74700001	74870000	170000	25000	18.264705882352946	95.0%	0.0615	1.528190414891444	0.067	1.528190414891444	18.264705882352942	3105	2.219455245333989	1886.5369585338908
chr1	231350001	231380000	chr1	231350001	231615000	265000	30000	16.238993710691826	95.0%	0.037	1.527130145884286	0.041	1.527130145884286	16.238993710691823	5164	2.842064536411513	5422.659135473167
chr1	36410001	36435000	chr1	36275001	36435000	160000	25000	20.43125	97.0%	0.0325	1.5270020843981045	0.035500000000000004	1.5270020843981045	20.43125	3269	1.36793254211946	1094.346033695568
chr6	61375001	61410000	chr6	61375001	61650000	275000	35000	13.416909620991254	96.0%	0.03	1.526324902786079	0.032	1.526324902786079	11.953246753246754	4602	0.8106671412324401	2184.747945621426
chr7	88230001	88250000	chr7	88230001	88845000	615000	20000	7.41869918699187	96.0%	0.053	1.5253565499547508	0.055	1.5253565499547508	7.41869918699187	3650	1.9226174980456334	3783.7112361538066
chr10	49500001	49525000	chr10	49135001	49525000	390000	25000	10.471794871794872	95.0%	0.045	1.5239147434754756	0.046	1.5239147434754756	10.471794871794872	4084	1.7784178110964466	3467.914731638071
chr5	154065001	154085000	chr5	154065001	154470000	405000	20000	10.555555555555555	97.0%	0.073	1.5235816886062483	0.075	1.5235816886062485	10.555555555555555	3420	2.2964552293767957	2976.2059772723273
chr11	7875001	7900000	chr11	7875001	8115000	240000	25000	21.53333333333333	95.0%	0.0305	1.5233101574511851	0.0325	1.5233101574511851	21.533333333333335	5168	2.229859468799828	2675.831362559794
chr11	115320001	115340000	chr11	115320001	116275000	955000	20000	4.641361256544503	96.0%	0.054	1.5204037221217857	0.055	1.5204037221217857	4.641361256544503	3546	2.9875966774585176	9130.09544631323
chr11	123015001	123035000	chr11	122560001	123035000	475000	20000	8.794736842105262	96.0%	0.028	1.5176642934127087	0.03	1.5176642934127087	8.794736842105262	3342	2.237162451815909	3400.486926760181
chr1	18890001	18910000	chr1	18890001	19250000	360000	20000	10.07986111111111	95.0%	0.063	1.5170414268817292	0.0675	1.5170414268817292	10.07986111111111	2903	2.21611802267151	2552.967962117579
chr2	85540001	85560000	chr2	85295001	85560000	265000	20000	16.06132075471698	95.0%	0.03	1.5158951502381082	0.031	1.5158951502381082	16.06132075471698	3405	2.0138463901727843	1707.7417388665212
chr2	73810001	73830000	chr2	73810001	74485000	675000	20000	6.472222222222222	95.0%	0.029	1.5154746924043097	0.03	1.5154746924043097	6.472222222222222	3495	2.1716130177614787	4690.684118364794
chr14	34085001	34105000	chr14	33825001	34105000	280000	20000	13.428571428571429	96.0%	0.0574999999999999	1.5138355721963304	0.062	1.5138355721963304	13.428571428571429	3008	3.177509893278291	2847.0488643773488
chr2	171400001	171425000	chr2	170925001	171425000	500000	25000	9.714	95.0%	0.034	1.512510161677146	0.036000000000000004	1.512510161677146	9.714	4857	2.440479474144269	6101.198685360672
chr7	35885001	35910000	chr7	35585001	35910000	325000	25000	12.458461538461538	96.0%	0.038	1.5100083366915362	0.041	1.5100083366915362	12.458461538461538	4049	2.0346849618154836	3306.363062950161
chr12	63055001	63075000	chr12	62570001	63075000	505000	20000	8.138613861386139	97.0%	0.054	1.5084942583147227	0.057	1.5084942583147227	8.138613861386139	3288	2.1619320114163845	3493.682130448877
chr6	111985001	112010000	chr6	111705001	112010000	305000	25000	14.924590163934424	97.0%	0.024	1.50422992597188	0.027	1.50422992597188	14.924590163934425	4552	2.851304473196755	4348.239321625051
chr4	38175001	38190000	chr4	38175001	38735000	560000	15000	7.4940476190476195	98.0%	0.0565	1.500487459533036	0.0565	1.500487459533036	7.494047619047619	2518	2.93470304228666	2958.180666624953
chr6	106330001	106350000	chr6	106330001	106865000	535000	20000	8.14018691588785	95.0%	0.02	1.497890654164386	0.022	1.497890654164386	8.14018691588785	3484	1.9536557016421408	3344.658561211345
chr13	77555001	77585000	chr13	77080001	77585000	505000	30000	9.12046204620462	96.0%	0.054	1.4926796596338745	0.058	1.4926796596338745	9.12046204620462	5527	2.1812126014386726	7930.889018831014
chr17	79380001	79400000	chr17	79040001	79400000	360000	20000	9.052083333333334	95.0%	0.087	1.4903139906511684	0.0895	1.4903139906511684	9.052083333333334	2607	2.1875165363568505	2520.0190498830916
chr4	121720001	121745000	chr4	121365001	121745000	380000	25000	11.557894736842105	97.0%	0.049	1.489909128686222	0.051000000000000004	1.489909128686222	11.557894736842105	4392	2.1716055435517454	4126.050532748316
chr8	8265001	8290000	chr8	8265001	8625000	360000	25000	10.602777777777778	97.0%	0.0405	1.4865934311634246	0.044	1.4865934311634246	10.602777777777778	3817	1.9283927672517307	3471.1069810531153
chr5	175415001	175445000	chr5	175180001	175445000	265000	30000	14.679245283018869	98.0%	0.037	1.4857271313199665	0.041	1.4857271313199663	14.679245283018869	4668	1.7295486596714091	3299.9788426530486
chr4	75280001	75300000	chr4	74835001	75300000	465000	20000	9.102150537634408	97.0%	0.032	1.4837794970156748	0.033	1.4837794970156748	9.102150537634408	3386	2.6258580979766193	3907.2768497892093
chr7	26345001	26365000	chr7	25865001	26365000	500000	20000	9.376262626262626	95.0%	0.0395	1.4826469501112316	0.043	1.4826469501112316	9.2825	3713	2.6015277735666835	4162.444437706694
chr6	97385001	97405000	chr6	97060001	97405000	345000	20000	11.981884057971014	96.0%	0.037	1.4826281621563304	0.04	1.4826281621563304	11.981884057971014	3307	2.7167296350070385	2999.2695170477705
chr12	49505001	49525000	chr12	49275001	49525000	250000	20000	15.755	98.0%	0.0385	1.476960678441412	0.0425	1.476960678441412	15.755	3151	2.2943240996806566	1835.4592797445252
chr3	40320001	40345000	chr3	40320001	40585000	265000	25000	14.290566037735848	96.0%	0.026	1.4758266086682388	0.029	1.4758266086682388	14.290566037735848	3787	1.676135465493307	2220.8794917786317
chr4	26400001	26420000	chr4	25975001	26420000	445000	20000	9.651685393258427	98.0%	0.059	1.4741324263478952	0.063	1.4741324263478952	9.651685393258427	3436	2.3196548628386955	3303.188524682302
chr10	54675001	54705000	chr10	54355001	54705000	350000	30000	16.81190476190476	97.0%	0.08	1.4707696174507403	0.08399999999999999	1.4707696174507405	16.811904761904763	7061	1.9462629055535037	4904.582521994829
chr20	50180001	50195000	chr20	50180001	50475000	295000	15000	9.40677966101695	96.0%	0.041	1.470593944628641	0.043	1.470593944628641	9.40677966101695	1665	2.604500671760284	1382.9898567047107
chr2	38100001	38120000	chr2	37970001	38120000	150000	20000	37.075	98.0%	0.093	1.4689254051246017	0.0965	1.4689254051246017	37.075	4449	2.6356945011925053	1265.1333605724026
chr19	17055001	17075000	chr19	17055001	17290000	235000	20000	12.25531914893617	95.0%	0.039	1.4684630886324608	0.041	1.4684630886324608	12.25531914893617	2304	1.949200818603927	1465.799015590153
chr3	122100001	122120000	chr3	122100001	122365000	265000	20000	15.34433962264151	95.0%	0.028	1.4681781720195108	0.032	1.4681781720195108	15.34433962264151	3253	2.0988509541095404	1779.8256090848904
chr4	81825001	81845000	chr4	81420001	81845000	425000	20000	10.841176470588236	97.0%	0.039	1.4620037026284725	0.041	1.4620037026284725	10.841176470588236	3686	2.4614471820161805	3347.5681675420055
chr20	59770001	59790000	chr20	59770001	59965000	195000	20000	16.307692307692307	95.0%	0.031	1.4602080832090825	0.035	1.4602080832090825	16.307692307692307	2544	1.7749145655809384	1107.5466889225056
chr6	129485001	129510000	chr6	129485001	129955000	470000	25000	9.72127659574468	97.0%	0.036	1.4506705272056528	0.039	1.4506705272056528	9.721276595744682	4569	2.066043290882555	4855.201733574004
chr4	15465001	15490000	chr4	15465001	15995000	530000	25000	7.939622641509433	95.0%	0.0424999999999999	1.4474339531012512	0.0445	1.4474339531012512	7.939622641509434	4208	1.9190691015806882	5085.533119188824
chr20	49325001	49350000	chr20	49325001	49540000	215000	25000	16.027906976744184	98.0%	0.098	1.4444711358341509	0.106	1.4444711358341509	16.027906976744188	3446	2.532809637106434	2722.770359889417
chr2	133875001	133895000	chr2	133875001	134500000	625000	20000	6.298	95.0%	0.04	1.4422394410157482	0.041	1.4422394410157482	6.298	3149	1.6365443778145952	3273.0887556291905
chr6	32570001	32590000	chr6	32305001	32590000	285000	20000	13.933035714285714	97.0%	0.025	1.4398457210907245	0.026	1.4398457210907243	13.68859649122807	3121	2.2501408935715963	2052.1284949372957
chr4	111640001	111660000	chr4	111640001	112055000	415000	20000	11.096385542168674	95.0%	0.06	1.4398220831182094	0.064	1.4398220831182094	11.096385542168674	3684	2.543223044264367	3377.4002027830793
chr12	93735001	93760000	chr12	93495001	93760000	265000	25000	14.79245283018868	95.0%	0.039	1.4377171671237126	0.044	1.4377171671237126	14.79245283018868	3920	2.131403212545664	2824.1092566230045
chr5	141530001	141565000	chr5	141320001	141565000	245000	35000	16.784256559766764	97.0%	0.022	1.4371101266259352	0.024	1.4371101266259352	16.784256559766764	5757	1.9339159282002132	4643.332143608712
chr4	8390001	8410000	chr4	8235001	8410000	175000	20000	18.364285714285717	96.0%	0.024	1.435959411647229	0.027	1.435959411647229	18.364285714285714	2571	1.6024593254475537	897.37722225063
chr17	51755001	51785000	chr17	51755001	52110000	355000	30000	11.44131455399061	95.0%	0.038	1.435842182702328	0.042	1.435842182702328	11.44131455399061	4874	3.0571904712006144	7814.178844388771
chr11	94310001	94330000	chr11	94310001	94505000	195000	20000	16.71794871794872	95.0%	0.024	1.4328803184935248	0.024	1.4328803184935248	16.71794871794872	2608	2.193512141293426	1368.751576167098
chr4	42555001	42575000	chr4	42555001	42865000	310000	20000	12.137096774193548	97.0%	0.033	1.4270774521737684	0.036000000000000004	1.4270774521737684	12.137096774193548	3010	2.3263159844689274	2307.7054565931758
chr12	101405001	101425000	chr12	101405001	101800000	395000	20000	9.16139240506329	96.0%	0.046	1.4259621492599155	0.049	1.4259621492599157	9.16139240506329	2895	2.131119285348501	2693.734776680505
chr9	132790001	132810000	chr9	132395001	132810000	415000	20000	8.701807228915662	95.0%	0.048	1.4257342249170206	0.05	1.4257342249170206	8.701807228915662	2889	2.6540691864688215	3524.6038796305947
chr7	43685001	43715000	chr7	43255001	43715000	460000	30000	9.07789855072464	95.0%	0.069	1.4195587198674982	0.07200000000000001	1.4195587198674982	9.077898550724637	5011	1.6808599474541168	5567.008145968035
chr2	74870001	74905000	chr2	74675001	74905000	230000	35000	16.332298136645964	95.0%	0.049	1.4177900234965215	0.051000000000000004	1.4177900234965215	16.332298136645964	5259	1.8803091740591882	4238.21687832941
chr20	50735001	50760000	chr20	50575001	50760000	185000	25000	17.524324324324326	98.0%	0.027	1.4150724312729253	0.029	1.4150724312729253	17.524324324324326	3242	1.8569284255898137	1717.6587936705778
chr22	46525001	46545000	chr22	46305001	46545000	240000	20000	10.010416666666666	96.0%	0.0955	1.4122531664458753	0.0975	1.4122531664458753	10.010416666666666	1922	2.358012526778724	1810.9536205660602
chr2	188525001	188545000	chr2	188525001	189355000	830000	20000	5.98644578313253	96.0%	0.048	1.4120430454348818	0.049	1.4120430454348818	5.98644578313253	3975	2.282926746755632	6063.453439382958
chr7	78015001	78040000	chr7	78015001	78255000	240000	25000	15.775	97.0%	0.0445	1.4105034716673217	0.049	1.4105034716673217	15.775	3786	1.9626839656304564	2355.2207587565476
chr17	50280001	50300000	chr17	50085001	50300000	215000	20000	16.656976744186046	97.0%	0.032	1.4100598499377603	0.035	1.4100598499377603	16.656976744186046	2865	2.195707309185186	1510.646628719408
chr8	120970001	120990000	chr8	120970001	121645000	675000	20000	6.833333333333333	97.0%	0.033	1.4061569162306609	0.037	1.4061569162306609	6.833333333333333	3690	2.6252296800634474	5670.496108937046
chr12	12970001	12990000	chr12	12720001	12990000	270000	20000	14.23148148148148	95.0%	0.0325	1.4053447602947895	0.036	1.4053447602947897	14.231481481481481	3074	1.693834727107005	1463.4732042204523
chr6	136775001	136805000	chr6	136545001	136805000	260000	30000	15.605769230769232	95.0%	0.053	1.4026802608115436	0.055	1.4026802608115436	15.60576923076923	4869	2.0592123247356753	3854.8454719051842
chr6	110375001	110395000	chr6	110035001	110395000	360000	20000	11.07986111111111	95.0%	0.0785	1.4001006437778334	0.082	1.4001006437778334	11.07986111111111	3191	2.037281228027295	2346.947974687444
chr15	59165001	59185000	chr15	59165001	59500000	335000	20000	11.787313432835822	96.0%	0.045	1.3995951174615249	0.051	1.3995951174615247	11.787313432835822	3159	3.517525171569951	3770.7869839229875
chr2	224350001	224375000	chr2	224350001	225020000	670000	25000	7.322388059701493	95.0%	0.0685	1.398596039560024	0.07050000000000001	1.398596039560024	7.322388059701493	4906	2.5802809184257773	8643.941076726354
chr4	165455001	165475000	chr4	164990001	165475000	485000	20000	9.577319587628866	95.0%	0.07	1.3973229673250065	0.071	1.3973229673250065	9.577319587628866	3716	2.3118592970971097	3588.005629094714
chr6	14450001	14470000	chr6	14450001	14685000	235000	20000	22.74468085106383	98.0%	0.084	1.3926716483631834	0.087	1.3926716483631834	22.74468085106383	4276	2.523997776005342	1898.0463275560169
chr12	105035001	105060000	chr12	104730001	105060000	330000	25000	11.357575757575756	96.0%	0.051	1.3926038526891291	0.056	1.3926038526891293	11.357575757575757	3748	1.7256090701217617	2847.2549657009067
chr4	111465001	111485000	chr4	111115001	111485000	370000	20000	11.388513513513514	97.0%	0.053	1.3924796935449035	0.057499999999999996	1.3924796935449035	11.388513513513514	3371	2.459552866953841	2912.110594473348
chr4	53185001	53205000	chr4	53185001	54255000	1070000	20000	4.113317757009346	95.0%	0.0745	1.3923946455353449	0.077	1.3923946455353449	4.113317757009346	3521	2.675107993624828	9159.56977017141
chr9	120920001	120940000	chr9	120765001	120940000	175000	20000	20.107142857142858	97.0%	0.048	1.3913742733815406	0.053	1.3913742733815406	20.107142857142858	2815	2.467583842336855	1381.8469517086387
chr2	26130001	26155000	chr2	25940001	26155000	215000	25000	18.502325581395347	99.0%	0.045	1.3839660241779923	0.05	1.3839660241779925	18.50232558139535	3978	2.061481635267982	2216.0927579130807
chr2	48570001	48595000	chr2	48375001	48595000	220000	25000	21.98636363636364	97.0%	0.0705	1.3831193957325087	0.07450000000000001	1.3831193957325087	21.986363636363638	4837	1.538470371682209	1692.31740885043
chr5	168980001	169000000	chr5	168980001	169330000	350000	20000	10.871428571428572	98.0%	0.066	1.3778774127969886	0.0675	1.3778774127969886	10.871428571428572	3044	2.165267338443382	2425.0994190565875
chr6	55435001	55455000	chr6	55435001	56350000	915000	20000	5.724043715846994	96.0%	0.048	1.3771689548181805	0.052	1.3771689548181805	5.724043715846994	4190	2.9829020012576346	8733.937059682354
chr16	78110001	78130000	chr16	78110001	78520000	410000	20000	8.762195121951219	96.0%	0.0505	1.3741481223729304	0.0545	1.3741481223729304	8.762195121951219	2874	2.4206942874495883	3175.9509051338596
chr13	30790001	30810000	chr13	30405001	30810000	405000	20000	8.75	96.0%	0.095	1.370503166389858	0.096	1.370503166389858	8.75	2835	2.0345934792755123	2636.833149141064
chr18	63425001	63445000	chr18	63065001	63445000	380000	20000	9.891447368421051	96.0%	0.0595	1.369047899854126	0.064	1.369047899854126	9.891447368421053	3007	1.9959304176482324	2427.0513878602505
chr7	65720001	65745000	chr7	65720001	66020000	300000	25000	9.826666666666666	98.0%	0.0375	1.3648092926384312	0.04	1.3648092926384312	9.826666666666666	2948	1.3044802086263816	1956.7203129395723
chr1	47695001	47720000	chr1	47385001	47720000	335000	25000	11.659701492537312	96.0%	0.023	1.3633213057413267	0.025	1.3633213057413267	11.659701492537314	3906	2.609142436663083	4370.313581410664
chr17	2840001	2860000	chr17	2840001	3020000	180000	20000	16.291666666666668	96.0%	0.025	1.3619776405027546	0.027999999999999997	1.3619776405027546	16.291666666666668	2346	2.2746212753970476	1310.1818546286995
chr14	90895001	90915000	chr14	90895001	91180000	285000	20000	13.355263157894736	97.0%	0.099	1.3606706099644867	0.098	1.3606706099644867	13.355263157894736	3045	2.8799397801838555	2626.505079527676
chr11	113720001	113745000	chr11	113455001	113745000	290000	25000	13.148275862068964	97.0%	0.0355	1.3589119743057958	0.035500000000000004	1.3589119743057958	13.148275862068965	3813	1.7550083285007052	2544.7620763260225
chr3	63175001	63195000	chr3	62710001	63195000	485000	20000	9.280927835051546	96.0%	0.028	1.358731250676038	0.03	1.358731250676038	9.280927835051546	3601	2.4952939624657016	3872.696229746769
chr19	54010001	54035000	chr19	53790001	54035000	245000	25000	11.987755102040817	95.0%	0.047	1.3584547346631148	0.05	1.3584547346631148	11.987755102040817	2937	2.493081708141291	3054.0250924730817
chr11	128875001	128895000	chr11	128875001	129365000	490000	20000	7.686224489795919	95.0%	0.037	1.3570783620425366	0.039	1.3570783620425366	7.686224489795919	3013	1.7303351321847467	2713.1654872656827
chr14	73715001	73735000	chr14	73715001	73955000	240000	20000	13.494791666666666	95.0%	0.0579999999999999	1.353512096905468	0.062	1.353512096905468	13.494791666666666	2591	2.11409935949	1623.62830808832
chr8	133215001	133235000	chr8	133215001	133400000	185000	20000	19.60810810810811	97.0%	0.033	1.353414162437562	0.036	1.353414162437562	19.60810810810811	2902	1.5689018099415541	928.7898714854
chr4	37585001	37610000	chr4	37585001	38045000	460000	25000	9.117391304347828	95.0%	0.0825	1.3495791194844928	0.0875	1.3495791194844928	9.117391304347827	4194	1.8692127368118243	4299.189294667196
chr14	90220001	90240000	chr14	89930001	90240000	310000	20000	11.330645161290322	95.0%	0.0584999999999999	1.349491080912289	0.061	1.349491080912289	11.330645161290322	2810	2.2821258089546297	2263.8688024829926
chr5	112535001	112565000	chr5	112535001	112930000	395000	30000	10.675105485232066	95.0%	0.041	1.3427660613162888	0.043	1.3427660613162888	10.675105485232068	5060	2.064840149914675	5872.405386357336
chr11	61620001	61645000	chr11	61445001	61645000	200000	25000	15.695	96.0%	0.018	1.3409404825787603	0.02	1.3409404825787603	15.695	3139	1.693256193348353	1693.256193348353
chr12	9745001	9765000	chr12	9745001	9935000	190000	20000	20.67763157894737	95.0%	0.045	1.3407172263967622	0.048	1.3407172263967622	20.67763157894737	3143	2.093732806757711	1272.9895465086884
chr2	162110001	162145000	chr2	161555001	162145000	590000	35000	8.46004842615012	96.0%	0.0545	1.337368372667238	0.056	1.337368372667238	8.460048426150122	6988	2.2711798094646225	13131.961658324446
chr19	55410001	55430000	chr19	55125001	55430000	305000	20000	10.331967213114757	95.0%	0.056	1.3368625883043723	0.058	1.3368625883043725	10.331967213114755	2521	2.424730614331165	2366.537079587217
chr16	8650001	8670000	chr16	8650001	8890000	240000	20000	13.244791666666666	95.0%	0.0305	1.3365712837539148	0.0315	1.3365712837539148	13.244791666666666	2543	2.1768246887808034	1671.801360983657
chr2	119005001	119040000	chr2	119005001	119305000	300000	35000	12.62857142857143	95.0%	0.03	1.3360327062937132	0.03	1.3360327062937132	12.628571428571428	5304	1.7362648667687763	5104.618708300202
chr3	171820001	171840000	chr3	171575001	171840000	265000	20000	14.995283018867925	96.0%	0.027	1.333095452880657	0.029	1.333095452880657	14.995283018867925	3179	1.816418174491356	1540.32261196867
chr6	82255001	82280000	chr6	82255001	82825000	570000	25000	7.471929824561404	95.0%	0.032	1.332423461927336	0.031	1.332423461927336	7.471929824561403	4259	2.1988198896048914	6266.63668537394
chr1	208230001	208250000	chr1	208025001	208250000	225000	20000	14.944444444444445	96.0%	0.029	1.3272971291049245	0.031	1.3272971291049245	14.944444444444445	2690	2.3871883287384885	1718.7755966917118
chr12	55055001	55075000	chr12	54660001	55075000	415000	20000	10.183734939759036	96.0%	0.076	1.3261443999584863	0.076	1.3261443999584865	10.183734939759036	3381	2.167176948980772	2878.0109882464653
chr8	100560001	100590000	chr8	100560001	100820000	260000	30000	15.971153846153848	95.0%	0.038	1.3239539547436765	0.04	1.3239539547436763	15.971153846153847	4983	1.8432830158385434	3450.625805649753
chr11	82900001	82925000	chr11	82900001	83295000	395000	25000	11.075949367088608	95.0%	0.065	1.320365286716598	0.069	1.320365286716598	11.075949367088608	4375	2.4113542825986722	4762.424708132377
chr1	108885001	108905000	chr1	108680001	108905000	225000	20000	17.316666666666666	97.0%	0.041	1.3195909913164632	0.045	1.3195909913164632	17.316666666666666	3117	2.310543596204948	1663.5913892675626
chr13	98410001	98430000	chr13	98035001	98430000	395000	20000	9.791139240506327	95.0%	0.04	1.3195438099203551	0.044	1.3195438099203551	9.791139240506329	3094	2.282581117804507	2885.182532904897
chr10	50625001	50655000	chr10	50325001	50655000	330000	30000	12.005050505050503	96.0%	0.043	1.318435910037121	0.0465	1.318435910037121	12.005050505050505	4754	1.6480686288600794	3915.8110621715487
chr3	139420001	139440000	chr3	139420001	139670000	250000	20000	15.255	96.0%	0.0289999999999999	1.317798551345123	0.033	1.317798551345123	15.255	3051	2.001398679386784	1601.1189435094273
chr14	59960001	59980000	chr14	59960001	60210000	250000	20000	13.76	95.0%	0.034	1.3171648858276903	0.0375	1.3171648858276903	13.76	2752	2.380223219270158	1904.1785754161265
chr8	52390001	52410000	chr8	52090001	52410000	320000	20000	11.65234375	95.0%	0.055	1.315800556012264	0.059	1.3158005560122639	11.65234375	2983	2.2525106865799827	2306.5709430579022
chr16	56695001	56725000	chr16	56310001	56725000	415000	30000	9.606425702811244	95.0%	0.091	1.3156207260276795	0.094	1.3156207260276795	9.606425702811245	4784	2.373372695580392	7091.6376143942125
chr2	177330001	177350000	chr2	177330001	177765000	435000	20000	10.577586206896552	95.0%	0.037	1.3146669881327382	0.04	1.3146669881327382	10.577586206896552	3681	2.168590621565076	3018.6781452185855
chr6	30220001	30240000	chr6	30220001	30400000	180000	20000	21.01388888888889	98.0%	0.03	1.314324307145231	0.0335	1.314324307145231	21.01388888888889	3026	2.006312943274073	1155.636255325866
chr4	7975001	7995000	chr4	7790001	7995000	205000	20000	14.96341463414634	97.0%	0.037	1.3132122010172766	0.041	1.3132122010172766	14.963414634146341	2454	1.8829774531895038	1235.2332092923145
chr13	90855001	90875000	chr13	90435001	90875000	440000	20000	8.838068181818182	98.0%	0.0315	1.3109724125422542	0.0335	1.3109724125422542	8.838068181818182	3111	2.6264086313951007	3697.983353004302
chr7	38095001	38115000	chr7	38095001	38375000	280000	20000	13.647321428571429	95.0%	0.0305	1.3095212676867327	0.0335	1.3095212676867327	13.647321428571429	3057	2.1867427394201484	1959.3214945204531
chr3	146050001	146075000	chr3	146050001	146360000	310000	25000	13.329032258064515	95.0%	0.044	1.3075796451185888	0.047	1.3075796451185888	13.329032258064515	4132	1.7336854722887258	2687.212482047525
chr7	14710001	14730000	chr7	14710001	15315000	605000	20000	7.301652892561983	95.0%	0.07	1.3075317445885954	0.076	1.3075317445885954	7.301652892561983	3534	2.544204234919944	4925.579398805012
chr8	56915001	56940000	chr8	56410001	56940000	530000	25000	7.877358490566037	95.0%	0.0404999999999999	1.3063622319353858	0.042499999999999996	1.3063622319353858	7.877358490566038	4175	1.9454505242456228	5155.443889250901
chr3	45035001	45055000	chr3	45035001	45505000	470000	20000	8.88031914893617	95.0%	0.0365	1.3061126784571409	0.0395	1.3061126784571409	8.88031914893617	3339	2.0367041017941814	3063.202969098449
chr3	4105001	4130000	chr3	3185001	4130000	945000	25000	5.0169312169312175	96.0%	0.038	1.3052782176986035	0.04	1.3052782176986035	5.016931216931217	4741	2.1632221088577714	10221.22446435297
chr8	10030001	10050000	chr8	10030001	10340000	310000	20000	11.741935483870968	98.0%	0.0955	1.305260891497644	0.0995	1.305260891497644	11.741935483870968	2912	2.1709734034308874	2153.60561620344
chr11	73910001	73935000	chr11	73625001	73935000	310000	25000	11.883870967741936	97.0%	0.054	1.3044379377627324	0.0595	1.3044379377627324	11.883870967741936	3684	1.5899457994954982	2464.4159892180223
chr8	11715001	11745000	chr8	11570001	11745000	175000	30000	19.7	96.0%	0.035	1.3042862002074556	0.035	1.3042862002074556	19.7	4137	1.588962511817856	2002.0927648904988
chr10	25070001	25095000	chr10	24625001	25095000	470000	25000	8.914893617021276	95.0%	0.036	1.3024160281766344	0.039	1.3024160281766344	8.914893617021276	4190	2.367344055006306	5563.258529264819
chr18	28180001	28200000	chr18	27595001	28200000	605000	20000	6.4958677685950414	95.0%	0.039	1.300698551662345	0.044	1.300698551662345	6.4958677685950414	3144	2.768886059521556	5360.563411233732
chr4	140840001	140860000	chr4	140410001	140860000	450000	20000	9.863888888888887	97.0%	0.0255	1.30069769430669	0.025500000000000002	1.3006976943066901	9.863888888888889	3551	2.4281463226857607	3496.5307046674952
chr2	36655001	36675000	chr2	35910001	36675000	765000	20000	10.56045751633987	98.0%	0.026	1.2992652007240035	0.027	1.2992652007240035	10.56045751633987	6463	4.1544388240226136	10170.066241207358
chr1	50355001	50375000	chr1	50355001	50745000	390000	20000	9.631410256410255	95.0%	0.0635	1.288715571354378	0.0675	1.2887155713543779	9.631410256410257	3005	2.1935280836853743	2737.523048439347
chr9	109800001	109825000	chr9	109585001	109825000	240000	25000	15.954166666666666	95.0%	0.0375	1.287926539821782	0.04	1.287926539821782	15.954166666666667	3829	2.5668396929456274	3080.207631534753
chr17	47305001	47325000	chr17	46935001	47325000	390000	20000	9.782051282051285	95.0%	0.05	1.2872836986769631	0.052	1.2872836986769631	9.782051282051283	3052	2.3091252957662647	2881.7883691162983
chr16	53045001	53065000	chr16	53045001	53520000	475000	20000	7.302631578947368	95.0%	0.042	1.286389538299967	0.045	1.286389538299967	7.302631578947368	2775	2.4878449283422803	3781.524291080266
chr3	5290001	5315000	chr3	5290001	5910000	620000	25000	7.275806451612904	95.0%	0.049	1.2813742070625078	0.052000000000000005	1.2813742070625078	7.275806451612903	4511	2.013423509945207	6241.612880830142
chr1	207385001	207410000	chr1	207065001	207410000	345000	25000	13.142028985507247	95.0%	0.032	1.281097916780526	0.033	1.2810979167805259	13.142028985507247	4534	3.161296625875435	5453.236679635125
chr1	115120001	115140000	chr1	115120001	115600000	480000	20000	8.471354166666666	95.0%	0.0455	1.2806650667318489	0.047	1.2806650667318487	8.471354166666666	3253	3.119127194605511	4790.979370914065
chr8	36845001	36870000	chr8	36845001	37855000	1010000	25000	4.472277227722772	96.0%	0.0785	1.2770549838175933	0.0795	1.2770549838175933	4.472277227722772	4517	2.2385407299070956	11304.630686030832
chr8	11405001	11425000	chr8	11405001	11565000	160000	20000	19.3984375	96.0%	0.049	1.2749134764095438	0.053500000000000006	1.2749134764095438	19.3984375	2483	1.7565584558788192	899.3579294099554
chr11	76715001	76745000	chr11	76715001	76925000	210000	30000	16.583333333333332	96.0%	0.022	1.2734040473993276	0.0245	1.2734040473993276	16.583333333333332	4179	1.6129458431531425	2438.7741148475516
chr10	70210001	70230000	chr10	70210001	70395000	185000	20000	18.195945945945947	97.0%	0.068	1.273278554168374	0.073	1.273278554168374	18.195945945945947	2693	2.178799013621478	1289.8490160639149
chr6	151300001	151330000	chr6	150885001	151330000	445000	30000	10.237827715355804	95.0%	0.04	1.2722555202476122	0.041	1.2722555202476122	10.237827715355806	5467	2.718761764684175	8710.912694048096
chr2	149585001	149610000	chr2	149585001	150880000	1295000	25000	4.075675675675676	95.0%	0.081	1.272170738268418	0.086	1.272170738268418	4.075675675675676	5278	3.27321515809028	21194.068148634564
chr11	129765001	129790000	chr11	129765001	130135000	370000	25000	11.345945945945946	95.0%	0.0345	1.2713399527665323	0.036500000000000005	1.2713399527665323	11.345945945945946	4198	1.9522302642441665	3611.625988851708
chr4	71695001	71715000	chr4	71160001	71715000	555000	20000	7.887387387387387	96.0%	0.035	1.2709488734588417	0.038	1.2709488734588417	7.887387387387387	3502	2.4818385080275984	4407.745190257015
chr5	43375001	43395000	chr5	43000001	43395000	395000	20000	9.082278481012658	95.0%	0.032	1.2697716009237907	0.033	1.2697716009237907	9.082278481012658	2870	1.6918178184251917	2138.4577224894424
chr1	212980001	213000000	chr1	212660001	213000000	340000	20000	10.827205882352942	95.0%	0.0785	1.2695810218920902	0.082	1.2695810218920902	10.827205882352942	2945	2.0578490631090567	2238.939780662654
chr10	13760001	13780000	chr10	13520001	13780000	260000	20000	13.64423076923077	95.0%	0.0579999999999999	1.2677059535707655	0.0615	1.2677059535707655	13.64423076923077	2838	1.6314876832414749	1357.397752456907
chr17	15825001	15845000	chr17	15825001	16020000	195000	20000	12.397435897435898	95.0%	0.03	1.2632823844926435	0.034	1.2632823844926435	12.397435897435898	1934	1.9535510343288995	1219.0158454212333
chr2	33365001	33395000	chr2	32565001	33395000	830000	30000	8.809236947791165	95.0%	0.044	1.258562448315225	0.0475	1.258562448315225	8.809236947791165	8774	3.53301337085325	21113.28790421902
chr6	160445001	160465000	chr6	160045001	160465000	420000	20000	9.508928571428571	95.0%	0.0345	1.2582837259370254	0.038000000000000006	1.2582837259370254	9.508928571428571	3195	2.393337022456234	3216.6449581811785
chr1	245135001	245165000	chr1	245135001	246010000	875000	30000	4.828571428571428	95.0%	0.067	1.2578812811511522	0.067	1.2578812811511522	4.828571428571428	5070	2.96207635578003	18661.08104141419
chr3	130085001	130105000	chr3	129910001	130105000	195000	20000	13.57051282051282	97.0%	0.025	1.2578421555268144	0.027	1.2578421555268144	13.570512820512821	2117	1.2582014867317053	785.1177277205841
chr12	108660001	108680000	chr12	108660001	108810000	150000	20000	25.0	97.0%	0.018	1.2575281284742876	0.02	1.2575281284742876	25.0	3000	2.0304015616409306	974.5927495876467
chr9	109510001	109530000	chr9	109160001	109530000	370000	20000	10.199324324324325	95.0%	0.062	1.2566671867356412	0.0635	1.2566671867356412	10.199324324324325	3019	1.9273822687632143	2282.020606215646
chr4	142345001	142365000	chr4	142345001	142845000	500000	20000	9.24	97.0%	0.0515	1.2540929694130365	0.056999999999999995	1.2540929694130363	9.24	3696	2.5535401206290915	4085.6641930065466
chr1	66220001	66240000	chr1	65965001	66240000	275000	20000	14.563636363636364	96.0%	0.08	1.2521175742962474	0.081	1.2521175742962474	14.563636363636364	3204	2.405197979306548	2116.5742217897623
chr17	57230001	57250000	chr17	57230001	57560000	330000	20000	10.859848484848484	95.0%	0.049	1.2458018810003757	0.053	1.2458018810003755	10.859848484848484	2867	2.3480224036749937	2479.511658280793
chr5	136755001	136775000	chr5	136220001	136775000	555000	20000	7.923423423423423	95.0%	0.038	1.245402655532537	0.039	1.245402655532537	7.923423423423423	3518	2.605537785845952	4627.435107662411
chr2	102010001	102030000	chr2	102010001	102455000	445000	20000	9.264044943820224	95.0%	0.038	1.2423030830839137	0.04	1.2423030830839137	9.264044943820224	3298	1.9217673270579518	2736.5966737305234
chr4	26990001	27015000	chr4	26410001	27015000	605000	25000	7.046280991735538	96.0%	0.033	1.2411370606946783	0.036	1.2411370606946783	7.046280991735538	4263	2.0938410368990605	6333.869136619658
chr14	23105001	23130000	chr14	23105001	23300000	195000	25000	17.333333333333336	96.0%	0.027	1.2385077763040877	0.031	1.2385077763040877	17.333333333333332	3380	2.086340685924489	2034.1821687763768
chr5	160010001	160035000	chr5	160010001	160395000	385000	25000	11.664935064935063	97.0%	0.042	1.2349746785534343	0.046	1.2349746785534343	11.664935064935065	4491	2.3560793057227363	4535.452663516267
chr2	28745001	28765000	chr2	28555001	28765000	210000	20000	18.029761904761905	96.0%	0.0315	1.2344101014065636	0.0335	1.2344101014065636	18.029761904761905	3029	2.141158772898796	1438.858695387991
chr10	123575001	123605000	chr10	123575001	123970000	395000	30000	10.274261603375528	95.0%	0.062	1.23288102649522	0.064	1.23288102649522	10.274261603375528	4870	2.331617406034291	6631.119902761524
chr6	27500001	27520000	chr6	27500001	27800000	300000	20000	12.195833333333333	96.0%	0.0465	1.2324324851823536	0.049	1.2324324851823536	12.195833333333333	2927	1.6903306122463044	1622.7173877564524
chr4	49500001	49520000	chr4	49500001	49655000	155000	20000	45.435483870967744	97.0%	0.011	1.231873718060715	0.012	1.2318737180607153	45.435483870967744	5634	1.2986867733169258	644.1486395651953
chr9	6570001	6595000	chr9	6570001	6745000	175000	25000	19.24571428571429	95.0%	0.027	1.2313501182716284	0.03	1.2313501182716284	19.245714285714286	3368	2.0971263295716893	1834.9855383752283
chr12	56975001	57000000	chr12	56625001	57000000	375000	25000	9.906666666666666	95.0%	0.039	1.2302855927588765	0.041	1.2302855927588763	9.906666666666666	3715	1.9645138374415059	3683.4634452028236
chr10	26325001	26350000	chr10	26325001	26740000	415000	25000	10.163855421686748	95.0%	0.057	1.2282979919373775	0.059	1.2282979919373775	10.163855421686748	4218	2.315372080210801	4804.397066437412
chr11	123465001	123485000	chr11	123290001	123485000	195000	20000	17.685897435897434	96.0%	0.048	1.2280174307255207	0.053	1.2280174307255207	17.685897435897434	2759	1.5806557595773965	986.3291939762954
chr8	73295001	73325000	chr8	73295001	73665000	370000	30000	11.380630630630632	95.0%	0.086	1.2257629833049597	0.0925	1.2257629833049595	11.38063063063063	5053	1.864776169315611	4967.763715056788
chr2	68420001	68440000	chr2	68125001	68440000	315000	20000	18.24206349206349	97.0%	0.036	1.2242365692246828	0.037	1.2242365692246828	18.24206349206349	4597	2.0383996387190755	2054.706835828828
chr6	21570001	21590000	chr6	20580001	21590000	1010000	20000	4.672029702970297	96.0%	0.0515	1.2233568070727336	0.054	1.2233568070727336	4.672029702970297	3775	2.8697594432308278	9275.062520522035
chr7	45915001	45935000	chr7	45915001	47105000	1190000	20000	4.102941176470588	95.0%	0.0395	1.2228799356271078	0.041	1.2228799356271078	4.102941176470588	3906	3.5993642545950344	13706.379081497891
chr3	184770001	184795000	chr3	184375001	184795000	420000	25000	9.538095238095238	97.0%	0.0495	1.222550820153054	0.053	1.222550820153054	9.538095238095238	4006	1.87384699323484	3935.078685793164
chr4	6700001	6725000	chr4	6700001	6995000	295000	25000	11.769491525423728	96.0%	0.025	1.2205973863226658	0.027	1.2205973863226658	11.769491525423728	3472	1.5858439506578965	2339.1198272203974
chr2	186765001	186785000	chr2	186495001	186785000	290000	20000	13.857758620689657	97.0%	0.0315	1.2180715700408062	0.0345	1.2180715700408062	13.857758620689655	3215	2.068333807082876	1919.413772972909
chr2	96500001	96520000	chr2	96255001	96520000	265000	20000	12.599056603773583	97.0%	0.03	1.2177149575406063	0.032	1.2177149575406063	12.599056603773585	2671	1.6792756259947432	1424.0257308435423
chr13	28625001	28650000	chr13	28030001	28650000	620000	25000	6.643548387096774	96.0%	0.0815	1.2159713840151007	0.08499999999999999	1.2159713840151007	6.643548387096774	4119	2.586654392974936	8018.628618222301
chr1	8015001	8035000	chr1	8015001	8250000	235000	20000	22.53191489361702	97.0%	0.019	1.2148619696500995	0.021	1.2148619696500995	22.53191489361702	4236	2.8995614174781945	2180.4701859436022
chr7	43570001	43590000	chr7	43570001	43850000	280000	20000	12.290178571428571	96.0%	0.031	1.2141063202114666	0.033	1.2141063202114666	12.290178571428571	2753	2.0620736405337503	1847.6179819182403
chr4	85360001	85380000	chr4	85070001	85380000	310000	20000	13.935483870967742	96.0%	0.095	1.2115015659873858	0.0995	1.2115015659873858	13.935483870967742	3456	2.2910725560085217	2272.7439755604537
chr5	91380001	91410000	chr5	91060001	91410000	350000	30000	12.185714285714283	95.0%	0.023	1.2103492959005833	0.024	1.2103492959005833	12.185714285714285	5118	2.7670916600293607	6973.0709832739885
chr7	100945001	100965000	chr7	100695001	100965000	270000	20000	22.66203703703704	96.0%	0.0875	1.204479532137479	0.0925	1.204479532137479	22.662037037037038	4895	1.241209907734331	1072.405360282462
chr6	71330001	71355000	chr6	70945001	71355000	410000	25000	10.736585365853658	95.0%	0.038	1.2037984370589412	0.0405	1.2037984370589412	10.736585365853658	4402	1.7284658048193255	3543.3548998796173
chr9	20350001	20370000	chr9	20350001	20950000	600000	20000	7.654166666666667	96.0%	0.064	1.2036431807262684	0.0665	1.2036431807262684	7.654166666666667	3674	3.411778803415289	6550.615302557355
chr16	71950001	71970000	chr16	71700001	71970000	270000	20000	12.875	96.0%	0.0685	1.1938145961394266	0.07400000000000001	1.1938145961394266	12.875	2781	2.0934368496975195	1808.7294381386569
chr3	32910001	32945000	chr3	32525001	32945000	420000	35000	9.528911564625847	95.0%	0.0595	1.1928778602682124	0.0635	1.1928778602682124	9.52891156462585	5603	1.562079315413278	6429.518462241052
chr1	109385001	109405000	chr1	109205001	109405000	200000	20000	18.6375	97.0%	0.0385	1.190631171614793	0.041999999999999996	1.190631171614793	18.6375	2982	2.12155377544075	1357.79441628208
chr4	54940001	54960000	chr4	54300001	54960000	660000	20000	7.490530303030303	97.0%	0.0335	1.190398552442764	0.035	1.190398552442764	7.490530303030303	3955	2.4679798208141404	5212.373381559464
chr5	178275001	178295000	chr5	178275001	178845000	570000	20000	6.543859649122807	95.0%	0.0465	1.190174831789014	0.049	1.190174831789014	6.543859649122807	2984	2.1454255316588133	3913.256169745676
chr6	53935001	53960000	chr6	53670001	53960000	290000	25000	14.155172413793103	96.0%	0.0435	1.182936425433536	0.0475	1.182936425433536	14.155172413793103	4105	1.873335490859648	2716.3364617464895
chr1	147485001	147520000	chr1	147485001	147790000	305000	35000	12.880562060889927	96.0%	0.097	1.1823684195225896	0.099	1.1823684195225896	12.880562060889929	5500	1.9368462488794127	5789.233437900564
chr5	154595001	154620000	chr5	154460001	154620000	160000	25000	20.21875	97.0%	0.0325	1.1805640426745614	0.035	1.1805640426745614	20.21875	3235	1.9525760564181258	1562.0608451345006
chr11	118550001	118570000	chr11	118135001	118570000	435000	20000	9.46551724137931	95.0%	0.039	1.177542687529116	0.042	1.177542687529116	9.46551724137931	3294	2.1589805405143787	3005.300912396015
chr7	36970001	37000000	chr7	36970001	37205000	235000	30000	16.5	96.0%	0.042	1.1743350318354402	0.046	1.1743350318354402	16.5	4653	2.355246670229801	3985.0773660288232
chr19	40125001	40150000	chr19	40125001	40425000	300000	25000	10.886666666666668	95.0%	0.053	1.173332913026562	0.058	1.173332913026562	10.886666666666667	3266	1.7771270799994447	2665.690619999167
chr8	31240001	31260000	chr8	31240001	31620000	380000	20000	10.375	95.0%	0.064	1.1713180130051328	0.0695	1.1713180130051328	10.375	3154	2.1280688571565203	2587.7317303023287
chr2	237390001	237415000	chr2	237105001	237415000	310000	25000	13.890322580645162	96.0%	0.0635	1.169703949427701	0.0665	1.169703949427701	13.890322580645162	4306	2.0769341500700595	3219.2479326085922
chr2	176625001	176650000	chr2	176225001	176650000	425000	25000	9.974117647058822	95.0%	0.047	1.1678841046242914	0.049	1.1678841046242914	9.974117647058824	4239	1.7209225714206822	3656.9604642689496
chr20	13100001	13120000	chr20	12960001	13120000	160000	20000	20.6875	98.0%	0.034	1.1625939889465249	0.038	1.1625939889465249	20.6875	2648	2.7804558979818976	1423.5934197667316
chr14	87930001	87950000	chr14	87930001	88260000	330000	20000	11.147727272727272	95.0%	0.077	1.1625444216341527	0.0805	1.1625444216341527	11.147727272727273	2943	2.064731274896974	2180.3562262912046
chr10	43450001	43470000	chr10	43175001	43470000	295000	20000	9.610169491525424	97.0%	0.029	1.1610469407620354	0.033	1.1610469407620354	9.610169491525424	2268	1.4486910981217531	1367.564396626935
chr10	119190001	119215000	chr10	119190001	119510000	320000	25000	11.13125	98.0%	0.072	1.1523610712981385	0.0785	1.1523610712981383	11.13125	3562	1.8388982681555013	2942.237229048802
chr12	107390001	107410000	chr12	107120001	107410000	290000	20000	13.129310344827584	96.0%	0.0465	1.148251398460415	0.0505	1.148251398460415	13.129310344827585	3046	2.1375391791559553	1983.6363582567265
chr3	33770001	33790000	chr3	33080001	33790000	710000	20000	6.720070422535211	95.0%	0.063	1.1480662007506712	0.0645	1.1480662007506712	6.720070422535211	3817	2.4472917816428463	5560.246927892546
chr2	205660001	205685000	chr2	204840001	205685000	845000	25000	5.766863905325444	97.0%	0.059	1.147730307628011	0.059	1.147730307628011	5.766863905325444	4873	2.41339902091638	10196.610863371705
chr6	10785001	10805000	chr6	10470001	10805000	335000	20000	11.567164179104475	96.0%	0.054	1.1472332402840326	0.059	1.1472332402840326	11.567164179104477	3100	2.0709443162113343	2220.0523069785504
chr7	28005001	28030000	chr7	27525001	28030000	505000	25000	8.865346534653465	96.0%	0.051	1.1462890377007031	0.053	1.1462890377007033	8.865346534653465	4477	2.021636536162296	5104.6322538097975
chr19	8340001	8360000	chr19	8340001	8515000	175000	20000	15.32857142857143	95.0%	0.049	1.1461223168671573	0.053	1.1461223168671573	15.32857142857143	2146	1.6151280126189225	904.4716870665966
chr11	118035001	118060000	chr11	117795001	118060000	265000	25000	14.40377358490566	98.0%	0.077	1.1440348746051796	0.083	1.1440348746051796	14.403773584905661	3817	1.748901002300156	2317.293828047707
chr10	70345001	70365000	chr10	70085001	70365000	280000	20000	14.691964285714286	95.0%	0.035	1.143671672810025	0.038000000000000006	1.1436716728100247	14.691964285714286	3291	2.2134934309682284	1983.2901141475327
chr5	150445001	150475000	chr5	150445001	150885000	440000	30000	8.53030303030303	96.0%	0.034	1.1434498963266997	0.037	1.1434498963266995	8.530303030303031	4504	1.4395362784772194	4560.450930215831
chr18	3660001	3680000	chr18	3305001	3680000	375000	20000	9.156666666666666	96.0%	0.029	1.1419533857173296	0.031	1.1419533857173296	9.156666666666666	2747	1.8952934771531678	2274.3521725838013
chr6	130005001	130030000	chr6	129620001	130030000	410000	25000	10.31219512195122	96.0%	0.069	1.1404721079404263	0.07100000000000001	1.1404721079404263	10.31219512195122	4228	1.7754207476569333	3639.612532696713
chr8	19740001	19760000	chr8	19385001	19760000	375000	20000	11.18	95.0%	0.04	1.1401586535185453	0.04	1.1401586535185453	11.18	3354	2.5530703367120138	3063.6844040544165
chr1	173420001	173440000	chr1	173420001	173845000	425000	20000	9.83235294117647	95.0%	0.061	1.1363136526963866	0.066	1.1363136526963866	9.83235294117647	3343	2.6415249765732787	3592.473968139659
chr7	135790001	135815000	chr7	135790001	136160000	370000	25000	10.794594594594596	95.0%	0.0525	1.134366539718463	0.0565	1.134366539718463	10.794594594594594	3994	2.286566198116989	4230.14746651643
chr3	45820001	45840000	chr3	45650001	45840000	190000	20000	21.46710526315789	98.0%	0.048	1.1339615214557472	0.052000000000000005	1.1339615214557472	21.467105263157894	3263	1.8833694801359855	1145.0886439226792
chr1	61840001	61865000	chr1	61415001	61865000	450000	25000	9.364444444444445	95.0%	0.045	1.1330582023031297	0.049	1.1330582023031295	9.364444444444445	4214	2.2733047248097167	5114.935630821862
chr10	96000001	96030000	chr10	96000001	96340000	340000	30000	11.892156862745098	96.0%	0.0915	1.130635458115492	0.0965	1.130635458115492	11.892156862745098	4852	2.1992590933667637	5383.7862605618375
chr5	99020001	99040000	chr5	98840001	99040000	200000	20000	19.78125	97.0%	0.0315	1.1303356981555954	0.0335	1.1303356981555954	19.78125	3165	2.5777349078765486	1649.750341040991
chr3	46080001	46105000	chr3	46080001	46435000	355000	25000	12.014084507042252	95.0%	0.035	1.123406917061565	0.038	1.123406917061565	12.014084507042254	4265	2.0663501555633252	3667.7715261249023
chr3	44520001	44540000	chr3	44520001	45035000	515000	20000	7.813106796116505	95.0%	0.069	1.117844626649925	0.075	1.117844626649925	7.813106796116505	3219	2.0546341319256096	3386.0370494134045
chr8	122220001	122245000	chr8	122065001	122245000	180000	25000	20.56111111111111	96.0%	0.0475	1.1174800848000015	0.051500000000000004	1.1174800848000017	20.56111111111111	3701	1.8326785981125737	1649.4107383013163
chr2	62435001	62465000	chr2	62435001	62995000	560000	30000	11.223214285714285	95.0%	0.091	1.1146529665651093	0.0915	1.1146529665651093	11.223214285714286	7542	2.710036109299088	10926.865592693923
chr12	45155001	45180000	chr12	45155001	45675000	520000	25000	8.592307692307692	95.0%	0.038	1.114244877976436	0.0395	1.114244877976436	8.592307692307692	4468	2.341000495772087	6086.601289007427
chr7	129625001	129645000	chr7	129355001	129645000	290000	20000	13.25	96.0%	0.048	1.113308843624936	0.051500000000000004	1.1133088436249359	13.25	3074	2.035541087306637	1888.9821290205591
chr2	234130001	234150000	chr2	234130001	234540000	410000	20000	10.63719512195122	97.0%	0.0245	1.1126879737175863	0.025500000000000002	1.1126879737175863	10.637195121951219	3489	2.3687002416432232	3107.734717035909
chr3	124890001	124915000	chr3	124605001	124915000	310000	25000	12.851612903225808	95.0%	0.0385	1.1115567763874643	0.0405	1.1115567763874645	12.851612903225806	3984	1.7685023688969874	2741.1786717903306
chr2	224765001	224785000	chr2	224520001	224785000	265000	20000	14.575471698113208	96.0%	0.035	1.1111330271903312	0.039	1.1111330271903312	14.575471698113208	3090	1.6980092875163184	1439.911875813838
chr4	22395001	22420000	chr4	22395001	22700000	305000	25000	13.190163934426227	95.0%	0.075	1.1083123484962023	0.082	1.1083123484962023	13.190163934426229	4023	2.476073291206674	3776.011769090178
chr4	15795001	15825000	chr4	15795001	16015000	220000	30000	16.734848484848484	97.0%	0.0335	1.1079776360200615	0.0375	1.1079776360200617	16.734848484848484	4418	1.9675678179304037	3116.6274236017593
chr11	48090001	48110000	chr11	47930001	48110000	180000	20000	19.07638888888889	95.0%	0.0445	1.1018587793147538	0.0485	1.1018587793147538	19.07638888888889	2747	2.0944193743358426	1206.3855596174453
chr6	46415001	46440000	chr6	46415001	46995000	580000	25000	7.956896551724138	95.0%	0.078	1.0993753399574149	0.08349999999999999	1.0993753399574147	7.956896551724138	4615	2.2058790662067103	6397.0492919994595
chr9	127930001	127955000	chr9	127930001	128120000	190000	25000	15.847368421052632	95.0%	0.0265	1.0991591852460922	0.0295	1.0991591852460922	15.847368421052632	3011	1.918376731254039	1822.457894691337
chr10	32785001	32805000	chr10	32785001	33180000	395000	20000	9.927215189873415	97.0%	0.081	1.098676529082251	0.082	1.0986765290822513	9.927215189873417	3137	2.206494789275057	2789.009413643672
chr4	27035001	27055000	chr4	27035001	27335000	300000	20000	12.141666666666667	96.0%	0.031	1.0976783528698075	0.034	1.0976783528698077	12.141666666666667	2914	2.0254618741701256	1944.4433992033207
chr5	10680001	10700000	chr5	10680001	11210000	530000	20000	6.893867924528302	95.0%	0.0404999999999999	1.0976769890889204	0.041499999999999995	1.0976769890889204	6.893867924528302	2923	1.700942104496554	2884.7978092261556
chr3	120530001	120560000	chr3	120245001	120560000	315000	30000	13.94179894179894	95.0%	0.04	1.0961297067882767	0.041	1.0961297067882767	13.941798941798941	5270	1.9085026710534845	4328.484057949303
chr8	56965001	56980000	chr8	56965001	57230000	265000	15000	14.81132075471698	95.0%	0.03	1.0935415373691693	0.032	1.0935415373691693	14.81132075471698	2355	2.3613952242522713	1126.3855219683335
chr8	80225001	80245000	chr8	80030001	80245000	215000	20000	15.494186046511627	97.0%	0.067	1.0920768257245548	0.072	1.0920768257245548	15.494186046511627	2665	2.2485340492030366	1546.9914258516892
chr7	50460001	50480000	chr7	50460001	50680000	220000	20000	15.857954545454543	98.0%	0.031	1.0918050987979522	0.032	1.0918050987979522	15.857954545454545	2791	2.003505535027674	1410.4678966594824
chr8	23455001	23480000	chr8	23455001	24240000	785000	25000	5.514649681528662	96.0%	0.054	1.0909002444792328	0.059	1.0909002444792328	5.514649681528662	4329	1.871876389594827	7347.114829159696
chr18	10845001	10865000	chr18	10845001	11590000	745000	20000	6.0855704697986575	96.0%	0.046	1.086557444593289	0.048	1.086557444593289	6.0855704697986575	3627	3.0011977983973503	7154.8555513792835
chr11	102485001	102505000	chr11	102335001	102505000	170000	20000	21.323529411764707	98.0%	0.031	1.0860669893439852	0.033	1.0860669893439852	21.323529411764707	2900	2.3320247727848407	1268.6214763949533
chr2	191540001	191565000	chr2	191540001	191925000	385000	25000	11.535064935064934	97.0%	0.014	1.0858832630098048	0.015	1.0858832630098048	11.535064935064936	4441	2.1024232367063167	4047.1647306596597
chr17	59735001	59755000	chr17	59735001	59965000	230000	20000	14.130434782608695	96.0%	0.0365	1.0846881334362115	0.0405	1.0846881334362115	14.130434782608695	2600	2.236186736808079	1645.8334382907462
chr8	93810001	93835000	chr8	93810001	93965000	155000	25000	22.05161290322581	98.0%	0.027	1.0839284141702072	0.031	1.0839284141702072	22.051612903225806	3418	2.451035135889962	1899.5522303147206
chr2	190075001	190095000	chr2	190075001	190390000	315000	20000	12.662698412698411	95.0%	0.086	1.0824165756772384	0.089	1.0824165756772384	12.662698412698413	3191	1.9875267202893485	2003.4269340516632
chr1	209680001	209700000	chr1	209565001	209700000	135000	20000	29.25	98.0%	0.014	1.0808413801083037	0.015	1.0808413801083037	29.25	3159	3.2006261158167812	1382.6704820328496
chr4	153130001	153155000	chr4	153130001	153660000	530000	25000	8.166037735849056	96.0%	0.031	1.0770868408549483	0.033	1.0770868408549483	8.166037735849057	4328	2.0732254196339137	5494.047362029871
chr9	125360001	125380000	chr9	124765001	125380000	615000	20000	6.67479674796748	95.0%	0.061	1.076354361242987	0.064	1.0763543612429867	6.67479674796748	3284	2.400700946187515	4724.57946209703
chr13	99165001	99185000	chr13	99165001	99445000	280000	20000	12.375	95.0%	0.099	1.0762959186540892	0.10450000000000001	1.0762959186540892	12.375	2772	2.3310953877435034	2088.661467418179
chr3	99010001	99035000	chr3	99010001	99755000	745000	25000	5.832214765100671	95.0%	0.054	1.0734963581469628	0.058	1.0734963581469628	5.832214765100671	4345	2.085498799690359	7768.483028846587
chr6	122720001	122745000	chr6	122720001	122930000	210000	25000	17.452380952380953	95.0%	0.0345	1.0693917651092262	0.0385	1.0693917651092262	17.452380952380953	3665	1.8599554751752168	1952.9532489339776
chr11	6515001	6540000	chr11	6515001	6755000	240000	25000	23.90833333333333	95.0%	0.0175	1.0624134107646317	0.018500000000000003	1.0624134107646315	23.908333333333335	5738	2.3574963518629097	2828.9956222354917
chr3	48135001	48155000	chr3	47795001	48155000	360000	20000	10.5625	95.0%	0.0995	1.0589598259897743	0.10400000000000001	1.0589598259897743	10.5625	3042	1.8422852931322735	2122.312657688379
chr8	19255001	19275000	chr8	18910001	19275000	365000	20000	11.33904109589041	97.0%	0.042	1.057367429552979	0.047	1.057367429552979	11.33904109589041	3311	2.686233101636828	3137.520262711815
chr14	34320001	34345000	chr14	34320001	34535000	215000	25000	16.088372093023256	95.0%	0.035	1.0533996246923822	0.036	1.0533996246923822	16.088372093023256	3459	2.1294673663802492	2289.177418858768
chr12	32760001	32780000	chr12	32760001	33095000	335000	20000	11.71641791044776	95.0%	0.031	1.0419383843488677	0.033	1.0419383843488677	11.716417910447761	3140	1.7119494270182982	1835.2097857636156
chr4	72695001	72715000	chr4	72695001	73025000	330000	20000	12.348484848484848	96.0%	0.095	1.0365486063575478	0.0995	1.0365486063575478	12.348484848484848	3260	2.2475871825971763	2373.452064822618
chr5	172700001	172720000	chr5	172700001	173340000	640000	20000	5.865234375	95.0%	0.062	1.033963783883468	0.063	1.0339637838834679	5.865234375	3003	1.8518887601998006	3792.6681808891917
chr11	94485001	94505000	chr11	94125001	94505000	380000	20000	11.37171052631579	95.0%	0.035	1.032325608087847	0.039	1.0323256080878467	11.37171052631579	3457	2.5976092773778134	3158.692881291421
chr2	44945001	44965000	chr2	44220001	44965000	745000	20000	7.639261744966443	95.0%	0.068	1.0308608953330003	0.069	1.0308608953330005	7.639261744966443	4553	2.694383760551463	6423.410885154687
chr4	149870001	149900000	chr4	149360001	149900000	540000	30000	8.679012345679013	95.0%	0.095	1.0298716021019032	0.10250000000000001	1.0298716021019032	8.679012345679013	5624	2.094394205903745	8143.004672553761
chr7	27910001	27930000	chr7	27630001	27930000	300000	20000	12.475	96.0%	0.046	1.0291966967793404	0.05	1.0291966967793404	12.475	2994	1.9697733770320611	1890.9824419507786
chr11	118290001	118315000	chr11	118290001	118575000	285000	25000	14.24561403508772	96.0%	0.067	1.0242714390773189	0.071	1.0242714390773189	14.24561403508772	4060	1.9854205510056704	2829.22428518308
chr7	36470001	36495000	chr7	36470001	36985000	515000	25000	7.866019417475728	95.0%	0.068	1.0235979795255188	0.071	1.0235979795255188	7.866019417475728	4051	2.4307403977544038	6259.156524217589
chr5	119385001	119415000	chr5	119090001	119415000	325000	30000	12.928205128205128	95.0%	0.073	1.0225779016520666	0.078	1.0225779016520666	12.928205128205128	5042	1.7422542306897078	4076.8748998139163
chr2	45920001	45945000	chr2	45610001	45945000	335000	25000	16.61492537313433	98.0%	0.097	1.0211664079257348	0.104	1.0211664079257348	16.61492537313433	5566	2.449052073099103	4102.1622224409975
chr20	22665001	22685000	chr20	22330001	22685000	355000	20000	10.443661971830986	95.0%	0.045	1.0204603874925606	0.047	1.0204603874925606	10.443661971830986	2966	2.4588654400907775	2793.271139943123
chr3	38510001	38535000	chr3	38510001	38715000	205000	25000	17.082926829268295	95.0%	0.033	1.017730735895929	0.036	1.0177307358959293	17.082926829268292	3502	1.656333748812291	1697.7420925325982
chr9	34885001	34910000	chr9	34885001	35120000	235000	25000	14.89787234042553	97.0%	0.049	1.0169236819936407	0.053	1.0169236819936407	14.897872340425533	3501	1.6432407330297187	1930.8078613099194
chr7	107860001	107880000	chr7	107140001	107880000	740000	20000	5.890202702702703	95.0%	0.0579999999999999	1.016747625633743	0.058499999999999996	1.016747625633743	5.890202702702703	3487	2.126839055355432	5036.3548830816635
chr11	65505001	65525000	chr11	65320001	65525000	205000	20000	15.359756097560975	96.0%	0.024	1.0142430536917526	0.027	1.0142430536917526	15.359756097560975	2519	1.5906768732456735	1043.4840288491619
chr12	103860001	103880000	chr12	103565001	103880000	315000	20000	12.226190476190476	95.0%	0.036	1.0124445066365313	0.037	1.0124445066365313	12.226190476190476	3081	1.8533651160551161	1868.192036983557
chr2	62385001	62415000	chr2	61935001	62415000	480000	30000	13.619791666666666	95.0%	0.0605	1.0097056749558462	0.0615	1.0097056749558462	13.619791666666666	7845	3.218237821879031	11122.22991241393
chr4	112095001	112120000	chr4	112095001	112330000	235000	25000	17.65531914893617	97.0%	0.028	1.007365608489769	0.031	1.007365608489769	17.65531914893617	4149	2.065076583833285	2426.46498600411
chr1	31525001	31555000	chr1	31180001	31555000	375000	30000	10.522222222222222	96.0%	0.065	1.0044099000514803	0.067	1.0044099000514803	10.522222222222222	4735	1.728910287170075	4668.057775359202
chr16	46835001	46860000	chr16	46835001	47060000	225000	25000	14.182222222222222	95.0%	0.05	1.0043982922029724	0.052	1.0043982922029724	14.182222222222222	3191	1.8798566973799689	2114.838784552465
chr11	35365001	35390000	chr11	35090001	35390000	300000	25000	13.36	95.0%	0.0595	1.0035892516538758	0.0635	1.0035892516538758	13.36	4008	1.7230965143821793	2584.644771573269
chr8	41690001	41710000	chr8	41690001	41985000	295000	20000	11.817796610169491	95.0%	0.031	1.002554512529506	0.034	1.0025545125295061	11.817796610169491	2789	1.8664865976724863	1761.963348202827
chr4	48295001	48320000	chr4	48295001	48560000	265000	25000	13.29433962264151	95.0%	0.064	0.9998016735300096	0.069	0.9998016735300097	13.294339622641509	3523	1.7624065426215143	2335.1886689735065
chr17	74365001	74385000	chr17	74365001	74530000	165000	20000	17.606060606060606	96.0%	0.022	0.9989477505973384	0.022	0.9989477505973383	17.606060606060606	2324	2.1647162310291215	1142.970169983376
chr2	118870001	118890000	chr2	118870001	119305000	435000	20000	7.977011494252873	96.0%	0.034	0.9966271652673948	0.036	0.9966271652673948	7.977011494252873	2776	1.5077083137063407	2098.729972679226
chr6	111195001	111215000	chr6	111000001	111215000	215000	20000	18.28488372093023	97.0%	0.046	0.9957681097098569	0.05	0.9957681097098569	18.28488372093023	3145	2.013752158412587	1385.4614849878596
chr8	140820001	140845000	chr8	140820001	141180000	360000	25000	11.569444444444445	96.0%	0.0844999999999999	0.995435422600704	0.0895	0.995435422600704	11.569444444444445	4165	2.123628138172007	3822.5306487096123
chr4	2755001	2780000	chr4	2755001	2985000	230000	25000	14.247826086956522	95.0%	0.0285	0.9952426183894458	0.0325	0.9952426183894458	14.247826086956522	3277	1.2557166550211925	1444.0741532743714
chr12	27625001	27655000	chr12	27440001	27655000	215000	30000	17.43798449612403	96.0%	0.076	0.9944956240190704	0.082	0.9944956240190705	17.43798449612403	4499	2.153861200177901	3334.1771378753906
chr20	41310001	41340000	chr20	40975001	41340000	365000	30000	9.666666666666666	95.0%	0.073	0.9942068415479148	0.077	0.9942068415479148	9.666666666666666	4234	1.7694706385520347	4650.168838114747
chr1	64220001	64240000	chr1	63625001	64240000	615000	20000	7.837398373983739	97.0%	0.044	0.9927048826929044	0.049	0.9927048826929044	7.837398373983739	3856	3.493883547640054	6875.9628217556265
chr2	157990001	158015000	chr2	157515001	158015000	500000	25000	9.118	95.0%	0.0445	0.9923305035554676	0.0485	0.9923305035554677	9.118	4559	2.1131116798124583	5282.779199531145
chr2	85795001	85820000	chr2	85630001	85820000	190000	25000	19.63157894736842	95.0%	0.0419999999999999	0.9920029867964396	0.046	0.9920029867964395	19.63157894736842	3730	1.6445753381889392	1562.3465712794923
chr14	73455001	73480000	chr14	72960001	73480000	520000	25000	7.411538461538461	95.0%	0.0569999999999999	0.9918832445400396	0.06	0.9918832445400397	7.411538461538462	3854	2.297782164092472	5974.233626640427
chr11	16925001	16950000	chr11	16925001	17280000	355000	25000	10.895774647887324	95.0%	0.048	0.9914846309578368	0.05	0.9914846309578369	10.895774647887324	3868	1.5678156210613639	2782.872727383921
chr12	47705001	47730000	chr12	47705001	47965000	260000	25000	14.669230769230769	95.0%	0.0265	0.9885347919633248	0.029	0.9885347919633248	14.669230769230769	3814	1.5117392373821086	1965.261008596741
chr12	104200001	104225000	chr12	104200001	104360000	160000	25000	21.0875	99.0%	0.008	0.9872925227278092	0.0085	0.9872925227278093	21.0875	3374	2.012714921430238	1610.1719371441902
chr11	10790001	10810000	chr11	10790001	10930000	140000	20000	25.794642857142858	97.0%	0.027	0.9856479188670426	0.031	0.9856479188670426	25.794642857142858	2889	1.978518466537679	886.3762730088802
chr13	52115001	52130000	chr13	51815001	52130000	315000	15000	11.576719576719576	95.0%	0.037	0.9851812040775844	0.039	0.9851812040775844	11.576719576719576	2188	2.629192891434086	1490.7523694431268
chr4	186715001	186735000	chr4	186715001	186950000	235000	20000	14.388297872340424	95.0%	0.026	0.9834042248822774	0.026	0.9834042248822774	14.388297872340425	2705	2.1506718700256098	1617.3052462592584
chr7	106455001	106475000	chr7	106055001	106475000	420000	20000	10.476190476190476	96.0%	0.0355	0.9830546745913896	0.039	0.9830546745913895	10.476190476190476	3520	2.83752639556718	3813.6354756422897
chr3	134450001	134475000	chr3	134205001	134475000	270000	25000	16.603703703703705	97.0%	0.019	0.9820693909472968	0.0215	0.9820693909472967	16.603703703703705	4483	2.4535578759797185	3312.30313257262
chr18	24165001	24185000	chr18	24165001	24405000	240000	20000	15.916666666666666	96.0%	0.0579999999999999	0.9796772127823568	0.063	0.9796772127823569	15.916666666666666	3056	1.8129758479054567	1392.3654511913908
chr9	70665001	70685000	chr9	70665001	70905000	240000	20000	15.928571428571429	96.0%	0.063	0.979270976724846	0.066	0.979270976724846	13.9375	2676	1.8053781811332827	1386.5304431103611
chr4	55725001	55745000	chr4	55285001	55745000	460000	20000	8.540760869565217	95.0%	0.046	0.9785302777017628	0.0485	0.9785302777017628	8.540760869565217	3143	1.9923185901283291	2932.6929646689005
chr4	185580001	185605000	chr4	185370001	185605000	235000	25000	15.774468085106385	95.0%	0.035	0.974190871806874	0.037	0.9741908718068739	15.774468085106383	3707	1.4947812205184292	1756.3679341091542
chr16	2130001	2150000	chr16	1915001	2150000	235000	20000	9.48936170212766	95.0%	0.052	0.9739531266810384	0.057	0.9739531266810383	9.48936170212766	1784	1.175267885747378	883.8014500820282
chr15	41450001	41475000	chr15	41450001	41810000	360000	25000	9.261111111111113	96.0%	0.0765	0.9734379927761888	0.083	0.9734379927761888	9.261111111111111	3334	2.008935247720636	3616.0834458971453
chr1	233775001	233800000	chr1	233360001	233800000	440000	25000	10.238636363636363	97.0%	0.0985	0.9717362886662804	0.1015	0.9717362886662805	10.238636363636363	4505	2.9648036276518535	6522.567980834077
chr3	182700001	182725000	chr3	182700001	183120000	420000	25000	9.704761904761906	95.0%	0.049	0.9704381570218736	0.051000000000000004	0.9704381570218735	9.704761904761904	4076	1.7419500803909609	3658.095168821018
chr10	103845001	103865000	chr10	103715001	103865000	150000	20000	22.675	97.0%	0.015	0.9694025439114023	0.016	0.9694025439114025	22.675	2721	1.94459887188668	933.4074585056064
chr10	95240001	95260000	chr10	95240001	95370000	130000	20000	27.182692307692307	98.0%	0.027	0.9689467072556432	0.031	0.9689467072556432	27.182692307692307	2827	2.3167763052362433	963.7789429782773
chr4	90275001	90290000	chr4	89915001	90290000	375000	15000	11.737777777777778	97.0%	0.031	0.9681244098710992	0.033	0.9681244098710992	11.737777777777778	2641	2.574830028526578	1738.01026925544
chr4	40700001	40725000	chr4	40320001	40725000	405000	25000	9.851851851851851	96.0%	0.051	0.9668067373982356	0.053	0.9668067373982357	9.851851851851851	3990	1.6443320648962765	3329.77243141496
chr6	167345001	167365000	chr6	167185001	167365000	180000	20000	16.51388888888889	97.0%	0.054	0.9645639026026486	0.059	0.9645639026026486	16.51388888888889	2378	1.7348634827809155	999.2813660818073
chr4	128560001	128590000	chr4	128560001	128870000	310000	30000	13.21236559139785	97.0%	0.0675	0.959547439909545	0.07100000000000001	0.959547439909545	13.21236559139785	4915	1.890185477588488	4218.8939859775055
chr8	23385001	23415000	chr8	23050001	23415000	365000	30000	10.463470319634704	95.0%	0.042	0.9593813682996548	0.044	0.9593813682996549	10.463470319634704	4583	1.5925411289507012	4185.198086882443
chr1	3605001	3625000	chr1	3460001	3625000	165000	20000	15.795454545454543	95.0%	0.099	0.9467132532742022	0.107	0.9467132532742022	15.795454545454545	2085	1.4484898681430025	764.8026503795053
chr9	42245001	42270000	chr9	42245001	42395000	150000	25000	21.793333333333333	95.0%	0.0775	0.9441469299520412	0.086	0.9441469299520413	21.793333333333333	3269	0.9817228925173811	736.2921693880359
chr2	158030001	158050000	chr2	158030001	158690000	660000	20000	7.104166666666667	95.0%	0.05	0.9432836583525864	0.0525	0.9432836583525864	7.104166666666667	3751	2.084288727267359	4402.017791988663
chr2	28945001	28965000	chr2	28945001	30085000	1140000	20000	4.218201754385965	95.0%	0.0605	0.9416618455039716	0.059	0.9416618455039716	4.218201754385965	3847	2.16774448814143	7907.931892739935
chr5	31580001	31600000	chr5	31580001	32095000	515000	20000	7.441747572815534	95.0%	0.079	0.9414651436082456	0.085	0.9414651436082457	7.441747572815534	3066	1.8538513712963638	3055.1470598964074
chr3	99825001	99845000	chr3	99825001	100445000	620000	20000	7.399193548387097	95.0%	0.099	0.9398280725507449	0.10300000000000001	0.9398280725507447	7.399193548387097	3670	2.454543239666806	4869.813787498943
chr3	54405001	54435000	chr3	54405001	54925000	520000	30000	7.185897435897435	95.0%	0.0955	0.9366405247915648	0.1	0.9366405247915648	7.185897435897436	4484	1.497485829010473	5606.58694381521
chr10	88815001	88840000	chr10	88815001	89090000	275000	25000	15.62181818181818	97.0%	0.031	0.9319609955149198	0.035	0.9319609955149198	15.621818181818181	4296	1.9422374655646293	2670.576515151365
chr1	167050001	167065000	chr1	166895001	167065000	170000	15000	20.44117647058824	98.0%	0.035	0.9318397529325586	0.039	0.9318397529325586	20.441176470588236	2085	2.838939136927116	868.7153758996976
chr11	32775001	32800000	chr11	32315001	32800000	485000	25000	8.216494845360824	95.0%	0.064	0.9280095909515482	0.067	0.9280095909515482	8.216494845360824	3985	1.9785985658796255	4798.101522258092
chr11	112280001	112300000	chr11	112280001	112585000	305000	20000	12.364754098360656	95.0%	0.076	0.9247710231837348	0.084	0.9247710231837347	12.364754098360656	3017	1.8937125498355811	1848.2634486395273
chr12	3790001	3810000	chr12	3100001	3810000	710000	20000	6.359154929577465	95.0%	0.071	0.9229785813039212	0.074	0.9229785813039211	6.359154929577465	3612	2.554941504953964	5804.827099255406
chr1	203495001	203515000	chr1	203495001	203855000	360000	20000	10.01736111111111	95.0%	0.0625	0.9226537116855448	0.069	0.9226537116855449	10.01736111111111	2885	2.0420750477890355	2352.4704550529686
chr20	38635001	38655000	chr20	38635001	38825000	190000	20000	16.18421052631579	95.0%	0.0265	0.9217004365307484	0.028	0.9217004365307484	16.18421052631579	2460	1.9929587462997473	1211.7189177502464
chr9	33070001	33095000	chr9	33070001	33510000	440000	25000	8.986363636363636	95.0%	0.0645	0.9202266098467372	0.0665	0.9202266098467371	8.986363636363636	3954	2.1725964880946056	4779.7122738081325
chr1	43225001	43245000	chr1	43225001	43415000	190000	20000	17.907894736842106	98.0%	0.0615	0.9199631775149067	0.0675	0.9199631775149067	17.907894736842106	2722	1.9752868116580733	1200.9743814881085
chr3	185985001	186005000	chr3	185985001	186280000	295000	20000	13.809322033898304	98.0%	0.046	0.91826802660965	0.047	0.91826802660965	13.809322033898304	3259	2.3412865346568514	2210.1744887160676
chr3	32650001	32675000	chr3	32175001	32675000	500000	25000	8.145999999999999	95.0%	0.05	0.9171621463441908	0.055	0.9171621463441907	8.146	4073	1.765242900710805	4413.107251777013
chr14	91650001	91670000	chr14	91650001	91920000	270000	20000	13.953703703703704	95.0%	0.0839999999999999	0.9146381038157162	0.0875	0.9146381038157162	13.953703703703704	3014	2.7209864665405736	2350.9323070910555
chr8	129810001	129835000	chr8	129810001	130110000	300000	25000	12.72	95.0%	0.053	0.9146322616218832	0.056999999999999995	0.9146322616218832	12.72	3816	1.672290708652427	2508.4360629786406
chr2	148970001	148990000	chr2	147920001	148990000	1070000	20000	4.793224299065421	95.0%	0.0365	0.9132023481962326	0.036000000000000004	0.9132023481962326	4.793224299065421	4103	2.4483339214504305	8383.095347046274
chr2	226800001	226820000	chr2	225670001	226820000	1150000	20000	4.285869565217391	95.0%	0.065	0.9129921321217592	0.069	0.9129921321217593	4.285869565217391	3943	3.942710854133097	14509.175943209797
chr1	25195001	25220000	chr1	24840001	25220000	380000	25000	9.41578947368421	95.0%	0.0685	0.9109298488696982	0.0725	0.9109298488696982	9.41578947368421	3578	1.831355139004552	3479.5747641086487
chr1	17485001	17505000	chr1	17485001	17700000	215000	20000	14.395348837209305	96.0%	0.022	0.910846013678898	0.024	0.9108460136788981	14.395348837209303	2476	1.8396871549770126	1265.7047626241847
chr11	34915001	34935000	chr11	34915001	35365000	450000	20000	8.744444444444444	95.0%	0.032	0.9106803343280562	0.0345	0.9106803343280562	8.744444444444444	3148	2.228408566021035	3208.9083350702904
chr3	197490001	197510000	chr3	197200001	197510000	310000	20000	12.39516129032258	96.0%	0.0545	0.9090067034888774	0.059	0.9090067034888774	12.39516129032258	3074	2.3217349367681543	2303.161057274009
chr20	35980001	36000000	chr20	35980001	36205000	225000	20000	15.055555555555555	95.0%	0.038	0.9082578125611708	0.042	0.9082578125611707	15.055555555555555	2710	2.421831369946362	1743.7185863613806
chr17	58435001	58460000	chr17	58115001	58460000	345000	25000	11.730434782608697	95.0%	0.033	0.9054689720173116	0.036	0.9054689720173115	11.730434782608695	4047	2.6835302873221667	4629.0897456307375
chr7	77065001	77085000	chr7	77065001	77365000	300000	20000	7.575	96.0%	0.0315	0.9049791434476574	0.035500000000000004	0.9049791434476574	7.575	1818	0.9719771563605271	933.098070106106
chr19	7320001	7340000	chr19	7095001	7340000	245000	20000	13.525510204081632	96.0%	0.039	0.9020528824645304	0.042	0.9020528824645304	13.525510204081632	2651	2.9271016233543676	2294.847672709824
chr2	95995001	96015000	chr2	95995001	96265000	270000	20000	9.697115384615383	95.0%	0.028	0.9005474800743964	0.0295	0.9005474800743964	9.337962962962964	2017	0.9809855807329181	847.5715417532413
chr3	194120001	194140000	chr3	193810001	194140000	330000	20000	10.136363636363637	96.0%	0.067	0.8991484126268742	0.069	0.8991484126268742	10.136363636363637	2676	1.771461680463208	1870.6635345691475
chr19	40655001	40675000	chr19	40655001	41155000	500000	20000	6.02	95.0%	0.094	0.8906436942303556	0.099	0.8906436942303556	6.02	2408	2.1443977450015956	3431.036392002553
chr8	140630001	140645000	chr8	140360001	140645000	285000	15000	10.701754385964913	95.0%	0.063	0.8894757748742838	0.068	0.8894757748742838	10.701754385964913	1830	1.6463624854345995	844.5839550279495
chr7	26680001	26705000	chr7	26680001	27175000	495000	25000	8.555555555555555	95.0%	0.069	0.8881185331459762	0.075	0.8881185331459762	8.555555555555555	4235	2.030191586641847	5024.724176938571
chr5	128185001	128205000	chr5	127800001	128205000	405000	20000	10.848765432098766	96.0%	0.055	0.8847161999720888	0.06	0.8847161999720888	10.848765432098766	3515	2.101582302926912	2723.650664593278
chr6	125290001	125315000	chr6	125140001	125315000	175000	25000	21.285714285714285	97.0%	0.044	0.8808164866357603	0.049	0.8808164866357603	21.285714285714285	3725	1.8978267844527137	1660.5984363961245
chr9	92615001	92635000	chr9	92270001	92635000	365000	20000	10.804794520547944	96.0%	0.036	0.8802708878239036	0.039	0.8802708878239036	10.804794520547945	3155	2.2522520590446398	2630.6304049641394
chr5	146415001	146435000	chr5	146035001	146435000	400000	20000	9.353125	95.0%	0.0345	0.8768554848580384	0.0375	0.8768554848580384	9.353125	2993	1.7199476457181588	2201.5329865192434
chr9	90225001	90250000	chr9	90225001	90765000	540000	25000	8.374074074074075	96.0%	0.065	0.8740964822720437	0.0685	0.8740964822720437	8.374074074074073	4522	3.7152058932614143	10031.055911805819
chr11	72460001	72485000	chr11	72460001	72685000	225000	25000	16.093333333333334	95.0%	0.027	0.8731808787078755	0.031	0.8731808787078755	16.093333333333334	3621	1.5037256401625054	1691.6913451828186
chr11	78635001	78655000	chr11	78635001	79100000	465000	20000	7.940860215053763	96.0%	0.064	0.8726119185998961	0.067	0.8726119185998961	7.940860215053763	2954	1.9431036423074035	2891.3382197534165
chr4	10575001	10595000	chr4	10575001	11630000	1055000	20000	4.580568720379147	95.0%	0.084	0.8711956043136206	0.086	0.8711956043136206	4.580568720379147	3866	3.0458723368454272	10282.865009190162
chr6	56625001	56645000	chr6	56625001	56855000	230000	20000	17.33695652173913	96.0%	0.03	0.8700209960718004	0.0305	0.8700209960718004	17.33695652173913	3190	1.967043904420195	1447.7443136532636
chr3	90525001	90545000	chr3	90525001	90710000	185000	20000	20.824324324324323	97.0%	0.023	0.8698136559175311	0.026	0.8698136559175311	20.824324324324323	3082	2.3789354698139844	1408.3297981298788
chr6	110515001	110535000	chr6	110515001	111040000	525000	20000	8.326190476190476	95.0%	0.054	0.8693193402758814	0.057	0.8693193402758814	8.326190476190476	3497	2.3855131276666284	4007.6620544799357
chr5	72505001	72535000	chr5	72330001	72535000	205000	30000	18.495934959349597	95.0%	0.04	0.8622905813625673	0.044	0.8622905813625673	18.495934959349594	4550	1.904974551749657	2811.7424383824937
chr5	80655001	80680000	chr5	80310001	80680000	370000	25000	10.402702702702705	96.0%	0.095	0.8589317915161493	0.1	0.8589317915161493	10.402702702702703	3849	1.8773274000676363	3473.055690125127
chr2	39200001	39235000	chr2	38530001	39235000	705000	35000	10.261398176291792	95.0%	0.056	0.8572295693251605	0.057	0.8572295693251605	10.261398176291793	10128	2.1081998383672538	14565.552683279355
chr4	82190001	82215000	chr4	81390001	82215000	825000	25000	6.57939393939394	97.0%	0.026	0.8548486849462011	0.027	0.8548486849462011	6.579393939393939	5428	3.5897353974820096	14807.65851461329
chr2	108570001	108590000	chr2	108220001	108590000	370000	20000	11.08783783783784	95.0%	0.034	0.8547005468013443	0.036500000000000005	0.8547005468013443	11.087837837837839	3282	1.9622144637015082	2323.2619250225857
chr2	235130001	235150000	chr2	235130001	235595000	465000	20000	8.540322580645162	96.0%	0.039	0.8544903251751746	0.041	0.8544903251751746	8.540322580645162	3177	1.8551495908959688	2760.4625912532015
chr5	148685001	148720000	chr5	148170001	148720000	550000	35000	8.851948051948051	96.0%	0.0315	0.8531387685166967	0.0315	0.8531387685166967	8.851948051948051	6816	2.436722399554433	13133.933733598395
chr2	106625001	106645000	chr2	106625001	107665000	1040000	20000	4.331730769230769	95.0%	0.067	0.8525532003679653	0.0685	0.8525532003679653	4.331730769230769	3604	2.3318100688480183	7760.263909126205
chr7	76000001	76025000	chr7	75750001	76025000	275000	25000	12.061818181818182	97.0%	0.047	0.8493701359819632	0.052	0.8493701359819632	12.061818181818182	3317	1.495866977949312	2056.817094680304
chr10	91905001	91930000	chr10	91620001	91930000	310000	25000	11.109677419354838	97.0%	0.0455	0.8491854118297535	0.0475	0.8491854118297535	11.109677419354838	3444	1.99244894036393	3088.2958575640914
chr18	49850001	49875000	chr18	49520001	49875000	355000	25000	9.47887323943662	96.0%	0.071	0.8478435724871891	0.077	0.8478435724871891	9.47887323943662	3365	1.7995188782560751	3194.1460089045336
chr5	80090001	80105000	chr5	80090001	80330000	240000	15000	15.798611111111112	97.0%	0.05	0.8453894013465738	0.053000000000000005	0.8453894013465738	15.79861111111111	2275	2.429659380307252	1049.612852292733
chr2	85125001	85145000	chr2	85125001	85295000	170000	20000	24.808823529411764	97.0%	0.0289999999999999	0.8451720009300834	0.032	0.8451720009300834	24.808823529411764	3374	2.1481274756912603	1168.5813467760456
chr5	141685001	141705000	chr5	141685001	141965000	280000	20000	14.040178571428571	97.0%	0.0665	0.8449556928160121	0.07100000000000001	0.8449556928160121	14.040178571428571	3145	2.4026581667948093	2152.7817174481493
chr2	46975001	46995000	chr2	46975001	47325000	350000	20000	15.667857142857144	98.0%	0.035	0.8438865493036745	0.037	0.8438865493036745	15.667857142857143	4387	2.4751662096418436	2772.186154798865
chr5	96595001	96625000	chr5	96595001	97015000	420000	30000	9.972222222222223	95.0%	0.0555	0.8388430086944128	0.057	0.8388430086944128	9.972222222222221	5026	1.580838193470408	4780.454697054514
chr1	165890001	165920000	chr1	165605001	165920000	315000	30000	12.351851851851851	97.0%	0.095	0.8386610615011452	0.103	0.8386610615011452	12.351851851851851	4669	2.1025682338005094	4768.624754259556
chr1	211685001	211705000	chr1	211685001	212055000	370000	20000	10.95608108108108	98.0%	0.0905	0.8380259222076507	0.096	0.8380259222076507	10.95608108108108	3243	2.6755944234067255	3167.903797313563
chr6	122600001	122620000	chr6	122600001	122860000	260000	20000	15.004807692307692	95.0%	0.0385	0.8372837011406825	0.040999999999999995	0.8372837011406825	15.004807692307692	3121	1.9975282802892345	1661.943529200643
chr18	55225001	55250000	chr18	55225001	55875000	650000	25000	6.303076923076923	97.0%	0.0475	0.8372642987048825	0.05	0.8372642987048825	6.303076923076923	4097	2.03104246853103	6600.888022725849
chr7	106535001	106555000	chr7	106535001	106790000	255000	20000	15.230392156862743	97.0%	0.058	0.834984713706015	0.059	0.834984713706015	15.230392156862745	3107	1.8745405814101412	1529.6251144306752
chr18	15380001	15410000	chr18	14865001	15410000	545000	30000	6.391437308868501	95.0%	0.031	0.8348073951828632	0.034	0.8348073951828632	6.391437308868501	4180	0.977659547952013	3836.3360661636993
chr13	95815001	95840000	chr13	95385001	95840000	455000	25000	8.694505494505496	95.0%	0.098	0.8339498189810192	0.101	0.8339498189810192	8.694505494505494	3956	2.255544897710439	5131.364642291249
chr13	26985001	27005000	chr13	26985001	27360000	375000	20000	10.75	95.0%	0.083	0.8321974807423325	0.09	0.8321974807423325	10.75	3225	2.9891829763558566	3587.019571627028
chr2	111885001	111905000	chr2	111885001	112135000	250000	20000	14.7	97.0%	0.0335	0.8309386415237269	0.037	0.8309386415237269	14.7	2940	1.9460626442650386	1556.8501154120308
chr6	39305001	39330000	chr6	38960001	39330000	370000	25000	9.37837837837838	98.0%	0.04	0.830769357876265	0.042499999999999996	0.830769357876265	9.378378378378379	3470	1.8645746179920022	3449.463043285204
chr7	45110001	45140000	chr7	44795001	45140000	345000	30000	9.490338164251208	96.0%	0.037	0.827591975425306	0.041	0.827591975425306	9.490338164251208	3929	1.2349087729720898	3067.5133920626713
chr3	132235001	132260000	chr3	132235001	132545000	310000	25000	13.819354838709677	95.0%	0.0315	0.8257939144203019	0.033	0.8257939144203019	13.819354838709678	4284	1.960410832752577	3038.6367907664944
chr6	135525001	135545000	chr6	135525001	136220000	695000	20000	7.073741007194244	95.0%	0.047	0.820933335484499	0.048	0.820933335484499	7.073741007194244	3933	2.8101556465130284	6249.786157844975
chr8	122060001	122090000	chr8	122060001	122650000	590000	30000	7.77683615819209	95.0%	0.075	0.8202695539690811	0.075	0.8202695539690811	7.77683615819209	5506	2.2530955902489906	9571.150067377712
chr5	146040001	146060000	chr5	145690001	146060000	370000	20000	11.030405405405403	96.0%	0.0305	0.8181251672327552	0.033	0.8181251672327552	11.030405405405405	3265	2.32682015076639	2754.955058507406
chr3	129635001	129655000	chr3	129635001	129940000	305000	20000	13.336065573770492	96.0%	0.083	0.8177553061564465	0.083	0.8177553061564465	13.336065573770492	3254	2.3381150333783545	2282.000272577274
chr12	25370001	25390000	chr12	25200001	25390000	190000	20000	19.13815789473684	97.0%	0.046	0.815393378216607	0.05	0.815393378216607	19.138157894736842	2909	2.22766668276631	1354.4213431219164
chr10	70540001	70560000	chr10	70540001	70825000	285000	20000	11.241228070175438	96.0%	0.069	0.8133037928649925	0.076	0.8133037928649925	11.241228070175438	2563	1.7370985189346577	1584.2338492684078
chr3	170945001	170970000	chr3	170945001	171210000	265000	25000	14.22264150943396	95.0%	0.044	0.8131786526607951	0.048	0.8131786526607951	14.222641509433963	3769	1.7915762767112766	2373.8385666424415
chr2	84295001	84320000	chr2	83780001	84320000	540000	25000	7.946296296296296	95.0%	0.065	0.8118967452044642	0.068	0.8118967452044642	7.946296296296296	4291	2.1284444806244314	5746.800097685965
chr2	44975001	44995000	chr2	44975001	45470000	495000	20000	11.44949494949495	96.0%	0.048	0.8078517554749224	0.052	0.8078517554749224	11.44949494949495	4534	2.5144572927621502	3982.9003517352457
chr8	2340001	2375000	chr8	2060001	2375000	315000	35000	8.451127819548871	97.0%	0.081	0.8074097573304222	0.085	0.8074097573304222	7.64625850340136	3372	0.576392281415269	1779.3229727289354
chr5	121960001	121980000	chr5	121960001	122190000	230000	20000	15.423913043478262	95.0%	0.038	0.806773824242791	0.042499999999999996	0.806773824242791	15.423913043478262	2838	1.5181567477353597	1117.3633663332248
chr10	52200001	52225000	chr10	51005001	52225000	1220000	25000	3.9196721311475407	95.0%	0.079	0.8030160000558656	0.08	0.8030160000558656	3.919672131147541	4782	3.030148233619902	18483.9042250814
chr8	73160001	73180000	chr8	72860001	73180000	320000	20000	12.9296875	95.0%	0.034	0.8029926313235121	0.036500000000000005	0.8029926313235121	12.9296875	3310	2.094796569846018	2145.0716875223225
chr2	16740001	16765000	chr2	16520001	16765000	245000	25000	15.416326530612244	96.0%	0.045	0.7954233173914803	0.05	0.7954233173914803	15.416326530612245	3777	1.7513546697135918	2145.40947039915
chr10	14180001	14205000	chr10	14180001	14490000	310000	25000	11.13225806451613	96.0%	0.069	0.7952894413346429	0.074	0.7952894413346429	11.13225806451613	3451	1.6579222694312963	2569.779517618509
chr11	63625001	63650000	chr11	63125001	63650000	525000	25000	7.443809523809523	95.0%	0.062	0.7945095395866644	0.066	0.7945095395866644	7.443809523809524	3908	1.8045709536483632	4736.998753326953
chr6	106965001	106985000	chr6	106570001	106985000	415000	20000	9.286144578313252	96.0%	0.04	0.7923645273968004	0.043	0.7923645273968004	9.286144578313253	3083	2.5162003686320356	3341.5140895433433
chr12	70555001	70580000	chr12	70040001	70580000	540000	25000	7.998148148148148	95.0%	0.0839999999999999	0.7920591378470299	0.088	0.7920591378470299	7.9981481481481485	4319	1.927813335902506	5205.096006936767
chr17	36110001	36145000	chr17	35915001	36145000	230000	35000	21.50621118012422	96.0%	0.0569999999999999	0.791330183206104	0.0595	0.791330183206104	21.506211180124225	6925	2.4508492593337627	5524.214230538301
chr19	42100001	42135000	chr19	42100001	42350000	250000	35000	12.622857142857145	95.0%	0.08	0.7898421454127491	0.0865	0.7898421454127491	12.622857142857143	4418	1.8375423261228485	4501.978699000979
chr2	60535001	60555000	chr2	60155001	60555000	400000	20000	14.321875	96.0%	0.0355	0.7888809375842865	0.0385	0.7888809375842865	14.321875	4583	2.3184545362752784	2967.6218064323566
chr2	71795001	71815000	chr2	71795001	72155000	360000	20000	15.743055555555555	97.0%	0.0465	0.7864957455895373	0.048	0.7864957455895373	15.743055555555555	4534	2.2340762076946765	2573.6557912642675
chr2	222700001	222715000	chr2	222700001	222945000	245000	15000	16.102040816326532	97.0%	0.03	0.7813938927528504	0.034	0.7813938927528504	16.102040816326532	2367	2.348489872715291	1035.6840338674433
chr7	143010001	143030000	chr7	143010001	143215000	205000	20000	18.78048780487805	97.0%	0.092	0.7802795532764055	0.099	0.7802795532764055	18.78048780487805	3080	2.4481413415658535	1605.9807200671999
chr6	42035001	42055000	chr6	41775001	42055000	280000	20000	11.214285714285714	97.0%	0.0424999999999999	0.777224292185978	0.045	0.777224292185978	11.214285714285714	2512	1.8169816139654844	1628.015526113074
chr2	210180001	210205000	chr2	209330001	210205000	875000	25000	5.88	95.0%	0.052	0.7768668856009268	0.053	0.7768668856009268	5.88	5145	2.267042957604888	9918.312939521384
chr1	17050001	17070000	chr1	17050001	17405000	355000	20000	9.320422535211268	97.0%	0.072	0.7758808333455907	0.075	0.7758808333455907	9.320422535211268	2647	1.8337983270723406	2083.194899554179
chr2	127190001	127215000	chr2	127190001	127490000	300000	25000	12.393333333333334	96.0%	0.0965	0.7747377144033756	0.101	0.7747377144033756	12.393333333333333	3718	1.652402496321676	2478.603744482514
chr11	36560001	36580000	chr11	36560001	36755000	195000	20000	17.98076923076923	95.0%	0.031	0.7733659816352028	0.035	0.7733659816352028	17.98076923076923	2805	1.6507275218150512	1030.053973612592
chr2	146730001	146755000	chr2	146730001	147125000	395000	25000	10.346835443037977	96.0%	0.095	0.7730877556766933	0.1	0.7730877556766933	10.346835443037975	4087	1.8366174473782773	3627.3194585720976
chr6	139335001	139360000	chr6	138990001	139360000	370000	25000	10.875675675675677	95.0%	0.0435	0.7717469651071038	0.0445	0.7717469651071038	10.875675675675677	4024	1.6964767636182405	3138.4820126937448
chr15	65260001	65285000	chr15	65045001	65285000	240000	25000	14.725	95.0%	0.049	0.7716128318237365	0.0525	0.7716128318237365	14.725	3534	1.8279855173188775	2193.582620782653
chr2	17655001	17680000	chr2	17105001	17680000	575000	25000	7.930434782608695	95.0%	0.049	0.7709701919958697	0.05	0.7709701919958697	7.930434782608696	4560	1.9163474019935491	5509.498780731454
chr5	133100001	133120000	chr5	133100001	133560000	460000	20000	8.328804347826088	96.0%	0.0635	0.7686207922209825	0.066	0.7686207922209825	8.328804347826088	3065	2.1191693092936332	3119.4172232802284
chr7	28615001	28635000	chr7	28300001	28635000	335000	20000	12.462686567164178	96.0%	0.077	0.76810659802238	0.079	0.76810659802238	12.462686567164178	3340	2.3205130533463842	2487.589993187324
chr1	156075001	156095000	chr1	156075001	156235000	160000	20000	18.9921875	98.0%	0.0225	0.7666721593046202	0.025	0.7666721593046202	18.9921875	2431	1.897365402328289	971.451085992084
chr5	1635001	1655000	chr5	1160001	1655000	495000	20000	5.638888888888889	96.0%	0.075	0.7661639576866603	0.08	0.7661639576866603	5.638888888888889	2233	1.5224572731498291	2411.572320669329
chr17	58100001	58120000	chr17	57745001	58120000	375000	20000	10.23	95.0%	0.042	0.757522261267946	0.044	0.757522261267946	10.23	3069	2.4480833509086697	2937.7000210904034
chr2	227645001	227665000	chr2	227645001	227905000	260000	20000	14.5625	96.0%	0.0289999999999999	0.7566316329596955	0.033	0.7566316329596955	14.5625	3029	1.7125822140454483	1424.868402085813
chr11	11790001	11820000	chr11	11790001	12050000	260000	30000	14.955128205128204	95.0%	0.087	0.7562262080911589	0.0935	0.7562262080911589	14.955128205128204	4666	1.8939314459132315	3545.4396667495694
chr2	170790001	170810000	chr2	170440001	170810000	370000	20000	11.33783783783784	95.0%	0.0685	0.7560162767756937	0.07400000000000001	0.7560162767756937	11.337837837837839	3356	1.6577015651690035	1962.7186531601
chr2	10650001	10670000	chr2	10065001	10670000	605000	20000	6.81198347107438	95.0%	0.06	0.7550442830015781	0.063	0.7550442830015781	6.81198347107438	3297	1.6680633790926265	3229.3707019233248
chr12	50305001	50325000	chr12	50075001	50325000	250000	20000	13.575	96.0%	0.0375	0.7543576851299624	0.040999999999999995	0.7543576851299624	13.575	2715	1.8498207853177675	1479.856628254214
chr9	6185001	6210000	chr9	6185001	6410000	225000	25000	17.035555555555554	95.0%	0.062	0.7495357124554489	0.066	0.7495357124554489	17.035555555555554	3833	2.2603827979379414	2542.930647680184
chr12	71215001	71235000	chr12	71215001	71650000	435000	20000	10.031609195402298	95.0%	0.085	0.7482397460720825	0.086	0.7482397460720825	10.031609195402298	3491	2.0078554202851087	2794.9347450368714
chr5	159950001	159970000	chr5	159515001	159970000	455000	20000	9.472527472527473	96.0%	0.076	0.747765695729981	0.079	0.747765695729981	9.472527472527473	3448	2.396803407952516	3489.7457619788634
chr5	174725001	174745000	chr5	174325001	174745000	420000	20000	9.770833333333334	95.0%	0.022	0.7459427569426103	0.023	0.7459427569426103	9.770833333333334	3283	3.0089679942453618	4044.052984265766
chr11	14285001	14305000	chr11	14285001	14470000	185000	20000	19.39189189189189	98.0%	0.03	0.7444200501665372	0.034	0.7444200501665372	19.39189189189189	2870	1.7483907531883867	1035.047325887525
chr2	188500001	188515000	chr2	187580001	188515000	935000	15000	5.53475935828877	95.0%	0.086	0.7437179416027075	0.091	0.7437179416027075	5.53475935828877	3105	3.021054966742381	5084.4355090274275
chr12	19740001	19765000	chr12	19740001	20455000	715000	25000	6.07972027972028	95.0%	0.069	0.7431073548764066	0.075	0.7431073548764066	6.07972027972028	4347	2.255573755432845	8063.676175672421
chr13	50515001	50535000	chr13	50080001	50535000	455000	20000	8.37912087912088	97.0%	0.089	0.7430918425998926	0.097	0.7430918425998926	8.37912087912088	3050	2.317754384570232	3374.6503839342577
chr6	157745001	157765000	chr6	157745001	157965000	220000	20000	15.6875	98.0%	0.025	0.7402983847757683	0.028	0.7402983847757683	15.6875	2761	1.7959373877560851	1264.339920980284
chr1	30910001	30935000	chr1	30735001	30935000	200000	25000	16.04	97.0%	0.0465	0.740254084077751	0.0505	0.740254084077751	16.04	3208	1.8626163054627805	1862.6163054627805
chr6	148455001	148475000	chr6	148180001	148475000	295000	20000	12.940677966101696	98.0%	0.052	0.7402110275573109	0.055	0.7402110275573109	12.940677966101696	3054	1.9637850829866759	1853.813118339422
chr2	21290001	21325000	chr2	21035001	21325000	290000	35000	13.995073891625616	95.0%	0.048	0.7369347107903804	0.051000000000000004	0.7369347107903804	13.995073891625616	5682	1.6012573367617744	4550.773351076963
chr3	129230001	129250000	chr3	128970001	129250000	280000	20000	13.433035714285714	95.0%	0.0365	0.7363738426753519	0.04	0.7363738426753519	13.433035714285714	3009	1.8033022455374754	1615.758812001578
chr4	39130001	39150000	chr4	38745001	39150000	405000	20000	10.367283950617283	96.0%	0.074	0.7343570318571174	0.081	0.7343570318571174	10.367283950617283	3359	2.3447315193867073	3038.7720491251725
chr15	74350001	74375000	chr15	74350001	74690000	340000	25000	9.358823529411763	96.0%	0.055	0.7330523504809786	0.059	0.7330523504809786	9.358823529411765	3182	1.6805034741076688	2856.855905983037
chr14	34655001	34690000	chr14	34655001	35145000	490000	35000	8.269679300291545	95.0%	0.0805	0.728267001276022	0.087	0.728267001276022	8.269679300291545	5673	2.265807446877942	10880.407359907877
chr10	59555001	59585000	chr10	59280001	59585000	305000	30000	13.01639344262295	95.0%	0.087	0.7271810767261861	0.086	0.7271810767261861	13.01639344262295	4764	1.8676387085614887	4101.334604001029
chr7	121535001	121555000	chr7	121120001	121555000	435000	20000	10.21264367816092	96.0%	0.052	0.7269014258225894	0.053	0.7269014258225894	10.21264367816092	3554	2.9450770629078784	4099.547271567767
chr2	216390001	216415000	chr2	216105001	216415000	310000	25000	13.48709677419355	98.0%	0.0895	0.7263689986011899	0.0935	0.7263689986011899	13.487096774193548	4181	1.7757145534022698	2752.3575577735182
chr12	21150001	21185000	chr12	20645001	21185000	540000	35000	7.958994708994709	95.0%	0.0995	0.7258396132397072	0.106	0.7258396132397072	7.958994708994709	6017	2.3576206123986716	12476.52828081377
chr1	53480001	53500000	chr1	53480001	53765000	285000	20000	11.763157894736842	95.0%	0.063	0.7255272831442001	0.069	0.7255272831442001	11.763157894736842	2682	1.9063946059780792	1738.6318806520082
chr7	7415001	7435000	chr7	7415001	8230000	815000	20000	5.754601226993865	96.0%	0.054	0.7251176021828167	0.055	0.7251176021828167	5.754601226993865	3752	2.1596400490907226	5632.341248028604
chr11	29330001	29350000	chr11	28890001	29350000	460000	20000	8.730978260869565	95.0%	0.0365	0.7249339737523155	0.0385	0.7249339737523155	8.730978260869565	3213	1.9077557104924419	2808.2164058448743
chr7	5485001	5505000	chr7	5485001	5710000	225000	20000	11.71111111111111	98.0%	0.032	0.7228282701129003	0.034	0.7228282701129003	11.71111111111111	2108	1.3091868989142825	942.6145672182835
chr10	114455001	114480000	chr10	114455001	114825000	370000	25000	10.924324324324324	97.0%	0.07	0.7221949493997424	0.0735	0.7221949493997424	10.924324324324324	4042	2.0364294544684447	3767.3944907666228
chr11	122615001	122650000	chr11	122615001	122865000	250000	35000	14.894285714285717	96.0%	0.022	0.7173233707038243	0.0235	0.7173233707038243	14.894285714285715	5213	2.006286857518012	4915.40280091913
chr1	246485001	246505000	chr1	246485001	246765000	280000	20000	12.058035714285714	95.0%	0.074	0.7154550648784316	0.07999999999999999	0.7154550648784316	12.058035714285714	2701	1.8848427500785525	1688.819104070383
chr6	42530001	42550000	chr6	42130001	42550000	420000	20000	9.55952380952381	95.0%	0.0834999999999999	0.7152858442569643	0.0895	0.7152858442569643	9.55952380952381	3212	1.7579210323915775	2362.64586753428
chr3	40165001	40185000	chr3	39635001	40185000	550000	20000	7.445454545454545	95.0%	0.0865	0.7151050308555592	0.0885	0.7151050308555592	7.445454545454545	3276	2.126750621374149	3743.081093618502
chr6	134800001	134825000	chr6	134410001	134825000	415000	25000	10.43855421686747	96.0%	0.078	0.711814089402931	0.081	0.711814089402931	10.43855421686747	4332	1.866943699630195	3873.9081767326543
chr14	106250001	106270000	chr14	105935001	106270000	335000	20000	16.32377049180328	95.0%	0.046	0.7106636692122396	0.052	0.7106636692122396	14.861940298507463	3983	2.225924609808464	2386.191181714674
chr1	33445001	33465000	chr1	33235001	33465000	230000	20000	15.701086956521738	96.0%	0.0775	0.7106252093006274	0.0815	0.7106252093006274	15.701086956521738	2889	1.738185659087734	1279.3046450885722
chr3	53370001	53390000	chr3	53370001	53920000	550000	20000	7.4	95.0%	0.076	0.7104220344264583	0.08	0.7104220344264583	7.4	3256	2.1099865926373735	3713.5764030417777
chr3	87490001	87515000	chr3	87255001	87515000	260000	25000	13.523076923076925	96.0%	0.052	0.7099613799009523	0.056999999999999995	0.7099613799009523	13.523076923076923	3516	2.072267143137736	2693.9472860790565
chr9	124115001	124140000	chr9	124115001	124400000	285000	25000	12.056140350877191	97.0%	0.097	0.7080633526816266	0.103	0.7080633526816266	12.056140350877193	3436	1.964866510688352	2799.9347777309017
chr10	75000001	75025000	chr10	74700001	75025000	325000	25000	12.95076923076923	96.0%	0.085	0.7070283219834093	0.087	0.7070283219834093	12.95076923076923	4209	1.8547953212135981	3014.042396972097
chr4	2165001	2190000	chr4	1910001	2190000	280000	25000	13.946428571428571	96.0%	0.0475	0.7069303777692819	0.051500000000000004	0.7069303777692819	13.946428571428571	3905	1.6386779072490103	2294.1490701486146
chr12	96980001	97005000	chr12	96980001	98010000	1030000	25000	5.167961165048544	95.0%	0.054	0.705604656412916	0.058	0.705604656412916	5.167961165048544	5323	3.4834817408260044	17939.930965253923
chr3	34670001	34690000	chr3	33940001	34690000	750000	20000	5.973333333333334	97.0%	0.0755	0.704041699407645	0.0775	0.704041699407645	5.973333333333334	3584	2.6909082459831057	6458.179790359454
chr9	22110001	22130000	chr9	21865001	22130000	265000	20000	14.44811320754717	96.0%	0.093	0.7024529538829662	0.095	0.7024529538829662	14.44811320754717	3063	2.2859344283951333	1938.472395279073
chr12	53330001	53360000	chr12	53330001	53520000	190000	30000	17.399122807017545	95.0%	0.047	0.7018647571913657	0.051500000000000004	0.7018647571913657	17.399122807017545	3967	1.447925454415803	1980.7620216408184
chr3	141565001	141585000	chr3	141565001	141925000	360000	20000	11.14236111111111	95.0%	0.039	0.7017890142856616	0.041499999999999995	0.7017890142856616	11.14236111111111	3209	1.6547192010161698	1906.2365195706275
chr2	172450001	172470000	chr2	172160001	172470000	310000	20000	12.983870967741936	98.0%	0.06	0.70151726308613	0.0625	0.70151726308613	12.983870967741936	3220	2.295644185027432	2277.2790315472125
chr1	205235001	205260000	chr1	204865001	205260000	395000	25000	9.620253164556962	97.0%	0.079	0.6962449290356671	0.085	0.6962449290356671	9.620253164556962	3800	1.7534947958300349	3463.1522217643187
chr18	31410001	31435000	chr18	31410001	31570000	160000	25000	21.53125	98.0%	0.0315	0.6960534036796673	0.035500000000000004	0.6960534036796673	21.53125	3445	1.8687918921611515	1495.0335137289212
chr7	87785001	87805000	chr7	87785001	88180000	395000	20000	10.2626582278481	96.0%	0.058	0.6960378814674928	0.06	0.6960378814674928	10.262658227848101	3243	2.300080014503185	2907.301138332026
chr10	58155001	58185000	chr10	58155001	58395000	240000	30000	16.333333333333332	95.0%	0.039	0.6942534478824893	0.041499999999999995	0.6942534478824893	16.333333333333332	4704	1.9105684622189667	3301.4623027143743
chr8	18200001	18220000	chr8	18200001	18880000	680000	20000	7.485294117647059	95.0%	0.0745	0.6904456500672616	0.079	0.6904456500672616	7.485294117647059	4072	3.705144329465995	8062.394060918005
chr5	141205001	141230000	chr5	141205001	141570000	365000	25000	9.205479452054794	95.0%	0.07	0.688917715055709	0.072	0.688917715055709	9.205479452054794	3360	1.844197525344752	3365.660483754172
chr4	140245001	140265000	chr4	140005001	140265000	260000	20000	15.004807692307692	96.0%	0.055	0.6852195121721637	0.058499999999999996	0.6852195121721637	15.004807692307692	3121	1.9325750391472416	1607.902432570505
chr10	91230001	91255000	chr10	90900001	91255000	355000	25000	12.833802816901407	95.0%	0.033	0.6848733617814321	0.036	0.6848733617814321	12.83380281690141	4556	2.8997209620291002	5147.004707601653
chr4	7065001	7085000	chr4	6865001	7085000	220000	20000	13.215909090909092	98.0%	0.0395	0.6825625143968981	0.043	0.6825625143968981	13.215909090909092	2326	1.2378971080006276	871.4795640324418
chr3	42240001	42260000	chr3	42240001	42560000	320000	20000	11.94921875	95.0%	0.047	0.6814464214357032	0.0505	0.6814464214357032	11.94921875	3059	2.6781506219386477	2742.4262368651753
chr14	101685001	101705000	chr14	101685001	101930000	245000	20000	12.95408163265306	95.0%	0.086	0.6790921800922256	0.092	0.6790921800922256	12.954081632653061	2539	1.563955594663844	1226.1411862164537
chr2	108210001	108235000	chr2	108210001	108455000	245000	25000	15.746938775510204	96.0%	0.03	0.6780518555307413	0.032	0.6780518555307413	15.746938775510204	3858	1.4521398792208564	1778.871352045549
chr7	117115001	117135000	chr7	116570001	117135000	565000	20000	7.522123893805309	95.0%	0.078	0.677034254798748	0.078	0.677034254798748	7.522123893805309	3400	1.8645373919698387	3371.0836046814684
chr7	47805001	47825000	chr7	47455001	47825000	370000	20000	10.388513513513514	96.0%	0.067	0.6750260760175404	0.07150000000000001	0.6750260760175404	10.388513513513514	3075	1.9241437535486536	2278.186204201606
chr12	12695001	12715000	chr12	11545001	12715000	1170000	20000	4.147435897435898	95.0%	0.0485	0.674694265838884	0.051000000000000004	0.674694265838884	4.147435897435898	3882	2.7440871991679208	10273.862473684696
chr1	152050001	152065000	chr1	152050001	152525000	475000	15000	9.536842105263158	95.0%	0.068	0.6742053000574187	0.069	0.6742053000574187	9.536842105263158	2718	2.1699641300750168	1855.3193312141393
chr9	92135001	92155000	chr9	92135001	92485000	350000	20000	9.45357142857143	97.0%	0.098	0.673370597984184	0.10400000000000001	0.673370597984184	9.45357142857143	2647	2.1233565323069383	2378.159316183771
chr8	56775001	56795000	chr8	56775001	56940000	165000	20000	19.96969696969697	95.0%	0.086	0.6732943324313361	0.094	0.6732943324313361	19.96969696969697	2636	1.9562374744613464	1032.893386515591
chr7	117705001	117725000	chr7	117210001	117725000	515000	20000	8.983009708737864	95.0%	0.044	0.6713657576551215	0.046	0.6713657576551215	8.983009708737864	3701	2.725917218236843	4492.3115756543175
chr6	16170001	16200000	chr6	15740001	16200000	460000	30000	8.432971014492754	96.0%	0.0725	0.6699639406644867	0.076	0.6699639406644867	8.432971014492754	4655	1.788789655358519	5924.471338547415
chr2	19940001	19970000	chr2	19940001	20350000	410000	30000	11.347560975609754	95.0%	0.0595	0.6697392925471131	0.0645	0.6697392925471131	11.347560975609756	5583	1.8963211971982725	5597.9401741293
chr2	130320001	130340000	chr2	129945001	130340000	395000	20000	8.933544303797468	96.0%	0.033	0.668428269085063	0.036	0.668428269085063	8.933544303797468	2823	1.2365072616147195	1562.9451786810055
chr11	82305001	82325000	chr11	82305001	82625000	320000	20000	11.234375	96.0%	0.0885	0.6673797708822385	0.095	0.6673797708822385	11.234375	2876	1.7351623233359592	1776.8062190960222
chr6	144095001	144125000	chr6	144095001	144410000	315000	30000	12.96031746031746	95.0%	0.081	0.6658653628312756	0.089	0.6658653628312756	12.96031746031746	4899	1.5427418587303032	3498.9385356003277
chr6	113100001	113120000	chr6	113100001	113800000	700000	20000	8.871428571428572	95.0%	0.0435	0.6621233370567114	0.0455	0.6621233370567114	8.871428571428572	4968	2.0252805331663026	4536.628394292518
chr12	123220001	123240000	chr12	122950001	123240000	290000	20000	12.362068965517242	97.0%	0.053	0.6616559820538092	0.057499999999999996	0.6616559820538092	12.362068965517242	2868	1.6801404240690592	1559.170313536087
chr1	228110001	228130000	chr1	228110001	228440000	330000	20000	11.518939393939394	95.0%	0.075	0.6613313838563368	0.0795	0.6613313838563368	11.518939393939394	3041	1.1347044172675314	1198.247864634513
chr2	75395001	75415000	chr2	74910001	75415000	505000	20000	8.410891089108912	95.0%	0.081	0.6612617408318171	0.082	0.6612617408318171	8.410891089108912	3398	2.0594643869902716	3328.094449376279
chr5	65730001	65750000	chr5	65730001	66225000	495000	20000	8.696969696969697	95.0%	0.053	0.6606424814095815	0.058	0.6606424814095815	8.696969696969697	3444	2.4108045409243615	3818.7143928241885
chr18	5865001	5885000	chr18	5865001	6475000	610000	20000	6.202868852459017	96.0%	0.071	0.6604442058473495	0.072	0.6604442058473495	6.202868852459017	3027	2.253382155809766	4398.601968140663
chr7	121125001	121145000	chr7	121125001	121400000	275000	20000	14.981818181818182	96.0%	0.064	0.6599057843451676	0.066	0.6599057843451676	14.981818181818182	3296	2.3058668533643423	2029.1628309606212
chr3	142260001	142280000	chr3	141950001	142280000	330000	20000	12.594696969696969	95.0%	0.043	0.6583156992716029	0.045	0.6583156992716029	12.594696969696969	3325	1.7581782735283418	1856.636256845929
chr11	2040001	2065000	chr11	2040001	2375000	335000	25000	19.859701492537315	95.0%	0.043	0.6564166917217367	0.046	0.6564166917217367	19.859701492537315	6653	1.9075535069885305	3195.152124205789
chr1	31645001	31670000	chr1	31645001	31795000	150000	25000	19.9	95.0%	0.0285	0.6507297629933069	0.032	0.6507297629933069	19.9	2985	1.5290135034128804	1146.7601275596603
chr14	102295001	102320000	chr14	102045001	102320000	275000	25000	11.963636363636365	97.0%	0.082	0.6487953851478881	0.085	0.6487953851478881	11.963636363636363	3290	1.7908423035423726	2462.4081673707624
chr20	20075001	20095000	chr20	20075001	20460000	385000	20000	9.457792207792208	95.0%	0.085	0.6486430691484321	0.089	0.6486430691484321	9.457792207792208	2913	2.190213580150125	2698.3431307449537
chr7	102215001	102240000	chr7	101815001	102240000	425000	25000	8.317647058823528	96.0%	0.066	0.646825011294299	0.07	0.646825011294299	8.31764705882353	3535	1.6495436691804435	3505.280297008442
chr12	48155001	48175000	chr12	47855001	48175000	320000	20000	11.140625	95.0%	0.0355	0.6438932333241597	0.038	0.6438932333241597	11.140625	2852	1.981111110382695	2028.6577770318797
chr8	100935001	100955000	chr8	100935001	101215000	280000	20000	12.522321428571429	97.0%	0.044	0.6431175436712563	0.0465	0.6431175436712563	12.522321428571429	2805	2.125913573611188	1904.8185619556243
chr18	23500001	23525000	chr18	23500001	23920000	420000	25000	8.792857142857143	95.0%	0.077	0.6417640715051152	0.0795	0.6417640715051152	8.792857142857143	3693	1.822814267828149	3827.909962439113
chr18	3565001	3590000	chr18	3275001	3590000	315000	25000	11.714285714285714	95.0%	0.061	0.6411498428563343	0.064	0.6411498428563343	11.714285714285714	3690	2.0017443566011206	3152.747361646765
chr4	3975001	3995000	chr4	3975001	4170000	195000	20000	12.75	98.0%	0.034	0.6405538099874792	0.038	0.6405538099874792	12.75	1989	1.2987432589627708	810.415793592769
chr3	138910001	138935000	chr3	138320001	138935000	615000	25000	6.765853658536585	95.0%	0.073	0.6392987657445067	0.071	0.6392987657445067	6.765853658536585	4161	2.317671700544549	7126.840479174488
chr6	46835001	46860000	chr6	46835001	47060000	225000	25000	16.462222222222223	98.0%	0.052	0.6386292315779801	0.058	0.6386292315779801	16.462222222222223	3704	2.0063864002581218	2257.184700290387
chr9	15200001	15220000	chr9	15200001	15620000	420000	20000	9.735119047619047	96.0%	0.0715	0.6365889727712748	0.0755	0.6365889727712748	9.735119047619047	3271	2.6739792808693936	3593.828153488465
chr11	10315001	10335000	chr11	9625001	10335000	710000	20000	6.286971830985915	96.0%	0.045	0.6355256283519365	0.048	0.6355256283519365	6.286971830985915	3571	2.6338013715617854	5983.996716188376
chr2	138355001	138375000	chr2	137890001	138375000	485000	20000	9.301546391752575	95.0%	0.046	0.6293011827025937	0.052	0.6293011827025937	9.301546391752577	3609	2.2263992919436633	3455.3717010965656
chr3	15610001	15635000	chr3	15610001	16040000	430000	25000	10.06279069767442	95.0%	0.074	0.6288134266348352	0.079	0.6288134266348352	10.06279069767442	4327	1.940843380795337	4172.813268709974
chr4	128175001	128200000	chr4	128175001	128670000	495000	25000	7.816161616161617	95.0%	0.082	0.624209048246687	0.084	0.624209048246687	7.816161616161616	3869	1.4374293388644819	3557.6376136895924
chr4	10530001	10550000	chr4	10250001	10550000	300000	20000	11.258333333333333	96.0%	0.0315	0.6233983743861546	0.034	0.6233983743861546	11.258333333333333	2702	1.3913502804529765	1335.6962692348575
chr1	2640001	2660000	chr1	2640001	3010000	370000	20000	11.416666666666666	95.0%	0.056	0.6215476862798159	0.061	0.6215476862798159	10.182432432432432	3014	1.1004158086782674	1302.8923174750685
chr3	146550001	146580000	chr3	146335001	146580000	245000	30000	15.537414965986397	98.0%	0.057	0.6211492064861058	0.062	0.6211492064861058	15.537414965986395	4568	1.5966285624834808	2816.4527842208604
chr18	49165001	49185000	chr18	48895001	49185000	290000	20000	12.116379310344827	96.0%	0.0635	0.62109750845695	0.066	0.62109750845695	12.116379310344827	2811	1.6451828879263815	1526.729719995682
chr4	2210001	2235000	chr4	2210001	2730000	520000	25000	7.3538461538461535	95.0%	0.0915	0.6207923310693046	0.0985	0.6207923310693046	7.3538461538461535	3824	1.3154637264250333	3420.2056887050867
chr3	153030001	153045000	chr3	153030001	153485000	455000	15000	8.098901098901099	96.0%	0.04	0.616796108507903	0.043	0.616796108507903	8.098901098901099	2211	1.9542912042735887	1600.564496300069
chr3	87285001	87305000	chr3	87285001	88035000	750000	20000	6.51	95.0%	0.033	0.6161696518362646	0.0325	0.6161696518362646	6.51	3906	2.8970417326854734	6952.900158445136
chr2	158735001	158755000	chr2	158110001	158755000	645000	20000	7.187984496124031	95.0%	0.066	0.6153645717714211	0.067	0.6153645717714211	7.187984496124031	3709	2.240815828683884	4625.043870403537
chr7	63360001	63380000	chr7	62785001	63380000	595000	20000	2.700854700854701	95.0%	0.098	0.6152166761654585	0.099	0.6152166761654585	2.6554621848739495	1264	0.5801917929278463	1104.6851737346194
chr2	98400001	98420000	chr2	98400001	98610000	210000	20000	16.077380952380953	97.0%	0.0445	0.6140229577598699	0.047	0.6140229577598699	16.077380952380953	2701	1.4141941528528734	950.3384707171309
chr8	102805001	102830000	chr8	102140001	102830000	690000	25000	5.407246376811594	97.0%	0.039	0.6110270345876095	0.040499999999999994	0.6110270345876095	5.407246376811594	3731	1.9928145483016848	6875.210191640813
chr4	153765001	153785000	chr4	153765001	154470000	705000	20000	6.620567375886525	95.0%	0.083	0.6108209489170527	0.084	0.6108209489170527	6.620567375886525	3734	2.535374207682993	5719.804212532832
chr4	127600001	127635000	chr4	127600001	127895000	295000	35000	13.096852300242132	95.0%	0.076	0.6064977921533614	0.084	0.6064977921533614	13.09685230024213	5409	1.3774489937856362	3982.2050410342745
chr2	105565001	105585000	chr2	105565001	106095000	530000	20000	7.558962264150943	96.0%	0.0875	0.606458293100337	0.0925	0.606458293100337	7.558962264150943	3205	1.807595997615415	3065.682811955744
chr5	35915001	35935000	chr5	35585001	35935000	350000	20000	9.6	97.0%	0.061	0.6043731337896865	0.0645	0.6043731337896865	9.6	2688	1.7419426644900666	1950.9757842288745
chr11	59810001	59835000	chr11	59810001	60255000	445000	25000	9.541573033707866	95.0%	0.058	0.6033365875230715	0.061	0.6033365875230715	9.541573033707865	4246	2.1801637066454873	4850.864247286209
chr8	144115001	144135000	chr8	144115001	144360000	245000	20000	14.408163265306122	95.0%	0.028	0.6018161111411825	0.031	0.6018161111411825	14.408163265306122	2824	1.4113081755304204	1106.4656096158496
chr2	191815001	191835000	chr2	191815001	192120000	305000	20000	14.881147540983608	97.0%	0.059	0.5989068665777166	0.062	0.5989068665777166	14.881147540983607	3631	2.0272331835966693	1978.5795871903492
chr10	58400001	58420000	chr10	58400001	58645000	245000	20000	14.35204081632653	96.0%	0.065	0.5980520612980499	0.07	0.5980520612980499	14.35204081632653	2813	1.6515585626588034	1294.8219131245019
chr17	4195001	4220000	chr17	4195001	4415000	220000	25000	15.313636363636364	95.0%	0.069	0.5940526504130814	0.07500000000000001	0.5940526504130814	15.313636363636364	3369	2.342585828960041	2576.8444118560456
chr5	150420001	150440000	chr5	150115001	150440000	325000	20000	11.007692307692308	96.0%	0.036	0.5937406881004877	0.038	0.5937406881004877	11.007692307692308	2862	1.5096113379040264	1569.9957914201875
chr10	110735001	110755000	chr10	110735001	111415000	680000	20000	6.711397058823529	95.0%	0.0565	0.5934489613401525	0.057999999999999996	0.5934489613401525	6.711397058823529	3651	2.194608355978015	4775.467782608161
chr1	119365001	119385000	chr1	119365001	119610000	245000	20000	13.43877551020408	96.0%	0.029	0.5926865086543802	0.033	0.5926865086543802	13.438775510204081	2634	1.6656433446573098	1305.8643822113308
chr18	63315001	63335000	chr18	63000001	63335000	335000	20000	10.832089552238806	98.0%	0.062	0.5911033748024528	0.066	0.5911033748024528	10.832089552238806	2903	2.5621255023721607	2746.5985385429562
chr2	227375001	227410000	chr2	227375001	227785000	410000	35000	11.71602787456446	96.0%	0.093	0.5896134853617498	0.101	0.5896134853617498	11.71602787456446	6725	1.685987869599353	6774.299260050201
chr7	74380001	74400000	chr7	74195001	74400000	205000	20000	14.725609756097562	97.0%	0.022	0.5869207975292362	0.024	0.5869207975292362	14.725609756097562	2415	1.4720232874154175	965.6472765445139
chr3	98565001	98595000	chr3	98340001	98595000	255000	30000	14.624183006535947	96.0%	0.077	0.5829191914350915	0.085	0.5829191914350915	14.624183006535947	4475	1.5070553292026039	2766.953584415981
chr1	19860001	19880000	chr1	19715001	19880000	165000	20000	20.51515151515152	96.0%	0.031	0.5817785705203052	0.033	0.5817785705203052	20.515151515151516	2708	1.795443432456899	947.9941323372427
chr5	73210001	73230000	chr5	73210001	73545000	335000	20000	11.059701492537313	95.0%	0.064	0.5714380501043073	0.07	0.5714380501043073	11.059701492537313	2964	2.0349070606447315	2181.420369011152
chr11	75900001	75920000	chr11	75900001	76215000	315000	20000	12.92063492063492	98.0%	0.08	0.5706159470042353	0.086	0.5706159470042353	12.920634920634921	3256	1.9624879170602127	1978.1878203966944
chr7	55630001	55655000	chr7	55630001	56120000	490000	25000	6.948979591836735	95.0%	0.0815	0.5702702177915518	0.08549999999999999	0.5702702177915518	6.948979591836735	3405	1.539862232921454	3772.662470657562
chr2	85715001	85735000	chr2	85715001	86120000	405000	20000	9.84567901234568	95.0%	0.098	0.5690195753863992	0.102	0.5690195753863992	9.845679012345679	3190	1.3468098517830003	1745.4655679107684
chr11	34355001	34390000	chr11	34355001	34655000	300000	35000	11.316666666666666	95.0%	0.0825	0.5638360183151322	0.086	0.5638360183151322	11.316666666666666	4753	1.3643814742300004	4011.2815342362014
chr7	140650001	140670000	chr7	140335001	140670000	335000	20000	10.291044776119405	96.0%	0.062	0.562432276216598	0.067	0.562432276216598	10.291044776119403	2758	1.5311219454626546	1641.3627255359656
chr7	99035001	99055000	chr7	99035001	99320000	285000	20000	13.31140350877193	96.0%	0.081	0.5569999839113761	0.089	0.5569999839113761	13.31140350877193	3035	2.212097001391503	2017.4324652690505
chr11	14775001	14795000	chr11	14775001	15095000	320000	20000	11.42578125	95.0%	0.0895	0.5546715267202748	0.094	0.5546715267202748	11.42578125	2925	1.8646131886057296	1909.363905132267
chr8	9020001	9055000	chr8	9020001	9340000	320000	35000	12.008928571428571	95.0%	0.072	0.5540686474264407	0.0745	0.5540686474264407	12.008928571428571	5380	1.6104633338196452	5050.413014858407
chr9	17555001	17585000	chr9	17555001	17790000	235000	30000	15.826241134751774	95.0%	0.06	0.5527385406369584	0.065	0.5527385406369584	15.826241134751774	4463	2.5748354636867443	4356.621604557971
chr1	152645001	152670000	chr1	152645001	153230000	585000	25000	6.915517241379311	96.0%	0.078	0.5514052569468713	0.083	0.5514052569468713	6.856410256410256	4011	1.9383421845248365	5669.650889735147
chr7	5985001	6010000	chr7	5985001	6225000	240000	25000	12.429166666666667	97.0%	0.026	0.5512876325080299	0.0275	0.5512876325080299	12.429166666666667	2983	1.4201590472573058	1704.190856708767
chr5	56890001	56910000	chr5	56890001	57285000	395000	20000	10.449367088607596	97.0%	0.082	0.5466369613748867	0.09	0.5466369613748867	10.449367088607595	3302	2.9263767199276796	3698.940173988587
chr1	21360001	21380000	chr1	21210001	21380000	170000	20000	16.933823529411764	96.0%	0.0615	0.5444494693536439	0.065	0.5444494693536439	16.933823529411764	2303	1.9244287691424664	1046.8892504135017
chr4	169010001	169030000	chr4	169010001	169340000	330000	20000	11.946969696969695	96.0%	0.0965	0.544195353162204	0.10350000000000001	0.544195353162204	11.946969696969697	3154	1.8323447172250338	1934.9560213896357
chr15	65015001	65035000	chr15	65015001	65245000	230000	20000	14.0	96.0%	0.0625	0.542995897853025	0.0675	0.542995897853025	14.0	2576	1.9582569485355095	1441.277114122135
chr7	135660001	135680000	chr7	135660001	136030000	370000	20000	10.03716216216216	95.0%	0.0715	0.5427840996922113	0.0735	0.5427840996922113	10.037162162162161	2971	1.504493653405523	1781.3204856321395
chr1	39085001	39105000	chr1	39085001	39610000	525000	20000	7.0	95.0%	0.052	0.5395348879661527	0.054	0.5395348879661527	7.0	2940	2.2600698655035374	3796.917374045943
chr2	8670001	8690000	chr2	8430001	8690000	260000	20000	11.947115384615383	95.0%	0.0545	0.5394366193789268	0.0595	0.5394366193789268	11.947115384615385	2485	1.3756345356766781	1144.5279336829963
chr5	56185001	56205000	chr5	55705001	56205000	500000	20000	8.52	95.0%	0.041	0.5380779044655218	0.045	0.5380779044655218	8.52	3408	2.4414113166573337	3906.2581066517337
chr4	164770001	164795000	chr4	164770001	165095000	325000	25000	11.25846153846154	95.0%	0.098	0.5354399950914128	0.1	0.5354399950914128	11.258461538461539	3659	1.5759473238763466	2560.9144012990632
chr5	42895001	42915000	chr5	42895001	43115000	220000	20000	15.232954545454543	97.0%	0.0295	0.534821448367107	0.033	0.534821448367107	15.232954545454545	2681	1.505641545264597	1059.9716478662763
chr1	15790001	15815000	chr1	15790001	16060000	270000	25000	11.514814814814816	96.0%	0.0785	0.5344390369569983	0.08149999999999999	0.5344390369569983	11.514814814814814	3109	1.5515295065397947	2094.564833828723
chr10	32985001	33015000	chr10	32780001	33015000	235000	30000	14.702127659574469	95.0%	0.068	0.5328059158235813	0.069	0.5328059158235813	14.702127659574469	4146	1.8206157562563392	3080.481859585726
chr6	167900001	167925000	chr6	167900001	168140000	240000	25000	15.791666666666666	95.0%	0.047	0.5295692088761098	0.052000000000000005	0.5295692088761098	15.791666666666666	3790	1.5862190415343327	1903.4628498411992
chr15	33950001	33975000	chr15	33740001	33975000	235000	25000	13.974468085106384	97.0%	0.094	0.5284559421888627	0.102	0.5284559421888627	13.974468085106382	3284	2.3090792737155854	2713.168146615813
chr3	132620001	132655000	chr3	132345001	132655000	310000	35000	13.11520737327189	95.0%	0.068	0.5261350294158278	0.07150000000000001	0.5261350294158278	13.11520737327189	5692	1.7171723019012681	5216.769453176053
chr12	112370001	112390000	chr12	112000001	112390000	390000	20000	9.868589743589745	95.0%	0.0665	0.5248164704428744	0.0705	0.5248164704428744	9.868589743589743	3079	1.897254706644477	2367.773873892307
chr11	34460001	34490000	chr11	33795001	34490000	695000	30000	6.780575539568345	95.0%	0.085	0.5200691710061895	0.086	0.5200691710061895	6.780575539568345	5655	2.2732277045971534	11375.231433804156
chr7	73840001	73860000	chr7	73595001	73860000	265000	20000	11.358490566037736	95.0%	0.078	0.5197530265929188	0.08	0.5197530265929188	11.358490566037736	2408	1.073213951788532	910.0854311166752
chr6	106285001	106305000	chr6	105420001	106305000	885000	20000	5.862994350282486	97.0%	0.058	0.5182790777628166	0.06	0.5182790777628166	5.862994350282486	4151	3.099768442268072	8778.54422850318
chr6	119700001	119720000	chr6	119420001	119720000	300000	20000	14.208333333333334	96.0%	0.0655	0.5150108426533226	0.069	0.5150108426533226	14.208333333333334	3410	1.7111087769388658	1642.6644258613112
chr1	43515001	43535000	chr1	43515001	43770000	255000	20000	12.058823529411764	95.0%	0.081	0.5120176260368035	0.089	0.5120176260368035	12.058823529411764	2460	1.4812872882921562	1208.7304272463994
chr2	169435001	169455000	chr2	169435001	170390000	955000	20000	4.781413612565445	95.0%	0.09	0.5099749054574145	0.091	0.5099749054574145	4.781413612565445	3653	2.0382108900027065	6228.77247984827
chr4	128445001	128465000	chr4	128445001	128875000	430000	20000	10.142441860465116	96.0%	0.064	0.5098623437225813	0.068	0.5098623437225813	10.142441860465116	3489	1.8926429658012283	2604.27672094249
chr12	108555001	108575000	chr12	108555001	108960000	405000	20000	8.024691358024691	95.0%	0.089	0.5091929824412919	0.094	0.5091929824412919	8.024691358024691	2600	1.525639896944573	1977.2293064401667
chr13	21460001	21480000	chr13	21120001	21480000	360000	20000	10.145833333333334	95.0%	0.0419999999999999	0.5066045415349024	0.0445	0.5066045415349024	10.145833333333334	2922	2.1604972316957842	2488.8928109135436
chr14	22645001	22665000	chr14	22645001	22865000	220000	20000	15.244318181818182	95.0%	0.038	0.506405230173203	0.040499999999999994	0.506405230173203	15.244318181818182	2683	1.9793619361232375	1393.4708030307593
chr2	11765001	11790000	chr2	11470001	11790000	320000	25000	11.7875	95.0%	0.0844999999999999	0.4990635868132915	0.087	0.49906358681329155	11.7875	3772	1.2128513567408457	1940.562170785353
chr7	138000001	138020000	chr7	137600001	138020000	420000	20000	9.696428571428571	96.0%	0.0685	0.4972662814652988	0.07350000000000001	0.49726628146529883	9.696428571428571	3258	2.1076374113543315	2832.664680860222
chr17	56710001	56730000	chr17	56495001	56730000	235000	20000	15.090425531914894	96.0%	0.06	0.4967281795096877	0.063	0.49672817950968773	15.090425531914894	2837	2.5766458995660737	1937.6377164736873
chr3	58305001	58330000	chr3	58305001	58635000	330000	25000	11.78181818181818	95.0%	0.0455	0.4963695176518445	0.047	0.49636951765184456	11.781818181818181	3888	1.6106652823956011	2657.597715952742
chr6	119090001	119115000	chr6	118555001	119115000	560000	25000	7.7625	95.0%	0.072	0.4962158858283697	0.074	0.4962158858283697	7.7625	4347	1.5325998324769918	4291.279530935577
chr11	2530001	2560000	chr11	2530001	3030000	500000	30000	10.251666666666669	95.0%	0.0854999999999999	0.4957975553474562	0.0875	0.4957975553474562	10.251666666666667	6151	2.22821538848838	8021.575398558169
chr12	27000001	27025000	chr12	26840001	27025000	185000	25000	17.745945945945945	97.0%	0.032	0.4949496971336401	0.034	0.4949496971336401	17.745945945945945	3283	1.610608903507343	1489.8132357442923
chr6	52220001	52240000	chr6	52040001	52240000	200000	20000	19.86875	98.0%	0.0455	0.4944322983237926	0.0505	0.4944322983237926	19.86875	3179	1.9551830459167312	1251.317149386708
chr1	93430001	93450000	chr1	93430001	93860000	430000	20000	8.287790697674419	96.0%	0.0815	0.4928229925762628	0.08499999999999999	0.49282299257626283	8.287790697674419	2851	2.6513397725501293	3648.243527028978
chr2	226970001	226995000	chr2	226070001	226995000	925000	25000	4.697297297297298	95.0%	0.062	0.4923739534421951	0.064	0.4923739534421951	4.697297297297298	4345	1.836622376578439	8494.378491675281
chr11	1990001	2015000	chr11	1610001	2015000	405000	25000	10.498765432098766	97.0%	0.069	0.4831665541333581	0.074	0.48316655413335813	10.498765432098766	4252	2.144596374020019	4342.807657390538
chr8	42135001	42160000	chr8	41830001	42160000	330000	25000	10.818181818181818	95.0%	0.079	0.4805444483026794	0.08049999999999999	0.48054444830267945	10.818181818181818	3570	1.644279415573068	2713.061035695562
chr6	27180001	27205000	chr6	27180001	27715000	535000	25000	7.930841121495327	96.0%	0.05	0.4802460736051768	0.053	0.4802460736051768	7.930841121495327	4243	1.898184940293603	5077.644715285388
chr12	113190001	113210000	chr12	113190001	113435000	245000	20000	13.168367346938776	95.0%	0.052	0.4779260636438942	0.058	0.4779260636438942	13.168367346938776	2581	1.278561775624562	1002.3924320896566
chr2	100965001	100985000	chr2	100590001	100985000	395000	20000	10.275316455696204	95.0%	0.044	0.4766698421080344	0.049	0.4766698421080344	10.275316455696203	3247	2.1417086107783416	2707.1196840238235
chr13	70555001	70580000	chr13	69565001	70580000	1015000	25000	4.226600985221674	96.0%	0.08	0.4764963655693313	0.078	0.4764963655693313	4.226600985221675	4290	2.6330151570768283	13362.551922164905
chr5	126645001	126665000	chr5	126645001	127490000	845000	20000	5.341715976331361	96.0%	0.061	0.4739106405868475	0.067	0.47391064058684756	5.341715976331361	3611	2.7547711266937784	7448.901126579976
chr8	117295001	117315000	chr8	116725001	117315000	590000	20000	6.798728813559322	95.0%	0.087	0.473337318064734	0.0875	0.473337318064734	6.798728813559322	3209	1.807323723602322	3412.227190161184
chr7	129445001	129475000	chr7	129170001	129475000	305000	30000	14.120218579234972	95.0%	0.075	0.4723438494154103	0.08	0.47234384941541036	14.120218579234972	5168	1.732922466862024	3805.4977372290045
chr12	69545001	69575000	chr12	69350001	69575000	225000	30000	18.32962962962963	95.0%	0.095	0.4711046533460251	0.095	0.47110465334602514	18.32962962962963	4949	1.9666267708664933	3185.935368803719
chr22	40680001	40700000	chr22	40680001	40895000	215000	20000	15.372093023255816	96.0%	0.046	0.4698846668461188	0.049	0.46988466684611885	15.372093023255815	2644	3.391514566559313	2333.3620217928074
chr12	97395001	97410000	chr12	97010001	97410000	400000	15000	9.545833333333333	95.0%	0.0765	0.4693887805778846	0.0795	0.46938878057788463	9.545833333333333	2291	2.144236601628507	1543.850353172525
chr19	50910001	50935000	chr19	50665001	50935000	270000	25000	10.837037037037035	95.0%	0.089	0.4683757974311606	0.0955	0.46837579743116065	10.837037037037037	2926	1.6877021017150287	2278.3978373152886
chr11	112095001	112115000	chr11	112095001	112285000	190000	20000	19.29605263157895	96.0%	0.0289999999999999	0.4678235471388355	0.032	0.46782354713883556	19.29605263157895	2933	1.6376393798402227	995.6847429428553
chr8	240001	270000	chr8	240001	535000	295000	30000	10.878531073446329	95.0%	0.068	0.4677921969660916	0.07	0.4677921969660916	10.878531073446327	3851	1.135268060498027	2411.3093604978094
chr2	237555001	237580000	chr2	237320001	237580000	260000	25000	12.707692307692309	95.0%	0.0579999999999999	0.4667829587024225	0.0615	0.4667829587024225	12.707692307692307	3304	1.2145077894820242	1578.8601263266314
chr5	910001	930000	chr5	910001	1175000	265000	20000	11.391509433962264	96.0%	0.038	0.4656673240715594	0.042	0.4656673240715594	11.391509433962264	2415	1.433000072764882	1215.1840617046198
chr1	212460001	212480000	chr1	212460001	212790000	330000	20000	10.344696969696969	96.0%	0.0495	0.465278812899584	0.053000000000000005	0.46527881289958406	10.344696969696969	2731	1.9926376431080064	2104.2253511220547
chr6	170505001	170525000	chr6	169675001	170525000	850000	20000	5.086764705882353	95.0%	0.0635	0.4632701093263902	0.067	0.4632701093263902	5.086764705882353	3459	2.384812082762543	6486.688865114118
chr18	41885001	41915000	chr18	41525001	41915000	390000	30000	10.737179487179487	95.0%	0.0875	0.4632484972368142	0.0905	0.46324849723681427	10.737179487179487	5025	1.9177540886977926	5385.053481063402
chr2	43600001	43620000	chr2	43600001	44040000	440000	20000	12.897727272727272	95.0%	0.0645	0.4619231866629685	0.07050000000000001	0.4619231866629685	12.897727272727273	4540	1.8530954348804456	2609.1583723116673
chr2	64640001	64665000	chr2	64640001	64850000	210000	25000	24.64761904761905	97.0%	0.018	0.4615496806744301	0.0185	0.4615496806744301	24.64761904761905	5176	2.338711520711758	2455.647096747346
chr18	70185001	70205000	chr18	70185001	70435000	250000	20000	14.075	95.0%	0.092	0.4610178203229516	0.099	0.46101782032295163	14.075	2815	2.207989441144842	1766.3915529158737
chr11	12885001	12905000	chr11	12365001	12905000	540000	20000	8.06712962962963	95.0%	0.0345	0.4608525089533201	0.036500000000000005	0.4608525089533201	8.06712962962963	3485	2.810780372699694	4857.0284840250715
chr12	95105001	95125000	chr12	95105001	95360000	255000	20000	14.22549019607843	95.0%	0.042	0.457806025226967	0.046	0.45780602522696706	14.22549019607843	2902	1.7993136234067681	1468.2399166999228
chr3	53930001	53965000	chr3	53930001	54475000	545000	35000	7.148099606815203	95.0%	0.09	0.4554341034124068	0.095	0.4554341034124068	7.148099606815203	5454	1.4986775706692483	8004.436904944455
chr8	100110001	100130000	chr8	99810001	100130000	320000	20000	11.921875	96.0%	0.0685	0.4547030338262504	0.07400000000000001	0.45470303382625044	11.921875	3052	1.9182839232833615	1964.3227374421622
chr1	32695001	32715000	chr1	32695001	32895000	200000	20000	15.06875	95.0%	0.0404999999999999	0.4533669528187522	0.045	0.4533669528187522	15.06875	2411	1.5668414754258762	1002.7785442725608
chr10	118550001	118575000	chr10	118550001	118850000	300000	25000	12.676666666666666	96.0%	0.0829999999999999	0.4527893357053947	0.08499999999999999	0.4527893357053947	12.676666666666666	3803	1.899432101995982	2849.148152993973
chr3	126380001	126400000	chr3	125910001	126400000	490000	20000	7.160714285714286	95.0%	0.0645	0.4526588284427023	0.067	0.4526588284427023	7.160714285714286	2807	1.579321946490617	2476.3768120972873
chr18	10535001	10565000	chr18	10535001	10790000	255000	30000	12.732026143790849	95.0%	0.072	0.4525889927183311	0.077	0.4525889927183311	12.732026143790849	3896	1.2463028190121916	2288.211975706384
chr12	17775001	17795000	chr12	17775001	17995000	220000	20000	15.528409090909092	95.0%	0.055	0.4497313181384303	0.057999999999999996	0.44973131813843037	15.528409090909092	2733	1.6543078633009194	1164.6327357638472
chr9	128280001	128300000	chr9	128280001	128460000	180000	20000	15.729166666666666	95.0%	0.0824999999999999	0.4493901870191867	0.088	0.4493901870191867	15.729166666666666	2265	1.486885630348346	856.4461230806473
chr10	123945001	123965000	chr10	123615001	123965000	350000	20000	10.603571428571428	95.0%	0.046	0.4488357915987796	0.048	0.4488357915987796	10.603571428571428	2969	1.8502188663634704	2072.245130327087
chr6	143405001	143435000	chr6	142480001	143435000	955000	30000	5.44153577661431	95.0%	0.073	0.4481916884199612	0.071	0.4481916884199612	5.441535776614311	6236	2.73819975412482	18827.861509362265
chr9	133170001	133190000	chr9	133170001	133495000	325000	20000	10.330769230769231	95.0%	0.052	0.4459042620624006	0.053	0.44590426206240064	10.330769230769231	2686	1.7886979089277453	1860.245825284855
chr2	191015001	191035000	chr2	190640001	191035000	395000	20000	11.0126582278481	95.0%	0.094	0.4403841549163145	0.095	0.44038415491631455	11.012658227848101	3480	2.110977033132707	2668.2749698797415
chr17	79960001	79995000	chr17	79730001	79995000	265000	35000	11.95687331536388	95.0%	0.09	0.4401067270811406	0.091	0.4401067270811406	11.95687331536388	4436	1.5233763994718994	3956.208509428523
chr3	122380001	122405000	chr3	122380001	123070000	690000	25000	6.576811594202899	96.0%	0.053	0.4385109285768158	0.0545	0.4385109285768158	6.576811594202899	4538	1.9802742839932514	6831.946279776717
chr8	129290001	129310000	chr8	129290001	129740000	450000	20000	9.030555555555557	96.0%	0.0785	0.4362428950001535	0.0805	0.4362428950001535	9.030555555555555	3251	2.276135839563401	3277.635608971297
chr4	78850001	78875000	chr4	78520001	78875000	355000	25000	11.523943661971831	98.0%	0.068	0.4356464750149021	0.073	0.43564647501490217	11.523943661971831	4091	1.9703554804774608	3497.380977847493
chr6	107830001	107850000	chr6	107665001	107850000	185000	20000	19.716216216216218	98.0%	0.078	0.4342317783629262	0.082	0.4342317783629262	19.716216216216218	2918	1.5386666529213635	910.8906585294471
chr12	69060001	69080000	chr12	68845001	69080000	235000	20000	14.914893617021276	95.0%	0.057	0.4338623053799441	0.06	0.43386230537994414	14.914893617021276	2804	1.8611961728376505	1399.6195219739132
chr18	24340001	24370000	chr18	24340001	24600000	260000	30000	12.480769230769232	95.0%	0.089	0.4315658242294777	0.0965	0.4315658242294777	12.48076923076923	3894	1.3141698774114954	2460.126010514319
chr3	183750001	183775000	chr3	183450001	183775000	325000	25000	12.430769230769233	98.0%	0.061	0.4306976973950883	0.064	0.4306976973950883	12.430769230769231	4040	2.071640686282189	3366.416115208557
chr17	1045001	1065000	chr17	1045001	1195000	150000	20000	17.241666666666667	96.0%	0.0355	0.4271854006690908	0.039999999999999994	0.42718540066909083	17.241666666666667	2069	1.4463259563097244	694.2364590286677
chr8	121820001	121840000	chr8	121530001	121840000	310000	20000	12.112903225806452	95.0%	0.043	0.4236207993018639	0.0465	0.42362079930186397	12.112903225806452	3004	2.0560350050005423	2039.5867249605378
chr8	53795001	53815000	chr8	52960001	53815000	855000	20000	5.092105263157895	95.0%	0.066	0.4231663662540068	0.07	0.42316636625400683	5.092105263157895	3483	2.3844617792995235	6523.887428163496
chr5	7245001	7270000	chr5	7245001	7855000	610000	25000	5.057377049180328	96.0%	0.0745	0.4211088058499724	0.076	0.4211088058499724	5.057377049180328	3085	1.654240163828454	5045.432499676785
chr6	137305001	137325000	chr6	137115001	137325000	210000	20000	17.952380952380953	97.0%	0.0595	0.420004094767142	0.0635	0.42000409476714207	17.952380952380953	3016	1.9555305729202181	1314.1165450023866
chr6	160650001	160675000	chr6	160480001	160675000	195000	25000	14.805263157894736	95.0%	0.084	0.4194671333201586	0.089	0.41946713332015867	14.425641025641026	2813	1.0788333508821408	1051.8625171100873
chr5	76860001	76880000	chr5	76860001	77135000	275000	20000	12.336363636363636	97.0%	0.055	0.4180228406082407	0.061	0.41802284060824074	12.336363636363636	2714	1.5823102328961551	1392.4330049486166
chr4	54825001	54845000	chr4	54305001	54845000	540000	20000	7.847222222222222	95.0%	0.0325	0.417451693669786	0.033	0.417451693669786	7.847222222222222	3390	2.475346462207395	4277.398686694379
chr3	93990001	94015000	chr3	93990001	94300000	310000	25000	11.635483870967745	95.0%	0.092	0.4165738526054959	0.0985	0.41657385260549595	11.635483870967741	3607	1.2090787996294112	1874.0721394255875
chr7	2325001	2350000	chr7	2005001	2350000	345000	25000	9.217391304347826	95.0%	0.076	0.4162559693255214	0.08	0.41625596932552145	9.217391304347826	3180	1.0542335169711297	1818.5528167751988
chr2	228635001	228660000	chr2	227885001	228660000	775000	25000	6.698064516129032	95.0%	0.052	0.4143355571756918	0.052	0.41433555717569187	6.698064516129032	5191	2.9632168176965807	11482.46516857425
chr14	20320001	20340000	chr14	20320001	20550000	230000	20000	13.059782608695652	95.0%	0.0625	0.4137346063489426	0.069	0.4137346063489426	13.059782608695652	2403	1.7507980516530124	1288.5873660166171
chr1	5620001	5640000	chr1	5620001	5975000	355000	20000	9.517605633802816	95.0%	0.08	0.4126526920412663	0.083	0.4126526920412663	9.517605633802816	2703	1.45356669540861	1651.251765984181
chr12	114680001	114695000	chr12	114680001	115235000	555000	15000	6.486486486486487	95.0%	0.063	0.4067449251621446	0.067	0.40674492516214467	6.486486486486487	2160	2.0114861140971714	2009.4746279830742
chr2	37805001	37835000	chr2	37405001	37835000	430000	30000	17.511627906976745	97.0%	0.0135	0.4041632472241773	0.014	0.40416324722417735	17.511627906976745	9036	4.244376688990401	13140.590229114281
chr2	235730001	235755000	chr2	235270001	235755000	485000	25000	7.655670103092784	95.0%	0.06	0.3990506608436577	0.065	0.39905066084365776	7.655670103092784	3713	1.2103358345112583	2935.0643986898012
chr6	10930001	10960000	chr6	10930001	11585000	655000	30000	6.388040712468193	95.0%	0.088	0.3986573541159022	0.088	0.3986573541159022	6.388040712468193	5021	1.694578502535819	7991.632217958923
chr8	10575001	10595000	chr8	10575001	10825000	250000	20000	12.125	96.0%	0.041	0.3978432757927491	0.0445	0.39784327579274914	12.125	2425	1.9013801797722345	1521.1041438177876
chr3	179540001	179560000	chr3	179045001	179560000	515000	20000	7.633495145631068	96.0%	0.057	0.3969105135540781	0.065	0.39691051355407814	7.633495145631068	3145	1.7082320974227454	2815.1664965526843
chrX	106865001	106895000	chrX	106865001	107060000	195000	30000	9.47863247863248	98.0%	0.068	0.3941014315811912	0.072	0.39410143158119126	9.478632478632479	2218	1.8735921334075325	2630.5233553041758
chr2	20065001	20095000	chr2	19945001	20095000	150000	30000	26.355555555555554	98.0%	0.0325	0.3934028258443676	0.0335	0.3934028258443676	26.355555555555554	4744	1.865779371267174	2015.041720968548
chr17	4865001	4890000	chr17	4690001	4890000	200000	25000	14.985	96.0%	0.058	0.3927923225865611	0.062	0.3927923225865611	14.985	2997	1.6086840463827425	1608.6840463827425
chr6	127055001	127075000	chr6	126810001	127075000	265000	20000	15.679245283018869	98.0%	0.055	0.3926311624323972	0.06	0.3926311624323972	15.679245283018869	3324	2.417106813397558	2049.706577761129
chr12	42120001	42140000	chr12	42120001	42480000	360000	20000	10.37152777777778	95.0%	0.075	0.3919832467370349	0.08	0.39198324673703494	10.371527777777779	2987	2.0595745697127734	2372.629904309115
chr10	73640001	73660000	chr10	73255001	73660000	405000	20000	9.0	98.0%	0.082	0.391051509495217	0.086	0.391051509495217	9.0	2916	1.8389739886034548	2383.3102892300776
chr11	102715001	102735000	chr11	102715001	102950000	235000	20000	16.52659574468085	96.0%	0.098	0.3901353974409273	0.106	0.39013539744092735	16.52659574468085	3107	1.7041041118078168	1281.4862920794783
chr2	138905001	138930000	chr2	138905001	139215000	310000	25000	12.377419354838713	96.0%	0.0575	0.3894304948632298	0.0595	0.3894304948632298	12.37741935483871	3837	1.5873856309266898	2460.447727936369
chr19	755001	780000	chr19	755001	925000	170000	25000	14.558823529411764	95.0%	0.045	0.3884153212156103	0.048	0.3884153212156103	14.558823529411764	2475	1.1859756149526137	1008.0792727097216
chr5	7235001	7255000	chr5	6765001	7255000	490000	20000	7.099489795918367	95.0%	0.0895	0.3876398409793318	0.0905	0.38763984097933185	7.099489795918367	2783	1.4440415033893677	2264.2570773145285
chr17	75040001	75065000	chr17	75040001	75260000	220000	25000	14.709090909090907	97.0%	0.096	0.3862085321671754	0.101	0.3862085321671754	14.709090909090909	3236	1.7067895628631038	1877.468519149414
chr12	122735001	122755000	chr12	122300001	122755000	455000	20000	8.288461538461538	95.0%	0.048	0.3852343377455627	0.05	0.3852343377455627	8.288461538461538	3017	1.5584933017622582	2269.166247365848
chr4	154605001	154630000	chr4	154320001	154630000	310000	25000	13.932258064516128	97.0%	0.092	0.3846508616101651	0.096	0.38465086161016515	13.932258064516128	4319	1.6914850205463834	2621.8017818468943
chr2	131400001	131425000	chr2	131400001	131735000	335000	25000	9.077611940298508	95.0%	0.095	0.3802983112180033	0.102	0.3802983112180033	9.077611940298507	3041	0.9126007406564323	1528.606240599524
chr14	105655001	105675000	chr14	105655001	106270000	615000	20000	8.739406779661017	95.0%	0.085	0.3798539306701455	0.09	0.37985393067014556	8.384146341463415	4125	2.677100842868415	5268.534458765041
chr6	130315001	130335000	chr6	130315001	130760000	445000	20000	10.747191011235955	95.0%	0.077	0.378501319084144	0.078	0.378501319084144	10.747191011235955	3826	3.065345173031963	4365.051526397516
chr13	99430001	99455000	chr13	99430001	99920000	490000	25000	7.369387755102041	95.0%	0.0835	0.3780890338757278	0.086	0.3780890338757278	7.369387755102041	3611	1.450966307932909	3554.8674544356268
chr7	99900001	99925000	chr7	99900001	100085000	185000	25000	18.854054054054053	98.0%	0.03	0.3771123560732091	0.034	0.3771123560732091	18.854054054054053	3488	1.6375570332934384	1514.7402557964306
chr6	148920001	148950000	chr6	148605001	148950000	345000	30000	13.38647342995169	95.0%	0.049	0.3769373609513223	0.052	0.37693736095132235	13.38647342995169	5542	2.202911230195	5472.031495804379
chr15	45790001	45810000	chr15	45790001	46320000	530000	20000	7.589622641509434	96.0%	0.0575	0.3769339245770689	0.06	0.3769339245770689	7.589622641509434	3218	3.588308103002918	6085.770542692949
chr11	118175001	118210000	chr11	118175001	118495000	320000	35000	13.589285714285714	95.0%	0.098	0.3745089867753652	0.10350000000000001	0.3745089867753652	13.589285714285714	6088	1.8801697016248986	5896.212184295682
chr14	106775001	106800000	chr14	106405001	106800000	395000	25000	8.245569620253164	96.0%	0.089	0.3713558009864925	0.093	0.37135580098649257	8.245569620253164	3257	1.8817462270770824	3716.4487984772377
chr4	83490001	83510000	chr4	83490001	83880000	390000	20000	9.881410256410255	96.0%	0.07	0.370877592883634	0.07450000000000001	0.370877592883634	9.881410256410257	3083	1.4607599615860596	1823.0284320594023
chr3	177040001	177065000	chr3	177040001	177580000	540000	25000	8.474074074074075	95.0%	0.071	0.3693231656041067	0.076	0.3693231656041067	8.474074074074075	4576	2.156584646296088	5822.778544999437
chr9	113090001	113110000	chr9	112870001	113110000	240000	20000	10.111702127659576	97.0%	0.0735	0.3683716114934853	0.076	0.36837161149348535	9.901041666666666	1901	1.4821147939078758	1138.2641617212487
chr20	58160001	58185000	chr20	57635001	58185000	550000	25000	6.959999999999999	97.0%	0.0825	0.3678560456573543	0.0825	0.3678560456573543	6.96	3828	2.2306288700733234	6134.22939270164
chr7	39570001	39590000	chr7	39570001	39850000	280000	20000	13.379464285714286	96.0%	0.08	0.3670256969859646	0.086	0.36702569698596466	13.379464285714286	2997	2.1383691332495327	1915.9787433915812
chr12	4740001	4760000	chr12	4360001	4760000	400000	20000	9.80625	95.0%	0.0849999999999999	0.3670150723459563	0.088	0.3670150723459563	9.80625	3138	1.6841349133367849	2155.6926890710847
chr6	28665001	28690000	chr6	28465001	28690000	225000	25000	14.453333333333331	95.0%	0.074	0.3649396769524098	0.079	0.36493967695240986	14.453333333333333	3252	1.2771176481294177	1436.757354145595
chr20	46650001	46675000	chr20	46525001	46675000	150000	25000	20.68	95.0%	0.097	0.3630784707030242	0.0995	0.36307847070302424	20.68	3102	1.5603991740858643	1170.2993805643982
chr11	5720001	5745000	chr11	5120001	5745000	625000	25000	10.232	95.0%	0.047	0.3613227865617405	0.049	0.3613227865617405	10.232	6395	2.813430452067156	8791.970162709862
chr6	39135001	39165000	chr6	38955001	39165000	210000	30000	16.63888888888889	95.0%	0.0834999999999999	0.3600383161914093	0.088	0.3600383161914093	16.63888888888889	4193	1.3927001736225444	2105.762662517287
chr2	15625001	15645000	chr2	15625001	16310000	685000	20000	6.043795620437956	95.0%	0.069	0.3596733895737034	0.069	0.35967338957370343	6.043795620437956	3312	1.6574206579229573	3633.0660821671227
chr4	78505001	78525000	chr4	77945001	78525000	580000	20000	7.926724137931035	97.0%	0.0945	0.357340780295127	0.099	0.357340780295127	7.926724137931035	3678	2.6110230023669945	4846.058692393141
chr4	145225001	145245000	chr4	145225001	145615000	390000	20000	11.128205128205128	98.0%	0.0665	0.3563777117922181	0.07200000000000001	0.35637771179221817	11.128205128205128	3472	3.0808813477246852	3844.9399219604074
chr14	106370001	106395000	chr14	105960001	106395000	435000	25000	8.595	97.0%	0.058	0.3548548453195152	0.061	0.3548548453195152	7.903448275862069	3438	1.7037948966703482	3705.7539002580074
chr3	32510001	32535000	chr3	32510001	32920000	410000	25000	10.251219512195124	95.0%	0.089	0.3534498994363939	0.093	0.3534498994363939	10.251219512195123	4203	1.4373076970921426	2946.4807790388923
chr20	17885001	17910000	chr20	17510001	17910000	400000	25000	9.1475	96.0%	0.0549999999999999	0.3522271162590806	0.056	0.35222711625908065	9.1475	3659	2.308182187563275	4616.36437512655
chr2	156570001	156600000	chr2	155670001	156600000	930000	30000	5.670250896057348	95.0%	0.0315	0.3520026823550667	0.0335	0.35200268235506676	5.670250896057348	6328	2.399758273180146	16068.781397214258
chr18	50205001	50235000	chr18	50205001	50430000	225000	30000	15.866666666666667	96.0%	0.038	0.3520005132545782	0.043	0.35200051325457826	15.866666666666667	4284	1.7484391582884549	2832.471436427297
chr4	17790001	17810000	chr4	17510001	17810000	300000	20000	11.625	95.0%	0.089	0.3506500058526073	0.0935	0.3506500058526073	11.625	2790	1.3994246831206232	1343.4476957957982
chr6	36340001	36360000	chr6	36005001	36360000	355000	20000	11.066901408450704	95.0%	0.093	0.3497026277856237	0.097	0.3497026277856237	11.066901408450704	3143	1.4515272191443864	1648.9349209480229
chr4	69680001	69700000	chr4	69680001	70570000	890000	20000	5.165730337078652	95.0%	0.0895	0.3494324681306321	0.089	0.3494324681306321	5.165730337078652	3678	2.5085506597750515	7144.352279039347
chr10	90900001	90920000	chr10	90900001	91290000	390000	20000	10.60897435897436	96.0%	0.0424999999999999	0.3459668317233405	0.0455	0.34596683172334053	10.60897435897436	3310	2.5310286128356583	3158.7237088189017
chr20	58230001	58250000	chr20	58230001	58445000	215000	20000	14.813953488372093	97.0%	0.032	0.3450514702363484	0.036	0.34505147023634847	14.813953488372093	2548	1.818977253617869	1251.456350489094
chr7	99295001	99315000	chr7	98880001	99315000	435000	20000	9.201149425287356	96.0%	0.09	0.3430566284251924	0.095	0.3430566284251924	9.201149425287356	3202	2.1585442743331558	3004.693629871753
chr2	39370001	39395000	chr2	39370001	39825000	455000	25000	14.01978021978022	96.0%	0.079	0.3387675422600742	0.084	0.3387675422600742	14.01978021978022	6379	2.55551781792706	5813.803035784062
chr9	112815001	112835000	chr9	112355001	112835000	480000	20000	8.153645833333334	96.0%	0.081	0.3364577052897249	0.086	0.3364577052897249	8.153645833333334	3131	2.2078229365198623	3391.2160304945082
chr2	121970001	121990000	chr2	121970001	122455000	485000	20000	7.920103092783505	96.0%	0.072	0.3361767827486229	0.08	0.33617678274862295	7.920103092783505	3073	1.7382436415494444	2697.754131684738
chr5	10450001	10470000	chr5	10450001	10690000	240000	20000	14.234375	96.0%	0.0784999999999999	0.3333153400440556	0.08499999999999999	0.3333153400440556	14.234375	2733	1.7664782045397605	1356.655261086536
chr1	8905001	8930000	chr1	8905001	9285000	380000	25000	9.610526315789476	95.0%	0.089	0.3330017338878578	0.093	0.33300173388785786	9.610526315789473	3652	1.509846790960071	2868.708902824135
chr13	33220001	33240000	chr13	33220001	33535000	315000	20000	11.738095238095235	95.0%	0.075	0.3320459379716552	0.081	0.33204593797165527	11.738095238095237	2958	1.8427501130163892	1857.4921139205203
chr2	209545001	209565000	chr2	209325001	209565000	240000	20000	17.932291666666668	96.0%	0.039	0.3257379734985993	0.042	0.3257379734985993	17.932291666666668	3443	2.2114624801238887	1698.4031847351466
chr6	34975001	35000000	chr6	34975001	35250000	275000	25000	13.963636363636365	95.0%	0.06	0.3211004334631567	0.066	0.32110043346315675	13.963636363636363	3840	1.6288086614108814	2239.611909439962
chr10	132210001	132235000	chr10	132210001	132505000	295000	25000	9.24406779661017	96.0%	0.085	0.3194359026707912	0.089	0.31943590267079125	9.24406779661017	2727	1.0256222045526242	1512.7927517151206
chr9	123330001	123350000	chr9	123005001	123350000	345000	20000	10.503623188405795	95.0%	0.067	0.3191005622010143	0.071	0.3191005622010143	10.503623188405797	2899	2.287657474776885	2525.5738521536814
chr2	201235001	201265000	chr2	201235001	201485000	250000	30000	15.543333333333337	95.0%	0.067	0.3154060985742162	0.07150000000000001	0.31540609857421625	15.543333333333333	4663	1.3926805573401442	2506.8250032122596
chr5	32225001	32245000	chr5	32225001	32620000	395000	20000	9.563291139240508	95.0%	0.087	0.3149386437548251	0.094	0.3149386437548251	9.563291139240507	3022	1.6470709600264974	2081.897693473493
chr10	97855001	97875000	chr10	97695001	97875000	180000	20000	19.42361111111111	95.0%	0.045	0.314789852718275	0.0495	0.31478985271827503	19.42361111111111	2797	1.6202222421521553	933.2480114796415
chr2	97090001	97110000	chr2	96785001	97110000	325000	20000	7.792307692307692	96.0%	0.06	0.3121962575107299	0.063	0.3121962575107299	7.792307692307692	2026	0.8433363490934496	877.0698030571875
chr16	57575001	57600000	chr16	57575001	57735000	160000	25000	20.40625	96.0%	0.038	0.3093788107952482	0.0405	0.3093788107952482	20.40625	3265	2.3641597635353118	1891.3278108282493
chr10	63705001	63730000	chr10	63150001	63730000	580000	25000	6.948275862068965	95.0%	0.0735	0.3060269012206902	0.0755	0.3060269012206902	6.948275862068965	4030	2.6086659416734785	7565.131230853088
chr10	52295001	52315000	chr10	52295001	52595000	300000	20000	12.55	95.0%	0.073	0.3054237496252678	0.0785	0.30542374962526786	12.55	3012	2.4427738967687755	2345.0629408980244
chr1	29230001	29255000	chr1	29230001	29505000	275000	25000	10.749090909090908	95.0%	0.056	0.2996305383477244	0.058	0.2996305383477244	10.74909090909091	2956	1.2531668806802292	1723.104460935315
chr7	30065001	30085000	chr7	29725001	30085000	360000	20000	10.833333333333334	95.0%	0.077	0.2956244965875554	0.0805	0.2956244965875554	10.833333333333334	3120	1.806629622502375	2081.237325122736
chr6	51845001	51870000	chr6	51845001	52025000	180000	25000	20.93888888888889	97.0%	0.03	0.2953892431246701	0.034	0.2953892431246701	20.93888888888889	3769	1.9749185508988496	1777.4266958089647
chr8	107765001	107790000	chr8	106720001	107790000	1070000	25000	4.333644859813084	96.0%	0.091	0.2927363457872665	0.0885	0.29273634578726654	4.333644859813084	4637	2.601213258992956	13916.490935612315
chr1	93290001	93315000	chr1	93290001	93440000	150000	25000	22.55333333333333	96.0%	0.047	0.2918951295494452	0.052000000000000005	0.2918951295494452	22.553333333333335	3383	1.7489914278231466	1311.74357086736
chr19	11285001	11305000	chr19	11285001	11455000	170000	20000	15.816176470588236	96.0%	0.0435	0.2902098652930324	0.0465	0.29020986529303244	15.816176470588236	2151	1.8120956318585537	985.7800237310532
chr11	49740001	49765000	chr11	49565001	49765000	200000	25000	13.615	95.0%	0.064	0.2900072329060304	0.068	0.2900072329060304	13.615	2723	1.030135809247379	1030.1358092473788
chr8	33330001	33350000	chr8	32950001	33350000	400000	20000	8.7625	96.0%	0.091	0.2893077550846707	0.094	0.28930775508467077	8.7625	2804	1.7112970438251573	2190.4602160962013
chr5	122485001	122510000	chr5	122240001	122510000	270000	25000	13.885185185185184	97.0%	0.0935	0.2857089579251691	0.0985	0.28570895792516915	13.885185185185184	3749	1.4073603648012698	1899.9364924817141
chr5	142135001	142150000	chr5	141995001	142150000	155000	15000	21.27956989247312	97.0%	0.062	0.2808660192114553	0.065	0.2808660192114553	21.27956989247312	1979	2.005016126939888	559.3994994162288
chr7	27060001	27085000	chr7	26875001	27085000	210000	25000	17.414285714285715	97.0%	0.082	0.2794385239000904	0.08499999999999999	0.2794385239000904	17.414285714285715	3657	1.7098976336658032	1795.3925153490934
chr18	11290001	11315000	chr18	11290001	11565000	275000	25000	13.996363636363636	97.0%	0.052	0.2786142044120172	0.058	0.27861420441201723	13.996363636363636	3849	2.0951686171351227	2880.856848560794
chr7	17295001	17315000	chr7	17295001	17685000	390000	20000	9.365384615384617	95.0%	0.062	0.2782873103782013	0.066	0.2782873103782013	9.365384615384615	2922	2.3059622913512325	2877.8409396063385
chr3	189210001	189240000	chr3	188945001	189240000	295000	30000	13.847457627118644	95.0%	0.084	0.2780607632826493	0.09	0.2780607632826493	13.847457627118644	4902	1.463862192451735	3109.243296767485
chr5	72355001	72375000	chr5	72355001	72945000	590000	20000	7.701271186440678	96.0%	0.0725	0.2726948903823919	0.07450000000000001	0.2726948903823919	7.701271186440678	3635	2.304810566499132	4351.482349550361
chr1	221420001	221440000	chr1	220880001	221440000	560000	20000	7.569196428571429	95.0%	0.089	0.2713168609106171	0.0935	0.2713168609106171	7.569196428571429	3391	2.339399193988458	4192.203355627316
chr2	98375001	98395000	chr2	97690001	98395000	705000	20000	5.7322695035461	95.0%	0.071	0.2708064045237086	0.077	0.27080640452370863	5.7322695035460995	3233	1.8261356408388887	4119.762005732533
chr4	184735001	184760000	chr4	184735001	185135000	400000	25000	9.7825	95.0%	0.0625	0.2669460562557113	0.0655	0.2669460562557113	9.7825	3913	1.5846235940143165	3169.247188028633
chr10	109875001	109895000	chr10	109875001	110140000	265000	20000	13.900943396226417	97.0%	0.073	0.266105759371717	0.077	0.26610575937171704	13.900943396226415	2947	1.765215624254625	1496.902849367922
chr6	52155001	52175000	chr6	52155001	52405000	250000	20000	15.44	95.0%	0.051	0.2657372617035364	0.0565	0.26573726170353645	15.44	3088	1.6060171818335058	1284.8137454668047
chr2	97545001	97575000	chr2	97545001	98340000	795000	30000	2.925576519916143	95.0%	0.064	0.2653486142519891	0.066	0.26534861425198913	2.9255765199161425	2791	0.765414981731475	4381.235355430963
chr5	75660001	75680000	chr5	75400001	75680000	280000	20000	13.308035714285714	97.0%	0.0435	0.2637299397397824	0.0465	0.2637299397397824	13.308035714285714	2981	1.6563225670959976	1484.0650201180138
chr8	138920001	138945000	chr8	138720001	138945000	225000	25000	13.826666666666668	96.0%	0.079	0.2631468911939307	0.084	0.2631468911939307	13.826666666666666	3111	1.4280211079608425	1606.5237464559477
chr2	29825001	29845000	chr2	29285001	29845000	560000	20000	7.796875	95.0%	0.0895	0.2613343159274086	0.092	0.2613343159274086	7.796875	3493	2.213466940392794	3966.532757183886
chr17	4555001	4575000	chr17	4555001	4705000	150000	20000	19.55	95.0%	0.039	0.2572653628703044	0.043	0.25726536287030444	19.55	2346	1.5806868028807264	758.7296653827486
chr15	88805001	88835000	chr15	88660001	88835000	175000	30000	19.59523809523809	95.0%	0.091	0.2568291583606649	0.093	0.2568291583606649	19.595238095238095	4115	2.217361434523778	2793.8754074999606
chr4	48950001	48970000	chr4	48245001	48970000	725000	20000	6.110344827586207	96.0%	0.068	0.2565973423630019	0.071	0.25659734236300197	6.110344827586207	3544	2.236465157754921	5188.599165991417
chr1	203205001	203225000	chr1	203030001	203225000	195000	20000	19.275641025641026	96.0%	0.034	0.2558509301997576	0.037	0.25585093019975763	19.275641025641026	3007	2.4146691830827574	1506.7535702436405
chr13	31530001	31550000	chr13	31530001	31805000	275000	20000	13.277272727272727	98.0%	0.061	0.2548738155457268	0.067	0.2548738155457268	13.277272727272727	2921	2.4260882973908457	2134.957701703944
chr2	120335001	120355000	chr2	120335001	120555000	220000	20000	13.346590909090908	96.0%	0.0275	0.2486325093094261	0.0315	0.24863250930942615	13.346590909090908	2349	1.4367223500996282	1011.4525344701383
chr1	235950001	235980000	chr1	235525001	235980000	455000	30000	9.793040293040294	96.0%	0.064	0.2476416229522375	0.066	0.24764162295223757	9.793040293040294	5347	2.199791431963127	7206.516731111204
chr10	110275001	110295000	chr10	110030001	110295000	265000	20000	15.641509433962264	96.0%	0.032	0.2462940178601709	0.034	0.24629401786017094	15.641509433962264	3316	2.06687968088709	1752.7139693922525
chr11	46520001	46545000	chr11	46370001	46545000	175000	25000	19.56571428571429	96.0%	0.061	0.2428784985437818	0.066	0.24287849854378188	19.565714285714286	3424	1.5786919751935846	1381.3554782943866
chr6	27885001	27910000	chr6	27760001	27910000	150000	25000	18.546666666666667	98.0%	0.0209999999999999	0.242580656818659	0.022	0.24258065681865906	18.546666666666667	2782	1.213530011428579	910.1475085714343
chr6	165220001	165240000	chr6	164915001	165240000	325000	20000	11.323076923076924	95.0%	0.077	0.2408552049383709	0.079	0.24085520493837095	11.323076923076924	2944	1.6804638444792221	1747.682398258391
chr8	9320001	9345000	chr8	9035001	9345000	310000	25000	11.483870967741936	96.0%	0.0505	0.2404333703678464	0.0545	0.2404333703678464	11.483870967741936	3560	1.5820320429306318	2452.1496665424793
chr6	160130001	160150000	chr6	160130001	160475000	345000	20000	11.380434782608695	95.0%	0.062	0.2377773170879536	0.069	0.2377773170879536	11.380434782608695	3141	2.0266742812626717	2237.4484065139895
chr2	137825001	137845000	chr2	136940001	137845000	905000	20000	5.357734806629834	96.0%	0.043	0.2368902223024959	0.045	0.23689022230249593	5.357734806629834	3879	2.3827172123272358	6900.349046899674
chr3	73045001	73065000	chr3	72850001	73065000	215000	20000	16.6453488372093	97.0%	0.032	0.2368834977189676	0.033	0.2368834977189676	16.6453488372093	2863	2.0984956202489533	1443.7649867312798
chr4	73855001	73880000	chr4	73855001	74095000	240000	25000	16.1875	97.0%	0.077	0.2354049292924241	0.0805	0.23540492929242413	16.1875	3885	1.7364166693106962	2083.7000031728353
chr2	126510001	126535000	chr2	126510001	126805000	295000	25000	12.905084745762712	95.0%	0.069	0.2344404568014431	0.075	0.23444045680144315	12.905084745762712	3807	1.5398066036481723	2271.214740381054
chr2	157770001	157795000	chr2	157770001	158015000	245000	25000	16.746938775510205	96.0%	0.08	0.2344228901986886	0.086	0.23442289019868864	16.746938775510205	4103	1.8682374134159223	2288.5908314345047
chr6	149715001	149740000	chr6	149715001	149935000	220000	25000	15.668181818181818	97.0%	0.0725	0.2337500060487191	0.08	0.23375000604871915	15.668181818181818	3447	1.4553441622442438	1600.8785784686681
chr20	8375001	8395000	chr20	7910001	8395000	485000	20000	8.97938144329897	95.0%	0.058	0.2334757937037236	0.063	0.23347579370372362	8.97938144329897	3484	3.603711608061228	5592.960415711026
chr5	149965001	149990000	chr5	149680001	149990000	310000	25000	14.119354838709675	96.0%	0.069	0.2304685235211525	0.07450000000000001	0.23046852352115255	14.119354838709677	4377	1.8684128373240303	2896.039897852247
chr12	80745001	80765000	chr12	80400001	80765000	365000	20000	11.26027397260274	95.0%	0.044	0.2303095382295189	0.046	0.2303095382295189	11.26027397260274	3288	1.97843727465453	2310.814736796491
chr15	84575001	84595000	chr15	84575001	84945000	370000	20000	8.547297297297296	95.0%	0.0905	0.2263700090327732	0.0945	0.22637000903277327	8.547297297297296	2530	2.0705340354239694	2451.51229794198
chr7	75745001	75765000	chr7	75530001	75765000	235000	20000	12.867021276595745	95.0%	0.057	0.2259073951313468	0.06	0.2259073951313468	12.867021276595745	2419	1.3020220761037986	979.1206012300565
chr16	30435001	30455000	chr16	30435001	30630000	195000	20000	15.32051282051282	96.0%	0.083	0.2244791842212255	0.091	0.2244791842212255	15.320512820512821	2390	1.9367953739024744	1208.560313315144
chr7	54235001	54260000	chr7	54235001	54570000	335000	25000	11.528358208955224	96.0%	0.048	0.2232858203610312	0.05	0.22328582036103128	11.528358208955224	3862	1.4744788190055538	2469.7520218343025
chr7	30725001	30745000	chr7	30505001	30745000	240000	20000	12.473958333333334	96.0%	0.0935	0.2222242073745759	0.099	0.22222420737457593	12.473958333333334	2395	1.194923221961725	917.7010344666048
chr2	238350001	238375000	chr2	238350001	238800000	450000	25000	8.706666666666667	95.0%	0.06	0.2190605395898044	0.064	0.21906053958980443	8.706666666666667	3918	1.4622825222451565	3290.1356750516024
chr11	2865001	2885000	chr11	2570001	2885000	315000	20000	14.825396825396826	95.0%	0.08	0.2183306946873945	0.084	0.21833069468739458	14.825396825396826	3736	1.7372394848978499	1751.1374007770326
chr6	97060001	97080000	chr6	97060001	97500000	440000	20000	9.639204545454543	95.0%	0.0815	0.2174172222383242	0.0865	0.2174172222383242	9.639204545454545	3393	2.1508593190937804	3028.409921284043
chr15	90135001	90155000	chr15	90135001	90345000	210000	20000	15.19047619047619	95.0%	0.036	0.2156488866479823	0.0405	0.21564888664798232	15.19047619047619	2552	1.879877415388554	1263.2776231411083
chr9	33610001	33635000	chr9	33610001	33935000	325000	25000	11.415384615384616	95.0%	0.084	0.2155224229318831	0.087	0.21552242293188315	11.415384615384616	3710	1.8544168661341476	3013.4274074679897
chr13	94350001	94370000	chr13	92950001	94370000	1420000	20000	3.7403169014084505	95.0%	0.038	0.2151301905860065	0.0395	0.21513019058600652	3.7403169014084505	4249	4.428849087451011	20124.690253377397
chr3	31760001	31785000	chr3	31605001	31785000	180000	25000	18.916666666666664	95.0%	0.053	0.215099790980347	0.055	0.21509979098034704	18.916666666666668	3405	1.3504118028101675	1215.3706225291508
chr7	51425001	51445000	chr7	51425001	52180000	755000	20000	5.448675496688741	95.0%	0.079	0.2146883302730939	0.085	0.2146883302730939	5.448675496688741	3291	2.387242816275122	5767.578644120695
chr6	16505001	16530000	chr6	16505001	16790000	285000	25000	12.849122807017546	98.0%	0.095	0.2093985748038645	0.101	0.20939857480386453	12.849122807017544	3662	1.715300741756912	2444.3035570035995
chr8	26370001	26390000	chr8	26370001	26570000	200000	20000	15.9875	97.0%	0.039	0.2084088076503747	0.041999999999999996	0.2084088076503747	15.9875	2558	1.5643436693611328	1001.179948391125
chr4	169600001	169620000	chr4	169600001	170060000	460000	20000	7.9103260869565215	97.0%	0.086	0.2082669342073319	0.089	0.20826693420733194	7.9103260869565215	2911	1.5803640529202896	2326.2958858986663
chr3	195220001	195255000	chr3	194890001	195255000	365000	35000	10.5146771037182	96.0%	0.089	0.2026491250704025	0.091	0.20264912507040253	10.5146771037182	5373	1.2524081821988056	4479.864067725128
chr10	69235001	69265000	chr10	69235001	69395000	160000	30000	21.776041666666668	97.0%	0.055	0.199847093239303	0.06	0.199847093239303	21.776041666666668	4181	1.9083443756100493	2198.412720702777
chr7	17635001	17660000	chr7	16975001	17660000	685000	25000	7.287591240875912	95.0%	0.068	0.1989889160599338	0.067	0.19898891605993382	7.287591240875912	4992	2.807258875066765	9614.86164710367
chr5	136160001	136180000	chr5	135885001	136180000	295000	20000	14.40677966101695	96.0%	0.034	0.1963171805300593	0.037	0.1963171805300593	14.40677966101695	3400	2.244371861942891	2118.687037674089
chr7	112395001	112415000	chr7	111830001	112415000	585000	20000	7.901709401709402	95.0%	0.063	0.1886639035305965	0.062	0.18866390353059653	7.901709401709402	3698	2.533886018700622	4743.434627007564
chr18	75470001	75490000	chr18	74880001	75490000	610000	20000	6.426229508196721	95.0%	0.0965	0.1868338114790075	0.096	0.18683381147900754	6.426229508196721	3136	2.0591356086348713	4019.4327080552684
chr8	26115001	26140000	chr8	26115001	26560000	445000	25000	8.932584269662922	95.0%	0.078	0.1865695032992362	0.082	0.18656950329923622	8.932584269662922	3975	1.9284607196418588	4290.825101203136
chr10	72205001	72230000	chr10	72055001	72230000	175000	25000	18.011428571428574	97.0%	0.038	0.1862642731167154	0.04	0.1862642731167154	18.01142857142857	3152	1.5703244804195318	1374.0339203670903
chr5	180460001	180485000	chr5	180280001	180485000	205000	25000	14.809756097560976	98.0%	0.062	0.18466437802918	0.064	0.18466437802918004	14.809756097560976	3036	1.2704852824191173	1302.2474144795951
chr5	87385001	87405000	chr5	86970001	87405000	435000	20000	9.988505747126435	95.0%	0.071	0.1824559940603614	0.073	0.1824559940603614	9.988505747126437	3476	2.035908752985545	2833.984984155879
chr5	52680001	52705000	chr5	52680001	52925000	245000	25000	14.546938775510204	96.0%	0.095	0.1815158909487405	0.103	0.1815158909487405	14.546938775510204	3564	1.5681086212044864	1920.9330609754957
chr1	47425001	47445000	chr1	47425001	47740000	315000	20000	10.833333333333334	95.0%	0.036	0.181061362808468	0.04	0.18106136280846805	10.833333333333334	2730	2.6085819616050436	2629.450617297884
chr9	93150001	93170000	chr9	93150001	93445000	295000	20000	10.927966101694915	95.0%	0.092	0.1765488379780237	0.095	0.17654883797802373	10.927966101694915	2579	1.5975369400647197	1508.0748714210954
chr8	9815001	9840000	chr8	9030001	9840000	810000	25000	5.01604938271605	95.0%	0.073	0.1753278723865209	0.07300000000000001	0.17532787238652092	5.01604938271605	4063	1.9214144893338123	7781.72868180194
chr18	11730001	11750000	chr18	11730001	12045000	315000	20000	11.42063492063492	95.0%	0.065	0.1739643694921552	0.067	0.1739643694921552	11.420634920634921	2878	2.0759763616823754	2092.5841725758346
chr4	52020001	52040000	chr4	51820001	52040000	220000	20000	14.221590909090908	96.0%	0.0854999999999999	0.1720986785052562	0.0915	0.17209867850525626	14.221590909090908	2503	1.7156850642365453	1207.8422852225278
chr10	131780001	131805000	chr10	131450001	131805000	355000	25000	9.391549295774649	96.0%	0.083	0.1705924352550894	0.086	0.17059243525508944	9.391549295774649	3334	1.5982766622796818	2836.941075546435
chr15	60305001	60325000	chr15	59700001	60325000	625000	20000	6.97	96.0%	0.089	0.1698872819661852	0.09	0.16988728196618527	6.97	3485	3.8471636054305107	7694.327210861022
chr12	69885001	69910000	chr12	69885001	70400000	515000	25000	8.244660194174758	95.0%	0.081	0.1676645487449426	0.088	0.16766454874494263	8.244660194174758	4246	2.2094716939789847	5689.389611995885
chr15	81265001	81295000	chr15	81265001	81405000	140000	30000	23.2202380952381	96.0%	0.048	0.1664982855702304	0.051000000000000004	0.16649828557023047	23.220238095238095	3901	2.4498479662724346	2469.446750002614
chr3	106595001	106625000	chr3	105755001	106625000	870000	30000	5.135057471264368	95.0%	0.099	0.1658816427778792	0.1005	0.16588164277787923	5.135057471264368	5361	2.1515787364462744	13477.489205099462
chr2	108980001	109000000	chr2	108845001	109000000	155000	20000	20.266129032258064	97.0%	0.052	0.1657835402159697	0.057	0.16578354021596975	20.266129032258064	2513	1.3098116502568442	649.6665785273947
chr4	68365001	68385000	chr4	68265001	68385000	120000	20000	27.39583333333333	98.0%	0.069	0.163623763727787	0.0755	0.163623763727787	27.395833333333332	2630	1.756281511202442	674.4121003017377
chr5	35955001	35975000	chr5	35955001	36265000	310000	20000	10.911290322580646	96.0%	0.0685	0.1633485505919792	0.0735	0.1633485505919792	10.911290322580646	2706	1.2214734393471798	1211.7016518324024
chr6	21590001	21610000	chr6	21590001	22045000	455000	20000	7.313186813186813	96.0%	0.077	0.1532853981029022	0.079	0.1532853981029022	7.313186813186813	2662	1.623636461572264	2364.0146880492166
chr7	121975001	122000000	chr7	121550001	122000000	450000	25000	9.875555555555556	95.0%	0.0849999999999999	0.1524479068227846	0.0905	0.1524479068227846	9.875555555555556	4444	2.4367214820652223	5482.623334646751
chr6	46085001	46105000	chr6	46085001	46360000	275000	20000	13.445454545454544	95.0%	0.088	0.152208473985362	0.095	0.15220847398536208	13.445454545454545	2958	1.480277564935453	1302.6442571431985
chr1	203330001	203355000	chr1	203330001	203745000	415000	25000	9.113253012048194	95.0%	0.097	0.1469382783833236	0.105	0.14693827838332366	9.113253012048192	3782	1.6910317251533231	3508.8908296931454
chr7	114845001	114875000	chr7	114845001	115330000	485000	30000	9.072164948453608	95.0%	0.072	0.1468534127209315	0.076	0.1468534127209315	9.072164948453608	5280	2.1319579035889418	7444.796999332585
chr7	100690001	100710000	chr7	100690001	100855000	165000	20000	16.96969696969697	97.0%	0.035	0.1461870098816206	0.038	0.1461870098816206	16.96969696969697	2240	1.4315879712159174	755.8784488020044
chr12	48590001	48620000	chr12	48185001	48620000	435000	30000	9.722222222222223	95.0%	0.086	0.1446622272387327	0.088	0.14466222723873276	9.722222222222221	5075	1.8153336030069112	5685.624844617646
chr1	185320001	185340000	chr1	185320001	185605000	285000	20000	14.416666666666666	97.0%	0.08	0.1436957994996244	0.089	0.1436957994996244	14.416666666666666	3287	2.055692553454739	1874.7916087507222
chr12	54830001	54860000	chr12	54830001	55075000	245000	30000	14.64625850340136	95.0%	0.084	0.1425835295513453	0.09	0.14258352955134534	14.646258503401361	4306	1.6655421378073447	2938.016331092156
chr11	45850001	45880000	chr11	45850001	46015000	165000	30000	20.55050505050505	96.0%	0.054	0.1421547157221344	0.059	0.14215471572213442	20.550505050505052	4069	1.2459759264230872	1480.2194005906276
chr8	18790001	18810000	chr8	18310001	18810000	500000	20000	7.295	95.0%	0.0735	0.1409212892158541	0.078	0.14092128921585415	7.295	2918	1.6816937778329515	2690.7100445327223
chr7	75415001	75440000	chr7	75415001	75825000	410000	25000	3.851219512195122	96.0%	0.082	0.1386298133590152	0.08449999999999999	0.1386298133590152	3.851219512195122	1579	0.7162602906982181	1468.333595931347
chr8	144550001	144570000	chr8	144550001	144740000	190000	20000	16.598684210526315	96.0%	0.065	0.1375855751513928	0.07150000000000001	0.1375855751513928	16.598684210526315	2523	1.2403766515272452	754.1490041285651
chr12	7790001	7810000	chr12	7645001	7810000	165000	20000	15.916666666666666	95.0%	0.046	0.1333330678948901	0.051	0.13333306789489016	15.916666666666666	2101	1.355249295929022	715.5716282505236
chr1	10495001	10515000	chr1	10495001	10970000	475000	20000	7.713157894736842	95.0%	0.085	0.1299869683270921	0.092	0.12998696832709214	7.713157894736842	2931	2.2427707202432154	3409.0114947696875
chr14	45420001	45445000	chr14	45420001	45865000	445000	25000	8.298876404494383	96.0%	0.089	0.1256760976232276	0.094	0.12567609762322762	8.298876404494383	3693	1.9971961398603293	4443.761411189233
chr4	55625001	55645000	chr4	55390001	55645000	255000	20000	13.053921568627452	95.0%	0.06	0.1240706069353119	0.065	0.12407060693531197	13.053921568627452	2663	1.5521287761549323	1266.5370813424247
chr1	91615001	91635000	chr1	91615001	91935000	320000	20000	13.25	97.0%	0.036	0.1178766544918504	0.0395	0.11787665449185049	13.25	3392	2.4012867109785794	2458.9175920420653
chr3	11310001	11335000	chr3	11050001	11335000	285000	25000	14.298245614035087	95.0%	0.076	0.1171480497689489	0.084	0.11714804976894896	14.298245614035087	4075	1.4256894226070163	2031.607427214998
chr8	125620001	125645000	chr8	125270001	125645000	375000	25000	10.781333333333333	95.0%	0.087	0.1158805006366086	0.088	0.11588050063660867	10.781333333333333	4043	1.6709636490035835	3133.0568418817193
chr2	232600001	232620000	chr2	232600001	232790000	190000	20000	15.723684210526317	97.0%	0.073	0.114858275731627	0.078	0.11485827573162705	15.723684210526315	2390	1.2578729334189622	764.786743518729
chr1	168555001	168580000	chr1	168340001	168580000	240000	25000	15.841666666666663	97.0%	0.052	0.1139907870256452	0.0565	0.1139907870256452	15.841666666666667	3802	2.3418057457254235	2810.1668948705083
chr10	125855001	125875000	chr10	125855001	126030000	175000	20000	18.40714285714286	97.0%	0.038	0.1139667829281692	0.042	0.11396678292816922	18.40714285714286	2577	1.2901713082361315	722.4959326122337
chr2	30195001	30215000	chr2	30195001	30710000	515000	20000	8.216019417475728	96.0%	0.056	0.110281229679245	0.059	0.11028122967924502	8.216019417475728	3385	2.4275161657920146	4000.5466412252404
chr6	85110001	85130000	chr6	84925001	85130000	205000	20000	18.054878048780488	97.0%	0.058	0.1100291422409532	0.061	0.11002914224095328	18.054878048780488	2961	1.6145927452859492	1059.1728409075827
chr12	47290001	47320000	chr12	47025001	47320000	295000	30000	14.23728813559322	95.0%	0.082	0.1088864665314951	0.084	0.10888646653149514	14.23728813559322	5040	2.3922870121729276	5081.217613855299
chr2	222320001	222340000	chr2	222320001	222605000	285000	20000	15.267543859649123	97.0%	0.05	0.1073187986993171	0.051	0.1073187986993171	15.267543859649123	3481	2.0885250039236496	1904.7348035783684
chr7	47075001	47095000	chr7	46455001	47095000	640000	20000	6.302734375	95.0%	0.0945	0.1059182314449394	0.095	0.10591823144493946	6.302734375	3227	2.066176884511946	4231.530259480465
chr11	72400001	72420000	chr11	72275001	72420000	145000	20000	24.25	96.0%	0.095	0.1004549717512764	0.101	0.10045497175127643	24.25	2813	1.6160890815487805	749.8653338386341
chr10	72375001	72390000	chr10	72375001	72885000	510000	15000	8.34967320261438	97.0%	0.052	0.1004425657180761	0.0545	0.10044256571807611	8.34967320261438	2555	2.543975977702038	2335.369947530471
chr7	35020001	35040000	chr7	34745001	35040000	295000	20000	11.779661016949152	95.0%	0.057	0.0994070934940204	0.061	0.09940709349402041	11.779661016949152	2780	1.6667615201575627	1573.4228750287393
chr3	141455001	141475000	chr3	141455001	142005000	550000	20000	7.95	95.0%	0.0515	0.0951020470288859	0.0545	0.09510204702888597	7.95	3498	1.6380897023148662	2883.0378760741646
chr12	122035001	122060000	chr12	122035001	122195000	160000	25000	18.8625	95.0%	0.0235	0.0948334833210444	0.025500000000000002	0.09483348332104444	18.8625	3018	1.4801128055452402	1184.090244436192
chr7	55260001	55290000	chr7	55260001	55605000	345000	30000	10.234299516908212	96.0%	0.098	0.0917069024432627	0.099	0.09170690244326277	10.234299516908212	4237	1.3263826122656994	3294.7344088679974
chr2	27270001	27290000	chr2	26905001	27290000	385000	20000	10.64935064935065	96.0%	0.093	0.0912641893772868	0.097	0.09126418937728684	10.64935064935065	3280	1.4462383715475915	1781.7656737466327
chr6	62760001	62780000	chr6	62335001	62780000	445000	20000	9.0561797752809	96.0%	0.052	0.0859625138965526	0.054	0.08596251389655266	9.0561797752809	3224	1.989892738976605	2833.6072603026855
chr2	127865001	127885000	chr2	127865001	128245000	380000	20000	10.289473684210526	95.0%	0.051	0.0819846418498386	0.056999999999999995	0.08198464184983864	10.289473684210526	3128	1.4745813253019509	1793.0908915671723
chr8	33665001	33685000	chr8	33665001	33855000	190000	20000	14.486842105263158	96.0%	0.0605	0.081740062509665	0.0635	0.08174006250966509	14.486842105263158	2202	1.139004040917948	692.5144568781125
chr11	47335001	47360000	chr11	47160001	47360000	200000	25000	14.265	96.0%	0.0465	0.080539189168454	0.0505	0.08053918916845403	14.265	2853	1.2852300214103112	1285.230021410311
chr11	102600001	102620000	chr11	102295001	102620000	325000	20000	12.707692307692309	96.0%	0.023	0.0805304469760369	0.025	0.0805304469760369	12.707692307692307	3304	2.7740453956417293	2885.0072114673985
chr7	73715001	73740000	chr7	73585001	73740000	155000	25000	17.193548387096776	97.0%	0.039	0.0799505724354289	0.042	0.07995057243542894	17.193548387096776	2665	1.2037802835741689	932.9297197699809
chr3	120390001	120410000	chr3	120230001	120410000	180000	20000	21.21527777777778	98.0%	0.038	0.0796374718556336	0.041	0.07963747185563363	21.21527777777778	3055	1.873697215647604	1079.24959621302
chr12	131840001	131860000	chr12	131840001	132010000	170000	20000	14.948529411764708	96.0%	0.065	0.0775990197474864	0.07	0.07759901974748648	14.948529411764707	2033	1.3420736173448085	730.0880478355758
chr7	61730001	61750000	chr7	61730001	61915000	185000	20000	13.41216216216216	95.0%	0.071	0.073890610714603	0.075	0.07389061071460307	13.412162162162161	1985	0.7993717058359883	473.22804985490507
chr6	128465001	128485000	chr6	127720001	128485000	765000	20000	8.549019607843137	96.0%	0.049	0.0719720734056952	0.052	0.07197207340569528	8.549019607843137	5232	2.1287293264180325	5211.129391071344
chr11	120160001	120185000	chr11	120160001	120310000	150000	25000	22.03333333333333	95.0%	0.063	0.0709578516692429	0.0675	0.07095785166924298	22.033333333333335	3305	1.6149028383125823	1211.1771287344368
chr2	106100001	106120000	chr2	106100001	106590000	490000	20000	7.270408163265306	95.0%	0.0584999999999999	0.0706375275432488	0.0635	0.07063752754324887	7.270408163265306	2850	1.472201381041157	2308.411765472534
chr5	40895001	40915000	chr5	40895001	41850000	955000	20000	4.884816753926701	95.0%	0.089	0.0702822808968588	0.095	0.07028228089685885	4.884816753926701	3732	3.012480906005298	9206.141648752191
chr15	92780001	92800000	chr15	92780001	93025000	245000	20000	12.668367346938776	95.0%	0.041	0.0701497375323205	0.044	0.07014973753232051	12.668367346938776	2483	2.1334160591730784	1672.5981903916936
chr14	31915001	31935000	chr14	31915001	32475000	560000	20000	7.029017857142857	95.0%	0.0645	0.0679455315884282	0.0675	0.0679455315884282	7.029017857142857	3149	3.114121518725891	5580.505761556797
chr3	136070001	136090000	chr3	136070001	136575000	505000	20000	7.297029702970297	95.0%	0.099	0.0674984911190423	0.1	0.0674984911190423	7.297029702970297	2948	1.7298302412753919	2795.4056699010334
chr1	1100001	1125000	chr1	1100001	1300000	200000	25000	12.595	96.0%	0.0625	0.0639688265806875	0.067	0.06396882658068759	12.595	2519	1.0847824384608458	1084.7824384608457
chr8	1890001	1925000	chr8	1890001	2135000	245000	35000	14.148688046647232	96.0%	0.086	0.0617906275212001	0.094	0.061790627521200146	14.14868804664723	4853	1.3987005702070618	3358.2800690671556
chr18	12095001	12120000	chr18	12095001	12370000	275000	25000	13.036363636363635	95.0%	0.085	0.0587979052956917	0.089	0.058797905295691795	13.036363636363637	3585	1.379058271567368	1896.205123405131
chr4	26065001	26090000	chr4	26065001	26310000	245000	25000	14.971428571428572	97.0%	0.067	0.0562063247340141	0.07	0.05620632473401413	14.971428571428572	3668	1.5991822482088185	1958.9982540558026
chr10	91380001	91400000	chr10	91380001	91805000	425000	20000	8.75294117647059	95.0%	0.097	0.0559223431623935	0.095	0.05592234316239351	8.75294117647059	2976	1.7417605759749835	2368.7943833259774
chr7	35410001	35435000	chr7	35410001	35660000	250000	25000	13.76	96.0%	0.07	0.0546815085419172	0.076	0.0546815085419172	13.76	3440	1.5166243060568603	1895.7803825710753
chr6	2775001	2795000	chr6	2775001	2930000	155000	20000	11.42741935483871	96.0%	0.091	0.0470837269730846	0.099	0.04708372697308466	11.42741935483871	1417	0.8929553959328764	442.9058763827067
chr5	60950001	60970000	chr5	60950001	61185000	235000	20000	13.132978723404255	96.0%	0.065	0.0452199561668177	0.069	0.045219956166817794	13.132978723404255	2469	1.2254593245859113	921.5454120886053
chr5	133860001	133880000	chr5	133440001	133880000	440000	20000	9.670454545454543	96.0%	0.0315	0.0437182263690021	0.0335	0.04371822636900212	9.670454545454545	3404	2.3061369102428944	3247.040769621995
chr8	30365001	30380000	chr8	30175001	30380000	205000	15000	16.878048780487806	98.0%	0.052	0.0432542788081187	0.057	0.043254278808118704	16.878048780487806	2076	1.9277553656470685	711.3417299237683
chr18	77695001	77715000	chr18	76865001	77715000	850000	20000	4.451470588235294	95.0%	0.08	0.0419646904666237	0.081	0.041964690466623746	4.451470588235294	3027	2.260726571169098	6149.176273579946
chr13	110920001	110940000	chr13	110920001	111225000	305000	20000	12.438524590163937	95.0%	0.09	0.0409404864496163	0.095	0.04094048644961639	12.438524590163935	3035	1.7370305530430974	1695.341819770063
chr9	100700001	100720000	chr9	100700001	101320000	620000	20000	7.32258064516129	95.0%	0.0809999999999999	0.0388615336370251	0.087	0.0388615336370251	7.32258064516129	3632	4.145043269949533	8223.765847579874
chr4	170365001	170385000	chr4	170135001	170385000	250000	20000	14.015	95.0%	0.087	0.0363781679280311	0.088	0.03637816792803112	14.015	2803	1.472401312332246	1177.9210498657967
chr1	149950001	149970000	chr1	149950001	150190000	240000	20000	15.067708333333334	95.0%	0.0505	0.0352923744866684	0.055999999999999994	0.03529237448666841	15.067708333333334	2893	2.0704477018588574	1590.1038350276026
chr3	55485001	55505000	chr3	55485001	55755000	270000	20000	12.11111111111111	97.0%	0.0795	0.0352004568528184	0.08249999999999999	0.03520045685281848	12.11111111111111	2616	1.6074898234689186	1388.8712074771456
chr3	136760001	136780000	chr3	136760001	137075000	315000	20000	11.48015873015873	95.0%	0.082	0.0348604722740913	0.086	0.034860472274091316	11.48015873015873	2893	1.633639645483993	1646.708762647865
chr3	185345001	185365000	chr3	185345001	185580000	235000	20000	15.808510638297872	97.0%	0.039	0.0338267820311996	0.043	0.033826782031199654	15.808510638297872	2972	1.618073117458498	1216.7909843287905
chr2	20675001	20695000	chr2	20675001	21020000	345000	20000	12.5	97.0%	0.052	0.0334639387201544	0.058	0.03346393872015446	12.5	3450	1.9083890798556058	2106.861544160589
chr7	12305001	12325000	chr7	11965001	12325000	360000	20000	12.291666666666666	96.0%	0.0895	0.0324697784714191	0.0915	0.03246977847141918	12.291666666666666	3540	2.5067023513740563	2887.721108782913
chr7	140155001	140175000	chr7	140155001	140490000	335000	20000	10.593283582089551	95.0%	0.065	0.0263734466886459	0.068	0.02637344668864592	10.593283582089553	2839	1.764615553943406	1891.6678738273313
chr5	78880001	78905000	chr5	78880001	79140000	260000	25000	14.169230769230769	95.0%	0.0834999999999999	0.0225115041061918	0.0885	0.02251150410619186	14.169230769230769	3684	1.4449597951281534	1878.4477336665993
chr3	99750001	99770000	chr3	99435001	99770000	335000	20000	10.921641791044776	96.0%	0.095	0.0180657759704946	0.1	0.018065775970494632	10.921641791044776	2927	1.7538798589435576	1880.1592087874938
chr5	16785001	16805000	chr5	16785001	17080000	295000	20000	11.88135593220339	95.0%	0.09	0.0175374804494662	0.097	0.017537480449466222	11.88135593220339	2804	1.6017832416968345	1512.0833801618119
chr12	99385001	99405000	chr12	99385001	99770000	385000	20000	13.204545454545457	96.0%	0.048	0.0064474684451121	0.053	0.00644746844511218	13.204545454545455	4067	3.3825148083573997	4167.258243896316
chr13	111040001	111060000	chr13	110825001	111060000	235000	20000	14.73936170212766	96.0%	0.047	0.0055158889738392	0.049	0.005515888973839217	14.73936170212766	2771	1.8798412541473668	1413.6406231188198
chr10	24625001	24645000	chr10	24625001	25020000	395000	20000	8.89873417721519	96.0%	0.098	0.0040805923108188	0.101	0.0040805923108188326	8.89873417721519	2812	2.0360771374940443	2573.601501792472
chr17	16985001	17005000	chr17	16985001	17210000	225000	20000	11.35	96.0%	0.058	0.001962559549453	0.062	0.0019625595494530026	11.35	2043	1.3878289499896932	999.2368439925791
chr12	64680001	64700000	chr12	64550001	64700000	150000	20000	23.116666666666667	98.0%	0.033	0.0009975240906866	0.036000000000000004	0.0009975240906866455	23.116666666666667	2774	2.061408325092353	989.4759960443295
chr1	46730001	46755000	chr1	46730001	47155000	425000	25000	9.465882352941176	95.0%	0.073	-0.0003586654635945	0.081	-0.00035866546359457845	9.465882352941177	4023	1.9281701879461872	4097.361649385648
chr1	42570001	42590000	chr1	42570001	42755000	185000	20000	18.114864864864863	97.0%	0.061	-0.002941566593771	0.067	-0.002941566593771078	18.114864864864863	2681	1.762770733775699	1043.5602743952138
chr10	118230001	118245000	chr10	117425001	118245000	820000	15000	5.794715447154471	95.0%	0.0665	-0.0048770680046531	0.0695	-0.004877068004653102	5.794715447154472	2851	3.5441217593012886	5231.123716728702
chr7	4840001	4865000	chr7	4840001	5200000	360000	25000	10.1	95.0%	0.0985	-0.0058160544791213	0.10500000000000001	-0.005816054479121355	10.1	3636	1.5088104977659502	2715.8588959787103
chr10	62025001	62045000	chr10	62025001	62435000	410000	20000	9.707317073170731	95.0%	0.048	-0.0098484822500546	0.053	-0.00984848225005463	9.707317073170731	3184	2.14086919253993	2808.8203806123884
chr2	9135001	9155000	chr2	9135001	9400000	265000	20000	12.287735849056604	95.0%	0.085	-0.0115137182922005	0.093	-0.011513718292200563	12.287735849056604	2605	1.4490648967451292	1228.8070324398695
chr12	15590001	15610000	chr12	15590001	15865000	275000	20000	16.836363636363636	96.0%	0.049	-0.0124026494816122	0.051	-0.01240264948161226	16.836363636363636	3704	3.003240259322758	2642.851428204027
chr10	91620001	91640000	chr10	91470001	91640000	170000	20000	22.448529411764707	97.0%	0.0275	-0.0125867390819296	0.028499999999999998	-0.012586739081929602	22.448529411764707	3053	2.34193387370889	1274.0120272976362
chr4	147700001	147735000	chr4	147700001	147875000	175000	35000	21.66122448979592	96.0%	0.058	-0.0165054058524969	0.063	-0.016505405852496977	21.66122448979592	5307	1.8978738958961425	3254.8537314618843
chr13	73395001	73415000	chr13	72795001	73415000	620000	20000	6.959677419354839	95.0%	0.0885	-0.0173405875502006	0.0925	-0.017340587550200667	6.959677419354839	3452	2.8301595514861164	5615.036550148455
chr6	42895001	42915000	chr6	42895001	43155000	260000	20000	11.788461538461538	95.0%	0.0805	-0.0179649456056495	0.087	-0.01796494560564952	11.788461538461538	2452	1.2233289091363349	1017.8096524014306
chr5	172965001	172985000	chr5	172965001	173280000	315000	20000	10.817460317460318	96.0%	0.058	-0.0180305180936063	0.059	-0.018030518093606344	10.817460317460318	2726	1.5599698273460119	1572.44958596478
chr14	95600001	95620000	chr14	95600001	95860000	260000	20000	13.875	95.0%	0.0419999999999999	-0.0181554021734733	0.045	-0.01815540217347338	13.875	2886	2.5161837380803544	2093.4648700828548
chr3	14255001	14275000	chr3	14255001	14505000	250000	20000	13.765	97.0%	0.0305	-0.0182863937989693	0.0325	-0.018286393798969354	13.765	2753	1.7700495950733335	1416.0396760586668
chr3	58635001	58655000	chr3	58635001	59055000	420000	20000	8.43452380952381	97.0%	0.095	-0.0213653927938526	0.099	-0.02136539279385268	8.43452380952381	2834	1.5253604021456646	2050.084380483773
chr1	171800001	171830000	chr1	171800001	171970000	170000	30000	22.29901960784313	96.0%	0.093	-0.0223029457854082	0.101	-0.02230294578540826	22.29901960784314	4549	2.0201943939239273	2472.717938162887
chr8	37380001	37400000	chr8	37380001	37680000	300000	20000	12.3	96.0%	0.056	-0.0232669380436193	0.0615	-0.023266938043619373	12.3	2952	1.6434915800321201	1577.7519168308354
chr2	98640001	98660000	chr2	98640001	99070000	430000	20000	9.901162790697674	97.0%	0.056	-0.0258526157000077	0.0595	-0.02585261570000779	9.901162790697674	3406	2.169837934271135	2985.6969975570814
chr1	6235001	6260000	chr1	6235001	6490000	255000	25000	10.03921568627451	96.0%	0.082	-0.0262888463615155	0.084	-0.02628884636151555	10.03921568627451	2560	1.2013304581996442	1531.6963342045465
chr20	49610001	49625000	chr20	49610001	49930000	320000	15000	10.682291666666666	95.0%	0.059	-0.026833114292028	0.0625	-0.02683311429202802	10.682291666666666	2051	2.641911249695334	1521.7408798245124
chr1	44200001	44230000	chr1	44200001	44410000	210000	30000	15.97222222222222	96.0%	0.081	-0.0269303413798108	0.0875	-0.026930341379810804	15.972222222222221	4025	1.63977245462266	2479.335951389462
chr10	114765001	114785000	chr10	114585001	114785000	200000	20000	17.375	97.0%	0.06	-0.0287270117530993	0.065	-0.028727011753099385	17.375	2780	1.681548999506474	1076.1913596841434
chr2	74690001	74710000	chr2	74690001	75115000	425000	20000	10.226470588235294	95.0%	0.039	-0.0315810213904367	0.038	-0.03158102139043679	10.226470588235294	3477	1.9501900973117618	2652.258532343996
chr6	42855001	42875000	chr6	42505001	42875000	370000	20000	10.155405405405403	95.0%	0.0839999999999999	-0.035765138783637	0.08499999999999999	-0.03576513878363708	10.155405405405405	3006	1.60851260597364	1904.4789254727898
chr20	55410001	55435000	chr20	55410001	55675000	265000	25000	12.61509433962264	96.0%	0.083	-0.0360265890734669	0.089	-0.0360265890734669	12.615094339622642	3343	2.085296851383746	2763.018328083464
chr3	5025001	5055000	chr3	4710001	5055000	345000	30000	11.36473429951691	97.0%	0.073	-0.0363469758301872	0.077	-0.036346975830187214	11.364734299516908	4705	1.9753984383359893	4906.889720826597
chr11	96040001	96060000	chr11	96040001	96425000	385000	20000	11.584415584415584	97.0%	0.089	-0.0397699493138468	0.094	-0.039769949313846885	11.584415584415584	3568	2.6644361608292844	3282.585350141678
chr3	198050001	198080000	chr3	197935001	198080000	145000	30000	23.64367816091954	96.0%	0.095	-0.0442786758388859	0.103	-0.04427867583888593	23.64367816091954	4114	1.246739649574055	1301.5961941553135
chr1	20615001	20645000	chr1	20515001	20645000	130000	30000	25.128205128205128	97.0%	0.0415	-0.0444633829554469	0.046	-0.04446338295544699	25.128205128205128	3920	1.9334361289674948	1809.6962167135753
chr4	121635001	121660000	chr4	121240001	121660000	420000	25000	10.307142857142855	96.0%	0.0515	-0.0468440790583353	0.0535	-0.046844079058335396	10.307142857142857	4329	1.9194346954045955	4030.8128603496507
chr11	107880001	107905000	chr11	107645001	107905000	260000	25000	13.51153846153846	95.0%	0.0955	-0.047205425552548	0.1015	-0.047205425552548023	13.511538461538462	3513	1.4800158202211584	1924.020566287506
chr6	152110001	152135000	chr6	151625001	152135000	510000	25000	9.217647058823529	95.0%	0.0579999999999999	-0.0485320086330817	0.06	-0.048532008633081755	9.217647058823529	4701	2.464933400798012	6285.58017203493
chr5	102570001	102590000	chr5	102570001	102810000	240000	20000	15.546875	97.0%	0.0755	-0.0523863872289051	0.08249999999999999	-0.052386387228905165	15.546875	2985	1.7414877730946887	1337.4626097367209
chr8	124590001	124610000	chr8	124590001	124995000	405000	20000	9.808641975308642	97.0%	0.049	-0.0538634863668129	0.053	-0.05386348636681297	9.808641975308642	3178	1.8725709595512143	2426.8519635783737
chr20	24980001	25000000	chr20	24980001	25310000	330000	20000	9.81060606060606	95.0%	0.044	-0.0543477647920054	0.049	-0.054347764792005475	9.81060606060606	2590	1.8750499755202048	1980.0527741493363
chr8	2010001	2030000	chr8	1890001	2030000	140000	20000	19.651785714285715	96.0%	0.0685	-0.0563120256960237	0.07300000000000001	-0.056312025696023775	19.651785714285715	2201	1.4856825512960812	665.5857829806444
chr1	118065001	118085000	chr1	118065001	118265000	200000	20000	16.01875	95.0%	0.081	-0.0598236856829755	0.087	-0.05982368568297553	16.01875	2563	1.5148855526377347	969.5267536881502
chr7	21990001	22015000	chr7	21495001	22015000	520000	25000	7.798076923076922	95.0%	0.0725	-0.0768572070173938	0.0765	-0.07685720701739387	7.798076923076923	4055	1.8823011316799876	4893.982942367968
chr11	67845001	67875000	chr11	67845001	67985000	140000	30000	16.916666666666668	96.0%	0.0465	-0.0807298994516543	0.052000000000000005	-0.08072989945165435	16.916666666666668	2842	1.1598511796510569	1169.1299890882653
chr12	4520001	4545000	chr12	4290001	4545000	255000	25000	12.48235294117647	96.0%	0.092	-0.0821091620585395	0.094	-0.08210916205853955	12.48235294117647	3183	1.377280026855366	1756.0320342405917
chr7	31355001	31375000	chr7	31355001	31740000	385000	20000	10.084415584415584	96.0%	0.072	-0.083317534576731	0.074	-0.08331753457673104	10.084415584415584	3106	2.089258180356992	2573.966078199814
chr3	43150001	43175000	chr3	43150001	43545000	395000	25000	10.106329113924051	96.0%	0.064	-0.0853214507720335	0.066	-0.08532145077203358	10.106329113924051	3992	1.7160680486279125	3389.234396040127
chr8	24875001	24900000	chr8	24875001	25070000	195000	25000	17.512820512820515	96.0%	0.038	-0.0854500501743264	0.042	-0.08545005017432641	17.512820512820515	3415	1.7780033424081005	1733.553258847898
chr7	101500001	101520000	chr7	101320001	101520000	200000	20000	15.5375	96.0%	0.06	-0.0909096610529469	0.063	-0.09090966105294693	15.5375	2486	1.4902904393639171	953.785881192907
chr7	70685001	70705000	chr7	70150001	70705000	555000	20000	6.59009009009009	95.0%	0.076	-0.0913807274555141	0.078	-0.09138072745551419	6.59009009009009	2926	2.0180713633879783	3584.0947413770496
chr14	50750001	50775000	chr14	50585001	50775000	190000	25000	20.231578947368423	97.0%	0.0355	-0.0915687756730756	0.038	-0.09156877567307568	20.231578947368423	3844	2.6807079779791265	2546.67257908017
chr4	139085001	139105000	chr4	139085001	139305000	220000	20000	16.460227272727273	96.0%	0.08	-0.0948836672836471	0.08499999999999999	-0.09488366728364711	16.460227272727273	2897	1.566731240099504	1102.9787930300508
chr4	155435001	155460000	chr4	155435001	155795000	360000	25000	12.688888888888888	97.0%	0.0945	-0.0961829957883809	0.10200000000000001	-0.09618299578838096	12.688888888888888	4568	2.4757463218901417	4456.343379402255
chr6	117335001	117360000	chr6	117335001	117725000	390000	25000	10.669230769230769	95.0%	0.073	-0.0970946110649134	0.079	-0.09709461106491346	10.669230769230769	4161	1.983420807523789	3867.6705746713883
chr10	77835001	77855000	chr10	77835001	78030000	195000	20000	16.58974358974359	98.0%	0.048	-0.0998352699070712	0.051	-0.09983526990707126	16.58974358974359	2588	1.6752706641532642	1045.3688944316368
chr14	71850001	71875000	chr14	71710001	71875000	165000	25000	17.8	97.0%	0.061	-0.1065813640909232	0.068	-0.10658136409092327	17.8	2937	1.6074964464565908	1326.1845683266874
chr7	149300001	149325000	chr7	149300001	149530000	230000	25000	15.908695652173911	96.0%	0.082	-0.113049678349427	0.089	-0.11304967834942703	15.908695652173913	3659	1.5635630871352857	1798.0975502055785
chr3	41860001	41885000	chr3	40675001	41885000	1210000	25000	3.8462809917355374	95.0%	0.031	-0.1140870439280707	0.0315	-0.11408704392807072	3.8462809917355374	4654	2.6394753043203094	15968.825591137873
chr5	102210001	102230000	chr5	101940001	102230000	290000	20000	11.827586206896552	97.0%	0.0595	-0.1219421601014911	0.065	-0.12194216010149114	11.827586206896552	2744	1.5709525276403498	1457.8439456502447
chr8	127385001	127410000	chr8	127165001	127410000	245000	25000	14.79591836734694	96.0%	0.091	-0.1241782363421905	0.095	-0.12417823634219056	14.795918367346939	3625	1.6029063777389345	1963.5603127301947
chr1	87075001	87095000	chr1	86395001	87095000	700000	20000	6.758928571428571	95.0%	0.0735	-0.1251002079720777	0.077	-0.1251002079720777	6.758928571428571	3785	2.9850179877065726	6686.440292462723
chr2	233970001	233990000	chr2	233970001	234375000	405000	20000	9.033950617283953	95.0%	0.099	-0.1273965561256665	0.106	-0.1273965561256665	9.033950617283951	2927	1.2418648489591804	1609.4568442510977
chr2	37975001	37995000	chr2	37975001	38265000	290000	20000	20.629310344827587	97.0%	0.0405	-0.133618528361719	0.0435	-0.13361852836171906	20.629310344827587	4786	2.92912292424435	2718.226073698757
chr9	110160001	110185000	chr9	110160001	110630000	470000	25000	8.12127659574468	95.0%	0.0829999999999999	-0.1394780813335659	0.08449999999999999	-0.13947808133356596	8.12127659574468	3817	2.0585277387038334	4837.540185954009
chr1	112375001	112400000	chr1	112375001	112715000	340000	25000	10.552941176470588	96.0%	0.0725	-0.1394804746536094	0.0755	-0.1394804746536094	10.552941176470588	3588	1.9297830416719257	3280.6311708422736
chr3	62220001	62250000	chr3	62220001	62435000	215000	30000	16.697674418604652	97.0%	0.079	-0.139770453444122	0.086	-0.13977045344412206	16.697674418604652	4308	1.1500246243917225	1780.2381185583865
chr6	119140001	119160000	chr6	119140001	120080000	940000	20000	5.281914893617022	95.0%	0.054	-0.1406866695544165	0.054	-0.14068666955441655	5.281914893617022	3972	2.7680425295334246	8326.27192883654
chr2	25975001	25995000	chr2	25975001	26150000	175000	20000	20.13571428571429	97.0%	0.029	-0.1493271971418892	0.031	-0.14932719714188925	20.135714285714286	2819	1.82957730163605	1024.563288916188
chr1	153505001	153530000	chr1	153505001	153660000	155000	25000	20.18064516129032	96.0%	0.058	-0.1518879887096861	0.063	-0.15188798870968617	20.18064516129032	3128	1.4740473848446474	1142.3867232546017
chr6	45415001	45440000	chr6	45415001	45615000	200000	25000	15.19	96.0%	0.0685	-0.1566261208713357	0.075	-0.15662612087133576	15.19	3038	1.3996397998470147	1399.6397998470147
chr7	76165001	76185000	chr7	76165001	76325000	160000	20000	17.875	97.0%	0.0839999999999999	-0.1572396345032073	0.0915	-0.15723963450320738	17.875	2288	1.5122836593621913	774.289233593442
chr3	132390001	132410000	chr3	132075001	132410000	335000	20000	12.167910447761194	95.0%	0.097	-0.1580426506992373	0.099	-0.15804265069923734	12.167910447761194	3261	1.7082204540972878	1831.2123267922925
chr5	90930001	90950000	chr5	90930001	91425000	495000	20000	9.446969696969695	95.0%	0.038	-0.1581464213431762	0.041	-0.15814642134317627	9.446969696969697	3741	2.41508566162014	3825.495688006302
chr8	123675001	123695000	chr8	123470001	123695000	225000	20000	17.4	97.0%	0.041	-0.1617762924316533	0.044	-0.16177629243165334	17.4	3132	2.0206776447937265	1454.887904251483
chr3	127435001	127460000	chr3	127190001	127460000	270000	25000	12.31851851851852	95.0%	0.09	-0.1670648950007414	0.0955	-0.16706489500074145	12.318518518518518	3326	1.2642841422658233	1706.7835920588616
chr17	44525001	44545000	chr17	44525001	44680000	155000	20000	18.35483870967742	97.0%	0.058	-0.1709245550956346	0.063	-0.17092455509563462	18.35483870967742	2276	1.9325475063343711	958.543563141848
chr11	59525001	59555000	chr11	59525001	59805000	280000	30000	11.30059523809524	97.0%	0.0725	-0.1764488015987075	0.076	-0.17644880159870757	11.300595238095237	3797	1.4568526656690002	2937.0149739887042
chr10	132450001	132480000	chr10	132450001	132640000	190000	30000	13.166666666666666	95.0%	0.0755	-0.1851048164605978	0.08	-0.18510481646059784	13.166666666666666	3002	1.2868318392292577	1760.3859560656247
chr5	90770001	90790000	chr5	90505001	90790000	285000	20000	13.837719298245617	95.0%	0.084	-0.1852042788754123	0.089	-0.18520427887541235	13.837719298245615	3155	1.6825612864966737	1534.4958932849663
chr14	55075001	55100000	chr14	55075001	55220000	145000	25000	24.186206896551724	98.0%	0.092	-0.1859197907947475	0.097	-0.18591979079474755	24.186206896551724	3507	2.1705006907419975	1573.6130007879483
chr2	48410001	48430000	chr2	47855001	48430000	575000	20000	11.502173913043478	95.0%	0.07	-0.1861605878417233	0.071	-0.18616058784172337	11.502173913043478	5291	2.8694112660719218	5279.716729572336
chr20	2210001	2230000	chr20	2210001	2460000	250000	20000	14.58	95.0%	0.0584999999999999	-0.1939853826040428	0.0615	-0.19398538260404288	14.58	2916	1.9680920145734544	1574.4736116587635
chr16	18790001	18810000	chr16	18790001	18975000	185000	20000	18.006756756756758	95.0%	0.043	-0.1984696156541653	0.048	-0.19846961565416532	18.006756756756758	2665	2.1595118190809552	1278.4309968959255
chr9	101965001	101985000	chr9	101965001	102450000	485000	20000	8.378865979381443	95.0%	0.055	-0.1989544251434412	0.057	-0.19895442514344122	8.378865979381443	3251	2.8153112769602964	4369.36310184238
chr12	121540001	121565000	chr12	121540001	121680000	140000	25000	22.478571428571428	97.0%	0.0515	-0.2015900466830399	0.056499999999999995	-0.20159004668303993	22.478571428571428	3147	1.504012612186955	1052.8088285308686
chr2	205875001	205900000	chr2	205705001	205900000	195000	25000	17.974358974358974	97.0%	0.089	-0.2023059913502935	0.093	-0.20230599135029353	17.974358974358974	3505	1.3832012418367572	1348.6212107908382
chr3	193765001	193785000	chr3	193765001	194315000	550000	20000	7.959090909090909	95.0%	0.036	-0.2065523435219311	0.037	-0.20655234352193116	7.959090909090909	3502	2.6817473062117383	4719.87525893266
chr1	67555001	67580000	chr1	67555001	67760000	205000	25000	18.43414634146341	96.0%	0.053	-0.2095784328283667	0.059	-0.20957843282836672	18.434146341463414	3779	2.173207574130672	2227.5377634839388
chr3	149120001	149145000	chr3	149120001	149415000	295000	25000	13.908474576271184	95.0%	0.055	-0.2189843087775529	0.056	-0.21898430877755298	13.908474576271187	4103	1.9159020804487041	2825.9555686618387
chr5	127555001	127580000	chr5	127555001	128485000	930000	25000	5.159139784946237	95.0%	0.089	-0.2225877586076043	0.094	-0.22258775860760432	5.159139784946237	4798	2.2545379632550526	10483.601529135994
chr2	170220001	170240000	chr2	170220001	170395000	175000	20000	19.571428571428573	98.0%	0.046	-0.2234896856671736	0.051	-0.22348968566717364	19.571428571428573	2740	1.7000416507299236	952.0233244087573
chr2	201155001	201175000	chr2	200890001	201175000	285000	20000	14.302631578947368	96.0%	0.031	-0.2289277880446061	0.035	-0.22892778804460612	14.302631578947368	3261	2.143209086963462	1954.6066873106774
chr14	36195001	36215000	chr14	36195001	36620000	425000	20000	9.361764705882353	95.0%	0.061	-0.2303721409461519	0.066	-0.2303721409461519	9.361764705882353	3183	2.4335734868002135	3309.6599420482903
chr15	90320001	90340000	chr15	90320001	90695000	375000	20000	10.923333333333334	95.0%	0.079	-0.2341582966771131	0.086	-0.23415829667711313	10.923333333333334	3277	3.2102793075886913	3852.3351691064295
chr17	27220001	27240000	chr17	27220001	27605000	385000	20000	8.61038961038961	95.0%	0.089	-0.2345191035061504	0.091	-0.23451910350615046	8.61038961038961	2652	1.9755747534965975	2433.908096307808
chr8	105995001	106015000	chr8	105995001	106205000	210000	20000	16.80952380952381	98.0%	0.0935	-0.2355435423939023	0.099	-0.23554354239390235	16.80952380952381	2824	1.9862275113908239	1334.7448876546337
chr4	45445001	45465000	chr4	45445001	45945000	500000	20000	7.3925	96.0%	0.0605	-0.235772965755309	0.063	-0.23577296575530907	7.3925	2957	1.8503091967925238	2960.494714868038
chr8	119490001	119515000	chr8	119490001	119805000	315000	25000	12.593650793650792	95.0%	0.048	-0.2423364344397894	0.053	-0.24233643443978947	12.593650793650793	3967	2.1177036369265267	3335.3832281592795
chr12	102465001	102485000	chr12	102085001	102485000	400000	20000	10.384375	95.0%	0.077	-0.2468015764796546	0.0815	-0.24680157647965464	10.384375	3323	1.9226185687629964	2460.9517680166355
chr1	42175001	42195000	chr1	42175001	42655000	480000	20000	9.247395833333334	95.0%	0.088	-0.2474035410567741	0.0915	-0.24740354105677417	9.247395833333334	3551	2.3778508186226897	3652.378857404451
chr2	240840001	240865000	chr2	240840001	240995000	155000	25000	18.25161290322581	97.0%	0.082	-0.2511817892764285	0.087	-0.2511817892764285	18.251612903225805	2829	0.8853093774020553	686.1147674865929
chr18	58020001	58050000	chr18	58020001	58220000	200000	30000	17.054166666666667	95.0%	0.0715	-0.2512375979024799	0.078	-0.2512375979024799	17.054166666666667	4093	1.4652868373139494	2110.013045732087
chr13	98130001	98150000	chr13	98130001	98380000	250000	20000	12.5	96.0%	0.0825	-0.2558326822245338	0.0875	-0.2558326822245338	12.5	2500	1.8705586587997283	1496.4469270397826
chr13	106065001	106090000	chr13	106065001	106530000	465000	25000	8.709677419354838	95.0%	0.083	-0.2565439413278674	0.088	-0.2565439413278674	8.709677419354838	4050	2.4324741647421573	5655.5024330255155
chr3	32285001	32315000	chr3	32285001	32485000	200000	30000	17.974999999999998	95.0%	0.0675	-0.2606554046709889	0.073	-0.2606554046709889	17.975	4314	1.3373271834040281	1925.7511441018005
chr5	111145001	111165000	chr5	111145001	111545000	400000	20000	9.9625	96.0%	0.098	-0.2673276642987807	0.10200000000000001	-0.26732766429878074	9.9625	3188	1.749395123608076	2239.2257582183374
chr3	156675001	156695000	chr3	156675001	157145000	470000	20000	9.88031914893617	95.0%	0.0935	-0.2678850505463084	0.1	-0.2678850505463084	9.88031914893617	3715	2.0887556862437897	3141.48855211066
chr5	141870001	141900000	chr5	141690001	141900000	210000	30000	15.551587301587302	96.0%	0.0335	-0.2697257775061885	0.035	-0.26972577750618854	15.551587301587302	3919	1.8224108298414798	2755.4851747203174
chr3	161090001	161110000	chr3	161090001	161270000	180000	20000	18.9375	97.0%	0.06	-0.2713775354335834	0.064	-0.2713775354335834	18.9375	2727	1.5091016537026318	869.242552532716
chr2	191490001	191510000	chr2	191185001	191510000	325000	20000	12.784615384615384	96.0%	0.08	-0.2725853904762905	0.084	-0.27258539047629055	12.784615384615385	3324	2.1437717150472366	2229.5225836491263
chr3	177510001	177530000	chr3	177510001	177780000	270000	20000	13.699074074074074	95.0%	0.064	-0.2853132937486851	0.07	-0.2853132937486851	13.699074074074074	2959	1.6756354782360237	1447.7490531959245
chr1	26380001	26400000	chr1	26105001	26400000	295000	20000	11.389830508474576	95.0%	0.078	-0.2861234953120589	0.082	-0.2861234953120589	11.389830508474576	2688	1.7626722910224244	1663.9626427251687
chr2	161930001	161950000	chr2	161220001	161950000	730000	20000	6.700342465753424	96.0%	0.0825	-0.2880313019468966	0.086	-0.28803130194689663	6.700342465753424	3913	2.551780650417908	5960.959599376233
chr7	75855001	75875000	chr7	75855001	76025000	170000	20000	18.03676470588235	97.0%	0.066	-0.2899282698966641	0.07100000000000001	-0.28992826989666415	18.03676470588235	2453	1.5960946138270249	868.2754699219015
chr3	112625001	112645000	chr3	112625001	113080000	455000	20000	9.263736263736265	96.0%	0.05	-0.2919365923388038	0.055	-0.2919365923388038	9.263736263736265	3372	2.1456470208065657	3124.0620622943597
chr20	13765001	13785000	chr20	12945001	13785000	840000	20000	4.991071428571429	95.0%	0.095	-0.2972707045453718	0.1005	-0.29727070454537186	4.991071428571429	3354	2.6369793155975736	7088.200400326277
chr7	116785001	116810000	chr7	116595001	116810000	215000	25000	19.995348837209303	97.0%	0.04	-0.3082251669029074	0.042	-0.3082251669029074	19.995348837209303	4299	2.6232749126496286	2820.0205310983506
chr8	134700001	134720000	chr8	134700001	134890000	190000	20000	17.032894736842106	97.0%	0.043	-0.3086435470193855	0.047	-0.30864354701938557	17.032894736842106	2589	1.7104420301197383	1039.948754312801
chr3	10215001	10240000	chr3	10065001	10240000	175000	25000	18.76	98.0%	0.058	-0.311588196049161	0.063	-0.311588196049161	18.76	3283	1.329523267448558	1163.3328590174883
chr3	123245001	123265000	chr3	122715001	123265000	550000	20000	7.552272727272728	95.0%	0.0915	-0.3127607950304399	0.098	-0.3127607950304399	7.552272727272728	3323	1.6372154220878061	2881.499142874539
chr2	26945001	26970000	chr2	26945001	27090000	145000	25000	22.151724137931037	96.0%	0.027	-0.3142048393795424	0.031	-0.31420483937954247	22.151724137931033	3212	1.3738325110173857	996.0285704876046
chr3	69150001	69170000	chr3	69150001	69425000	275000	20000	15.163636363636364	96.0%	0.047	-0.3225504370909595	0.051	-0.32255043709095954	15.163636363636364	3336	2.5339854434531563	2229.9071902387777
chr5	115625001	115645000	chr5	115625001	115870000	245000	20000	14.403061224489797	97.0%	0.099	-0.3278014277316179	0.104	-0.3278014277316179	14.403061224489797	2823	1.8448825997675384	1446.38795821775
chr2	173020001	173040000	chr2	173020001	173400000	380000	20000	11.50657894736842	96.0%	0.097	-0.3376509191337351	0.101	-0.33765091913373513	11.506578947368421	3498	2.3070325105121112	2805.351532782727
chr3	192565001	192580000	chr3	192565001	193085000	520000	15000	8.903846153846153	96.0%	0.0865	-0.3381816890671439	0.092	-0.33818168906714396	8.903846153846153	2778	2.1156271127940243	1980.2269775752068
chr6	99735001	99755000	chr6	99420001	99755000	335000	20000	11.3955223880597	95.0%	0.043	-0.3394766730165823	0.046	-0.3394766730165823	11.395522388059701	3054	2.0590097335834883	2207.2584344014995
chr18	41745001	41765000	chr18	41745001	41925000	180000	20000	18.33333333333333	95.0%	0.0854999999999999	-0.3404490609849581	0.0905	-0.3404490609849581	18.333333333333332	2640	1.8766660662331505	1080.9596541502947
chr1	151720001	151745000	chr1	151300001	151745000	445000	25000	9.098876404494382	95.0%	0.094	-0.3454375992185347	0.096	-0.34543759921853473	9.098876404494382	4049	2.3023419473841873	5122.710832929817
chr9	94055001	94075000	chr9	94055001	94220000	165000	20000	21.33333333333333	97.0%	0.03	-0.3553073444839461	0.034	-0.3553073444839461	21.333333333333332	2816	2.8300988092285007	1494.2921712726484
chr20	6625001	6645000	chr20	6625001	6825000	200000	20000	17.75625	96.0%	0.0345	-0.3558932425571913	0.035500000000000004	-0.3558932425571913	17.75625	2841	2.5560552353393007	1635.8753506171524
chr7	51060001	51085000	chr7	50690001	51085000	395000	25000	9.886075949367088	97.0%	0.085	-0.3566211076927614	0.087	-0.3566211076927614	9.886075949367088	3905	2.01523046351848	3980.080165448998
chr3	169145001	169165000	chr3	169145001	169430000	285000	20000	13.807017543859647	95.0%	0.088	-0.3658512191313899	0.093	-0.36585121913138996	13.807017543859649	3148	1.8962181026914662	1729.3509096546172
chr14	94125001	94145000	chr14	93915001	94145000	230000	20000	12.71195652173913	95.0%	0.0915	-0.3690122166076895	0.0955	-0.36901221660768957	12.71195652173913	2339	1.7145143061429111	1261.8825293211826
chr6	24570001	24595000	chr6	24570001	24770000	200000	25000	18.95	96.0%	0.032	-0.3702078021073755	0.034	-0.3702078021073755	18.95	3790	2.008410413043993	2008.4104130439928
chr5	72600001	72620000	chr5	72600001	72925000	325000	20000	12.184615384615384	95.0%	0.073	-0.3717412670069563	0.073	-0.37174126700695637	12.184615384615384	3168	1.8541510132854708	1928.3170538168897
chr4	63860001	63895000	chr4	63625001	63895000	270000	35000	12.84593837535014	96.0%	0.0965	-0.3746662308321701	0.1045	-0.3746662308321701	12.132275132275133	4586	1.11768059451897	2957.382853097195
chr9	79460001	79485000	chr9	79460001	79715000	255000	25000	13.494117647058824	95.0%	0.095	-0.3775540029738896	0.1	-0.37755400297388964	13.494117647058824	3441	1.594055795812531	2032.4211396609771
chr13	45700001	45725000	chr13	45505001	45725000	220000	25000	16.086363636363636	96.0%	0.089	-0.3778419008861232	0.093	-0.37784190088612324	16.086363636363636	3539	1.6811653476953663	1849.281882464903
chr2	20440001	20460000	chr2	20440001	20645000	205000	20000	17.182926829268293	97.0%	0.058	-0.3797237607862443	0.063	-0.37972376078624437	17.182926829268293	2818	1.979206134427861	1298.3592241846768
chr8	123810001	123825000	chr8	123810001	124035000	225000	15000	16.014814814814816	98.0%	0.034	-0.3823934648568617	0.035	-0.3823934648568617	16.014814814814816	2162	2.021734401425636	818.8024325773827
chr13	104555001	104575000	chr13	104555001	105215000	660000	20000	6.395833333333333	95.0%	0.057	-0.3958601090717882	0.06	-0.3958601090717882	6.395833333333333	3377	2.543178260733566	5371.192486669292
chr6	49510001	49530000	chr6	49510001	49760000	250000	20000	14.66	96.0%	0.0865	-0.4013256084905621	0.094	-0.4013256084905621	14.66	2932	1.5341750485561834	1227.3400388449468
chr12	50630001	50650000	chr12	50430001	50650000	220000	20000	17.113636363636363	95.0%	0.056	-0.4050909396074777	0.0615	-0.4050909396074777	17.113636363636363	3012	2.1920520590437302	1543.204649566786
chr5	145900001	145920000	chr5	145900001	146135000	235000	20000	16.68617021276596	96.0%	0.091	-0.4138409278520301	0.095	-0.4138409278520301	16.68617021276596	3137	1.8823062468367893	1415.4942976212656
chr12	93370001	93390000	chr12	92980001	93390000	410000	20000	10.38719512195122	95.0%	0.0475	-0.4168410377126782	0.046	-0.4168410377126782	10.387195121951219	3407	2.759149106179249	3620.0036273071746
chr2	113740001	113760000	chr2	113740001	113955000	215000	20000	16.00581395348837	95.0%	0.086	-0.4216855395693145	0.092	-0.4216855395693145	16.00581395348837	2753	1.559889287165615	1073.203829569943
chr18	76405001	76425000	chr18	76405001	76715000	310000	20000	11.709677419354838	97.0%	0.079	-0.4273209702079129	0.08449999999999999	-0.4273209702079129	11.709677419354838	2904	2.066821053386124	2050.286484959035
chr2	234490001	234510000	chr2	233975001	234510000	535000	20000	8.521028037383177	97.0%	0.033	-0.4299601295476368	0.036	-0.42996012954763685	8.521028037383177	3647	2.6764436093027664	4582.071459126336
chr5	14265001	14290000	chr5	13975001	14290000	315000	25000	11.22857142857143	96.0%	0.071	-0.4343998601201834	0.074	-0.43439986012018345	11.228571428571428	3537	1.7520494864155098	2759.477941104428
chr6	110675001	110695000	chr6	110675001	111040000	365000	20000	10.863013698630136	96.0%	0.084	-0.4349873050916679	0.089	-0.43498730509166794	10.863013698630137	3172	1.9287469318591	2252.7764164114287
chr9	115010001	115030000	chr9	114665001	115030000	365000	20000	10.54109589041096	95.0%	0.066	-0.4570452768497926	0.071	-0.4570452768497926	10.54109589041096	3078	3.0429612794981638	3554.178774453855
chr4	51815001	51835000	chr4	51815001	52210000	395000	20000	9.060126582278482	96.0%	0.059	-0.4581438941715117	0.063	-0.4581438941715117	9.060126582278482	2863	1.412813285196225	1785.7959924880283
chr17	60080001	60105000	chr17	60080001	60685000	605000	25000	6.084297520661157	96.0%	0.089	-0.4673835641502584	0.094	-0.46738356415025845	6.084297520661157	3681	2.467536842245915	7464.298947793894
chr5	136055001	136075000	chr5	135905001	136075000	170000	20000	20.84558823529412	97.0%	0.044	-0.4685751827156245	0.0465	-0.4685751827156245	20.845588235294116	2835	2.1901375321606436	1191.43481749539
chr19	10930001	10960000	chr19	10930001	11140000	210000	30000	13.21031746031746	96.0%	0.068	-0.468914282212062	0.074	-0.46891428221206205	13.21031746031746	3329	1.569867755118515	2373.6400457391946
chr8	57330001	57350000	chr8	57130001	57350000	220000	20000	15.545454545454543	96.0%	0.029	-0.4713304219360347	0.031	-0.4713304219360347	15.545454545454545	2736	1.7886373050767885	1259.200662774059
chr2	43215001	43245000	chr2	42960001	43245000	285000	30000	16.160818713450293	95.0%	0.041	-0.4736033093354612	0.044	-0.4736033093354612	16.160818713450293	5527	1.9067132459174179	3912.5755806225416
chr5	132495001	132515000	chr5	132370001	132515000	145000	20000	19.879310344827587	97.0%	0.035	-0.4764357343553282	0.039	-0.4764357343553282	19.879310344827587	2306	1.538662813888193	713.9395456441216
chr6	14200001	14225000	chr6	14200001	15490000	1290000	25000	3.714728682170543	95.0%	0.097	-0.4785727913634852	0.097	-0.4785727913634852	3.7147286821705428	4792	2.6912176659320415	17358.353945261668
chr8	22415001	22440000	chr8	22415001	22655000	240000	25000	14.970833333333337	96.0%	0.091	-0.4825688896937246	0.0955	-0.48256888969372463	14.970833333333333	3593	1.5581227533293192	1869.747303995183
chr11	72015001	72035000	chr11	72015001	72195000	180000	20000	19.76388888888889	98.0%	0.0435	-0.4847268247894288	0.048	-0.4847268247894288	19.76388888888889	2846	1.709933787529919	984.9218616172334
chr3	15380001	15415000	chr3	15110001	15415000	305000	35000	12.79391100702576	95.0%	0.099	-0.4978784812878772	0.103	-0.4978784812878772	12.793911007025761	5463	1.8898796508515545	5648.8502763952965
chr13	49295001	49315000	chr13	49295001	49525000	230000	20000	14.608695652173912	97.0%	0.0745	-0.4983167041250764	0.08099999999999999	-0.49831670412507645	14.608695652173912	2688	2.169360588848267	1596.6493933923248
chr9	750001	775000	chr9	340001	775000	435000	25000	9.648275862068964	97.0%	0.071	-0.503704456705751	0.075	-0.503704456705751	9.648275862068965	4197	3.139802512182855	6829.07046399771
chr5	143950001	143970000	chr5	143625001	143970000	345000	20000	11.18840579710145	96.0%	0.098	-0.5079723710866754	0.106	-0.5079723710866754	11.18840579710145	3088	1.5673956490712824	1730.4047965746956
chr11	128630001	128650000	chr11	128025001	128650000	625000	20000	7.388	95.0%	0.058	-0.5112892443569128	0.059	-0.5112892443569128	7.388	3694	3.0458691410181213	6091.738282036243
chr8	86120001	86140000	chr8	86120001	86490000	370000	20000	11.14527027027027	95.0%	0.095	-0.511953173761787	0.10200000000000001	-0.511953173761787	11.14527027027027	3299	2.3360492695831967	2765.882335186505
chr14	22305001	22325000	chr14	22305001	22535000	230000	20000	16.39673913043478	97.0%	0.0525	-0.513809301940049	0.057	-0.513809301940049	16.39673913043478	3017	2.551230951329954	1877.705980178846
chr11	1025001	1055000	chr11	830001	1055000	225000	30000	16.122222222222224	97.0%	0.078	-0.5169059258871609	0.08	-0.5169059258871609	16.122222222222224	4353	1.33604185002052	2164.3877970332424
chr16	84620001	84650000	chr16	84620001	84765000	145000	30000	20.770114942528732	96.0%	0.097	-0.5220037353289662	0.104	-0.5220037353289662	20.770114942528735	3614	1.5730054001226923	1642.2176377280907
chr4	174365001	174385000	chr4	174365001	174720000	355000	20000	15.288732394366198	98.0%	0.036	-0.5261370493608126	0.04	-0.5261370493608126	15.288732394366198	4342	3.629689384320087	4123.3271405876185
chr2	65615001	65645000	chr2	65615001	66495000	880000	30000	7.417613636363637	95.0%	0.0885	-0.5282345946972032	0.091	-0.5282345946972032	7.417613636363637	7833	2.3554590522682295	14924.188555171502
chr4	83765001	83785000	chr4	83765001	84220000	455000	20000	9.667582417582418	95.0%	0.099	-0.533263725408415	0.107	-0.533263725408415	9.667582417582418	3519	1.9440643153772987	2830.557643189347
chr1	160090001	160105000	chr1	160090001	160305000	215000	15000	14.728682170542635	97.0%	0.064	-0.5346184043671782	0.069	-0.5346184043671782	14.728682170542635	1900	1.9688233152523777	761.9346230026702
chr10	101435001	101455000	chr10	101210001	101455000	245000	20000	15.479591836734691	95.0%	0.095	-0.5415360002231759	0.096	-0.5415360002231759	15.479591836734693	3034	2.0108892520118142	1576.5371735772624
chr17	7035001	7050000	chr17	7035001	7265000	230000	15000	10.434782608695652	95.0%	0.035	-0.5462740924139305	0.038	-0.5462740924139305	10.434782608695652	1440	1.593172528860877	659.573426948403
chr10	110240001	110275000	chr10	110030001	110275000	245000	35000	17.685131195335277	96.0%	0.067	-0.5467028618220264	0.072	-0.5467028618220264	17.685131195335277	6066	1.7482586217186602	4197.568950746503
chr5	148095001	148120000	chr5	147855001	148120000	265000	25000	16.59245283018868	97.0%	0.033	-0.5489009467597632	0.036	-0.5489009467597632	16.59245283018868	4397	2.2028132370904543	2918.727539144852
chr17	77075001	77090000	chr17	77075001	77245000	170000	15000	15.607843137254902	95.0%	0.077	-0.5497873206930021	0.08499999999999999	-0.5497873206930021	15.607843137254902	1592	1.8362053555278675	561.8788387915274
chr18	70420001	70440000	chr18	70075001	70440000	365000	20000	11.178082191780822	95.0%	0.066	-0.5615061523633414	0.068	-0.5615061523633414	11.178082191780822	3264	2.711219099755839	3166.70390851482
chr1	74460001	74480000	chr1	73805001	74480000	675000	20000	6.222222222222222	96.0%	0.094	-0.5645077158236995	0.1	-0.5645077158236995	6.222222222222222	3360	2.7780032781985184	6000.4870809088
chr3	50195001	50225000	chr3	50105001	50225000	120000	30000	24.472222222222225	97.0%	0.064	-0.5695793304960924	0.069	-0.5695793304960924	24.47222222222222	3524	1.0399163459996625	898.4877229437084
chr5	109465001	109480000	chr5	108440001	109480000	1040000	15000	4.572115384615384	96.0%	0.0895	-0.5733634367610424	0.0955	-0.5733634367610424	4.572115384615385	2853	3.3617081363069574	6293.117631166624
chr3	55705001	55725000	chr3	55455001	55725000	270000	20000	13.75	96.0%	0.0945	-0.581270347072776	0.0965	-0.581270347072776	13.75	2970	1.5809397000100647	1365.931900808696
chr7	31625001	31645000	chr7	31135001	31645000	510000	20000	7.877450980392157	95.0%	0.087	-0.5851048224399888	0.0905	-0.5851048224399888	7.877450980392157	3214	2.749844884710119	4487.746851846914
chr6	119340001	119365000	chr6	119340001	119990000	650000	25000	6.852307692307693	96.0%	0.0715	-0.599673398221371	0.07650000000000001	-0.599673398221371	6.852307692307693	4454	2.2615646913358765	7350.085246841599
chr10	100000001	100025000	chr10	99855001	100025000	170000	25000	19.51764705882353	97.0%	0.077	-0.6097149263884726	0.08249999999999999	-0.6097149263884726	19.51764705882353	3318	1.7355855410092063	1475.2477098578254
chr6	73120001	73140000	chr6	72780001	73140000	360000	20000	10.958333333333334	97.0%	0.074	-0.6172603269345298	0.0775	-0.6172603269345298	10.958333333333334	3156	2.0165977915058964	2323.120655814793
chr6	117600001	117620000	chr6	117310001	117620000	310000	20000	12.89516129032258	96.0%	0.048	-0.6196277866424489	0.051500000000000004	-0.6196277866424489	12.89516129032258	3198	2.7269693696999737	2705.153614742374
chr9	4375001	4395000	chr9	4375001	4660000	285000	20000	12.162280701754383	95.0%	0.079	-0.6230351984450571	0.084	-0.6230351984450571	12.162280701754385	2773	2.3852237043348063	2175.3240183533435
chr6	72945001	72970000	chr6	72945001	73130000	185000	25000	18.43783783783784	97.0%	0.06	-0.6341759701772425	0.066	-0.6341759701772425	18.437837837837836	3411	1.595853636927103	1476.1646141575702
chr21	29160001	29180000	chr21	29160001	29375000	215000	20000	16.3546511627907	97.0%	0.044	-0.6418935605440131	0.048	-0.6418935605440131	16.3546511627907	2813	3.9616111381928105	2725.5884630766536
chr7	25065001	25085000	chr7	24660001	25085000	425000	20000	9.255882352941176	96.0%	0.052	-0.6446505658324854	0.055	-0.6446505658324854	9.255882352941176	3147	2.311051254347562	3143.029705912684
chr6	139360001	139380000	chr6	139360001	140455000	1095000	20000	3.8995433789954337	95.0%	0.076	-0.6507566678599956	0.075	-0.6507566678599956	3.8995433789954337	3416	2.9936124255823455	10489.61793924054
chr2	41865001	41880000	chr2	41865001	42210000	345000	15000	19.7487922705314	95.0%	0.051	-0.6686263225960037	0.054	-0.6686263225960037	19.7487922705314	4088	3.714555609268858	2306.7390333559606
chr10	63075001	63095000	chr10	62440001	63095000	655000	20000	6.477099236641221	97.0%	0.08	-0.6691994827717582	0.078	-0.6691994827717582	6.477099236641221	3394	2.511176709273516	5263.42638263729
chr8	29345001	29365000	chr8	29345001	30055000	710000	20000	6.568661971830986	95.0%	0.0625	-0.6738371589612959	0.0645	-0.6738371589612959	6.568661971830986	3731	2.953413881769537	6710.156339380387
chr3	133560001	133590000	chr3	133425001	133590000	165000	30000	19.79292929292929	96.0%	0.095	-0.6741725512054306	0.103	-0.6741725512054306	19.792929292929294	3919	1.3767816498659915	1635.616600040798
chr3	30685001	30700000	chr3	30065001	30700000	635000	15000	7.766404199475065	98.0%	0.045	-0.6766732646522545	0.045	-0.6766732646522545	7.766404199475065	2959	3.3592261942460677	3839.5955400232556
chr1	92845001	92860000	chr1	92845001	92995000	150000	15000	22.92222222222222	98.0%	0.054	-0.6781986479329228	0.057999999999999996	-0.6781986479329228	22.92222222222222	2063	2.2552792627111775	608.925400932018
chr2	44075001	44095000	chr2	44075001	44390000	315000	20000	18.702380952380956	98.0%	0.033	-0.6782780053652178	0.037	-0.6782780053652178	18.702380952380953	4713	2.431391106364052	2450.842235214964
chr10	78020001	78040000	chr10	77835001	78040000	205000	20000	14.99390243902439	97.0%	0.065	-0.6851519593733434	0.068	-0.6851519593733434	14.99390243902439	2459	1.3572480821458845	890.3547418877002
chr2	97790001	97810000	chr2	97790001	98390000	600000	20000	7.55	95.0%	0.0435	-0.6957171776492632	0.0475	-0.6957171776492632	7.55	3624	2.2629598564458036	4344.882924375943
chr19	54760001	54780000	chr19	54760001	54965000	205000	20000	23.134146341463413	96.0%	0.018	-0.6990959965379991	0.019	-0.6990959965379991	23.134146341463413	3794	3.229454918655728	2118.5224266381574
chr9	22300001	22335000	chr9	22300001	22545000	245000	35000	16.02332361516035	95.0%	0.058	-0.7053741019869312	0.064	-0.7053741019869312	16.02332361516035	5496	2.4264730117394078	5825.961701186318
chr6	105475001	105500000	chr6	105475001	106095000	620000	25000	7.970967741935484	95.0%	0.0814999999999999	-0.7253159752678763	0.08149999999999999	-0.7253159752678763	7.970967741935484	4942	2.7732046724477186	8596.934484587928
chr18	62945001	62965000	chr18	62580001	62965000	385000	20000	10.938311688311687	96.0%	0.074	-0.7271483251845544	0.078	-0.7271483251845544	10.938311688311689	3369	2.679297883749316	3300.8949927791573
chr21	42160001	42180000	chr21	42160001	42305000	145000	20000	19.36206896551724	96.0%	0.063	-0.7333304565978381	0.07	-0.7333304565978381	19.362068965517242	2246	1.846002579093568	856.5451966994156
chr1	16065001	16080000	chr1	16065001	16245000	180000	15000	15.314814814814817	95.0%	0.0335	-0.7534767656137856	0.037	-0.7534767656137856	15.314814814814815	1654	1.6522441555496883	535.327106398099
chr1	157975001	157995000	chr1	157975001	158130000	155000	20000	21.82258064516129	98.0%	0.032	-0.7546948449685172	0.036	-0.7546948449685172	21.822580645161292	2706	2.307166997827593	1144.3548309224861
chr5	80710001	80730000	chr5	80710001	81175000	465000	20000	9.338709677419354	96.0%	0.074	-0.7565584653233207	0.082	-0.7565584653233207	9.338709677419354	3474	2.3908692403434237	3557.6134296310142
chr11	86210001	86230000	chr11	85855001	86230000	375000	20000	12.23	95.0%	0.033	-0.7638670319598745	0.035	-0.7638670319598745	12.23	3669	2.816907578457401	3380.2890941488813
chr9	36230001	36250000	chr9	36230001	36495000	265000	20000	14.0	96.0%	0.038	-0.7642032920904702	0.042	-0.7642032920904702	14.0	2968	2.18586859564327	1853.616569105493
chr3	152425001	152450000	chr3	151950001	152450000	500000	25000	9.158	95.0%	0.074	-0.768774419933606	0.077	-0.768774419933606	9.158	4579	2.4169137338086273	6042.284334521568
chr17	64960001	64980000	chr17	64960001	65140000	180000	20000	16.47222222222222	95.0%	0.064	-0.8146670296094568	0.069	-0.8146670296094568	16.47222222222222	2372	1.6987269453733034	978.4667205350228
chr17	66550001	66575000	chr17	66245001	66575000	330000	25000	11.257575757575758	96.0%	0.0565	-0.8294145152148603	0.0575	-0.8294145152148603	11.257575757575758	3715	2.6648999542894676	4397.084924577622
chr4	118760001	118780000	chr4	118760001	118970000	210000	20000	19.029761904761905	96.0%	0.039	-0.8455262975711416	0.0435	-0.8455262975711416	19.029761904761905	3197	2.1603085157840436	1451.7273226068774
chr20	20850001	20870000	chr20	20850001	21630000	780000	20000	5.693910256410256	96.0%	0.0665	-0.8503795235719217	0.07150000000000001	-0.8503795235719217	5.693910256410256	3553	4.048228700393839	10104.378836183021
chr1	161550001	161570000	chr1	161550001	161755000	205000	20000	10.878048780487806	95.0%	0.07	-0.8557940295045524	0.077	-0.8557940295045524	10.878048780487806	1784	1.6776464647605405	1100.5360808829146
chr1	43060001	43080000	chr1	42785001	43080000	295000	20000	12.872881355932204	96.0%	0.074	-0.8603770122882574	0.078	-0.8603770122882574	12.872881355932204	3038	2.469068937032942	2330.801076559097
chr3	18980001	19000000	chr3	17825001	19000000	1175000	20000	3.617021276595745	95.0%	0.067	-0.8807200650721051	0.072	-0.8807200650721051	3.617021276595745	3400	2.2366993312621237	8409.989485545586
chr1	63930001	63955000	chr1	63930001	64230000	300000	25000	14.56	95.0%	0.0935	-0.8807781952338005	0.099	-0.8807781952338005	14.56	4368	2.2171343786336197	3325.7015679504293
chr14	50085001	50105000	chr14	49635001	50105000	470000	20000	9.590425531914894	95.0%	0.0854999999999999	-0.902517427338538	0.0885	-0.902517427338538	9.590425531914894	3606	2.549005657576176	3833.7045089945686
chr5	135935001	135955000	chr5	135935001	136180000	245000	20000	17.8265306122449	98.0%	0.029	-0.9143259804787546	0.032	-0.9143259804787546	17.8265306122449	3494	2.6835465254861917	2103.900475981174
chr6	106205001	106225000	chr6	105430001	106225000	795000	20000	6.536163522012578	95.0%	0.075	-0.9251182709718706	0.078	-0.9251182709718706	6.536163522012578	4157	3.264571178948055	8305.069079243853
chr6	127625001	127650000	chr6	127465001	127650000	185000	25000	20.221621621621622	95.0%	0.064	-0.9345588062546732	0.069	-0.9345588062546731	20.221621621621622	3741	1.7237680472870465	1594.485443740518
chr6	149075001	149090000	chr6	149075001	149530000	455000	15000	10.82051282051282	96.0%	0.066	-0.9528379464157536	0.07	-0.9528379464157536	10.820512820512821	2954	3.454313468956231	2829.0827310751533
chr8	95045001	95065000	chr8	95045001	95235000	190000	20000	18.67105263157895	95.0%	0.0665	-0.9682409817527918	0.07300000000000001	-0.9682409817527918	18.67105263157895	2838	1.5881289911838012	965.5824266397511
chr2	160810001	160835000	chr2	160525001	160835000	310000	25000	13.3	97.0%	0.0975	-0.9772730645102664	0.10350000000000001	-0.9772730645102664	13.3	4123	1.6664777915549962	2583.040576910244
chr15	58265001	58280000	chr15	58265001	58835000	570000	15000	7.678362573099416	96.0%	0.073	-1.007003027513922	0.0785	-1.007003027513922	7.678362573099415	2626	4.420074575863972	4534.996514836435
chr7	19745001	19765000	chr7	19745001	20550000	805000	20000	6.413043478260869	96.0%	0.072	-1.0084063275723856	0.073	-1.0084063275723856	6.413043478260869	4130	3.9052334291482564	10059.881313485908
chr8	127715001	127735000	chr8	127080001	127735000	655000	20000	6.547709923664122	95.0%	0.095	-1.0085878259428398	0.1	-1.0085878259428398	6.547709923664122	3431	2.0567397772265457	4310.926573066839
chr1	16600001	16635000	chr1	16355001	16635000	280000	35000	34.69387755102041	96.0%	0.0505	-1.0174532140785997	0.0535	-1.0174532140785997	34.69387755102041	13600	2.058862251954422	5649.518019362935
chr2	225635001	225655000	chr2	225000001	225655000	655000	20000	7.427480916030534	95.0%	0.077	-1.029549328885525	0.077	-1.029549328885525	7.427480916030534	3892	2.7544879517299594	5773.406746825995
chr1	85710001	85735000	chr1	85710001	85890000	180000	25000	20.166666666666664	95.0%	0.097	-1.0296024895083764	0.1055	-1.0296024895083764	20.166666666666668	3630	1.7602123315642093	1584.1910984077883
chr3	36720001	36735000	chr3	36720001	36870000	150000	15000	20.633333333333333	97.0%	0.0854999999999999	-1.0445828972531204	0.093	-1.0445828972531204	20.633333333333333	1857	1.4617914618767147	394.68369470671297
chr3	30001	50000	chr3	30001	405000	375000	20000	9.813333333333333	95.0%	0.001	-1.046217686148321	0.001	-1.046217686148321	9.813333333333333	2944	1.5884381878353515	1906.125825402422
chr10	103240001	103260000	chr10	102810001	103260000	450000	20000	8.286111111111111	97.0%	0.045	-1.056783364263766	0.048	-1.056783364263766	8.286111111111111	2983	2.2910383574004958	3299.095234656714
chr6	108470001	108500000	chr6	107995001	108500000	505000	30000	9.283828382838283	95.0%	0.085	-1.0571969564442845	0.089	-1.0571969564442845	9.283828382838283	5626	2.244612504165543	8161.411065145914
chr7	92825001	92845000	chr7	92680001	92845000	165000	20000	19.204545454545453	98.0%	0.092	-1.08291093560198	0.1	-1.08291093560198	19.204545454545453	2535	1.7865398139460615	943.2930217635205
chr9	36325001	36345000	chr9	36180001	36345000	165000	20000	19.954545454545453	97.0%	0.036	-1.087479651476899	0.04	-1.087479651476899	19.954545454545453	2634	2.421959855885907	1278.7948039077587
chr16	67650001	67670000	chr16	67490001	67670000	180000	20000	12.881944444444445	95.0%	0.0615	-1.0992221871672991	0.0665	-1.0992221871672991	12.881944444444445	1855	1.5225476876730637	876.9874680996847
chr14	50595001	50615000	chr14	50595001	50885000	290000	20000	14.219827586206897	95.0%	0.0819999999999999	-1.1264517765176196	0.08199999999999999	-1.1264517765176196	14.219827586206897	3299	3.032024655328892	2813.7188801452116
chr3	186220001	186245000	chr3	185975001	186245000	270000	25000	15.222222222222223	95.0%	0.0865	-1.155148080337615	0.091	-1.155148080337615	15.222222222222221	4110	2.043857544961333	2759.2076856977997
chr11	122195001	122215000	chr11	121835001	122215000	380000	20000	10.664473684210526	95.0%	0.074	-1.1954152687783792	0.0805	-1.1954152687783792	10.664473684210526	3242	1.932048126160127	2349.3705214107144
chr9	86480001	86505000	chr9	86480001	86900000	420000	25000	9.073809523809524	95.0%	0.0935	-1.2300456837469171	0.098	-1.2300456837469171	9.073809523809524	3811	2.2629992593888804	4752.298444716649
chr5	59655001	59675000	chr5	59385001	59675000	290000	20000	14.54310344827586	95.0%	0.0315	-1.2308541507260948	0.0335	-1.2308541507260948	14.543103448275861	3374	2.6912240953064526	2497.455960444388
chr11	62210001	62230000	chr11	62210001	62385000	175000	20000	20.97142857142857	97.0%	0.05	-1.2464789904128286	0.052	-1.2464789904128286	20.97142857142857	2936	2.1110862183517325	1182.2082822769703
chr4	47700001	47725000	chr4	47700001	47940000	240000	25000	16.7	96.0%	0.0565	-1.2551514047597137	0.0605	-1.2551514047597137	16.7	4008	2.129435171889788	2555.322206267746
chr1	119790001	119810000	chr1	119790001	119975000	185000	20000	18.60135135135135	95.0%	0.089	-1.2577637357184244	0.097	-1.2577637357184244	18.60135135135135	2753	1.6455030373605077	974.1377981174206
chr4	159165001	159185000	chr4	158700001	159185000	485000	20000	10.061855670103093	96.0%	0.034	-1.2630396773450958	0.035	-1.2630396773450958	10.061855670103093	3904	3.153459985378286	4894.1698973071
chr5	49645001	49665000	chr5	49645001	50645000	1000000	20000	58.752252252252255	95.0%	0.0385	-1.2876682151412688	0.039	-1.2876682151412688	32.6075	26086	2.4071816200208804	7702.981184066818
chr1	16715001	16735000	chr1	16525001	16735000	210000	20000	25.865853658536587	98.0%	0.0135	-1.2919216895148178	0.0155	-1.2919216895148178	25.25	4242	2.6183548289185556	1759.5344450332693
chr17	40905001	40925000	chr17	40905001	41490000	585000	20000	7.27991452991453	95.0%	0.046	-1.346329355731871	0.047	-1.346329355731871	7.27991452991453	3407	3.676701072913937	6882.78440849489
chr1	163160001	163175000	chr1	162840001	163175000	335000	15000	12.890547263681592	96.0%	0.077	-1.3469626376645103	0.083	-1.3469626376645105	12.890547263681592	2591	3.107937653014362	1874.0864047676603
chr10	4850001	4870000	chr10	4850001	5435000	585000	20000	8.021367521367521	95.0%	0.079	-1.3547985529336029	0.086	-1.3547985529336029	8.021367521367521	3754	3.075379093971486	5757.109663914622
chr20	1430001	1450000	chr20	1205001	1450000	245000	20000	14.964285714285714	97.0%	0.099	-1.3681668207252762	0.104	-1.3681668207252762	14.964285714285714	2933	2.1673129391963086	1699.173344329906
chr20	50175001	50190000	chr20	50075001	50190000	115000	15000	21.55072463768116	96.0%	0.073	-1.3765123775529666	0.079	-1.3765123775529666	21.55072463768116	1487	1.1483896856558284	237.71666493075648
chr20	13120001	13140000	chr20	13120001	13305000	185000	20000	19.013513513513512	96.0%	0.097	-1.3798559759601794	0.105	-1.3798559759601794	19.013513513513512	2814	1.7647271074109494	1044.718447587282
chr11	12220001	12245000	chr11	12050001	12245000	195000	25000	18.16923076923077	96.0%	0.039	-1.4059772238116774	0.041	-1.4059772238116774	18.16923076923077	3543	2.026324519313599	1975.6664063307592
chr2	181870001	181905000	chr2	181735001	181905000	170000	35000	24.533613445378155	97.0%	0.0915	-1.4314416352391452	0.098	-1.4314416352391452	24.53361344537815	5839	2.1516978345371256	3584.7285923388513
chr2	34515001	34535000	chr2	34040001	34535000	495000	20000	11.575757575757576	95.0%	0.048	-1.4360065159587485	0.053	-1.4360065159587485	11.575757575757576	4584	2.2234949609289747	3522.016018111496
chr12	47070001	47090000	chr12	47070001	47315000	245000	20000	13.540816326530612	98.0%	0.098	-1.4373716087587032	0.101	-1.4373716087587032	13.540816326530612	2654	2.208784029801779	1731.6866793645947
chr6	7975001	8005000	chr6	7625001	8005000	380000	30000	11.383771929824562	95.0%	0.06	-1.4421256235185145	0.065	-1.4421256235185145	11.383771929824562	5191	2.296290248452132	6282.650119765033
chr9	69525001	69550000	chr9	69405001	69550000	145000	25000	24.255172413793105	97.0%	0.032	-1.4480046714766082	0.034	-1.4480046714766082	24.255172413793105	3517	2.2165617334571843	1607.0072567564587
chr11	110350001	110375000	chr11	110200001	110375000	175000	25000	20.08	97.0%	0.03	-1.5127171301166409	0.033	-1.5127171301166409	20.08	3514	2.0870261900160725	1826.1479162640633
chr2	47260001	47290000	chr2	47015001	47290000	275000	30000	22.627272727272725	95.0%	0.067	-1.5206453111225384	0.069	-1.5206453111225384	22.62727272727273	7467	2.4233283015884326	4798.1900371450965
chr3	192795001	192815000	chr3	192795001	193585000	790000	20000	6.112341772151899	95.0%	0.0935	-1.5370637069072806	0.092	-1.5370637069072806	6.112341772151899	3863	2.9204136277128603	7382.805650858111
chr18	45710001	45730000	chr18	45710001	45910000	200000	20000	17.8375	98.0%	0.0875	-1.550952761026284	0.0945	-1.5509527610262839	17.8375	2854	2.45968272323873	1574.1969428727873
chr12	89045001	89065000	chr12	89045001	89525000	480000	20000	11.385416666666666	98.0%	0.0435	-1.6006258016735315	0.047	-1.6006258016735315	11.385416666666666	4372	4.261829160233201	6546.169590118196
chr2	57485001	57505000	chr2	56730001	57505000	775000	20000	10.109677419354838	97.0%	0.034	-1.6161053869478128	0.039	-1.6161053869478128	10.109677419354838	6268	3.924082518824823	9731.724646685561
chr6	129725001	129740000	chr6	129495001	129740000	245000	15000	18.312925170068027	97.0%	0.048	-1.630274288461374	0.052	-1.630274288461374	18.312925170068027	2692	3.0423491026290383	1341.675954259406
chr14	60170001	60190000	chr14	59635001	60190000	555000	20000	7.513513513513513	96.0%	0.063	-1.6637832143152085	0.064	-1.6637832143152083	7.513513513513513	3336	2.744804630497499	4874.773023763558
chr22	42655001	42680000	chr22	42655001	42840000	185000	25000	15.156756756756758	95.0%	0.078	-1.6683849835075308	0.085	-1.6683849835075308	15.156756756756756	2804	2.2474078855498276	2078.8522941335905
chr1	113130001	113145000	chr1	113130001	113800000	670000	15000	7.186567164179105	95.0%	0.073	-1.6771202302131505	0.0755	-1.6771202302131503	7.186567164179104	2889	3.7914279799409543	4572.462143808791
chr8	59900001	59930000	chr8	58710001	59930000	1220000	30000	4.48087431693989	96.0%	0.08	-1.7168348009211365	0.083	-1.7168348009211363	4.48087431693989	6560	4.095732704185127	35976.916073562155
chr11	93910001	93930000	chr11	93910001	94320000	410000	20000	9.771341463414634	96.0%	0.0574999999999999	-1.7718764017324438	0.061	-1.7718764017324438	9.771341463414634	3205	2.1216748284777807	2783.6373749628483
chr16	19210001	19230000	chr16	19210001	19380000	170000	20000	19.735294117647054	97.0%	0.062	-1.7782232438337628	0.068	-1.7782232438337628	19.735294117647058	2684	2.3937629287730378	1302.2070332525325
chr3	192755001	192775000	chr3	192475001	192775000	300000	20000	13.5875	95.0%	0.0895	-1.8147568252261723	0.095	-1.8147568252261723	13.5875	3261	2.2394272313730634	2149.850142118141
chr20	9345001	9365000	chr20	8760001	9365000	605000	20000	7.882231404958677	95.0%	0.029	-1.834520734344698	0.031	-1.834520734344698	7.882231404958677	3815	4.376146780868892	8472.220167762174
chr15	89055001	89080000	chr15	89055001	89180000	125000	25000	28.44	98.0%	0.033	-1.9013583685913136	0.034	-1.9013583685913136	28.44	3555	2.7876856416696225	1742.303526043514
chr7	47975001	48000000	chr7	47975001	48165000	190000	25000	19.14210526315789	97.0%	0.0965	-1.9027804882115904	0.10450000000000001	-1.9027804882115902	19.142105263157895	3637	2.2417451510175592	2129.6578934666813
chr9	72350001	72375000	chr9	72350001	72605000	255000	25000	14.564705882352944	96.0%	0.066	-1.9144341702979997	0.068	-1.9144341702979994	14.564705882352941	3714	2.521646489179655	3215.09927370406
chr20	59390001	59410000	chr20	58845001	59410000	565000	20000	6.70353982300885	95.0%	0.056	-1.915113521020088	0.058	-1.9151135210200878	6.70353982300885	3030	2.6163540350812777	4730.36809542695
chr1	197850001	197875000	chr1	197520001	197875000	355000	25000	13.574647887323945	97.0%	0.033	-1.9174317051331249	0.037	-1.9174317051331247	13.574647887323943	4819	3.4356960389464644	6098.360469129974
chr1	201560001	201580000	chr1	201560001	201800000	240000	20000	15.708333333333334	95.0%	0.086	-1.9234508061332287	0.0935	-1.9234508061332292	15.708333333333334	3016	2.2382263144908703	1718.9578095289885
chr2	43470001	43490000	chr2	42820001	43490000	670000	20000	11.860074626865671	95.0%	0.015	-1.9702562683907408	0.0165	-1.9702562683907412	11.860074626865671	6357	4.399160261511043	9431.799600679677
chr6	129235001	129255000	chr6	128720001	129255000	535000	20000	9.621495327102805	97.0%	0.059	-1.9935697866553737	0.063	-1.9935697866553737	9.621495327102803	4118	2.8106981732994147	4811.915272688598
chr3	24630001	24655000	chr3	24195001	24655000	460000	25000	9.747826086956522	97.0%	0.0875	-1.996563945586456	0.0925	-1.996563945586456	9.747826086956522	4484	2.622996411716895	6032.891746948859
chr3	150270001	150300000	chr3	150270001	150490000	220000	30000	19.776515151515152	95.0%	0.095	-2.013786382245381	0.0995	-2.013786382245381	19.776515151515152	5221	2.2242128284782874	3523.1531203096074
chr8	30540001	30560000	chr8	30170001	30560000	390000	20000	10.824675324675324	98.0%	0.079	-2.135929757057454	0.08349999999999999	-2.135929757057454	10.685897435897436	3334	2.353444704229671	2937.0989908786296
chr12	85845001	85870000	chr12	85490001	85870000	380000	25000	11.38157894736842	95.0%	0.092	-2.175389649738749	0.097	-2.175389649738749	11.381578947368421	4325	2.48009442753985	4712.179412325715
chr4	114070001	114085000	chr4	113210001	114085000	875000	15000	6.041904761904761	95.0%	0.085	-2.223562568684786	0.093	-2.2235625686847866	6.041904761904762	3172	2.7039202467825634	4258.674388682537
chr7	112555001	112575000	chr7	112555001	112890000	335000	20000	11.96641791044776	96.0%	0.092	-2.2322013514761045	0.095	-2.2322013514761045	11.966417910447761	3207	2.3729317390513875	2543.7828242630876
chr11	62055001	62080000	chr11	61795001	62080000	285000	25000	13.628070175438598	95.0%	0.083	-2.246990552283129	0.088	-2.246990552283129	13.628070175438596	3884	2.229464232316873	3176.9865310515443
chr1	153175001	153195000	chr1	152855001	153195000	340000	20000	11.514705882352942	95.0%	0.0775	-2.3433817222999465	0.08199999999999999	-2.3433817222999465	11.514705882352942	3132	2.7693496213652025	3013.05238804534
chr4	173260001	173275000	chr4	172890001	173275000	385000	15000	11.164502164502164	96.0%	0.062	-2.375602667489525	0.067	-2.375602667489525	11.164502164502165	2579	2.585170895074539	1791.5234302866556
chr5	160335001	160355000	chr5	160015001	160355000	340000	20000	11.974264705882351	95.0%	0.0925	-2.399902531844422	0.098	-2.399902531844422	11.974264705882353	3257	2.456781003715004	2672.9777320419244
chr1	12610001	12630000	chr1	12270001	12630000	360000	20000	9.92361111111111	96.0%	0.0695	-2.4296274087227423	0.07150000000000001	-2.4296274087227423	9.92361111111111	2858	2.791526782975098	3215.8388539873126
chr2	186245001	186265000	chr2	185215001	186265000	1050000	20000	4.969047619047619	96.0%	0.0975	-2.4326584811598013	0.1015	-2.4326584811598013	4.969047619047619	4174	3.364438523653185	11304.513439474702
chr9	73185001	73200000	chr9	73005001	73200000	195000	15000	13.615384615384617	96.0%	0.058	-2.451986571460836	0.061	-2.451986571460836	13.615384615384615	1593	2.1284604531310025	747.0896190489818
chr14	55260001	55280000	chr14	55260001	55430000	170000	20000	19.69117647058824	96.0%	0.0805	-2.4611958724281373	0.087	-2.4611958724281373	19.691176470588236	2678	2.2787660830158982	1239.6487491606485
chr5	115370001	115390000	chr5	115370001	115565000	195000	20000	20.56410256410257	98.0%	0.082	-2.6074056469775155	0.087	-2.6074056469775155	20.564102564102566	3208	2.0820699442259083	1299.2116451969669
chr13	27525001	27550000	chr13	27525001	27800000	275000	25000	12.792727272727271	96.0%	0.09	-2.655177445824384	0.098	-2.6551774458243838	12.792727272727273	3518	1.978394251485424	2720.292095792458
chr8	61810001	61830000	chr8	61810001	63115000	1305000	20000	4.187739463601533	95.0%	0.079	-2.720856309917953	0.081	-2.7208563099179526	4.187739463601533	4372	3.795791004369742	15851.223234248042
chr11	7675001	7695000	chr11	7135001	7695000	560000	20000	11.301339285714286	96.0%	0.046	-2.798950056717862	0.047	-2.798950056717862	11.301339285714286	5063	3.116892564357373	5585.471475328412
chr10	98790001	98810000	chr10	98790001	99280000	490000	20000	8.22704081632653	95.0%	0.09	-2.8495532945106605	0.0935	-2.8495532945106605	8.22704081632653	3225	2.6143382816840606	4099.282425680607
chr2	60105001	60125000	chr2	59350001	60125000	775000	20000	8.293548387096774	97.0%	0.078	-2.9037250919712294	0.08	-2.9037250919712294	8.293548387096774	5142	2.6979263142273866	6690.857259283919
chr16	86565001	86585000	chr16	86565001	87180000	615000	20000	5.888211382113822	96.0%	0.079	-2.9520020919671084	0.083	-2.9520020919671084	5.888211382113822	2897	3.147221685111174	6193.732276298791
chr11	1690001	1710000	chr11	1690001	2005000	315000	20000	15.428571428571429	95.0%	0.047	-3.066447869703558	0.051	-3.0664478697035586	15.428571428571429	3888	2.5172067857028773	2537.3444399885
chr6	55875001	55895000	chr6	55420001	55895000	475000	20000	10.0	95.0%	0.063	-3.0842306366943	0.067	-3.0842306366942998	10.0	3800	3.085819616169722	4690.445816577977
chr22	38855001	38875000	chr22	38855001	39010000	155000	20000	15.516129032258064	96.0%	0.082	-3.2515087843000963	0.086	-3.2515087843000963	15.516129032258064	1924	2.51564859961765	1247.7617054103544
chr8	109645001	109660000	chr8	109400001	109660000	260000	15000	15.102564102564102	98.0%	0.0535	-3.5340923329618685	0.056	-3.5340923329618685	15.102564102564102	2356	2.700359630894792	1263.7683072587627
chr1	218335001	218360000	chr1	218335001	219440000	1105000	25000	5.072398190045249	95.0%	0.039	-4.113745643732195	0.04	-4.113745643732195	5.072398190045249	5605	4.58438787873128	25328.74302999032
chr10	41880001	41900000	chr10	41725001	41900000	175000	20000	69.63571428571429	95.0%	0.022	-4.144574319882585	0.024	-4.144574319882585	69.63571428571429	9749	3.39032582483396	1898.5824619070177
chr10	110325001	110360000	chr10	110325001	110605000	280000	35000	15.334183673469386	99.0%	0.0815	-4.147203990121384	0.0885	-4.147203990121384	15.334183673469388	6011	2.508079226797067	6882.169398331152
chr8	17850001	17870000	chr8	17710001	17870000	160000	20000	23.6171875	99.0%	0.0335	-4.296521568298656	0.035500000000000004	-4.296521568298656	23.6171875	3023	2.7075833433928302	1386.282671817129
chr17	48345001	48370000	chr17	48345001	48620000	275000	25000	15.516363636363636	95.0%	0.083	-6.0561608972234335	0.091	-6.0561608972234335	15.516363636363636	4267	2.6769469700202655	3680.802083777865
chr1	94515001	94540000	chr1	94515001	94805000	290000	25000	23.513793103448275	98.0%	0.038	-7.514208789949987	0.0405	-7.514208789949987	23.513793103448275	6819	4.571117170563556	6628.119897317157
chr1	16550001	16570000	chr1	16550001	16725000	175000	20000	40.84558823529412	98.0%	0.054	-8.08397449901917	0.057	-8.08397449901917	39.67857142857143	5555	2.875308002982296	1610.1724816700857
