chr16	34575001	34595000	chr16	34575001	36340000	1765000	20000	61.34375	95.0%	0.001	2093.5029478596825	0.001	2093.5029478596825	56.99929178470255	80483	28.174671210793708	159130.54299856286
chr2	90380001	90400000	chr2	89590001	90400000	810000	20000	91.23666666666666	95.0%	0.001	148.4574623506141	0.001	148.45746235061407	84.47839506172839	54742	8.954797638376412	23210.835478671663
chr20	31050001	31070000	chr20	29505001	31070000	1565000	20000	17.92562724014337	95.0%	0.004	48.09425333038632	0.004	48.094253330386316	15.978434504792332	20005	7.839353118415121	39259.480417022925
chr3	93445001	93485000	chr3	93445001	94490000	1045000	40000	37.50702702702703	95.0%	0.001	34.92097297844926	0.001	34.92097297844926	20.75	34694	3.1967862740490003	42760.21320167943
chr20	31050001	31070000	chr20	31050001	31515000	465000	20000	73.12202380952381	95.0%	0.001	30.6795660663238	0.002	30.679566066323797	66.04569892473118	24569	5.372045112700466	7993.603127698293
chr10	42065001	42085000	chr10	42065001	42775000	710000	20000	23.130281690140844	95.0%	0.001	22.100451760463592	0.001	22.100451760463592	23.130281690140844	13138	3.2028702208303192	7276.921141726485
chr21	9245001	9265000	chr21	9245001	9370000	125000	20000	112.11	99.0%	0.027	16.33820216178549	0.031	16.33820216178549	112.11	11211	3.6011666706155974	1440.466668246239
chr1	219800001	219825000	chr1	218860001	219825000	965000	25000	7.61761658031088	95.0%	0.005	15.601751022697098	0.005	15.601751022697098	7.617616580310881	7351	4.298184899457	20738.742139880025
chr16	77220001	77245000	chr16	77220001	77670000	450000	25000	10.182222222222222	96.0%	0.034	14.88212260640324	0.035	14.88212260640324	10.182222222222222	4582	5.190840890492399	11679.392003607896
chr8	64245001	64265000	chr8	63460001	64265000	805000	20000	7.990683229813665	95.0%	0.01	13.313409993375718	0.01	13.313409993375718	7.990683229813665	5146	4.903632581961526	12631.757531132891
chr1	94785001	94810000	chr1	94470001	94810000	340000	25000	14.96764705882353	98.0%	0.0139999999999999	12.775263472161257	0.015	12.775263472161255	14.967647058823529	5089	4.736783299430727	8052.531609032237
chr15	97895001	97915000	chr15	97895001	98210000	315000	20000	12.948412698412698	96.0%	0.019	12.411767788176975	0.019	12.411767788176975	12.948412698412698	3263	4.663345540624766	4700.652304949764
chr1	192475001	192495000	chr1	192475001	193035000	560000	20000	9.205357142857142	95.0%	0.007	12.243575374803422	0.008	12.243575374803422	9.205357142857142	4124	4.067526787088032	7289.008002461753
chr2	225665001	225685000	chr2	225665001	227120000	1455000	20000	4.262027491408935	96.0%	0.026	11.95077991221292	0.025	11.950779912212921	4.262027491408935	4961	6.25421637106357	29119.63142367198
chr1	172390001	172410000	chr1	171990001	172410000	420000	20000	12.38095238095238	98.0%	0.006	11.751187932897912	0.006	11.751187932897913	12.380952380952381	4160	4.711511208868384	6332.271064719108
chr14	35395001	35420000	chr14	35130001	35420000	290000	25000	13.255172413793105	95.0%	0.0085	11.218072469242356	0.009	11.218072469242356	13.255172413793103	3844	3.749521501302741	5436.806176888975
chr14	54325001	54345000	chr14	53925001	54345000	420000	20000	9.366071428571429	98.0%	0.012	11.11662361913236	0.013000000000000001	11.11662361913236	9.366071428571429	3147	3.3216065298009516	4464.239176052479
chr2	37405001	37425000	chr2	37405001	37890000	485000	20000	15.724226804123711	98.0%	0.024	10.803135401719867	0.026	10.803135401719867	15.724226804123711	6101	5.52811181500477	8579.629536887403
chr1	107740001	107760000	chr1	107090001	107760000	670000	20000	7.263059701492537	95.0%	0.0065	10.521521322690027	0.006500000000000001	10.521521322690027	7.263059701492537	3893	3.852282941321796	8259.29462619393
chr9	112050001	112080000	chr9	111740001	112080000	340000	30000	13.659313725490197	95.0%	0.009	10.154143917868373	0.0095	10.154143917868373	13.659313725490197	5573	3.7800115554261278	9253.468287683161
chr12	76025001	76045000	chr12	75485001	76045000	560000	20000	7.683035714285714	96.0%	0.009	9.68282491119607	0.009	9.68282491119607	7.683035714285714	3442	3.71192249487988	6651.7651108247455
chr13	108875001	108900000	chr13	108275001	108900000	625000	25000	7.937600000000001	96.0%	0.01	9.569421681767372	0.01	9.569421681767373	7.9376	4961	3.8569198186118943	12052.87443316217
chr7	80690001	80710000	chr7	80690001	81475000	785000	20000	6.401273885350318	96.0%	0.029	9.0453264819262	0.031	9.045326481926201	6.401273885350318	4020	4.198125184776031	10545.69046415739
chr12	88980001	89005000	chr12	88100001	89005000	905000	25000	6.450828729281769	95.0%	0.023	9.006596097081975	0.024	9.006596097081975	6.450828729281768	5838	4.2605635906234705	19279.050247571202
chr7	37890001	37915000	chr7	37890001	38370000	480000	25000	9.654166666666669	95.0%	0.012	8.938799997620785	0.0125	8.938799997620785	9.654166666666667	4634	3.4015651661319284	8163.756398716629
chr9	3720001	3740000	chr9	3720001	4375000	655000	20000	7.061068702290076	96.0%	0.032	8.86440243181814	0.034	8.86440243181814	7.061068702290076	3700	4.389810192077847	9201.042162595168
chr8	17895001	17915000	chr8	17565001	17915000	350000	20000	14.678571428571429	96.0%	0.009	8.824164199163906	0.008	8.824164199163906	14.678571428571429	4110	3.6342035926944294	4070.308023817761
chr5	55675001	55695000	chr5	55315001	55695000	380000	20000	12.273026315789474	97.0%	0.007	8.781989928019591	0.007	8.781989928019591	12.273026315789474	3731	3.611460112694646	4391.53549703669
chr16	82220001	82240000	chr16	81885001	82240000	355000	20000	11.549295774647888	97.0%	0.012	8.776315017595111	0.013	8.776315017595111	11.549295774647888	3280	3.9396900850020375	4475.487936562315
chr5	34175001	34195000	chr5	34175001	35090000	915000	20000	8.135245901639344	95.0%	0.004	8.756789168201948	0.004	8.756789168201948	8.135245901639344	5955	2.2751160831147934	6661.539891360115
chr5	17180001	17200000	chr5	16450001	17200000	750000	20000	6.57	98.0%	0.0085	8.636212959334866	0.009000000000000001	8.636212959334866	6.57	3942	3.46733060750813	8321.593458019512
chr1	94320001	94340000	chr1	94015001	94340000	325000	20000	13.692307692307692	95.0%	0.028	8.499085798739193	0.031	8.499085798739193	13.692307692307692	3560	4.048121322424427	4210.046175321404
chr14	24795001	24815000	chr14	24795001	25155000	360000	20000	12.04861111111111	96.0%	0.0235	8.428025868752943	0.0245	8.428025868752943	12.04861111111111	3470	4.0763458861772985	4695.950460876248
chr18	22550001	22570000	chr18	22165001	22570000	405000	20000	9.080246913580249	99.0%	0.012	8.370730822182871	0.013	8.370730822182871	9.080246913580247	2942	2.7159794874721155	3519.909415763862
chr21	38725001	38745000	chr21	38725001	39145000	420000	20000	9.360119047619047	95.0%	0.023	8.322455151577929	0.024	8.322455151577929	9.360119047619047	3145	4.093476764616329	5501.632771644347
chr1	232630001	232650000	chr1	232630001	233245000	615000	20000	7.5060975609756095	96.0%	0.008	8.275024529394846	0.009	8.275024529394846	7.5060975609756095	3693	3.1051296733928635	6110.895197237155
chr15	64050001	64080000	chr15	63455001	64080000	625000	30000	7.042666666666666	96.0%	0.02	8.258930689010919	0.021	8.258930689010919	7.042666666666666	5282	3.8518190507401626	17333.185728330733
chr6	83040001	83060000	chr6	82250001	83060000	810000	20000	6.751543209876544	95.0%	0.01	8.213821736100856	0.0115	8.213821736100856	6.7515432098765435	4375	4.162461724447342	10789.10078976751
chr2	42085001	42115000	chr2	42085001	42370000	285000	30000	21.973684210526315	97.0%	0.005	8.195255417204756	0.005	8.195255417204756	21.973684210526315	7515	3.0688418308512753	6297.263436906816
chr12	22440001	22460000	chr12	21950001	22460000	510000	20000	8.901960784313726	97.0%	0.01	8.176009154935539	0.01	8.176009154935539	8.901960784313726	3632	3.3091767812390547	5400.576506982137
chr16	13920001	13940000	chr16	13920001	14290000	370000	20000	11.010135135135137	95.0%	0.0235	8.141168688676759	0.0235	8.141168688676759	11.010135135135135	3259	3.811526726725366	4512.847644442833
chr9	83925001	83945000	chr9	83925001	84325000	400000	20000	9.99375	95.0%	0.0195	8.059243733143669	0.0195	8.059243733143669	9.99375	3198	3.6376099558906567	4656.140743540041
chr14	60615001	60635000	chr14	60615001	61265000	650000	20000	7.198076923076923	97.0%	0.0385	8.053135286028013	0.04	8.053135286028013	7.198076923076923	3743	4.955201517052432	10306.819155469058
chr13	102575001	102595000	chr13	102575001	102855000	280000	20000	14.366071428571429	97.0%	0.008	7.921953920026556	0.008	7.921953920026556	14.366071428571429	3218	3.5144822357720593	3148.976083251765
chr1	172705001	172725000	chr1	172425001	172725000	300000	20000	15.141666666666667	96.0%	0.0065	7.847332850043419	0.007	7.847332850043419	15.141666666666667	3634	3.207551007309829	3079.2489670174355
chr9	21805001	21825000	chr9	21805001	22255000	450000	20000	9.191666666666666	96.0%	0.012	7.84476514221619	0.0125	7.84476514221619	9.191666666666666	3309	3.9011391443579155	5617.640367875399
chr3	4275001	4295000	chr3	3240001	4295000	1055000	20000	4.674170616113744	97.0%	0.006	7.793344375568219	0.006	7.793344375568219	4.674170616113744	3945	3.22508258602231	10887.878810411317
chr4	173010001	173030000	chr4	173010001	173420000	410000	20000	12.503048780487806	98.0%	0.011	7.782123596955446	0.012	7.782123596955446	12.503048780487806	4101	3.5668146619363665	4679.660836460513
chr1	200490001	200515000	chr1	199845001	200515000	670000	25000	7.208955223880596	95.0%	0.0104999999999999	7.758078268087651	0.01	7.758078268087651	7.208955223880597	4830	3.2429915340035125	10864.021638911767
chr2	36345001	36370000	chr2	36345001	36615000	270000	25000	21.71481481481481	99.0%	0.004	7.7192350556791585	0.0045000000000000005	7.7192350556791585	21.714814814814815	5863	3.1020297836582205	4187.740207938597
chr1	162050001	162070000	chr1	162050001	162410000	360000	20000	11.51736111111111	97.0%	0.0205	7.712397963745586	0.0215	7.712397963745586	11.51736111111111	3317	3.2853994924111474	3784.780215257642
chr1	78130001	78150000	chr1	78130001	78685000	555000	20000	7.918918918918919	95.0%	0.026	7.679402624588469	0.027	7.6794026245884695	7.918918918918919	3516	3.833245361632545	6807.8437622594
chr7	85040001	85055000	chr7	85040001	85865000	825000	15000	6.545454545454546	96.0%	0.031	7.566004743435256	0.035	7.566004743435256	6.545454545454546	3240	4.7424067748110135	7042.474060594355
chr17	72120001	72145000	chr17	72120001	72545000	425000	25000	10.341176470588234	96.0%	0.031	7.2923084952460195	0.035	7.2923084952460195	10.341176470588236	4395	3.5433414662126834	7529.600615701952
chr5	57290001	57315000	chr5	57290001	57790000	500000	25000	8.89	98.0%	0.0065	7.216231631674878	0.007	7.216231631674878	8.89	4445	2.528031548123209	6320.0788703080225
chr7	85000001	85020000	chr7	83925001	85020000	1095000	20000	5.079908675799087	97.0%	0.02	7.18453578348407	0.018	7.18453578348407	5.079908675799087	4450	4.977816676017751	17442.269632766198
chr11	4185001	4210000	chr11	4185001	4620000	435000	25000	13.487356321839082	97.0%	0.021	7.160936344846846	0.021	7.160936344846846	13.48735632183908	5867	3.704758575204045	8057.849901068797
chr11	108635001	108655000	chr11	108225001	108655000	430000	20000	11.046511627906977	95.0%	0.008	7.152322256396022	0.008	7.152322256396022	11.046511627906977	3800	2.754546543524005	3790.256043889031
chr10	55905001	55925000	chr10	55905001	56500000	595000	20000	9.243697478991596	95.0%	0.016	7.141642082203041	0.017	7.141642082203041	9.243697478991596	4400	2.6975481836255364	5136.131741623021
chr2	55165001	55185000	chr2	54740001	55185000	445000	20000	15.741573033707866	95.0%	0.01	7.130064645180349	0.01	7.130064645180349	15.741573033707866	5604	3.6519866748079397	5200.429024926506
chr8	100515001	100535000	chr8	100245001	100535000	290000	20000	15.508620689655173	99.0%	0.0065	7.033189403271528	0.007	7.033189403271528	15.508620689655173	3598	3.0090087394640657	2792.360110222653
chr17	55520001	55540000	chr17	55520001	55825000	305000	20000	12.848360655737704	96.0%	0.03	7.033049785829555	0.034	7.033049785829555	12.848360655737705	3135	3.3764889704073786	3295.4532351176017
chr22	41935001	41955000	chr22	41655001	41955000	300000	20000	10.229166666666666	97.0%	0.0289999999999999	7.029399402055061	0.032	7.029399402055061	10.229166666666666	2455	3.2023090827807192	3074.2167194694903
chr11	128155001	128175000	chr11	128155001	128855000	700000	20000	7.316071428571429	97.0%	0.019	6.939511919909623	0.0195	6.939511919909623	7.316071428571429	4097	3.886375480586144	8705.481076512962
chr9	74760001	74780000	chr9	74760001	75190000	430000	20000	10.456395348837209	95.0%	0.032	6.923484341783768	0.031	6.923484341783768	10.456395348837209	3597	3.6602964421447832	5036.567904391221
chr5	122185001	122205000	chr5	122185001	122505000	320000	20000	14.48828125	96.0%	0.0275	6.8693345457256	0.0305	6.8693345457256	14.48828125	3709	3.204880117596045	3281.79724041835
chr12	12365001	12390000	chr12	12365001	12710000	345000	25000	12.843478260869563	95.0%	0.007	6.854845492996289	0.008	6.854845492996289	12.843478260869565	4431	3.065333453935361	5287.700208038498
chr1	212060001	212080000	chr1	212060001	212455000	395000	20000	12.037974683544304	95.0%	0.028	6.787729724630261	0.028	6.787729724630261	12.037974683544304	3804	3.7414725277394623	4729.22127506268
chr4	165120001	165140000	chr4	165120001	165475000	355000	20000	12.834507042253522	98.0%	0.018	6.778605215032256	0.019	6.778605215032256	12.834507042253522	3645	3.137404818927723	3564.0918743018933
chr17	61410001	61435000	chr17	61410001	61595000	185000	25000	18.427027027027027	95.0%	0.027	6.74768849114446	0.031	6.7476884911444595	18.427027027027027	3409	2.8332446176684707	2620.7512713433352
chr8	100810001	100835000	chr8	100555001	100835000	280000	25000	15.971428571428572	97.0%	0.0115	6.652837493098774	0.013000000000000001	6.652837493098774	15.971428571428572	4472	2.669261547189529	3736.9661660653405
chr1	240720001	240740000	chr1	240720001	240960000	240000	20000	16.869791666666668	96.0%	0.013	6.592868991450014	0.0135	6.592868991450014	16.869791666666668	3239	3.0426972046335723	2336.7914531585834
chr9	114640001	114660000	chr9	114395001	114660000	265000	20000	15.014150943396226	98.0%	0.014	6.558130350534408	0.014	6.558130350534408	15.014150943396226	3183	3.2636146056601136	2767.5451855997762
chr18	54675001	54700000	chr18	54675001	55135000	460000	25000	10.258695652173913	96.0%	0.016	6.528559114262748	0.017	6.528559114262748	10.258695652173913	4719	3.019478097007688	6944.799623117682
chr8	101320001	101340000	chr8	101320001	102205000	885000	20000	5.879943502824859	95.0%	0.009	6.49081674406961	0.01	6.49081674406961	5.879943502824859	4163	3.587429945429433	10159.601605456155
chr2	64330001	64350000	chr2	64330001	64600000	270000	20000	23.91203703703704	97.0%	0.0305	6.395555626397502	0.033	6.395555626397502	23.912037037037038	5165	3.14273979461879	2715.3271825506345
chr1	84105001	84130000	chr1	83900001	84130000	230000	25000	17.369565217391305	95.0%	0.0045	6.303469518648499	0.0055	6.303469518648499	17.369565217391305	3995	3.0035448670710716	3454.0765971317323
chr8	94070001	94090000	chr8	94070001	94365000	295000	20000	15.296610169491526	98.0%	0.009	6.261603763937493	0.009	6.261603763937493	15.296610169491526	3610	3.4008865099065484	3210.4368653517818
chr22	36460001	36485000	chr22	36290001	36485000	195000	25000	14.225641025641025	98.0%	0.02	6.242391949621002	0.02	6.242391949621002	14.225641025641025	2774	3.047722762362476	2971.529693303414
chr12	14980001	15005000	chr12	14715001	15005000	290000	25000	15.66896551724138	97.0%	0.0125	6.221618074055313	0.014	6.221618074055313	15.668965517241379	4544	2.9718725928244876	4309.215259595507
chr21	17380001	17405000	chr21	17380001	17605000	225000	25000	14.884444444444444	95.0%	0.029	6.19851271916724	0.033	6.1985127191672404	14.884444444444444	3349	3.3595724386323647	3779.5189934614104
chr20	53570001	53590000	chr20	53570001	53950000	380000	20000	8.796052631578947	95.0%	0.036	6.165009971001754	0.039	6.165009971001754	8.796052631578947	2674	3.344383517524171	4066.7703573093922
chr3	189260001	189285000	chr3	189260001	189955000	695000	25000	8.015827338129496	98.0%	0.01	6.162553554307062	0.009	6.162553554307062	8.015827338129496	5571	3.6350825658677377	12631.911916390389
chr17	60035001	60060000	chr17	59275001	60060000	785000	25000	4.9515923566878985	96.0%	0.024	6.1547941203355485	0.025	6.1547941203355485	4.951592356687898	3887	2.9924492656608503	11745.363367718837
chr6	158960001	158980000	chr6	158650001	158980000	330000	20000	13.731060606060606	98.0%	0.0115	6.151014103120873	0.012	6.151014103120873	13.731060606060606	3625	3.0033958125734004	3171.585978077511
chr5	74635001	74665000	chr5	73890001	74665000	775000	30000	6.044086021505376	99.0%	0.029	6.140337950260947	0.031	6.140337950260947	6.044086021505376	5621	4.035814561076755	22519.845250808292
chr3	189930001	189955000	chr3	189130001	189955000	825000	25000	6.242424242424242	96.0%	0.02	6.066781781857311	0.02	6.066781781857311	6.242424242424242	5150	3.430223510019928	14149.671978832203
chr4	144160001	144185000	chr4	144160001	145105000	945000	25000	5.906878306878307	95.0%	0.029	5.9913466303066185	0.028	5.9913466303066185	5.906878306878307	5582	4.132968728414564	19528.277241758817
chr16	10955001	10975000	chr16	10955001	11410000	455000	20000	8.307692307692308	95.0%	0.036	5.985251996695169	0.039	5.985251996695169	8.307692307692308	3024	3.5791005877354305	5211.1704557427865
chr1	151995001	152030000	chr1	151875001	152030000	155000	35000	25.557603686635947	97.0%	0.001	5.918096800014778	0.001	5.918096800014778	25.557603686635943	5546	2.591324815140962	3936.222394199121
chr19	47960001	47980000	chr19	47960001	48255000	295000	20000	13.22457627118644	96.0%	0.027	5.777071769721211	0.031	5.777071769721211	13.224576271186441	3121	3.2070267424883414	3027.4332449089943
chr14	70800001	70820000	chr14	70600001	70820000	220000	20000	16.142045454545453	95.0%	0.01	5.743765631254332	0.010499999999999999	5.743765631254332	16.142045454545453	2841	2.9153327565875133	2052.3942606376095
chr2	38305001	38325000	chr2	38305001	38625000	320000	20000	21.140625	97.0%	0.0195	5.728592274837445	0.02	5.728592274837445	21.140625	5412	3.7329553478538644	3822.546276202357
chr7	108170001	108195000	chr7	108170001	108500000	330000	25000	13.666666666666666	97.0%	0.033	5.724387852378294	0.035500000000000004	5.724387852378294	13.666666666666666	4510	3.336641404814027	5505.458317943145
chr3	194300001	194325000	chr3	193735001	194325000	590000	25000	7.715254237288136	95.0%	0.0095	5.702427237308519	0.0095	5.702427237308519	7.715254237288136	4552	2.6152913825014745	7715.10957837935
chr8	95235001	95260000	chr8	94875001	95260000	385000	25000	11.953246753246754	95.0%	0.008	5.668154772437977	0.01	5.668154772437977	11.953246753246754	4602	2.5394737141982415	4888.486899831615
chr1	67750001	67770000	chr1	67505001	67770000	265000	20000	15.235849056603774	96.0%	0.02	5.636826696322767	0.022	5.636826696322767	15.235849056603774	3230	3.3601206693568133	2849.3823276145777
chr15	50870001	50890000	chr15	50400001	50890000	490000	20000	8.775510204081632	95.0%	0.0295	5.620050121439205	0.03	5.620050121439205	8.775510204081632	3440	3.5260463985704007	5528.840752958388
chr8	74330001	74350000	chr8	73985001	74350000	365000	20000	11.886986301369864	96.0%	0.013	5.572336718622096	0.014	5.572336718622096	11.886986301369863	3471	2.7575782810417744	3220.8514322567926
chr6	131915001	131935000	chr6	131915001	132300000	385000	20000	12.178571428571429	97.0%	0.042	5.552540843458515	0.043	5.552540843458515	12.178571428571429	3751	3.6123991975275445	4450.475811353935
chr11	19555001	19575000	chr11	19555001	19915000	360000	20000	11.93402777777778	95.0%	0.026	5.525461327965721	0.028999999999999998	5.525461327965721	11.934027777777779	3437	2.9753917479099874	3427.6512935923056
chr5	68270001	68295000	chr5	68270001	69015000	745000	25000	6.389261744966443	95.0%	0.021	5.521901374296318	0.022	5.521901374296318	6.389261744966443	4760	3.2408984980857154	12072.34690536929
chr1	40070001	40090000	chr1	40070001	40415000	345000	20000	12.717391304347826	95.0%	0.012	5.521280124807346	0.013	5.521280124807346	12.717391304347826	3510	2.9557357795150225	3263.1323005845848
chr10	110125001	110145000	chr10	110125001	110295000	170000	20000	21.610294117647054	98.0%	0.0035	5.503442494914418	0.004	5.503442494914418	21.610294117647058	2939	2.6885302394436605	1462.5604502573512
chr15	67290001	67310000	chr15	66900001	67310000	410000	20000	10.658536585365852	95.0%	0.041	5.487429587760877	0.041499999999999995	5.487429587760877	10.658536585365853	3496	4.045433125462784	5307.608260607173
chr2	46870001	46895000	chr2	46505001	46895000	390000	25000	15.44102564102564	98.0%	0.0225	5.463474474518861	0.0235	5.463474474518861	15.441025641025641	6022	2.942048894805171	5736.9953448700835
chr9	105140001	105160000	chr9	104770001	105160000	390000	20000	10.692307692307692	97.0%	0.016	5.4541755539440215	0.0175	5.4541755539440215	10.692307692307692	3336	3.107875957398059	3878.6291948327776
chr16	32805001	32840000	chr16	32330001	32840000	510000	35000	7.8125	96.0%	0.021	5.445468926937432	0.021	5.445468926937432	7.352941176470588	5250	1.7184851629497846	8588.988844423024
chr11	8545001	8575000	chr11	8165001	8575000	410000	30000	14.6869918699187	95.0%	0.0245	5.441827373073399	0.026000000000000002	5.441827373073399	14.6869918699187	7226	3.4872070209769386	10294.235125923922
chr5	142145001	142165000	chr5	142145001	142650000	505000	20000	9.324257425742577	97.0%	0.022	5.42378474139043	0.024	5.42378474139043	9.324257425742575	3767	3.1202216250837056	5042.278146135268
chr20	47375001	47395000	chr20	47185001	47395000	210000	20000	14.958333333333334	98.0%	0.013	5.40385949772122	0.0145	5.40385949772122	14.958333333333334	2513	2.6069459091469978	1751.8676509467825
chr2	69715001	69735000	chr2	69715001	69905000	190000	20000	29.69736842105263	98.0%	0.0045	5.389488318804886	0.0045000000000000005	5.389488318804886	29.69736842105263	4514	2.928324249953992	1780.4211439720273
chr9	12705001	12725000	chr9	12705001	13130000	425000	20000	10.897058823529411	95.0%	0.027	5.377155095634871	0.029	5.377155095634871	10.897058823529411	3705	4.350438021011377	5916.595708575473
chr6	115970001	115990000	chr6	115970001	116275000	305000	20000	20.557377049180328	98.0%	0.013	5.37276878614404	0.014	5.37276878614404	20.557377049180328	5016	2.556449822700769	2495.0950269559507
chr7	82720001	82740000	chr7	82030001	82740000	710000	20000	7.191901408450704	95.0%	0.02	5.362621227823275	0.020999999999999998	5.362621227823275	7.191901408450704	4085	3.5107410253475733	7976.403609589686
chr15	85285001	85310000	chr15	85285001	85735000	450000	25000	9.211111111111112	95.0%	0.0255	5.356221292783283	0.0265	5.356221292783283	9.21111111111111	4145	3.0296395373601297	6816.688959060291
chr11	27465001	27490000	chr11	27185001	27490000	305000	25000	13.452459016393442	95.0%	0.009	5.320437886207982	0.011	5.320437886207982	13.452459016393442	4103	2.8721822647066615	4380.077953677659
chr6	56355001	56375000	chr6	56355001	56755000	400000	20000	12.271875	95.0%	0.0325	5.30656870538807	0.036	5.30656870538807	12.271875	3927	3.333482152385682	4266.857155053673
chr5	148730001	148750000	chr5	148730001	149290000	560000	20000	8.944196428571429	97.0%	0.0285	5.2909009871516	0.0315	5.2909009871516	8.944196428571429	4007	3.318732186479327	5947.168078170954
chr11	27175001	27205000	chr11	27175001	27500000	325000	30000	13.035897435897438	95.0%	0.019	5.23696742775569	0.02	5.23696742775569	13.035897435897436	5084	2.830740199676019	6623.932067241884
chr12	91370001	91390000	chr12	91370001	92445000	1075000	20000	5.013953488372093	96.0%	0.023	5.224501363116826	0.024	5.224501363116826	5.013953488372093	4312	3.8587100866329545	13273.962698017363
chr6	143565001	143600000	chr6	143565001	144020000	455000	35000	10.63265306122449	96.0%	0.04	5.197741061927997	0.042	5.197741061927997	10.63265306122449	6773	2.954771692419483	13175.326976498474
chr17	57975001	58000000	chr17	57840001	58000000	160000	25000	23.4	98.0%	0.022	5.173366213184495	0.023	5.173366213184495	23.4	3744	2.623054566669999	2098.4436533359994
chr2	69695001	69720000	chr2	69270001	69720000	450000	25000	15.104444444444445	96.0%	0.0075	5.159713855240157	0.008	5.159713855240157	15.104444444444445	6797	2.650554799570582	5963.748299033809
chr6	121425001	121445000	chr6	121425001	122190000	765000	20000	6.531045751633987	95.0%	0.029	5.135479069897179	0.033	5.135479069897179	6.531045751633987	3997	3.3279325440378047	8146.778867804545
chr4	77585001	77615000	chr4	77360001	77615000	255000	30000	17.6078431372549	96.0%	0.005	5.124125638542359	0.006	5.124125638542359	17.607843137254903	5388	2.721481549118156	4996.640124180934
chr1	67475001	67510000	chr1	67205001	67510000	305000	35000	13.920374707259953	96.0%	0.016	5.111188399775555	0.018	5.111188399775555	13.920374707259953	5944	2.5127411612431394	7510.583330955744
chr3	183370001	183400000	chr3	183095001	183400000	305000	30000	14.762295081967212	96.0%	0.013	5.108977080180296	0.014	5.108977080180296	14.762295081967213	5403	3.025845652226148	6644.757052288621
chr11	6370001	6390000	chr11	6370001	6710000	340000	20000	16.18014705882353	95.0%	0.0209999999999999	5.107733190799513	0.0215	5.107733190799513	16.18014705882353	4401	2.677554318988365	2913.179099059341
chr9	109560001	109585000	chr9	109560001	109890000	330000	25000	13.342424242424244	97.0%	0.0315	5.10441045588711	0.035	5.10441045588711	13.342424242424242	4403	3.3966588590182796	5604.487117380161
chr1	185660001	185690000	chr1	185170001	185690000	520000	30000	9.306089743589745	95.0%	0.029	5.103705895773597	0.0305	5.103705895773597	9.306089743589743	5807	3.2940994427161208	12333.108313529156
chr9	114890001	114915000	chr9	114665001	114915000	250000	25000	16.856	96.0%	0.013	5.088249562514948	0.014499999999999999	5.088249562514948	16.856	4214	3.610154085434987	4512.692606793734
chr12	105410001	105430000	chr12	105410001	106230000	820000	20000	6.1067073170731705	96.0%	0.0375	5.081706156396369	0.0395	5.081706156396369	6.1067073170731705	4006	3.621531523826662	9502.89871852116
chr4	159430001	159455000	chr4	159180001	159455000	275000	25000	14.876363636363635	98.0%	0.014	5.07944748274672	0.015	5.07944748274672	14.876363636363637	4091	2.23145919593504	3068.2563944106796
chr8	18670001	18690000	chr8	18180001	18690000	510000	20000	9.073529411764708	96.0%	0.02	5.073216225503688	0.0225	5.073216225503688	9.073529411764707	3702	3.2976658586937915	5381.790681388267
chr10	120935001	120955000	chr10	120935001	121755000	820000	20000	5.077743902439025	95.0%	0.0305	5.03237682843999	0.033	5.03237682843999	5.077743902439025	3331	3.429838673077549	8999.896678155488
chr20	44210001	44230000	chr20	44210001	44480000	270000	20000	12.958333333333334	98.0%	0.011	5.028198684268556	0.012	5.028198684268556	12.958333333333334	2799	2.4500007184120483	2116.80062070801
chr4	157980001	158000000	chr4	157980001	158260000	280000	20000	15.151785714285714	97.0%	0.0275	5.022301705474996	0.030000000000000002	5.022301705474996	15.151785714285714	3394	3.104658071685285	2781.773632230015
chr2	149550001	149570000	chr2	148915001	149570000	655000	20000	7.343511450381679	95.0%	0.009	5.010660796736414	0.01	5.010660796736414	7.343511450381679	3848	3.0068264140336214	6302.30816381447
chr4	74120001	74145000	chr4	73655001	74145000	490000	25000	10.406122448979591	97.0%	0.0115	4.988654232254429	0.0115	4.988654232254429	10.406122448979591	5099	2.957889795311129	7246.829998512267
chr11	11000001	11025000	chr11	10755001	11025000	270000	25000	15.974074074074071	95.0%	0.0075	4.983824110551748	0.0075	4.983824110551748	15.974074074074075	4313	2.702431700816353	3648.2827961020766
chr2	147895001	147920000	chr2	146875001	147920000	1045000	25000	5.234449760765551	95.0%	0.024	4.963307268409992	0.025	4.963307268409992	5.23444976076555	5470	3.6137207328098793	18881.69082893162
chr10	114690001	114710000	chr10	114440001	114710000	270000	20000	14.962962962962964	95.0%	0.0085	4.9604783301230695	0.009	4.9604783301230695	14.962962962962964	3232	2.8044884895633664	2423.0780549827487
chr10	95350001	95370000	chr10	95125001	95370000	245000	20000	16.816326530612244	97.0%	0.006	4.95903873131522	0.007	4.9590387313152196	16.816326530612244	3296	2.778734564569125	2178.527898622194
chr2	64035001	64055000	chr2	64035001	64320000	285000	20000	19.84210526315789	98.0%	0.007	4.953760874168962	0.009	4.953760874168962	19.842105263157894	4524	2.817055216622355	2569.154357559588
chr6	145615001	145645000	chr6	145030001	145645000	615000	30000	8.658536585365853	95.0%	0.024	4.946806084337688	0.025	4.946806084337688	8.658536585365853	6390	2.8599694190629656	12663.944587610811
chr4	20675001	20695000	chr4	20395001	20695000	300000	20000	13.208333333333334	97.0%	0.0104999999999999	4.944967775514065	0.011	4.944967775514065	13.208333333333334	3170	2.5697050526054	2466.916850501184
chr16	55685001	55705000	chr16	55450001	55705000	255000	20000	15.205882352941176	95.0%	0.026	4.937212581554248	0.028	4.937212581554248	15.205882352941176	3102	3.486176951429286	2844.7203923662973
chr2	181735001	181755000	chr2	181735001	182095000	360000	20000	14.15625	98.0%	0.0265	4.909261877113307	0.0295	4.909261877113307	14.15625	4077	3.1584562237966116	3638.5415698136967
chr2	168945001	168965000	chr2	168945001	169230000	285000	20000	15.640350877192985	98.0%	0.017	4.908682761439881	0.019	4.908682761439881	15.640350877192983	3566	2.674143725236645	2438.81907741582
chr5	96320001	96340000	chr5	95845001	96340000	495000	20000	9.633838383838384	96.0%	0.031	4.907987966472308	0.033	4.907987966472308	9.633838383838384	3815	3.425233714710883	5425.570204102039
chr2	60985001	61005000	chr2	60560001	61005000	445000	20000	14.393258426966293	95.0%	0.008	4.907024873904626	0.009	4.907024873904626	14.393258426966293	5124	3.012402357308527	4289.660956807343
chr7	100950001	100970000	chr7	100950001	101075000	125000	20000	52.58	98.0%	0.001	4.888082228465218	0.001	4.888082228465218	52.58	5258	2.704781368955318	1081.9125475821272
chr20	18265001	18285000	chr20	17915001	18285000	370000	20000	10.739864864864863	95.0%	0.022	4.872406759665409	0.023	4.872406759665409	10.739864864864865	3179	2.571902103949599	3045.132091076325
chr21	36140001	36160000	chr21	36140001	36400000	260000	20000	11.822115384615383	98.0%	0.0204999999999999	4.86774780740469	0.022	4.86774780740469	11.822115384615385	2459	2.833444835170167	2357.426102861579
chr3	69680001	69710000	chr3	69680001	69955000	275000	30000	16.596969696969698	96.0%	0.01	4.867481061894845	0.011	4.867481061894845	16.596969696969698	5477	2.4536652345827337	4858.257164473813
chr6	138110001	138145000	chr6	138110001	138640000	530000	35000	9.735849056603772	97.0%	0.016	4.8671420161559285	0.0165	4.8671420161559285	9.735849056603774	7224	2.4507817080059393	12729.36019138285
chr16	21550001	21575000	chr16	21135001	21575000	440000	25000	12.087058823529413	96.0%	0.024	4.833533311912777	0.024	4.833533311912777	11.675	5137	2.1786767829474756	4793.088922484446
chr3	189960001	189985000	chr3	189960001	190445000	485000	25000	10.872164948453609	97.0%	0.017	4.810837534273004	0.019	4.810837534273004	10.872164948453609	5273	2.962828064301988	7184.858055932322
chr3	168025001	168045000	chr3	167880001	168045000	165000	20000	24.65909090909091	98.0%	0.014	4.766038355513546	0.016	4.766038355513546	24.65909090909091	3255	2.5819344034632796	1363.2613650286116
chr8	125105001	125130000	chr8	125105001	125725000	620000	25000	7.16774193548387	96.0%	0.0315	4.752410722952211	0.0335	4.752410722952211	7.167741935483871	4444	3.307060634543603	10251.88796708517
chr3	111955001	111975000	chr3	111665001	111975000	310000	20000	15.213709677419354	98.0%	0.0185	4.749978319196432	0.0205	4.749978319196432	15.213709677419354	3773	3.103308111861011	3078.4816469661228
chr1	211640001	211665000	chr1	211305001	211665000	360000	25000	11.325	95.0%	0.009	4.70623399018571	0.009	4.70623399018571	11.325	4077	2.192309522794375	3946.1571410298757
chr2	38255001	38280000	chr2	37955001	38280000	325000	25000	19.833846153846157	97.0%	0.022	4.701481967845092	0.025	4.701481967845092	19.833846153846153	6446	3.300308631969233	5363.001526950004
chr1	68115001	68135000	chr1	68115001	68450000	335000	20000	13.75373134328358	95.0%	0.046	4.70048033640337	0.049	4.70048033640337	13.753731343283581	3686	3.545045920201295	3800.2892264557886
chr5	141025001	141050000	chr5	140845001	141050000	205000	25000	20.28292682926829	98.0%	0.03	4.680293354287213	0.032	4.680293354287213	20.28292682926829	4158	2.9870670058013578	3061.7436809463916
chr7	134935001	134960000	chr7	134505001	134960000	455000	25000	10.246153846153849	95.0%	0.033	4.631521244861927	0.033	4.631521244861927	10.246153846153845	4662	2.8712566703994984	6532.108925158859
chr8	18900001	18925000	chr8	18900001	19350000	450000	25000	9.45111111111111	98.0%	0.0215	4.593228731568775	0.0235	4.593228731568775	9.45111111111111	4253	3.0208868303541525	6796.9953682968435
chr15	91050001	91075000	chr15	91050001	91275000	225000	25000	16.0	97.0%	0.032	4.5893850194585255	0.036	4.5893850194585255	16.0	3600	3.400355699464882	3825.400161897992
chr7	111750001	111770000	chr7	111750001	112490000	740000	20000	6.548986486486487	96.0%	0.0465	4.582565072832412	0.0485	4.582565072832412	6.548986486486487	3877	3.6292131927046767	8593.976840324674
chr17	45375001	45395000	chr17	45215001	45395000	180000	20000	18.67361111111111	95.0%	0.0025	4.573152786265767	0.003	4.573152786265767	18.67361111111111	2689	2.661528329235398	1533.0403176395894
chr3	154240001	154260000	chr3	153950001	154260000	310000	20000	14.875	95.0%	0.0085	4.566090174772382	0.009	4.566090174772382	14.875	3689	2.5658819877495405	2545.3549318475443
chr9	68575001	68605000	chr9	68575001	69025000	450000	30000	9.325925925925926	96.0%	0.044	4.5331378822024	0.049	4.5331378822024	9.325925925925926	5036	3.489844700780888	11307.096830530078
chr5	174945001	174965000	chr5	174945001	175535000	590000	20000	8.398305084745763	96.0%	0.0255	4.52782682702708	0.027	4.52782682702708	8.398305084745763	3964	3.38324312117424	6387.5630127769655
chr12	13265001	13285000	chr12	13265001	13990000	725000	20000	7.189655172413793	96.0%	0.015	4.51334520840075	0.017	4.51334520840075	7.189655172413793	4170	3.789967276418403	8792.724081290695
chr15	39160001	39185000	chr15	39160001	39765000	605000	25000	6.965289256198348	95.0%	0.039	4.50694358386312	0.04	4.50694358386312	6.965289256198347	4214	3.7362449712088197	11302.14103790668
chr9	121380001	121405000	chr9	121205001	121405000	200000	25000	19.475	98.0%	0.012	4.48403625707391	0.013500000000000002	4.48403625707391	19.475	3895	3.007170580653084	3007.170580653084
chr12	90970001	90990000	chr12	90970001	91360000	390000	20000	11.919871794871796	96.0%	0.0185	4.4707808036279	0.0195	4.4707808036279	11.919871794871796	3719	3.2177115618575733	4015.7040291982516
chr4	86910001	86935000	chr4	86910001	87165000	255000	25000	14.811764705882354	97.0%	0.004	4.432902181593978	0.004	4.432902181593978	14.811764705882354	3777	2.1064013029409128	2685.6616612496637
chr11	86795001	86815000	chr11	86570001	86815000	245000	20000	15.571428571428571	97.0%	0.005	4.425443352328211	0.005	4.425443352328211	15.571428571428571	3052	2.5923289706381425	2032.3859129803038
chr4	119280001	119300000	chr4	118970001	119300000	330000	20000	13.651515151515152	97.0%	0.0195	4.421363477242847	0.0215	4.421363477242847	13.651515151515152	3604	3.216486003008814	3396.6092191773073
chr11	34875001	34895000	chr11	34525001	34895000	370000	20000	12.344594594594597	97.0%	0.034	4.419793082159678	0.0375	4.419793082159678	12.344594594594595	3654	3.656184941908672	4328.922971219868
chr6	85340001	85360000	chr6	85340001	85600000	260000	20000	15.432692307692308	98.0%	0.011	4.419245400198593	0.012	4.419245400198593	15.432692307692308	3210	2.5249539818601243	2100.7617129076234
chr20	47610001	47630000	chr20	47185001	47630000	445000	20000	8.803370786516854	96.0%	0.022	4.405729077116385	0.023	4.405729077116385	8.803370786516854	3134	2.7904826175499653	3973.647247391151
chr11	13760001	13780000	chr11	13760001	14250000	490000	20000	9.400510204081632	95.0%	0.0209999999999999	4.395002501923591	0.023	4.395002501923591	9.400510204081632	3685	3.0156907792816114	4728.603141913567
chr1	241520001	241540000	chr1	241520001	241905000	385000	20000	12.084415584415584	97.0%	0.036	4.389073007696875	0.038	4.389073007696875	12.084415584415584	3722	2.993610094586332	3688.127636530361
chr6	83505001	83525000	chr6	83090001	83525000	435000	20000	11.413793103448276	96.0%	0.011	4.388787850421153	0.013	4.388787850421153	11.413793103448276	3972	3.062792584349094	4263.407277413939
chr1	181150001	181170000	chr1	180875001	181170000	295000	20000	13.063559322033898	96.0%	0.011	4.380292312576326	0.011	4.380292312576326	13.063559322033898	3083	2.6163103147453346	2469.796937119596
chr19	12130001	12150000	chr19	11865001	12150000	285000	20000	11.491228070175438	95.0%	0.037	4.380079720711884	0.041	4.380079720711884	11.491228070175438	2620	2.967978905758871	2706.7967620520903
chr12	58340001	58360000	chr12	58340001	59165000	825000	20000	6.13030303030303	95.0%	0.013	4.364037162484742	0.014	4.364037162484742	6.13030303030303	4046	3.120425613755617	8237.923620314828
chr15	83235001	83265000	chr15	83235001	83570000	335000	30000	11.3955223880597	95.0%	0.038	4.361488254145464	0.04	4.361488254145464	11.395522388059701	4581	2.9297519472596973	7066.56169679039
chr5	174410001	174430000	chr5	174410001	174805000	395000	20000	11.420886075949369	98.0%	0.023	4.350655909854456	0.026	4.350655909854456	11.420886075949367	3609	3.012372807651314	3807.639228871261
chr6	45700001	45720000	chr6	45415001	45720000	305000	20000	13.364754098360656	98.0%	0.01	4.321036853980417	0.011	4.321036853980417	13.364754098360656	3261	2.202443503289112	2149.5848592101734
chr2	70335001	70355000	chr2	70335001	70650000	315000	20000	21.28968253968254	98.0%	0.021	4.298512356684101	0.023	4.298512356684101	21.28968253968254	5365	3.9521666171140533	3983.783950050966
chr11	4060001	4080000	chr11	3775001	4080000	305000	20000	19.827868852459016	96.0%	0.032	4.286008148941676	0.035	4.286008148941676	19.827868852459016	4838	3.732437254244441	3642.8587601425743
chr21	42800001	42825000	chr21	42580001	42825000	245000	25000	14.877551020408164	95.0%	0.032	4.28113431396135	0.035	4.28113431396135	14.877551020408163	3645	2.904406638701809	3557.8981324097163
chr6	60230001	60250000	chr6	60230001	61420000	1190000	20000	4.424242424242424	96.0%	0.0104999999999999	4.277826321098882	0.011	4.277826321098882	4.294117647058823	4088	2.204955243237395	8396.469566248
chr6	142100001	142125000	chr6	141600001	142125000	525000	25000	10.064761904761903	96.0%	0.02	4.272355878378821	0.022	4.272355878378821	10.064761904761905	5284	3.0289078825449525	7950.8831916805
chr9	21770001	21790000	chr9	21455001	21790000	335000	20000	12.992537313432836	95.0%	0.049	4.251782315154525	0.052	4.251782315154525	12.992537313432836	3482	3.5993442852648134	3858.49707380388
chr18	8965001	8990000	chr18	8645001	8990000	345000	25000	12.01449275362319	96.0%	0.012	4.249071838619612	0.013	4.249071838619612	12.014492753623188	4145	2.625484654433052	4528.961028897014
chr14	54160001	54180000	chr14	53925001	54180000	255000	20000	14.009803921568627	95.0%	0.034	4.243375714242806	0.038	4.243375714242806	14.009803921568627	2858	2.8055912243051147	2289.3624390329737
chr5	95640001	95665000	chr5	95640001	95845000	205000	25000	20.06829268292683	97.0%	0.013	4.237393584887894	0.013	4.237393584887894	20.068292682926828	4114	2.6858659497857933	2753.012598530438
chr22	29025001	29045000	chr22	28845001	29045000	200000	20000	15.56875	96.0%	0.0365	4.235399976041976	0.0385	4.235399976041976	15.56875	2491	4.164435435966732	2665.2386790187084
chr3	46360001	46385000	chr3	45840001	46385000	545000	25000	8.935779816513762	96.0%	0.015	4.201004805813761	0.017	4.201004805813761	8.935779816513762	4870	2.560603114774192	6977.643487759673
chr17	36620001	36640000	chr17	36620001	37250000	630000	20000	6.206349206349207	95.0%	0.048	4.1998053939343	0.0525	4.1998053939343	6.2063492063492065	3128	3.3764032505692514	6806.828953147611
chr6	125945001	125970000	chr6	125775001	125970000	195000	25000	22.03589743589744	97.0%	0.004	4.186788308525465	0.004	4.186788308525465	22.035897435897436	4297	2.706403957289761	2638.743858357517
chr1	227420001	227445000	chr1	226910001	227445000	535000	25000	8.508411214953272	95.0%	0.018	4.185058967395619	0.019	4.185058967395619	8.508411214953272	4552	2.5819215895581427	6906.640252068031
chr2	235100001	235120000	chr2	234505001	235120000	615000	20000	7.579268292682927	97.0%	0.019	4.179367736165738	0.02	4.179367736165738	7.579268292682927	3729	2.999861812764081	5903.728047519711
chr12	30800001	30820000	chr12	29580001	30820000	1240000	20000	3.644153225806452	95.0%	0.0165	4.175629116375108	0.016	4.175629116375108	3.6441532258064515	3615	2.981655907143158	11831.21063954405
chr20	37525001	37545000	chr20	37185001	37545000	360000	20000	9.395833333333334	95.0%	0.0285	4.170184209795248	0.032	4.170184209795248	9.395833333333334	2706	2.769675667381101	3190.6663688230283
chr9	76975001	77000000	chr9	76745001	77000000	255000	25000	16.0	95.0%	0.026	4.164617662513503	0.028	4.1646176625135025	16.0	4080	3.1172412629993356	3974.482610324153
chr6	138750001	138770000	chr6	138415001	138770000	355000	20000	12.919014084507042	96.0%	0.011	4.142619393253734	0.011	4.142619393253734	12.919014084507042	3669	2.227539011164464	2530.4843166828314
chr11	13950001	13975000	chr11	13950001	14255000	305000	25000	13.737704918032788	96.0%	0.016	4.141047080304505	0.017	4.141047080304505	13.737704918032787	4190	2.5636638059098584	3909.587304012534
chr16	19905001	19925000	chr16	19905001	20345000	440000	20000	8.005681818181818	96.0%	0.043	4.126062982863695	0.0485	4.1260629828636946	8.005681818181818	2818	2.9102944101637465	4097.694529510555
chr11	10720001	10745000	chr11	10330001	10745000	415000	25000	10.15421686746988	95.0%	0.02	4.116563310457312	0.02	4.116563310457312	10.154216867469879	4214	2.537088015582985	5264.457632334694
chr2	32760001	32785000	chr2	32760001	33385000	625000	25000	11.12	95.0%	0.019	4.110621201315314	0.02	4.110621201315314	11.12	6950	3.3485834455030083	10464.323267196902
chr10	54685001	54705000	chr10	54685001	55155000	470000	20000	16.231382978723403	96.0%	0.0235	4.107179459002855	0.025	4.107179459002855	16.231382978723403	6103	2.2622396006936776	3402.4083594432914
chr14	99870001	99890000	chr14	99635001	99890000	255000	20000	14.995098039215684	95.0%	0.03	4.105931204708382	0.032	4.105931204708382	14.995098039215685	3059	2.714032465192472	2214.650491597057
chr11	34575001	34595000	chr11	34575001	34900000	325000	20000	13.580769230769231	97.0%	0.028	4.0947021518837206	0.029	4.0947021518837206	13.580769230769231	3531	3.4004375536881515	3536.4550558356777
chr8	8745001	8780000	chr8	8745001	9035000	290000	35000	14.219211822660098	96.0%	0.0215	4.093042189570544	0.024	4.093042189570544	14.219211822660098	5773	2.3520882003527674	6684.634665402566
chr11	4615001	4645000	chr11	4615001	5385000	770000	30000	8.673160173160174	97.0%	0.05	4.063987718338931	0.051000000000000004	4.063987718338931	8.673160173160174	8014	4.00238674512377	22189.23211496618
chr3	64020001	64040000	chr3	64020001	64495000	475000	20000	9.25263157894737	95.0%	0.03	4.05859879506536	0.032	4.05859879506536	9.25263157894737	3516	2.884554786438499	4384.523275386518
chr6	52410001	52435000	chr6	52410001	52670000	260000	25000	15.573076923076922	98.0%	0.0115	4.05253875152758	0.0125	4.05253875152758	15.573076923076924	4049	2.794619962207448	3633.0059508696822
chr13	27370001	27390000	chr13	27370001	28000000	630000	20000	6.75	96.0%	0.03	4.047136736707173	0.031	4.047136736707173	6.75	3402	3.2579019862186964	6567.930404216892
chr3	183885001	183905000	chr3	183885001	184295000	410000	20000	10.021341463414634	95.0%	0.0144999999999999	4.043062424295266	0.0155	4.043062424295266	10.021341463414634	3287	2.3693292535919914	3108.559980712693
chr13	73690001	73715000	chr13	72825001	73715000	890000	25000	5.228089887640449	97.0%	0.036	4.03621958709364	0.039	4.03621958709364	5.22808988764045	4653	3.6225907500116974	16120.528837552054
chr4	74665001	74685000	chr4	74185001	74685000	500000	20000	9.72	98.0%	0.0099999999999999	4.035656163934158	0.009999999999999998	4.035656163934158	9.72	3888	3.496201142832106	5593.921828531369
chr1	66755001	66775000	chr1	66755001	67220000	465000	20000	9.06989247311828	96.0%	0.041	4.03384557370984	0.041	4.03384557370984	9.06989247311828	3374	2.928557037934196	4357.692872446083
chr9	90905001	90925000	chr9	90905001	91740000	835000	20000	5.517964071856287	95.0%	0.03	4.005458889613207	0.031	4.005458889613207	5.517964071856287	3686	3.769989731936241	10073.412563733636
chr16	75745001	75770000	chr16	75375001	75770000	395000	25000	9.253164556962023	95.0%	0.025	3.985264026073591	0.028	3.9852640260735908	9.253164556962025	3655	2.254932240249135	4453.491174492042
chr1	225755001	225775000	chr1	225465001	225775000	310000	20000	13.040322580645162	96.0%	0.015	3.962898315634777	0.0165	3.9628983156347766	13.040322580645162	3234	2.8696465110524554	2846.689338964036
chr2	207745001	207770000	chr2	207745001	208205000	460000	25000	10.015217391304349	95.0%	0.018	3.954224318964256	0.019000000000000003	3.9542243189642554	10.015217391304347	4607	2.521725018239834	5799.967541951619
chr19	46270001	46290000	chr19	46270001	46565000	295000	20000	10.822033898305085	95.0%	0.032	3.939673745189584	0.033	3.939673745189584	10.822033898305085	2554	2.7736642948307098	2618.33909432019
chr3	12465001	12485000	chr3	12115001	12485000	370000	20000	11.405405405405403	96.0%	0.0195	3.925235583883981	0.020999999999999998	3.9252355838839814	11.405405405405405	3376	2.8395700015605487	3362.0508818476897
chr2	170395001	170415000	chr2	170395001	170810000	415000	20000	11.94277108433735	98.0%	0.011	3.915762749870249	0.011	3.915762749870249	11.94277108433735	3965	3.0150239875886027	4003.951855517664
chr3	195505001	195530000	chr3	195260001	195530000	270000	25000	14.2	98.0%	0.0104999999999999	3.910637625570976	0.0115	3.9106376255709763	14.2	3834	2.39760350654981	3236.764733842243
chr18	35380001	35415000	chr18	35380001	35750000	370000	35000	10.534749034749035	98.0%	0.025	3.908906366359129	0.026000000000000002	3.908906366359129	10.534749034749035	5457	2.316559006837767	8399.842958793743
chr12	94090001	94110000	chr12	93405001	94110000	705000	20000	6.652482269503546	97.0%	0.044	3.90844217106694	0.046	3.9084421710669397	6.652482269503546	3752	3.3065189962931996	7459.506855637458
chr6	137630001	137650000	chr6	137065001	137650000	585000	20000	8.271367521367521	96.0%	0.036	3.902901484923188	0.037	3.9029014849231882	8.271367521367521	3871	3.174042896828274	5941.808302862529
chr12	7215001	7235000	chr12	7215001	7650000	435000	20000	10.298850574712644	95.0%	0.037	3.8967957481921607	0.042	3.8967957481921607	10.298850574712644	3584	3.0636357290895537	4264.580934892659
chr4	123645001	123665000	chr4	123340001	123665000	325000	20000	13.988461538461538	97.0%	0.018	3.887896301503596	0.02	3.8878963015035963	13.988461538461538	3637	2.7437531234454835	2853.503248383303
chr4	76510001	76530000	chr4	76510001	76750000	240000	20000	18.151041666666668	98.0%	0.0185	3.8857576411994	0.0205	3.8857576411994	18.151041666666668	3485	2.599860499742211	1996.6928638020179
chr9	72575001	72600000	chr9	72305001	72600000	295000	25000	13.04406779661017	96.0%	0.031	3.8829776616763327	0.033	3.8829776616763327	13.04406779661017	3848	2.9738778146980387	4386.469776679607
chr1	22965001	22985000	chr1	22965001	23285000	320000	20000	11.5390625	95.0%	0.0165	3.880744286482545	0.0175	3.880744286482545	11.5390625	2954	2.38067861784954	2437.814904677929
chr5	58490001	58510000	chr5	58490001	58855000	365000	20000	11.784246575342468	97.0%	0.029	3.8709441130350193	0.033	3.8709441130350193	11.784246575342467	3441	2.8182769279397015	3291.747451833571
chr1	91505001	91530000	chr1	91505001	92110000	605000	25000	8.277685950413224	96.0%	0.039	3.8140640315796888	0.043	3.8140640315796888	8.277685950413224	5008	3.45536408398898	10452.476354066664
chr6	157305001	157325000	chr6	157305001	158005000	700000	20000	7.939285714285714	95.0%	0.0165	3.807139054314269	0.017	3.807139054314269	7.939285714285714	4446	2.2232094709130146	4979.989214845153
chr14	67935001	67955000	chr14	67935001	68845000	910000	20000	5.7651098901098905	97.0%	0.0315	3.8011863284969705	0.031	3.8011863284969705	5.7651098901098905	4197	5.331332626482076	15524.840608315804
chr12	21690001	21710000	chr12	21690001	22085000	395000	20000	10.806962025316457	98.0%	0.037	3.800106199489967	0.039	3.8001061994899668	10.806962025316455	3415	3.221807894682303	4072.365178878431
chr1	183895001	183920000	chr1	183640001	183920000	280000	25000	16.02857142857143	95.0%	0.015	3.795049623860987	0.0155	3.7950496238609874	16.02857142857143	4488	2.9028489143891036	4063.988480144745
chr16	74295001	74320000	chr16	74295001	74875000	580000	25000	6.517241379310344	95.0%	0.047	3.787880603689759	0.0485	3.7878806036897585	6.517241379310345	3780	2.620842736197413	7600.443934972498
chr12	89535001	89555000	chr12	89535001	90950000	1415000	20000	4.318021201413427	95.0%	0.034	3.784392740615671	0.036	3.7843927406156705	4.318021201413427	4888	4.747064733426019	21494.709112953016
chr14	22555001	22575000	chr14	22555001	22910000	355000	20000	11.105633802816902	95.0%	0.022	3.778230806964476	0.024	3.778230806964476	11.105633802816902	3154	3.030071376942239	3442.1610842063837
chr16	84465001	84495000	chr16	84220001	84495000	275000	30000	12.815151515151516	95.0%	0.03	3.77765544542472	0.032	3.77765544542472	12.815151515151515	4229	2.447776599782575	4846.597667569498
chr5	34175001	34195000	chr5	33630001	34195000	565000	20000	11.811946902654867	97.0%	0.011	3.772832179027378	0.012	3.772832179027378	11.811946902654867	5339	1.5289694164533407	2764.37670494764
chr6	29840001	29875000	chr6	29840001	30035000	195000	35000	19.13186813186813	98.0%	0.006	3.768762391969464	0.006	3.768762391969464	19.13186813186813	5223	2.3040457800103518	4403.031485599782
chr10	28365001	28390000	chr10	28235001	28390000	155000	25000	22.8	98.0%	0.001	3.760570557151957	0.002	3.760570557151957	22.8	3534	2.3901852510691253	1852.3935695785722
chr7	143720001	143740000	chr7	143720001	144150000	430000	20000	4.895348837209302	95.0%	0.012	3.755169251821029	0.013	3.755169251821029	4.895348837209302	1684	1.614313738052284	2221.295703559943
chr10	101995001	102020000	chr10	101830001	102020000	190000	25000	22.2	99.0%	0.012	3.746591621397664	0.0135	3.7465916213976644	22.2	4218	2.7049445513800627	2569.6973238110595
chr6	141980001	142000000	chr6	141980001	142120000	140000	20000	27.714285714285715	98.0%	0.026	3.74432054376243	0.028999999999999998	3.74432054376243	27.714285714285715	3104	2.67609879419323	1198.892259798567
chr8	38950001	38985000	chr8	38810001	38985000	175000	35000	21.41224489795918	97.0%	0.03	3.7213858460414526	0.032	3.7213858460414526	21.412244897959184	5246	2.172211154754804	3725.342130404489
chr8	130660001	130685000	chr8	130120001	130685000	565000	25000	8.251327433628319	96.0%	0.025	3.71623762445978	0.026	3.7162376244597795	8.251327433628319	4662	2.711277392226486	7659.358633039822
chr3	43530001	43550000	chr3	43530001	44245000	715000	20000	6.3024475524475525	95.0%	0.019	3.714694100171734	0.02	3.714694100171734	6.3024475524475525	3605	2.575067701132875	5891.754900192018
chr1	13225001	13245000	chr1	12655001	13245000	590000	20000	7.025	96.0%	0.0209999999999999	3.714175109250762	0.020999999999999998	3.7141751092507627	5.953389830508475	2810	1.6310987547406757	3079.5144489503955
chr11	121575001	121595000	chr11	121190001	121595000	405000	20000	11.358024691358024	95.0%	0.02	3.711339867490657	0.023	3.711339867490657	11.358024691358025	3680	2.912782088841575	3774.9655871386813
chr2	68915001	68930000	chr2	68530001	68930000	400000	15000	16.1375	96.0%	0.022	3.7043727492414735	0.0225	3.7043727492414744	16.1375	3873	3.2389818095827057	2332.066902899548
chr12	27420001	27440000	chr12	27420001	27710000	290000	20000	15.04310344827586	97.0%	0.033	3.686391514519317	0.035	3.6863915145193165	15.043103448275861	3490	3.185802824760459	2956.425021377706
chr7	103030001	103065000	chr7	102750001	103065000	315000	35000	13.43310657596372	95.0%	0.024	3.6858421557126846	0.025	3.6858421557126846	13.433106575963718	5924	2.520431667094138	7780.572556319605
chr11	95830001	95850000	chr11	95830001	96435000	605000	20000	8.477272727272727	95.0%	0.033	3.6429126202538926	0.037	3.6429126202538926	8.477272727272727	4103	3.6238999397358063	7015.870283328521
chr3	159610001	159630000	chr3	159610001	159820000	210000	20000	18.49404761904762	97.0%	0.0345	3.6320564043848176	0.036500000000000005	3.6320564043848176	18.49404761904762	3107	2.7140793080602417	1823.8612950164825
chr5	36685001	36705000	chr5	36175001	36705000	530000	20000	8.60377358490566	95.0%	0.023	3.627521575073189	0.0245	3.627521575073189	8.60377358490566	3648	2.7063502666770325	4589.970052284247
chr4	68155001	68180000	chr4	67875001	68180000	305000	25000	14.662295081967212	96.0%	0.012	3.626762529339103	0.013	3.6267625293391026	14.662295081967214	4472	2.539988264092456	3873.4821027409953
chr7	23050001	23075000	chr7	22510001	23075000	565000	25000	7.732743362831859	97.0%	0.035	3.612587313379387	0.037	3.612587313379387	7.732743362831858	4369	2.472350633209132	6984.390538815797
chr10	117155001	117180000	chr10	116620001	117180000	560000	25000	7.517857142857143	98.0%	0.0195	3.606453820970562	0.0215	3.606453820970562	7.517857142857143	4210	2.9814473964013026	8348.052709923648
chr8	8650001	8670000	chr8	8265001	8670000	405000	20000	11.37037037037037	97.0%	0.025	3.60624969107567	0.025	3.60624969107567	11.37037037037037	3684	2.8780435665246507	3729.944462215947
chr10	77165001	77195000	chr10	77165001	77710000	545000	30000	8.790519877675841	95.0%	0.036	3.591531516106001	0.04	3.591531516106001	8.790519877675841	5749	3.2353906612378984	12695.672954697513
chr1	159995001	160020000	chr1	159785001	160020000	235000	25000	17.927659574468088	95.0%	0.01	3.5884994650146846	0.011	3.5884994650146846	17.927659574468084	4213	2.3190015785239373	2724.826854765626
chr8	81215001	81235000	chr8	81000001	81235000	235000	20000	18.606382978723403	98.0%	0.018	3.5870482908558765	0.018	3.5870482908558765	18.606382978723403	3498	2.683799762604718	2018.217421478748
chr5	97145001	97165000	chr5	96625001	97165000	540000	20000	9.07638888888889	95.0%	0.0209999999999999	3.583101990234988	0.0215	3.583101990234988	9.07638888888889	3921	2.9767806953359974	5143.877041540603
chr12	13205001	13235000	chr12	12905001	13235000	330000	30000	12.929292929292927	98.0%	0.011	3.582231535989642	0.011	3.582231535989642	12.929292929292929	5120	2.213226021975019	5258.625028212645
chr11	10400001	10420000	chr11	10400001	10740000	340000	20000	12.143382352941176	97.0%	0.0255	3.5789778927783398	0.0275	3.5789778927783393	12.143382352941176	3303	2.619466067896703	2849.979081871613
chr4	110950001	110970000	chr4	110580001	110970000	390000	20000	10.775641025641026	98.0%	0.023	3.5754093414779216	0.025500000000000002	3.5754093414779216	10.775641025641026	3362	2.845126921471392	3550.7183979962974
chr6	32465001	32485000	chr6	32465001	32590000	125000	20000	27.416666666666668	98.0%	0.001	3.5692636025334883	0.001	3.5692636025334883	26.32	2632	2.4119823274268493	964.7929309707397
chr5	135180001	135205000	chr5	134905001	135205000	300000	25000	13.146666666666668	96.0%	0.018	3.567940306317791	0.0195	3.567940306317791	13.146666666666667	3944	2.1347574707090353	3202.136206063553
chr17	970001	990000	chr17	710001	990000	280000	20000	10.575892857142858	96.0%	0.0185	3.566348779913613	0.018500000000000003	3.566348779913613	10.575892857142858	2369	2.5166863317895385	2254.9509532834263
chr14	37135001	37155000	chr14	36575001	37155000	580000	20000	7.206896551724138	96.0%	0.0335	3.562811906506861	0.035	3.5628119065068615	7.206896551724138	3344	3.1472452964107682	5841.287270138386
chr7	148950001	148970000	chr7	148260001	148970000	710000	20000	5.992957746478873	95.0%	0.02	3.5623633819248424	0.021	3.5623633819248424	5.992957746478873	3404	2.564561661592193	5826.6840951374625
chr1	147875001	147895000	chr1	147630001	147895000	265000	20000	14.14622641509434	96.0%	0.029	3.5551944746970845	0.031	3.5551944746970845	14.14622641509434	2999	2.571333388421131	2180.490713381119
chr6	124860001	124880000	chr6	124860001	125320000	460000	20000	9.611413043478262	96.0%	0.036	3.546536481435295	0.0385	3.546536481435295	9.611413043478262	3537	2.590209425194007	3812.788273885578
chr2	57750001	57770000	chr2	57750001	58830000	1080000	20000	7.503472222222222	95.0%	0.04	3.5268018050670653	0.0435	3.5268018050670653	7.503472222222222	6483	5.002213029031343	17287.64822833232
chr2	54510001	54540000	chr2	54510001	54845000	335000	30000	19.25621890547264	97.0%	0.028	3.519774910508335	0.029	3.519774910508335	19.256218905472636	7741	2.5690874320050843	6196.6388859962635
chr17	49990001	50010000	chr17	49675001	50010000	335000	20000	10.08955223880597	95.0%	0.029	3.510386758153939	0.031	3.510386758153939	10.08955223880597	2704	2.210187671373478	2369.3211837123686
chr3	158775001	158795000	chr3	158525001	158795000	270000	20000	15.791666666666666	95.0%	0.0215	3.506255150398812	0.0235	3.506255150398812	15.791666666666666	3411	2.4315660041156355	2100.873027555909
chr9	83325001	83350000	chr9	83325001	83600000	275000	25000	14.483636363636364	98.0%	0.041	3.506044582876577	0.042	3.506044582876577	14.483636363636364	3983	3.091711143599255	4251.1028224489755
chr15	62780001	62795000	chr15	62780001	63105000	325000	15000	11.55897435897436	97.0%	0.042	3.497197697384975	0.046	3.497197697384975	11.558974358974359	2254	3.3256210416353227	1945.4883093566636
chr20	4075001	4095000	chr20	3875001	4095000	220000	20000	14.505681818181818	96.0%	0.01	3.4953891151057337	0.010499999999999999	3.4953891151057337	14.505681818181818	2553	2.07906410259874	1463.661128229513
chr1	85300001	85325000	chr1	85300001	85910000	610000	25000	8.247540983606559	96.0%	0.017	3.4749705884987567	0.0185	3.4749705884987567	8.247540983606557	5031	2.9611793595005302	9031.597046476618
chr2	69910001	69930000	chr2	69910001	70280000	370000	20000	16.80743243243243	95.0%	0.026	3.47275766835968	0.028499999999999998	3.4727576683596797	16.80743243243243	4975	2.9087165563618353	3443.920402732413
chr7	106165001	106190000	chr7	106165001	106795000	630000	25000	7.571428571428571	96.0%	0.039	3.470090099272229	0.042499999999999996	3.4700900992722294	7.571428571428571	4770	2.8303323497234403	8915.546901628837
chr1	93800001	93820000	chr1	93630001	93820000	190000	20000	20.06578947368421	98.0%	0.008	3.4669131673095857	0.009000000000000001	3.4669131673095857	20.06578947368421	3050	2.753330189486269	1674.0247552076517
chr1	182770001	182790000	chr1	182455001	182790000	335000	20000	13.294776119402986	97.0%	0.028	3.45312087494768	0.03	3.45312087494768	13.294776119402986	3563	3.0186550379823633	3235.9982007170934
chr5	88720001	88740000	chr5	88720001	89485000	765000	20000	5.84640522875817	96.0%	0.021	3.4376453626867165	0.022	3.4376453626867165	5.84640522875817	3578	2.6068059631170075	6381.460997710435
chr1	245025001	245045000	chr1	244790001	245045000	255000	20000	16.034313725490197	95.0%	0.021	3.4366758520076277	0.022	3.4366758520076273	16.034313725490197	3271	2.3143682837312447	1888.5245195246957
chr2	152175001	152200000	chr2	152175001	152745000	570000	25000	8.440350877192982	98.0%	0.0465	3.4204982990815176	0.0475	3.4204982990815176	8.440350877192982	4811	3.0135455589256734	8588.60484293817
chr9	69040001	69075000	chr9	69040001	69400000	360000	35000	11.019841269841269	95.0%	0.032	3.407153941564343	0.0345	3.407153941564343	11.01984126984127	5554	2.26535714888094	7992.180021251956
chr1	84935001	84955000	chr1	84935001	85270000	335000	20000	12.00373134328358	95.0%	0.022	3.3976360366752014	0.025	3.3976360366752014	12.003731343283581	3217	2.5988729519639113	2785.9918045053128
chr5	92305001	92330000	chr5	92305001	93085000	780000	25000	6.365384615384615	95.0%	0.028	3.392338267281404	0.031	3.392338267281404	6.365384615384615	4965	2.7265986957858597	10633.734913564853
chr4	41205001	41225000	chr4	40900001	41225000	325000	20000	12.18846153846154	97.0%	0.015	3.3781192753685554	0.018	3.3781192753685554	12.188461538461539	3169	2.6828538118626817	2790.167964337189
chr2	136365001	136390000	chr2	135740001	136390000	650000	25000	7.6523076923076925	95.0%	0.0275	3.368222837695187	0.028	3.368222837695187	7.6523076923076925	4974	2.978484695909969	9680.0752617074
chr10	110310001	110325000	chr10	110310001	110685000	375000	15000	13.351111111111113	96.0%	0.047	3.362735146091998	0.048	3.362735146091998	13.351111111111111	3004	3.6176948622940635	2441.9440320484928
chr3	142575001	142595000	chr3	142575001	143005000	430000	20000	9.773255813953488	95.0%	0.0275	3.358453280912898	0.03	3.358453280912898	9.773255813953488	3362	2.385941984213287	3283.056170277483
chr10	58770001	58790000	chr10	58770001	59670000	900000	20000	5.651388888888889	95.0%	0.0225	3.3542087963364726	0.023	3.3542087963364726	5.651388888888889	4069	3.610884028913809	10399.34600327177
chr4	41680001	41700000	chr4	41680001	41975000	295000	20000	13.72457627118644	96.0%	0.029	3.3494921009632987	0.031	3.3494921009632987	13.724576271186441	3239	2.4850887806540007	2345.9238089373766
chr1	207780001	207800000	chr1	207570001	207800000	230000	20000	16.967391304347824	95.0%	0.0185	3.340475205588956	0.020999999999999998	3.3404752055889557	16.967391304347824	3122	2.006055643189301	1476.4569533873255
chr2	19360001	19380000	chr2	19360001	19875000	515000	20000	8.725728155339805	95.0%	0.035	3.3345069020343474	0.038	3.3345069020343474	8.725728155339805	3595	2.634511733118169	4341.675336178742
chr18	46270001	46290000	chr18	46270001	46665000	395000	20000	9.873417721518988	98.0%	0.032	3.329149166116627	0.035	3.329149166116627	9.873417721518987	3120	2.355994257710073	2977.9767417455323
chr3	134295001	134315000	chr3	134295001	134495000	200000	20000	19.08125	97.0%	0.0075	3.328263046121792	0.0085	3.328263046121792	19.08125	3053	2.7136441346062563	1736.732246148004
chr17	17350001	17370000	chr17	17350001	17660000	310000	20000	11.15725806451613	96.0%	0.028	3.3233065490736373	0.031	3.3233065490736373	11.15725806451613	2767	3.014364013416457	2990.2491013091253
chr16	20835001	20855000	chr16	20835001	21190000	355000	20000	11.43661971830986	95.0%	0.036	3.3193899349566767	0.037	3.3193899349566767	11.43661971830986	3248	3.6053507898773187	4095.6784973006343
chr2	39505001	39525000	chr2	39505001	39735000	230000	20000	26.168478260869566	98.0%	0.0295	3.3158204010796384	0.0325	3.3158204010796384	26.168478260869566	4815	2.8415068613821055	2091.3490499772297
chr5	59345001	59375000	chr5	59175001	59375000	200000	30000	20.34583333333333	97.0%	0.0055	3.312138897535722	0.0055	3.312138897535722	20.345833333333335	4883	2.5736198762336735	3706.0126217764896
chr3	190185001	190215000	chr3	189955001	190215000	260000	30000	16.131410256410255	97.0%	0.0345	3.288810906893342	0.035	3.288810906893342	16.131410256410255	5033	2.6190843864460684	4902.92597142704
chr1	167065001	167085000	chr1	167065001	167455000	390000	20000	11.067307692307692	98.0%	0.0275	3.288603132292387	0.0295	3.288603132292387	11.067307692307692	3453	2.5820766774342685	3222.431693437967
chr17	67675001	67695000	chr17	67450001	67695000	245000	20000	14.489795918367347	95.0%	0.028	3.28500883136205	0.03	3.28500883136205	14.489795918367347	2840	2.254753320569748	1767.7266033266826
chr1	20205001	20225000	chr1	20205001	20500000	295000	20000	12.652542372881356	95.0%	0.022	3.282051318112148	0.023	3.282051318112148	12.652542372881356	2986	2.4975475907108926	2357.6849256310825
chr3	141435001	141455000	chr3	141290001	141455000	165000	20000	25.24242424242424	97.0%	0.002	3.2786392700108755	0.003	3.2786392700108755	25.242424242424242	3332	2.558391823531485	1350.830882824624
chr4	155350001	155370000	chr4	154795001	155370000	575000	20000	7.7	95.0%	0.027	3.276718911432289	0.03	3.2767189114322894	7.7	3542	3.108238444519897	5719.15873791661
chr2	177105001	177140000	chr2	176660001	177140000	480000	35000	9.61904761904762	97.0%	0.0125	3.2596696888285366	0.013	3.2596696888285366	9.619047619047619	6464	1.812377451786134	8525.423533201974
chr12	52150001	52170000	chr12	52150001	52385000	235000	20000	14.398936170212766	96.0%	0.01	3.253608489182466	0.01	3.253608489182466	14.398936170212766	2707	2.2521797224071802	1693.6391512501996
chr2	47300001	47330000	chr2	46720001	47330000	610000	30000	11.404371584699454	95.0%	0.026	3.232792784955493	0.027	3.232792784955493	11.404371584699453	8348	2.846128535882151	12500.196529594406
chr2	58430001	58450000	chr2	57850001	58450000	600000	20000	11.820833333333333	96.0%	0.022	3.224569854552607	0.0235	3.224569854552607	11.820833333333333	5674	3.663635561105534	7034.1802773226245
chr17	43305001	43325000	chr17	42945001	43325000	380000	20000	6.664285714285715	96.0%	0.027	3.2196086826185635	0.0295	3.2196086826185635	6.1381578947368425	1866	1.4392818982684845	1750.166788294477
chr6	142685001	142705000	chr6	142685001	143445000	760000	20000	7.3355263157894735	95.0%	0.025	3.2063024428348283	0.025500000000000002	3.2063024428348283	7.3355263157894735	4460	3.445870786608801	8380.357753032604
chr3	113040001	113070000	chr3	113040001	113635000	595000	30000	7.80812324929972	96.0%	0.035	3.20246321896207	0.036	3.20246321896207	7.80812324929972	5575	2.4555536022200144	10519.591631910542
chr9	98255001	98275000	chr9	97915001	98275000	360000	20000	10.15972222222222	96.0%	0.0235	3.197426218397672	0.0245	3.197426218397672	10.159722222222221	2926	2.3971187066551685	2761.480750066754
chr9	32365001	32390000	chr9	32365001	32600000	235000	25000	15.92340425531915	95.0%	0.048	3.193063365558311	0.052	3.193063365558311	15.923404255319149	3742	3.134003826716679	3682.454496392098
chr4	107895001	107915000	chr4	107745001	107915000	170000	20000	24.705882352941178	98.0%	0.002	3.191026995234093	0.003	3.191026995234093	24.705882352941178	3360	2.965612847795598	1613.2933892008052
chr12	76605001	76630000	chr12	76605001	76935000	330000	25000	12.66969696969697	95.0%	0.0465	3.188877277210935	0.05	3.188877277210935	12.66969696969697	4181	2.457424854155828	4054.7510093571163
chr11	86440001	86460000	chr11	86440001	86925000	485000	20000	9.551546391752575	96.0%	0.014	3.187903001959172	0.014	3.187903001959172	9.551546391752577	3706	3.043661593921516	4723.762793766193
chr19	16165001	16185000	chr19	16045001	16185000	140000	20000	20.276785714285715	95.0%	0.026	3.1858130481407168	0.027	3.1858130481407168	20.276785714285715	2271	2.2826852971866436	1022.6430131396164
chr1	198675001	198695000	chr1	198075001	198695000	620000	20000	7.705645161290323	95.0%	0.026	3.183576598869896	0.0275	3.183576598869896	7.705645161290323	3822	3.2718902881945464	6491.43033177798
chr8	48915001	48940000	chr8	48120001	48940000	820000	25000	5.221951219512195	97.0%	0.0395	3.183412793305461	0.0435	3.1834127933054615	5.221951219512195	4282	3.106900271716907	12738.291114039319
chr3	150480001	150505000	chr3	150220001	150505000	285000	25000	15.452631578947368	97.0%	0.023	3.181047245415441	0.025	3.181047245415441	15.452631578947368	4404	2.739894695313172	3904.34994082127
chr2	197765001	197785000	chr2	197000001	197785000	785000	20000	5.409235668789809	97.0%	0.024	3.180512694031879	0.027	3.180512694031879	5.409235668789809	3397	2.394492530711063	6014.965237146191
chr15	69055001	69080000	chr15	69055001	69470000	415000	25000	10.004819277108432	96.0%	0.041	3.1773802176852493	0.046	3.1773802176852493	10.004819277108433	4152	3.24259652930118	6728.387798299948
chr6	150400001	150425000	chr6	150400001	150890000	490000	25000	9.087755102040816	96.0%	0.0325	3.1653979524128903	0.036000000000000004	3.1653979524128903	9.087755102040816	4453	2.712122514848728	6644.700161379384
chr7	90405001	90435000	chr7	90145001	90435000	290000	30000	14.10344827586207	96.0%	0.019	3.160473432279471	0.020499999999999997	3.160473432279471	14.10344827586207	4908	2.2490413659207675	4695.998372042563
chr12	62775001	62795000	chr12	62565001	62795000	230000	20000	16.918478260869566	96.0%	0.01	3.151338354301379	0.011	3.151338354301379	16.918478260869566	3113	2.3055474074071016	1696.8828918516267
chr20	40965001	40985000	chr20	40965001	41240000	275000	20000	12.85	96.0%	0.017	3.148172414747557	0.018	3.148172414747557	12.85	2827	2.3932156630539225	2106.029783487452
chr3	159240001	159260000	chr3	158810001	159260000	450000	20000	11.91388888888889	96.0%	0.016	3.147663717158915	0.0165	3.147663717158915	11.91388888888889	4289	3.6812578595242926	5301.0113177149815
chr2	202170001	202190000	chr2	201670001	202190000	520000	20000	9.139423076923077	95.0%	0.022	3.144841435158282	0.0225	3.144841435158282	9.139423076923077	3802	2.7954366289965953	4651.606550650335
chr15	71715001	71740000	chr15	71495001	71740000	245000	25000	15.46530612244898	95.0%	0.019	3.143235579856726	0.02	3.143235579856726	15.465306122448979	3789	2.7098333682273035	3319.545876078447
chr20	45275001	45295000	chr20	45005001	45295000	290000	20000	13.120689655172416	95.0%	0.0355	3.1423686494547862	0.04	3.1423686494547862	13.120689655172415	3044	2.3833822773956177	2211.7787534231334
chr7	105745001	105765000	chr7	105745001	106050000	305000	20000	13.831967213114757	96.0%	0.025	3.138477944402062	0.026	3.138477944402062	13.831967213114755	3375	2.735556679483317	2669.9033191757176
chr3	32170001	32190000	chr3	32170001	32510000	340000	20000	11.797794117647058	98.0%	0.016	3.137569587272321	0.017	3.1375695872723215	11.797794117647058	3209	2.094043878090553	2278.3197393625214
chr13	75675001	75695000	chr13	75675001	76095000	420000	20000	9.232142857142858	95.0%	0.026	3.131291813750912	0.026000000000000002	3.131291813750912	9.232142857142858	3102	2.3284948764875977	3129.4971139993313
chr21	39110001	39130000	chr21	38775001	39130000	355000	20000	10.105633802816902	96.0%	0.034	3.1156056155708	0.037	3.1156056155707996	10.105633802816902	2870	2.9030459211112927	3297.8601663824284
chr15	80765001	80790000	chr15	80405001	80790000	385000	25000	9.706493506493509	95.0%	0.042	3.114449219681779	0.044	3.114449219681779	9.706493506493507	3737	3.043394821890052	5858.53503213835
chr5	72125001	72145000	chr5	72125001	72315000	190000	20000	20.19736842105263	99.0%	0.02	3.112207947569356	0.022	3.112207947569356	20.19736842105263	3070	2.3320823584967947	1417.9060739660513
chr7	143195001	143225000	chr7	142845001	143225000	380000	30000	12.024122807017545	96.0%	0.0325	3.1095804281998443	0.034	3.1095804281998443	12.024122807017545	5483	2.543592907591626	6959.270195170689
chr12	47030001	47050000	chr12	47030001	47700000	670000	20000	9.472014925373134	97.0%	0.045	3.1021403487770525	0.051000000000000004	3.1021403487770525	9.472014925373134	5077	3.6381455224578767	7800.184000149688
chr6	133895001	133920000	chr6	133525001	133920000	395000	25000	11.979746835443038	95.0%	0.05	3.0972611666388183	0.054	3.0972611666388183	11.979746835443038	4732	2.68706699533014	5306.957315777026
chr7	134420001	134445000	chr7	134420001	134615000	195000	25000	18.93846153846154	95.0%	0.009	3.092610130280247	0.01	3.092610130280247	18.93846153846154	3693	2.3372691573747586	2278.8374284403894
chr21	39775001	39795000	chr21	39775001	40135000	360000	20000	8.82986111111111	95.0%	0.0404999999999999	3.0920850449658	0.044	3.0920850449658	8.82986111111111	2543	3.213977343091672	3702.5018992416058
chr7	81445001	81465000	chr7	80740001	81465000	725000	20000	6.294827586206897	97.0%	0.027	3.0861772626314243	0.029	3.0861772626314243	6.294827586206897	3651	2.9019781667940148	6732.589346962114
chr18	48015001	48035000	chr18	48015001	48475000	460000	20000	7.497282608695652	95.0%	0.0455	3.080071667001676	0.0495	3.080071667001676	7.497282608695652	2759	2.590311932823234	3812.9391651158007
chr18	50805001	50830000	chr18	50805001	51105000	300000	25000	11.916666666666668	95.0%	0.0325	3.0784780809595715	0.034	3.0784780809595715	11.916666666666666	3575	2.2518611485506033	3377.791722825905
chr8	109335001	109355000	chr8	109335001	110030000	695000	20000	7.318345323741007	95.0%	0.03	3.0757943579385394	0.031	3.0757943579385394	7.318345323741007	4069	2.8024967406113825	6232.752751119715
chr16	19075001	19100000	chr16	19075001	19520000	445000	25000	8.64494382022472	95.0%	0.037	3.0742996553298374	0.04	3.0742996553298374	8.64494382022472	3847	2.7451695383825494	6108.002222901173
chr1	182950001	182970000	chr1	182950001	183280000	330000	20000	11.522727272727272	98.0%	0.019	3.071471045527599	0.020999999999999998	3.071471045527599	11.522727272727273	3042	2.647972914799813	2796.2593980286024
chr1	176360001	176380000	chr1	176360001	176885000	525000	20000	8.25	96.0%	0.041	3.0689339837314824	0.043	3.0689339837314824	8.25	3465	2.8634730404535884	4810.634707962028
chr5	139415001	139435000	chr5	139415001	139635000	220000	20000	18.40909090909091	96.0%	0.0139999999999999	3.0672680344396777	0.014499999999999999	3.0672680344396777	18.40909090909091	3240	1.8682469267816166	1315.245836454258
chr3	13890001	13910000	chr3	13890001	14265000	375000	20000	11.173333333333334	95.0%	0.031	3.064674946770202	0.033	3.064674946770202	11.173333333333334	3352	2.2727814731667135	2727.337767800056
chr12	10125001	10145000	chr12	9740001	10145000	405000	20000	10.354938271604938	95.0%	0.027	3.058577306840853	0.028	3.058577306840853	10.354938271604938	3355	2.2313899109822826	2891.8813246330383
chr8	42655001	42675000	chr8	42400001	42675000	275000	20000	13.722727272727273	97.0%	0.034	3.054409111546124	0.038	3.0544091115461236	13.722727272727273	3019	2.365040525723901	2081.235662637033
chr20	4580001	4600000	chr20	4095001	4600000	505000	20000	8.415841584158416	95.0%	0.033	3.0542653121215366	0.034	3.0542653121215366	8.415841584158416	3400	3.1726498587264396	5127.002171701926
chr17	27585001	27605000	chr17	27335001	27605000	270000	20000	11.476851851851851	95.0%	0.031	3.053359930103111	0.033	3.053359930103111	11.476851851851851	2479	2.2989394920865154	1986.2837211627493
chr15	81240001	81260000	chr15	81095001	81260000	165000	20000	20.75757575757576	97.0%	0.029	3.0442556129878366	0.031	3.0442556129878366	20.757575757575758	2740	2.724093788062073	1438.3215200967745
chr6	24850001	24870000	chr6	24850001	25085000	235000	20000	17.319148936170212	96.0%	0.018	3.0361435768550664	0.018	3.0361435768550664	17.319148936170212	3256	2.5565805049045522	1922.5485396882234
chr9	69180001	69200000	chr9	69030001	69200000	170000	20000	21.11764705882353	96.0%	0.0065	3.031876779726914	0.0075	3.031876779726914	21.11764705882353	2872	2.8564303780954896	1553.8981256839463
chr3	149255001	149275000	chr3	148935001	149275000	340000	20000	13.382352941176473	95.0%	0.0315	3.0284522702710985	0.034	3.0284522702710985	13.382352941176471	3640	2.718075015086021	2957.265616413591
chr2	164720001	164750000	chr2	164720001	165020000	300000	30000	14.758333333333333	95.0%	0.022	3.0240215076098296	0.0225	3.0240215076098296	14.758333333333333	5313	2.3760362948775327	5132.2383969354705
chr15	67855001	67875000	chr15	67855001	68135000	280000	20000	13.107142857142858	95.0%	0.032	3.018596012822067	0.035500000000000004	3.018596012822067	13.107142857142858	2936	2.909885173678588	2607.2571156160147
chr2	175020001	175040000	chr2	175020001	175330000	310000	20000	13.78225806451613	98.0%	0.0265	3.011008315854535	0.0305	3.011008315854535	13.78225806451613	3418	2.265377737895289	2247.2547159921264
chr12	71405001	71425000	chr12	71405001	71760000	355000	20000	12.07394366197183	95.0%	0.026	3.0103517378123548	0.029	3.0103517378123548	12.07394366197183	3429	2.5644923768315064	2913.263340080591
chr8	93955001	93975000	chr8	93580001	93975000	395000	20000	10.962025316455696	96.0%	0.018	3.006773699798235	0.019	3.006773699798235	10.962025316455696	3464	2.8595002779524923	3614.40835133195
chr4	176330001	176350000	chr4	175900001	176350000	450000	20000	9.09722222222222	95.0%	0.0215	3.0035061940555354	0.023	3.0035061940555354	9.097222222222221	3275	2.089741545228401	3009.2278251288976
chr7	44580001	44600000	chr7	44580001	44940000	360000	20000	10.069444444444445	95.0%	0.032	2.989442710516384	0.035	2.989442710516384	10.069444444444445	2900	2.267643820645738	2612.3256813838902
chr4	162490001	162515000	chr4	162490001	163345000	855000	25000	5.987134502923977	97.0%	0.047	2.985350699688555	0.048	2.985350699688555	5.987134502923976	5119	3.2289532318166563	13803.775066016206
chr5	113315001	113335000	chr5	112985001	113335000	350000	20000	12.542857142857144	98.0%	0.033	2.984688597382301	0.0345	2.984688597382301	12.542857142857143	3512	2.8605022581340656	3203.7625291101535
chr4	83250001	83280000	chr4	83010001	83280000	270000	30000	14.780864197530866	97.0%	0.0245	2.9584744898844915	0.025	2.9584744898844915	14.780864197530864	4789	2.309013623704417	4488.722484481387
chr1	26600001	26620000	chr1	26600001	26885000	285000	20000	14.206140350877194	96.0%	0.02	2.9552573714694903	0.022	2.9552573714694903	14.206140350877194	3239	2.6633232739997728	2428.9508258877927
chr3	160925001	160950000	chr3	160575001	160950000	375000	25000	12.08	97.0%	0.047	2.9463869588400677	0.049	2.9463869588400673	12.08	4530	2.5691568178685387	4817.16903350351
chr11	130115001	130135000	chr11	129865001	130135000	270000	20000	16.15277777777778	97.0%	0.04	2.939183562047572	0.0405	2.939183562047572	16.15277777777778	3489	2.4668073609814267	2131.321559887953
chr15	77950001	77970000	chr15	77950001	78255000	305000	20000	9.704918032786884	97.0%	0.04	2.938160043369017	0.042	2.938160043369017	9.704918032786885	2368	2.488353063590824	2428.6325900646443
chr12	89445001	89465000	chr12	89020001	89465000	445000	20000	10.196629213483146	96.0%	0.037	2.926603580826129	0.039	2.926603580826129	10.196629213483146	3630	3.655084576525263	5204.840436971975
chr1	210305001	210325000	chr1	209995001	210325000	330000	20000	13.015151515151516	95.0%	0.0255	2.9200924367269696	0.027999999999999997	2.9200924367269696	13.015151515151516	3436	2.9079209738422973	3070.764548377466
chr11	61165001	61190000	chr11	60765001	61190000	425000	25000	9.108235294117646	96.0%	0.014	2.9083817435489774	0.015	2.9083817435489774	9.108235294117646	3871	2.032302101974445	4318.641966695695
chr15	60340001	60360000	chr15	60340001	60525000	185000	20000	17.35135135135135	97.0%	0.027	2.903112508758375	0.031	2.903112508758375	17.35135135135135	2568	2.2471453493924693	1330.3100468403418
chr4	76165001	76185000	chr4	76165001	76510000	345000	20000	13.17753623188406	97.0%	0.03	2.8992249946910023	0.032	2.8992249946910023	13.177536231884059	3637	2.410201046221044	2660.8619550280328
chr1	235510001	235530000	chr1	235510001	235940000	430000	20000	10.011627906976743	97.0%	0.0325	2.8931557079705867	0.035	2.8931557079705867	10.011627906976743	3444	2.594433645827715	3569.9406966589354
chr1	84920001	84940000	chr1	84435001	84940000	505000	20000	8.485148514851485	96.0%	0.031	2.8906215639533053	0.033	2.8906215639533053	8.485148514851485	3428	2.201088477080773	3556.9589789625293
chr2	46430001	46460000	chr2	46010001	46460000	450000	30000	15.651851851851852	95.0%	0.03	2.8856645946342483	0.0315	2.8856645946342483	15.651851851851852	8452	2.8387981761300956	9197.70609066151
chr5	127750001	127770000	chr5	127750001	128215000	465000	20000	10.0	95.0%	0.025	2.880161051383112	0.028	2.880161051383112	10.0	3720	2.64329390292114	3933.2213275466565
chr11	113295001	113315000	chr11	113295001	113800000	505000	20000	8.07920792079208	96.0%	0.033	2.8794677554009103	0.037	2.8794677554009103	8.07920792079208	3264	2.637425080760539	4262.078930509031
chr20	57325001	57345000	chr20	57075001	57345000	270000	20000	12.875	95.0%	0.018	2.868480308226395	0.0195	2.868480308226395	12.875	2781	2.975882544666374	2571.1625185917474
chr6	47085001	47110000	chr6	47085001	47410000	325000	25000	13.91076923076923	95.0%	0.03	2.8636828577263285	0.032	2.8636828577263285	13.910769230769231	4521	2.566130741260565	4169.9624545484185
chr10	23980001	24000000	chr10	23980001	24555000	575000	20000	7.706521739130435	97.0%	0.041	2.862494873609515	0.044	2.862494873609515	7.706521739130435	3545	2.822223425902354	5192.891103660331
chr16	77570001	77590000	chr16	77250001	77590000	340000	20000	11.125	96.0%	0.041	2.860925523787143	0.044	2.860925523787143	11.125	3026	3.3298179747613177	3622.8419565403137
chr17	64300001	64325000	chr17	64300001	64495000	195000	25000	17.297435897435896	95.0%	0.027	2.8593292683419125	0.031	2.8593292683419125	17.297435897435896	3373	2.4264543739359987	2365.793014587599
chr1	46710001	46735000	chr1	46445001	46735000	290000	25000	13.0	97.0%	0.0285	2.8571661161747848	0.0305	2.8571661161747848	13.0	3770	2.07107730618173	3003.0620939635082
chr14	67155001	67180000	chr14	67155001	67355000	200000	25000	17.81	96.0%	0.03	2.8546671171191327	0.0335	2.8546671171191327	17.81	3562	2.7117680268138247	2711.7680268138247
chr7	20295001	20330000	chr7	19715001	20330000	615000	35000	8.40650406504065	95.0%	0.02	2.8467044563025308	0.022	2.8467044563025308	8.40650406504065	7238	2.9314798135534756	17668.028836286798
chr1	89970001	89990000	chr1	89775001	89990000	215000	20000	18.877906976744185	98.0%	0.021	2.8455700279617053	0.022	2.8455700279617053	18.877906976744185	3247	2.812165385728714	1934.7697853813554
chr19	37900001	37915000	chr19	37900001	38185000	285000	15000	10.42690058479532	95.0%	0.035	2.8400111420000025	0.037	2.8400111420000025	10.426900584795321	1783	2.3845649053187437	1223.2817964285155
chr9	112090001	112110000	chr9	112090001	112825000	735000	20000	6.4523809523809526	96.0%	0.048	2.8382731734164324	0.051	2.8382731734164324	6.4523809523809526	3794	3.3840428935003826	7959.2688855129
chr1	119465001	119485000	chr1	119465001	119680000	215000	20000	16.802325581395348	98.0%	0.016	2.837497708205842	0.016	2.837497708205842	16.802325581395348	2890	2.0852370888252882	1434.6431171117983
chr5	151630001	151655000	chr5	151430001	151655000	225000	25000	17.622222222222224	97.0%	0.015	2.835803207619345	0.017	2.835803207619345	17.622222222222224	3965	2.062230554858	2320.00937421525
chr6	11055001	11075000	chr6	10805001	11075000	270000	20000	14.421296296296296	95.0%	0.0275	2.83419154526695	0.0285	2.83419154526695	14.421296296296296	3115	2.0352657191770076	1758.4695813689345
chr2	57900001	57920000	chr2	57900001	58490000	590000	20000	12.53813559322034	96.0%	0.0175	2.832496130875198	0.019	2.832496130875198	12.538135593220339	5918	4.25433667933741	8032.1876505890295
chr6	57305001	57330000	chr6	56600001	57330000	730000	25000	5.6876712328767125	95.0%	0.02	2.8308041860053827	0.020999999999999998	2.8308041860053827	5.6876712328767125	4152	2.160109239481927	7884.3987241090335
chr12	31665001	31690000	chr12	31665001	32215000	550000	25000	7.410909090909091	95.0%	0.028	2.830746669393464	0.0315	2.8307466693934638	7.410909090909091	4076	2.3639570754464003	6500.881957477601
chr17	47595001	47620000	chr17	47240001	47620000	380000	25000	10.121052631578948	95.0%	0.032	2.8132709361772306	0.0345	2.8132709361772306	10.121052631578948	3846	2.1400106622155923	4066.020258209626
chr3	156140001	156165000	chr3	156140001	156545000	405000	25000	10.935802469135805	97.0%	0.041	2.80937969048452	0.043	2.8093796904845196	10.935802469135803	4429	2.825102657143903	5720.832880716403
chr13	24210001	24235000	chr13	23915001	24235000	320000	25000	11.903125	96.0%	0.0435	2.807090132265257	0.046	2.8070901322652575	11.903125	3809	3.1085015291442426	4973.602446630788
chr8	29305001	29325000	chr8	28710001	29325000	615000	20000	6.658536585365853	95.0%	0.027	2.8062344330812894	0.03	2.8062344330812894	6.658536585365853	3276	1.976951130502293	3890.6398248285127
chr17	7860001	7880000	chr17	7860001	8060000	200000	20000	18.325	95.0%	0.025	2.804977521011687	0.027999999999999997	2.804977521011687	18.325	2932	2.3700116544285015	1516.807458834241
chr5	13975001	13995000	chr5	13975001	14400000	425000	20000	8.897058823529411	98.0%	0.035	2.8033551758298114	0.036	2.8033551758298114	8.897058823529411	3025	2.379201866898658	3235.714538982175
chr1	64130001	64150000	chr1	63630001	64150000	520000	20000	9.475961538461538	96.0%	0.039	2.790469605075426	0.040999999999999995	2.790469605075426	9.475961538461538	3942	3.741007392876848	6225.036301747075
chr18	74325001	74350000	chr18	74035001	74350000	315000	25000	13.095238095238097	95.0%	0.032	2.788298660514732	0.035	2.788298660514732	13.095238095238095	4125	2.1977485982374265	3461.454042223947
chr6	47290001	47315000	chr6	47080001	47315000	235000	25000	17.080851063829787	95.0%	0.019	2.7881659985839344	0.021	2.7881659985839344	17.080851063829787	4014	2.4640473642055984	2895.2556529415783
chr6	55050001	55075000	chr6	54690001	55075000	385000	25000	11.233766233766234	96.0%	0.029	2.7798078193480324	0.03	2.7798078193480324	11.233766233766234	4325	2.6362217569622617	5074.726882152354
chr1	109770001	109790000	chr1	109770001	110020000	250000	20000	14.01	95.0%	0.0485	2.778619712659834	0.051500000000000004	2.778619712659834	14.01	2802	2.7106125008875024	2168.490000710002
chr13	100225001	100245000	chr13	99895001	100245000	350000	20000	11.532142857142857	96.0%	0.031	2.7765765911375966	0.035	2.7765765911375966	11.532142857142857	3229	2.960184361148995	3315.4064844868744
chr7	130005001	130030000	chr7	129360001	130030000	670000	25000	5.950746268656717	96.0%	0.025	2.772205075402266	0.025500000000000002	2.772205075402266	5.950746268656716	3987	2.06908833432112	6931.445919975751
chr12	95520001	95540000	chr12	95000001	95540000	540000	20000	8.386574074074074	95.0%	0.027	2.7720783155458686	0.028	2.7720783155458686	8.386574074074074	3623	2.7065603251328665	4676.936241829593
chr7	71715001	71735000	chr7	70815001	71735000	920000	20000	4.7228260869565215	95.0%	0.033	2.771731316995966	0.0325	2.771731316995966	4.7228260869565215	3476	3.3468929720552625	9853.252909730692
chr3	111705001	111730000	chr3	111705001	112045000	340000	25000	12.76470588235294	96.0%	0.017	2.770628968397068	0.018000000000000002	2.770628968397068	12.764705882352942	4340	2.832708080177289	4815.603736301391
chr10	24495001	24515000	chr10	24335001	24515000	180000	20000	20.375	99.0%	0.016	2.770605261501524	0.0175	2.770605261501524	20.375	2934	2.1683042790700324	1248.9432647443386
chr9	985001	1015000	chr9	340001	1015000	675000	30000	6.125925925925926	95.0%	0.049	2.76881755856345	0.05	2.76881755856345	6.125925925925926	4962	2.1199728489732528	10303.068046010008
chr4	174345001	174365000	chr4	174345001	174815000	470000	20000	10.86968085106383	95.0%	0.01	2.7668177968940766	0.01	2.7668177968940766	10.86968085106383	4087	3.3944132666346922	5105.197553018577
chr17	68745001	68770000	chr17	68160001	68770000	610000	25000	6.49672131147541	95.0%	0.039	2.7503769914379643	0.041999999999999996	2.7503769914379643	6.49672131147541	3963	2.415251189433186	7366.516127771218
chr14	64655001	64675000	chr14	64655001	64925000	270000	20000	13.12037037037037	95.0%	0.028	2.7503136520718887	0.0305	2.7503136520718887	13.12037037037037	2834	2.283415228614061	1972.8707575225487
chr20	50440001	50465000	chr20	50175001	50465000	290000	25000	12.010344827586206	95.0%	0.0305	2.747743270176681	0.0325	2.747743270176681	12.010344827586207	3483	2.416523005472604	3503.9583579352757
chr3	127945001	127975000	chr3	127565001	127975000	410000	30000	11.254065040650408	95.0%	0.0175	2.7441833069500814	0.019	2.7441833069500814	11.254065040650406	5537	2.204650356478727	6508.127852325202
chr10	6385001	6405000	chr10	6105001	6405000	300000	20000	12.957627118644067	96.0%	0.0125	2.7424773908823514	0.013	2.7424773908823514	12.741666666666667	3058	2.2918456430929894	2200.17181736927
chr7	92605001	92625000	chr7	92605001	93065000	460000	20000	10.067934782608695	96.0%	0.033	2.735738330925197	0.036	2.7357383309251975	10.067934782608695	3705	2.776486668491476	4086.988376019453
chr20	340001	360000	chr20	340001	490000	150000	20000	19.8	97.0%	0.003	2.735667468552075	0.003	2.735667468552075	19.8	2376	1.978432032984469	949.6473758325451
chr17	65280001	65305000	chr17	65280001	65460000	180000	25000	18.06111111111111	98.0%	0.0175	2.711755911131733	0.018000000000000002	2.711755911131733	18.06111111111111	3251	2.42238706151285	2180.148355361565
chr13	44420001	44440000	chr13	44075001	44440000	365000	20000	10.955479452054794	97.0%	0.028	2.711050890505039	0.03	2.711050890505039	10.955479452054794	3199	2.7362435672109253	3195.932486502361
chr3	69655001	69680000	chr3	69110001	69680000	570000	25000	7.296491228070176	95.0%	0.0405	2.7101984518008857	0.041499999999999995	2.7101984518008857	7.296491228070176	4159	2.311418928823166	6587.543947146023
chr7	108130001	108160000	chr7	107120001	108160000	1040000	30000	4.986378205128205	96.0%	0.0195	2.707984507140572	0.0195	2.707984507140572	4.986378205128205	6223	2.502176172473347	18736.295179480425
chr2	26735001	26755000	chr2	26505001	26755000	250000	20000	15.66	95.0%	0.018	2.706698877581517	0.0205	2.706698877581517	15.66	3132	1.934112085981871	1547.2896687854968
chr6	44065001	44085000	chr6	43665001	44085000	420000	20000	8.943452380952381	95.0%	0.0144999999999999	2.700179507411789	0.016	2.700179507411789	8.943452380952381	3005	2.4493891520293474	3291.979020327443
chr12	110585001	110610000	chr12	110430001	110610000	180000	25000	18.83888888888889	95.0%	0.003	2.697766843943489	0.0035	2.6977668439434894	18.83888888888889	3391	1.8766857905060275	1689.0172114554248
chr1	224320001	224340000	chr1	224110001	224340000	230000	20000	16.5	95.0%	0.035	2.688302565211947	0.0385	2.688302565211947	16.5	3036	2.7646692709146943	2034.796583393215
chr9	124540001	124560000	chr9	124540001	124765000	225000	20000	17.57777777777778	97.0%	0.027	2.680897823964481	0.031	2.680897823964481	17.57777777777778	3164	2.7029442800913146	1946.1198816657466
chr20	5540001	5570000	chr20	5540001	6040000	500000	30000	8.788333333333332	96.0%	0.0365	2.680039012729899	0.037000000000000005	2.680039012729899	8.788333333333334	5273	3.064833769712597	11033.401570965349
chr8	27845001	27865000	chr8	27845001	28150000	305000	20000	11.663934426229508	98.0%	0.03	2.6524472785170934	0.034	2.6524472785170934	11.663934426229508	2846	2.0795077977259533	2029.5996105805305
chr7	12060001	12080000	chr7	12060001	12495000	435000	20000	10.841954022988508	97.0%	0.05	2.6459046045324306	0.052	2.6459046045324306	10.841954022988507	3773	3.0037740756588627	4181.253513317137
chr8	98015001	98040000	chr8	97670001	98040000	370000	25000	11.835135135135136	95.0%	0.024	2.64466925753057	0.026	2.64466925753057	11.835135135135134	4379	2.33161405301478	4313.4859980773435
chr19	2950001	2970000	chr19	2950001	3170000	220000	20000	12.267045454545457	95.0%	0.029	2.6307258405611584	0.029	2.6307258405611584	12.267045454545455	2159	2.1557066054947587	1517.6174502683102
chr1	160940001	160960000	chr1	160705001	160960000	255000	20000	14.43627450980392	96.0%	0.025	2.6302323665658136	0.027	2.6302323665658136	14.436274509803921	2945	2.4661960886122376	2012.4160083075858
chr11	6015001	6035000	chr11	6015001	6355000	340000	20000	17.470588235294116	97.0%	0.0419999999999999	2.627252411462468	0.045	2.6272524114624676	17.470588235294116	4752	3.252102892320003	3538.2879468441633
chr8	80975001	80990000	chr8	80605001	80990000	385000	15000	11.441558441558442	97.0%	0.023	2.622790723169091	0.024	2.622790723169091	11.441558441558442	2643	2.780968108945174	1927.2108994990056
chr4	39455001	39480000	chr4	39455001	39985000	530000	25000	8.09433962264151	97.0%	0.034	2.6159333569619	0.036	2.6159333569618997	8.09433962264151	4290	2.2320092487549408	5914.824509200594
chr5	149095001	149125000	chr5	148740001	149125000	385000	30000	11.694805194805197	95.0%	0.025	2.6077448027592074	0.026	2.6077448027592074	11.694805194805195	5403	2.1320703252798956	5910.098941675871
chr3	42085001	42110000	chr3	41880001	42110000	230000	25000	16.008695652173913	95.0%	0.0345	2.605739142099547	0.038	2.605739142099547	16.008695652173913	3682	2.018180715535517	2320.9078228658445
chr12	30840001	30865000	chr12	30840001	31285000	445000	25000	8.438202247191011	98.0%	0.019	2.605491574473805	0.02	2.605491574473805	8.438202247191011	3755	2.000986536428391	4452.195043553171
chr15	53800001	53820000	chr15	53800001	53980000	180000	20000	17.27777777777778	98.0%	0.033	2.582135770928813	0.035	2.582135770928813	17.27777777777778	2488	2.5513398617910954	1469.571760391671
chr7	55240001	55255000	chr7	54790001	55255000	465000	15000	9.232974910394264	97.0%	0.025	2.582016562437866	0.025	2.582016562437866	9.232974910394265	2576	2.4867863910157455	2081.440209280179
chr19	42780001	42800000	chr19	42780001	43100000	320000	20000	9.7109375	96.0%	0.035	2.578484658375069	0.035500000000000004	2.578484658375069	9.7109375	2486	2.3993786794834002	2456.963767791002
chr4	88190001	88210000	chr4	88020001	88210000	190000	20000	19.73684210526316	98.0%	0.0045	2.5737082137145006	0.006500000000000001	2.5737082137145006	19.736842105263158	3000	2.4140066304902565	1467.716031338076
chr13	44480001	44505000	chr13	44480001	44920000	440000	25000	9.64318181818182	96.0%	0.0485	2.55786127810254	0.0525	2.55786127810254	9.643181818181818	4243	2.8530816077400725	6276.779537028159
chr3	10750001	10780000	chr3	10750001	11060000	310000	30000	13.18279569892473	95.0%	0.0225	2.556624763523661	0.0235	2.556624763523661	13.182795698924732	4904	1.982855214092825	4425.732837855186
chr15	44205001	44225000	chr15	43865001	44225000	360000	20000	11.0625	96.0%	0.0285	2.554763703113159	0.0305	2.554763703113159	11.0625	3186	3.4583450933435107	3984.0135475317243
chr4	123390001	123410000	chr4	123390001	123615000	225000	20000	16.066666666666666	97.0%	0.027	2.545952020583301	0.031	2.545952020583301	16.066666666666666	2892	2.2086278633993324	1590.2120616475192
chr15	30655001	30680000	chr15	30655001	31150000	495000	25000	5.947474747474748	97.0%	0.039	2.5348345134349	0.042	2.5348345134349	5.947474747474748	2944	1.6762049481758379	4148.607246735199
chr17	18020001	18040000	chr17	17865001	18040000	175000	20000	18.15714285714286	96.0%	0.016	2.533970413397822	0.017	2.533970413397822	18.15714285714286	2542	2.187186719170025	1224.824562735214
chr11	65810001	65835000	chr11	65695001	65835000	140000	25000	24.664285714285715	98.0%	0.029	2.531631963689605	0.0315	2.531631963689605	24.664285714285715	3453	1.7641204190397575	1234.8842933278302
chr1	53860001	53885000	chr1	53860001	54100000	240000	25000	16.725	97.0%	0.022	2.529928694699687	0.024	2.529928694699687	16.725	4014	2.3051770190505065	2766.212422860608
chr11	12020001	12045000	chr11	11785001	12045000	260000	25000	15.919230769230769	97.0%	0.0225	2.5162877526074965	0.0235	2.5162877526074965	15.919230769230769	4139	1.9356634579726444	2516.3624953644376
chr8	120930001	120950000	chr8	120085001	120950000	865000	20000	5.690751445086705	97.0%	0.025	2.511950534384477	0.028	2.511950534384477	5.690751445086705	3938	2.949205276238584	8163.4002046284
chr12	54945001	54970000	chr12	54690001	54970000	280000	25000	14.91785714285714	98.0%	0.0275	2.511416812210153	0.029	2.5114168122101534	14.917857142857143	4177	2.991159855812939	4187.623798138115
chr4	186925001	186945000	chr4	186655001	186945000	290000	20000	12.163793103448276	97.0%	0.017	2.504316713097817	0.0175	2.5043167130978174	12.163793103448276	2822	2.0797783728972035	1930.0343300486047
chr14	61820001	61840000	chr14	61275001	61840000	565000	20000	7.982300884955753	96.0%	0.033	2.496858850634698	0.033	2.496858850634698	7.982300884955753	3608	3.62392149336229	6552.05005999902
chr1	63675001	63700000	chr1	63675001	64125000	450000	25000	9.62	95.0%	0.035	2.496455813094659	0.037000000000000005	2.496455813094659	9.62	4329	2.462454730527052	5540.523143685867
chr1	110190001	110210000	chr1	110190001	110500000	310000	20000	10.935483870967742	96.0%	0.0295	2.496253872020227	0.032	2.496253872020227	10.935483870967742	2712	2.460462966823923	2440.7792630893314
chr2	38500001	38520000	chr2	38110001	38520000	410000	20000	16.789634146341463	96.0%	0.0225	2.4905892494778765	0.024	2.4905892494778765	16.789634146341463	5507	3.2078009324056507	4208.634823316213
chr6	13330001	13350000	chr6	13330001	13620000	290000	20000	13.426724137931034	95.0%	0.0255	2.48755253957833	0.0275	2.48755253957833	13.426724137931034	3115	2.1176399126210517	1965.169838912336
chr20	48600001	48625000	chr20	47655001	48625000	970000	25000	4.010309278350515	95.0%	0.0465	2.486589219696648	0.047	2.486589219696648	4.010309278350515	3890	2.9583269025080488	14347.885477164036
chr10	71295001	71320000	chr10	71295001	71815000	520000	25000	6.975	95.0%	0.0315	2.4827870766663844	0.034	2.4827870766663844	6.975	3627	2.0531294294466584	5338.1365165613115
chr9	96200001	96225000	chr9	95740001	96225000	485000	25000	7.952577319587628	95.0%	0.032	2.478121641353825	0.035	2.478121641353825	7.952577319587629	3857	2.320859520478179	5628.084337159584
chr10	21270001	21290000	chr10	21270001	21690000	420000	20000	8.717261904761905	95.0%	0.027	2.477309959865991	0.0305	2.477309959865991	8.717261904761905	2929	1.9210290626088349	2581.863060146274
chr11	129320001	129340000	chr11	128955001	129340000	385000	20000	11.493506493506494	96.0%	0.032	2.47607736196352	0.036	2.4760773619635197	11.493506493506494	3540	2.5797256855371735	3178.222044581798
chr8	86345001	86365000	chr8	86035001	86365000	330000	20000	11.984848484848484	99.0%	0.049	2.475351205029793	0.052500000000000005	2.475351205029793	11.984848484848484	3164	2.9874244429952004	3154.7202118029318
chr6	142380001	142405000	chr6	142145001	142405000	260000	25000	15.957692307692309	95.0%	0.0135	2.4698151769559296	0.015	2.4698151769559296	15.957692307692307	4149	2.5871717823358966	3363.3233170366657
chr20	34310001	34330000	chr20	34310001	34515000	205000	20000	17.323170731707318	97.0%	0.027	2.463492407317045	0.031	2.4634924073170446	17.323170731707318	2841	2.3269880240436356	1526.504143772625
chr16	86510001	86535000	chr16	86010001	86535000	525000	25000	6.43047619047619	97.0%	0.05	2.462795460137587	0.054	2.462795460137587	6.430476190476191	3376	2.976918545984263	7814.411183208691
chr5	14995001	15020000	chr5	14670001	15020000	350000	25000	11.731428571428571	96.0%	0.0325	2.462263145055303	0.035	2.462263145055303	11.731428571428571	4106	2.6762187914421283	4683.382885023724
chr1	235065001	235085000	chr1	234555001	235085000	530000	20000	7.334905660377358	97.0%	0.0275	2.461314125201973	0.027	2.461314125201973	7.334905660377358	3110	2.663114015771048	4516.641370747697
chr8	37705001	37740000	chr8	37150001	37740000	590000	35000	7.15859564164649	97.0%	0.04	2.4594096443290416	0.0415	2.4594096443290416	7.158595641646489	5913	2.4915068756086107	14405.892754768987
chr3	45195001	45215000	chr3	45025001	45215000	190000	20000	18.24342105263158	97.0%	0.0215	2.4554965626831065	0.024	2.4554965626831065	18.24342105263158	2773	2.2782409008243896	1385.1704677012287
chr18	48470001	48490000	chr18	48470001	48670000	200000	20000	17.725	97.0%	0.025	2.4513967572931974	0.027	2.4513967572931974	17.725	2836	2.3617538117472185	1511.52243951822
chr7	7095001	7115000	chr7	7095001	7425000	330000	20000	11.890151515151516	97.0%	0.0315	2.4472382557708525	0.034	2.4472382557708525	11.890151515151516	3139	2.4081027041797523	2542.9564556138184
chr12	105360001	105390000	chr12	105045001	105390000	345000	30000	11.79951690821256	97.0%	0.034	2.4386190896920485	0.037	2.4386190896920485	11.79951690821256	4885	1.9389340555250911	4816.3121939243265
chr9	97595001	97615000	chr9	97385001	97615000	230000	20000	15.923913043478262	96.0%	0.028	2.4384158838581005	0.0305	2.4384158838581005	15.923913043478262	2930	2.3909101871943883	1759.7098977750697
chr3	70345001	70365000	chr3	70060001	70365000	305000	20000	13.75	95.0%	0.032	2.4363479825945578	0.034	2.4363479825945578	13.75	3355	2.758890652964864	2692.6772772937074
chr6	127525001	127550000	chr6	127265001	127550000	285000	25000	15.47719298245614	95.0%	0.023	2.4320268582069238	0.025	2.4320268582069233	15.47719298245614	4411	2.1031859058674818	2997.0399158611617
chr4	76060001	76085000	chr4	75890001	76085000	195000	25000	21.471794871794877	97.0%	0.009	2.431745685603558	0.009	2.431745685603558	21.47179487179487	4187	2.1857320747370057	2131.0887728685807
chr18	34865001	34885000	chr18	34865001	35150000	285000	20000	14.403508771929824	95.0%	0.033	2.4316018184411194	0.037	2.4316018184411194	14.403508771929825	3284	2.228758418285632	2032.6276774764965
chr13	23855001	23875000	chr13	23660001	23875000	215000	20000	14.709302325581396	97.0%	0.024	2.4254727353028147	0.027	2.4254727353028147	14.709302325581396	2530	2.0761754330423323	1428.4086979331246
chr8	108905001	108925000	chr8	108905001	109325000	420000	20000	10.892857142857142	97.0%	0.0485	2.4192394929812364	0.0535	2.4192394929812364	10.892857142857142	3660	3.1541559019027083	4239.18553215724
chr3	155310001	155330000	chr3	154765001	155330000	565000	20000	7.991150442477876	96.0%	0.023	2.415461099529002	0.024	2.415461099529002	7.991150442477876	3612	2.9651682401706623	5361.0241782285575
chr6	109175001	109200000	chr6	109175001	109535000	360000	25000	12.019444444444444	96.0%	0.0345	2.413959584535188	0.036500000000000005	2.413959584535188	12.019444444444444	4327	2.0935699784054598	3768.4259611298276
chr18	22970001	22990000	chr18	22795001	22990000	195000	20000	18.403846153846157	98.0%	0.032	2.409057569786712	0.035	2.4090575697867114	18.403846153846153	2871	2.2957476786374067	1432.5465514697419
chr15	43625001	43650000	chr15	43335001	43650000	315000	25000	7.482539682539683	96.0%	0.035	2.4072843071166825	0.039	2.4072843071166825	7.482539682539683	2357	1.1929280912988516	1878.8617437956912
chr17	19510001	19530000	chr17	19510001	19740000	230000	20000	14.326086956521738	95.0%	0.027	2.406938828352525	0.028	2.406938828352525	14.326086956521738	2636	2.232696895514877	1643.2649150989496
chr3	122665001	122685000	chr3	122380001	122685000	305000	20000	12.34016393442623	98.0%	0.045	2.4024249219828424	0.049	2.4024249219828424	12.34016393442623	3011	2.3555330050611603	2299.0002129396926
chr11	36250001	36270000	chr11	35470001	36270000	800000	20000	5.64375	97.0%	0.04	2.385903999559904	0.0435	2.3859039995599036	5.64375	3612	3.0228282401934385	7738.440294895203
chr1	169795001	169815000	chr1	169545001	169815000	270000	20000	14.648148148148149	98.0%	0.0289999999999999	2.382522753725849	0.0315	2.382522753725849	14.648148148148149	3164	2.8188507543437233	2435.487051752977
chr7	93800001	93825000	chr7	93800001	94315000	515000	25000	12.596116504854368	95.0%	0.033	2.3822305885978268	0.036	2.3822305885978268	12.596116504854368	6487	2.7456647801497263	7070.086808885545
chr7	86885001	86910000	chr7	86480001	86910000	430000	25000	10.204651162790698	96.0%	0.033	2.3797258131677927	0.035500000000000004	2.3797258131677927	10.204651162790698	4388	2.2374854224652143	4810.593658300211
chr2	186485001	186510000	chr2	186485001	186890000	405000	25000	12.4	95.0%	0.036	2.376039590235308	0.04	2.376039590235308	12.4	5022	2.2600782023231227	4576.658359704324
chr3	65775001	65795000	chr3	65775001	66200000	425000	20000	9.81470588235294	95.0%	0.027	2.374607574793108	0.029	2.374607574793108	9.814705882352941	3337	2.5089326099312577	3412.1483495065104
chr4	9095001	9125000	chr4	8940001	9125000	185000	30000	15.887387387387388	97.0%	0.005	2.3706739423063734	0.005	2.3706739423063734	15.887387387387387	3527	1.546777252523059	2060.3073003607146
chr8	23675001	23695000	chr8	23455001	23695000	240000	20000	16.385416666666668	97.0%	0.0144999999999999	2.3671364321736084	0.0165	2.3671364321736084	16.385416666666668	3146	2.6262491663227308	2016.959359735857
chr1	200615001	200635000	chr1	200615001	200860000	245000	20000	16.4234693877551	98.0%	0.044	2.363056307672931	0.045	2.363056307672931	16.4234693877551	3219	3.024404475229907	2371.133108580247
chr2	192150001	192170000	chr2	191600001	192170000	570000	20000	8.664473684210526	95.0%	0.034	2.3579692840219177	0.037	2.3579692840219177	8.664473684210526	3951	2.711824714614427	4946.368279456715
chr9	120750001	120770000	chr9	120750001	121070000	320000	20000	13.69921875	95.0%	0.0355	2.3519606183445	0.039	2.3519606183444997	13.69921875	3507	3.450485330306143	3533.2969782334903
chr2	237160001	237175000	chr2	237160001	237415000	255000	15000	16.516339869281044	98.0%	0.017	2.3512120013539954	0.018	2.3512120013539954	16.516339869281047	2527	2.8071545084897127	1288.4839193967782
chr11	74430001	74450000	chr11	74235001	74450000	215000	20000	18.098837209302324	96.0%	0.031	2.33940803860487	0.033	2.33940803860487	18.098837209302324	3113	1.9233659266663738	1323.2757575464652
chr5	146935001	146965000	chr5	146530001	146965000	435000	30000	11.266283524904216	96.0%	0.034	2.337648812203624	0.035	2.3376488122036236	11.266283524904214	5881	3.228306001566151	10111.054396905185
chr1	37670001	37690000	chr1	37440001	37690000	250000	20000	14.145	95.0%	0.0285	2.3337861554414467	0.0305	2.3337861554414467	14.145	2829	1.9016842457729768	1521.3473966183815
chr2	199980001	200000000	chr2	199980001	200515000	535000	20000	9.785046728971963	97.0%	0.037	2.3323574917682195	0.04	2.3323574917682195	9.785046728971963	4188	3.076553138455512	5267.058973035837
chr5	36400001	36430000	chr5	36400001	36695000	295000	30000	13.94915254237288	97.0%	0.027	2.331628807914385	0.03	2.331628807914385	13.94915254237288	4938	2.3133363574280703	4913.526423177222
chr7	22540001	22560000	chr7	22540001	23025000	485000	20000	8.70360824742268	95.0%	0.023	2.329250292875117	0.024	2.3292502928751175	8.70360824742268	3377	2.4884043671734197	3862.0035778531474
chr7	143225001	143245000	chr7	143225001	143425000	200000	20000	18.7875	97.0%	0.0075	2.3263174277361798	0.0085	2.3263174277361793	18.7875	3006	1.9568743606093624	1252.3995907899919
chr6	113980001	114000000	chr6	113980001	114315000	335000	20000	12.10820895522388	98.0%	0.027	2.3185234342269263	0.028	2.3185234342269263	12.10820895522388	3245	2.301456872572398	2467.1617673976107
chr19	38230001	38245000	chr19	38230001	38405000	175000	15000	16.504761904761903	96.0%	0.018	2.3137535944170744	0.019	2.3137535944170744	16.504761904761907	1733	2.4525691416349837	772.5592796150198
chr3	30030001	30050000	chr3	30030001	30745000	715000	20000	7.04020979020979	95.0%	0.036	2.3133386559264086	0.039	2.3133386559264086	7.04020979020979	4027	3.2902284363089134	7528.042662274794
chr13	34065001	34085000	chr13	33790001	34085000	295000	20000	12.73728813559322	95.0%	0.044	2.3053596220080808	0.045	2.3053596220080808	12.73728813559322	3006	2.5566017272048733	2413.4320304814005
chr8	89970001	89990000	chr8	89720001	89990000	270000	20000	14.63888888888889	96.0%	0.0289999999999999	2.302440143347141	0.031	2.302440143347141	14.63888888888889	3162	2.389223462192013	2064.2890713338993
chr4	87825001	87845000	chr4	87265001	87845000	580000	20000	8.355603448275861	95.0%	0.022	2.301602392022826	0.0235	2.301602392022826	8.355603448275861	3877	2.3341945611038257	4332.265105408701
chr14	75305001	75325000	chr14	75305001	75560000	255000	20000	14.31372549019608	95.0%	0.032	2.299405318615857	0.036	2.299405318615857	14.313725490196079	2920	2.6149065900202797	2133.7637774565483
chr2	134105001	134130000	chr2	134105001	134495000	390000	25000	9.543589743589743	98.0%	0.0205	2.298491620184574	0.021	2.298491620184574	9.543589743589743	3722	1.8648447421154173	3636.4472471250638
chr1	179355001	179375000	chr1	179055001	179375000	320000	20000	11.1328125	96.0%	0.022	2.2977660159939592	0.024	2.2977660159939592	11.1328125	2850	2.3817389834905653	2438.900719094339
chr2	231400001	231435000	chr2	230820001	231435000	615000	35000	7.185830429732869	95.0%	0.018	2.296433967077339	0.018	2.296433967077339	7.185830429732869	6187	1.6724683139317682	10079.966528066767
chr21	38330001	38355000	chr21	38145001	38355000	210000	25000	17.41904761904762	95.0%	0.0325	2.2882877402285065	0.034	2.2882877402285065	17.419047619047618	3658	3.5522351375943626	3729.8468944740807
chr18	41360001	41390000	chr18	40855001	41390000	535000	30000	8.121495327102805	97.0%	0.038	2.2871707617229364	0.043	2.2871707617229364	8.121495327102803	5214	2.348078182011555	9044.797157108509
chr7	142985001	143005000	chr7	142590001	143005000	415000	20000	10.36144578313253	96.0%	0.032	2.273376941123315	0.034	2.273376941123315	10.36144578313253	3440	2.1261115596648024	2823.4761512348578
chr2	62790001	62820000	chr2	62790001	63400000	610000	30000	10.688524590163937	96.0%	0.035	2.2730589132010435	0.036000000000000004	2.2730589132010435	10.688524590163935	7824	2.3718554652575174	10417.189203411017
chr15	79025001	79045000	chr15	79025001	79210000	185000	20000	18.16891891891892	96.0%	0.027	2.2689237653600745	0.031	2.2689237653600745	18.16891891891892	2689	2.7154779388348027	1607.5629397902032
chr22	39320001	39350000	chr22	39320001	39520000	200000	30000	15.504166666666668	96.0%	0.0455	2.2683637650808786	0.051000000000000004	2.2683637650808786	15.504166666666666	3721	2.1287174599780863	3065.353142368444
chr11	59790001	59810000	chr11	59525001	59810000	285000	20000	14.232456140350877	96.0%	0.021	2.264589894080522	0.023	2.264589894080522	14.232456140350877	3245	1.904804609114229	1737.1818035121769
chr14	96095001	96120000	chr14	96095001	96285000	190000	25000	18.3	95.0%	0.033	2.2615833778378	0.037	2.2615833778377996	18.3	3477	2.7236825866514374	2587.4984573188653
chr1	18590001	18610000	chr1	18590001	18880000	290000	20000	11.366379310344827	96.0%	0.034	2.260771708914786	0.035500000000000004	2.260771708914786	11.366379310344827	2637	2.0433883132171733	1896.2643546655368
chr5	115565001	115585000	chr5	115195001	115585000	390000	20000	12.862179487179487	95.0%	0.0345	2.253166820120088	0.0385	2.253166820120088	12.862179487179487	4013	3.441863939564038	4295.446196575919
chr5	126345001	126365000	chr5	126345001	126650000	305000	20000	15.311475409836063	96.0%	0.026	2.2531098125607376	0.027	2.2531098125607376	15.311475409836065	3736	3.132970698501203	3057.779401737174
chr11	17050001	17070000	chr11	16780001	17070000	290000	20000	12.879310344827584	96.0%	0.03	2.2481426176192785	0.0315	2.2481426176192785	12.879310344827585	2988	2.1408007018559347	1986.6630513223076
chr10	113375001	113395000	chr10	112510001	113395000	885000	20000	5.47457627118644	97.0%	0.033	2.246382677102727	0.033	2.246382677102727	5.47457627118644	3876	3.0264236479749176	8570.831771064966
chr14	31335001	31360000	chr14	30880001	31360000	480000	25000	8.14375	95.0%	0.043	2.245460548919334	0.046	2.245460548919334	8.14375	3909	2.5753747882012137	6180.899491682912
chr20	40935001	40955000	chr20	40695001	40955000	260000	20000	13.04326923076923	98.0%	0.0255	2.2425310732579287	0.0265	2.2425310732579287	13.04326923076923	2713	2.344589953348358	1950.6988411858338
chr9	72275001	72295000	chr9	72275001	72820000	545000	20000	8.096330275229358	95.0%	0.036	2.238509637941569	0.04	2.2385096379415694	8.096330275229358	3530	4.009256512046191	6992.143357008557
chr1	248605001	248625000	chr1	248605001	248815000	210000	20000	15.946428571428571	95.0%	0.0215	2.233584102951564	0.0235	2.2335841029515637	15.946428571428571	2679	1.807904351411592	1214.9117241485899
chr2	46350001	46375000	chr2	46000001	46375000	375000	25000	16.789333333333335	99.0%	0.036	2.232128724251563	0.04	2.232128724251563	16.78933333333333	6296	3.2369839448679456	6069.344896627398
chr4	22685001	22705000	chr4	22320001	22705000	385000	20000	11.01948051948052	96.0%	0.034	2.223929895064166	0.036	2.223929895064166	11.019480519480519	3394	2.4388134313655527	3004.618147442361
chr18	58310001	58330000	chr18	58085001	58330000	245000	20000	13.301020408163266	97.0%	0.027	2.2229491685717964	0.03	2.2229491685717964	13.301020408163266	2607	1.9562576728336243	1533.7060155015615
chr8	52720001	52740000	chr8	52720001	52970000	250000	20000	13.65	98.0%	0.0315	2.219101323853733	0.034	2.219101323853733	13.65	2730	1.9712859978677852	1577.0287982942282
chr2	11400001	11430000	chr2	11155001	11430000	275000	30000	15.566666666666668	97.0%	0.009	2.213313295027953	0.009	2.213313295027953	15.566666666666666	5137	2.113508646268938	4184.747119612497
chr17	28755001	28780000	chr17	28755001	28935000	180000	25000	20.372222222222224	95.0%	0.032	2.2092277697974576	0.036	2.2092277697974576	20.372222222222224	3667	2.1074160877595167	1896.674478983565
chr2	200685001	200705000	chr2	200480001	200705000	225000	20000	18.622222222222224	96.0%	0.032	2.203583642478361	0.035	2.203583642478361	18.622222222222224	3352	1.9739407568064513	1421.237344900645
chr12	9030001	9050000	chr12	8645001	9050000	405000	20000	10.145061728395062	95.0%	0.026	2.2008084789755182	0.028	2.2008084789755182	10.145061728395062	3287	2.2200246746088546	2877.1519782930754
chr8	38690001	38710000	chr8	38415001	38710000	295000	20000	13.932203389830509	95.0%	0.033	2.1973242124797783	0.037	2.1973242124797783	13.932203389830509	3288	2.2790598798719315	2151.4325265991033
chr12	46650001	46675000	chr12	46115001	46675000	560000	25000	8.3625	97.0%	0.0435	2.1941642635201686	0.0455	2.1941642635201686	8.3625	4683	2.85749585028896	8000.988380809087
chr10	18200001	18220000	chr10	17840001	18220000	380000	20000	11.19078947368421	97.0%	0.028	2.191650132018583	0.03	2.191650132018583	11.19078947368421	3402	2.9785632805574283	3621.932949157833
chr17	64125001	64145000	chr17	63900001	64145000	245000	20000	13.535714285714286	97.0%	0.033	2.18407935277936	0.034	2.18407935277936	13.535714285714286	2653	2.3670365219635663	1855.756633219436
chr3	69280001	69310000	chr3	69145001	69310000	165000	30000	25.075757575757574	96.0%	0.04	2.182517173691715	0.045	2.182517173691715	25.075757575757574	4965	2.2777327970132033	2705.9465628516855
chr17	67370001	67395000	chr17	67370001	67695000	325000	25000	10.615384615384617	95.0%	0.046	2.179951290031165	0.048	2.179951290031165	10.615384615384615	3450	2.299423161259515	3736.5626370467116
chr19	12970001	12990000	chr19	12970001	13100000	130000	20000	19.96153846153846	98.0%	0.0265	2.175419322066578	0.03	2.175419322066578	19.96153846153846	2076	2.3150410274407114	963.057067415336
chr7	123855001	123880000	chr7	123555001	123880000	325000	25000	13.436923076923076	95.0%	0.024	2.170894856053118	0.025	2.170894856053118	13.436923076923076	4367	2.284892255333253	3712.9499149165363
chr2	190775001	190795000	chr2	190775001	191035000	260000	20000	16.23076923076923	98.0%	0.0335	2.1697580698503383	0.037	2.1697580698503383	16.23076923076923	3376	2.4350124158312627	2025.9303299716105
chr13	92170001	92195000	chr13	92170001	92740000	570000	25000	7.210526315789474	95.0%	0.0355	2.16417790349806	0.037000000000000005	2.16417790349806	7.2105263157894735	4110	2.6673721659076963	7602.010672836935
chr22	30085001	30120000	chr22	30085001	30385000	300000	35000	11.911904761904765	96.0%	0.03	2.159297093717093	0.0325	2.159297093717093	11.911904761904761	5003	3.2451117719655533	9540.628609578727
chr6	138790001	138815000	chr6	138790001	139350000	560000	25000	8.12857142857143	97.0%	0.035	2.157122767043945	0.037000000000000005	2.1571227670439455	8.128571428571428	4552	2.100078627831355	5880.2201579277935
chr7	39735001	39755000	chr7	39570001	39755000	185000	20000	18.905405405405407	98.0%	0.037	2.1498885614779266	0.041	2.1498885614779266	18.905405405405407	2798	2.4442038008587823	1446.968650108399
chr1	219565001	219585000	chr1	219565001	219820000	255000	20000	13.848039215686274	95.0%	0.039	2.1425292516081527	0.042	2.1425292516081527	13.848039215686274	2825	2.407180949891577	1964.2596551115266
chr1	40395001	40415000	chr1	40135001	40415000	280000	20000	13.459821428571429	95.0%	0.0395	2.1404961239142373	0.0415	2.1404961239142373	13.459821428571429	3015	2.1066569697037587	1887.5646448545676
chr4	40290001	40315000	chr4	40065001	40315000	250000	25000	16.208000000000002	97.0%	0.03	2.1217034889297355	0.032	2.1217034889297355	16.208	4052	2.0518528456789165	2564.8160570986456
chr14	73490001	73520000	chr14	73490001	73695000	205000	30000	15.901709401709402	96.0%	0.027	2.115940360387796	0.028	2.1159403603877958	15.126016260162602	3721	1.7058924546353016	2517.897263041705
chr4	152625001	152645000	chr4	152395001	152645000	250000	20000	16.51	98.0%	0.0115	2.114133961472001	0.012	2.114133961472001	16.51	3302	2.216591805181038	1773.2734441448304
chr13	96955001	96980000	chr13	95630001	96980000	1350000	25000	3.756296296296296	95.0%	0.047	2.10277006332432	0.049	2.1027700633243196	3.7562962962962962	5071	3.296527021097697	22251.557392409457
chr10	93660001	93685000	chr10	93505001	93685000	180000	25000	21.577777777777776	96.0%	0.032	2.097457749989985	0.035	2.097457749989985	21.57777777777778	3884	2.0545100498433073	1849.0590448589764
chr4	48075001	48095000	chr4	47660001	48095000	435000	20000	9.741379310344827	96.0%	0.027	2.0956371209762485	0.027	2.0956371209762485	9.741379310344827	3390	1.9027568463410842	2648.637530106789
chr14	55410001	55430000	chr14	55200001	55430000	230000	20000	16.032608695652176	95.0%	0.0419999999999999	2.0925476315739746	0.0445	2.0925476315739746	16.032608695652176	2950	2.4013853449464877	1767.4196138806149
chr14	59425001	59445000	chr14	59025001	59445000	420000	20000	10.860119047619047	95.0%	0.033	2.0911364595652087	0.033	2.0911364595652087	10.860119047619047	3649	3.8799446528441917	5214.645613422594
chr12	27920001	27950000	chr12	27720001	27950000	230000	30000	17.275362318840582	95.0%	0.031	2.090572363493202	0.0315	2.090572363493202	17.27536231884058	4768	2.153167117673876	3565.644746867938
chr13	33710001	33730000	chr13	33460001	33730000	270000	20000	13.35648148148148	97.0%	0.048	2.086911779145596	0.051000000000000004	2.0869117791455953	13.356481481481481	2885	2.182725518200503	1885.8748477252348
chr7	113155001	113190000	chr7	113155001	113630000	475000	35000	14.069172932330828	95.0%	0.024	2.086127595880587	0.024	2.086127595880587	14.069172932330828	9356	2.253112744564726	10488.2398259488
chr14	67415001	67435000	chr14	67415001	67705000	290000	20000	11.948275862068966	96.0%	0.0305	2.082607416144584	0.0315	2.082607416144584	11.948275862068966	2772	2.169499319202788	2013.295368220187
chr19	32555001	32580000	chr19	32275001	32580000	305000	25000	10.481967213114752	95.0%	0.048	2.082462224121808	0.05	2.0824622241218074	10.481967213114753	3197	2.6337811410666623	4016.51624012666
chr9	113445001	113465000	chr9	113445001	113665000	220000	20000	16.09090909090909	95.0%	0.0255	2.070265212259363	0.028999999999999998	2.070265212259363	16.09090909090909	2832	2.9184808629299654	2054.6105275026957
chr1	175135001	175160000	chr1	175135001	175490000	355000	25000	11.11549295774648	95.0%	0.036	2.069322327519439	0.04	2.069322327519439	11.11549295774648	3946	2.456580844352384	4360.430998725482
chr8	25165001	25185000	chr8	25165001	25490000	325000	20000	9.946153846153846	96.0%	0.036	2.067263164812879	0.04	2.067263164812879	9.946153846153846	2586	2.011519832063279	2091.98062534581
chr4	84960001	84980000	chr4	84480001	84980000	500000	20000	7.885	95.0%	0.0279999999999999	2.065051675940844	0.0295	2.065051675940844	7.885	3154	2.4275683076412147	3884.109292225943
chr5	150545001	150570000	chr5	150545001	150850000	305000	25000	12.18360655737705	96.0%	0.027	2.0636978728058075	0.03	2.0636978728058075	12.183606557377049	3716	1.9277471570941802	2939.8144145686247
chr4	119030001	119050000	chr4	119030001	119300000	270000	20000	17.305555555555557	97.0%	0.016	2.0589568395633027	0.0165	2.0589568395633027	17.305555555555557	3738	3.1348881019554913	2708.5433200895445
chr8	100145001	100165000	chr8	100145001	100510000	365000	20000	10.400684931506849	95.0%	0.032	2.0561677847687645	0.033	2.0561677847687645	10.400684931506849	3037	1.8629369368254274	2175.9103422120993
chr2	18360001	18380000	chr2	18135001	18380000	245000	20000	16.193877551020407	98.0%	0.029	2.0525584049388894	0.03	2.0525584049388894	16.193877551020407	3174	1.9368861069258214	1518.518707829844
chr3	37440001	37465000	chr3	37440001	37815000	375000	25000	11.272	96.0%	0.027	2.049112177818891	0.028	2.049112177818891	11.272	4227	2.498912131354663	4685.460246289993
chr2	20625001	20640000	chr2	20345001	20640000	295000	15000	12.909604519774012	95.0%	0.033	2.043963466677253	0.034	2.0439634666772535	12.909604519774012	2285	2.291155720431188	1216.6036875489608
chr6	144925001	144945000	chr6	144575001	144945000	370000	20000	12.219594594594597	96.0%	0.025	2.039096078813137	0.026	2.039096078813137	12.219594594594595	3617	2.7558695796547354	3262.949582311207
chr3	193020001	193045000	chr3	192815001	193045000	230000	25000	17.295652173913044	96.0%	0.0075	2.034000303307497	0.0085	2.034000303307497	17.295652173913044	3978	2.241606572741806	2577.8475586530767
chr18	23400001	23425000	chr18	22800001	23425000	625000	25000	6.3984000000000005	95.0%	0.036	2.0305768164123874	0.038	2.0305768164123874	6.3984	3999	2.531597522434399	7911.242257607497
chr6	122710001	122730000	chr6	122480001	122730000	250000	20000	17.45	95.0%	0.022	2.0295119453892907	0.024	2.0295119453892907	17.45	3490	2.245587489196131	1796.469991356905
chr11	114250001	114270000	chr11	113800001	114270000	470000	20000	8.837765957446809	95.0%	0.044	2.026016527881165	0.0455	2.026016527881165	8.837765957446809	3323	2.609967488684084	3925.3911029808623
chr18	3280001	3300000	chr18	3280001	3875000	595000	20000	7.682773109243698	95.0%	0.042	2.025593638343269	0.043	2.025593638343269	7.682773109243698	3657	2.9307470345411484	5580.142353766347
chr1	24810001	24840000	chr1	24540001	24840000	300000	30000	11.944444444444445	98.0%	0.0245	2.023664087010696	0.0265	2.023664087010696	11.944444444444445	4300	2.0927925105062637	4520.431822693529
chr12	8200001	8235000	chr12	7845001	8235000	390000	35000	12.256410256410255	96.0%	0.0255	2.0201444497539867	0.0275	2.0201444497539867	12.256410256410257	6692	1.403110199105206	5362.687180980097
chr5	168260001	168280000	chr5	168260001	168490000	230000	20000	15.043478260869565	98.0%	0.031	2.019905614168495	0.0345	2.019905614168495	15.043478260869565	2768	2.027897761491696	1492.5327524578884
chr8	66400001	66425000	chr8	66030001	66425000	395000	25000	10.627848101265824	98.0%	0.047	2.0172131737515184	0.052	2.0172131737515184	10.627848101265823	4198	2.208830440880944	4362.440120739864
chr3	190210001	190230000	chr3	190210001	190435000	225000	20000	16.805555555555557	97.0%	0.03	2.008839269235215	0.033	2.008839269235215	16.805555555555557	3025	2.2016758351117547	1585.2066012804632
chr7	24810001	24830000	chr7	24810001	25105000	295000	20000	13.046610169491526	97.0%	0.035	2.0068753206548178	0.039	2.0068753206548178	13.046610169491526	3079	2.883153833932011	2721.6972192318185
chr10	73875001	73895000	chr10	73875001	74115000	240000	20000	14.666666666666666	95.0%	0.0345	2.006595037201375	0.038	2.006595037201375	14.666666666666666	2816	1.9760200132409491	1517.583370169049
chr4	189220001	189240000	chr4	189220001	189935000	715000	20000	7.197552447552448	95.0%	0.026	2.0050575162655946	0.029	2.0050575162655946	7.1975524475524475	4117	1.9800975084250758	4530.463099276573
chr5	159145001	159165000	chr5	159145001	159455000	310000	20000	12.741935483870968	96.0%	0.026	2.0032735318180106	0.028999999999999998	2.0032735318180106	12.741935483870968	3160	1.9916959369080123	1975.7623694127483
chr3	159105001	159125000	chr3	158840001	159125000	285000	20000	14.614035087719298	95.0%	0.031	2.0029510088468867	0.033	2.0029510088468867	14.614035087719298	3332	2.072327277222605	1889.9624768270155
chr1	172435001	172460000	chr1	172435001	172680000	245000	25000	14.355102040816323	96.0%	0.036	2.002573923770095	0.038	2.002573923770095	14.355102040816327	3517	2.084464970254424	2553.4695885616693
chr11	44890001	44910000	chr11	44610001	44910000	300000	20000	12.15	95.0%	0.0195	1.9985120410733508	0.022	1.9985120410733508	12.15	2916	2.053597557373928	1971.4536550789708
chr12	117865001	117890000	chr12	117865001	118055000	190000	25000	18.54736842105263	96.0%	0.0365	1.9924998155426363	0.0405	1.9924998155426363	18.54736842105263	3524	1.9995771356538883	1899.5982788711938
chr16	87770001	87790000	chr16	87770001	87925000	155000	20000	19.016129032258064	97.0%	0.023	1.988005260844583	0.024	1.988005260844583	19.016129032258064	2358	2.1974172879218847	1089.918974809255
chr2	172700001	172715000	chr2	172465001	172715000	250000	15000	14.966666666666669	96.0%	0.023	1.9874319681876529	0.025500000000000002	1.9874319681876527	14.966666666666667	2245	2.166135016102491	974.760757246121
chr3	36680001	36700000	chr3	35990001	36700000	710000	20000	7.25	95.0%	0.0165	1.983858671422333	0.0175	1.983858671422333	7.25	4118	2.6557559312227466	6033.877475738081
chr1	51170001	51190000	chr1	50735001	51190000	455000	20000	9.285714285714286	95.0%	0.033	1.98250460447692	0.034	1.9825046044769201	9.285714285714286	3380	2.7154035429736236	3953.627558569596
chr14	22360001	22385000	chr14	22115001	22385000	270000	25000	15.177777777777775	95.0%	0.0315	1.9807265618854304	0.0345	1.9807265618854306	15.177777777777777	4098	2.607935145517025	3520.712446447984
chr6	33230001	33250000	chr6	33100001	33250000	150000	20000	23.891666666666666	97.0%	0.0295	1.9786873545744543	0.0335	1.9786873545744543	23.891666666666666	2867	1.6384871883599852	786.4738504127929
chr15	35275001	35300000	chr15	35275001	35560000	285000	25000	11.817543859649124	96.0%	0.04	1.9767732645434384	0.043	1.9767732645434382	11.817543859649122	3368	2.6556182360955964	3784.2559864362247
chr11	33660001	33685000	chr11	33345001	33685000	340000	25000	12.794117647058822	95.0%	0.024	1.9707974798901189	0.025	1.9707974798901187	12.794117647058824	4350	2.238884154452101	3806.1030625685717
chr12	32910001	32930000	chr12	32750001	32930000	180000	20000	19.49305555555556	96.0%	0.0305	1.9704446619337617	0.0325	1.9704446619337619	19.493055555555557	2807	2.018732577985641	1162.7899649197293
chr2	165005001	165025000	chr2	165005001	165315000	310000	20000	13.830645161290322	97.0%	0.033	1.968294435661177	0.035	1.968294435661177	13.830645161290322	3430	2.4350908375173757	2415.6101108172365
chr8	133425001	133455000	chr8	133115001	133455000	340000	30000	12.348039215686276	95.0%	0.0395	1.9682077914942664	0.043	1.9682077914942662	12.348039215686274	5038	2.2182755920099306	5430.33864924031
chr5	142875001	142900000	chr5	142645001	142900000	255000	25000	16.615686274509805	95.0%	0.033	1.968102825226804	0.036	1.9681028252268036	16.615686274509805	4237	2.790139628436148	3557.4280262560887
chr11	124660001	124680000	chr11	124660001	124845000	185000	20000	20.24324324324324	97.0%	0.007	1.9654120641595565	0.008	1.9654120641595563	20.243243243243242	2996	2.368262242937953	1402.0112478192682
chr10	99840001	99860000	chr10	99840001	100270000	430000	20000	10.046511627906977	95.0%	0.028	1.9512501771122	0.031	1.9512501771122002	10.046511627906977	3456	2.426931975071052	3339.4583976977674
chr7	94430001	94465000	chr7	94430001	95315000	885000	35000	5.623083131557707	96.0%	0.046	1.9462875326592488	0.046	1.9462875326592486	5.623083131557708	6967	3.1609156664964226	27414.621575523473
chr6	24685001	24705000	chr6	24485001	24705000	220000	20000	18.551136363636363	97.0%	0.0275	1.94440437489014	0.03	1.9444043748901396	18.551136363636363	3265	2.180601618865576	1535.1435396813654
chr2	64860001	64880000	chr2	64490001	64880000	390000	20000	15.977564102564102	98.0%	0.022	1.944367699035508	0.023	1.944367699035508	15.977564102564102	4985	3.9896385184983854	4979.068871085985
chr1	24385001	24405000	chr1	24080001	24405000	325000	20000	10.834615384615384	97.0%	0.038	1.9375993931870577	0.04	1.9375993931870579	10.834615384615384	2817	2.27956577511181	2370.7484061162827
chr1	224500001	224525000	chr1	224500001	224920000	420000	25000	9.826190476190476	97.0%	0.047	1.9333339492343848	0.05	1.9333339492343848	9.826190476190476	4127	2.485304869021464	5219.140224945074
chr5	154635001	154655000	chr5	154635001	155050000	415000	20000	8.63855421686747	95.0%	0.037	1.9118286416943304	0.039	1.9118286416943304	8.63855421686747	2868	2.104549096619818	2794.841200311118
chr11	12045001	12065000	chr11	12045001	12285000	240000	20000	16.302083333333332	97.0%	0.027	1.9112625578025275	0.031	1.9112625578025273	16.302083333333332	3130	2.5184918287097116	1934.2017244490585
chr15	80960001	80980000	chr15	80615001	80980000	365000	20000	9.702054794520548	95.0%	0.045	1.9085849947225395	0.047	1.9085849947225395	9.702054794520548	2833	2.4517973770477512	2863.6993363917736
chr11	129105001	129140000	chr11	129105001	129360000	255000	35000	16.42016806722689	95.0%	0.044	1.90750512208712	0.048	1.90750512208712	16.42016806722689	5862	2.4456941315205913	6111.789634669958
chr8	101285001	101310000	chr8	100565001	101310000	745000	25000	6.536912751677852	96.0%	0.031	1.906716570441988	0.032	1.9067165704419877	6.5369127516778525	4870	2.5819747324051185	9617.855878209066
chr7	47260001	47280000	chr7	47260001	47980000	720000	20000	6.112847222222222	96.0%	0.031	1.904214758571527	0.035	1.904214758571527	6.112847222222222	3521	2.3887633725917437	5503.710810451377
chr3	16030001	16055000	chr3	16030001	16255000	225000	25000	17.662222222222223	96.0%	0.032	1.903804865220394	0.036	1.903804865220394	17.662222222222223	3974	2.225651107680843	2503.8574961409486
chr13	100495001	100515000	chr13	100225001	100515000	290000	20000	14.08189655172414	97.0%	0.0265	1.903525032295324	0.028999999999999998	1.9035250322953239	14.081896551724139	3267	2.41497116176746	2241.093238120203
chr3	15100001	15120000	chr3	15100001	15415000	315000	20000	12.13095238095238	96.0%	0.027	1.8976142304424748	0.028	1.8976142304424748	12.130952380952381	3057	1.6692963850230533	1682.6507561032377
chr9	98840001	98865000	chr9	98840001	99150000	310000	25000	12.387096774193548	95.0%	0.041	1.891184208262672	0.0445	1.8911842082626718	12.387096774193548	3840	2.6602583889605205	4123.400502888807
chr9	91760001	91780000	chr9	91760001	92015000	255000	20000	13.980392156862743	95.0%	0.031	1.8911808396374523	0.034	1.8911808396374523	13.980392156862745	2852	2.121553239347909	1731.1874433078938
chr3	14455001	14475000	chr3	14175001	14475000	300000	20000	11.2375	96.0%	0.016	1.8881566756380463	0.0165	1.8881566756380466	11.2375	2697	1.8502267440682196	1776.2176743054908
chr2	85275001	85300000	chr2	84875001	85300000	425000	25000	10.362352941176471	95.0%	0.033	1.8863068170396085	0.035	1.8863068170396085	10.362352941176471	4404	2.108894043274252	4481.399841957786
chr5	59780001	59805000	chr5	59375001	59805000	430000	25000	9.97906976744186	96.0%	0.0325	1.880411832314531	0.036000000000000004	1.880411832314531	9.97906976744186	4291	2.2790399755950914	4899.935947529447
chr6	142150001	142170000	chr6	142150001	142475000	325000	20000	13.076923076923077	96.0%	0.027	1.8787783558847693	0.03	1.8787783558847693	13.076923076923077	3400	2.3752097361137925	2470.218125558344
chr11	45105001	45130000	chr11	45105001	45335000	230000	25000	13.691304347826089	95.0%	0.0335	1.8721987445481116	0.035500000000000004	1.8721987445481114	13.691304347826087	3149	2.072295517489189	2383.1398451125674
chr10	86885001	86905000	chr10	86680001	86905000	225000	20000	16.95	98.0%	0.035	1.8706625065380396	0.038	1.8706625065380393	16.95	3051	2.205188564351879	1587.735766333353
chr21	42095001	42120000	chr21	41780001	42120000	340000	25000	8.597058823529412	96.0%	0.0465	1.8680079063292607	0.048	1.8680079063292612	8.597058823529412	2923	2.1456609598230276	3647.623631699147
chr12	55605001	55625000	chr12	55075001	55625000	550000	20000	7.611363636363636	95.0%	0.0435	1.8661783645385883	0.047	1.8661783645385883	7.611363636363636	3349	2.7223222555669824	4791.287169797889
chr3	118870001	118900000	chr3	118870001	119120000	250000	30000	15.653333333333334	96.0%	0.0355	1.865383112150287	0.0375	1.865383112150287	15.653333333333334	4696	2.3855124519023128	4293.922413424163
chr8	118730001	118750000	chr8	118730001	119440000	710000	20000	7.019366197183099	95.0%	0.0495	1.8600341647157856	0.051000000000000004	1.8600341647157856	7.019366197183099	3987	2.922805576773726	6640.614270429905
chr10	11970001	11990000	chr10	11775001	11990000	215000	20000	17.441860465116278	96.0%	0.032	1.8591328031591692	0.034	1.8591328031591694	17.441860465116278	3000	2.303200207660254	1584.6017428702546
chr10	60415001	60435000	chr10	60105001	60435000	330000	20000	12.837121212121213	95.0%	0.037	1.8552000096607364	0.04	1.8552000096607364	12.837121212121213	3389	2.3278144621994943	2458.172072082666
chr1	27265001	27285000	chr1	27055001	27285000	230000	20000	16.391304347826086	96.0%	0.0485	1.854238272224834	0.052000000000000005	1.854238272224834	16.391304347826086	3016	2.145976717421633	1579.438864022322
chr1	117265001	117290000	chr1	117055001	117290000	235000	25000	15.33617021276596	95.0%	0.039	1.8541155017555735	0.039	1.8541155017555737	15.336170212765957	3604	2.2249593625130046	2614.3272509527806
chr20	25390001	25410000	chr20	25130001	25410000	280000	20000	10.6875	95.0%	0.031	1.8479803494093945	0.033	1.8479803494093943	10.6875	2394	1.815886477560619	1627.0342838943145
chr10	34670001	34685000	chr10	34670001	34990000	320000	15000	11.838541666666666	96.0%	0.0295	1.847596532051115	0.033	1.847596532051115	11.838541666666666	2273	2.2568840511377792	1299.9652134553608
chr9	94770001	94790000	chr9	94770001	95130000	360000	20000	10.697916666666666	95.0%	0.044	1.8397823608420143	0.0475	1.8397823608420143	10.697916666666666	3081	3.23907190828445	3731.4108383436865
chr9	19440001	19460000	chr9	19030001	19460000	430000	20000	9.76453488372093	95.0%	0.0475	1.8375842045534925	0.049	1.8375842045534923	9.76453488372093	3359	2.3953015644518683	3295.9349526857704
chr3	62860001	62885000	chr3	62860001	63195000	335000	25000	12.4	97.0%	0.034	1.836714241769441	0.038	1.8367142417694415	12.4	4154	2.4181719243440742	4050.437973276324
chr2	230785001	230805000	chr2	230605001	230805000	200000	20000	18.74375	95.0%	0.0155	1.836369452646761	0.017	1.836369452646761	18.74375	2999	1.7705734213439563	1133.166989660132
chr6	42050001	42085000	chr6	42050001	42235000	185000	35000	19.28185328185328	95.0%	0.004	1.8250790522828133	0.004	1.8250790522828133	19.28185328185328	4994	1.6544534385015388	2999.5240840032898
chr2	102580001	102615000	chr2	102420001	102615000	195000	35000	19.637362637362635	96.0%	0.014	1.815547585296004	0.015	1.8155475852960041	19.63736263736264	5361	1.824499033164269	3486.617652376918
chr3	17825001	17845000	chr3	17245001	17845000	600000	20000	7.722916666666666	95.0%	0.033	1.815533232213724	0.035	1.8155332322137239	7.722916666666666	3707	2.5791338440039997	4951.93698048768
chr16	67245001	67270000	chr16	67245001	67475000	230000	25000	14.943478260869565	95.0%	0.038	1.812606190479137	0.040999999999999995	1.812606190479137	14.943478260869565	3437	2.241383703729473	2577.5912592888935
chr7	83400001	83420000	chr7	83400001	83870000	470000	20000	9.837765957446807	96.0%	0.047	1.8079271483305213	0.0495	1.8079271483305213	9.837765957446809	3699	2.9789734794287415	4480.376113060827
chr12	124750001	124770000	chr12	124295001	124770000	475000	20000	8.005263157894737	95.0%	0.029	1.8036932636796923	0.03	1.8036932636796923	8.005263157894737	3042	1.9367184183973862	2943.811995964027
chr7	51340001	51370000	chr7	51150001	51370000	220000	30000	17.1969696969697	98.0%	0.0155	1.8026156012719932	0.017	1.8026156012719934	17.196969696969695	4540	2.0147291702877808	3191.3310057358444
chr1	22625001	22655000	chr1	22080001	22655000	575000	30000	6.428985507246377	95.0%	0.049	1.7994247864256523	0.052	1.7994247864256523	6.428985507246376	4436	1.8992491095429482	7862.8913135078055
chr1	36275001	36300000	chr1	36090001	36300000	210000	25000	17.371428571428574	95.0%	0.0209999999999999	1.7987616432331948	0.0235	1.7987616432331948	17.37142857142857	3648	1.8551022696527795	1947.8573831354183
chr16	69380001	69400000	chr16	69380001	69760000	380000	20000	8.615131578947368	95.0%	0.035	1.7945481779356736	0.037	1.7945481779356736	8.615131578947368	2619	3.0162251205250508	3667.7297465584616
chr9	115880001	115900000	chr9	115880001	116395000	515000	20000	8.861650485436893	95.0%	0.048	1.7940117876404214	0.053	1.7940117876404214	8.861650485436893	3651	3.372706892171468	5558.220958298579
chr10	84250001	84270000	chr10	84250001	84445000	195000	20000	15.602564102564102	97.0%	0.015	1.793758753727307	0.016	1.793758753727307	15.602564102564102	2434	1.685157001815574	1051.537969132918
chr6	47405001	47425000	chr6	47405001	47785000	380000	20000	10.157894736842104	95.0%	0.044	1.793532730711274	0.0455	1.793532730711274	10.157894736842104	3088	2.0768315582188457	2525.427174794116
chr1	161725001	161745000	chr1	161475001	161745000	270000	20000	12.791666666666666	95.0%	0.0205	1.7918332215383586	0.023	1.7918332215383586	12.791666666666666	2763	2.2053640952462357	1905.4345782927476
chr16	75370001	75390000	chr16	75195001	75390000	195000	20000	21.147435897435894	98.0%	0.021	1.7914538166140634	0.024	1.7914538166140634	21.147435897435898	3299	3.497818429753148	2182.638700165964
chr8	104750001	104770000	chr8	104455001	104770000	315000	20000	12.36904761904762	95.0%	0.032	1.789548318131449	0.034	1.789548318131449	12.369047619047619	3117	2.279814984838658	2298.0535047173676
chr1	58505001	58530000	chr1	58505001	58770000	265000	25000	14.996226415094338	96.0%	0.024	1.789257747617263	0.025	1.789257747617263	14.99622641509434	3974	2.479564553931959	3285.4230339598453
chr1	185805001	185825000	chr1	185805001	186220000	415000	20000	10.710843373493976	96.0%	0.039	1.7828061152425403	0.041	1.7828061152425403	10.710843373493976	3556	3.3682360300382252	4473.017447890763
chr15	100855001	100875000	chr15	100615001	100875000	260000	20000	14.23076923076923	95.0%	0.0375	1.7743670818828767	0.040999999999999995	1.7743670818828767	14.23076923076923	2960	3.3840290866494365	2815.512200092331
chr7	135270001	135290000	chr7	135270001	135725000	455000	20000	8.637362637362637	97.0%	0.045	1.7718114859907566	0.047	1.7718114859907566	8.637362637362637	3144	2.0511157339440333	2986.424508622513
chr9	110605001	110625000	chr9	110170001	110625000	455000	20000	8.763736263736265	96.0%	0.032	1.7710883888663742	0.034	1.7710883888663742	8.763736263736265	3190	2.7133661306094945	3950.661086167424
chr18	62415001	62440000	chr18	62415001	62655000	240000	25000	15.608333333333334	95.0%	0.0335	1.765849804781916	0.037	1.765849804781916	15.608333333333333	3746	1.893190219268303	2271.8282631219636
chr12	20915001	20945000	chr12	20645001	20945000	300000	30000	19.508333333333333	95.0%	0.0385	1.7638439959413783	0.0395	1.7638439959413783	19.508333333333333	7023	2.0047816758743604	4330.328419888619
chr10	17590001	17615000	chr10	17590001	17905000	315000	25000	11.365079365079364	98.0%	0.035	1.756837340170685	0.035	1.756837340170685	11.365079365079366	3580	2.013451646671769	3171.1863435080363
chr1	230625001	230650000	chr1	230625001	230785000	160000	25000	22.64375	98.0%	0.031	1.754251583642177	0.034	1.754251583642177	22.64375	3623	2.3270985327539555	1861.6788262031644
chr3	148955001	148975000	chr3	148955001	149340000	385000	20000	11.795454545454543	95.0%	0.037	1.7469488031090572	0.04	1.7469488031090572	11.795454545454545	3633	2.0750528466914577	2556.465107123876
chr5	113590001	113610000	chr5	112980001	113610000	630000	20000	7.386904761904762	95.0%	0.0405	1.7454592024394746	0.040999999999999995	1.7454592024394746	7.386904761904762	3723	2.451010930902329	4941.238036699096
chr10	60095001	60120000	chr10	60095001	60310000	215000	25000	17.98139534883721	95.0%	0.031	1.7450357285518676	0.033	1.7450357285518676	17.98139534883721	3866	2.1913941711787444	2355.74873401715
chr18	47735001	47755000	chr18	47045001	47755000	710000	20000	5.834507042253521	95.0%	0.0495	1.7431835493951349	0.054	1.7431835493951349	5.834507042253521	3314	2.936836902579152	6672.493442659833
chr1	214565001	214590000	chr1	214325001	214590000	265000	25000	17.554716981132074	98.0%	0.032	1.7410729865681709	0.032	1.7410729865681709	17.554716981132074	4652	3.242763222492087	4296.661269802015
chr1	113040001	113060000	chr1	112715001	113060000	345000	20000	11.021739130434783	95.0%	0.016	1.740524844194434	0.017	1.7405248441944339	11.021739130434783	3042	2.4538388708832946	2709.038113455157
chr10	89250001	89270000	chr10	89250001	89420000	170000	20000	20.28676470588235	99.0%	0.034	1.7373091968287186	0.038	1.7373091968287186	20.28676470588235	2759	2.25901442831535	1228.9038490035505
chr11	61375001	61395000	chr11	61125001	61395000	270000	20000	17.528301886792452	96.0%	0.037	1.7299666141726942	0.041499999999999995	1.7299666141726942	17.203703703703702	3716	1.4342067282661022	1239.1546132219123
chr4	147840001	147870000	chr4	147610001	147870000	260000	30000	16.506410256410255	97.0%	0.027	1.729123822253139	0.0295	1.7291238222531393	16.506410256410255	5150	2.130569973875084	3988.4269910941575
chr7	6305001	6330000	chr7	6110001	6330000	220000	25000	15.545454545454549	97.0%	0.0335	1.7281577780367552	0.036000000000000004	1.7281577780367552	15.545454545454545	3420	1.8381377602194044	2021.951536241345
chr13	79405001	79425000	chr13	79405001	79640000	235000	20000	17.175531914893618	96.0%	0.031	1.7280892275026103	0.035	1.7280892275026103	17.175531914893618	3229	2.681321846092674	2016.354028261691
chr3	69400001	69435000	chr3	69100001	69435000	335000	35000	12.422174840085288	96.0%	0.046	1.7274847825544384	0.049	1.7274847825544384	12.422174840085288	5826	1.9239471975664921	6316.318649610794
chr6	109060001	109080000	chr6	108770001	109080000	310000	20000	12.818548387096774	96.0%	0.039	1.7271673464882196	0.042499999999999996	1.7271673464882196	12.818548387096774	3179	1.8829143349747757	1867.8510202949774
chr8	61010001	61030000	chr8	60610001	61030000	420000	20000	10.547619047619047	96.0%	0.0285	1.7265661982862863	0.031	1.7265661982862863	10.547619047619047	3544	2.825060030370715	3796.8806808182408
chr3	42955001	42975000	chr3	42955001	43540000	585000	20000	7.373931623931623	96.0%	0.035	1.722241085329143	0.036	1.722241085329143	7.3739316239316235	3451	2.2456629912442314	4203.881119609201
chr10	93495001	93515000	chr10	92880001	93515000	635000	20000	6.425196850393701	96.0%	0.026	1.7208254327273294	0.027	1.7208254327273294	6.425196850393701	3264	2.3638911264890408	4803.426769025731
chr2	42495001	42515000	chr2	42495001	42785000	290000	20000	20.185344827586206	97.0%	0.0345	1.7198841331443009	0.0375	1.7198841331443009	20.185344827586206	4683	2.6481150382272687	2457.4507554749052
chr6	129590001	129610000	chr6	129590001	129940000	350000	20000	13.664285714285716	97.0%	0.049	1.717940000894575	0.052	1.717940000894575	13.664285714285715	3826	2.566587891302863	2874.5784382592065
chr1	88865001	88885000	chr1	88615001	88885000	270000	20000	14.51851851851852	95.0%	0.0355	1.7173768967185448	0.039	1.7173768967185448	14.518518518518519	3136	2.254310001488576	1947.7238412861298
chr4	56785001	56805000	chr4	56550001	56805000	255000	20000	14.455882352941176	97.0%	0.031	1.7156877159329087	0.033	1.7156877159329087	14.455882352941176	2949	2.035445595172218	1660.9236056605298
chr1	8295001	8315000	chr1	7970001	8315000	345000	20000	12.41304347826087	97.0%	0.032	1.7025968516681258	0.033	1.7025968516681258	12.41304347826087	3426	3.273556015043696	3614.0058406082408
chr11	63470001	63495000	chr11	63470001	63745000	275000	25000	13.752727272727274	95.0%	0.031	1.701529078912836	0.034	1.701529078912836	13.752727272727272	3782	2.0111130187953936	2765.280400843666
chr7	137895001	137915000	chr7	137895001	138110000	215000	20000	17.46511627906977	96.0%	0.035	1.6945394973069046	0.039	1.6945394973069046	17.46511627906977	3004	2.1527902662445544	1481.1197031762536
chr4	20410001	20430000	chr4	20410001	20690000	280000	20000	13.348214285714286	96.0%	0.0435	1.6885125113496264	0.0465	1.6885125113496264	13.348214285714286	2990	2.4807785858802274	2222.777612948684
chr2	16470001	16495000	chr2	16185001	16495000	310000	25000	13.316129032258065	98.0%	0.0185	1.6830657085526357	0.02	1.6830657085526357	13.316129032258065	4128	1.8058802015648268	2799.1143124254813
chr17	40525001	40545000	chr17	40360001	40545000	185000	20000	19.22972972972973	98.0%	0.019	1.6824700868883462	0.022	1.6824700868883462	19.22972972972973	2846	2.6614817414624583	1575.5971909457753
chr8	42155001	42180000	chr8	42155001	42395000	240000	25000	15.829166666666666	96.0%	0.045	1.6808884194773146	0.0495	1.6808884194773146	15.829166666666667	3799	2.1305593913252863	2556.6712695903434
chr2	48085001	48105000	chr2	47760001	48105000	345000	20000	18.717391304347824	96.0%	0.042	1.6792123287499237	0.043	1.6792123287499237	18.717391304347824	5166	2.4638941024300856	2720.1390890828143
chr6	165845001	165870000	chr6	165395001	165870000	475000	25000	8.124210526315789	95.0%	0.032	1.676494555704474	0.034	1.6764945557044741	8.124210526315789	3859	2.036788818348621	4837.373443577974
chr17	19760001	19780000	chr17	19445001	19780000	335000	20000	10.50373134328358	95.0%	0.048	1.6757510826261648	0.053	1.6757510826261648	10.503731343283581	2815	2.858923115142598	3064.7655794328653
chr1	44585001	44605000	chr1	44165001	44605000	440000	20000	8.846590909090908	95.0%	0.025	1.669808811652421	0.0275	1.669808811652421	8.846590909090908	3114	2.508842982094293	3532.4509187887643
chr20	19680001	19705000	chr20	19680001	20025000	345000	25000	10.48695652173913	96.0%	0.031	1.6688356001636742	0.033	1.6688356001636742	10.486956521739131	3618	1.8754852122691235	3235.211991164238
chr2	54495001	54515000	chr2	54120001	54515000	395000	20000	15.167721518987342	97.0%	0.033	1.668612080155007	0.036	1.668612080155007	15.167721518987342	4793	2.1717407665152306	2745.0803288752513
chr19	2460001	2485000	chr19	2460001	2620000	160000	25000	16.2	97.0%	0.019	1.6678025472380402	0.0205	1.6678025472380402	16.2	2592	2.0977436699133745	1678.1949359306996
chr5	134290001	134315000	chr5	134290001	134750000	460000	25000	8.941304347826087	95.0%	0.0265	1.665510114946365	0.0295	1.665510114946365	8.941304347826087	4113	2.043481111149676	4700.006555644255
chr16	10710001	10730000	chr16	10505001	10730000	225000	20000	15.05	95.0%	0.05	1.664644420228801	0.054	1.6646444202288013	15.05	2709	2.4528018269262057	1766.0173153868682
chr14	70610001	70630000	chr14	70610001	70900000	290000	20000	14.189655172413794	97.0%	0.036	1.6634868861780996	0.0385	1.6634868861780996	14.189655172413794	3292	2.806598077978491	2604.5230163640394
chr2	158885001	158910000	chr2	158885001	159335000	450000	25000	9.64	95.0%	0.0415	1.6595995929820924	0.043	1.6595995929820924	9.64	4338	1.9361959262135287	4356.4408339804395
chr5	114440001	114460000	chr5	113615001	114460000	845000	20000	6.28698224852071	95.0%	0.04	1.6564877415323669	0.041	1.6564877415323669	6.28698224852071	4250	3.3634760375443205	9094.839205519842
chr1	182070001	182095000	chr1	182070001	182455000	385000	25000	10.558441558441558	96.0%	0.033	1.6548288571518324	0.036	1.6548288571518324	10.558441558441558	4065	2.691202755874044	5180.565305057535
chr11	70175001	70195000	chr11	69755001	70195000	440000	20000	7.948863636363637	95.0%	0.0375	1.6540389553391226	0.040999999999999995	1.6540389553391226	7.948863636363637	2798	1.7538081655326208	2469.36189706993
chr10	60020001	60040000	chr10	59815001	60040000	225000	20000	17.333333333333332	98.0%	0.042	1.6505787777453107	0.046	1.6505787777453107	17.333333333333332	3120	2.436646345325737	1754.3853686345308
chr4	48565001	48585000	chr4	48565001	48970000	405000	20000	10.549382716049385	97.0%	0.037	1.6492104402429857	0.041	1.6492104402429857	10.549382716049383	3418	2.575209968703964	3337.472119440337
chr16	19495001	19520000	chr16	19145001	19520000	375000	25000	10.216	96.0%	0.047	1.6481156984138403	0.052	1.6481156984138403	10.216	3831	2.260446493261457	4238.337174865232
chr12	50495001	50515000	chr12	50495001	50780000	285000	20000	13.157894736842104	95.0%	0.028	1.6473260817166324	0.029	1.6473260817166324	13.157894736842104	3000	2.4179318806904977	2205.1538751897338
chr1	226810001	226830000	chr1	226620001	226830000	210000	20000	17.166666666666668	97.0%	0.0225	1.6438048432435757	0.0245	1.6438048432435757	17.166666666666668	2884	2.149911018416126	1444.7402043756365
chr15	40035001	40055000	chr15	40035001	40320000	285000	20000	11.87719298245614	96.0%	0.033	1.6428630648844145	0.034	1.6428630648844145	11.87719298245614	2708	2.5174647744420513	2295.9278742911506
chr11	100670001	100695000	chr11	100670001	100950000	280000	25000	14.946428571428571	96.0%	0.0245	1.6423558330499712	0.0265	1.6423558330499712	14.946428571428571	4185	2.747874569189475	3847.024396865265
chr10	89545001	89575000	chr10	89215001	89575000	360000	30000	11.671296296296296	95.0%	0.0419999999999999	1.641403688066076	0.045	1.641403688066076	11.671296296296296	5042	2.2799862089485137	5909.724253594547
chr2	217770001	217790000	chr2	217770001	218095000	325000	20000	11.069230769230767	95.0%	0.026	1.6406024171141187	0.029	1.6406024171141187	11.069230769230769	2878	1.7976813901424002	1869.5886457480963
chr17	10825001	10855000	chr17	10730001	10855000	125000	30000	22.69333333333333	96.0%	0.035	1.613850625420798	0.035	1.613850625420798	22.69333333333333	3404	1.6494039402834748	1484.4635462551273
chr8	30655001	30680000	chr8	30655001	30870000	215000	25000	17.372093023255815	95.0%	0.027	1.6128234138068038	0.031	1.6128234138068038	17.372093023255815	3735	1.8288494169834892	1966.013123257251
chr1	204105001	204130000	chr1	203850001	204130000	280000	25000	13.646428571428572	96.0%	0.033	1.6093303012088462	0.036	1.6093303012088462	13.646428571428572	3821	2.4058429014439953	3368.180062021593
chr7	107115001	107150000	chr7	106825001	107150000	325000	35000	12.604395604395604	96.0%	0.047	1.6036049673268669	0.049	1.6036049673268669	12.604395604395604	5735	1.971201149802096	6278.275662119676
chr7	16975001	17000000	chr7	16975001	17715000	740000	25000	6.743243243243244	97.0%	0.033	1.6035526306300862	0.0345	1.6035526306300862	6.743243243243243	4990	3.3051861683042776	12229.188822725828
chr12	71735001	71760000	chr12	71115001	71760000	645000	25000	6.8930232558139535	95.0%	0.034	1.6023320218811612	0.037	1.6023320218811612	6.8930232558139535	4446	2.0886353904116595	6735.849134077602
chr3	32120001	32150000	chr3	31660001	32150000	490000	30000	8.97108843537415	95.0%	0.0335	1.5969984170711145	0.035500000000000004	1.5969984170711145	8.97108843537415	5275	1.6693205059372063	5889.362744946464
chr5	145680001	145705000	chr5	145680001	146115000	435000	25000	9.871264367816092	96.0%	0.033	1.5950138512081284	0.034	1.5950138512081284	9.871264367816092	4294	2.011979488697295	4376.055387916616
chr15	51365001	51395000	chr15	51150001	51395000	245000	30000	14.687074829931973	95.0%	0.038	1.593396884940195	0.042	1.593396884940195	14.687074829931973	4318	2.575546200237436	4543.263497218837
chr6	75515001	75535000	chr6	75240001	75535000	295000	20000	14.652542372881356	97.0%	0.031	1.5914157636640116	0.032	1.5914157636640116	14.652542372881356	3458	3.0596715388794555	2888.329932702206
chr5	149550001	149570000	chr5	149300001	149570000	270000	20000	13.814814814814817	97.0%	0.0289999999999999	1.5884679648173263	0.03	1.5884679648173263	13.814814814814815	2984	2.5771037148245	2226.617609608368
chr7	98010001	98030000	chr7	98010001	98265000	255000	20000	13.916666666666666	95.0%	0.044	1.5786032352328103	0.046	1.5786032352328103	13.916666666666666	2839	1.9934895583655088	1626.6874796262553
chr6	145200001	145225000	chr6	144565001	145225000	660000	25000	7.451515151515151	95.0%	0.0435	1.5768646765858816	0.0435	1.5768646765858816	7.451515151515151	4918	2.5504770212342796	8416.574170073123
chr7	93045001	93065000	chr7	92600001	93065000	465000	20000	8.438172043010752	95.0%	0.042	1.5752122832159872	0.043	1.5752122832159872	8.438172043010752	3139	2.5131880112356497	3739.6237607186467
chr6	122475001	122495000	chr6	122475001	122865000	390000	20000	11.03525641025641	96.0%	0.0325	1.571586822823424	0.036	1.571586822823424	11.03525641025641	3443	2.096306220177133	2616.190162781062
chr2	222965001	222985000	chr2	222965001	223845000	880000	20000	5.630681818181818	95.0%	0.023	1.571515624543601	0.0235	1.571515624543601	5.630681818181818	3964	2.312912600951502	6513.1618842794305
chr1	184805001	184825000	chr1	184805001	184985000	180000	20000	21.131944444444443	98.0%	0.035	1.5639132298410328	0.039	1.5639132298410328	21.131944444444443	3043	2.63158747651074	1515.7943864701863
chr2	118030001	118050000	chr2	118030001	118385000	355000	20000	11.725352112676056	96.0%	0.027	1.560269621264857	0.031	1.560269621264857	11.725352112676056	3330	1.8603512188383744	2113.3589846003933
chr5	148170001	148195000	chr5	148170001	148490000	320000	25000	12.921875	95.0%	0.032	1.5553225827451875	0.033	1.5553225827451875	12.921875	4135	2.1754067352126016	3480.650776340163
chr11	5790001	5810000	chr11	5290001	5810000	520000	20000	11.879807692307692	96.0%	0.017	1.5539989099104798	0.0195	1.5539989099104798	11.879807692307692	4942	3.662693824318523	6094.722523666022
chr6	7230001	7250000	chr6	6670001	7250000	580000	20000	6.767241379310345	96.0%	0.0275	1.5532707449275005	0.028	1.5532707449275003	6.767241379310345	3140	2.623900248447522	4869.958861118601
chr8	100830001	100855000	chr8	100830001	101265000	435000	25000	8.937931034482759	96.0%	0.033	1.5531929961552895	0.035	1.5531929961552895	8.937931034482759	3888	1.8075991048155249	3931.5280529737665
chr9	88980001	89005000	chr9	88590001	89005000	415000	25000	9.038554216867473	95.0%	0.05	1.5509158597435873	0.052	1.5509158597435873	9.03855421686747	3751	2.6230219322747867	5442.770509470182
chr20	51630001	51650000	chr20	51630001	52115000	485000	20000	7.801546391752577	95.0%	0.048	1.550402595385975	0.051	1.550402595385975	7.801546391752577	3027	2.7122028744092326	4209.338861083129
chr3	86760001	86785000	chr3	86760001	87350000	590000	25000	7.467796610169492	95.0%	0.038	1.5483990697743442	0.0395	1.5483990697743442	7.467796610169492	4406	2.1906397394623003	6462.387231413786
chr11	2180001	2205000	chr11	2180001	2425000	245000	25000	17.97959183673469	95.0%	0.016	1.5474979717148674	0.016	1.5474979717148674	17.979591836734695	4405	2.153849077133949	2638.4651194890876
chr1	40945001	40970000	chr1	40710001	40970000	260000	25000	13.861538461538462	96.0%	0.0305	1.5466845881949252	0.0325	1.5466845881949252	13.861538461538462	3604	2.0349828467533313	2645.4777007793305
chr20	20555001	20575000	chr20	20335001	20575000	240000	20000	13.802083333333334	97.0%	0.037	1.5438549218843205	0.0385	1.5438549218843203	13.802083333333334	2650	2.1757453573149284	1670.972434417865
chr6	26340001	26360000	chr6	26340001	26595000	255000	20000	16.598039215686274	98.0%	0.032	1.543460001611601	0.036	1.543460001611601	16.598039215686274	3386	2.3366755141007203	1906.7272195061878
chr8	119070001	119090000	chr8	119070001	119410000	340000	20000	11.908088235294118	97.0%	0.0435	1.541315766355332	0.045	1.541315766355332	11.908088235294118	3239	2.48365708828467	2702.218912053721
chr8	71825001	71845000	chr8	71825001	72180000	355000	20000	10.830985915492958	96.0%	0.041	1.5367768144354532	0.042	1.5367768144354532	10.830985915492958	3076	2.257471424677673	2564.487538433836
chr1	169535001	169560000	chr1	169360001	169560000	200000	25000	18.885	97.0%	0.031	1.5289670001237703	0.0345	1.5289670001237705	18.885	3777	2.1374576827971628	2137.4576827971628
chr1	231350001	231380000	chr1	231350001	231615000	265000	30000	16.238993710691826	95.0%	0.037	1.527130145884286	0.041	1.527130145884286	16.238993710691823	5164	2.842064536411513	5422.659135473167
chr1	36410001	36435000	chr1	36275001	36435000	160000	25000	20.43125	97.0%	0.0325	1.5270020843981045	0.035500000000000004	1.5270020843981045	20.43125	3269	1.36793254211946	1094.346033695568
chr6	61375001	61410000	chr6	61375001	61650000	275000	35000	13.416909620991254	96.0%	0.03	1.526324902786079	0.032	1.526324902786079	11.953246753246754	4602	0.8106671412324401	2184.747945621426
chr10	49500001	49525000	chr10	49135001	49525000	390000	25000	10.471794871794872	95.0%	0.045	1.5239147434754756	0.046	1.5239147434754756	10.471794871794872	4084	1.7784178110964466	3467.914731638071
chr11	7875001	7900000	chr11	7875001	8115000	240000	25000	21.53333333333333	95.0%	0.0305	1.5233101574511851	0.0325	1.5233101574511851	21.533333333333335	5168	2.229859468799828	2675.831362559794
chr11	123015001	123035000	chr11	122560001	123035000	475000	20000	8.794736842105262	96.0%	0.028	1.5176642934127087	0.03	1.5176642934127087	8.794736842105262	3342	2.237162451815909	3400.486926760181
chr2	85540001	85560000	chr2	85295001	85560000	265000	20000	16.06132075471698	95.0%	0.03	1.5158951502381082	0.031	1.5158951502381082	16.06132075471698	3405	2.0138463901727843	1707.7417388665212
chr2	73810001	73830000	chr2	73810001	74485000	675000	20000	6.472222222222222	95.0%	0.029	1.5154746924043097	0.03	1.5154746924043097	6.472222222222222	3495	2.1716130177614787	4690.684118364794
chr2	171400001	171425000	chr2	170925001	171425000	500000	25000	9.714	95.0%	0.034	1.512510161677146	0.036000000000000004	1.512510161677146	9.714	4857	2.440479474144269	6101.198685360672
chr7	35885001	35910000	chr7	35585001	35910000	325000	25000	12.458461538461538	96.0%	0.038	1.5100083366915362	0.041	1.5100083366915362	12.458461538461538	4049	2.0346849618154836	3306.363062950161
chr6	111985001	112010000	chr6	111705001	112010000	305000	25000	14.924590163934424	97.0%	0.024	1.50422992597188	0.027	1.50422992597188	14.924590163934425	4552	2.851304473196755	4348.239321625051
chr6	106330001	106350000	chr6	106330001	106865000	535000	20000	8.14018691588785	95.0%	0.02	1.497890654164386	0.022	1.497890654164386	8.14018691588785	3484	1.9536557016421408	3344.658561211345
chr4	121720001	121745000	chr4	121365001	121745000	380000	25000	11.557894736842105	97.0%	0.049	1.489909128686222	0.051000000000000004	1.489909128686222	11.557894736842105	4392	2.1716055435517454	4126.050532748316
chr8	8265001	8290000	chr8	8265001	8625000	360000	25000	10.602777777777778	97.0%	0.0405	1.4865934311634246	0.044	1.4865934311634246	10.602777777777778	3817	1.9283927672517307	3471.1069810531153
chr5	175415001	175445000	chr5	175180001	175445000	265000	30000	14.679245283018869	98.0%	0.037	1.4857271313199665	0.041	1.4857271313199663	14.679245283018869	4668	1.7295486596714091	3299.9788426530486
chr4	75280001	75300000	chr4	74835001	75300000	465000	20000	9.102150537634408	97.0%	0.032	1.4837794970156748	0.033	1.4837794970156748	9.102150537634408	3386	2.6258580979766193	3907.2768497892093
chr7	26345001	26365000	chr7	25865001	26365000	500000	20000	9.376262626262626	95.0%	0.0395	1.4826469501112316	0.043	1.4826469501112316	9.2825	3713	2.6015277735666835	4162.444437706694
chr6	97385001	97405000	chr6	97060001	97405000	345000	20000	11.981884057971014	96.0%	0.037	1.4826281621563304	0.04	1.4826281621563304	11.981884057971014	3307	2.7167296350070385	2999.2695170477705
chr12	49505001	49525000	chr12	49275001	49525000	250000	20000	15.755	98.0%	0.0385	1.476960678441412	0.0425	1.476960678441412	15.755	3151	2.2943240996806566	1835.4592797445252
chr3	40320001	40345000	chr3	40320001	40585000	265000	25000	14.290566037735848	96.0%	0.026	1.4758266086682388	0.029	1.4758266086682388	14.290566037735848	3787	1.676135465493307	2220.8794917786317
chr20	50180001	50195000	chr20	50180001	50475000	295000	15000	9.40677966101695	96.0%	0.041	1.470593944628641	0.043	1.470593944628641	9.40677966101695	1665	2.604500671760284	1382.9898567047107
chr19	17055001	17075000	chr19	17055001	17290000	235000	20000	12.25531914893617	95.0%	0.039	1.4684630886324608	0.041	1.4684630886324608	12.25531914893617	2304	1.949200818603927	1465.799015590153
chr3	122100001	122120000	chr3	122100001	122365000	265000	20000	15.34433962264151	95.0%	0.028	1.4681781720195108	0.032	1.4681781720195108	15.34433962264151	3253	2.0988509541095404	1779.8256090848904
chr4	81825001	81845000	chr4	81420001	81845000	425000	20000	10.841176470588236	97.0%	0.039	1.4620037026284725	0.041	1.4620037026284725	10.841176470588236	3686	2.4614471820161805	3347.5681675420055
chr20	59770001	59790000	chr20	59770001	59965000	195000	20000	16.307692307692307	95.0%	0.031	1.4602080832090825	0.035	1.4602080832090825	16.307692307692307	2544	1.7749145655809384	1107.5466889225056
chr6	129485001	129510000	chr6	129485001	129955000	470000	25000	9.72127659574468	97.0%	0.036	1.4506705272056528	0.039	1.4506705272056528	9.721276595744682	4569	2.066043290882555	4855.201733574004
chr4	15465001	15490000	chr4	15465001	15995000	530000	25000	7.939622641509433	95.0%	0.0424999999999999	1.4474339531012512	0.0445	1.4474339531012512	7.939622641509434	4208	1.9190691015806882	5085.533119188824
chr2	133875001	133895000	chr2	133875001	134500000	625000	20000	6.298	95.0%	0.04	1.4422394410157482	0.041	1.4422394410157482	6.298	3149	1.6365443778145952	3273.0887556291905
chr6	32570001	32590000	chr6	32305001	32590000	285000	20000	13.933035714285714	97.0%	0.025	1.4398457210907245	0.026	1.4398457210907243	13.68859649122807	3121	2.2501408935715963	2052.1284949372957
chr12	93735001	93760000	chr12	93495001	93760000	265000	25000	14.79245283018868	95.0%	0.039	1.4377171671237126	0.044	1.4377171671237126	14.79245283018868	3920	2.131403212545664	2824.1092566230045
chr5	141530001	141565000	chr5	141320001	141565000	245000	35000	16.784256559766764	97.0%	0.022	1.4371101266259352	0.024	1.4371101266259352	16.784256559766764	5757	1.9339159282002132	4643.332143608712
chr4	8390001	8410000	chr4	8235001	8410000	175000	20000	18.364285714285717	96.0%	0.024	1.435959411647229	0.027	1.435959411647229	18.364285714285714	2571	1.6024593254475537	897.37722225063
chr17	51755001	51785000	chr17	51755001	52110000	355000	30000	11.44131455399061	95.0%	0.038	1.435842182702328	0.042	1.435842182702328	11.44131455399061	4874	3.0571904712006144	7814.178844388771
chr11	94310001	94330000	chr11	94310001	94505000	195000	20000	16.71794871794872	95.0%	0.024	1.4328803184935248	0.024	1.4328803184935248	16.71794871794872	2608	2.193512141293426	1368.751576167098
chr4	42555001	42575000	chr4	42555001	42865000	310000	20000	12.137096774193548	97.0%	0.033	1.4270774521737684	0.036000000000000004	1.4270774521737684	12.137096774193548	3010	2.3263159844689274	2307.7054565931758
chr12	101405001	101425000	chr12	101405001	101800000	395000	20000	9.16139240506329	96.0%	0.046	1.4259621492599155	0.049	1.4259621492599157	9.16139240506329	2895	2.131119285348501	2693.734776680505
chr9	132790001	132810000	chr9	132395001	132810000	415000	20000	8.701807228915662	95.0%	0.048	1.4257342249170206	0.05	1.4257342249170206	8.701807228915662	2889	2.6540691864688215	3524.6038796305947
chr2	74870001	74905000	chr2	74675001	74905000	230000	35000	16.332298136645964	95.0%	0.049	1.4177900234965215	0.051000000000000004	1.4177900234965215	16.332298136645964	5259	1.8803091740591882	4238.21687832941
chr20	50735001	50760000	chr20	50575001	50760000	185000	25000	17.524324324324326	98.0%	0.027	1.4150724312729253	0.029	1.4150724312729253	17.524324324324326	3242	1.8569284255898137	1717.6587936705778
chr2	188525001	188545000	chr2	188525001	189355000	830000	20000	5.98644578313253	96.0%	0.048	1.4120430454348818	0.049	1.4120430454348818	5.98644578313253	3975	2.282926746755632	6063.453439382958
chr7	78015001	78040000	chr7	78015001	78255000	240000	25000	15.775	97.0%	0.0445	1.4105034716673217	0.049	1.4105034716673217	15.775	3786	1.9626839656304564	2355.2207587565476
chr17	50280001	50300000	chr17	50085001	50300000	215000	20000	16.656976744186046	97.0%	0.032	1.4100598499377603	0.035	1.4100598499377603	16.656976744186046	2865	2.195707309185186	1510.646628719408
chr8	120970001	120990000	chr8	120970001	121645000	675000	20000	6.833333333333333	97.0%	0.033	1.4061569162306609	0.037	1.4061569162306609	6.833333333333333	3690	2.6252296800634474	5670.496108937046
chr12	12970001	12990000	chr12	12720001	12990000	270000	20000	14.23148148148148	95.0%	0.0325	1.4053447602947895	0.036	1.4053447602947897	14.231481481481481	3074	1.693834727107005	1463.4732042204523
chr15	59165001	59185000	chr15	59165001	59500000	335000	20000	11.787313432835822	96.0%	0.045	1.3995951174615249	0.051	1.3995951174615247	11.787313432835822	3159	3.517525171569951	3770.7869839229875
chr9	120920001	120940000	chr9	120765001	120940000	175000	20000	20.107142857142858	97.0%	0.048	1.3913742733815406	0.053	1.3913742733815406	20.107142857142858	2815	2.467583842336855	1381.8469517086387
chr2	26130001	26155000	chr2	25940001	26155000	215000	25000	18.502325581395347	99.0%	0.045	1.3839660241779923	0.05	1.3839660241779925	18.50232558139535	3978	2.061481635267982	2216.0927579130807
chr6	55435001	55455000	chr6	55435001	56350000	915000	20000	5.724043715846994	96.0%	0.048	1.3771689548181805	0.052	1.3771689548181805	5.724043715846994	4190	2.9829020012576346	8733.937059682354
chr7	65720001	65745000	chr7	65720001	66020000	300000	25000	9.826666666666666	98.0%	0.0375	1.3648092926384312	0.04	1.3648092926384312	9.826666666666666	2948	1.3044802086263816	1956.7203129395723
chr1	47695001	47720000	chr1	47385001	47720000	335000	25000	11.659701492537312	96.0%	0.023	1.3633213057413267	0.025	1.3633213057413267	11.659701492537314	3906	2.609142436663083	4370.313581410664
chr17	2840001	2860000	chr17	2840001	3020000	180000	20000	16.291666666666668	96.0%	0.025	1.3619776405027546	0.027999999999999997	1.3619776405027546	16.291666666666668	2346	2.2746212753970476	1310.1818546286995
chr11	113720001	113745000	chr11	113455001	113745000	290000	25000	13.148275862068964	97.0%	0.0355	1.3589119743057958	0.035500000000000004	1.3589119743057958	13.148275862068965	3813	1.7550083285007052	2544.7620763260225
chr3	63175001	63195000	chr3	62710001	63195000	485000	20000	9.280927835051546	96.0%	0.028	1.358731250676038	0.03	1.358731250676038	9.280927835051546	3601	2.4952939624657016	3872.696229746769
chr19	54010001	54035000	chr19	53790001	54035000	245000	25000	11.987755102040817	95.0%	0.047	1.3584547346631148	0.05	1.3584547346631148	11.987755102040817	2937	2.493081708141291	3054.0250924730817
chr11	128875001	128895000	chr11	128875001	129365000	490000	20000	7.686224489795919	95.0%	0.037	1.3570783620425366	0.039	1.3570783620425366	7.686224489795919	3013	1.7303351321847467	2713.1654872656827
chr8	133215001	133235000	chr8	133215001	133400000	185000	20000	19.60810810810811	97.0%	0.033	1.353414162437562	0.036	1.353414162437562	19.60810810810811	2902	1.5689018099415541	928.7898714854
chr5	112535001	112565000	chr5	112535001	112930000	395000	30000	10.675105485232066	95.0%	0.041	1.3427660613162888	0.043	1.3427660613162888	10.675105485232068	5060	2.064840149914675	5872.405386357336
chr11	61620001	61645000	chr11	61445001	61645000	200000	25000	15.695	96.0%	0.018	1.3409404825787603	0.02	1.3409404825787603	15.695	3139	1.693256193348353	1693.256193348353
chr12	9745001	9765000	chr12	9745001	9935000	190000	20000	20.67763157894737	95.0%	0.045	1.3407172263967622	0.048	1.3407172263967622	20.67763157894737	3143	2.093732806757711	1272.9895465086884
chr16	8650001	8670000	chr16	8650001	8890000	240000	20000	13.244791666666666	95.0%	0.0305	1.3365712837539148	0.0315	1.3365712837539148	13.244791666666666	2543	2.1768246887808034	1671.801360983657
chr2	119005001	119040000	chr2	119005001	119305000	300000	35000	12.62857142857143	95.0%	0.03	1.3360327062937132	0.03	1.3360327062937132	12.628571428571428	5304	1.7362648667687763	5104.618708300202
chr3	171820001	171840000	chr3	171575001	171840000	265000	20000	14.995283018867925	96.0%	0.027	1.333095452880657	0.029	1.333095452880657	14.995283018867925	3179	1.816418174491356	1540.32261196867
chr6	82255001	82280000	chr6	82255001	82825000	570000	25000	7.471929824561404	95.0%	0.032	1.332423461927336	0.031	1.332423461927336	7.471929824561403	4259	2.1988198896048914	6266.63668537394
chr1	208230001	208250000	chr1	208025001	208250000	225000	20000	14.944444444444445	96.0%	0.029	1.3272971291049245	0.031	1.3272971291049245	14.944444444444445	2690	2.3871883287384885	1718.7755966917118
chr8	100560001	100590000	chr8	100560001	100820000	260000	30000	15.971153846153848	95.0%	0.038	1.3239539547436765	0.04	1.3239539547436763	15.971153846153847	4983	1.8432830158385434	3450.625805649753
chr1	108885001	108905000	chr1	108680001	108905000	225000	20000	17.316666666666666	97.0%	0.041	1.3195909913164632	0.045	1.3195909913164632	17.316666666666666	3117	2.310543596204948	1663.5913892675626
chr13	98410001	98430000	chr13	98035001	98430000	395000	20000	9.791139240506327	95.0%	0.04	1.3195438099203551	0.044	1.3195438099203551	9.791139240506329	3094	2.282581117804507	2885.182532904897
chr10	50625001	50655000	chr10	50325001	50655000	330000	30000	12.005050505050503	96.0%	0.043	1.318435910037121	0.0465	1.318435910037121	12.005050505050505	4754	1.6480686288600794	3915.8110621715487
chr3	139420001	139440000	chr3	139420001	139670000	250000	20000	15.255	96.0%	0.0289999999999999	1.317798551345123	0.033	1.317798551345123	15.255	3051	2.001398679386784	1601.1189435094273
chr14	59960001	59980000	chr14	59960001	60210000	250000	20000	13.76	95.0%	0.034	1.3171648858276903	0.0375	1.3171648858276903	13.76	2752	2.380223219270158	1904.1785754161265
chr2	177330001	177350000	chr2	177330001	177765000	435000	20000	10.577586206896552	95.0%	0.037	1.3146669881327382	0.04	1.3146669881327382	10.577586206896552	3681	2.168590621565076	3018.6781452185855
chr6	30220001	30240000	chr6	30220001	30400000	180000	20000	21.01388888888889	98.0%	0.03	1.314324307145231	0.0335	1.314324307145231	21.01388888888889	3026	2.006312943274073	1155.636255325866
chr4	7975001	7995000	chr4	7790001	7995000	205000	20000	14.96341463414634	97.0%	0.037	1.3132122010172766	0.041	1.3132122010172766	14.963414634146341	2454	1.8829774531895038	1235.2332092923145
chr13	90855001	90875000	chr13	90435001	90875000	440000	20000	8.838068181818182	98.0%	0.0315	1.3109724125422542	0.0335	1.3109724125422542	8.838068181818182	3111	2.6264086313951007	3697.983353004302
chr7	38095001	38115000	chr7	38095001	38375000	280000	20000	13.647321428571429	95.0%	0.0305	1.3095212676867327	0.0335	1.3095212676867327	13.647321428571429	3057	2.1867427394201484	1959.3214945204531
chr3	146050001	146075000	chr3	146050001	146360000	310000	25000	13.329032258064515	95.0%	0.044	1.3075796451185888	0.047	1.3075796451185888	13.329032258064515	4132	1.7336854722887258	2687.212482047525
chr8	56915001	56940000	chr8	56410001	56940000	530000	25000	7.877358490566037	95.0%	0.0404999999999999	1.3063622319353858	0.042499999999999996	1.3063622319353858	7.877358490566038	4175	1.9454505242456228	5155.443889250901
chr3	45035001	45055000	chr3	45035001	45505000	470000	20000	8.88031914893617	95.0%	0.0365	1.3061126784571409	0.0395	1.3061126784571409	8.88031914893617	3339	2.0367041017941814	3063.202969098449
chr3	4105001	4130000	chr3	3185001	4130000	945000	25000	5.0169312169312175	96.0%	0.038	1.3052782176986035	0.04	1.3052782176986035	5.016931216931217	4741	2.1632221088577714	10221.22446435297
chr8	11715001	11745000	chr8	11570001	11745000	175000	30000	19.7	96.0%	0.035	1.3042862002074556	0.035	1.3042862002074556	19.7	4137	1.588962511817856	2002.0927648904988
chr10	25070001	25095000	chr10	24625001	25095000	470000	25000	8.914893617021276	95.0%	0.036	1.3024160281766344	0.039	1.3024160281766344	8.914893617021276	4190	2.367344055006306	5563.258529264819
chr18	28180001	28200000	chr18	27595001	28200000	605000	20000	6.4958677685950414	95.0%	0.039	1.300698551662345	0.044	1.300698551662345	6.4958677685950414	3144	2.768886059521556	5360.563411233732
chr4	140840001	140860000	chr4	140410001	140860000	450000	20000	9.863888888888887	97.0%	0.0255	1.30069769430669	0.025500000000000002	1.3006976943066901	9.863888888888889	3551	2.4281463226857607	3496.5307046674952
chr2	36655001	36675000	chr2	35910001	36675000	765000	20000	10.56045751633987	98.0%	0.026	1.2992652007240035	0.027	1.2992652007240035	10.56045751633987	6463	4.1544388240226136	10170.066241207358
chr9	109800001	109825000	chr9	109585001	109825000	240000	25000	15.954166666666666	95.0%	0.0375	1.287926539821782	0.04	1.287926539821782	15.954166666666667	3829	2.5668396929456274	3080.207631534753
chr17	47305001	47325000	chr17	46935001	47325000	390000	20000	9.782051282051285	95.0%	0.05	1.2872836986769631	0.052	1.2872836986769631	9.782051282051283	3052	2.3091252957662647	2881.7883691162983
chr16	53045001	53065000	chr16	53045001	53520000	475000	20000	7.302631578947368	95.0%	0.042	1.286389538299967	0.045	1.286389538299967	7.302631578947368	2775	2.4878449283422803	3781.524291080266
chr3	5290001	5315000	chr3	5290001	5910000	620000	25000	7.275806451612904	95.0%	0.049	1.2813742070625078	0.052000000000000005	1.2813742070625078	7.275806451612903	4511	2.013423509945207	6241.612880830142
chr1	207385001	207410000	chr1	207065001	207410000	345000	25000	13.142028985507247	95.0%	0.032	1.281097916780526	0.033	1.2810979167805259	13.142028985507247	4534	3.161296625875435	5453.236679635125
chr1	115120001	115140000	chr1	115120001	115600000	480000	20000	8.471354166666666	95.0%	0.0455	1.2806650667318489	0.047	1.2806650667318487	8.471354166666666	3253	3.119127194605511	4790.979370914065
chr8	11405001	11425000	chr8	11405001	11565000	160000	20000	19.3984375	96.0%	0.049	1.2749134764095438	0.053500000000000006	1.2749134764095438	19.3984375	2483	1.7565584558788192	899.3579294099554
chr11	76715001	76745000	chr11	76715001	76925000	210000	30000	16.583333333333332	96.0%	0.022	1.2734040473993276	0.0245	1.2734040473993276	16.583333333333332	4179	1.6129458431531425	2438.7741148475516
chr6	151300001	151330000	chr6	150885001	151330000	445000	30000	10.237827715355804	95.0%	0.04	1.2722555202476122	0.041	1.2722555202476122	10.237827715355806	5467	2.718761764684175	8710.912694048096
chr11	129765001	129790000	chr11	129765001	130135000	370000	25000	11.345945945945946	95.0%	0.0345	1.2713399527665323	0.036500000000000005	1.2713399527665323	11.345945945945946	4198	1.9522302642441665	3611.625988851708
chr4	71695001	71715000	chr4	71160001	71715000	555000	20000	7.887387387387387	96.0%	0.035	1.2709488734588417	0.038	1.2709488734588417	7.887387387387387	3502	2.4818385080275984	4407.745190257015
chr5	43375001	43395000	chr5	43000001	43395000	395000	20000	9.082278481012658	95.0%	0.032	1.2697716009237907	0.033	1.2697716009237907	9.082278481012658	2870	1.6918178184251917	2138.4577224894424
chr17	15825001	15845000	chr17	15825001	16020000	195000	20000	12.397435897435898	95.0%	0.03	1.2632823844926435	0.034	1.2632823844926435	12.397435897435898	1934	1.9535510343288995	1219.0158454212333
chr2	33365001	33395000	chr2	32565001	33395000	830000	30000	8.809236947791165	95.0%	0.044	1.258562448315225	0.0475	1.258562448315225	8.809236947791165	8774	3.53301337085325	21113.28790421902
chr6	160445001	160465000	chr6	160045001	160465000	420000	20000	9.508928571428571	95.0%	0.0345	1.2582837259370254	0.038000000000000006	1.2582837259370254	9.508928571428571	3195	2.393337022456234	3216.6449581811785
chr3	130085001	130105000	chr3	129910001	130105000	195000	20000	13.57051282051282	97.0%	0.025	1.2578421555268144	0.027	1.2578421555268144	13.570512820512821	2117	1.2582014867317053	785.1177277205841
chr12	108660001	108680000	chr12	108660001	108810000	150000	20000	25.0	97.0%	0.018	1.2575281284742876	0.02	1.2575281284742876	25.0	3000	2.0304015616409306	974.5927495876467
chr17	57230001	57250000	chr17	57230001	57560000	330000	20000	10.859848484848484	95.0%	0.049	1.2458018810003757	0.053	1.2458018810003755	10.859848484848484	2867	2.3480224036749937	2479.511658280793
chr5	136755001	136775000	chr5	136220001	136775000	555000	20000	7.923423423423423	95.0%	0.038	1.245402655532537	0.039	1.245402655532537	7.923423423423423	3518	2.605537785845952	4627.435107662411
chr2	102010001	102030000	chr2	102010001	102455000	445000	20000	9.264044943820224	95.0%	0.038	1.2423030830839137	0.04	1.2423030830839137	9.264044943820224	3298	1.9217673270579518	2736.5966737305234
chr4	26990001	27015000	chr4	26410001	27015000	605000	25000	7.046280991735538	96.0%	0.033	1.2411370606946783	0.036	1.2411370606946783	7.046280991735538	4263	2.0938410368990605	6333.869136619658
chr14	23105001	23130000	chr14	23105001	23300000	195000	25000	17.333333333333336	96.0%	0.027	1.2385077763040877	0.031	1.2385077763040877	17.333333333333332	3380	2.086340685924489	2034.1821687763768
chr5	160010001	160035000	chr5	160010001	160395000	385000	25000	11.664935064935063	97.0%	0.042	1.2349746785534343	0.046	1.2349746785534343	11.664935064935065	4491	2.3560793057227363	4535.452663516267
chr2	28745001	28765000	chr2	28555001	28765000	210000	20000	18.029761904761905	96.0%	0.0315	1.2344101014065636	0.0335	1.2344101014065636	18.029761904761905	3029	2.141158772898796	1438.858695387991
chr6	27500001	27520000	chr6	27500001	27800000	300000	20000	12.195833333333333	96.0%	0.0465	1.2324324851823536	0.049	1.2324324851823536	12.195833333333333	2927	1.6903306122463044	1622.7173877564524
chr4	49500001	49520000	chr4	49500001	49655000	155000	20000	45.435483870967744	97.0%	0.011	1.231873718060715	0.012	1.2318737180607153	45.435483870967744	5634	1.2986867733169258	644.1486395651953
chr9	6570001	6595000	chr9	6570001	6745000	175000	25000	19.24571428571429	95.0%	0.027	1.2313501182716284	0.03	1.2313501182716284	19.245714285714286	3368	2.0971263295716893	1834.9855383752283
chr12	56975001	57000000	chr12	56625001	57000000	375000	25000	9.906666666666666	95.0%	0.039	1.2302855927588765	0.041	1.2302855927588763	9.906666666666666	3715	1.9645138374415059	3683.4634452028236
chr11	123465001	123485000	chr11	123290001	123485000	195000	20000	17.685897435897434	96.0%	0.048	1.2280174307255207	0.053	1.2280174307255207	17.685897435897434	2759	1.5806557595773965	986.3291939762954
chr2	68420001	68440000	chr2	68125001	68440000	315000	20000	18.24206349206349	97.0%	0.036	1.2242365692246828	0.037	1.2242365692246828	18.24206349206349	4597	2.0383996387190755	2054.706835828828
chr7	45915001	45935000	chr7	45915001	47105000	1190000	20000	4.102941176470588	95.0%	0.0395	1.2228799356271078	0.041	1.2228799356271078	4.102941176470588	3906	3.5993642545950344	13706.379081497891
chr3	184770001	184795000	chr3	184375001	184795000	420000	25000	9.538095238095238	97.0%	0.0495	1.222550820153054	0.053	1.222550820153054	9.538095238095238	4006	1.87384699323484	3935.078685793164
chr4	6700001	6725000	chr4	6700001	6995000	295000	25000	11.769491525423728	96.0%	0.025	1.2205973863226658	0.027	1.2205973863226658	11.769491525423728	3472	1.5858439506578965	2339.1198272203974
chr2	186765001	186785000	chr2	186495001	186785000	290000	20000	13.857758620689657	97.0%	0.0315	1.2180715700408062	0.0345	1.2180715700408062	13.857758620689655	3215	2.068333807082876	1919.413772972909
chr2	96500001	96520000	chr2	96255001	96520000	265000	20000	12.599056603773583	97.0%	0.03	1.2177149575406063	0.032	1.2177149575406063	12.599056603773585	2671	1.6792756259947432	1424.0257308435423
chr1	8015001	8035000	chr1	8015001	8250000	235000	20000	22.53191489361702	97.0%	0.019	1.2148619696500995	0.021	1.2148619696500995	22.53191489361702	4236	2.8995614174781945	2180.4701859436022
chr7	43570001	43590000	chr7	43570001	43850000	280000	20000	12.290178571428571	96.0%	0.031	1.2141063202114666	0.033	1.2141063202114666	12.290178571428571	2753	2.0620736405337503	1847.6179819182403
chr5	91380001	91410000	chr5	91060001	91410000	350000	30000	12.185714285714283	95.0%	0.023	1.2103492959005833	0.024	1.2103492959005833	12.185714285714285	5118	2.7670916600293607	6973.0709832739885
chr6	71330001	71355000	chr6	70945001	71355000	410000	25000	10.736585365853658	95.0%	0.038	1.2037984370589412	0.0405	1.2037984370589412	10.736585365853658	4402	1.7284658048193255	3543.3548998796173
chr1	109385001	109405000	chr1	109205001	109405000	200000	20000	18.6375	97.0%	0.0385	1.190631171614793	0.041999999999999996	1.190631171614793	18.6375	2982	2.12155377544075	1357.79441628208
chr4	54940001	54960000	chr4	54300001	54960000	660000	20000	7.490530303030303	97.0%	0.0335	1.190398552442764	0.035	1.190398552442764	7.490530303030303	3955	2.4679798208141404	5212.373381559464
chr5	178275001	178295000	chr5	178275001	178845000	570000	20000	6.543859649122807	95.0%	0.0465	1.190174831789014	0.049	1.190174831789014	6.543859649122807	2984	2.1454255316588133	3913.256169745676
chr6	53935001	53960000	chr6	53670001	53960000	290000	25000	14.155172413793103	96.0%	0.0435	1.182936425433536	0.0475	1.182936425433536	14.155172413793103	4105	1.873335490859648	2716.3364617464895
chr5	154595001	154620000	chr5	154460001	154620000	160000	25000	20.21875	97.0%	0.0325	1.1805640426745614	0.035	1.1805640426745614	20.21875	3235	1.9525760564181258	1562.0608451345006
chr11	118550001	118570000	chr11	118135001	118570000	435000	20000	9.46551724137931	95.0%	0.039	1.177542687529116	0.042	1.177542687529116	9.46551724137931	3294	2.1589805405143787	3005.300912396015
chr7	36970001	37000000	chr7	36970001	37205000	235000	30000	16.5	96.0%	0.042	1.1743350318354402	0.046	1.1743350318354402	16.5	4653	2.355246670229801	3985.0773660288232
chr2	176625001	176650000	chr2	176225001	176650000	425000	25000	9.974117647058822	95.0%	0.047	1.1678841046242914	0.049	1.1678841046242914	9.974117647058824	4239	1.7209225714206822	3656.9604642689496
chr20	13100001	13120000	chr20	12960001	13120000	160000	20000	20.6875	98.0%	0.034	1.1625939889465249	0.038	1.1625939889465249	20.6875	2648	2.7804558979818976	1423.5934197667316
chr10	43450001	43470000	chr10	43175001	43470000	295000	20000	9.610169491525424	97.0%	0.029	1.1610469407620354	0.033	1.1610469407620354	9.610169491525424	2268	1.4486910981217531	1367.564396626935
chr12	107390001	107410000	chr12	107120001	107410000	290000	20000	13.129310344827584	96.0%	0.0465	1.148251398460415	0.0505	1.148251398460415	13.129310344827585	3046	2.1375391791559553	1983.6363582567265
chr19	8340001	8360000	chr19	8340001	8515000	175000	20000	15.32857142857143	95.0%	0.049	1.1461223168671573	0.053	1.1461223168671573	15.32857142857143	2146	1.6151280126189225	904.4716870665966
chr10	70345001	70365000	chr10	70085001	70365000	280000	20000	14.691964285714286	95.0%	0.035	1.143671672810025	0.038000000000000006	1.1436716728100247	14.691964285714286	3291	2.2134934309682284	1983.2901141475327
chr5	150445001	150475000	chr5	150445001	150885000	440000	30000	8.53030303030303	96.0%	0.034	1.1434498963266997	0.037	1.1434498963266995	8.530303030303031	4504	1.4395362784772194	4560.450930215831
chr18	3660001	3680000	chr18	3305001	3680000	375000	20000	9.156666666666666	96.0%	0.029	1.1419533857173296	0.031	1.1419533857173296	9.156666666666666	2747	1.8952934771531678	2274.3521725838013
chr8	19740001	19760000	chr8	19385001	19760000	375000	20000	11.18	95.0%	0.04	1.1401586535185453	0.04	1.1401586535185453	11.18	3354	2.5530703367120138	3063.6844040544165
chr3	45820001	45840000	chr3	45650001	45840000	190000	20000	21.46710526315789	98.0%	0.048	1.1339615214557472	0.052000000000000005	1.1339615214557472	21.467105263157894	3263	1.8833694801359855	1145.0886439226792
chr1	61840001	61865000	chr1	61415001	61865000	450000	25000	9.364444444444445	95.0%	0.045	1.1330582023031297	0.049	1.1330582023031295	9.364444444444445	4214	2.2733047248097167	5114.935630821862
chr5	99020001	99040000	chr5	98840001	99040000	200000	20000	19.78125	97.0%	0.0315	1.1303356981555954	0.0335	1.1303356981555954	19.78125	3165	2.5777349078765486	1649.750341040991
chr3	46080001	46105000	chr3	46080001	46435000	355000	25000	12.014084507042252	95.0%	0.035	1.123406917061565	0.038	1.123406917061565	12.014084507042254	4265	2.0663501555633252	3667.7715261249023
chr8	122220001	122245000	chr8	122065001	122245000	180000	25000	20.56111111111111	96.0%	0.0475	1.1174800848000015	0.051500000000000004	1.1174800848000017	20.56111111111111	3701	1.8326785981125737	1649.4107383013163
chr12	45155001	45180000	chr12	45155001	45675000	520000	25000	8.592307692307692	95.0%	0.038	1.114244877976436	0.0395	1.114244877976436	8.592307692307692	4468	2.341000495772087	6086.601289007427
chr7	129625001	129645000	chr7	129355001	129645000	290000	20000	13.25	96.0%	0.048	1.113308843624936	0.051500000000000004	1.1133088436249359	13.25	3074	2.035541087306637	1888.9821290205591
chr2	234130001	234150000	chr2	234130001	234540000	410000	20000	10.63719512195122	97.0%	0.0245	1.1126879737175863	0.025500000000000002	1.1126879737175863	10.637195121951219	3489	2.3687002416432232	3107.734717035909
chr3	124890001	124915000	chr3	124605001	124915000	310000	25000	12.851612903225808	95.0%	0.0385	1.1115567763874643	0.0405	1.1115567763874645	12.851612903225806	3984	1.7685023688969874	2741.1786717903306
chr2	224765001	224785000	chr2	224520001	224785000	265000	20000	14.575471698113208	96.0%	0.035	1.1111330271903312	0.039	1.1111330271903312	14.575471698113208	3090	1.6980092875163184	1439.911875813838
chr4	15795001	15825000	chr4	15795001	16015000	220000	30000	16.734848484848484	97.0%	0.0335	1.1079776360200615	0.0375	1.1079776360200617	16.734848484848484	4418	1.9675678179304037	3116.6274236017593
chr11	48090001	48110000	chr11	47930001	48110000	180000	20000	19.07638888888889	95.0%	0.0445	1.1018587793147538	0.0485	1.1018587793147538	19.07638888888889	2747	2.0944193743358426	1206.3855596174453
chr9	127930001	127955000	chr9	127930001	128120000	190000	25000	15.847368421052632	95.0%	0.0265	1.0991591852460922	0.0295	1.0991591852460922	15.847368421052632	3011	1.918376731254039	1822.457894691337
chr4	27035001	27055000	chr4	27035001	27335000	300000	20000	12.141666666666667	96.0%	0.031	1.0976783528698075	0.034	1.0976783528698077	12.141666666666667	2914	2.0254618741701256	1944.4433992033207
chr5	10680001	10700000	chr5	10680001	11210000	530000	20000	6.893867924528302	95.0%	0.0404999999999999	1.0976769890889204	0.041499999999999995	1.0976769890889204	6.893867924528302	2923	1.700942104496554	2884.7978092261556
chr3	120530001	120560000	chr3	120245001	120560000	315000	30000	13.94179894179894	95.0%	0.04	1.0961297067882767	0.041	1.0961297067882767	13.941798941798941	5270	1.9085026710534845	4328.484057949303
chr8	56965001	56980000	chr8	56965001	57230000	265000	15000	14.81132075471698	95.0%	0.03	1.0935415373691693	0.032	1.0935415373691693	14.81132075471698	2355	2.3613952242522713	1126.3855219683335
chr7	50460001	50480000	chr7	50460001	50680000	220000	20000	15.857954545454543	98.0%	0.031	1.0918050987979522	0.032	1.0918050987979522	15.857954545454545	2791	2.003505535027674	1410.4678966594824
chr18	10845001	10865000	chr18	10845001	11590000	745000	20000	6.0855704697986575	96.0%	0.046	1.086557444593289	0.048	1.086557444593289	6.0855704697986575	3627	3.0011977983973503	7154.8555513792835
chr11	102485001	102505000	chr11	102335001	102505000	170000	20000	21.323529411764707	98.0%	0.031	1.0860669893439852	0.033	1.0860669893439852	21.323529411764707	2900	2.3320247727848407	1268.6214763949533
chr2	191540001	191565000	chr2	191540001	191925000	385000	25000	11.535064935064934	97.0%	0.014	1.0858832630098048	0.015	1.0858832630098048	11.535064935064936	4441	2.1024232367063167	4047.1647306596597
chr17	59735001	59755000	chr17	59735001	59965000	230000	20000	14.130434782608695	96.0%	0.0365	1.0846881334362115	0.0405	1.0846881334362115	14.130434782608695	2600	2.236186736808079	1645.8334382907462
chr8	93810001	93835000	chr8	93810001	93965000	155000	25000	22.05161290322581	98.0%	0.027	1.0839284141702072	0.031	1.0839284141702072	22.051612903225806	3418	2.451035135889962	1899.5522303147206
chr1	209680001	209700000	chr1	209565001	209700000	135000	20000	29.25	98.0%	0.014	1.0808413801083037	0.015	1.0808413801083037	29.25	3159	3.2006261158167812	1382.6704820328496
chr4	153130001	153155000	chr4	153130001	153660000	530000	25000	8.166037735849056	96.0%	0.031	1.0770868408549483	0.033	1.0770868408549483	8.166037735849057	4328	2.0732254196339137	5494.047362029871
chr6	122720001	122745000	chr6	122720001	122930000	210000	25000	17.452380952380953	95.0%	0.0345	1.0693917651092262	0.0385	1.0693917651092262	17.452380952380953	3665	1.8599554751752168	1952.9532489339776
chr11	6515001	6540000	chr11	6515001	6755000	240000	25000	23.90833333333333	95.0%	0.0175	1.0624134107646317	0.018500000000000003	1.0624134107646315	23.908333333333335	5738	2.3574963518629097	2828.9956222354917
chr8	19255001	19275000	chr8	18910001	19275000	365000	20000	11.33904109589041	97.0%	0.042	1.057367429552979	0.047	1.057367429552979	11.33904109589041	3311	2.686233101636828	3137.520262711815
chr14	34320001	34345000	chr14	34320001	34535000	215000	25000	16.088372093023256	95.0%	0.035	1.0533996246923822	0.036	1.0533996246923822	16.088372093023256	3459	2.1294673663802492	2289.177418858768
chr12	32760001	32780000	chr12	32760001	33095000	335000	20000	11.71641791044776	95.0%	0.031	1.0419383843488677	0.033	1.0419383843488677	11.716417910447761	3140	1.7119494270182982	1835.2097857636156
chr11	94485001	94505000	chr11	94125001	94505000	380000	20000	11.37171052631579	95.0%	0.035	1.032325608087847	0.039	1.0323256080878467	11.37171052631579	3457	2.5976092773778134	3158.692881291421
chr7	27910001	27930000	chr7	27630001	27930000	300000	20000	12.475	96.0%	0.046	1.0291966967793404	0.05	1.0291966967793404	12.475	2994	1.9697733770320611	1890.9824419507786
chr20	22665001	22685000	chr20	22330001	22685000	355000	20000	10.443661971830986	95.0%	0.045	1.0204603874925606	0.047	1.0204603874925606	10.443661971830986	2966	2.4588654400907775	2793.271139943123
chr3	38510001	38535000	chr3	38510001	38715000	205000	25000	17.082926829268295	95.0%	0.033	1.017730735895929	0.036	1.0177307358959293	17.082926829268292	3502	1.656333748812291	1697.7420925325982
chr9	34885001	34910000	chr9	34885001	35120000	235000	25000	14.89787234042553	97.0%	0.049	1.0169236819936407	0.053	1.0169236819936407	14.897872340425533	3501	1.6432407330297187	1930.8078613099194
chr11	65505001	65525000	chr11	65320001	65525000	205000	20000	15.359756097560975	96.0%	0.024	1.0142430536917526	0.027	1.0142430536917526	15.359756097560975	2519	1.5906768732456735	1043.4840288491619
chr12	103860001	103880000	chr12	103565001	103880000	315000	20000	12.226190476190476	95.0%	0.036	1.0124445066365313	0.037	1.0124445066365313	12.226190476190476	3081	1.8533651160551161	1868.192036983557
chr4	112095001	112120000	chr4	112095001	112330000	235000	25000	17.65531914893617	97.0%	0.028	1.007365608489769	0.031	1.007365608489769	17.65531914893617	4149	2.065076583833285	2426.46498600411
chr16	46835001	46860000	chr16	46835001	47060000	225000	25000	14.182222222222222	95.0%	0.05	1.0043982922029724	0.052	1.0043982922029724	14.182222222222222	3191	1.8798566973799689	2114.838784552465
chr8	41690001	41710000	chr8	41690001	41985000	295000	20000	11.817796610169491	95.0%	0.031	1.002554512529506	0.034	1.0025545125295061	11.817796610169491	2789	1.8664865976724863	1761.963348202827
chr17	74365001	74385000	chr17	74365001	74530000	165000	20000	17.606060606060606	96.0%	0.022	0.9989477505973384	0.022	0.9989477505973383	17.606060606060606	2324	2.1647162310291215	1142.970169983376
chr2	118870001	118890000	chr2	118870001	119305000	435000	20000	7.977011494252873	96.0%	0.034	0.9966271652673948	0.036	0.9966271652673948	7.977011494252873	2776	1.5077083137063407	2098.729972679226
chr6	111195001	111215000	chr6	111000001	111215000	215000	20000	18.28488372093023	97.0%	0.046	0.9957681097098569	0.05	0.9957681097098569	18.28488372093023	3145	2.013752158412587	1385.4614849878596
chr4	2755001	2780000	chr4	2755001	2985000	230000	25000	14.247826086956522	95.0%	0.0285	0.9952426183894458	0.0325	0.9952426183894458	14.247826086956522	3277	1.2557166550211925	1444.0741532743714
chr1	64220001	64240000	chr1	63625001	64240000	615000	20000	7.837398373983739	97.0%	0.044	0.9927048826929044	0.049	0.9927048826929044	7.837398373983739	3856	3.493883547640054	6875.9628217556265
chr2	157990001	158015000	chr2	157515001	158015000	500000	25000	9.118	95.0%	0.0445	0.9923305035554676	0.0485	0.9923305035554677	9.118	4559	2.1131116798124583	5282.779199531145
chr2	85795001	85820000	chr2	85630001	85820000	190000	25000	19.63157894736842	95.0%	0.0419999999999999	0.9920029867964396	0.046	0.9920029867964395	19.63157894736842	3730	1.6445753381889392	1562.3465712794923
chr11	16925001	16950000	chr11	16925001	17280000	355000	25000	10.895774647887324	95.0%	0.048	0.9914846309578368	0.05	0.9914846309578369	10.895774647887324	3868	1.5678156210613639	2782.872727383921
chr12	47705001	47730000	chr12	47705001	47965000	260000	25000	14.669230769230769	95.0%	0.0265	0.9885347919633248	0.029	0.9885347919633248	14.669230769230769	3814	1.5117392373821086	1965.261008596741
chr12	104200001	104225000	chr12	104200001	104360000	160000	25000	21.0875	99.0%	0.008	0.9872925227278092	0.0085	0.9872925227278093	21.0875	3374	2.012714921430238	1610.1719371441902
chr11	10790001	10810000	chr11	10790001	10930000	140000	20000	25.794642857142858	97.0%	0.027	0.9856479188670426	0.031	0.9856479188670426	25.794642857142858	2889	1.978518466537679	886.3762730088802
chr13	52115001	52130000	chr13	51815001	52130000	315000	15000	11.576719576719576	95.0%	0.037	0.9851812040775844	0.039	0.9851812040775844	11.576719576719576	2188	2.629192891434086	1490.7523694431268
chr4	186715001	186735000	chr4	186715001	186950000	235000	20000	14.388297872340424	95.0%	0.026	0.9834042248822774	0.026	0.9834042248822774	14.388297872340425	2705	2.1506718700256098	1617.3052462592584
chr7	106455001	106475000	chr7	106055001	106475000	420000	20000	10.476190476190476	96.0%	0.0355	0.9830546745913896	0.039	0.9830546745913895	10.476190476190476	3520	2.83752639556718	3813.6354756422897
chr3	134450001	134475000	chr3	134205001	134475000	270000	25000	16.603703703703705	97.0%	0.019	0.9820693909472968	0.0215	0.9820693909472967	16.603703703703705	4483	2.4535578759797185	3312.30313257262
chr4	55725001	55745000	chr4	55285001	55745000	460000	20000	8.540760869565217	95.0%	0.046	0.9785302777017628	0.0485	0.9785302777017628	8.540760869565217	3143	1.9923185901283291	2932.6929646689005
chr4	185580001	185605000	chr4	185370001	185605000	235000	25000	15.774468085106385	95.0%	0.035	0.974190871806874	0.037	0.9741908718068739	15.774468085106383	3707	1.4947812205184292	1756.3679341091542
chr3	182700001	182725000	chr3	182700001	183120000	420000	25000	9.704761904761906	95.0%	0.049	0.9704381570218736	0.051000000000000004	0.9704381570218735	9.704761904761904	4076	1.7419500803909609	3658.095168821018
chr10	103845001	103865000	chr10	103715001	103865000	150000	20000	22.675	97.0%	0.015	0.9694025439114023	0.016	0.9694025439114025	22.675	2721	1.94459887188668	933.4074585056064
chr10	95240001	95260000	chr10	95240001	95370000	130000	20000	27.182692307692307	98.0%	0.027	0.9689467072556432	0.031	0.9689467072556432	27.182692307692307	2827	2.3167763052362433	963.7789429782773
chr4	90275001	90290000	chr4	89915001	90290000	375000	15000	11.737777777777778	97.0%	0.031	0.9681244098710992	0.033	0.9681244098710992	11.737777777777778	2641	2.574830028526578	1738.01026925544
chr8	23385001	23415000	chr8	23050001	23415000	365000	30000	10.463470319634704	95.0%	0.042	0.9593813682996548	0.044	0.9593813682996549	10.463470319634704	4583	1.5925411289507012	4185.198086882443
chr2	158030001	158050000	chr2	158030001	158690000	660000	20000	7.104166666666667	95.0%	0.05	0.9432836583525864	0.0525	0.9432836583525864	7.104166666666667	3751	2.084288727267359	4402.017791988663
chr10	88815001	88840000	chr10	88815001	89090000	275000	25000	15.62181818181818	97.0%	0.031	0.9319609955149198	0.035	0.9319609955149198	15.621818181818181	4296	1.9422374655646293	2670.576515151365
chr1	167050001	167065000	chr1	166895001	167065000	170000	15000	20.44117647058824	98.0%	0.035	0.9318397529325586	0.039	0.9318397529325586	20.441176470588236	2085	2.838939136927116	868.7153758996976
chr20	38635001	38655000	chr20	38635001	38825000	190000	20000	16.18421052631579	95.0%	0.0265	0.9217004365307484	0.028	0.9217004365307484	16.18421052631579	2460	1.9929587462997473	1211.7189177502464
chr3	185985001	186005000	chr3	185985001	186280000	295000	20000	13.809322033898304	98.0%	0.046	0.91826802660965	0.047	0.91826802660965	13.809322033898304	3259	2.3412865346568514	2210.1744887160676
chr3	32650001	32675000	chr3	32175001	32675000	500000	25000	8.145999999999999	95.0%	0.05	0.9171621463441908	0.055	0.9171621463441907	8.146	4073	1.765242900710805	4413.107251777013
chr2	148970001	148990000	chr2	147920001	148990000	1070000	20000	4.793224299065421	95.0%	0.0365	0.9132023481962326	0.036000000000000004	0.9132023481962326	4.793224299065421	4103	2.4483339214504305	8383.095347046274
chr1	17485001	17505000	chr1	17485001	17700000	215000	20000	14.395348837209305	96.0%	0.022	0.910846013678898	0.024	0.9108460136788981	14.395348837209303	2476	1.8396871549770126	1265.7047626241847
chr11	34915001	34935000	chr11	34915001	35365000	450000	20000	8.744444444444444	95.0%	0.032	0.9106803343280562	0.0345	0.9106803343280562	8.744444444444444	3148	2.228408566021035	3208.9083350702904
chr20	35980001	36000000	chr20	35980001	36205000	225000	20000	15.055555555555555	95.0%	0.038	0.9082578125611708	0.042	0.9082578125611707	15.055555555555555	2710	2.421831369946362	1743.7185863613806
chr17	58435001	58460000	chr17	58115001	58460000	345000	25000	11.730434782608697	95.0%	0.033	0.9054689720173116	0.036	0.9054689720173115	11.730434782608695	4047	2.6835302873221667	4629.0897456307375
chr7	77065001	77085000	chr7	77065001	77365000	300000	20000	7.575	96.0%	0.0315	0.9049791434476574	0.035500000000000004	0.9049791434476574	7.575	1818	0.9719771563605271	933.098070106106
chr19	7320001	7340000	chr19	7095001	7340000	245000	20000	13.525510204081632	96.0%	0.039	0.9020528824645304	0.042	0.9020528824645304	13.525510204081632	2651	2.9271016233543676	2294.847672709824
chr2	95995001	96015000	chr2	95995001	96265000	270000	20000	9.697115384615383	95.0%	0.028	0.9005474800743964	0.0295	0.9005474800743964	9.337962962962964	2017	0.9809855807329181	847.5715417532413
chr6	125290001	125315000	chr6	125140001	125315000	175000	25000	21.285714285714285	97.0%	0.044	0.8808164866357603	0.049	0.8808164866357603	21.285714285714285	3725	1.8978267844527137	1660.5984363961245
chr9	92615001	92635000	chr9	92270001	92635000	365000	20000	10.804794520547944	96.0%	0.036	0.8802708878239036	0.039	0.8802708878239036	10.804794520547945	3155	2.2522520590446398	2630.6304049641394
chr5	146415001	146435000	chr5	146035001	146435000	400000	20000	9.353125	95.0%	0.0345	0.8768554848580384	0.0375	0.8768554848580384	9.353125	2993	1.7199476457181588	2201.5329865192434
chr11	72460001	72485000	chr11	72460001	72685000	225000	25000	16.093333333333334	95.0%	0.027	0.8731808787078755	0.031	0.8731808787078755	16.093333333333334	3621	1.5037256401625054	1691.6913451828186
chr6	56625001	56645000	chr6	56625001	56855000	230000	20000	17.33695652173913	96.0%	0.03	0.8700209960718004	0.0305	0.8700209960718004	17.33695652173913	3190	1.967043904420195	1447.7443136532636
chr3	90525001	90545000	chr3	90525001	90710000	185000	20000	20.824324324324323	97.0%	0.023	0.8698136559175311	0.026	0.8698136559175311	20.824324324324323	3082	2.3789354698139844	1408.3297981298788
chr5	72505001	72535000	chr5	72330001	72535000	205000	30000	18.495934959349597	95.0%	0.04	0.8622905813625673	0.044	0.8622905813625673	18.495934959349594	4550	1.904974551749657	2811.7424383824937
chr4	82190001	82215000	chr4	81390001	82215000	825000	25000	6.57939393939394	97.0%	0.026	0.8548486849462011	0.027	0.8548486849462011	6.579393939393939	5428	3.5897353974820096	14807.65851461329
chr2	108570001	108590000	chr2	108220001	108590000	370000	20000	11.08783783783784	95.0%	0.034	0.8547005468013443	0.036500000000000005	0.8547005468013443	11.087837837837839	3282	1.9622144637015082	2323.2619250225857
chr2	235130001	235150000	chr2	235130001	235595000	465000	20000	8.540322580645162	96.0%	0.039	0.8544903251751746	0.041	0.8544903251751746	8.540322580645162	3177	1.8551495908959688	2760.4625912532015
chr5	148685001	148720000	chr5	148170001	148720000	550000	35000	8.851948051948051	96.0%	0.0315	0.8531387685166967	0.0315	0.8531387685166967	8.851948051948051	6816	2.436722399554433	13133.933733598395
chr7	76000001	76025000	chr7	75750001	76025000	275000	25000	12.061818181818182	97.0%	0.047	0.8493701359819632	0.052	0.8493701359819632	12.061818181818182	3317	1.495866977949312	2056.817094680304
chr10	91905001	91930000	chr10	91620001	91930000	310000	25000	11.109677419354838	97.0%	0.0455	0.8491854118297535	0.0475	0.8491854118297535	11.109677419354838	3444	1.99244894036393	3088.2958575640914
chr5	80090001	80105000	chr5	80090001	80330000	240000	15000	15.798611111111112	97.0%	0.05	0.8453894013465738	0.053000000000000005	0.8453894013465738	15.79861111111111	2275	2.429659380307252	1049.612852292733
chr2	85125001	85145000	chr2	85125001	85295000	170000	20000	24.808823529411764	97.0%	0.0289999999999999	0.8451720009300834	0.032	0.8451720009300834	24.808823529411764	3374	2.1481274756912603	1168.5813467760456
chr2	46975001	46995000	chr2	46975001	47325000	350000	20000	15.667857142857144	98.0%	0.035	0.8438865493036745	0.037	0.8438865493036745	15.667857142857143	4387	2.4751662096418436	2772.186154798865
chr6	122600001	122620000	chr6	122600001	122860000	260000	20000	15.004807692307692	95.0%	0.0385	0.8372837011406825	0.040999999999999995	0.8372837011406825	15.004807692307692	3121	1.9975282802892345	1661.943529200643
chr18	55225001	55250000	chr18	55225001	55875000	650000	25000	6.303076923076923	97.0%	0.0475	0.8372642987048825	0.05	0.8372642987048825	6.303076923076923	4097	2.03104246853103	6600.888022725849
chr18	15380001	15410000	chr18	14865001	15410000	545000	30000	6.391437308868501	95.0%	0.031	0.8348073951828632	0.034	0.8348073951828632	6.391437308868501	4180	0.977659547952013	3836.3360661636993
chr2	111885001	111905000	chr2	111885001	112135000	250000	20000	14.7	97.0%	0.0335	0.8309386415237269	0.037	0.8309386415237269	14.7	2940	1.9460626442650386	1556.8501154120308
chr6	39305001	39330000	chr6	38960001	39330000	370000	25000	9.37837837837838	98.0%	0.04	0.830769357876265	0.042499999999999996	0.830769357876265	9.378378378378379	3470	1.8645746179920022	3449.463043285204
chr7	45110001	45140000	chr7	44795001	45140000	345000	30000	9.490338164251208	96.0%	0.037	0.827591975425306	0.041	0.827591975425306	9.490338164251208	3929	1.2349087729720898	3067.5133920626713
chr3	132235001	132260000	chr3	132235001	132545000	310000	25000	13.819354838709677	95.0%	0.0315	0.8257939144203019	0.033	0.8257939144203019	13.819354838709678	4284	1.960410832752577	3038.6367907664944
chr6	135525001	135545000	chr6	135525001	136220000	695000	20000	7.073741007194244	95.0%	0.047	0.820933335484499	0.048	0.820933335484499	7.073741007194244	3933	2.8101556465130284	6249.786157844975
chr5	146040001	146060000	chr5	145690001	146060000	370000	20000	11.030405405405403	96.0%	0.0305	0.8181251672327552	0.033	0.8181251672327552	11.030405405405405	3265	2.32682015076639	2754.955058507406
chr12	25370001	25390000	chr12	25200001	25390000	190000	20000	19.13815789473684	97.0%	0.046	0.815393378216607	0.05	0.815393378216607	19.138157894736842	2909	2.22766668276631	1354.4213431219164
chr3	170945001	170970000	chr3	170945001	171210000	265000	25000	14.22264150943396	95.0%	0.044	0.8131786526607951	0.048	0.8131786526607951	14.222641509433963	3769	1.7915762767112766	2373.8385666424415
chr2	44975001	44995000	chr2	44975001	45470000	495000	20000	11.44949494949495	96.0%	0.048	0.8078517554749224	0.052	0.8078517554749224	11.44949494949495	4534	2.5144572927621502	3982.9003517352457
chr5	121960001	121980000	chr5	121960001	122190000	230000	20000	15.423913043478262	95.0%	0.038	0.806773824242791	0.042499999999999996	0.806773824242791	15.423913043478262	2838	1.5181567477353597	1117.3633663332248
chr8	73160001	73180000	chr8	72860001	73180000	320000	20000	12.9296875	95.0%	0.034	0.8029926313235121	0.036500000000000005	0.8029926313235121	12.9296875	3310	2.094796569846018	2145.0716875223225
chr2	16740001	16765000	chr2	16520001	16765000	245000	25000	15.416326530612244	96.0%	0.045	0.7954233173914803	0.05	0.7954233173914803	15.416326530612245	3777	1.7513546697135918	2145.40947039915
chr6	106965001	106985000	chr6	106570001	106985000	415000	20000	9.286144578313252	96.0%	0.04	0.7923645273968004	0.043	0.7923645273968004	9.286144578313253	3083	2.5162003686320356	3341.5140895433433
chr2	60535001	60555000	chr2	60155001	60555000	400000	20000	14.321875	96.0%	0.0355	0.7888809375842865	0.0385	0.7888809375842865	14.321875	4583	2.3184545362752784	2967.6218064323566
chr2	71795001	71815000	chr2	71795001	72155000	360000	20000	15.743055555555555	97.0%	0.0465	0.7864957455895373	0.048	0.7864957455895373	15.743055555555555	4534	2.2340762076946765	2573.6557912642675
chr2	222700001	222715000	chr2	222700001	222945000	245000	15000	16.102040816326532	97.0%	0.03	0.7813938927528504	0.034	0.7813938927528504	16.102040816326532	2367	2.348489872715291	1035.6840338674433
chr6	42035001	42055000	chr6	41775001	42055000	280000	20000	11.214285714285714	97.0%	0.0424999999999999	0.777224292185978	0.045	0.777224292185978	11.214285714285714	2512	1.8169816139654844	1628.015526113074
chr11	36560001	36580000	chr11	36560001	36755000	195000	20000	17.98076923076923	95.0%	0.031	0.7733659816352028	0.035	0.7733659816352028	17.98076923076923	2805	1.6507275218150512	1030.053973612592
chr6	139335001	139360000	chr6	138990001	139360000	370000	25000	10.875675675675677	95.0%	0.0435	0.7717469651071038	0.0445	0.7717469651071038	10.875675675675677	4024	1.6964767636182405	3138.4820126937448
chr15	65260001	65285000	chr15	65045001	65285000	240000	25000	14.725	95.0%	0.049	0.7716128318237365	0.0525	0.7716128318237365	14.725	3534	1.8279855173188775	2193.582620782653
chr2	17655001	17680000	chr2	17105001	17680000	575000	25000	7.930434782608695	95.0%	0.049	0.7709701919958697	0.05	0.7709701919958697	7.930434782608696	4560	1.9163474019935491	5509.498780731454
chr1	156075001	156095000	chr1	156075001	156235000	160000	20000	18.9921875	98.0%	0.0225	0.7666721593046202	0.025	0.7666721593046202	18.9921875	2431	1.897365402328289	971.451085992084
chr17	58100001	58120000	chr17	57745001	58120000	375000	20000	10.23	95.0%	0.042	0.757522261267946	0.044	0.757522261267946	10.23	3069	2.4480833509086697	2937.7000210904034
chr2	227645001	227665000	chr2	227645001	227905000	260000	20000	14.5625	96.0%	0.0289999999999999	0.7566316329596955	0.033	0.7566316329596955	14.5625	3029	1.7125822140454483	1424.868402085813
chr12	50305001	50325000	chr12	50075001	50325000	250000	20000	13.575	96.0%	0.0375	0.7543576851299624	0.040999999999999995	0.7543576851299624	13.575	2715	1.8498207853177675	1479.856628254214
chr5	174725001	174745000	chr5	174325001	174745000	420000	20000	9.770833333333334	95.0%	0.022	0.7459427569426103	0.023	0.7459427569426103	9.770833333333334	3283	3.0089679942453618	4044.052984265766
chr11	14285001	14305000	chr11	14285001	14470000	185000	20000	19.39189189189189	98.0%	0.03	0.7444200501665372	0.034	0.7444200501665372	19.39189189189189	2870	1.7483907531883867	1035.047325887525
chr6	157745001	157765000	chr6	157745001	157965000	220000	20000	15.6875	98.0%	0.025	0.7402983847757683	0.028	0.7402983847757683	15.6875	2761	1.7959373877560851	1264.339920980284
chr1	30910001	30935000	chr1	30735001	30935000	200000	25000	16.04	97.0%	0.0465	0.740254084077751	0.0505	0.740254084077751	16.04	3208	1.8626163054627805	1862.6163054627805
chr2	21290001	21325000	chr2	21035001	21325000	290000	35000	13.995073891625616	95.0%	0.048	0.7369347107903804	0.051000000000000004	0.7369347107903804	13.995073891625616	5682	1.6012573367617744	4550.773351076963
chr3	129230001	129250000	chr3	128970001	129250000	280000	20000	13.433035714285714	95.0%	0.0365	0.7363738426753519	0.04	0.7363738426753519	13.433035714285714	3009	1.8033022455374754	1615.758812001578
chr11	29330001	29350000	chr11	28890001	29350000	460000	20000	8.730978260869565	95.0%	0.0365	0.7249339737523155	0.0385	0.7249339737523155	8.730978260869565	3213	1.9077557104924419	2808.2164058448743
chr7	5485001	5505000	chr7	5485001	5710000	225000	20000	11.71111111111111	98.0%	0.032	0.7228282701129003	0.034	0.7228282701129003	11.71111111111111	2108	1.3091868989142825	942.6145672182835
chr11	122615001	122650000	chr11	122615001	122865000	250000	35000	14.894285714285717	96.0%	0.022	0.7173233707038243	0.0235	0.7173233707038243	14.894285714285715	5213	2.006286857518012	4915.40280091913
chr14	106250001	106270000	chr14	105935001	106270000	335000	20000	16.32377049180328	95.0%	0.046	0.7106636692122396	0.052	0.7106636692122396	14.861940298507463	3983	2.225924609808464	2386.191181714674
chr4	2165001	2190000	chr4	1910001	2190000	280000	25000	13.946428571428571	96.0%	0.0475	0.7069303777692819	0.051500000000000004	0.7069303777692819	13.946428571428571	3905	1.6386779072490103	2294.1490701486146
chr12	53330001	53360000	chr12	53330001	53520000	190000	30000	17.399122807017545	95.0%	0.047	0.7018647571913657	0.051500000000000004	0.7018647571913657	17.399122807017545	3967	1.447925454415803	1980.7620216408184
chr3	141565001	141585000	chr3	141565001	141925000	360000	20000	11.14236111111111	95.0%	0.039	0.7017890142856616	0.041499999999999995	0.7017890142856616	11.14236111111111	3209	1.6547192010161698	1906.2365195706275
chr18	31410001	31435000	chr18	31410001	31570000	160000	25000	21.53125	98.0%	0.0315	0.6960534036796673	0.035500000000000004	0.6960534036796673	21.53125	3445	1.8687918921611515	1495.0335137289212
chr10	58155001	58185000	chr10	58155001	58395000	240000	30000	16.333333333333332	95.0%	0.039	0.6942534478824893	0.041499999999999995	0.6942534478824893	16.333333333333332	4704	1.9105684622189667	3301.4623027143743
chr10	91230001	91255000	chr10	90900001	91255000	355000	25000	12.833802816901407	95.0%	0.033	0.6848733617814321	0.036	0.6848733617814321	12.83380281690141	4556	2.8997209620291002	5147.004707601653
chr4	7065001	7085000	chr4	6865001	7085000	220000	20000	13.215909090909092	98.0%	0.0395	0.6825625143968981	0.043	0.6825625143968981	13.215909090909092	2326	1.2378971080006276	871.4795640324418
chr3	42240001	42260000	chr3	42240001	42560000	320000	20000	11.94921875	95.0%	0.047	0.6814464214357032	0.0505	0.6814464214357032	11.94921875	3059	2.6781506219386477	2742.4262368651753
chr2	108210001	108235000	chr2	108210001	108455000	245000	25000	15.746938775510204	96.0%	0.03	0.6780518555307413	0.032	0.6780518555307413	15.746938775510204	3858	1.4521398792208564	1778.871352045549
chr12	12695001	12715000	chr12	11545001	12715000	1170000	20000	4.147435897435898	95.0%	0.0485	0.674694265838884	0.051000000000000004	0.674694265838884	4.147435897435898	3882	2.7440871991679208	10273.862473684696
chr7	117705001	117725000	chr7	117210001	117725000	515000	20000	8.983009708737864	95.0%	0.044	0.6713657576551215	0.046	0.6713657576551215	8.983009708737864	3701	2.725917218236843	4492.3115756543175
chr2	130320001	130340000	chr2	129945001	130340000	395000	20000	8.933544303797468	96.0%	0.033	0.668428269085063	0.036	0.668428269085063	8.933544303797468	2823	1.2365072616147195	1562.9451786810055
chr6	113100001	113120000	chr6	113100001	113800000	700000	20000	8.871428571428572	95.0%	0.0435	0.6621233370567114	0.0455	0.6621233370567114	8.871428571428572	4968	2.0252805331663026	4536.628394292518
chr3	142260001	142280000	chr3	141950001	142280000	330000	20000	12.594696969696969	95.0%	0.043	0.6583156992716029	0.045	0.6583156992716029	12.594696969696969	3325	1.7581782735283418	1856.636256845929
chr11	2040001	2065000	chr11	2040001	2375000	335000	25000	19.859701492537315	95.0%	0.043	0.6564166917217367	0.046	0.6564166917217367	19.859701492537315	6653	1.9075535069885305	3195.152124205789
chr1	31645001	31670000	chr1	31645001	31795000	150000	25000	19.9	95.0%	0.0285	0.6507297629933069	0.032	0.6507297629933069	19.9	2985	1.5290135034128804	1146.7601275596603
chr12	48155001	48175000	chr12	47855001	48175000	320000	20000	11.140625	95.0%	0.0355	0.6438932333241597	0.038	0.6438932333241597	11.140625	2852	1.981111110382695	2028.6577770318797
chr8	100935001	100955000	chr8	100935001	101215000	280000	20000	12.522321428571429	97.0%	0.044	0.6431175436712563	0.0465	0.6431175436712563	12.522321428571429	2805	2.125913573611188	1904.8185619556243
chr4	3975001	3995000	chr4	3975001	4170000	195000	20000	12.75	98.0%	0.034	0.6405538099874792	0.038	0.6405538099874792	12.75	1989	1.2987432589627708	810.415793592769
chr11	10315001	10335000	chr11	9625001	10335000	710000	20000	6.286971830985915	96.0%	0.045	0.6355256283519365	0.048	0.6355256283519365	6.286971830985915	3571	2.6338013715617854	5983.996716188376
chr2	138355001	138375000	chr2	137890001	138375000	485000	20000	9.301546391752575	95.0%	0.046	0.6293011827025937	0.052	0.6293011827025937	9.301546391752577	3609	2.2263992919436633	3455.3717010965656
chr4	10530001	10550000	chr4	10250001	10550000	300000	20000	11.258333333333333	96.0%	0.0315	0.6233983743861546	0.034	0.6233983743861546	11.258333333333333	2702	1.3913502804529765	1335.6962692348575
chr3	153030001	153045000	chr3	153030001	153485000	455000	15000	8.098901098901099	96.0%	0.04	0.616796108507903	0.043	0.616796108507903	8.098901098901099	2211	1.9542912042735887	1600.564496300069
chr3	87285001	87305000	chr3	87285001	88035000	750000	20000	6.51	95.0%	0.033	0.6161696518362646	0.0325	0.6161696518362646	6.51	3906	2.8970417326854734	6952.900158445136
chr2	98400001	98420000	chr2	98400001	98610000	210000	20000	16.077380952380953	97.0%	0.0445	0.6140229577598699	0.047	0.6140229577598699	16.077380952380953	2701	1.4141941528528734	950.3384707171309
chr8	102805001	102830000	chr8	102140001	102830000	690000	25000	5.407246376811594	97.0%	0.039	0.6110270345876095	0.040499999999999994	0.6110270345876095	5.407246376811594	3731	1.9928145483016848	6875.210191640813
chr8	144115001	144135000	chr8	144115001	144360000	245000	20000	14.408163265306122	95.0%	0.028	0.6018161111411825	0.031	0.6018161111411825	14.408163265306122	2824	1.4113081755304204	1106.4656096158496
chr5	150420001	150440000	chr5	150115001	150440000	325000	20000	11.007692307692308	96.0%	0.036	0.5937406881004877	0.038	0.5937406881004877	11.007692307692308	2862	1.5096113379040264	1569.9957914201875
chr1	119365001	119385000	chr1	119365001	119610000	245000	20000	13.43877551020408	96.0%	0.029	0.5926865086543802	0.033	0.5926865086543802	13.438775510204081	2634	1.6656433446573098	1305.8643822113308
chr7	74380001	74400000	chr7	74195001	74400000	205000	20000	14.725609756097562	97.0%	0.022	0.5869207975292362	0.024	0.5869207975292362	14.725609756097562	2415	1.4720232874154175	965.6472765445139
chr1	19860001	19880000	chr1	19715001	19880000	165000	20000	20.51515151515152	96.0%	0.031	0.5817785705203052	0.033	0.5817785705203052	20.515151515151516	2708	1.795443432456899	947.9941323372427
chr7	5985001	6010000	chr7	5985001	6225000	240000	25000	12.429166666666667	97.0%	0.026	0.5512876325080299	0.0275	0.5512876325080299	12.429166666666667	2983	1.4201590472573058	1704.190856708767
chr5	56185001	56205000	chr5	55705001	56205000	500000	20000	8.52	95.0%	0.041	0.5380779044655218	0.045	0.5380779044655218	8.52	3408	2.4414113166573337	3906.2581066517337
chr5	42895001	42915000	chr5	42895001	43115000	220000	20000	15.232954545454543	97.0%	0.0295	0.534821448367107	0.033	0.534821448367107	15.232954545454545	2681	1.505641545264597	1059.9716478662763
chr6	167900001	167925000	chr6	167900001	168140000	240000	25000	15.791666666666666	95.0%	0.047	0.5295692088761098	0.052000000000000005	0.5295692088761098	15.791666666666666	3790	1.5862190415343327	1903.4628498411992
chr13	21460001	21480000	chr13	21120001	21480000	360000	20000	10.145833333333334	95.0%	0.0419999999999999	0.5066045415349024	0.0445	0.5066045415349024	10.145833333333334	2922	2.1604972316957842	2488.8928109135436
chr14	22645001	22665000	chr14	22645001	22865000	220000	20000	15.244318181818182	95.0%	0.038	0.506405230173203	0.040499999999999994	0.506405230173203	15.244318181818182	2683	1.9793619361232375	1393.4708030307593
chr3	58305001	58330000	chr3	58305001	58635000	330000	25000	11.78181818181818	95.0%	0.0455	0.4963695176518445	0.047	0.49636951765184456	11.781818181818181	3888	1.6106652823956011	2657.597715952742
chr12	27000001	27025000	chr12	26840001	27025000	185000	25000	17.745945945945945	97.0%	0.032	0.4949496971336401	0.034	0.4949496971336401	17.745945945945945	3283	1.610608903507343	1489.8132357442923
chr6	52220001	52240000	chr6	52040001	52240000	200000	20000	19.86875	98.0%	0.0455	0.4944322983237926	0.0505	0.4944322983237926	19.86875	3179	1.9551830459167312	1251.317149386708
chr6	27180001	27205000	chr6	27180001	27715000	535000	25000	7.930841121495327	96.0%	0.05	0.4802460736051768	0.053	0.4802460736051768	7.930841121495327	4243	1.898184940293603	5077.644715285388
chr2	100965001	100985000	chr2	100590001	100985000	395000	20000	10.275316455696204	95.0%	0.044	0.4766698421080344	0.049	0.4766698421080344	10.275316455696203	3247	2.1417086107783416	2707.1196840238235
chr22	40680001	40700000	chr22	40680001	40895000	215000	20000	15.372093023255816	96.0%	0.046	0.4698846668461188	0.049	0.46988466684611885	15.372093023255815	2644	3.391514566559313	2333.3620217928074
chr11	112095001	112115000	chr11	112095001	112285000	190000	20000	19.29605263157895	96.0%	0.0289999999999999	0.4678235471388355	0.032	0.46782354713883556	19.29605263157895	2933	1.6376393798402227	995.6847429428553
chr5	910001	930000	chr5	910001	1175000	265000	20000	11.391509433962264	96.0%	0.038	0.4656673240715594	0.042	0.4656673240715594	11.391509433962264	2415	1.433000072764882	1215.1840617046198
chr1	212460001	212480000	chr1	212460001	212790000	330000	20000	10.344696969696969	96.0%	0.0495	0.465278812899584	0.053000000000000005	0.46527881289958406	10.344696969696969	2731	1.9926376431080064	2104.2253511220547
chr2	64640001	64665000	chr2	64640001	64850000	210000	25000	24.64761904761905	97.0%	0.018	0.4615496806744301	0.0185	0.4615496806744301	24.64761904761905	5176	2.338711520711758	2455.647096747346
chr11	12885001	12905000	chr11	12365001	12905000	540000	20000	8.06712962962963	95.0%	0.0345	0.4608525089533201	0.036500000000000005	0.4608525089533201	8.06712962962963	3485	2.810780372699694	4857.0284840250715
chr12	95105001	95125000	chr12	95105001	95360000	255000	20000	14.22549019607843	95.0%	0.042	0.457806025226967	0.046	0.45780602522696706	14.22549019607843	2902	1.7993136234067681	1468.2399166999228
chr1	32695001	32715000	chr1	32695001	32895000	200000	20000	15.06875	95.0%	0.0404999999999999	0.4533669528187522	0.045	0.4533669528187522	15.06875	2411	1.5668414754258762	1002.7785442725608
chr10	123945001	123965000	chr10	123615001	123965000	350000	20000	10.603571428571428	95.0%	0.046	0.4488357915987796	0.048	0.4488357915987796	10.603571428571428	2969	1.8502188663634704	2072.245130327087
chr17	1045001	1065000	chr17	1045001	1195000	150000	20000	17.241666666666667	96.0%	0.0355	0.4271854006690908	0.039999999999999994	0.42718540066909083	17.241666666666667	2069	1.4463259563097244	694.2364590286677
chr8	121820001	121840000	chr8	121530001	121840000	310000	20000	12.112903225806452	95.0%	0.043	0.4236207993018639	0.0465	0.42362079930186397	12.112903225806452	3004	2.0560350050005423	2039.5867249605378
chr4	54825001	54845000	chr4	54305001	54845000	540000	20000	7.847222222222222	95.0%	0.0325	0.417451693669786	0.033	0.417451693669786	7.847222222222222	3390	2.475346462207395	4277.398686694379
chr2	37805001	37835000	chr2	37405001	37835000	430000	30000	17.511627906976745	97.0%	0.0135	0.4041632472241773	0.014	0.40416324722417735	17.511627906976745	9036	4.244376688990401	13140.590229114281
chr8	10575001	10595000	chr8	10575001	10825000	250000	20000	12.125	96.0%	0.041	0.3978432757927491	0.0445	0.39784327579274914	12.125	2425	1.9013801797722345	1521.1041438177876
chr2	20065001	20095000	chr2	19945001	20095000	150000	30000	26.355555555555554	98.0%	0.0325	0.3934028258443676	0.0335	0.3934028258443676	26.355555555555554	4744	1.865779371267174	2015.041720968548
chr19	755001	780000	chr19	755001	925000	170000	25000	14.558823529411764	95.0%	0.045	0.3884153212156103	0.048	0.3884153212156103	14.558823529411764	2475	1.1859756149526137	1008.0792727097216
chr12	122735001	122755000	chr12	122300001	122755000	455000	20000	8.288461538461538	95.0%	0.048	0.3852343377455627	0.05	0.3852343377455627	8.288461538461538	3017	1.5584933017622582	2269.166247365848
chr7	99900001	99925000	chr7	99900001	100085000	185000	25000	18.854054054054053	98.0%	0.03	0.3771123560732091	0.034	0.3771123560732091	18.854054054054053	3488	1.6375570332934384	1514.7402557964306
chr6	148920001	148950000	chr6	148605001	148950000	345000	30000	13.38647342995169	95.0%	0.049	0.3769373609513223	0.052	0.37693736095132235	13.38647342995169	5542	2.202911230195	5472.031495804379
chr11	5720001	5745000	chr11	5120001	5745000	625000	25000	10.232	95.0%	0.047	0.3613227865617405	0.049	0.3613227865617405	10.232	6395	2.813430452067156	8791.970162709862
chr2	156570001	156600000	chr2	155670001	156600000	930000	30000	5.670250896057348	95.0%	0.0315	0.3520026823550667	0.0335	0.35200268235506676	5.670250896057348	6328	2.399758273180146	16068.781397214258
chr18	50205001	50235000	chr18	50205001	50430000	225000	30000	15.866666666666667	96.0%	0.038	0.3520005132545782	0.043	0.35200051325457826	15.866666666666667	4284	1.7484391582884549	2832.471436427297
chr10	90900001	90920000	chr10	90900001	91290000	390000	20000	10.60897435897436	96.0%	0.0424999999999999	0.3459668317233405	0.0455	0.34596683172334053	10.60897435897436	3310	2.5310286128356583	3158.7237088189017
chr20	58230001	58250000	chr20	58230001	58445000	215000	20000	14.813953488372093	97.0%	0.032	0.3450514702363484	0.036	0.34505147023634847	14.813953488372093	2548	1.818977253617869	1251.456350489094
chr2	209545001	209565000	chr2	209325001	209565000	240000	20000	17.932291666666668	96.0%	0.039	0.3257379734985993	0.042	0.3257379734985993	17.932291666666668	3443	2.2114624801238887	1698.4031847351466
chr10	97855001	97875000	chr10	97695001	97875000	180000	20000	19.42361111111111	95.0%	0.045	0.314789852718275	0.0495	0.31478985271827503	19.42361111111111	2797	1.6202222421521553	933.2480114796415
chr16	57575001	57600000	chr16	57575001	57735000	160000	25000	20.40625	96.0%	0.038	0.3093788107952482	0.0405	0.3093788107952482	20.40625	3265	2.3641597635353118	1891.3278108282493
chr6	51845001	51870000	chr6	51845001	52025000	180000	25000	20.93888888888889	97.0%	0.03	0.2953892431246701	0.034	0.2953892431246701	20.93888888888889	3769	1.9749185508988496	1777.4266958089647
chr1	93290001	93315000	chr1	93290001	93440000	150000	25000	22.55333333333333	96.0%	0.047	0.2918951295494452	0.052000000000000005	0.2918951295494452	22.553333333333335	3383	1.7489914278231466	1311.74357086736
chr19	11285001	11305000	chr19	11285001	11455000	170000	20000	15.816176470588236	96.0%	0.0435	0.2902098652930324	0.0465	0.29020986529303244	15.816176470588236	2151	1.8120956318585537	985.7800237310532
chr5	75660001	75680000	chr5	75400001	75680000	280000	20000	13.308035714285714	97.0%	0.0435	0.2637299397397824	0.0465	0.2637299397397824	13.308035714285714	2981	1.6563225670959976	1484.0650201180138
chr17	4555001	4575000	chr17	4555001	4705000	150000	20000	19.55	95.0%	0.039	0.2572653628703044	0.043	0.25726536287030444	19.55	2346	1.5806868028807264	758.7296653827486
chr1	203205001	203225000	chr1	203030001	203225000	195000	20000	19.275641025641026	96.0%	0.034	0.2558509301997576	0.037	0.25585093019975763	19.275641025641026	3007	2.4146691830827574	1506.7535702436405
chr2	120335001	120355000	chr2	120335001	120555000	220000	20000	13.346590909090908	96.0%	0.0275	0.2486325093094261	0.0315	0.24863250930942615	13.346590909090908	2349	1.4367223500996282	1011.4525344701383
chr10	110275001	110295000	chr10	110030001	110295000	265000	20000	15.641509433962264	96.0%	0.032	0.2462940178601709	0.034	0.24629401786017094	15.641509433962264	3316	2.06687968088709	1752.7139693922525
chr6	27885001	27910000	chr6	27760001	27910000	150000	25000	18.546666666666667	98.0%	0.0209999999999999	0.242580656818659	0.022	0.24258065681865906	18.546666666666667	2782	1.213530011428579	910.1475085714343
chr2	137825001	137845000	chr2	136940001	137845000	905000	20000	5.357734806629834	96.0%	0.043	0.2368902223024959	0.045	0.23689022230249593	5.357734806629834	3879	2.3827172123272358	6900.349046899674
chr3	73045001	73065000	chr3	72850001	73065000	215000	20000	16.6453488372093	97.0%	0.032	0.2368834977189676	0.033	0.2368834977189676	16.6453488372093	2863	2.0984956202489533	1443.7649867312798
chr12	80745001	80765000	chr12	80400001	80765000	365000	20000	11.26027397260274	95.0%	0.044	0.2303095382295189	0.046	0.2303095382295189	11.26027397260274	3288	1.97843727465453	2310.814736796491
chr7	54235001	54260000	chr7	54235001	54570000	335000	25000	11.528358208955224	96.0%	0.048	0.2232858203610312	0.05	0.22328582036103128	11.528358208955224	3862	1.4744788190055538	2469.7520218343025
chr15	90135001	90155000	chr15	90135001	90345000	210000	20000	15.19047619047619	95.0%	0.036	0.2156488866479823	0.0405	0.21564888664798232	15.19047619047619	2552	1.879877415388554	1263.2776231411083
chr13	94350001	94370000	chr13	92950001	94370000	1420000	20000	3.7403169014084505	95.0%	0.038	0.2151301905860065	0.0395	0.21513019058600652	3.7403169014084505	4249	4.428849087451011	20124.690253377397
chr8	26370001	26390000	chr8	26370001	26570000	200000	20000	15.9875	97.0%	0.039	0.2084088076503747	0.041999999999999996	0.2084088076503747	15.9875	2558	1.5643436693611328	1001.179948391125
chr5	136160001	136180000	chr5	135885001	136180000	295000	20000	14.40677966101695	96.0%	0.034	0.1963171805300593	0.037	0.1963171805300593	14.40677966101695	3400	2.244371861942891	2118.687037674089
chr10	72205001	72230000	chr10	72055001	72230000	175000	25000	18.011428571428574	97.0%	0.038	0.1862642731167154	0.04	0.1862642731167154	18.01142857142857	3152	1.5703244804195318	1374.0339203670903
chr1	47425001	47445000	chr1	47425001	47740000	315000	20000	10.833333333333334	95.0%	0.036	0.181061362808468	0.04	0.18106136280846805	10.833333333333334	2730	2.6085819616050436	2629.450617297884
chr15	81265001	81295000	chr15	81265001	81405000	140000	30000	23.2202380952381	96.0%	0.048	0.1664982855702304	0.051000000000000004	0.16649828557023047	23.220238095238095	3901	2.4498479662724346	2469.446750002614
chr7	100690001	100710000	chr7	100690001	100855000	165000	20000	16.96969696969697	97.0%	0.035	0.1461870098816206	0.038	0.1461870098816206	16.96969696969697	2240	1.4315879712159174	755.8784488020044
chr12	7790001	7810000	chr12	7645001	7810000	165000	20000	15.916666666666666	95.0%	0.046	0.1333330678948901	0.051	0.13333306789489016	15.916666666666666	2101	1.355249295929022	715.5716282505236
chr1	91615001	91635000	chr1	91615001	91935000	320000	20000	13.25	97.0%	0.036	0.1178766544918504	0.0395	0.11787665449185049	13.25	3392	2.4012867109785794	2458.9175920420653
chr10	125855001	125875000	chr10	125855001	126030000	175000	20000	18.40714285714286	97.0%	0.038	0.1139667829281692	0.042	0.11396678292816922	18.40714285714286	2577	1.2901713082361315	722.4959326122337
chr2	222320001	222340000	chr2	222320001	222605000	285000	20000	15.267543859649123	97.0%	0.05	0.1073187986993171	0.051	0.1073187986993171	15.267543859649123	3481	2.0885250039236496	1904.7348035783684
chr12	122035001	122060000	chr12	122035001	122195000	160000	25000	18.8625	95.0%	0.0235	0.0948334833210444	0.025500000000000002	0.09483348332104444	18.8625	3018	1.4801128055452402	1184.090244436192
chr11	47335001	47360000	chr11	47160001	47360000	200000	25000	14.265	96.0%	0.0465	0.080539189168454	0.0505	0.08053918916845403	14.265	2853	1.2852300214103112	1285.230021410311
chr11	102600001	102620000	chr11	102295001	102620000	325000	20000	12.707692307692309	96.0%	0.023	0.0805304469760369	0.025	0.0805304469760369	12.707692307692307	3304	2.7740453956417293	2885.0072114673985
chr7	73715001	73740000	chr7	73585001	73740000	155000	25000	17.193548387096776	97.0%	0.039	0.0799505724354289	0.042	0.07995057243542894	17.193548387096776	2665	1.2037802835741689	932.9297197699809
chr3	120390001	120410000	chr3	120230001	120410000	180000	20000	21.21527777777778	98.0%	0.038	0.0796374718556336	0.041	0.07963747185563363	21.21527777777778	3055	1.873697215647604	1079.24959621302
chr6	128465001	128485000	chr6	127720001	128485000	765000	20000	8.549019607843137	96.0%	0.049	0.0719720734056952	0.052	0.07197207340569528	8.549019607843137	5232	2.1287293264180325	5211.129391071344
chr15	92780001	92800000	chr15	92780001	93025000	245000	20000	12.668367346938776	95.0%	0.041	0.0701497375323205	0.044	0.07014973753232051	12.668367346938776	2483	2.1334160591730784	1672.5981903916936
chr5	133860001	133880000	chr5	133440001	133880000	440000	20000	9.670454545454543	96.0%	0.0315	0.0437182263690021	0.0335	0.04371822636900212	9.670454545454545	3404	2.3061369102428944	3247.040769621995
chr3	185345001	185365000	chr3	185345001	185580000	235000	20000	15.808510638297872	97.0%	0.039	0.0338267820311996	0.043	0.033826782031199654	15.808510638297872	2972	1.618073117458498	1216.7909843287905
chr12	99385001	99405000	chr12	99385001	99770000	385000	20000	13.204545454545457	96.0%	0.048	0.0064474684451121	0.053	0.00644746844511218	13.204545454545455	4067	3.3825148083573997	4167.258243896316
chr13	111040001	111060000	chr13	110825001	111060000	235000	20000	14.73936170212766	96.0%	0.047	0.0055158889738392	0.049	0.005515888973839217	14.73936170212766	2771	1.8798412541473668	1413.6406231188198
chr12	64680001	64700000	chr12	64550001	64700000	150000	20000	23.116666666666667	98.0%	0.033	0.0009975240906866	0.036000000000000004	0.0009975240906866455	23.116666666666667	2774	2.061408325092353	989.4759960443295
