Unnamed: 0.3,Unnamed: 0.2,Unnamed: 0.1,Unnamed: 0,chr1,start1,end1,chr2,start2,end2,status,ctrl_signal,rbp1_signal,log2FC,log2FC_clipped,condition,distance,loop_id,comp_switch_A1,comp_switch_A2,loop_class,source,CTCF_signal,H3K27me3_signal,H3K4me3_signal,rad21_signal,GC_mean,GC_diff,E1_anchor1_ctrl,E1_anchor1_rbp1,E1_anchor2_ctrl,E1_anchor2_rbp1,delta_E1_anchor1,delta_E1_anchor2,ATAC_signal,status_slop,status_slop2,status_slop3,anchor1_id,anchor2_id,cre_categorization,gene_id
8,8,8,8,chr1,6105000,6110000,chr1,6240000,6245000,shared,,,0.0,0.0,shared,135000,8,,,uncategorized,ctrl,15.270481,0.5414823,0.8553917,0.03482447,0.5964,0.0164,,0.8293455113240956,,,,,0.17377159,shared_2.5kb,shared_10kb,shared_0kb,anchor1_8,anchor2_8,promoter-enhancer,RNF207
29,29,29,29,chr1,9782500,9787500,chr1,9862500,9867500,shared,0.0491330547021674,0.0387432988699654,-0.342747137055419,-0.342747137055419,shared,80000,29,stable,stable,inter-TAD,ctrl,10.14769,8.275272,0.188543,0.034904007,0.511,0.0631999999999999,0.6748699925967264,0.8426933688204861,0.8351787170344092,0.6900573742705363,0.1678233762237596,-0.1451213427638729,0.051564902,shared_2.5kb,shared_10kb,shared_0kb,anchor1_29,anchor2_29,enhancer-enhancer,CLSTN1
71,71,71,71,chr1,21222500,21227500,chr1,21572500,21577500,shared,0.0154270209249217,0.0100328246473248,-0.6207316530741869,-0.6207316530741869,shared,350000,71,stable,stable,intra-TAD,ctrl,3.0997772,0.0941708,0.188543,0.039089043,0.5409999999999999,0.0348,0.463573872805017,0.4565809593601253,0.5980565956259969,0.6520914039067366,-0.0069929134448917,0.0540348082807397,0.057612695,shared_2.5kb,shared_10kb,shared_0kb,anchor1_71,anchor2_71,enhancer-other,ECE1
77,77,77,77,chr1,22665000,22670000,chr1,22960000,22965000,shared,0.025277722740995,0.0275363466968164,0.1234706692773536,0.1234706692773536,shared,295000,77,stable,stable,uncategorized,ctrl,15.107338,0.23542725,0.19892533,0.053034913,0.5062,0.0319999999999999,0.5874706286737447,0.558544841079831,0.4923354562093378,0.5366890131372872,-0.0289257875939136,0.0443535569279494,0.07444534,shared_2.5kb,shared_10kb,shared_0kb,anchor1_77,anchor2_77,promoter-enhancer,EPHB2
78,78,78,78,chr1,22672500,22677500,chr1,22882500,22887500,shared,0.0197343540449,0.0302415185386597,0.6158212874771787,0.6158212874771787,shared,210000,78,stable,stable,intra-TAD,ctrl,10.865537,0.37668344,0.47189197,0.044437893,0.5421,0.0033999999999999,0.5874706286737447,0.558544841079831,0.6613848960470387,0.6474867638675003,-0.0289257875939136,-0.0138981321795383,0.0809457,shared_2.5kb,shared_10kb,shared_0kb,anchor1_78,anchor2_78,enhancer-enhancer,EPHB2
97,97,97,97,chr1,27045000,27050000,chr1,27095000,27100000,shared,0.0636717318083655,0.0524135967532867,-0.2807118908914195,-0.2807118908914195,shared,50000,97,stable,stable,intra-TAD,ctrl,0.26103398,7.6278477,0.1993884,0.02704326,0.5062,0.002,1.0174514129012484,0.7988658631331944,0.8261704186731188,0.7069563102120444,-0.218585549768054,-0.1192141084610743,0.04703909,shared_2.5kb,shared_10kb,shared_0kb,anchor1_97,anchor2_97,enhancer-enhancer,SLC9A1
98,98,98,98,chr1,27045000,27050000,chr1,27285000,27290000,shared,0.0128791247120096,0.0249858114339114,0.9560745228035264,0.9560745228035264,shared,240000,98,stable,stable,intra-TAD,ctrl,2.0882711,0.18834177,0.19284436,0.035472687,0.5139,0.0173999999999999,1.0174514129012484,0.7988658631331944,0.6403334192185397,0.5152047588694348,-0.218585549768054,-0.1251286603491048,0.04412593,shared_2.5kb,shared_10kb,shared_0kb,anchor1_98,anchor2_98,enhancer-enhancer,SLC9A1
99,99,99,99,chr1,27102500,27107500,chr1,27282500,27287500,shared,0.0573756800181457,0.0662517254284013,0.2075186804261131,0.2075186804261131,shared,180000,99,stable,stable,inter-TAD,ctrl,2.904001,1.0241086,0.23015249,0.036675487,0.5012,0.0887999999999999,0.7359788589106834,0.7813499213209681,0.6403334192185397,0.5152047588694348,0.0453710624102847,-0.1251286603491048,0.04688523,shared_2.5kb,shared_10kb,shared_0kb,anchor1_99,anchor2_99,enhancer-enhancer,SLC9A1
100,100,100,100,chr1,27295000,27300000,chr1,27660000,27665000,shared,0.0131094304739227,0.0133854809742545,0.0300639691191987,0.0300639691191987,shared,365000,100,stable,stable,intra-TAD,ctrl,1.5662038,0.71805346,0.188543,0.046488374,0.5203,0.0045999999999999,0.6403334192185397,0.5152047588694348,0.7299038112578821,0.6566647169096879,-0.1251286603491048,-0.0732390943481942,0.048827633,shared_2.5kb,shared_10kb,shared_0kb,anchor1_100,anchor2_100,promoter-enhancer,MAP3K6
102,102,102,102,chr1,28402500,28407500,chr1,28602500,28607500,shared,0.0229868516406324,0.0186462186084981,-0.3019257966851053,-0.3019257966851053,shared,200000,102,stable,stable,intra-TAD,ctrl,4.5680923,0.18834184,0.26276758,0.043009154,0.4303,0.0661999999999999,0.9232838941315192,0.774906168701161,0.6814535688007447,0.7439567910140753,-0.1483777254303581,0.0625032222133306,0.048208743,shared_2.5kb,shared_10kb,shared_0kb,anchor1_102,anchor2_102,enhancer-other,"PHACTR4,SNORA73B"
154,154,154,154,chr1,43525000,43530000,chr1,43930000,43935000,shared,0.0124144966240663,0.0144906038177603,0.2230919475577673,0.2230919475577673,shared,405000,154,stable,stable,intra-TAD,ctrl,2.871373,0.6474254,0.19032171,0.04691621,0.5498000000000001,0.0819999999999999,0.6540040917416834,0.6267094808799777,0.7163027195040411,0.7313121754158787,-0.0272946108617057,0.0150094559118375,0.047225446,shared_2.5kb,shared_10kb,shared_0kb,anchor1_154,anchor2_154,promoter-enhancer,PTPRF
349,349,349,349,chr1,117072500,117077500,chr1,117752500,117757500,shared,0.0037937958215565,0.0053472345477973,0.495150923230958,0.495150923230958,shared,680000,349,stable,stable,inter-TAD,ctrl,3.6544747,0.0941708,0.19711314,0.040582474,0.4168,0.0008,0.2451744084333047,0.2880007911217695,-0.3453826947205776,-0.2404503039814492,0.0428263826884647,0.1049323907391283,0.059854858,shared_2.5kb,shared_10kb,shared_0kb,anchor1_349,anchor2_349,enhancer-enhancer,TENT5C
354,354,354,354,chr1,119370000,119375000,chr1,119675000,119680000,shared,0.0115192215699146,0.0122235866344212,0.0856244340118593,0.0856244340118593,shared,305000,354,stable,stable,uncategorized,ctrl,10.408722,2.1423893,0.188543,0.049376596,0.4348999999999999,0.0306,-0.0301057595925617,0.0283350693660673,0.398298587947924,0.4107340649307017,0.0584408289586291,0.0124354769827776,0.060593024,shared_2.5kb,shared_10kb,shared_0kb,anchor1_354,anchor2_354,enhancer-enhancer,PHGDH
358,358,358,358,chr1,119472500,119477500,chr1,119672500,119677500,shared,0.0152297063837252,0.0147930116442578,-0.0419723338289634,-0.0419723338289634,shared,200000,358,stable,stable,uncategorized,ctrl,0.48943868,1.9305044,0.33080965,0.024441104,0.4363,0.0438,0.2777566518462581,0.242706027796634,0.398298587947924,0.4107340649307017,-0.035050624049624,0.0124354769827776,0.04190649,shared_2.5kb,shared_10kb,shared_0kb,anchor1_358,anchor2_358,enhancer-other,PHGDH
359,359,359,359,chr1,119615000,119620000,chr1,119665000,119670000,shared,0.0488960888013902,0.0526661230695396,0.1071561931635301,0.1071561931635301,shared,50000,359,stable,stable,intra-TAD,ctrl,2.3819346,0.3766837,0.18854299,0.033580974,0.4501,0.0178,0.430220709901418,0.3769667661271076,0.398298587947924,0.4107340649307017,-0.0532539437743104,0.0124354769827776,0.03891026,shared_2.5kb,shared_10kb,shared_0kb,anchor1_359,anchor2_359,enhancer-enhancer,PHGDH
366,366,366,366,chr1,151020000,151025000,chr1,151155000,151160000,shared,0.0247140101825227,0.0213307491824131,-0.2123944892876031,-0.2123944892876031,shared,135000,366,stable,stable,intra-TAD,ctrl,1.1093941,6.568424,0.2033571,0.02716405,0.4861,0.0146,1.124369884870208,1.2036893804963158,1.165267131133766,1.1605344495137022,0.0793194956261078,-0.0047326816200639,0.037957467,shared_2.5kb,shared_10kb,shared_0kb,anchor1_366,anchor2_366,promoter-enhancer,GABPB2
461,461,461,461,chr1,180182500,180187500,chr1,180412500,180417500,shared,0.0169869457235968,0.0180077307201567,0.0841899113562309,0.0841899113562309,shared,230000,461,stable,stable,intra-TAD,ctrl,1.337799,0.28251272,0.3504934,0.02716623,0.458,0.1964,0.37102562855416,0.4025069119288957,0.1231900090210444,0.0340912655615288,0.0314812833747357,-0.0890987434595155,0.08185191,shared_2.5kb,shared_10kb,shared_0kb,anchor1_461,anchor2_461,enhancer-enhancer,QSOX1
462,462,462,462,chr1,180182500,180187500,chr1,180482500,180487500,shared,0.0173396903315414,0.0175187686710968,0.0148232430612663,0.0148232430612663,shared,300000,462,stable,stable,intra-TAD,ctrl,0.78310174,3.0840979,0.188543,0.035261177,0.4641,0.1842,0.37102562855416,0.4025069119288957,0.1720394984607086,0.1800469645506193,0.0314812833747357,0.0080074660899107,0.0557066,shared_2.5kb,shared_10kb,shared_0kb,anchor1_462,anchor2_462,enhancer-enhancer,QSOX1
471,471,471,471,chr1,182960000,182965000,chr1,183185000,183190000,shared,0.017321224219027,0.0144544423044266,-0.2610279531937948,-0.2610279531937948,shared,225000,471,stable,stable,intra-TAD,ctrl,11.257084,0.30605543,0.188543,0.03904689,0.4139,0.0445999999999999,0.7811391151054131,0.7698388092761858,1.004239781337547,1.033380411514525,-0.0113003058292273,0.0291406301769781,0.056218643,shared_2.5kb,shared_10kb,shared_0kb,anchor1_471,anchor2_471,promoter-enhancer,LAMC2
518,518,518,518,chr1,203502500,203507500,chr1,203702500,203707500,shared,0.0508198836605689,0.0532010571647425,0.0660618412766154,0.0660618412766154,shared,200000,518,stable,stable,inter-TAD,ctrl,1.3377981,3.731524,0.20154595,0.025209574,0.4767,0.0449999999999999,0.9092108466143513,0.8887131216410273,0.9018638812509217,0.8951660652347022,-0.0204977249733239,-0.0066978160162194,0.050826043,shared_2.5kb,shared_10kb,shared_0kb,anchor1_518,anchor2_518,enhancer-enhancer,ATP2B4
534,534,534,534,chr1,206725000,206730000,chr1,206980000,206985000,shared,0.0179049815231394,0.0134741908055977,-0.4101623955569475,-0.4101623955569475,shared,255000,534,stable,stable,intra-TAD,ctrl,8.353084,0.54148275,0.188543,0.034298327,0.4770999999999999,0.0729999999999999,0.8988007214306486,0.8004035266246189,0.9174082434016828,0.8341495304181442,-0.0983971948060297,-0.0832587129835384,0.08589515,shared_2.5kb,shared_10kb,shared_0kb,anchor1_534,anchor2_534,enhancer-enhancer,PIGR
535,535,535,535,chr1,207080000,207085000,chr1,207500000,207505000,shared,0.0228998926157486,0.016992736002799,-0.4304226733670424,-0.4304226733670424,shared,420000,535,stable,,intra-TAD,ctrl,11.126568,1.0241089,0.27724552,0.042123243,0.3759,0.0121999999999999,0.7378097770916262,0.680921915637827,,0.5718480492362709,-0.0568878614537992,,0.09791305,shared_2.5kb,shared_10kb,shared_0kb,anchor1_535,anchor2_535,enhancer-other,CR2
550,550,550,550,chr1,211320000,211325000,chr1,211655000,211660000,shared,0.0113073357113913,0.0091424579588691,-0.3066050421188317,-0.3066050421188317,shared,335000,550,stable,stable,intra-TAD,ctrl,1.4030577,17.092028,0.188543,0.038021993,0.4134,0.0479999999999999,0.3112561609723406,0.3146692651951719,0.3907118409325213,0.3472896655700541,0.0034131042228313,-0.0434221753624672,0.054930747,shared_2.5kb,shared_10kb,shared_0kb,anchor1_550,anchor2_550,enhancer-enhancer,SLC30A1
551,551,551,551,chr1,211470000,211475000,chr1,211655000,211660000,shared,0.0150610609775286,0.0175785633164232,0.2229937605055821,0.2229937605055821,shared,185000,551,stable,stable,intra-TAD,ctrl,7.0479126,0.75336707,0.22649646,0.038575195,0.4335,0.0078,0.3042205339628572,0.2196120986917207,0.3907118409325213,0.3472896655700541,-0.0846084352711365,-0.0434221753624672,0.06577541,shared_2.5kb,shared_10kb,shared_0kb,anchor1_551,anchor2_551,enhancer-enhancer,SLC30A1
552,552,552,552,chr1,211515000,211520000,chr1,211655000,211660000,shared,0.0168422216817713,0.0168334753818367,-0.0007493976324684,-0.0007493976324684,shared,140000,552,stable,stable,intra-TAD,ctrl,2.3166757,15.079125,0.188543,0.023335839,0.4838,0.0928,0.5205539215558829,0.5277318846059218,0.3907118409325213,0.3472896655700541,0.0071779630500389,-0.0434221753624672,0.055838324,shared_2.5kb,shared_10kb,shared_0kb,anchor1_552,anchor2_552,enhancer-enhancer,SLC30A1
553,553,553,553,chr1,211572500,211577500,chr1,211662500,211667500,shared,0.0224491896218745,0.0219748948760092,-0.0308071032444731,-0.0308071032444731,shared,90000,553,stable,stable,inter-TAD,ctrl,2.3493054,15.079125,0.188543,0.022722209,0.3499,0.0389999999999999,0.5231398926909219,0.5990444871309677,0.3907118409325213,0.3472896655700541,0.0759045944400458,-0.0434221753624672,0.0573354,shared_2.5kb,shared_10kb,shared_0kb,anchor1_553,anchor2_553,enhancer-enhancer,SLC30A1
583,583,583,583,chr1,221972500,221977500,chr1,223022500,223027500,shared,0.0127615146022477,0.0122835218345046,-0.0550753075778176,-0.0550753075778176,shared,1050000,583,stable,stable,intra-TAD,ctrl,1.0115064,0.9181661,0.22233844,0.038887814,0.4726,0.0292,0.2454996744849889,0.0961672346765451,0.1102158838223266,0.1961447135994642,-0.1493324398084438,0.0859288297771376,0.02807654,shared_2.5kb,shared_10kb,shared_0kb,anchor1_583,anchor2_583,enhancer-enhancer,LINC02474
599,599,599,599,chr1,225470000,225475000,chr1,225975000,225980000,shared,0.0367964289799033,0.0311493342961174,-0.2403644311850475,-0.2403644311850475,shared,505000,599,stable,stable,intra-TAD,ctrl,1.0115066,0.09417095,0.188543,0.023811148,0.5255000000000001,0.0978,0.5536023423510736,0.5184257428331488,0.6773828448405971,0.667520620029376,-0.0351765995179248,-0.0098622248112211,0.051998124,shared_2.5kb,shared_10kb,shared_0kb,anchor1_599,anchor2_599,enhancer-enhancer,EPHX1
600,600,600,600,chr1,225472500,225477500,chr1,225842500,225847500,shared,0.0194003799284298,0.0194394671680292,0.0029037697099667,0.0029037697099667,shared,370000,600,stable,stable,intra-TAD,ctrl,3.1650352,0.18834175,0.188543,0.022864424,0.5648,0.016,0.5536023423510736,0.5184257428331488,0.8571616615919013,0.9435477656507496,-0.0351765995179248,0.0863861040588481,0.15454017,shared_2.5kb,shared_10kb,shared_0kb,anchor1_600,anchor2_600,enhancer-enhancer,EPHX1
611,611,611,611,chr1,229260000,229265000,chr1,230310000,230315000,shared,0.0057393994550177,0.0091515361682276,0.6731141454841469,0.6731141454841469,shared,1050000,611,stable,stable,uncategorized,ctrl,32.694473,4.826262,0.18854302,0.073224895,0.4576,0.0171999999999999,0.7201632949968731,0.5949655458790772,0.3387232611360588,0.4141314527891927,-0.1251977491177959,0.0754081916531339,0.077373795,shared_2.5kb,shared_10kb,shared_0kb,anchor1_611,anchor2_611,enhancer-other,GALNT2
613,613,613,613,chr1,229412500,229417500,chr1,231832500,231837500,shared,0.0133079307330256,0.0072494672108551,-0.8763393868691571,-0.8763393868691571,shared,2420000,613,stable,stable,intra-TAD,ctrl,6.1995535,3.2959843,0.188543,0.04420653,0.4642,0.0315999999999999,0.8345633768144821,0.7862993793758744,0.4468084804185341,0.4259210368579277,-0.0482639974386077,-0.0208874435606064,0.05470428,shared_2.5kb,shared_10kb,shared_0kb,anchor1_613,anchor2_613,enhancer-other,GALNT2
677,677,677,677,chr10,4810000,4815000,chr10,5290000,5295000,shared,0.0099178996591347,0.0105226700172456,0.0853942852515166,0.0853942852515166,shared,480000,677,stable,stable,uncategorized,ctrl,8.90778,0.25896993,0.2385563,0.033123225,0.4515,0.0382,,,1.2664833925415002,1.0553320023207464,,-0.2111513902207538,0.1974998,shared_2.5kb,shared_10kb,shared_0kb,anchor1_677,anchor2_677,enhancer-enhancer,AKR1C3
678,678,678,678,chr10,4822500,4827500,chr10,5422500,5427500,shared,0.0067470531620028,0.0086717237791468,0.3620612738886894,0.3620612738886894,shared,600000,678,stable,stable,intra-TAD,ctrl,3.1976657,0.0,0.20279336,0.03605101,0.4069,0.1533999999999999,0.6532835022970065,0.7902110052109032,0.6955319472677131,0.632639845429182,0.1369275029138966,-0.0628921018385311,0.04334237,shared_2.5kb,shared_10kb,shared_0kb,anchor1_678,anchor2_678,promoter-enhancer,AKR1C3
679,679,679,679,chr10,4842500,4847500,chr10,5382500,5387500,shared,0.011186387458625,0.0125458578393673,0.1654669138938642,0.1654669138938642,shared,540000,679,stable,stable,intra-TAD,ctrl,0.0,0.1883416,0.188543,0.024878193,0.4825,0.1174,0.4477152643777058,0.4245520981219675,0.4443354991435553,0.5330070817580725,-0.0231631662557383,0.0886715826145171,0.039948877,shared_2.5kb,shared_10kb,shared_0kb,anchor1_679,anchor2_679,enhancer-other,AKR1C3
680,680,680,680,chr10,4850000,4855000,chr10,5430000,5435000,shared,0.0084647908271977,0.0093512821917772,0.1436897740278121,0.1436897740278121,shared,580000,680,stable,stable,intra-TAD,ctrl,14.063206,2.1423895,0.188543,0.044644315,0.3954999999999999,0.065,0.5302959805578267,0.4743259390693452,0.7233611313520499,0.5805510308888352,-0.0559700414884814,-0.1428101004632147,0.055487044,shared_2.5kb,shared_10kb,shared_0kb,anchor1_680,anchor2_680,enhancer-enhancer,AKR1C3
681,681,681,681,chr10,4850000,4855000,chr10,5280000,5285000,shared,0.0215687120948329,0.0216096674424791,0.0027368370605727,0.0027368370605727,shared,430000,681,stable,stable,intra-TAD,ctrl,13.019071,3.1782703,0.188543,0.048301168,0.4126999999999999,0.0306,0.6442865442533705,0.5690593111005428,0.5553875811382921,0.5014993307631576,-0.0752272331528277,-0.0538882503751345,0.047414906,shared_2.5kb,shared_10kb,shared_0kb,anchor1_681,anchor2_681,enhancer-enhancer,AKR1C3
683,683,683,683,chr10,5090000,5095000,chr10,5285000,5290000,shared,0.0210600949092879,0.0190455712359346,-0.1450563785555786,-0.1450563785555786,shared,195000,683,stable,stable,intra-TAD,ctrl,2.6103392,0.094170995,0.19062471,0.027144631,0.3822,0.0499999999999999,0.8198906163178981,0.7089442935848639,1.1088488534145315,0.9499484856965223,-0.1109463227330341,-0.158900367718009,0.061717734,shared_2.5kb,shared_10kb,shared_0kb,anchor1_683,anchor2_683,promoter-other,AKR1C3
816,816,816,816,chr10,58412500,58417500,chr10,58532500,58537500,shared,0.0140855426180094,0.0159961492154886,0.1835095022991007,0.1835095022991007,shared,120000,816,stable,stable,intra-TAD,ctrl,8.450968,0.2825125,0.37554055,0.038777385,0.393,0.0952,0.6540040917416834,0.6267094808799777,0.7571364703920895,0.8062346734826566,-0.0272946108617057,0.0490982030905671,0.17151354,shared_2.5kb,shared_10kb,shared_0kb,anchor1_816,anchor2_816,enhancer-enhancer,BICC1
817,817,817,817,chr10,58775000,58780000,chr10,59225000,59230000,shared,0.0129985830805001,0.0131691160996884,0.0188041464737672,0.0188041464737672,shared,450000,817,stable,stable,intra-TAD,ctrl,22.612055,0.45908308,0.188543,0.057804607,0.3557,0.0541999999999999,0.6821930392592275,0.6003255057036871,0.8290621739565386,0.8459772729790103,-0.0818675335555403,0.0169150990224716,0.06303917,shared_2.5kb,shared_10kb,shared_0kb,anchor1_817,anchor2_817,enhancer-other,BICC1
818,818,818,818,chr10,58780000,58785000,chr10,59620000,59625000,shared,0.0134989560069952,0.0130919866384122,-0.044163800201176,-0.044163800201176,shared,840000,818,stable,stable,uncategorized,ctrl,13.508501,2.1070743,0.20374808,0.061077416,0.4033,0.0585999999999999,0.7163027195040411,0.7313121754158787,0.7439407787766186,0.7033969018863538,0.0150094559118375,-0.0405438768902647,0.0601273,shared_2.5kb,shared_10kb,shared_0kb,anchor1_818,anchor2_818,enhancer-enhancer,BICC1
819,819,819,819,chr10,58782500,58787500,chr10,59172500,59177500,shared,0.014680338651065,0.0101188736654415,-0.536836536952148,-0.536836536952148,shared,390000,819,stable,stable,inter-TAD,ctrl,14.55263,0.3649122,0.5279731,0.04763975,0.4086,0.1008,0.7172020243528205,0.7021471368663228,0.8212036152643424,0.8577909314291157,-0.0150548874864977,0.0365873161647732,0.093461715,shared_2.5kb,shared_10kb,shared_0kb,anchor1_819,anchor2_819,promoter-enhancer,BICC1
855,855,855,855,chr10,69005000,69010000,chr10,69390000,69395000,shared,0.0085844229541446,0.0041395553685201,-1.052245343835987,-1.052245343835987,shared,385000,855,stable,stable,intra-TAD,ctrl,8.353085,1.0476515,0.2191957,0.06082794,0.4298999999999999,0.1446,0.3714430577126117,0.3599574292253194,0.0594123256548215,0.0903266610461902,-0.0114856284872922,0.0309143353913687,0.04221618,shared_2.5kb,shared_10kb,shared_0kb,anchor1_855,anchor2_855,enhancer-enhancer,HK1
857,857,857,857,chr10,69232500,69237500,chr10,69512500,69517500,shared,0.0131951912821769,0.0116600926957652,-0.1784330068695953,-0.1784330068695953,shared,280000,857,stable,stable,inter-TAD,ctrl,1.566204,0.1883418,0.188543,0.02565104,0.4616,0.028,-0.0535871690380191,0.0191841027307165,-0.2417314881176106,-0.2414341051207853,0.0727712717687357,0.0002973829968252,0.04613012,shared_2.5kb,shared_10kb,shared_0kb,anchor1_857,anchor2_857,promoter-other,HK1
970,970,970,970,chr10,99395000,99400000,chr10,99605000,99610000,shared,0.0115074349962955,0.0078094305917872,-0.5592770267868152,-0.5592770267868152,shared,210000,970,stable,stable,intra-TAD,ctrl,0.52206796,2.1894746,0.188543,0.028157156,0.4334,0.0111999999999999,0.3642203395692471,0.3205994292022827,0.2184232506561531,0.1681726790254594,-0.0436209103669644,-0.0502505716306937,0.036088273,shared_2.5kb,shared_10kb,shared_0kb,anchor1_970,anchor2_970,enhancer-enhancer,GOT1
976,976,976,976,chr10,100300000,100305000,chr10,100510000,100515000,shared,0.0121198064341351,0.0138559183107286,0.1931356719557922,0.1931356719557922,shared,210000,976,stable,stable,intra-TAD,ctrl,1.109394,0.15302755,0.188543,0.024358258,0.4286999999999999,0.0117999999999999,-0.7112119941857005,-0.7196380849793442,-0.781322344121064,-0.684104729040443,-0.0084260907936437,0.0972176150806211,0.070847854,shared_2.5kb,shared_10kb,shared_0kb,anchor1_976,anchor2_976,enhancer-enhancer,SCD
977,977,977,977,chr10,100332500,100337500,chr10,100432500,100437500,shared,0.0455952310689645,0.0434368968652822,-0.0699618962286553,-0.0699618962286553,shared,100000,977,stable,stable,inter-TAD,ctrl,3.1324062,3.9198666,0.18874487,0.03381473,0.443,0.022,0.1078981322171838,0.0833486913108794,0.1991792975055635,0.1867549268547119,-0.0245494409063044,-0.0124243706508516,0.042348463,shared_2.5kb,shared_10kb,shared_0kb,anchor1_977,anchor2_977,enhancer-other,SCD
978,978,978,978,chr10,100340000,100345000,chr10,100510000,100515000,shared,0.0156546380570402,0.0110298046272965,-0.5051829165743308,-0.5051829165743308,shared,170000,978,stable,stable,intra-TAD,ctrl,3.1324062,3.7315247,0.188543,0.033470053,0.4613,0.0534,0.1991792975055635,0.1867549268547119,-0.3025199231502548,-0.2980316042471858,-0.0124243706508516,0.004488318903069,0.03858018,shared_2.5kb,shared_10kb,shared_0kb,anchor1_978,anchor2_978,enhancer-enhancer,SCD
1000,1000,1000,1000,chr10,104285000,104290000,chr10,104350000,104355000,shared,0.0226980299198572,0.0218816689343773,-0.0528443059767845,-0.0528443059767845,shared,65000,1000,stable,stable,uncategorized,ctrl,4.600722,0.0,0.60367304,0.031785406,0.4254,0.0572,0.4515102465015367,0.3745814544580949,0.3938708673237049,0.2341632488880032,-0.0769287920434417,-0.1597076184357016,0.18427536,shared_2.5kb,shared_10kb,shared_0kb,anchor1_1000,anchor2_1000,promoter-enhancer,ITPRIP
1070,1070,1070,1070,chr11,195000,200000,chr11,355000,360000,shared,,,0.0,0.0,shared,160000,1070,,,uncategorized,ctrl,4.2091694,0.09417095,0.20163627,0.04318998,0.5738000000000001,0.0899999999999999,1.2005231208288287,1.2381376620994216,1.2199064214499646,1.093516011607368,0.0376145412705928,-0.1263904098425965,0.03238257,shared_2.5kb,shared_10kb,shared_0kb,anchor1_1070,anchor2_1070,enhancer-other,"ENSG00000255026,PGGHG"
1072,1072,1072,1072,chr11,1640000,1645000,chr11,2150000,2155000,shared,0.0091167867481044,0.0072926814545693,-0.3220760513903422,-0.3220760513903422,shared,510000,1072,stable,stable,uncategorized,ctrl,31.813505,0.1883418,0.34460104,0.04074143,0.5843,0.029,0.5539903089587324,0.5184344591791533,0.1211130302984513,0.1626824596187127,-0.035555849779579,0.0415694293202614,0.115733646,shared_2.5kb,shared_10kb,shared_0kb,anchor1_1072,anchor2_1072,enhancer-other,"SYT8,TNNI2"
1073,1073,1073,1073,chr11,1662500,1667500,chr11,1992500,1997500,shared,,,0.0,0.0,shared,330000,1073,stable,stable,intra-TAD,ctrl,17.815552,0.0941709,0.21326053,0.033964124,0.6163,0.0585999999999999,0.5539903089587324,0.5184344591791533,-0.421675428992501,-0.4096592813303137,-0.035555849779579,0.0120161476621872,0.2239618,shared_2.5kb,shared_10kb,shared_0kb,anchor1_1073,anchor2_1073,promoter-other,"SYT8,TNNI2"
1074,1074,1074,1074,chr11,1690000,1695000,chr11,1995000,2000000,shared,0.021629165879874,0.0203623843852893,-0.0870715220581699,-0.0870715220581699,shared,305000,1074,stable,stable,intra-TAD,ctrl,5.9058905,0.17657036,0.188543,0.026157167,0.6239,0.0141999999999999,0.4267212208557813,0.3636045139394742,-0.2787543083100167,-0.2595520491834255,-0.063116706916307,0.0192022591265911,0.047630318,shared_2.5kb,shared_10kb,shared_0kb,anchor1_1074,anchor2_1074,enhancer-other,"SYT8,TNNI2"
1075,1075,1075,1075,chr11,1690000,1695000,chr11,1945000,1950000,shared,0.0158455618491703,0.0138563246370779,-0.1935341792675875,-0.1935341792675875,shared,255000,1075,stable,stable,intra-TAD,ctrl,2.3493052,2.1070745,0.188543,0.034311134,0.6313,0.029,0.4267212208557813,0.3636045139394742,0.3344998847887498,0.4508272121784905,-0.063116706916307,0.1163273273897406,0.04582621,shared_2.5kb,shared_10kb,shared_0kb,anchor1_1075,anchor2_1075,enhancer-other,"SYT8,TNNI2"
1076,1076,1076,1076,chr11,1760000,1765000,chr11,1825000,1830000,shared,0.0328527314470266,0.0362574834271139,0.1422654691284085,0.1422654691284085,shared,65000,1076,stable,stable,intra-TAD,ctrl,3.5565858,0.44731185,0.1978982,0.028745078,0.6308,0.0123999999999999,0.4267212208557813,0.3636045139394742,0.3522981957290059,0.316218291702098,-0.063116706916307,-0.0360799040269079,0.05591611,shared_2.5kb,shared_10kb,shared_0kb,anchor1_1076,anchor2_1076,promoter-enhancer,SYT8
1077,1077,1077,1077,chr11,1830000,1835000,chr11,2000000,2005000,shared,0.0151963646991525,0.0151460765804706,-0.0047821126320854,-0.0047821126320854,shared,170000,1077,stable,stable,intra-TAD,ctrl,1.8272371,0.29428414,0.188543,0.028780438,0.5952999999999999,0.0845999999999999,0.4267212208557813,0.3636045139394742,0.5391015851956721,0.4587463615894372,-0.063116706916307,-0.0803552236062348,0.041362405,shared_2.5kb,shared_10kb,shared_0kb,anchor1_1077,anchor2_1077,promoter-other,"SYT8,TNNI2"
1083,1083,1083,1083,chr11,2425000,2430000,chr11,2890000,2895000,shared,0.0184359762879566,0.0215134576200266,0.222715594590055,0.222715594590055,shared,465000,1083,stable,stable,intra-TAD,ctrl,0.52206796,0.18834162,0.20493805,0.02356774,0.5948,0.0183999999999999,-0.2787543083100167,-0.2595520491834255,-0.421675428992501,-0.4096592813303137,0.0192022591265911,0.0120161476621872,0.13617957,shared_2.5kb,shared_10kb,shared_0kb,anchor1_1083,anchor2_1083,enhancer-enhancer,KCNQ1
1084,1084,1084,1084,chr11,2432500,2437500,chr11,2522500,2527500,shared,0.0482771531697316,0.0498233489441417,0.0454813924770351,0.0454813924770351,shared,90000,1084,stable,stable,inter-TAD,ctrl,9.592994,0.12948485,0.19651282,0.041066684,0.5866,0.0256,-0.4935386097863672,-0.482544963166815,-0.8042823860964426,-0.703647982558935,0.0109936466195522,0.1006344035375076,0.13811792,shared_2.5kb,shared_10kb,shared_0kb,anchor1_1084,anchor2_1084,enhancer-other,KCNQ1
1085,1085,1085,1085,chr11,2532500,2537500,chr11,2882500,2887500,shared,0.0339248942179231,0.0429680658355078,0.3409205199526741,0.3409205199526741,shared,350000,1085,stable,stable,inter-TAD,ctrl,3.36081,0.6591966,0.188543,0.024757482,0.6365000000000001,0.0554,-1.0418271336217466,-1.0729288012683385,-0.4541833006685729,-0.4687492812578993,-0.0311016676465918,-0.0145659805893263,0.051586337,shared_2.5kb,shared_10kb,shared_0kb,anchor1_1085,anchor2_1085,promoter-enhancer,KCNQ1
1113,1113,1113,1113,chr11,9162500,9167500,chr11,9502500,9507500,shared,0.014828991185242,0.0137307002862501,-0.1110152477681657,-0.1110152477681657,shared,340000,1113,stable,stable,intra-TAD,ctrl,1.3051695,0.0,0.21663001,0.03776768,0.4257,0.0262,-0.7024473281380844,-0.6052086523261074,-0.380620203949471,-0.3693476074768083,0.0972386758119769,0.0112725964726627,0.04295601,shared_2.5kb,shared_10kb,shared_0kb,anchor1_1113,anchor2_1113,enhancer-enhancer,SNORA23
1199,1199,1199,1199,chr11,34532500,34537500,chr11,35402500,35407500,shared,0.0034103056599926,0.0050658313760285,0.5708980041430468,0.5708980041430468,shared,870000,1199,stable,stable,intra-TAD,ctrl,5.4164543,0.09417095,0.188543,0.032073647,0.4341,0.0206,-0.2424429319123568,-0.2681974654565406,-0.178107890685027,-0.2165685502108069,-0.0257545335441838,-0.0384606595257799,0.066666394,shared_2.5kb,shared_10kb,shared_0kb,anchor1_1199,anchor2_1199,enhancer-enhancer,CD44
1202,1202,1202,1202,chr11,34920000,34925000,chr11,35395000,35400000,shared,0.0452708858327111,0.0533426888938845,0.2367070133483005,0.2367070133483005,shared,475000,1202,stable,stable,intra-TAD,ctrl,7.243689,4.7556314,0.188543,0.053471982,0.395,0.0575999999999999,-0.2020651387700395,-0.1860915735982501,0.1476044581123709,0.1680011619353824,0.0159735651717894,0.0203967038230115,0.057604052,shared_2.5kb,shared_10kb,shared_0kb,anchor1_1202,anchor2_1202,enhancer-other,CD44
1203,1203,1203,1203,chr11,34925000,34930000,chr11,35480000,35485000,shared,0.0077216938268251,0.0065603612511126,-0.2351420909648384,-0.2351420909648384,shared,555000,1203,stable,stable,uncategorized,ctrl,0.5220679,0.6591963,0.18854302,0.023779921,0.3721,0.0665999999999999,-0.1310539197988796,-0.1175669036903351,0.0499750780321305,0.0493517622491153,0.0134870161085445,-0.0006233157830152,0.060699172,shared_2.5kb,shared_10kb,shared_0kb,anchor1_1203,anchor2_1203,enhancer-enhancer,CD44
1204,1204,1204,1204,chr11,34932500,34937500,chr11,35232500,35237500,shared,0.0085373543487497,0.0099704974209581,0.2238764208768833,0.2238764208768833,shared,300000,1204,stable,stable,inter-TAD,ctrl,1.8598661,0.3649122,0.188543,0.031532116,0.3997,0.0138,0.0499750780321305,0.0493517622491153,0.2557113124560414,0.3020206014550163,-0.0006233157830152,0.0463092889989749,0.045065917,shared_2.5kb,shared_10kb,shared_0kb,anchor1_1204,anchor2_1204,enhancer-enhancer,CD44
1205,1205,1205,1205,chr11,34995000,35000000,chr11,35390000,35395000,shared,0.0175754732027434,0.0142550621012809,-0.3020892086999955,-0.3020892086999955,shared,395000,1205,stable,stable,intra-TAD,ctrl,0.7831019,0.5061685,0.18980417,0.026820607,0.3945999999999999,0.1124,0.4039838659457233,0.3091357263826937,0.2557113124560414,0.3020206014550163,-0.0948481395630295,0.0463092889989749,0.08633209,shared_2.5kb,shared_10kb,shared_0kb,anchor1_1205,anchor2_1205,enhancer-enhancer,CD44
1265,1265,1265,1265,chr11,60822500,60827500,chr11,61182500,61187500,shared,0.0181906316111877,0.0177988748368672,-0.0314095932864244,-0.0314095932864244,shared,360000,1265,stable,stable,inter-TAD,ctrl,9.136181,1.9422755,0.20996834,0.033932112,0.4719,0.0478,0.3266652184760707,0.4410897827075283,0.2611841873264426,0.2259657565749072,0.1144245642314576,-0.0352184307515354,0.04808013,shared_2.5kb,shared_10kb,shared_0kb,anchor1_1265,anchor2_1265,enhancer-other,CCDC86
1266,1266,1266,1266,chr11,60830000,60835000,chr11,60890000,60895000,shared,0.0282743786789068,0.0252367530952585,-0.1639690134553052,-0.1639690134553052,shared,60000,1266,stable,stable,intra-TAD,ctrl,7.3742127,2.931071,0.188543,0.058609057,0.4544,0.0099999999999999,-0.3633607986298731,-0.3017075855339465,-0.2087137856197392,-0.1964003247734272,0.0616532130959265,0.012313460846312,0.04605095,shared_2.5kb,shared_10kb,shared_0kb,anchor1_1266,anchor2_1266,enhancer-enhancer,CCDC86
1271,1271,1271,1271,chr11,61472500,61477500,chr11,61632500,61637500,shared,0.0393629252344822,0.0530819180552305,0.4313830640457021,0.4313830640457021,shared,160000,1271,stable,stable,uncategorized,ctrl,8.4836,0.28251275,0.20554277,0.047722567,0.5069,0.0286,-0.2087137856197392,-0.1964003247734272,-0.4428575496557432,-0.4038359067483814,0.012313460846312,0.0390216429073618,0.056413386,shared_2.5kb,shared_10kb,shared_0kb,anchor1_1271,anchor2_1271,enhancer-enhancer,SYT7
1326,1326,1326,1326,chr11,77125000,77130000,chr11,77550000,77555000,shared,0.0164930794049868,0.01199875568872,-0.4589759866850833,-0.4589759866850833,shared,425000,1326,stable,stable,uncategorized,ctrl,8.548859,0.0,0.19360147,0.03860561,0.5174000000000001,0.1016,0.694533911074036,0.7885087243560578,0.5980632348386441,0.5721924719058422,0.0939748132820218,-0.0258707629328018,0.1535745,shared_2.5kb,shared_10kb,shared_0kb,anchor1_1326,anchor2_1326,promoter-enhancer,CAPN5
1379,1379,1379,1379,chr11,95155000,95160000,chr11,95705000,95710000,shared,0.0309850578710786,0.0314157720937724,0.0199163742534818,0.0199163742534818,shared,550000,1379,stable,stable,intra-TAD,ctrl,2.3166757,6.5213385,0.188543,0.026848704,0.4251,0.0509999999999999,,,,,,,0.029676042,shared_2.5kb,shared_10kb,shared_0kb,anchor1_1379,anchor2_1379,enhancer-enhancer,SESN3
1449,1449,1449,1449,chr11,119660000,119665000,chr11,120015000,120020000,shared,0.0199487289567078,0.0141284374331093,-0.4976949110033931,-0.4976949110033931,shared,355000,1449,stable,stable,intra-TAD,ctrl,2.0882719,0.6121106,0.188543,0.043691006,0.5247,0.121,0.8799579247210934,0.791166429536242,0.7770127967137567,0.7477247598407751,-0.0887914951848513,-0.0292880368729815,0.048588376,shared_2.5kb,shared_10kb,shared_0kb,anchor1_1449,anchor2_1449,enhancer-enhancer,NECTIN1
1467,1467,1467,1467,chr11,124402500,124407500,chr11,124862500,124867500,shared,0.0049433030594089,0.003806374598289,-0.3770578074579945,-0.3770578074579945,shared,460000,1467,stable,stable,intra-TAD,ctrl,1.3051698,0.37668365,0.21656966,0.029165778,0.4951,0.1233999999999999,-0.6666887345888068,-0.6859595380787792,-0.556007538154688,-0.43086432907567,-0.0192708034899723,0.1251432090790179,0.05283414,shared_2.5kb,shared_10kb,shared_0kb,anchor1_1467,anchor2_1467,promoter-enhancer,SIAE
1469,1469,1469,1469,chr11,124662500,124667500,chr11,124832500,124837500,shared,0.0334905182041954,0.0305316408809734,-0.1334475719850791,-0.1334475719850791,shared,170000,1469,stable,stable,intra-TAD,ctrl,24.700336,0.5885678,0.21310326,0.074521855,0.4344,0.0044,-0.6240335884110884,-0.5985535655743933,-0.9062399773488016,-0.8711528341070501,0.025480022836695,0.0350871432417513,0.12194842,shared_2.5kb,shared_10kb,shared_0kb,anchor1_1469,anchor2_1469,enhancer-other,SIAE
1481,1481,1481,1481,chr11,128032500,128037500,chr11,128832500,128837500,shared,0.0065849239162384,0.0054375221384049,-0.2762174016700681,-0.2762174016700681,shared,800000,1481,stable,stable,uncategorized,ctrl,3.1650364,1.353707,0.2728912,0.037653964,0.4484,0.0032,0.6597294307794881,0.6314050189221366,0.4954567050553549,0.4657792118960429,-0.0283244118573514,-0.029677493159312,0.037787616,shared_2.5kb,shared_10kb,shared_0kb,anchor1_1481,anchor2_1481,enhancer-enhancer,ETS1
1482,1482,1482,1482,chr11,128162500,128167500,chr11,128832500,128837500,shared,0.0098525209288556,0.0129077244322411,0.3896698690150619,0.3896698690150619,shared,670000,1482,stable,stable,uncategorized,ctrl,1.5009454,17.868937,0.188543,0.022647008,0.4216,0.0568,0.1605036093209771,0.1276452073912649,-0.2640806271847326,-0.2297347940689033,-0.0328584019297122,0.0343458331158293,0.035450026,shared_2.5kb,shared_10kb,shared_0kb,anchor1_1482,anchor2_1482,enhancer-enhancer,ETS1
1483,1483,1483,1483,chr11,128165000,128170000,chr11,128770000,128775000,shared,0.009756252950361,0.0101937666980326,0.0632881716799359,0.0632881716799359,shared,605000,1483,stable,stable,intra-TAD,ctrl,3.2955527,3.8845506,0.27233258,0.03172341,0.4319,0.0717999999999999,-0.5341929938697029,-0.4043378030543862,-0.5253311317424454,-0.5198978720348217,0.1298551908153166,0.0054332597076236,0.036746833,shared_2.5kb,shared_10kb,shared_0kb,anchor1_1483,anchor2_1483,enhancer-other,ETS1
1491,1491,1491,1491,chr11,129922500,129927500,chr11,130132500,130137500,shared,0.0381245078696494,0.033978869160772,-0.1660808751724212,-0.1660808751724212,shared,210000,1491,stable,stable,intra-TAD,ctrl,1.5662034,2.989929,0.223149,0.03001739,0.4303,0.0746,1.097664194047455,1.097451355847292,0.8756953531470506,0.8877018350142579,-0.0002128382001629,0.0120064818672073,0.040671833,shared_2.5kb,shared_10kb,shared_0kb,anchor1_1491,anchor2_1491,enhancer-enhancer,APLP2
1492,1492,1492,1492,chr11,129990000,129995000,chr11,130130000,130135000,shared,0.0192619242793958,0.0176999501840972,-0.1220065367030097,-0.1220065367030097,shared,140000,1492,stable,stable,intra-TAD,ctrl,7.765755,5.403059,0.18929717,0.03701158,0.4383,0.0157999999999999,0.4338714081627998,0.5728595823868298,0.4321583581679487,0.4761736694895518,0.1389881742240299,0.0440153113216031,0.045760173,shared_2.5kb,shared_10kb,shared_0kb,anchor1_1492,anchor2_1492,enhancer-enhancer,APLP2
1493,1493,1493,1493,chr11,130005000,130010000,chr11,130065000,130070000,shared,0.0261109623490367,0.0227257280563447,-0.2003291165020975,-0.2003291165020975,shared,60000,1493,stable,stable,intra-TAD,ctrl,3.6218445,5.873914,0.188543,0.03677836,0.4491,0.0837999999999999,0.1956483483617776,0.331019308182752,0.6271774522871822,0.6528591973339638,0.1353709598209744,0.0256817450467815,0.046783693,shared_2.5kb,shared_10kb,shared_0kb,anchor1_1493,anchor2_1493,promoter-enhancer,APLP2
1644,1644,1644,1644,chr12,50825000,50830000,chr12,51030000,51035000,shared,0.0166097291479899,0.0148416609101321,-0.1623759966735388,-0.1623759966735388,shared,205000,1644,stable,stable,intra-TAD,ctrl,16.510387,0.0941708,1.0106547,0.040747337,0.4405,0.0382,0.1682222374716477,0.280209359833161,0.2128747277427558,0.2076246161617522,0.1119871223615132,-0.0052501115810036,0.23357491,shared_2.5kb,shared_10kb,shared_0kb,anchor1_1644,anchor2_1644,enhancer-other,TMT1A
1710,1710,1710,1710,chr12,68220000,68225000,chr12,68315000,68320000,shared,0.0232912361279993,0.0237826652015628,0.0301231903394938,0.0301231903394938,shared,95000,1710,stable,stable,intra-TAD,ctrl,3.621844,5.1205454,0.188543,0.036841504,0.3602999999999999,0.0186,0.8198906163178981,0.7089442935848639,0.5553875811382921,0.5014993307631576,-0.1109463227330341,-0.0538882503751345,0.048814498,shared_2.5kb,shared_10kb,shared_0kb,anchor1_1710,anchor2_1710,enhancer-enhancer,MDM1
1796,1796,1796,1796,chr12,98422500,98427500,chr12,98652500,98657500,shared,0.0120944331436498,0.0116743815266819,-0.05099703059399,-0.05099703059399,shared,230000,1796,stable,stable,inter-TAD,ctrl,6.134297,2.189474,0.23290606,0.049734686,0.4322,0.0212,0.6403334192185397,0.5152047588694348,0.7471188822442337,0.6396193538428115,-0.1251286603491048,-0.1074995284014221,0.06639222,shared_2.5kb,shared_10kb,shared_0kb,anchor1_1796,anchor2_1796,enhancer-enhancer,SNORA53
1797,1797,1797,1797,chr12,98562500,98567500,chr12,98652500,98657500,shared,0.0215903219062684,0.0231166747395961,0.0985491319126165,0.0985491319126165,shared,90000,1797,stable,stable,inter-TAD,ctrl,21.959486,0.3178268,0.20493805,0.07174696,0.4264,0.0096,0.7299038112578821,0.6566647169096879,0.7345752625219995,0.7161556415201525,-0.0732390943481942,-0.0184196210018469,0.088801414,shared_2.5kb,shared_10kb,shared_0kb,anchor1_1797,anchor2_1797,enhancer-enhancer,SNORA53
1803,1803,1803,1803,chr12,99802500,99807500,chr12,100552500,100557500,shared,0.0056871209845637,0.003390515188809,-0.7461939881460024,-0.7461939881460024,shared,750000,1803,stable,stable,inter-TAD,ctrl,8.842521,0.1177137,0.188543,0.03176737,0.3843,0.0277999999999999,0.5675540979975292,0.5132951266929194,0.4516022883307642,0.6876841663508643,-0.0542589713046097,0.2360818780201,0.1043489,shared_2.5kb,shared_10kb,shared_0kb,anchor1_1803,anchor2_1803,enhancer-other,SLC17A8
1819,1819,1819,1819,chr12,104200000,104205000,chr12,105050000,105055000,shared,0.0114918604383942,0.0124641201131143,0.1171686639714278,0.1171686639714278,shared,850000,1819,stable,stable,intra-TAD,ctrl,0.4241802,2.1188471,0.20152652,0.044016466,0.4102,0.0355999999999999,0.5679362487075712,0.5185466622838845,0.1706337632230652,0.2345791260693943,-0.0493895864236867,0.0639453628463291,0.031282913,shared_2.5kb,shared_10kb,shared_0kb,anchor1_1819,anchor2_1819,enhancer-enhancer,CHST11
1821,1821,1821,1821,chr12,104382500,104387500,chr12,104822500,104827500,shared,0.0170805956752986,0.0232968178009069,0.4477746163088718,0.4477746163088718,shared,440000,1821,stable,stable,intra-TAD,ctrl,3.2955558,0.6591962,0.21425341,0.02725571,0.4414,0.0124,-0.1893305294597239,-0.2237281718179667,0.1401380607542253,0.1249315169295563,-0.0343976423582428,-0.0152065438246689,0.04343711,shared_2.5kb,shared_10kb,shared_0kb,anchor1_1821,anchor2_1821,enhancer-other,CHST11
1824,1824,1824,1824,chr12,105422500,105427500,chr12,106282500,106287500,shared,0.0060075390228861,0.0051780551605208,-0.2143637806435722,-0.2143637806435722,shared,860000,1824,stable,stable,intra-TAD,ctrl,3.099777,0.09417085,0.18942404,0.037981108,0.4267999999999999,0.0144,0.8658674182040162,0.5718636760562558,0.8835191916385993,0.7356268990132484,-0.2940037421477605,-0.1478922926253508,0.059762884,shared_2.5kb,shared_10kb,shared_0kb,anchor1_1824,anchor2_1824,enhancer-other,CKAP4
1826,1826,1826,1826,chr12,106225000,106230000,chr12,106280000,106285000,shared,0.053431456681252,0.0497094766993818,-0.1041684334870183,-0.1041684334870183,shared,55000,1826,stable,stable,intra-TAD,ctrl,3.1650352,0.1883419,0.5032629,0.02328477,0.4323,0.0529999999999999,0.3767439949011291,0.3525437335682245,0.3954474318159298,0.3888252569357189,-0.0242002613329045,-0.0066221748802108,0.06414384,shared_2.5kb,shared_10kb,shared_0kb,anchor1_1826,anchor2_1826,enhancer-enhancer,CKAP4
1829,1829,1829,1829,chr12,108560000,108565000,chr12,109090000,109095000,shared,0.0125801563976301,0.0080462848608523,-0.6447551386471767,-0.6447551386471767,shared,530000,1829,stable,stable,uncategorized,ctrl,2.0882711,1.7421628,0.19448137,0.023067497,0.4982999999999999,0.0137999999999999,0.6416572284429205,0.6829905994774,0.6278021883346914,0.7244399933761514,0.0413333710344795,0.09663780504146,0.08216927,shared_2.5kb,shared_10kb,shared_0kb,anchor1_1829,anchor2_1829,promoter-promoter,SELPLG
1830,1830,1830,1830,chr12,108565000,108570000,chr12,108800000,108805000,shared,0.0277900491693822,0.02309976212998,-0.2666903915724028,-0.2666903915724028,shared,235000,1830,stable,stable,intra-TAD,ctrl,0.0,5.3795156,0.188543,0.028550588,0.4423,0.0002,0.5503479556489937,0.6147324934366276,0.3785470820117887,0.4245848052567051,0.0643845377876338,0.0460377232449163,0.038528204,shared_2.5kb,shared_10kb,shared_0kb,anchor1_1830,anchor2_1830,enhancer-enhancer,SELPLG
1841,1841,1841,1841,chr12,111750000,111755000,chr12,111810000,111815000,shared,0.0568208649919596,0.0525958220673883,-0.1114725900012681,-0.1114725900012681,shared,60000,1841,stable,stable,uncategorized,ctrl,2.2840474,4.3083205,0.188543,0.023952268,0.4862,0.0252,0.6060838639285863,0.5341449863467352,0.8972900348935993,0.8350499988535818,-0.071938877581851,-0.0622400360400174,0.044438735,shared_2.5kb,shared_10kb,shared_0kb,anchor1_1841,anchor2_1841,enhancer-enhancer,ALDH2
1860,1860,1860,1860,chr12,116702500,116707500,chr12,117122500,117127500,shared,0.0068026258108381,0.0069870842394199,0.0385988005767647,0.0385988005767647,shared,420000,1860,stable,stable,uncategorized,ctrl,2.6429672,0.28251278,0.19774023,0.05028583,0.4491,0.033,0.978585133402506,1.0660985455622625,0.9754708661822876,0.9608741304628642,0.0875134121597565,-0.0145967357194235,0.05140552,shared_2.5kb,shared_10kb,shared_0kb,anchor1_1860,anchor2_1860,enhancer-enhancer,RNFT2
2080,2080,2080,2080,chr14,20320000,20325000,chr14,20605000,20610000,shared,0.0277374267350595,0.0381293430960711,0.4590677243598614,0.4590677243598614,shared,285000,2080,stable,stable,uncategorized,ctrl,1.0441359,0.1883418,0.188543,0.026591267,0.4471,0.0734,0.439847153107475,0.5337624164597814,0.6118168143599526,0.6405406918966944,0.0939152633523063,0.0287238775367417,0.045855947,shared_2.5kb,shared_10kb,shared_0kb,anchor1_2080,anchor2_2080,promoter-enhancer,SNORA79B
2081,2081,2081,2081,chr14,20322500,20327500,chr14,20682500,20687500,shared,0.0074620724426041,0.0057969249921785,-0.3642885477103608,-0.3642885477103608,shared,360000,2081,stable,stable,uncategorized,ctrl,9.234075,0.6356537,0.25069302,0.039149098,0.4472,0.0852,0.439847153107475,0.5337624164597814,0.3053928525075309,0.4058312644227661,0.0939152633523063,0.1004384119152352,0.09620625,shared_2.5kb,shared_10kb,shared_0kb,anchor1_2081,anchor2_2081,promoter-enhancer,SNORA79B
2099,2099,2099,2099,chr14,23982500,23987500,chr14,24092500,24097500,shared,0.022418233954438,0.0218178232535696,-0.0391654588190167,-0.0391654588190167,shared,110000,2099,stable,stable,intra-TAD,ctrl,11.615999,0.56502527,0.188543,0.043990813,0.4946,0.1172,0.2777566518462581,0.242706027796634,0.4745461447927185,0.4154519359925805,-0.035050624049624,-0.0590942088001379,0.057194337,shared_2.5kb,shared_10kb,shared_0kb,anchor1_2099,anchor2_2099,promoter-enhancer,PCK2
2100,2100,2100,2100,chr14,24005000,24010000,chr14,24090000,24095000,shared,,,0.0,0.0,shared,85000,2100,stable,stable,intra-TAD,ctrl,9.85402,0.1883416,0.46712872,0.04741622,0.508,0.026,0.430220709901418,0.3769667661271076,0.398298587947924,0.4107340649307017,-0.0532539437743104,0.0124354769827776,0.081554204,shared_2.5kb,shared_10kb,shared_0kb,anchor1_2100,anchor2_2100,promoter-enhancer,PCK2
2319,2319,2319,2319,chr15,34062500,34067500,chr15,34592500,34597500,shared,0.0061121217038215,0.0109818508782079,0.845376050731926,0.845376050731926,shared,530000,2319,stable,stable,intra-TAD,ctrl,2.6103387,0.7298243,0.188543,0.052322164,0.4085,0.0978,1.1350620319809386,1.0947281332834895,0.9824921891879562,1.0722438354745896,-0.0403338986974488,0.0897516462866333,0.04276394,shared_2.5kb,shared_10kb,shared_0kb,anchor1_2319,anchor2_2319,enhancer-other,GOLGA8A
2341,2341,2341,2341,chr15,40912500,40917500,chr15,41322500,41327500,shared,0.0055156566616146,0.0112204324754471,1.024523723692056,1.024523723692056,shared,410000,2341,stable,stable,intra-TAD,ctrl,0.26103395,0.0,0.188543,0.022562608,0.4982,0.1008,0.849944678409178,0.908307066294226,0.794983427315349,0.8100699152407879,0.0583623878850479,0.0150864879254388,0.04490791,shared_2.5kb,shared_10kb,shared_0kb,anchor1_2341,anchor2_2341,enhancer-enhancer,CHAC1
2342,2342,2342,2342,chr15,40940000,40945000,chr15,41185000,41190000,shared,0.0255924163280367,0.0236634363758265,-0.1130567716571574,-0.1130567716571574,shared,245000,2342,stable,stable,intra-TAD,ctrl,6.134297,0.0,0.22879376,0.035808403,0.5113000000000001,0.1458,0.702346682807665,0.6175612962594932,,0.5718480492362709,-0.0847853865481718,,0.05684548,shared_2.5kb,shared_10kb,shared_0kb,anchor1_2342,anchor2_2342,enhancer-other,CHAC1
2450,2450,2450,2450,chr15,72720000,72725000,chr15,73080000,73085000,shared,0.0127160245965318,0.0108357169268659,-0.2308531021233584,-0.2308531021233584,shared,360000,2450,stable,stable,intra-TAD,ctrl,1.0767647,2.6838717,0.2112982,0.025759406,0.3766,0.0108,0.9298185232649292,1.0203080568261005,0.6116183556853234,0.6706890506594806,0.090489533561171,0.0590706949741571,0.04639738,shared_2.5kb,shared_10kb,shared_0kb,anchor1_2450,anchor2_2450,enhancer-other,NEO1
2451,2451,2451,2451,chr15,72790000,72795000,chr15,73080000,73085000,shared,0.0240703743101331,0.0188702889775562,-0.3511420604597698,-0.3511420604597698,shared,290000,2451,stable,stable,intra-TAD,ctrl,7.0479093,0.4708545,0.3049346,0.03681837,0.3881,0.0338,0.6482794639683098,0.6294711815848262,0.7546532797959754,0.7206165129813471,-0.0188082823834836,-0.0340367668146283,0.054999895,shared_2.5kb,shared_10kb,shared_0kb,anchor1_2451,anchor2_2451,enhancer-other,NEO1
2452,2452,2452,2452,chr15,73302500,73307500,chr15,73702500,73707500,shared,0.0105588275773357,0.0123946771139745,0.2312710383932497,0.2312710383932497,shared,400000,2452,stable,stable,intra-TAD,ctrl,1.7946082,2.248331,0.21981779,0.03380394,0.5242,0.0756,0.7201632949968731,0.5949655458790772,0.9063638606012178,0.6601706030662231,-0.1251977491177959,-0.2461932575349946,0.03113273,shared_2.5kb,shared_10kb,shared_0kb,anchor1_2452,anchor2_2452,enhancer-enhancer,NEO1
2457,2457,2457,2457,chr15,74370000,74375000,chr15,74765000,74770000,shared,0.009177550659426,0.0117438844584616,0.3557286014572722,0.3557286014572722,shared,395000,2457,stable,stable,uncategorized,ctrl,2.577709,0.6827387,0.22671148,0.032288317,0.5145,0.0101999999999999,0.6320281670386354,0.5234786159576847,0.757325759832566,0.7436610449875636,-0.1085495510809506,-0.0136647148450024,0.04471948,shared_2.5kb,shared_10kb,shared_0kb,anchor1_2457,anchor2_2457,promoter-enhancer,"EDC3,SEMA7A"
2458,2458,2458,2458,chr15,74375000,74380000,chr15,74620000,74625000,shared,0.0143049775547993,0.0165541200568084,0.2106730915343278,0.2106730915343278,shared,245000,2458,stable,stable,uncategorized,ctrl,3.3934395,7.7337904,0.188543,0.037399575,0.5359,0.0585999999999999,0.690740279603304,0.630052601388271,0.7569332585787069,0.7697460597770962,-0.0606876782150329,0.0128128011983893,0.07017053,shared_2.5kb,shared_10kb,shared_0kb,anchor1_2458,anchor2_2458,promoter-enhancer,SEMA7A
2459,2459,2459,2459,chr15,74380000,74385000,chr15,74435000,74440000,shared,0.0651713375814497,0.0638666742156021,-0.0291742794755637,-0.0291742794755637,shared,55000,2459,stable,stable,intra-TAD,ctrl,6.362705,0.5414827,0.19235745,0.054583594,0.5339,0.065,0.7936052247644179,0.7362042315941172,0.6787134090409277,0.5084384969110338,-0.0574009931703006,-0.1702749121298938,0.046354026,shared_2.5kb,shared_10kb,shared_0kb,anchor1_2459,anchor2_2459,enhancer-enhancer,SEMA7A
2461,2461,2461,2461,chr15,74632500,74637500,chr15,74762500,74767500,shared,0.0594822028881087,0.0563558179133188,-0.0778935225029392,-0.0778935225029392,shared,130000,2461,stable,stable,inter-TAD,ctrl,8.026789,0.0,0.19392994,0.044903535,0.5091,0.0282,0.694533911074036,0.7885087243560578,0.6787134090409277,0.5084384969110338,0.0939748132820218,-0.1702749121298938,0.088385135,shared_2.5kb,shared_10kb,shared_0kb,anchor1_2461,anchor2_2461,enhancer-enhancer,EDC3
2463,2463,2463,2463,chr15,75022500,75027500,chr15,75302500,75307500,shared,0.0262051918623743,0.0275332947229455,0.0713245860455078,0.0713245860455078,shared,280000,2463,stable,stable,uncategorized,ctrl,5.449078,0.09417085,0.18854299,0.043422528,0.4644,0.0688,0.694533911074036,0.7885087243560578,0.8713984135906122,0.8669754139742872,0.0939748132820218,-0.0044229996163249,0.043091014,shared_2.5kb,shared_10kb,shared_0kb,anchor1_2463,anchor2_2463,promoter-other,C15orf39
2464,2464,2464,2464,chr15,75032500,75037500,chr15,75202500,75207500,shared,0.0578321780545783,0.0422170943676273,-0.4540451501838664,-0.4540451501838664,shared,170000,2464,stable,stable,intra-TAD,ctrl,1.0441358,0.0,0.21418488,0.02522038,0.5364,0.1008,0.4019578235496681,0.3557293678227114,0.3763376946117665,0.3627631708213496,-0.0462284557269567,-0.0135745237904169,0.035033062,shared_2.5kb,shared_10kb,shared_0kb,anchor1_2464,anchor2_2464,enhancer-enhancer,C15orf39
2482,2482,2482,2482,chr15,80455000,80460000,chr15,80970000,80975000,shared,0.0121649851222906,0.009895782978599,-0.2978487894008462,-0.2978487894008462,shared,515000,2482,stable,stable,uncategorized,ctrl,36.348965,0.2825127,0.30546078,0.025625572,0.4349,0.0018,0.374697498204753,0.3601750029172819,0.5320213155166139,0.4683101602703013,-0.0145224952874711,-0.0637111552463126,0.13925785,shared_2.5kb,shared_10kb,shared_0kb,anchor1_2482,anchor2_2482,enhancer-enhancer,CEMIP
2483,2483,2483,2483,chr15,80782500,80787500,chr15,80962500,80967500,shared,0.0187756956172179,0.023764085352865,0.3399165164832438,0.3399165164832438,shared,180000,2483,stable,stable,intra-TAD,ctrl,1.3377991,3.7550673,0.188543,0.03688735,0.43,0.0604,0.374697498204753,0.3601750029172819,0.3006497964411049,0.2911421760258694,-0.0145224952874711,-0.0095076204152354,0.046023637,shared_2.5kb,shared_10kb,shared_0kb,anchor1_2483,anchor2_2483,enhancer-enhancer,CEMIP
2532,2532,2532,2532,chr15,98442500,98447500,chr15,98652500,98657500,shared,0.0121376663207497,0.0199267807591523,0.7152175917632431,0.7152175917632431,shared,210000,2532,stable,stable,intra-TAD,ctrl,0.0,0.18834162,0.188543,0.023914348,0.4296,0.0932,0.647780603113998,0.6977238805117411,0.5203639002495885,0.4216952797270054,0.049943277397743,-0.098668620522583,0.040421166,shared_2.5kb,shared_10kb,shared_0kb,anchor1_2532,anchor2_2532,enhancer-enhancer,IGF1R
2533,2533,2533,2533,chr15,98515000,98520000,chr15,98655000,98660000,shared,0.0226478861308161,0.0243928188250445,0.1070800842851499,0.1070800842851499,shared,140000,2533,stable,stable,intra-TAD,ctrl,2.8713734,1.6715344,0.2056362,0.029023957,0.4246999999999999,0.0501999999999999,0.7344882727143721,0.6646848719254577,0.5203639002495885,0.4216952797270054,-0.0698034007889144,-0.098668620522583,0.04059335,shared_2.5kb,shared_10kb,shared_0kb,anchor1_2533,anchor2_2533,enhancer-other,IGF1R
2534,2534,2534,2534,chr15,98520000,98525000,chr15,99075000,99080000,shared,0.007029518730555,0.0098419765960277,0.4855221658715215,0.4855221658715215,shared,555000,2534,stable,stable,intra-TAD,ctrl,1.0115067,0.09417081,0.22480127,0.025052804,0.4513999999999999,0.1019999999999999,0.5398011192982402,0.5867839612808602,0.5203639002495885,0.4216952797270054,0.04698284198262,-0.098668620522583,0.047553558,shared_2.5kb,shared_10kb,shared_0kb,anchor1_2534,anchor2_2534,enhancer-enhancer,IGF1R
2535,2535,2535,2535,chr15,98642500,98647500,chr15,98852500,98857500,shared,0.0208171349462776,0.0177302064279075,-0.2315621915393671,-0.2315621915393671,shared,210000,2535,stable,stable,inter-TAD,ctrl,0.32629248,1.7186186,0.19123647,0.024185222,0.4302,0.0903999999999999,,,,,,,0.0370045,shared_2.5kb,shared_10kb,shared_0kb,anchor1_2535,anchor2_2535,promoter-enhancer,IGF1R
2536,2536,2536,2536,chr15,98780000,98785000,chr15,98895000,98900000,shared,0.0113947792565373,0.017259503020154,0.5990179468371793,0.5990179468371793,shared,115000,2536,stable,stable,intra-TAD,ctrl,0.0,1.6479905,0.19636421,0.025548987,0.3839,0.0478,-0.0234835223500806,0.1566448037309009,0.1511815608766469,0.107264307661635,0.1801283260809816,-0.0439172532150118,0.03833597,shared_2.5kb,shared_10kb,shared_0kb,anchor1_2536,anchor2_2536,enhancer-enhancer,IGF1R
2592,2592,2592,2592,chr16,25542500,25547500,chr16,31642500,31647500,shared,0.0192675135325632,0.0263994811361589,0.4543391704338895,0.4543391704338895,shared,6100000,2592,stable,stable,intra-TAD,ctrl,1.0441352,0.0,0.20287228,0.03240885,0.4206,0.0284,0.6540040917416834,0.6267094808799777,0.7163027195040411,0.7313121754158787,-0.0272946108617057,0.0150094559118375,0.034000296,shared_2.5kb,shared_10kb,shared_0kb,anchor1_2592,anchor2_2592,enhancer-other,"EIF3C,PYCARD-AS1,SEZ6L2"
2648,2648,2648,2648,chr16,68532500,68537500,chr16,69122500,69127500,shared,0.0128062289891823,0.0102086947894069,-0.3270472868976191,-0.3270472868976191,shared,590000,2648,stable,stable,inter-TAD,ctrl,0.81573117,2.1541605,0.18854302,0.02532078,0.4454,0.0095999999999999,0.4922077818994782,0.4348899609387739,0.6057411957371052,0.5184325844502187,-0.0573178209607042,-0.0873086112868865,0.045533367,shared_2.5kb,shared_10kb,shared_0kb,anchor1_2648,anchor2_2648,enhancer-other,CDH3
2649,2649,2649,2649,chr16,68702500,68707500,chr16,68802500,68807500,shared,0.0366157343137906,0.0219571878135312,-0.7377704370808889,-0.7377704370808889,shared,100000,2649,stable,stable,inter-TAD,ctrl,7.569981,0.741596,0.18854302,0.038076647,0.4952,0.0856,0.5214690841587485,0.4509118083891232,0.3642203395692471,0.3205994292022827,-0.0705572757696252,-0.0436209103669644,0.09666298,shared_2.5kb,shared_10kb,shared_0kb,anchor1_2649,anchor2_2649,enhancer-enhancer,CDH3
2651,2651,2651,2651,chr16,69372500,69377500,chr16,69742500,69747500,shared,0.0108380651586368,0.0074572094320797,-0.539399461180021,-0.539399461180021,shared,370000,2651,stable,stable,intra-TAD,ctrl,0.7831019,0.08239945,0.188543,0.027508061,0.4588,0.0751999999999999,-0.6784379313246811,-0.6085893295610318,-0.416114560407082,-0.362622410653882,0.0698486017636492,0.0534921497532,0.040353056,shared_2.5kb,shared_10kb,shared_0kb,anchor1_2651,anchor2_2651,enhancer-enhancer,NOB1
2652,2652,2652,2652,chr16,69390000,69395000,chr16,69755000,69760000,shared,0.0194080425493988,0.0180312326299341,-0.106156594515846,-0.106156594515846,shared,365000,2652,stable,stable,intra-TAD,ctrl,1.7619787,1.2595361,0.20094715,0.03598849,0.4715,0.0209999999999999,-0.6767207856019825,-0.727958105950502,-0.4123380587411291,-0.3621522668284608,-0.0512373203485195,0.0501857919126683,0.038966957,shared_2.5kb,shared_10kb,shared_0kb,anchor1_2652,anchor2_2652,promoter-enhancer,NOB1
2664,2664,2664,2664,chr16,74705000,74710000,chr16,74860000,74865000,shared,0.0240812622960719,0.0272836193799863,0.1801240240108204,0.1801240240108204,shared,155000,2664,stable,stable,intra-TAD,ctrl,2.5777097,0.71805316,0.188543,0.031449795,0.436,0.0308,0.4515102465015367,0.3745814544580949,0.6574668979996651,0.6249065291591951,-0.0769287920434417,-0.0325603688404699,0.0551088,shared_2.5kb,shared_10kb,shared_0kb,anchor1_2664,anchor2_2664,enhancer-other,FA2H
2665,2665,2665,2665,chr16,74705000,74710000,chr16,74810000,74815000,shared,0.0174906446130201,0.0206535371072705,0.2398054171562184,0.2398054171562184,shared,105000,2665,stable,stable,intra-TAD,ctrl,6.1669254,0.37668347,0.3332917,0.05132851,0.4318999999999999,0.0226,0.4415212392090252,0.4198476102053035,0.4588781041989059,0.4587980073522421,-0.0216736290037217,-8.009684666387962e-05,0.064890645,shared_2.5kb,shared_10kb,shared_0kb,anchor1_2665,anchor2_2665,enhancer-enhancer,FA2H
2743,2743,2743,2743,chr17,15832500,15837500,chr17,20652500,20657500,shared,0.0281591889331104,0.0280710701692396,-0.0045217151670116,-0.0045217151670116,shared,4820000,2743,stable,stable,intra-TAD,ctrl,2.1535292,0.77691007,0.5536484,0.029106196,0.4531,0.0258,1.5406738909608355,1.4320135092653596,0.9450862367130876,0.8927250671132326,-0.1086603816954758,-0.052361169599855,0.058716312,shared_2.5kb,shared_10kb,shared_0kb,anchor1_2743,anchor2_2743,other-other,"SNORD3A,SNORD3B-2,SNORD3C"
2745,2745,2745,2745,chr17,15872500,15877500,chr17,20692500,20697500,shared,0.0141075605287505,0.022360114357563,0.6644590271491708,0.6644590271491708,shared,4820000,2745,stable,stable,intra-TAD,ctrl,1.2725396,0.09417095,0.188543,0.035710793,0.3851,0.0225999999999999,0.8105947972529548,1.0167892081469647,0.7589103235273646,0.8303704530526477,0.2061944108940099,0.071460129525283,0.045860097,shared_2.5kb,shared_10kb,shared_0kb,anchor1_2745,anchor2_2745,other-other,"SNORD3A,SNORD3B-2,SNORD3C"
2800,2800,2800,2800,chr17,40012500,40017500,chr17,40172500,40177500,shared,0.022392666796418,0.0156889604014854,-0.5132765943502219,-0.5132765943502219,shared,160000,2800,stable,stable,intra-TAD,ctrl,7.5047235,0.47085434,0.8233364,0.03123674,0.5376,0.0727999999999999,-0.0508097070575829,-0.0377196491685371,-0.0403890355118945,-0.0752922495561641,0.0130900578890458,-0.0349032140442696,0.09648664,shared_2.5kb,shared_10kb,shared_0kb,anchor1_2800,anchor2_2800,promoter-promoter,NR1D1
2802,2802,2802,2802,chr17,40360000,40365000,chr17,40555000,40560000,shared,0.0275039155664508,0.0210885721365404,-0.3831756044929143,-0.3831756044929143,shared,195000,2802,stable,stable,intra-TAD,ctrl,70.5444,0.92993784,0.20554277,0.05240526,0.5737,0.0709999999999999,0.2883944949201893,0.2452142780251575,-0.3855058487664335,-0.2879130960383252,-0.0431802168950317,0.0975927527281083,0.10489726,shared_2.5kb,shared_10kb,shared_0kb,anchor1_2802,anchor2_2802,enhancer-enhancer,"ENSG00000279806,TNS4"
2803,2803,2803,2803,chr17,40440000,40445000,chr17,40530000,40535000,shared,0.0440098766835024,0.0479185861503334,0.1227580124031163,0.1227580124031163,shared,90000,2803,stable,stable,intra-TAD,ctrl,36.87103,0.28251263,0.38208932,0.038208973,0.5327,0.0938,-0.6496720633837739,-0.6147760216229197,-0.5641559980653377,-0.5835571673562902,0.0348960417608542,-0.0194011692909524,0.073949195,shared_2.5kb,shared_10kb,shared_0kb,anchor1_2803,anchor2_2803,promoter-enhancer,"ENSG00000279806,TNS4"
2807,2807,2807,2807,chr17,41732500,41737500,chr17,41802500,41807500,shared,0.068562143632679,0.0652542178901488,-0.0713410594465115,-0.0713410594465115,shared,70000,2807,stable,stable,inter-TAD,ctrl,17.946074,1.447878,0.188543,0.037855834,0.5548,0.0183999999999999,-0.5268193749608917,-0.5376636518016097,-0.2620440231504816,-0.3016931677049796,-0.0108442768407179,-0.039649144554498,0.05902057,shared_2.5kb,shared_10kb,shared_0kb,anchor1_2807,anchor2_2807,promoter-enhancer,JUP
2816,2816,2816,2816,chr17,45145000,45150000,chr17,45195000,45200000,shared,0.0536482208051744,0.054973647965969,0.03520989146016,0.03520989146016,shared,50000,2816,stable,stable,intra-TAD,ctrl,74.753555,2.3895867,0.22606856,0.059353575,0.5215,0.0701999999999999,0.716629852419051,0.6009086312222337,0.7149058677171097,0.7160755238135487,-0.1157212211968172,0.0011696560964389,0.10644481,shared_2.5kb,shared_10kb,shared_0kb,anchor1_2816,anchor2_2816,promoter-enhancer,HEXIM1
2823,2823,2823,2823,chr17,47840000,47845000,chr17,47885000,47890000,shared,0.0556636788808285,0.054954520835883,-0.0184980918832652,-0.0184980918832652,shared,45000,2823,stable,stable,intra-TAD,ctrl,1.3704284,0.0,0.25453308,0.031390592,0.5327999999999999,0.0144,-0.1893305294597239,-0.2237281718179667,-0.052986225025661,-0.0401484668291178,-0.0343976423582428,0.0128377581965431,0.05114206,shared_2.5kb,shared_10kb,shared_0kb,anchor1_2823,anchor2_2823,promoter-enhancer,SP6
2824,2824,2824,2824,chr17,47842500,47847500,chr17,48002500,48007500,shared,0.0150518109906129,0.0258102431421632,0.7780066538772002,0.7780066538772002,shared,160000,2824,stable,stable,intra-TAD,ctrl,2.545081,0.0,0.23862475,0.03672959,0.5101,0.0598,0.7079910076177272,0.656601606604538,0.715292414106352,0.6031240819479856,-0.0513894010131891,-0.1121683321583664,0.052428924,shared_2.5kb,shared_10kb,shared_0kb,anchor1_2824,anchor2_2824,enhancer-enhancer,"CDK5RAP3,SP6"
2859,2859,2859,2859,chr17,54992500,54997500,chr17,55512500,55517500,shared,0.012479356813606,0.0122810825418338,-0.0231058438741612,-0.0231058438741612,shared,520000,2859,stable,stable,intra-TAD,ctrl,3.9155083,12.0538845,0.18854302,0.050870433,0.3903,0.0398,0.5599951944201271,0.5458798319453715,0.7703361079969501,0.7565752604250761,-0.0141153624747556,-0.013760847571874,0.04600565,shared_2.5kb,shared_10kb,shared_0kb,anchor1_2859,anchor2_2859,enhancer-other,MMD
2861,2861,2861,2861,chr17,55412500,55417500,chr17,55502500,55507500,shared,,0.0145011523390702,13.823879928603857,5.0,shared,90000,2861,stable,stable,intra-TAD,ctrl,0.7831019,6.7096796,0.188543,0.025430277,0.3902,0.014,-0.4541833006685729,-0.4687492812578993,-0.6589456536408282,-0.6710273830324155,-0.0145659805893263,-0.0120817293915872,0.031443868,shared_2.5kb,shared_10kb,shared_0kb,anchor1_2861,anchor2_2861,enhancer-other,MMD
2938,2938,2938,2938,chr17,77330000,77335000,chr17,77495000,77500000,shared,0.0297516634637783,0.0324063196184847,0.1233048491741438,0.1233048491741438,shared,165000,2938,stable,stable,intra-TAD,ctrl,26.233902,0.6356536,0.25147048,0.044121463,0.5335,0.1213999999999999,0.8623467645130263,0.9690083240008972,0.978275681255153,0.8660605158872947,0.1066615594878709,-0.1122151653678582,0.07977709,shared_2.5kb,shared_10kb,shared_0kb,anchor1_2938,anchor2_2938,enhancer-enhancer,SEPTIN9
2944,2944,2944,2944,chr17,79732500,79737500,chr17,79992500,79997500,shared,0.0152205801877428,0.0129466023193383,-0.2334498238986232,-0.2334498238986232,shared,260000,2944,stable,stable,inter-TAD,ctrl,11.0939455,18.127913,0.18854302,0.037933808,0.5333,0.0742,1.1997013869752586,1.0517712614708683,,,-0.1479301255043903,,0.06231933,shared_2.5kb,shared_10kb,shared_0kb,anchor1_2944,anchor2_2944,promoter-enhancer,TBC1D16
2946,2946,2946,2946,chr17,79810000,79815000,chr17,79990000,79995000,shared,0.0200548882908405,0.0207082607640185,0.0462524601153247,0.0462524601153247,shared,180000,2946,stable,stable,uncategorized,ctrl,7.537349,0.09417085,0.188543,0.036803212,0.6165,0.0925999999999999,0.7178633453276919,0.6785175957679634,0.709437576818653,0.744079125990786,-0.0393457495597284,0.0346415491721329,0.056641147,shared_2.5kb,shared_10kb,shared_0kb,anchor1_2946,anchor2_2946,promoter-enhancer,TBC1D16
2949,2949,2949,2949,chr17,81955000,81960000,chr17,82020000,82025000,shared,,,0.0,0.0,shared,65000,2949,,,uncategorized,ctrl,22.905714,0.5650251,0.19193406,0.044942636,0.6463,0.0205999999999999,0.9027754312199572,0.9263632498389988,0.8095611380707732,0.749274791671102,0.0235878186190418,-0.0602863463996712,0.12613161,shared_2.5kb,shared_10kb,shared_0kb,anchor1_2949,anchor2_2949,promoter-enhancer,LRRC45
2995,2995,2995,2995,chr18,21902500,21907500,chr18,22562500,22567500,shared,0.0150656826481204,0.0105353989858223,-0.5160210935799044,-0.5160210935799044,shared,660000,2995,stable,stable,inter-TAD,ctrl,2.1535296,0.09417095,0.209706,0.028121859,0.4109,0.0338,0.8134317640626475,0.7545330417370291,0.6808926943131087,0.590136627181522,-0.0588987223256184,-0.0907560671315866,0.03540695,shared_2.5kb,shared_10kb,shared_0kb,anchor1_2995,anchor2_2995,enhancer-enhancer,GATA6-AS1
2996,2996,2996,2996,chr18,21995000,22000000,chr18,22560000,22565000,shared,0.008939223986287,0.0104791553539274,0.2293009350886326,0.2293009350886326,shared,565000,2996,stable,stable,uncategorized,ctrl,0.7504727,0.09417095,0.188543,0.024141219,0.4248,0.0472,0.8134317640626475,0.7545330417370291,0.935777032821261,0.8527189072441848,-0.0588987223256184,-0.0830581255770762,0.03897526,shared_2.5kb,shared_10kb,shared_0kb,anchor1_2996,anchor2_2996,enhancer-enhancer,GATA6-AS1
3118,3118,3118,3118,chr19,4810000,4815000,chr19,4910000,4915000,shared,0.0253621400062424,0.0302733293170295,0.2553708623291994,0.2553708623291994,shared,100000,3118,stable,stable,intra-TAD,ctrl,40.753906,0.28251275,0.21047926,0.06893887,0.5307999999999999,0.0215999999999999,0.5100770338248332,0.596253004542372,0.7133575740618021,0.6744435736937339,0.0861759707175388,-0.0389140003680682,0.08554793,shared_2.5kb,shared_10kb,shared_0kb,anchor1_3118,anchor2_3118,promoter-enhancer,TICAM1
3119,3119,3119,3119,chr19,4812500,4817500,chr19,5022500,5027500,shared,0.0272459329687717,0.0157871451158268,-0.7872905896563162,-0.7872905896563162,shared,210000,3119,stable,stable,intra-TAD,ctrl,1.8272371,0.28251255,0.188543,0.029650372,0.5472999999999999,0.0373999999999999,0.5100770338248332,0.596253004542372,0.8494958783745005,0.7654412607195441,0.0861759707175388,-0.0840546176549563,0.051396176,shared_2.5kb,shared_10kb,shared_0kb,anchor1_3119,anchor2_3119,enhancer-enhancer,TICAM1
3120,3120,3120,3120,chr19,4815000,4820000,chr19,4860000,4865000,shared,0.0382956640011901,0.0222684822579208,-0.7821778208817962,-0.7821778208817962,shared,45000,3120,stable,stable,intra-TAD,ctrl,9.364589,6.686139,0.188543,0.055771105,0.5474,0.0423999999999999,,,0.8231095536524684,0.7623082899052602,,-0.0608012637472081,0.06706712,shared_2.5kb,shared_10kb,shared_0kb,anchor1_3120,anchor2_3120,enhancer-enhancer,TICAM1
3125,3125,3125,3125,chr19,7102500,7107500,chr19,7342500,7347500,shared,0.033054261969043,0.0443892129223578,0.4253728253054147,0.4253728253054147,shared,240000,3125,stable,stable,intra-TAD,ctrl,8.418344,0.8004527,0.188543,0.04338117,0.4767,0.0449999999999999,-1.0061216386962764,-1.095118489623118,-0.9552062460169202,-0.987848447653626,-0.0889968509268415,-0.0326422016367058,0.057948418,shared_2.5kb,shared_10kb,shared_0kb,anchor1_3125,anchor2_3125,enhancer-other,INSR
3126,3126,3126,3126,chr19,7145000,7150000,chr19,7340000,7345000,shared,0.0182031103203747,0.0138635109448746,-0.3928923138322323,-0.3928923138322323,shared,195000,3126,stable,stable,intra-TAD,ctrl,3.2302942,3.2959843,0.20653376,0.037125763,0.4528,0.0564,-0.7929532558668011,-0.91774721927376,-0.7016509493524621,-0.6881104128875317,-0.1247939634069589,0.0135405364649303,0.04353202,shared_2.5kb,shared_10kb,shared_0kb,anchor1_3126,anchor2_3126,enhancer-enhancer,INSR
3127,3127,3127,3127,chr19,7195000,7200000,chr19,7290000,7295000,shared,0.0416106389649073,0.0272558714214686,-0.6103853955939531,-0.6103853955939531,shared,95000,3127,stable,stable,intra-TAD,ctrl,1.3051696,1.1771358,0.19295338,0.03864474,0.5403,0.0758,-0.0533238817831779,-0.136802352333457,-0.2767037109001957,-0.3093506059875288,-0.0834784705502791,-0.032646895087333,0.08174749,shared_2.5kb,shared_10kb,shared_0kb,anchor1_3127,anchor2_3127,promoter-enhancer,INSR
3131,3131,3131,3131,chr19,8345000,8350000,chr19,8505000,8510000,shared,0.0230508613512591,0.0204085885296257,-0.1756442533001862,-0.1756442533001862,shared,160000,3131,stable,stable,uncategorized,ctrl,4.9922714,11.630114,0.30181786,0.034972828,0.5233,0.0978,0.6243328707706504,0.6468166608986252,0.6439461873148987,0.6420410892065077,0.0224837901279748,-0.001905098108391,0.05368364,shared_2.5kb,shared_10kb,shared_0kb,anchor1_3131,anchor2_3131,enhancer-enhancer,ANGPTL4
3132,3132,3132,3132,chr19,8350000,8355000,chr19,8400000,8405000,shared,0.0398863157315244,0.0410920476050466,0.0429653524384947,0.0429653524384947,shared,50000,3132,stable,stable,intra-TAD,ctrl,5.8732595,2.4249015,0.21440509,0.03268899,0.5519000000000001,0.1005999999999999,0.9374244113435188,0.9528946951596,1.0089855448759613,0.8681227458110631,0.015470283816081,-0.1408627990648981,0.057921097,shared_2.5kb,shared_10kb,shared_0kb,anchor1_3132,anchor2_3132,enhancer-enhancer,ANGPTL4
3143,3143,3143,3143,chr19,11295000,11300000,chr19,11440000,11445000,shared,0.0320987615699849,0.0225322665054389,-0.5105251959687984,-0.5105251959687984,shared,145000,3143,stable,stable,intra-TAD,ctrl,0.78310144,0.63565373,0.188543,0.035591666,0.5166,0.0239999999999999,0.6602505459860915,0.6890138437471327,0.6178290210885538,0.6537125093232169,0.0287632977610412,0.0358834882346631,0.035298243,shared_2.5kb,shared_10kb,shared_0kb,anchor1_3143,anchor2_3143,enhancer-enhancer,PRKCSH
3158,3158,3158,3158,chr19,14392500,14397500,chr19,14762500,14767500,shared,0.0298429652698774,0.0165232343839966,-0.8528947738780929,-0.8528947738780929,shared,370000,3158,stable,stable,intra-TAD,ctrl,11.061308,0.0,0.188543,0.03139443,0.5461,0.0325999999999999,0.0606414812809277,0.167625850356383,0.0827010465440509,0.0713403150771304,0.1069843690754552,-0.0113607314669205,0.041922733,shared_2.5kb,shared_10kb,shared_0kb,anchor1_3158,anchor2_3158,enhancer-other,"ADGRE5,TECR"
3178,3178,3178,3178,chr19,29760000,29765000,chr19,29870000,29875000,shared,0.0194297755238442,0.0216905827696711,0.1587995817330489,0.1587995817330489,shared,110000,3178,stable,stable,intra-TAD,ctrl,0.5220679,0.37668335,0.19816256,0.036813814,0.5382,0.0584,0.8695992783676035,0.8617586027760809,1.1536842918886736,1.1539090621662786,-0.0078406755915226,0.000224770277605,0.048691753,shared_2.5kb,shared_10kb,shared_0kb,anchor1_3178,anchor2_3178,enhancer-enhancer,CCNE1
3207,3207,3207,3207,chr19,41200000,41205000,chr19,41305000,41310000,shared,0.030213986448964,0.0267920287706645,-0.1734127161540287,-0.1734127161540287,shared,105000,3207,stable,stable,uncategorized,ctrl,5.188047,0.1883418,0.18942404,0.03423301,0.5047999999999999,0.0011999999999999,0.1881004013251778,0.2229648614362951,0.1147731818526175,0.2561059504997905,0.0348644601111172,0.141332768647173,0.05407565,shared_2.5kb,shared_10kb,shared_0kb,anchor1_3207,anchor2_3207,enhancer-other,"CYP2S1,TGFB1"
3208,3208,3208,3208,chr19,41205000,41210000,chr19,41255000,41260000,shared,0.0347400857030212,0.0343909952778449,-0.014570444983606,-0.014570444983606,shared,50000,3208,stable,stable,intra-TAD,ctrl,0.5220679,0.47085446,0.188543,0.026044514,0.5036,0.008,0.1881004013251778,0.2229648614362951,0.1147731818526175,0.2561059504997905,0.0348644601111172,0.141332768647173,0.05072786,shared_2.5kb,shared_10kb,shared_0kb,anchor1_3208,anchor2_3208,enhancer-enhancer,CYP2S1
3209,3209,3209,3209,chr19,41635000,41640000,chr19,41745000,41750000,shared,0.0198050472957194,0.0155238889903503,-0.3513781247778406,-0.3513781247778406,shared,110000,3209,stable,stable,intra-TAD,ctrl,0.0,0.1883418,0.22458798,0.025647564,0.4485,0.0382,0.5651910018422631,0.7030564558066669,0.2417016301324867,0.335662985405886,0.1378654539644037,0.0939613552733993,0.03440465,shared_2.5kb,shared_10kb,shared_0kb,anchor1_3209,anchor2_3209,promoter-enhancer,CEACAM5
3210,3210,3210,3210,chr19,41705000,41710000,chr19,41745000,41750000,shared,0.0649973516055622,0.0499291893518648,-0.3804974516878841,-0.3804974516878841,shared,40000,3210,stable,stable,intra-TAD,ctrl,4.959643,0.18834181,0.24312124,0.043133974,0.5112,0.0871999999999999,-0.13505265581579,-0.098757668657059,-0.3498292609604103,-0.4167492624316082,0.036294987158731,-0.0669200014711979,0.052353207,shared_2.5kb,shared_10kb,shared_0kb,anchor1_3210,anchor2_3210,promoter-enhancer,CEACAM5
3222,3222,3222,3222,chr19,43222500,43227500,chr19,43652500,43657500,shared,0.0086097018011449,0.0038889914759267,-1.1465671978283078,-1.1465671978283078,shared,430000,3222,stable,stable,inter-TAD,ctrl,0.7831019,0.5532541,0.188543,0.026309263,0.4688,0.0807999999999999,0.2120060163829379,0.1523313017136984,0.4052461866212792,0.3704130257688046,-0.0596747146692395,-0.0348331608524745,0.03960313,shared_2.5kb,shared_10kb,shared_0kb,anchor1_3222,anchor2_3222,enhancer-enhancer,CADM4
3225,3225,3225,3225,chr19,43445000,43450000,chr19,43790000,43795000,shared,0.0084782069365427,0.0048259087431325,-0.8129585454356288,-0.8129585454356288,shared,345000,3225,stable,stable,intra-TAD,ctrl,0.26103398,1.5538204,0.20235348,0.026176352,0.4635,0.0237999999999999,-0.8414490363234143,-0.7747934335059997,-0.3468422142249821,-0.3489897675808689,0.0666556028174145,-0.0021475533558868,0.030140407,shared_2.5kb,shared_10kb,shared_0kb,anchor1_3225,anchor2_3225,other-other,CADM4
3236,3236,3236,3236,chr19,46272500,46277500,chr19,47392500,47397500,shared,0.0174905408830859,0.0120768486522221,-0.5343308591642953,-0.5343308591642953,shared,1120000,3236,stable,stable,inter-TAD,ctrl,0.45680943,0.52971125,0.188543,0.026041053,0.481,0.0211999999999999,-0.2273935291176932,-0.22295932831684,-0.0159437723798141,0.0068026435528746,0.0044342008008531,0.0227464159326887,0.034381334,shared_2.5kb,shared_10kb,shared_0kb,anchor1_3236,anchor2_3236,enhancer-other,"SLC1A5,ZC3H4"
3237,3237,3237,3237,chr19,46755000,46760000,chr19,46990000,46995000,shared,0.0237626174803469,0.0171043813859172,-0.4743278323478015,-0.4743278323478015,shared,235000,3237,stable,stable,uncategorized,ctrl,4.1765404,0.47085443,0.19964212,0.050360337,0.5622,0.0115999999999999,-0.0159437723798141,0.0068026435528746,0.0129768458033498,0.074289957268181,0.0227464159326887,0.0613131114648311,0.04011172,shared_2.5kb,shared_10kb,shared_0kb,anchor1_3237,anchor2_3237,enhancer-enhancer,SLC1A5
3239,3239,3239,3239,chr19,47052500,47057500,chr19,47392500,47397500,shared,0.0305682897328777,0.0233443043353236,-0.3889652404131642,-0.3889652404131642,shared,340000,3239,stable,stable,intra-TAD,ctrl,16.445133,1.0947373,0.24919413,0.04530747,0.4976,0.012,0.3008580149745337,0.2954447548134818,0.2568270268361415,0.2703247180088927,-0.0054132601610518,0.0134976911727512,0.05933725,shared_2.5kb,shared_10kb,shared_0kb,anchor1_3239,anchor2_3239,enhancer-enhancer,ZC3H4
3240,3240,3240,3240,chr19,47075000,47080000,chr19,47125000,47130000,shared,0.0534430897270293,0.0434139307794009,-0.2998453644946221,-0.2998453644946221,shared,50000,3240,stable,stable,intra-TAD,ctrl,1.3704282,9.228754,0.188543,0.03611082,0.4891,0.0461999999999999,0.3008580149745337,0.2954447548134818,-0.0461563566517436,0.0603616759877483,-0.0054132601610518,0.106518032639492,0.03652253,shared_2.5kb,shared_10kb,shared_0kb,anchor1_3240,anchor2_3240,enhancer-enhancer,ZC3H4
3248,3248,3248,3248,chr19,48785000,48790000,chr19,48970000,48975000,shared,0.0230189686409683,0.0137456796395823,-0.7438449542951362,-0.7438449542951362,shared,185000,3248,stable,stable,intra-TAD,ctrl,6.1342936,0.22365595,0.21357554,0.03893482,0.4851,0.0214,-0.8372257490595563,-0.760905926953358,-0.6306290160648362,-0.6397775075280919,0.0763198221061982,-0.0091484914632556,0.058112297,shared_2.5kb,shared_10kb,shared_0kb,anchor1_3248,anchor2_3248,enhancer-enhancer,NUCB1
3260,3260,3260,3260,chr19,53800000,53805000,chr19,54025000,54030000,shared,0.0211833689623348,0.0227319384232793,0.1017886614794269,0.1017886614794269,shared,225000,3260,stable,stable,intra-TAD,ctrl,15.43363,0.8004527,0.54734004,0.033053786,0.4867,0.0433999999999999,0.6820981201257128,0.7302421471004155,0.7037307577099453,0.7791620434043877,0.0481440269747026,0.0754312856944423,0.07904484,shared_2.5kb,shared_10kb,shared_0kb,anchor1_3260,anchor2_3260,enhancer-other,MYADM
3261,3261,3261,3261,chr19,53840000,53845000,chr19,54025000,54030000,shared,0.0338819302122608,0.0387065653460219,0.19206222917356,0.19206222917356,shared,185000,3261,stable,stable,intra-TAD,ctrl,2.0556424,11.088629,0.21547773,0.03229789,0.457,0.016,0.5933994636825788,0.5048065933114292,0.8015970662423618,0.7363850763836147,-0.0885928703711496,-0.0652119898587471,0.053923585,shared_2.5kb,shared_10kb,shared_0kb,anchor1_3261,anchor2_3261,enhancer-enhancer,MYADM
3267,3267,3267,3267,chr19,55140000,55145000,chr19,55500000,55505000,shared,0.041964330980915,0.0284183294237015,-0.5623418327317216,-0.5623418327317216,shared,360000,3267,stable,stable,intra-TAD,ctrl,24.896101,0.09417081,0.44927248,0.042358555,0.5427,0.0326,0.2206765225191822,0.1418973595787546,-0.062636504707878,0.0019276149173585,-0.0787791629404276,0.0645641196252366,0.074504115,shared_2.5kb,shared_10kb,shared_0kb,anchor1_3267,anchor2_3267,enhancer-enhancer,KMT5C
3268,3268,3268,3268,chr19,55142500,55147500,chr19,55622500,55627500,shared,0.0159398165111028,0.0103107232730667,-0.628489484117424,-0.628489484117424,shared,480000,3268,stable,stable,intra-TAD,ctrl,3.8176205,0.63565326,0.188543,0.04790421,0.5347999999999999,0.0819999999999999,0.4462188872741876,0.4221591197907111,0.0716551283111199,0.1934290286185393,-0.0240597674834764,0.1217739003074193,0.048144788,shared_2.5kb,shared_10kb,shared_0kb,anchor1_3268,anchor2_3268,promoter-promoter,KMT5C
3269,3269,3269,3269,chr19,55142500,55147500,chr19,55422500,55427500,shared,0.0162348891360679,0.0256686254777859,0.6609085106391952,0.6609085106391952,shared,280000,3269,stable,stable,intra-TAD,ctrl,26.560198,0.37668335,0.44417366,0.044479698,0.5225,0.1065999999999999,0.4462188872741876,0.4221591197907111,0.0716551283111199,0.1934290286185393,-0.0240597674834764,0.1217739003074193,0.1436018,shared_2.5kb,shared_10kb,shared_0kb,anchor1_3269,anchor2_3269,promoter-enhancer,KMT5C
3270,3270,3270,3270,chr19,55200000,55205000,chr19,55415000,55420000,shared,0.0270487039209773,0.031842279899595,0.2353841693763387,0.2353841693763387,shared,215000,3270,stable,stable,intra-TAD,ctrl,0.391551,0.89462364,0.19203454,0.025615528,0.5126,0.0164,-0.7053958396412994,-0.666887463255049,-0.6183844330524063,-0.5586148269660193,0.0385083763862503,0.059769606086387,0.03729078,shared_2.5kb,shared_10kb,shared_0kb,anchor1_3270,anchor2_3270,enhancer-enhancer,KMT5C
3287,3287,3287,3287,chr2,10070000,10075000,chr2,10660000,10665000,shared,0.0075734023660668,0.0118844260813211,0.6500587502525498,0.6500587502525498,shared,590000,3287,stable,stable,uncategorized,ctrl,1.0441359,0.0706281,0.18854299,0.038786948,0.4767,0.1046,0.7102307322905984,0.6980566521087056,0.8867176765005002,0.8324007135779797,-0.0121740801818928,-0.0543169629225204,0.029333094,shared_2.5kb,shared_10kb,shared_0kb,anchor1_3287,anchor2_3287,enhancer-enhancer,SNORA80B
3289,3289,3289,3289,chr2,10122500,10127500,chr2,10662500,10667500,shared,0.0139131525990315,0.012494924322163,-0.1551071955359489,-0.1551071955359489,shared,540000,3289,stable,stable,uncategorized,ctrl,3.6544733,3.2959833,0.23369993,0.04878235,0.4383,0.0902,0.7870252694386872,0.8904770142389187,0.7827650155004332,0.769671381261156,0.1034517448002314,-0.0130936342392772,0.03647171,shared_2.5kb,shared_10kb,shared_0kb,anchor1_3289,anchor2_3289,promoter-enhancer,SNORA80B
3346,3346,3346,3346,chr2,32550000,32555000,chr2,33375000,33380000,shared,0.0041983579592484,0.0083380538328256,0.9898855080777892,0.9898855080777892,shared,825000,3346,stable,stable,uncategorized,ctrl,3.3281813,0.0,0.2067698,0.042062055,0.3692,0.0828,-0.2458470387557251,-0.2643885271929482,-0.2972685561607238,-0.2844947243760706,-0.0185414884372231,0.0127738317846531,0.05064193,shared_2.5kb,shared_10kb,shared_0kb,anchor1_3346,anchor2_3346,enhancer-enhancer,LTBP1
3348,3348,3348,3348,chr2,32772500,32777500,chr2,33372500,33377500,shared,0.0185697240813928,0.017248230446732,-0.1065040205149829,-0.1065040205149829,shared,600000,3348,stable,stable,inter-TAD,ctrl,0.52206796,1.0358799,0.18854302,0.026176106,0.397,0.0024,-0.2721144022457009,-0.2468361831919822,-0.2972685561607238,-0.2844947243760706,0.0252782190537187,0.0127738317846531,0.054656908,shared_2.5kb,shared_10kb,shared_0kb,anchor1_3348,anchor2_3348,enhancer-enhancer,LTBP1
3382,3382,3382,3382,chr2,42825000,42830000,chr2,43540000,43545000,shared,0.0087011680070382,0.0108524281130352,0.3187368859509568,0.3187368859509568,shared,715000,3382,stable,stable,intra-TAD,ctrl,0.7831017,4.2494645,0.18942404,0.024313658,0.4199,0.1038,-0.2525002727391517,-0.1151784683048858,-0.532840715649875,-0.4252590155027421,0.1373218044342658,0.1075817001471329,0.04441142,shared_2.5kb,shared_10kb,shared_0kb,anchor1_3382,anchor2_3382,promoter-enhancer,ZFP36L2
3383,3383,3383,3383,chr2,42825000,42830000,chr2,43230000,43235000,shared,0.0074111576683502,0.0049378152263801,-0.5858260662865116,-0.5858260662865116,shared,405000,3383,stable,stable,intra-TAD,ctrl,6.5584755,0.09417081,0.21644737,0.040948473,0.4821,0.0206,-0.2525002727391517,-0.1151784683048858,-0.5094109596974327,-0.4346102531541036,0.1373218044342658,0.074800706543329,0.13639335,shared_2.5kb,shared_10kb,shared_0kb,anchor1_3383,anchor2_3383,promoter-enhancer,ZFP36L2
3384,3384,3384,3384,chr2,42860000,42865000,chr2,43485000,43490000,shared,0.0089593163796921,0.0060138422210157,-0.5751016370061984,-0.5751016370061984,shared,625000,3384,stable,stable,intra-TAD,ctrl,5.2206783,0.0941708,0.19774023,0.034113195,0.4306999999999999,0.1337999999999999,-0.1358389587973174,-0.0210267866482925,0.3218490437326113,0.3169440634323853,0.1148121721490248,-0.004904980300226,0.06450929,shared_2.5kb,shared_10kb,shared_0kb,anchor1_3384,anchor2_3384,enhancer-enhancer,ZFP36L2
3385,3385,3385,3385,chr2,42860000,42865000,chr2,43230000,43235000,shared,0.0089899539361157,0.0057117907747193,-0.6543705896786867,-0.6543705896786867,shared,370000,3385,stable,stable,intra-TAD,ctrl,8.581489,0.28251275,0.27285203,0.036731165,0.495,0.0051999999999999,-0.1358389587973174,-0.0210267866482925,-0.1915290022227262,-0.0006206119949367,0.1148121721490248,0.1909083902277894,0.07512024,shared_2.5kb,shared_10kb,shared_0kb,anchor1_3385,anchor2_3385,enhancer-enhancer,ZFP36L2
3386,3386,3386,3386,chr2,42945000,42950000,chr2,43540000,43545000,shared,0.0154281449545944,0.0145823577844261,-0.0813406017084557,-0.0813406017084557,shared,595000,3386,stable,stable,intra-TAD,ctrl,4.5680923,0.18834184,0.20229936,0.036895327,0.4385,0.141,0.2590654313485532,0.2126834107733176,0.2590654313485532,0.2126834107733176,-0.0463820205752355,-0.0463820205752355,0.049935408,shared_2.5kb,shared_10kb,shared_0kb,anchor1_3386,anchor2_3386,enhancer-enhancer,ZFP36L2
3387,3387,3387,3387,chr2,42972500,42977500,chr2,43232500,43237500,shared,0.0135987009136621,0.0192647827736868,0.5024970813706712,0.5024970813706712,shared,260000,3387,stable,stable,intra-TAD,ctrl,1.0441359,0.0,0.20392038,0.026339084,0.5224,0.0415999999999999,0.2590654313485532,0.2126834107733176,0.7128036947479007,0.6751673092350734,-0.0463820205752355,-0.0376363855128273,0.04094635,shared_2.5kb,shared_10kb,shared_0kb,anchor1_3387,anchor2_3387,enhancer-enhancer,ZFP36L2
3388,3388,3388,3388,chr2,43025000,43030000,chr2,43480000,43485000,shared,0.0105872268636101,0.0086777430282173,-0.286932980680928,-0.286932980680928,shared,455000,3388,stable,stable,intra-TAD,ctrl,5.3511925,0.47085458,0.3774917,0.040139947,0.4483,0.1866,0.4509875462811769,0.450682869990318,0.6675338112857632,0.7096507795620811,-0.0003046762908588,0.0421169682763179,0.079417855,shared_2.5kb,shared_10kb,shared_0kb,anchor1_3388,anchor2_3388,enhancer-enhancer,ZFP36L2
3389,3389,3389,3389,chr2,43125000,43130000,chr2,43225000,43230000,shared,0.0276155756650427,0.0278831663116372,0.0139121960857549,0.0139121960857549,shared,100000,3389,stable,stable,intra-TAD,ctrl,2.8713727,0.18834181,0.188543,0.03893546,0.5797,0.0342,0.4509875462811769,0.450682869990318,0.7103103802743267,0.6267470995285991,-0.0003046762908588,-0.0835632807457276,0.032127414,shared_2.5kb,shared_10kb,shared_0kb,anchor1_3389,anchor2_3389,promoter-enhancer,ZFP36L2
3390,3390,3390,3390,chr2,43132500,43137500,chr2,43492500,43497500,shared,0.0065093771852991,0.0045690174823772,-0.5106355507647096,-0.5106355507647096,shared,360000,3390,stable,stable,intra-TAD,ctrl,6.7868767,0.28251278,0.2033571,0.03196723,0.4690999999999999,0.185,0.6666189134740709,0.7579238061588037,0.4242915202105822,0.4138813138519023,0.0913048926847328,-0.0104102063586798,0.07282067,shared_2.5kb,shared_10kb,shared_0kb,anchor1_3390,anchor2_3390,enhancer-other,ZFP36L2
3391,3391,3391,3391,chr2,43165000,43170000,chr2,43220000,43225000,shared,0.0259942922099714,0.0294803026347012,0.1815564616372015,0.1815564616372015,shared,55000,3391,stable,stable,intra-TAD,ctrl,2.381934,0.0,0.188543,0.029769534,0.5083,0.0521999999999999,0.7103103802743267,0.6267470995285991,0.7489997393338654,0.7207482973129593,-0.0835632807457276,-0.0282514420209061,0.061422814,shared_2.5kb,shared_10kb,shared_0kb,anchor1_3391,anchor2_3391,enhancer-enhancer,ZFP36L2
3481,3481,3481,3481,chr2,69905000,69910000,chr2,70645000,70650000,shared,0.0054703520305572,0.0039984809963382,-0.4521816457810415,-0.4521816457810415,shared,740000,3481,stable,stable,intra-TAD,ctrl,3.3281808,2.095303,0.188543,0.07131822,0.4216,0.0408,1.321954765873339,1.1817450975468484,1.2557662979430135,1.1061986061296578,-0.1402096683264906,-0.1495676918133557,0.038556904,shared_2.5kb,shared_10kb,shared_0kb,anchor1_3481,anchor2_3481,other-other,PCBP1
3482,3482,3482,3482,chr2,69912500,69917500,chr2,70292500,70297500,shared,0.0149408597262021,0.0129211841161338,-0.2095248792362535,-0.2095248792362535,shared,380000,3482,stable,stable,uncategorized,ctrl,3.3608134,0.70628154,0.188543,0.03053885,0.4629999999999999,0.0199999999999999,0.8658792194066386,0.8691658170218546,,0.9518404354724398,0.0032865976152159,,0.041850135,shared_2.5kb,shared_10kb,shared_0kb,anchor1_3482,anchor2_3482,promoter-promoter,PCBP1
3484,3484,3484,3484,chr2,70085000,70090000,chr2,70135000,70140000,shared,0.0376402818546229,0.0355401940907933,-0.0828258709871533,-0.0828258709871533,shared,50000,3484,stable,stable,intra-TAD,ctrl,0.7831019,0.094170995,0.188543,0.04695417,0.5123,0.0534,0.8115762269084477,0.7805881791823316,0.7359660031448663,0.686839195777127,-0.030988047726116,-0.0491268073677392,0.045134377,shared_2.5kb,shared_10kb,shared_0kb,anchor1_3484,anchor2_3484,promoter-enhancer,PCBP1
3523,3523,3523,3523,chr2,85832500,85837500,chr2,86362500,86367500,shared,0.0058316227436897,0.0027556997688993,-1.0814786763751048,-1.0814786763751048,shared,530000,3523,stable,stable,intra-TAD,ctrl,6.2321825,0.65919644,0.2118048,0.0457519,0.4034,0.1132,0.9136402263577044,0.9974994723879445,1.3480375693145694,1.3134098414376425,0.08385924603024,-0.0346277278769271,0.041497815,shared_2.5kb,shared_10kb,shared_0kb,anchor1_3523,anchor2_3523,enhancer-other,SNORD94
3569,3569,3569,3569,chr2,112750000,112755000,chr2,112880000,112885000,shared,0.0284271054447137,0.0335014797622416,0.2369576150650006,0.2369576150650006,shared,130000,3569,stable,stable,intra-TAD,ctrl,1.3051699,0.28251266,0.188543,0.026303988,0.4246999999999999,0.0578,-0.4234025823291277,-0.3670699123668444,0.2383773325404055,0.2376342993881686,0.0563326699622833,-0.0007430331522368,0.044524133,shared_2.5kb,shared_10kb,shared_0kb,anchor1_3569,anchor2_3569,enhancer-enhancer,CKAP2L
3822,3822,3822,3822,chr2,213250000,213255000,chr2,215930000,215935000,shared,0.0100033899411876,0.0103513229664906,0.049326183072941,0.049326183072941,shared,2680000,3822,stable,stable,intra-TAD,ctrl,0.78310144,0.18834162,0.20493805,0.026988037,0.3976,0.0644,,0.8598644800575657,,,,,0.050798036,shared_2.5kb,shared_10kb,shared_0kb,anchor1_3822,anchor2_3822,enhancer-enhancer,ATIC
3823,3823,3823,3823,chr2,213802500,213807500,chr2,215922500,215927500,shared,0.0062991577318867,0.0059870545683,-0.0733125174093702,-0.0733125174093702,shared,2120000,3823,stable,stable,intra-TAD,ctrl,3.3934407,0.2589699,0.27356523,0.028087886,0.4201,0.1177999999999999,,0.8598644800575657,1.0089855448759613,0.8681227458110631,,-0.1408627990648981,0.16453533,shared_2.5kb,shared_10kb,shared_0kb,anchor1_3823,anchor2_3823,other-other,ATIC
3824,3824,3824,3824,chr2,214952500,214957500,chr2,215912500,215917500,shared,0.0037588114857955,0.0051816516029919,0.4631354544916861,0.4631354544916861,shared,960000,3824,stable,stable,intra-TAD,ctrl,3.0997767,0.18834175,0.34821278,0.031246595,0.3751,0.0373999999999999,1.0089855448759613,0.8681227458110631,1.1277960215543088,1.0076680882895783,-0.1408627990648981,-0.1201279332647302,0.11543594,shared_2.5kb,shared_10kb,shared_0kb,anchor1_3824,anchor2_3824,enhancer-other,ATIC
3843,3843,3843,3843,chr2,223982500,223987500,chr2,224352500,224357500,shared,0.0057404681366234,0.0066985760618007,0.2226860559204199,0.2226860559204199,shared,370000,3843,stable,stable,intra-TAD,ctrl,0.0,0.1883418,0.19792207,0.028753195,0.4276999999999999,0.0266,0.3486137196667149,0.4691156021607219,0.745424402828506,0.7134193094758334,0.120501882494007,-0.0320050933526725,0.026511455,shared_2.5kb,shared_10kb,shared_0kb,anchor1_3843,anchor2_3843,enhancer-other,SERPINE2
3871,3871,3871,3871,chr2,231910000,231915000,chr2,232435000,232440000,shared,0.0092302822036475,0.012570943154171,0.445646232066332,0.445646232066332,shared,525000,3871,stable,,intra-TAD,ctrl,3.1976652,0.918167,0.188543,0.055618133,0.5524,0.0587999999999999,0.7269708218137474,0.7193615419616226,1.2522773858515284,1.2008624981866975,-0.0076092798521247,-0.0514148876648308,0.044939376,shared_2.5kb,shared_10kb,shared_0kb,anchor1_3871,anchor2_3871,enhancer-other,ALPP
3988,3988,3988,3988,chr20,28600000,28605000,chr20,29080000,29085000,shared,0.0058926163511381,0.0063473516947252,0.1072464417128254,0.1072464417128254,shared,480000,3988,stable,stable,intra-TAD,ctrl,7.047913,0.09417081,0.47066504,0.036282066,0.4096999999999999,0.0469999999999999,-0.4919319784150333,-0.4563673502326822,0.1612698840871836,0.1273585347585235,0.035564628182351,-0.03391134932866,0.20862314,shared_2.5kb,shared_10kb,shared_0kb,anchor1_3988,anchor2_3988,promoter-promoter,ENSG00000291100
4035,4035,4035,4035,chr20,44115000,44120000,chr20,44190000,44195000,shared,0.039821647919092,0.0414747569798981,0.0586806031651995,0.0586806031651995,shared,75000,4035,stable,stable,intra-TAD,ctrl,0.0,0.18834177,0.20931469,0.026046678,0.4953,0.0897999999999999,0.1464211969703663,0.2678733084462197,0.1407085473190197,0.2433753393664858,0.1214521114758534,0.1026667920474661,0.034768566,shared_2.5kb,shared_10kb,shared_0kb,anchor1_4035,anchor2_4035,enhancer-other,JPH2
4102,4102,4102,4102,chr20,62300000,62305000,chr20,62380000,62385000,shared,,,0.0,0.0,shared,80000,4102,,,uncategorized,ctrl,0.5220679,0.18834184,0.19159812,0.025394922,0.5671999999999999,0.0736,0.4509875462811769,0.450682869990318,0.4242915202105822,0.4138813138519023,-0.0003046762908588,-0.0104102063586798,0.043734103,shared_2.5kb,shared_10kb,shared_0kb,anchor1_4102,anchor2_4102,promoter-enhancer,ENSG00000226332
4114,4114,4114,4114,chr21,25602500,25607500,chr21,26722500,26727500,shared,0.0055833096145322,0.0054849090226103,-0.0256528698943347,-0.0256528698943347,shared,1120000,4114,stable,stable,uncategorized,ctrl,7.3089466,0.7180533,0.2027483,0.04220806,0.3966,0.0415999999999999,1.2065552927961811,1.0569376308683935,1.008848335853988,0.9307527333065704,-0.1496176619277875,-0.0780956025474176,0.053580992,shared_2.5kb,shared_10kb,shared_0kb,anchor1_4114,anchor2_4114,promoter-other,APP
4165,4165,4165,4165,chr21,41280000,41285000,chr21,41605000,41610000,shared,0.0085316239891852,0.0188644065293928,1.144774425076011,1.144774425076011,shared,325000,4165,stable,stable,uncategorized,ctrl,0.0,0.0,0.188543,0.027035506,0.4749,0.0813999999999999,0.4524099353181551,0.4266905994820795,0.8498143686166828,0.7715552168216663,-0.0257193358360756,-0.0782591517950165,0.047798693,shared_2.5kb,shared_10kb,shared_0kb,anchor1_4165,anchor2_4165,enhancer-enhancer,BACE2
4166,4166,4166,4166,chr21,41282500,41287500,chr21,41462500,41467500,shared,0.023920446852899,0.031410692286767,0.3930113996401947,0.3930113996401947,shared,180000,4166,stable,stable,inter-TAD,ctrl,0.45680946,0.0941708,0.20174101,0.027395492,0.453,0.0952,0.831008099239103,0.8193380585840494,0.9523578350463912,0.9006293350983872,-0.0116700406550536,-0.0517284999480041,0.04208801,shared_2.5kb,shared_10kb,shared_0kb,anchor1_4166,anchor2_4166,enhancer-enhancer,BACE2
4171,4171,4171,4171,chr21,42592500,42597500,chr21,42822500,42827500,shared,0.0332571638792581,0.0400540717553436,0.268283766351712,0.268283766351712,shared,230000,4171,stable,stable,inter-TAD,ctrl,2.8713727,0.57679653,0.188543,0.036550187,0.4496,0.1732,0.5736916601265031,0.5190241471977185,0.2798974830054595,0.3419879013540908,-0.0546675129287845,0.0620904183486312,0.050558433,shared_2.5kb,shared_10kb,shared_0kb,anchor1_4171,anchor2_4171,enhancer-other,PDE9A
4207,4207,4207,4207,chr22,28602500,28607500,chr22,29242500,29247500,shared,0.0122240573506716,0.0171071107460812,0.484872903685825,0.484872903685825,shared,640000,4207,stable,B_to_A,intra-TAD,ctrl,8.809891,0.32959804,0.188543,0.03490547,0.4333,0.1397999999999999,0.8593748770059599,0.8264196044329741,0.7359660031448663,0.686839195777127,-0.0329552725729858,-0.0491268073677392,0.05957792,shared_2.5kb,shared_10kb,shared_0kb,anchor1_4207,anchor2_4207,enhancer-other,KREMEN1
4208,4208,4208,4208,chr22,28850000,28855000,chr22,29155000,29160000,shared,0.0235280220146753,0.0199514324126722,-0.2378877108114031,-0.2378877108114031,shared,305000,4208,stable,stable,intra-TAD,ctrl,0.52206796,0.0,0.188543,0.028375667,0.4797,0.0409999999999999,0.9428368516633971,0.8492881762390726,0.6373586460966527,0.631880995458879,-0.0935486754243245,-0.0054776506377737,0.04992365,shared_2.5kb,shared_10kb,shared_0kb,anchor1_4208,anchor2_4208,enhancer-other,KREMEN1
4210,4210,4210,4210,chr22,29402500,29407500,chr22,32152500,32157500,shared,0.037488630488001,0.0330108149135847,-0.1835143691790444,-0.1835143691790444,shared,2750000,4210,stable,B_to_A,intra-TAD,ctrl,1.0441359,1.6715338,0.18854299,0.029328266,0.4113,0.0253999999999999,0.5903767943749774,0.5599698078946788,0.3743594814356753,0.3879392724078354,-0.0304069864802986,0.0135797909721601,0.04234455,shared_2.5kb,shared_10kb,shared_0kb,anchor1_4210,anchor2_4210,enhancer-other,"SF3A1,SMTN"
4216,4216,4216,4216,chr22,30112500,30117500,chr22,30382500,30387500,shared,0.0120986670056962,0.011830217510837,-0.0323715051390169,-0.0323715051390169,shared,270000,4216,stable,stable,inter-TAD,ctrl,6.5258474,0.94170856,0.2262516,0.03284534,0.4781999999999999,0.2315999999999999,0.5457866000945255,0.5404560922162125,0.3743594814356753,0.3879392724078354,-0.005330507878313,0.0135797909721601,0.052253284,shared_2.5kb,shared_10kb,shared_0kb,anchor1_4216,anchor2_4216,promoter-enhancer,SF3A1
4219,4219,4219,4219,chr22,30272500,30277500,chr22,30382500,30387500,shared,0.0205705300310641,0.024373008815569,0.2447053932632198,0.2447053932632198,shared,110000,4219,stable,stable,inter-TAD,ctrl,19.414396,0.37668374,0.38393497,0.058721848,0.5515,0.0849999999999999,0.4896744690202668,0.507296492234603,0.945210538364806,0.932643879635384,0.0176220232143362,-0.0125666587294219,0.0538648,shared_2.5kb,shared_10kb,shared_0kb,anchor1_4219,anchor2_4219,promoter-enhancer,SF3A1
4221,4221,4221,4221,chr22,30762500,30767500,chr22,31142500,31147500,shared,0.0098638130150111,0.0135484223886787,0.4579075140050435,0.4579075140050435,shared,380000,4221,stable,stable,intra-TAD,ctrl,10.01718,1.4125642,0.39495873,0.048294,0.4722,0.0191999999999999,0.4896744690202668,0.507296492234603,0.860067676125589,0.8503372994281475,0.0176220232143362,-0.0097303766974414,0.08289156,shared_2.5kb,shared_10kb,shared_0kb,anchor1_4221,anchor2_4221,enhancer-enhancer,SMTN
4223,4223,4223,4223,chr22,30945000,30950000,chr22,31145000,31150000,shared,0.0167032021719582,0.0055240754736771,-1.596319772448539,-1.596319772448539,shared,200000,4223,stable,stable,intra-TAD,ctrl,24.700329,0.60033953,0.188543,0.044970393,0.4546,0.0235999999999999,0.4896744690202668,0.507296492234603,0.8417512011011875,0.7121399521082394,0.0176220232143362,-0.129611248992948,0.10429117,shared_2.5kb,shared_10kb,shared_0kb,anchor1_4223,anchor2_4223,enhancer-enhancer,SMTN
4255,4255,4255,4255,chr22,38862500,38867500,chr22,38992500,38997500,shared,0.0338351075010664,0.0325161045331091,-0.0573665410599968,-0.0573665410599968,shared,130000,4255,stable,stable,inter-TAD,ctrl,2.2514172,1.6244483,0.188543,0.025956409,0.5649,0.0897999999999999,-0.4234025823291277,-0.3670699123668444,-0.0420587203568442,-0.0084087144467125,0.0563326699622833,0.0336500059101316,0.055571064,shared_2.5kb,shared_10kb,shared_0kb,anchor1_4255,anchor2_4255,enhancer-other,APOBEC3B
4256,4256,4256,4256,chr22,39012500,39017500,chr22,39122500,39127500,shared,0.0184197978211031,0.0297837497250582,0.693268172040127,0.693268172040127,shared,110000,4256,stable,stable,intra-TAD,ctrl,2.6103387,0.8475385,0.188543,0.024460927,0.5203,0.007,-0.0539664158272016,0.0944007939458119,0.070347333671549,0.0643757791900919,0.1483672097730136,-0.0059715544814571,0.06975933,shared_2.5kb,shared_10kb,shared_0kb,anchor1_4256,anchor2_4256,promoter-enhancer,APOBEC3F
4286,4286,4286,4286,chr22,46122500,46127500,chr22,46312500,46317500,shared,0.0691558275379281,0.056540751674054,-0.2905597647155281,-0.2905597647155281,shared,190000,4286,stable,stable,inter-TAD,ctrl,3.2629223,0.094170846,0.19002062,0.031471297,0.5544,0.1464,0.7317012560124946,0.7857490190866007,0.8202690737397529,0.8038989900258113,0.054047763074106,-0.0163700837139415,0.03917467,shared_2.5kb,shared_10kb,shared_0kb,anchor1_4286,anchor2_4286,enhancer-other,GTSE1
4295,4295,4295,4295,chr3,4655000,4660000,chr3,5065000,5070000,shared,0.0127992544350817,0.0088728328297184,-0.5285930822541333,-0.5285930822541333,shared,410000,4295,stable,stable,intra-TAD,ctrl,1.0767651,0.14125626,0.188543,0.023903023,0.4563,0.0273999999999999,0.6434749288849893,0.594250927232776,0.6143253832179698,0.6048333550418191,-0.0492240016522133,-0.0094920281761506,0.044527248,shared_2.5kb,shared_10kb,shared_0kb,anchor1_4295,anchor2_4295,enhancer-enhancer,BHLHE40
4296,4296,4296,4296,chr3,4715000,4720000,chr3,5025000,5030000,shared,0.026134674107037,0.0238338673157353,-0.1329521051749215,-0.1329521051749215,shared,310000,4296,stable,stable,intra-TAD,ctrl,4.731238,0.2825126,0.20032695,0.04420331,0.4561,0.0722,0.8094906403987424,0.6660743749968256,0.6143253832179698,0.6048333550418191,-0.1434162654019167,-0.0094920281761506,0.04752866,shared_2.5kb,shared_10kb,shared_0kb,anchor1_4296,anchor2_4296,enhancer-enhancer,BHLHE40
4305,4305,4305,4305,chr3,10042500,10047500,chr3,11872500,11877500,shared,0.018118292885678,0.0258795635654063,0.5143662574725929,0.5143662574725929,shared,1830000,4305,stable,stable,intra-TAD,ctrl,0.5220679,0.2825126,0.50030065,0.02517967,0.3981,0.0045999999999999,-0.1620577327726902,-0.1101353402073697,-0.2121579129158577,-0.1536969524003734,0.0519223925653205,0.0584609605154843,0.041390598,shared_2.5kb,shared_10kb,shared_0kb,anchor1_4305,anchor2_4305,other-other,HRH1
4311,4311,4311,4311,chr3,11152500,11157500,chr3,11342500,11347500,shared,0.0093674334674283,0.0088985991930094,-0.0740755791907149,-0.0740755791907149,shared,190000,4311,stable,stable,uncategorized,ctrl,3.9155083,3.3666112,0.23002246,0.024991244,0.4506,0.1835999999999999,0.491301599247961,0.5248272355032784,0.8738656914479181,0.7485870999410934,0.0335256362553173,-0.1252785915068247,0.05421436,shared_2.5kb,shared_10kb,shared_0kb,anchor1_4311,anchor2_4311,promoter-other,HRH1
4312,4312,4312,4312,chr3,11232500,11237500,chr3,11332500,11337500,shared,0.0351706230875436,0.0287652342845184,-0.2900446735671595,-0.2900446735671595,shared,100000,4312,stable,stable,inter-TAD,ctrl,2.6103377,1.247765,0.21139486,0.036529362,0.439,0.0048,0.6855806431172939,0.6246794272677844,0.8738656914479181,0.7485870999410934,-0.0609012158495095,-0.1252785915068247,0.041966856,shared_2.5kb,shared_10kb,shared_0kb,anchor1_4312,anchor2_4312,enhancer-other,HRH1
4378,4378,4378,4378,chr3,37855000,37860000,chr3,38000000,38005000,shared,0.0290976353290839,0.0267997092429885,-0.1186845661328781,-0.1186845661328781,shared,145000,4378,stable,stable,uncategorized,ctrl,11.485484,6.6861367,0.188543,0.07094065,0.5283,0.1078,-0.104273924120806,-0.017353433841429,-0.3322553242293444,-0.2851943639163843,0.086920490279377,0.04706096031296,0.060305018,shared_2.5kb,shared_10kb,shared_0kb,anchor1_4378,anchor2_4378,enhancer-enhancer,ENSG00000290076
4379,4379,4379,4379,chr3,37860000,37865000,chr3,37935000,37940000,shared,0.0296807437224436,0.0296865420220677,0.0002818110356585,0.0002818110356585,shared,75000,4379,stable,stable,intra-TAD,ctrl,4.9596443,0.9181667,0.19062471,0.044161376,0.5113,0.1557999999999999,,,0.8360631776529136,0.920077057451964,,0.0840138797990502,0.03807424,shared_2.5kb,shared_10kb,shared_0kb,anchor1_4379,anchor2_4379,promoter-enhancer,ENSG00000290076
4380,4380,4380,4380,chr3,38052500,38057500,chr3,42832500,42837500,shared,0.011577622800636,0.0088954241791494,-0.3802037520933337,-0.3802037520933337,shared,4780000,4380,stable,stable,intra-TAD,ctrl,0.52206796,0.0,0.22480129,0.025023114,0.4732,0.0612,0.1881004013251778,0.2229648614362951,0.2417016301324867,0.335662985405886,0.0348644601111172,0.0939613552733993,0.04536499,shared_2.5kb,shared_10kb,shared_0kb,anchor1_4380,anchor2_4380,enhancer-other,MYD88
4381,4381,4381,4381,chr3,38112500,38117500,chr3,38302500,38307500,shared,0.0167148270692264,0.0121961319065377,-0.454704770054125,-0.454704770054125,shared,190000,4381,stable,stable,intra-TAD,ctrl,9.62562,0.094170906,0.188543,0.058719892,0.4942,0.1151999999999999,-0.188384615894509,-0.1916398599647005,-0.8865953428748233,-0.8530500427377462,-0.0032552440701914,0.0335453001370771,0.064953566,shared_2.5kb,shared_10kb,shared_0kb,anchor1_4381,anchor2_4381,enhancer-other,MYD88
4405,4405,4405,4405,chr3,45042500,45047500,chr3,45212500,45217500,shared,0.0367377573338681,0.040293368944911,0.1332788754105119,0.1332788754105119,shared,170000,4405,stable,stable,intra-TAD,ctrl,4.1765428,4.0493517,0.188543,0.027328692,0.4629999999999999,0.0391999999999999,-0.5197557405120744,-0.4266290608905684,-0.2057113271596946,-0.2639616036576498,0.093126679621506,-0.0582502764979551,0.04990463,shared_2.5kb,shared_10kb,shared_0kb,anchor1_4405,anchor2_4405,enhancer-enhancer,CDCP1
4406,4406,4406,4406,chr3,45042500,45047500,chr3,45502500,45507500,shared,0.0090732839302604,0.0109194198253148,0.2671994936633199,0.2671994936633199,shared,460000,4406,stable,stable,intra-TAD,ctrl,1.8272362,0.1294849,0.18854302,0.034334,0.4145999999999999,0.0576,-0.5197557405120744,-0.4266290608905684,0.2644155139604199,0.211840369509054,0.093126679621506,-0.0525751444513658,0.040876515,shared_2.5kb,shared_10kb,shared_0kb,anchor1_4406,anchor2_4406,enhancer-other,CDCP1
4407,4407,4407,4407,chr3,45042500,45047500,chr3,45662500,45667500,shared,0.006198189481749,0.0044775003693987,-0.4691533082712752,-0.4691533082712752,shared,620000,4407,stable,stable,intra-TAD,ctrl,3.7849903,8.028075,0.21547772,0.0362791,0.4606,0.0343999999999999,0.5933994636825788,0.5048065933114292,1.4239356286114488,1.24725216008223,-0.0885928703711496,-0.1766834685292189,0.047676295,shared_2.5kb,shared_10kb,shared_0kb,anchor1_4407,anchor2_4407,enhancer-enhancer,CDCP1
4436,4436,4436,4436,chr3,53115000,53120000,chr3,53195000,53200000,shared,0.0622810301750627,0.0629849073856511,0.0162133596512167,0.0162133596512167,shared,80000,4436,stable,,intra-TAD,ctrl,1.6640906,0.09417081,0.188543,0.038487837,0.4918,0.0735999999999999,-0.256467289845141,-0.1514065260096696,0.0250659844177089,0.0454156443206114,0.1050607638354713,0.0203496599029025,0.042002954,shared_2.5kb,shared_10kb,shared_0kb,anchor1_4436,anchor2_4436,enhancer-enhancer,PRKCD
4585,4585,4585,4585,chr3,123722500,123727500,chr3,125682500,125687500,shared,0.0166321095888148,0.0134558241050612,-0.3057404173685452,-0.3057404173685452,shared,1960000,4585,stable,stable,inter-TAD,ctrl,0.52206796,0.0,0.19557819,0.026519947,0.4711999999999999,0.0075999999999999,-0.2366554185069851,-0.2938243135264902,-0.4491093743436432,-0.3880665361606027,-0.057168895019505,0.0610428381830404,0.04916612,shared_2.5kb,shared_10kb,shared_0kb,anchor1_4585,anchor2_4585,enhancer-enhancer,MUC13
4589,4589,4589,4589,chr3,124762500,124767500,chr3,124902500,124907500,shared,0.0543323090283567,0.0474784667741212,-0.1945370136675951,-0.1945370136675951,shared,140000,4589,stable,stable,uncategorized,ctrl,3.0345182,0.09417081,0.188543,0.04480741,0.4842,0.0832,-0.5190564925667577,-0.5384274543611202,-0.6876336634067222,-0.6554043513044086,-0.0193709617943624,0.0322293121023136,0.071296975,shared_2.5kb,shared_10kb,shared_0kb,anchor1_4589,anchor2_4589,enhancer-enhancer,MUC13
4591,4591,4591,4591,chr3,124922500,124927500,chr3,125582500,125587500,shared,0.0171128268078722,0.0119609545375543,-0.5167455656156866,-0.5167455656156866,shared,660000,4591,stable,stable,inter-TAD,ctrl,14.258971,0.47085422,0.33138773,0.028985217,0.4044,0.0216,0.4207192424608573,0.511961492706792,0.4242915202105822,0.4138813138519023,0.0912422502459347,-0.0104102063586798,0.12115355,shared_2.5kb,shared_10kb,shared_0kb,anchor1_4591,anchor2_4591,enhancer-enhancer,MUC13
4592,4592,4592,4592,chr3,124925000,124930000,chr3,124985000,124990000,shared,0.0231369137212446,0.0234161138223072,0.0173052302760733,0.0173052302760733,shared,60000,4592,stable,stable,intra-TAD,ctrl,0.4894387,0.20011315,0.188543,0.026383424,0.436,0.0148,0.4242915202105822,0.4138813138519023,0.7103103802743267,0.6267470995285991,-0.0104102063586798,-0.0835632807457276,0.044831187,shared_2.5kb,shared_10kb,shared_0kb,anchor1_4592,anchor2_4592,enhancer-enhancer,MUC13
4593,4593,4593,4593,chr3,124925000,124930000,chr3,125440000,125445000,shared,0.0085786475228507,0.0084079372255716,-0.0289983177570906,-0.0289983177570906,shared,515000,4593,stable,stable,intra-TAD,ctrl,8.353078,1.2830791,0.188543,0.058323093,0.4272,0.0027999999999999,0.4816513739002473,0.4937457327776007,0.6429881513924668,0.5805706424888545,0.0120943588773534,-0.0624175089036123,0.05865581,shared_2.5kb,shared_10kb,shared_0kb,anchor1_4593,anchor2_4593,enhancer-enhancer,MUC13
4714,4714,4714,4714,chr3,156150000,156155000,chr3,157085000,157090000,shared,0.0112668872329366,0.0100662554139256,-0.1625618796705833,-0.1625618796705833,shared,935000,4714,stable,stable,intra-TAD,ctrl,0.26103398,0.64742535,0.25988916,0.02815662,0.4447,0.0505999999999999,-0.001249002078183,0.0427433967560183,-0.0012918500744023,-0.0274200625508011,0.0439923988342014,-0.0261282124763988,0.04319785,shared_2.5kb,shared_10kb,lost_0kb,anchor1_4714,anchor2_4714,promoter-enhancer,"LEKR1,LINC00880"
4715,4715,4715,4715,chr3,156150000,156155000,chr3,157135000,157140000,shared,0.0208616920227166,0.0131710550840701,-0.6634852556783479,-0.6634852556783479,shared,985000,4715,stable,stable,uncategorized,ctrl,1.3051691,0.41199726,0.18854302,0.051595323,0.4296999999999999,0.0206,-0.1603343802464511,-0.0547483428470909,-0.0012918500744023,-0.0274200625508011,0.1055860373993601,-0.0261282124763988,0.047579143,shared_2.5kb,shared_10kb,lost_0kb,anchor1_4715,anchor2_4715,enhancer-enhancer,"LEKR1,LINC00880"
4718,4718,4718,4718,chr3,156152500,156157500,chr3,157072500,157077500,shared,0.0045693773015372,0.0048308411994298,0.0802768555950699,0.0802768555950699,shared,920000,4718,stable,stable,inter-TAD,ctrl,0.78310144,0.18834186,0.21411291,0.02596501,0.4256,0.0316,-0.8527682238264424,-0.7228812957853872,-0.9386674489216016,-0.8690260501988996,0.1298869280410551,0.0696413987227021,0.034526892,shared_2.5kb,shared_10kb,lost_0kb,anchor1_4718,anchor2_4718,enhancer-enhancer,"LEKR1,LINC00880"
4719,4719,4719,4719,chr3,156522500,156527500,chr3,157142500,157147500,shared,0.0050218759292367,0.0075468311266129,0.5876446060338334,0.5876446060338334,shared,620000,4719,stable,stable,uncategorized,ctrl,1.3051699,0.0,0.188543,0.02890773,0.3894999999999999,0.0134,-0.8128849754085705,-0.739641702288148,-0.1167997946194455,-0.1214992850446533,0.0732432731204225,-0.0046994904252078,0.043919425,shared_2.5kb,shared_10kb,lost_0kb,anchor1_4719,anchor2_4719,enhancer-enhancer,"LEKR1,LINC00880"
4721,4721,4721,4721,chr3,156550000,156555000,chr3,157085000,157090000,shared,0.0123445654894541,0.0089191765592369,-0.4688936284516862,-0.4688936284516862,shared,535000,4721,stable,stable,intra-TAD,ctrl,1.2072821,0.0941708,0.25324386,0.02451225,0.4377999999999999,0.0643999999999999,-0.8040703933560177,-0.7298884768808612,-0.1167997946194455,-0.1214992850446533,0.0741819164751564,-0.0046994904252078,0.042683724,shared_2.5kb,shared_10kb,lost_0kb,anchor1_4721,anchor2_4721,promoter-promoter,"LEKR1,LINC00880"
4722,4722,4722,4722,chr3,156670000,156675000,chr3,157080000,157085000,shared,0.015456261058988,0.0177455766192628,0.1992680867787189,0.1992680867787189,shared,410000,4722,stable,stable,intra-TAD,ctrl,5.4490824,0.0941708,0.19995996,0.03226943,0.4467,0.0041999999999999,-0.8040703933560177,-0.7298884768808612,-0.3027247926728152,-0.2089208688743239,0.0741819164751564,0.0938039237984912,0.053342387,shared_2.5kb,shared_10kb,lost_0kb,anchor1_4722,anchor2_4722,promoter-promoter,"LEKR1,LINC00880"
4723,4723,4723,4723,chr3,156675000,156680000,chr3,157130000,157135000,shared,0.0151854370037801,0.0161107155583975,0.0853321461325923,0.0853321461325923,shared,455000,4723,stable,stable,intra-TAD,ctrl,3.132407,0.22365579,0.188543,0.031035595,0.4614,0.0636,-0.3027247926728152,-0.2089208688743239,-0.1167997946194455,-0.1214992850446533,0.0938039237984912,-0.0046994904252078,0.061201535,shared_2.5kb,shared_10kb,lost_0kb,anchor1_4723,anchor2_4723,promoter-enhancer,"LEKR1,LINC00880"
4724,4724,4724,4724,chr3,157085000,157090000,chr3,157125000,157130000,shared,0.0293599919097439,0.02531888051749,-0.2136379536936222,-0.2136379536936222,shared,40000,4724,stable,stable,intra-TAD,ctrl,0.52206796,0.27074116,0.19228664,0.023778759,0.4768,0.0136,-0.3027247926728152,-0.2089208688743239,-0.0882616937199317,-0.0163675848772906,0.0938039237984912,0.0718941088426411,0.027848996,shared_2.5kb,shared_10kb,lost_0kb,anchor1_4724,anchor2_4724,promoter-enhancer,LINC00880
4803,4803,4803,4803,chr3,182712500,182717500,chr3,183382500,183387500,shared,0.006356695433385,0.0104294944382289,0.7143203542675628,0.7143203542675628,shared,670000,4803,stable,stable,intra-TAD,ctrl,0.52206796,0.18834183,0.188543,0.025934512,0.418,0.0264,0.8704162111661683,0.8780667140689291,0.7708846910427262,0.726110216104875,0.0076505029027608,-0.0447744749378511,0.040255208,shared_2.5kb,shared_10kb,lost_0kb,anchor1_4803,anchor2_4803,enhancer-enhancer,LAMP3
4804,4804,4804,4804,chr3,183120000,183125000,chr3,183180000,183185000,shared,0.0311482663521943,0.022201927289238,-0.4884669496099659,-0.4884669496099659,shared,60000,4804,stable,stable,intra-TAD,ctrl,4.5354643,0.45908314,0.39382267,0.03267898,0.4731999999999999,0.0967999999999999,0.8704162111661683,0.8780667140689291,0.981706851456854,0.9524087103682034,0.0076505029027608,-0.0292981410886506,0.042911224,shared_2.5kb,shared_10kb,lost_0kb,anchor1_4804,anchor2_4804,enhancer-enhancer,LAMP3
4805,4805,4805,4805,chr3,183122500,183127500,chr3,183382500,183387500,shared,0.0448196133294298,0.0441973356948422,-0.0201707987423104,-0.0201707987423104,shared,260000,4805,stable,stable,intra-TAD,ctrl,1.5988324,1.3066212,0.19199798,0.023813099,0.4076,0.0472,0.9767810414895972,0.8658536963495438,0.6191397723389617,0.6457919901805957,-0.1109273451400535,0.026652217841634,0.035418585,shared_2.5kb,shared_10kb,lost_0kb,anchor1_4805,anchor2_4805,enhancer-enhancer,LAMP3
4901,4901,4901,4901,chr4,17542500,17547500,chr4,18592500,18597500,shared,0.009472503552124,0.009410300232491,-0.0095050233425545,-0.0095050233425545,shared,1050000,4901,stable,stable,uncategorized,ctrl,2.8713722,0.0588568,0.19450957,0.023957288,0.4142,0.0635999999999999,-0.3652967600880664,-0.2138096698853989,0.1007412350440413,0.138870768750571,0.1514870902026675,0.0381295337065296,0.07847398,shared_2.5kb,shared_10kb,lost_0kb,anchor1_4901,anchor2_4901,enhancer-enhancer,FAM184B
4902,4902,4902,4902,chr4,17545000,17550000,chr4,18365000,18370000,shared,0.0035928940649254,0.003542467027903,-0.0203919735854228,-0.0203919735854228,shared,820000,4902,stable,stable,uncategorized,ctrl,1.0115067,1.8951895,0.21486247,0.024739154,0.4028,0.1168,-0.1262024040495795,-0.0580015103563389,0.1007412350440413,0.138870768750571,0.0682008936932406,0.0381295337065296,0.06109193,shared_2.5kb,shared_10kb,lost_0kb,anchor1_4902,anchor2_4902,enhancer-enhancer,FAM184B
4992,4992,4992,4992,chr4,73592500,73597500,chr4,74132500,74137500,shared,0.0056685792179252,0.0092823995784443,0.711510621377556,0.711510621377556,shared,540000,4992,stable,stable,intra-TAD,ctrl,12.594889,0.0,1.133749,0.02669876,0.3586,0.0052,0.6648223688566661,0.7230396059495034,0.7269708218137474,0.7193615419616226,0.0582172370928373,-0.0076092798521247,0.16822617,shared_2.5kb,shared_10kb,lost_0kb,anchor1_4992,anchor2_4992,enhancer-enhancer,CXCL8
4993,4993,4993,4993,chr4,73662500,73667500,chr4,73922500,73927500,shared,0.0115575923334337,0.0086787275668682,-0.4132854459832417,-0.4132854459832417,shared,260000,4993,stable,stable,inter-TAD,ctrl,1.0441359,0.5767965,0.21865065,0.03394281,0.3581,0.0945999999999999,0.6191403550064083,0.6260718350655516,0.7269708218137474,0.7193615419616226,0.0069314800591433,-0.0076092798521247,0.06509675,shared_2.5kb,shared_10kb,lost_0kb,anchor1_4993,anchor2_4993,enhancer-enhancer,CXCL8
4994,4994,4994,4994,chr4,73662500,73667500,chr4,74132500,74137500,shared,0.0212096574623535,0.0186696881524076,-0.184023491589488,-0.184023491589488,shared,470000,4994,stable,stable,intra-TAD,ctrl,6.00378,0.094170906,0.188543,0.03540512,0.3807,0.0494,0.8181587456803252,0.8251949389504016,0.9050305326026818,0.95688587221157,0.0070361932700764,0.0518553396088881,0.04775824,shared_2.5kb,shared_10kb,lost_0kb,anchor1_4994,anchor2_4994,enhancer-enhancer,CXCL8
4995,4995,4995,4995,chr4,73730000,73735000,chr4,73865000,73870000,shared,0.011949886161858,0.0107205183411287,-0.1566222123981852,-0.1566222123981852,shared,135000,4995,stable,stable,intra-TAD,ctrl,1.2725402,1.0947374,0.25982147,0.023442999,0.4101,0.0226,0.9520067199093716,1.0916178568212462,0.9050305326026818,0.95688587221157,0.1396111369118745,0.0518553396088881,0.03812541,shared_2.5kb,shared_10kb,lost_0kb,anchor1_4995,anchor2_4995,promoter-enhancer,CXCL8
5014,5014,5014,5014,chr4,74870000,74875000,chr4,75470000,75475000,shared,0.0149255787164139,0.0128679871516409,-0.214000470251634,-0.214000470251634,shared,600000,5014,stable,stable,intra-TAD,ctrl,2.1209,12.124512,0.188543,0.035315126,0.3795,0.0554,0.2196855017851239,0.3449215995938667,0.4389708828727764,0.4406895767790469,0.1252360978087427,0.0017186939062704,0.03601622,shared_2.5kb,shared_10kb,lost_0kb,anchor1_5014,anchor2_5014,enhancer-other,PARM1
5015,5015,5015,5015,chr4,74872500,74877500,chr4,75292500,75297500,shared,0.0144694750716115,0.0090434492621969,-0.6780675431860367,-0.6780675431860367,shared,420000,5015,stable,stable,intra-TAD,ctrl,6.101664,0.5650253,0.20041971,0.04022122,0.3679,0.0166,0.7401383190538058,0.7746042197917865,0.6856878464866263,0.5395257900711614,0.0344659007379807,-0.1461620564154648,0.055825487,shared_2.5kb,shared_10kb,lost_0kb,anchor1_5015,anchor2_5015,enhancer-other,PARM1
5016,5016,5016,5016,chr4,74875000,74880000,chr4,75570000,75575000,shared,0.0075407859417567,0.0114819529113086,0.606581242117403,0.606581242117403,shared,695000,5016,stable,stable,intra-TAD,ctrl,2.8713722,0.65919644,0.20646238,0.02322857,0.3982,0.0255999999999999,0.7401383190538058,0.7746042197917865,0.5602793955418994,0.6518000827357741,0.0344659007379807,0.0915206871938746,0.07104666,shared_2.5kb,shared_10kb,lost_0kb,anchor1_5016,anchor2_5016,enhancer-other,PARM1
5017,5017,5017,5017,chr4,74912500,74917500,chr4,75292500,75297500,shared,0.0104011536422202,0.0098018050003859,-0.0856242027188778,-0.0856242027188778,shared,380000,5017,stable,stable,intra-TAD,ctrl,4.2418017,0.18834199,,0.024533795,0.3957,0.039,0.6157202318166506,0.6844256671171532,0.7887446450555294,0.7605810649435314,0.0687054353005026,-0.028163580111998,0.04573805,shared_2.5kb,shared_10kb,lost_0kb,anchor1_5017,anchor2_5017,other-other,PARM1
5018,5018,5018,5018,chr4,74925000,74930000,chr4,75470000,75475000,shared,0.0119742875524831,0.011146538309134,-0.1033440873879156,-0.1033440873879156,shared,545000,5018,stable,stable,intra-TAD,ctrl,4.4375753,2.448445,0.19123647,0.03117742,0.3962,0.022,0.6403150974635109,0.598682619671944,0.668988048125607,0.634438234149053,-0.0416324777915668,-0.0345498139765539,0.059560977,shared_2.5kb,shared_10kb,lost_0kb,anchor1_5018,anchor2_5018,enhancer-other,PARM1
5019,5019,5019,5019,chr4,74930000,74935000,chr4,75290000,75295000,shared,0.0208182160065244,0.0258392489694816,0.3117176941838052,0.3117176941838052,shared,360000,5019,stable,stable,intra-TAD,ctrl,0.9788774,0.3766835,0.19193406,0.023925863,0.4382,0.0975999999999999,0.6403150974635109,0.598682619671944,0.6176227025696714,0.5396352886567508,-0.0416324777915668,-0.0779874139129206,0.05533734,shared_2.5kb,shared_10kb,lost_0kb,anchor1_5019,anchor2_5019,promoter-enhancer,PARM1
5093,5093,5093,5093,chr4,103202500,103207500,chr4,103922500,103927500,shared,0.0060347485426133,0.0072122414795657,0.2571540440927024,0.2571540440927024,shared,720000,5093,stable,stable,intra-TAD,ctrl,1.6967204,2.0129032,0.23608863,0.02492655,0.3364,0.0359999999999999,-0.3188455022407369,-0.3599132880887868,-0.4622577719912148,-0.3146846153740868,-0.0410677858480499,0.147573156617128,0.042298216,shared_2.5kb,shared_10kb,lost_0kb,anchor1_5093,anchor2_5093,other-other,ENSG00000250920
5094,5094,5094,5094,chr4,103202500,103207500,chr4,103782500,103787500,shared,0.0213313743353017,0.0185473512595063,-0.20176374765927,-0.20176374765927,shared,580000,5094,stable,stable,intra-TAD,ctrl,13.280099,0.21188445,0.18920225,0.054459855,0.3815,0.0542,-0.3188455022407369,-0.3599132880887868,-0.4622577719912148,-0.3146846153740868,-0.0410677858480499,0.147573156617128,0.0451361,shared_2.5kb,shared_10kb,lost_0kb,anchor1_5094,anchor2_5094,other-other,ENSG00000250920
5097,5097,5097,5097,chr4,105512500,105517500,chr4,106202500,106207500,shared,0.0038059034331531,0.005967160615406,0.6488056530913784,0.6488056530913784,shared,690000,5097,stable,stable,uncategorized,ctrl,4.078654,0.18834175,0.19527668,0.0383432,0.3548,0.0464,-0.5171629972068816,-0.415957978146091,-0.0328777019788589,-0.0041649337875805,0.1012050190607906,0.0287127681912783,0.030220043,shared_2.5kb,shared_10kb,lost_0kb,anchor1_5097,anchor2_5097,other-other,ARHGEF38
5107,5107,5107,5107,chr4,109420000,109425000,chr4,109975000,109980000,shared,0.0301779537657654,0.025557721445062,-0.2397357653698758,-0.2397357653698758,shared,555000,5107,stable,stable,intra-TAD,ctrl,2.0882707,0.14125635,0.20493805,0.027620388,0.3982,0.0744,0.5933994636825788,0.5048065933114292,0.5403277037691222,0.4132001928486073,-0.0885928703711496,-0.1271275109205148,0.04559318,shared_2.5kb,shared_10kb,lost_0kb,anchor1_5107,anchor2_5107,enhancer-enhancer,GAR1
5122,5122,5122,5122,chr4,112322500,112327500,chr4,112942500,112947500,shared,0.0065796508639015,0.0028120034780495,-1.2264126534252575,-1.2264126534252575,shared,620000,5122,stable,stable,uncategorized,ctrl,15.759916,7.0039644,0.22649646,0.049915697,0.3941,0.037,-0.4630773338291218,-0.2931547846252086,-0.5708546694207209,-0.4645653561745263,0.1699225492039131,0.1062893132461946,0.010239147,shared_2.5kb,shared_10kb,lost_0kb,anchor1_5122,anchor2_5122,enhancer-enhancer,ANK2
5125,5125,5125,5125,chr4,112630000,112635000,chr4,112940000,112945000,shared,0.0086123715205866,0.0114807728021478,0.4147372960661617,0.4147372960661617,shared,310000,5125,stable,stable,uncategorized,ctrl,10.996052,0.47085434,0.188543,0.04209828,0.3525,0.0873999999999999,-0.0498538315420536,0.0262349688140669,-0.0498538315420536,0.0262349688140669,0.0760888003561205,0.0760888003561205,0.0683932,shared_2.5kb,shared_10kb,lost_0kb,anchor1_5125,anchor2_5125,enhancer-enhancer,ANK2
5288,5288,5288,5288,chr4,179402500,179407500,chr4,186242500,186247500,shared,0.0063230624974864,0.0068254352341172,0.1102975653223556,0.1102975653223556,shared,6840000,5288,stable,stable,uncategorized,ctrl,0.26103398,0.2825127,0.188543,0.024024073,0.4612,0.0215999999999999,0.4816513739002473,0.4937457327776007,0.428664897200764,0.4585699590600866,0.0120943588773534,0.0299050618593225,0.02842447,shared_2.5kb,shared_10kb,lost_0kb,anchor1_5288,anchor2_5288,enhancer-enhancer,ING2
5304,5304,5304,5304,chr4,186295000,186300000,chr4,186550000,186555000,shared,0.0207924652749012,0.0192060243769449,-0.1145019087666362,-0.1145019087666362,shared,255000,5304,stable,stable,intra-TAD,ctrl,1.9577549,1.2713071,0.18854299,0.02361568,0.4321,0.0446,0.6778508991838664,0.666744116601096,0.3160543787955607,0.3124080360064758,-0.0111067825827704,-0.0036463427890849,0.057265565,shared_2.5kb,shared_10kb,lost_0kb,anchor1_5304,anchor2_5304,enhancer-other,MTNR1A
5305,5305,5305,5305,chr4,186382500,186387500,chr4,187672500,187677500,shared,0.0136012711140199,0.0073131890232731,-0.8951689287915907,-0.8951689287915907,shared,1290000,5305,stable,stable,intra-TAD,ctrl,6.003782,0.22365585,0.18854299,0.037944525,0.4051,0.079,0.6778508991838664,0.666744116601096,0.273915098853758,0.2817927788511027,-0.0111067825827704,0.0078776799973447,0.0608876,shared_2.5kb,shared_10kb,lost_0kb,anchor1_5305,anchor2_5305,enhancer-other,MTNR1A
5351,5351,5351,5351,chr5,34190000,34195000,chr5,34455000,34460000,shared,0.0123586965762555,0.0104653412663217,-0.2399072383405947,-0.2399072383405947,shared,265000,5351,stable,stable,intra-TAD,ctrl,16.771431,0.09417085,0.43960345,0.033892833,0.4527,0.173,0.543984688948999,0.6540476533556768,0.5268699604505055,0.5713873032877818,0.1100629644066778,0.0445173428372762,0.12274699,shared_2.5kb,shared_10kb,lost_0kb,anchor1_5351,anchor2_5351,other-other,ENSG00000290548
5352,5352,5352,5352,chr5,34222500,34227500,chr5,34442500,34447500,shared,,,0.0,0.0,shared,220000,5352,,stable,intra-TAD,ctrl,20.882708,0.6356536,0.7194072,0.040689275,0.3739,0.0518,0.3140563289966175,0.3366664305506161,0.1203033751854112,0.0692641621652411,0.0226101015539985,-0.05103921302017,0.12385659,shared_2.5kb,shared_10kb,lost_0kb,anchor1_5352,anchor2_5352,other-other,ENSG00000290548
5481,5481,5481,5481,chr5,76602500,76607500,chr5,77012500,77017500,shared,0.0124699109445395,0.0129647012144465,0.0561377960940267,0.0561377960940267,shared,410000,5481,stable,stable,intra-TAD,ctrl,3.165035,0.09417095,0.188543,0.026491009,0.3944999999999999,0.0117999999999999,-0.8527682238264424,-0.7228812957853872,-0.8673893248718036,-0.8644064984162344,0.1298869280410551,0.0029828264555692,0.08261566,shared_2.5kb,shared_10kb,lost_0kb,anchor1_5481,anchor2_5481,enhancer-other,F2R
5482,5482,5482,5482,chr5,76605000,76610000,chr5,76770000,76775000,shared,0.0229892906240192,0.0243519543202153,0.0830756079380538,0.0830756079380538,shared,165000,5482,stable,stable,intra-TAD,ctrl,5.971149,0.69451046,0.22649649,0.048946768,0.4052,0.066,-0.8527682238264424,-0.7228812957853872,-1.0913230117987405,-1.0569882894685907,0.1298869280410551,0.0343347223301495,0.06788619,shared_2.5kb,shared_10kb,lost_0kb,anchor1_5482,anchor2_5482,enhancer-enhancer,F2R
5483,5483,5483,5483,chr5,76710000,76715000,chr5,76770000,76775000,shared,0.0196490035860884,0.0215711072037827,0.1346440748599553,0.1346440748599553,shared,60000,5483,stable,stable,intra-TAD,ctrl,0.5873264,0.22365591,0.188543,0.025664255,0.4294,0.0176,-1.2488073966930917,-1.277768618523364,-1.1330342077666216,-1.097044989046624,-0.0289612218302723,0.0359892187199974,0.04425998,shared_2.5kb,shared_10kb,lost_0kb,anchor1_5483,anchor2_5483,promoter-enhancer,F2R
5617,5617,5617,5617,chr5,135885000,135890000,chr5,136170000,136175000,shared,0.0192018049465223,0.018134381670173,-0.0825143744859514,-0.0825143744859514,shared,285000,5617,stable,stable,intra-TAD,ctrl,7.667869,0.94170934,0.19507667,0.035952657,0.403,0.1115999999999999,0.3691449815751083,0.3745565041464383,0.4166578648983389,0.5339146642152307,0.0054115225713299,0.1172567993168917,0.08074172,shared_2.5kb,shared_10kb,lost_0kb,anchor1_5617,anchor2_5617,enhancer-enhancer,TGFBI
5618,5618,5618,5618,chr5,135932500,135937500,chr5,136072500,136077500,shared,0.0171318799169075,0.0178521778918758,0.0594166177762306,0.0594166177762306,shared,140000,5618,stable,stable,intra-TAD,ctrl,5.057531,0.7533676,0.19507667,0.03850798,0.4021,0.0794,0.3691449815751083,0.3745565041464383,0.8456856338606029,0.7058513882195971,0.0054115225713299,-0.1398342456410057,0.05938741,shared_2.5kb,shared_10kb,lost_0kb,anchor1_5618,anchor2_5618,enhancer-enhancer,TGFBI
5619,5619,5619,5619,chr5,135945000,135950000,chr5,136170000,136175000,shared,0.0139146357363215,0.0205683919850956,0.5638258682796268,0.5638258682796268,shared,225000,5619,stable,stable,intra-TAD,ctrl,2.7408552,0.18834162,0.20324591,0.027965805,0.3555,0.0166,0.2120060163829379,0.1523313017136984,0.3051761585406113,0.320973492160063,-0.0596747146692395,0.0157973336194516,0.07806495,shared_2.5kb,shared_10kb,lost_0kb,anchor1_5619,anchor2_5619,enhancer-enhancer,TGFBI
5636,5636,5636,5636,chr5,141660000,141665000,chr5,141960000,141965000,shared,0.0174639391577761,0.0203742093492843,0.2223650652811142,0.2223650652811142,shared,300000,5636,stable,stable,uncategorized,ctrl,2.838743,0.09417095,0.21547772,0.045828544,0.4622,0.0155999999999999,0.5933994636825788,0.5048065933114292,0.8015970662423618,0.7363850763836147,-0.0885928703711496,-0.0652119898587471,0.054371666,shared_2.5kb,shared_10kb,lost_0kb,anchor1_5636,anchor2_5636,enhancer-enhancer,PCDH1
5637,5637,5637,5637,chr5,141692500,141697500,chr5,141882500,141887500,shared,0.0223034015825853,0.0319468155606182,0.5184083731432227,0.5184083731432227,shared,190000,5637,stable,stable,inter-TAD,ctrl,6.7216234,0.3766835,0.188543,0.041974623,0.4994,0.0188,0.5403277037691222,0.4132001928486073,0.3854515207544912,0.3375783775667394,-0.1271275109205148,-0.0478731431877518,0.06040874,shared_2.5kb,shared_10kb,lost_0kb,anchor1_5637,anchor2_5637,enhancer-enhancer,PCDH1
5680,5680,5680,5680,chr5,150462500,150467500,chr5,150662500,150667500,shared,0.0139890588325491,0.0087883080895897,-0.670641550968206,-0.670641550968206,shared,200000,5680,stable,stable,intra-TAD,ctrl,3.2302945,0.5297114,0.188543,0.03261956,0.481,0.0527999999999999,-0.4612443628899871,-0.3705628203553972,-0.1914386349810896,-0.1598354559270813,0.0906815425345898,0.0316031790540083,0.05634726,shared_2.5kb,shared_10kb,lost_0kb,anchor1_5680,anchor2_5680,enhancer-enhancer,SYNPO
5738,5738,5738,5738,chr5,170832500,170837500,chr5,178752500,178757500,shared,0.0092203185493945,0.0089378221383273,-0.0448932591092961,-0.0448932591092961,shared,7920000,5738,stable,stable,intra-TAD,ctrl,1.3051689,0.09417085,0.18854299,0.02405499,0.4107,0.0078,0.5736916601265031,0.5190241471977185,0.3791293219300605,0.2816425479491268,-0.0546675129287845,-0.0974867739809336,0.03990151,shared_2.5kb,shared_10kb,lost_0kb,anchor1_5738,anchor2_5738,enhancer-enhancer,"SH3PXD2B,SNORA74B"
5743,5743,5743,5743,chr5,172105000,172110000,chr5,172365000,172370000,shared,0.0107521939339807,0.0095387314061225,-0.1727617505640448,-0.1727617505640448,shared,260000,5743,stable,stable,uncategorized,ctrl,16.412502,0.17657027,0.188543,0.03733604,0.4873,0.0634,0.110817832456138,0.163460166967385,-0.2447245115818094,-0.1707874626265141,0.052642334511247,0.0739370489552952,0.11565169,shared_2.5kb,shared_10kb,lost_0kb,anchor1_5743,anchor2_5743,enhancer-enhancer,SH3PXD2B
5745,5745,5745,5745,chr5,172712500,172717500,chr5,173272500,173277500,shared,0.0052154454235942,0.0052033067507482,-0.0033617098763078,-0.0033617098763078,shared,560000,5745,stable,stable,inter-TAD,ctrl,5.220677,0.105942346,0.188543,0.0333163,0.4863,0.1518,-0.4913340528643189,-0.4513969159766527,-0.2447245115818094,-0.1707874626265141,0.0399371368876662,0.0739370489552952,0.048495024,shared_2.5kb,shared_10kb,lost_0kb,anchor1_5745,anchor2_5745,enhancer-enhancer,SNORA74B
5746,5746,5746,5746,chr5,172980000,172985000,chr5,173140000,173145000,shared,0.0130333317270092,0.0156535825813704,0.264286950574932,0.264286950574932,shared,160000,5746,stable,stable,intra-TAD,ctrl,5.188047,0.0,0.188543,0.041886352,0.4740999999999999,0.0469999999999999,0.518474942238302,0.574679374885941,0.6739092660874447,0.5841805973793247,0.0562044326476389,-0.08972866870812,0.044315994,shared_2.5kb,shared_10kb,lost_0kb,anchor1_5746,anchor2_5746,promoter-promoter,SNORA74B
5848,5848,5848,5848,chr6,29412500,29417500,chr6,29582500,29587500,shared,0.0128258434689566,0.0116063823991146,-0.1441353375328316,-0.1441353375328316,shared,170000,5848,stable,stable,intra-TAD,ctrl,8.3204565,0.42376894,0.20554277,0.03923658,0.3906,0.0712,-0.3453127512534868,-0.4446795988502916,-0.1849879896607977,-0.2577399309084475,-0.0993668475968047,-0.0727519412476498,0.053051263,shared_2.5kb,shared_10kb,lost_0kb,anchor1_5848,anchor2_5848,other-other,GABBR1
5849,5849,5849,5849,chr6,29722500,29727500,chr6,30022500,30027500,shared,0.0075052370617546,0.007708021116661,0.038462882214468,0.038462882214468,shared,300000,5849,stable,stable,uncategorized,ctrl,35.533237,0.7533672,0.188543,0.042026445,0.4457,0.1637999999999999,-0.5155593423155153,-0.4343959965989988,-0.2648364912762705,-0.2151282900208698,0.0811633457165164,0.0497082012554006,0.16994557,shared_2.5kb,shared_10kb,lost_0kb,anchor1_5849,anchor2_5849,promoter-other,HLA-F
5854,5854,5854,5854,chr6,30675000,30680000,chr6,30725000,30730000,shared,,,0.0,0.0,shared,50000,5854,,,intra-TAD,ctrl,2.1861582,11.571258,0.18854302,0.04354152,0.4866,0.0264,-0.2874896748716146,-0.2545106582764039,-0.490870292540608,-0.5944014365712436,0.0329790165952106,-0.1035311440306355,0.0464572,shared_2.5kb,shared_10kb,lost_0kb,anchor1_5854,anchor2_5854,enhancer-enhancer,TUBB
5856,5856,5856,5856,chr6,31202500,31207500,chr6,31362500,31367500,shared,0.0259349523709161,0.0279553000575212,0.1082241099620789,0.1082241099620789,shared,160000,5856,stable,stable,intra-TAD,ctrl,1.044135,0.2825124,0.188543,0.030165285,0.4475,0.0302,-0.3785014750073662,-0.3682245294696666,-0.0038765556686491,-0.0129871792919932,0.0102769455376996,-0.009110623623344,0.03479242,shared_2.5kb,shared_10kb,lost_0kb,anchor1_5856,anchor2_5856,promoter-enhancer,"HLA-B,HLA-C"
5857,5857,5857,5857,chr6,31270000,31275000,chr6,31355000,31360000,shared,0.0390085319413027,0.0379514802105101,-0.0396335488178495,-0.0396335488178495,shared,85000,5857,stable,stable,intra-TAD,ctrl,0.0,0.7533672,0.19228664,0.03956407,0.5207999999999999,0.0044,-0.0038765556686491,-0.0129871792919932,0.4156118140636488,0.4222296211958378,-0.009110623623344,0.006617807132189,0.030563336,shared_2.5kb,shared_10kb,lost_0kb,anchor1_5857,anchor2_5857,promoter-promoter,"HLA-B,HLA-C"
5897,5897,5897,5897,chr6,42902500,42907500,chr6,43142500,43147500,shared,0.0228110540463601,0.0356860478551096,0.6456270233794636,0.6456270233794636,shared,240000,5897,stable,stable,intra-TAD,ctrl,5.7427464,0.3531408,0.188543,0.03575607,0.5139,0.0473999999999999,-0.0754892277412664,-0.0724385353804027,-0.7949124617430419,-0.7171212253799972,0.0030506923608637,0.0777912363630446,0.085085325,shared_2.5kb,shared_10kb,lost_0kb,anchor1_5897,anchor2_5897,enhancer-enhancer,PTK7
6127,6127,6127,6127,chr6,131692500,131697500,chr6,131902500,131907500,shared,0.0283951510056434,0.0200359669808468,-0.5030524448894542,-0.5030524448894542,shared,210000,6127,stable,stable,intra-TAD,ctrl,1.7619793,0.2825126,0.188543,0.02316413,0.4246999999999999,0.0885999999999999,0.2888843299960281,0.2349699953156783,0.3549592966029594,0.3027414932259561,-0.0539143346803497,-0.0522178033770033,0.047412843,lost_2.5kb,shared_10kb,lost_0kb,anchor1_6127,anchor2_6127,other-other,ENPP1
6128,6128,6128,6128,chr6,131920000,131925000,chr6,132250000,132255000,shared,0.0159490929529067,0.012894693705991,-0.3066968737616881,-0.3066968737616881,shared,330000,6128,stable,stable,uncategorized,ctrl,5.220679,2.3660455,0.188543,0.033522233,0.3808,0.0004,0.2888843299960281,0.2349699953156783,0.3549592966029594,0.3027414932259561,-0.0539143346803497,-0.0522178033770033,0.051365755,lost_2.5kb,shared_10kb,lost_0kb,anchor1_6128,anchor2_6128,enhancer-other,CCN2
6129,6129,6129,6129,chr6,131920000,131925000,chr6,132165000,132170000,shared,0.0269918055557231,0.0238769993940631,-0.176899940341504,-0.176899940341504,shared,245000,6129,stable,stable,uncategorized,ctrl,3.3608108,0.2354272,0.18854302,0.03919241,0.3577,0.0458,0.5967988877428161,0.5635031542392831,0.7421896951410357,0.7005203054485795,-0.0332957335035329,-0.0416693896924562,0.035766043,lost_2.5kb,shared_10kb,lost_0kb,anchor1_6129,anchor2_6129,enhancer-other,CCN2
6130,6130,6130,6130,chr6,131925000,131930000,chr6,132290000,132295000,shared,0.0101370123390823,0.0137767054221945,0.4425984090422887,0.4425984090422887,shared,365000,6130,stable,stable,uncategorized,ctrl,6.884765,0.1883418,0.188543,0.029998807,0.3642,0.0544,0.7421896951410357,0.7005203054485795,0.8012559076984223,0.8212789707579405,-0.0416693896924562,0.0200230630595182,0.043151923,lost_2.5kb,shared_10kb,lost_0kb,anchor1_6130,anchor2_6130,enhancer-other,CCN2
6137,6137,6137,6137,chr6,133922500,133927500,chr6,134092500,134097500,shared,0.072402459208158,0.0627339884058932,-0.206791413415317,-0.206791413415317,shared,170000,6137,stable,stable,inter-TAD,ctrl,0.13051699,0.1412563,0.188543,0.024130195,0.3739,0.0085999999999999,0.8537296727439972,0.8619753675139584,1.0338853653059243,1.0830818713274046,0.0082456947699611,0.0491965060214802,0.03324694,lost_2.5kb,shared_10kb,lost_0kb,anchor1_6137,anchor2_6137,enhancer-other,SLC2A12
6138,6138,6138,6138,chr6,133970000,133975000,chr6,134095000,134100000,shared,0.0244100335038119,0.0338045112731976,0.4697415143381831,0.4697415143381831,shared,125000,6138,stable,stable,intra-TAD,ctrl,1.7946076,2.1659322,0.18981695,0.038393017,0.363,0.0227999999999999,0.8537296727439972,0.8619753675139584,0.4827317026434407,0.5956175093509332,0.0082456947699611,0.1128858067074924,0.04154694,lost_2.5kb,shared_10kb,lost_0kb,anchor1_6138,anchor2_6138,enhancer-other,SLC2A12
6139,6139,6139,6139,chr6,133970000,133975000,chr6,134060000,134065000,shared,0.0565554685496839,0.0618523446600599,0.1291617547392681,0.1291617547392681,shared,90000,6139,stable,stable,intra-TAD,ctrl,0.7831019,0.94170916,0.188543,0.023020133,0.3919,0.0805999999999999,0.8537296727439972,0.8619753675139584,0.8916355951424099,0.8797627602472391,0.0082456947699611,-0.0118728348951707,0.04709337,lost_2.5kb,shared_10kb,lost_0kb,anchor1_6139,anchor2_6139,enhancer-enhancer,SLC2A12
6142,6142,6142,6142,chr6,135142500,135147500,chr6,135422500,135427500,shared,0.0276412669875917,0.0262668515076957,-0.0735804644780252,-0.0735804644780252,shared,280000,6142,stable,stable,intra-TAD,ctrl,1.5335747,0.0941709,0.188543,0.029747454,0.3516,0.0748,0.6018764407986233,0.6512923197263061,0.8957983539343171,0.9315281768700768,0.0494158789276827,0.0357298229357597,0.034324627,lost_2.5kb,shared_10kb,lost_0kb,anchor1_6142,anchor2_6142,enhancer-enhancer,MYB
6202,6202,6202,6202,chr6,149932500,149937500,chr6,150012500,150017500,shared,0.0503922195538192,0.0564443144999989,0.1636272670897035,0.1636272670897035,shared,80000,6202,stable,stable,inter-TAD,ctrl,0.7831019,0.4826261,0.37595052,0.04383916,0.4654,0.0408,0.7052958295433335,0.6686833605277159,0.6926458650498977,0.5804883156350279,-0.0366124690156175,-0.1121575494148697,0.05483877,lost_2.5kb,shared_10kb,lost_0kb,anchor1_6202,anchor2_6202,promoter-other,ULBP1
6404,6404,6404,6404,chr7,44582500,44587500,chr7,45122500,45127500,shared,0.0062605375356184,0.0031228736553471,-1.0034123313776415,-1.0034123313776415,shared,540000,6404,stable,stable,intra-TAD,ctrl,1.0441349,6.556652,0.21049663,0.026900932,0.5029,0.1029999999999999,0.943084253263625,0.8828723776427676,0.8356049874022013,0.8042561823093741,-0.0602118756208573,-0.0313488050928272,0.036468633,lost_2.5kb,shared_10kb,lost_0kb,anchor1_6404,anchor2_6404,promoter-enhancer,NACAD
6426,6426,6426,6426,chr7,54772500,54777500,chr7,55262500,55267500,shared,0.0224887006440716,0.0231017504974049,0.0388018663961808,0.0388018663961808,shared,490000,6426,stable,stable,inter-TAD,ctrl,11.844418,0.2825125,0.8108119,0.037226047,0.4152,0.0771999999999999,-0.0038765556686491,-0.0129871792919932,0.7266360670214663,0.8102016114849423,-0.009110623623344,0.0835655444634759,0.1649468,lost_2.5kb,shared_10kb,lost_0kb,anchor1_6426,anchor2_6426,enhancer-other,EGFR
6427,6427,6427,6427,chr7,55075000,55080000,chr7,55130000,55135000,shared,0.0238315578832605,0.0234566830382012,-0.0228742452323101,-0.0228742452323101,shared,55000,6427,stable,stable,intra-TAD,ctrl,2.023013,1.63622,0.188543,0.0221319,0.4821,0.0162,0.5761604862296851,0.6732389028469505,0.5519350732407187,0.6420716559966795,0.0970784166172654,0.0901365827559608,0.064431496,lost_2.5kb,shared_10kb,lost_0kb,anchor1_6427,anchor2_6427,enhancer-enhancer,EGFR
6439,6439,6439,6439,chr7,74202500,74207500,chr7,74392500,74397500,shared,0.0864615606137705,0.0618223756644319,-0.4839297827468958,-0.4839297827468958,shared,190000,6439,,,uncategorized,ctrl,1.0441359,5.9092274,0.188543,0.022967169,0.5127999999999999,0.0115999999999999,0.9384329450288488,0.9544568294883582,0.716640847187001,0.6942318391300139,0.0160238844595095,-0.0224090080569872,0.050321944,lost_2.5kb,shared_10kb,lost_0kb,anchor1_6439,anchor2_6439,enhancer-enhancer,CLIP2
6440,6440,6440,6440,chr7,75872500,75877500,chr7,76002500,76007500,shared,,,0.0,0.0,shared,130000,6440,,stable,uncategorized,ctrl,13.280099,0.6591964,0.34286,0.03790126,0.4904,0.0143999999999999,0.9856917200460072,1.049026372048277,0.716640847187001,0.6942318391300139,0.0633346520022699,-0.0224090080569872,0.11890206,lost_2.5kb,shared_10kb,lost_0kb,anchor1_6440,anchor2_6440,enhancer-other,POR
6441,6441,6441,6441,chr7,76172500,76177500,chr7,76312500,76317500,shared,0.0558727713791383,0.0567330628926606,0.0220443719713191,0.0220443719713191,shared,140000,6441,stable,,uncategorized,ctrl,2.838743,0.470854,0.7681637,0.027646123,0.5307999999999999,0.0215999999999999,0.597458313185428,0.6014112715299147,0.7869655469921828,0.8663321100064486,0.0039529583444867,0.0793665630142658,0.09588298,lost_2.5kb,shared_10kb,lost_0kb,anchor1_6441,anchor2_6441,enhancer-other,HSPB1
6504,6504,6504,6504,chr7,98430000,98435000,chr7,98740000,98745000,shared,0.0339102372937137,0.0410335074708049,0.2750815985445182,0.2750815985445182,shared,310000,6504,stable,stable,intra-TAD,ctrl,0.52206796,0.0,0.18854302,0.023282275,0.4760999999999999,0.0042,0.8077275421175117,0.7637287098119607,0.7716909979875333,0.6978717915187751,-0.043998832305551,-0.0738192064687581,0.04033957,lost_2.5kb,shared_10kb,lost_0kb,anchor1_6504,anchor2_6504,other-other,NPTX2
6505,6505,6505,6505,chr7,98432500,98437500,chr7,98832500,98837500,shared,0.0381463643526939,0.042792725383789,0.1658200007981819,0.1658200007981819,shared,400000,6505,stable,stable,inter-TAD,ctrl,2.8713715,0.47085434,0.188543,0.0395307,0.5019,0.0034,0.8360333023870161,0.8443465108009179,0.7096103963165091,0.6250483602636808,0.0083132084139018,-0.0845620360528283,0.04181867,lost_2.5kb,shared_10kb,lost_0kb,anchor1_6505,anchor2_6505,enhancer-other,NPTX2
6597,6597,6597,6597,chr7,130240000,130245000,chr7,130560000,130565000,shared,0.0098326534122909,0.0090236932369995,-0.1238627670011935,-0.1238627670011935,shared,320000,6597,stable,stable,intra-TAD,ctrl,15.727286,2.4602158,0.188543,0.04833654,0.3661999999999999,0.0356,0.1995645498555468,0.0932150642351239,-0.6689501339798675,-0.6359895419120012,-0.1063494856204228,0.0329605920678662,0.07070574,lost_2.5kb,shared_10kb,lost_0kb,anchor1_6597,anchor2_6597,enhancer-enhancer,COPG2
6598,6598,6598,6598,chr7,130242500,130247500,chr7,130712500,130717500,shared,0.0169088323011669,0.0132348347707844,-0.3534368490750111,-0.3534368490750111,shared,470000,6598,stable,stable,intra-TAD,ctrl,17.685038,1.3419361,0.21231583,0.035803072,0.4129,0.0614,0.1995645498555468,0.0932150642351239,-0.4274323166857725,-0.3962270816295964,-0.1063494856204228,0.031205235056176,0.06544766,lost_2.5kb,shared_10kb,lost_0kb,anchor1_6598,anchor2_6598,enhancer-other,COPG2
6604,6604,6604,6604,chr7,131502500,131507500,chr7,131652500,131657500,shared,0.0486695531798492,0.0426429634543561,-0.1907118286884667,-0.1907118286884667,shared,150000,6604,stable,stable,uncategorized,ctrl,7.733126,3.9434073,0.20374808,0.033682235,0.52,0.0715999999999999,0.4369225832270452,0.3819088513869804,0.0531389308911638,0.0960905863400849,-0.0550137318400648,0.0429516554489211,0.050861657,lost_2.5kb,shared_10kb,lost_0kb,anchor1_6604,anchor2_6604,enhancer-enhancer,PODXL
6738,6738,6738,6738,chr8,27610000,27615000,chr8,27730000,27735000,shared,0.0197603108896221,0.0177773718808368,-0.1525635860726854,-0.1525635860726854,shared,120000,6738,stable,stable,uncategorized,ctrl,1.0441356,1.2830789,0.188543,0.026254833,0.4988,0.1008,0.3129684924447352,0.3818170700833474,0.4608414964986576,0.4121571608549989,0.0688485776386122,-0.0486843356436587,0.045818605,lost_2.5kb,shared_10kb,lost_0kb,anchor1_6738,anchor2_6738,promoter-enhancer,CLU
6739,6739,6739,6739,chr8,27610000,27615000,chr8,27765000,27770000,shared,0.0237024375334204,0.0271042761748843,0.193485048004818,0.193485048004818,shared,155000,6739,stable,stable,uncategorized,ctrl,71.75164,2.5779293,0.32423055,0.026071215,0.4652,0.168,-0.3403743661291941,-0.4487229253653921,-0.423063868532104,-0.3426001708391254,-0.108348559236198,0.0804636976929785,0.1176833,lost_2.5kb,shared_10kb,lost_0kb,anchor1_6739,anchor2_6739,promoter-enhancer,CLU
6798,6798,6798,6798,chr8,51662500,51667500,chr8,52002500,52007500,shared,0.0092958339732453,0.0104518877434012,0.1691073277888267,0.1691073277888267,shared,340000,6798,stable,stable,intra-TAD,ctrl,1.0441359,0.50616837,0.188543,0.024712197,0.4098,0.0564,0.2297023794202603,0.2491312224304245,0.1759315302650726,0.1503182808325985,0.0194288430101641,-0.0256132494324741,0.03397393,lost_2.5kb,shared_10kb,lost_0kb,anchor1_6798,anchor2_6798,enhancer-enhancer,PCMTD1
6897,6897,6897,6897,chr8,94810000,94815000,chr8,95015000,95020000,shared,0.0115322679377415,0.008654659881081,-0.4141272321002061,-0.4141272321002061,shared,205000,6897,stable,stable,intra-TAD,ctrl,3.6544747,0.01177135,0.21695359,0.039107613,0.4263,0.0217999999999999,0.2453899475479994,0.2692146483815457,0.2782714855135283,0.2592329819585396,0.0238247008335462,-0.0190385035549887,0.051387876,lost_2.5kb,shared_10kb,lost_0kb,anchor1_6897,anchor2_6897,enhancer-other,CCNE2
6968,6968,6968,6968,chr8,119260000,119265000,chr8,119420000,119425000,shared,0.0092867772114317,0.0079027303986033,-0.2328268337553042,-0.2328268337553042,shared,160000,6968,stable,stable,intra-TAD,ctrl,1.27254,0.5179398,0.19923359,0.039067373,0.3858,0.0044,-0.0611777890333753,-0.0332069291543995,-0.0072896973265441,-0.0425598233232229,0.0279708598789758,-0.0352701259966788,0.05512149,lost_2.5kb,shared_10kb,lost_0kb,anchor1_6968,anchor2_6968,enhancer-enhancer,CCN3
6969,6969,6969,6969,chr8,119262500,119267500,chr8,119432500,119437500,shared,0.0129801054249143,0.0081125485383648,-0.6780749909389326,-0.6780749909389326,shared,170000,6969,stable,stable,inter-TAD,ctrl,3.132406,2.6603296,0.209706,0.04233695,0.3713999999999999,0.0004,-0.1450532059964429,-0.0661022442498049,-0.0761124446223472,0.0156350902461135,0.0789509617466379,0.0917475348684608,0.043282207,lost_2.5kb,shared_10kb,lost_0kb,anchor1_6969,anchor2_6969,enhancer-other,CCN3
6980,6980,6980,6980,chr8,122670000,122675000,chr8,123150000,123155000,shared,0.0151623708596897,0.0137648424190123,-0.1395072637934494,-0.1395072637934494,shared,480000,6980,stable,stable,uncategorized,ctrl,10.180324,0.18834165,0.2490792,0.035099924,0.401,0.0167999999999999,0.6992087693294897,0.6088154640694409,0.4275016229751563,0.5453019619190076,-0.0903933052600488,0.1178003389438512,0.07009621,lost_2.5kb,shared_10kb,lost_0kb,anchor1_6980,anchor2_6980,promoter-enhancer,ZHX2
6981,6981,6981,6981,chr8,122730000,122735000,chr8,123020000,123025000,shared,0.0182187105458481,0.0105146378526089,-0.7930216927226712,-0.7930216927226712,shared,290000,6981,stable,stable,intra-TAD,ctrl,0.52206796,0.18834166,0.19869532,0.025828931,0.4189,0.0425999999999999,0.4946402571516716,0.547444506563935,0.8488794805464196,0.7303042529649316,0.0528042494122633,-0.1185752275814879,0.051672086,lost_2.5kb,shared_10kb,lost_0kb,anchor1_6981,anchor2_6981,enhancer-enhancer,ZHX2
6982,6982,6982,6982,chr8,122730000,122735000,chr8,123155000,123160000,shared,0.0115877299559862,0.0150432759676562,0.3765208071952901,0.3765208071952901,shared,425000,6982,stable,stable,intra-TAD,ctrl,0.58732647,0.0941708,0.188543,0.023381185,0.4737,0.067,0.8119895563286159,0.7545664518052388,0.8138134789087919,0.7195503177804103,-0.057423104523377,-0.0942631611283815,0.045405094,lost_2.5kb,shared_10kb,lost_0kb,anchor1_6982,anchor2_6982,enhancer-enhancer,ZHX2
7043,7043,7043,7043,chr9,2272500,2277500,chr9,3812500,3817500,shared,0.005793881341804,0.0110095751701625,0.9261567565103872,0.9261567565103872,shared,1540000,7043,stable,stable,intra-TAD,ctrl,10.408735,4.473119,0.1896788,0.05499806,0.4598,0.0423999999999999,0.0818156551818041,0.1620570889766228,0.1261292652690621,0.1915310921194059,0.0802414337948187,0.0654018268503437,0.042478357,lost_2.5kb,shared_10kb,lost_0kb,anchor1_7043,anchor2_7043,enhancer-other,VLDLR
7106,7106,7106,7106,chr9,35655000,35660000,chr9,35730000,35735000,shared,0.0263200444451958,0.0169720205559631,-0.6330035941861387,-0.6330035941861387,shared,75000,7106,,stable,intra-TAD,ctrl,1.5662029,6.6625977,0.188543,0.025043452,0.5141,0.0089999999999998,0.2297023794202603,0.2491312224304245,0.0899246048259537,0.1035570721214526,0.0194288430101641,0.0136324672954989,0.0051511386,lost_2.5kb,shared_10kb,lost_0kb,anchor1_7106,anchor2_7106,promoter-promoter,TPM2
7156,7156,7156,7156,chr9,83622500,83627500,chr9,83912500,83917500,shared,0.0156489462837258,0.0122445495446685,-0.3539258163889697,-0.3539258163889697,shared,290000,7156,stable,stable,inter-TAD,ctrl,3.589215,0.28251263,0.18854302,0.029659946,0.426,0.1308,0.7765185853481686,0.8160720032669384,0.7727353607698829,0.6301696184072695,0.0395534179187697,-0.1425657423626134,0.041288644,lost_2.5kb,shared_10kb,lost_0kb,anchor1_7156,anchor2_7156,promoter-other,KIF27
7157,7157,7157,7157,chr9,83835000,83840000,chr9,84260000,84265000,shared,0.0089715788106147,0.0044602857841947,-1.0082257406967232,-1.0082257406967232,shared,425000,7157,stable,stable,intra-TAD,ctrl,3.3281813,1.1653656,0.188543,0.04220775,0.3868,0.0236,0.909034081871688,1.0099512535579604,1.0097811249892226,1.0155932792499052,0.1009171716862723,0.0058121542606826,0.06099028,lost_2.5kb,shared_10kb,lost_0kb,anchor1_7157,anchor2_7157,enhancer-other,KIF27
7158,7158,7158,7158,chr9,83840000,83845000,chr9,83910000,83915000,shared,0.0323585166982766,0.0199636981203188,-0.6967664832046981,-0.6967664832046981,shared,70000,7158,stable,stable,intra-TAD,ctrl,0.7831017,0.01177135,0.188543,0.027665872,0.3768,0.0176,0.8081154503103922,0.916172568562968,0.9553745547910238,0.9604074365412616,0.1080571182525758,0.0050328817502378,0.06206901,lost_2.5kb,shared_10kb,lost_0kb,anchor1_7158,anchor2_7158,other-other,KIF27
7159,7159,7159,7159,chr9,83882500,83887500,chr9,85842500,85847500,shared,0.0166406589347625,0.0205269725515514,0.3028083030261629,0.3028083030261629,shared,1960000,7159,stable,stable,intra-TAD,ctrl,1.2399114,0.0,0.188543,0.04593392,0.3641,0.0077999999999999,0.8081154503103922,0.916172568562968,0.9461256602389262,0.9363737091093562,0.1080571182525758,-0.0097519511295699,0.043640062,lost_2.5kb,shared_10kb,lost_0kb,anchor1_7159,anchor2_7159,enhancer-other,KIF27
7205,7205,7205,7205,chr9,99172500,99177500,chr9,100212500,100217500,shared,0.0034892430334664,0.0049742492425836,0.5115647099497249,0.5115647099497249,shared,1040000,7205,stable,stable,inter-TAD,ctrl,1.2399105,0.094170995,0.188543,0.027087983,0.4381,0.0034,1.2195217534910612,1.1655624862431622,0.6707764514698886,0.7357018654857956,-0.053959267247899,0.064925414015907,0.034512706,lost_2.5kb,shared_10kb,lost_0kb,anchor1_7205,anchor2_7205,enhancer-enhancer,NR4A3
7206,7206,7206,7206,chr9,99172500,99177500,chr9,100322500,100327500,shared,0.0041592481647046,0.0028255808651568,-0.557775288852685,-0.557775288852685,shared,1150000,7206,stable,stable,intra-TAD,ctrl,18.04396,12.713081,0.19009571,0.051603496,0.4033,0.073,0.566492168704383,0.7230546455777934,0.2432707001157471,0.2834978721728657,0.1565624768734104,0.0402271720571185,0.06338596,lost_2.5kb,shared_10kb,lost_0kb,anchor1_7206,anchor2_7206,enhancer-enhancer,NR4A3
7223,7223,7223,7223,chr9,105840000,105845000,chr9,107170000,107175000,shared,0.00744199006678,0.0058652950474081,-0.3434847815095102,-0.3434847815095102,shared,1330000,7223,stable,stable,uncategorized,ctrl,3.3608098,0.09417095,0.19816256,0.038917918,0.4334,0.0243999999999999,0.5519350732407187,0.6420716559966795,0.628324684867999,0.5659232226652612,0.0901365827559608,-0.0624014622027377,0.040901404,lost_2.5kb,shared_10kb,lost_0kb,anchor1_7223,anchor2_7223,enhancer-other,ZNF462
7230,7230,7230,7230,chr9,109562500,109567500,chr9,110142500,110147500,shared,0.0031200005108612,0.0061014156628379,0.9675977532335168,0.9675977532335168,shared,580000,7230,stable,stable,uncategorized,ctrl,9.919291,0.28251278,0.584225,0.038334545,0.3818,0.0932,0.8929091887523989,0.8242214733450354,0.5325087469507651,0.5071952882286856,-0.0686877154073635,-0.0253134587220794,0.100188546,lost_2.5kb,shared_10kb,lost_0kb,anchor1_7230,anchor2_7230,enhancer-other,PALM2AKAP2
7231,7231,7231,7231,chr9,109570000,109575000,chr9,109885000,109890000,shared,0.014850991437934,0.0108714289388177,-0.4500176667515846,-0.4500176667515846,shared,315000,7231,stable,stable,uncategorized,ctrl,1.044135,7.4395037,0.20574583,0.037058473,0.3912,0.0468,0.7263245860101404,0.7091399012949021,0.5325087469507651,0.5071952882286856,-0.0171846847152382,-0.0253134587220794,0.044832192,lost_2.5kb,shared_10kb,lost_0kb,anchor1_7231,anchor2_7231,enhancer-other,PALM2AKAP2
7232,7232,7232,7232,chr9,109902500,109907500,chr9,110152500,110157500,shared,0.031043437234991,0.0306884334625936,-0.0165933033345888,-0.0165933033345888,shared,250000,7232,stable,stable,uncategorized,ctrl,8.907784,1.9893613,0.18854302,0.048021562,0.4459999999999999,0.0044,0.6563391661993919,0.6658071712894459,0.675228318809643,0.7351234984815728,0.0094680050900539,0.0598951796719298,0.052486118,lost_2.5kb,shared_10kb,lost_0kb,anchor1_7232,anchor2_7232,enhancer-enhancer,PALM2AKAP2
7249,7249,7249,7249,chr9,114672500,114677500,chr9,115522500,115527500,shared,0.007955421441733,0.0061784107429647,-0.3647025749076464,-0.3647025749076464,shared,850000,7249,stable,stable,uncategorized,ctrl,1.3051699,0.0,0.188543,0.024466261,0.4069,0.0525999999999999,0.7262373343937442,0.683755127270276,0.8839798143092626,0.8422092220029146,-0.0424822071234681,-0.041770592306348,0.045791637,lost_2.5kb,shared_10kb,lost_0kb,anchor1_7249,anchor2_7249,enhancer-enhancer,TNC
7251,7251,7251,7251,chr9,114735000,114740000,chr9,115530000,115535000,shared,0.0043624361895771,0.0031090119207207,-0.4886778804835906,-0.4886778804835906,shared,795000,7251,stable,stable,uncategorized,ctrl,0.0,0.0941708,0.18902153,0.023997685,0.3984,0.0683999999999999,0.7635439259079493,0.6222862253118179,0.8995116382214695,0.9250738112138104,-0.1412577005961314,0.0255621729923409,0.03635865,lost_2.5kb,shared_10kb,lost_0kb,anchor1_7251,anchor2_7251,enhancer-enhancer,TNC
7288,7288,7288,7288,chr9,124862500,124867500,chr9,125372500,125377500,shared,0.0118766038317459,0.012316666121083,0.0524894497643278,0.0524894497643278,shared,510000,7288,stable,stable,intra-TAD,ctrl,0.26103395,0.094170846,0.188543,0.023493405,0.526,0.0464,-0.5424208563607033,-0.4165439924567565,-0.1628940633619881,-0.1465562527243623,0.1258768639039467,0.0163378106376258,0.05020152,lost_2.5kb,shared_10kb,lost_0kb,anchor1_7288,anchor2_7288,enhancer-other,HSPA5
7325,7325,7325,7325,chr9,136492500,136497500,chr9,136632500,136637500,shared,,,0.0,0.0,shared,140000,7325,,,uncategorized,ctrl,1.5662038,1.6597633,0.188543,0.02413569,0.5406,0.0923999999999999,0.4817591792722343,0.586963129105947,0.6325908331394444,0.4926038344212219,0.1052039498337126,-0.1399869987182225,0.03515338,lost_2.5kb,shared_10kb,lost_0kb,anchor1_7325,anchor2_7325,enhancer-enhancer,NOTCH1
7326,7326,7326,7326,chr9,136782500,136787500,chr9,137032500,137037500,shared,,,0.0,0.0,shared,250000,7326,,,uncategorized,ctrl,2.4145622,0.14125636,0.41604477,0.024717689,0.5283,0.1717999999999999,0.4153971352859419,0.4221390029902629,0.4067026779565518,0.405847910991674,0.006741867704321,-0.0008547669648777,0.085430734,lost_2.5kb,shared_10kb,lost_0kb,anchor1_7326,anchor2_7326,promoter-enhancer,MAMDC4
7360,7360,7360,7360,chrX,37742500,37747500,chrX,38172500,38177500,shared,0.0127017524116263,0.0225115188938374,0.8256358475991623,0.8256358475991623,shared,430000,7360,stable,stable,uncategorized,ctrl,9.886665,0.094170906,0.21693803,0.042757567,0.4241,0.0186,1.0735862704424632,1.0257124036066505,0.8656109966335067,0.9507337085255956,-0.0478738668358129,0.0851227118920889,0.044440463,lost_2.5kb,shared_10kb,lost_0kb,anchor1_7360,anchor2_7360,enhancer-other,SRPX
7377,7377,7377,7377,chrX,51622500,51627500,chrX,52242500,52247500,shared,0.0053249449428314,0.0052949185449045,-0.0081581182031599,-0.0081581182031599,shared,620000,7377,stable,stable,uncategorized,ctrl,0.75047266,0.3766832,0.188543,0.025518848,0.3976,0.04,0.8141394444205167,0.6372255244691029,0.9389580646080696,0.9173709776895697,-0.1769139199514138,-0.0215870869185,0.042057928,lost_2.5kb,shared_10kb,lost_0kb,anchor1_7377,anchor2_7377,other-other,MAGED1
7400,7400,7400,7400,chrX,74380000,74385000,chrX,74455000,74460000,shared,0.0369330690854221,0.0332893612425839,-0.1498519651660911,-0.1498519651660911,shared,75000,7400,stable,stable,intra-TAD,ctrl,0.81573117,1.1065083,0.188543,0.024329733,0.4407999999999999,0.0027999999999999,0.8947914129955601,0.8109716773571891,0.9247895098398424,0.8343568346080048,-0.0838197356383709,-0.0904326752318375,0.045407917,lost_2.5kb,shared_10kb,lost_0kb,anchor1_7400,anchor2_7400,enhancer-other,SLC16A2
7401,7401,7401,7401,chrX,74385000,74390000,chrX,74540000,74545000,shared,0.0164601016970332,0.0165942060304573,0.0117063542768324,0.0117063542768324,shared,155000,7401,stable,stable,intra-TAD,ctrl,0.42418024,1.1771362,0.20445898,0.022697963,0.4103,0.0562,0.9247895098398424,0.8343568346080048,0.6194602551947452,0.6378025043326621,-0.0904326752318375,0.0183422491379168,0.035651598,lost_2.5kb,shared_10kb,lost_0kb,anchor1_7401,anchor2_7401,enhancer-other,SLC16A2
7437,7437,7437,7437,chrX,136702500,136707500,chrX,136922500,136927500,shared,0.0091760085520502,0.0108305395772143,0.2391664787076233,0.2391664787076233,shared,220000,7437,stable,stable,uncategorized,ctrl,3.2955518,0.28251278,0.188543,0.03413163,0.406,0.0531999999999999,0.1536197874215771,0.1803125764976554,0.6277650032946261,0.6239805604581566,0.0266927890760782,-0.0037844428364695,0.13083202,lost_2.5kb,shared_10kb,lost_0kb,anchor1_7437,anchor2_7437,enhancer-other,ARHGEF6
7471,7471,7471,7471,chr1,9765000,9770000,chr1,9920000,9925000,lost,0.0119669624796088,0.0071025012960774,-0.7526579111460341,-0.7526579111460341,Control loop,155000,7471,stable,stable,intra-TAD,ctrl,0.78310174,0.47085422,0.20819677,0.024017118,0.487,0.0479999999999999,0.0996769677503844,0.1271752493612655,-0.2225964305678285,-0.2638347533039115,0.027498281610881,-0.0412383227360829,0.06724137,lost_2.5kb,shared_10kb,lost_0kb,anchor1_7471,anchor2_7471,enhancer-enhancer,CLSTN1
7508,7508,7508,7508,chr1,21242500,21247500,chr1,21352500,21357500,lost,0.0314499971368075,0.0303963030697292,-0.0491640182546175,-0.0491640182546175,Control loop,110000,7508,stable,stable,intra-TAD,ctrl,0.0,0.0,0.188543,0.02664528,0.4911999999999999,0.0323999999999999,0.0657724030161192,0.0965533852180938,-0.3055070369158717,-0.3055058594768818,0.0307809822019745,1.177438989863333e-06,0.021479815,lost_2.5kb,shared_10kb,lost_0kb,anchor1_7508,anchor2_7508,enhancer-other,ECE1
7512,7512,7512,7512,chr1,22670000,22675000,chr1,22730000,22735000,lost,0.0213561771172558,0.0141250911875522,-0.5963932379577462,-0.5963932379577462,Control loop,60000,7512,stable,stable,intra-TAD,ctrl,2.8387458,0.0941709,0.1993884,0.039551344,0.518,0.0096,0.1483345548278597,0.1519332529012262,0.090550048185572,0.0814344684293523,0.0035986980733665,-0.0091155797562196,0.046137035,lost_2.5kb,shared_10kb,lost_0kb,anchor1_7512,anchor2_7512,enhancer-enhancer,EPHB2
7513,7513,7513,7513,chr1,22672500,22677500,chr1,22932500,22937500,lost,0.0287234087110228,0.0213941837107428,-0.425008334795682,-0.425008334795682,Control loop,260000,7513,stable,stable,intra-TAD,ctrl,1.7946084,0.0,0.18854299,0.025497431,0.5134,0.0607999999999999,0.5521498944018095,0.5101747518386909,0.3127369983400906,0.2950783197091637,-0.0419751425631186,-0.0176586786309269,0.0349079,lost_2.5kb,shared_10kb,lost_0kb,anchor1_7513,anchor2_7513,enhancer-other,EPHB2
7514,7514,7514,7514,chr1,22762500,22767500,chr1,22882500,22887500,lost,0.0200640063727082,0.0121454982612839,-0.7241880346524348,-0.7241880346524348,Control loop,120000,7514,stable,stable,intra-TAD,ctrl,0.26103398,0.09417095,0.1945801,0.023491539,0.5441,0.0073999999999999,0.6619624183413239,0.6558611063787934,0.3127369983400906,0.2950783197091637,-0.0061013119625304,-0.0176586786309269,0.04854966,lost_2.5kb,shared_10kb,lost_0kb,anchor1_7514,anchor2_7514,enhancer-enhancer,EPHB2
7539,7539,7539,7539,chr1,28245000,28250000,chr1,28600000,28605000,lost,0.011063447120158,0.0103612797976628,-0.0945987549181991,-0.0945987549181991,Control loop,355000,7539,stable,stable,intra-TAD,ctrl,2.0882695,0.18834181,0.188543,0.04398728,0.4632,0.0215999999999999,1.09766284710337,1.0277009389922056,0.7760829284825126,0.8468124397942718,-0.0699619081111644,0.0707295113117592,0.02565781,lost_2.5kb,shared_10kb,lost_0kb,anchor1_7539,anchor2_7539,promoter-enhancer,"PHACTR4,SNORA73B"
7574,7574,7574,7574,chr1,37462500,37467500,chr1,37972500,37977500,lost,0.0036203104587287,0.0029270837083549,-0.3066494161906906,-0.3066494161906906,Control loop,510000,7574,stable,stable,intra-TAD,ctrl,13.541128,0.0,0.58219695,0.027709793,0.4389999999999999,0.0095999999999999,0.9266872395521694,0.8023443354403951,0.8293354858111608,0.8339589093587053,-0.1243429041117742,0.0046234235475445,0.08639641,lost_2.5kb,shared_10kb,lost_0kb,anchor1_7574,anchor2_7574,enhancer-enhancer,CDCA8
7576,7576,7576,7576,chr1,37692500,37697500,chr1,37792500,37797500,lost,0.0162813419381346,0.0133379834233651,-0.2876790528843983,-0.2876790528843983,Control loop,100000,7576,stable,stable,intra-TAD,ctrl,20.099613,3.5549529,0.2503071,0.033508014,0.5114000000000001,0.1276,0.7287144826552947,0.6465193475258039,0.605348328036697,0.7012191040834046,-0.0821951351294908,0.0958707760467075,0.05084402,lost_2.5kb,shared_10kb,lost_0kb,anchor1_7576,anchor2_7576,promoter-promoter,CDCA8
7594,7594,7594,7594,chr1,43232500,43237500,chr1,43412500,43417500,lost,0.0316114724886701,0.0271136076053854,-0.2214311547759922,-0.2214311547759922,Control loop,180000,7594,stable,stable,inter-TAD,ctrl,0.75047266,0.1530278,0.188543,0.025238525,0.4838,0.068,0.8388387779042203,0.6735858994790688,0.9595572130772538,0.8098866041302519,-0.1652528784251515,-0.1496706089470019,0.04617221,lost_2.5kb,shared_10kb,lost_0kb,anchor1_7594,anchor2_7594,enhancer-enhancer,CDC20
7595,7595,7595,7595,chr1,43245000,43250000,chr1,43575000,43580000,lost,0.0087186780560784,0.0015767061937841,-2.4671955563588184,-2.4671955563588184,Control loop,330000,7595,stable,stable,intra-TAD,ctrl,0.0,0.1059422,0.188543,0.024676817,0.4796,0.1832,0.5706363793787479,0.6998011853742347,0.396070028901309,0.3480103029388105,0.1291648059954868,-0.0480597259624985,0.03514923,lost_2.5kb,shared_10kb,lost_0kb,anchor1_7595,anchor2_7595,enhancer-enhancer,"CDC20,PTPRF"
7596,7596,7596,7596,chr1,43525000,43530000,chr1,43620000,43625000,lost,0.0173451261246845,0.0133874939600751,-0.3736444070992532,-0.3736444070992532,Control loop,95000,7596,stable,stable,intra-TAD,ctrl,0.45680946,3.5314097,0.188543,0.024228102,0.5249,0.0322,0.1052479632918919,0.1662353415259239,0.2763104123989929,0.298747018870125,0.060987378234032,0.0224366064711321,0.029608995,lost_2.5kb,shared_10kb,lost_0kb,anchor1_7596,anchor2_7596,enhancer-enhancer,PTPRF
7597,7597,7597,7597,chr1,43525000,43530000,chr1,43640000,43645000,lost,0.0176370977494935,0.0141948224039254,-0.3132483804075113,-0.3132483804075113,Control loop,115000,7597,stable,stable,intra-TAD,ctrl,0.26103398,0.55325437,0.19966823,0.025384527,0.4805,0.0566,0.3174385780011517,0.3897549988450848,0.1703477015254819,0.2597219881205761,0.072316420843933,0.0893742865950941,0.034492925,lost_2.5kb,shared_10kb,lost_0kb,anchor1_7597,anchor2_7597,enhancer-enhancer,PTPRF
7767,7767,7767,7767,chr1,109200000,109205000,chr1,109400000,109405000,lost,0.0115548855875753,0.0121386170506509,0.0711010902852249,0.0711010902852249,Control loop,200000,7767,stable,stable,intra-TAD,ctrl,1.8924954,0.28251255,0.188543,0.03321682,0.4305,0.1013999999999999,0.2057686002877892,0.2745025659783379,0.0978100603873296,0.1043559263967763,0.0687339656905486,0.0065458660094467,0.03853166,lost_2.5kb,shared_10kb,lost_0kb,anchor1_7767,anchor2_7767,enhancer-enhancer,SORT1
7796,7796,7796,7796,chr1,117512500,117517500,chr1,117752500,117757500,lost,0.0184160441701972,0.0197047746721936,0.0975820532434442,0.0975820532434442,Control loop,240000,7796,stable,stable,inter-TAD,ctrl,9.854032,0.2589699,0.20854,0.034332618,0.3858,0.0611999999999999,0.3969806605278915,0.3665049690117342,0.0769386072036973,0.2273364896738155,-0.0304756915161573,0.1503978824701181,0.06727387,lost_2.5kb,shared_10kb,lost_0kb,anchor1_7796,anchor2_7796,enhancer-enhancer,TENT5C
7797,7797,7797,7797,chr1,117512500,117517500,chr1,117882500,117887500,lost,0.0061418626970493,0.0054684446963164,-0.1675456925416703,-0.1675456925416703,Control loop,370000,7797,stable,stable,intra-TAD,ctrl,24.92873,0.9299376,0.30291295,0.04205824,0.3537,0.003,0.3969806605278915,0.3665049690117342,0.0772639850718785,0.113292560880222,-0.0304756915161573,0.0360285758083434,0.07917999,lost_2.5kb,shared_10kb,lost_0kb,anchor1_7797,anchor2_7797,enhancer-enhancer,TENT5C
7799,7799,7799,7799,chr1,119550000,119555000,chr1,119665000,119670000,lost,0.0207525319163561,0.0095321297496215,-1.1224168689857943,-1.1224168689857943,Control loop,115000,7799,stable,stable,intra-TAD,ctrl,0.26103398,0.18834181,0.188543,0.025548747,0.4538,0.0252,0.4665532368428176,0.4865936261699927,0.5677393879715777,0.5449260330772407,0.020040389327175,-0.022813354894337,0.044071205,lost_2.5kb,shared_10kb,lost_0kb,anchor1_7799,anchor2_7799,enhancer-enhancer,PHGDH
7810,7810,7810,7810,chr1,151095000,151100000,chr1,151155000,151160000,lost,0.033348589568875,0.0249236461531398,-0.4201106060857149,-0.4201106060857149,Control loop,60000,7810,stable,stable,intra-TAD,ctrl,10.50661,0.09417095,0.46092308,0.027543133,0.4553,0.0761999999999999,0.9871763683376086,0.9209644382211534,0.8781221852520723,0.8930600425783412,-0.0662119301164552,0.0149378573262688,0.05520042,lost_2.5kb,shared_10kb,lost_0kb,anchor1_7810,anchor2_7810,promoter-other,GABPB2
7820,7820,7820,7820,chr1,153805000,153810000,chr1,153910000,153915000,lost,0.0222622535605198,0.0181135228485612,-0.2975324817055202,-0.2975324817055202,Control loop,105000,7820,stable,stable,intra-TAD,ctrl,6.2648115,2.4249024,0.22665277,0.038445532,0.4425,0.0477999999999999,0.8081154503103922,0.916172568562968,0.9461256602389262,0.9363737091093562,0.1080571182525758,-0.0097519511295699,0.053747244,lost_2.5kb,shared_10kb,lost_0kb,anchor1_7820,anchor2_7820,enhancer-enhancer,GATAD2B
7821,7821,7821,7821,chr1,153860000,153865000,chr1,153910000,153915000,lost,0.0248758982053578,0.0213610587571762,-0.2197654629146598,-0.2197654629146598,Control loop,50000,7821,stable,stable,intra-TAD,ctrl,5.8732615,0.4237691,0.19711313,0.040833756,0.4274,0.0175999999999999,1.1650921439329185,1.1041699786107004,1.0658816446160089,1.2803006148511062,-0.060922165322218,0.2144189702350973,0.04926431,lost_2.5kb,shared_10kb,lost_0kb,anchor1_7821,anchor2_7821,enhancer-other,GATAD2B
7825,7825,7825,7825,chr1,154405000,154410000,chr1,154470000,154475000,lost,0.0318940377114954,0.0251349251475427,-0.3435933583550257,-0.3435933583550257,Control loop,65000,7825,stable,stable,intra-TAD,ctrl,0.7504719,9.146354,0.21220188,0.024713397,0.5193,0.0429999999999999,0.3306968642286374,0.4651755199774865,0.7040924404486532,0.7287459106486914,0.1344786557488491,0.0246534702000382,0.046105918,lost_2.5kb,shared_10kb,lost_0kb,anchor1_7825,anchor2_7825,promoter-enhancer,IL6R
7830,7830,7830,7830,chr1,156622500,156627500,chr1,156872500,156877500,lost,0.0121021983310816,0.0112875739180635,-0.1005336974925188,-0.1005336974925188,Control loop,250000,7830,stable,stable,intra-TAD,ctrl,7.0479136,3.1194127,0.188543,0.054485716,0.5583,0.0181999999999999,0.8845106794444586,0.8680862230494721,0.8487225870565168,0.839190599425214,-0.0164244563949864,-0.0095319876313028,0.04327184,lost_2.5kb,shared_10kb,lost_0kb,anchor1_7830,anchor2_7830,enhancer-enhancer,ENSG00000272405
7937,7937,7937,7937,chr1,179815000,179820000,chr1,180175000,180180000,lost,0.0114379491466942,0.0081647198216789,-0.4863531118072507,-0.4863531118072507,Control loop,360000,7937,stable,stable,intra-TAD,ctrl,0.42418018,0.25896993,0.21440509,0.025872871,0.537,0.0103999999999999,-0.173698123102408,-0.1718065419767586,-0.0158549090053714,-0.0633667400942054,0.0018915811256494,-0.0475118310888339,0.035532318,lost_2.5kb,shared_10kb,lost_0kb,anchor1_7937,anchor2_7937,enhancer-enhancer,"ENSG00000307581,QSOX1"
7938,7938,7938,7938,chr1,179862500,179867500,chr1,180172500,180177500,lost,0.0277094143492077,0.0281777706212004,0.0241812533669649,0.0241812533669649,Control loop,310000,7938,stable,stable,inter-TAD,ctrl,1.0441355,0.1883419,0.21143198,0.027721241,0.4657,0.0898,0.1770485249323719,0.1614098900386432,0.0996769677503844,0.1271752493612655,-0.0156386348937286,0.027498281610881,0.036824718,lost_2.5kb,shared_10kb,lost_0kb,anchor1_7938,anchor2_7938,enhancer-enhancer,QSOX1
7939,7939,7939,7939,chr1,179952500,179957500,chr1,180172500,180177500,lost,0.0119123159538256,0.0096271871033151,-0.3072676902165534,-0.3072676902165534,Control loop,220000,7939,stable,stable,inter-TAD,ctrl,1.3377988,0.01177135,0.29557312,0.037953492,0.4744,0.0724,0.2883737213019796,0.3207158820622926,0.4814725438388225,0.4174078760274536,0.0323421607603129,-0.0640646678113689,0.029107664,lost_2.5kb,shared_10kb,lost_0kb,anchor1_7939,anchor2_7939,promoter-enhancer,QSOX1
7948,7948,7948,7948,chr1,182960000,182965000,chr1,183230000,183235000,lost,0.017613540353325,0.0219741229122339,0.3191206593416136,0.3191206593416136,Control loop,270000,7948,stable,stable,intra-TAD,ctrl,0.032629248,11.806686,0.20032695,0.036380474,0.4064,0.0296,0.3871386763830332,0.3136516566160073,-0.0608052497961368,0.0298288650168744,-0.0734870197670258,0.0906341148130113,0.03964462,lost_2.5kb,shared_10kb,lost_0kb,anchor1_7948,anchor2_7948,enhancer-enhancer,LAMC2
8002,8002,8002,8002,chr1,203520000,203525000,chr1,204120000,204125000,lost,0.0046587650472035,0.0022223886811002,-1.067836417051689,-1.067836417051689,Control loop,600000,8002,stable,stable,intra-TAD,ctrl,1.5662038,1.6244488,0.188543,0.02478914,0.5271,0.0518,-0.0304216695545372,-0.0045987256503057,-0.4486359780748538,-0.4332603033641452,0.0258229439042314,0.0153756747107086,0.046986703,lost_2.5kb,shared_10kb,lost_0kb,anchor1_8002,anchor2_8002,enhancer-enhancer,ATP2B4
8003,8003,8003,8003,chr1,203592500,203597500,chr1,203702500,203707500,lost,0.0171540779850642,0.0142798308541481,-0.2645726939115646,-0.2645726939115646,Control loop,110000,8003,stable,stable,inter-TAD,ctrl,83.40033,1.03588,0.30242297,0.041808393,0.4694,0.0303999999999999,0.2646916349897336,0.178975001038602,0.1748507506859165,0.2627250346688606,-0.0857166339511315,0.0878742839829441,0.27436158,lost_2.5kb,shared_10kb,lost_0kb,anchor1_8003,anchor2_8003,enhancer-enhancer,ATP2B4
8018,8018,8018,8018,chr1,206742500,206747500,chr1,206982500,206987500,lost,0.0102399543768065,0.0099582613652127,-0.0402435014677715,-0.0402435014677715,Control loop,240000,8018,stable,stable,inter-TAD,ctrl,3.0671468,0.47085458,0.188543,0.030094454,0.4311,0.0574,-0.2045330774417327,-0.1992721307926726,0.1389367624672156,0.124186010873251,0.00526094664906,-0.0147507515939645,0.04455386,lost_2.5kb,shared_10kb,lost_0kb,anchor1_8018,anchor2_8018,enhancer-enhancer,PIGR
8074,8074,8074,8074,chr1,221242500,221247500,chr1,222192500,222197500,lost,0.003140970848975,0.0018263261197417,-0.782266148946965,-0.782266148946965,Control loop,950000,8074,stable,stable,intra-TAD,ctrl,1.9577539,0.1883416,0.188543,0.030632023,0.3702,0.0391999999999999,-0.2714950631813813,-0.2655636656305851,-0.4598171373326857,-0.4116764702836183,0.0059313975507961,0.0481406670490673,0.056991387,lost_2.5kb,shared_10kb,lost_0kb,anchor1_8074,anchor2_8074,other-other,LINC02474
8077,8077,8077,8077,chr1,221475000,221480000,chr1,222170000,222175000,lost,0.0125008725670897,0.0089886285721868,-0.4758558788260501,-0.4758558788260501,Control loop,695000,8077,stable,stable,intra-TAD,ctrl,2.316676,0.32959795,0.2112982,0.025343658,0.4077,0.021,-0.2190686823725047,-0.2230898134084457,0.0772639850718785,0.113292560880222,-0.004021131035941,0.0360285758083434,0.062332474,lost_2.5kb,shared_10kb,lost_0kb,anchor1_8077,anchor2_8077,enhancer-other,LINC02474
8078,8078,8078,8078,chr1,221745000,221750000,chr1,222175000,222180000,lost,0.0049061418924212,0.0066095062250035,0.4299535374041964,0.4299535374041964,Control loop,430000,8078,stable,stable,intra-TAD,ctrl,10.21295,0.3766835,0.19805665,0.038812034,0.3881,0.015,-0.2190686823725047,-0.2230898134084457,-0.3988848729612002,-0.3047775471007551,-0.004021131035941,0.094107325860445,0.06848052,lost_2.5kb,shared_10kb,lost_0kb,anchor1_8078,anchor2_8078,other-other,LINC02474
8088,8088,8088,8088,chr1,225772500,225777500,chr1,225982500,225987500,lost,0.0106027280568494,0.0088138418591906,-0.2665925979149982,-0.2665925979149982,Control loop,210000,8088,stable,stable,inter-TAD,ctrl,2.4145637,1.2242222,0.2262516,0.036874957,0.4062,0.0724,0.8081154503103922,0.916172568562968,0.9553745547910238,0.9604074365412616,0.1080571182525758,0.0050328817502378,0.06308689,lost_2.5kb,shared_10kb,lost_0kb,anchor1_8088,anchor2_8088,enhancer-other,EPHX1
8089,8089,8089,8089,chr1,225780000,225785000,chr1,225835000,225840000,lost,0.0230863738990207,0.0164269123710635,-0.4909802570470408,-0.4909802570470408,Control loop,55000,8089,stable,stable,intra-TAD,ctrl,39.872932,1.4478779,0.19963376,0.050711803,0.4478999999999999,0.1033999999999999,-1.0482213201296633,-1.1837910567916583,-0.979266406316436,-1.125098616474793,-0.1355697366619952,-0.145832210158357,0.11835092,lost_2.5kb,shared_10kb,lost_0kb,anchor1_8089,anchor2_8089,enhancer-enhancer,EPHX1
8096,8096,8096,8096,chr1,228672500,228677500,chr1,230312500,230317500,lost,0.0025312492787863,0.0031694780092578,0.3243956663729055,0.3243956663729055,Control loop,1640000,8096,stable,stable,inter-TAD,ctrl,21.731066,9.063957,0.41426975,0.033638015,0.4332,0.0623999999999999,0.6833502625209007,0.673663957267718,0.3750780530940925,0.3707640816293344,-0.0096863052531827,-0.004313971464758,0.26122183,lost_2.5kb,shared_10kb,lost_0kb,anchor1_8096,anchor2_8096,enhancer-other,GALNT2
8100,8100,8100,8100,chr1,229715000,229720000,chr1,230310000,230315000,lost,0.0081683790288256,0.0108378790478417,0.4079607348954581,0.4079607348954581,Control loop,595000,8100,stable,stable,uncategorized,ctrl,19.740673,0.6003394,0.188543,0.04733479,0.4528999999999999,0.0266,0.5660973689450943,0.5472865132552724,0.7581498854658771,0.6201781442769947,-0.0188108556898218,-0.1379717411888824,0.07702392,lost_2.5kb,shared_10kb,lost_0kb,anchor1_8100,anchor2_8100,enhancer-enhancer,GALNT2
8160,8160,8160,8160,chr10,4812500,4817500,chr10,5622500,5627500,lost,0.0056270569069804,0.0034899818464142,-0.6891610214940631,-0.6891610214940631,Control loop,810000,8160,stable,stable,inter-TAD,ctrl,1.2725407,1.0241085,0.23144814,0.025559226,0.4625,0.0953999999999999,-0.0194035299186226,0.1936438832532488,0.1370760258566838,0.2202777672774938,0.2130474131718715,0.08320174142081,0.033742763,lost_2.5kb,shared_10kb,lost_0kb,anchor1_8160,anchor2_8160,enhancer-enhancer,AKR1C3
8161,8161,8161,8161,chr10,4832500,4837500,chr10,5102500,5107500,lost,0.0104351861860531,0.0030514707487241,-1.773879675520722,-1.773879675520722,Control loop,270000,8161,stable,stable,intra-TAD,ctrl,1.3051691,0.15302756,0.188543,0.02533363,0.4191,0.081,-0.0194035299186226,0.1936438832532488,0.4638319069914758,0.4446961474064282,0.2130474131718715,-0.0191357595850476,0.042403325,lost_2.5kb,shared_10kb,lost_0kb,anchor1_8161,anchor2_8161,enhancer-enhancer,AKR1C3
8181,8181,8181,8181,chr10,15212500,15217500,chr10,15372500,15377500,lost,0.0121522197060328,0.0087612360742827,-0.4720135272374481,-0.4720135272374481,Control loop,160000,8181,stable,stable,uncategorized,ctrl,2.9692588,3.908095,0.188543,0.04383873,0.445,0.0423999999999999,0.2878356652970491,0.2689317706252981,-0.8257522449180922,-0.791253838836394,-0.018903894671751,0.0344984060816981,0.03926534,lost_2.5kb,shared_10kb,lost_0kb,anchor1_8181,anchor2_8181,enhancer-enhancer,FAM171A1
8302,8302,8302,8302,chr10,58412500,58417500,chr10,58512500,58517500,lost,0.0100626023001411,0.0157739455377506,0.6485401163727377,0.6485401163727377,Control loop,100000,8302,stable,stable,intra-TAD,ctrl,7.2110615,1.9305043,0.18854302,0.033288557,0.4381,0.005,0.8929944315762745,0.8387697080432382,0.8394112155052804,0.8768805568856267,-0.0542247235330362,0.0374693413803463,0.07873985,lost_2.5kb,shared_10kb,lost_0kb,anchor1_8302,anchor2_8302,promoter-enhancer,BICC1
8303,8303,8303,8303,chr10,58532500,58537500,chr10,59182500,59187500,lost,0.0056913679312772,0.004256422609805,-0.4191340491326455,-0.4191340491326455,Control loop,650000,8303,stable,stable,intra-TAD,ctrl,3.0018902,0.18834175,0.18854302,0.043466385,0.3665,0.0422,0.7161023505418407,0.7458045884705362,0.7343652029333377,0.7485386893182505,0.0297022379286955,0.0141734863849127,0.057185322,lost_2.5kb,shared_10kb,lost_0kb,anchor1_8303,anchor2_8303,enhancer-enhancer,BICC1
8304,8304,8304,8304,chr10,58772500,58777500,chr10,58942500,58947500,lost,0.0075639292602061,0.0051771438328313,-0.546979470793769,-0.546979470793769,Control loop,170000,8304,stable,stable,inter-TAD,ctrl,2.1209006,0.28251266,0.18854302,0.04463902,0.3882,0.0176,0.7343652029333377,0.7485386893182505,0.8311183730709397,0.8706219574257522,0.0141734863849127,0.0395035843548124,0.047837418,lost_2.5kb,shared_10kb,lost_0kb,anchor1_8304,anchor2_8304,enhancer-enhancer,BICC1
8305,8305,8305,8305,chr10,58775000,58780000,chr10,59110000,59115000,lost,0.0064166694594903,0.0032936058956719,-0.9621567316500806,-0.9621567316500806,Control loop,335000,8305,stable,stable,intra-TAD,ctrl,2.1209002,0.23542716,0.188543,0.026283704,0.3621999999999999,0.0411999999999999,0.7343652029333377,0.7485386893182505,0.8518307230130944,0.8847505206240178,0.0141734863849127,0.0329197976109234,0.0760368,lost_2.5kb,shared_10kb,lost_0kb,anchor1_8305,anchor2_8305,enhancer-enhancer,BICC1
8306,8306,8306,8306,chr10,58782500,58787500,chr10,60052500,60057500,lost,0.0013218985432222,0.0018019621423845,0.4469572486469695,0.4469572486469695,Control loop,1270000,8306,stable,stable,uncategorized,ctrl,0.032629248,0.0,0.188543,0.024209395,0.3649,0.0133999999999999,1.1318278399599258,1.066774386642525,1.1776273200942715,1.068758652616805,-0.0650534533174007,-0.1088686674774668,0.06335553,lost_2.5kb,shared_10kb,lost_0kb,anchor1_8306,anchor2_8306,enhancer-enhancer,BICC1
8307,8307,8307,8307,chr10,58785000,58790000,chr10,58915000,58920000,lost,0.0100400384951411,0.0096369707264661,-0.059113172984343,-0.059113172984343,Control loop,130000,8307,stable,stable,intra-TAD,ctrl,0.2936632,0.5179397,0.20201036,0.024053764,0.3698,0.0264,1.1318278399599258,1.066774386642525,0.8518307230130944,0.8847505206240178,-0.0650534533174007,0.0329197976109234,0.04178375,lost_2.5kb,shared_10kb,lost_0kb,anchor1_8307,anchor2_8307,enhancer-enhancer,BICC1
8308,8308,8308,8308,chr10,58790000,58795000,chr10,58850000,58855000,lost,0.0171763235603094,0.0100025835610916,-0.780048592506191,-0.780048592506191,Control loop,60000,8308,stable,stable,intra-TAD,ctrl,1.3051699,0.9299381,0.21609929,0.024107102,0.3989,0.0262,0.8311183730709397,0.8706219574257522,0.647502227129177,0.6586887556008343,0.0395035843548124,0.0111865284716572,0.049097314,lost_2.5kb,shared_10kb,lost_0kb,anchor1_8308,anchor2_8308,enhancer-enhancer,BICC1
8309,8309,8309,8309,chr10,58802500,58807500,chr10,58922500,58927500,lost,0.0122207051498378,0.0127508631378581,0.0612673771791235,0.0612673771791235,Control loop,120000,8309,stable,stable,intra-TAD,ctrl,0.26103398,1.695076,0.188543,0.024547283,0.3646,0.0,0.647502227129177,0.6586887556008343,0.5460703436416297,0.5354689233913265,0.0111865284716572,-0.0106014202503031,0.039689224,lost_2.5kb,shared_10kb,lost_0kb,anchor1_8309,anchor2_8309,enhancer-other,BICC1
8343,8343,8343,8343,chr10,68212500,68217500,chr10,68892500,68897500,lost,0.0077209921281127,0.0069653510826855,-0.1485901696032699,-0.1485901696032699,Control loop,680000,8343,stable,stable,inter-TAD,ctrl,37.09944,0.5179397,0.188543,0.04353864,0.4337,0.0177999999999999,0.6999594232203782,0.7020517261981755,0.2967141291281279,0.3594486731503905,0.0020923029777972,0.0627345440222625,0.07903442,lost_2.5kb,shared_10kb,lost_0kb,anchor1_8343,anchor2_8343,enhancer-other,HNRNPH3
8346,8346,8346,8346,chr10,69242500,69247500,chr10,69392500,69397500,lost,0.0314178766951723,0.0286667772594653,-0.1322059578662623,-0.1322059578662623,Control loop,150000,8346,stable,stable,intra-TAD,ctrl,8.84252,0.0,0.188543,0.048333228,0.4826,0.0067999999999999,0.3925253091678694,0.3925446458630218,0.2967141291281279,0.3594486731503905,1.933669515241654e-05,0.0627345440222625,0.107844055,lost_2.5kb,shared_10kb,lost_0kb,anchor1_8346,anchor2_8346,enhancer-enhancer,HK1
8348,8348,8348,8348,chr10,69745000,69750000,chr10,69915000,69920000,lost,0.0118982706002874,0.0098383719751175,-0.2742603872430125,-0.2742603872430125,Control loop,170000,8348,stable,stable,uncategorized,ctrl,0.52206796,0.0,0.188543,0.022532504,0.5076,0.0679999999999999,0.7802835832012447,0.6617653872288767,0.5746323706127702,0.5285341087465409,-0.118518195972368,-0.0460982618662292,0.03508838,lost_2.5kb,shared_10kb,lost_0kb,anchor1_8348,anchor2_8348,other-other,COL13A1
8349,8349,8349,8349,chr10,69785000,69790000,chr10,69915000,69920000,lost,0.0159389053158069,0.016782631820169,0.0744164257717815,0.0744164257717815,Control loop,130000,8349,stable,stable,uncategorized,ctrl,5.285936,9.864408,0.188543,0.029161818,0.5071,0.0689999999999999,0.5746323706127702,0.5285341087465409,0.7046602539088166,0.7288990586197881,-0.0460982618662292,0.0242388047109715,0.038150676,lost_2.5kb,shared_10kb,lost_0kb,anchor1_8349,anchor2_8349,enhancer-other,COL13A1
8492,8492,8492,8492,chr10,119602500,119607500,chr10,119862500,119867500,lost,0.0098992599037799,0.0083533148667846,-0.2449718498426442,-0.2449718498426442,Control loop,260000,8492,stable,stable,intra-TAD,ctrl,5.1227875,0.0941708,0.19977742,0.026397346,0.4252,0.0551999999999999,1.163477399074537,1.0006379666640253,0.8568839095748408,0.7487425142614768,-0.1628394324105118,-0.108141395313364,0.08271004,lost_2.5kb,shared_10kb,lost_0kb,anchor1_8492,anchor2_8492,enhancer-other,BAG3
8493,8493,8493,8493,chr10,119610000,119615000,chr10,119650000,119655000,lost,0.0236795120746036,0.0198127916717876,-0.2572071801090215,-0.2572071801090215,Control loop,40000,8493,stable,stable,intra-TAD,ctrl,0.75047266,5.8032856,0.188543,0.023610536,0.4827,0.0309999999999999,0.4797743601204008,0.4093989577253942,0.3554007384345022,0.4272261316876823,-0.0703754023950066,0.0718253932531801,0.039119776,lost_2.5kb,shared_10kb,lost_0kb,anchor1_8493,anchor2_8493,promoter-other,BAG3
8514,8514,8514,8514,chr11,1702500,1707500,chr11,1832500,1837500,lost,0.0376221565155313,0.0218617111128059,-0.7831762220787538,-0.7831762220787538,Control loop,130000,8514,stable,stable,intra-TAD,ctrl,1.5662029,0.25896993,0.188543,0.03606747,0.5545,0.2021999999999999,0.677152922649044,0.7118875146347419,0.5473017433842496,0.4862931765838913,0.0347345919856978,-0.0610085668003583,0.03675107,lost_2.5kb,shared_10kb,lost_0kb,anchor1_8514,anchor2_8514,promoter-enhancer,SYT8
8518,8518,8518,8518,chr11,2185000,2190000,chr11,2525000,2530000,lost,0.0075120599306342,0.0075110570814132,-0.0001926105746014,-0.0001926105746014,Control loop,340000,8518,stable,stable,uncategorized,ctrl,8.059419,0.90639555,0.188543,0.032929778,0.5754999999999999,0.0554,0.7199690085422946,0.6417170219492587,0.636678134835532,0.5108241901028963,-0.0782519865930359,-0.1258539447326357,0.053119723,lost_2.5kb,shared_10kb,lost_0kb,anchor1_8518,anchor2_8518,enhancer-other,KCNQ1
8519,8519,8519,8519,chr11,2192500,2197500,chr11,2892500,2897500,lost,0.0046566089502534,0.0029463961746951,-0.6603283042167536,-0.6603283042167536,Control loop,700000,8519,stable,stable,intra-TAD,ctrl,24.112988,0.65919626,0.24746269,0.035938546,0.5947,0.0342,0.7199690085422946,0.6417170219492587,0.5473017433842496,0.4862931765838913,-0.0782519865930359,-0.0610085668003583,0.082821034,lost_2.5kb,shared_10kb,lost_0kb,anchor1_8519,anchor2_8519,enhancer-enhancer,KCNQ1
8520,8520,8520,8520,chr11,2305000,2310000,chr11,2525000,2530000,lost,0.0098836457975863,0.0106828796615805,0.1121853757139985,0.1121853757139985,Control loop,220000,8520,stable,stable,intra-TAD,ctrl,1.1420236,0.09417095,0.188543,0.023979478,0.6165,0.0266,0.7199690085422946,0.6417170219492587,0.904660154686352,0.8666356579935263,-0.0782519865930359,-0.0380244966928257,0.046578903,lost_2.5kb,shared_10kb,lost_0kb,anchor1_8520,anchor2_8520,enhancer-enhancer,KCNQ1
8521,8521,8521,8521,chr11,2530000,2535000,chr11,3020000,3025000,lost,0.0059032363836326,0.0056363044681801,-0.0667565660001976,-0.0667565660001976,Control loop,490000,8521,stable,stable,intra-TAD,ctrl,2.4798214,0.0,0.188543,0.03746535,0.541,0.1215999999999999,0.904660154686352,0.8666356579935263,0.636678134835532,0.5108241901028963,-0.0380244966928257,-0.1258539447326357,0.03457114,lost_2.5kb,shared_10kb,lost_0kb,anchor1_8521,anchor2_8521,enhancer-enhancer,KCNQ1
8547,8547,8547,8547,chr11,8910000,8915000,chr11,9505000,9510000,lost,0.0051829628149336,0.0057871663763021,0.1590800778352629,0.1590800778352629,Control loop,595000,8547,stable,stable,intra-TAD,ctrl,6.003784,1.6950766,0.18854302,0.04999315,0.4624,0.1079999999999999,0.5607703606074453,0.6177069092750559,0.9603478550600988,0.9361172927406736,0.0569365486676105,-0.0242305623194253,0.042894285,lost_2.5kb,shared_10kb,lost_0kb,anchor1_8547,anchor2_8547,promoter-enhancer,SNORA23
8548,8548,8548,8548,chr11,9022500,9027500,chr11,9492500,9497500,lost,0.0078725853757484,0.0066967027680266,-0.2333865623203967,-0.2333865623203967,Control loop,470000,8548,stable,stable,intra-TAD,ctrl,1.9251244,0.1883419,0.188543,0.030152831,0.4322,0.0348,0.996461384225913,0.9986870214839284,0.9337629523732957,0.8676618479854227,0.0022256372580153,-0.0661011043878728,0.09932005,lost_2.5kb,shared_10kb,lost_0kb,anchor1_8548,anchor2_8548,enhancer-enhancer,SNORA23
8550,8550,8550,8550,chr11,9182500,9187500,chr11,9502500,9507500,lost,0.0098088490392084,0.0058289912763362,-0.7508376194350078,-0.7508376194350078,Control loop,320000,8550,stable,stable,intra-TAD,ctrl,1.7946081,0.0941708,0.2029689,0.030551594,0.4212,0.0352,0.6924076967869477,0.720202560412348,0.4534414199902418,0.4237074177455019,0.0277948636254002,-0.0297340022447398,0.02764643,lost_2.5kb,shared_10kb,lost_0kb,anchor1_8550,anchor2_8550,enhancer-enhancer,SNORA23
8551,8551,8551,8551,chr11,9272500,9277500,chr11,9442500,9447500,lost,0.0085922863106928,0.0078097693607102,-0.1377621242530923,-0.1377621242530923,Control loop,170000,8551,stable,stable,intra-TAD,ctrl,0.61995566,0.18834175,0.23047015,0.13533434,0.4385,0.0577999999999999,-0.0875047297821478,0.0072858938424245,-0.5172371142316389,-0.3740956384121194,0.0947906236245724,0.1431414758195194,0.026365448,lost_2.5kb,shared_10kb,lost_0kb,anchor1_8551,anchor2_8551,enhancer-other,SNORA23
8636,8636,8636,8636,chr11,34515000,34520000,chr11,35400000,35405000,lost,0.0067832725741684,0.0037473735101431,-0.85610168432276,-0.85610168432276,Control loop,885000,8636,stable,stable,intra-TAD,ctrl,6.2321835,0.28251263,0.45085844,0.027732998,0.422,0.0051999999999999,0.75340185336293,0.6559668500369467,0.4044380603098867,0.5110499753124339,-0.0974350033259833,0.1066119150025471,0.114014596,lost_2.5kb,shared_10kb,lost_0kb,anchor1_8636,anchor2_8636,enhancer-other,CD44
8638,8638,8638,8638,chr11,34925000,34930000,chr11,35305000,35310000,lost,0.0086515790979742,0.0067595367382209,-0.3560391039963942,-0.3560391039963942,Control loop,380000,8638,stable,stable,intra-TAD,ctrl,0.0,0.56502545,0.20462978,0.026411548,0.3984999999999999,0.1194,0.3099754756351441,0.3952696283369897,0.3620355597149376,0.4460638074616777,0.0852941527018456,0.08402824774674,0.028578322,lost_2.5kb,shared_10kb,lost_0kb,anchor1_8638,anchor2_8638,enhancer-enhancer,CD44
8722,8722,8722,8722,chr11,77120000,77125000,chr11,77185000,77190000,lost,0.0197577196291838,0.0200200018584703,0.0190256626713103,0.0190256626713103,Control loop,65000,8722,stable,stable,uncategorized,ctrl,0.55469716,0.8357665,0.188543,0.044759456,0.5285,0.0825999999999999,-0.7296871285355336,-0.838737400166706,-0.4459838369598579,-0.6208366076193523,-0.1090502716311723,-0.1748527706594944,0.027135532,lost_2.5kb,shared_10kb,lost_0kb,anchor1_8722,anchor2_8722,enhancer-enhancer,CAPN5
8763,8763,8763,8763,chr11,95155000,95160000,chr11,96425000,96430000,lost,0.009539638538573,0.0143286834584484,0.586899550662439,0.586899550662439,Control loop,1270000,8763,stable,stable,uncategorized,ctrl,0.7831019,0.1883419,0.2240208,0.028033677,0.396,0.1092,0.590764744925661,0.5469979762224327,0.5595639610278156,0.5695587403449728,-0.0437667687032282,0.0099947793171571,0.109868385,lost_2.5kb,shared_10kb,lost_0kb,anchor1_8763,anchor2_8763,enhancer-enhancer,SESN3
8833,8833,8833,8833,chr11,119482500,119487500,chr11,120102500,120107500,lost,0.0108140817713577,0.0096146661717346,-0.1696024984860114,-0.1696024984860114,Control loop,620000,8833,stable,stable,inter-TAD,ctrl,11.811783,10.923833,0.39306718,0.025412336,0.5374,0.0443999999999999,0.4765726054789479,0.4844490931634944,0.3426755453506021,0.3045745201455645,0.0078764876845464,-0.0381010252050376,0.14138384,lost_2.5kb,shared_10kb,lost_0kb,anchor1_8833,anchor2_8833,enhancer-other,NECTIN1
8834,8834,8834,8834,chr11,119615000,119620000,chr11,120110000,120115000,lost,0.009160912845127,0.0040674578159398,-1.1713639801484472,-1.1713639801484472,Control loop,495000,8834,stable,stable,intra-TAD,ctrl,35.990044,0.8828522,0.2647012,0.057749182,0.5259,0.0569999999999999,0.4765726054789479,0.4844490931634944,0.2805596911902752,0.3908000551111427,0.0078764876845464,0.1102403639208675,0.106463835,lost_2.5kb,shared_10kb,lost_0kb,anchor1_8834,anchor2_8834,enhancer-other,NECTIN1
8835,8835,8835,8835,chr11,119662500,119667500,chr11,120102500,120107500,lost,0.0177120939237377,0.0107765767304088,-0.7168358108428607,-0.7168358108428607,Control loop,440000,8835,stable,stable,inter-TAD,ctrl,2.6103382,3.3195262,0.24026719,0.023930255,0.5570999999999999,0.0837999999999999,0.2495725269452288,0.3320275061695296,0.5584697571252473,0.6148917642853913,0.0824549792243008,0.056422007160144,0.06223428,lost_2.5kb,shared_10kb,lost_0kb,anchor1_8835,anchor2_8835,enhancer-enhancer,NECTIN1
8856,8856,8856,8856,chr11,124672500,124677500,chr11,124852500,124857500,lost,0.011444014127403,0.0101330193075101,-0.1755290697375212,-0.1755290697375212,Control loop,180000,8856,stable,stable,inter-TAD,ctrl,2.316676,0.0,0.188543,0.030906206,0.4367,0.0062,0.8564529764672132,0.7880554813935051,0.6580783051033813,0.6353041701559888,-0.068397495073708,-0.0227741349473924,0.07966016,lost_2.5kb,shared_10kb,lost_0kb,anchor1_8856,anchor2_8856,promoter-other,SIAE
8864,8864,8864,8864,chr11,128162500,128167500,chr11,128622500,128627500,lost,0.0147291080812441,0.0146117302988412,-0.0115430408476334,-0.0115430408476334,Control loop,460000,8864,stable,stable,inter-TAD,ctrl,9.495107,3.4843252,0.188543,0.04035993,0.4256,0.0648,0.330784991758883,0.3234982178256994,0.4473212768045807,0.4207848798371236,-0.0072867739331835,-0.026536396967457,0.056900114,lost_2.5kb,shared_10kb,lost_0kb,anchor1_8864,anchor2_8864,enhancer-enhancer,ETS1
8867,8867,8867,8867,chr11,128282500,128287500,chr11,128832500,128837500,lost,0.005912955802196,0.0071098336082,0.2659363034005261,0.2659363034005261,Control loop,550000,8867,stable,stable,uncategorized,ctrl,3.3934402,0.65919644,0.21265897,0.035000853,0.4207,0.0585999999999999,0.7971569575040144,0.8193866680637918,0.4215187397805911,0.4351267329100072,0.0222297105597774,0.0136079931294161,0.05368813,lost_2.5kb,shared_10kb,lost_0kb,anchor1_8867,anchor2_8867,enhancer-enhancer,ETS1
8872,8872,8872,8872,chr11,129782500,129787500,chr11,130132500,130137500,lost,0.0093755847837334,0.0131757526429893,0.4909047920829906,0.4909047920829906,Control loop,350000,8872,stable,stable,intra-TAD,ctrl,2.5450807,0.9299379,0.18854302,0.039626166,0.444,0.0472,-0.1221141442070731,-0.0501802790509312,0.0084323548906604,0.0674617626128088,0.0719338651561418,0.0590294077221484,0.03722714,lost_2.5kb,shared_10kb,lost_0kb,anchor1_8872,anchor2_8872,enhancer-enhancer,APLP2
9061,9061,9061,9061,chr12,50815000,50820000,chr12,51250000,51255000,lost,0.0054735744987554,0.0056715250460097,0.0512534333883407,0.0512534333883407,Control loop,435000,9061,stable,stable,intra-TAD,ctrl,20.523787,0.36491236,0.19899291,0.04563305,0.4209,0.047,,,,,,,0.14082006,lost_2.5kb,shared_10kb,lost_0kb,anchor1_9061,anchor2_9061,enhancer-enhancer,TMT1A
9120,9120,9120,9120,chr12,68230000,68235000,chr12,69080000,69085000,lost,0.003526922080851,0.0017881867081004,-0.9799123241012676,-0.9799123241012676,Control loop,850000,9120,stable,stable,intra-TAD,ctrl,1.1420227,0.0,0.19892533,0.03599818,0.4024999999999999,0.0329999999999999,1.1318278399599258,1.066774386642525,0.8518307230130944,0.8847505206240178,-0.0650534533174007,0.0329197976109234,0.044216424,lost_2.5kb,shared_10kb,lost_0kb,anchor1_9120,anchor2_9120,enhancer-other,MDM1
9204,9204,9204,9204,chr12,98422500,98427500,chr12,98992500,98997500,lost,0.0066174279222388,0.0067077422527724,0.0195566781190573,0.0195566781190573,Control loop,570000,9204,stable,stable,intra-TAD,ctrl,6.7542486,5.461916,0.2112982,0.04526133,0.4208,0.044,-0.3885893561629246,-0.4181199752686423,-0.8569184691981256,-0.8795789555588297,-0.0295306191057176,-0.022660486360704,0.046123207,lost_2.5kb,shared_10kb,lost_0kb,anchor1_9204,anchor2_9204,enhancer-other,SNORA53
9206,9206,9206,9206,chr12,98572500,98577500,chr12,99002500,99007500,lost,0.0057838512821017,0.0023306580331433,-1.311293117403818,-1.311293117403818,Control loop,430000,9206,stable,stable,intra-TAD,ctrl,4.27443,1.0241088,0.18854302,0.03868621,0.4181,0.0301999999999999,-0.1758306985894933,-0.1232167698106197,0.1872479796334595,0.2088183669554855,0.0526139287788735,0.021570387322026,0.037715703,lost_2.5kb,shared_10kb,lost_0kb,anchor1_9206,anchor2_9206,enhancer-enhancer,SNORA53
9212,9212,9212,9212,chr12,100145000,100150000,chr12,100560000,100565000,lost,0.0070248026381874,0.0064804917258053,-0.1163544075223952,-0.1163544075223952,Control loop,415000,9212,stable,stable,intra-TAD,ctrl,2.088271,0.47085422,0.188543,0.028532818,0.4225,0.0462,-0.3763156561347153,-0.2259202557670495,-0.7061431722519038,-0.6464333850378089,0.1503954003676657,0.0597097872140949,0.04147499,lost_2.5kb,shared_10kb,lost_0kb,anchor1_9212,anchor2_9212,enhancer-other,SLC17A8
9213,9213,9213,9213,chr12,100352500,100357500,chr12,100542500,100547500,lost,0.0093992966995623,0.0118959955982649,0.3398513020972689,0.3398513020972689,Control loop,190000,9213,stable,stable,intra-TAD,ctrl,3.9807675,0.5532541,0.188543,0.031451717,0.4318,0.0252,-0.3763156561347153,-0.2259202557670495,-0.5172371142316389,-0.3740956384121194,0.1503954003676657,0.1431414758195194,0.04085404,lost_2.5kb,shared_10kb,lost_0kb,anchor1_9213,anchor2_9213,promoter-enhancer,SLC17A8
9214,9214,9214,9214,chr12,100355000,100360000,chr12,100730000,100735000,lost,0.0068530514701635,0.0057888364382349,-0.2434731282234916,-0.2434731282234916,Control loop,375000,9214,stable,stable,uncategorized,ctrl,0.7831012,4.284778,0.188543,0.033025928,0.397,0.0236,0.5155282787163179,0.4316246153441122,0.1089683736052746,0.0755831665351892,-0.0839036633722057,-0.0333852070700854,0.050071284,lost_2.5kb,shared_10kb,lost_0kb,anchor1_9214,anchor2_9214,promoter-enhancer,SLC17A8
9227,9227,9227,9227,chr12,104202500,104207500,chr12,105382500,105387500,lost,0.0064164321074071,0.0051591511625194,-0.314637583836049,-0.314637583836049,Control loop,1180000,9227,stable,stable,intra-TAD,ctrl,2.316676,2.0364463,0.188543,0.030773275,0.4413,0.0186,0.162476208510567,0.1842169314770577,-0.9127458138102768,-0.9517582411593616,0.0217407229664906,-0.0390124273490847,0.03535875,lost_2.5kb,shared_10kb,lost_0kb,anchor1_9227,anchor2_9227,enhancer-enhancer,CHST11
9229,9229,9229,9229,chr12,104735000,104740000,chr12,105050000,105055000,lost,0.0094430412230221,0.0094624734834374,0.0029657839040777,0.0029657839040777,Control loop,315000,9229,stable,stable,intra-TAD,ctrl,10.702383,3.0723274,0.188543,0.030467087,0.4548999999999999,0.1249999999999999,0.4763740358299148,0.4068089645128268,0.4674606431167536,0.3849598358956271,-0.0695650713170879,-0.0825008072211265,0.09371791,lost_2.5kb,shared_10kb,lost_0kb,anchor1_9229,anchor2_9229,enhancer-enhancer,CHST11
9236,9236,9236,9236,chr12,106222500,106227500,chr12,106912500,106917500,lost,0.0046796771942827,0.0019314667378874,-1.2767121827579937,-1.2767121827579937,Control loop,690000,9236,stable,stable,inter-TAD,ctrl,1.1746529,0.3060553,0.64790255,0.028440116,0.4662,0.0103999999999999,0.110281446782157,0.0683063802645237,-0.2069245085655354,-0.1095230770596472,-0.0419750665176332,0.0974014315058881,0.05323866,lost_2.5kb,shared_10kb,lost_0kb,anchor1_9236,anchor2_9236,enhancer-enhancer,CKAP4
9343,9343,9343,9343,chr13,29512500,29517500,chr13,29712500,29717500,lost,0.0186175760946661,0.0179753208343525,-0.0506477332314927,-0.0506477332314927,Control loop,200000,9343,stable,stable,intra-TAD,ctrl,6.3953295,0.27074122,0.45421728,0.025000313,0.5065,0.1002,0.1524633405880654,0.1782435156442165,0.4363092391033515,0.4194474421400154,0.025780175056151,-0.016861796963336,0.08121967,lost_2.5kb,shared_10kb,lost_0kb,anchor1_9343,anchor2_9343,enhancer-other,SLC7A1
9702,9702,9702,9702,chr14,92130000,92135000,chr14,92785000,92790000,lost,0.0064515728606737,0.0038341976244263,-0.7507262259926608,-0.7507262259926608,Control loop,655000,9702,stable,stable,intra-TAD,ctrl,1.8598667,0.18834175,0.188543,0.026104743,0.3979,0.0054,0.479569679486613,0.3820978056298181,0.8868525815522899,0.7825972949025629,-0.0974718738567949,-0.1042552866497269,0.047075734,lost_2.5kb,shared_10kb,lost_0kb,anchor1_9702,anchor2_9702,enhancer-enhancer,LGMN
9703,9703,9703,9703,chr14,92692500,92697500,chr14,92782500,92787500,lost,0.0187405620865409,0.0250151273060721,0.4166365699954377,0.4166365699954377,Control loop,90000,9703,stable,stable,intra-TAD,ctrl,1.3051697,0.2825126,0.1978982,0.027176034,0.4626,0.0428,0.479569679486613,0.3820978056298181,0.7064217243851614,0.7466496266899747,-0.0974718738567949,0.0402279023048133,0.04501405,lost_2.5kb,shared_10kb,lost_0kb,anchor1_9703,anchor2_9703,enhancer-enhancer,LGMN
9766,9766,9766,9766,chr15,40625000,40630000,chr15,41405000,41410000,lost,0.0017704871236145,0.0010185858863362,-0.7975787190362971,-0.7975787190362971,Control loop,780000,9766,stable,stable,uncategorized,ctrl,1.566204,0.0,0.188543,0.04445295,0.4291,0.0817999999999999,-0.0875047297821478,0.0072858938424245,-0.7061431722519038,-0.6464333850378089,0.0947906236245724,0.0597097872140949,0.044240966,lost_2.5kb,shared_10kb,lost_0kb,anchor1_9766,anchor2_9766,enhancer-other,CHAC1
9770,9770,9770,9770,chr15,40912500,40917500,chr15,41192500,41197500,lost,0.0155754408828491,0.0131376054435949,-0.2455706577292464,-0.2455706577292464,Control loop,280000,9770,stable,stable,intra-TAD,ctrl,15.498885,1.3890207,0.53368104,0.043980204,0.4948,0.1075999999999999,-0.1499727990573227,-0.0665565987736471,0.5155282787163179,0.4316246153441122,0.0834162002836755,-0.0839036633722057,0.17305592,lost_2.5kb,shared_10kb,lost_0kb,anchor1_9770,anchor2_9770,enhancer-other,CHAC1
9771,9771,9771,9771,chr15,40940000,40945000,chr15,41020000,41025000,lost,0.0294842972948393,0.0179523958231117,-0.715770419881286,-0.715770419881286,Control loop,80000,9771,stable,stable,intra-TAD,ctrl,15.531512,1.5302774,0.19014083,0.05102964,0.503,0.1624,0.5155282787163179,0.4316246153441122,0.3158279400247919,0.2804600103372041,-0.0839036633722057,-0.0353679296875877,0.100776665,lost_2.5kb,shared_10kb,lost_0kb,anchor1_9771,anchor2_9771,promoter-enhancer,CHAC1
9897,9897,9897,9897,chr15,72730000,72735000,chr15,73270000,73275000,lost,0.0051959855048211,0.0038789970767509,-0.4217137174812245,-0.4217137174812245,Control loop,540000,9897,stable,stable,intra-TAD,ctrl,3.3281813,0.24719846,0.20615417,0.027142076,0.4172,0.0211999999999999,0.6243753214899733,0.6780900718134998,-0.0819704160624089,0.0127988872080315,0.0537147503235264,0.0947693032704404,0.088284865,lost_2.5kb,shared_10kb,lost_0kb,anchor1_9897,anchor2_9897,enhancer-enhancer,NEO1
9899,9899,9899,9899,chr15,74370000,74375000,chr15,74490000,74495000,lost,0.0226630953676645,0.0173820532811893,-0.3827464078443069,-0.3827464078443069,Control loop,120000,9899,stable,stable,uncategorized,ctrl,0.5546972,0.0,0.18854302,0.02699409,0.4760999999999999,0.0869999999999999,-0.0331357989062219,0.0443611017334059,-0.0819704160624089,0.0127988872080315,0.0774969006396278,0.0947693032704404,0.04209976,lost_2.5kb,shared_10kb,lost_0kb,anchor1_9899,anchor2_9899,promoter-promoter,SEMA7A
9900,9900,9900,9900,chr15,74382500,74387500,chr15,74952500,74957500,lost,0.0055148529195318,0.0010129857534943,-2.4447085254273992,-2.4447085254273992,Control loop,570000,9900,stable,stable,inter-TAD,ctrl,5.7101154,1.0358797,0.29769948,0.049457982,0.5841000000000001,0.0026,0.645919412554352,0.530144050494628,0.7372766506446492,0.6240187992098922,-0.115775362059724,-0.1132578514347569,0.04953918,lost_2.5kb,shared_10kb,lost_0kb,anchor1_9900,anchor2_9900,promoter-enhancer,"EDC3,SEMA7A"
9901,9901,9901,9901,chr15,74622500,74627500,chr15,74942500,74947500,lost,0.0058597681809245,0.0078826039859719,0.4278287056975852,0.4278287056975852,Control loop,320000,9901,stable,stable,uncategorized,ctrl,2.8713725,1.0476513,0.188543,0.05376339,0.5171,0.0682,0.9172678263276266,0.8279191307353164,0.7341520473961825,0.6999181754681834,-0.0893486955923101,-0.034233871927999,0.04094808,lost_2.5kb,shared_10kb,lost_0kb,anchor1_9901,anchor2_9901,enhancer-other,EDC3
9902,9902,9902,9902,chr15,74645000,74650000,chr15,74685000,74690000,lost,0.0262594697057857,0.0213751388482314,-0.2969039907046542,-0.2969039907046542,Control loop,40000,9902,stable,stable,intra-TAD,ctrl,4.111285,0.9299378,0.188543,0.056067415,0.4316,0.0111999999999999,0.7712203254136867,0.7684788831064044,0.8297179249297439,0.7085869166734745,-0.0027414423072822,-0.1211310082562694,0.042738356,lost_2.5kb,shared_10kb,lost_0kb,anchor1_9902,anchor2_9902,enhancer-other,EDC3
9921,9921,9921,9921,chr15,80682500,80687500,chr15,80972500,80977500,lost,0.0070358456332502,0.0051132273606555,-0.4604896531985637,-0.4604896531985637,Control loop,290000,9921,stable,stable,uncategorized,ctrl,0.0,0.2825126,0.19995996,0.029926628,0.4316,0.0204,-0.0718513718298108,-0.0634687369200057,0.0390037835806702,0.1307343764907532,0.0083826349098051,0.0917305929100829,0.048578348,lost_2.5kb,shared_10kb,lost_0kb,anchor1_9921,anchor2_9921,enhancer-enhancer,CEMIP
9922,9922,9922,9922,chr15,80780000,80785000,chr15,80855000,80860000,lost,0.0236185703432282,0.0223209514714809,-0.0815231135387725,-0.0815231135387725,Control loop,75000,9922,stable,stable,intra-TAD,ctrl,0.26103398,2.2718744,0.19739723,0.025091344,0.4779,0.013,-0.0718513718298108,-0.0634687369200057,-0.1332510085338839,0.0565691835446264,0.0083826349098051,0.1898201920785104,0.05208387,lost_2.5kb,shared_10kb,lost_0kb,anchor1_9922,anchor2_9922,enhancer-enhancer,CEMIP
9968,9968,9968,9968,chr15,98442500,98447500,chr15,99072500,99077500,lost,0.0104979318692126,0.0092699791748737,-0.1794671367752243,-0.1794671367752243,Control loop,630000,9968,stable,stable,intra-TAD,ctrl,2.4145632,0.82399535,0.29317224,0.025189728,0.4636,0.0252,-0.2087754976442514,-0.3093968726902057,-0.3571001155564142,-0.441742457587631,-0.1006213750459543,-0.0846423420312167,0.07073582,lost_2.5kb,shared_10kb,lost_0kb,anchor1_9968,anchor2_9968,enhancer-enhancer,IGF1R
9969,9969,9969,9969,chr15,98512500,98517500,chr15,98852500,98857500,lost,0.0145987338214132,0.009722756265058,-0.5864059858476383,-0.5864059858476383,Control loop,340000,9969,stable,stable,intra-TAD,ctrl,1.4683151,0.5414827,0.188543,0.027645666,0.471,0.0087999999999999,0.2541635787071519,0.2857558265874731,0.6761475937126592,0.613871734824701,0.0315922478803212,-0.0622758588879581,0.047606803,lost_2.5kb,shared_10kb,lost_0kb,anchor1_9969,anchor2_9969,promoter-enhancer,IGF1R
9970,9970,9970,9970,chr15,98575000,98580000,chr15,98650000,98655000,lost,0.0147431637488166,0.0121923750977458,-0.2740669538265018,-0.2740669538265018,Control loop,75000,9970,stable,stable,intra-TAD,ctrl,5.9385195,0.0,0.19360147,0.040618975,0.4466,0.012,0.7564480794474958,0.7644548288677798,0.6761475937126592,0.613871734824701,0.008006749420284,-0.0622758588879581,0.05661072,lost_2.5kb,shared_10kb,lost_0kb,anchor1_9970,anchor2_9970,enhancer-other,IGF1R
9971,9971,9971,9971,chr15,98662500,98667500,chr15,99072500,99077500,lost,0.0059639650268913,0.0042632708472493,-0.4843110843928593,-0.4843110843928593,Control loop,410000,9971,stable,stable,intra-TAD,ctrl,2.5777097,0.92993784,0.188543,0.032255437,0.4619,0.0217999999999999,0.2737295352683273,0.2807602972573061,-0.0353925559263639,-0.0113974591621296,0.0070307619889788,0.0239950967642342,0.046212412,lost_2.5kb,shared_10kb,lost_0kb,anchor1_9971,anchor2_9971,enhancer-enhancer,IGF1R
9972,9972,9972,9972,chr15,98870000,98875000,chr15,99065000,99070000,lost,0.0084565081907714,0.0047732742674236,-0.8250828430143043,-0.8250828430143043,Control loop,195000,9972,stable,stable,intra-TAD,ctrl,2.6103377,0.01177135,0.19774023,0.02748584,0.4649,0.0466,-0.0144185468422786,-0.0279978471933935,-0.3157482349566951,-0.2814751264528935,-0.0135793003511149,0.0342731085038016,0.109299645,lost_2.5kb,shared_10kb,lost_0kb,anchor1_9972,anchor2_9972,enhancer-other,IGF1R
9988,9988,9988,9988,chr16,3690000,3695000,chr16,3875000,3880000,lost,0.0133641439961078,0.013176181057297,-0.0204351478765302,-0.0204351478765302,Control loop,185000,9988,stable,stable,intra-TAD,ctrl,7.1458006,0.48262605,0.18854302,0.034433503,0.4788,0.044,0.472464582356165,0.6816297415694744,0.594226054186149,0.5253840803711752,0.2091651592133093,-0.0688419738149738,0.07605755,lost_2.5kb,shared_10kb,lost_0kb,anchor1_9988,anchor2_9988,promoter-enhancer,CREBBP
10037,10037,10037,10037,chr16,31202500,31207500,chr16,31442500,31447500,lost,0.0141879372375893,0.0118846939107146,-0.2555601061576302,-0.2555601061576302,Control loop,240000,10037,stable,stable,intra-TAD,ctrl,10.73502,0.09417085,0.59903467,0.034240816,0.4895,0.0457999999999999,0.0542328030759084,0.2157329707492003,0.0748980842138945,0.0931352902836097,0.1615001676732918,0.0182372060697152,0.094837554,lost_2.5kb,shared_10kb,lost_0kb,anchor1_10037,anchor2_10037,promoter-promoter,PYCARD-AS1
10056,10056,10056,10056,chr16,53542500,53547500,chr16,55252500,55257500,lost,0.0050552669327114,0.0031267111699112,-0.693141316212452,-0.693141316212452,Control loop,1710000,10056,stable,stable,uncategorized,ctrl,0.5220679,0.47085434,0.188543,0.029429208,0.4146999999999999,0.0406,0.2982854938418185,0.3262437424642227,0.3027211305785193,0.400800474710244,0.0279582486224042,0.0980793441317247,0.031372994,lost_2.5kb,shared_10kb,lost_0kb,anchor1_10056,anchor2_10056,enhancer-enhancer,CRNDE
10058,10058,10058,10058,chr16,53760000,53765000,chr16,54855000,54860000,lost,0.003081504039029,0.0031721271722569,0.0418159285131938,0.0418159285131938,Control loop,1095000,10058,stable,stable,intra-TAD,ctrl,6.4279575,0.3766835,0.188543,0.04220566,0.3739,0.0514,0.2263010009501118,0.1196679596215305,-0.2069245085655354,-0.1095230770596472,-0.1066330413285813,0.0974014315058881,0.053998612,lost_2.5kb,shared_10kb,lost_0kb,anchor1_10058,anchor2_10058,enhancer-other,CRNDE
10059,10059,10059,10059,chr16,53772500,53777500,chr16,55032500,55037500,lost,0.0030789702991898,0.0030810909963221,0.000993340556226,0.000993340556226,Control loop,1260000,10059,stable,stable,uncategorized,ctrl,33.542854,0.5532543,0.188543,0.047940455,0.4339,0.121,-0.2069245085655354,-0.1095230770596472,-0.1594887568252203,-0.0715921021132943,0.0974014315058881,0.087896654711926,0.06143616,lost_2.5kb,shared_10kb,lost_0kb,anchor1_10059,anchor2_10059,enhancer-enhancer,CRNDE
10088,10088,10088,10088,chr16,68532500,68537500,chr16,68802500,68807500,lost,0.0104647994081637,0.0071523650234909,-0.5490523859601187,-0.5490523859601187,Control loop,270000,10088,stable,stable,intra-TAD,ctrl,3.5239577,2.6014721,0.2306591,0.028898574,0.4465,0.0118,1.092257577030601,0.955145159141532,1.0655669784807478,1.1291197616145296,-0.137112417889069,0.0635527831337818,0.047131404,lost_2.5kb,shared_10kb,lost_0kb,anchor1_10088,anchor2_10088,enhancer-other,CDH3
10089,10089,10089,10089,chr16,68695000,68700000,chr16,69120000,69125000,lost,0.0072330004982703,0.0082469011243443,0.1892578595357676,0.1892578595357676,Control loop,425000,10089,stable,stable,intra-TAD,ctrl,9.592997,16.32689,0.188543,0.053873762,0.4998,0.0211999999999999,0.7497110206729499,0.6258094415803095,0.5155891211184028,0.6233123154822678,-0.1239015790926404,0.107723194363865,0.07336833,lost_2.5kb,shared_10kb,lost_0kb,anchor1_10089,anchor2_10089,enhancer-enhancer,CDH3
10094,10094,10094,10094,chr16,69312500,69317500,chr16,69752500,69757500,lost,0.0120025128377953,0.0069890547235286,-0.7801672310972798,-0.7801672310972798,Control loop,440000,10094,stable,stable,uncategorized,ctrl,11.713892,13.077993,0.3800016,0.028192662,0.5036,0.0304,0.5303864625075437,0.4778455949558433,0.782763714147845,0.8018529636029101,-0.0525408675517004,0.0190892494550651,0.082065925,lost_2.5kb,shared_10kb,lost_0kb,anchor1_10094,anchor2_10094,promoter-enhancer,NOB1
10095,10095,10095,10095,chr16,69332500,69337500,chr16,70252500,70257500,lost,0.0046358487422623,0.0035226385769181,-0.3961770333216526,-0.3961770333216526,Control loop,920000,10095,stable,stable,intra-TAD,ctrl,2.4145637,2.0011318,0.25340503,0.026078116,0.506,0.0744,-0.2621005767304503,-0.0371878774017351,-0.0955303982187947,-0.0428818341093098,0.2249126993287151,0.0526485641094849,0.064722955,lost_2.5kb,shared_10kb,lost_0kb,anchor1_10095,anchor2_10095,enhancer-other,NOB1
10098,10098,10098,10098,chr16,69705000,69710000,chr16,69755000,69760000,lost,0.0322493369252354,0.0253187531621102,-0.3490631376676015,-0.3490631376676015,Control loop,50000,10098,stable,stable,intra-TAD,ctrl,16.967194,1.8716478,0.19579466,0.042259645,0.4515,0.061,0.675810926049692,0.6601555406108188,0.6860270289263672,0.729276115711229,-0.0156553854388731,0.0432490867848617,0.086618006,lost_2.5kb,shared_10kb,lost_0kb,anchor1_10098,anchor2_10098,promoter-enhancer,NOB1
10114,10114,10114,10114,chr16,74702500,74707500,chr16,75122500,75127500,lost,0.0095878150212329,0.0068196217616924,-0.4915103502524821,-0.4915103502524821,Control loop,420000,10114,stable,stable,intra-TAD,ctrl,1.1420237,0.0941708,0.188543,0.026692435,0.4151,0.0169999999999999,,1.443123062950899,1.209438089111215,1.0403099207777415,,-0.1691281683334735,0.05748442,lost_2.5kb,shared_10kb,lost_0kb,anchor1_10114,anchor2_10114,other-other,FA2H
10185,10185,10185,10185,chr17,8062500,8067500,chr17,8782500,8787500,lost,0.0044772883171939,0.007005198765691,0.6458007620102708,0.6458007620102708,Control loop,720000,10185,stable,stable,intra-TAD,ctrl,5.9058924,3.802151,0.188543,0.03725206,0.4911999999999999,0.068,-0.166284834082838,-0.0887743145175272,-0.1592081306444971,-0.1177584605814646,0.0775105195653108,0.0414496700630324,0.05430149,lost_2.5kb,shared_10kb,lost_0kb,anchor1_10185,anchor2_10185,promoter-enhancer,TMEM107
10255,10255,10255,10255,chr17,40382500,40387500,chr17,40782500,40787500,lost,0.0047912422148792,0.0025515289803315,-0.909037720860536,-0.909037720860536,Control loop,400000,10255,stable,stable,intra-TAD,ctrl,9.331961,0.9887944,0.18854299,0.03994299,0.4335,0.0418,0.2812887276220631,0.2802953471609052,0.411093715496945,0.3914776514709728,-0.0009933804611578,-0.0196160640259722,0.07081985,lost_2.5kb,shared_10kb,lost_0kb,anchor1_10255,anchor2_10255,other-other,"ENSG00000279806,TNS4"
10270,10270,10270,10270,chr17,43012500,43017500,chr17,43122500,43127500,lost,0.0252232345846692,0.0181809557994837,-0.4723252501683569,-0.4723252501683569,Control loop,110000,10270,stable,stable,intra-TAD,ctrl,0.0,2.165932,0.188543,0.02493952,0.5327999999999999,0.0459999999999999,0.8899218227928898,0.919348470021912,0.7931174686745838,0.6935270451534434,0.0294266472290221,-0.0995904235211403,0.031318367,lost_2.5kb,shared_10kb,lost_0kb,anchor1_10270,anchor2_10270,promoter-enhancer,VAT1
10308,10308,10308,10308,chr17,55405000,55410000,chr17,55745000,55750000,lost,0.005107840457708,0.0015501721483499,-1.720285026183722,-1.720285026183722,Control loop,340000,10308,stable,stable,intra-TAD,ctrl,1.0441359,0.18834195,0.26042503,0.03149178,0.3771,0.0781999999999999,0.3461038307228279,0.2592008163532536,0.1321511490053794,0.07925125202673,-0.0869030143695742,-0.0528998969786494,0.055173803,lost_2.5kb,shared_10kb,lost_0kb,anchor1_10308,anchor2_10308,enhancer-other,MMD
10404,10404,10404,10404,chr17,77065000,77070000,chr17,77500000,77505000,lost,0.003745894511848,0.0007469884545398,-2.3261524224194035,-2.3261524224194035,Control loop,435000,10404,stable,stable,intra-TAD,ctrl,4.111284,0.38845503,0.18854302,0.027095329,0.5162,0.0604,0.8782846673617412,0.9316067091663006,0.9744276539782264,0.8852419443995975,0.0533220418045594,-0.0891857095786288,0.0713657,lost_2.5kb,shared_10kb,lost_0kb,anchor1_10404,anchor2_10404,enhancer-other,SEPTIN9
10405,10405,10405,10405,chr17,77335000,77340000,chr17,77420000,77425000,lost,0.0247298665873781,0.0175379712579387,-0.4957725860788126,-0.4957725860788126,Control loop,85000,10405,stable,stable,intra-TAD,ctrl,10.637133,0.2825126,0.26396024,0.03836795,0.4786,0.1883999999999999,0.9744276539782264,0.8852419443995975,0.8022419654403896,0.8734839941467321,-0.0891857095786288,0.0712420287063424,0.06795326,lost_2.5kb,shared_10kb,lost_0kb,anchor1_10405,anchor2_10405,enhancer-enhancer,SEPTIN9
10413,10413,10413,10413,chr17,78852500,78857500,chr17,78982500,78987500,lost,0.0163317615460051,0.0202993847406319,0.3137555924772,0.3137555924772,Control loop,130000,10413,stable,stable,intra-TAD,ctrl,1.2725406,4.1670656,0.18854302,0.04297541,0.4833,0.0874,0.6599317435489933,0.7695179844244795,0.535802705723759,0.7145083009322556,0.1095862408754861,0.1787055952084966,0.04164718,lost_2.5kb,shared_10kb,lost_0kb,anchor1_10413,anchor2_10413,enhancer-enhancer,LGALS3BP
10419,10419,10419,10419,chr17,79792500,79797500,chr17,79992500,79997500,lost,0.0110088962398411,0.0179029487646271,0.7015274004678225,0.7015274004678225,Control loop,200000,10419,stable,stable,inter-TAD,ctrl,0.55469716,0.65919626,0.188543,0.024727821,0.5405,0.0886,-0.2705444471524235,-0.1731533033142452,-0.3845344611608666,-0.1537742285448249,0.0973911438381783,0.2307602326160417,0.035990424,lost_2.5kb,shared_10kb,lost_0kb,anchor1_10419,anchor2_10419,promoter-promoter,TBC1D16
10420,10420,10420,10420,chr17,79920000,79925000,chr17,79990000,79995000,lost,0.0209812425939942,0.0106000255553636,-0.9850323797234516,-0.9850323797234516,Control loop,70000,10420,stable,stable,uncategorized,ctrl,0.2936632,0.76513845,0.22005123,0.02577427,0.5775,0.0145999999999999,-0.1406037072145908,0.02650764486407,-0.325244228131991,-0.1293661796700524,0.1671113520786609,0.1958780484619386,0.04130835,lost_2.5kb,shared_10kb,lost_0kb,anchor1_10420,anchor2_10420,promoter-enhancer,TBC1D16
10421,10421,10421,10421,chr17,80082500,80087500,chr17,80362500,80367500,lost,0.0152127918952094,0.0087569510623019,-0.7967843906119566,-0.7967843906119566,Control loop,280000,10421,stable,stable,intra-TAD,ctrl,0.0,1.2006793,0.188543,0.02511064,0.5319,0.0694,0.0916361524349057,0.1763708025880115,0.6334757486199694,0.7183508794778536,0.0847346501531057,0.0848751308578842,0.028029975,lost_2.5kb,shared_10kb,lost_0kb,anchor1_10421,anchor2_10421,enhancer-enhancer,GAA
10422,10422,10422,10422,chr17,80092500,80097500,chr17,80242500,80247500,lost,0.0147240153542262,0.0111065001301794,-0.4067668916355677,-0.4067668916355677,Control loop,150000,10422,stable,stable,intra-TAD,ctrl,0.7831019,3.4372387,0.21656966,0.024911053,0.5636,0.0216,0.6330221284369802,0.623458313119455,0.7632655047563776,0.6088859693988332,-0.0095638153175252,-0.1543795353575443,0.038552064,lost_2.5kb,shared_10kb,lost_0kb,anchor1_10422,anchor2_10422,enhancer-enhancer,GAA
10481,10481,10481,10481,chr18,21995000,22000000,chr18,22705000,22710000,lost,0.0057521947128443,0.0046144822035192,-0.3179437416510348,-0.3179437416510348,Control loop,710000,10481,stable,stable,uncategorized,ctrl,3.132407,0.35314083,0.188543,0.03723047,0.4472,0.0024,0.4807869784880815,0.5277440847933281,0.7281781722739448,0.7119656602127226,0.0469571063052465,-0.0162125120612222,0.044852246,lost_2.5kb,shared_10kb,lost_0kb,anchor1_10481,anchor2_10481,enhancer-enhancer,GATA6-AS1
10482,10482,10482,10482,chr18,22002500,22007500,chr18,22152500,22157500,lost,0.0120659387172223,0.0085681206203376,-0.4938894647382192,-0.4938894647382192,Control loop,150000,10482,stable,stable,intra-TAD,ctrl,2.8387437,0.03531405,0.188543,0.040452372,0.429,0.0075999999999999,0.4807869784880815,0.5277440847933281,0.7281781722739448,0.7119656602127226,0.0469571063052465,-0.0162125120612222,0.03200225,lost_2.5kb,shared_10kb,lost_0kb,anchor1_10482,anchor2_10482,enhancer-other,GATA6-AS1
10679,10679,10679,10679,chr19,10932500,10937500,chr19,11112500,11117500,lost,0.0103010683989266,0.0110277113638994,0.0983394346830626,0.0983394346830626,Control loop,180000,10679,stable,stable,intra-TAD,ctrl,0.09788774,0.18834177,0.18854299,0.025514435,0.5124,0.0492,-0.2504780075085592,-0.1758181252284191,-0.0624719449295501,-0.0219101629640985,0.0746598822801401,0.0405617819654516,0.03153855,lost_2.5kb,shared_10kb,lost_0kb,anchor1_10679,anchor2_10679,enhancer-other,LDLR
10682,10682,10682,10682,chr19,11282500,11287500,chr19,11582500,11587500,lost,0.0144670235961141,0.0109333678318991,-0.4040302701317581,-0.4040302701317581,Control loop,300000,10682,stable,stable,intra-TAD,ctrl,1.3051693,0.0,0.19711314,0.02759913,0.489,0.012,0.5586840251943179,0.6792335323345149,0.5169079881597834,0.6346147574668821,0.1205495071401969,0.1177067693070986,0.045046553,lost_2.5kb,shared_10kb,lost_0kb,anchor1_10682,anchor2_10682,enhancer-enhancer,PRKCSH
10687,10687,10687,10687,chr19,14142500,14147500,chr19,14472500,14477500,lost,0.0142686913507623,0.0058421789684939,-1.2882745652135543,-1.2882745652135543,Control loop,330000,10687,stable,stable,intra-TAD,ctrl,0.6199557,0.17657036,0.26770383,0.023840625,0.5653,0.1834,0.411093715496945,0.3914776514709728,0.4480518105328204,0.5135663916262398,-0.0196160640259722,0.0655145810934194,0.03345458,lost_2.5kb,shared_10kb,lost_0kb,anchor1_10687,anchor2_10687,promoter-enhancer,ADGRE5
10709,10709,10709,10709,chr19,29732500,29737500,chr19,30642500,30647500,lost,0.0046749502416536,0.0036184810086517,-0.3695668098567568,-0.3695668098567568,Control loop,910000,10709,stable,stable,intra-TAD,ctrl,9.854028,2.9310708,0.188543,0.032006096,0.4431,0.0393999999999999,0.5040524580470392,0.4699428746570834,0.2712096507063413,0.3773612804730579,-0.0341095833899558,0.1061516297667165,0.04638494,lost_2.5kb,shared_10kb,lost_0kb,anchor1_10709,anchor2_10709,enhancer-other,CCNE1
10733,10733,10733,10733,chr19,41332500,41337500,chr19,41552500,41557500,lost,0.0089572361637643,0.0070066326550726,-0.3543323839899125,-0.3543323839899125,Control loop,220000,10733,stable,stable,uncategorized,ctrl,3.5565863,0.659196,0.19392996,0.025273528,0.4294,0.0971999999999999,0.0345868549309213,-0.0380862496912962,-0.0910908765449406,-0.0791535292331193,-0.0726731046222176,0.0119373473118212,0.08759026,lost_2.5kb,shared_10kb,lost_0kb,anchor1_10733,anchor2_10733,enhancer-enhancer,TGFB1
10736,10736,10736,10736,chr19,41640000,41645000,chr19,41800000,41805000,lost,0.0141687260030142,0.0061022839672322,-1.2152888207335122,-1.2152888207335122,Control loop,160000,10736,stable,stable,intra-TAD,ctrl,6.7868795,6.6625967,0.25033346,0.038080707,0.4833,0.0273999999999999,0.0842712104801007,0.1323664027708092,-0.0122211115242694,0.0432216398792474,0.0480951922907085,0.0554427514035168,0.08373311,lost_2.5kb,shared_10kb,lost_0kb,anchor1_10736,anchor2_10736,enhancer-enhancer,CEACAM5
10744,10744,10744,10744,chr19,43232500,43237500,chr19,43802500,43807500,lost,0.0047422268320422,0.0039669905506402,-0.2575197110299317,-0.2575197110299317,Control loop,570000,10744,stable,stable,inter-TAD,ctrl,4.959643,1.424335,0.18854302,0.037136976,0.4296,0.0756,0.2229670821762144,0.2058863741751877,0.4622643668428526,0.3676466777553642,-0.0170807080010266,-0.0946176890874883,0.035483915,lost_2.5kb,shared_10kb,lost_0kb,anchor1_10744,anchor2_10744,enhancer-other,CADM4
10748,10748,10748,10748,chr19,44682500,44687500,chr19,44772500,44777500,lost,0.0277359484615302,0.0211721991775853,-0.389585929553233,-0.389585929553233,Control loop,90000,10748,stable,stable,inter-TAD,ctrl,3.6544747,0.5297112,0.59616387,0.025413673,0.501,0.0576,-0.0763052680452974,-0.0280041672346656,-0.0432622397047312,-0.0639600697725595,0.0483011008106318,-0.0206978300678283,0.08037695,lost_2.5kb,shared_10kb,lost_0kb,anchor1_10748,anchor2_10748,enhancer-enhancer,CEACAM19
10755,10755,10755,10755,chr19,46762500,46767500,chr19,46842500,46847500,lost,0.0333179593576501,0.0334454727085101,0.0055108941205791,0.0055108941205791,Control loop,80000,10755,stable,stable,inter-TAD,ctrl,10.506602,0.1883418,0.188543,0.03107538,0.509,0.0096,0.7793181390581718,0.8245939904371384,0.9280333163368544,0.8501583040330369,0.0452758513789666,-0.0778750123038175,0.059678152,lost_2.5kb,shared_10kb,lost_0kb,anchor1_10755,anchor2_10755,promoter-enhancer,SLC1A5
10757,10757,10757,10757,chr19,47010000,47015000,chr19,47245000,47250000,lost,0.0172356451509478,0.0091886568029443,-0.9074694125246386,-0.9074694125246386,Control loop,235000,10757,stable,stable,uncategorized,ctrl,3.295553,1.1418223,0.188543,0.034952275,0.5004,0.0095999999999999,0.3005027808105658,0.4061731125180163,0.0477573473723238,0.0172124917831837,0.1056703317074505,-0.0305448555891401,0.047898613,lost_2.5kb,shared_10kb,lost_0kb,anchor1_10757,anchor2_10757,enhancer-enhancer,ZC3H4
10758,10758,10758,10758,chr19,47035000,47040000,chr19,47125000,47130000,lost,0.0304058159935034,0.0199049496787436,-0.611220083113193,-0.611220083113193,Control loop,90000,10758,stable,stable,intra-TAD,ctrl,1.9577534,0.17657046,0.188543,0.024424922,0.5055000000000001,0.079,0.3005027808105658,0.4061731125180163,0.2561868923134177,0.1942192355023395,0.1056703317074505,-0.0619676568110781,0.053181615,lost_2.5kb,shared_10kb,lost_0kb,anchor1_10758,anchor2_10758,promoter-enhancer,ZC3H4
10768,10768,10768,10768,chr19,48835000,48840000,chr19,48970000,48975000,lost,0.0177439550826984,0.0213310010385889,0.2656240526769574,0.2656240526769574,Control loop,135000,10768,stable,stable,intra-TAD,ctrl,0.7831019,0.2825126,0.188543,0.027007572,0.5267999999999999,0.0619999999999999,-0.2584678281762511,-0.1055322333211978,-0.6047783394197086,-0.5404210926866138,0.1529355948550532,0.0643572467330948,0.066691294,lost_2.5kb,shared_10kb,lost_0kb,anchor1_10768,anchor2_10768,promoter-enhancer,NUCB1
10783,10783,10783,10783,chr19,53822500,53827500,chr19,54022500,54027500,lost,0.020141363775771,0.0140063243700367,-0.5240829677203989,-0.5240829677203989,Control loop,200000,10783,stable,stable,inter-TAD,ctrl,4.5028343,0.094170846,0.19654962,0.047337618,0.4755,0.0097999999999999,0.6172511025873328,0.6863524471566496,0.2439129871542705,0.2089706106045809,0.0691013445693167,-0.0349423765496896,0.04753005,lost_2.5kb,shared_10kb,lost_0kb,anchor1_10783,anchor2_10783,promoter-enhancer,MYADM
10882,10882,10882,10882,chr2,32552500,32557500,chr2,33022500,33027500,lost,0.0031768634598343,0.0041853776362841,0.3977547144593236,0.3977547144593236,Control loop,470000,10882,stable,stable,uncategorized,ctrl,6.75425,0.2825126,0.28385475,0.024585322,0.3673,0.0101999999999999,0.8604918342615336,0.8141706516449931,0.9802890806052058,0.8513582675616539,-0.0463211826165405,-0.1289308130435519,0.07749171,lost_2.5kb,shared_10kb,lost_0kb,anchor1_10882,anchor2_10882,enhancer-enhancer,LTBP1
10883,10883,10883,10883,chr2,32782500,32787500,chr2,33032500,33037500,lost,0.008117637553133,0.0079435131227051,-0.0312827268660612,-0.0312827268660612,Control loop,250000,10883,stable,stable,intra-TAD,ctrl,2.7734847,0.18834181,0.26117843,0.04241646,0.3617,0.001,0.7891956035449259,0.7527970583164431,1.1486510218595474,0.963186179045894,-0.0363985452284828,-0.1854648428136533,0.04912498,lost_2.5kb,shared_10kb,lost_0kb,anchor1_10883,anchor2_10883,enhancer-other,LTBP1
10884,10884,10884,10884,chr2,32942500,32947500,chr2,33372500,33377500,lost,0.006633820222465,0.0044384152316065,-0.5797952716253547,-0.5797952716253547,Control loop,430000,10884,stable,stable,intra-TAD,ctrl,12.072809,0.50616854,0.21440509,0.031842735,0.4483,0.1002,0.8095620133875545,0.9122603833306056,0.9203057468077104,0.7963911933391781,0.1026983699430511,-0.1239145534685322,0.11953961,lost_2.5kb,shared_10kb,lost_0kb,anchor1_10884,anchor2_10884,promoter-enhancer,LTBP1
10885,10885,10885,10885,chr2,33205000,33210000,chr2,33370000,33375000,lost,0.0082490617009609,0.0058140081710381,-0.5046969286320915,-0.5046969286320915,Control loop,165000,10885,stable,stable,intra-TAD,ctrl,23.232006,0.98879457,0.63419026,0.05509176,0.4046,0.0171999999999999,0.5992157714984243,0.6774868113039773,0.709348441470142,0.7299568859894664,0.0782710398055529,0.0206084445193244,0.07762551,lost_2.5kb,shared_10kb,lost_0kb,anchor1_10885,anchor2_10885,enhancer-enhancer,LTBP1
10926,10926,10926,10926,chr2,42940000,42945000,chr2,43485000,43490000,lost,0.0164523466541222,0.0172808610018068,0.0708817250111847,0.0708817250111847,Control loop,545000,10926,stable,stable,intra-TAD,ctrl,1.2072822,0.28251266,0.188543,0.024672545,0.4172,0.1068,0.408742297349824,0.316398453819936,0.1886718767977938,0.2857579639242077,-0.092343843529888,0.0970860871264139,0.05769947,lost_2.5kb,shared_10kb,lost_0kb,anchor1_10926,anchor2_10926,enhancer-enhancer,ZFP36L2
10927,10927,10927,10927,chr2,42952500,42957500,chr2,43232500,43237500,lost,0.0124642006086179,0.0127157412847986,0.0288252101667954,0.0288252101667954,Control loop,280000,10927,stable,stable,intra-TAD,ctrl,1.6314616,0.49439704,0.188543,0.0247421,0.5131,0.0229999999999999,0.5370439668769682,0.666652154157208,0.5799667504336021,0.7100232173079205,0.1296081872802398,0.1300564668743183,0.06746887,lost_2.5kb,shared_10kb,lost_0kb,anchor1_10927,anchor2_10927,enhancer-enhancer,ZFP36L2
10928,10928,10928,10928,chr2,43020000,43025000,chr2,43230000,43235000,lost,0.0113629230936409,0.0076123052521364,-0.5779286938513573,-0.5779286938513573,Control loop,210000,10928,stable,stable,intra-TAD,ctrl,1.403057,0.09417089,0.21305358,0.02318585,0.5017,0.0186,0.7467880928936812,0.7445177613272205,0.578299197532331,0.6480760952719729,-0.0022703315664607,0.0697768977396418,0.05093979,lost_2.5kb,shared_10kb,lost_0kb,anchor1_10928,anchor2_10928,enhancer-enhancer,ZFP36L2
11051,11051,11051,11051,chr2,69912500,69917500,chr2,70142500,70147500,lost,0.0236708686288814,0.0258365543398122,0.1263010312717717,0.1263010312717717,Control loop,230000,11051,stable,stable,inter-TAD,ctrl,13.769537,0.75336754,0.38025075,0.03840699,0.495,0.044,0.5333088674601528,0.4355140116100496,0.4759015084443455,0.4031069461009873,-0.0977948558501032,-0.0727945623433582,0.075263724,lost_2.5kb,shared_10kb,lost_0kb,anchor1_11051,anchor2_11051,promoter-enhancer,PCBP1
11053,11053,11053,11053,chr2,70080000,70085000,chr2,70290000,70295000,lost,0.0072869864396964,0.0049733000892408,-0.5511188199191801,-0.5511188199191801,Control loop,210000,11053,stable,stable,uncategorized,ctrl,0.7831019,0.5650256,0.188543,0.028182125,0.4381,0.0121999999999999,-0.4569057498622094,-0.5595002177535269,-0.8587155428222195,-0.7774630813780793,-0.1025944678913174,0.0812524614441402,0.04365977,lost_2.5kb,shared_10kb,lost_0kb,anchor1_11053,anchor2_11053,promoter-promoter,PCBP1
11149,11149,11149,11149,chr2,112602500,112607500,chr2,112942500,112947500,lost,0.0141165456499402,0.0077584687148086,-0.8635432595126984,-0.8635432595126984,Control loop,340000,11149,stable,stable,inter-TAD,ctrl,2.0882714,11.653656,0.21405175,0.025375865,0.4485,0.0562,0.3378905490152036,0.3340596949067901,0.3615533893208323,0.3922801196997925,-0.0038308541084135,0.0307267303789601,0.024519328,lost_2.5kb,shared_10kb,lost_0kb,anchor1_11149,anchor2_11149,enhancer-enhancer,CKAP2L
11150,11150,11150,11150,chr2,112632500,112637500,chr2,112732500,112737500,lost,0.0162608086584672,0.0167534712022487,0.0430610377086512,0.0430610377086512,Control loop,100000,11150,stable,stable,intra-TAD,ctrl,1.1746527,0.3766834,0.19032171,0.037388027,0.4713,0.071,0.6105979340527344,0.7411981700298214,0.3615533893208323,0.3922801196997925,0.1306002359770869,0.0307267303789601,0.015883602,lost_2.5kb,shared_10kb,lost_0kb,anchor1_11150,anchor2_11150,enhancer-enhancer,CKAP2L
11151,11151,11151,11151,chr2,112742500,112747500,chr2,112952500,112957500,lost,0.0163629040703758,0.0186517295963096,0.1888806005051298,0.1888806005051298,Control loop,210000,11151,stable,stable,uncategorized,ctrl,2.8061144,1.2713077,0.188543,0.024860404,0.409,0.0391999999999999,0.3635792076092874,0.3154626191216482,0.4056767037411545,0.5024724240617051,-0.0481165884876392,0.0967957203205505,0.009558865,lost_2.5kb,shared_10kb,lost_0kb,anchor1_11151,anchor2_11151,enhancer-other,CKAP2L
11409,11409,11409,11409,chr2,213252500,213257500,chr2,216012500,216017500,lost,0.0036967732614948,0.0028557710060588,-0.3723862602303413,-0.3723862602303413,Control loop,2760000,11409,stable,stable,intra-TAD,ctrl,14.976823,0.08239946,0.188543,0.03287532,0.4164,0.0844,0.6706065475565111,0.4923147180534629,0.6438953084629243,0.6464005248643742,-0.1782918295030481,0.0025052164014498,0.080734804,lost_2.5kb,shared_10kb,lost_0kb,anchor1_11409,anchor2_11409,promoter-enhancer,ATIC
11411,11411,11411,11411,chr2,215275000,215280000,chr2,215380000,215385000,lost,0.0097533403392242,0.0076555398169678,-0.3493922895174714,-0.3493922895174714,Control loop,105000,11411,stable,stable,intra-TAD,ctrl,1.8272367,0.28251243,0.20568328,0.03284367,0.4078,0.0055999999999999,0.7961546889915168,0.7543467268319956,0.5651962957167859,0.5161162790592133,-0.0418079621595212,-0.0490800166575725,0.048040368,lost_2.5kb,shared_10kb,lost_0kb,anchor1_11411,anchor2_11411,enhancer-other,ATIC
11439,11439,11439,11439,chr2,223982500,223987500,chr2,224282500,224287500,lost,0.0354672900829819,0.0280735556714786,-0.337277303045555,-0.337277303045555,Control loop,300000,11439,stable,stable,intra-TAD,ctrl,10.637119,2.2836466,0.188543,0.03539077,0.4098,0.0091999999999999,0.0673603372256501,0.1857292257066987,0.4516256844261203,0.5374876431590319,0.1183688884810486,0.0858619587329115,0.13608527,lost_2.5kb,shared_10kb,lost_0kb,anchor1_11439,anchor2_11439,enhancer-enhancer,SERPINE2
11472,11472,11472,11472,chr2,231892500,231897500,chr2,232422500,232427500,lost,0.0084300011108246,0.009583561454278,0.1850290703466822,0.1850290703466822,Control loop,530000,11472,stable,,intra-TAD,ctrl,4.1439114,0.45908317,0.20176661,0.036085177,0.4435,0.0502,0.6498651729021393,0.5923934461115122,0.5846194240509214,0.589120395165835,-0.057471726790627,0.0045009711149136,0.0465056,lost_2.5kb,shared_10kb,lost_0kb,anchor1_11472,anchor2_11472,enhancer-enhancer,ALPP
11478,11478,11478,11478,chr2,232850000,232855000,chr2,233845000,233850000,lost,0.0036979673036823,0.0035846970316588,-0.0448812773009911,-0.0448812773009911,Control loop,995000,11478,stable,stable,intra-TAD,ctrl,16.151466,2.9192994,0.188543,0.05735927,0.4607,0.0818,0.3863321883649173,0.486552324669015,0.5182933998917802,0.5460076574679826,0.1002201363040976,0.0277142575762023,0.070221364,lost_2.5kb,shared_10kb,lost_0kb,anchor1_11478,anchor2_11478,enhancer-enhancer,SCARNA6
11723,11723,11723,11723,chr21,25635000,25640000,chr21,26655000,26660000,lost,0.0045295400798766,0.0027795488560566,-0.704513828918325,-0.704513828918325,Control loop,1020000,11723,stable,stable,intra-TAD,ctrl,6.4279594,3.7550673,0.188543,0.03452007,0.4128,0.0756,0.4807869784880815,0.5277440847933281,0.7374590120803605,0.7509214826441409,0.0469571063052465,0.0134624705637804,0.05607753,lost_2.5kb,shared_10kb,lost_0kb,anchor1_11723,anchor2_11723,promoter-enhancer,APP
11742,11742,11742,11742,chr21,31680000,31685000,chr21,31725000,31730000,lost,0.0293755935196764,0.0263405538521925,-0.1573323200488977,-0.1573323200488977,Control loop,45000,11742,stable,stable,uncategorized,ctrl,0.522067,1.483192,0.237425,0.023110785,0.3745,0.0474,0.2610766498557543,0.4076162064302528,0.3923878978957549,0.4323520891425137,0.1465395565744984,0.0399641912467587,0.039145365,lost_2.5kb,shared_10kb,lost_0kb,anchor1_11742,anchor2_11742,enhancer-enhancer,SCAF4
11743,11743,11743,11743,chr21,31785000,31790000,chr21,32595000,32600000,lost,0.0053523452268644,0.0028957206197669,-0.8862487556057209,-0.8862487556057209,Control loop,810000,11743,stable,stable,uncategorized,ctrl,0.26103398,0.03531405,0.188543,0.02437105,0.4579999999999999,0.0116,0.3637003842007202,0.3776697002584713,0.4180231923401357,0.3490396466760712,0.0139693160577511,-0.0689835456640645,0.050265595,lost_2.5kb,shared_10kb,lost_0kb,anchor1_11743,anchor2_11743,enhancer-enhancer,SNORA80A
11745,11745,11745,11745,chr21,32335000,32340000,chr21,32595000,32600000,lost,0.0129420101641072,0.0087246783933876,-0.5688878581632771,-0.5688878581632771,Control loop,260000,11745,stable,stable,intra-TAD,ctrl,0.0,0.4708547,0.18854299,0.02489816,0.4827,0.0378,0.4180231923401357,0.3490396466760712,0.9428933433638852,0.8128001524863224,-0.0689835456640645,-0.1300931908775626,0.030065384,lost_2.5kb,shared_10kb,lost_0kb,anchor1_11745,anchor2_11745,enhancer-enhancer,SNORA80A
11837,11837,11837,11837,chr22,31092500,31097500,chr22,31272500,31277500,lost,0.009525236116592,0.0123143319104854,0.370511598968525,0.370511598968525,Control loop,180000,11837,stable,stable,intra-TAD,ctrl,1.305169,0.0,0.188543,0.023011774,0.5491,0.0585999999999999,0.3259097691985453,0.2734102657956422,0.1557294174320819,0.1402167648203752,-0.0524995034029031,-0.0155126526117066,0.0863881,lost_2.5kb,shared_10kb,lost_0kb,anchor1_11837,anchor2_11837,promoter-enhancer,SMTN
11838,11838,11838,11838,chr22,31090000,31095000,chr22,31145000,31150000,lost,0.0257394385040013,0.0124322411381015,-1.0498941901461427,-1.0498941901461427,Control loop,55000,11838,stable,stable,intra-TAD,ctrl,2.3493054,0.1883418,0.188543,0.023750715,0.5264,0.1671999999999999,1.0993106229317178,1.2240685169599284,1.0993106229317178,1.2240685169599284,0.1247578940282105,0.1247578940282105,0.08572151,lost_2.5kb,shared_10kb,lost_0kb,anchor1_11838,anchor2_11838,promoter-enhancer,SMTN
11842,11842,11842,11842,chr22,32522500,32527500,chr22,32992500,32997500,lost,0.0118411553995993,0.0101123245215097,-0.2276951907829984,-0.2276951907829984,Control loop,470000,11842,B_to_A,B_to_A,inter-TAD,ctrl,3.8176203,17.044945,0.188543,0.028739452,0.4709,0.0873999999999999,0.4270224087011738,0.2576534052033866,0.0575750221433512,0.1651504379516499,-0.1693690034977872,0.1075754158082986,0.03839028,lost_2.5kb,shared_10kb,lost_0kb,anchor1_11842,anchor2_11842,enhancer-other,TIMP3
11844,11844,11844,11844,chr22,32532500,32537500,chr22,32822500,32827500,lost,0.0141911790308721,0.0137395046446499,-0.0466644652143463,-0.0466644652143463,Control loop,290000,11844,B_to_A,B_to_A,intra-TAD,ctrl,1.8272367,0.30605534,0.22417673,0.023574952,0.5067,0.1086,0.7163711189071857,0.745448626173436,0.4698515691175413,0.6041382152490666,0.0290775072662502,0.1342866461315253,0.048366755,lost_2.5kb,shared_10kb,lost_0kb,anchor1_11844,anchor2_11844,enhancer-enhancer,TIMP3
11845,11845,11845,11845,chr22,32832500,32837500,chr22,32982500,32987500,lost,0.0106591778847968,0.0088733810585038,-0.2645403409646497,-0.2645403409646497,Control loop,150000,11845,B_to_A,B_to_A,intra-TAD,ctrl,1.3051699,2.8368971,0.188543,0.02749085,0.4654,0.0015999999999999,0.7088794718948562,0.5785609047037921,0.4698515691175413,0.6041382152490666,-0.1303185671910641,0.1342866461315253,0.040866487,lost_2.5kb,shared_10kb,lost_0kb,anchor1_11845,anchor2_11845,enhancer-enhancer,TIMP3
11868,11868,11868,11868,chr22,38752500,38757500,chr22,39122500,39127500,lost,0.0056170718017571,0.006031157911896,0.1026167646409934,0.1026167646409934,Control loop,370000,11868,stable,stable,intra-TAD,ctrl,1.1746527,0.1883418,0.19659635,0.024771173,0.5457000000000001,0.0577999999999999,-0.1945417187511825,-0.1175885398443835,0.1036159787145571,0.1310735029904834,0.076953178906799,0.0274575242759263,0.055590425,lost_2.5kb,shared_10kb,lost_0kb,anchor1_11868,anchor2_11868,promoter-enhancer,"APOBEC3B,APOBEC3F,NPTXR,SUN2"
11869,11869,11869,11869,chr22,38775000,38780000,chr22,39040000,39045000,lost,0.0117603578664891,0.0099727647027598,-0.2378665451442085,-0.2378665451442085,Control loop,265000,11869,stable,stable,intra-TAD,ctrl,4.4375744,0.7533672,0.20455137,0.036586445,0.5640000000000001,0.0472,0.4084662132021769,0.3788651219180234,0.9088564760671166,0.7971350553768154,-0.0296010912841535,-0.1117214206903012,0.04152409,lost_2.5kb,shared_10kb,lost_0kb,anchor1_11869,anchor2_11869,promoter-other,"APOBEC3B,APOBEC3F,NPTXR,SUN2"
11870,11870,11870,11870,chr22,38872500,38877500,chr22,39122500,39127500,lost,0.014544953828179,0.0087331208058141,-0.7359495143981227,-0.7359495143981227,Control loop,250000,11870,stable,stable,inter-TAD,ctrl,4.078654,0.85931003,0.188543,0.038057588,0.5022,0.0292,-0.4376878941126233,-0.4525188552398705,-0.5814119844961195,-0.7444753434938188,-0.0148309611272472,-0.1630633589976993,0.050615482,lost_2.5kb,shared_10kb,lost_0kb,anchor1_11870,anchor2_11870,enhancer-enhancer,"APOBEC3B,APOBEC3F"
11904,11904,11904,11904,chr3,4712500,4717500,chr3,5052500,5057500,lost,0.0397638782839511,0.0374601329883967,-0.0861024525590715,-0.0861024525590715,Control loop,340000,11904,stable,stable,intra-TAD,ctrl,1.239911,0.28251255,0.21556656,0.03129947,0.4357,0.0389999999999999,-1.216662177125061,-1.3407295226832476,-0.4992373874211944,-0.3635349583617007,-0.1240673455581866,0.1357024290594937,0.054261208,lost_2.5kb,shared_10kb,lost_0kb,anchor1_11904,anchor2_11904,enhancer-enhancer,BHLHE40
11905,11905,11905,11905,chr3,4710000,4715000,chr3,5190000,5195000,lost,0.0068577110294851,0.0025524657814941,-1.4258354928317487,-1.4258354928317487,Control loop,480000,11905,stable,stable,uncategorized,ctrl,7.243689,0.2354271,0.28095376,0.0325409,0.4139,0.035,0.2938245063532587,0.361062373931214,0.0350077565779392,0.2248793296221965,0.0672378675779553,0.1898715730442573,0.05744569,lost_2.5kb,shared_10kb,lost_0kb,anchor1_11905,anchor2_11905,enhancer-enhancer,BHLHE40
11918,11918,11918,11918,chr3,11060000,11065000,chr3,11150000,11155000,lost,0.0133203727341425,0.0129037124538063,-0.0458482578796033,-0.0458482578796033,Control loop,90000,11918,stable,stable,intra-TAD,ctrl,14.095829,10.252865,0.188543,0.058330193,0.5249,0.0021999999999999,1.0011784086260298,0.969767183656366,1.3023045193694736,1.0835117633333329,-0.0314112249696638,-0.2187927560361409,0.06325181,lost_2.5kb,shared_10kb,lost_0kb,anchor1_11918,anchor2_11918,promoter-enhancer,HRH1
11919,11919,11919,11919,chr3,11072500,11077500,chr3,11322500,11327500,lost,0.005706663979383,0.0042797464103853,-0.4151223019936748,-0.4151223019936748,Control loop,250000,11919,stable,stable,intra-TAD,ctrl,3.6218445,0.0,0.188543,0.028972091,0.4226,0.0431999999999999,0.6139102519870451,0.7483229935257422,0.5618989232817504,0.7587428231477927,0.1344127415386971,0.1968438998660423,0.051300064,lost_2.5kb,shared_10kb,lost_0kb,anchor1_11919,anchor2_11919,enhancer-enhancer,HRH1
12006,12006,12006,12006,chr3,37852500,37857500,chr3,37962500,37967500,lost,0.0467263772582915,0.0429095460130257,-0.1229385506618684,-0.1229385506618684,Control loop,110000,12006,stable,stable,uncategorized,ctrl,1.305169,2.0953028,0.20433985,0.02623798,0.4658,0.1071999999999999,0.0727458352652095,0.0252499539012335,-0.0313589611869784,0.0762649332516154,-0.047495881363976,0.1076238944385939,0.04163716,lost_2.5kb,shared_10kb,lost_0kb,anchor1_12006,anchor2_12006,enhancer-enhancer,ENSG00000290076
12007,12007,12007,12007,chr3,38002500,38007500,chr3,38472500,38477500,lost,0.0094039245710991,0.0109242283083236,0.2161964985047144,0.2161964985047144,Control loop,470000,12007,stable,stable,uncategorized,ctrl,2.871372,0.37668365,0.20844708,0.03462237,0.5675,0.0274,-0.4158480299781699,-0.3024962160614481,0.0811896861850556,0.2343584734515666,0.1133518139167218,0.1531687872665109,0.0982012,lost_2.5kb,shared_10kb,lost_0kb,anchor1_12007,anchor2_12007,enhancer-enhancer,MYD88
12008,12008,12008,12008,chr3,38022500,38027500,chr3,38472500,38477500,lost,0.0096646065119989,0.0048162018973045,-1.004815123490157,-1.004815123490157,Control loop,450000,12008,stable,stable,inter-TAD,ctrl,4.698608,0.4237691,0.2179488,0.045181345,0.5414,0.0247999999999999,0.0811896861850556,0.2343584734515666,0.133921105001495,0.1987919382561669,0.1531687872665109,0.0648708332546719,0.07176858,lost_2.5kb,shared_10kb,lost_0kb,anchor1_12008,anchor2_12008,promoter-enhancer,MYD88
12009,12009,12009,12009,chr3,38112500,38117500,chr3,38472500,38477500,lost,0.0093691597255619,0.0097915880724304,0.0636232004219488,0.0636232004219488,Control loop,360000,12009,stable,stable,intra-TAD,ctrl,3.132406,0.51794016,0.24392584,0.03557988,0.5528,0.002,0.0811896861850556,0.2343584734515666,0.448229112477316,0.59686593007916,0.1531687872665109,0.148636817601844,0.063090816,lost_2.5kb,shared_10kb,lost_0kb,anchor1_12009,anchor2_12009,enhancer-enhancer,MYD88
12033,12033,12033,12033,chr3,45040000,45045000,chr3,45145000,45150000,lost,0.0179381326007634,0.0124430769190694,-0.5276864316976069,-0.5276864316976069,Control loop,105000,12033,stable,stable,intra-TAD,ctrl,4.698611,0.29428405,0.188543,0.033413302,0.477,0.0592,0.7829550644011243,0.6314183577654282,0.6770078847511173,0.6816574876923619,-0.151536706635696,0.0046496029412446,0.062812716,lost_2.5kb,shared_10kb,lost_0kb,anchor1_12033,anchor2_12033,promoter-enhancer,CDCP1
12034,12034,12034,12034,chr3,45095000,45100000,chr3,45210000,45215000,lost,0.0185490078087067,0.0162042620921362,-0.1949686939066248,-0.1949686939066248,Control loop,115000,12034,stable,stable,intra-TAD,ctrl,5.122792,0.8004525,0.21405175,0.0422615,0.4566,0.0807999999999999,-0.6603677875117888,-0.4698588069933561,0.3110581332892245,0.2630721242419603,0.1905089805184326,-0.0479860090472641,0.046580628,lost_2.5kb,shared_10kb,lost_0kb,anchor1_12034,anchor2_12034,enhancer-other,CDCP1
12035,12035,12035,12035,chr3,45135000,45140000,chr3,45210000,45215000,lost,0.0175262663054974,0.0129488682018993,-0.436692681006087,-0.436692681006087,Control loop,75000,12035,stable,stable,intra-TAD,ctrl,2.284046,1.2006792,0.188543,0.024816658,0.4672,0.0595999999999999,-0.4290386029765297,-0.4399455177746882,-0.1691264885492671,-0.1075053261666717,-0.0109069147981585,0.0616211623825953,0.052847274,lost_2.5kb,shared_10kb,lost_0kb,anchor1_12035,anchor2_12035,enhancer-enhancer,CDCP1
12051,12051,12051,12051,chr3,53110000,53115000,chr3,53705000,53710000,lost,0.005635200134081,0.0061552291966234,0.1273457294132818,0.1273457294132818,Control loop,595000,12051,stable,stable,intra-TAD,ctrl,13.214838,0.37668353,0.188543,0.041124128,0.4545,0.0194,1.052716009517371,0.967292695821417,0.8881214310279302,0.8114852798324462,-0.0854233136959543,-0.0766361511954839,0.05299352,lost_2.5kb,shared_10kb,lost_0kb,anchor1_12051,anchor2_12051,enhancer-enhancer,PRKCD
12067,12067,12067,12067,chr3,57095000,57100000,chr3,57430000,57435000,lost,0.0056869731133867,0.0057823464465774,0.0239940662036129,0.0239940662036129,Control loop,335000,12067,stable,stable,intra-TAD,ctrl,20.099615,0.47085428,0.20258345,0.032949463,0.4162,0.128,-0.0312333339328818,0.0218031716847877,0.207394469605969,0.1635430620825567,0.0530365056176696,-0.0438514075234123,0.07008271,lost_2.5kb,shared_10kb,lost_0kb,anchor1_12067,anchor2_12067,enhancer-other,IL17RD
12068,12068,12068,12068,chr3,57102500,57107500,chr3,57842500,57847500,lost,0.0045050069157495,0.003513117564232,-0.3587774645231626,-0.3587774645231626,Control loop,740000,12068,stable,stable,intra-TAD,ctrl,2.4471922,6.2859135,0.209706,0.032161646,0.3991,0.0262,-0.0088975031713872,0.0167232160074003,-0.1560336261880861,0.0361154011328672,0.0256207191787875,0.1921490273209533,0.056510456,lost_2.5kb,shared_10kb,lost_0kb,anchor1_12068,anchor2_12068,other-other,IL17RD
12069,12069,12069,12069,chr3,57102500,57107500,chr3,57862500,57867500,lost,0.0037919809399996,0.0044042184567243,0.2159343181074095,0.2159343181074095,Control loop,760000,12069,stable,stable,intra-TAD,ctrl,10.604498,0.34136945,0.188543,0.050007198,0.3981,0.0282,-0.1826603167911187,-0.1915370460741443,0.0279547939505683,-0.043733697664177,-0.0088767292830256,-0.0716884916147454,0.06008098,lost_2.5kb,shared_10kb,lost_0kb,anchor1_12069,anchor2_12069,enhancer-other,IL17RD
12070,12070,12070,12070,chr3,57170000,57175000,chr3,57580000,57585000,lost,0.0077231600538889,0.0075904120254123,-0.0250130692902851,-0.0250130692902851,Control loop,410000,12070,stable,stable,intra-TAD,ctrl,4.143915,0.28251255,0.188543,0.054607045,0.4242,0.0408,-0.0046409950627094,-0.0748828177756505,-0.5242542622140227,-0.3794993533584065,-0.0702418227129411,0.1447549088556161,0.06486921,lost_2.5kb,shared_10kb,lost_0kb,anchor1_12070,anchor2_12070,promoter-enhancer,IL17RD
12201,12201,12201,12201,chr3,124765000,124770000,chr3,125435000,125440000,lost,0.0067666668080343,0.0042072013011656,-0.6855845036019672,-0.6855845036019672,Control loop,670000,12201,stable,stable,intra-TAD,ctrl,0.5220679,0.94170946,0.20374808,0.02485894,0.4845,0.071,0.7855603394615341,0.7124671509044999,,,-0.0730931885570342,,0.031278603,lost_2.5kb,shared_10kb,lost_0kb,anchor1_12201,anchor2_12201,enhancer-enhancer,MUC13
12300,12300,12300,12300,chr3,156460000,156465000,chr3,157140000,157145000,lost,0.0066518151429633,0.0048546684268005,-0.4543753128836665,-0.4543753128836665,Control loop,680000,12300,stable,stable,uncategorized,ctrl,3.1324065,0.0941709,0.19482777,0.029247336,0.39,0.0124,0.1480681133112228,0.0861742744954528,-0.3339948190717343,-0.3271184033838353,-0.0618938388157699,0.006876415687899,0.040245876,lost_2.5kb,shared_10kb,lost_0kb,anchor1_12300,anchor2_12300,enhancer-enhancer,"LEKR1,LINC00880"
12302,12302,12302,12302,chr3,156810000,156815000,chr3,157140000,157145000,lost,0.0081103003926224,0.0057506009447441,-0.496042623251772,-0.496042623251772,Control loop,330000,12302,stable,stable,uncategorized,ctrl,0.26103398,0.09417095,0.19623038,0.023697147,0.3991,0.0058,0.0096992076020888,0.0446251586828585,-0.530675912222336,-0.4549021435048398,0.0349259510807696,0.0757737687174961,0.038558975,lost_2.5kb,shared_10kb,lost_0kb,anchor1_12302,anchor2_12302,enhancer-enhancer,"LEKR1,LINC00880"
12359,12359,12359,12359,chr3,182710000,182715000,chr3,183175000,183180000,lost,0.0056691553645176,0.0059350751927938,0.0661325007175005,0.0661325007175005,Control loop,465000,12359,stable,stable,intra-TAD,ctrl,3.6871037,0.2354272,0.19816256,0.033425312,0.4442,0.094,0.4956965935120233,0.4614516269208369,0.6681800900910778,0.649489496981656,-0.0342449665911863,-0.0186905931094217,0.053829543,lost_2.5kb,shared_10kb,lost_0kb,anchor1_12359,anchor2_12359,enhancer-enhancer,LAMP3
12360,12360,12360,12360,chr3,183110000,183115000,chr3,183260000,183265000,lost,0.0079648982990585,0.0068647943532054,-0.2144394380173824,-0.2144394380173824,Control loop,150000,12360,stable,stable,intra-TAD,ctrl,27.63696,0.2825126,0.23183095,0.033965778,0.4186999999999999,0.0186,0.6681800900910778,0.649489496981656,0.6452794633080708,0.71781805638749,-0.0186905931094217,0.0725385930794191,0.13734761,lost_2.5kb,shared_10kb,lost_0kb,anchor1_12360,anchor2_12360,enhancer-enhancer,LAMP3
12451,12451,12451,12451,chr4,17542500,17547500,chr4,17792500,17797500,lost,0.0105893102972305,0.0079447167585717,-0.4145409355066513,-0.4145409355066513,Control loop,250000,12451,stable,stable,inter-TAD,ctrl,2.5777097,0.24719855,0.2365255,0.025814343,0.4058,0.0804,0.362556040859696,0.2975320051074412,-0.0297801807506429,-0.0331575336510917,-0.0650240357522547,-0.0033773529004487,0.06333997,lost_2.5kb,lost_10kb,lost_0kb,anchor1_12451,anchor2_12451,enhancer-enhancer,FAM184B
12452,12452,12452,12452,chr4,17542500,17547500,chr4,17642500,17647500,lost,0.0103814208766039,0.0088630222020813,-0.2281332825323822,-0.2281332825323822,Control loop,100000,12452,stable,stable,inter-TAD,ctrl,9.592994,0.0,0.21485133,0.04644333,0.4498999999999999,0.0077999999999999,0.9344294281025508,0.9062613326431164,0.4655456466743778,0.4376048046603352,-0.0281680954594345,-0.0279408420140426,0.07284937,lost_2.5kb,lost_10kb,lost_0kb,anchor1_12452,anchor2_12452,enhancer-other,FAM184B
12453,12453,12453,12453,chr4,17570000,17575000,chr4,17635000,17640000,lost,0.0200219598244019,0.0155763000162586,-0.3622306201850717,-0.3622306201850717,Control loop,65000,12453,stable,stable,intra-TAD,ctrl,6.917396,0.1412563,0.20169717,0.03515683,0.4795,0.0526,0.4655456466743778,0.4376048046603352,-0.0297801807506429,-0.0331575336510917,-0.0279408420140426,-0.0033773529004487,0.06279819,lost_2.5kb,lost_10kb,lost_0kb,anchor1_12453,anchor2_12453,enhancer-other,FAM184B
12579,12579,12579,12579,chr4,73732500,73737500,chr4,74132500,74137500,lost,0.0120188130445772,0.0157430979279365,0.3894250371856637,0.3894250371856637,Control loop,400000,12579,stable,stable,intra-TAD,ctrl,0.0,0.0470854,0.188543,0.027417306,0.3657,0.0194,0.0558198374044918,0.0842689805610687,0.1954603335428743,0.2961683289539441,0.0284491431565769,0.1007079954110698,0.042313088,lost_2.5kb,lost_10kb,lost_0kb,anchor1_12579,anchor2_12579,enhancer-enhancer,CXCL8
12586,12586,12586,12586,chr4,74935000,74940000,chr4,75245000,75250000,lost,0.0129642680557542,0.0126354762818821,-0.0370607096863056,-0.0370607096863056,Control loop,310000,12586,stable,stable,intra-TAD,ctrl,1.8272371,0.28251284,0.20959392,0.03450571,0.3858,0.0024,0.8082890861498694,0.7607530732804131,0.7786085488830817,0.7839842448715962,-0.0475360128694563,0.0053756959885145,0.028018478,lost_2.5kb,lost_10kb,lost_0kb,anchor1_12586,anchor2_12586,enhancer-enhancer,PARM1
12682,12682,12682,12682,chr4,103480000,103485000,chr4,103785000,103790000,lost,0.0115836068088285,0.007260617668997,-0.6739203476091675,-0.6739203476091675,Control loop,305000,12682,stable,stable,intra-TAD,ctrl,4.6007214,0.68273914,0.21768147,0.045439977,0.42,0.026,0.2281429061178468,0.2851227953617728,0.1893148691041727,0.3021659435790023,0.0569798892439259,0.1128510744748295,0.05006609,lost_2.5kb,lost_10kb,lost_0kb,anchor1_12682,anchor2_12682,enhancer-other,ENSG00000250920
12683,12683,12683,12683,chr4,103535000,103540000,chr4,103780000,103785000,lost,0.0080178010456813,0.0050435160300872,-0.6687767758141263,-0.6687767758141263,Control loop,245000,12683,stable,stable,intra-TAD,ctrl,14.878931,0.18834165,0.188543,0.06194614,0.35,0.0007999999999999,-0.1257745682060294,-0.0532234792937423,0.1893148691041727,0.3021659435790023,0.0725510889122871,0.1128510744748295,0.12483366,lost_2.5kb,lost_10kb,lost_0kb,anchor1_12683,anchor2_12683,other-other,ENSG00000250920
12685,12685,12685,12685,chr4,105515000,105520000,chr4,105670000,105675000,lost,0.0125874521453567,0.0090803042415885,-0.4711737515540878,-0.4711737515540878,Control loop,155000,12685,stable,stable,intra-TAD,ctrl,0.783102,0.64742494,0.18987077,0.032368436,0.3591999999999999,0.0147999999999999,0.6431910475439074,0.6129482084236917,0.7851616782596004,0.86829855610641,-0.0302428391202157,0.0831368778468096,0.044489905,lost_2.5kb,lost_10kb,lost_0kb,anchor1_12685,anchor2_12685,other-other,ARHGEF38
12686,12686,12686,12686,chr4,105522500,105527500,chr4,105632500,105637500,lost,0.0279897868861914,0.0248797323907353,-0.1699295345366139,-0.1699295345366139,Control loop,110000,12686,stable,stable,inter-TAD,ctrl,1.1746521,0.847538,0.18854299,0.03587014,0.3651999999999999,0.0511999999999999,0.7048758878216768,0.7863880189998731,0.7898247033825624,0.8004965750267794,0.0815121311781963,0.010671871644217,0.048290342,lost_2.5kb,lost_10kb,lost_0kb,anchor1_12686,anchor2_12686,enhancer-other,ARHGEF38
12696,12696,12696,12696,chr4,109422500,109427500,chr4,109812500,109817500,lost,0.015406087192526,0.0180927473425565,0.2319109990063001,0.2319109990063001,Control loop,390000,12696,stable,stable,inter-TAD,ctrl,1.5662029,0.4708545,0.188543,0.045019314,0.4414,0.024,0.903936317942906,0.8043522972256661,0.8086312970444787,0.7658891492056865,-0.0995840207172399,-0.0427421478387921,0.042059656,lost_2.5kb,lost_10kb,lost_0kb,anchor1_12696,anchor2_12696,promoter-enhancer,GAR1
12697,12697,12697,12697,chr4,109822500,109827500,chr4,109982500,109987500,lost,0.0076428017131822,0.0068756355624258,-0.1526085232439308,-0.1526085232439308,Control loop,160000,12697,stable,stable,inter-TAD,ctrl,1.5009449,0.8710808,0.188543,0.030043587,0.3585,0.0569999999999999,0.6701035226113241,0.7424777276180763,0.6118647183808896,0.6075763089518248,0.0723742050067521,-0.0042884094290648,0.04830625,lost_2.5kb,lost_10kb,lost_0kb,anchor1_12697,anchor2_12697,enhancer-other,GAR1
12714,12714,12714,12714,chr4,113272500,113277500,chr4,114682500,114687500,lost,0.0033733198430028,0.0021057203945048,-0.6798552320982834,-0.6798552320982834,Control loop,1410000,12714,stable,stable,uncategorized,ctrl,1.305169,0.5767964,0.19408838,0.029775409,0.3686,0.0015999999999999,0.7979216125555288,0.7126034357049781,0.5320056198506474,0.6269273750164982,-0.0853181768505507,0.0949217551658507,0.030631406,lost_2.5kb,lost_10kb,lost_0kb,anchor1_12714,anchor2_12714,enhancer-other,ANK2
12715,12715,12715,12715,chr4,113280000,113285000,chr4,114380000,114385000,lost,0.0054181590857154,0.0051847093038955,-0.0635396516390557,-0.0635396516390557,Control loop,1100000,12715,stable,stable,uncategorized,ctrl,1.9251244,2.1777031,0.19123647,0.029274791,0.366,0.0075999999999999,0.2951475394590827,0.5237164571113555,0.6504653152644115,0.6156971914873659,0.2285689176522727,-0.0347681237770456,0.035264596,lost_2.5kb,lost_10kb,lost_0kb,anchor1_12715,anchor2_12715,enhancer-other,ANK2
12716,12716,12716,12716,chr4,113382500,113387500,chr4,114072500,114077500,lost,0.0074118029595293,0.0060328614047409,-0.2969820891233563,-0.2969820891233563,Control loop,690000,12716,stable,stable,inter-TAD,ctrl,1.7619785,1.6009061,0.20554277,0.02808792,0.3692,0.0424,1.013863063591799,0.9537506956076618,0.7111626256953242,0.8652514688199635,-0.0601123679841371,0.1540888431246393,0.06799302,lost_2.5kb,lost_10kb,lost_0kb,anchor1_12716,anchor2_12716,enhancer-enhancer,ANK2
12875,12875,12875,12875,chr4,183465000,183470000,chr4,183790000,183795000,lost,0.0061836247262054,0.0046096569885084,-0.4237933656351383,-0.4237933656351383,Control loop,325000,12875,stable,stable,intra-TAD,ctrl,1.3051697,0.5414835,0.21287113,0.025649179,0.4093,0.0058,0.7581959454266664,0.8622545215695612,0.7263701716609704,0.8069322190103431,0.1040585761428948,0.0805620473493726,0.03891959,lost_2.5kb,lost_10kb,lost_0kb,anchor1_12875,anchor2_12875,enhancer-other,ING2
12876,12876,12876,12876,chr4,183472500,183477500,chr4,183602500,183607500,lost,0.0187293340455059,0.0215459467098305,0.2021168876572337,0.2021168876572337,Control loop,130000,12876,stable,stable,intra-TAD,ctrl,0.0,0.2825126,0.188543,0.025353525,0.434,0.024,0.3046926491075477,0.3476752850988258,0.1606023509733303,0.2569320302798081,0.0429826359912781,0.0963296793064777,0.03751448,lost_2.5kb,lost_10kb,lost_0kb,anchor1_12876,anchor2_12876,enhancer-other,ING2
12877,12877,12877,12877,chr4,183475000,183480000,chr4,184240000,184245000,lost,0.0023362819197992,0.0037030329340481,0.6644930054725019,0.6644930054725019,Control loop,765000,12877,stable,stable,intra-TAD,ctrl,1.3051696,0.0941708,0.188543,0.024646254,0.4003,0.0317999999999999,0.3046926491075477,0.3476752850988258,0.2679084634918788,0.231104413651768,0.0429826359912781,-0.0368040498401108,0.028485667,lost_2.5kb,lost_10kb,lost_0kb,anchor1_12877,anchor2_12877,enhancer-other,ING2
12889,12889,12889,12889,chr4,186330000,186335000,chr4,187785000,187790000,lost,0.0030315601570942,0.0007913114799675,-1.937742858582672,-1.937742858582672,Control loop,1455000,12889,stable,stable,intra-TAD,ctrl,13.051689,0.3766836,0.43568936,0.052333873,0.3775,0.0285999999999999,0.7834992636621922,0.7251431336203871,0.993933022963216,0.9242711603804084,-0.0583561300418051,-0.0696618625828076,0.06442875,lost_2.5kb,lost_10kb,lost_0kb,anchor1_12889,anchor2_12889,other-other,MTNR1A
12891,12891,12891,12891,chr4,186472500,186477500,chr4,186552500,186557500,lost,0.0180939857876576,0.0154060074180077,-0.232017218289462,-0.232017218289462,Control loop,80000,12891,stable,stable,intra-TAD,ctrl,1.3704276,0.5885682,0.50501835,0.02920942,0.4716,0.0104,0.993933022963216,0.9242711603804084,1.03394362442481,1.0626828111487896,-0.0696618625828076,0.0287391867239796,0.06450202,lost_2.5kb,lost_10kb,lost_0kb,anchor1_12891,anchor2_12891,promoter-other,MTNR1A
12932,12932,12932,12932,chr5,33992500,33997500,chr5,34452500,34457500,lost,0.009141950067098,0.0146155070777846,0.6769260394591621,0.6769260394591621,Control loop,460000,12932,stable,stable,inter-TAD,ctrl,2.316676,0.28251252,0.188543,0.03141193,0.4235,0.0154,0.0756525205934071,0.1109275422455228,-0.0599193059046047,0.0504465985695216,0.0352750216521156,0.1103659044741263,0.054339513,lost_2.5kb,lost_10kb,lost_0kb,anchor1_12932,anchor2_12932,enhancer-enhancer,ENSG00000290548
13037,13037,13037,13037,chr5,76602500,76607500,chr5,76852500,76857500,lost,0.0053800582340543,0.0046098348719907,-0.2229067156007653,-0.2229067156007653,Control loop,250000,13037,stable,stable,intra-TAD,ctrl,2.8713715,0.4708545,0.188543,0.04176078,0.424,0.0707999999999999,0.5444269349559389,0.5514968518395257,0.567853200039994,0.6277065268203238,0.0070699168835868,0.0598533267803298,0.055379868,lost_2.5kb,lost_10kb,lost_0kb,anchor1_13037,anchor2_13037,enhancer-enhancer,F2R
13196,13196,13196,13196,chr5,135872500,135877500,chr5,136202500,136207500,lost,0.0078094688616301,0.0115618431225791,0.5660750662252348,0.5660750662252348,Control loop,330000,13196,stable,stable,uncategorized,ctrl,1.2072817,0.18834177,0.19292772,0.027126603,0.4826,0.0152,0.7127667535884588,0.6584227141543091,0.4186843961524603,0.4960604554483834,-0.0543440394341496,0.0773760592959231,0.048263725,lost_2.5kb,lost_10kb,lost_0kb,anchor1_13196,anchor2_13196,enhancer-enhancer,TGFBI
13197,13197,13197,13197,chr5,135885000,135890000,chr5,136070000,136075000,lost,0.0189487417744425,0.0176829348455715,-0.0997443149882318,-0.0997443149882318,Control loop,185000,13197,stable,stable,intra-TAD,ctrl,0.7831019,0.60033935,0.18854302,0.025620282,0.4534,0.0107999999999999,0.5805213398813057,0.6229032323932377,0.2638017908234376,0.1246516814364136,0.042381892511932,-0.1391501093870239,0.05592338,lost_2.5kb,lost_10kb,lost_0kb,anchor1_13197,anchor2_13197,enhancer-enhancer,TGFBI
13198,13198,13198,13198,chr5,135935000,135940000,chr5,136210000,136215000,lost,0.0096978882221816,0.0137330616747583,0.501910768060305,0.501910768060305,Control loop,275000,13198,stable,stable,intra-TAD,ctrl,0.7831019,0.0941708,0.20201036,0.02654637,0.4259,0.1293999999999999,-0.5484833991858349,-0.5230837465034294,-0.1799674602110111,-0.1401256753531755,0.0253996526824055,0.0398417848578356,0.05299664,lost_2.5kb,lost_10kb,lost_0kb,anchor1_13198,anchor2_13198,enhancer-enhancer,TGFBI
13219,13219,13219,13219,chr5,141682500,141687500,chr5,141962500,141967500,lost,0.0214939073610351,0.0257012319813439,0.2579097432197124,0.2579097432197124,Control loop,280000,13219,stable,stable,uncategorized,ctrl,2.6103394,0.27074125,0.188543,0.041293122,0.4562,0.0647999999999999,-0.4125750944870245,-0.3074734720340005,-0.4501010278260646,-0.362512828935714,0.105101622453024,0.0875881988903505,0.05195871,lost_2.5kb,lost_10kb,lost_0kb,anchor1_13219,anchor2_13219,enhancer-enhancer,PCDH1
13222,13222,13222,13222,chr5,141755000,141760000,chr5,141885000,141890000,lost,0.0211839581303953,0.0144203763879568,-0.5548633547823182,-0.5548633547823182,Control loop,130000,13222,stable,stable,intra-TAD,ctrl,2.4145644,10.40589,0.188543,0.025173085,0.4986,0.1059999999999999,0.4552734573147874,0.3970682668864765,0.277892060698215,0.2845450014914897,-0.0582051904283109,0.0066529407932747,0.057951182,lost_2.5kb,lost_10kb,lost_0kb,anchor1_13222,anchor2_13222,enhancer-enhancer,PCDH1
13267,13267,13267,13267,chr5,150452500,150457500,chr5,150772500,150777500,lost,0.0088687229466291,0.0063002135680869,-0.4933256436400164,-0.4933256436400164,Control loop,320000,13267,stable,stable,inter-TAD,ctrl,18.402885,1.0711943,0.188543,0.06181741,0.4376,0.1019999999999999,0.5860418450230988,0.5881517935940084,0.5894931393971191,0.6348793214053858,0.0021099485709096,0.0453861820082667,0.09129908,lost_2.5kb,lost_10kb,lost_0kb,anchor1_13267,anchor2_13267,enhancer-enhancer,SYNPO
13268,13268,13268,13268,chr5,150552500,150557500,chr5,150842500,150847500,lost,0.0125372590574647,0.013946479467207,0.1536790109067579,0.1536790109067579,Control loop,290000,13268,stable,stable,inter-TAD,ctrl,0.52206796,0.5297114,0.2067723,0.0278855,0.5178,0.0511999999999999,0.7892652241317754,0.7319756517421022,0.8146137382835597,0.8196418643765035,-0.0572895723896731,0.0050281260929438,0.04009132,lost_2.5kb,lost_10kb,lost_0kb,anchor1_13268,anchor2_13268,enhancer-enhancer,SYNPO
13269,13269,13269,13269,chr5,150560000,150565000,chr5,150775000,150780000,lost,0.0124681504567691,0.0083860409105486,-0.5721856962257827,-0.5721856962257827,Control loop,215000,13269,stable,stable,intra-TAD,ctrl,6.1669297,0.71805304,0.188543,0.04366716,0.4593,0.0438,-0.135353772788651,-0.037551722935429,-0.0746303863097901,-0.0375890527990257,0.097802049853222,0.0370413335107644,0.049442716,lost_2.5kb,lost_10kb,lost_0kb,anchor1_13269,anchor2_13269,promoter-enhancer,SYNPO
13270,13270,13270,13270,chr5,150572500,150577500,chr5,150662500,150667500,lost,0.0221829125026676,0.0151961583501286,-0.5457421457360121,-0.5457421457360121,Control loop,90000,13270,stable,stable,intra-TAD,ctrl,1.0441359,1.1065078,0.188543,0.02665434,0.5056,0.1019999999999999,-0.7527923220458452,-0.8218253292115604,-0.0746303863097901,-0.0375890527990257,-0.0690330071657151,0.0370413335107644,0.044572763,lost_2.5kb,lost_10kb,lost_0kb,anchor1_13270,anchor2_13270,enhancer-enhancer,SYNPO
13271,13271,13271,13271,chr5,150630000,150635000,chr5,151765000,151770000,lost,0.0017343036444989,0.0013049653199039,-0.4103450429253979,-0.4103450429253979,Control loop,1135000,13271,stable,stable,uncategorized,ctrl,3.1324055,1.2242221,0.4238341,0.03904837,0.47,0.0827999999999999,-0.3974028125911528,-0.2792422096165713,0.0356341564365058,0.021554989249167,0.1181606029745814,-0.0140791671873388,0.075355686,lost_2.5kb,lost_10kb,lost_0kb,anchor1_13271,anchor2_13271,enhancer-other,SYNPO
13318,13318,13318,13318,chr5,172185000,172190000,chr5,172370000,172375000,lost,0.0072917546347511,0.0072280889720585,-0.0126517512129649,-0.0126517512129649,Control loop,185000,13318,stable,stable,intra-TAD,ctrl,15.792552,0.7062812,0.188543,0.039841954,0.5101,0.1074,1.0412692639538297,0.9363747876877916,1.11948530757192,1.180506609487331,-0.1048944762660378,0.0610213019154111,0.07593412,lost_2.5kb,lost_10kb,lost_0kb,anchor1_13318,anchor2_13318,promoter-enhancer,SH3PXD2B
13319,13319,13319,13319,chr5,172290000,172295000,chr5,172370000,172375000,lost,0.0197603999414465,0.0177286828582479,-0.15652679064112,-0.15652679064112,Control loop,80000,13319,stable,stable,intra-TAD,ctrl,2.2840474,0.5414825,0.188543,0.02515078,0.4485,0.0157999999999999,0.2974646539441937,0.35941606520402,-0.0764298594768587,0.0794741853469384,0.0619514112598262,0.1559040448237971,0.054948717,lost_2.5kb,lost_10kb,lost_0kb,anchor1_13319,anchor2_13319,enhancer-enhancer,SH3PXD2B
13323,13323,13323,13323,chr5,172972500,172977500,chr5,173282500,173287500,lost,0.0208280188203419,0.016977118321182,-0.2949340173897397,-0.2949340173897397,Control loop,310000,13323,stable,stable,uncategorized,ctrl,17.097708,0.1883417,0.23587683,0.045223754,0.4605,0.0498,0.9380626605927724,0.9434743379310688,0.6569905726625036,0.7113500398825009,0.0054116773382961,0.0543594672199972,0.07420054,lost_2.5kb,lost_10kb,lost_0kb,anchor1_13323,anchor2_13323,enhancer-enhancer,SNORA74B
13324,13324,13324,13324,chr5,172985000,172990000,chr5,173050000,173055000,lost,0.0188735172328404,0.0164110681173934,-0.2016941659221646,-0.2016941659221646,Control loop,65000,13324,stable,stable,intra-TAD,ctrl,3.2955537,0.0941708,0.188543,0.026870642,0.4417,0.009,0.7337589879114211,0.6608854285038215,0.5101431648884827,0.5094329840390993,-0.0728735594075996,-0.0007101808493833,0.04989426,lost_2.5kb,lost_10kb,lost_0kb,anchor1_13324,anchor2_13324,promoter-enhancer,SNORA74B
13434,13434,13434,13434,chr6,29042500,29047500,chr6,29572500,29577500,lost,0.0057683091649262,0.00182080178673,-1.6635746125356894,-1.6635746125356894,Control loop,530000,13434,stable,stable,intra-TAD,ctrl,0.52206796,0.8710806,0.25504962,0.026774878,0.3823999999999999,0.0832,0.4071214786192535,0.4008650807586286,0.1605440071627148,0.0904403539143948,-0.0062563978606248,-0.07010365324832,0.042151622,lost_2.5kb,lost_10kb,lost_0kb,anchor1_13434,anchor2_13434,other-other,GABBR1
13435,13435,13435,13435,chr6,29072500,29077500,chr6,29582500,29587500,lost,0.00743140678715,0.0054242941310526,-0.4541999326401538,-0.4541999326401538,Control loop,510000,13435,stable,stable,intra-TAD,ctrl,2.4798222,3.095871,0.188543,0.02700305,0.3951,0.0622,0.1605440071627148,0.0904403539143948,-0.037226150640828,-0.0200620506566885,-0.07010365324832,0.0171640999841395,0.023182731,lost_2.5kb,lost_10kb,lost_0kb,anchor1_13435,anchor2_13435,other-other,GABBR1
13436,13436,13436,13436,chr6,29722500,29727500,chr6,29832500,29837500,lost,0.0264404758432246,0.0238066173512464,-0.1513854962710713,-0.1513854962710713,Control loop,110000,13436,stable,stable,inter-TAD,ctrl,8.875155,3.484325,0.19674054,0.027444882,0.479,0.0971999999999999,0.1165761243524696,0.116035607923229,0.3051979304747676,0.28272020956695,-0.0005405164292406,-0.0224777209078176,0.020789448,lost_2.5kb,lost_10kb,lost_0kb,anchor1_13436,anchor2_13436,promoter-other,HLA-F
13441,13441,13441,13441,chr6,31145000,31150000,chr6,31275000,31280000,lost,0.0113474397641228,0.0050648395119905,-1.163778369374712,-1.163778369374712,Control loop,130000,13441,stable,stable,intra-TAD,ctrl,5.2533064,0.43554014,0.34341767,0.02639144,0.4496,0.1279999999999999,0.4736657473795998,0.5481257949589887,0.4867261086052213,0.4500768870879563,0.0744600475793889,-0.036649221517265,0.108875066,lost_2.5kb,lost_10kb,lost_0kb,anchor1_13441,anchor2_13441,enhancer-other,HLA-C
13556,13556,13556,13556,chr6,79432500,79437500,chr6,79692500,79697500,lost,0.0100421914092903,0.0050373789771777,-0.9953289504031058,-0.9953289504031058,Control loop,260000,13556,stable,stable,intra-TAD,ctrl,0.6525849,2.3425035,0.188543,0.023317022,0.3823,0.0314,0.0299168713327872,0.0247536289620999,-0.0043954191778518,-0.0332439465589163,-0.0051632423706872,-0.0288485273810644,0.04756739,lost_2.5kb,lost_10kb,lost_0kb,anchor1_13556,anchor2_13556,enhancer-other,LCA5
13710,13710,13710,13710,chr6,131782500,131787500,chr6,131912500,131917500,lost,0.0150937248161403,0.0127876908815883,-0.239193101606314,-0.239193101606314,Control loop,130000,13710,stable,stable,uncategorized,ctrl,15.074702,0.90639514,0.188543,0.041106507,0.4057,0.0041999999999999,0.7050246581815527,0.7584528738078237,0.599570069648069,0.7138872990544483,0.0534282156262709,0.1143172294063792,0.05272316,lost_2.5kb,lost_10kb,lost_0kb,anchor1_13710,anchor2_13710,enhancer-enhancer,ENPP1
13711,13711,13711,13711,chr6,131922500,131927500,chr6,132482500,132487500,lost,0.0105880425236871,0.0076386447716367,-0.4710472872096477,-0.4710472872096477,Control loop,560000,13711,stable,stable,uncategorized,ctrl,0.8483604,0.0941708,0.188543,0.024778184,0.3639,0.0101999999999999,0.7050246581815527,0.7584528738078237,0.599570069648069,0.7138872990544483,0.0534282156262709,0.1143172294063792,0.031394087,lost_2.5kb,lost_10kb,lost_0kb,anchor1_13711,anchor2_13711,enhancer-other,CCN2
13712,13712,13712,13712,chr6,131925000,131930000,chr6,132210000,132215000,lost,0.03005770712903,0.0387142666254114,0.3651303516996265,0.3651303516996265,Control loop,285000,13712,stable,stable,uncategorized,ctrl,2.0882707,0.0,0.19031058,0.063172065,0.3827,0.0174,0.8205188710712646,0.8030033858256087,0.599570069648069,0.7138872990544483,-0.0175154852456559,0.1143172294063792,0.068235055,lost_2.5kb,lost_10kb,lost_0kb,anchor1_13712,anchor2_13712,enhancer-other,CCN2
13721,13721,13721,13721,chr6,133572500,133577500,chr6,134092500,134097500,lost,0.008788695654912,0.0116174913997377,0.4025776032692982,0.4025776032692982,Control loop,520000,13721,stable,stable,intra-TAD,ctrl,1.7946074,1.577364,0.188543,0.029659718,0.3813,0.0062,-0.4617136271996194,-0.3216550673416808,0.0356341564365058,0.021554989249167,0.1400585598579385,-0.0140791671873388,0.040451594,lost_2.5kb,lost_10kb,lost_0kb,anchor1_13721,anchor2_13721,enhancer-enhancer,SLC2A12
13723,13723,13723,13723,chr6,133932500,133937500,chr6,134922500,134927500,lost,0.0041712560594069,0.0015476400739699,-1.430411886208182,-1.430411886208182,Control loop,990000,13723,stable,stable,intra-TAD,ctrl,11.97493,0.28251255,0.20374808,0.033020627,0.4084,0.018,0.0753263124082005,0.0972495132135476,0.0356341564365058,0.021554989249167,0.021923200805347,-0.0140791671873388,0.06699693,lost_2.5kb,lost_10kb,lost_0kb,anchor1_13723,anchor2_13723,enhancer-other,SLC2A12
13724,13724,13724,13724,chr6,133942500,133947500,chr6,134852500,134857500,lost,0.0022610628378159,0.0025457962570578,0.1711158763708584,0.1711158763708584,Control loop,910000,13724,stable,stable,intra-TAD,ctrl,2.447191,0.28251272,0.22855636,0.025020037,0.4033,0.015,0.4439712529951338,0.5223514845609882,0.3341574792849155,0.4495365114555673,0.0783802315658543,0.1153790321706518,0.05271382,lost_2.5kb,lost_10kb,lost_0kb,anchor1_13724,anchor2_13724,enhancer-enhancer,SLC2A12
13729,13729,13729,13729,chr6,135080000,135085000,chr6,135430000,135435000,lost,0.007782913128381,0.005225963059818,-0.574613327207601,-0.574613327207601,Control loop,350000,13729,stable,stable,intra-TAD,ctrl,0.7831019,0.1177135,0.2666363,0.02480285,0.3248999999999999,0.0329999999999999,0.0900544289663216,0.1861568935321035,0.0015059510918196,-0.1483255747809806,0.0961024645657819,-0.1498315258728003,0.040526614,lost_2.5kb,lost_10kb,lost_0kb,anchor1_13729,anchor2_13729,enhancer-other,MYB
14015,14015,14015,14015,chr7,54760000,54765000,chr7,55370000,55375000,lost,0.0045817034687039,0.0057010763695944,0.3153502380754416,0.3153502380754416,Control loop,610000,14015,stable,stable,uncategorized,ctrl,23.786716,6.556653,0.188543,0.050482366,0.3907,0.0282,,,,,,,0.046653584,lost_2.5kb,lost_10kb,lost_0kb,anchor1_14015,anchor2_14015,promoter-enhancer,EGFR
14017,14017,14017,14017,chr7,54780000,54785000,chr7,55080000,55085000,lost,0.0085697723432453,0.0082524983982652,-0.05442592609254,-0.05442592609254,Control loop,300000,14017,stable,stable,intra-TAD,ctrl,22.90571,0.28251278,0.4794543,0.05192988,0.433,0.0211999999999999,0.6163149007336571,0.5575924394835451,,,-0.058722461250112,,0.17677924,lost_2.5kb,lost_10kb,lost_0kb,anchor1_14017,anchor2_14017,enhancer-enhancer,EGFR
14018,14018,14018,14018,chr7,54850000,54855000,chr7,55255000,55260000,lost,0.0126278389792644,0.0098362014674025,-0.3604345797452756,-0.3604345797452756,Control loop,405000,14018,stable,stable,uncategorized,ctrl,35.533234,1.7303913,0.20374808,0.039220747,0.4201,0.0661999999999999,0.699037444707863,0.6296304104539575,,,-0.0694070342539054,,0.08036278,lost_2.5kb,lost_10kb,lost_0kb,anchor1_14018,anchor2_14018,promoter-other,EGFR
14019,14019,14019,14019,chr7,54955000,54960000,chr7,55245000,55250000,lost,0.0076844391341011,0.0045709877097276,-0.7494340255573202,-0.7494340255573202,Control loop,290000,14019,stable,stable,intra-TAD,ctrl,35.533237,0.9417093,0.18854299,0.0626987,0.4438,0.0187999999999999,0.6106302316589184,0.6388788118139397,0.5948931385701351,0.5049906261136774,0.0282485801550212,-0.0899025124564577,0.1133307,lost_2.5kb,lost_10kb,lost_0kb,anchor1_14019,anchor2_14019,enhancer-other,EGFR
14027,14027,14027,14027,chr7,75680000,75685000,chr7,75725000,75730000,lost,0.0508141443568706,0.0513022019906603,0.0137906165774319,0.0137906165774319,Control loop,45000,14027,,,uncategorized,ctrl,2.545081,0.50616854,0.188543,0.02608572,0.4790999999999999,0.0269999999999999,0.7148087278883732,0.734000896823198,0.8543333889986668,0.8232949865114176,0.0191921689348247,-0.0310384024872492,0.08816972,lost_2.5kb,lost_10kb,lost_0kb,anchor1_14027,anchor2_14027,enhancer-other,HIP1
14093,14093,14093,14093,chr7,98302500,98307500,chr7,98842500,98847500,lost,0.0078960295708913,0.0103105226223797,0.384918164393142,0.384918164393142,Control loop,540000,14093,stable,stable,intra-TAD,ctrl,0.9788774,0.32959795,0.22877279,0.026169265,0.5023,0.031,-0.3966026430495675,-0.3394229597215244,-0.3702159012125718,-0.2979076685209953,0.057179683328043,0.0723082326915764,0.047192946,lost_2.5kb,lost_10kb,lost_0kb,anchor1_14093,anchor2_14093,enhancer-enhancer,NPTX2
14178,14178,14178,14178,chr7,130072500,130077500,chr7,130742500,130747500,lost,0.0081845773315185,0.0065101916763939,-0.3302078942891308,-0.3302078942891308,Control loop,670000,14178,stable,stable,intra-TAD,ctrl,45.322006,3.2488995,0.2145218,0.03011344,0.3781,0.0577999999999999,0.1562093153201265,0.119580303849698,0.1853118572380556,0.1171875326851089,-0.0366290114704284,-0.0681243245529466,0.36044562,lost_2.5kb,lost_10kb,lost_0kb,anchor1_14178,anchor2_14178,enhancer-other,COPG2
14179,14179,14179,14179,chr7,130072500,130077500,chr7,130822500,130827500,lost,0.0107487666654987,0.0167050710910867,0.6361149906425605,0.6361149906425605,Control loop,750000,14179,stable,stable,intra-TAD,ctrl,39.61188,1.4243358,0.44239202,0.04321846,0.3672999999999999,0.0793999999999999,0.2792964958982499,0.212872928095894,0.2179619109766539,0.2314381608331183,-0.0664235678023559,0.0134762498564643,0.16572365,lost_2.5kb,lost_10kb,lost_0kb,anchor1_14179,anchor2_14179,promoter-enhancer,COPG2
14180,14180,14180,14180,chr7,130240000,130245000,chr7,130755000,130760000,lost,0.0107349843826748,0.0111461830664003,0.0542296613833334,0.0542296613833334,Control loop,515000,14180,stable,stable,intra-TAD,ctrl,1.5335739,0.36491203,0.19887413,0.023352847,0.4009,0.0338,0.4964554564161191,0.4429222497963612,0.4705032018833618,0.5045030868374649,-0.0535332066197579,0.0339998849541031,0.04700458,lost_2.5kb,lost_10kb,lost_0kb,anchor1_14180,anchor2_14180,enhancer-other,COPG2
14221,14221,14221,14221,chr7,149002500,149007500,chr7,149082500,149087500,lost,0.0222287832614728,0.0162196051368668,-0.4546902837701756,-0.4546902837701756,Control loop,80000,14221,stable,stable,inter-TAD,ctrl,23.525675,15.985526,0.188543,0.039454624,0.499,0.1188,-0.0456772692070671,0.0184469904460719,0.5783778369340491,0.5512278857770088,0.0641242596531391,-0.0271499511570403,0.0823069,lost_2.5kb,lost_10kb,lost_0kb,anchor1_14221,anchor2_14221,enhancer-enhancer,PDIA4
14455,14455,14455,14455,chr8,94802500,94807500,chr8,95252500,95257500,lost,0.0089132758046939,0.0101647749484157,0.1895506205711747,0.1895506205711747,Control loop,450000,14455,stable,stable,intra-TAD,ctrl,11.159193,1.4714208,0.1990985,0.031784628,0.3974,0.0428,-0.43974393430235,-0.3419862287945936,-0.1892123981570808,-0.1763818082949967,0.0977577055077563,0.0128305898620841,0.0423048,lost_2.5kb,lost_10kb,lost_0kb,anchor1_14455,anchor2_14455,enhancer-other,CCNE2
14456,14456,14456,14456,chr8,94812500,94817500,chr8,95162500,95167500,lost,0.0081096135538088,0.0020860962165159,-1.9588274670814616,-1.9588274670814616,Control loop,350000,14456,stable,stable,inter-TAD,ctrl,1.3051699,7.5925336,0.188543,0.02304861,0.4215,0.0326,-0.43974393430235,-0.3419862287945936,-0.4190495782689387,-0.3266426100889467,0.0977577055077563,0.092406968179992,0.04333684,lost_2.5kb,lost_10kb,lost_0kb,anchor1_14456,anchor2_14456,enhancer-enhancer,CCNE2
14457,14457,14457,14457,chr8,94822500,94827500,chr8,94892500,94897500,lost,0.0206739338592117,0.0159643941113225,-0.3729551324446323,-0.3729551324446323,Control loop,70000,14457,stable,stable,inter-TAD,ctrl,9.299334,0.51794,0.18854302,0.02910128,0.4887,0.0846,-0.169567359179094,-0.1218498389446824,0.0508673459274363,0.0423263444194988,0.0477175202344116,-0.0085410015079374,0.06317125,lost_2.5kb,lost_10kb,lost_0kb,anchor1_14457,anchor2_14457,promoter-promoter,CCNE2
14458,14458,14458,14458,chr8,94892500,94897500,chr8,95252500,95257500,lost,0.0069974916223356,0.0098249996519463,0.4896195017137271,0.4896195017137271,Control loop,360000,14458,stable,stable,inter-TAD,ctrl,5.449087,4.8615775,0.188543,0.03943841,0.4535,0.155,0.0508673459274363,0.0423263444194988,-0.0797933734797431,-0.0941258557738016,-0.0085410015079374,-0.0143324822940585,0.04770223,lost_2.5kb,lost_10kb,lost_0kb,anchor1_14458,anchor2_14458,promoter-other,CCNE2
14531,14531,14531,14531,chr8,118752500,118757500,chr8,119432500,119437500,lost,0.0056504475632655,0.0039953815875138,-0.500031848283135,-0.500031848283135,Control loop,680000,14531,stable,stable,inter-TAD,ctrl,18.435507,0.659196,0.4869328,0.036241755,0.3687,0.0049999999999999,0.241225344644323,0.1630336994138277,0.4655428164518242,0.3939930137359184,-0.0781916452304953,-0.0715498027159058,0.111157335,lost_2.5kb,lost_10kb,lost_0kb,anchor1_14531,anchor2_14531,other-other,CCN3
14533,14533,14533,14533,chr8,119090000,119095000,chr8,119420000,119425000,lost,0.0077375579752863,0.0083398280420377,0.1081393231477665,0.1081393231477665,Control loop,330000,14533,stable,stable,intra-TAD,ctrl,3.4586983,0.28251275,0.22387214,0.026547357,0.3863999999999999,0.0055999999999999,0.4655428164518242,0.3939930137359184,0.641408302396792,0.6100710424209378,-0.0715498027159058,-0.0313372599758542,0.08151619,lost_2.5kb,lost_10kb,lost_0kb,anchor1_14533,anchor2_14533,enhancer-other,CCN3
14553,14553,14553,14553,chr8,122675000,122680000,chr8,123220000,123225000,lost,0.005523372689188,0.0062287103345104,0.1733840051691526,0.1733840051691526,Control loop,545000,14553,stable,stable,intra-TAD,ctrl,14.846306,1.3890209,0.3172345,0.06779878,0.4211,0.0566,-0.3940844809309022,-0.5326555306677296,-0.5498209821757074,-0.4535725513712351,-0.1385710497368274,0.0962484308044723,0.09833964,lost_2.5kb,lost_10kb,lost_0kb,anchor1_14553,anchor2_14553,other-other,ZHX2
14711,14711,14711,14711,chr9,35645000,35650000,chr9,35825000,35830000,lost,0.0103001459022872,0.011358720455209,0.1411355528836983,0.1411355528836983,Control loop,180000,14711,stable,stable,intra-TAD,ctrl,17.456638,0.27074128,0.52042717,0.040439196,0.5397,0.0038,0.5418696437216916,0.3776683267087433,0.2994014967217553,0.2434377433928511,-0.1642013170129482,-0.0559637533289042,0.15531394,lost_2.5kb,lost_10kb,lost_0kb,anchor1_14711,anchor2_14711,promoter-promoter,TPM2
14777,14777,14777,14777,chr9,83212500,83217500,chr9,83582500,83587500,lost,0.0105027146906384,0.0050843562021365,-1.0466252649128145,-1.0466252649128145,Control loop,370000,14777,stable,stable,uncategorized,ctrl,0.7504727,0.5179395,0.20919973,0.026496567,0.4397,0.0286,-0.4086092770507781,-0.3046851486782121,-0.5490558016609868,-0.3002083517337213,0.1039241283725659,0.2488474499272654,0.048078053,lost_2.5kb,lost_10kb,lost_0kb,anchor1_14777,anchor2_14777,other-other,FRMD3
14778,14778,14778,14778,chr9,83330000,83335000,chr9,83590000,83595000,lost,0.0192706026730179,0.0161644743284627,-0.2535750999662173,-0.2535750999662173,Control loop,260000,14778,stable,stable,intra-TAD,ctrl,0.81573117,0.47085437,0.2683112,0.024118256,0.4139,0.0277999999999999,-0.2324293173642586,-0.2409837552891419,-0.0754268850721035,-0.051073784854342,-0.0085544379248833,0.0243531002177615,0.059479374,lost_2.5kb,lost_10kb,lost_0kb,anchor1_14778,anchor2_14778,enhancer-other,FRMD3
14857,14857,14857,14857,chr9,99182500,99187500,chr9,100012500,100017500,lost,0.0125111795321713,0.0140231009233156,0.1645875965809225,0.1645875965809225,Control loop,830000,14857,stable,stable,intra-TAD,ctrl,45.517776,0.37668365,0.26181164,0.05126726,0.4307999999999999,0.1043999999999999,0.0508673459274363,0.0423263444194988,-0.0703309599867464,-0.0113670609143504,-0.0085410015079374,0.058963899072396,0.07845115,lost_2.5kb,lost_10kb,lost_0kb,anchor1_14857,anchor2_14857,enhancer-enhancer,NR4A3
14858,14858,14858,14858,chr9,99182500,99187500,chr9,100592500,100597500,lost,0.0074485524171375,0.0075439110650011,0.0183525947918998,0.0183525947918998,Control loop,1410000,14858,stable,stable,inter-TAD,ctrl,0.4894387,0.23542729,0.188543,0.021816652,0.4471,0.0717999999999999,-0.2240405608943331,-0.0311375796157486,-0.3094214516935844,-0.1774718356479547,0.1929029812785845,0.1319496160456296,0.040084753,lost_2.5kb,lost_10kb,lost_0kb,anchor1_14858,anchor2_14858,enhancer-enhancer,NR4A3
14859,14859,14859,14859,chr9,99185000,99190000,chr9,100320000,100325000,lost,0.0077990950048413,0.0065136934264539,-0.2598309061064771,-0.2598309061064771,Control loop,1135000,14859,stable,stable,intra-TAD,ctrl,2.0230129,0.0,0.188543,0.02305652,0.4003,0.0973999999999999,-0.0703309599867464,-0.0113670609143504,-0.5609005434082006,-0.4412809771608698,0.058963899072396,0.1196195662473308,0.06201991,lost_2.5kb,lost_10kb,lost_0kb,anchor1_14859,anchor2_14859,enhancer-enhancer,NR4A3
14861,14861,14861,14861,chr9,99252500,99257500,chr9,100002500,100007500,lost,0.0094173832251801,0.0059394409517426,-0.6649990948375402,-0.6649990948375402,Control loop,750000,14861,stable,stable,intra-TAD,ctrl,0.9462481,0.1883418,0.2639602,0.024359496,0.4339,0.0677999999999999,-0.1377554011954693,-0.1589694869933452,-0.0541406592045068,-0.0438297964937855,-0.0212140857978759,0.0103108627107213,0.04101327,lost_2.5kb,lost_10kb,lost_0kb,anchor1_14861,anchor2_14861,enhancer-other,NR4A3
14862,14862,14862,14862,chr9,99272500,99277500,chr9,100012500,100017500,lost,0.0081488963405259,0.0091970923281292,0.1745731447247698,0.1745731447247698,Control loop,740000,14862,stable,stable,intra-TAD,ctrl,8.51623,0.8710807,0.188543,0.02984018,0.3967,0.0362,-0.7916017469792513,-0.5764133577818001,-0.7336622000602445,-0.6351393372317558,0.2151883891974512,0.0985228628284887,0.048107095,lost_2.5kb,lost_10kb,lost_0kb,anchor1_14862,anchor2_14862,enhancer-enhancer,NR4A3
14863,14863,14863,14863,chr9,99802500,99807500,chr9,100012500,100017500,lost,0.0158343013580533,0.0135861995927553,-0.2209112602334181,-0.2209112602334181,Control loop,210000,14863,stable,stable,intra-TAD,ctrl,15.7599125,3.7432954,0.188543,0.04814624,0.3752,0.0067999999999999,-0.2362651161784715,-0.2005947854097579,-0.1547897293270222,-0.152967627640513,0.0356703307687135,0.0018221016865091,0.053751398,lost_2.5kb,lost_10kb,lost_0kb,anchor1_14863,anchor2_14863,enhancer-enhancer,NR4A3
14881,14881,14881,14881,chr9,108852500,108857500,chr9,109512500,109517500,lost,0.0053472778306624,0.0016395074417676,-1.7055421871929783,-1.7055421871929783,Control loop,660000,14881,stable,stable,inter-TAD,ctrl,0.45680943,0.18834162,0.20634115,0.031401422,0.494,0.0931999999999999,-0.6131715079402532,-0.4505873533178625,-0.3635931133494207,-0.3294613195363601,0.1625841546223907,0.0341317938130606,0.051334985,lost_2.5kb,lost_10kb,lost_0kb,anchor1_14881,anchor2_14881,enhancer-other,PALM2AKAP2
14884,14884,14884,14884,chr9,109185000,109190000,chr9,109515000,109520000,lost,0.0087896085415016,0.0045664249389532,-0.94473379515107,-0.94473379515107,Control loop,330000,14884,stable,stable,uncategorized,ctrl,2.1535285,14.50233,0.188543,0.027037144,0.4725,0.003,0.4700259128127325,0.3797585644642755,0.5522639607146025,0.4571517310842927,-0.090267348348457,-0.0951122296303097,0.045564137,lost_2.5kb,lost_10kb,lost_0kb,anchor1_14884,anchor2_14884,enhancer-other,PALM2AKAP2
14886,14886,14886,14886,chr9,109422500,109427500,chr9,109512500,109517500,lost,0.0129420562838869,0.0143038316286089,0.1443348031685916,0.1443348031685916,Control loop,90000,14886,stable,stable,inter-TAD,ctrl,14.813668,0.96525204,0.34623873,0.035559043,0.4317,0.0314,0.5522639607146025,0.4571517310842927,0.5965186887018039,0.4838112279217718,-0.0951122296303097,-0.112707460780032,0.12201929,lost_2.5kb,lost_10kb,lost_0kb,anchor1_14886,anchor2_14886,enhancer-enhancer,PALM2AKAP2
14887,14887,14887,14887,chr9,109562500,109567500,chr9,109812500,109817500,lost,0.0093460501784733,0.01391777258377,0.5744996510043106,0.5744996510043106,Control loop,250000,14887,stable,stable,uncategorized,ctrl,5.1880465,0.18834175,0.21387587,0.035982147,0.3847,0.0989999999999999,0.531434846085339,0.4593520424434699,-0.422471961603022,-0.3970879324878608,-0.072082803641869,0.0253840291151612,0.056550216,lost_2.5kb,lost_10kb,lost_0kb,anchor1_14887,anchor2_14887,enhancer-other,PALM2AKAP2
14888,14888,14888,14888,chr9,109562500,109567500,chr9,109642500,109647500,lost,0.0167082060279531,0.0136769694621665,-0.2888082447132595,-0.2888082447132595,Control loop,80000,14888,stable,stable,uncategorized,ctrl,0.0,0.0,0.19557819,0.03164308,0.371,0.0716,0.531434846085339,0.4593520424434699,0.3948273348073262,0.2875278505078605,-0.072082803641869,-0.1072994842994656,0.033941194,lost_2.5kb,lost_10kb,lost_0kb,anchor1_14888,anchor2_14888,enhancer-other,PALM2AKAP2
14889,14889,14889,14889,chr9,109572500,109577500,chr9,109832500,109837500,lost,0.0106646042151108,0.0100461332413157,-0.0861901107257237,-0.0861901107257237,Control loop,260000,14889,stable,stable,inter-TAD,ctrl,34.162807,0.3766833,0.188543,0.060962185,0.4299,0.0978,-0.5084766231279064,-0.3659382381221643,-0.4211903739698945,-0.2580967002539061,0.142538385005742,0.1630936737159883,0.08318442,lost_2.5kb,lost_10kb,lost_0kb,anchor1_14889,anchor2_14889,other-other,PALM2AKAP2
14890,14890,14890,14890,chr9,109662500,109667500,chr9,109822500,109827500,lost,0.0087538437220535,0.0082856980072822,-0.0792933898084726,-0.0792933898084726,Control loop,160000,14890,stable,stable,intra-TAD,ctrl,15.237853,2.9310699,0.18854302,0.04994832,0.4213,0.0105999999999999,-0.0652088017082746,-0.0774763217424772,-0.1287686484545845,-0.183762660851961,-0.0122675200342025,-0.0549940123973765,0.073390126,lost_2.5kb,lost_10kb,lost_0kb,anchor1_14890,anchor2_14890,enhancer-other,PALM2AKAP2
14891,14891,14891,14891,chr9,109902500,109907500,chr9,110042500,110047500,lost,0.0164038777066789,0.0123714670338581,-0.4070203051276891,-0.4070203051276891,Control loop,140000,14891,stable,stable,inter-TAD,ctrl,2.5777092,1.5420492,0.2571513,0.029433325,0.4241,0.0481999999999999,0.2568153989846773,0.271831479913599,0.4713908323265393,0.3784183097697868,0.0150160809289216,-0.0929725225567524,0.06569001,lost_2.5kb,lost_10kb,lost_0kb,anchor1_14891,anchor2_14891,enhancer-enhancer,PALM2AKAP2
14892,14892,14892,14892,chr9,109900000,109905000,chr9,110625000,110630000,lost,0.0042094568730643,0.0054059199747237,0.3609060544633534,0.3609060544633534,Control loop,725000,14892,stable,stable,uncategorized,ctrl,14.585263,0.9887947,0.188543,0.0426665,0.3873999999999999,0.0828,0.1147686944462892,0.1587967694025437,0.0786057674415536,0.161645712644044,0.0440280749562545,0.0830399452024904,0.072405785,lost_2.5kb,lost_10kb,lost_0kb,anchor1_14892,anchor2_14892,enhancer-enhancer,PALM2AKAP2
14918,14918,14918,14918,chr9,114910000,114915000,chr9,115520000,115525000,lost,0.0068694965267461,0.0077347342054171,0.1711473499447238,0.1711473499447238,Control loop,610000,14918,stable,stable,intra-TAD,ctrl,5.6774874,0.18834199,0.21547772,0.069416165,0.4266999999999999,0.0426,0.6386197248684933,0.6321638259205445,0.4952914822353732,0.4979976551206753,-0.0064558989479487,0.0027061728853021,0.05726245,lost_2.5kb,lost_10kb,lost_0kb,anchor1_14918,anchor2_14918,enhancer-enhancer,TNC
14919,14919,14919,14919,chr9,114932500,114937500,chr9,115532500,115537500,lost,0.0038755214435898,0.0017835508956703,-1.1196380498035416,-1.1196380498035416,Control loop,600000,14919,stable,stable,uncategorized,ctrl,1.5662038,0.0,0.19919205,0.037563086,0.3749,0.0594,0.7444199985032086,0.6883023836676078,0.4952914822353732,0.4979976551206753,-0.0561176148356008,0.0027061728853021,0.09272736,lost_2.5kb,lost_10kb,lost_0kb,anchor1_14919,anchor2_14919,enhancer-other,TNC
14920,14920,14920,14920,chr9,115012500,115017500,chr9,115522500,115527500,lost,0.0201625994867605,0.0184441421777157,-0.1285189599755507,-0.1285189599755507,Control loop,510000,14920,stable,stable,inter-TAD,ctrl,0.8157312,0.18834175,0.19179374,0.026571922,0.4246,0.088,0.7434187326135459,0.6810259475758601,0.5327740243012944,0.4736077414251949,-0.0623927850376857,-0.0591662828760994,0.051553495,lost_2.5kb,lost_10kb,lost_0kb,anchor1_14920,anchor2_14920,enhancer-enhancer,TNC
14941,14941,14941,14941,chr9,125132500,125137500,chr9,125372500,125377500,lost,0.0070616063592136,0.0071985141770648,0.0277027530517297,0.0277027530517297,Control loop,240000,14941,stable,stable,intra-TAD,ctrl,2.5777092,0.38845462,0.188543,0.025845788,0.4935,0.1114,-0.229417468093282,-0.1247830631278276,-0.5996009894308827,-0.5652520660941115,0.1046344049654543,0.0343489233367712,0.054356113,lost_2.5kb,lost_10kb,lost_0kb,anchor1_14941,anchor2_14941,enhancer-other,HSPA5
15011,15011,15011,15011,chrX,38202500,38207500,chrX,38322500,38327500,lost,0.0103938232972356,0.0098456196071878,-0.0781725312631891,-0.0781725312631891,Control loop,120000,15011,stable,stable,uncategorized,ctrl,1.3051696,0.094170906,0.188543,0.03527842,0.4045999999999999,0.0336,0.8909051156275712,0.7307764757318148,0.7212261236623059,0.7508140029512748,-0.1601286398957564,0.0295878792889688,0.036599983,lost_2.5kb,lost_10kb,lost_0kb,anchor1_15011,anchor2_15011,promoter-enhancer,SRPX
15087,15087,15087,15087,chrX,136022500,136027500,chrX,136692500,136697500,lost,0.0084604557066506,0.0068432419230664,-0.3060554229210643,-0.3060554229210643,Control loop,670000,15087,stable,stable,inter-TAD,ctrl,1.0441359,4.6261473,0.24215993,0.023400366,0.3936,0.0128,0.0536224789204727,-5.424669300478349e-05,-0.2394616751679736,-0.2475198805477588,-0.0536767256134775,-0.0080582053797851,0.059039585,lost_2.5kb,lost_10kb,lost_0kb,anchor1_15087,anchor2_15087,enhancer-enhancer,ARHGEF6
15092,15092,15092,15092,chrX,152830000,152835000,chrX,152870000,152875000,lost,0.0259114940753242,0.0221904430375328,-0.2236537331707474,-0.2236537331707474,Control loop,40000,15092,stable,stable,intra-TAD,ctrl,1.7293495,11.512398,0.188543,0.022016007,0.5256,0.008,-0.4918449810147797,-0.4828320152087754,-0.2037800520548453,-0.2539072886237021,0.0090129658060043,-0.0501272365688568,0.071104035,lost_2.5kb,lost_10kb,lost_0kb,anchor1_15092,anchor2_15092,promoter-other,NSDHL
15103,15103,15103,15103,chr1,6195000,6200000,chr1,6235000,6240000,lost,0.0611474627145286,0.0465810358850811,-0.3925499129826497,-0.3925499129826497,Control loop,40000,15103,,,uncategorized,ctrl,0.7504724,0.37668353,0.188543,0.021545095,0.522,0.0859999999999999,0.4919003827303562,0.4770210470552707,0.7422938797333274,0.7590933463174917,-0.0148793356750854,0.0167994665841643,0.04694781,lost_2.5kb,lost_10kb,lost_0kb,anchor1_15103,anchor2_15103,promoter-promoter,RNF207
15132,15132,15132,15132,chr1,22432500,22437500,chr1,22942500,22947500,lost,0.0025394217432583,0.0041890785470501,0.7221329201615415,0.7221329201615415,Control loop,510000,15132,stable,stable,intra-TAD,ctrl,3.0671477,0.0,0.20712537,0.03244294,0.405,0.066,-0.1216378663948133,-0.1540011932049708,0.013730740955552,-0.0331258008202358,-0.0323633268101575,-0.0468565417757879,0.0526381,lost_2.5kb,lost_10kb,lost_0kb,anchor1_15132,anchor2_15132,enhancer-other,EPHB2
15143,15143,15143,15143,chr1,26995000,27000000,chr1,27095000,27100000,lost,0.0261786912570701,0.0276392236277824,0.0783241168054616,0.0783241168054616,Control loop,100000,15143,stable,stable,intra-TAD,ctrl,1.0441358,0.0,0.188543,0.025610851,0.5201,0.0258,0.7310231058809769,0.6338387923239028,0.805883844406928,0.7588968128495625,-0.097184313557074,-0.0469870315573655,0.046491776,lost_2.5kb,lost_10kb,lost_0kb,anchor1_15143,anchor2_15143,enhancer-enhancer,SLC9A1
15144,15144,15144,15144,chr1,27302500,27307500,chr1,27392500,27397500,lost,0.0434509560534427,0.0381657016217141,-0.1871112076227623,-0.1871112076227623,Control loop,90000,15144,stable,,intra-TAD,ctrl,3.6544752,1.7303911,0.2056362,0.02899418,0.5565,0.0258,0.8943206323512944,0.8346960128595309,0.9664930673561516,0.948302961310293,-0.0596246194917635,-0.0181901060458586,0.038686212,lost_2.5kb,lost_10kb,lost_0kb,anchor1_15144,anchor2_15144,promoter-enhancer,MAP3K6
15145,15145,15145,15145,chr1,27302500,27307500,chr1,27642500,27647500,lost,0.0158436422847322,0.0060816763178497,-1.3813630941244124,-1.3813630941244124,Control loop,340000,15145,stable,stable,intra-TAD,ctrl,0.9136189,0.2825125,0.23374167,0.0245314,0.5330999999999999,0.021,0.5592629366890308,0.5884463272677111,0.4865742303464909,0.5332566273582291,0.0291833905786802,0.0466823970117382,0.058580093,lost_2.5kb,lost_10kb,lost_0kb,anchor1_15145,anchor2_15145,enhancer-enhancer,MAP3K6
15214,15214,15214,15214,chr1,109282500,109287500,chr1,109392500,109397500,lost,0.0245631386965635,0.0274986636181159,0.1628665869934039,0.1628665869934039,Control loop,110000,15214,stable,stable,inter-TAD,ctrl,2.3166757,0.47085446,0.188543,0.03512117,0.4528,0.0827999999999999,-0.3160525477628839,-0.2152463065809617,-0.4375057309303586,-0.3374247212979265,0.1008062411819222,0.100081009632432,0.038820013,lost_2.5kb,lost_10kb,lost_0kb,anchor1_15214,anchor2_15214,promoter-promoter,SORT1
15227,15227,15227,15227,chr1,151930000,151935000,chr1,152030000,152035000,lost,0.0309907666592143,0.0243649124388018,-0.3470334073373192,-0.3470334073373192,Control loop,100000,15227,stable,stable,intra-TAD,ctrl,1.5662034,0.09417095,0.188543,0.025595203,0.411,0.0491999999999999,0.6959451161242145,0.7052158411606891,0.3154269021780802,0.4109809290633209,0.0092707250364746,0.0955540268852406,0.04636765,lost_2.5kb,lost_10kb,lost_0kb,anchor1_15227,anchor2_15227,enhancer-enhancer,S100A11
15231,15231,15231,15231,chr1,153792500,153797500,chr1,153972500,153977500,lost,0.0230308867627534,0.0234503907849902,0.0260420039130005,0.0260420039130005,Control loop,180000,15231,stable,stable,inter-TAD,ctrl,1.2725402,0.0941709,0.38803685,0.032378864,0.5502,0.0744,0.1970525031589331,0.1245546015433568,-0.0810402518217292,0.0951590428666094,-0.0724979016155763,0.1761992946883386,0.07631167,lost_2.5kb,lost_10kb,lost_0kb,anchor1_15231,anchor2_15231,promoter-enhancer,GATAD2B
15233,15233,15233,15233,chr1,154670000,154675000,chr1,154940000,154945000,lost,0.019354954776833,,-14.240415316303158,-5.0,Control loop,270000,15233,stable,stable,uncategorized,ctrl,0.7831019,0.094170995,0.188543,0.025812816,0.5256000000000001,0.0328,0.1805352413348249,0.1732242463736645,-0.2857396970013608,-0.2122269632915021,-0.0073109949611603,0.0735127337098587,0.045681,lost_2.5kb,lost_10kb,lost_0kb,anchor1_15233,anchor2_15233,enhancer-other,PMVK
15235,15235,15235,15235,chr1,155262500,155267500,chr1,155582500,155587500,lost,,,0.0,0.0,Control loop,320000,15235,,stable,intra-TAD,ctrl,1.8924963,1.2242217,0.18854299,0.0529517,0.4574,0.0272,-0.9579160475481152,-0.9748270715723844,-0.5160387072179409,-0.5479582888204728,-0.0169110240242691,-0.0319195816025319,0.041297287,lost_2.5kb,lost_10kb,lost_0kb,anchor1_15235,anchor2_15235,promoter-other,HCN3
15260,15260,15260,15260,chr1,179702500,179707500,chr1,180472500,180477500,lost,0.0055475876790432,0.0026777526575142,-1.0508378583484137,-1.0508378583484137,Control loop,770000,15260,stable,stable,inter-TAD,ctrl,0.0,0.4826257,0.18906966,0.025469478,0.3881,0.0545999999999999,0.7511515058926429,0.7048558019349216,0.5324116977906156,0.557852750583861,-0.0462957039577213,0.0254410527932453,0.031899907,lost_2.5kb,lost_10kb,lost_0kb,anchor1_15260,anchor2_15260,enhancer-other,"ENSG00000307581,QSOX1"
15261,15261,15261,15261,chr1,179702500,179707500,chr1,180172500,180177500,lost,0.0163712339712983,0.0137843435898175,-0.2481325002540874,-0.2481325002540874,Control loop,470000,15261,stable,stable,inter-TAD,ctrl,0.52206796,1.730391,0.188543,0.037074007,0.463,0.0952,0.0788259193412328,0.2161456791759909,0.3188362153807901,0.4632054886778303,0.137319759834758,0.1443692732970402,0.04146013,lost_2.5kb,lost_10kb,lost_0kb,anchor1_15261,anchor2_15261,enhancer-enhancer,"ENSG00000307581,QSOX1"
15262,15262,15262,15262,chr1,179955000,179960000,chr1,180160000,180165000,lost,0.0145154133387059,0.0103797897171877,-0.4838084378940823,-0.4838084378940823,Control loop,205000,15262,stable,stable,intra-TAD,ctrl,0.52206796,0.0941708,0.19482777,0.026402134,0.3861,0.0165999999999999,-0.1338472891827794,-0.0532123014039635,0.0112465122899609,0.1025357580521253,0.0806349877788159,0.0912892457621644,0.025994103,lost_2.5kb,lost_10kb,lost_0kb,anchor1_15262,anchor2_15262,enhancer-other,QSOX1
15290,15290,15290,15290,chr1,206622500,206627500,chr1,206982500,206987500,lost,0.007767869594442,0.0073438525321393,-0.0809818921853882,-0.0809818921853882,Control loop,360000,15290,stable,stable,inter-TAD,ctrl,3.132406,0.45908388,0.188543,0.040636364,0.3939,0.0169999999999999,0.280800133620644,0.2156702848765583,-0.065254942501276,-0.1237406932743964,-0.0651298487440857,-0.0584857507731203,0.05230031,lost_2.5kb,lost_10kb,lost_0kb,anchor1_15290,anchor2_15290,enhancer-other,PIGR
15310,15310,15310,15310,chr1,221462500,221467500,chr1,222452500,222457500,lost,0.0044688060894318,0.0077106062944864,0.7869548608671112,0.7869548608671112,Control loop,990000,15310,stable,stable,intra-TAD,ctrl,56.807487,1.2477645,0.25103417,0.06659284,0.4115999999999999,0.0892,0.6682021237298352,0.7264708413975919,0.3899640672865015,0.4467959743591774,0.0582687176677566,0.0568319070726758,0.1517939,lost_2.5kb,lost_10kb,lost_0kb,anchor1_15310,anchor2_15310,enhancer-other,LINC02474
15315,15315,15315,15315,chr1,225470000,225475000,chr1,225915000,225920000,lost,0.0149456634530388,0.0159397602288005,0.0929029868687406,0.0929029868687406,Control loop,445000,15315,stable,stable,intra-TAD,ctrl,0.5220679,0.0,0.188543,0.026355742,0.5331,0.0826,0.2947700975750171,0.2674652432586688,-0.0284216824693503,-0.0634524470679158,-0.0273048543163483,-0.0350307645985655,0.02350243,lost_2.5kb,lost_10kb,lost_0kb,anchor1_15315,anchor2_15315,enhancer-enhancer,EPHX1
15355,15355,15355,15355,chr10,4852500,4857500,chr10,5092500,5097500,lost,0.020505951277127,0.0130697737776782,-0.6498085022608705,-0.6498085022608705,Control loop,240000,15355,stable,stable,intra-TAD,ctrl,4.437575,0.24719855,0.27602613,0.05097936,0.3766,0.0535999999999999,0.5418696437216916,0.3776683267087433,0.2994014967217553,0.2434377433928511,-0.1642013170129482,-0.0559637533289042,0.09202133,lost_2.5kb,lost_10kb,lost_0kb,anchor1_15355,anchor2_15355,promoter-enhancer,AKR1C3
15409,15409,15409,15409,chr10,58412500,58417500,chr10,58632500,58637500,lost,0.0148082919734732,0.0064467366131501,-1.1997642987784043,-1.1997642987784043,Control loop,220000,15409,stable,stable,inter-TAD,ctrl,10.115057,0.31782702,0.19801134,0.042097844,0.4051,0.071,0.0378398660416353,0.0717776391913363,0.1060774654517086,0.0790485967060337,0.0339377731497009,-0.0270288687456749,0.080571264,lost_2.5kb,lost_10kb,lost_0kb,anchor1_15409,anchor2_15409,enhancer-enhancer,BICC1
15410,15410,15410,15410,chr10,58782500,58787500,chr10,59602500,59607500,lost,0.0043722732770852,0.0024607251156483,-0.8293000703293887,-0.8293000703293887,Control loop,820000,15410,stable,stable,intra-TAD,ctrl,8.548854,0.32959837,0.24320999,0.041129977,0.3872,0.0579999999999999,-1.2101878561226256,-1.162869297527902,-1.1538705496854431,-1.273031166338411,0.0473185585947235,-0.1191606166529677,0.046899404,lost_2.5kb,lost_10kb,lost_0kb,anchor1_15410,anchor2_15410,enhancer-enhancer,BICC1
15424,15424,15424,15424,chr10,67862500,67867500,chr10,68902500,68907500,lost,0.0039125007836062,0.0005772846625889,-2.7607362398267954,-2.7607362398267954,Control loop,1040000,15424,stable,stable,intra-TAD,ctrl,0.26103398,0.36491215,0.20085463,0.02606684,0.4265,0.0166,0.0513237955978219,0.18697949001595,-0.141443530321991,-0.0645797802080311,0.135655694418128,0.0768637501139598,0.031673443,lost_2.5kb,lost_10kb,lost_0kb,anchor1_15424,anchor2_15424,enhancer-enhancer,HNRNPH3
15452,15452,15452,15452,chr10,100332500,100337500,chr10,100882500,100887500,lost,0.0052044836824735,0.0071247137411436,0.4530770041024899,0.4530770041024899,Control loop,550000,15452,stable,stable,intra-TAD,ctrl,0.5546972,0.0,0.18854299,0.024734516,0.4748,0.0415999999999999,0.3445335007943152,0.2800600662890083,0.1460215288041783,0.2550533048368768,-0.0644734345053068,0.1090317760326984,0.034233354,lost_2.5kb,lost_10kb,lost_0kb,anchor1_15452,anchor2_15452,enhancer-other,SCD
15460,15460,15460,15460,chr10,104300000,104305000,chr10,104345000,104350000,lost,0.0560284849572996,0.0416558028536434,-0.4276429978386237,-0.4276429978386237,Control loop,45000,15460,stable,stable,intra-TAD,ctrl,6.4279566,0.1059422,0.19474508,0.044398118,0.4473,0.0134,0.6692122273572829,0.6074444461411801,0.539590747871191,0.484910872389779,-0.0617677812161028,-0.054679875481412,0.04632616,lost_2.5kb,lost_10kb,lost_0kb,anchor1_15460,anchor2_15460,enhancer-enhancer,ITPRIP
15493,15493,15493,15493,chr11,1650000,1655000,chr11,1950000,1955000,lost,0.0186337591681917,0.0126230180991228,-0.561861859869075,-0.561861859869075,Control loop,300000,15493,stable,stable,intra-TAD,ctrl,42.548508,0.0,0.188543,0.07567983,0.5746,0.0363999999999999,0.2616673440626573,0.3440246805911104,0.1661483343307795,0.3064678952204009,0.0823573365284531,0.1403195608896214,0.10178831,lost_2.5kb,lost_10kb,lost_0kb,anchor1_15493,anchor2_15493,enhancer-other,"SYT8,TNNI2"
15494,15494,15494,15494,chr11,1650000,1655000,chr11,1880000,1885000,lost,0.0187697587950824,0.0154836682591949,-0.2776628075842767,-0.2776628075842767,Control loop,230000,15494,stable,stable,intra-TAD,ctrl,0.26103398,0.0,0.18854299,0.043953102,0.5918,0.0707999999999999,0.874786755133533,0.7632465717687159,1.2923286490600103,1.0574959411397689,-0.111540183364817,-0.2348327079202417,0.039466083,lost_2.5kb,lost_10kb,lost_0kb,anchor1_15494,anchor2_15494,enhancer-enhancer,"SYT8,TNNI2"
15495,15495,15495,15495,chr11,1695000,1700000,chr11,1865000,1870000,lost,0.0236973762445658,0.0111702057394319,-1.0850715753970916,-1.0850715753970916,Control loop,170000,15495,stable,stable,intra-TAD,ctrl,0.26103395,0.1883419,0.188543,0.026542276,0.5905,0.1098,0.8315605249236204,0.7649824626558095,0.872648500046959,0.7657601372687363,-0.0665780622678109,-0.1068883627782227,0.028432764,lost_2.5kb,lost_10kb,lost_0kb,anchor1_15495,anchor2_15495,promoter-enhancer,"SYT8,TNNI2"
15566,15566,15566,15566,chr11,62392500,62397500,chr11,62682500,62687500,lost,,,0.0,0.0,Control loop,290000,15566,stable,,uncategorized,ctrl,3.1324072,0.0,0.188543,0.05159362,0.4689,0.0197999999999999,0.7636174089837808,0.7340101587618478,0.9031755956776482,0.8114772402688241,-0.029607250221933,-0.0916983554088241,0.04426309,lost_2.5kb,lost_10kb,lost_0kb,anchor1_15566,anchor2_15566,promoter-enhancer,GANAB
15567,15567,15567,15567,chr11,62392500,62397500,chr11,62842500,62847500,lost,,,0.0,0.0,Control loop,450000,15567,stable,,uncategorized,ctrl,0.0,0.7533669,,0.022823442,0.4656,0.0131999999999999,0.8794505974784491,0.8977473353928083,0.8872016725180486,0.9778735556948318,0.0182967379143591,0.0906718831767832,0.04348724,lost_2.5kb,lost_10kb,lost_0kb,anchor1_15567,anchor2_15567,promoter-enhancer,GANAB
15576,15576,15576,15576,chr11,68015000,68020000,chr11,68205000,68210000,lost,,,0.0,0.0,Control loop,190000,15576,,stable,uncategorized,ctrl,0.5220679,0.75336784,0.188543,0.02469467,0.5312,0.1595999999999999,-0.4460655510767188,-0.4380317577592014,-0.3281933981283145,-0.3598134125853269,0.0080337933175174,-0.0316200144570124,0.054528985,lost_2.5kb,lost_10kb,lost_0kb,anchor1_15576,anchor2_15576,promoter-enhancer,ENSG00000255031
15610,15610,15610,15610,chr11,94612500,94617500,chr11,96422500,96427500,lost,0.0017107570375666,0.0012284466566974,-0.4777996698501668,-0.4777996698501668,Control loop,1810000,15610,stable,stable,inter-TAD,ctrl,0.78310066,0.0,0.188543,0.03891692,0.3645,0.0378,0.1141925071854424,0.0576511727644972,0.4927228581108905,0.4478695647435535,-0.0565413344209451,-0.0448532933673369,0.034309067,lost_2.5kb,lost_10kb,lost_0kb,anchor1_15610,anchor2_15610,enhancer-other,SESN3
15611,15611,15611,15611,chr11,94962500,94967500,chr11,96422500,96427500,lost,0.0020906839628898,0.0012557570837252,-0.7354175809188721,-0.7354175809188721,Control loop,1460000,15611,stable,stable,inter-TAD,ctrl,0.52206725,0.6591967,0.20032693,0.02550127,0.3609,0.0305999999999999,0.2141992077596823,0.1906553624766122,0.4927228581108905,0.4478695647435535,-0.0235438452830701,-0.0448532933673369,0.050456442,lost_2.5kb,lost_10kb,lost_0kb,anchor1_15611,anchor2_15611,enhancer-enhancer,SESN3
15612,15612,15612,15612,chr11,95152500,95157500,chr11,95762500,95767500,lost,0.0304805192119719,0.0278881458733836,-0.1282354573881971,-0.1282354573881971,Control loop,610000,15612,stable,stable,uncategorized,ctrl,0.52206796,0.0,0.1951675,0.029255217,0.4056,0.0704,0.406030743071547,0.4395258719787121,0.2509017585522265,0.2750031522973397,0.0334951289071651,0.0241013937451131,0.032840338,lost_2.5kb,lost_10kb,lost_0kb,anchor1_15612,anchor2_15612,enhancer-other,SESN3
15613,15613,15613,15613,chr11,95212500,95217500,chr11,96422500,96427500,lost,0.0025229552003594,0.0022013336602322,-0.1967367551065951,-0.1967367551065951,Control loop,1210000,15613,stable,stable,inter-TAD,ctrl,0.5220679,2.2130167,0.188543,0.02595681,0.3495,0.0077999999999999,0.0238199442692224,0.004246946439309,-0.2307333548702169,-0.1848411516996873,-0.0195729978299134,0.0458922031705296,0.036985487,lost_2.5kb,lost_10kb,lost_0kb,anchor1_15613,anchor2_15613,enhancer-enhancer,SESN3
15651,15651,15651,15651,chr11,124652500,124657500,chr11,124852500,124857500,lost,0.0135623772796079,0.013873215815736,0.0326921603249947,0.0326921603249947,Control loop,200000,15651,stable,stable,intra-TAD,ctrl,11.354975,1.6009063,0.48625663,0.043756224,0.4364,0.0055999999999999,0.4083639666177126,0.4991057243760558,0.5552499884352726,0.548759101159608,0.0907417577583432,-0.0064908872756646,0.09466906,lost_2.5kb,lost_10kb,lost_0kb,anchor1_15651,anchor2_15651,enhancer-other,SIAE
15652,15652,15652,15652,chr11,124662500,124667500,chr11,124772500,124777500,lost,0.0195648309348042,0.013580355126571,-0.5267414369783096,-0.5267414369783096,Control loop,110000,15652,stable,stable,intra-TAD,ctrl,28.420067,0.8122239,0.42009443,0.0539857,0.4144,0.0355999999999999,1.0241319876111463,1.007028873868299,1.0198920421104622,0.9337453587741072,-0.017103113742847,-0.086146683336355,0.12786758,lost_2.5kb,lost_10kb,lost_0kb,anchor1_15652,anchor2_15652,other-other,SIAE
15653,15653,15653,15653,chr11,124665000,124670000,chr11,124795000,124800000,lost,0.0238566469065908,0.0168362546214272,-0.5028200505609783,-0.5028200505609783,Control loop,130000,15653,stable,stable,intra-TAD,ctrl,4.404946,0.4119973,0.5476787,0.039593462,0.4189,0.0025999999999999,0.873137481691148,0.9625790110585272,0.824222302870347,0.7999529805977796,0.0894415293673791,-0.0242693222725673,0.12840521,lost_2.5kb,lost_10kb,lost_0kb,anchor1_15653,anchor2_15653,enhancer-other,SIAE
15657,15657,15657,15657,chr11,128292500,128297500,chr11,128622500,128627500,lost,0.0186177871182032,0.013765431426224,-0.4356317800036965,-0.4356317800036965,Control loop,330000,15657,stable,stable,inter-TAD,ctrl,0.032629248,0.18834184,0.188543,0.02464535,0.4527,0.0105999999999999,0.7175874525074614,0.6634906718467267,0.7543082634825419,0.7129633067864876,-0.0540967806607346,-0.0413449566960543,0.04020853,lost_2.5kb,lost_10kb,lost_0kb,anchor1_15657,anchor2_15657,enhancer-enhancer,ETS1
15717,15717,15717,15717,chr12,50765000,50770000,chr12,51340000,51345000,lost,0.0102523953953717,0.0107412897263169,0.0672062067563017,0.0672062067563017,Control loop,575000,15717,stable,stable,intra-TAD,ctrl,1.3051685,1.9069623,0.188543,0.036837213,0.4521,0.0542,0.0536910765335093,0.0932828659041334,0.4860236432248683,0.3457176215671688,0.039591789370624,-0.1403060216576995,0.021424504,lost_2.5kb,lost_10kb,lost_0kb,anchor1_15717,anchor2_15717,enhancer-enhancer,TMT1A
15718,15718,15718,15718,chr12,50822500,50827500,chr12,51342500,51347500,lost,0.0149017471462499,0.0123110494762703,-0.2755277364559383,-0.2755277364559383,Control loop,520000,15718,stable,stable,inter-TAD,ctrl,2.0556414,0.36491215,0.188543,0.0428982,0.4439999999999999,0.1127999999999999,0.8419237315151755,0.7980292899061117,0.4860236432248683,0.3457176215671688,-0.0438944416090638,-0.1403060216576995,0.027644467,lost_2.5kb,lost_10kb,lost_0kb,anchor1_15718,anchor2_15718,enhancer-enhancer,TMT1A
15742,15742,15742,15742,chr12,67352500,67357500,chr12,68322500,68327500,lost,0.004841312714748,0.0013108982524417,-1.8848425724415725,-1.8848425724415725,Control loop,970000,15742,stable,stable,inter-TAD,ctrl,39.644516,0.27074134,,0.055274356,0.3702,0.0439999999999999,,,,,,,0.10223295,lost_2.5kb,lost_10kb,lost_0kb,anchor1_15742,anchor2_15742,enhancer-other,MDM1
15744,15744,15744,15744,chr12,68042500,68047500,chr12,68312500,68317500,lost,0.0095296913495116,0.0104680201860437,0.1354872179604921,0.1354872179604921,Control loop,270000,15744,stable,stable,intra-TAD,ctrl,21.404766,0.37668368,0.188543,0.061837405,0.3929,0.0434,,,,,,,0.06656994,lost_2.5kb,lost_10kb,lost_0kb,anchor1_15744,anchor2_15744,enhancer-enhancer,MDM1
15782,15782,15782,15782,chr12,98490000,98495000,chr12,98650000,98655000,lost,0.0127460507452571,0.011137367906904,-0.1946419886299221,-0.1946419886299221,Control loop,160000,15782,stable,stable,intra-TAD,ctrl,3.6871035,0.28251266,0.18854299,0.03586455,0.414,0.0491999999999999,0.5851258701324816,0.45355904078,0.7422938797333274,0.7590933463174917,-0.1315668293524816,0.0167994665841643,0.052855574,lost_2.5kb,lost_10kb,lost_0kb,anchor1_15782,anchor2_15782,enhancer-enhancer,SNORA53
15785,15785,15785,15785,chr12,99052500,99057500,chr12,100562500,100567500,lost,0.0014936367507237,0.0008522344503922,-0.8095070536756618,-0.8095070536756618,Control loop,1510000,15785,stable,stable,intra-TAD,ctrl,0.26103398,0.0,0.188543,0.024737604,0.3952,0.0055999999999999,0.7323000370949794,0.8121367124682151,0.8019728257110561,0.938404145571792,0.0798366753732356,0.1364313198607359,0.03762961,lost_2.5kb,lost_10kb,lost_0kb,anchor1_15785,anchor2_15785,enhancer-other,SLC17A8
15786,15786,15786,15786,chr12,100242500,100247500,chr12,100552500,100557500,lost,0.0104402563658369,0.0055359643077376,-0.9152505918905912,-0.9152505918905912,Control loop,310000,15786,stable,stable,inter-TAD,ctrl,0.5220674,0.49439692,0.188543,0.025057327,0.4148,0.0332,0.38605575601228,0.3691909917620851,0.5817335735096352,0.59825658817108,-0.0168647642501948,0.0165230146614447,0.03976874,lost_2.5kb,lost_10kb,lost_0kb,anchor1_15786,anchor2_15786,enhancer-other,SLC17A8
15791,15791,15791,15791,chr12,104202500,104207500,chr12,104812500,104817500,lost,0.0068125330401851,0.0028810829674558,-1.2415801148971646,-1.2415801148971646,Control loop,610000,15791,stable,stable,intra-TAD,ctrl,7.863645,0.42376894,0.188543,0.040215958,0.4179,0.0654,-0.2991527235910878,-0.2777131608989834,-0.6634956880470113,-0.5407609328157118,0.0214395626921043,0.1227347552312995,0.060962286,lost_2.5kb,lost_10kb,lost_0kb,anchor1_15791,anchor2_15791,enhancer-other,CHST11
15792,15792,15792,15792,chr12,104382500,104387500,chr12,105052500,105057500,lost,0.0170191387303953,0.0162897993215007,-0.0631891989071748,-0.0631891989071748,Control loop,670000,15792,stable,stable,intra-TAD,ctrl,12.758032,0.84753776,0.21653719,0.040054213,0.4051,0.085,-0.547501848802933,-0.530348222216237,-0.5596965355631824,-0.512345118498017,0.0171536265866959,0.0473514170651654,0.09188408,lost_2.5kb,lost_10kb,lost_0kb,anchor1_15792,anchor2_15792,enhancer-other,CHST11
15793,15793,15793,15793,chr12,104382500,104387500,chr12,105382500,105387500,lost,0.0048005549451101,0.0062281043627114,0.3755919281729822,0.3755919281729822,Control loop,1000000,15793,stable,stable,intra-TAD,ctrl,20.850073,17.09203,0.188543,0.04225747,0.4397999999999999,0.0156,0.0378398660416353,0.0717776391913363,0.2525891071179221,0.3327080913768836,0.0339377731497009,0.0801189842589614,0.072858706,lost_2.5kb,lost_10kb,lost_0kb,anchor1_15793,anchor2_15793,enhancer-other,CHST11
15799,15799,15799,15799,chr12,108565000,108570000,chr12,108945000,108950000,lost,0.0093420037542899,0.0106128278719651,0.1840051949572907,0.1840051949572907,Control loop,380000,15799,stable,stable,intra-TAD,ctrl,5.4164524,0.0470854,0.188543,0.031029865,0.4394,0.0055999999999999,0.6367349603104978,0.5257882134464871,-0.0065174642354933,0.0938761416739464,-0.1109467468640107,0.1003936059094398,0.0697055,lost_2.5kb,lost_10kb,lost_0kb,anchor1_15799,anchor2_15799,enhancer-enhancer,SELPLG
15845,15845,15845,15845,chr13,29502500,29507500,chr13,30112500,30117500,lost,0.0072875514024038,0.008059853100017,0.1453193899048976,0.1453193899048976,Control loop,610000,15845,stable,stable,inter-TAD,ctrl,0.22840473,0.0,0.21062946,0.024435584,0.4994999999999999,0.0358,,,1.2923286490600103,1.0574959411397689,,-0.2348327079202417,0.054851223,lost_2.5kb,lost_10kb,lost_0kb,anchor1_15845,anchor2_15845,enhancer-enhancer,SLC7A1
16021,16021,16021,16021,chr15,34242500,34247500,chr15,34582500,34587500,lost,0.0151559520564968,0.0102776057534569,-0.5603802643503639,-0.5603802643503639,Control loop,340000,16021,stable,stable,inter-TAD,ctrl,0.52206796,2.5543861,0.188543,0.024724357,0.476,0.1244,0.2521719596845854,0.331147176988481,0.2296723697197354,0.2694667757034081,0.0789752173038955,0.0397944059836726,0.028449709,lost_2.5kb,lost_10kb,lost_0kb,anchor1_16021,anchor2_16021,enhancer-enhancer,GOLGA8A
16022,16022,16022,16022,chr15,34402500,34407500,chr15,34562500,34567500,lost,,,0.0,0.0,Control loop,160000,16022,,stable,uncategorized,ctrl,0.26103398,0.0941708,0.188543,0.037236445,0.4361,0.0554,0.0708223921527137,0.1217633098627085,0.0561558925283974,0.1911679045070585,0.0509409177099947,0.135012011978661,0.033193,lost_2.5kb,lost_10kb,lost_0kb,anchor1_16022,anchor2_16022,other-other,GOLGA8A
16079,16079,16079,16079,chr15,73292500,73297500,chr15,73902500,73907500,lost,0.0045049014849431,0.0076118022140957,0.7567425180232845,0.7567425180232845,Control loop,610000,16079,stable,stable,intra-TAD,ctrl,1.566204,2.5308437,0.21187752,0.035856716,0.4741999999999999,0.0643999999999999,0.6832806679455709,0.6559620124324361,0.6323360317304512,0.631302643464151,-0.0273186555131347,-0.0010333882663001,0.050843332,lost_2.5kb,lost_10kb,lost_0kb,anchor1_16079,anchor2_16079,enhancer-enhancer,NEO1
16088,16088,16088,16088,chr15,80442500,80447500,chr15,80972500,80977500,lost,0.0053095085662204,0.0039873899506454,-0.4131336332628899,-0.4131336332628899,Control loop,530000,16088,stable,stable,uncategorized,ctrl,1.5662029,0.88285255,0.20739731,0.025334539,0.4637,0.0437999999999999,0.7098376419890018,0.6865932886178696,0.6998513052391534,0.6125431259428707,-0.0232443533711321,-0.0873081792962826,0.04571987,lost_2.5kb,lost_10kb,lost_0kb,anchor1_16088,anchor2_16088,enhancer-enhancer,CEMIP
16089,16089,16089,16089,chr15,80572500,80577500,chr15,80972500,80977500,lost,0.0120712872804547,0.0087245994725312,-0.4684187261522217,-0.4684187261522217,Control loop,400000,16089,stable,stable,uncategorized,ctrl,11.354977,7.0157356,0.188543,0.035892256,0.4627,0.0417999999999999,0.7098376419890018,0.6865932886178696,0.8092034132737848,0.7659466664460878,-0.0232443533711321,-0.0432567468276969,0.062639505,lost_2.5kb,lost_10kb,lost_0kb,anchor1_16089,anchor2_16089,enhancer-enhancer,CEMIP
16090,16090,16090,16090,chr15,80855000,80860000,chr15,80950000,80955000,lost,0.0174602269121083,0.0128353706513423,-0.4439473505634145,-0.4439473505634145,Control loop,95000,16090,stable,stable,intra-TAD,ctrl,1.5662024,9.664295,0.188543,0.028875703,0.4847,0.0266,0.6998513052391534,0.6125431259428707,0.6415189827585052,0.5886716593442571,-0.0873081792962826,-0.052847323414248,0.03705153,lost_2.5kb,lost_10kb,lost_0kb,anchor1_16090,anchor2_16090,enhancer-enhancer,CEMIP
16108,16108,16108,16108,chr15,98775000,98780000,chr15,98845000,98850000,lost,0.0150996439787532,0.0120791081988989,-0.3220005895567153,-0.3220005895567153,Control loop,70000,16108,stable,stable,intra-TAD,ctrl,1.2399114,1.2006795,0.19084232,0.028057411,0.4491,0.0662,-0.2935200211504328,-0.2266416961824534,-0.7338857585317022,-0.7802350487809688,0.0668783249679793,-0.0463492902492665,0.062196936,lost_2.5kb,lost_10kb,lost_0kb,anchor1_16108,anchor2_16108,enhancer-enhancer,IGF1R
16115,16115,16115,16115,chr16,2192500,2197500,chr16,2502500,2507500,lost,,,0.0,0.0,Control loop,310000,16115,,,uncategorized,ctrl,0.26103395,0.70628184,0.2033444,0.024170771,0.5670999999999999,0.1973999999999999,0.5807209705268119,0.5763862428751242,0.6360630295342482,0.5709062658143114,-0.0043347276516877,-0.0651567637199368,0.045951717,lost_2.5kb,lost_10kb,lost_0kb,anchor1_16115,anchor2_16115,promoter-enhancer,"ABCA3,DNASE1L2"
16134,16134,16134,16134,chr16,29702500,29707500,chr16,30022500,30027500,lost,0.0206175101176869,0.0185443801309398,-0.1528880707860643,-0.1528880707860643,Control loop,320000,16134,stable,stable,uncategorized,ctrl,0.5220679,0.0,0.23385584,0.07298436,0.5276,0.1244,0.8092679475001653,0.6953371892973497,0.7534345599505978,0.7324190180880732,-0.1139307582028156,-0.0210155418625246,0.015644051,lost_2.5kb,lost_10kb,lost_0kb,anchor1_16134,anchor2_16134,enhancer-other,SEZ6L2
16137,16137,16137,16137,chr16,30982500,30987500,chr16,31442500,31447500,lost,,,0.0,0.0,Control loop,460000,16137,stable,stable,intra-TAD,ctrl,0.26103395,0.18834169,0.21712655,0.08734759,0.538,0.1428,0.4884282973314514,0.4324221034461907,0.5538351044544572,0.5068214493506741,-0.0560061938852607,-0.047013655103783,0.033038408,lost_2.5kb,lost_10kb,lost_0kb,anchor1_16137,anchor2_16137,promoter-promoter,PYCARD-AS1
16138,16138,16138,16138,chr16,31132500,31137500,chr16,31442500,31447500,lost,0.012971242039515,0.005781087779771,-1.1659037455976726,-1.1659037455976726,Control loop,310000,16138,stable,stable,intra-TAD,ctrl,27.245405,0.5414826,0.188543,0.0408748,0.5149,0.0966,0.5672903500066203,0.4513422416846109,-0.775971282557329,-0.8545952717291824,-0.1159481083220093,-0.0786239891718534,0.055504683,lost_2.5kb,lost_10kb,lost_0kb,anchor1_16138,anchor2_16138,promoter-promoter,PYCARD-AS1
16179,16179,16179,16179,chr16,88815000,88820000,chr16,89165000,89170000,lost,,,0.0,0.0,Control loop,350000,16179,,,uncategorized,ctrl,32.23767,0.6474253,0.188543,0.06318703,0.6326,0.0299999999999999,-0.7800124054129169,-0.7032889012688125,-0.0968627860822239,-0.1457954234356726,0.0767235041441044,-0.0489326373534487,0.078644425,lost_2.5kb,lost_10kb,lost_0kb,anchor1_16179,anchor2_16179,enhancer-enhancer,ENSG00000256982
16180,16180,16180,16180,chr16,88832500,88837500,chr16,89162500,89167500,lost,,,0.0,0.0,Control loop,330000,16180,,,uncategorized,ctrl,23.036234,0.0,0.188543,0.037455842,0.5954999999999999,0.003,0.2819712392648814,0.3281234678831629,0.2987337135513289,0.2857476883718407,0.0461522286182815,-0.0129860251794882,0.051655143,lost_2.5kb,lost_10kb,lost_0kb,anchor1_16180,anchor2_16180,enhancer-other,ENSG00000256982
16192,16192,16192,16192,chr17,8120000,8125000,chr17,8180000,8185000,lost,0.0426677552203886,0.0196870453220854,-1.1158996069364762,-1.1158996069364762,Control loop,60000,16192,stable,stable,intra-TAD,ctrl,12.333852,0.3766836,0.20358299,0.05713831,0.5346,0.118,-0.1032620081322594,-0.1222583565218811,-0.225183622704713,-0.1059886947252944,-0.0189963483896216,0.1191949279794186,0.05339736,lost_2.5kb,lost_10kb,lost_0kb,anchor1_16192,anchor2_16192,promoter-other,TMEM107
16193,16193,16193,16193,chr17,8125000,8130000,chr17,8220000,8225000,lost,0.0244957138836052,0.020518822649018,-0.2555813841718023,-0.2555813841718023,Control loop,95000,16193,stable,stable,intra-TAD,ctrl,11.583373,0.682739,0.188543,0.04104452,0.5307999999999999,0.0035999999999999,-0.1032620081322594,-0.1222583565218811,-0.3427026529636083,-0.3005680128235363,-0.0189963483896216,0.042134640140072,0.06578371,lost_2.5kb,lost_10kb,lost_0kb,anchor1_16193,anchor2_16193,promoter-enhancer,TMEM107
16223,16223,16223,16223,chr17,40012500,40017500,chr17,40292500,40297500,lost,0.0171988563388928,0.0101153746374263,-0.7657628809994304,-0.7657628809994304,Control loop,280000,16223,stable,stable,intra-TAD,ctrl,3.393439,0.9534802,0.188543,0.03827705,0.4967999999999999,0.1543999999999999,-0.0134850112292528,0.0126365068823317,-0.0075537347731161,0.0337254493318975,0.0261215181115846,0.0412791841050137,0.082402684,lost_2.5kb,lost_10kb,lost_0kb,anchor1_16223,anchor2_16223,promoter-enhancer,NR1D1
16224,16224,16224,16224,chr17,40392500,40397500,chr17,40552500,40557500,lost,0.0150885787925101,0.0156980571254249,0.057129091141767,0.057129091141767,Control loop,160000,16224,stable,stable,intra-TAD,ctrl,11.974926,1.2359934,0.188543,0.054206047,0.4768,0.1155999999999999,-0.3608056819677587,-0.3085690428089619,-0.3028284520328265,-0.2966031842643704,0.0522366391587968,0.0062252677684561,0.058161743,lost_2.5kb,lost_10kb,lost_0kb,anchor1_16224,anchor2_16224,enhancer-other,"ENSG00000279806,TNS4"
16225,16225,16225,16225,chr17,40432500,40437500,chr17,40542500,40547500,lost,0.0258237993474655,0.0253924315245497,-0.0243027229713125,-0.0243027229713125,Control loop,110000,16225,stable,stable,intra-TAD,ctrl,1.8272376,0.47085425,0.19711314,0.03156823,0.4975,0.031,-0.3028284520328265,-0.2966031842643704,-0.285944965284253,-0.2534094329668039,0.0062252677684561,0.032535532317449,0.04717185,lost_2.5kb,lost_10kb,lost_0kb,anchor1_16225,anchor2_16225,enhancer-enhancer,"ENSG00000279806,TNS4"
16233,16233,16233,16233,chr17,47885000,47890000,chr17,48015000,48020000,lost,0.0185303373070915,0.0108342856230662,-0.774285112900551,-0.774285112900551,Control loop,130000,16233,stable,stable,intra-TAD,ctrl,19.642792,0.75336695,0.188543,0.0404378,0.5019,0.0473999999999999,0.0497133510074326,0.1016588714458034,0.3004989310350122,0.3030947809845256,0.0519455204383708,0.0025958499495134,0.092279255,lost_2.5kb,lost_10kb,lost_0kb,anchor1_16233,anchor2_16233,enhancer-enhancer,CDK5RAP3
16240,16240,16240,16240,chr17,55290000,55295000,chr17,55510000,55515000,lost,0.0117788490395767,0.0101820410114406,-0.2101717926673562,-0.2101717926673562,Control loop,220000,16240,stable,stable,intra-TAD,ctrl,3.0671477,0.1883418,0.19923359,0.031578034,0.4144,0.0116,0.4602118230197359,0.4331773355546029,0.5047655497266205,0.3961065097426663,-0.0270344874651329,-0.1086590399839541,0.07682615,lost_2.5kb,lost_10kb,lost_0kb,anchor1_16240,anchor2_16240,enhancer-enhancer,MMD
16241,16241,16241,16241,chr17,55352500,55357500,chr17,55502500,55507500,lost,,0.0136328841646254,13.73480318966213,5.0,Control loop,150000,16241,stable,stable,inter-TAD,ctrl,3.1324062,0.1883419,0.188543,0.064631395,0.3893999999999999,0.0156,0.5047655497266205,0.3961065097426663,0.5033097980486354,0.437123675475332,-0.1086590399839541,-0.0661861225733034,0.046018165,lost_2.5kb,lost_10kb,lost_0kb,anchor1_16241,anchor2_16241,enhancer-other,MMD
16262,16262,16262,16262,chr17,64780000,64785000,chr17,64830000,64835000,lost,0.0496414425959585,0.0295777604161053,-0.7470322233936045,-0.7470322233936045,Control loop,50000,16262,stable,stable,intra-TAD,ctrl,20.458523,0.5532539,0.188543,0.045266576,0.5517,0.1266,0.3709396039416989,0.3477886116708067,0.2989769423256366,0.4154738101651913,-0.0231509922708921,0.1164968678395547,0.09124168,lost_2.5kb,lost_10kb,lost_0kb,anchor1_16262,anchor2_16262,promoter-enhancer,ENSG00000291117
16311,16311,16311,16311,chr18,21912500,21917500,chr18,22702500,22707500,lost,0.008020909745312,0.0076776113804514,-0.0631083421192297,-0.0631083421192297,Control loop,790000,16311,stable,stable,inter-TAD,ctrl,9.331959,0.36491227,0.5770555,0.03462983,0.4047,0.0141999999999999,0.2188579029774203,0.243563607419392,0.0226495231084432,0.0930737545755526,0.0247057044419716,0.0704242314671094,0.09430912,lost_2.5kb,lost_10kb,lost_0kb,anchor1_16311,anchor2_16311,enhancer-enhancer,GATA6-AS1
16388,16388,16388,16388,chr19,11035000,11040000,chr19,11125000,11130000,lost,0.0280657460739643,0.0254026560119014,-0.1438310631102191,-0.1438310631102191,Control loop,90000,16388,stable,stable,intra-TAD,ctrl,1.8272362,1.6479912,0.21609929,0.049294516,0.505,0.0103999999999999,0.63303047571847,0.6079622404410925,0.3210909357148391,0.452361923319269,-0.0250682352773775,0.1312709876044299,0.045845896,lost_2.5kb,lost_10kb,lost_0kb,anchor1_16388,anchor2_16388,enhancer-enhancer,LDLR
16404,16404,16404,16404,chr19,29742500,29747500,chr19,29872500,29877500,lost,0.0098127998323402,0.0140583039127727,0.5186858120359235,0.5186858120359235,Control loop,130000,16404,stable,stable,inter-TAD,ctrl,9.038295,0.51793975,0.31168887,0.049567476,0.5421,0.0597999999999999,0.4918676906933,0.4733270473486574,0.4322503589376265,0.4667705900574966,-0.0185406433446426,0.0345202311198701,0.06426311,lost_2.5kb,lost_10kb,lost_0kb,anchor1_16404,anchor2_16404,enhancer-other,CCNE1
16421,16421,16421,16421,chr19,55130000,55135000,chr19,55450000,55455000,lost,0.0210999054905625,0.0125487354795352,-0.7496945439977271,-0.7496945439977271,Control loop,320000,16421,stable,stable,intra-TAD,ctrl,12.040184,0.3766834,0.188543,0.04645872,0.5745,0.1222,0.5502622054497204,0.5722652249622713,0.3534269520643437,0.4464251389686778,0.0220030195125509,0.0929981869043341,0.054830126,lost_2.5kb,lost_10kb,lost_0kb,anchor1_16421,anchor2_16421,enhancer-enhancer,KMT5C
16462,16462,16462,16462,chr2,31682500,31687500,chr2,33382500,33387500,lost,0.0013514136079308,0.0027140872921108,1.005997834944065,1.005997834944065,Control loop,1700000,16462,stable,stable,uncategorized,ctrl,3.1324062,0.1883416,0.188543,0.040205244,0.4172,0.0492,0.6067484524840623,0.5726952960986486,0.6725713965785616,0.5961615241720023,-0.0340531563854137,-0.0764098724065592,0.045067646,lost_2.5kb,lost_10kb,lost_0kb,anchor1_16462,anchor2_16462,enhancer-other,LTBP1
16463,16463,16463,16463,chr2,33032500,33037500,chr2,33372500,33377500,lost,0.0116699054105402,0.0102473240793155,-0.1875456446928948,-0.1875456446928948,Control loop,340000,16463,stable,stable,intra-TAD,ctrl,3.4913287,0.3766835,0.188543,0.041980263,0.3797,0.0369999999999999,0.6725713965785616,0.5961615241720023,0.6078820854413276,0.5702984563000904,-0.0764098724065592,-0.0375836291412372,0.054094113,lost_2.5kb,lost_10kb,lost_0kb,anchor1_16463,anchor2_16463,enhancer-enhancer,LTBP1
16471,16471,16471,16471,chr2,42820000,42825000,chr2,43605000,43610000,lost,0.0086474231579737,0.0093185424693863,0.1078340292060258,0.1078340292060258,Control loop,785000,16471,stable,stable,uncategorized,ctrl,2.0882702,0.18834177,0.188543,0.022453532,0.3964999999999999,0.0297999999999999,0.6475774490522397,0.7392786910378583,0.7534345599505978,0.7324190180880732,0.0917012419856185,-0.0210155418625246,0.063669816,lost_2.5kb,lost_10kb,lost_0kb,anchor1_16471,anchor2_16471,enhancer-other,ZFP36L2
16472,16472,16472,16472,chr2,42832500,42837500,chr2,43582500,43587500,lost,0.0064147156259826,0.0045409084060908,-0.4984043731920505,-0.4984043731920505,Control loop,750000,16472,stable,stable,intra-TAD,ctrl,16.11885,0.0941708,0.188543,0.03539487,0.4305,0.073,0.6496450368127237,0.6277093502870034,0.7216070246320675,0.6047565830339159,-0.0219356865257203,-0.1168504415981516,0.07776485,lost_2.5kb,lost_10kb,lost_0kb,anchor1_16472,anchor2_16472,enhancer-other,ZFP36L2
16473,16473,16473,16473,chr2,42842500,42847500,chr2,43232500,43237500,lost,0.0050033998161687,0.0039349355401368,-0.3465687385873233,-0.3465687385873233,Control loop,390000,16473,stable,stable,intra-TAD,ctrl,1.0441357,0.65919596,0.66452175,0.022709306,0.5032000000000001,0.0031999999999999,0.6544978719924167,0.6498403120830823,0.7216070246320675,0.6047565830339159,-0.0046575599093343,-0.1168504415981516,0.061051026,lost_2.5kb,lost_10kb,lost_0kb,anchor1_16473,anchor2_16473,enhancer-enhancer,ZFP36L2
16474,16474,16474,16474,chr2,42945000,42950000,chr2,43610000,43615000,lost,0.0062285224582999,0.0046595613421825,-0.4186958211484455,-0.4186958211484455,Control loop,665000,16474,stable,stable,intra-TAD,ctrl,7.798387,2.6838715,0.25587964,0.035448194,0.481,0.0559999999999999,0.5913619524310781,0.5737458427773311,0.5926335939919005,0.6227207330487771,-0.017616109653747,0.0300871390568765,0.061073266,lost_2.5kb,lost_10kb,lost_0kb,anchor1_16474,anchor2_16474,enhancer-enhancer,ZFP36L2
16475,16475,16475,16475,chr2,42962500,42967500,chr2,43482500,43487500,lost,0.0062086007380937,0.0113068160018613,0.8648526606113192,0.8648526606113192,Control loop,520000,16475,stable,stable,intra-TAD,ctrl,2.3493052,6.6625934,0.188543,0.038600132,0.4302,0.1696,0.5913619524310781,0.5737458427773311,0.5115820662438585,0.4761233613961635,-0.017616109653747,-0.0354587048476949,0.043362774,lost_2.5kb,lost_10kb,lost_0kb,anchor1_16475,anchor2_16475,enhancer-enhancer,ZFP36L2
16629,16629,16629,16629,chr2,195332500,195337500,chr2,195652500,195657500,lost,0.011328205222966,0.0121942245392474,0.1062787097359873,0.1062787097359873,Control loop,320000,16629,stable,stable,inter-TAD,ctrl,3.1324053,1.4949632,0.5502541,0.03271542,0.4235,0.033,0.3709396039416989,0.3477886116708067,0.2989769423256366,0.4154738101651913,-0.0231509922708921,0.1164968678395547,0.057694286,lost_2.5kb,lost_10kb,lost_0kb,anchor1_16629,anchor2_16629,promoter-enhancer,SLC39A10
16655,16655,16655,16655,chr2,215302500,215307500,chr2,215422500,215427500,lost,0.0060749661711903,0.0077926110158738,0.3592304280554897,0.3592304280554897,Control loop,120000,16655,stable,stable,intra-TAD,ctrl,8.353086,0.88285244,0.188543,0.03444872,0.4311,0.0293999999999999,0.0319407392799304,0.0367050951470825,0.1617097621714675,0.1649266349137155,0.004764355867152,0.0032168727422479,0.05127828,lost_2.5kb,lost_10kb,lost_0kb,anchor1_16655,anchor2_16655,enhancer-other,ATIC
16672,16672,16672,16672,chr2,223975000,223980000,chr2,224320000,224325000,lost,0.009962387055808,0.0062847149698455,-0.6646441475723517,-0.6646441475723517,Control loop,345000,16672,stable,stable,uncategorized,ctrl,34.09754,1.5773624,0.30849656,0.05271718,0.3974,0.0267999999999999,0.1426852934505422,0.1991538773527969,0.4047064522329722,0.3458265963517731,0.0564685839022547,-0.0588798558811991,0.09633748,lost_2.5kb,lost_10kb,lost_0kb,anchor1_16672,anchor2_16672,enhancer-enhancer,SERPINE2
16673,16673,16673,16673,chr2,223982500,223987500,chr2,225002500,225007500,lost,0.002332630294279,0.0010792197773964,-1.1119689763286065,-1.1119689763286065,Control loop,1020000,16673,stable,stable,uncategorized,ctrl,5.5795965,1.789248,0.29320356,0.026640449,0.4031,0.0226,0.5667400531473489,0.5791794071121944,0.439768136390144,0.4459940332554556,0.0124393539648455,0.0062258968653116,0.065977775,lost_2.5kb,lost_10kb,lost_0kb,anchor1_16673,anchor2_16673,enhancer-enhancer,SERPINE2
16685,16685,16685,16685,chr2,232342500,232347500,chr2,232442500,232447500,lost,,,0.0,0.0,Control loop,100000,16685,stable,,intra-TAD,ctrl,1.1420237,2.9663846,0.22068986,0.024978023,0.5533,0.159,0.4397964346650215,0.3430640269962868,0.4500576831692422,0.4190964065761134,-0.0967324076687347,-0.0309612765931287,0.048454523,lost_2.5kb,lost_10kb,lost_0kb,anchor1_16685,anchor2_16685,enhancer-other,ALPP
16686,16686,16686,16686,chr2,232365000,232370000,chr2,232435000,232440000,lost,,,0.0,0.0,Control loop,70000,16686,,,intra-TAD,ctrl,7.5373535,13.737186,0.188543,0.0410764,0.5912999999999999,0.019,0.4397964346650215,0.3430640269962868,0.5121635405799857,0.4542935622037617,-0.0967324076687347,-0.0578699783762239,0.057875462,lost_2.5kb,lost_10kb,lost_0kb,anchor1_16686,anchor2_16686,enhancer-enhancer,ALPP
16788,16788,16788,16788,chr21,25882500,25887500,chr21,26162500,26167500,lost,0.0114976050424689,0.0141743573800641,0.3019499511969307,0.3019499511969307,Control loop,280000,16788,stable,stable,inter-TAD,ctrl,46.20299,0.7298248,0.45918357,0.048852503,0.4263,0.0917999999999999,-0.2389163475552669,-0.2176576779147687,-0.7338857585317022,-0.7802350487809688,0.0212586696404982,-0.0463492902492665,0.18402952,lost_2.5kb,lost_10kb,lost_0kb,anchor1_16788,anchor2_16788,enhancer-enhancer,APP
16799,16799,16799,16799,chr21,31872500,31877500,chr21,32602500,32607500,lost,0.0065437346217838,0.0041743569448759,-0.6485602725077914,-0.6485602725077914,Control loop,730000,16799,stable,stable,uncategorized,ctrl,3.3934407,0.36491197,0.19193406,0.025287103,0.5332,0.1115999999999999,0.468655344961724,0.4927594221823929,0.6514639405828334,0.6754313464688008,0.0241040772206689,0.0239674058859673,0.059966885,lost_2.5kb,lost_10kb,lost_0kb,anchor1_16799,anchor2_16799,promoter-enhancer,SNORA80A
16800,16800,16800,16800,chr21,32272500,32277500,chr21,32602500,32607500,lost,0.0081101547328545,0.016657696186392,1.0383875402231038,1.0383875402231038,Control loop,330000,16800,stable,stable,uncategorized,ctrl,5.0901613,0.45908302,0.188543,0.039395355,0.4388999999999999,0.077,0.7514885068869257,0.6633046429262326,0.8298263030329303,0.7575429012689174,-0.0881838639606931,-0.0722834017640128,0.052251905,lost_2.5kb,lost_10kb,lost_0kb,anchor1_16800,anchor2_16800,enhancer-other,SNORA80A
16808,16808,16808,16808,chr21,41282500,41287500,chr21,41802500,41807500,lost,0.004180498570604,0.0050600549599249,0.2754780449995133,0.2754780449995133,Control loop,520000,16808,stable,stable,inter-TAD,ctrl,2.8713722,12.583593,0.188543,0.050835017,0.4562,0.1016,-0.0622514747436978,-0.04862433819828,-0.0412554915871999,-0.0414889962880286,0.0136271365454177,-0.0002335047008286,0.041556254,lost_2.5kb,lost_10kb,lost_0kb,anchor1_16808,anchor2_16808,enhancer-enhancer,BACE2
16823,16823,16823,16823,chr22,32652500,32657500,chr22,33202500,33207500,lost,0.0035631814617868,0.0033246033234128,-0.0999837422741045,-0.0999837422741045,Control loop,550000,16823,B_to_A,B_to_A,inter-TAD,ctrl,3.197665,0.0,0.188543,0.043222614,0.4467,0.0418,-0.7044501582619501,-0.8527641657487101,-0.7881505300886926,-0.7708438902048841,-0.1483140074867599,0.0173066398838085,0.03716078,lost_2.5kb,lost_10kb,lost_0kb,anchor1_16823,anchor2_16823,enhancer-other,TIMP3
16828,16828,16828,16828,chr22,38772500,38777500,chr22,39122500,39127500,lost,0.013710617219081,0.0080387027377953,-0.7702589118291981,-0.7702589118291981,Control loop,350000,16828,stable,stable,intra-TAD,ctrl,2.577709,3.1194115,0.20815654,0.049089946,0.5426,0.0515999999999999,0.0893830779919526,0.1060918244257231,0.1257253840723618,0.1818223649450717,0.0167087464337705,0.0560969808727099,0.045939967,lost_2.5kb,lost_10kb,lost_0kb,anchor1_16828,anchor2_16828,enhancer-other,"APOBEC3B,APOBEC3F,NPTXR,SUN2"
16839,16839,16839,16839,chr22,46002500,46007500,chr22,46312500,46317500,lost,0.0127491432441077,0.0046278821132628,-1.4619762796726636,-1.4619762796726636,Control loop,310000,16839,stable,stable,uncategorized,ctrl,0.26103395,0.47085473,0.188543,0.026156858,0.5454,0.1284,0.6973893672569166,0.6035266050758309,0.8139417913347051,0.7766375958498531,-0.0938627621810856,-0.0373041954848519,0.029411923,lost_2.5kb,lost_10kb,lost_0kb,anchor1_16839,anchor2_16839,promoter-other,GTSE1
16846,16846,16846,16846,chr3,4980000,4985000,chr3,5020000,5025000,lost,0.0346736832113883,0.036021466943683,0.0550158400360661,0.0550158400360661,Control loop,40000,16846,stable,stable,intra-TAD,ctrl,2.5450792,0.18834175,0.18854299,0.03572699,0.4609,0.0166,0.4620502890722769,0.4704724679471724,0.442050218108199,0.3453008504930167,0.0084221788748954,-0.0967493676151823,0.04695127,lost_2.5kb,lost_10kb,lost_0kb,anchor1_16846,anchor2_16846,enhancer-enhancer,BHLHE40
16901,16901,16901,16901,chr3,57092500,57097500,chr3,58172500,58177500,lost,0.0031898790823672,0.0018965942115095,-0.7500906993763017,-0.7500906993763017,Control loop,1080000,16901,stable,stable,inter-TAD,ctrl,25.059252,0.30605534,0.188543,0.048941102,0.4783,0.073,,,,,,,0.0821617,lost_2.5kb,lost_10kb,lost_0kb,anchor1_16901,anchor2_16901,enhancer-enhancer,IL17RD
16974,16974,16974,16974,chr3,124752500,124757500,chr3,124982500,124987500,lost,0.0136777571014615,0.006454248192978,-1.0835107126898775,-1.0835107126898775,Control loop,230000,16974,stable,stable,uncategorized,ctrl,6.6889925,0.1883418,0.62992394,0.043053757,0.4674,0.0187999999999999,0.4784298936370568,0.4521317870566035,0.4770133517107469,0.4343307816648878,-0.0262981065804532,-0.042682570045859,0.0735993,lost_2.5kb,lost_10kb,lost_0kb,anchor1_16974,anchor2_16974,enhancer-enhancer,MUC13
16976,16976,16976,16976,chr3,126512500,126517500,chr3,127542500,127547500,lost,0.0022288462060839,0.0036947458996969,0.7291780769237404,0.7291780769237404,Control loop,1030000,16976,stable,stable,uncategorized,ctrl,5.808003,0.37668368,0.19536266,0.029119551,0.5605,0.0074,0.4784298936370568,0.4521317870566035,0.6274902553102842,0.5870658566831851,-0.0262981065804532,-0.0404243986270991,0.051961824,lost_2.5kb,lost_10kb,lost_0kb,anchor1_16976,anchor2_16976,enhancer-enhancer,LINC01471
16977,16977,16977,16977,chr3,126672500,126677500,chr3,127542500,127547500,lost,0.007467872000231,0.0092548242806492,0.3095083983191128,0.3095083983191128,Control loop,870000,16977,stable,stable,uncategorized,ctrl,59.93988,1.0005659,0.20324591,0.045782104,0.4907,0.147,0.6879510313383005,0.5679600992489309,0.6372502882738004,0.596916420651934,-0.1199909320893696,-0.0403338676218664,0.11124274,lost_2.5kb,lost_10kb,lost_0kb,anchor1_16977,anchor2_16977,enhancer-other,LINC01471
17073,17073,17073,17073,chr4,6342500,6347500,chr4,7082500,7087500,lost,0.0071967051796519,0.0115617715547276,0.6839540088025278,0.6839540088025278,Control loop,740000,17073,stable,stable,uncategorized,ctrl,3.1324062,0.18834175,0.188543,0.029692926,0.4777,0.0897999999999999,0.0526087992146822,0.0616386393403013,0.4904120573428033,0.4754903211428098,0.0090298401256191,-0.0149217361999934,0.0590835,lost_2.5kb,lost_10kb,lost_0kb,anchor1_17073,anchor2_17073,enhancer-other,MAN2B2
17120,17120,17120,17120,chr4,73662500,73667500,chr4,73862500,73867500,lost,0.017986842174126,0.0204805975055828,0.1873158806647504,0.1873158806647504,Control loop,200000,17120,stable,stable,inter-TAD,ctrl,0.7831019,4.8498025,0.188543,0.024252579,0.3903999999999999,0.0299999999999999,0.0894690262767703,0.2140372968609079,-0.2728391332858005,-0.2089951976117304,0.1245682705841375,0.06384393567407,0.04191214,lost_2.5kb,lost_10kb,lost_0kb,anchor1_17120,anchor2_17120,enhancer-enhancer,CXCL8
17150,17150,17150,17150,chr4,105512500,105517500,chr4,105712500,105717500,lost,0.0117712449995904,0.0132862906606976,0.1746714645493431,0.1746714645493431,Control loop,200000,17150,stable,stable,intra-TAD,ctrl,0.6199557,2.118846,0.188543,0.031293694,0.3621999999999999,0.0316,-0.8023499339449087,-0.7023826304566638,-0.0968627860822239,-0.1457954234356726,0.0999673034882449,-0.0489326373534487,0.043757614,lost_2.5kb,lost_10kb,lost_0kb,anchor1_17150,anchor2_17150,enhancer-other,ARHGEF38
17160,17160,17160,17160,chr4,113382500,113387500,chr4,114692500,114697500,lost,0.0036369569175242,0.0042224813439979,0.2153592127526305,0.2153592127526305,Control loop,1310000,17160,stable,stable,intra-TAD,ctrl,1.0767651,0.21188465,0.188543,0.03367421,0.3458,0.0892,0.5025931541878882,0.4725304110061484,0.307324662558147,0.2999051398681546,-0.0300627431817397,-0.0074195226899924,0.05658272,lost_2.5kb,lost_10kb,lost_0kb,anchor1_17160,anchor2_17160,enhancer-enhancer,ANK2
17226,17226,17226,17226,chr4,183470000,183475000,chr4,183835000,183840000,lost,0.0100244540231634,0.0063705030924862,-0.6540444483028491,-0.6540444483028491,Control loop,365000,17226,stable,stable,intra-TAD,ctrl,1.5988328,2.4249024,0.21881367,0.029172378,0.408,0.0047999999999999,0.7923341751349485,0.7432128295985629,0.7418101482886985,0.7171556038339543,-0.0491213455363855,-0.0246545444547442,0.03576362,lost_2.5kb,lost_10kb,lost_0kb,anchor1_17226,anchor2_17226,enhancer-other,ING2
17227,17227,17227,17227,chr4,183470000,183475000,chr4,184100000,184105000,lost,0.0103935882102295,0.0089556101370143,-0.214830176172278,-0.214830176172278,Control loop,630000,17227,stable,stable,intra-TAD,ctrl,2.0882702,0.38845474,0.19711314,0.02896807,0.4616,0.1024,0.7087993196134078,0.6569250427825069,0.5102944526861901,0.5046535166950292,-0.0518742768309009,-0.0056409359911608,0.045376398,lost_2.5kb,lost_10kb,lost_0kb,anchor1_17227,anchor2_17227,enhancer-enhancer,ING2
17228,17228,17228,17228,chr4,183472500,183477500,chr4,184162500,184167500,lost,0.0147449573210089,0.0079839768161588,-0.8850422100514866,-0.8850422100514866,Control loop,690000,17228,stable,stable,uncategorized,ctrl,4.4702044,0.71805286,0.188543,0.040435694,0.4391,0.0342,0.7142943888829233,0.6773663586053785,0.5102944526861901,0.5046535166950292,-0.0369280302775447,-0.0056409359911608,0.041486405,lost_2.5kb,lost_10kb,lost_0kb,anchor1_17228,anchor2_17228,enhancer-other,ING2
17254,17254,17254,17254,chr5,33442500,33447500,chr5,34462500,34467500,lost,0.0086499561185369,0.0013178507012271,-2.7145058766707986,-2.7145058766707986,Control loop,1020000,17254,stable,stable,uncategorized,ctrl,22.74258,0.3766835,0.32629907,0.045462593,0.4054,0.0035999999999999,0.6836571498538608,0.6397818331833729,0.8254331616667642,0.7570837092983667,-0.0438753166704879,-0.0683494523683975,0.11446128,lost_2.5kb,lost_10kb,lost_0kb,anchor1_17254,anchor2_17254,enhancer-enhancer,ENSG00000290548
17395,17395,17395,17395,chr5,150462500,150467500,chr5,150842500,150847500,lost,0.0109977363829058,0.0056360870165602,-0.9644408195883084,-0.9644408195883084,Control loop,380000,17395,stable,stable,inter-TAD,ctrl,16.347242,15.161525,0.18854302,0.04830374,0.4998,0.0151999999999999,0.8691887465484699,0.8243527647200878,0.7786934535051049,0.6908106010636181,-0.0448359818283821,-0.0878828524414867,0.06646207,lost_2.5kb,lost_10kb,lost_0kb,anchor1_17395,anchor2_17395,enhancer-enhancer,SYNPO
17490,17490,17490,17490,chr6,28692500,28697500,chr6,29582500,29587500,lost,0.004041932905695,0.002752735236874,-0.5541795182645125,-0.5541795182645125,Control loop,890000,17490,stable,stable,intra-TAD,ctrl,4.2091722,0.09417081,0.23086898,0.024940487,0.4431,0.0338,-0.5616804035299712,-0.529946598143118,-0.5519612567518875,-0.5182827320706735,0.0317338053868532,0.0336785246812139,0.06760537,lost_2.5kb,lost_10kb,lost_0kb,anchor1_17490,anchor2_17490,enhancer-other,GABBR1
17492,17492,17492,17492,chr6,29370000,29375000,chr6,29590000,29595000,lost,0.0095457087905991,0.0077434399287205,-0.3018777165569318,-0.3018777165569318,Control loop,220000,17492,stable,stable,intra-TAD,ctrl,4.9270124,0.08239954,0.188543,0.02963351,0.3829,0.0806,-0.7044501582619501,-0.8527641657487101,-0.989525051933734,-1.0738552957054872,-0.1483140074867599,-0.0843302437717532,0.06001632,lost_2.5kb,lost_10kb,lost_0kb,anchor1_17492,anchor2_17492,enhancer-other,GABBR1
17494,17494,17494,17494,chr6,30480000,30485000,chr6,30730000,30735000,lost,0.0123489508217908,0.0183262690060226,0.5695246271934193,0.5695246271934193,Control loop,250000,17494,stable,,intra-TAD,ctrl,3.1650355,0.28251263,0.20074284,0.03935155,0.4869,0.0369999999999999,0.5970899275990859,0.5830130166524632,0.670177486996123,0.6774918907337868,-0.0140769109466226,0.0073144037376637,0.045690395,lost_2.5kb,lost_10kb,lost_0kb,anchor1_17494,anchor2_17494,enhancer-other,"PPP1R10,TUBB"
17498,17498,17498,17498,chr6,31132500,31137500,chr6,31372500,31377500,lost,0.026162824990494,0.0222964282872364,-0.2307057072875599,-0.2307057072875599,Control loop,240000,17498,stable,stable,intra-TAD,ctrl,21.209,0.5767968,0.26678473,0.050442867,0.4536,0.0632,-0.0001445777958701,0.0201684734798517,-0.1372136179091789,-0.0902283608482374,0.0203130512757219,0.0469852570609415,0.06453203,lost_2.5kb,lost_10kb,lost_0kb,anchor1_17498,anchor2_17498,promoter-other,"HLA-B,HLA-C"
17583,17583,17583,17583,chr6,90942500,90947500,chr6,92772500,92777500,lost,0.0035508150779856,0.0024189980119644,-0.5537406449093015,-0.5537406449093015,Control loop,1830000,17583,stable,stable,uncategorized,ctrl,5.6774826,0.0,0.18854299,0.04924766,0.3736,0.0396,0.0893830779919526,0.1060918244257231,-0.0692579897460474,-0.0022319649803639,0.0167087464337705,0.0670260247656834,0.05839684,lost_2.5kb,lost_10kb,lost_0kb,anchor1_17583,anchor2_17583,enhancer-other,LINC02531
17629,17629,17629,17629,chr6,133930000,133935000,chr6,134065000,134070000,lost,0.0258932451125026,0.0166220984244887,-0.6394732608053109,-0.6394732608053109,Control loop,135000,17629,stable,stable,intra-TAD,ctrl,0.78310096,0.9417094,0.188543,0.023645442,0.4263,0.0346,-0.5974843522356952,-0.5248955389983432,-0.4825570963565624,-0.5015589710972076,0.072588813237352,-0.0190018747406451,0.03601126,lost_2.5kb,lost_10kb,lost_0kb,anchor1_17629,anchor2_17629,other-other,SLC2A12
17647,17647,17647,17647,chr6,149942500,149947500,chr6,150812500,150817500,lost,0.0056537057932946,0.0060202605383426,0.0906291133646723,0.0906291133646723,Control loop,870000,17647,stable,stable,intra-TAD,ctrl,4.078656,0.51793975,0.19467902,0.03134451,0.4901,0.0766,-0.7325262824333547,-0.7302963246288598,-0.0949619422202096,-0.0658622480182752,0.0022299578044948,0.0290996942019344,0.03780179,lost_2.5kb,lost_10kb,lost_0kb,anchor1_17647,anchor2_17647,enhancer-enhancer,ULBP1
17749,17749,17749,17749,chr7,54762500,54767500,chr7,55422500,55427500,lost,0.0077344102972175,0.0058034896370198,-0.4143706455899504,-0.4143706455899504,Control loop,660000,17749,stable,stable,uncategorized,ctrl,5.4490805,0.6474251,0.18854299,0.03797528,0.4502,0.0504,0.5641234346554613,0.474803998923196,0.4907961561569948,0.5389942189771239,-0.0893194357322653,0.048198062820129,0.05751001,lost_2.5kb,lost_10kb,lost_0kb,anchor1_17749,anchor2_17749,enhancer-other,EGFR
17750,17750,17750,17750,chr7,54875000,54880000,chr7,55255000,55260000,lost,0.0141605410679456,0.0105162656376294,-0.429253901645806,-0.429253901645806,Control loop,380000,17750,stable,stable,uncategorized,ctrl,11.518121,0.37668326,0.188543,0.037881672,0.4134,0.0796,0.6846095140256724,0.6361392976631952,0.6352936988505237,0.6453550198680098,-0.0484702163624771,0.0100613210174861,0.05889818,lost_2.5kb,lost_10kb,lost_0kb,anchor1_17750,anchor2_17750,promoter-enhancer,EGFR
17751,17751,17751,17751,chr7,55042500,55047500,chr7,55242500,55247500,lost,0.0089759090556366,0.0058801840702148,-0.6101967414203093,-0.6101967414203093,Control loop,200000,17751,stable,stable,intra-TAD,ctrl,1.3051699,3.3548398,0.19711314,0.026013523,0.4258,0.0108,0.5467495441546723,0.4878922320914366,0.504784056282008,0.4720562987672734,-0.0588573120632356,-0.0327277575147345,0.056318566,lost_2.5kb,lost_10kb,lost_0kb,anchor1_17751,anchor2_17751,enhancer-enhancer,EGFR
17765,17765,17765,17765,chr7,75642500,75647500,chr7,75752500,75757500,lost,0.0322703226137765,,-14.977920380397824,-5.0,Control loop,110000,17765,,stable,uncategorized,ctrl,50.96685,0.24719867,0.24263206,0.04926161,0.4907,0.0162,0.7577820617441959,0.6464496596955015,0.6029765002708483,0.5548667018650297,-0.1113324020486944,-0.0481097984058185,0.12873921,lost_2.5kb,lost_10kb,lost_0kb,anchor1_17765,anchor2_17765,enhancer-enhancer,HIP1
17840,17840,17840,17840,chr7,131555000,131560000,chr7,131650000,131655000,lost,0.0230615020733144,0.0092546680541102,-1.3172333340023057,-1.3172333340023057,Control loop,95000,17840,stable,stable,uncategorized,ctrl,35.272198,1.1653645,0.188543,0.06464339,0.532,0.0432,-0.0580711014000124,-0.0955111654972586,0.2439159253895361,0.265185988597006,-0.0374400640972461,0.0212700632074699,0.085460454,lost_2.5kb,lost_10kb,lost_0kb,anchor1_17840,anchor2_17840,promoter-enhancer,PODXL
17905,17905,17905,17905,chr8,27462500,27467500,chr8,27592500,27597500,lost,0.0431020009624396,0.0360994570272943,-0.2557777087125404,-0.2557777087125404,Control loop,130000,17905,stable,stable,inter-TAD,ctrl,2.6755977,0.1883418,0.20463127,0.035612352,0.5103,0.0026,-0.290028183780763,-0.3324780298088872,0.0070433244758546,-0.0123106954178941,-0.0424498460281241,-0.0193540198937487,0.057631016,lost_2.5kb,lost_10kb,lost_0kb,anchor1_17905,anchor2_17905,enhancer-enhancer,CLU
17906,17906,17906,17906,chr8,27612500,27617500,chr8,27752500,27757500,lost,0.0145951978838548,0.0147846541327471,0.0186067226819894,0.0186067226819894,Control loop,140000,17906,stable,stable,inter-TAD,ctrl,10.441354,0.35314077,0.5279416,0.041517105,0.4544999999999999,0.1181999999999999,-0.290028183780763,-0.3324780298088872,-0.3149010158916315,-0.2872687826627371,-0.0424498460281241,0.0276322332288943,0.16457233,lost_2.5kb,lost_10kb,lost_0kb,anchor1_17906,anchor2_17906,enhancer-other,CLU
17932,17932,17932,17932,chr8,51852500,51857500,chr8,52002500,52007500,lost,0.027352989379683,0.0274454661022007,0.0048693283215167,0.0048693283215167,Control loop,150000,17932,stable,stable,intra-TAD,ctrl,3.6544733,0.9887951,0.188543,0.03505717,0.3917,0.0201999999999999,-0.1395557249752277,-0.1067880424145741,0.1963593608313987,0.1978147638645712,0.0327676825606535,0.0014554030331724,0.066339664,lost_2.5kb,lost_10kb,lost_0kb,anchor1_17932,anchor2_17932,enhancer-enhancer,PCMTD1
18027,18027,18027,18027,chr9,2132500,2137500,chr9,2832500,2837500,lost,0.0077462520000517,0.0070577699226639,-0.1342860354502349,-0.1342860354502349,Control loop,700000,18027,stable,stable,intra-TAD,ctrl,6.558476,2.189474,0.27794334,0.033369508,0.3948,0.0539999999999999,0.5131669365904279,0.6239876916596142,0.5407856845655832,0.4367299077885355,0.1108207550691863,-0.1040557767770476,0.07291299,lost_2.5kb,lost_10kb,lost_0kb,anchor1_18027,anchor2_18027,enhancer-other,VLDLR
18071,18071,18071,18071,chr9,83342500,83347500,chr9,83542500,83547500,lost,0.0173377428938688,0.0105370406247528,-0.7184463577164171,-0.7184463577164171,Control loop,200000,18071,stable,stable,intra-TAD,ctrl,18.79443,0.27074122,0.68796897,0.03855218,0.4271,0.0418,0.352090752780797,0.4195374834788198,0.2576762965161988,0.2597158742324461,0.0674467306980227,0.0020395777162473,0.08950567,lost_2.5kb,lost_10kb,lost_0kb,anchor1_18071,anchor2_18071,enhancer-enhancer,FRMD3
18092,18092,18092,18092,chr9,99822500,99827500,chr9,99902500,99907500,lost,0.0207764961738011,0.0150593694864088,-0.4642910054949769,-0.4642910054949769,Control loop,80000,18092,stable,stable,inter-TAD,ctrl,24.928724,3.6255813,0.188543,0.044889525,0.4867,0.0762,0.5316874461212016,0.5487019102688377,0.4878483893860794,0.5223615644266456,0.0170144641476361,0.0345131750405662,0.08417672,lost_2.5kb,lost_10kb,lost_0kb,anchor1_18092,anchor2_18092,promoter-enhancer,NR4A3
18108,18108,18108,18108,chr9,115112500,115117500,chr9,115512500,115517500,lost,0.006787592258052,0.0083760519009122,0.3033704793388057,0.3033704793388057,Control loop,400000,18108,stable,stable,inter-TAD,ctrl,2.8713727,0.0941708,0.19774023,0.03679929,0.4053,0.0522,0.550573938396154,0.5196372957384917,0.5158760901768366,0.4669957003876492,-0.0309366426576622,-0.0488803897891873,0.0435232,lost_2.5kb,lost_10kb,lost_0kb,anchor1_18108,anchor2_18108,enhancer-enhancer,TNC
18114,18114,18114,18114,chr9,124782500,124787500,chr9,125372500,125377500,lost,0.0105148471383259,0.0088029743489605,-0.2563649077264739,-0.2563649077264739,Control loop,590000,18114,stable,stable,intra-TAD,ctrl,3.3934386,0.0941709,0.22538856,0.030619169,0.5274000000000001,0.0435999999999999,0.5940822804979128,0.591421086806474,0.4996264441468731,0.5312878355316771,-0.0026611936914388,0.031661391384804,0.035856973,lost_2.5kb,lost_10kb,lost_0kb,anchor1_18114,anchor2_18114,enhancer-other,HSPA5
18131,18131,18131,18131,chr9,136332500,136337500,chr9,136642500,136647500,lost,,,0.0,0.0,Control loop,310000,18131,,,uncategorized,ctrl,2.3493047,0.55325395,0.36944237,0.033484228,0.6345000000000001,0.0417999999999999,0.2180118232471675,0.2499521098913899,0.0981474761915645,0.0705082218629569,0.0319402866442223,-0.0276392543286075,0.08999803,lost_2.5kb,lost_10kb,lost_0kb,anchor1_18131,anchor2_18131,enhancer-enhancer,NOTCH1
18150,18150,18150,18150,chrX,37512500,37517500,chrX,38172500,38177500,lost,0.0087349263158474,0.0029734704122243,-1.5546478131035508,-1.5546478131035508,Control loop,660000,18150,stable,stable,uncategorized,ctrl,20.197495,2.1541598,0.188543,0.044095993,0.4175,0.0317999999999999,0.3642251539256503,0.2775112817968679,0.4433943935409606,0.4274811519928378,-0.0867138721287824,-0.0159132415481227,0.083457895,lost_2.5kb,lost_10kb,lost_0kb,anchor1_18150,anchor2_18150,other-other,SRPX
18151,18151,18151,18151,chrX,37922500,37927500,chrX,38162500,38167500,lost,0.0520506860965054,0.0517909245123317,-0.0072178682283093,-0.0072178682283093,Control loop,240000,18151,stable,stable,uncategorized,ctrl,5.644858,1.7539344,0.188543,0.030581564,0.3788,0.0479999999999999,0.3642251539256503,0.2775112817968679,0.3556117439579731,0.3776583625838112,-0.0867138721287824,0.022046618625838,0.054833934,lost_2.5kb,lost_10kb,lost_0kb,anchor1_18151,anchor2_18151,enhancer-other,SRPX
18211,18211,18211,18211,chrX,152952500,152957500,chrX,153652500,153657500,lost,0.0112315969204217,0.0151102728096858,0.4279666417553861,0.4279666417553861,Control loop,700000,18211,stable,,uncategorized,ctrl,11.126564,0.69450957,0.188543,0.043430686,0.4427999999999999,0.0187999999999999,0.4482656819632761,0.4902856749387036,0.666501875087753,0.5691322515105792,0.0420199929754274,-0.0973696235771738,0.05672689,lost_2.5kb,lost_10kb,lost_0kb,anchor1_18211,anchor2_18211,other-other,ZNF185
18224,18224,18224,18224,chr1,16562500,16567500,chr1,21422500,21427500,lost,0.0037822253559668,0.0010943759193994,-1.7891269351212231,-1.7891269351212231,Control loop,4860000,18224,stable,stable,intra-TAD,ctrl,0.5220679,0.9887952,0.188543,0.02770812,0.4283,0.0094,0.5914093196202987,0.5410834332533535,0.5360263547012554,0.5471423004771163,-0.0503258863669452,0.0111159457758609,0.047929656,lost_2.5kb,lost_10kb,lost_0kb,anchor1_18224,anchor2_18224,other-other,ECE1
18230,18230,18230,18230,chr1,27100000,27105000,chr1,27195000,27200000,lost,0.0274888475157435,0.0214695671858299,-0.3565533147927687,-0.3565533147927687,Control loop,95000,18230,stable,stable,intra-TAD,ctrl,3.8502493,0.3178267,0.188543,0.024532333,0.5347999999999999,0.1256,0.4283963739477846,0.4837065102188532,0.4452294814888448,0.541993106848252,0.0553101362710685,0.0967636253594071,0.06254026,lost_2.5kb,lost_10kb,lost_0kb,anchor1_18230,anchor2_18230,enhancer-enhancer,SLC9A1
18242,18242,18242,18242,chr1,53802500,53807500,chr1,55242500,55247500,lost,0.0046573712594006,0.0009797333724229,-2.249054801862045,-2.249054801862045,Control loop,1440000,18242,stable,stable,intra-TAD,ctrl,10.049802,0.47085452,0.21768147,0.046079293,0.4254,0.0315999999999999,-0.2961062629700827,-0.2158804358204302,-0.6685055616285405,-0.4501937887998459,0.0802258271496525,0.2183117728286945,0.06673451,lost_2.5kb,lost_10kb,lost_0kb,anchor1_18242,anchor2_18242,enhancer-enhancer,PCSK9
18254,18254,18254,18254,chr1,153792500,153797500,chr1,154332500,154337500,lost,0.0115180392898845,0.0089540402612467,-0.3632844380688709,-0.3632844380688709,Control loop,540000,18254,stable,stable,inter-TAD,ctrl,15.498886,7.698477,0.188543,0.054826654,0.5331,0.1086,0.660760415188601,0.6170983441766429,0.7129771325983743,0.7434618113100757,-0.043662071011958,0.0304846787117014,0.050169125,lost_2.5kb,lost_10kb,lost_0kb,anchor1_18254,anchor2_18254,promoter-enhancer,GATAD2B
18265,18265,18265,18265,chr1,179702500,179707500,chr1,179822500,179827500,lost,0.0163072285768615,0.010231041979159,-0.6725585323496961,-0.6725585323496961,Control loop,120000,18265,stable,stable,inter-TAD,ctrl,9.560367,1.7774773,0.25603658,0.0422362,0.4567,0.0826,0.3471422988694679,0.3509179806459479,0.2525969806482093,0.243937769576062,0.0037756817764799,-0.0086592110721472,0.075329065,lost_2.5kb,lost_10kb,lost_0kb,anchor1_18265,anchor2_18265,enhancer-enhancer,ENSG00000307581
18267,18267,18267,18267,chr1,182960000,182965000,chr1,183280000,183285000,lost,0.0110778649764765,0.0120146408524461,0.1171136640558692,0.1171136640558692,Control loop,320000,18267,stable,stable,intra-TAD,ctrl,11.191822,0.37668368,0.8523619,0.03031751,0.4552,0.1272,-0.4459520205563082,-0.380357481191288,-1.0442673964185851,-1.0072832007738453,0.0655945393650201,0.03698419564474,0.2077052,lost_2.5kb,lost_10kb,lost_0kb,anchor1_18267,anchor2_18267,enhancer-enhancer,LAMC2
18281,18281,18281,18281,chr1,229782500,229787500,chr1,230312500,230317500,lost,0.0114886543982448,0.005689320564701,-1.0138815560166956,-1.0138815560166956,Control loop,530000,18281,stable,stable,inter-TAD,ctrl,33.771248,0.54148257,0.188543,0.065404244,0.4573,0.0141999999999999,0.3835714232294092,0.3665659421506954,0.2216910746894635,0.2496420171063865,-0.0170054810787138,0.027950942416923,0.16377226,lost_2.5kb,lost_10kb,lost_0kb,anchor1_18281,anchor2_18281,enhancer-other,GALNT2
18309,18309,18309,18309,chr10,58530000,58535000,chr10,58635000,58640000,lost,0.0151344489909762,0.0117720436718559,-0.3624713515498478,-0.3624713515498478,Control loop,105000,18309,stable,stable,intra-TAD,ctrl,1.566203,0.7533671,0.20815654,0.025642086,0.3718,0.0216,-0.2025057436428319,-0.1585518848651727,-0.328603683368128,-0.25822399525167,0.0439538587776591,0.0703796881164579,0.042011593,lost_2.5kb,lost_10kb,lost_0kb,anchor1_18309,anchor2_18309,enhancer-enhancer,BICC1
18315,18315,18315,18315,chr10,71312500,71317500,chr10,71892500,71897500,lost,0.0099528954131212,0.0052847162428211,-0.9132902737725136,-0.9132902737725136,Control loop,580000,18315,stable,stable,uncategorized,ctrl,2.871372,0.094170906,0.2142534,0.030274417,0.4794,0.0383999999999999,0.4481991841875111,0.5257282983158348,0.267470239308348,0.3245608483756447,0.0775291141283237,0.0570906090672967,0.06403423,lost_2.5kb,lost_10kb,lost_0kb,anchor1_18315,anchor2_18315,enhancer-enhancer,PSAP
18373,18373,18373,18373,chr11,95152500,95157500,chr11,95362500,95367500,lost,0.0100610280306183,0.0058304288495909,-0.7871038185116233,-0.7871038185116233,Control loop,210000,18373,stable,stable,inter-TAD,ctrl,3.1324072,0.5532541,0.22233844,0.030531993,0.4287,0.0242,-0.5547349614673046,-0.4666573761009133,-0.9287036193557172,-0.89565786971901,0.0880775853663912,0.0330457496367072,0.045355998,lost_2.5kb,lost_10kb,lost_0kb,anchor1_18373,anchor2_18373,enhancer-enhancer,SESN3
18410,18410,18410,18410,chr12,116742500,116747500,chr12,116882500,116887500,lost,0.0197148150998895,0.005317811054198,-1.8903757566629544,-1.8903757566629544,Control loop,140000,18410,stable,stable,intra-TAD,ctrl,3.1324067,0.48262593,0.19750416,0.036094863,0.4816,0.0307999999999999,-0.820918723305749,-0.6696910591440215,-0.7356955544421034,-0.5786201171642025,0.1512276641617275,0.1570754372779009,0.033253156,lost_2.5kb,lost_10kb,lost_0kb,anchor1_18410,anchor2_18410,enhancer-enhancer,RNFT2
18458,18458,18458,18458,chr14,92690000,92695000,chr14,92770000,92775000,lost,0.0263703033653538,0.0188617500831073,-0.4834506257891212,-0.4834506257891212,Control loop,80000,18458,stable,stable,intra-TAD,ctrl,26.168636,0.15302776,0.40392098,0.050400935,0.4836,0.1215999999999999,0.0820380004013666,0.0713054723953383,-0.0015595021418598,0.0631442607257081,-0.0107325280060283,0.0647037628675679,0.12999636,lost_2.5kb,lost_10kb,lost_0kb,anchor1_18458,anchor2_18458,enhancer-enhancer,LGMN
18506,18506,18506,18506,chr17,15802500,15807500,chr17,20602500,20607500,lost,0.0305187561176633,0.0171851787772441,-0.8285313019289773,-0.8285313019289773,Control loop,4800000,18506,stable,stable,intra-TAD,ctrl,6.4279556,0.18834169,0.21049663,0.047222115,0.4328,0.0383999999999999,-0.0623520847423197,-0.0496504369057897,0.2010279659463967,0.1766741598223198,0.01270164783653,-0.0243538061240769,0.048124734,lost_2.5kb,lost_10kb,lost_0kb,anchor1_18506,anchor2_18506,other-other,"SNORD3A,SNORD3B-2,SNORD3C"
18512,18512,18512,18512,chr17,40372500,40377500,chr17,40532500,40537500,lost,0.0247861105583121,0.0166237832469301,-0.5762831526135317,-0.5762831526135317,Control loop,160000,18512,stable,stable,intra-TAD,ctrl,0.26103398,0.9534801,0.188543,0.027848428,0.4937,0.0074,0.1365819461464443,0.1643007490019324,0.0498926149707202,0.1028951483704908,0.0277188028554881,0.0530025333997705,0.041765425,lost_2.5kb,lost_10kb,lost_0kb,anchor1_18512,anchor2_18512,enhancer-enhancer,"ENSG00000279806,TNS4"
18557,18557,18557,18557,chr19,41705000,41710000,chr19,41785000,41790000,lost,0.0261002065306483,0.0173558204629146,-0.588641655468169,-0.588641655468169,Control loop,80000,18557,stable,stable,intra-TAD,ctrl,4.0133953,4.21415,0.18854299,0.054984577,0.515,0.0795999999999999,0.3182808892956889,0.3335347124886148,0.3552142381963906,0.290981339295544,0.0152538231929259,-0.0642328989008466,0.04557831,lost_2.5kb,lost_10kb,lost_0kb,anchor1_18557,anchor2_18557,promoter-enhancer,CEACAM5
18559,18559,18559,18559,chr19,44902500,44907500,chr19,45332500,45337500,lost,0.0184342436546492,0.0162820921982668,-0.1791021314348545,-0.1791021314348545,Control loop,430000,18559,stable,stable,inter-TAD,ctrl,0.7178434,0.68273884,0.2073973,0.024870882,0.5397000000000001,0.0814,0.342809549079073,0.2807382234973785,0.3391238176753183,0.4178749754403428,-0.0620713255816945,0.0787511577650245,0.046475872,lost_2.5kb,lost_10kb,lost_0kb,anchor1_18559,anchor2_18559,promoter-other,CLPTM1
18560,18560,18560,18560,chr19,47015000,47020000,chr19,47120000,47125000,lost,0.0305246461962295,0.0212730405784837,-0.5209483193966468,-0.5209483193966468,Control loop,105000,18560,stable,stable,uncategorized,ctrl,1.7946086,0.42376918,0.188543,0.027859189,0.4952,0.0279999999999999,0.342809549079073,0.2807382234973785,0.4054919552666949,0.4394227081033644,-0.0620713255816945,0.0339307528366695,0.054632023,lost_2.5kb,lost_10kb,lost_0kb,anchor1_18560,anchor2_18560,promoter-enhancer,ZC3H4
18595,18595,18595,18595,chr2,70082500,70087500,chr2,70252500,70257500,lost,0.0115828385351883,0.0076731964961174,-0.5940892438891883,-0.5940892438891883,Control loop,170000,18595,stable,stable,inter-TAD,ctrl,0.783102,0.0588568,0.188543,0.030610848,0.4533,0.0446,0.5316874461212016,0.5487019102688377,0.4878483893860794,0.5223615644266456,0.0170144641476361,0.0345131750405662,0.04361171,lost_2.5kb,lost_10kb,lost_0kb,anchor1_18595,anchor2_18595,promoter-enhancer,PCBP1
18633,18633,18633,18633,chr2,195672500,195677500,chr2,196062500,196067500,lost,0.0081291036940827,0.0047679728708085,-0.7697202640587116,-0.7697202640587116,Control loop,390000,18633,stable,stable,uncategorized,ctrl,1.0441357,4.590833,0.20158452,0.025298137,0.3812,0.0051999999999999,0.086830108170086,0.1560964401331714,0.1953936538422286,0.2501458110054546,0.0692663319630854,0.054752157163226,0.029428862,lost_2.5kb,lost_10kb,lost_0kb,anchor1_18633,anchor2_18633,other-other,SLC39A10
18646,18646,18646,18646,chr2,213252500,213257500,chr2,215912500,215917500,lost,0.0094193867518329,0.00714831252269,-0.398030426313175,-0.398030426313175,Control loop,2660000,18646,stable,stable,intra-TAD,ctrl,29.65998,0.3531409,0.2112982,0.051309273,0.384,0.0196,0.5073033254349363,0.4932971336117691,0.4397752638471682,0.4398588481400226,-0.0140061918231671,8.358429285432178e-05,0.05683477,lost_2.5kb,lost_10kb,lost_0kb,anchor1_18646,anchor2_18646,enhancer-enhancer,ATIC
18650,18650,18650,18650,chr2,223982500,223987500,chr2,224642500,224647500,lost,0.0064634680404345,0.0025082986608405,-1.3655993268157285,-1.3655993268157285,Control loop,660000,18650,stable,stable,inter-TAD,ctrl,3.4260693,0.5532538,0.20107275,0.031719252,0.4265,0.0242,0.2643182695836056,0.4401639788046047,0.2701425308061627,0.1743300977074304,0.175845709220999,-0.0958124330987322,0.049928837,lost_2.5kb,lost_10kb,lost_0kb,anchor1_18650,anchor2_18650,enhancer-enhancer,SERPINE2
18685,18685,18685,18685,chr22,28852500,28857500,chr22,29242500,29247500,lost,0.0157630321469957,0.0149441864541269,-0.0769607152278534,-0.0769607152278534,Control loop,390000,18685,stable,B_to_A,intra-TAD,ctrl,3.3608105,1.2242229,0.188543,0.03545324,0.4734,0.0595999999999999,-0.2946564512436655,-0.2340983337535361,-0.1591990987883758,-0.1667755090969764,0.0605581174901294,-0.0075764103086005,0.034488857,lost_2.5kb,lost_10kb,lost_0kb,anchor1_18685,anchor2_18685,enhancer-other,KREMEN1
18690,18690,18690,18690,chr22,38762500,38767500,chr22,39002500,39007500,lost,0.0175697116219683,0.0099526469893731,-0.8199383334995625,-0.8199383334995625,Control loop,240000,18690,stable,stable,inter-TAD,ctrl,6.7542515,0.43554026,0.188543,0.043117538,0.5076,0.0852,0.3195981941240504,0.1518526140775556,0.5240428110928197,0.5405017763253563,-0.1677455800464947,0.0164589652325366,0.047506195,lost_2.5kb,lost_10kb,lost_0kb,anchor1_18690,anchor2_18690,enhancer-enhancer,"APOBEC3B,NPTXR,SUN2"
18695,18695,18695,18695,chr22,46122500,46127500,chr22,46542500,46547500,lost,0.0161498025025187,0.0101803238208234,-0.6657330700635641,-0.6657330700635641,Control loop,420000,18695,stable,stable,uncategorized,ctrl,3.8828766,0.45908302,0.188543,0.03323219,0.5757000000000001,0.1038,0.6796534067756557,0.5817770017958942,0.679469874122466,0.6632362324833418,-0.0978764049797614,-0.0162336416391241,0.036663946,lost_2.5kb,lost_10kb,lost_0kb,anchor1_18695,anchor2_18695,enhancer-enhancer,GTSE1
18699,18699,18699,18699,chr3,9992500,9997500,chr3,11872500,11877500,lost,0.0093221086395171,0.0090257822267396,-0.0466043563363318,-0.0466043563363318,Control loop,1880000,18699,stable,stable,intra-TAD,ctrl,8.744642,5.038146,0.21293493,0.03847993,0.3911,0.0186,0.5166181174557194,0.4232972079963848,0.2439159253895361,0.265185988597006,-0.0933209094593345,0.0212700632074699,0.05366323,lost_2.5kb,lost_10kb,lost_0kb,anchor1_18699,anchor2_18699,enhancer-other,HRH1
18709,18709,18709,18709,chr3,56992500,56997500,chr3,57162500,57167500,lost,0.0117577696828026,0.0065126763049574,-0.8522919947426273,-0.8522919947426273,Control loop,170000,18709,stable,stable,inter-TAD,ctrl,25.581312,3.1900403,0.3090299,0.0364232,0.498,0.0835999999999999,0.6468839094493549,0.6851861565621759,0.6607127094402817,0.6603226202272159,0.0383022471128209,-0.0003900892130658,0.09131636,lost_2.5kb,lost_10kb,lost_0kb,anchor1_18709,anchor2_18709,promoter-enhancer,IL17RD
18720,18720,18720,18720,chr3,121152500,121157500,chr3,130722500,130727500,lost,0.0064906314820923,0.0021877419142031,-1.5689162919246693,-1.5689162919246693,Control loop,9570000,18720,stable,stable,intra-TAD,ctrl,2.284046,2.2130172,0.188543,0.036686964,0.3262,0.0004,0.6787938227633105,0.6517742933843292,,,-0.0270195293789812,,0.03156212,lost_2.5kb,lost_10kb,lost_0kb,anchor1_18720,anchor2_18720,enhancer-enhancer,"LINC01471,MUC13"
18722,18722,18722,18722,chr3,124562500,124567500,chr3,124902500,124907500,lost,0.0078804526915871,0.0054138711297722,-0.5416179610277015,-0.5416179610277015,Control loop,340000,18722,stable,stable,uncategorized,ctrl,3.6544747,1.4361066,0.23002249,0.030307172,0.4706,0.0559999999999999,0.7066889478590254,0.6298350430472991,0.563833541479481,0.511660181259919,-0.0768539048117262,-0.0521733602195619,0.03919895,lost_2.5kb,lost_10kb,lost_0kb,anchor1_18722,anchor2_18722,enhancer-enhancer,MUC13
18759,18759,18759,18759,chr4,73662500,73667500,chr4,74032500,74037500,lost,0.008419747553726,0.0063514556633801,-0.4066897031496453,-0.4066897031496453,Control loop,370000,18759,stable,stable,intra-TAD,ctrl,22.383644,0.10594215,0.1945801,0.05787666,0.373,0.0647999999999999,0.5813957350090974,0.6309066840889095,0.6395914794167604,0.6589760667936689,0.0495109490798121,0.0193845873769085,0.072289266,lost_2.5kb,lost_10kb,lost_0kb,anchor1_18759,anchor2_18759,enhancer-enhancer,CXCL8
18770,18770,18770,18770,chr4,109425000,109430000,chr4,109825000,109830000,lost,0.0218920302596557,0.0136088295366893,-0.6858627664028623,-0.6858627664028623,Control loop,400000,18770,stable,stable,intra-TAD,ctrl,3.6544755,0.1883417,0.29298767,0.027195103,0.3631,0.0554,,,0.3634405537823522,0.350224761387997,,-0.0132157923943552,0.029427823,lost_2.5kb,lost_10kb,lost_0kb,anchor1_18770,anchor2_18770,other-other,GAR1
18881,18881,18881,18881,chr6,133842500,133847500,chr6,134102500,134107500,lost,0.0086201347813397,0.0067742319071274,-0.3476530504646509,-0.3476530504646509,Control loop,260000,18881,stable,stable,inter-TAD,ctrl,0.0,0.0,0.18929717,0.025655027,0.3624,0.0664,-0.0832847493011758,-0.0647754439603575,-0.20317658159705,-0.101252748487504,0.0185093053408182,0.1019238331095459,0.035692394,lost_2.5kb,lost_10kb,lost_0kb,anchor1_18881,anchor2_18881,enhancer-other,SLC2A12
18893,18893,18893,18893,chr6,149932500,149937500,chr6,150332500,150337500,lost,0.0117023040989819,0.0074341763351983,-0.6545478002164927,-0.6545478002164927,Control loop,400000,18893,stable,stable,inter-TAD,ctrl,2.8713722,0.0,0.19711314,0.042847775,0.4409,0.0081999999999999,0.1777611904252832,0.1363480958422522,0.3391238176753183,0.4178749754403428,-0.0414130945830309,0.0787511577650245,0.04170008,lost_2.5kb,lost_10kb,lost_0kb,anchor1_18893,anchor2_18893,promoter-enhancer,ULBP1
18989,18989,18989,18989,chr9,33592500,33597500,chr9,38542500,38547500,lost,0.0219994333613631,0.0118730673704944,-0.8897736658161123,-0.8897736658161123,Control loop,4950000,18989,stable,stable,uncategorized,ctrl,9.397219,0.2825126,0.188543,0.03907756,0.5196,0.0823999999999999,0.5509905352092453,0.4685874959802074,0.4804618645019841,0.5531968516758732,-0.0824030392290379,0.072734987173889,0.050190568,lost_2.5kb,lost_10kb,lost_0kb,anchor1_18989,anchor2_18989,enhancer-other,TPM2
18998,18998,18998,18998,chr9,83832500,83837500,chr9,84312500,84317500,lost,0.0111877198589657,0.0040777757170045,-1.4560617016910806,-1.4560617016910806,Control loop,480000,18998,stable,stable,inter-TAD,ctrl,0.26103398,2.8722138,0.24533306,0.041657466,0.3789,0.1294,0.8397815072256256,0.658488893956762,0.6186646041240389,0.6378858000302119,-0.1812926132688636,0.0192211959061729,0.03232414,lost_2.5kb,lost_10kb,lost_0kb,anchor1_18998,anchor2_18998,other-other,KIF27
19054,19054,19054,19054,chr1,9780000,9785000,chr1,9865000,9870000,gained,0.0491330547021674,0.0387432988699654,-0.342747137055419,-0.342747137055419,Mutant loop,85000,19054,stable,stable,intra-TAD,rbp1,4.8291264,0.2825126,0.20144331,0.043898877,0.4727,0.0989999999999999,-0.0661751453545798,-0.0704811696085188,0.0016736745298529,-0.0448280417705175,-0.0043060242539389,-0.0465017163003705,0.04750619,gained_2.5kb,gained_10kb,gained_0kb,anchor1_19054,anchor2_19054,promoter-enhancer,CLSTN1
19101,19101,19101,19101,chr1,21225000,21230000,chr1,21575000,21580000,gained,0.0154270209249217,0.0100328246473248,-0.6207316530741869,-0.6207316530741869,Mutant loop,350000,19101,stable,stable,intra-TAD,rbp1,4.9922733,0.0,0.2027483,0.040525798,0.5263,0.0262,0.646760915032792,0.6428329924408033,0.5730812901470256,0.5290005899529037,-0.0039279225919887,-0.0440807001941219,0.04460769,gained_2.5kb,gained_10kb,gained_0kb,anchor1_19101,anchor2_19101,enhancer-enhancer,ECE1
19102,19102,19102,19102,chr1,21232500,21237500,chr1,21352500,21357500,gained,0.0281274805324713,0.0276452444238325,-0.0249490044240749,-0.0249490044240749,Mutant loop,120000,19102,stable,stable,intra-TAD,rbp1,1.2399114,0.84753835,0.19054878,0.03127091,0.4979,0.0458,0.8421652215839533,0.7514828299291444,0.7241158875951582,0.7216320225887598,-0.0906823916548089,-0.0024838650063984,0.029986553,gained_2.5kb,gained_10kb,gained_0kb,anchor1_19102,anchor2_19102,enhancer-other,ECE1
19106,19106,19106,19106,chr1,22422500,22427500,chr1,22932500,22937500,gained,0.0076259694297531,0.0084836549281258,0.153765192835825,0.153765192835825,Mutant loop,510000,19106,stable,stable,intra-TAD,rbp1,0.52206796,0.18834169,0.188543,0.026331292,0.4700999999999999,0.0257999999999999,0.6238267028007191,0.6799777506697436,0.6442983903836096,0.5849214345560252,0.0561510478690245,-0.0593769558275844,0.049777746,gained_2.5kb,gained_10kb,gained_0kb,anchor1_19106,anchor2_19106,other-other,EPHB2
19107,19107,19107,19107,chr1,22662500,22667500,chr1,22912500,22917500,gained,0.0140936644234102,0.0115537695027194,-0.2866831500004423,-0.2866831500004423,Mutant loop,250000,19107,stable,stable,intra-TAD,rbp1,13.834793,0.2707414,0.40771496,0.03707129,0.5328999999999999,0.0574,0.7183722826729413,0.6208207122525017,0.6480670023299092,0.5633993779909506,-0.0975515704204396,-0.0846676243389585,0.08518421,gained_2.5kb,gained_10kb,gained_0kb,anchor1_19107,anchor2_19107,enhancer-enhancer,EPHB2
19108,19108,19108,19108,chr1,22662500,22667500,chr1,22942500,22947500,gained,0.0207688851147476,0.0144342703289179,-0.524925594280408,-0.524925594280408,Mutant loop,280000,19108,stable,stable,intra-TAD,rbp1,14.617894,0.47085446,0.43047014,0.038352378,0.4710999999999999,0.0661999999999999,0.6926265183500817,0.6462024200915953,0.6442983903836096,0.5849214345560252,-0.0464240982584863,-0.0593769558275844,0.10641301,gained_2.5kb,gained_10kb,gained_0kb,anchor1_19108,anchor2_19108,enhancer-enhancer,EPHB2
19109,19109,19109,19109,chr1,22670000,22675000,chr1,22960000,22965000,gained,0.0201243057132259,0.0182875570834128,-0.1380766435850436,-0.1380766435850436,Mutant loop,290000,19109,stable,stable,uncategorized,rbp1,4.176542,0.20011306,0.23405339,0.03958589,0.5177,0.009,0.6926265183500817,0.6462024200915953,0.6480670023299092,0.5633993779909506,-0.0464240982584863,-0.0846676243389585,0.06926606,gained_2.5kb,gained_10kb,gained_0kb,anchor1_19109,anchor2_19109,promoter-enhancer,EPHB2
19131,19131,19131,19131,chr1,27290000,27295000,chr1,27610000,27615000,gained,0.0088757074126936,0.0091972180133306,0.0513354289119444,0.0513354289119444,Mutant loop,320000,19131,stable,stable,intra-TAD,rbp1,7.765751,1.224222,0.188543,0.06421807,0.488,0.0507999999999999,0.1625586565442248,0.2417304972955387,0.2030210699161551,0.3363829186251132,0.0791718407513138,0.1333618487089581,0.06219305,gained_2.5kb,gained_10kb,gained_0kb,anchor1_19131,anchor2_19131,enhancer-enhancer,MAP3K6
19133,19133,19133,19133,chr1,28405000,28410000,chr1,28605000,28610000,gained,0.0229868516406324,0.0186462186084981,-0.3019257966851053,-0.3019257966851053,Mutant loop,200000,19133,stable,stable,intra-TAD,rbp1,18.63129,0.09417085,0.41396928,0.044630293,0.4313,0.0917999999999999,-0.0163187090149978,0.0254328950115635,-0.6173021841257307,-0.5510952261846235,0.0417516040265614,0.0662069579411072,0.13181013,gained_2.5kb,gained_10kb,gained_0kb,anchor1_19133,anchor2_19133,enhancer-enhancer,"PHACTR4,SNORA73B"
19134,19134,19134,19134,chr1,28412500,28417500,chr1,28502500,28507500,gained,,0.0254431350193003,14.634988825255803,5.0,Mutant loop,90000,19134,stable,,intra-TAD,rbp1,7.896269,0.2707413,0.20088807,0.060306273,0.4354,0.0907999999999999,0.3062930742271253,0.2344166315686149,-0.6173021841257307,-0.5510952261846235,-0.0718764426585103,0.0662069579411072,0.051307667,gained_2.5kb,gained_10kb,gained_0kb,anchor1_19134,anchor2_19134,promoter-enhancer,PHACTR4
19164,19164,19164,19164,chr1,37695000,37700000,chr1,37860000,37865000,gained,0.0057841687868148,0.0131971129774986,1.1900408006736936,1.1900408006736936,Mutant loop,165000,19164,stable,stable,intra-TAD,rbp1,3.6544743,0.0,0.19763517,0.044684753,0.4512,0.0691999999999999,-0.200419452485673,-0.1557300946694215,0.0727217260136948,0.0418978974179718,0.0446893578162515,-0.0308238285957229,0.050747216,gained_2.5kb,gained_10kb,gained_0kb,anchor1_19164,anchor2_19164,promoter-enhancer,CDCA8
19181,19181,19181,19181,chr1,43230000,43235000,chr1,43620000,43625000,gained,0.0031653186520714,0.0079164053496615,1.3224947428564755,1.3224947428564755,Mutant loop,390000,19181,stable,stable,uncategorized,rbp1,1.7293493,0.2707414,0.19527668,0.04689595,0.5182,0.0456,0.5796391361459501,0.5014405999578481,0.4337892071356608,0.4910075634468686,-0.078198536188102,0.0572183563112078,0.030077485,gained_2.5kb,gained_10kb,gained_0kb,anchor1_19181,anchor2_19181,enhancer-enhancer,"CDC20,PTPRF"
19182,19182,19182,19182,chr1,43232500,43237500,chr1,43422500,43427500,gained,0.0178958102370615,0.0166777734814083,-0.101695164843521,-0.101695164843521,Mutant loop,190000,19182,stable,stable,inter-TAD,rbp1,0.52206796,0.42376918,0.19846633,0.03883799,0.5457000000000001,0.0557999999999999,0.5841654554220056,0.5463220298429943,0.7459953415111809,0.7050815325435926,-0.0378434255790113,-0.0409138089675882,0.035191067,gained_2.5kb,gained_10kb,gained_0kb,anchor1_19182,anchor2_19182,enhancer-enhancer,CDC20
19425,19425,19425,19425,chr1,117512500,117517500,chr1,117742500,117747500,gained,0.0093829099495426,0.0139157800701891,0.5686144588805663,0.5686144588805663,Mutant loop,230000,19425,stable,stable,intra-TAD,rbp1,3.5892148,1.3654785,0.24963403,0.041797277,0.3751,0.0398,-1.9446518117917155,-2.208816158322727,-1.5040173694844317,-1.6665584525017976,-0.2641643465310117,-0.1625410830173659,0.036617808,gained_2.5kb,gained_10kb,gained_0kb,anchor1_19425,anchor2_19425,enhancer-other,TENT5C
19426,19426,19426,19426,chr1,117522500,117527500,chr1,117902500,117907500,gained,0.0035406154107825,0.0042268290196823,0.2555756111807015,0.2555756111807015,Mutant loop,380000,19426,stable,stable,intra-TAD,rbp1,2.6103387,0.1883418,0.20052226,0.032351006,0.3429999999999999,0.0227999999999999,0.0638085694429166,-0.007700922217603,-0.0986115356285871,-0.1189552746026693,-0.0715094916605196,-0.0203437389740822,0.07808743,gained_2.5kb,gained_10kb,gained_0kb,anchor1_19426,anchor2_19426,enhancer-other,TENT5C
19431,19431,19431,19431,chr1,119370000,119375000,chr1,119670000,119675000,gained,0.0115192215699146,0.0122235866344212,0.0856244340118593,0.0856244340118593,Mutant loop,300000,19431,stable,stable,uncategorized,rbp1,0.0,0.1883419,0.23008636,0.024587488,0.3985999999999999,0.0419999999999999,0.418644001004861,0.5750601504710077,0.5357413852563014,0.6895848104136956,0.1564161494661466,0.1538434251573941,0.025794037,gained_2.5kb,gained_10kb,gained_0kb,anchor1_19431,anchor2_19431,enhancer-enhancer,PHGDH
19435,19435,19435,19435,chr1,119615000,119620000,chr1,119670000,119675000,gained,0.0491128151444563,0.057888826302501,0.2371853860616573,0.2371853860616573,Mutant loop,55000,19435,stable,stable,intra-TAD,rbp1,46.822952,0.3766835,0.24372059,0.038158678,0.4183,0.0814,0.225420655405528,0.3253172809328624,0.2920659213806409,0.4139716939210638,0.0998966255273343,0.1219057725404228,0.09602404,gained_2.5kb,gained_10kb,gained_0kb,anchor1_19435,anchor2_19435,enhancer-enhancer,PHGDH
19440,19440,19440,19440,chr1,149895000,149900000,chr1,150165000,150170000,gained,0.0214141040457357,0.0155581001929198,-0.4608954140339433,-0.4608954140339433,Mutant loop,270000,19440,,stable,intra-TAD,rbp1,10.669763,0.41199762,0.20970054,0.04996515,0.4506,0.0163999999999999,-0.7899361635248681,-0.5915234558737364,-0.4036831050743797,-0.3006960427181175,0.1984127076511316,0.1029870623562621,0.061390318,gained_2.5kb,gained_10kb,gained_0kb,anchor1_19440,anchor2_19440,promoter-enhancer,SF3B4
19441,19441,19441,19441,chr1,149895000,149900000,chr1,150045000,150050000,gained,0.0245222749191038,0.0253155430911883,0.0459306112064219,0.0459306112064219,Mutant loop,150000,19441,,stable,intra-TAD,rbp1,8.842529,0.7298243,0.2728912,0.038154524,0.4251,0.0346,-0.7049974704603038,-0.5376240407923123,-0.4036831050743797,-0.3006960427181175,0.1673734296679915,0.1029870623562621,0.04334133,gained_2.5kb,gained_10kb,gained_0kb,anchor1_19441,anchor2_19441,promoter-other,SF3B4
19444,19444,19444,19444,chr1,151015000,151020000,chr1,151150000,151155000,gained,0.014630172195002,0.021121734890439,0.5297815893088352,0.5297815893088352,Mutant loop,135000,19444,stable,stable,intra-TAD,rbp1,1.0441359,1.3066218,0.188543,0.028749611,0.4558999999999999,0.0142,-0.4187337681565624,-0.382217724139378,-0.326683513074573,-0.2843462373267759,0.0365160440171844,0.042337275747797,0.04156766,gained_2.5kb,gained_10kb,gained_0kb,anchor1_19444,anchor2_19444,other-other,GABPB2
19450,19450,19450,19450,chr1,151912500,151917500,chr1,152032500,152037500,gained,0.0203815996470616,0.0174925333095899,-0.220528046809822,-0.220528046809822,Mutant loop,120000,19450,stable,stable,intra-TAD,rbp1,1.4356867,0.28251284,0.18854302,0.024973007,0.4302,0.0828,-0.441559680401729,-0.4246262400791207,-0.4377066305188375,-0.3852668642914108,0.0169334403226082,0.0524397662274267,0.045348044,gained_2.5kb,gained_10kb,gained_0kb,anchor1_19450,anchor2_19450,promoter-enhancer,S100A11
19573,19573,19573,19573,chr1,179702500,179707500,chr1,180192500,180197500,gained,0.0066827173817042,0.004456069447574,-0.5846631454017317,-0.5846631454017317,Mutant loop,490000,19573,stable,stable,inter-TAD,rbp1,5.1227884,0.28251266,0.24838631,0.038694717,0.5005,0.1702,-0.430046175502552,-0.2725101371270784,0.2759198348612665,0.3137157643870897,0.1575360383754735,0.0377959295258232,0.058621228,gained_2.5kb,gained_10kb,gained_0kb,anchor1_19573,anchor2_19573,enhancer-enhancer,"ENSG00000307581,QSOX1"
19574,19574,19574,19574,chr1,179862500,179867500,chr1,180182500,180187500,gained,0.0184355473920024,0.0130200844787147,-0.5017514446330777,-0.5017514446330777,Mutant loop,320000,19574,stable,stable,intra-TAD,rbp1,0.7831019,0.1883419,0.21231583,0.02528965,0.4885,0.1354,-0.430046175502552,-0.2725101371270784,0.4342753054873567,0.3410748996703648,0.1575360383754735,-0.0932004058169919,0.0589286,gained_2.5kb,gained_10kb,gained_0kb,anchor1_19574,anchor2_19574,enhancer-enhancer,QSOX1
19592,19592,19592,19592,chr1,182962500,182967500,chr1,183242500,183247500,gained,0.0103693238814715,0.0135387192715095,0.3847694419482574,0.3847694419482574,Mutant loop,280000,19592,stable,stable,inter-TAD,rbp1,2.349304,0.0,0.188543,0.03281488,0.4133,0.027,0.5720411647440132,0.5320497572069278,0.6463378200404166,0.5198454441197005,-0.0399914075370854,-0.1264923759207161,0.044942133,gained_2.5kb,gained_10kb,gained_0kb,anchor1_19592,anchor2_19592,enhancer-enhancer,LAMC2
19648,19648,19648,19648,chr1,203710000,203715000,chr1,203780000,203785000,gained,0.0075721507599503,0.0141295572198065,0.899941216215974,0.899941216215974,Mutant loop,70000,19648,stable,stable,intra-TAD,rbp1,8.059418,11.936169,0.188543,0.031265456,0.4759,0.0081999999999999,0.707554894558673,0.6617153266331403,0.7201858411844109,0.7807300043220635,-0.0458395679255327,0.0605441631376526,0.07292648,gained_2.5kb,gained_10kb,gained_0kb,anchor1_19648,anchor2_19648,enhancer-enhancer,ATP2B4
19668,19668,19668,19668,chr1,206612500,206617500,chr1,206982500,206987500,gained,0.0061173536301555,0.0060241001933699,-0.0221619121297183,-0.0221619121297183,Mutant loop,370000,19668,stable,stable,inter-TAD,rbp1,2.3166752,0.42376912,0.19360147,0.044823047,0.4276,0.0504,0.8660038255081328,0.8528037900922009,0.5075476994837932,0.4994017576865264,-0.0132000354159319,-0.0081459417972667,0.029634923,gained_2.5kb,gained_10kb,gained_0kb,anchor1_19668,anchor2_19668,promoter-enhancer,PIGR
19670,19670,19670,19670,chr1,206730000,206735000,chr1,206980000,206985000,gained,0.0177600940246719,0.0203187915906472,0.1941753844212481,0.1941753844212481,Mutant loop,250000,19670,stable,stable,intra-TAD,rbp1,0.5220679,10.005663,0.188543,0.025831208,0.4984,0.1156,0.0326321880529415,0.1952827937189887,-0.3784589552844323,-0.1404937024915149,0.1626506056660472,0.2379652527929174,0.03991015,gained_2.5kb,gained_10kb,gained_0kb,anchor1_19670,anchor2_19670,enhancer-enhancer,PIGR
19671,19671,19671,19671,chr1,206732500,206737500,chr1,207072500,207077500,gained,0.0083317632320618,0.0088245483747544,0.0829006034512005,0.0829006034512005,Mutant loop,340000,19671,stable,stable,inter-TAD,rbp1,0.26103398,0.0,0.24123655,0.03638809,0.4746,0.1299999999999999,-0.8952783600701301,-0.8051700772735316,-0.5566585866983763,-0.4267266779489103,0.0901082827965984,0.1299319087494659,0.021919604,gained_2.5kb,gained_10kb,gained_0kb,anchor1_19671,anchor2_19671,enhancer-enhancer,PIGR
19673,19673,19673,19673,chr1,207062500,207067500,chr1,207502500,207507500,gained,0.0164876338847841,0.00762462268425,-1.112646524122434,-1.112646524122434,Mutant loop,440000,19673,stable,,intra-TAD,rbp1,3.0671487,0.1883416,0.188543,0.033638887,0.442,0.0383999999999999,-0.2413710632071605,-0.3129309503960107,-0.4308761323545574,-0.4249157959420654,-0.0715598871888501,0.0059603364124919,0.03821531,gained_2.5kb,gained_10kb,gained_0kb,anchor1_19673,anchor2_19673,enhancer-other,CR2
19674,19674,19674,19674,chr1,207080000,207085000,chr1,207495000,207500000,gained,0.0240241025847537,0.0217848535318761,-0.141157126958443,-0.141157126958443,Mutant loop,415000,19674,stable,stable,intra-TAD,rbp1,0.26103398,0.18834169,0.188543,0.023957342,0.4099,0.0558,-0.4308761323545574,-0.4249157959420654,-0.5859942240318283,-0.6062775803948915,0.0059603364124919,-0.0202833563630632,0.042860754,gained_2.5kb,gained_10kb,gained_0kb,anchor1_19674,anchor2_19674,promoter-enhancer,CR2
19677,19677,19677,19677,chr1,207410000,207415000,chr1,207500000,207505000,gained,0.0119264072628427,0.0189020467414774,0.6643829521972795,0.6643829521972795,Mutant loop,90000,19677,stable,,intra-TAD,rbp1,0.7831019,5.355974,0.20493805,0.030083625,0.3853,0.0309999999999999,0.8927058769804531,0.7005493440608772,0.5277925419991759,0.5059061772553637,-0.1921565329195759,-0.0218863647438122,0.03340529,gained_2.5kb,gained_10kb,gained_0kb,anchor1_19677,anchor2_19677,enhancer-other,CR2
19699,19699,19699,19699,chr1,210432500,210437500,chr1,211662500,211667500,gained,0.0007488615374232,0.0016534566689653,1.1427143404358897,1.1427143404358897,Mutant loop,1230000,19699,stable,stable,uncategorized,rbp1,2.414564,0.0,0.188543,0.032399077,0.3853999999999999,0.0319999999999999,0.4344823901648046,0.3234624819682495,0.3298255508220135,0.3601858548852713,-0.1110199081965551,0.0303603040632578,0.041086726,gained_2.5kb,gained_10kb,gained_0kb,anchor1_19699,anchor2_19699,enhancer-other,SLC30A1
19703,19703,19703,19703,chr1,211472500,211477500,chr1,211652500,211657500,gained,0.0150610609775286,0.0175785633164232,0.2229937605055821,0.2229937605055821,Mutant loop,180000,19703,stable,stable,intra-TAD,rbp1,0.8809896,0.3766836,0.188543,0.024573736,0.4590999999999999,0.0882,-0.446994951106898,-0.5436990330173722,-0.2628590048179406,-0.3716511393458175,-0.0967040819104742,-0.1087921345278769,0.035932343,gained_2.5kb,gained_10kb,gained_0kb,anchor1_19703,anchor2_19703,enhancer-enhancer,SLC30A1
19704,19704,19704,19704,chr1,211542500,211547500,chr1,211652500,211657500,gained,0.0150618162313322,0.0143263718840926,-0.0722224509540184,-0.0722224509540184,Mutant loop,110000,19704,stable,stable,intra-TAD,rbp1,1.8598671,0.09417085,0.188543,0.02429716,0.4901,0.0262,0.0227903543737859,0.0392454355219216,-0.0986115356285871,-0.1189552746026693,0.0164550811481357,-0.0203437389740822,0.05944273,gained_2.5kb,gained_10kb,gained_0kb,anchor1_19704,anchor2_19704,enhancer-enhancer,SLC30A1
19705,19705,19705,19705,chr1,211575000,211580000,chr1,211660000,211665000,gained,0.0224491896218745,0.0219748948760092,-0.0308071032444731,-0.0308071032444731,Mutant loop,85000,19705,stable,stable,uncategorized,rbp1,1.0441359,0.77690995,0.18854302,0.027515873,0.4595,0.1046,0.0227903543737859,0.0392454355219216,-0.0986115356285871,-0.1189552746026693,0.0164550811481357,-0.0203437389740822,0.041356407,gained_2.5kb,gained_10kb,gained_0kb,anchor1_19705,anchor2_19705,promoter-other,SLC30A1
19754,19754,19754,19754,chr1,221462500,221467500,chr1,222172500,222177500,gained,0.0068786476932763,0.0074587530664949,0.1168094985254543,0.1168094985254543,Mutant loop,710000,19754,stable,stable,uncategorized,rbp1,6.6237354,0.37668347,0.188543,0.04913619,0.3827,0.0313999999999999,0.15386062245354,0.1956197201633222,0.3900152236294371,0.2971254593685389,0.0417590977097821,-0.0928897642608981,0.062244996,gained_2.5kb,gained_10kb,gained_0kb,anchor1_19754,anchor2_19754,other-other,LINC02474
19755,19755,19755,19755,chr1,221472500,221477500,chr1,222152500,222157500,gained,0.0074414798696648,0.0045769710734356,-0.7011963811465071,-0.7011963811465071,Mutant loop,680000,19755,stable,stable,uncategorized,rbp1,2.6103387,0.56502527,0.21843398,0.033780757,0.4146,0.0272,0.3900152236294371,0.2971254593685389,0.0843705382382762,0.074239277951514,-0.0928897642608981,-0.0101312602867622,0.042414393,gained_2.5kb,gained_10kb,gained_0kb,anchor1_19755,anchor2_19755,enhancer-other,LINC02474
19769,19769,19769,19769,chr1,225470000,225475000,chr1,225840000,225845000,gained,0.0194003799284298,0.0194394671680292,0.0029037697099667,0.0029037697099667,Mutant loop,370000,19769,stable,stable,uncategorized,rbp1,2.9692607,0.56502545,0.188543,0.033650033,0.5472,0.0544,0.5718940695608689,0.5044844485924384,0.7065938752480708,0.7985742426369691,-0.0674096209684305,0.0919803673888982,0.04700832,gained_2.5kb,gained_10kb,gained_0kb,anchor1_19769,anchor2_19769,enhancer-enhancer,EPHX1
19770,19770,19770,19770,chr1,225472500,225477500,chr1,225972500,225977500,gained,0.0367964289799033,0.0311493342961174,-0.2403644311850475,-0.2403644311850475,Mutant loop,500000,19770,stable,stable,uncategorized,rbp1,0.75047266,2.8015864,0.188543,0.023626018,0.5206,0.0723999999999999,0.6276898619309391,0.5096403932194725,0.7065938752480708,0.7985742426369691,-0.1180494687114666,0.0919803673888982,0.039774276,gained_2.5kb,gained_10kb,gained_0kb,anchor1_19770,anchor2_19770,enhancer-other,EPHX1
19775,19775,19775,19775,chr1,225772500,225777500,chr1,225972500,225977500,gained,0.0151333698707171,0.0167007483965801,0.1421794744437962,0.1421794744437962,Mutant loop,200000,19775,stable,stable,inter-TAD,rbp1,5.742745,1.4949636,0.19311929,0.03405126,0.4634,0.0419999999999999,-0.283014967662858,-0.1960944607766743,-0.2373926823621024,-0.1457348956302859,0.0869205068861837,0.0916577867318165,0.06592339,gained_2.5kb,gained_10kb,gained_0kb,anchor1_19775,anchor2_19775,enhancer-other,EPHX1
19788,19788,19788,19788,chr1,229262500,229267500,chr1,230312500,230317500,gained,0.0057393994550177,0.0091515361682276,0.6731141454841469,0.6731141454841469,Mutant loop,1050000,19788,stable,stable,inter-TAD,rbp1,11.51812,4.367179,0.188543,0.037003003,0.4465,0.0358,0.5062933070207603,0.6176589874018588,-0.1688284023650509,-0.0495959863795053,0.1113656803810985,0.1192324159855455,0.055642635,gained_2.5kb,gained_10kb,gained_0kb,anchor1_19788,anchor2_19788,enhancer-other,GALNT2
19789,19789,19789,19789,chr1,229985000,229990000,chr1,230060000,230065000,gained,0.007768401008128,0.0155711140330265,1.003182585193689,1.003182585193689,Mutant loop,75000,19789,stable,stable,intra-TAD,rbp1,54.164516,0.57679665,0.62416697,0.033948295,0.4103,0.0665999999999999,0.163531211752189,0.1917769893184568,0.2805708166517156,0.3320204143801295,0.0282457775662677,0.0514495977284139,0.13084412,gained_2.5kb,gained_10kb,gained_0kb,anchor1_19789,anchor2_19789,enhancer-other,GALNT2
19855,19855,19855,19855,chr10,4822500,4827500,chr10,5622500,5627500,gained,0.0026605520818541,0.0028910455468111,0.1198656924585931,0.1198656924585931,Mutant loop,800000,19855,stable,stable,inter-TAD,rbp1,0.52206796,0.67096764,0.188543,0.029805984,0.4969,0.0266,0.3364358303169827,0.355167459619377,0.3182485309527137,0.3246511333726186,0.0187316293023942,0.0064026024199048,0.024418779,gained_2.5kb,gained_10kb,gained_0kb,anchor1_19855,anchor2_19855,promoter-enhancer,AKR1C3
19856,19856,19856,19856,chr10,4832500,4837500,chr10,5392500,5397500,gained,0.0069747238545573,0.0071279816802781,0.0313575305341791,0.0313575305341791,Mutant loop,560000,19856,stable,stable,intra-TAD,rbp1,2.055641,0.329598,0.23185694,0.047031227,0.4593,0.0005999999999999,0.3182485309527137,0.3246511333726186,0.3353662041805744,0.3508883040849189,0.0064026024199048,0.0155220999043445,0.024058238,gained_2.5kb,gained_10kb,gained_0kb,anchor1_19856,anchor2_19856,enhancer-enhancer,AKR1C3
19857,19857,19857,19857,chr10,4842500,4847500,chr10,5282500,5287500,gained,0.0162039872821389,0.0177635404247987,0.1325702939236751,0.1325702939236751,Mutant loop,440000,19857,stable,stable,intra-TAD,rbp1,3.1324067,1.2006801,0.188543,0.053513944,0.4871999999999999,0.108,0.7235730986785798,0.6906606722499283,1.098980082599183,1.0803799102090947,-0.0329124264286514,-0.0186001723900879,0.025338793,gained_2.5kb,gained_10kb,gained_0kb,anchor1_19857,anchor2_19857,enhancer-other,AKR1C3
19858,19858,19858,19858,chr10,4852500,4857500,chr10,5412500,5417500,gained,0.0049189073153667,0.007761865598488,0.658065580880931,0.658065580880931,Mutant loop,560000,19858,stable,stable,intra-TAD,rbp1,1.0441356,0.1883418,0.20433985,0.026851527,0.4243,0.0418,0.7235730986785798,0.6906606722499283,0.7793397586713843,0.7916081780309153,-0.0329124264286514,0.012268419359531,0.01901794,gained_2.5kb,gained_10kb,gained_0kb,anchor1_19858,anchor2_19858,promoter-enhancer,AKR1C3
19860,19860,19860,19860,chr10,4852500,4857500,chr10,5082500,5087500,gained,0.0143318034821468,0.0157709362835756,0.138048145552892,0.138048145552892,Mutant loop,230000,19860,stable,stable,intra-TAD,rbp1,5.579598,0.05885675,0.188543,0.031718053,0.3935999999999999,0.0196,0.7780844559649847,0.7469067798755888,0.0326321880529415,0.1952827937189887,-0.0311776760893958,0.1626506056660472,0.026755933,gained_2.5kb,gained_10kb,gained_0kb,anchor1_19860,anchor2_19860,enhancer-other,AKR1C3
19861,19861,19861,19861,chr10,5092500,5097500,chr10,5282500,5287500,gained,0.0210600949092879,0.0190455712359346,-0.1450563785555786,-0.1450563785555786,Mutant loop,190000,19861,stable,stable,intra-TAD,rbp1,0.2936632,0.18834169,0.21443343,0.112741284,0.3914999999999999,0.0833999999999999,0.8427851971216843,0.8984930220536343,0.0326321880529415,0.1952827937189887,0.05570782493195,0.1626506056660472,0.019858185,gained_2.5kb,gained_10kb,gained_0kb,anchor1_19861,anchor2_19861,promoter-enhancer,AKR1C3
20003,20003,20003,20003,chr10,58410000,58415000,chr10,58525000,58530000,gained,0.0150757386296286,0.0132210620851148,-0.1893906108559495,-0.1893906108559495,Mutant loop,115000,20003,stable,stable,intra-TAD,rbp1,5.710115,5.426601,0.19123647,0.05691275,0.3994999999999999,0.0486,-0.1559325706317203,-0.1589491801279546,0.0016736745298529,-0.0448280417705175,-0.0030166094962343,-0.0465017163003705,0.056047156,gained_2.5kb,gained_10kb,gained_0kb,anchor1_20003,anchor2_20003,enhancer-other,BICC1
20004,20004,20004,20004,chr10,58412500,58417500,chr10,58642500,58647500,gained,0.0105986554791931,0.0085075323430839,-0.3170686234486536,-0.3170686234486536,Mutant loop,230000,20004,stable,stable,intra-TAD,rbp1,0.0,0.6003392,0.2346785,0.026339414,0.4078,0.0655999999999999,-0.1559325706317203,-0.1589491801279546,-0.0653072096895115,0.0625794256352373,-0.0030166094962343,0.1278866353247488,0.03849156,gained_2.5kb,gained_10kb,gained_0kb,anchor1_20004,anchor2_20004,enhancer-enhancer,BICC1
20005,20005,20005,20005,chr10,58530000,58535000,chr10,58645000,58650000,gained,0.0120690923954102,0.0153818459755487,0.3499114630934732,0.3499114630934732,Mutant loop,115000,20005,stable,stable,intra-TAD,rbp1,4.665981,0.37668356,0.188543,0.034726977,0.3721,0.0221999999999999,0.0016736745298529,-0.0448280417705175,0.0926625683915514,0.0380489549862614,-0.0465017163003705,-0.0546136134052899,0.084174976,gained_2.5kb,gained_10kb,gained_0kb,anchor1_20005,anchor2_20005,enhancer-enhancer,BICC1
20006,20006,20006,20006,chr10,58780000,58785000,chr10,59225000,59230000,gained,0.0132583354468275,0.0124996729262546,-0.0850093148334964,-0.0850093148334964,Mutant loop,445000,20006,stable,stable,intra-TAD,rbp1,10.115059,0.09417081,0.21910526,0.044001833,0.3513,0.0453999999999999,0.0016736745298529,-0.0448280417705175,0.0621839742360531,0.0367942531511148,-0.0465017163003705,-0.0253897210849382,0.05382678,gained_2.5kb,gained_10kb,gained_0kb,anchor1_20006,anchor2_20006,enhancer-other,BICC1
20007,20007,20007,20007,chr10,58780000,58785000,chr10,59180000,59185000,gained,0.0282764982325954,0.0194629511294917,-0.5388729878029932,-0.5388729878029932,Mutant loop,400000,20007,stable,stable,intra-TAD,rbp1,6.1342945,0.18834195,0.6292262,0.028723765,0.3586,0.0307999999999999,0.0621839742360531,0.0367942531511148,0.0926625683915514,0.0380489549862614,-0.0253897210849382,-0.0546136134052899,0.09036832,gained_2.5kb,gained_10kb,gained_0kb,anchor1_20007,anchor2_20007,enhancer-enhancer,BICC1
20048,20048,20048,20048,chr10,68212500,68217500,chr10,68882500,68887500,gained,0.0051665573071258,0.002895054250947,-0.8356128893439585,-0.8356128893439585,Mutant loop,670000,20048,stable,stable,intra-TAD,rbp1,1.0441359,0.0941708,0.188543,0.026910279,0.4406,0.004,0.8866817296897804,0.7824685091445718,0.5221294296925936,0.582713301739872,-0.1042132205452086,0.0605838720472784,0.044041127,gained_2.5kb,gained_10kb,gained_0kb,anchor1_20048,anchor2_20048,enhancer-enhancer,HNRNPH3
20051,20051,20051,20051,chr10,69002500,69007500,chr10,69382500,69387500,gained,0.0037691269119677,0.006044555826341,0.6814059559827306,0.6814059559827306,Mutant loop,380000,20051,stable,stable,intra-TAD,rbp1,10.01717,1.0358797,0.2444385,0.04742954,0.4387999999999999,0.1035999999999999,0.8788628648007355,0.6787569973178321,0.6911719499575889,0.6978775937137451,-0.2001058674829033,0.0067056437561562,0.072674416,gained_2.5kb,gained_10kb,gained_0kb,anchor1_20051,anchor2_20051,enhancer-enhancer,HK1
20065,20065,20065,20065,chr10,71835000,71840000,chr10,71895000,71900000,gained,0.0186276408473548,0.0241850111005164,0.3766682284866827,0.3766682284866827,Mutant loop,60000,20065,stable,stable,intra-TAD,rbp1,0.0,0.18834177,0.19123647,0.02683407,0.4793,0.0262,0.6926265183500817,0.6462024200915953,0.6480670023299092,0.5633993779909506,-0.0464240982584863,-0.0846676243389585,0.03443077,gained_2.5kb,gained_10kb,gained_0kb,anchor1_20065,anchor2_20065,enhancer-enhancer,PSAP
20178,20178,20178,20178,chr10,99390000,99395000,chr10,99545000,99550000,gained,0.0086791864157675,0.013633240598493,0.6514968127682481,0.6514968127682481,Mutant loop,155000,20178,stable,stable,intra-TAD,rbp1,13.280093,0.75336725,0.23185694,0.053237084,0.4635,0.0249999999999999,0.5720411647440132,0.5320497572069278,0.55443627173196,0.616880166844127,-0.0399914075370854,0.062443895112167,0.043172427,gained_2.5kb,gained_10kb,gained_0kb,anchor1_20178,anchor2_20178,enhancer-other,GOT1
20184,20184,20184,20184,chr10,100302500,100307500,chr10,100512500,100517500,gained,0.0121198064341351,0.0138559183107286,0.1931356719557922,0.1931356719557922,Mutant loop,210000,20184,stable,stable,intra-TAD,rbp1,1.0441359,0.3884551,0.18960223,0.04680997,0.4352,0.0136,0.5698243486354254,0.6381115232061028,0.6759811662633799,0.6595303274285091,0.0682871745706773,-0.0164508388348707,0.06175819,gained_2.5kb,gained_10kb,gained_0kb,anchor1_20184,anchor2_20184,enhancer-other,SCD
20185,20185,20185,20185,chr10,100332500,100337500,chr10,100512500,100517500,gained,0.0145972121407446,0.0129355695862022,-0.1743492802715193,-0.1743492802715193,Mutant loop,180000,20185,stable,stable,inter-TAD,rbp1,0.48943868,0.47085434,0.188543,0.025459543,0.448,0.012,0.8142684285112116,0.8622412970485224,0.8242530325383481,0.7590542757073895,0.0479728685373107,-0.0651987568309586,0.06301912,gained_2.5kb,gained_10kb,gained_0kb,anchor1_20185,anchor2_20185,enhancer-other,SCD
20209,20209,20209,20209,chr10,104290000,104295000,chr10,104350000,104355000,gained,0.0307444988262796,0.0298316322047483,-0.0434853739839733,-0.0434853739839733,Mutant loop,60000,20209,stable,stable,intra-TAD,rbp1,0.52206796,0.38845462,0.22393999,0.027549785,0.4451,0.0178,-0.1003364000543802,-0.0916582877441983,0.3676329548026862,0.4164235694016366,0.0086781123101819,0.0487906145989504,0.055394728,gained_2.5kb,gained_10kb,gained_0kb,anchor1_20209,anchor2_20209,promoter-enhancer,ITPRIP
20210,20210,20210,20210,chr10,104292500,104297500,chr10,104622500,104627500,gained,0.0053056524727673,0.0048859568539006,-0.1188890564851831,-0.1188890564851831,Mutant loop,330000,20210,stable,stable,intra-TAD,rbp1,5.416453,0.56502527,0.5795024,0.03161822,0.3981,0.0989999999999999,-0.1003364000543802,-0.0916582877441983,0.3676329548026862,0.4164235694016366,0.0086781123101819,0.0487906145989504,0.116527475,gained_2.5kb,gained_10kb,gained_0kb,anchor1_20210,anchor2_20210,enhancer-other,ITPRIP
20285,20285,20285,20285,chr11,2432500,2437500,chr11,2892500,2897500,gained,0.0130863576017649,0.0144591910996976,0.1439232450105358,0.1439232450105358,Mutant loop,460000,20285,stable,stable,intra-TAD,rbp1,0.3589217,0.094170995,0.188543,0.026440918,0.5757,0.0038,-0.2461132829362855,-0.3417403709818233,-0.3757702099720363,-0.3598502677665132,-0.0956270880455378,0.0159199422055231,0.028916815,gained_2.5kb,gained_10kb,gained_0kb,anchor1_20285,anchor2_20285,enhancer-other,KCNQ1
20286,20286,20286,20286,chr11,2695000,2700000,chr11,2880000,2885000,gained,0.0091781133391395,0.0130319048246023,0.5057784450399887,0.5057784450399887,Mutant loop,185000,20286,stable,stable,intra-TAD,rbp1,4.3723173,0.17657031,0.19763517,0.045820657,0.5381,0.1321999999999999,0.4438195746405336,0.347852851241521,0.5277925419991759,0.5059061772553637,-0.0959667233990125,-0.0218863647438122,0.0555479,gained_2.5kb,gained_10kb,gained_0kb,anchor1_20286,anchor2_20286,promoter-enhancer,KCNQ1
20420,20420,20420,20420,chr11,34582500,34587500,chr11,35402500,35407500,gained,0.0024525721656866,0.002330262684116,-0.0738029925370949,-0.0738029925370949,Mutant loop,820000,20420,stable,stable,inter-TAD,rbp1,7.8310213,0.0941709,0.188543,0.025623716,0.4236999999999999,0.0002,0.5917501188862763,0.6082208201508658,0.6631751454947826,0.6472533460707351,0.0164707012645894,-0.0159217994240474,0.055419624,gained_2.5kb,gained_10kb,gained_0kb,anchor1_20420,anchor2_20420,enhancer-enhancer,CD44
20421,20421,20421,20421,chr11,34585000,34590000,chr11,35385000,35390000,gained,0.0018959180733753,0.0046041738561491,1.2800456877776911,1.2800456877776911,Mutant loop,800000,20421,stable,stable,intra-TAD,rbp1,1.859866,3.366611,0.188543,0.024533816,0.4144,0.0103999999999999,0.5940838953968365,0.5973917818560943,0.6631751454947826,0.6472533460707351,0.0033078864592578,-0.0159217994240474,0.052591424,gained_2.5kb,gained_10kb,gained_0kb,anchor1_20421,anchor2_20421,enhancer-enhancer,CD44
20424,20424,20424,20424,chr11,34925000,34930000,chr11,35235000,35240000,gained,0.008335719982786,0.0095887358116569,0.2020338066734688,0.2020338066734688,Mutant loop,310000,20424,stable,stable,intra-TAD,rbp1,3.915507,0.094170995,0.19923359,0.03878691,0.3758,0.074,0.5718940695608689,0.5044844485924384,0.7065938752480708,0.7985742426369691,-0.0674096209684305,0.0919803673888982,0.04641813,gained_2.5kb,gained_10kb,gained_0kb,anchor1_20424,anchor2_20424,enhancer-enhancer,CD44
20425,20425,20425,20425,chr11,34925000,34930000,chr11,35390000,35395000,gained,0.0452708858327111,0.0533426888938845,0.2367070133483005,0.2367070133483005,Mutant loop,465000,20425,stable,stable,intra-TAD,rbp1,2.8713722,0.27074125,0.18854302,0.034909263,0.3948,0.1119999999999999,0.6276898619309391,0.5096403932194725,0.7074918773940344,0.6832144121137217,-0.1180494687114666,-0.0242774652803127,0.05890613,gained_2.5kb,gained_10kb,gained_0kb,anchor1_20425,anchor2_20425,enhancer-enhancer,CD44
20426,20426,20426,20426,chr11,34930000,34935000,chr11,35480000,35485000,gained,0.0067786931945508,0.0049029908733864,-0.4673450993679627,-0.4673450993679627,Mutant loop,550000,20426,stable,stable,uncategorized,rbp1,1.3051692,0.0941708,0.188543,0.025327371,0.3832,0.0443999999999999,-1.2446290223005811,-1.2282893586590435,-1.1618281730876423,-1.0842698091327372,0.0163396636415376,0.0775583639549053,0.035759818,gained_2.5kb,gained_10kb,gained_0kb,anchor1_20426,anchor2_20426,enhancer-enhancer,CD44
20427,20427,20427,20427,chr11,34995000,35000000,chr11,35385000,35390000,gained,0.0119945419702266,0.0122376234716767,0.0289453488092232,0.0289453488092232,Mutant loop,390000,20427,stable,stable,intra-TAD,rbp1,1.0115061,0.28251284,0.188543,0.025953865,0.3738,0.0708,-0.2876120775170259,-0.2567793647808211,-0.3612608881971081,-0.3502105825009366,0.0308327127362048,0.0110503056961715,0.050706767,gained_2.5kb,gained_10kb,gained_0kb,anchor1_20427,anchor2_20427,enhancer-enhancer,CD44
20533,20533,20533,20533,chr11,77120000,77125000,chr11,77555000,77560000,gained,0.0164930794049868,0.01199875568872,-0.4589759866850833,-0.4589759866850833,Mutant loop,435000,20533,stable,stable,intra-TAD,rbp1,1.4030577,0.17657053,0.19763517,0.024144914,0.5153,0.1089999999999999,0.3223083433339946,0.2549307671858845,0.0980816562303125,0.1328465505476041,-0.06737757614811,0.0347648943172915,0.053137697,gained_2.5kb,gained_10kb,gained_0kb,anchor1_20533,anchor2_20533,enhancer-enhancer,CAPN5
20597,20597,20597,20597,chr11,95065000,95070000,chr11,95705000,95710000,gained,0.0052145711871024,0.0059300801308318,0.1855029798380756,0.1855029798380756,Mutant loop,640000,20597,stable,stable,intra-TAD,rbp1,0.783102,10.782578,0.188543,0.023887545,0.4071,0.015,0.021564728030513,0.0090012343036019,-0.1540763063113588,-0.0654364523577502,-0.0125634937269111,0.0886398539536085,0.04504517,gained_2.5kb,gained_10kb,gained_0kb,anchor1_20597,anchor2_20597,promoter-enhancer,SESN3
20598,20598,20598,20598,chr11,95152500,95157500,chr11,95772500,95777500,gained,0.0108384749007831,0.0101346649779378,-0.096863368675668,-0.096863368675668,Mutant loop,620000,20598,stable,stable,inter-TAD,rbp1,1.0115057,5.8974557,0.188543,0.025050618,0.3794,0.1228,0.021564728030513,0.0090012343036019,0.1889491847835057,0.2729909363972268,-0.0125634937269111,0.084041751613721,0.038693126,gained_2.5kb,gained_10kb,gained_0kb,anchor1_20598,anchor2_20598,enhancer-other,SESN3
20599,20599,20599,20599,chr11,95160000,95165000,chr11,95590000,95595000,gained,0.0035564032885222,0.0065098513107453,0.8722056596959523,0.8722056596959523,Mutant loop,430000,20599,stable,stable,intra-TAD,rbp1,5.87326,0.2825127,0.2910699,0.030708117,0.4371,0.0117999999999999,0.021564728030513,0.0090012343036019,-0.1540763063113588,-0.0654364523577502,-0.0125634937269111,0.0886398539536085,0.1484305,gained_2.5kb,gained_10kb,gained_0kb,anchor1_20599,anchor2_20599,enhancer-other,SESN3
20684,20684,20684,20684,chr11,119472500,119477500,chr11,120112500,120117500,gained,0.0067859554848931,0.0084471917657213,0.3159198368854666,0.3159198368854666,Mutant loop,640000,20684,stable,stable,inter-TAD,rbp1,11.126565,1.5067346,0.188543,0.049612835,0.5454000000000001,0.0292,0.2739525076133421,0.2398158572124028,-0.1361598943541468,-0.0902240484472452,-0.0341366504009393,0.0459358459069016,0.062625326,gained_2.5kb,gained_10kb,gained_0kb,anchor1_20684,anchor2_20684,enhancer-enhancer,NECTIN1
20685,20685,20685,20685,chr11,119672500,119677500,chr11,120102500,120107500,gained,0.0087429409389381,0.0187447109624053,1.1002930215579136,1.1002930215579136,Mutant loop,430000,20685,stable,stable,inter-TAD,rbp1,0.58732575,0.28251255,0.188543,0.0257932,0.5311,0.0318,0.2739525076133421,0.2398158572124028,-0.2647297354125481,-0.198727403239199,-0.0341366504009393,0.066002332173349,0.037986767,gained_2.5kb,gained_10kb,gained_0kb,anchor1_20685,anchor2_20685,enhancer-enhancer,NECTIN1
20707,20707,20707,20707,chr11,124410000,124415000,chr11,124865000,124870000,gained,0.0041493975627384,0.004254620418695,0.0361285342438492,0.0361285342438492,Mutant loop,455000,20707,stable,stable,intra-TAD,rbp1,5.4164495,0.0,0.20570886,0.053480234,0.4743,0.1818,0.5618979889339024,0.5178133548404369,0.2930894204441813,0.3573494113484101,-0.0440846340934655,0.0642599909042287,0.04242234,gained_2.5kb,gained_10kb,gained_0kb,anchor1_20707,anchor2_20707,promoter-other,SIAE
20708,20708,20708,20708,chr11,124652500,124657500,chr11,124862500,124867500,gained,0.018109346284648,0.0165134840619678,-0.1330899322100284,-0.1330899322100284,Mutant loop,210000,20708,stable,stable,intra-TAD,rbp1,3.0997758,0.09417095,0.20570886,0.041063022,0.498,0.1175999999999999,0.3786062083740539,0.3016519897273566,0.596672589915163,0.5873433584964524,-0.0769542186466973,-0.0093292314187106,0.06329745,gained_2.5kb,gained_10kb,gained_0kb,anchor1_20708,anchor2_20708,promoter-enhancer,SIAE
20709,20709,20709,20709,chr11,124662500,124667500,chr11,124762500,124767500,gained,0.0200972142289338,0.0207877652929869,0.0487391388738753,0.0487391388738753,Mutant loop,100000,20709,stable,stable,intra-TAD,rbp1,0.26103398,2.778043,0.19507667,0.025862493,0.4412,0.018,0.5069920549201266,0.4692460433817513,0.596672589915163,0.5873433584964524,-0.0377460115383752,-0.0093292314187106,0.04924322,gained_2.5kb,gained_10kb,gained_0kb,anchor1_20709,anchor2_20709,enhancer-other,SIAE
20713,20713,20713,20713,chr11,128032500,128037500,chr11,128662500,128667500,gained,0.0006673022108253,0.0031908722762707,2.257538673069678,2.257538673069678,Mutant loop,630000,20713,stable,stable,intra-TAD,rbp1,1.27254,0.0941709,0.33691818,0.026256017,0.432,0.0295999999999999,,,,,,,0.03476338,gained_2.5kb,gained_10kb,gained_0kb,anchor1_20713,anchor2_20713,enhancer-enhancer,ETS1
20714,20714,20714,20714,chr11,128165000,128170000,chr11,128775000,128780000,gained,0.009756252950361,0.0101937666980326,0.0632881716799359,0.0632881716799359,Mutant loop,610000,20714,stable,stable,intra-TAD,rbp1,0.0,0.4708544,0.188543,0.025681935,0.44,0.0879999999999999,,,,,,,0.032805074,gained_2.5kb,gained_10kb,gained_0kb,anchor1_20714,anchor2_20714,enhancer-other,ETS1
20716,20716,20716,20716,chr11,128282500,128287500,chr11,128622500,128627500,gained,0.0124409501002955,0.015500688146786,0.3172355982353375,0.3172355982353375,Mutant loop,340000,20716,stable,stable,inter-TAD,rbp1,1.5662034,1.0241088,0.188543,0.032896932,0.4247,0.0665999999999999,,,,,,,0.03094219,gained_2.5kb,gained_10kb,gained_0kb,anchor1_20716,anchor2_20716,enhancer-enhancer,ETS1
20717,20717,20717,20717,chr11,128292500,128297500,chr11,128822500,128827500,gained,0.0061799734120609,0.0050880274432234,-0.2804941791860114,-0.2804941791860114,Mutant loop,530000,20717,stable,stable,intra-TAD,rbp1,1.0441345,0.5414827,0.2112982,0.031159282,0.5025999999999999,0.1103999999999999,,,,,,,0.03404319,gained_2.5kb,gained_10kb,gained_0kb,anchor1_20717,anchor2_20717,enhancer-enhancer,ETS1
20725,20725,20725,20725,chr11,129772500,129777500,chr11,130122500,130127500,gained,0.0114138410421143,0.0122977865514055,0.1076142955783077,0.1076142955783077,Mutant loop,350000,20725,stable,stable,uncategorized,rbp1,1.0441357,0.18834181,0.188543,0.026857855,0.427,0.0615999999999999,0.613377527851606,0.5843572406274825,0.5607205466389406,0.5623272864598372,-0.0290202872241235,0.0016067398208966,0.06859981,gained_2.5kb,gained_10kb,gained_0kb,anchor1_20725,anchor2_20725,enhancer-other,APLP2
20728,20728,20728,20728,chr11,129920000,129925000,chr11,130135000,130140000,gained,0.0381245078696494,0.033978869160772,-0.1660808751724212,-0.1660808751724212,Mutant loop,215000,20728,stable,stable,intra-TAD,rbp1,0.5220679,0.094171,0.20137107,0.027572498,0.4472,0.0287999999999999,0.6851858571960566,0.6330277776991539,0.891770642664484,0.8126572854665514,-0.0521580794969027,-0.0791133571979326,0.049775667,gained_2.5kb,gained_10kb,gained_0kb,anchor1_20728,anchor2_20728,enhancer-enhancer,APLP2
20729,20729,20729,20729,chr11,129990000,129995000,chr11,130125000,130130000,gained,0.0149543420142852,0.0142513965913706,-0.0694611280728721,-0.0694611280728721,Mutant loop,135000,20729,stable,stable,intra-TAD,rbp1,27.375927,1.8481045,0.2510507,0.04800912,0.4271,0.0065999999999999,0.7000419539840046,0.7416858852386216,0.6280824429212221,0.6007212506992426,0.0416439312546169,-0.0273611922219794,0.084664546,gained_2.5kb,gained_10kb,gained_0kb,anchor1_20729,anchor2_20729,enhancer-enhancer,APLP2
20730,20730,20730,20730,chr11,130000000,130005000,chr11,130070000,130075000,gained,0.0219673089129734,0.021169761217721,-0.0533531477241256,-0.0533531477241256,Mutant loop,70000,20730,stable,stable,intra-TAD,rbp1,1.0441359,0.1883417,0.188543,0.02735474,0.4968,0.0764,0.6034978870993658,0.5959812794397235,0.6664836748590007,0.6172821880359216,-0.0075166076596423,-0.0492014868230791,0.051564213,gained_2.5kb,gained_10kb,gained_0kb,anchor1_20730,anchor2_20730,promoter-promoter,APLP2
20928,20928,20928,20928,chr12,50812500,50817500,chr12,51342500,51347500,gained,0.0058051264825469,0.0071158998004469,0.2937186950591268,0.2937186950591268,Mutant loop,530000,20928,stable,stable,uncategorized,rbp1,2.2187874,0.37668365,0.30120894,0.026406456,0.4503,0.1001999999999999,-0.0556472736497664,-0.010061986357182,-0.0290014146042921,0.1563796342354853,0.0455852872925844,0.1853810488397775,0.059266746,gained_2.5kb,gained_10kb,gained_0kb,anchor1_20928,anchor2_20928,enhancer-enhancer,TMT1A
20996,20996,20996,20996,chr12,68042500,68047500,chr12,68302500,68307500,gained,0.0079247633296884,0.0054738622184491,-0.5338087289519611,-0.5338087289519611,Mutant loop,260000,20996,stable,stable,intra-TAD,rbp1,0.52206796,5.2147155,0.188543,0.024333794,0.3839,0.0614,0.5976479744912565,0.6265526227895568,0.8123475851789066,0.661666695027058,0.0289046482983003,-0.1506808901518486,0.040594384,gained_2.5kb,gained_10kb,gained_0kb,anchor1_20996,anchor2_20996,enhancer-enhancer,MDM1
21087,21087,21087,21087,chr12,98560000,98565000,chr12,98655000,98660000,gained,0.0215903219062684,0.0231166747395961,0.0985491319126165,0.0985491319126165,Mutant loop,95000,21087,stable,stable,intra-TAD,rbp1,13.900052,1.7657049,0.18854299,0.053549685,0.4185999999999999,0.0044,0.2803075264929258,0.2744800930506528,0.3729526725508453,0.328979434235348,-0.005827433442273,-0.0439732383154972,0.05265262,gained_2.5kb,gained_10kb,gained_0kb,anchor1_21087,anchor2_21087,other-other,SNORA53
21088,21088,21088,21088,chr12,98562500,98567500,chr12,99002500,99007500,gained,0.0058135936496425,0.0079779952220702,0.4565960238739017,0.4565960238739017,Mutant loop,440000,21088,stable,stable,intra-TAD,rbp1,4.894384,1.3183932,0.26913255,0.026839497,0.4171,0.0282,0.2803075264929258,0.2744800930506528,-0.0420867952873444,-0.0265266460894853,-0.005827433442273,0.0155601491978591,0.0669264,gained_2.5kb,gained_10kb,gained_0kb,anchor1_21088,anchor2_21088,enhancer-enhancer,SNORA53
21094,21094,21094,21094,chr12,99810000,99815000,chr12,100550000,100555000,gained,0.0084068388459907,0.0069167225340974,-0.2814748342336505,-0.2814748342336505,Mutant loop,740000,21094,stable,stable,intra-TAD,rbp1,7.8962727,0.1883416,0.82870895,0.040776994,0.3536,0.08,0.7665304751088143,0.7749002239581978,0.7585041734229281,0.7897588544015953,0.0083697488493834,0.0312546809786672,0.13092849,gained_2.5kb,gained_10kb,gained_0kb,anchor1_21094,anchor2_21094,enhancer-other,SLC17A8
21095,21095,21095,21095,chr12,100350000,100355000,chr12,100555000,100560000,gained,0.0095486637221526,0.0111949583560061,0.2294784056115156,0.2294784056115156,Mutant loop,205000,21095,stable,stable,intra-TAD,rbp1,5.2859364,0.5532541,0.52679384,0.026942696,0.415,0.0392,0.0335136746624168,0.0787030217717358,-0.1422579168461836,-0.0932608797584588,0.0451893471093189,0.0489970370877248,0.09050974,gained_2.5kb,gained_10kb,gained_0kb,anchor1_21095,anchor2_21095,enhancer-other,SLC17A8
21111,21111,21111,21111,chr12,104195000,104200000,chr12,104680000,104685000,gained,0.0021441158013784,0.0063771320282079,1.5725249238742551,1.5725249238742551,Mutant loop,485000,21111,stable,stable,intra-TAD,rbp1,2.9040022,0.0,0.188543,0.034156706,0.4093,0.0877999999999999,0.6866780023981108,0.649383164121146,0.809080172364145,0.6825321991731569,-0.0372948382769647,-0.1265479731909881,0.051312856,gained_2.5kb,gained_10kb,gained_0kb,anchor1_21111,anchor2_21111,enhancer-other,CHST11
21112,21112,21112,21112,chr12,104195000,104200000,chr12,105050000,105055000,gained,0.0076473431963345,0.0074126070288929,-0.0449775900442709,-0.0449775900442709,Mutant loop,855000,21112,stable,stable,intra-TAD,rbp1,1.3377984,0.0,0.188543,0.024165433,0.3789,0.027,0.4146744017212422,0.4079544099464295,0.6864421379296275,0.6667320439011077,-0.0067199917748126,-0.0197100940285197,0.057526603,gained_2.5kb,gained_10kb,gained_0kb,anchor1_21112,anchor2_21112,enhancer-other,CHST11
21115,21115,21115,21115,chr12,104382500,104387500,chr12,104612500,104617500,gained,0.007537439479398,0.0065817403396084,-0.1956054022696811,-0.1956054022696811,Mutant loop,230000,21115,stable,stable,intra-TAD,rbp1,8.548856,0.68273914,0.22889832,0.046727344,0.4601,0.025,0.598685629198369,0.6656376589121261,0.6280824429212221,0.6007212506992426,0.0669520297137571,-0.0273611922219794,0.05521944,gained_2.5kb,gained_10kb,gained_0kb,anchor1_21115,anchor2_21115,enhancer-other,CHST11
21116,21116,21116,21116,chr12,104382500,104387500,chr12,105062500,105067500,gained,0.0098257244659856,0.0059126762385855,-0.7327525020792451,-0.7327525020792451,Mutant loop,680000,21116,stable,stable,intra-TAD,rbp1,1.011506,3.7550666,0.188543,0.0235135,0.4488,0.0024,0.59421154520413,0.590160275198501,0.6034978870993658,0.5959812794397235,-0.0040512700056289,-0.0075166076596423,0.051344663,gained_2.5kb,gained_10kb,gained_0kb,anchor1_21116,anchor2_21116,enhancer-other,CHST11
21121,21121,21121,21121,chr12,105415000,105420000,chr12,106285000,106290000,gained,0.0031814868709864,0.0051461112610244,0.6937814810190321,0.6937814810190321,Mutant loop,870000,21121,stable,stable,uncategorized,rbp1,2.8061142,0.4590832,0.19416621,0.031641115,0.4351,0.0346,0.6387974823513286,0.5903978038157833,0.5679432932951184,0.5627905924716569,-0.0483996785355452,-0.0051527008234615,0.035180345,gained_2.5kb,gained_10kb,gained_0kb,anchor1_21121,anchor2_21121,enhancer-enhancer,CKAP4
21140,21140,21140,21140,chr12,108562500,108567500,chr12,108802500,108807500,gained,0.0277900491693822,0.02309976212998,-0.2666903915724028,-0.2666903915724028,Mutant loop,240000,21140,stable,stable,inter-TAD,rbp1,3.0018892,0.09417085,0.20220071,0.030635215,0.4613,0.0266,-0.1938586509453892,-0.1201701171401848,-0.2836828073840624,-0.1940684911154245,0.0736885338052043,0.0896143162686378,0.041531585,gained_2.5kb,gained_10kb,gained_0kb,anchor1_21140,anchor2_21140,promoter-enhancer,SELPLG
21141,21141,21141,21141,chr12,108562500,108567500,chr12,109082500,109087500,gained,0.0078151168685613,0.0055266083795412,-0.4998730621875244,-0.4998730621875244,Mutant loop,520000,21141,stable,stable,inter-TAD,rbp1,1.794608,0.80045295,,0.025202759,0.4573,0.0346,-0.1938586509453892,-0.1201701171401848,-0.222613475549415,-0.0775028013333794,0.0736885338052043,0.1451106742160356,0.040079914,gained_2.5kb,gained_10kb,gained_0kb,anchor1_21141,anchor2_21141,promoter-other,SELPLG
21172,21172,21172,21172,chr12,116710000,116715000,chr12,117120000,117125000,gained,0.0041144976039701,0.0078043177856146,0.9235562417670174,0.9235562417670174,Mutant loop,410000,21172,stable,stable,intra-TAD,rbp1,3.6218445,0.37668338,0.21275736,0.034231264,0.4709,0.0101999999999999,-0.3539018852669009,-0.4111602920216725,-0.1897130043335631,-0.0727289539773611,-0.0572584067547715,0.116984050356202,0.049611002,gained_2.5kb,gained_10kb,gained_0kb,anchor1_21172,anchor2_21172,enhancer-enhancer,RNFT2
21242,21242,21242,21242,chr13,29482500,29487500,chr13,29712500,29717500,gained,0.0084167675531131,0.0106684844330268,0.3420170612644898,0.3420170612644898,Mutant loop,230000,21242,stable,stable,uncategorized,rbp1,4.437575,0.0941708,0.188543,0.038373597,0.4634,0.014,0.6196229391741984,0.6666532967481791,0.6305007059728437,0.6115418626102346,0.0470303575739806,-0.0189588433626091,0.05325941,gained_2.5kb,gained_10kb,gained_0kb,anchor1_21242,anchor2_21242,enhancer-other,SLC7A1
21243,21243,21243,21243,chr13,29502500,29507500,chr13,29702500,29707500,gained,0.0235545167606888,0.0224825537458847,-0.0671978167388238,-0.0671978167388238,Mutant loop,200000,21243,stable,stable,inter-TAD,rbp1,13.149579,0.47085398,0.4498347,0.027604401,0.4959,0.0429999999999999,0.6360872265334173,0.6274629562111861,0.8392543386358986,0.7680086435754534,-0.0086242703222312,-0.0712456950604452,0.15678957,gained_2.5kb,gained_10kb,gained_0kb,anchor1_21243,anchor2_21243,enhancer-enhancer,SLC7A1
21680,21680,21680,21680,chr14,92710000,92715000,chr14,92780000,92785000,gained,0.0584249532506784,0.0548323020922763,-0.0915586292670293,-0.0915586292670293,Mutant loop,70000,21680,stable,stable,intra-TAD,rbp1,2.57771,0.1883416,0.188543,0.036473252,0.4656,0.0628,0.506997323940111,0.4730737177083268,0.2791337723180359,0.3613679241010189,-0.0339236062317842,0.082234151782983,0.04740593,gained_2.5kb,gained_10kb,gained_0kb,anchor1_21680,anchor2_21680,enhancer-enhancer,LGMN
21765,21765,21765,21765,chr15,40912500,40917500,chr15,41182500,41187500,gained,0.0361740731709457,0.0343315082131806,-0.0754228158751896,-0.0754228158751896,Mutant loop,270000,21765,stable,stable,intra-TAD,rbp1,3.75236,0.41199768,0.188543,0.031193107,0.4839,0.1293999999999999,0.5489046237209251,0.5407857350762298,0.5492536302100666,0.5806529461418807,-0.0081188886446952,0.0313993159318141,0.03723097,gained_2.5kb,gained_10kb,gained_0kb,anchor1_21765,anchor2_21765,enhancer-other,CHAC1
21893,21893,21893,21893,chr15,73282500,73287500,chr15,73912500,73917500,gained,0.0066284477607933,0.0072649592447669,0.1322836427055644,0.1322836427055644,Mutant loop,630000,21893,stable,stable,uncategorized,rbp1,1.8272367,0.5179397,0.188543,0.024383906,0.4175999999999999,0.0079999999999999,0.3339393358466497,0.4006492679989513,0.4788078234625584,0.486107615006619,0.0667099321523015,0.0072997915440605,0.06021581,gained_2.5kb,gained_10kb,gained_0kb,anchor1_21893,anchor2_21893,enhancer-enhancer,NEO1
21894,21894,21894,21894,chr15,73300000,73305000,chr15,73700000,73705000,gained,0.0105588275773357,0.0123946771139745,0.2312710383932497,0.2312710383932497,Mutant loop,400000,21894,stable,stable,uncategorized,rbp1,17.782932,0.4119975,0.4837555,0.024298415,0.5075000000000001,0.0877999999999999,0.8088649413862167,0.8675404206487521,0.4465244755147004,0.4559926039628205,0.0586754792625354,0.0094681284481201,0.10575263,gained_2.5kb,gained_10kb,gained_0kb,anchor1_21894,anchor2_21894,enhancer-enhancer,NEO1
21900,21900,21900,21900,chr15,74375000,74380000,chr15,74440000,74445000,gained,0.0310276203348899,0.0315035510340452,0.0219614027152598,0.0219614027152598,Mutant loop,65000,21900,stable,stable,uncategorized,rbp1,6.493217,0.2354272,0.6679093,0.032131307,0.5086,0.004,0.1923982768389977,0.3061713335933393,0.4690274003367103,0.5257198502302444,0.1137730567543416,0.056692449893534,0.08347008,gained_2.5kb,gained_10kb,gained_0kb,anchor1_21900,anchor2_21900,promoter-enhancer,SEMA7A
21901,21901,21901,21901,chr15,74632500,74637500,chr15,74952500,74957500,gained,0.0159175498228953,0.0115752890356514,-0.4595700618359628,-0.4595700618359628,Mutant loop,320000,21901,stable,stable,inter-TAD,rbp1,1.3051692,0.8475383,0.188543,0.02436219,0.5388999999999999,0.0877999999999999,0.2064323730605328,0.2595690546020758,0.42007238500206,0.3620349773741962,0.053136681541543,-0.0580374076278638,0.053489834,gained_2.5kb,gained_10kb,gained_0kb,anchor1_21901,anchor2_21901,promoter-enhancer,EDC3
21902,21902,21902,21902,chr15,74635000,74640000,chr15,74765000,74770000,gained,0.0594822028881087,0.0563558179133188,-0.0778935225029392,-0.0778935225029392,Mutant loop,130000,21902,stable,stable,intra-TAD,rbp1,0.7831019,1.8363336,0.188543,0.024442678,0.4936,0.0315999999999999,0.4484964507492068,0.4536766081689179,0.360088857674272,0.332167191374233,0.0051801574197111,-0.027921666300039,0.042397447,gained_2.5kb,gained_10kb,gained_0kb,anchor1_21902,anchor2_21902,enhancer-enhancer,EDC3
21923,21923,21923,21923,chr15,80452500,80457500,chr15,80962500,80967500,gained,0.0092631617881002,0.0073215612216707,-0.3393533954894599,-0.3393533954894599,Mutant loop,510000,21923,stable,stable,uncategorized,rbp1,11.028679,1.1065081,0.188543,0.051964913,0.4357,0.0718,0.9131534245497018,0.8997273565898402,0.6893768622109891,0.636990016716336,-0.0134260679598616,-0.0523868454946531,0.046650466,gained_2.5kb,gained_10kb,gained_0kb,anchor1_21923,anchor2_21923,enhancer-enhancer,CEMIP
21925,21925,21925,21925,chr15,80672500,80677500,chr15,80972500,80977500,gained,0.0056216110332031,0.0077416202589837,0.4616519072946471,0.4616519072946471,Mutant loop,300000,21925,stable,stable,uncategorized,rbp1,33.24918,0.6945102,0.188543,0.037321806,0.4421,0.0005999999999999,0.9198789224690972,0.9074708800613276,0.6525924822561984,0.6023992322903721,-0.0124080424077697,-0.0501932499658263,0.06461059,gained_2.5kb,gained_10kb,gained_0kb,anchor1_21925,anchor2_21925,enhancer-enhancer,CEMIP
21988,21988,21988,21988,chr15,98432500,98437500,chr15,99072500,99077500,gained,0.006965537584503,0.0057278849697131,-0.2822321811167935,-0.2822321811167935,Mutant loop,640000,21988,stable,stable,intra-TAD,rbp1,1.2399108,0.9181663,0.188543,0.023295399,0.4627,0.0233999999999999,0.5272855594131558,0.619828247761183,0.6846035843049545,0.6638026411541829,0.0925426883480271,-0.0208009431507716,0.058256123,gained_2.5kb,gained_10kb,gained_0kb,anchor1_21988,anchor2_21988,enhancer-enhancer,IGF1R
21989,21989,21989,21989,chr15,98460000,98465000,chr15,99220000,99225000,gained,0.0011472165679468,0.0035911086947786,1.646291556285662,1.646291556285662,Mutant loop,760000,21989,stable,stable,intra-TAD,rbp1,0.26103398,0.18834169,0.188543,0.023474317,0.3877,0.0661999999999999,0.9228226758168137,0.8610940028995339,0.7177057776611176,0.7588947413153889,-0.0617286729172796,0.0411889636542712,0.042770512,gained_2.5kb,gained_10kb,gained_0kb,anchor1_21989,anchor2_21989,other-other,IGF1R
21990,21990,21990,21990,chr15,98512500,98517500,chr15,99072500,99077500,gained,0.0115141538995676,0.0074323391380079,-0.631520162149307,-0.631520162149307,Mutant loop,560000,21990,stable,stable,intra-TAD,rbp1,1.4030577,0.6709678,0.188543,0.023447517,0.4588,0.0156,0.7177057776611176,0.7588947413153889,0.6846035843049545,0.6638026411541829,0.0411889636542712,-0.0208009431507716,0.060217544,gained_2.5kb,gained_10kb,gained_0kb,anchor1_21990,anchor2_21990,promoter-enhancer,IGF1R
21991,21991,21991,21991,chr15,98512500,98517500,chr15,98652500,98657500,gained,0.0226478861308161,0.0243928188250445,0.1070800842851499,0.1070800842851499,Mutant loop,140000,21991,stable,stable,intra-TAD,rbp1,1.0115066,2.8015866,0.188543,0.024901193,0.4248,0.0836,0.7111601713490576,0.7365581014663072,0.6827587679495352,0.7057740832782118,0.0253979301172495,0.0230153153286766,0.042658485,gained_2.5kb,gained_10kb,gained_0kb,anchor1_21991,anchor2_21991,promoter-enhancer,IGF1R
21992,21992,21992,21992,chr15,98522500,98527500,chr15,98852500,98857500,gained,0.0050133875642112,0.0129591196131057,1.3701100387331275,1.3701100387331275,Mutant loop,330000,21992,stable,stable,intra-TAD,rbp1,12.888544,19.717043,0.188543,0.04802285,0.4813,0.0118,0.5895047856036159,0.5415049939830677,0.7271763304273905,0.7517082946676183,-0.0479997916205481,0.0245319642402278,0.056767344,gained_2.5kb,gained_10kb,gained_0kb,anchor1_21992,anchor2_21992,enhancer-enhancer,IGF1R
21993,21993,21993,21993,chr15,98655000,98660000,chr15,98775000,98780000,gained,0.0086530309257657,0.0153052283666196,0.822747107274313,0.822747107274313,Mutant loop,120000,21993,stable,stable,intra-TAD,rbp1,1.0441352,0.34136942,0.19816256,0.026748069,0.4409,0.0826,0.9077763763274402,0.9508591178430112,0.7104039983366041,0.7441284079540287,0.043082741515571,0.0337244096174246,0.034579054,gained_2.5kb,gained_10kb,gained_0kb,anchor1_21993,anchor2_21993,enhancer-enhancer,IGF1R
21994,21994,21994,21994,chr15,98882500,98887500,chr15,99052500,99057500,gained,0.004826460396615,0.0117192117037412,1.2798380836359309,1.2798380836359309,Mutant loop,170000,21994,stable,stable,intra-TAD,rbp1,0.783102,0.5532536,0.19711314,0.025643624,0.4662,0.0071999999999999,0.7009388850846516,0.7484856924880331,0.7379965833031757,0.7603418517975606,0.0475468074033814,0.0223452684943848,0.041133747,gained_2.5kb,gained_10kb,gained_0kb,anchor1_21994,anchor2_21994,enhancer-other,IGF1R
22069,22069,22069,22069,chr16,31192500,31197500,chr16,31432500,31437500,gained,0.0092304087284732,0.010517848173805,0.1883731387653322,0.1883731387653322,Mutant loop,240000,22069,stable,stable,uncategorized,rbp1,3.3608112,0.5650254,0.33224952,0.026012452,0.4933,0.049,0.8586854451114301,0.8646695203533926,0.9255953094158664,0.9180134774818628,0.0059840752419625,-0.0075818319340035,0.075016856,gained_2.5kb,gained_10kb,gained_0kb,anchor1_22069,anchor2_22069,enhancer-other,PYCARD-AS1
22105,22105,22105,22105,chr16,53542500,53547500,chr16,55022500,55027500,gained,0.0041508038962093,0.0064316769699063,0.6318041754249875,0.6318041754249875,Mutant loop,1480000,22105,stable,stable,uncategorized,rbp1,22.383654,0.72982514,0.23974217,0.05154071,0.3969,0.0761999999999999,0.2339243247054412,0.1506187618065073,-0.3459953910024366,-0.2660481907620445,-0.0833055628989339,0.0799472002403921,0.07556464,gained_2.5kb,gained_10kb,gained_0kb,anchor1_22105,anchor2_22105,enhancer-other,CRNDE
22130,22130,22130,22130,chr16,68530000,68535000,chr16,69120000,69125000,gained,0.0128062289891823,0.0102086947894069,-0.3270472868976191,-0.3270472868976191,Mutant loop,590000,22130,stable,stable,intra-TAD,rbp1,6.6889935,0.1765703,0.20201036,0.03497078,0.4772,0.024,0.3657901524565988,0.3821045530525462,0.3927436056465666,0.2987902859184121,0.0163144005959474,-0.0939533197281544,0.06161435,gained_2.5kb,gained_10kb,gained_0kb,anchor1_22130,anchor2_22130,enhancer-enhancer,CDH3
22135,22135,22135,22135,chr16,69352500,69357500,chr16,69752500,69757500,gained,0.0066090318529285,0.006836059125737,0.0487259260788885,0.0487259260788885,Mutant loop,400000,22135,stable,stable,inter-TAD,rbp1,2.8387415,0.37668344,0.188543,0.02547853,0.4704,0.0359999999999999,-0.1309993634755328,-0.0728376992573965,0.297680933000912,0.308955234554831,0.0581616642181363,0.011274301553919,0.0393876,gained_2.5kb,gained_10kb,gained_0kb,anchor1_22135,anchor2_22135,promoter-promoter,NOB1
22136,22136,22136,22136,chr16,69392500,69397500,chr16,69752500,69757500,gained,0.0194080425493988,0.0180312326299341,-0.106156594515846,-0.106156594515846,Mutant loop,360000,22136,stable,stable,inter-TAD,rbp1,2.0556417,1.6715345,0.188543,0.037518255,0.4528,0.0711999999999999,0.42182808736217,0.4150562604519954,0.297680933000912,0.308955234554831,-0.0067718269101746,0.011274301553919,0.041208774,gained_2.5kb,gained_10kb,gained_0kb,anchor1_22136,anchor2_22136,promoter-enhancer,NOB1
22141,22141,22141,22141,chr16,69715000,69720000,chr16,69750000,69755000,gained,0.0376667090049376,0.0378488720660155,0.0069603186754189,0.0069603186754189,Mutant loop,35000,22141,stable,stable,intra-TAD,rbp1,6.2648106,0.5297113,0.22712386,0.03191824,0.4658,0.0103999999999999,0.4453612035286031,0.4069694291076147,0.1631211409978829,0.1473827557822376,-0.0383917744209884,-0.0157383852156453,0.07642922,gained_2.5kb,gained_10kb,gained_0kb,anchor1_22141,anchor2_22141,promoter-enhancer,NOB1
22161,22161,22161,22161,chr16,74705000,74710000,chr16,74815000,74820000,gained,0.0174906446130201,0.0206535371072705,0.2398054171562184,0.2398054171562184,Mutant loop,110000,22161,stable,stable,intra-TAD,rbp1,8.157304,0.3884547,0.19608472,0.049798504,0.4367999999999999,0.0324,0.6360872265334173,0.6274629562111861,0.9018280946992624,0.901924616913358,-0.0086242703222312,9.65222140956179e-05,0.071433194,gained_2.5kb,gained_10kb,gained_0kb,anchor1_22161,anchor2_22161,enhancer-enhancer,FA2H
22310,22310,22310,22310,chr17,40362500,40367500,chr17,40552500,40557500,gained,0.0275039155664508,0.0210885721365404,-0.3831756044929143,-0.3831756044929143,Mutant loop,190000,22310,stable,stable,intra-TAD,rbp1,20.425898,2.6720998,0.5005452,0.032982398,0.5698,0.0704,-0.2831475527811527,-0.2626662974557152,-0.3891391010525953,-0.3185584577196867,0.0204812553254375,0.0705806433329085,0.12500551,gained_2.5kb,gained_10kb,gained_0kb,anchor1_22310,anchor2_22310,enhancer-enhancer,"ENSG00000279806,TNS4"
22311,22311,22311,22311,chr17,40435000,40440000,chr17,40530000,40535000,gained,0.0438454323798902,0.0341326315434166,-0.3612749099854825,-0.3612749099854825,Mutant loop,95000,22311,stable,stable,intra-TAD,rbp1,0.52206796,0.35314095,0.188543,0.023061268,0.4927,0.0137999999999999,-0.4756208368424164,-0.4573364563842344,-0.3891391010525953,-0.3185584577196867,0.018284380458182,0.0705806433329085,0.040591624,gained_2.5kb,gained_10kb,gained_0kb,anchor1_22311,anchor2_22311,enhancer-enhancer,"ENSG00000279806,TNS4"
22337,22337,22337,22337,chr17,45140000,45145000,chr17,45195000,45200000,gained,0.0536482208051744,0.054973647965969,0.03520989146016,0.03520989146016,Mutant loop,55000,22337,stable,stable,uncategorized,rbp1,4.1439137,1.1300507,0.20476648,0.04058642,0.5114,0.0499999999999999,0.3403796179910137,0.3066795216066891,0.310277974481443,0.3568255493330235,-0.0337000963843246,0.0465475748515804,0.043556996,gained_2.5kb,gained_10kb,gained_0kb,anchor1_22337,anchor2_22337,enhancer-enhancer,HEXIM1
22347,22347,22347,22347,chr17,47840000,47845000,chr17,48010000,48015000,gained,0.0363265655509159,0.0328738987888222,-0.1440824066691028,-0.1440824066691028,Mutant loop,170000,22347,stable,stable,intra-TAD,rbp1,0.5220679,0.7533673,0.188543,0.02539765,0.5289,0.0221999999999999,-0.3714384756222895,-0.4081256176807952,-1.3151355584223672,-1.3743489080583546,-0.0366871420585057,-0.0592133496359874,0.05149558,gained_2.5kb,gained_10kb,gained_0kb,anchor1_22347,anchor2_22347,promoter-enhancer,"CDK5RAP3,SP6"
22384,22384,22384,22384,chr17,54982500,54987500,chr17,55762500,55767500,gained,0.0008909365497008,0.0026050006496364,1.5478891369408492,1.5478891369408492,Mutant loop,780000,22384,stable,stable,intra-TAD,rbp1,0.7831019,0.28251275,0.1978982,0.02423869,0.3725,0.0118,0.5930912991394968,0.5286324515046573,,,-0.0644588476348394,,0.054835312,gained_2.5kb,gained_10kb,gained_0kb,anchor1_22384,anchor2_22384,enhancer-enhancer,MMD
22387,22387,22387,22387,chr17,55352500,55357500,chr17,55512500,55517500,gained,0.0274187211075336,0.023706817551667,-0.2098592753175161,-0.2098592753175161,Mutant loop,160000,22387,stable,stable,uncategorized,rbp1,10.441351,0.0941708,0.20264411,0.045601048,0.3959,0.0286,,,,,,,0.076980695,gained_2.5kb,gained_10kb,gained_0kb,anchor1_22387,anchor2_22387,enhancer-enhancer,MMD
22475,22475,22475,22475,chr17,77262500,77267500,chr17,77492500,77497500,gained,0.0074358848134363,0.0090442237870464,0.2824922678915528,0.2824922678915528,Mutant loop,230000,22475,stable,stable,inter-TAD,rbp1,0.26103395,0.09417081,0.21352091,0.036560737,0.5366,0.0452,-0.4746429150044643,-0.3906967182715512,-0.4249003479752726,-0.4048704837166513,0.083946196732913,0.0200298642586212,0.043078482,gained_2.5kb,gained_10kb,gained_0kb,anchor1_22475,anchor2_22475,enhancer-enhancer,SEPTIN9
22479,22479,22479,22479,chr17,78872500,78877500,chr17,78972500,78977500,gained,0.0349507941365257,0.0178717815912359,-0.9676417762039444,-0.9676417762039444,Mutant loop,100000,22479,stable,stable,uncategorized,rbp1,3.3608105,0.2825126,0.188543,0.03654132,0.552,0.0768,-0.6582924534429706,-0.6296321893635008,-0.4599231316666129,-0.3492336151565832,0.0286602640794697,0.1106895165100297,0.041926093,gained_2.5kb,gained_10kb,gained_0kb,anchor1_22479,anchor2_22479,promoter-enhancer,LGALS3BP
22486,22486,22486,22486,chr17,79735000,79740000,chr17,79990000,79995000,gained,0.0152205801877428,0.0129466023193383,-0.2334498238986232,-0.2334498238986232,Mutant loop,255000,22486,stable,stable,intra-TAD,rbp1,3.1324058,1.4007928,0.4770075,0.03977898,0.579,0.0175999999999999,0.1658801558020106,0.0913720810522174,0.1029473438912484,0.1140107579654124,-0.0745080747497932,0.011063414074164,0.079081446,gained_2.5kb,gained_10kb,gained_0kb,anchor1_22486,anchor2_22486,promoter-enhancer,TBC1D16
22487,22487,22487,22487,chr17,79802500,79807500,chr17,79992500,79997500,gained,0.023986052393914,0.0230968655386509,-0.0544986618530029,-0.0544986618530029,Mutant loop,190000,22487,stable,stable,inter-TAD,rbp1,0.52206796,0.47085455,0.188543,0.023494404,0.5369999999999999,0.0816,0.1658801558020106,0.0913720810522174,0.0575982927300422,0.0713173726650002,-0.0745080747497932,0.0137190799349579,0.03832884,gained_2.5kb,gained_10kb,gained_0kb,anchor1_22487,anchor2_22487,promoter-enhancer,TBC1D16
22489,22489,22489,22489,chr17,79822500,79827500,chr17,79992500,79997500,gained,0.0076688754980006,0.0146172948794667,0.9305893933172048,0.9305893933172048,Mutant loop,170000,22489,stable,stable,intra-TAD,rbp1,0.5220679,0.2825127,0.188543,0.024939012,0.5064,0.0203999999999999,0.3520546317631604,0.2291967960438265,0.0575982927300422,0.0713173726650002,-0.1228578357193338,0.0137190799349579,0.04317849,gained_2.5kb,gained_10kb,gained_0kb,anchor1_22489,anchor2_22489,promoter-enhancer,TBC1D16
22490,22490,22490,22490,chr17,80112500,80117500,chr17,80232500,80237500,gained,0.0241098138812182,0.0200549758758748,-0.2656602831791584,-0.2656602831791584,Mutant loop,120000,22490,stable,stable,intra-TAD,rbp1,0.7831019,0.7062815,0.188543,0.024363235,0.4876,0.0428,-0.0580750641253487,-0.1204853438017339,0.0575982927300422,0.0713173726650002,-0.0624102796763852,0.0137190799349579,0.036331337,gained_2.5kb,gained_10kb,gained_0kb,anchor1_22490,anchor2_22490,enhancer-enhancer,GAA
22550,22550,22550,22550,chr18,21900000,21905000,chr18,22705000,22710000,gained,0.008634720846906,0.0098612056303352,0.1916145037657806,0.1916145037657806,Mutant loop,805000,22550,stable,stable,uncategorized,rbp1,0.26103398,0.18834184,0.19630432,0.024778526,0.4506,0.0091999999999999,0.7649432745375606,0.7004463254698523,0.4679847544340572,0.4946026944986332,-0.0644969490677083,0.026617940064576,0.039927095,gained_2.5kb,gained_10kb,gained_0kb,anchor1_22550,anchor2_22550,enhancer-enhancer,GATA6-AS1
22551,22551,22551,22551,chr18,21915000,21920000,chr18,22790000,22795000,gained,0.0022115164592391,0.0050143614610414,1.181030017268668,1.181030017268668,Mutant loop,875000,22551,stable,stable,uncategorized,rbp1,11.289713,0.25896984,0.5813199,0.047585167,0.3862,0.0252,0.7649432745375606,0.7004463254698523,0.422661191257939,0.4454224060772414,-0.0644969490677083,0.0227612148193023,0.09570596,gained_2.5kb,gained_10kb,gained_0kb,anchor1_22551,anchor2_22551,enhancer-other,GATA6-AS1
22734,22734,22734,22734,chr19,4810000,4815000,chr19,4860000,4865000,gained,0.0382956640011901,0.0222684822579208,-0.7821778208817962,-0.7821778208817962,Mutant loop,50000,22734,stable,stable,intra-TAD,rbp1,4.176541,0.0,0.20493805,0.044667482,0.5231,0.0061999999999999,0.4214899998978447,0.3692561752431858,0.3470151440892411,0.2549692936835161,-0.0522338246546588,-0.092045850405725,0.044788975,gained_2.5kb,gained_10kb,gained_0kb,anchor1_22734,anchor2_22734,enhancer-enhancer,TICAM1
22742,22742,22742,22742,chr19,7145000,7150000,chr19,7335000,7340000,gained,0.0175414750690417,0.0218230217760818,0.3150808120219654,0.3150808120219654,Mutant loop,190000,22742,stable,stable,intra-TAD,rbp1,24.145632,1.0594224,0.2504703,0.04896862,0.4559999999999999,0.0628,-0.4510628961301999,-0.3329596544162144,0.0698845920331733,0.1764201095447919,0.1181032417139855,0.1065355175116186,0.07254133,gained_2.5kb,gained_10kb,gained_0kb,anchor1_22742,anchor2_22742,enhancer-enhancer,INSR
22753,22753,22753,22753,chr19,10932500,10937500,chr19,11122500,11127500,gained,0.0195180879331002,0.0139896898388872,-0.4804477505637475,-0.4804477505637475,Mutant loop,190000,22753,stable,stable,intra-TAD,rbp1,2.0230117,0.8239955,0.188543,0.048189808,0.4946,0.0135999999999999,0.2427886939536916,0.2772690550754219,-0.3714384756222895,-0.4081256176807952,0.0344803611217302,-0.0366871420585057,0.04034303,gained_2.5kb,gained_10kb,gained_0kb,anchor1_22753,anchor2_22753,enhancer-enhancer,LDLR
22778,22778,22778,22778,chr19,29732500,29737500,chr19,29872500,29877500,gained,0.0209611031445916,0.0258147514616025,0.3004810629556891,0.3004810629556891,Mutant loop,140000,22778,stable,stable,inter-TAD,rbp1,0.7831019,3.6138098,0.188543,0.025379919,0.5174,0.1091999999999999,0.4643059976410128,0.4006107710946263,0.308836546870865,0.252191331054952,-0.0636952265463865,-0.0566452158159129,0.03967574,gained_2.5kb,gained_10kb,gained_0kb,anchor1_22778,anchor2_22778,enhancer-enhancer,CCNE1
22779,22779,22779,22779,chr19,29752500,29757500,chr19,29872500,29877500,gained,0.024267134591103,0.0173085265682801,-0.4875208514474063,-0.4875208514474063,Mutant loop,120000,22779,stable,stable,inter-TAD,rbp1,0.81573117,0.9299379,0.188543,0.027234318,0.5457,0.0525999999999999,0.4643059976410128,0.4006107710946263,0.4566463655973654,0.3640238665261183,-0.0636952265463865,-0.092622499071247,0.043757148,gained_2.5kb,gained_10kb,gained_0kb,anchor1_22779,anchor2_22779,enhancer-other,CCNE1
22780,22780,22780,22780,chr19,29762500,29767500,chr19,30652500,30657500,gained,0.0039993623918775,0.0084718264828687,1.082903027682769,1.082903027682769,Mutant loop,890000,22780,stable,stable,intra-TAD,rbp1,2.7408562,5.9563103,0.21768147,0.026941555,0.4921,0.0126,0.0788139047921184,0.0639067819428843,0.308836546870865,0.252191331054952,-0.014907122849234,-0.0566452158159129,0.04621967,gained_2.5kb,gained_10kb,gained_0kb,anchor1_22780,anchor2_22780,enhancer-other,CCNE1
22797,22797,22797,22797,chr19,35152500,35157500,chr19,35252500,35257500,gained,0.0209930221418249,0.0165310775013841,-0.3447291079616566,-0.3447291079616566,Mutant loop,100000,22797,stable,stable,intra-TAD,rbp1,3.5565867,0.1883418,0.21440509,0.034578234,0.5377,0.0625999999999999,0.8708129690278877,0.872516824415011,0.7937057206330431,0.7485614607305923,0.0017038553871232,-0.0451442599024508,0.04635762,gained_2.5kb,gained_10kb,gained_0kb,anchor1_22797,anchor2_22797,promoter-enhancer,LSR
22811,22811,22811,22811,chr19,41202500,41207500,chr19,41302500,41307500,gained,0.030213986448964,0.0267920287706645,-0.1734127161540287,-0.1734127161540287,Mutant loop,100000,22811,stable,stable,inter-TAD,rbp1,3.2302935,0.28251258,0.22823626,0.025727235,0.5253000000000001,0.005,0.7088117456578058,0.7300488117693322,0.984254693807721,0.984919830034999,0.0212370661115264,0.000665136227278,0.06057954,gained_2.5kb,gained_10kb,gained_0kb,anchor1_22811,anchor2_22811,enhancer-enhancer,"CYP2S1,TGFB1"
22822,22822,22822,22822,chr19,43230000,43235000,chr19,43660000,43665000,gained,0.0064303472710919,0.005830389789357,-0.1413043147525338,-0.1413043147525338,Mutant loop,430000,22822,stable,stable,intra-TAD,rbp1,1.0441359,0.09417081,0.19711314,0.02649517,0.4372,0.0928,-0.1954982737421376,-0.1768888710058115,0.9572735390381518,0.8931631000942509,0.018609402736326,-0.0641104389439009,0.045422383,gained_2.5kb,gained_10kb,gained_0kb,anchor1_22822,anchor2_22822,enhancer-other,CADM4
22826,22826,22826,22826,chr19,43445000,43450000,chr19,43805000,43810000,gained,0.0057370022358416,0.009030384615568,0.6544903549902918,0.6544903549902918,Mutant loop,360000,22826,stable,stable,uncategorized,rbp1,6.4932165,0.28251255,0.3771662,0.030224558,0.4543,0.0422,0.9572735390381518,0.8931631000942509,,,-0.0641104389439009,,0.10085446,gained_2.5kb,gained_10kb,gained_0kb,anchor1_22826,anchor2_22826,enhancer-other,CADM4
22828,22828,22828,22828,chr19,44572500,44577500,chr19,44662500,44667500,gained,0.0235645452387942,0.0161452750415378,-0.5455058216440132,-0.5455058216440132,Mutant loop,90000,22828,stable,stable,inter-TAD,rbp1,2.4145632,0.0,0.188543,0.046349972,0.4727,0.0378,0.9771845101761713,0.9158547060483244,1.025182651728162,0.9518033650340753,-0.0613298041278468,-0.0733792866940868,0.046784274,gained_2.5kb,gained_10kb,gained_0kb,anchor1_22828,anchor2_22828,enhancer-enhancer,CEACAM19
22835,22835,22835,22835,chr19,46750000,46755000,chr19,46840000,46845000,gained,0.0559413602761015,0.0520689044899809,-0.1034932816770706,-0.1034932816770706,Mutant loop,90000,22835,stable,stable,uncategorized,rbp1,19.153366,1.5067344,0.188543,0.043122843,0.5162,0.0263999999999999,0.8784778399657316,0.8877601306928572,0.5426152503112588,0.5254174425129443,0.0092822907271256,-0.0171978077983144,0.074854694,gained_2.5kb,gained_10kb,gained_0kb,anchor1_22835,anchor2_22835,enhancer-enhancer,SLC1A5
22836,22836,22836,22836,chr19,46755000,46760000,chr19,46985000,46990000,gained,0.0142700325031421,0.0139325377197806,-0.034530561620635,-0.034530561620635,Mutant loop,230000,22836,stable,stable,intra-TAD,rbp1,0.9136189,0.22365606,0.20433985,0.027655624,0.5274,0.0811999999999999,-0.1942796633640936,-0.0879004330469945,-0.5526235080190389,-0.4791982085851494,0.106379230317099,0.0734252994338895,0.036180936,gained_2.5kb,gained_10kb,gained_0kb,anchor1_22836,anchor2_22836,enhancer-enhancer,SLC1A5
22839,22839,22839,22839,chr19,47042500,47047500,chr19,47242500,47247500,gained,0.0091943953011689,0.0173756283290311,0.9182385494031284,0.9182385494031284,Mutant loop,200000,22839,stable,stable,intra-TAD,rbp1,1.0115061,0.0,0.188543,0.03949143,0.5616000000000001,0.0292,-0.4280829400906562,-0.2955792671421394,-0.398371308212408,-0.2686573459972824,0.1325036729485167,0.1297139622151256,0.043910086,gained_2.5kb,gained_10kb,gained_0kb,anchor1_22839,anchor2_22839,enhancer-enhancer,ZC3H4
22840,22840,22840,22840,chr19,47070000,47075000,chr19,47130000,47135000,gained,0.036328720253052,0.0248031888198911,-0.5505849325208717,-0.5505849325208717,Mutant loop,60000,22840,stable,stable,intra-TAD,rbp1,9.821405,0.8475381,0.188543,0.04850577,0.5346,0.0479999999999999,-0.6420248806450033,-0.5186569045421097,-0.4409031202387328,-0.3748771587563959,0.1233679761028936,0.0660259614823368,0.052495383,gained_2.5kb,gained_10kb,gained_0kb,anchor1_22840,anchor2_22840,promoter-enhancer,ZC3H4
22850,22850,22850,22850,chr19,48792500,48797500,chr19,48972500,48977500,gained,0.0326437364162998,0.0229688450841671,-0.5071278810880554,-0.5071278810880554,Mutant loop,180000,22850,stable,stable,uncategorized,rbp1,11.746525,0.2825127,0.4484328,0.045819677,0.5246,0.0632,0.3146776460962533,0.3122626214544683,0.3688953296344765,0.3708042676748381,-0.002415024641785,0.0019089380403615,0.17474212,gained_2.5kb,gained_10kb,gained_0kb,anchor1_22850,anchor2_22850,enhancer-enhancer,NUCB1
22862,22862,22862,22862,chr19,53802500,53807500,chr19,54022500,54027500,gained,0.0211833689623348,0.0227319384232793,0.1017886614794269,0.1017886614794269,Mutant loop,220000,22862,stable,stable,inter-TAD,rbp1,8.059421,0.0,0.51098984,0.030363131,0.4918,0.0227999999999999,0.3047895746273387,0.2945407505895767,-0.5834001697668384,-0.4967601868027388,-0.010248824037762,0.0866399829640995,0.098336026,gained_2.5kb,gained_10kb,gained_0kb,anchor1_22862,anchor2_22862,enhancer-other,MYADM
22863,22863,22863,22863,chr19,53832500,53837500,chr19,54022500,54027500,gained,0.0204366550431019,0.0239767001147023,0.2304740325994401,0.2304740325994401,Mutant loop,190000,22863,stable,stable,inter-TAD,rbp1,1.3051691,1.8716468,0.24710053,0.024988502,0.4775,0.0057999999999999,-0.4884903682671644,-0.4356465149454013,-0.1481660496737938,-0.0750015064328305,0.0528438533217631,0.0731645432409633,0.06273112,gained_2.5kb,gained_10kb,gained_0kb,anchor1_22863,anchor2_22863,enhancer-enhancer,MYADM
22867,22867,22867,22867,chr19,55205000,55210000,chr19,55420000,55425000,gained,0.013684792046322,0.0209355373618505,0.6133804371356542,0.6133804371356542,Mutant loop,215000,22867,stable,stable,intra-TAD,rbp1,2.120901,0.8710806,0.188543,0.024739671,0.5324,0.1108,0.1172931175504918,0.0620724717469148,0.1819677932629894,0.1386066463277682,-0.0552206458035769,-0.0433611469352212,0.064159736,gained_2.5kb,gained_10kb,gained_0kb,anchor1_22867,anchor2_22867,promoter-enhancer,KMT5C
22895,22895,22895,22895,chr2,10072500,10077500,chr2,10662500,10667500,gained,0.0075734023660668,0.0118844260813211,0.6500587502525498,0.6500587502525498,Mutant loop,590000,22895,stable,stable,uncategorized,rbp1,3.7197332,0.18834181,0.188543,0.03736649,0.4509,0.1154,-0.3297822622093317,-0.3441116445542967,-0.4664972137320485,-0.5013744234544293,-0.014329382344965,-0.0348772097223807,0.058343947,gained_2.5kb,gained_10kb,gained_0kb,anchor1_22895,anchor2_22895,enhancer-enhancer,SNORA80B
22975,22975,22975,22975,chr2,32770000,32775000,chr2,33375000,33380000,gained,0.0185697240813928,0.017248230446732,-0.1065040205149829,-0.1065040205149829,Mutant loop,605000,22975,stable,stable,intra-TAD,rbp1,0.8483604,0.7533675,0.20664814,0.02618393,0.3939,0.0334,0.1999006834435232,0.2220424741172607,-0.0651053635189973,0.0101902211364915,0.0221417906737375,0.0752955846554888,0.033771433,gained_2.5kb,gained_10kb,gained_0kb,anchor1_22975,anchor2_22975,enhancer-enhancer,LTBP1
22976,22976,22976,22976,chr2,32770000,32775000,chr2,33270000,33275000,gained,0.0049739198691753,0.0054425596843778,0.1299020577882911,0.1299020577882911,Mutant loop,500000,22976,stable,stable,intra-TAD,rbp1,1.533574,1.0594232,0.19991428,0.034677453,0.374,0.0063999999999999,0.1999006834435232,0.2220424741172607,-0.0730958590460939,0.0136823855097398,0.0221417906737375,0.0867782445558338,0.03366287,gained_2.5kb,gained_10kb,gained_0kb,anchor1_22976,anchor2_22976,enhancer-enhancer,LTBP1
22977,22977,22977,22977,chr2,33042500,33047500,chr2,33382500,33387500,gained,0.0054287828896146,0.0064917775489965,0.2579847764139147,0.2579847764139147,Mutant loop,340000,22977,stable,stable,intra-TAD,rbp1,0.7504722,0.3766836,0.188543,0.025283668,0.4169,0.0498,0.1999006834435232,0.2220424741172607,-0.1316112995838307,0.0216770293719413,0.0221417906737375,0.153288328955772,0.063234866,gained_2.5kb,gained_10kb,gained_0kb,anchor1_22977,anchor2_22977,enhancer-enhancer,LTBP1
22978,22978,22978,22978,chr2,33062500,33067500,chr2,33382500,33387500,gained,0.0064186652879862,0.0054376030171019,-0.239302502791759,-0.239302502791759,Mutant loop,320000,22978,stable,stable,intra-TAD,rbp1,0.5220672,2.7780426,0.188543,0.038060173,0.4012,0.0812,0.1999006834435232,0.2220424741172607,-0.0730958590460939,0.0136823855097398,0.0221417906737375,0.0867782445558338,0.027480237,gained_2.5kb,gained_10kb,gained_0kb,anchor1_22978,anchor2_22978,enhancer-enhancer,LTBP1
23035,23035,23035,23035,chr2,42820000,42825000,chr2,43475000,43480000,gained,0.0051549243984714,0.0058754455668318,0.188746993849365,0.188746993849365,Mutant loop,655000,23035,stable,stable,uncategorized,rbp1,1.5988319,0.1883417,0.19273284,0.043171126,0.3724,0.0183999999999999,0.5885161736870401,0.5450415666569228,0.6252896869527665,0.5368881507326709,-0.0434746070301172,-0.0884015362200956,0.047730923,gained_2.5kb,gained_10kb,gained_0kb,anchor1_23035,anchor2_23035,enhancer-other,ZFP36L2
23036,23036,23036,23036,chr2,42840000,42845000,chr2,43700000,43705000,gained,0.0017130557721966,0.0022601093676434,0.3998204647388612,0.3998204647388612,Mutant loop,860000,23036,stable,stable,intra-TAD,rbp1,1.5662028,0.0,0.188543,0.027984366,0.4448,0.1012,0.5885161736870401,0.5450415666569228,0.5632140586339713,0.5843494816110791,-0.0434746070301172,0.0211354229771078,0.04841136,gained_2.5kb,gained_10kb,gained_0kb,anchor1_23036,anchor2_23036,enhancer-enhancer,ZFP36L2
23037,23037,23037,23037,chr2,42845000,42850000,chr2,43540000,43545000,gained,0.0083525316158259,0.0092017691470226,0.1396977242905512,0.1396977242905512,Mutant loop,695000,23037,stable,stable,intra-TAD,rbp1,18.827068,0.6474245,0.19527668,0.058140673,0.4392,0.1423999999999999,-1.0521149684699165,-1.3563391352933458,-1.350292859026771,-1.3046053247067666,-0.3042241668234295,0.0456875343200047,0.09070439,gained_2.5kb,gained_10kb,gained_0kb,anchor1_23037,anchor2_23037,enhancer-enhancer,ZFP36L2
23038,23038,23038,23038,chr2,42952500,42957500,chr2,43242500,43247500,gained,0.0073481593024179,0.0097690597708306,0.4108368125007648,0.4108368125007648,Mutant loop,290000,23038,stable,stable,intra-TAD,rbp1,0.7831019,0.47085446,0.21656968,0.02929977,0.5005999999999999,0.0479999999999999,0.4803631991431409,0.4732070036266761,0.4236193760910093,0.5327531569331834,-0.0071561955164647,0.109133780842174,0.04298418,gained_2.5kb,gained_10kb,gained_0kb,anchor1_23038,anchor2_23038,enhancer-other,ZFP36L2
23039,23039,23039,23039,chr2,42952500,42957500,chr2,43482500,43487500,gained,0.0093094670520577,0.0137069423897223,0.5581363008245074,0.5581363008245074,Mutant loop,530000,23039,stable,stable,intra-TAD,rbp1,11.518122,0.27074122,0.188543,0.029110968,0.4349999999999999,0.1791999999999999,0.6107951083737455,0.7971618320342708,0.4030868144777282,0.398494718296378,0.1863667236605253,-0.0045920961813501,0.08189374,gained_2.5kb,gained_10kb,gained_0kb,anchor1_23039,anchor2_23039,enhancer-enhancer,ZFP36L2
23040,23040,23040,23040,chr2,42952500,42957500,chr2,43562500,43567500,gained,0.0051113878511696,0.0076936639938804,0.5899557571266671,0.5899557571266671,Mutant loop,610000,23040,stable,stable,intra-TAD,rbp1,2.4471924,0.18834184,0.188543,0.046055004,0.4475,0.1541999999999999,0.713618041985251,0.7277099043383609,0.5420333271283905,0.5562717661459046,0.0140918623531098,0.014238439017514,0.04733505,gained_2.5kb,gained_10kb,gained_0kb,anchor1_23040,anchor2_23040,enhancer-enhancer,ZFP36L2
23041,23041,23041,23041,chr2,43120000,43125000,chr2,43545000,43550000,gained,0.0068918602274912,0.0095278310479663,0.4672543880385833,0.4672543880385833,Mutant loop,425000,23041,stable,stable,intra-TAD,rbp1,0.9462482,1.0241084,0.188543,0.037811175,0.4523,0.0806,0.1645185329114757,0.3481069009601682,0.0750165991820355,0.2647551199785369,0.1835883680486925,0.1897385207965014,0.0608949,gained_2.5kb,gained_10kb,gained_0kb,anchor1_23041,anchor2_23041,enhancer-other,ZFP36L2
23042,23042,23042,23042,chr2,43122500,43127500,chr2,43232500,43237500,gained,0.0188055458349849,0.0220015914575777,0.226449701546553,0.226449701546553,Mutant loop,110000,23042,stable,stable,inter-TAD,rbp1,3.0997777,4.0846663,0.19711314,0.03186576,0.5179,0.0325999999999999,0.2724585809172573,0.3404956807302577,0.306388549681855,0.3549789717473467,0.0680370998130004,0.0485904220654916,0.04596278,gained_2.5kb,gained_10kb,gained_0kb,anchor1_23042,anchor2_23042,enhancer-enhancer,ZFP36L2
23043,23043,23043,23043,chr2,43125000,43130000,chr2,43485000,43490000,gained,0.0140674374328075,0.0160153650880934,0.1870971395372285,0.1870971395372285,Mutant loop,360000,23043,stable,stable,intra-TAD,rbp1,0.84835947,2.2247894,0.20304632,0.030747445,0.4632,0.1987999999999999,0.2319586694427903,0.2859410993867655,0.306388549681855,0.3549789717473467,0.0539824299439751,0.0485904220654916,0.03739485,gained_2.5kb,gained_10kb,gained_0kb,anchor1_23043,anchor2_23043,enhancer-enhancer,ZFP36L2
23044,23044,23044,23044,chr2,43170000,43175000,chr2,43220000,43225000,gained,0.0223838846745609,0.0221192870485431,-0.0171555494272742,-0.0171555494272742,Mutant loop,50000,23044,stable,stable,intra-TAD,rbp1,0.26103398,0.27074143,0.19516748,0.028185554,0.5021,0.0398,1.0781274177335929,0.8056035879821747,,1.1400590843751508,-0.2725238297514182,,0.04477652,gained_2.5kb,gained_10kb,gained_0kb,anchor1_23044,anchor2_23044,enhancer-enhancer,ZFP36L2
23176,23176,23176,23176,chr2,69912500,69917500,chr2,70152500,70157500,gained,0.0129961061007607,0.0114142263893635,-0.1872463442782229,-0.1872463442782229,Mutant loop,240000,23176,stable,stable,inter-TAD,rbp1,0.0,0.37668324,0.188543,0.025226898,0.4619,0.0221999999999999,0.058273279004433,0.0934658527666078,0.0684492140362957,0.1741020370066499,0.0351925737621747,0.1056528229703542,0.03787025,gained_2.5kb,gained_10kb,gained_0kb,anchor1_23176,anchor2_23176,promoter-other,PCBP1
23177,23177,23177,23177,chr2,69910000,69915000,chr2,70255000,70260000,gained,0.0097690315056099,0.0117716234026925,0.2690258467857125,0.2690258467857125,Mutant loop,345000,23177,stable,stable,intra-TAD,rbp1,1.0441359,0.7533673,0.19642884,0.030267,0.4483,0.0581999999999999,0.7597769062434044,0.7184384502490371,0.6099601967256356,0.5895860872696306,-0.0413384559943673,-0.020374109456005,0.043603413,gained_2.5kb,gained_10kb,gained_0kb,anchor1_23177,anchor2_23177,promoter-promoter,PCBP1
23261,23261,23261,23261,chr2,112742500,112747500,chr2,112942500,112947500,gained,0.0324063354942585,0.0266734662359767,-0.2808705737211208,-0.2808705737211208,Mutant loop,200000,23261,stable,stable,inter-TAD,rbp1,1.0767652,0.0,0.26728743,0.024342867,0.4049,0.0309999999999999,0.336627922502423,0.3220349918094082,0.4687651596526748,0.538168645760834,-0.0145929306930148,0.0694034861081592,0.08105772,gained_2.5kb,gained_10kb,gained_0kb,anchor1_23261,anchor2_23261,enhancer-other,CKAP2L
23512,23512,23512,23512,chr2,195322500,195327500,chr2,195652500,195657500,gained,0.0078416567685533,0.0068055439114341,-0.2044480269366851,-0.2044480269366851,Mutant loop,330000,23512,stable,stable,inter-TAD,rbp1,3.0018883,0.2825127,0.19711314,0.036700666,0.3929,0.0942,0.1819677932629894,0.1386066463277682,0.2305455454942777,0.2157890043212927,-0.0433611469352212,-0.014756541172985,0.041291066,gained_2.5kb,gained_10kb,gained_0kb,anchor1_23512,anchor2_23512,promoter-other,SLC39A10
23589,23589,23589,23589,chr2,214955000,214960000,chr2,215920000,215925000,gained,0.0037309303619116,0.0072286729218956,0.954195381482614,0.954195381482614,Mutant loop,965000,23589,stable,stable,uncategorized,rbp1,5.2206783,0.3766835,0.32028645,0.050306838,0.4165999999999999,0.0835999999999999,-0.0624427430245234,-0.0197136203720906,-0.0602455149220456,-0.0740531710841236,0.0427291226524327,-0.0138076561620779,0.05335691,gained_2.5kb,gained_10kb,gained_0kb,anchor1_23589,anchor2_23589,enhancer-other,ATIC
23590,23590,23590,23590,chr2,215322500,215327500,chr2,215422500,215427500,gained,0.0094064409467241,0.0127802295824098,0.4421928846456249,0.4421928846456249,Mutant loop,100000,23590,stable,stable,intra-TAD,rbp1,5.4164534,0.0941708,0.45876676,0.037804905,0.4195,0.0061999999999999,-0.0624427430245234,-0.0197136203720906,0.0225753325594052,0.0122190116616211,0.0427291226524327,-0.0103563208977841,0.107899725,gained_2.5kb,gained_10kb,gained_0kb,anchor1_23590,anchor2_23590,enhancer-other,ATIC
23621,23621,23621,23621,chr2,223992500,223997500,chr2,224282500,224287500,gained,0.0493526423926155,0.0511341461557361,0.0511596799345341,0.0511596799345341,Mutant loop,290000,23621,stable,stable,inter-TAD,rbp1,0.0,1.2242221,0.188543,0.020760473,0.4228,0.0352,0.7649432745375606,0.7004463254698523,0.422661191257939,0.4454224060772414,-0.0644969490677083,0.0227612148193023,0.02396464,gained_2.5kb,gained_10kb,gained_0kb,anchor1_23621,anchor2_23621,enhancer-enhancer,SERPINE2
23662,23662,23662,23662,chr2,231892500,231897500,chr2,232412500,232417500,gained,0.0070361739792125,0.0108769073004076,0.628405343314071,0.628405343314071,Mutant loop,520000,23662,stable,,uncategorized,rbp1,0.22840472,1.0711942,0.18854302,0.027407762,0.4907,0.0442,0.8585842055751655,0.7477345108466079,0.6222149165555662,0.6464781202891166,-0.1108496947285575,0.0242632037335503,0.024583925,gained_2.5kb,gained_10kb,gained_0kb,anchor1_23662,anchor2_23662,enhancer-other,ALPP
23854,23854,23854,23854,chr20,44112500,44117500,chr20,44462500,44467500,gained,0.0050147979744694,0.0080207799220398,0.6775509460470888,0.6775509460470888,Mutant loop,350000,23854,stable,stable,intra-TAD,rbp1,10.147686,0.40022618,0.2781146,0.03805811,0.5319,0.1013999999999999,0.0468774285408812,0.0648581451922533,0.1176553176891705,0.1342639720981841,0.017980716651372,0.0166086544090136,0.06952191,gained_2.5kb,gained_10kb,gained_0kb,anchor1_23854,anchor2_23854,enhancer-enhancer,JPH2
23855,23855,23855,23855,chr20,44115000,44120000,chr20,44185000,44190000,gained,0.0393360756541625,0.0389372905447169,-0.0147005375045772,-0.0147005375045772,Mutant loop,70000,23855,stable,stable,intra-TAD,rbp1,1.6967201,0.37668356,0.33104643,0.031976927,0.5281,0.0242,-0.4292431818865723,-0.3929857203387395,-0.4628615161582102,-0.4341507748396591,0.0362574615478328,0.0287107413185511,0.054253418,gained_2.5kb,gained_10kb,gained_0kb,anchor1_23855,anchor2_23855,promoter-enhancer,JPH2
23856,23856,23856,23856,chr20,44122500,44127500,chr20,44602500,44607500,gained,0.0039381362577407,0.0048510283886727,0.3007775936423753,0.3007775936423753,Mutant loop,480000,23856,stable,stable,inter-TAD,rbp1,1.8272368,0.51794,0.18906966,0.036945768,0.4658,0.0579999999999999,-0.494026401055613,-0.3913024151753347,-0.4070660864115289,-0.3163313880518938,0.1027239858802782,0.0907346983596351,0.049448214,gained_2.5kb,gained_10kb,gained_0kb,anchor1_23856,anchor2_23856,enhancer-enhancer,JPH2
23964,23964,23964,23964,chr21,25610000,25615000,chr21,26715000,26720000,gained,0.0078359434444469,0.0091861144669804,0.229347775847061,0.229347775847061,Mutant loop,1105000,23964,stable,stable,intra-TAD,rbp1,1.2725406,10.653092,0.21145622,0.024741508,0.4134,0.0307999999999999,0.6452618328429952,0.5300415103849896,0.8045375560618924,0.662102262084974,-0.1152203224580056,-0.1424352939769183,0.046855845,gained_2.5kb,gained_10kb,gained_0kb,anchor1_23964,anchor2_23964,enhancer-enhancer,APP
23966,23966,23966,23966,chr21,25882500,25887500,chr21,26172500,26177500,gained,0.0170634268974705,0.0151683833665487,-0.169840083817788,-0.169840083817788,Mutant loop,290000,23966,stable,stable,intra-TAD,rbp1,1.4356863,0.75336754,0.20201036,0.025941856,0.4517,0.0409999999999999,0.6126403525189573,0.5290179140713587,0.692278915322263,0.6147001813512486,-0.0836224384475986,-0.0775787339710144,0.0976021,gained_2.5kb,gained_10kb,gained_0kb,anchor1_23966,anchor2_23966,enhancer-enhancer,APP
23987,23987,23987,23987,chr21,32262500,32267500,chr21,32602500,32607500,gained,0.0082438713739178,0.0104224038027161,0.3382941560134098,0.3382941560134098,Mutant loop,340000,23987,stable,stable,uncategorized,rbp1,3.7849927,1.1771371,0.188543,0.027742911,0.4733,0.0081999999999999,-0.1485996272409368,-0.1018122193661173,0.1280930292123503,0.1791715464216594,0.0467874078748194,0.051078517209309,0.07393813,gained_2.5kb,gained_10kb,gained_0kb,anchor1_23987,anchor2_23987,enhancer-other,SNORA80A
24035,24035,24035,24035,chr21,41280000,41285000,chr21,41600000,41605000,gained,0.0085316239891852,0.0188644065293928,1.144774425076011,1.144774425076011,Mutant loop,320000,24035,stable,stable,uncategorized,rbp1,2.3493047,0.0941709,0.188543,0.046869982,0.4796,0.0908,0.0387939313766327,0.083678168392457,0.0630535927456907,0.094149818656733,0.0448842370158243,0.0310962259110422,0.03995077,gained_2.5kb,gained_10kb,gained_0kb,anchor1_24035,anchor2_24035,enhancer-enhancer,BACE2
24043,24043,24043,24043,chr21,42595000,42600000,chr21,42820000,42825000,gained,0.0332571638792581,0.0400540717553436,0.268283766351712,0.268283766351712,Mutant loop,225000,24043,stable,stable,intra-TAD,rbp1,5.775372,0.17657027,0.43017912,0.028060075,0.4622999999999999,0.1005999999999999,0.7995477320821098,0.7149050024947502,0.4048844499765307,0.4054354934240721,-0.0846427295873596,0.0005510434475413,0.15501419,gained_2.5kb,gained_10kb,gained_0kb,anchor1_24043,anchor2_24043,enhancer-other,PDE9A
24081,24081,24081,24081,chr22,28842500,28847500,chr22,29242500,29247500,gained,0.0068654142410554,0.0087173971149977,0.3445506606115095,0.3445506606115095,Mutant loop,400000,24081,stable,B_to_A,intra-TAD,rbp1,1.7946074,5.2500305,0.188543,0.038309246,0.4654,0.0756,0.8692594869603695,0.7779714087724099,0.799228713182952,0.7170729742488277,-0.0912880781879595,-0.0821557389341243,0.036248356,gained_2.5kb,gained_10kb,gained_0kb,anchor1_24081,anchor2_24081,enhancer-enhancer,KREMEN1
24082,24082,24082,24082,chr22,28852500,28857500,chr22,29152500,29157500,gained,0.0235280220146753,0.0199514324126722,-0.2378877108114031,-0.2378877108114031,Mutant loop,300000,24082,stable,stable,intra-TAD,rbp1,1.7293494,0.20011315,0.18854299,0.035271056,0.471,0.0548,0.9546061696958036,0.928369604313812,0.799228713182952,0.7170729742488277,-0.0262365653819918,-0.0821557389341243,0.044289377,gained_2.5kb,gained_10kb,gained_0kb,anchor1_24082,anchor2_24082,enhancer-other,KREMEN1
24090,24090,24090,24090,chr22,30105000,30110000,chr22,30385000,30390000,gained,0.0129570840793363,0.0129251793365567,-0.0035567861097242,-0.0035567861097242,Mutant loop,280000,24090,stable,stable,intra-TAD,rbp1,1.5662031,0.09417081,0.22123283,0.025035754,0.4893,0.1498,0.8162839938936864,0.7504106783848278,0.8163464002388438,0.6735441192952959,-0.0658733155088586,-0.1428022809435478,0.07767495,gained_2.5kb,gained_10kb,gained_0kb,anchor1_24090,anchor2_24090,promoter-enhancer,SF3A1
24095,24095,24095,24095,chr22,30940000,30945000,chr22,31150000,31155000,gained,0.0063652143577296,0.0114057848413444,0.8414847182028956,0.8414847182028956,Mutant loop,210000,24095,stable,stable,intra-TAD,rbp1,6.4605856,5.66203,0.188543,0.038401436,0.4868,0.0088,-0.1429016374031602,-0.0001411134362052,0.2250972147221976,0.2185455858296664,0.142760523966955,-0.0065516288925312,0.05320754,gained_2.5kb,gained_10kb,gained_0kb,anchor1_24095,anchor2_24095,enhancer-enhancer,SMTN
24106,24106,24106,24106,chr22,32660000,32665000,chr22,32995000,33000000,gained,0.0053129922466214,0.0110659201402551,1.0585269048267811,1.0585269048267811,Mutant loop,335000,24106,B_to_A,B_to_A,intra-TAD,rbp1,0.52206796,0.28251263,0.2112982,0.025235679,0.47,0.0384,-0.2475761894738326,-0.133112772199335,0.1460463987965757,0.0471692885770131,0.1144634172744976,-0.0988771102195625,0.034413137,gained_2.5kb,gained_10kb,gained_0kb,anchor1_24106,anchor2_24106,enhancer-enhancer,TIMP3
24107,24107,24107,24107,chr22,32802500,32807500,chr22,32982500,32987500,gained,0.0073315624149538,0.012276561523827,0.7437139544206812,0.7437139544206812,Mutant loop,180000,24107,B_to_A,B_to_A,inter-TAD,rbp1,0.7831017,0.15302755,0.188543,0.022687178,0.4709,0.0094,-0.2743445154419431,-0.2526791607082971,0.1460463987965757,0.0471692885770131,0.021665354733646,-0.0988771102195625,0.06673486,gained_2.5kb,gained_10kb,gained_0kb,anchor1_24107,anchor2_24107,enhancer-enhancer,TIMP3
24131,24131,24131,24131,chr22,38762500,38767500,chr22,39112500,39117500,gained,0.0097849009850438,0.0149748922933585,0.6139164693134882,0.6139164693134882,Mutant loop,350000,24131,stable,stable,intra-TAD,rbp1,1.5662038,2.354274,0.18898147,0.031593453,0.4878,0.1248,0.6671104941076792,0.6125024113198806,0.8376273059180751,0.7166885059590609,-0.0546080827877986,-0.1209387999590142,0.032150224,gained_2.5kb,gained_10kb,gained_0kb,anchor1_24131,anchor2_24131,enhancer-enhancer,"APOBEC3B,APOBEC3F,NPTXR,SUN2"
24132,24132,24132,24132,chr22,38852500,38857500,chr22,39142500,39147500,gained,0.0072815081112939,0.0111607157289016,0.6161203585460027,0.6161203585460027,Mutant loop,290000,24132,stable,stable,intra-TAD,rbp1,4.5028334,0.47085464,0.20201662,0.04425613,0.4969,0.1137999999999999,0.8376273059180751,0.7166885059590609,0.5984869506991043,0.5228925497395647,-0.1209387999590142,-0.0755944009595396,0.047227867,gained_2.5kb,gained_10kb,gained_0kb,anchor1_24132,anchor2_24132,enhancer-enhancer,"APOBEC3B,APOBEC3F"
24133,24133,24133,24133,chr22,38862500,38867500,chr22,39122500,39127500,gained,0.0177497121212432,0.015963834044753,-0.152988439833655,-0.152988439833655,Mutant loop,260000,24133,stable,stable,inter-TAD,rbp1,9.103557,0.4119977,0.18854299,0.03643302,0.5633,0.0929999999999999,0.5856100248549168,0.5321688512378112,0.5984869506991043,0.5228925497395647,-0.0534411736171055,-0.0755944009595396,0.050624125,gained_2.5kb,gained_10kb,gained_0kb,anchor1_24133,anchor2_24133,enhancer-enhancer,"APOBEC3B,APOBEC3F"
24134,24134,24134,24134,chr22,38865000,38870000,chr22,38990000,38995000,gained,0.0338351075010664,0.0325161045331091,-0.0573665410599968,-0.0573665410599968,Mutant loop,125000,24134,stable,stable,intra-TAD,rbp1,11.583379,0.8239955,0.188543,0.04376605,0.5624,0.0704,0.6824574289401673,0.6021993484626207,0.5984869506991043,0.5228925497395647,-0.0802580804775465,-0.0755944009595396,0.05782637,gained_2.5kb,gained_10kb,gained_0kb,anchor1_24134,anchor2_24134,enhancer-other,APOBEC3B
24163,24163,24163,24163,chr22,46125000,46130000,chr22,46310000,46315000,gained,0.0691558275379281,0.056540751674054,-0.2905597647155281,-0.2905597647155281,Mutant loop,185000,24163,stable,stable,intra-TAD,rbp1,6.2321873,1.5067341,0.19711314,0.03422223,0.5606,0.1424,0.6452618328429952,0.5300415103849896,0.692278915322263,0.6147001813512486,-0.1152203224580056,-0.0775787339710144,0.040224116,gained_2.5kb,gained_10kb,gained_0kb,anchor1_24163,anchor2_24163,enhancer-other,GTSE1
24164,24164,24164,24164,chr22,46132500,46137500,chr22,46542500,46547500,gained,0.0118390214696493,0.0062164290148836,-0.9293918657411898,-0.9293918657411898,Mutant loop,410000,24164,stable,stable,uncategorized,rbp1,1.6640916,0.18834192,0.188543,0.024041204,0.5605,0.0733999999999999,0.5666219504187915,0.5569353941002919,0.5416840718607164,0.5546814084492199,-0.0096865563184995,0.0129973365885034,0.047717825,gained_2.5kb,gained_10kb,gained_0kb,anchor1_24164,anchor2_24164,enhancer-enhancer,GTSE1
24175,24175,24175,24175,chr3,4655000,4660000,chr3,5060000,5065000,gained,0.0127992544350817,0.0088728328297184,-0.5285930822541333,-0.5285930822541333,Mutant loop,405000,24175,stable,stable,intra-TAD,rbp1,5.5469694,0.18834169,0.188543,0.028391253,0.4526,0.02,0.2821039905225261,0.2822280686729711,-0.0191962928434627,0.0939707499085354,0.000124078150445,0.1131670427519982,0.05810607,gained_2.5kb,gained_10kb,gained_0kb,anchor1_24175,anchor2_24175,enhancer-other,BHLHE40
24176,24176,24176,24176,chr3,4712500,4717500,chr3,5042500,5047500,gained,0.0234008583187106,0.0209227323017747,-0.1614901817238115,-0.1614901817238115,Mutant loop,330000,24176,stable,stable,intra-TAD,rbp1,10.376101,0.3766836,0.22207052,0.056210466,0.4138,0.0048,-0.0191962928434627,0.0939707499085354,-0.2797294180186841,-0.0969787262697856,0.1131670427519982,0.1827506917488984,0.07913746,gained_2.5kb,gained_10kb,gained_0kb,anchor1_24176,anchor2_24176,enhancer-enhancer,BHLHE40
24195,24195,24195,24195,chr3,10942500,10947500,chr3,11332500,11337500,gained,0.0046010800520645,0.0058865598911753,0.3554522111016481,0.3554522111016481,Mutant loop,390000,24195,stable,stable,inter-TAD,rbp1,16.249355,14.455244,0.7167576,0.029786147,0.4725,0.0622,0.7121252088033343,0.6580178592314969,0.5838403100597895,0.5617957840007644,-0.0541073495718373,-0.0220445260590251,0.10370201,gained_2.5kb,gained_10kb,gained_0kb,anchor1_24195,anchor2_24195,enhancer-other,HRH1
24197,24197,24197,24197,chr3,11150000,11155000,chr3,11645000,11650000,gained,0.0042255836688845,0.004708662596201,0.1561667177510387,0.1561667177510387,Mutant loop,495000,24197,stable,stable,intra-TAD,rbp1,3.4260688,1.1182796,0.2051182,0.051179938,0.4567,0.1342,0.54111695138027,0.4853170241557817,0.6378008468286932,0.5849765723000413,-0.0557999272244882,-0.0528242745286519,0.03374412,gained_2.5kb,gained_10kb,gained_0kb,anchor1_24197,anchor2_24197,promoter-other,HRH1
24198,24198,24198,24198,chr3,11230000,11235000,chr3,11330000,11335000,gained,0.0351706230875436,0.0287652342845184,-0.2900446735671595,-0.2900446735671595,Mutant loop,100000,24198,stable,stable,intra-TAD,rbp1,4.6659794,0.21188447,0.188543,0.03128305,0.4059,0.0242,0.54111695138027,0.4853170241557817,0.7792847836318906,0.7294783099563846,-0.0557999272244882,-0.0498064736755059,0.043639176,gained_2.5kb,gained_10kb,gained_0kb,anchor1_24198,anchor2_24198,enhancer-enhancer,HRH1
24297,24297,24297,24297,chr3,37852500,37857500,chr3,37942500,37947500,gained,0.0249995204105417,0.0210832882197896,-0.2458005265257242,-0.2458005265257242,Mutant loop,90000,24297,stable,stable,uncategorized,rbp1,11.126564,0.28251255,0.188543,0.03638241,0.4887,0.0613999999999999,0.4976602724780288,0.543874053357019,-0.1429016374031602,-0.0001411134362052,0.0462137808789901,0.142760523966955,0.082065925,gained_2.5kb,gained_10kb,gained_0kb,anchor1_24297,anchor2_24297,enhancer-enhancer,ENSG00000290076
24298,24298,24298,24298,chr3,37852500,37857500,chr3,37982500,37987500,gained,0.0192197829068111,0.0301994371229231,0.6519296193645892,0.6519296193645892,Mutant loop,130000,24298,stable,stable,uncategorized,rbp1,4.6986094,7.0510488,0.1938751,0.043987177,0.5158,0.0071999999999999,-0.0742453516505152,-0.0182025569390577,-0.1429016374031602,-0.0001411134362052,0.0560427947114575,0.142760523966955,0.08075072,gained_2.5kb,gained_10kb,gained_0kb,anchor1_24298,anchor2_24298,enhancer-enhancer,ENSG00000290076
24299,24299,24299,24299,chr3,38012500,38017500,chr3,38482500,38487500,gained,0.0046093297631594,0.0059909822922665,0.3782355838559106,0.3782355838559106,Mutant loop,470000,24299,stable,stable,uncategorized,rbp1,0.0,0.0,0.21379429,0.024384947,0.4657,0.0118,-0.4735687941285499,-0.4042768860070408,-0.8687534157896123,-0.7556626923867021,0.069291908121509,0.1130907234029101,0.03228991,gained_2.5kb,gained_10kb,gained_0kb,anchor1_24299,anchor2_24299,enhancer-other,MYD88
24506,24506,24506,24506,chr3,124925000,124930000,chr3,125580000,125585000,gained,0.0171128268078722,0.0119609545375543,-0.5167455656156866,-0.5167455656156866,Mutant loop,655000,24506,stable,stable,intra-TAD,rbp1,10.735022,0.37668326,0.188543,0.03891121,0.4211,0.0149999999999999,0.0735795745073864,0.0030781556530062,0.4520640068539264,0.4333327518647302,-0.0705014188543801,-0.0187312549891962,0.059564777,gained_2.5kb,gained_10kb,gained_0kb,anchor1_24506,anchor2_24506,enhancer-other,MUC13
24507,24507,24507,24507,chr3,124925000,124930000,chr3,125435000,125440000,gained,0.0113372318317434,0.0089380380913428,-0.3430383277737348,-0.3430383277737348,Mutant loop,510000,24507,stable,stable,intra-TAD,rbp1,3.6544738,0.63565344,0.18854302,0.030803159,0.4387999999999999,0.0204,0.7756022331903322,0.5764627337109942,0.4781803004262668,0.4383406710506327,-0.1991394994793379,-0.0398396293756341,0.0738714,gained_2.5kb,gained_10kb,gained_0kb,anchor1_24507,anchor2_24507,enhancer-enhancer,MUC13
24628,24628,24628,24628,chr3,156150000,156155000,chr3,157080000,157085000,gained,0.0112668872329366,0.0100662554139256,-0.1625618796705833,-0.1625618796705833,Mutant loop,930000,24628,stable,stable,intra-TAD,rbp1,11.4854965,0.3766835,0.188543,0.04919843,0.4341,0.0293999999999999,0.4318659560268837,0.3650966592401348,0.6943870025184719,0.636588056473293,-0.0667692967867489,-0.0577989460451788,0.07649038,gained_2.5kb,gained_10kb,gained_0kb,anchor1_24628,anchor2_24628,promoter-enhancer,"LEKR1,LINC00880"
24631,24631,24631,24631,chr3,156542500,156547500,chr3,157142500,157147500,gained,0.0068719093339124,0.0071131939974777,0.0497865084860381,0.0497865084860381,Mutant loop,600000,24631,stable,stable,intra-TAD,rbp1,10.049801,2.8015862,0.20707774,0.032749634,0.3858,0.0207999999999999,-0.4733717817231234,-0.2885593301386467,-0.4081222079514359,-0.3233302849578614,0.1848124515844766,0.0847919229935745,0.09697792,gained_2.5kb,gained_10kb,gained_0kb,anchor1_24631,anchor2_24631,enhancer-enhancer,"LEKR1,LINC00880"
24632,24632,24632,24632,chr3,156680000,156685000,chr3,157130000,157135000,gained,0.0113495426338351,0.0083768749544615,-0.4381501176666769,-0.4381501176666769,Mutant loop,450000,24632,stable,stable,intra-TAD,rbp1,5.5795965,6.2152834,0.188543,0.058812954,0.424,0.1384,-0.4733717817231234,-0.2885593301386467,-1.1284872895610962,-1.1684820835064191,0.1848124515844766,-0.0399947939453229,0.052166156,gained_2.5kb,gained_10kb,gained_0kb,anchor1_24632,anchor2_24632,enhancer-enhancer,"LEKR1,LINC00880"
24633,24633,24633,24633,chr3,156822500,156827500,chr3,157132500,157137500,gained,0.0090893215931686,0.0086897902404373,-0.0648512660857218,-0.0648512660857218,Mutant loop,310000,24633,stable,stable,inter-TAD,rbp1,9.429851,1.3654777,0.77669203,0.024522208,0.4730999999999999,0.0326,-0.2475761894738326,-0.133112772199335,0.1460463987965757,0.0471692885770131,0.1144634172744976,-0.0988771102195625,0.102773696,gained_2.5kb,gained_10kb,gained_0kb,anchor1_24633,anchor2_24633,promoter-enhancer,"LEKR1,LINC00880"
24712,24712,24712,24712,chr3,183120000,183125000,chr3,183380000,183385000,gained,0.0448196133294298,0.0441973356948422,-0.0201707987423104,-0.0201707987423104,Mutant loop,260000,24712,stable,stable,intra-TAD,rbp1,0.9136187,1.1182793,0.188543,0.026060617,0.4212,0.0071999999999999,-0.2015993314519827,-0.1624324970587589,-0.5202550825409341,-0.5320277669320193,0.0391668343932237,-0.0117726843910851,0.032655526,gained_2.5kb,gained_10kb,gained_0kb,anchor1_24712,anchor2_24712,enhancer-enhancer,LAMP3
24713,24713,24713,24713,chr3,183125000,183130000,chr3,183175000,183180000,gained,0.0238355661879033,0.0209593501250755,-0.1855219107380683,-0.1855219107380683,Mutant loop,50000,24713,stable,stable,intra-TAD,rbp1,0.7831019,1.1182793,0.19185606,0.027530767,0.4297,0.123,-0.0718005167631153,-0.0827145041967035,0.1955006111251332,0.1837984108934828,-0.0109139874335882,-0.0117022002316504,0.035017155,gained_2.5kb,gained_10kb,gained_0kb,anchor1_24713,anchor2_24713,enhancer-enhancer,LAMP3
24820,24820,24820,24820,chr4,17542500,17547500,chr4,17802500,17807500,gained,0.0162062596688439,0.0103189345072635,-0.6512571503919211,-0.6512571503919211,Mutant loop,260000,24820,stable,stable,inter-TAD,rbp1,0.8157307,0.0,0.18854299,0.038019493,0.4111,0.0698,0.5604629609358649,0.5422995463985438,0.4792089465870349,0.4725144432147489,-0.018163414537321,-0.006694503372286,0.046401877,gained_2.5kb,gained_10kb,gained_0kb,anchor1_24820,anchor2_24820,enhancer-enhancer,FAM184B
24821,24821,24821,24821,chr4,17542500,17547500,chr4,18362500,18367500,gained,0.0035928940649254,0.003542467027903,-0.0203919735854228,-0.0203919735854228,Mutant loop,820000,24821,stable,stable,uncategorized,rbp1,15.629401,0.36491194,0.43398923,0.024700738,0.3973,0.0973999999999999,0.2476160766304869,0.4186385606412931,0.3478451289668325,0.4503626110746258,0.1710224840108062,0.1025174821077932,0.1482756,gained_2.5kb,gained_10kb,gained_0kb,anchor1_24821,anchor2_24821,enhancer-enhancer,FAM184B
24940,24940,24940,24940,chr4,73595000,73600000,chr4,74130000,74135000,gained,0.0056685792179252,0.0092823995784443,0.711510621377556,0.711510621377556,Mutant loop,535000,24940,stable,stable,intra-TAD,rbp1,6.78688,11.053315,0.188543,0.04201206,0.378,0.0,0.3108353773977707,0.3054864391708016,0.3676421985099695,0.4619149450366037,-0.005348938226969,0.0942727465266342,0.046493195,gained_2.5kb,gained_10kb,gained_0kb,anchor1_24940,anchor2_24940,enhancer-enhancer,CXCL8
24941,24941,24941,24941,chr4,73662500,73667500,chr4,73852500,73857500,gained,0.0110246721217127,0.0136968608824954,0.3131095366727103,0.3131095366727103,Mutant loop,190000,24941,stable,stable,intra-TAD,rbp1,1.5335743,0.6121108,0.188543,0.04208046,0.417,0.0232,0.3676421985099695,0.4619149450366037,0.7046407646847032,0.6480014961583646,0.0942727465266342,-0.0566392685263386,0.05331645,gained_2.5kb,gained_10kb,gained_0kb,anchor1_24941,anchor2_24941,enhancer-enhancer,CXCL8
24942,24942,24942,24942,chr4,73660000,73665000,chr4,74135000,74140000,gained,0.0212096574623535,0.0186696881524076,-0.184023491589488,-0.184023491589488,Mutant loop,475000,24942,stable,stable,intra-TAD,rbp1,0.65258497,0.55325437,0.19711313,0.026201062,0.3804,0.012,0.3394006753622147,0.2686201326665961,0.5457126176424385,0.6262656493165318,-0.0707805426956186,0.0805530316740933,0.04343626,gained_2.5kb,gained_10kb,gained_0kb,anchor1_24942,anchor2_24942,enhancer-other,CXCL8
24943,24943,24943,24943,chr4,73665000,73670000,chr4,73920000,73925000,gained,0.0115575923334337,0.0086787275668682,-0.4132854459832417,-0.4132854459832417,Mutant loop,255000,24943,stable,stable,intra-TAD,rbp1,1.044135,2.1659312,0.19472149,0.026161388,0.3708,0.0956,0.3394006753622147,0.2686201326665961,0.0877581624000869,0.1909794649526093,-0.0707805426956186,0.1032213025525223,0.043028437,gained_2.5kb,gained_10kb,gained_0kb,anchor1_24943,anchor2_24943,enhancer-enhancer,CXCL8
24944,24944,24944,24944,chr4,73730000,73735000,chr4,73860000,73865000,gained,0.011949886161858,0.0107205183411287,-0.1566222123981852,-0.1566222123981852,Mutant loop,130000,24944,stable,stable,intra-TAD,rbp1,1.7293491,0.09417085,0.188543,0.034264587,0.3957,0.0061999999999999,0.3244694162428254,0.290974236193256,0.1882184445395134,0.2346844285502669,-0.0334951800495693,0.0464659840107535,0.042669896,gained_2.5kb,gained_10kb,gained_0kb,anchor1_24944,anchor2_24944,enhancer-enhancer,CXCL8
24945,24945,24945,24945,chr4,73742500,73747500,chr4,74132500,74137500,gained,0.0060831161480269,0.0047085119675096,-0.3695393540736784,-0.3695393540736784,Mutant loop,390000,24945,stable,stable,inter-TAD,rbp1,0.88098943,0.47085458,0.188543,0.028692706,0.3515,0.009,0.1882184445395134,0.2346844285502669,0.5457126176424385,0.6262656493165318,0.0464659840107535,0.0805530316740933,0.037502028,gained_2.5kb,gained_10kb,gained_0kb,anchor1_24945,anchor2_24945,enhancer-enhancer,CXCL8
24956,24956,24956,24956,chr4,74872500,74877500,chr4,75472500,75477500,gained,0.0149255787164139,0.0128679871516409,-0.214000470251634,-0.214000470251634,Mutant loop,600000,24956,stable,stable,intra-TAD,rbp1,0.7831019,0.0,0.27673262,0.024954263,0.3732,0.0272,0.7785022504348034,0.8176747460239624,0.8819797331269177,0.9211022504822406,0.039172495589159,0.0391225173553229,0.038099132,gained_2.5kb,gained_10kb,gained_0kb,anchor1_24956,anchor2_24956,enhancer-other,PARM1
25073,25073,25073,25073,chr4,103482500,103487500,chr4,103772500,103777500,gained,0.0067743899873545,0.0060841223225076,-0.1550418831067103,-0.1550418831067103,Mutant loop,290000,25073,stable,stable,inter-TAD,rbp1,0.26103395,0.0,0.2221973,0.035774123,0.3831,0.0989999999999999,-0.1828216815550297,-0.100516331215014,-0.2856855074475821,-0.1971632867682165,0.0823053503400157,0.0885222206793656,0.03735993,gained_2.5kb,gained_10kb,gained_0kb,anchor1_25073,anchor2_25073,enhancer-enhancer,ENSG00000250920
25077,25077,25077,25077,chr4,105512500,105517500,chr4,105642500,105647500,gained,0.0136352851733545,0.0123857495040767,-0.1386636999833082,-0.1386636999833082,Mutant loop,130000,25077,stable,stable,intra-TAD,rbp1,1.892496,3.660895,0.188543,0.022119543,0.36,0.0359999999999999,0.1218436437427959,0.1267458056548361,0.5717587262051086,0.5425528637612291,0.0049021619120401,-0.0292058624438794,0.05117248,gained_2.5kb,gained_10kb,gained_0kb,anchor1_25077,anchor2_25077,other-other,ARHGEF38
25078,25078,25078,25078,chr4,105522500,105527500,chr4,105712500,105717500,gained,0.013520379690064,0.0069828791424784,-0.9532417587700186,-0.9532417587700186,Mutant loop,190000,25078,stable,stable,intra-TAD,rbp1,8.842519,1.8363327,0.19626352,0.034640096,0.3686,0.0443999999999999,0.7836195812932626,0.8258155364668354,0.7836195812932626,0.8258155364668354,0.0421959551735727,0.0421959551735727,0.03838265,gained_2.5kb,gained_10kb,gained_0kb,anchor1_25078,anchor2_25078,enhancer-other,ARHGEF38
25090,25090,25090,25090,chr4,109700000,109705000,chr4,109980000,109985000,gained,0.006023218925336,0.0072098328876079,0.2594311231243086,0.2594311231243086,Mutant loop,280000,25090,stable,stable,intra-TAD,rbp1,4.959643,0.47085464,0.188543,0.054879665,0.4417,0.1169999999999999,0.0337954930438213,0.0541417531745367,-0.0850528815720161,-0.0115096492278169,0.0203462601307154,0.0735432323441992,0.052431345,gained_2.5kb,gained_10kb,gained_0kb,anchor1_25090,anchor2_25090,promoter-enhancer,GAR1
25091,25091,25091,25091,chr4,109815000,109820000,chr4,109970000,109975000,gained,0.0131668636385706,0.0130375700911837,-0.0142367261403629,-0.0142367261403629,Mutant loop,155000,25091,stable,stable,intra-TAD,rbp1,19.96909,0.61211085,0.21728948,0.03684556,0.4207,0.0242,-0.1485849441905357,-0.1157407276680486,-0.2827238795733191,-0.2124878395809502,0.032844216522487,0.0702360399923689,0.068963535,gained_2.5kb,gained_10kb,gained_0kb,anchor1_25091,anchor2_25091,promoter-enhancer,GAR1
25116,25116,25116,25116,chr4,113290000,113295000,chr4,114385000,114390000,gained,0.0034118808915747,0.0067840629521363,0.9915822741356192,0.9915822741356192,Mutant loop,1095000,25116,stable,stable,uncategorized,rbp1,0.0,1.2242225,0.198375,0.024710827,0.3889,0.0082,0.720178563040734,0.7507466487756984,0.5200266782413163,0.4984327909034542,0.0305680857349643,-0.0215938873378621,0.03954193,gained_2.5kb,gained_10kb,gained_0kb,anchor1_25116,anchor2_25116,enhancer-enhancer,ANK2
25117,25117,25117,25117,chr4,113372500,113377500,chr4,114372500,114377500,gained,0.0044610744187535,0.005485047163425,0.2981128106969786,0.2981128106969786,Mutant loop,1000000,25117,stable,stable,inter-TAD,rbp1,0.26103398,0.27074134,0.188543,0.024767896,0.3678,0.0191999999999999,0.6687490604111482,0.5886275943222684,0.7335803479853187,0.7171881760491696,-0.0801214660888798,-0.016392171936149,0.04054667,gained_2.5kb,gained_10kb,gained_0kb,anchor1_25117,anchor2_25117,enhancer-other,ANK2
25305,25305,25305,25305,chr4,183472500,183477500,chr4,184152500,184157500,gained,0.0045901744819388,0.0052503566022563,0.1938664189375618,0.1938664189375618,Mutant loop,680000,25305,stable,stable,intra-TAD,rbp1,8.777263,9.793777,0.19367075,0.03384396,0.4234,0.0028,,,0.6135283705162536,0.5972957927977512,,-0.0162325777185023,0.112390265,gained_2.5kb,gained_10kb,gained_0kb,anchor1_25305,anchor2_25305,enhancer-other,ING2
25306,25306,25306,25306,chr4,183472500,183477500,chr4,183612500,183617500,gained,0.0128618697529273,0.0119805308626832,-0.1024085490548369,-0.1024085490548369,Mutant loop,140000,25306,stable,stable,intra-TAD,rbp1,0.52206796,0.9417093,0.20074284,0.023738876,0.4291,0.0141999999999999,,,0.6201757189433331,0.520065138610957,,-0.100110580332376,0.052974507,gained_2.5kb,gained_10kb,gained_0kb,anchor1_25306,anchor2_25306,other-other,ING2
25323,25323,25323,25323,chr4,186302500,186307500,chr4,186552500,186557500,gained,0.0124281726254918,0.01113999451631,-0.1578656630258137,-0.1578656630258137,Mutant loop,250000,25323,stable,stable,intra-TAD,rbp1,0.5220679,1.6126777,0.18854302,0.024874575,0.4391,0.0754,0.5192223903904404,0.5079500044519912,0.546005127762474,0.4669209483417453,-0.0112723859384491,-0.0790841794207286,0.03808254,gained_2.5kb,gained_10kb,gained_0kb,anchor1_25323,anchor2_25323,promoter-enhancer,MTNR1A
25374,25374,25374,25374,chr5,33435000,33440000,chr5,34450000,34455000,gained,0.0073091966680332,0.0079264697042649,0.1169656080216315,0.1169656080216315,Mutant loop,1015000,25374,stable,stable,uncategorized,rbp1,12.431736,0.6591965,0.188543,0.056701936,0.429,0.0632,-0.250972377935598,-0.1929367070680669,-0.6332140129914007,-0.5500694408505451,0.0580356708675311,0.0831445721408555,0.0710916,gained_2.5kb,gained_10kb,gained_0kb,anchor1_25374,anchor2_25374,enhancer-enhancer,ENSG00000290548
25375,25375,25375,25375,chr5,33982500,33987500,chr5,34462500,34467500,gained,0.0127789768546555,0.0060227054815759,-1.0852887158939355,-1.0852887158939355,Mutant loop,480000,25375,stable,stable,uncategorized,rbp1,7.928902,0.1294851,0.188543,0.03353898,0.4115,0.0157999999999999,-0.6797103084633582,-0.5692017042296799,-0.1782706452902882,-0.1536935137358785,0.1105086042336783,0.0245771315544097,0.060598206,gained_2.5kb,gained_10kb,gained_0kb,anchor1_25375,anchor2_25375,promoter-enhancer,ENSG00000290548
25526,25526,25526,25526,chr5,76600000,76605000,chr5,76780000,76785000,gained,0.010877269652526,0.010350973559788,-0.0715499986660276,-0.0715499986660276,Mutant loop,180000,25526,stable,stable,intra-TAD,rbp1,0.65258497,0.92993784,0.188543,0.027301073,0.4337,0.0478,0.6992504144334438,0.6497091854190314,0.7306040859223091,0.7817288019003986,-0.0495412290144123,0.0511247159780895,0.036531866,gained_2.5kb,gained_10kb,gained_0kb,anchor1_25526,anchor2_25526,enhancer-enhancer,F2R
25527,25527,25527,25527,chr5,76650000,76655000,chr5,76770000,76775000,gained,0.0103024404737914,0.0130299131002302,0.3388413343102807,0.3388413343102807,Mutant loop,120000,25527,stable,stable,intra-TAD,rbp1,4.6986113,0.45908344,0.46773285,0.024569523,0.4073,0.0617999999999999,0.6992504144334438,0.6497091854190314,0.7195339038065116,0.7154257050760349,-0.0495412290144123,-0.0041081987304767,0.11748176,gained_2.5kb,gained_10kb,gained_0kb,anchor1_25527,anchor2_25527,enhancer-other,F2R
25696,25696,25696,25696,chr5,135882500,135887500,chr5,136212500,136217500,gained,0.0271641685250847,0.0258516059885415,-0.0714509794841753,-0.0714509794841753,Mutant loop,330000,25696,stable,stable,inter-TAD,rbp1,0.0,0.235427,0.188543,0.02397757,0.4856,0.042,0.7516156436230342,0.6910462792698423,0.6400689488107164,0.6907088217110553,-0.0605693643531919,0.0506398729003388,0.04667636,gained_2.5kb,gained_10kb,gained_0kb,anchor1_25696,anchor2_25696,enhancer-other,TGFBI
25697,25697,25697,25697,chr5,135885000,135890000,chr5,136080000,136085000,gained,0.0191628931421217,0.0240418435820891,0.3272321391250046,0.3272321391250046,Mutant loop,195000,25697,stable,stable,intra-TAD,rbp1,3.4260693,0.0941708,0.18854302,0.023973655,0.4572,0.0031999999999999,0.030329777049831,-0.0089795756521062,-0.8440395268967096,-0.8138661038887502,-0.0393093527019372,0.0301734230079593,0.09755811,gained_2.5kb,gained_10kb,gained_0kb,anchor1_25697,anchor2_25697,promoter-enhancer,TGFBI
25698,25698,25698,25698,chr5,135940000,135945000,chr5,136065000,136070000,gained,0.0455576940132716,0.0501047559618733,0.1372528268412181,0.1372528268412181,Mutant loop,125000,25698,stable,stable,intra-TAD,rbp1,3.3281813,1.1300505,0.188543,0.039384224,0.3956,0.0716,-0.6593002651583266,-0.7115377338095379,-0.5099825044492282,-0.4743940208194624,-0.0522374686512112,0.0355884836297657,0.054460183,gained_2.5kb,gained_10kb,gained_0kb,anchor1_25698,anchor2_25698,enhancer-enhancer,TGFBI
25719,25719,25719,25719,chr5,141662500,141667500,chr5,141962500,141967500,gained,0.0174639391577761,0.0203742093492843,0.2223650652811142,0.2223650652811142,Mutant loop,300000,25719,stable,stable,inter-TAD,rbp1,15.303108,13.595933,0.19290239,0.0576699,0.4501,0.0525999999999999,0.6104050425088052,0.5473303340059829,0.6025184166150502,0.4450069760188639,-0.0630747085028223,-0.1575114405961862,0.059159566,gained_2.5kb,gained_10kb,gained_0kb,anchor1_25719,anchor2_25719,enhancer-enhancer,PCDH1
25720,25720,25720,25720,chr5,141682500,141687500,chr5,141982500,141987500,gained,0.0070066015497171,0.0096559534306424,0.4627038625704823,0.4627038625704823,Mutant loop,300000,25720,stable,stable,intra-TAD,rbp1,33.60811,0.29428396,0.6740465,0.034400873,0.4384,0.1003999999999999,0.5782546878931434,0.5670729975717108,,,-0.0111816903214325,,0.0966011,gained_2.5kb,gained_10kb,gained_0kb,anchor1_25720,anchor2_25720,enhancer-enhancer,PCDH1
25722,25722,25722,25722,chr5,141692500,141697500,chr5,141962500,141967500,gained,0.0313626760402049,0.0349944265304965,0.158076502566853,0.158076502566853,Mutant loop,270000,25722,stable,stable,inter-TAD,rbp1,1.7946081,0.07062825,0.21552913,0.025741894,0.4663,0.085,,,,,,,0.068378836,gained_2.5kb,gained_10kb,gained_0kb,anchor1_25722,anchor2_25722,enhancer-enhancer,PCDH1
25723,25723,25723,25723,chr5,141695000,141700000,chr5,141880000,141885000,gained,0.0223034015825853,0.0319468155606182,0.5184083731432227,0.5184083731432227,Mutant loop,185000,25723,stable,stable,intra-TAD,rbp1,16.608284,0.37668326,0.188543,0.06256928,0.518,0.048,,,0.6201757189433331,0.520065138610957,,-0.100110580332376,0.070980266,gained_2.5kb,gained_10kb,gained_0kb,anchor1_25723,anchor2_25723,enhancer-enhancer,PCDH1
25725,25725,25725,25725,chr5,141805000,141810000,chr5,141880000,141885000,gained,0.0117769551173208,0.0163224376866292,0.4708899491797493,0.4708899491797493,Mutant loop,75000,25725,stable,stable,intra-TAD,rbp1,4.66598,0.37668335,0.5833968,0.027729323,0.517,0.05,0.6445335344386948,0.5961908540774911,0.6201757189433331,0.520065138610957,-0.0483426803612037,-0.100110580332376,0.07659623,gained_2.5kb,gained_10kb,gained_0kb,anchor1_25725,anchor2_25725,enhancer-enhancer,PCDH1
25773,25773,25773,25773,chr5,150562500,150567500,chr5,150652500,150657500,gained,0.0593675055802787,0.0585757898679095,-0.0193689939575436,-0.0193689939575436,Mutant loop,90000,25773,stable,stable,inter-TAD,rbp1,0.26103395,0.36491224,0.188543,0.03110414,0.4726,0.1352,0.6970224249809941,0.6651705190599502,0.6625634805842361,0.6435940713004594,-0.0318519059210439,-0.0189694092837766,0.04029566,gained_2.5kb,gained_10kb,gained_0kb,anchor1_25773,anchor2_25773,enhancer-enhancer,SYNPO
25853,25853,25853,25853,chr5,172105000,172110000,chr5,172370000,172375000,gained,0.0153873040894571,0.0134474628512693,-0.1944064850152425,-0.1944064850152425,Mutant loop,265000,25853,stable,stable,intra-TAD,rbp1,1.4683161,1.1182795,0.24312124,0.02570859,0.4877,0.0626,0.479623942510184,0.453491065650306,0.4130080136535473,0.4012960580002441,-0.026132876859878,-0.0117119556533031,0.049752504,gained_2.5kb,gained_10kb,gained_0kb,anchor1_25853,anchor2_25853,enhancer-enhancer,SH3PXD2B
25854,25854,25854,25854,chr5,172285000,172290000,chr5,172360000,172365000,gained,0.020086323909159,0.0153766625033583,-0.3854711528860006,-0.3854711528860006,Mutant loop,75000,25854,stable,stable,intra-TAD,rbp1,2.0882716,0.1883418,0.188543,0.027151253,0.4629999999999999,0.0072,0.479623942510184,0.453491065650306,0.4242475849014174,0.3844192367979437,-0.026132876859878,-0.0398283481034736,0.04605613,gained_2.5kb,gained_10kb,gained_0kb,anchor1_25854,anchor2_25854,enhancer-enhancer,SH3PXD2B
25856,25856,25856,25856,chr5,172972500,172977500,chr5,173272500,173277500,gained,0.0105627745577058,0.0100177645644741,-0.0764282306142981,-0.0764282306142981,Mutant loop,300000,25856,stable,stable,intra-TAD,rbp1,1.5662038,0.18834195,0.188543,0.028396957,0.423,0.0252,0.4190429300501837,0.3704087722433428,0.4130080136535473,0.4012960580002441,-0.0486341578068409,-0.0117119556533031,0.039794676,gained_2.5kb,gained_10kb,gained_0kb,anchor1_25856,anchor2_25856,enhancer-enhancer,SNORA74B
25857,25857,25857,25857,chr5,172972500,172977500,chr5,173202500,173207500,gained,0.013885204242378,0.017194442806468,0.3083939670264016,0.3083939670264016,Mutant loop,230000,25857,stable,stable,intra-TAD,rbp1,1.566203,0.28251255,0.20778209,0.026762605,0.4539999999999999,0.0368,0.5345270423699505,0.4765733302332185,0.4528325532250286,0.4285979705461556,-0.057953712136732,-0.0242345826788729,0.04266471,gained_2.5kb,gained_10kb,gained_0kb,anchor1_25857,anchor2_25857,enhancer-enhancer,SNORA74B
25858,25858,25858,25858,chr5,172980000,172985000,chr5,173145000,173150000,gained,0.0130333317270092,0.0156535825813704,0.264286950574932,0.264286950574932,Mutant loop,165000,25858,stable,stable,intra-TAD,rbp1,4.5028334,0.2354272,0.2273607,0.04567666,0.4702,0.0547999999999999,0.4885513615503704,0.4434632693776706,0.5761531283348063,0.4679172868645344,-0.0450880921726997,-0.1082358414702718,0.054584656,gained_2.5kb,gained_10kb,gained_0kb,anchor1_25858,anchor2_25858,promoter-promoter,SNORA74B
25969,25969,25969,25969,chr6,29382500,29387500,chr6,29592500,29597500,gained,0.0090511773444498,0.0095669197176882,0.0799490267988227,0.0799490267988227,Mutant loop,210000,25969,stable,stable,intra-TAD,rbp1,4.372317,27.050613,0.22912344,0.024825577,0.3981,0.0761999999999999,0.042735071928002,0.0567151573097144,-0.1134918935893917,-0.0285005206140389,0.0139800853817123,0.0849913729753528,0.06372306,gained_2.5kb,gained_10kb,gained_0kb,anchor1_25969,anchor2_25969,enhancer-other,GABBR1
25970,25970,25970,25970,chr6,29640000,29645000,chr6,29830000,29835000,gained,0.0099456702169234,0.0109703588683353,0.1414702212313195,0.1414702212313195,Mutant loop,190000,25970,stable,stable,uncategorized,rbp1,22.93834,26.285475,0.26054728,0.04823288,0.4411,0.0253999999999999,-0.1529434787225917,0.0308032149603795,0.4277729361695204,0.5528917680800822,0.1837466936829713,0.1251188319105618,0.07481425,gained_2.5kb,gained_10kb,gained_0kb,anchor1_25970,anchor2_25970,enhancer-other,HLA-F
25971,25971,25971,25971,chr6,29702500,29707500,chr6,30012500,30017500,gained,0.0127018159557659,0.0154965830313556,0.286915367651599,0.286915367651599,Mutant loop,310000,25971,stable,stable,inter-TAD,rbp1,27.375906,1.3890209,0.23205292,0.061857373,0.4417999999999999,0.0543999999999999,0.1701649993001705,0.1586953086727403,0.4277729361695204,0.5528917680800822,-0.0114696906274302,0.1251188319105618,0.084783144,gained_2.5kb,gained_10kb,gained_0kb,anchor1_25971,anchor2_25971,other-other,HLA-F
25972,25972,25972,25972,chr6,29712500,29717500,chr6,29832500,29837500,gained,0.0232968303008162,0.0262856748798469,0.1741430969866921,0.1741430969866921,Mutant loop,120000,25972,stable,stable,intra-TAD,rbp1,1.9251251,2.1423893,0.18854299,0.026097625,0.4323,0.0037999999999999,0.1701649993001705,0.1586953086727403,0.3064285372483613,0.3655918435113099,-0.0114696906274302,0.0591633062629486,0.04287181,gained_2.5kb,gained_10kb,gained_0kb,anchor1_25972,anchor2_25972,other-other,HLA-F
25976,25976,25976,25976,chr6,30470000,30475000,chr6,31090000,31095000,gained,0.0036226399308026,0.0055210223667608,0.6078940283090908,0.6078940283090908,Mutant loop,620000,25976,stable,stable,uncategorized,rbp1,1.2725406,0.04708545,0.188543,0.02675004,0.4271,0.0433999999999999,0.1667477061702605,0.2660226675141488,0.267342947395007,0.3597140088394225,0.0992749613438883,0.0923710614444154,0.044577383,gained_2.5kb,gained_10kb,gained_0kb,anchor1_25976,anchor2_25976,enhancer-other,"PPP1R10,TUBB"
25979,25979,25979,25979,chr6,31142500,31147500,chr6,31362500,31367500,gained,0.0166910835298918,0.020562726750737,0.3009539751961817,0.3009539751961817,Mutant loop,220000,25979,stable,stable,intra-TAD,rbp1,0.88098896,8.228185,0.188543,0.030064907,0.4798,0.0948,0.3720316426908251,0.4104996222043958,0.4773942748880174,0.4815153826985688,0.0384679795135706,0.0041211078105514,0.049921572,gained_2.5kb,gained_10kb,gained_0kb,anchor1_25979,anchor2_25979,promoter-enhancer,"HLA-B,HLA-C"
25980,25980,25980,25980,chr6,31195000,31200000,chr6,31365000,31370000,gained,0.0463290809337892,0.0328924305290021,-0.4941624452297209,-0.4941624452297209,Mutant loop,170000,25980,stable,stable,intra-TAD,rbp1,19.903831,1.6009057,0.188543,0.034545604,0.48,0.1111999999999999,0.3302568863844229,0.4759065984187549,0.4200255152345249,0.3969744376348001,0.1456497120343319,-0.0230510775997247,0.13236159,gained_2.5kb,gained_10kb,gained_0kb,anchor1_25980,anchor2_25980,promoter-promoter,"HLA-B,HLA-C"
26041,26041,26041,26041,chr6,42912500,42917500,chr6,43342500,43347500,gained,0.0074886079045647,0.0053100206767548,-0.4959800749167191,-0.4959800749167191,Mutant loop,430000,26041,stable,stable,intra-TAD,rbp1,7.308947,0.18834199,0.19404791,0.044042002,0.4488999999999999,0.0933999999999999,-0.0718011833544381,0.0499820553939088,0.0156488624665859,0.0699599200285335,0.121783238748347,0.0543110575619475,0.046132885,gained_2.5kb,gained_10kb,gained_0kb,anchor1_26041,anchor2_26041,promoter-other,PTK7
26317,26317,26317,26317,chr6,131782500,131787500,chr6,131902500,131907500,gained,0.0159707542139086,0.0120499322548122,-0.406407409592839,-0.406407409592839,Mutant loop,120000,26317,stable,stable,intra-TAD,rbp1,4.633351,0.28251263,0.188543,0.03964341,0.4363,0.0653999999999999,0.5447328473746553,0.4999285982199688,0.4878626393433448,0.4541306696575023,-0.0448042491546865,-0.0337319696858424,0.04955958,gained_2.5kb,gained_10kb,gained_0kb,anchor1_26317,anchor2_26317,enhancer-other,ENPP1
26318,26318,26318,26318,chr6,131805000,131810000,chr6,131905000,131910000,gained,0.0090160351893712,0.0141482640210495,0.6500599951266218,0.6500599951266218,Mutant loop,100000,26318,stable,stable,intra-TAD,rbp1,15.139962,2.9899278,0.208207,0.0494745,0.4484,0.0267999999999999,-0.1772631692604444,-0.0636070905506825,-0.2426412305828594,0.046128944863834,0.1136560787097618,0.2887701754466935,0.05766006,gained_2.5kb,gained_10kb,gained_0kb,anchor1_26318,anchor2_26318,enhancer-other,ENPP1
26319,26319,26319,26319,chr6,131920000,131925000,chr6,132160000,132165000,gained,0.0269918055557231,0.0238769993940631,-0.176899940341504,-0.176899940341504,Mutant loop,240000,26319,stable,stable,intra-TAD,rbp1,21.731071,0.37668365,0.31316194,0.04535453,0.3828,0.0044,0.4560074048149757,0.5444484320514124,0.7269383015111608,0.7212508675510613,0.0884410272364366,-0.0056874339600995,0.084870264,gained_2.5kb,gained_10kb,gained_0kb,anchor1_26319,anchor2_26319,enhancer-other,CCN2
26320,26320,26320,26320,chr6,131920000,131925000,chr6,132255000,132260000,gained,0.0159490929529067,0.012894693705991,-0.3066968737616881,-0.3066968737616881,Mutant loop,335000,26320,stable,stable,intra-TAD,rbp1,7.928899,0.28251263,0.23826864,0.045918956,0.3821,0.003,0.7269383015111608,0.7212508675510613,0.3063053865823695,0.3941772883764624,-0.0056874339600995,0.0878719017940928,0.045172058,gained_2.5kb,gained_10kb,gained_0kb,anchor1_26320,anchor2_26320,other-other,CCN2
26328,26328,26328,26328,chr6,133562500,133567500,chr6,134102500,134107500,gained,0.0097974200877185,0.0103929946706565,0.0851376111971263,0.0851376111971263,Mutant loop,540000,26328,stable,stable,inter-TAD,rbp1,9.462475,0.3766837,0.188543,0.034354772,0.3711,0.0489999999999999,-0.2347133632202843,-0.1411156632514217,0.0490227265792843,0.1265984642953333,0.0935976999688625,0.0775757377160489,0.046646662,gained_2.5kb,gained_10kb,gained_0kb,anchor1_26328,anchor2_26328,enhancer-other,SLC2A12
26330,26330,26330,26330,chr6,133832500,133837500,chr6,134102500,134107500,gained,0.0046217303766875,0.0091873963645649,0.991222973010556,0.991222973010556,Mutant loop,270000,26330,stable,stable,inter-TAD,rbp1,0.7831019,3.884552,0.2133513,0.02860079,0.3882,0.0147999999999999,0.1684297424881979,0.2777916165752219,-0.3138778618840988,-0.25841231356508,0.1093618740870239,0.0554655483190187,0.037890304,gained_2.5kb,gained_10kb,gained_0kb,anchor1_26330,anchor2_26330,enhancer-enhancer,SLC2A12
26333,26333,26333,26333,chr6,134132500,134137500,chr6,135422500,135427500,gained,0.0011472247031033,0.0017140569345266,0.5792670362203074,0.5792670362203074,Mutant loop,1290000,26333,stable,stable,uncategorized,rbp1,3.0018888,0.047085404,0.188543,0.037156247,0.3542999999999999,0.0802,0.0486637568429868,0.0188368493892138,0.042735071928002,0.0567151573097144,-0.029826907453773,0.0139800853817123,0.04714592,gained_2.5kb,gained_10kb,gained_0kb,anchor1_26333,anchor2_26333,enhancer-enhancer,MYB
26410,26410,26410,26410,chr6,149932500,149937500,chr6,150392500,150397500,gained,0.0083128470526994,0.0078671939360169,-0.0794935195212191,-0.0794935195212191,Mutant loop,460000,26410,stable,stable,inter-TAD,rbp1,4.143912,5.8974557,0.49105552,0.050094366,0.4299,0.0302,0.4670440966155351,0.4425174228417707,0.5542489481747087,0.5190509459534552,-0.0245266737737643,-0.0351980022212534,0.11845499,gained_2.5kb,gained_10kb,gained_0kb,anchor1_26410,anchor2_26410,promoter-enhancer,ULBP1
26615,26615,26615,26615,chr7,44852500,44857500,chr7,45132500,45137500,gained,0.0087989442799601,0.0130109013646063,0.5643185710605053,0.5643185710605053,Mutant loop,280000,26615,stable,stable,inter-TAD,rbp1,6.8521385,0.5650254,0.19536264,0.029026717,0.4851999999999999,0.0643999999999999,0.0451326139525435,-0.0084797856067036,0.4529585907920878,0.2946772443499243,-0.0536123995592471,-0.1582813464421634,0.050642103,gained_2.5kb,gained_10kb,gained_0kb,anchor1_26615,anchor2_26615,enhancer-enhancer,NACAD
26616,26616,26616,26616,chr7,44985000,44990000,chr7,45115000,45120000,gained,0.0153608996659407,0.0167903001851287,0.1283653085867176,0.1283653085867176,Mutant loop,130000,26616,stable,stable,intra-TAD,rbp1,23.232021,0.56502545,0.1963399,0.06385788,0.5015000000000001,0.0022,0.2884118503906701,0.2261625543607354,0.4529585907920878,0.2946772443499243,-0.0622492960299346,-0.1582813464421634,0.09164704,gained_2.5kb,gained_10kb,gained_0kb,anchor1_26616,anchor2_26616,promoter-enhancer,NACAD
26645,26645,26645,26645,chr7,54770000,54775000,chr7,55260000,55265000,gained,0.0224887006440716,0.0231017504974049,0.0388018663961808,0.0388018663961808,Mutant loop,490000,26645,stable,stable,uncategorized,rbp1,1.0441357,0.3178269,0.188543,0.025229905,0.3878,0.0156,0.7419609129981238,0.780774981499185,0.6121175237389498,0.6621425814015458,0.0388140685010611,0.050025057662596,0.043539107,gained_2.5kb,gained_10kb,gained_0kb,anchor1_26645,anchor2_26645,enhancer-other,EGFR
26646,26646,26646,26646,chr7,54772500,54777500,chr7,55412500,55417500,gained,0.0116444667512213,0.0103380183634739,-0.1716849039631456,-0.1716849039631456,Mutant loop,640000,26646,stable,stable,inter-TAD,rbp1,11.485488,0.1883419,0.19032171,0.04992205,0.4254,0.0567999999999999,0.9054710975294474,0.7430028807788674,0.6528248697568205,0.7131727836894454,-0.1624682167505799,0.0603479139326248,0.051603626,gained_2.5kb,gained_10kb,gained_0kb,anchor1_26646,anchor2_26646,enhancer-enhancer,EGFR
26647,26647,26647,26647,chr7,54780000,54785000,chr7,55065000,55070000,gained,0.009443428625391,0.0102043318010847,0.1117990560055198,0.1117990560055198,Mutant loop,285000,26647,stable,stable,intra-TAD,rbp1,0.7831016,0.7533676,0.2758894,0.03399866,0.4421,0.003,-1.220938233956835,-1.2572365246166834,-1.1565057814670907,-1.2262982938913354,-0.0362982906598483,-0.0697925124242446,0.026988586,gained_2.5kb,gained_10kb,gained_0kb,anchor1_26647,anchor2_26647,enhancer-enhancer,EGFR
26649,26649,26649,26649,chr7,54840000,54845000,chr7,55055000,55060000,gained,0.0077644756945484,0.0121996390282926,0.6518780476030206,0.6518780476030206,Mutant loop,215000,26649,stable,stable,intra-TAD,rbp1,9.625625,0.2825124,0.19774023,0.055315085,0.3966,0.0524,0.1417306402947061,0.0758874026939052,0.2940597066912858,0.3349290363402194,-0.0658432376008008,0.0408693296489335,0.13380094,gained_2.5kb,gained_10kb,gained_0kb,anchor1_26649,anchor2_26649,enhancer-enhancer,EGFR
26650,26650,26650,26650,chr7,54840000,54845000,chr7,55250000,55255000,gained,0.0216482361999892,0.0154718744881127,-0.4846014890417415,-0.4846014890417415,Mutant loop,410000,26650,stable,stable,uncategorized,rbp1,2.5777097,1.0829659,0.18854302,0.05460155,0.4432,0.1456,0.0269745412552574,0.0848925308538754,-0.0567646692016372,0.0158761909349075,0.0579179895986179,0.0726408601365448,0.06410719,gained_2.5kb,gained_10kb,gained_0kb,anchor1_26650,anchor2_26650,enhancer-enhancer,EGFR
26731,26731,26731,26731,chr7,98430000,98435000,chr7,98840000,98845000,gained,0.0418490913037584,0.0437325443313321,0.0635109889812561,0.0635109889812561,Mutant loop,410000,26731,stable,stable,intra-TAD,rbp1,10.212945,0.0,0.541984,0.038708366,0.4925,0.0286,0.7860053632074788,0.8085230717824523,0.8233429084458886,0.8935206074074211,0.0225177085749734,0.0701776989615324,0.07508047,gained_2.5kb,gained_10kb,gained_0kb,anchor1_26731,anchor2_26731,enhancer-other,NPTX2
26825,26825,26825,26825,chr7,130062500,130067500,chr7,130742500,130747500,gained,0.0087570383319433,0.0066998974525278,-0.3863040125460296,-0.3863040125460296,Mutant loop,680000,26825,stable,stable,uncategorized,rbp1,9.462475,0.28251255,0.18854302,0.026621383,0.403,0.1075999999999999,0.557944140523421,0.473270820819734,0.2629654965864878,0.3452502770925574,-0.0846733197036869,0.0822847805060695,0.04369019,gained_2.5kb,gained_10kb,gained_0kb,anchor1_26825,anchor2_26825,enhancer-other,COPG2
26826,26826,26826,26826,chr7,130062500,130067500,chr7,130822500,130827500,gained,0.009025452809718,0.0100987112993398,0.1620999824432363,0.1620999824432363,Mutant loop,760000,26826,stable,stable,uncategorized,rbp1,2.3493052,0.18834181,0.188543,0.036053713,0.3922,0.1291999999999999,0.6283097506067588,0.5711803585240417,0.5994162345236683,0.5648574660407782,-0.057129392082717,-0.03455876848289,0.048776813,gained_2.5kb,gained_10kb,gained_0kb,anchor1_26826,anchor2_26826,promoter-enhancer,COPG2
26827,26827,26827,26827,chr7,130072500,130077500,chr7,130692500,130697500,gained,0.0057690443561375,0.0106223431747357,0.8806977833425755,0.8806977833425755,Mutant loop,620000,26827,stable,stable,inter-TAD,rbp1,9.560363,0.7533675,0.21505687,0.027270976,0.4147999999999999,0.0156,0.7416643445320141,0.8575237286734305,0.8092219753984352,0.6457584750223433,0.1158593841414163,-0.1634635003760919,0.05244621,gained_2.5kb,gained_10kb,gained_0kb,anchor1_26827,anchor2_26827,enhancer-other,COPG2
26882,26882,26882,26882,chr7,149282500,149287500,chr7,149772500,149777500,gained,0.0026377481107154,0.0111899293623802,2.0848222217086243,2.0848222217086243,Mutant loop,490000,26882,stable,stable,inter-TAD,rbp1,4.6986094,0.47085446,0.2112982,0.031373497,0.591,0.1116,0.8039386201387734,0.7604000750785527,0.8566047903006863,0.8177252372145127,-0.0435385450602207,-0.0388795530861735,0.04535323,gained_2.5kb,gained_10kb,gained_0kb,anchor1_26882,anchor2_26882,promoter-promoter,ZNF777
27000,27000,27000,27000,chr8,27312500,27317500,chr8,27592500,27597500,gained,0.0171808021279657,0.0180663995938282,0.0725116300622977,0.0725116300622977,Mutant loop,280000,27000,stable,stable,inter-TAD,rbp1,3.8176205,0.4708544,0.188543,0.02545736,0.4672,0.0836,-0.5160050577118693,-0.391459969847934,-0.3287448975222641,-0.2490349517293539,0.1245450878639353,0.0797099457929101,0.016903806,gained_2.5kb,gained_10kb,gained_0kb,anchor1_27000,anchor2_27000,enhancer-enhancer,CLU
27002,27002,27002,27002,chr8,27462500,27467500,chr8,27752500,27757500,gained,0.0080284936047103,0.0083379033470933,0.0545553298934914,0.0545553298934914,Mutant loop,290000,27002,stable,stable,inter-TAD,rbp1,23.003607,8.192872,0.21378104,0.03445419,0.4535,0.1162,-0.1421026524760942,-0.0417963553920966,-0.0654343849631042,-0.0264010536107171,0.1003062970839976,0.039033331352387,0.026520584,gained_2.5kb,gained_10kb,gained_0kb,anchor1_27002,anchor2_27002,enhancer-other,CLU
27004,27004,27004,27004,chr8,27602500,27607500,chr8,27732500,27737500,gained,0.0164164055183467,0.0154022189326013,-0.0920000651050848,-0.0920000651050848,Mutant loop,130000,27004,stable,stable,intra-TAD,rbp1,7.537348,0.71805316,0.188543,0.03838738,0.4543,0.1018,0.2524750523432287,0.2587562692292922,0.3865615873006002,0.2898807690695745,0.0062812168860635,-0.0966808182310257,0.053829886,gained_2.5kb,gained_10kb,gained_0kb,anchor1_27004,anchor2_27004,enhancer-enhancer,CLU
27005,27005,27005,27005,chr8,27612500,27617500,chr8,27762500,27767500,gained,0.0237024375334204,0.0271042761748843,0.193485048004818,0.193485048004818,Mutant loop,150000,27005,stable,stable,inter-TAD,rbp1,0.8809896,0.30605555,0.19299948,0.024172004,0.4406,0.1459999999999999,0.27610854379286,0.2777671598439992,-0.06272132844929,-0.0780884928791284,0.0016586160511392,-0.0153671644298384,0.032442637,gained_2.5kb,gained_10kb,gained_0kb,anchor1_27005,anchor2_27005,enhancer-enhancer,CLU
27074,27074,27074,27074,chr8,51852500,51857500,chr8,52012500,52017500,gained,0.0139476814237022,0.0094215973921238,-0.5659817287331064,-0.5659817287331064,Mutant loop,160000,27074,stable,stable,inter-TAD,rbp1,2.5124502,0.2825124,0.18854299,0.027258579,0.4003,0.003,-0.0204738798888163,-0.0239334713160175,-0.2741077702446007,-0.1279899621333459,-0.0034595914272012,0.1461178081112547,0.083521515,gained_2.5kb,gained_10kb,gained_0kb,anchor1_27074,anchor2_27074,enhancer-enhancer,PCMTD1
27192,27192,27192,27192,chr8,94812500,94817500,chr8,95252500,95257500,gained,0.0146731336474169,0.0166395238692444,0.1814371410706581,0.1814371410706581,Mutant loop,440000,27192,stable,stable,inter-TAD,rbp1,4.5028334,0.18834175,0.2133513,0.024489235,0.4069,0.0618,-0.4502840332154488,-0.283646555387579,-0.2284324125015861,-0.1151645978596305,0.1666374778278698,0.1132678146419556,0.064959094,gained_2.5kb,gained_10kb,gained_0kb,anchor1_27192,anchor2_27192,enhancer-other,CCNE2
27271,27271,27271,27271,chr8,118742500,118747500,chr8,119432500,119437500,gained,0.0058913857909887,0.0068206382863219,0.21129972588478,0.21129972588478,Mutant loop,690000,27271,stable,stable,intra-TAD,rbp1,6.134295,0.09417095,0.20554277,0.03716069,0.3736,0.0048,-0.1520050414979326,-0.2616910895861906,0.340703409463157,0.3354335183705842,-0.109686048088258,-0.0052698910925728,0.058316983,gained_2.5kb,gained_10kb,gained_0kb,anchor1_27271,anchor2_27271,enhancer-other,CCN3
27273,27273,27273,27273,chr8,119072500,119077500,chr8,119432500,119437500,gained,0.008082529736396,0.0088176861292268,0.1255932141075981,0.1255932141075981,Mutant loop,360000,27273,stable,stable,intra-TAD,rbp1,20.066975,0.6238819,0.188543,0.059204027,0.3792,0.016,0.0475921035648953,-0.0512496848029453,-0.1427920032189457,-0.1316394761660529,-0.0988417883678406,0.0111525270528927,0.055891216,gained_2.5kb,gained_10kb,gained_0kb,anchor1_27273,anchor2_27273,other-other,CCN3
27276,27276,27276,27276,chr8,119252500,119257500,chr8,119412500,119417500,gained,0.0064889132295586,0.0072809768339024,0.1661551446746612,0.1661551446746612,Mutant loop,160000,27276,stable,stable,intra-TAD,rbp1,21.633179,0.1177137,0.188543,0.042685706,0.4283,0.081,-0.1427920032189457,-0.1316394761660529,-0.0447045641788105,-0.0909194378628358,0.0111525270528927,-0.0462148736840252,0.06701422,gained_2.5kb,gained_10kb,gained_0kb,anchor1_27276,anchor2_27276,promoter-other,CCN3
27277,27277,27277,27277,chr8,119255000,119260000,chr8,119430000,119435000,gained,0.0033888877335556,0.0095883181935687,1.500465942123476,1.500465942123476,Mutant loop,175000,27277,stable,stable,intra-TAD,rbp1,28.289543,0.18834162,1.1477735,0.041460015,0.3892,0.0163999999999999,-0.0878378469303329,-0.0995136604467072,-0.0447045641788105,-0.0909194378628358,-0.0116758135163743,-0.0462148736840252,0.10684137,gained_2.5kb,gained_10kb,gained_0kb,anchor1_27277,anchor2_27277,other-other,CCN3
27297,27297,27297,27297,chr8,122670000,122675000,chr8,123015000,123020000,gained,0.0072179070081554,0.0107014917170761,0.568159451260488,0.568159451260488,Mutant loop,345000,27297,stable,stable,uncategorized,rbp1,9.495105,0.5650254,0.223149,0.024823328,0.4142,0.0432,-0.0654343849631042,-0.0264010536107171,-0.2613801313826463,-0.1424155724933024,0.039033331352387,0.1189645588893439,0.10710173,gained_2.5kb,gained_10kb,gained_0kb,anchor1_27297,anchor2_27297,promoter-enhancer,ZHX2
27298,27298,27298,27298,chr8,122725000,122730000,chr8,123025000,123030000,gained,0.0108137626666835,0.011565272523301,0.0969306633805197,0.0969306633805197,Mutant loop,300000,27298,stable,stable,intra-TAD,rbp1,11.322342,0.28251284,0.18854302,0.032032676,0.4255,0.0498,-0.1998108065861752,-0.1394396975133792,-0.0574655666224213,-0.017301445036006,0.0603711090727959,0.0401641215864152,,gained_2.5kb,gained_10kb,gained_0kb,anchor1_27298,anchor2_27298,promoter-enhancer,ZHX2
27455,27455,27455,27455,chr9,35605000,35610000,chr9,35730000,35735000,gained,0.0135364688333094,0.0137475105787237,0.0223189548200724,0.0223189548200724,Mutant loop,125000,27455,stable,stable,intra-TAD,rbp1,0.4241802,0.0,0.20144331,0.025527218,0.5541,0.0889999999999999,0.3914901750056379,0.3968456410561632,0.1647502944238037,0.1643093446818857,0.0053554660505253,-0.0004409497419179,0.044331897,gained_2.5kb,gained_10kb,gained_0kb,anchor1_27455,anchor2_27455,promoter-promoter,TPM2
27456,27456,27456,27456,chr9,35662500,35667500,chr9,35732500,35737500,gained,0.0312672817209372,0.0322784643477699,0.0459181424916285,0.0459181424916285,Mutant loop,70000,27456,,stable,inter-TAD,rbp1,0.26103398,0.0,0.19355744,0.024422593,0.5055,0.0241999999999999,0.3914901750056379,0.3968456410561632,-0.0326855265206447,0.1088236660629524,0.0053554660505253,0.1415091925835971,0.041606035,gained_2.5kb,gained_10kb,gained_0kb,anchor1_27456,anchor2_27456,promoter-promoter,TPM2
27530,27530,27530,27530,chr9,83330000,83335000,chr9,83600000,83605000,gained,0.0075690012208164,0.0098233921749184,0.3761183565888646,0.3761183565888646,Mutant loop,270000,27530,stable,stable,uncategorized,rbp1,2.5450807,8.039846,0.188543,0.036556594,0.4473,0.0389999999999999,0.2856606279288683,0.2746966907545766,0.3416568109629099,0.508488890911697,-0.0109639371742916,0.1668320799487871,0.04445427,gained_2.5kb,gained_10kb,gained_0kb,anchor1_27530,anchor2_27530,enhancer-other,FRMD3
27531,27531,27531,27531,chr9,83332500,83337500,chr9,83552500,83557500,gained,0.0172648303555438,0.0172235027901697,-0.0034575809682404,-0.0034575809682404,Mutant loop,220000,27531,stable,stable,inter-TAD,rbp1,2.0556405,1.1182796,0.23567876,0.027146347,0.4206,0.0127999999999999,0.1966044581898938,0.2479445968307585,-0.0299909990478421,0.219018575817443,0.0513401386408647,0.2490095748652851,0.048039682,gained_2.5kb,gained_10kb,gained_0kb,anchor1_27531,anchor2_27531,enhancer-other,FRMD3
27532,27532,27532,27532,chr9,83832500,83837500,chr9,83912500,83917500,gained,0.041255851044454,0.044197015989844,0.0993502259985518,0.0993502259985518,Mutant loop,80000,27532,stable,stable,inter-TAD,rbp1,32.30294,0.7062816,0.188543,0.04028607,0.3374,0.0464,-0.0299909990478421,0.219018575817443,0.6099317735105296,0.5573575424267082,0.2490095748652851,-0.0525742310838214,0.06065595,gained_2.5kb,gained_10kb,gained_0kb,anchor1_27532,anchor2_27532,other-other,KIF27
27601,27601,27601,27601,chr9,99182500,99187500,chr9,100002500,100007500,gained,0.0107119578423062,0.0115132029114202,0.1040670513907561,0.1040670513907561,Mutant loop,820000,27601,stable,stable,inter-TAD,rbp1,12.497,0.9299376,0.20032695,0.043025404,0.4415,0.0829999999999999,-0.6536637105840644,-0.5199551665108907,-0.1282326526286328,-0.0149145725100341,0.1337085440731736,0.1133180801185987,0.05307996,gained_2.5kb,gained_10kb,gained_0kb,anchor1_27601,anchor2_27601,enhancer-other,NR4A3
27602,27602,27602,27602,chr9,99792500,99797500,chr9,100012500,100017500,gained,0.0082592948280106,0.0067004377611448,-0.301763256197835,-0.301763256197835,Mutant loop,220000,27602,stable,stable,intra-TAD,rbp1,6.688991,0.4237693,0.4499733,0.040966474,0.3855,0.0138,-0.0111656932976537,-0.0185140091436622,-0.1282326526286328,-0.0149145725100341,-0.0073483158460084,0.1133180801185987,0.074722625,gained_2.5kb,gained_10kb,gained_0kb,anchor1_27602,anchor2_27602,enhancer-other,NR4A3
27617,27617,27617,27617,chr9,105795000,105800000,chr9,106940000,106945000,gained,0.0007186175370308,0.0030844298043213,2.101707765494788,2.101707765494788,Mutant loop,1145000,27617,stable,stable,intra-TAD,rbp1,14.58527,0.98879415,0.22753832,0.04959596,0.4031,0.0413999999999999,0.3739499242188912,0.2639079832969821,0.1956323815285846,0.2029436024340256,-0.1100419409219091,0.0073112209054409,0.0956904,gained_2.5kb,gained_10kb,gained_0kb,anchor1_27617,anchor2_27617,other-other,ZNF462
27618,27618,27618,27618,chr9,105832500,105837500,chr9,107162500,107167500,gained,0.0031184422735999,0.0031974357222351,0.0360898040155085,0.0360898040155085,Mutant loop,1330000,27618,stable,stable,uncategorized,rbp1,5.155419,0.0941708,0.7599732,0.043063752,0.4237,0.0262,0.3460893647620693,0.2612565915636091,0.4812019902598691,0.505850844586182,-0.0848327731984602,0.0246488543263129,0.09196292,gained_2.5kb,gained_10kb,gained_0kb,anchor1_27618,anchor2_27618,enhancer-other,ZNF462
27627,27627,27627,27627,chr9,109432500,109437500,chr9,109512500,109517500,gained,0.0171775389270809,0.0138684714133398,-0.3087145702355788,-0.3087145702355788,Mutant loop,80000,27627,stable,stable,uncategorized,rbp1,1.5009453,5.06169,0.188543,0.024932815,0.4328,0.0292,0.7666692500033645,0.7691893852418811,0.6511557551731078,0.7292033935510154,0.0025201352385165,0.0780476383779076,0.061928637,gained_2.5kb,gained_10kb,gained_0kb,anchor1_27627,anchor2_27627,enhancer-other,PALM2AKAP2
27628,27628,27628,27628,chr9,109562500,109567500,chr9,109652500,109657500,gained,0.0215425391802161,0.014361448398567,-0.5849870508011807,-0.5849870508011807,Mutant loop,90000,27628,stable,stable,intra-TAD,rbp1,0.9136189,2.048219,0.188543,0.036359407,0.3681999999999999,0.066,0.5278194768788553,0.527801169000378,0.5993545064592358,0.5494984282835154,-1.830787847734161e-05,-0.0498560781757204,0.04833391,gained_2.5kb,gained_10kb,gained_0kb,anchor1_27628,anchor2_27628,enhancer-other,PALM2AKAP2
27629,27629,27629,27629,chr9,109570000,109575000,chr9,110150000,110155000,gained,0.0068692683022908,0.0055901832760702,-0.2972608517752974,-0.2972608517752974,Mutant loop,580000,27629,stable,stable,uncategorized,rbp1,6.8847694,2.5073004,0.21319887,0.03739066,0.3964,0.0571999999999999,0.6694285575414487,0.6128374370313965,0.7443722501923508,0.713315237828995,-0.0565911205100522,-0.0310570123633557,0.052614585,gained_2.5kb,gained_10kb,gained_0kb,anchor1_27629,anchor2_27629,enhancer-other,PALM2AKAP2
27630,27630,27630,27630,chr9,109575000,109580000,chr9,109885000,109890000,gained,0.014850991437934,0.0108714289388177,-0.4500176667515846,-0.4500176667515846,Mutant loop,310000,27630,stable,stable,uncategorized,rbp1,0.7178435,2.424903,0.19142579,0.027244486,0.4127,0.0038,0.3759491181062036,0.3219264102073542,0.4165029651583113,0.365032970333803,-0.0540227078988493,-0.0514699948245082,0.047749247,gained_2.5kb,gained_10kb,gained_0kb,anchor1_27630,anchor2_27630,enhancer-enhancer,PALM2AKAP2
27631,27631,27631,27631,chr9,109702500,109707500,chr9,109822500,109827500,gained,0.0118394595211781,0.0146454103014283,0.3068453893673951,0.3068453893673951,Mutant loop,120000,27631,stable,stable,intra-TAD,rbp1,7.6678715,1.283078,0.21296093,0.040565528,0.4065999999999999,0.0187999999999999,0.7453740568552172,0.6675437103112475,0.4165029651583113,0.365032970333803,-0.0778303465439697,-0.0514699948245082,0.039762326,gained_2.5kb,gained_10kb,gained_0kb,anchor1_27631,anchor2_27631,enhancer-other,PALM2AKAP2
27632,27632,27632,27632,chr9,109900000,109905000,chr9,110150000,110155000,gained,0.031043437234991,0.0306884334625936,-0.0165933033345888,-0.0165933033345888,Mutant loop,250000,27632,stable,stable,uncategorized,rbp1,7.5699797,5.1558585,0.20445898,0.03143155,0.4269,0.0038,0.4882240835315319,0.4061553664340994,0.1737214400125775,0.3185074614997256,-0.0820687170974324,0.144786021487148,0.07375557,gained_2.5kb,gained_10kb,gained_0kb,anchor1_27632,anchor2_27632,enhancer-enhancer,PALM2AKAP2
27633,27633,27633,27633,chr9,109900000,109905000,chr9,110055000,110060000,gained,0.0271215822677724,0.0237234056733076,-0.1931302129992559,-0.1931302129992559,Mutant loop,155000,27633,stable,stable,uncategorized,rbp1,0.8483602,0.0941709,0.188543,0.024404705,0.4381,0.0186,0.4882240835315319,0.4061553664340994,0.4502879989495291,0.4354834725947779,-0.0820687170974324,-0.0148045263547511,0.060747564,gained_2.5kb,gained_10kb,gained_0kb,anchor1_27633,anchor2_27633,enhancer-enhancer,PALM2AKAP2
27656,27656,27656,27656,chr9,114742500,114747500,chr9,115522500,115527500,gained,0.0074672315121757,0.0048383233461118,-0.6260662725529166,-0.6260662725529166,Mutant loop,780000,27656,stable,stable,intra-TAD,rbp1,0.52206796,1.942275,0.20201036,0.024575103,0.3954,0.0296,0.4546247383128807,0.4357144201320407,0.638900674630264,0.5795711319113469,-0.01891031818084,-0.0593295427189171,0.045618422,gained_2.5kb,gained_10kb,gained_0kb,anchor1_27656,anchor2_27656,enhancer-enhancer,TNC
27658,27658,27658,27658,chr9,114922500,114927500,chr9,115522500,115527500,gained,0.0060832855764503,0.0056553585019922,-0.105232250512379,-0.105232250512379,Mutant loop,600000,27658,stable,stable,intra-TAD,rbp1,1.3051699,0.1883418,0.21007916,0.033527162,0.389,0.0167999999999999,0.6977426868954814,0.6148709357124099,0.6088554661142352,0.6990590619057715,-0.0828717511830714,0.0902035957915362,0.049314104,gained_2.5kb,gained_10kb,gained_0kb,anchor1_27658,anchor2_27658,enhancer-enhancer,TNC
27659,27659,27659,27659,chr9,115022500,115027500,chr9,115522500,115527500,gained,0.0104830286152367,0.014494865981204,0.4674864132873884,0.4674864132873884,Mutant loop,500000,27659,stable,stable,intra-TAD,rbp1,3.3281817,0.47085422,0.2052396,0.026550077,0.4154,0.0696,0.7909658245251074,0.6347655308421382,0.4485166159917027,0.5922182891356925,-0.1562002936829692,0.1437016731439898,0.07020752,gained_2.5kb,gained_10kb,gained_0kb,anchor1_27659,anchor2_27659,enhancer-enhancer,TNC
27692,27692,27692,27692,chr9,124772500,124777500,chr9,125372500,125377500,gained,0.0170867822344062,0.0071777357821006,-1.251280013172859,-1.251280013172859,Mutant loop,600000,27692,stable,stable,inter-TAD,rbp1,0.5220679,2.1306183,0.188543,0.024104157,0.5375000000000001,0.0233999999999999,0.0907937922998695,-0.0131753388355928,0.18226254595864,0.2587209661388033,-0.1039691311354623,0.0764584201801632,0.045912303,gained_2.5kb,gained_10kb,gained_0kb,anchor1_27692,anchor2_27692,promoter-other,HSPA5
27694,27694,27694,27694,chr9,124940000,124945000,chr9,125380000,125385000,gained,0.0055224079262163,0.0070608652362417,0.354547521660638,0.354547521660638,Mutant loop,440000,27694,stable,stable,intra-TAD,rbp1,1.0441359,0.70628196,0.1955559,0.034335926,0.4618,0.0419999999999999,-0.057278970458609,0.0390482559286503,-0.0077954056183496,0.0386870654376784,0.0963272263872593,0.046482471056028,0.047068827,gained_2.5kb,gained_10kb,gained_0kb,anchor1_27694,anchor2_27694,promoter-other,HSPA5
27757,27757,27757,27757,chrX,37932500,37937500,chrX,38162500,38167500,gained,0.036467705772875,0.0341429808690892,-0.0950304218158885,-0.0950304218158885,Mutant loop,230000,27757,stable,stable,uncategorized,rbp1,6.525847,0.28251255,0.188543,0.037516788,0.3932,0.0191999999999999,0.4298943422830052,0.3900706499669733,0.5831592485778145,0.5744983954848003,-0.0398236923160318,-0.0086608530930142,0.058169685,gained_2.5kb,gained_10kb,gained_0kb,anchor1_27757,anchor2_27757,enhancer-enhancer,SRPX
27758,27758,27758,27758,chrX,38190000,38195000,chrX,38330000,38335000,gained,0.0148786770344308,0.0177758415594749,0.2566716105908319,0.2566716105908319,Mutant loop,140000,27758,stable,stable,intra-TAD,rbp1,1.0441357,0.68273926,0.188543,0.043446824,0.4138,0.0395999999999999,0.6264503325466291,0.6089269604057427,0.6132780219037248,0.5787164559058706,-0.0175233721408863,-0.0345615659978542,0.043013573,gained_2.5kb,gained_10kb,gained_0kb,anchor1_27758,anchor2_27758,enhancer-other,SRPX
27773,27773,27773,27773,chrX,51615000,51620000,chrX,52245000,52250000,gained,0.0049530171130111,0.0132216019645254,1.41651747750851,1.41651747750851,Mutant loop,630000,27773,stable,stable,uncategorized,rbp1,3.132407,0.27074122,0.18854302,0.026835768,0.3912,0.1396,0.4380757433805299,0.4627731734736519,0.4409707009377865,0.4667393643223643,0.0246974300931219,0.0257686633845778,0.049314786,gained_2.5kb,gained_10kb,gained_0kb,anchor1_27773,anchor2_27773,promoter-other,MAGED1
27790,27790,27790,27790,chrX,74382500,74387500,chrX,74542500,74547500,gained,0.0164601016970332,0.0165942060304573,0.0117063542768324,0.0117063542768324,Mutant loop,160000,27790,stable,stable,inter-TAD,rbp1,10.66976,0.65919614,0.188543,0.04831714,0.4225,0.0442,-0.4535347650297416,-0.3539288099331801,-0.4390370770905498,-0.345899315733026,0.0996059550965615,0.0931377613575237,0.0637082,gained_2.5kb,gained_10kb,gained_0kb,anchor1_27790,anchor2_27790,enhancer-enhancer,SLC16A2
27856,27856,27856,27856,chrX,136582500,136587500,chrX,136692500,136697500,gained,0.011608049231939,0.014495289856188,0.3204586393774069,0.3204586393774069,Mutant loop,110000,27856,stable,stable,inter-TAD,rbp1,5.4490814,0.98879445,0.23885968,0.028188188,0.401,0.002,0.3907130948955749,0.4247206136158414,0.4935847216019574,0.473668032355448,0.0340075187202665,-0.0199166892465094,0.07974009,gained_2.5kb,gained_10kb,gained_0kb,anchor1_27856,anchor2_27856,enhancer-enhancer,ARHGEF6
27857,27857,27857,27857,chrX,136710000,136715000,chrX,136915000,136920000,gained,0.0066021665991991,0.0170742437408898,1.3708102303881855,1.3708102303881855,Mutant loop,205000,27857,stable,stable,uncategorized,rbp1,14.748407,1.2713073,0.24919832,0.04493723,0.4212,0.0451999999999999,0.3907130948955749,0.4247206136158414,0.3205891952591503,0.3533575346560771,0.0340075187202665,0.0327683393969268,0.08704397,gained_2.5kb,gained_10kb,gained_0kb,anchor1_27857,anchor2_27857,enhancer-other,ARHGEF6
27864,27864,27864,27864,chrX,152960000,152965000,chrX,153040000,153045000,gained,0.026110304842654,0.0170153495486908,-0.6177825123892855,-0.6177825123892855,Mutant loop,80000,27864,stable,stable,intra-TAD,rbp1,4.4049463,0.1883417,0.188543,0.03444756,0.4711,0.079,0.4805249256098027,0.4560806335497452,0.5263809573941323,0.537247077296537,-0.0244442920600574,0.0108661199024047,0.0607569,gained_2.5kb,gained_10kb,gained_0kb,anchor1_27864,anchor2_27864,enhancer-other,ZNF185
27917,27917,27917,27917,chr1,27042500,27047500,chr1,27282500,27287500,gained,0.0128791247120096,0.0249858114339114,0.9560745228035264,0.9560745228035264,Mutant loop,240000,27917,stable,stable,inter-TAD,rbp1,5.6122313,2.213018,0.20363688,0.04433602,0.478,0.0423999999999999,0.5760600244881723,0.5621874017239481,0.3663382544742595,0.407450188660523,-0.0138726227642241,0.0411119341862634,0.062784016,gained_2.5kb,gained_10kb,gained_0kb,anchor1_27917,anchor2_27917,enhancer-enhancer,SLC9A1
27919,27919,27919,27919,chr1,27300000,27305000,chr1,27660000,27665000,gained,0.0179172508458967,0.0167517796185846,-0.0970349249536454,-0.0970349249536454,Mutant loop,360000,27919,stable,stable,intra-TAD,rbp1,2.088271,0.7415962,0.22527215,0.046738904,0.5284,0.0116,0.2940109716545941,0.3145589622027366,0.3000029462236335,0.270994517015089,0.0205479905481424,-0.0290084292085445,0.039918453,gained_2.5kb,gained_10kb,gained_0kb,anchor1_27919,anchor2_27919,promoter-enhancer,MAP3K6
27920,27920,27920,27920,chr1,27302500,27307500,chr1,27622500,27627500,gained,0.0098127192540848,0.0112434524092491,0.1963602071021537,0.1963602071021537,Mutant loop,320000,27920,stable,stable,intra-TAD,rbp1,2.088271,0.6474253,0.22527215,0.045474976,0.5369999999999999,0.0131999999999999,0.1648265877034297,0.2815878264124386,0.1364297822478831,0.2088698484267677,0.1167612387090088,0.0724400661788846,0.04540959,gained_2.5kb,gained_10kb,gained_0kb,anchor1_27920,anchor2_27920,promoter-enhancer,MAP3K6
27921,27921,27921,27921,chr1,27302500,27307500,chr1,27382500,27387500,gained,0.0627127070740955,0.0543941796620203,-0.2053055096002979,-0.2053055096002979,Mutant loop,80000,27921,stable,,intra-TAD,rbp1,0.58732647,0.2001132,0.20433985,0.023566633,0.5407,0.0058,0.2366577002149726,0.2468240083092071,0.2996702480732586,0.2718270916553793,0.0101663080942345,-0.0278431564178793,0.038893685,gained_2.5kb,gained_10kb,gained_0kb,anchor1_27921,anchor2_27921,promoter-enhancer,MAP3K6
27942,27942,27942,27942,chr1,43222500,43227500,chr1,44042500,44047500,gained,0.0026710216710939,0.0052842547735113,0.9843083447407266,0.9843083447407266,Mutant loop,820000,27942,stable,stable,uncategorized,rbp1,0.4894387,2.5073018,0.18854302,0.025869891,0.4929,0.0265999999999999,0.5460429981660633,0.4404061927250278,0.5393895458687822,0.4647500725305694,-0.1056368054410354,-0.0746394733382128,0.031232275,gained_2.5kb,gained_10kb,gained_0kb,anchor1_27942,anchor2_27942,promoter-enhancer,"CDC20,PTPRF"
27943,27943,27943,27943,chr1,43532500,43537500,chr1,43932500,43937500,gained,0.0082943451012421,0.0085523389088815,0.0441909503383201,0.0441909503383201,Mutant loop,400000,27943,stable,stable,inter-TAD,rbp1,0.52206796,2.23656,0.188543,0.022824882,0.5703,0.1006,0.6804850914723749,0.6932148577949216,0.5295661956484957,0.5774372710775664,0.0127297663225467,0.0478710754290706,0.041489523,gained_2.5kb,gained_10kb,gained_0kb,anchor1_27943,anchor2_27943,promoter-enhancer,PTPRF
28012,28012,28012,28012,chr1,109272500,109277500,chr1,109392500,109397500,gained,0.0368486091048666,0.0309870388738328,-0.249945266733658,-0.249945266733658,Mutant loop,120000,28012,stable,stable,inter-TAD,rbp1,2.3166747,0.18834181,0.18854299,0.03568264,0.4833,0.1438,0.7813497314054394,0.713928223708063,0.5711860470228788,0.6035604575507667,-0.0674215076973764,0.0323744105278879,0.053917013,gained_2.5kb,gained_10kb,gained_0kb,anchor1_28012,anchor2_28012,promoter-enhancer,SORT1
28034,28034,28034,28034,chr1,153792500,153797500,chr1,153982500,153987500,gained,0.0350017151416513,0.0220850103821348,-0.66435810763397,-0.66435810763397,Mutant loop,190000,28034,stable,stable,inter-TAD,rbp1,33.444965,0.6474252,0.33062157,0.04528873,0.5405,0.0938,0.1824936438651155,0.2194057804199982,0.4102656813626268,0.2803278187758561,0.0369121365548826,-0.1299378625867707,0.108570464,gained_2.5kb,gained_10kb,gained_0kb,anchor1_28034,anchor2_28034,promoter-promoter,GATAD2B
28035,28035,28035,28035,chr1,154555000,154560000,chr1,154935000,154940000,gained,0.0097714227018772,0.015097733169619,0.6276914177085298,0.6276914177085298,Mutant loop,380000,28035,stable,stable,uncategorized,rbp1,0.75047266,0.37668374,0.188543,0.023441294,0.5277000000000001,0.0366,0.8318973121726022,0.7277981190459758,0.7617796053345929,0.7307567156047783,-0.1040991931266264,-0.0310228897298145,0.06217032,gained_2.5kb,gained_10kb,gained_0kb,anchor1_28035,anchor2_28035,promoter-enhancer,PMVK
28038,28038,28038,28038,chr1,155250000,155255000,chr1,155590000,155595000,gained,,,0.0,0.0,Mutant loop,340000,28038,,stable,intra-TAD,rbp1,11.648631,0.576797,0.188543,0.03287021,0.5292,0.0975999999999999,1.1262939680013826,1.1541746275084173,1.199005246365637,1.132450546572753,0.0278806595070346,-0.066554699792884,0.062190372,gained_2.5kb,gained_10kb,gained_0kb,anchor1_28038,anchor2_28038,promoter-other,HCN3
28078,28078,28078,28078,chr1,180185000,180190000,chr1,180415000,180420000,gained,0.0169869457235968,0.0180077307201567,0.0841899113562309,0.0841899113562309,Mutant loop,230000,28078,stable,stable,intra-TAD,rbp1,0.9788774,0.0,0.1963399,0.025435602,0.4606,0.1768,0.5937517603871669,0.6096810887741966,0.5336236750191435,0.458783907213012,0.0159293283870296,-0.0748397678061315,0.045065224,gained_2.5kb,gained_10kb,gained_0kb,anchor1_28078,anchor2_28078,enhancer-enhancer,QSOX1
28081,28081,28081,28081,chr1,183020000,183025000,chr1,183230000,183235000,gained,0.0138717956382536,0.0185009326667737,0.4154434517517995,0.4154434517517995,Mutant loop,210000,28081,stable,stable,intra-TAD,rbp1,3.0671473,0.6356535,0.27289134,0.037507452,0.4724,0.1023999999999999,0.4589958371801871,0.4283062073346567,0.3988879712190547,0.4240498015395165,-0.0306896298455303,0.0251618303204618,0.08848503,gained_2.5kb,gained_10kb,gained_0kb,anchor1_28081,anchor2_28081,promoter-enhancer,LAMC2
28082,28082,28082,28082,chr1,183140000,183145000,chr1,183225000,183230000,gained,0.015920068861273,0.0152299894224163,-0.0639316363430838,-0.0639316363430838,Mutant loop,85000,28082,stable,stable,intra-TAD,rbp1,5.253306,1.0594227,0.6099329,0.026411908,0.4342,0.0559999999999999,0.3286604608444728,0.283158636297981,0.5214372469371011,0.4004238414364565,-0.0455018245464918,-0.1210134055006446,0.14083514,gained_2.5kb,gained_10kb,gained_0kb,anchor1_28082,anchor2_28082,enhancer-enhancer,LAMC2
28106,28106,28106,28106,chr1,211502500,211507500,chr1,211652500,211657500,gained,0.0140754074836849,0.0103534034995217,-0.4430715826520244,-0.4430715826520244,Mutant loop,150000,28106,stable,stable,intra-TAD,rbp1,1.827236,0.0941708,0.19537719,0.03647301,0.4917,0.0229999999999999,0.0654114130459818,0.051089275304283,-0.0077954056183496,0.0386870654376784,-0.0143221377416987,0.046482471056028,0.04014042,gained_2.5kb,gained_10kb,gained_0kb,anchor1_28106,anchor2_28106,enhancer-other,SLC30A1
28107,28107,28107,28107,chr1,211520000,211525000,chr1,211655000,211660000,gained,0.0194480148076019,0.0151427160195486,-0.3609989045276448,-0.3609989045276448,Mutant loop,135000,28107,stable,stable,intra-TAD,rbp1,2.7082272,4.1670647,0.18854302,0.02627708,0.4656,0.0564,0.676700745585799,0.6370941268884475,0.511716423485994,0.5334165081556149,-0.0396066186973514,0.0217000846696209,0.05389764,gained_2.5kb,gained_10kb,gained_0kb,anchor1_28107,anchor2_28107,enhancer-enhancer,SLC30A1
28121,28121,28121,28121,chr1,221472500,221477500,chr1,222442500,222447500,gained,0.0060082042185645,0.0056350313901247,-0.092510203819461,-0.092510203819461,Mutant loop,970000,28121,stable,stable,uncategorized,rbp1,1.3377981,0.5532539,0.1958815,0.036042124,0.4271,0.0521999999999999,1.007881117019892,1.00610009079871,0.9418964882860258,0.8447014746217054,-0.0017810262211819,-0.0971950136643203,0.04942232,gained_2.5kb,gained_10kb,gained_0kb,anchor1_28121,anchor2_28121,other-other,LINC02474
28122,28122,28122,28122,chr1,225472500,225477500,chr1,225902500,225907500,gained,0.0150371993710695,0.0083421472359747,-0.8500452142013242,-0.8500452142013242,Mutant loop,430000,28122,stable,stable,uncategorized,rbp1,15.074699,0.09417095,0.2291126,0.05746597,0.5285,0.0565999999999999,0.8455128719164772,0.8473043515960399,1.0131904425975824,0.9208000643372386,0.0017914796795627,-0.0923903782603438,0.05031296,gained_2.5kb,gained_10kb,gained_0kb,anchor1_28122,anchor2_28122,enhancer-other,EPHX1
28123,28123,28123,28123,chr1,225472500,225477500,chr1,226102500,226107500,gained,0.0024385503039499,0.0055696870615727,1.191572537079666,1.191572537079666,Mutant loop,630000,28123,stable,stable,uncategorized,rbp1,1.0441359,0.18834195,0.19901761,0.032401104,0.5178,0.0779999999999999,0.5534795811955875,0.5506921985936429,0.676059994528964,0.64741258771907,-0.0027873826019445,-0.028647406809894,0.03800232,gained_2.5kb,gained_10kb,gained_0kb,anchor1_28123,anchor2_28123,enhancer-enhancer,EPHX1
28128,28128,28128,28128,chr1,228122500,228127500,chr1,228502500,228507500,gained,0.0092324663210966,0.007968383051561,-0.2124290931807763,-0.2124290931807763,Mutant loop,380000,28128,stable,stable,intra-TAD,rbp1,5.220677,0.094171,0.188543,0.034411754,0.4562,0.0495999999999999,0.6435960852511443,0.4524160837962783,0.2397971770338174,0.2397888668852661,-0.191180001454866,-8.310148551349261e-06,0.056872103,gained_2.5kb,gained_10kb,gained_0kb,anchor1_28128,anchor2_28128,enhancer-enhancer,ENSG00000287315
28167,28167,28167,28167,chr10,4815000,4820000,chr10,5285000,5290000,gained,0.0105984243285164,0.0126966440486211,0.2605974223876278,0.2605974223876278,Mutant loop,470000,28167,stable,stable,intra-TAD,rbp1,35.043785,0.45908296,0.73199505,0.027280312,0.4092,0.004,0.2295972482407288,0.2561804294495736,0.1824936438651155,0.2194057804199982,0.0265831812088447,0.0369121365548826,0.13609807,gained_2.5kb,gained_10kb,gained_0kb,anchor1_28167,anchor2_28167,enhancer-other,AKR1C3
28168,28168,28168,28168,chr10,4815000,4820000,chr10,5430000,5435000,gained,0.0117602796383876,0.0076980515690022,-0.611357124424521,-0.611357124424521,Mutant loop,615000,28168,stable,stable,intra-TAD,rbp1,19.218615,13.925529,0.188543,0.037619203,0.3871,0.0482,0.5092191103942574,0.543718606552498,0.4659392847127684,0.4468502910696761,0.0344994961582406,-0.0190889936430923,0.036374684,gained_2.5kb,gained_10kb,gained_0kb,anchor1_28168,anchor2_28168,enhancer-enhancer,AKR1C3
28169,28169,28169,28169,chr10,4850000,4855000,chr10,5380000,5385000,gained,0.0127205974241036,0.0155045205661059,0.2855224868076333,0.2855224868076333,Mutant loop,530000,28169,stable,stable,intra-TAD,rbp1,13.084327,0.18834175,0.19408838,0.03637302,0.4413,0.0266,0.5493344208963865,0.6593804798854027,0.5919023536312459,0.5745873608427896,0.1100460589890162,-0.0173149927884562,0.07283451,gained_2.5kb,gained_10kb,gained_0kb,anchor1_28169,anchor2_28169,enhancer-enhancer,AKR1C3
28240,28240,28240,28240,chr10,58782500,58787500,chr10,59612500,59617500,gained,0.0075114121367113,0.00931163314296,0.3099500622613277,0.3099500622613277,Mutant loop,830000,28240,stable,stable,intra-TAD,rbp1,8.059421,0.3295982,0.4045115,0.029090485,0.3927,0.069,0.3003832565575343,0.2882474885775948,0.231800108206871,0.3214662828781826,-0.0121357679799395,0.0896661746713115,0.10595905,gained_2.5kb,gained_10kb,gained_0kb,anchor1_28240,anchor2_28240,enhancer-other,BICC1
28241,28241,28241,28241,chr10,58782500,58787500,chr10,60032500,60037500,gained,0.0020863197455801,0.0022137664588564,0.0855427535029364,0.0855427535029364,Mutant loop,1250000,28241,stable,stable,uncategorized,rbp1,1.1420231,0.1883417,0.188543,0.025985636,0.3854,0.0544,0.3003832565575343,0.2882474885775948,0.4484516427102202,0.4172878721429184,-0.0121357679799395,-0.0311637705673017,0.04101937,gained_2.5kb,gained_10kb,gained_0kb,anchor1_28241,anchor2_28241,enhancer-enhancer,BICC1
28242,28242,28242,28242,chr10,58792500,58797500,chr10,58942500,58947500,gained,0.0113250740487731,0.0135157908070996,0.2551254428992839,0.2551254428992839,Mutant loop,150000,28242,stable,stable,intra-TAD,rbp1,8.875152,2.5661573,0.188543,0.032917295,0.3887,0.0166,0.3003832565575343,0.2882474885775948,0.2427720257316007,0.2091830486846959,-0.0121357679799395,-0.0335889770469048,0.06315465,gained_2.5kb,gained_10kb,gained_0kb,anchor1_28242,anchor2_28242,enhancer-enhancer,BICC1
28258,28258,28258,28258,chr10,69232500,69237500,chr10,69392500,69397500,gained,0.0591991211715829,0.055810689253974,-0.085034295205483,-0.085034295205483,Mutant loop,160000,28258,stable,stable,intra-TAD,rbp1,0.61995566,0.65919596,0.19170293,0.026394501,0.4808,0.0103999999999999,0.3907130948955749,0.4247206136158414,0.4935847216019574,0.473668032355448,0.0340075187202665,-0.0199166892465094,0.040686004,gained_2.5kb,gained_10kb,gained_0kb,anchor1_28258,anchor2_28258,promoter-enhancer,HK1
28262,28262,28262,28262,chr10,71302500,71307500,chr10,71892500,71897500,gained,0.0022894198914992,0.0065955915638896,1.5265199768289952,1.5265199768289952,Mutant loop,590000,28262,stable,stable,uncategorized,rbp1,1.7293494,0.38845494,0.2112982,0.050069768,0.4878,0.0551999999999999,0.3739499242188912,0.2639079832969821,0.4935847216019574,0.473668032355448,-0.1100419409219091,-0.0199166892465094,0.053793587,gained_2.5kb,gained_10kb,gained_0kb,anchor1_28262,anchor2_28262,enhancer-enhancer,PSAP
28304,28304,28304,28304,chr10,99842500,99847500,chr10,100502500,100507500,gained,0.0023214614057424,0.0039481453913865,0.7661418220354754,0.7661418220354754,Mutant loop,660000,28304,stable,stable,inter-TAD,rbp1,8.287827,0.47085452,0.19123647,0.03996212,0.4633,0.0266,0.5140669937204899,0.4129164878672106,0.5243009114586559,0.4299127415406271,-0.1011505058532793,-0.0943881699180287,0.053869992,gained_2.5kb,gained_10kb,gained_0kb,anchor1_28304,anchor2_28304,enhancer-enhancer,SCD
28344,28344,28344,28344,chr11,192500,197500,chr11,352500,357500,gained,,,0.0,0.0,Mutant loop,160000,28344,,,uncategorized,rbp1,0.58732647,0.41199756,0.23936763,0.025631849,0.5606,0.078,0.0289743221950666,-0.0102092167012457,0.1372498059486264,0.1090833052341915,-0.0391835388963123,-0.0281665007144349,0.03988353,gained_2.5kb,gained_10kb,gained_0kb,anchor1_28344,anchor2_28344,enhancer-other,"ENSG00000255026,PGGHG"
28348,28348,28348,28348,chr11,1642500,1647500,chr11,2152500,2157500,gained,0.0091167867481044,0.0072926814545693,-0.3220760513903422,-0.3220760513903422,Mutant loop,510000,28348,stable,stable,uncategorized,rbp1,0.0,0.09417081,0.18877181,0.024652937,0.5877,0.0713999999999999,0.4128938168898031,0.373106778460526,0.3068756128869844,0.3071870643329602,-0.0397870384292771,0.0003114514459757,0.04351327,gained_2.5kb,gained_10kb,gained_0kb,anchor1_28348,anchor2_28348,enhancer-other,"SYT8,TNNI2"
28349,28349,28349,28349,chr11,1650000,1655000,chr11,1830000,1835000,gained,0.0148458528352538,0.0229559592100866,0.6288087432260878,0.6288087432260878,Mutant loop,180000,28349,stable,stable,intra-TAD,rbp1,0.783102,0.09417081,0.18877181,0.04300903,0.597,0.0811999999999999,0.0753123038328586,0.0837341533625946,0.185812616223444,0.145906373422913,0.008421849529736,-0.0399062428005309,0.032303147,gained_2.5kb,gained_10kb,gained_0kb,anchor1_28349,anchor2_28349,promoter-enhancer,SYT8
28350,28350,28350,28350,chr11,1692500,1697500,chr11,1832500,1837500,gained,0.0441387975707267,0.0364790131180475,-0.2749806280495568,-0.2749806280495568,Mutant loop,140000,28350,stable,stable,inter-TAD,rbp1,2.0882707,0.0,0.188543,0.050167285,0.6241,0.0629999999999999,0.2745535896551331,0.2733399941165039,0.3139911252350492,0.2638549075498886,-0.0012135955386292,-0.0501362176851606,0.03502614,gained_2.5kb,gained_10kb,gained_0kb,anchor1_28350,anchor2_28350,promoter-enhancer,SYT8
28351,28351,28351,28351,chr11,1695000,1700000,chr11,1995000,2000000,gained,0.021629165879874,0.0203623843852893,-0.0870715220581699,-0.0870715220581699,Mutant loop,300000,28351,stable,stable,intra-TAD,rbp1,0.4894387,0.09417081,0.23002246,0.024941614,0.5832999999999999,0.0954,0.2940109716545941,0.3145589622027366,0.1364297822478831,0.2088698484267677,0.0205479905481424,0.0724400661788846,0.035610456,gained_2.5kb,gained_10kb,gained_0kb,anchor1_28351,anchor2_28351,enhancer-other,"SYT8,TNNI2"
28352,28352,28352,28352,chr11,1695000,1700000,chr11,1950000,1955000,gained,0.0131597144234518,0.0196943617797633,0.5816544836336375,0.5816544836336375,Mutant loop,255000,28352,stable,stable,intra-TAD,rbp1,0.26103395,0.01177135,0.19972774,0.038834915,0.5642,0.0572,0.1648265877034297,0.2815878264124386,0.1364297822478831,0.2088698484267677,0.1167612387090088,0.0724400661788846,0.023039557,gained_2.5kb,gained_10kb,gained_0kb,anchor1_28352,anchor2_28352,enhancer-other,"SYT8,TNNI2"
28353,28353,28353,28353,chr11,1765000,1770000,chr11,1825000,1830000,gained,0.0328527314470266,0.0362574834271139,0.1422654691284085,0.1422654691284085,Mutant loop,60000,28353,stable,stable,intra-TAD,rbp1,4.1112833,0.1883418,0.19301519,0.04209502,0.5820000000000001,0.0852,0.1171322109513136,0.1488204213661291,0.1364297822478831,0.2088698484267677,0.0316882104148154,0.0724400661788846,0.04058332,gained_2.5kb,gained_10kb,gained_0kb,anchor1_28353,anchor2_28353,enhancer-enhancer,SYT8
28354,28354,28354,28354,chr11,1835000,1840000,chr11,1995000,2000000,gained,0.0143437605024334,0.0158096173765823,0.1403791472380834,0.1403791472380834,Mutant loop,160000,28354,stable,stable,intra-TAD,rbp1,10.278206,0.50616837,0.188543,0.047698367,0.647,0.032,0.3271010037592889,0.1824270079408176,0.315526917630629,0.36361895723007,-0.1446739958184713,0.0480920395994409,0.04386065,gained_2.5kb,gained_10kb,gained_0kb,anchor1_28354,anchor2_28354,promoter-other,"SYT8,TNNI2"
28372,28372,28372,28372,chr11,9012500,9017500,chr11,9502500,9507500,gained,0.0133311590626132,0.0186410256099058,0.4836790183856776,0.4836790183856776,Mutant loop,490000,28372,stable,stable,inter-TAD,rbp1,0.5220675,0.094170995,0.188543,0.025476785,0.4462,0.0147999999999999,0.207708788377498,0.1822214543543543,0.3101392861011902,0.3356103161197531,-0.0254873340231437,0.0254710300185628,0.046461344,gained_2.5kb,gained_10kb,gained_0kb,anchor1_28372,anchor2_28372,enhancer-other,SNORA23
28436,28436,28436,28436,chr11,62392500,62397500,chr11,62692500,62697500,gained,,,0.0,0.0,Mutant loop,300000,28436,stable,,uncategorized,rbp1,3.132407,0.3766838,0.20352656,0.02864339,0.4776,0.0371999999999999,0.6410224321715571,0.6611936294678253,0.4854849002579615,0.4392161726562782,0.0201711972962682,-0.0462687276016832,0.044486105,gained_2.5kb,gained_10kb,gained_0kb,anchor1_28436,anchor2_28436,promoter-enhancer,GANAB
28442,28442,28442,28442,chr11,65880000,65885000,chr11,65980000,65985000,gained,,,0.0,0.0,Mutant loop,100000,28442,,,uncategorized,rbp1,1.7619793,0.4590832,0.18854299,0.031272504,0.5678,0.0363999999999999,0.4461376276298822,0.3759822648972052,0.4186524719766524,0.411726137032936,-0.0701553627326769,-0.0069263349437164,0.05372581,gained_2.5kb,gained_10kb,gained_0kb,anchor1_28442,anchor2_28442,enhancer-other,FOSL1
28463,28463,28463,28463,chr11,77122500,77127500,chr11,77622500,77627500,gained,0.0033607543382845,0.0092881590779065,1.4666075918526529,1.4666075918526529,Mutant loop,500000,28463,stable,stable,intra-TAD,rbp1,1.0115064,0.7533673,0.188543,0.026623473,0.5038,0.1316,-0.831520528305621,-0.8937284777424896,-1.4038768845523886,-1.403672156533755,-0.0622079494368686,0.0002047280186334,0.03856831,gained_2.5kb,gained_10kb,gained_0kb,anchor1_28463,anchor2_28463,enhancer-enhancer,CAPN5
28486,28486,28486,28486,chr11,95062500,95067500,chr11,95772500,95777500,gained,0.005363547516283,0.0060551619649119,0.1749780173573294,0.1749780173573294,Mutant loop,710000,28486,stable,stable,inter-TAD,rbp1,0.7831019,0.9417089,0.21959713,0.04850255,0.3445,0.0529999999999999,0.6434076689894072,0.5348479499643489,0.6421228288905301,0.5873583403699708,-0.1085597190250582,-0.0547644885205592,0.035259873,gained_2.5kb,gained_10kb,gained_0kb,anchor1_28486,anchor2_28486,promoter-other,SESN3
28487,28487,28487,28487,chr11,95162500,95167500,chr11,96412500,96417500,gained,0.0024118958757837,0.0052896583426075,1.1330069162834957,1.1330069162834957,Mutant loop,1250000,28487,stable,stable,intra-TAD,rbp1,1.5335736,0.8828522,0.188543,0.047259636,0.3915,0.0534,0.6434076689894072,0.5348479499643489,0.6424410890273855,0.588791356022655,-0.1085597190250582,-0.0536497330047305,0.045596637,gained_2.5kb,gained_10kb,gained_0kb,anchor1_28487,anchor2_28487,other-other,SESN3
28488,28488,28488,28488,chr11,95160000,95165000,chr11,95700000,95705000,gained,0.0185387160436387,0.0170833166368412,-0.1179532352271498,-0.1179532352271498,Mutant loop,540000,28488,stable,stable,intra-TAD,rbp1,1.0115067,0.37668362,0.20407006,0.03749683,0.4239,0.0382,0.5413116454139181,0.5983123320852579,0.6421228288905301,0.5873583403699708,0.0570006866713398,-0.0547644885205592,0.035325564,gained_2.5kb,gained_10kb,gained_0kb,anchor1_28488,anchor2_28488,enhancer-other,SESN3
28530,28530,28530,28530,chr11,119665000,119670000,chr11,120010000,120015000,gained,0.0199487289567078,0.0141284374331093,-0.4976949110033931,-0.4976949110033931,Mutant loop,345000,28530,stable,stable,intra-TAD,rbp1,1.0441358,0.24719866,0.20996834,0.023423228,0.5382,0.0043999999999999,0.207708788377498,0.1822214543543543,0.2088065020255164,0.0864091921563043,-0.0254873340231437,-0.1223973098692121,0.05576572,gained_2.5kb,gained_10kb,gained_0kb,anchor1_28530,anchor2_28530,enhancer-enhancer,NECTIN1
28543,28543,28543,28543,chr11,128162500,128167500,chr11,128632500,128637500,gained,0.0138171471650299,0.0172478014462862,0.3199527029117504,0.3199527029117504,Mutant loop,470000,28543,stable,stable,intra-TAD,rbp1,6.5258436,3.637354,0.188543,0.032011144,0.4356,0.0847999999999999,-0.5908782856520259,-0.5303968517967473,-0.1811396990020429,-0.1583924410080945,0.0604814338552786,0.0227472579939483,0.052632228,gained_2.5kb,gained_10kb,gained_0kb,anchor1_28543,anchor2_28543,enhancer-other,ETS1
28550,28550,28550,28550,chr11,129922500,129927500,chr11,130122500,130127500,gained,0.0174195891087141,0.0265619200116743,0.6086488405456736,0.6086488405456736,Mutant loop,200000,28550,stable,stable,intra-TAD,rbp1,4.4375763,6.121112,0.188543,0.042117566,0.4254,0.0647999999999999,-0.5466144135425,-0.3237491034042237,-0.3643409387416184,-0.4102508249236323,0.2228653101382762,-0.0459098861820139,0.04724481,gained_2.5kb,gained_10kb,gained_0kb,anchor1_28550,anchor2_28550,enhancer-enhancer,APLP2
28571,28571,28571,28571,chr12,6425000,6430000,chr12,6535000,6540000,gained,,,0.0,0.0,Mutant loop,110000,28571,,,uncategorized,rbp1,34.782753,0.0,1.1515009,0.054972384,0.5147999999999999,0.1063999999999999,0.295217398620392,0.3233150719154218,0.3323050912379307,0.3172173568034968,0.0280976732950297,-0.0150877344344339,0.09432161,gained_2.5kb,gained_10kb,gained_0kb,anchor1_28571,anchor2_28571,promoter-enhancer,NCAPD2
28630,28630,28630,28630,chr12,50820000,50825000,chr12,51030000,51035000,gained,0.0166097291479899,0.0148416609101321,-0.1623759966735388,-0.1623759966735388,Mutant loop,210000,28630,stable,stable,intra-TAD,rbp1,0.7831019,0.8357671,0.188543,0.024854751,0.4162,0.0867999999999999,0.713612526001102,0.664224870183843,0.7722193060455007,0.7301311179430714,-0.049387655817259,-0.0420881881024293,0.048755027,gained_2.5kb,gained_10kb,gained_0kb,anchor1_28630,anchor2_28630,other-other,TMT1A
28664,28664,28664,28664,chr12,68222500,68227500,chr12,68312500,68317500,gained,0.0232912361279993,0.0237826652015628,0.0301231903394938,0.0301231903394938,Mutant loop,90000,28664,stable,stable,intra-TAD,rbp1,0.52206796,0.0,0.21440509,0.038801394,0.3807,0.019,0.2831894433520805,0.3050039938757703,0.4450996354784413,0.4585608748831596,0.0218145505236897,0.0134612394047183,0.0376182,gained_2.5kb,gained_10kb,gained_0kb,anchor1_28664,anchor2_28664,enhancer-enhancer,MDM1
28695,28695,28695,28695,chr12,100232500,100237500,chr12,100552500,100557500,gained,0.0175593926383126,0.0172216807440742,-0.0280169954317635,-0.0280169954317635,Mutant loop,320000,28695,stable,stable,inter-TAD,rbp1,11.1918335,1.55382,0.21293494,0.049294293,0.3984999999999999,0.0005999999999999,0.184220164002639,0.3233267393322717,0.219377964861876,0.2444664199228151,0.1391065753296326,0.025088455060939,0.057255186,gained_2.5kb,gained_10kb,gained_0kb,anchor1_28695,anchor2_28695,enhancer-enhancer,SLC17A8
28704,28704,28704,28704,chr12,104192500,104197500,chr12,104822500,104827500,gained,0.0074008524803691,0.0066350553893874,-0.1575829504579634,-0.1575829504579634,Mutant loop,630000,28704,stable,stable,inter-TAD,rbp1,0.26103398,2.8368998,0.188543,0.022769056,0.397,0.0763999999999999,0.1525673603167286,0.171330633328504,0.5479026169602236,0.5274909331715858,0.0187632730117754,-0.0204116837886377,0.034596037,gained_2.5kb,gained_10kb,gained_0kb,anchor1_28704,anchor2_28704,enhancer-other,CHST11
28705,28705,28705,28705,chr12,104192500,104197500,chr12,105382500,105387500,gained,0.0026473144521994,0.0014619203175814,-0.8566648917169755,-0.8566648917169755,Mutant loop,1190000,28705,stable,stable,intra-TAD,rbp1,9.462468,0.0,0.5629329,0.03034072,0.3954,0.0731999999999999,0.0758963241734968,0.0965411095996811,0.5479026169602236,0.5274909331715858,0.0206447854261842,-0.0204116837886377,0.122427955,gained_2.5kb,gained_10kb,gained_0kb,anchor1_28705,anchor2_28705,enhancer-other,CHST11
28706,28706,28706,28706,chr12,104392500,104397500,chr12,105382500,105387500,gained,0.0016792560287183,0.0043612642064358,1.3769241835212085,1.3769241835212085,Mutant loop,990000,28706,stable,stable,intra-TAD,rbp1,1.3051698,0.0941708,0.19450957,0.02497268,0.431,0.002,0.1873048554213434,0.1811874106026787,0.5479026169602236,0.5274909331715858,-0.0061174448186647,-0.0204116837886377,0.10712008,gained_2.5kb,gained_10kb,gained_0kb,anchor1_28706,anchor2_28706,enhancer-other,CHST11
28761,28761,28761,28761,chr13,29502500,29507500,chr13,30102500,30107500,gained,0.0065326172757215,0.0088796468635941,0.4428411833763533,0.4428411833763533,Mutant loop,600000,28761,stable,stable,inter-TAD,rbp1,0.5220679,0.0,0.188543,0.023717783,0.4670999999999999,0.1005999999999999,0.4854205117328261,0.4989409657264168,0.458146258754403,0.4067674469947624,0.0135204539935906,-0.0513788117596405,0.043332346,gained_2.5kb,gained_10kb,gained_0kb,anchor1_28761,anchor2_28761,enhancer-enhancer,SLC7A1
28826,28826,28826,28826,chr14,20322500,20327500,chr14,20602500,20607500,gained,0.0277374267350595,0.0381293430960711,0.4590677243598614,0.4590677243598614,Mutant loop,280000,28826,stable,stable,uncategorized,rbp1,0.4894387,0.0941708,0.18854299,0.042099178,0.4589999999999999,0.1087999999999999,-1.1304793193326328,-1.042316169168917,-0.6841221462521134,-0.6785149154078315,0.0881631501637161,0.0056072308442819,0.05675144,gained_2.5kb,gained_10kb,gained_0kb,anchor1_28826,anchor2_28826,enhancer-enhancer,SNORA79B
28839,28839,28839,28839,chr14,24010000,24015000,chr14,24095000,24100000,gained,0.0331709809662354,0.0316541163977287,-0.0675285533009914,-0.0675285533009914,Mutant loop,85000,28839,stable,stable,intra-TAD,rbp1,0.26103398,1.8716471,0.20116203,0.036186952,0.4765,0.1197999999999999,0.4011488177953848,0.3132245053202773,0.1650036645580253,0.1776753114652804,-0.0879243124751075,0.012671646907255,0.042849686,gained_2.5kb,gained_10kb,gained_0kb,anchor1_28839,anchor2_28839,promoter-enhancer,PCK2
28944,28944,28944,28944,chr15,40935000,40940000,chr15,41180000,41185000,gained,0.0258099663610942,0.0231208284942965,-0.1587351659165176,-0.1587351659165176,Mutant loop,245000,28944,stable,stable,intra-TAD,rbp1,1.5662037,0.9063951,0.23436944,0.046923704,0.4948,0.1399999999999999,0.0990531741367457,0.1000491000536723,-0.0210514995955422,-0.0694956391554324,0.0009959259169266,-0.0484441395598902,0.03975699,gained_2.5kb,gained_10kb,gained_0kb,anchor1_28944,anchor2_28944,enhancer-other,CHAC1
28998,28998,28998,28998,chr15,72712500,72717500,chr15,73072500,73077500,gained,0.007781553244525,0.0112637213222948,0.5335534859393034,0.5335534859393034,Mutant loop,360000,28998,stable,stable,intra-TAD,rbp1,1.0115067,0.2471987,0.18854302,0.023845319,0.3857,0.021,0.4359914089705793,0.406256587112137,-0.1844392856717304,0.0198611283900885,-0.0297348218584423,0.2043004140618189,0.039405704,gained_2.5kb,gained_10kb,gained_0kb,anchor1_28998,anchor2_28998,enhancer-other,NEO1
29007,29007,29007,29007,chr15,80572500,80577500,chr15,80962500,80967500,gained,0.0076563397960421,0.0062245042422637,-0.2986959228330686,-0.2986959228330686,Mutant loop,390000,29007,stable,stable,intra-TAD,rbp1,2.3819335,0.6591964,0.188543,0.0484753,0.4417,0.0837999999999999,0.4450996354784413,0.4585608748831596,0.5181737509474205,0.443002233695976,0.0134612394047183,-0.0751715172514444,0.04739272,gained_2.5kb,gained_10kb,gained_0kb,anchor1_29007,anchor2_29007,enhancer-enhancer,CEMIP
29008,29008,29008,29008,chr15,80790000,80795000,chr15,80855000,80860000,gained,0.0231094618328133,0.016248207126052,-0.5082031272873805,-0.5082031272873805,Mutant loop,65000,29008,stable,stable,intra-TAD,rbp1,2.6429677,1.2242224,0.20410669,0.025909578,0.4482,0.0464,0.547290312181005,0.5473852413299365,0.4032886711793788,0.4232731050052319,9.492914893149962e-05,0.0199844338258531,0.07351632,gained_2.5kb,gained_10kb,gained_0kb,anchor1_29008,anchor2_29008,enhancer-enhancer,CEMIP
29035,29035,29035,29035,chr15,98440000,98445000,chr15,98655000,98660000,gained,0.0121376663207497,0.0199267807591523,0.7152175917632431,0.7152175917632431,Mutant loop,215000,29035,stable,stable,intra-TAD,rbp1,3.5239582,0.18834162,0.21768147,0.027199183,0.4206,0.0419999999999999,0.5855574894284874,0.6161615062287481,0.5754650528457861,0.5737626181341602,0.0306040168002607,-0.0017024347116258,0.0640937,gained_2.5kb,gained_10kb,gained_0kb,anchor1_29035,anchor2_29035,enhancer-enhancer,IGF1R
29066,29066,29066,29066,chr16,29692500,29697500,chr16,30022500,30027500,gained,0.0345035139630105,0.0339909354705555,-0.0215932315773165,-0.0215932315773165,Mutant loop,330000,29066,stable,stable,inter-TAD,rbp1,5.2206798,0.71805334,0.188543,0.04048999,0.5694,0.0407999999999999,0.1584279714786531,0.1578656550438827,0.1148456645085466,0.0937040392488463,-0.0005623164347704,-0.0211416252597003,0.05232107,gained_2.5kb,gained_10kb,gained_0kb,anchor1_29066,anchor2_29066,enhancer-other,SEZ6L2
29068,29068,29068,29068,chr16,30972500,30977500,chr16,31442500,31447500,gained,0.0110619429039754,0.0189896445537093,0.7796081007763873,0.7796081007763873,Mutant loop,470000,29068,stable,stable,uncategorized,rbp1,8.973031,2.2483304,0.2264449,0.034559343,0.502,0.0707999999999999,0.4510946718334412,0.4329047661456132,0.4613071227720653,0.4053308010766424,-0.018189905687828,-0.0559763216954229,0.062349066,gained_2.5kb,gained_10kb,gained_0kb,anchor1_29068,anchor2_29068,promoter-enhancer,PYCARD-AS1
29069,29069,29069,29069,chr16,31102500,31107500,chr16,31442500,31447500,gained,,0.013520333822572,13.722843152339944,5.0,Mutant loop,340000,29069,stable,stable,uncategorized,rbp1,8.581483,0.9417091,0.188543,0.04029725,0.5295000000000001,0.1258,0.7484519646356286,0.7682483309980077,0.6426038884891022,0.7259771426674085,0.0197963663623791,0.0833732541783063,0.051603973,gained_2.5kb,gained_10kb,gained_0kb,anchor1_29069,anchor2_29069,promoter-enhancer,PYCARD-AS1
29080,29080,29080,29080,chr16,53762500,53767500,chr16,54932500,54937500,gained,0.0040159995386836,0.0042287310099976,0.0744656897426858,0.0744656897426858,Mutant loop,1170000,29080,stable,stable,uncategorized,rbp1,2.7082255,0.47085428,0.22823626,0.02475677,0.4774,0.134,-0.2471227326768047,-0.2415058523946197,-0.1700152475149985,-0.0952236777891914,0.005616880282185,0.0747915697258071,0.06755704,gained_2.5kb,gained_10kb,gained_0kb,anchor1_29080,anchor2_29080,promoter-enhancer,CRNDE
29097,29097,29097,29097,chr16,74710000,74715000,chr16,74860000,74865000,gained,0.0210685450710877,0.0306994844787891,0.5431237398233427,0.5431237398233427,Mutant loop,150000,29097,stable,stable,intra-TAD,rbp1,5.22068,2.2836454,0.188543,0.03993432,0.4843,0.0657999999999999,-0.370554385684041,-0.188037909090804,0.1699360726454753,0.2138827922324762,0.1825164765932369,0.0439467195870008,0.055062816,gained_2.5kb,gained_10kb,gained_0kb,anchor1_29097,anchor2_29097,enhancer-other,FA2H
29170,29170,29170,29170,chr17,40015000,40020000,chr17,40165000,40170000,gained,0.0330161354546547,0.0284240064485294,-0.2160613413017525,-0.2160613413017525,Mutant loop,150000,29170,stable,stable,intra-TAD,rbp1,5.481712,0.08239946,0.2027483,0.03919453,0.5213,0.155,0.3891661251634679,0.3444705335287639,0.5177877129890244,0.4654512319960959,-0.0446955916347039,-0.0523364809929284,0.043978885,gained_2.5kb,gained_10kb,gained_0kb,anchor1_29170,anchor2_29170,promoter-enhancer,NR1D1
29172,29172,29172,29172,chr17,40360000,40365000,chr17,40535000,40540000,gained,0.0141547832447054,0.0208180022006536,0.5565419699588549,0.5565419699588549,Mutant loop,175000,29172,stable,stable,intra-TAD,rbp1,1.2399113,2.5426154,0.188543,0.036754817,0.5627,0.0929999999999999,0.3239905375855186,0.308170378233641,0.1028201773226624,0.1510160454459967,-0.0158201593518776,0.0481958681233342,0.031759884,gained_2.5kb,gained_10kb,gained_0kb,anchor1_29172,anchor2_29172,enhancer-enhancer,"ENSG00000279806,TNS4"
29173,29173,29173,29173,chr17,40382500,40387500,chr17,40552500,40557500,gained,0.0223867411586077,0.0217988832022297,-0.0383903052172584,-0.0383903052172584,Mutant loop,170000,29173,stable,stable,intra-TAD,rbp1,1.0115064,4.249462,0.18854299,0.032995738,0.4945,0.0801999999999999,0.4450996354784413,0.4585608748831596,0.4697096074720611,0.4318364943898927,0.0134612394047183,-0.0378731130821684,0.041754015,gained_2.5kb,gained_10kb,gained_0kb,anchor1_29173,anchor2_29173,enhancer-other,"ENSG00000279806,TNS4"
29174,29174,29174,29174,chr17,40400000,40405000,chr17,40535000,40540000,gained,0.0203438139472958,0.0264021526643577,0.3760653894479992,0.3760653894479992,Mutant loop,135000,29174,stable,stable,intra-TAD,rbp1,0.8157307,7.55722,0.188543,0.027225062,0.4406,0.1512,0.4450996354784413,0.4585608748831596,0.1061925452811201,0.180453810928454,0.0134612394047183,0.0742612656473339,0.04557866,gained_2.5kb,gained_10kb,gained_0kb,anchor1_29174,anchor2_29174,enhancer-enhancer,"ENSG00000279806,TNS4"
29175,29175,29175,29175,chr17,40480000,40485000,chr17,40525000,40530000,gained,0.0510455497797767,0.0511503728615652,0.0029595660842966,0.0029595660842966,Mutant loop,45000,29175,stable,stable,intra-TAD,rbp1,1.696721,2.5897005,0.188543,0.030241352,0.4788,0.1135999999999999,0.4450996354784413,0.4585608748831596,0.0851907706926694,0.1704382220390595,0.0134612394047183,0.0852474513463901,0.05910113,gained_2.5kb,gained_10kb,gained_0kb,anchor1_29175,anchor2_29175,enhancer-enhancer,TNS4
29177,29177,29177,29177,chr17,41735000,41740000,chr17,41800000,41805000,gained,0.068562143632679,0.0652542178901488,-0.0713410594465115,-0.0713410594465115,Mutant loop,65000,29177,stable,stable,intra-TAD,rbp1,6.460587,0.37668332,0.36798882,0.030373953,0.5513,0.0221999999999999,0.547290312181005,0.5473852413299365,0.7936077224156801,0.756005399310124,9.492914893149962e-05,-0.0376023231055561,0.08673592,gained_2.5kb,gained_10kb,gained_0kb,anchor1_29177,anchor2_29177,enhancer-enhancer,JUP
29184,29184,29184,29184,chr17,47945000,47950000,chr17,48015000,48020000,gained,0.0349294068241517,0.0276401838104914,-0.3376749330503594,-0.3376749330503594,Mutant loop,70000,29184,stable,stable,intra-TAD,rbp1,0.26103395,0.1412563,0.188543,0.028418774,0.4955,0.0346,-0.503918373096346,-0.4374094807038128,-0.4838151610320956,-0.4155671275360331,0.0665088923925331,0.0682480334960624,0.03866823,gained_2.5kb,gained_10kb,gained_0kb,anchor1_29184,anchor2_29184,enhancer-enhancer,CDK5RAP3
29192,29192,29192,29192,chr17,55420000,55425000,chr17,55500000,55505000,gained,,0.0146136532404177,13.8350292594702,5.0,Mutant loop,80000,29192,stable,stable,intra-TAD,rbp1,0.7831019,1.80102,0.19193406,0.031675998,0.4275,0.137,-0.3137262447060306,-0.1940577345422608,-0.1829986008862445,-0.1001357773878772,0.1196685101637698,0.0828628234983673,0.03660897,gained_2.5kb,gained_10kb,gained_0kb,anchor1_29192,anchor2_29192,promoter-enhancer,MMD
29209,29209,29209,29209,chr17,64780000,64785000,chr17,64840000,64845000,gained,0.0279495029719782,0.0416713351997686,0.5762326987208344,0.5762326987208344,Mutant loop,60000,29209,stable,stable,intra-TAD,rbp1,0.91361845,0.4590832,0.20324591,0.04335767,0.5394,0.1512,0.6172131395818764,0.5673747950332362,0.6542043618444893,0.685265784013001,-0.0498383445486402,0.0310614221685117,0.03873738,gained_2.5kb,gained_10kb,gained_0kb,anchor1_29209,anchor2_29209,promoter-other,ENSG00000291117
29233,29233,29233,29233,chr17,77430000,77435000,chr17,77495000,77500000,gained,0.0376469016399041,0.0403031041025221,0.0983598226700372,0.0983598226700372,Mutant loop,65000,29233,stable,stable,intra-TAD,rbp1,11.974923,0.24719866,0.206741,0.03947199,0.5825,0.0233999999999999,-1.0935519325572371,-1.1522798973468238,-0.3426721180457698,-0.3520000383994066,-0.0587279647895866,-0.0093279203536368,0.060005598,gained_2.5kb,gained_10kb,gained_0kb,anchor1_29233,anchor2_29233,enhancer-enhancer,SEPTIN9
29236,29236,29236,29236,chr17,78852500,78857500,chr17,78972500,78977500,gained,0.0298088492194437,0.0286562700576778,-0.0568898421729589,-0.0568898421729589,Mutant loop,120000,29236,stable,stable,uncategorized,rbp1,1.3051697,0.47085443,0.188543,0.026390333,0.5587,0.0634,0.0134123550527358,-0.0470288345383608,0.3146620552588299,0.3019834042872387,-0.0604411895910967,-0.0126786509715912,0.054349195,gained_2.5kb,gained_10kb,gained_0kb,anchor1_29236,anchor2_29236,enhancer-enhancer,LGALS3BP
29266,29266,29266,29266,chr18,21985000,21990000,chr18,22155000,22160000,gained,0.0070236461831999,0.0121104286152332,0.785957850223788,0.785957850223788,Mutant loop,170000,29266,stable,stable,intra-TAD,rbp1,1.3704278,0.28251255,0.188543,0.036805082,0.4192,0.0571999999999999,-0.0483789822437302,-0.0401985671254467,-0.5490265138410776,-0.4272037588276132,0.0081804151182834,0.1218227550134644,0.038310036,gained_2.5kb,gained_10kb,gained_0kb,anchor1_29266,anchor2_29266,other-other,GATA6-AS1
29340,29340,29340,29340,chr19,1922500,1927500,chr19,2312500,2317500,gained,,0.0215456963628591,14.395112107053595,5.0,Mutant loop,390000,29340,stable,stable,uncategorized,rbp1,8.1246805,0.0,0.21768147,0.039589316,0.5610999999999999,0.0534,-0.0085110581948644,0.0158848146519489,-0.4631471981479734,-0.3774194960768205,0.0243958728468134,0.0857277020711529,0.047403373,gained_2.5kb,gained_10kb,gained_0kb,anchor1_29340,anchor2_29340,enhancer-enhancer,MOB3A
29341,29341,29341,29341,chr19,2020000,2025000,chr19,2070000,2075000,gained,0.0709068896444573,0.0592449933782376,-0.2592325720535828,-0.2592325720535828,Mutant loop,50000,29341,,stable,uncategorized,rbp1,0.5220675,0.37668365,0.188543,0.029767962,0.5199,0.0138,0.0438756713480056,0.1435791589978584,-0.3627016217495474,-0.1094248443304694,0.0997034876498527,0.253276777419078,0.03951905,gained_2.5kb,gained_10kb,gained_0kb,anchor1_29341,anchor2_29341,enhancer-other,MOB3A
29349,29349,29349,29349,chr19,8355000,8360000,chr19,8395000,8400000,gained,0.0619972168748195,0.0708440068652493,0.1924423590260675,0.1924423590260675,Mutant loop,40000,29349,stable,stable,intra-TAD,rbp1,6.0037785,6.5095677,0.19557819,0.06317056,0.5354,0.1095999999999999,-0.1149657425098138,-0.0503538814382619,-0.1802859068814013,-0.0778373609595703,0.0646118610715519,0.1024485459218309,0.035493247,gained_2.5kb,gained_10kb,gained_0kb,anchor1_29349,anchor2_29349,enhancer-enhancer,ANGPTL4
29351,29351,29351,29351,chr19,11292500,11297500,chr19,11442500,11447500,gained,0.0320987615699849,0.0225322665054389,-0.5105251959687984,-0.5105251959687984,Mutant loop,150000,29351,stable,stable,inter-TAD,rbp1,8.124674,0.63565356,0.19711314,0.04098174,0.5476,0.0784,0.547290312181005,0.5473852413299365,0.5482212602693665,0.5178856851480215,9.492914893149962e-05,-0.0303355751213449,0.045878895,gained_2.5kb,gained_10kb,gained_0kb,anchor1_29351,anchor2_29351,enhancer-enhancer,PRKCSH
29360,29360,29360,29360,chr19,29732500,29737500,chr19,30652500,30657500,gained,0.0084304347554645,0.0070431669136304,-0.259382759443053,-0.259382759443053,Mutant loop,920000,29360,stable,stable,intra-TAD,rbp1,5.4490814,16.46815,0.18854299,0.04202304,0.4806,0.0356,-0.7841481133351097,-0.8003515653173735,-0.9417291027789274,-0.9185219706213816,-0.0162034519822638,0.0232071321575456,0.06401037,gained_2.5kb,gained_10kb,gained_0kb,anchor1_29360,anchor2_29360,enhancer-enhancer,CCNE1
29377,29377,29377,29377,chr19,41205000,41210000,chr19,41260000,41265000,gained,0.0344526455386555,0.0357038145378873,0.0514634493116035,0.0514634493116035,Mutant loop,55000,29377,stable,stable,intra-TAD,rbp1,5.188049,0.28251278,0.19056311,0.03892926,0.513,0.0107999999999999,0.7487203688806591,0.7865420085136643,0.80022961465764,0.7319524456615376,0.0378216396330052,-0.0682771689961023,0.042398144,gained_2.5kb,gained_10kb,gained_0kb,anchor1_29377,anchor2_29377,promoter-enhancer,CYP2S1
29378,29378,29378,29378,chr19,41640000,41645000,chr19,41740000,41745000,gained,0.0195371738300536,0.0340464189886149,0.8012812753032663,0.8012812753032663,Mutant loop,100000,29378,stable,stable,intra-TAD,rbp1,2.1209006,0.09417089,0.188543,0.027613964,0.4625,0.069,0.4724135576815588,0.43601799452506,0.5813587742373377,0.563363145333928,-0.0363955631564987,-0.0179956289034097,0.035102844,gained_2.5kb,gained_10kb,gained_0kb,anchor1_29378,anchor2_29378,enhancer-enhancer,CEACAM5
29381,29381,29381,29381,chr19,43442500,43447500,chr19,43792500,43797500,gained,0.0084782069365427,0.0048259087431325,-0.8129585454356288,-0.8129585454356288,Mutant loop,350000,29381,stable,stable,intra-TAD,rbp1,0.26103395,0.65919644,0.188543,0.024657601,0.4698,0.016,-1.0007602292207318,-0.9817698346641444,-0.3426721180457698,-0.3520000383994066,0.0189903945565874,-0.0093279203536368,0.03183278,gained_2.5kb,gained_10kb,gained_0kb,anchor1_29381,anchor2_29381,enhancer-other,CADM4
29391,29391,29391,29391,chr19,55142500,55147500,chr19,55492500,55497500,gained,0.0162585658558502,0.0165514028781075,0.0257534983875613,0.0257534983875613,Mutant loop,350000,29391,stable,stable,intra-TAD,rbp1,4.2418003,0.28251314,0.19448721,0.048979178,0.5583,0.035,0.0410825932290305,0.0451140046365864,-0.3317465262976821,-0.2554203047217193,0.0040314114075559,0.0763262215759627,0.033112783,gained_2.5kb,gained_10kb,gained_0kb,anchor1_29391,anchor2_29391,promoter-enhancer,KMT5C
29402,29402,29402,29402,chr2,10442500,10447500,chr2,10662500,10667500,gained,0.022376390288091,0.0204394798331267,-0.1306188411579717,-0.1306188411579717,Mutant loop,220000,29402,stable,stable,uncategorized,rbp1,0.52206796,2.3895884,0.20892602,0.025612038,0.4065,0.0266,-0.4221657894159905,-0.4032913596265188,0.4918027748440786,0.5145152236830144,0.0188744297894716,0.0227124488389357,0.04489512,gained_2.5kb,gained_10kb,gained_0kb,anchor1_29402,anchor2_29402,promoter-enhancer,SNORA80B
29434,29434,29434,29434,chr2,32552500,32557500,chr2,33372500,33377500,gained,0.0041983579592484,0.0083380538328256,0.9898855080777892,0.9898855080777892,Mutant loop,820000,29434,stable,stable,intra-TAD,rbp1,7.374208,0.094170846,0.188543,0.034586214,0.3802,0.0359999999999999,0.4578844262867309,0.4654307446817038,0.3919856367875497,0.3708256152157776,0.0075463183949729,-0.021160021571772,0.055301726,gained_2.5kb,gained_10kb,gained_0kb,anchor1_29434,anchor2_29434,enhancer-enhancer,LTBP1
29435,29435,29435,29435,chr2,32772500,32777500,chr2,33032500,33037500,gained,0.0144121580820813,0.013040150805316,-0.1443258274094895,-0.1443258274094895,Mutant loop,260000,29435,stable,stable,intra-TAD,rbp1,26.103382,0.37668374,0.188543,0.045552026,0.3785,0.0345999999999999,0.3604095501707949,0.398399084349552,0.402131003822022,0.3792967462385173,0.0379895341787571,-0.0228342575835046,0.08283003,gained_2.5kb,gained_10kb,gained_0kb,anchor1_29435,anchor2_29435,enhancer-enhancer,LTBP1
29436,29436,29436,29436,chr2,32770000,32775000,chr2,33435000,33440000,gained,0.0050204827744568,0.0058000442180075,0.2082377972179252,0.2082377972179252,Mutant loop,665000,29436,stable,stable,intra-TAD,rbp1,2.2514174,1.9658184,0.21996683,0.025664236,0.3823999999999999,0.0104,0.402131003822022,0.3792967462385173,0.4781836480650557,0.4562926463714617,-0.0228342575835046,-0.021891001693594,0.05491518,gained_2.5kb,gained_10kb,gained_0kb,anchor1_29436,anchor2_29436,promoter-enhancer,LTBP1
29437,29437,29437,29437,chr2,32772500,32777500,chr2,32992500,32997500,gained,0.0038769263708802,0.0052567865449543,0.4392678183505454,0.4392678183505454,Mutant loop,220000,29437,stable,stable,intra-TAD,rbp1,4.4702063,2.8604424,0.24853396,0.04103444,0.4372,0.0828,0.3625662253639953,0.3583269874804798,0.2973417601422172,0.2975817129066947,-0.0042392378835154,0.0002399527644775,0.054414205,gained_2.5kb,gained_10kb,gained_0kb,anchor1_29437,anchor2_29437,enhancer-other,LTBP1
29438,29438,29438,29438,chr2,32942500,32947500,chr2,33382500,33387500,gained,0.005148846730241,0.0065259302114056,0.3419342343261518,0.3419342343261518,Mutant loop,440000,29438,stable,stable,intra-TAD,rbp1,0.52206796,2.554386,0.188543,0.026140824,0.4701,0.0565999999999999,0.3625662253639953,0.3583269874804798,0.2973417601422172,0.2975817129066947,-0.0042392378835154,0.0002399527644775,0.047670078,gained_2.5kb,gained_10kb,gained_0kb,anchor1_29438,anchor2_29438,promoter-enhancer,LTBP1
29450,29450,29450,29450,chr2,42832500,42837500,chr2,43602500,43607500,gained,0.0072576441823397,0.0053374888138584,-0.4433401869286971,-0.4433401869286971,Mutant loop,770000,29450,stable,stable,intra-TAD,rbp1,1.3051695,0.09417095,0.19711314,0.025146846,0.4445,0.045,0.4438012961486464,0.3921364874155119,0.4821332372450982,0.4588153834268129,-0.0516648087331344,-0.0233178538182853,0.074248955,gained_2.5kb,gained_10kb,gained_0kb,anchor1_29450,anchor2_29450,enhancer-other,ZFP36L2
29451,29451,29451,29451,chr2,42832500,42837500,chr2,43232500,43237500,gained,0.0067982134842674,0.0068181973104563,0.0042346824100681,0.0042346824100681,Mutant loop,400000,29451,stable,stable,intra-TAD,rbp1,1.5662034,0.20011295,0.188543,0.024038542,0.4843,0.0346,0.4540093958813827,0.4838445761671661,0.4439109852019934,0.4690629637112241,0.0298351802857834,0.0251519785092306,0.055283405,gained_2.5kb,gained_10kb,gained_0kb,anchor1_29451,anchor2_29451,enhancer-enhancer,ZFP36L2
29452,29452,29452,29452,chr2,42830000,42835000,chr2,43535000,43540000,gained,0.0059792499241659,0.0075067042021245,0.3282151206849746,0.3282151206849746,Mutant loop,705000,29452,stable,stable,intra-TAD,rbp1,13.019063,0.28251275,0.19742572,0.0263207,0.4286,0.1164,0.4722905630938333,0.4655381802424655,0.5209889525437393,0.5302397846386474,-0.0067523828513677,0.009250832094908,0.26140922,gained_2.5kb,gained_10kb,gained_0kb,anchor1_29452,anchor2_29452,enhancer-enhancer,ZFP36L2
29453,29453,29453,29453,chr2,42860000,42865000,chr2,43605000,43610000,gained,0.0042569577961987,0.0075454211486652,0.8257786400082323,0.8257786400082323,Mutant loop,745000,29453,stable,stable,intra-TAD,rbp1,3.6544733,0.09417081,0.188543,0.02457913,0.4545,0.0862,0.4799104801369712,0.4503320563453287,0.4803710696226465,0.4779289692466026,-0.0295784237916424,-0.0024421003760438,0.058092244,gained_2.5kb,gained_10kb,gained_0kb,anchor1_29453,anchor2_29453,enhancer-enhancer,ZFP36L2
29454,29454,29454,29454,chr2,42975000,42980000,chr2,43230000,43235000,gained,0.0135987009136621,0.0192647827736868,0.5024970813706712,0.5024970813706712,Mutant loop,255000,29454,stable,stable,intra-TAD,rbp1,3.3934395,3.2018123,0.188543,0.040308423,0.5277,0.0705999999999999,0.4508501067197727,0.4079581657634821,0.3910169224813933,0.3602762394604331,-0.0428919409562906,-0.0307406830209602,0.049638063,gained_2.5kb,gained_10kb,gained_0kb,anchor1_29454,anchor2_29454,enhancer-enhancer,ZFP36L2
29455,29455,29455,29455,chr2,43020000,43025000,chr2,43480000,43485000,gained,0.0105872268636101,0.0086777430282173,-0.286932980680928,-0.286932980680928,Mutant loop,460000,29455,stable,stable,intra-TAD,rbp1,1.0441355,1.7774761,0.24853396,0.02534394,0.433,0.156,0.3914553891412863,0.4051943428962563,0.4330241657231659,0.4346752300916544,0.01373895375497,0.0016510643684884,0.051121306,gained_2.5kb,gained_10kb,gained_0kb,anchor1_29455,anchor2_29455,enhancer-enhancer,ZFP36L2
29500,29500,29500,29500,chr2,69902500,69907500,chr2,70642500,70647500,gained,0.0054703520305572,0.0039984809963382,-0.4521816457810415,-0.4521816457810415,Mutant loop,740000,29500,stable,stable,uncategorized,rbp1,4.633351,0.7651385,0.19869532,0.043460943,0.4286,0.1099999999999999,0.2718143770402887,0.2916617863790243,0.2929115658454412,0.3130365908821935,0.0198474093387355,0.0201250250367522,0.044396207,gained_2.5kb,gained_10kb,gained_0kb,anchor1_29500,anchor2_29500,promoter-other,PCBP1
29551,29551,29551,29551,chr2,112612500,112617500,chr2,112952500,112957500,gained,0.0077625366098901,0.0120743405623794,0.6373443261802467,0.6373443261802467,Mutant loop,340000,29551,stable,stable,intra-TAD,rbp1,0.4894387,5.2264876,0.20116203,0.025514472,0.4518,0.0464,0.4236341673099729,0.4025370807417929,0.3953884234610423,0.3831880152414025,-0.02109708656818,-0.0122004082196397,0.03686759,gained_2.5kb,gained_10kb,gained_0kb,anchor1_29551,anchor2_29551,enhancer-enhancer,CKAP2L
29647,29647,29647,29647,chr2,195662500,195667500,chr2,196062500,196067500,gained,0.0066598202789352,0.008370011232802,0.3297463134796496,0.3297463134796496,Mutant loop,400000,29647,stable,stable,uncategorized,rbp1,1.6640904,0.08239955,0.21768147,0.024737548,0.3676,0.022,-0.0590376784965529,0.0053839811010432,-0.2945052875158978,-0.2395717762455955,0.0644216595975961,0.0549335112703023,0.0628912,gained_2.5kb,gained_10kb,gained_0kb,anchor1_29647,anchor2_29647,enhancer-other,SLC39A10
29711,29711,29711,29711,chr2,231902500,231907500,chr2,232432500,232437500,gained,0.0151763279202576,0.0191158353493419,0.3329454893495012,0.3329454893495012,Mutant loop,530000,29711,stable,,uncategorized,rbp1,0.22840473,0.18834186,0.19666986,0.025451778,0.5586,0.0756,0.5388831385004548,0.5357027097808337,0.4817384628526338,0.5005856988966628,-0.003180428719621,0.018847236044029,0.030499736,gained_2.5kb,gained_10kb,gained_0kb,anchor1_29711,anchor2_29711,enhancer-enhancer,ALPP
29713,29713,29713,29713,chr2,232332500,232337500,chr2,232442500,232447500,gained,,,0.0,0.0,Mutant loop,110000,29713,stable,,uncategorized,rbp1,2.871373,0.3766835,0.33786902,0.023729682,0.6331,0.0005999999999999,0.4913576589789982,0.5295448854722966,0.4299014846773347,0.4207669118629714,0.0381872264932983,-0.0091345728143633,0.056549866,gained_2.5kb,gained_10kb,gained_0kb,anchor1_29713,anchor2_29713,enhancer-enhancer,ALPP
29857,29857,29857,29857,chr21,42652500,42657500,chr21,42812500,42817500,gained,0.0306821115757142,0.0263650483179938,-0.2187711333922858,-0.2187711333922858,Mutant loop,160000,29857,stable,stable,intra-TAD,rbp1,5.9058933,0.9181664,0.19123647,0.051521864,0.4964,0.224,0.3912274987782572,0.4145361906154832,0.4875354964486515,0.4726314372815069,0.023308691837226,-0.0149040591671445,0.048618108,gained_2.5kb,gained_10kb,gained_0kb,anchor1_29857,anchor2_29857,promoter-enhancer,PDE9A
29882,29882,29882,29882,chr22,32522500,32527500,chr22,33202500,33207500,gained,0.0027168524468183,0.0079684079414543,1.5523552934252836,1.5523552934252836,Mutant loop,680000,29882,B_to_A,B_to_A,intra-TAD,rbp1,6.330071,0.28251275,0.2024396,0.042175233,0.4265,0.0014,0.2672108775907952,0.2567780934174751,0.3346027645220636,0.2787065285242774,-0.0104327841733201,-0.0558962359977862,0.048625715,gained_2.5kb,gained_10kb,gained_0kb,anchor1_29882,anchor2_29882,enhancer-other,TIMP3
29883,29883,29883,29883,chr22,32532500,32537500,chr22,32992500,32997500,gained,0.0093815061884445,0.0161024307401223,0.779387017367505,0.779387017367505,Mutant loop,460000,29883,B_to_A,B_to_A,intra-TAD,rbp1,1.0441358,0.5650254,0.24461618,0.03024767,0.5378000000000001,0.0464000000000001,0.2672108775907952,0.2567780934174751,0.3519233747106278,0.3106336487317343,-0.0104327841733201,-0.0412897259788935,0.037546635,gained_2.5kb,gained_10kb,gained_0kb,anchor1_29883,anchor2_29883,enhancer-enhancer,TIMP3
29901,29901,29901,29901,chr22,45992500,45997500,chr22,46312500,46317500,gained,0.0199786936479366,0.0242605562748294,0.2801503783253298,0.2801503783253298,Mutant loop,320000,29901,stable,stable,uncategorized,rbp1,0.52206796,0.9652519,0.20158452,0.026272729,0.5388000000000001,0.1152,0.4033077435375947,0.4218737874247662,0.4504973499444134,0.4007594557119427,0.0185660438871715,-0.0497378942324707,0.043340296,gained_2.5kb,gained_10kb,gained_0kb,anchor1_29901,anchor2_29901,enhancer-other,GTSE1
29944,29944,29944,29944,chr3,37855000,37860000,chr3,37995000,38000000,gained,0.0273344868999874,0.0337131705574152,0.3025900173225982,0.3025900173225982,Mutant loop,140000,29944,stable,stable,uncategorized,rbp1,5.1880474,0.45908332,0.19774023,0.05841858,0.5054,0.062,0.4508501067197727,0.4079581657634821,0.4634456259659765,0.4218592253292751,-0.0428919409562906,-0.0415864006367013,0.046670526,gained_2.5kb,gained_10kb,gained_0kb,anchor1_29944,anchor2_29944,enhancer-enhancer,ENSG00000290076
29958,29958,29958,29958,chr3,45090000,45095000,chr3,45200000,45205000,gained,0.0165363641186807,0.0163053918870565,-0.0202929457938108,-0.0202929457938108,Mutant loop,110000,29958,stable,stable,intra-TAD,rbp1,5.481712,0.28251275,0.27518642,0.045807898,0.4644,0.0556,0.0016080531467991,0.0491312346285679,0.0780441702747915,0.1236725968174606,0.0475231814817687,0.0456284265426691,0.052749433,gained_2.5kb,gained_10kb,gained_0kb,anchor1_29958,anchor2_29958,enhancer-enhancer,CDCP1
30062,30062,30062,30062,chr3,124742500,124747500,chr3,125582500,125587500,gained,0.0039881028430747,0.0039247479662767,-0.0231026015688785,-0.0231026015688785,Mutant loop,840000,30062,stable,stable,uncategorized,rbp1,0.5220679,0.3766833,0.188543,0.027608633,0.4306999999999999,0.0741999999999999,-0.2830632862520153,-0.3311635289232259,-0.8466008161787214,-0.7567757106198413,-0.0481002426712106,0.0898251055588801,0.05020438,gained_2.5kb,gained_10kb,gained_0kb,anchor1_30062,anchor2_30062,enhancer-enhancer,MUC13
30065,30065,30065,30065,chr3,126522500,126527500,chr3,127542500,127547500,gained,0.0056894700355143,0.0093911253208126,0.7230037694660972,0.7230037694660972,Mutant loop,1020000,30065,stable,stable,uncategorized,rbp1,0.52206796,0.0,0.2027483,0.03286068,0.5777,0.0269999999999999,-0.8579703527182674,-0.7860051285910279,-0.7401629773882858,-0.6503071356294775,0.0719652241272394,0.0898558417588083,0.019971292,gained_2.5kb,gained_10kb,gained_0kb,anchor1_30065,anchor2_30065,promoter-enhancer,LINC01471
30121,30121,30121,30121,chr3,156152500,156157500,chr3,157132500,157137500,gained,0.0208616920227166,0.0131710550840701,-0.6634852556783479,-0.6634852556783479,Mutant loop,980000,30121,stable,stable,inter-TAD,rbp1,0.7504724,0.094170846,0.20793858,0.027803212,0.4333,0.0469999999999999,0.564646361155166,0.6632779284646704,0.6148100676967991,0.5677016951843117,0.0986315673095044,-0.0471083725124874,0.0477413,gained_2.5kb,gained_10kb,gained_0kb,anchor1_30121,anchor2_30121,enhancer-enhancer,"LEKR1,LINC00880"
30123,30123,30123,30123,chr3,156542500,156547500,chr3,157082500,157087500,gained,0.0087433867734489,0.0115263959519689,0.3986773600508008,0.3986773600508008,Mutant loop,540000,30123,stable,stable,intra-TAD,rbp1,1.8272369,0.1883417,0.2065655,0.026197752,0.4131,0.0753999999999999,0.7400628749610504,0.7611543246640273,0.6221492699575429,0.5955356995339547,0.0210914497029769,-0.0266135704235882,0.052845545,gained_2.5kb,gained_10kb,gained_0kb,anchor1_30123,anchor2_30123,enhancer-enhancer,"LEKR1,LINC00880"
30200,30200,30200,30200,chr4,17552500,17557500,chr4,17632500,17637500,gained,0.018508669459913,0.0199311155702364,0.1068212745948799,0.1068212745948799,Mutant loop,80000,30200,stable,stable,inter-TAD,rbp1,1.6640916,0.72982395,0.2116662,0.027943406,0.4445,0.023,0.4634886309895834,0.4812855319707955,0.2270657123394784,0.3149436264936803,0.017796900981212,0.0878779141542018,0.05435715,gained_2.5kb,gained_10kb,gained_0kb,anchor1_30200,anchor2_30200,enhancer-enhancer,FAM184B
30201,30201,30201,30201,chr4,17612500,17617500,chr4,17802500,17807500,gained,0.004488566110645,0.0137497652497486,1.6150804383505142,1.6150804383505142,Mutant loop,190000,30201,stable,stable,inter-TAD,rbp1,1.0441357,0.1883416,0.188543,0.027860159,0.4322,0.112,0.4634886309895834,0.4812855319707955,0.8752378373584572,0.8794816100826445,0.017796900981212,0.0042437727241873,0.053583715,gained_2.5kb,gained_10kb,gained_0kb,anchor1_30201,anchor2_30201,promoter-enhancer,FAM184B
30253,30253,30253,30253,chr4,73662500,73667500,chr4,74302500,74307500,gained,0.0031515739991949,0.0034217023853002,0.1186417440485432,0.1186417440485432,Mutant loop,640000,30253,stable,stable,intra-TAD,rbp1,0.26103398,1.5538212,0.188543,0.025995854,0.39,0.0307999999999999,-0.2789474490211842,-0.3361827191897044,-0.3912321228581875,-0.4735301086141371,-0.0572352701685202,-0.0822979857559496,0.03440173,gained_2.5kb,gained_10kb,gained_0kb,anchor1_30253,anchor2_30253,enhancer-enhancer,CXCL8
30261,30261,30261,30261,chr4,74872500,74877500,chr4,75572500,75577500,gained,0.0075407859417567,0.0114819529113086,0.606581242117403,0.606581242117403,Mutant loop,700000,30261,stable,stable,inter-TAD,rbp1,1.9251249,0.11771359,0.21230254,0.02628453,0.3705,0.0218,0.4688152219509572,0.4054330970976146,0.4519633779820735,0.3680214842715286,-0.0633821248533426,-0.0839418937105448,0.052768786,gained_2.5kb,gained_10kb,gained_0kb,anchor1_30261,anchor2_30261,enhancer-other,PARM1
30262,30262,30262,30262,chr4,74875000,74880000,chr4,75290000,75295000,gained,0.0144694750716115,0.0090434492621969,-0.6780675431860367,-0.6780675431860367,Mutant loop,415000,30262,stable,stable,intra-TAD,rbp1,4.7312374,0.3766835,0.24302459,0.048605345,0.3874,0.004,0.4603283842032608,0.5291093610475878,0.4519633779820735,0.3680214842715286,0.0687809768443269,-0.0839418937105448,0.06239229,gained_2.5kb,gained_10kb,gained_0kb,anchor1_30262,anchor2_30262,enhancer-enhancer,PARM1
30263,30263,30263,30263,chr4,74932500,74937500,chr4,75472500,75477500,gained,0.0091431803328069,0.0101425787381351,0.1496565225761498,0.1496565225761498,Mutant loop,540000,30263,stable,stable,inter-TAD,rbp1,0.0,0.0,0.2112982,0.02502137,0.4434,0.1132,0.3039919372946894,0.2320116742031478,0.0711698170614258,0.1491376947743099,-0.0719802630915415,0.077967877712884,0.042618036,gained_2.5kb,gained_10kb,gained_0kb,anchor1_30263,anchor2_30263,promoter-other,PARM1
30299,30299,30299,30299,chr4,105502500,105507500,chr4,105712500,105717500,gained,0.0071896711468136,0.0091480873377866,0.3475443556036404,0.3475443556036404,Mutant loop,210000,30299,stable,stable,intra-TAD,rbp1,2.6755981,0.0,0.30144554,0.035483573,0.3506,0.0084,0.5471306967376136,0.6183741356170879,0.5924427839961315,0.641088597722411,0.0712434388794742,0.0486458137262795,0.12472303,gained_2.5kb,gained_10kb,gained_0kb,anchor1_30299,anchor2_30299,enhancer-enhancer,ARHGEF38
30304,30304,30304,30304,chr4,109425000,109430000,chr4,109975000,109980000,gained,0.0301779537657654,0.025557721445062,-0.2397357653698758,-0.2397357653698758,Mutant loop,550000,30304,stable,stable,intra-TAD,rbp1,1.0441353,2.1777031,0.188543,0.035848305,0.3759,0.0297999999999999,0.4487819692114345,0.5194305610424339,0.512265800460833,0.5560743298278491,0.0706485918309993,0.043808529367016,0.0468472,gained_2.5kb,gained_10kb,gained_0kb,anchor1_30304,anchor2_30304,enhancer-other,GAR1
30313,30313,30313,30313,chr4,112632500,112637500,chr4,112942500,112947500,gained,0.0086123715205866,0.0114807728021478,0.4147372960661617,0.4147372960661617,Mutant loop,310000,30313,stable,stable,uncategorized,rbp1,147.38623,1.0241091,0.188543,0.03908726,0.3891,0.027,0.5314455429800508,0.4577281061458745,0.5888735247981045,0.501189828710644,-0.0737174368341762,-0.0876836960874605,0.44989365,gained_2.5kb,gained_10kb,gained_0kb,anchor1_30313,anchor2_30313,promoter-enhancer,ANK2
30314,30314,30314,30314,chr4,113292500,113297500,chr4,114372500,114377500,gained,0.0031992571113056,0.0037536294211136,0.2305492857748323,0.2305492857748323,Mutant loop,1080000,30314,stable,stable,uncategorized,rbp1,67.575134,0.47085458,0.19742572,0.035235256,0.3683,0.0201999999999999,0.5314455429800508,0.4577281061458745,0.5567769780796574,0.6162152528125474,-0.0737174368341762,0.0594382747328899,0.036025632,gained_2.5kb,gained_10kb,gained_0kb,anchor1_30314,anchor2_30314,enhancer-other,ANK2
30397,30397,30397,30397,chr4,186295000,186300000,chr4,186585000,186590000,gained,0.011582650859401,0.0125552544964388,0.1163257994784053,0.1163257994784053,Mutant loop,290000,30397,stable,stable,intra-TAD,rbp1,2.316676,11.736055,0.188543,0.043704964,0.4278,0.0532,0.6352853179295397,0.5621245104205662,0.7028734441686236,0.8643848351995455,-0.0731608075089734,0.1615113910309218,0.040408373,gained_2.5kb,gained_10kb,gained_0kb,anchor1_30397,anchor2_30397,enhancer-other,MTNR1A
30424,30424,30424,30424,chr5,34182500,34187500,chr5,34452500,34457500,gained,0.0137561589283845,0.0111815894975462,-0.2989524025711393,-0.2989524025711393,Mutant loop,270000,30424,stable,stable,intra-TAD,rbp1,19.8712,0.14125635,0.7003193,0.029711092,0.4255,0.0114,-0.5255287627416944,-0.3918447392243928,-0.665773493730274,-0.5599512061421505,0.1336840235173015,0.1058222875881234,0.16481194,gained_2.5kb,gained_10kb,gained_0kb,anchor1_30424,anchor2_30424,enhancer-other,ENSG00000290548
30425,30425,30425,30425,chr5,34240000,34245000,chr5,34440000,34445000,gained,,,0.0,0.0,Mutant loop,200000,30425,,stable,intra-TAD,rbp1,24.276161,8.616644,0.188543,0.05601061,0.4032,0.0091999999999999,-0.5302958660525602,-0.5540636559908778,-0.2362125324593514,-0.2625038404097221,-0.0237677899383176,-0.0262913079503707,0.05681437,gained_2.5kb,gained_10kb,gained_0kb,anchor1_30425,anchor2_30425,enhancer-other,ENSG00000290548
30483,30483,30483,30483,chr5,76602500,76607500,chr5,76762500,76767500,gained,0.0145022620449121,0.0156278966822954,0.1078456752721885,0.1078456752721885,Mutant loop,160000,30483,stable,stable,intra-TAD,rbp1,1.7293496,0.37668368,0.188543,0.031765573,0.4002,0.0232,0.1880610047272642,0.1304334687090197,0.4738349436127503,0.4794228397565305,-0.0576275360182444,0.0055878961437801,0.0654511,gained_2.5kb,gained_10kb,gained_0kb,anchor1_30483,anchor2_30483,enhancer-enhancer,F2R
30484,30484,30484,30484,chr5,76710000,76715000,chr5,76775000,76780000,gained,0.0196490035860884,0.0215711072037827,0.1346440748599553,0.1346440748599553,Mutant loop,65000,30484,stable,stable,intra-TAD,rbp1,6.0037775,0.1883418,0.20753294,0.03306378,0.4266999999999999,0.0122,0.0683630270947428,0.2097976109702382,-0.0451536591235971,0.0568668163562716,0.1414345838754954,0.1020204754798687,0.034334928,gained_2.5kb,gained_10kb,gained_0kb,anchor1_30484,anchor2_30484,promoter-enhancer,F2R
30559,30559,30559,30559,chr5,135942500,135947500,chr5,136172500,136177500,gained,0.0139146357363215,0.0205683919850956,0.5638258682796268,0.5638258682796268,Mutant loop,230000,30559,stable,stable,inter-TAD,rbp1,0.22840475,1.9775908,0.188543,0.03852457,0.3611,0.0217999999999999,-0.3655149779920904,-0.3126222481494547,-0.1391911912291096,-0.2068730771860635,0.0528927298426356,-0.0676818859569539,0.030186737,gained_2.5kb,gained_10kb,gained_0kb,anchor1_30559,anchor2_30559,enhancer-enhancer,TGFBI
30567,30567,30567,30567,chr5,141672500,141677500,chr5,142132500,142137500,gained,0.0021034264607106,0.0018482696589127,-0.186566121486119,-0.186566121486119,Mutant loop,460000,30567,stable,stable,intra-TAD,rbp1,2.218787,0.2354273,0.2027483,0.029902035,0.4467,0.1002,0.213822909145601,0.1907357688495412,-0.1391911912291096,-0.2068730771860635,-0.0230871402960598,-0.0676818859569539,0.09863649,gained_2.5kb,gained_10kb,gained_0kb,anchor1_30567,anchor2_30567,promoter-enhancer,PCDH1
30589,30589,30589,30589,chr5,150562500,150567500,chr5,150842500,150847500,gained,0.0216386450879863,0.0159264482015321,-0.4421856035169196,-0.4421856035169196,Mutant loop,280000,30589,stable,stable,inter-TAD,rbp1,7.374208,0.23542735,0.188543,0.02454216,0.4486,0.0872,0.0856069728001229,0.1807021513220499,0.0711698170614258,0.1491376947743099,0.095095178521927,0.077967877712884,0.062496357,gained_2.5kb,gained_10kb,gained_0kb,anchor1_30589,anchor2_30589,enhancer-enhancer,SYNPO
30611,30611,30611,30611,chr5,172702500,172707500,chr5,173202500,173207500,gained,0.0046062142744128,0.0042740099279046,-0.1079912656016027,-0.1079912656016027,Mutant loop,500000,30611,stable,stable,intra-TAD,rbp1,3.7197328,0.7533673,0.188543,0.022386897,0.4858,0.0267999999999999,0.2877660180763229,0.3114084809636984,0.2135229228599687,0.1769201782224994,0.0236424628873754,-0.0366027446374692,0.046903897,gained_2.5kb,gained_10kb,gained_0kb,anchor1_30611,anchor2_30611,enhancer-enhancer,SNORA74B
30669,30669,30669,30669,chr6,29052500,29057500,chr6,29582500,29587500,gained,0.0052536796477536,0.0048334692907626,-0.1202691567339265,-0.1202691567339265,Mutant loop,530000,30669,stable,stable,intra-TAD,rbp1,13.5085,1.7892468,0.3996203,0.0355423,0.3787,0.095,0.4408940140180807,0.4821749538511997,0.6629622683080619,0.7017187904314799,0.0412809398331189,0.0387565221234179,0.0918132,gained_2.5kb,gained_10kb,gained_0kb,anchor1_30669,anchor2_30669,other-other,GABBR1
30670,30670,30670,30670,chr6,29732500,29737500,chr6,29832500,29837500,gained,0.049513117964597,0.0509739074231032,0.0419481455188271,0.0419481455188271,Mutant loop,100000,30670,stable,stable,intra-TAD,rbp1,3.3934388,1.1771369,0.18854302,0.033532713,0.4077,0.0453999999999999,0.4408940140180807,0.4821749538511997,0.5364117964971149,0.5253085269736905,0.0412809398331189,-0.0111032695234244,0.062246382,gained_2.5kb,gained_10kb,gained_0kb,anchor1_30670,anchor2_30670,enhancer-other,HLA-F
30672,30672,30672,30672,chr6,30542500,30547500,chr6,31082500,31087500,gained,0.0057040154955415,0.0080781849349659,0.5020532732134166,0.5020532732134166,Mutant loop,540000,30672,,stable,uncategorized,rbp1,16.053587,0.4590833,0.2480002,0.03883554,0.4587,0.0278,0.7026514864991862,0.7380979718156172,0.6629622683080619,0.7017187904314799,0.035446485316431,0.0387565221234179,0.08182978,gained_2.5kb,gained_10kb,gained_0kb,anchor1_30672,anchor2_30672,enhancer-enhancer,"PPP1R10,TUBB"
30673,30673,30673,30673,chr6,30680000,30685000,chr6,30725000,30730000,gained,,,0.0,0.0,Mutant loop,45000,30673,,,uncategorized,rbp1,11.974931,0.18834186,0.20866838,0.03454401,0.5105,0.0741999999999999,0.7026514864991862,0.7380979718156172,0.6199987082009121,0.6896238415520439,0.035446485316431,0.0696251333511318,0.052419238,gained_2.5kb,gained_10kb,gained_0kb,anchor1_30673,anchor2_30673,promoter-enhancer,TUBB
30746,30746,30746,30746,chr6,79432500,79437500,chr6,79682500,79687500,gained,0.0063001052026428,0.009270640066598,0.55729302958392,0.55729302958392,Mutant loop,250000,30746,stable,stable,intra-TAD,rbp1,5.449082,0.3295981,0.188543,0.04723978,0.3928,0.0104,-0.321494954981036,-0.2927962638951662,0.4738349436127503,0.4794228397565305,0.0286986910858697,0.0055878961437801,0.054853983,gained_2.5kb,gained_10kb,gained_0kb,anchor1_30746,anchor2_30746,enhancer-enhancer,LCA5
30819,30819,30819,30819,chr6,131922500,131927500,chr6,132282500,132287500,gained,0.0111560583282515,0.0097370401244411,-0.1962721903472787,-0.1962721903472787,Mutant loop,360000,30819,stable,stable,inter-TAD,rbp1,0.75047195,4.790946,0.188543,0.02644065,0.3697,0.0014,-1.169688306404954,-1.323430860787138,-1.1508725581129162,-1.178261452228211,-0.1537425543821842,-0.0273888941152951,0.039987944,gained_2.5kb,gained_10kb,gained_0kb,anchor1_30819,anchor2_30819,enhancer-other,CCN2
30820,30820,30820,30820,chr6,131922500,131927500,chr6,132222500,132227500,gained,0.0223449532693477,0.0211821505913763,-0.0770999561968597,-0.0770999561968597,Mutant loop,300000,30820,stable,stable,inter-TAD,rbp1,1.8272371,0.741596,0.19774023,0.0246335,0.3859,0.0338,0.5471306967376136,0.6183741356170879,0.591306157710751,0.5036881716636473,0.0712434388794742,-0.0876179860471036,0.04469763,gained_2.5kb,gained_10kb,gained_0kb,anchor1_30820,anchor2_30820,other-other,CCN2
30821,30821,30821,30821,chr6,131932500,131937500,chr6,132482500,132487500,gained,0.0042719699803619,0.0041989362610712,-0.0248776205267221,-0.0248776205267221,Mutant loop,550000,30821,stable,stable,uncategorized,rbp1,7.798384,0.5650255,0.5529182,0.026727222,0.3786,0.0395999999999999,0.5471306967376136,0.6183741356170879,0.6583202727436572,0.6193845722335363,0.0712434388794742,-0.0389357005101209,0.08642751,gained_2.5kb,gained_10kb,gained_0kb,anchor1_30821,anchor2_30821,enhancer-enhancer,CCN2
30827,30827,30827,30827,chr6,133925000,133930000,chr6,134095000,134100000,gained,0.072402459208158,0.0627339884058932,-0.206791413415317,-0.206791413415317,Mutant loop,170000,30827,stable,stable,intra-TAD,rbp1,24.24352,0.2825127,0.6764316,0.0429058,0.3634,0.022,0.4687719451497539,0.5379686864867932,0.5622892503012514,0.5115620026289084,0.0691967413370392,-0.050727247672343,0.1766043,gained_2.5kb,gained_10kb,gained_0kb,anchor1_30827,anchor2_30827,other-other,SLC2A12
30828,30828,30828,30828,chr6,133942500,133947500,chr6,134082500,134087500,gained,0.0253772359930895,0.0208926033161062,-0.2805426738759996,-0.2805426738759996,Mutant loop,140000,30828,stable,stable,intra-TAD,rbp1,7.0479155,1.3183925,0.188543,0.030046854,0.4053,0.019,0.4687719451497539,0.5379686864867932,0.6007951396954481,0.6033193773053819,0.0691967413370392,0.0025242376099338,0.06126412,gained_2.5kb,gained_10kb,gained_0kb,anchor1_30828,anchor2_30828,enhancer-enhancer,SLC2A12
30967,30967,30967,30967,chr7,54862500,54867500,chr7,55242500,55247500,gained,0.0038369110931417,0.0084233734694462,1.1344527967234024,1.1344527967234024,Mutant loop,380000,30967,stable,stable,intra-TAD,rbp1,1.5662029,2.8839858,0.188543,0.031490996,0.4178,0.0268,0.1618700831334884,0.1764774292718903,-0.2667978362532045,-0.1975233710169659,0.0146073461384018,0.0692744652362385,0.05215682,gained_2.5kb,gained_10kb,gained_0kb,anchor1_30967,anchor2_30967,enhancer-enhancer,EGFR
30968,30968,30968,30968,chr7,55070000,55075000,chr7,55130000,55135000,gained,0.0238315578832605,0.0234566830382012,-0.0228742452323101,-0.0228742452323101,Mutant loop,60000,30968,stable,stable,intra-TAD,rbp1,11.909671,0.44731194,0.3626624,0.05011104,0.4467,0.087,0.1618700831334884,0.1764774292718903,0.4654637155386041,0.5387443568815816,0.0146073461384018,0.0732806413429774,0.12550579,gained_2.5kb,gained_10kb,gained_0kb,anchor1_30968,anchor2_30968,enhancer-enhancer,EGFR
30982,30982,30982,30982,chr7,73862500,73867500,chr7,74392500,74397500,gained,,0.0133763363093944,13.70739540494244,5.0,Mutant loop,530000,30982,,,uncategorized,rbp1,8.581486,0.09417081,0.2080871,0.038862526,0.5151,0.0161999999999999,0.5034970431416006,0.4645923422387338,0.3847854633771746,0.3414740687459262,-0.0389047009028667,-0.0433113946312483,0.048011847,gained_2.5kb,gained_10kb,gained_0kb,anchor1_30982,anchor2_30982,enhancer-enhancer,CLIP2
30987,30987,30987,30987,chr7,76175000,76180000,chr7,76310000,76315000,gained,0.0558727713791383,0.0567330628926606,0.0220443719713191,0.0220443719713191,Mutant loop,135000,30987,stable,,uncategorized,rbp1,2.6755967,0.09417081,0.188543,0.03396862,0.5347,0.0073999999999999,0.1151535641528094,0.163409797109912,0.2831808282737613,0.237746615193526,0.0482562329571025,-0.0454342130802352,0.04485017,gained_2.5kb,gained_10kb,gained_0kb,anchor1_30987,anchor2_30987,enhancer-enhancer,HSPB1
31020,31020,31020,31020,chr7,98292500,98297500,chr7,98842500,98847500,gained,0.0098702313142368,0.0120246299160764,0.2848366920936188,0.2848366920936188,Mutant loop,550000,31020,stable,stable,intra-TAD,rbp1,1.9903834,1.330164,0.188543,0.025263183,0.5283,0.0209999999999999,0.3635466876678988,0.2913577413847753,0.4412818303140224,0.4924231174932918,-0.0721889462831235,0.0511412871792693,0.042133298,gained_2.5kb,gained_10kb,gained_0kb,anchor1_31020,anchor2_31020,enhancer-enhancer,NPTX2
31021,31021,31021,31021,chr7,98432500,98437500,chr7,98742500,98747500,gained,0.0339102372937137,0.0410335074708049,0.2750815985445182,0.2750815985445182,Mutant loop,310000,31021,stable,stable,inter-TAD,rbp1,12.464365,1.801019,0.24681993,0.037841253,0.4862,0.0348,0.1902919870832976,0.3106671728616118,0.4412818303140224,0.4924231174932918,0.1203751857783141,0.0511412871792693,0.123542644,gained_2.5kb,gained_10kb,gained_0kb,anchor1_31021,anchor2_31021,other-other,NPTX2
31065,31065,31065,31065,chr7,130072500,130077500,chr7,130722500,130727500,gained,0.0183731539921216,0.0163406116345571,-0.1691373201242882,-0.1691373201242882,Mutant loop,650000,31065,stable,stable,intra-TAD,rbp1,10.376094,6.285911,0.18854302,0.029303957,0.3928,0.0283999999999999,0.4822967141042018,0.5444813425764625,0.4628871752530658,0.5582171302748604,0.0621846284722606,0.0953299550217945,0.054851912,gained_2.5kb,gained_10kb,gained_0kb,anchor1_31065,anchor2_31065,enhancer-other,COPG2
31082,31082,31082,31082,chr7,149310000,149315000,chr7,149495000,149500000,gained,0.0106224743604049,0.0102415556912813,-0.0526849841893544,-0.0526849841893544,Mutant loop,185000,31082,stable,stable,intra-TAD,rbp1,10.70239,1.8010185,0.1949343,0.0725361,0.4741999999999999,0.1391999999999999,0.3225157016136856,0.3729446018506839,0.3887030535143342,0.410484263370154,0.0504289002369983,0.0217812098558198,0.08162544,gained_2.5kb,gained_10kb,gained_0kb,anchor1_31082,anchor2_31082,promoter-other,ZNF777
31234,31234,31234,31234,chr8,122670000,122675000,chr8,123060000,123065000,gained,0.0064590418159259,0.0101374650749739,0.6503048787622848,0.6503048787622848,Mutant loop,390000,31234,stable,stable,uncategorized,rbp1,2.0556424,9.381783,0.188543,0.022456184,0.4141,0.0429999999999999,0.3630619037320747,0.3321056943704051,0.1049688484883632,0.2910488354184261,-0.0309562093616695,0.1860799869300628,0.060167752,gained_2.5kb,gained_10kb,gained_0kb,anchor1_31234,anchor2_31234,promoter-enhancer,ZHX2
31235,31235,31235,31235,chr8,122672500,122677500,chr8,123142500,123147500,gained,0.0047203711535384,0.0060485737744153,0.3576947013695105,0.3576947013695105,Mutant loop,470000,31235,stable,stable,inter-TAD,rbp1,4.665983,3.9316363,0.188543,0.039094687,0.4212,0.018,-0.0094204427713677,0.4233455807264115,-0.3085431107492308,0.2261018856136628,0.4327660234977793,0.5346449963628936,0.046624884,gained_2.5kb,gained_10kb,gained_0kb,anchor1_31235,anchor2_31235,enhancer-other,ZHX2
31236,31236,31236,31236,chr8,122735000,122740000,chr8,123150000,123155000,gained,0.0115877299559862,0.0150432759676562,0.3765208071952901,0.3765208071952901,Mutant loop,415000,31236,stable,stable,intra-TAD,rbp1,0.65258497,1.3419362,0.188543,0.024548082,0.4183,0.0178,,,0.4627067942497235,0.5926682306367115,,0.1299614363869879,0.054832205,gained_2.5kb,gained_10kb,gained_0kb,anchor1_31236,anchor2_31236,enhancer-enhancer,ZHX2
31351,31351,31351,31351,chr9,99172500,99177500,chr9,100592500,100597500,gained,0.0047667650595031,0.001347491719792,-1.8227341129808368,-1.8227341129808368,Mutant loop,1420000,31351,stable,stable,inter-TAD,rbp1,0.52206796,0.1883416,0.20225522,0.030174218,0.4255,0.0286,-0.1962385628528633,0.6705247415636283,0.0901829512936704,0.6771818778239747,0.8667633044164916,0.5869989265303042,0.051899932,gained_2.5kb,gained_10kb,gained_0kb,anchor1_31351,anchor2_31351,enhancer-enhancer,NR4A3
31352,31352,31352,31352,chr9,99272500,99277500,chr9,100002500,100007500,gained,0.0085274575803926,0.0091672290411389,0.1043700461372639,0.1043700461372639,Mutant loop,730000,31352,stable,stable,intra-TAD,rbp1,2.6103377,0.88285196,0.188543,0.05641641,0.4074,0.0147999999999999,-0.341349514578408,0.2047441493574207,-0.4021946000407979,0.2463372357206093,0.5460936639358288,0.6485318357614073,0.039530523,gained_2.5kb,gained_10kb,gained_0kb,anchor1_31352,anchor2_31352,enhancer-other,NR4A3
31369,31369,31369,31369,chr9,109562500,109567500,chr9,109882500,109887500,gained,0.0072337830124634,0.008963890649038,0.3093747264771148,0.3093747264771148,Mutant loop,320000,31369,stable,stable,inter-TAD,rbp1,0.7831019,0.0941708,0.50014704,0.02931758,0.3742,0.078,-0.1577340942849346,-0.08492298782398,0.0384439732284972,0.0924510502580566,0.0728111064609545,0.0540070770295594,0.037161127,gained_2.5kb,gained_10kb,gained_0kb,anchor1_31369,anchor2_31369,enhancer-other,PALM2AKAP2
31370,31370,31370,31370,chr9,109572500,109577500,chr9,109812500,109817500,gained,0.0271302129387736,0.0259740725101237,-0.0628281371769865,-0.0628281371769865,Mutant loop,240000,31370,stable,stable,inter-TAD,rbp1,1.9251252,0.3766836,0.20768906,0.026163973,0.4075999999999999,0.0531999999999999,0.1225709398155861,0.2316656677681232,-0.0018506005610437,0.2467650421717348,0.109094727952537,0.2486156427327785,0.06302638,gained_2.5kb,gained_10kb,gained_0kb,anchor1_31370,anchor2_31370,enhancer-other,PALM2AKAP2
31440,31440,31440,31440,chrX,37502500,37507500,chrX,38172500,38177500,gained,0.006993468231844,0.0055409204875437,-0.3358824363524411,-0.3358824363524411,Mutant loop,670000,31440,stable,stable,uncategorized,rbp1,0.5220679,3.4725533,0.188543,0.025070747,0.4558999999999999,0.0449999999999999,1.105943324749019,1.4334135013919245,0.4871923207000907,1.362894317748098,0.3274701766429058,0.8757019970480071,0.040083025,gained_2.5kb,gained_10kb,gained_0kb,anchor1_31440,anchor2_31440,other-other,SRPX
31462,31462,31462,31462,chrX,101422500,101427500,chrX,101802500,101807500,gained,0.0092922719097098,0.0094465152724441,0.0237508605193688,0.0237508605193688,Mutant loop,380000,31462,stable,stable,uncategorized,rbp1,0.26103398,0.0941709,0.1901012,0.029774308,0.41,0.0608,0.7462082332435711,0.6440770689563781,0.6710228434049691,1.049575117878698,-0.102131164287193,0.3785522744737289,0.037431844,gained_2.5kb,gained_10kb,gained_0kb,anchor1_31462,anchor2_31462,other-other,ARMCX4
31520,31520,31520,31520,chr1,119372500,119377500,chr1,119652500,119657500,gained,0.0060991642401703,0.0122518246725435,1.0063131559031189,1.0063131559031189,Mutant loop,280000,31520,stable,stable,inter-TAD,rbp1,0.81573117,0.28251275,0.20725699,0.026026871,0.4165999999999999,0.0199999999999999,0.6265794126406331,0.8568411422660102,0.295764048669466,0.1293853163125762,0.230261729625377,-0.1663787323568898,0.037685968,gained_2.5kb,gained_10kb,gained_0kb,anchor1_31520,anchor2_31520,enhancer-enhancer,PHGDH
31585,31585,31585,31585,chr10,99392500,99397500,chr10,99612500,99617500,gained,0.0075852475978615,0.0160046752957368,1.0772252288113198,1.0772252288113198,Mutant loop,220000,31585,stable,stable,inter-TAD,rbp1,3.1650367,0.09417089,0.19216883,0.045049228,0.4439,0.0221999999999999,0.6622132016162189,0.7045110301312119,0.3500755605583593,0.4769990131848872,0.0422978285149929,0.1269234526265279,0.0412634,gained_2.5kb,gained_10kb,gained_0kb,anchor1_31585,anchor2_31585,enhancer-enhancer,GOT1
31591,31591,31591,31591,chr10,119612500,119617500,chr10,119852500,119857500,gained,0.0052618778066336,0.0130724370906012,1.3128784762378172,1.3128784762378172,Mutant loop,240000,31591,stable,stable,inter-TAD,rbp1,1.5335742,0.741596,0.188543,0.030498592,0.4311,0.0541999999999999,0.0625696364706583,0.3141185921075074,0.2541962576765506,0.3693133434489956,0.2515489556368491,0.115117085772445,0.029578527,gained_2.5kb,gained_10kb,gained_0kb,anchor1_31591,anchor2_31591,enhancer-enhancer,BAG3
31594,31594,31594,31594,chr11,2552500,2557500,chr11,2762500,2767500,gained,0.008533821325904,0.0136732907884502,0.6800966920998806,0.6800966920998806,Mutant loop,210000,31594,stable,stable,intra-TAD,rbp1,1.3051698,0.82399553,0.20977956,0.041197564,0.4318999999999999,0.069,0.1191870380451567,0.1179775936929015,0.0348349906480604,-0.0662495798812894,-0.0012094443522552,-0.1010845705293499,0.037606098,gained_2.5kb,gained_10kb,gained_0kb,anchor1_31594,anchor2_31594,other-other,KCNQ1
31617,31617,31617,31617,chr11,94972500,94977500,chr11,95762500,95767500,gained,0.0038397293797606,0.0078339502569128,1.0287353328205728,1.0287353328205728,Mutant loop,790000,31617,stable,stable,uncategorized,rbp1,0.58732647,0.1412563,0.188543,0.025143856,0.3887,0.0365999999999999,-0.623330464866598,-0.0308055865703997,-0.4435292316885258,0.2509652646248209,0.5925248782961984,0.6944944963133468,0.05273076,gained_2.5kb,gained_10kb,gained_0kb,anchor1_31617,anchor2_31617,promoter-other,SESN3
31660,31660,31660,31660,chr12,99802500,99807500,chr12,100562500,100567500,gained,0.0056929646759424,0.006971467885294,0.2922823083281615,0.2922823083281615,Mutant loop,760000,31660,stable,stable,intra-TAD,rbp1,0.81573117,0.28251275,0.188543,0.027572893,0.3842,0.0276,0.5929636007879888,0.5973246390768278,0.6342565382818789,0.5286923220865186,0.0043610382888389,-0.1055642161953602,0.07748341,gained_2.5kb,gained_10kb,gained_0kb,anchor1_31660,anchor2_31660,other-other,SLC17A8
31724,31724,31724,31724,chr15,74372500,74377500,chr15,74622500,74627500,gained,0.0143049775547993,0.0165541200568084,0.2106730915343278,0.2106730915343278,Mutant loop,250000,31724,stable,stable,uncategorized,rbp1,1.2399099,0.2825127,0.188543,0.024783783,0.5459,0.0106,0.5524697503059781,0.5041713100260381,0.6741734726213595,0.711590033102224,-0.04829844027994,0.0374165604808645,0.042229414,gained_2.5kb,gained_10kb,gained_0kb,anchor1_31724,anchor2_31724,promoter-enhancer,SEMA7A
31725,31725,31725,31725,chr15,74372500,74377500,chr15,74762500,74767500,gained,0.009177550659426,0.0117438844584616,0.3557286014572722,0.3557286014572722,Mutant loop,390000,31725,stable,stable,inter-TAD,rbp1,0.75047266,4.2376943,0.188543,0.025929665,0.5319,0.0173999999999999,0.6131200951612198,0.6492182673080353,0.3772818402953611,0.4241196655821032,0.0360981721468155,0.046837825286742,0.045269564,gained_2.5kb,gained_10kb,gained_0kb,anchor1_31725,anchor2_31725,promoter-enhancer,"EDC3,SEMA7A"
31740,31740,31740,31740,chr15,98775000,98780000,chr15,98900000,98905000,gained,0.0058200399352378,0.0122280402298246,1.0710922461730823,1.0710922461730823,Mutant loop,125000,31740,stable,stable,intra-TAD,rbp1,2.8713717,3.3666112,0.20815656,0.05731358,0.4626,0.0392,0.7717449544250308,0.7530948410360726,0.4440783658207013,0.4213959847127841,-0.0186501133889581,-0.0226823811079172,0.049408145,gained_2.5kb,gained_10kb,gained_0kb,anchor1_31740,anchor2_31740,enhancer-enhancer,IGF1R
31765,31765,31765,31765,chr17,15822500,15827500,chr17,20632500,20637500,gained,0.0295999836511364,0.0254580637131987,-0.2174736839550206,-0.2174736839550206,Mutant loop,4810000,31765,stable,stable,uncategorized,rbp1,4.7312384,0.7298248,0.188543,0.035674118,0.4396,0.0919999999999999,0.336152538388417,0.4236128256332578,0.2007675958179473,0.2008527406550969,0.0874602872448408,8.514483714966437e-05,0.04299699,gained_2.5kb,gained_10kb,gained_0kb,anchor1_31765,anchor2_31765,other-other,"SNORD3A,SNORD3B-2,SNORD3C"
31780,31780,31780,31780,chr17,57005000,57010000,chr17,57115000,57120000,gained,0.0080195431283849,0.0178425334265749,1.1537285211482615,1.1537285211482615,Mutant loop,110000,31780,stable,stable,intra-TAD,rbp1,6.8521385,1.753934,0.23641911,0.038914133,0.4813,0.0506,-0.3350973355809097,-0.1818060191090848,0.0114442733332818,-0.040473467924822,0.1532913164718249,-0.0519177412581039,0.03504239,gained_2.5kb,gained_10kb,gained_0kb,anchor1_31780,anchor2_31780,enhancer-enhancer,SCPEP1
31784,31784,31784,31784,chr17,64762500,64767500,chr17,67892500,67897500,gained,0.0077153319812274,0.0068968573541055,-0.1617891073192488,-0.1617891073192488,Mutant loop,3130000,31784,stable,stable,inter-TAD,rbp1,1.6640906,7.192307,0.22355813,0.030700395,0.4058,0.044,0.6676805751520427,0.4501199596880723,0.4440455107507177,0.4889317279250449,-0.2175606154639703,0.0448862171743272,0.038064905,gained_2.5kb,gained_10kb,gained_0kb,anchor1_31784,anchor2_31784,enhancer-enhancer,ENSG00000291117
31816,31816,31816,31816,chr19,41125000,41130000,chr19,41260000,41265000,gained,0.016804085427604,0.0138562007074941,-0.2782802924316971,-0.2782802924316971,Mutant loop,135000,31816,stable,stable,uncategorized,rbp1,4.4702053,0.30605525,0.188543,0.029434621,0.5094,0.018,0.7482054537839652,0.6655280827065455,0.8383920079036091,0.7339490735260499,-0.0826773710774196,-0.1044429343775592,0.045451425,gained_2.5kb,gained_10kb,gained_0kb,anchor1_31816,anchor2_31816,promoter-enhancer,CYP2S1
31832,31832,31832,31832,chr2,32772500,32777500,chr2,33582500,33587500,gained,0.004015480640187,0.0051529605075336,0.3598288516093705,0.3598288516093705,Mutant loop,810000,31832,stable,stable,intra-TAD,rbp1,0.5220679,0.7062816,0.22069761,0.02438343,0.3812,0.0292,0.2940911591514728,0.3036474604899609,0.6091141655637466,0.5286121251768694,0.009556301338488,-0.0805020403868772,0.055312447,gained_2.5kb,gained_10kb,gained_0kb,anchor1_31832,anchor2_31832,enhancer-enhancer,LTBP1
31837,31837,31837,31837,chr2,42852500,42857500,chr2,43232500,43237500,gained,0.008103606178504,0.008886893602706,0.1331151524625338,0.1331151524625338,Mutant loop,380000,31837,stable,stable,intra-TAD,rbp1,18.239733,0.55325395,0.20433985,0.03908646,0.5284,0.0535999999999999,0.6303705275464897,0.5489006214227489,0.7104077147872443,0.6922172774612179,-0.0814699061237408,-0.0181904373260264,0.06509602,gained_2.5kb,gained_10kb,gained_0kb,anchor1_31837,anchor2_31837,enhancer-enhancer,ZFP36L2
31838,31838,31838,31838,chr2,42852500,42857500,chr2,43482500,43487500,gained,0.0094419851750765,0.0100454505632214,0.0893801510802026,0.0893801510802026,Mutant loop,630000,31838,stable,stable,intra-TAD,rbp1,11.681264,0.8593092,0.188543,0.04794792,0.4503,0.2098,0.6303705275464897,0.5489006214227489,0.608587443959855,0.619236825188881,-0.0814699061237408,0.010649381229026,0.07855487,gained_2.5kb,gained_10kb,gained_0kb,anchor1_31838,anchor2_31838,enhancer-enhancer,ZFP36L2
31891,31891,31891,31891,chr2,213252500,213257500,chr2,215932500,215937500,gained,0.0100033899411876,0.0103513229664906,0.049326183072941,0.049326183072941,Mutant loop,2680000,31891,stable,stable,inter-TAD,rbp1,10.604496,0.6121109,0.188543,0.07029905,0.3975999999999999,0.0468,0.4389910787765949,0.5147586691504117,0.2007675958179473,0.2008527406550969,0.0757675903738168,8.514483714966437e-05,0.04446501,gained_2.5kb,gained_10kb,gained_0kb,anchor1_31891,anchor2_31891,enhancer-enhancer,ATIC
31931,31931,31931,31931,chr22,32522500,32527500,chr22,32812500,32817500,gained,0.0136584045676283,0.0151124806369692,0.1459515181252995,0.1459515181252995,Mutant loop,290000,31931,B_to_A,B_to_A,inter-TAD,rbp1,5.0901594,0.65919614,0.21405177,0.031317104,0.4289,0.0033999999999999,0.7635933013618763,0.8760140748434675,0.7626858349453,0.7113135432050045,0.1124207734815911,-0.0513722917402954,0.059801266,gained_2.5kb,gained_10kb,gained_0kb,anchor1_31931,anchor2_31931,enhancer-other,TIMP3
31937,31937,31937,31937,chr3,4720000,4725000,chr3,4975000,4980000,gained,0.0168582947640546,0.0167623437232717,-0.0082347315675591,-0.0082347315675591,Mutant loop,255000,31937,stable,stable,intra-TAD,rbp1,8.353081,0.09417085,0.2059088,0.040848248,0.4926,0.1175999999999999,0.6956076703410213,0.693094351850985,0.6110361516703595,0.5548784191260671,-0.0025133184900363,-0.0561577325442924,0.078244045,gained_2.5kb,gained_10kb,gained_0kb,anchor1_31937,anchor2_31937,promoter-enhancer,BHLHE40
31941,31941,31941,31941,chr3,9992500,9997500,chr3,11862500,11867500,gained,0.0068066853860482,0.0100658014612983,0.5644377142689752,0.5644377142689752,Mutant loop,1870000,31941,stable,stable,intra-TAD,rbp1,9.592994,0.32959825,0.188543,0.033103056,0.3894999999999999,0.0154,0.1713649734481125,0.1584108028438459,0.6095148764554774,0.5766385676790471,-0.0129541706042666,-0.0328763087764303,0.06978295,gained_2.5kb,gained_10kb,gained_0kb,anchor1_31941,anchor2_31941,enhancer-other,HRH1
31942,31942,31942,31942,chr3,11062500,11067500,chr3,11332500,11337500,gained,0.0112884774942322,0.0132724578479586,0.2335846403395528,0.2335846403395528,Mutant loop,270000,31942,stable,stable,intra-TAD,rbp1,3.7197323,0.47085443,0.18854302,0.034232587,0.4401,0.0025999999999999,0.1713649734481125,0.1584108028438459,0.2067070845556048,0.2442057380322353,-0.0129541706042666,0.0374986534766304,0.044072244,gained_2.5kb,gained_10kb,gained_0kb,anchor1_31942,anchor2_31942,other-other,HRH1
31963,31963,31963,31963,chr3,125762500,125767500,chr3,129992500,129997500,gained,0.0101873416448341,0.0085894752162818,-0.246135737742292,-0.246135737742292,Mutant loop,4230000,31963,stable,stable,uncategorized,rbp1,24.17826,17.704144,0.21049663,0.062444255,0.5211,0.0782,0.216130722443095,0.3032242369699276,0.4244124898453062,0.4534124916519135,0.0870935145268326,0.0290000018066072,0.07041843,gained_2.5kb,gained_10kb,gained_0kb,anchor1_31963,anchor2_31963,enhancer-other,LINC01471
31992,31992,31992,31992,chr4,17592500,17597500,chr4,17802500,17807500,gained,0.009146801219084,0.0154791418082896,0.7589862846101362,0.7589862846101362,Mutant loop,210000,31992,stable,stable,inter-TAD,rbp1,4.0460253,18.23385,0.188543,0.02420828,0.411,0.0696,0.7589607014957943,0.6683974079898364,0.7415917950158899,0.7024130949828761,-0.0905632935059579,-0.0391787000330138,0.055860456,gained_2.5kb,gained_10kb,gained_0kb,anchor1_31992,anchor2_31992,enhancer-enhancer,FAM184B
32053,32053,32053,32053,chr4,186322500,186327500,chr4,187502500,187507500,gained,0.006565693489623,0.0083329353069749,0.3438773784817687,0.3438773784817687,Mutant loop,1180000,32053,stable,stable,intra-TAD,rbp1,15.564146,7.851503,0.2154777,0.05569199,0.4640999999999999,0.0137999999999999,0.6336918188616023,0.6302860069787443,0.3580980209220968,0.3338829596702025,-0.003405811882858,-0.0242150612518943,0.062252954,gained_2.5kb,gained_10kb,gained_0kb,anchor1_32053,anchor2_32053,enhancer-other,MTNR1A
32099,32099,32099,32099,chr6,29410000,29415000,chr6,29590000,29595000,gained,0.0115650023982461,0.0104479361319769,-0.146547582289038,-0.146547582289038,Mutant loop,180000,32099,stable,stable,intra-TAD,rbp1,12.333845,1.3066216,0.188543,0.05459979,0.4031,0.0402,0.5932497315390012,0.5539526121187773,1.345044970495067,1.1734750438804498,-0.0392971194202238,-0.1715699266146173,0.054516193,gained_2.5kb,gained_10kb,gained_0kb,anchor1_32099,anchor2_32099,enhancer-other,GABBR1
32110,32110,32110,32110,chr6,79082500,79087500,chr6,79672500,79677500,gained,0.00418802055467,0.0087046697786696,1.055521045686461,1.055521045686461,Mutant loop,590000,32110,stable,stable,intra-TAD,rbp1,0.22840472,4.896888,0.21881367,0.02948043,0.3608,0.0432,-0.1532247561006525,-0.0800843053056288,-0.3724290290095272,-0.2754405916042429,0.0731404507950236,0.0969884374052842,0.04806526,gained_2.5kb,gained_10kb,gained_0kb,anchor1_32110,anchor2_32110,enhancer-other,LCA5
32165,32165,32165,32165,chr7,51412500,51417500,chr7,55602500,55607500,gained,0.021058725749061,0.0119407061084929,-0.818529990115163,-0.818529990115163,Mutant loop,4190000,32165,stable,stable,uncategorized,rbp1,1.2399113,3.0016992,0.20032695,0.027326357,0.3701,0.0041999999999999,0.4066456832452862,0.4544871334520739,0.6106401507552793,0.6783230234309434,0.0478414502067877,0.067682872675664,0.035898082,gained_2.5kb,gained_10kb,gained_0kb,anchor1_32165,anchor2_32165,other-other,EGFR
32208,32208,32208,32208,chr8,94812500,94817500,chr8,95022500,95027500,gained,0.0123063652958838,0.0158756547594582,0.3674113716554137,0.3674113716554137,Mutant loop,210000,32208,stable,stable,inter-TAD,rbp1,1.9251249,4.0846643,0.188543,0.028712537,0.4527,0.0297999999999999,0.0409310100493365,0.0904136646164636,0.5282788365910065,0.4091770466187488,0.049482654567127,-0.1191017899722576,0.040971246,gained_2.5kb,gained_10kb,gained_0kb,anchor1_32208,anchor2_32208,promoter-enhancer,CCNE2
32213,32213,32213,32213,chr8,122735000,122740000,chr8,123060000,123065000,gained,0.0058781389750954,0.0118029115893474,1.0057114195465071,1.0057114195465071,Mutant loop,325000,32213,stable,stable,intra-TAD,rbp1,6.5911036,0.565025,0.188543,0.043532554,0.4314,0.0083999999999999,0.5809064912424338,0.5315949311806514,-0.1565561711116518,-0.2130834042492418,-0.0493115600617823,-0.05652723313759,0.039865896,gained_2.5kb,gained_10kb,gained_0kb,anchor1_32213,anchor2_32213,enhancer-enhancer,ZHX2
32230,32230,32230,32230,chr9,33582500,33587500,chr9,38552500,38557500,gained,0.0409274652844141,0.032843337198036,-0.3174685944904483,-0.3174685944904483,Mutant loop,4970000,32230,stable,stable,intra-TAD,rbp1,0.0,2.778043,0.20747985,0.034770302,0.4688,0.0043999999999999,-0.1202561061677702,-0.0778552555139882,0.0114442733332818,-0.040473467924822,0.042400850653782,-0.0519177412581039,0.024280354,gained_2.5kb,gained_10kb,gained_0kb,anchor1_32230,anchor2_32230,other-other,TPM2
32235,32235,32235,32235,chr9,83842500,83847500,chr9,84262500,84267500,gained,0.0081193233687872,0.0145892184984955,0.8454711951711511,0.8454711951711511,Mutant loop,420000,32235,stable,stable,intra-TAD,rbp1,0.26103398,0.18834162,0.188543,0.025976185,0.4189,0.0378,0.7979623604843069,0.693939242659092,0.8052686642088003,0.6971373415861658,-0.1040231178252149,-0.1081313226226344,0.04586044,gained_2.5kb,gained_10kb,gained_0kb,anchor1_32235,anchor2_32235,enhancer-other,KIF27
